Subject,Catalog Number,Section,A+,A,A-,B+,B,B-,C+,C,C-,D+,D,D-,F,P,CR,NC,I,W,Instructor 1,Instructor 2,Instructor 3,Instructor 4,Instructor 5,Instructor 6,instructor_id,instructor_name_normalized,title
ACCT,2301,001,12,4,7,4,3,7,3,1,1,,1,,6,,,,,4,"Holstead, Cameron",,,,,,cxh170008,cameron holstead,Introductory Financial Accounting 
ACCT,2301,002,13,9,6,5,6,4,1,7,2,,2,2,4,,,,,3,"He, Jiapeng",,,,,,jxh176930,jiapeng he,Introductory Financial Accounting 
ACCT,2301,003,9,7,,8,6,7,2,12,,1,2,,4,,,,,7,"Song, Dongye",,,,,,dxs153330,dongye song,Introductory Financial Accounting 
ACCT,2301,004,,18,,2,3,6,9,6,,2,2,,5,,,,,12,"Nathan, Brad",,,,,,bcn140130,brad nathan,Introductory Financial Accounting 
ACCT,2301,005,13,8,3,5,1,8,11,4,4,6,2,,3,,,,,1,"Files, Rebecca L","Medina, Monica E",,,,,rlf092000,rebecca files,Introductory Financial Accounting 
ACCT,2301,006,6,5,5,8,4,3,9,5,3,4,2,3,2,,,,,6,"Files, Rebecca L","Medina, Monica E",,,,,rlf092000,rebecca files,Introductory Financial Accounting 
ACCT,2301,007,1,2,2,10,15,12,7,2,2,1,1,,5,,,,,2,"Butcher, Ammon",,,,,,eab171030,ammon butcher,Introductory Financial Accounting 
ACCT,2301,009,6,7,6,13,10,1,8,3,3,1,,,4,,,,,3,"Zhou, Yibin","Manoj Vasudha Shivaani, Fnu",,,,,yxz066000,yibin zhou,Introductory Financial Accounting 
ACCT,2301,010,2,9,8,6,16,10,5,5,,,,1,,,,,,3,"Huang, Ying","Zhang, Yang",,,,,yxh124430,ying huang,Introductory Financial Accounting 
ACCT,2301,011,3,5,4,7,12,10,4,5,2,,1,1,1,,,,,5,"Huang, Ying","Zhang, Yang",,,,,yxh124430,ying huang,Introductory Financial Accounting 
ACCT,2301,501,,3,10,7,18,6,5,3,3,2,2,,3,,,,,3,"Huang, Ying","Zhang, Yang",,,,,yxh124430,ying huang,Introductory Financial Accounting 
ACCT,2301,HON,15,9,11,8,1,4,5,4,1,2,,,2,,,,,1,"Files, Rebecca L","Medina, Monica E",,,,,rlf092000,rebecca files,
ACCT,2302,001,4,4,2,2,12,7,7,6,3,,6,,5,,,,,6,"Zolton, Kathy","Fang, Shelley M",,,,,kxz121730,kathy zolton,Introductory Management Accounting 
ACCT,2302,002,4,12,2,4,12,6,2,10,,1,5,,1,,,,,5,"Zolton, Kathy","Fang, Shelley M",,,,,kxz121730,kathy zolton,Introductory Management Accounting 
ACCT,2302,003,11,7,4,8,9,3,6,2,4,1,2,1,3,,,,,4,"Copat, Rafael","Clemens, Austin J",,,,,rxc190027,rafael copat,Introductory Management Accounting 
ACCT,2302,004,10,10,3,3,11,4,5,4,1,2,1,,6,,,,,5,"Copat, Rafael","Clemens, Austin J",,,,,rxc190027,rafael copat,Introductory Management Accounting 
ACCT,2302,005,12,9,2,6,9,8,5,3,3,2,,1,,,,,,5,"Copat, Rafael","Clemens, Austin J",,,,,rxc190027,rafael copat,Introductory Management Accounting 
ACCT,2302,501,,8,,3,9,2,4,10,2,,2,,3,,,,,1,"Dai, Zhonglan","Zhang, Yang",,,,,zxd051000,zhonglan dai,Introductory Management Accounting 
ACCT,3322,001,6,18,,6,8,,1,3,,,,,1,,,,,2,"Goodrich, Mary Beth W","Udolisa, Odera R",,,,,goodrich,mary beth goodrich,Integrated Accounting Information Systems 
ACCT,3331,001,,16,,,15,,,15,2,,2,,5,,,,,5,"Zhang, Yuan","Chen, Hangu",,,,,yxz122931,yuan zhang,Intermediate Financial Accounting I 
ACCT,3331,002,,16,,,12,,,16,2,,4,,6,,,,,4,"Zhang, Yuan","Chen, Hangu",,,,,yxz122931,yuan zhang,Intermediate Financial Accounting I 
ACCT,3331,003,6,2,,1,2,6,1,9,1,,,1,3,,,,,3,"Zhou, Yibin","Manoj Vasudha Shivaani, Fnu",,,,,yxz066000,yibin zhou,Intermediate Financial Accounting I 
ACCT,3331,501,,7,,,8,,3,5,3,,2,,7,,,,,2,"Zhang, Yuan","Chen, Hangu",,,,,yxz122931,yuan zhang,Intermediate Financial Accounting I 
ACCT,3332,001,1,8,1,4,8,1,3,9,2,2,9,6,1,,,,,12,"Bortz, Tiffany A","Tosto, Juliet J","Stone, Bailey K",,,,tabortz,tiffany bortz,Intermediate Financial Accounting II 
ACCT,3332,501,2,4,2,4,2,1,4,4,,,6,4,1,,,,,8,"Bortz, Tiffany A","Tosto, Juliet J","Stone, Bailey K",,,,tabortz,tiffany bortz,Intermediate Financial Accounting II 
ACCT,3332,PPA,8,14,3,2,14,7,6,7,1,2,10,1,1,,,,,0,"Bortz, Tiffany A","Stone, Bailey K",,,,,tabortz,tiffany bortz,
ACCT,3341,001,5,4,7,6,5,2,4,1,,,,,5,,,,,3,"Natarajan, Ramachandran","Deininger, Sarah A",,,,,nataraj,ramachandra natarajan,Cost Management Systems 
ACCT,3341,002,4,7,3,3,4,1,1,1,3,,,,4,,,,,6,"Goodrich, Mary Beth W","Udolisa, Odera R",,,,,goodrich,mary beth goodrich,Cost Management Systems 
ACCT,3341,501,1,3,2,3,3,3,3,6,4,,,1,3,,,,,4,"Goodrich, Mary Beth W","Udolisa, Odera R",,,,,goodrich,mary beth goodrich,Cost Management Systems 
ACCT,3350,001,1,10,7,12,16,7,1,1,,,1,,3,,,,,0,"Solcher, Steven J","Figueroa, Diego A",,,,,sjs107020,steven solcher,Fundamentals of Taxation 
ACCT,3350,002,1,7,10,10,18,2,1,1,,,,,3,,,,,0,"Solcher, Steven J","Figueroa, Diego A",,,,,sjs107020,steven solcher,Fundamentals of Taxation 
ACCT,4301,501,,2,3,1,1,2,1,3,1,1,,1,2,,,,,1,"Hagen, John C","Sharma, Nitika",,,,,jch013200,john hagen,Database Systems 
ACCT,4302,PP1,,9,13,7,3,1,,,,,,,,,,,,0,"Markov, Stanimir","Gu, Dongdi",,,,,sxm079200,stanimir markov,
ACCT,4302,PP2,3,18,5,6,3,3,1,,,,,,,,,,,0,"Markov, Stanimir","Gu, Dongdi",,,,,sxm079200,stanimir markov,
ACCT,4334,001,,14,,,20,,,8,,,2,,1,,,,,4,"Linsteadt, Chris C",,,,,,ccl019000,chris linsteadt,Auditing 
ACCT,4334,501,,5,,,6,,,2,,,1,,,,,,,0,"Linsteadt, Chris C",,,,,,ccl019000,chris linsteadt,Auditing 
ACCT,4334,PPA,,24,,,36,,,12,,,2,,2,,,,,0,"Linsteadt, Chris C",,,,,,ccl019000,chris linsteadt,
ACCT,4336,001,2,5,3,3,2,3,1,3,,,,,,,,,,1,"Bowen, Richard M","Udolisa, Odera R",,,,,rxb073100,richard bowen,Financial Statement Analysis 
ACCT,4337,501,,1,3,2,,3,1,8,1,,,,1,,,,,0,"Ballew, Gregory E","Stone, Bailey K",,,,,geb011100,gregory ballew,Business Valuation 
ACCT,4340,001,13,10,5,3,4,3,2,1,1,1,,1,2,,,,,1,"Johnson, Jennifer","Clemens, Austin J",,,,,jxj091000,jennifer johnson,Survey of Accounting Software 
ACCT,4342,001,4,9,4,11,7,2,6,1,4,4,,1,1,,,,,3,"Johnson, Jennifer","Deininger, Sarah A",,,,,jxj091000,jennifer johnson,Analysis and Design of Accounting Systems 
ACCT,4342,501,1,2,5,4,5,,2,1,1,1,1,,1,,,,,0,"Johnson, Jennifer","Deininger, Sarah A",,,,,jxj091000,jennifer johnson,Analysis and Design of Accounting Systems 
ACCT,6193,SW1,,3,,5,5,,,1,,,,,,,,,,0,"Solcher, Steven J",,,,,,sjs107020,steven solcher,
ACCT,6202,0W1,,14,14,10,13,6,1,,,,,,1,,,,,1,"Janakiraman, Surya","Liu, Ruichao",,,,,suryaj,surya janakiraman,Accounting for Managerial Decision Making and Control 
ACCT,6202,CH1,,13,5,3,2,1,,1,,,,,1,,,,,0,"Sadka, Gil",,,,,,gxs143630,gil sadka,
ACCT,6202,GW1,,10,8,4,,,1,,,,,,,,,,,0,"Sadka, Gil",,,,,,gxs143630,gil sadka,
ACCT,6291,SW1,,3,,,8,,,3,,,,,1,,,,,0,"Zolton, Kathy",,,,,,kxz121730,kathy zolton,
ACCT,6301,0W1,,21,11,5,9,8,2,1,,,,,1,,,,,2,"Ali, Ashiq","Liu, Ruichao",,,,,axa042200,ashiq ali,Financial Accounting 
ACCT,6301,501,,4,19,16,13,2,4,2,,,,,1,,,,,8,"Ballew, Gregory E","Stone, Bailey K",,,,,geb011100,gregory ballew,Financial Accounting 
ACCT,6301,GW1,,32,,,1,,,,,,,,2,,,,,0,"Barden, John P",,,,,,jpb063000,john barden,
ACCT,6301,GW2,,12,,,1,,,,,,,,,,,,,0,"Barden, John P",,,,,,jpb063000,john barden,
ACCT,6301,MBC,,24,19,7,3,1,,,,,,,,,,,,0,"Radhakrishnan, Suresh","Manoj Vasudha Shivaani, Fnu",,,,,sradhakr,suresh radhakrishnan,
ACCT,6301,MBP,,15,11,4,2,1,,2,,,,,,,,,,0,"Radhakrishnan, Suresh","Manoj Vasudha Shivaani, Fnu",,,,,sradhakr,suresh radhakrishnan,
ACCT,6301,PS1,,5,1,2,1,,,,,,,,,,,,,1,"Solcher, Steven J",,,,,,sjs107020,steven solcher,
ACCT,6301,XS1,,5,7,5,2,,,,,,,,,,,,,1,"Ali, Ashiq","Holstead, Cameron",,,,,axa042200,ashiq ali,
ACCT,6305,001,,17,9,20,5,7,4,1,,,,,1,,,,,1,"Li, Ningzhong","Ai, Lanru",,,,,nxl124130,ningzhong li,Accounting for Managers 
ACCT,6305,501,,10,6,13,3,4,2,1,,,,,,,,,,1,"Li, Ningzhong","Ai, Lanru",,,,,nxl124130,ningzhong li,Accounting for Managers 
ACCT,6305,502,,7,2,7,1,2,2,,,,,,,,,,,0,"Li, Ningzhong","Ai, Lanru",,,,,nxl124130,ningzhong li,Accounting for Managers 
ACCT,6313,001,,5,6,5,,,,,,,,,,,,,,0,"Lahiri, Atanu","Iyawe, Idahosa N",,,,,axl144730,atanu lahiri,Cybersecurity Fundamentals 
ACCT,6313,501,,5,2,3,,,,,,,,,,,,,,0,"Lahiri, Atanu","Iyawe, Idahosa N",,,,,axl144730,atanu lahiri,Cybersecurity Fundamentals 
ACCT,6320,0W1,,9,2,2,,3,2,,,,,,2,,,,,1,"Cavusoglu, Huseyin","Zhu, Yan",,,,,huseyin,huseyin cavusoglu,Database Foundations 
ACCT,6321,SS1,,5,9,5,5,5,1,,,,,,,,,,,1,"Scott, James A",,,,,,jas076100,james scott,
ACCT,6330,501,,14,,2,9,1,,6,,,,,2,,,,,3,"Cready, William M","Chen, Hangu",,,,,wmc041000,william cready,Intermediate Financial Accounting I 
ACCT,6330,SS1,,18,,,8,2,,4,,,,,,,,,,1,"Zhang, Yuan","Chen, Hangu",,,,,yxz122931,yuan zhang,
ACCT,6331,501,,9,13,8,2,,,,,,,,,,,,,2,"Janakiraman, Surya","Liu, Ruichao",,,,,suryaj,surya janakiraman,Cost Accounting  Foundations and Evolutions 
ACCT,6331,SS1,,4,3,4,2,,,,,,,,,,,,,0,"Janakiraman, Surya","Liu, Ruichao",,,,,suryaj,surya janakiraman,
ACCT,6332,501,,3,,1,8,,,5,,,,,2,,,,,6,"Karnuta, Daniel","Tosto, Juliet J",,,,,dxk173030,daniel karnuta,Intermediate Financial Accounting II 
ACCT,6333,501,,12,,,13,,,8,,,,,1,,,,,5,"Zolton, Kathy","Ai, Lanru",,,,,kxz121730,kathy zolton,Advanced Financial Reporting 
ACCT,6333,PPA,,26,,,18,,,15,,,,,,,,,,1,"Zolton, Kathy","Ai, Lanru",,,,,kxz121730,kathy zolton,
ACCT,6333,SS1,,4,,,5,,,4,,,,,,,,,,0,"Zolton, Kathy","Ai, Lanru",,,,,kxz121730,kathy zolton,
ACCT,6334,0W1,,9,,,16,,,5,,,,,,,,,,3,"Linsteadt, Chris C",,,,,,ccl019000,chris linsteadt,Auditing 
ACCT,6335,0W1,,13,14,13,6,2,5,4,,,,,2,,,,,0,"Bortz, Tiffany A","Tosto, Juliet J",,,,,tabortz,tiffany bortz,Ethics for Professional Accountants 
ACCT,6335,SS1,,6,,2,5,,1,,,,,,,,,,,2,"Bortz, Tiffany A",,,,,,tabortz,tiffany bortz,
ACCT,6336,001,,15,13,1,2,1,1,2,,,,,,,,,,0,"Mauriello, Joseph A","Deokar, Shraddha V",,,,,jam151430,joseph mauriello,Information Technology Audit and Risk Management 
ACCT,6341,501,,19,,8,3,,,,,,,,,,,,,0,"Goodrich, Mary Beth W","Udolisa, Odera R",,,,,goodrich,mary beth goodrich,Planning  Control and Performance Evaluation 
ACCT,6344,001,,5,4,8,4,2,,1,,,,,,,,,,1,"Bowen, Richard M","Udolisa, Odera R",,,,,rxb073100,richard bowen,Financial Statement Analysis 
ACCT,6344,0W1,,16,18,13,6,2,,,,,,,,,,,,0,"Gurun, Umit","Gu, Dongdi",,,,,ugg041000,umit gurun,Financial Statement Analysis 
ACCT,6345,501,,5,6,6,3,1,,,,,,,,,,,,0,"Janakiraman, Surya","Liu, Ruichao",,,,,suryaj,surya janakiraman,Business Valuation 
ACCT,6350,501,,10,9,,2,,,,,,,,,,,,,0,"Solcher, Steven J","Figueroa, Diego A",,,,,sjs107020,steven solcher,Fundamentals of Taxation I 
ACCT,6350,SS1,,2,,4,7,,2,,,,,,,,,,,2,"Gamino, John P",,,,,,jpg140630,john gamino,
ACCT,6353,501,,11,25,6,2,,,,,,,,1,,,,,2,"Solcher, Steven J","Figueroa, Diego A",,,,,sjs107020,steven solcher,Fundamentals of Taxation II 
ACCT,6354,501,,3,4,3,3,2,2,1,,,,,,,,,,0,"Pang, Wenjin","Deininger, Sarah A",,,,,wxp042000,wenjin pang,Partnership Taxation 
ACCT,6356,501,,36,1,3,2,,,1,,,,,,,,,,0,"Gamino, John P",,,,,,jpg140630,john gamino,Tax Research 
ACCT,6365,501,,14,9,13,11,3,3,1,,,,,,,,,,5,"Cheng, Samuel",,,,,,sxc109021,samuel cheng,Governmental and Not-For-Profit Accounting 
ACCT,6365,SS1,,3,,1,4,4,,1,,,,,,,,,,0,"Cheng, Samuel",,,,,,sxc109021,samuel cheng,
ACCT,6374,PPA,,34,17,4,3,2,,,,,,,,,,,,0,"Mauriello, Joseph A","Deokar, Shraddha V",,,,,jam151430,joseph mauriello,
ACCT,6377,501,,8,9,8,4,1,,,,,,,,,,,,1,"Ballew, Gregory E",,,,,,geb011100,gregory ballew,Corporate Governance 
ACCT,6380,501,,6,2,7,1,1,,,,,,,,,,,,0,"Mauriello, Joseph A","Adams, Veronica L","Deokar, Shraddha V",,,,jam151430,joseph mauriello,Internal Audit 
ACCT,6383,501,,21,,8,13,1,,3,,,,,1,,,,,1,"Bracy, Dana","Deininger, Sarah A",,,,,dxb016100,dana bracy,Fraud Examination 
ACCT,6386,001,,15,9,6,3,3,2,,,,,,1,,,,,0,"Mauriello, Joseph A","Adams, Veronica L","Deokar, Shraddha V",,,,jam151430,joseph mauriello,Governance  Risk Management and Compliance 
ACCT,6392,501,,6,2,5,5,,,,,,,,,,,,,1,"Mauriello, Joseph A","Adams, Veronica L","Deokar, Shraddha V",,,,jam151430,joseph mauriello,Advanced Auditing 
ACN,6312,003,,8,,6,7,,,1,,,,,1,,,,,1,"Atchison, Kristin J","Batchalli Maruthy, Gayathri",,,,,kja042000,kristin atchison,Research Methods in Behavioral and Brain Sciences - Part I 
ACN,6323,001,,9,,,4,,,,,,,,1,,,,,0,"Rennaker, Robert L",,,,,,rlr091000,robert rennaker,Neurophysiology 
ACN,6340,001,,14,8,1,1,1,2,,,,,,,,,,,2,"Kroener, Sven",,,,,,sxk101000,sven kroener,Cellular Neuroscience 
ACN,6341,0W1,,22,1,,,1,,,,,,,1,,,,,0,"Orrick, Erika D",,,,,,edo042000,erika orrick,Foundations of Human-Computer Interaction 
ACN,6345,001,,12,6,5,2,2,2,,,,,,,,,,,0,"Rodriguez, Christa M",,,,,,cmr067000,christa mcintyre rodriguez,Neurobiology of Learning and Memory 
ACN,6346,001,,36,5,3,2,,1,,,,,,,,,,,4,"Thompson, Lucien",,,,,,tres,lucien thompson,Systems Neuroscience 
ACN,6367,501,,3,7,2,,,,,,,,,,,,,,2,"Assmann, Peter",,,,,,assmann,peter assmann,Speech Perception 
ACN,6373,0W1,,28,,2,3,,,,,,,,,,,,,2,"Overzet, Kathryn M",,,,,,kmo053000,,Intraoperative Neurophysiological Monitoring 
ACN,6388,001,,10,1,1,1,1,1,,,,,,1,,,,,7,"Kilgard, Michael",,,,,,kilgard,michael kilgard,MATLAB for Brain Sciences 
ACN,6395,001,,16,,,5,,,5,,,,,1,,,,,0,"Wig, Gagandeep S",,,,,,gsw130130,gagan wig,Cognitive Psychology 
ACN,6395,0W1,,22,6,1,1,,,,,,,,2,,,,,0,"Hooge, Kimberley O",,,,,,koh170030,kimberley orsten hooge,Cognitive Psychology 
ACN,7372,001,,11,,2,,,,,,,,,,,,,,1,"Rodrigue, Karen M",,,,,,kmr082000,karen rodrigue,Seminar in Neuroscience 
ACTS,4303,001,5,3,4,3,1,4,1,3,1,,,,,,,,,0,"Makhijani, Neha","Degefu, Demisew G",,,,,nxm165130,neha makhijani,Long Term Actuarial Mathematics II 
ACTS,4304,001,2,2,2,6,12,3,2,,2,,1,,1,,,,,0,"Humphreys, Natalia A","Bal, Sabindra Singh",,,,,nah103020,natalia humphreys,Short Term Actuarial Mathematics I 
ACTS,4307,001,4,6,3,9,1,1,1,,,,,,1,,,,,0,"Hong, Liang",,,,,,lxh019000,liang hong,Statistics for Risk Modeling 
ACTS,4308,001,6,3,,2,,3,3,,,1,3,,4,,,,,0,"Makhijani, Neha","Yang, Haopeng",,,,,nxm165130,neha makhijani,Actuarial Financial Mathematics 
ACTS,4309,001,2,,,7,5,7,2,1,,,,,1,,,,,0,"Humphreys, Natalia A","Nadhomi, Timothy",,,,,nah103020,natalia humphreys,Investment and Financial Markets II 
AHST,1304,001,21,23,20,7,8,13,4,4,3,1,1,4,6,,,,,0,"Alibhai, Ali Asgar H","Anderson, Linda K","Dunbar, Amanda R",,,,aha180002,ali alibhai,Survey of Western Art History  Renaissance to Modern 
AHST,1304,002,20,29,20,8,8,7,3,6,3,,2,2,4,,,,,3,"Alibhai, Ali Asgar H","Dunbar, Amanda R",,,,,aha180002,ali alibhai,Survey of Western Art History  Renaissance to Modern 
AHST,2331,001,27,34,28,17,22,13,5,4,2,2,,,17,,,,,7,"Rosen, Mark S","Cai, Rebecca","Sahin, Merve","Prakash, Arya",,,mxr088000,mark rosen,Understanding Art 
AHST,2331,HN1,14,7,4,,,,,,,,,,,,,,,0,"Hofland, Amy",,,,,,axh190029,amy hofland,Understanding Art 
AHST,3318,001,,10,5,3,4,4,2,3,2,1,2,,3,,,,,2,"Terranova, Charissa",,,,,,cxt074100,charissa terranova,Contemporary Art 
AHST,3320,001,22,11,8,,,,,,,,,1,2,,,,,0,"Alibhai, Ali Asgar H",,,,,,aha180002,ali alibhai,Art in Historical Context 
AMS,2341,001,,14,9,15,17,5,3,2,,,,,3,,,,,1,"Naqvi, Syed K",,,,,,skn180000,syed naqvi,American Studies for the Twenty-First Century 
AMS,2341,HN1,,11,4,1,4,1,,,,1,,,1,,,,,1,"Smith, Erin",,,,,,erins,erin smith,American Studies for the Twenty-First Century 
AMS,3316,0W1,19,10,8,6,1,1,,1,1,,,,2,,,,,1,"Winstead, Elizabeth L",,,,,,lwm061000,elizabeth winstead,Interpersonal Communication 
AMS,4300,5H1,7,2,,1,,1,,,,,,,1,,,,,0,"Ross, Alyssa N",,,,,,anr161130,alyssa ross,Oral and Written Communication for the Classroom 
AMS,4305,5H1,,1,2,4,1,1,,,,,,,1,,,,,0,"Cotton, Scott C",,,,,,sxc024200,scott cotton,World History for Teachers 
AMS,4327,0W1,23,12,4,,1,2,,,2,,,,4,,,,,2,"Winstead, Elizabeth L",,,,,,lwm061000,elizabeth winstead,The Culture of Bullying in America 
AMS,4379,0W1,,4,1,1,1,5,3,,2,1,,,5,,,,,4,"Hudson, Jennifer M",,,,,,jxh100220,jennifer hudson,Special Topics in American Studies 
ARAB,1311,001,4,13,,3,1,,,2,,,,,1,,,,,0,"Anjum, Zafar",,,,,,zxa110730,zafar anjum,Beginning Arabic I 
ARHM,1100,001,26,11,2,5,7,3,2,5,3,4,2,,5,,,,,2,"Gray, Megan L",,,,,,mlg105020,megan gray,First Year Seminar 
ARHM,2340,001,8,4,,,3,2,,,,,,,2,,,,,0,"Avram, Danielle M",,,,,,avram,danielle avram,Creativity 
ARHM,3342,001,,7,2,,6,1,,3,,,,,,,,,,2,"Riccio, Thomas P",,,,,,txr033000,thomas riccio,Advanced Interdisciplinary Studies in the Arts and Humanities 
ARHM,3342,002,3,9,2,,3,1,1,1,,,,,3,,,,,0,"Evans, Kathryn C",,,,,,kcevans,kathryn evans,Advanced Interdisciplinary Studies in the Arts and Humanities 
ARHM,3342,501,3,6,2,1,,,,,,,,,3,,,,,1,"Pfister, Debra H",,,,,,dhpf,debra pfister,Advanced Interdisciplinary Studies in the Arts and Humanities 
ARHM,6310,001,,4,6,6,3,,,2,,,,,,,,,,1,"Brown, Matthew","Hatfield, Charles D",,,,,mxb091000,matthew brown,Team-Taught Interdisciplinary Seminar 
ARTS,1301,001,44,23,10,8,2,5,2,2,2,,1,,4,,,,,2,"Wilder, James E","Alanis Perez, Alan Isaac",,,,,jew042000,james wilder,Exploration of the Arts 
ARTS,1301,002,45,38,6,3,5,2,,2,,,1,1,,,,,,1,"Wilder, James E","Ivey, Tinamarie",,,,,jew042000,james wilder,Exploration of the Arts 
ARTS,1316,001,5,7,3,3,,1,,,,,,,,,,,,0,"Min, Inki A",,,,,,iam140230,inki min,Drawing Foundations 
ARTS,1316,002,3,2,7,3,1,,,1,,,,,,,,,,2,"Booker, Rebecca M",,,,,,pdb041000,,Drawing Foundations 
ARTS,1316,003,2,9,8,,,,,,,,,,,,,,,0,"Fridge, Brian D",,,,,,bdf081000,brian fridge,Drawing Foundations 
ARTS,1316,005,5,7,2,2,,,,,,,,,,,,,,2,"Travis, Audrey",,,,,,axt190092,,Drawing Foundations 
ARTS,2316,001,,3,7,3,3,,,,,,,,1,,,,,0,"Ligon, Peter A",,,,,,pal140130,peter ligon,Painting Foundations 
ARTS,2316,501,,7,4,,1,,,1,,,,,1,,,,,2,"Egan, Trey T",,,,,,tte150130,trey egan,Painting Foundations 
ARTS,2348,001,9,4,3,,1,,,1,1,,,,,,,,,0,"Williams, Thomas E",,,,,,tew210002,,Digital Art 
ARTS,2350,001,,5,,,3,1,1,1,,,,,1,,,,,4,"Copeland, Colette",,,,,,cxc132230,colette copeland,Photography  Design 
ARTS,2380,001,1,9,2,2,,2,,,,1,,,2,,,,,0,"Egan, Trey T",,,,,,tte150130,trey egan,Visual Design Foundations 
ARTS,2380,501,7,5,,2,1,,1,,,,,,2,,,,,0,"Reyes, Marcela",,,,,,mxr116430,marcela reyes,Visual Design Foundations 
ARTS,2381,001,3,8,1,,,,,,,,,,,,,,,0,"Hanson, Lily",,,,,,lxh210007,,Introduction to Sculpture 
ARTS,3311,001,5,3,,2,,2,,1,1,,,,3,,,,,1,"Copeland, Colette",,,,,,cxc132230,colette copeland,Contemporary Art Practices 
ARTS,3315,001,11,,,,,1,,,,,,,1,,,,,1,"Curry, Val",,,,,,vxc110930,val curry,The Art of Tinkering  Creating at the intersection of Art  Science and Technology 
ARTS,3341,001,,14,,,1,,,,,,,,,,,,,0,"Shi, Carle",,,,,,cxs174230,carle shi,Chinese Calligraphy 
ARTS,3363,001,1,12,1,,,2,1,1,,,1,,,,,,,0,"Tady, Lorraine T",,,,,,ltt042000,lorraine tady,Typography  Technology  Image 
ARTS,3364,001,4,9,,1,,,,1,,,,,,,,,,0,"Williams, Thomas E",,,,,,tew210002,,Silkscreen Printmaking 
ARTS,3366,501,1,7,6,3,,1,,,,,,,1,,,,,0,"Etter, Ian",,,,,,ixe200004,ian etter,Intermediate Drawing 
ARTS,3367,001,4,5,9,,,,,,,,,,,,,,,0,"Fridge, Brian D",,,,,,bdf081000,brian fridge,Figure Drawing 
ARTS,3367,002,,10,,4,3,,,,,,,,1,,,,,0,"Shi, Carle",,,,,,cxs174230,carle shi,Figure Drawing 
ARTS,3368,001,9,2,,1,1,,,,,,,,,,,,,1,"Reyes, Marcela",,,,,,mxr116430,marcela reyes,Mixed Media 
ARTS,3369,001,2,5,,,1,,,2,,,,1,1,,,,,0,"Tady, Lorraine T",,,,,,ltt042000,lorraine tady,Intermediate Painting 
ARTS,3371,001,,9,5,2,,,,,,,,,,,,,,0,"Durant, Stephanie D",,,,,,ddm043000,,Photography  Black White 
ARTS,3372,001,,10,6,,,,,,,,,,2,,,,,0,"Loving, Emily",,,,,,exl097120,emily loving,Photography  Color Concepts 
ARTS,3372,002,1,5,6,,3,,1,1,,,,,1,,,,,0,"Miller, Cynthia M",,,,,,cmm016900,cynthia miller,Photography  Color Concepts 
ARTS,3375,001,3,6,2,3,,,,,,,,,,,,,,1,"Randall, Steven V",,,,,,svr200001,steven randall,Sculpture 
ARTS,3377,001,2,6,3,2,2,,2,,,,,,,,,,,0,"Waligore, Marilyn A",,,,,,waligore,marilyn waligore,Photography  Altered Image 
ARTS,3379,001,,5,8,1,2,1,,,,,,,1,,,,,0,"Palmer, Marcy A",,,,,,mxp070100,marcy palmer,Photography  New Media 
ARTS,3379,501,,8,1,1,,,,,,,,,1,,,,,1,"Loving, Emily",,,,,,exl097120,emily loving,Photography  New Media 
ARTS,3382,001,1,8,1,,1,,,,1,,,,,,,,,1,"Tady, Lorraine T",,,,,,ltt042000,lorraine tady,Color as Subject 
ARTS,3383,001,,5,8,1,1,1,,,2,,,,1,,,,,0,"Etter, Ian",,,,,,ixe200004,ian etter,Digital Drawing 
ARTS,4308,001,5,8,,1,1,,,,,,,,1,,,,,0,"Durant, Stephanie D",,,,,,ddm043000,,Image Text 
ARTS,4368,001,6,10,,,,,,,,,,,,,,,,0,"Pomara, John",,,,,,pomara,john pomara,Advanced Visual Arts 
ATCM,1100,001,11,1,,5,1,5,1,,1,1,3,1,9,,,,,1,"Scoggins, Angela T",,,,,,alt014100,angela scoggins,First Year Seminar 
ATCM,1100,002,13,,,6,1,,,2,2,3,1,2,6,,,,,0,"Scoggins, Angela T",,,,,,alt014100,angela scoggins,First Year Seminar 
ATCM,1100,003,20,6,5,,,2,3,,1,,,,,,,,,2,"Gutierrez, Alejandra",,,,,,axg173831,,First Year Seminar 
ATCM,1100,004,16,9,3,2,2,2,1,,2,,,,3,,,,,0,"Gutierrez, Alejandra",,,,,,axg173831,,First Year Seminar 
ATCM,1100,501,23,3,2,,2,2,,,1,,,1,5,,,,,0,"Henderson, Kelley A",,,,,,kah111020,kelley henderson,First Year Seminar 
ATCM,2300,001,,251,12,19,30,,,13,,,3,1,7,,,,,7,"Balsamo, Anne","Pietsch, Samuel R","Lee, Yueh-Jung","Chowdhury, Nusrat Zahan","Martinez Ochoa, Angelica Miriam M","Haborak, Fiona K",axb161831,anne balsamo,Introduction to TechnoCulture 
ATCM,2301,001,3,4,7,6,3,3,2,,1,,,,3,,,,,0,"Jones, Jazmine Q",,,,,,jqj130030,jazmine jones,Digital Art and Design Foundations 
ATCM,2301,002,5,5,5,5,3,,,,,,1,,1,,,,,1,"Grasham, Morgan A",,,,,,mah160630,,Digital Art and Design Foundations 
ATCM,2301,003,2,6,7,4,2,2,4,,1,,,,,,,,,1,"Grasham, Morgan A",,,,,,mah160630,,Digital Art and Design Foundations 
ATCM,2301,004,4,6,5,1,4,2,,,,2,1,1,4,,,,,0,"Monjoree, Uttamasha",,,,,,uxm190002,,Digital Art and Design Foundations 
ATCM,2301,005,4,4,3,3,1,2,,1,1,,,,4,,,,,2,"Trosper, Elizabeth M","Banditrat, Emily",,,,,emt130130,elizabeth trosper,Digital Art and Design Foundations 
ATCM,2301,006,4,8,5,2,1,,2,,,,,,4,,,,,1,"Trosper, Elizabeth M","Banditrat, Emily",,,,,emt130130,elizabeth trosper,Digital Art and Design Foundations 
ATCM,2301,007,19,1,2,1,,,,,,,,,4,,,,,2,"Hoggatt, Zane C",,,,,,zch150030,zoey hoggatt,Digital Art and Design Foundations 
ATCM,2301,008,11,3,6,2,,1,1,2,,,,,4,,,,,0,"Hoggatt, Zane C",,,,,,zch150030,zoey hoggatt,Digital Art and Design Foundations 
ATCM,2301,501,5,4,2,1,1,3,3,,,,,,7,,,,,2,"Nguyen, Tuoc K",,,,,,tkn180000,tuoc nguyen,Digital Art and Design Foundations 
ATCM,2301,502,5,5,5,2,2,3,1,,2,1,1,,2,,,,,1,"Nguyen, Tuoc K",,,,,,tkn180000,tuoc nguyen,Digital Art and Design Foundations 
ATCM,2302,001,8,7,2,,1,,1,3,3,,1,,2,,,,,1,"Beverly, Diamond E",,,,,,deb180004,diamond beverly,Design I 
ATCM,2302,002,4,2,5,2,3,1,3,1,,,1,,4,,,,,4,"Bagherzadeh, Elmira",,,,,,exb190001,,Design I 
ATCM,2302,003,7,5,2,1,,3,,2,1,1,2,,6,,,,,0,"Asgharpour, Maedeh",,,,,,mxa180053,maedeh asgharpour,Design I 
ATCM,2302,004,7,9,5,2,,2,,1,1,,,,3,,,,,0,"Minnish, Roxanne W","Ashkaboosi, Maryam",,,,,rwm061000,roxanne minnish,Design I 
ATCM,2302,005,3,11,2,3,6,1,1,,2,,,,1,,,,,0,"Minnish, Roxanne W","Ashkaboosi, Maryam",,,,,rwm061000,roxanne minnish,Design I 
ATCM,2302,006,7,10,4,3,,,1,,,2,1,1,,,,,,0,"Minnish, Roxanne W","Ashkaboosi, Maryam",,,,,rwm061000,roxanne minnish,Design I 
ATCM,2302,007,10,4,2,2,,,,3,,2,1,,6,,,,,0,"Asgharpour, Maedeh",,,,,,mxa180053,maedeh asgharpour,Design I 
ATCM,2302,501,6,6,5,3,1,,1,,1,,,1,3,,,,,2,"Gonzalez, Isi J",,,,,,ijg190000,isi gonzalez,Design I 
ATCM,2302,502,10,1,3,5,2,,1,,1,1,,2,2,,,,,0,"Gonzalez, Isi J",,,,,,ijg190000,isi gonzalez,Design I 
ATCM,2303,002,25,27,31,25,14,12,8,3,2,,,,4,,,,,1,"Boyd, Elizabeth","Wu, Benjamin","Denner, Grace A",,,,esp041000,elizabeth boyd,Project Management for Arts  Technology  and Emerging Communication I 
ATCM,2310,001,86,42,35,17,15,15,3,3,8,,4,3,19,,,,,17,"Salter, Monika M","Lewis, Timothy M","Caldwell, Bryon A","McCord, Peter A","Camacho, Christopher J",,mxs176131,monika salter,Animation and Game Fundamentals 
ATCM,2315,001,11,11,29,13,7,8,2,6,1,2,1,,5,,,,,2,"Veras de Souza, Christine","Mcclanahan, Sara",,,,,cxv180000,christine veras de souza,Animation Origins and Techniques 
ATCM,2320,001,,2,6,6,6,1,1,1,,2,,,1,,,,,2,"Imaoka, Laura",,,,,,lxi170030,laura imaoka,Critical Media Research Foundations 
ATCM,2321,001,,8,13,2,3,,1,,1,,1,,,,,,,1,"Mulla, Ayesha",,,,,,axm190114,ayesha mulla,Reading Media Critically 
ATCM,2321,002,,5,6,5,1,6,,1,,,1,,4,,,,,0,"Llamas Rodriguez, Juan A",,,,,,jal171330,juan rodriguez,Reading Media Critically 
ATCM,2322,001,1,21,11,7,10,2,5,5,1,1,1,1,10,,,,,1,"Bell, Elizabeth A","Shukla, Nishanshi A","Simsek, Cansu Nur",,,,lxb032000,elizabeth bell,Media Histories 
ATCM,2330,001,6,5,7,1,3,1,2,3,,1,1,,1,,,,,0,"Nielsen, Christina R","Clement, Shonte M",,,,,crn022000,christina nielsen,Digital Art and Social Practice 
ATCM,2330,002,5,7,3,4,2,1,2,1,,,1,,2,,,,,1,"Nielsen, Christina R","Clement, Shonte M",,,,,crn022000,christina nielsen,Digital Art and Social Practice 
ATCM,2335,501,2,1,2,,5,3,1,2,1,3,,,6,,,,,2,"Chiu, Yu-Kwong",,,,,,yxc161331,yu kwong chiu,Internet Studio I 
ATCM,2335,503,2,3,2,2,1,,2,1,1,2,2,1,5,,,,,1,"Starzer, Kenneth W",,,,,,kws042000,ken starzer,Internet Studio I 
ATCM,2340,001,,24,,,29,,,16,,,5,,5,,,,,1,"Lester, Paul","O'Neill, Cynthia M","Doust-Haghighi, Elham",,,,pxl152030,paul lester,Visual Communication 
ATCM,2345,001,6,4,5,1,,2,,1,,,1,,4,,,,,3,"Fitzgerald, Harold E",,,,,,hxf170830,hal fitzgerald,Principles of Digital Audio 
ATCM,2345,002,10,7,5,1,4,1,,,,,,,2,,,,,0,"Fitzgerald, Harold E",,,,,,hxf170830,hal fitzgerald,Principles of Digital Audio 
ATCM,2345,003,12,4,1,,1,2,,,2,,,,2,,,,,3,"Fitzgerald, Harold E",,,,,,hxf170830,hal fitzgerald,Principles of Digital Audio 
ATCM,2350,001,,17,,,5,,2,1,,,1,,3,,,,,1,"Trosper, Elizabeth M",,,,,,emt130130,elizabeth trosper,Time-Based Media 
ATCM,2350,002,11,8,,,6,,1,,,,,,3,,,,,1,"Trosper, Elizabeth M",,,,,,emt130130,elizabeth trosper,Time-Based Media 
ATCM,2355,001,1,3,1,1,6,,1,2,1,,,,3,,,,,3,"Marder, Amanda K",,,,,,akm150430,amanda marder,Survey of Digital Fabrication 
ATCM,2360,001,21,2,5,1,5,3,3,1,1,,1,,2,,,,,0,"Cox, Norman L",,,,,,nlc200001,norm cox,Design Histories 
ATCM,3301,001,,,8,8,1,1,,,,,,,1,,,,,0,"Imaoka, Laura","Hitt, Katherine A",,,,,lxi170030,laura imaoka,Writing for ATEC 
ATCM,3301,002,,9,6,,2,,1,,,,,,1,,,,,0,"Mulla, Ayesha",,,,,,axm190114,ayesha mulla,Writing for ATEC 
ATCM,3301,003,1,4,8,2,,1,,,,2,,,,,,,,1,"Field, Jamie M",,,,,,jmf094020,jamie field,Writing for ATEC 
ATCM,3301,004,2,9,5,1,,1,1,,,,,,,,,,,0,"Heaslip, Audra",,,,,,axh027000,audra heaslip,Writing for ATEC 
ATCM,3301,005,4,2,6,2,3,1,,,,,,,,,,,,1,"Heaslip, Audra",,,,,,axh027000,audra heaslip,Writing for ATEC 
ATCM,3301,006,,2,3,,,3,,3,1,1,1,1,3,,,,,1,"Heaslip, Audra",,,,,,axh027000,audra heaslip,Writing for ATEC 
ATCM,3301,007,1,,3,2,1,,,1,2,,,,7,,,,,1,"Heaslip, Audra",,,,,,axh027000,audra heaslip,Writing for ATEC 
ATCM,3301,501,4,5,2,1,1,3,,,,,,,1,,,,,1,"Rheams, David C",,,,,,dcr093020,david rheams,Writing for ATEC 
ATCM,3301,502,6,3,3,,1,,2,2,,,,1,1,,,,,0,"Rheams, David C",,,,,,dcr093020,david rheams,Writing for ATEC 
ATCM,3305,001,,3,4,2,6,4,3,2,,,1,,2,,,,,2,"McComber, Sean",,,,,,sxm129130,sean mccomber,Computer Animation I 
ATCM,3305,002,,4,4,7,1,3,4,1,1,,,1,3,,,,,1,"Caldwell, Bryon A",,,,,,bac190003,bryon caldwell,Computer Animation I 
ATCM,3306,001,4,2,2,1,3,2,1,3,4,1,,,7,,,,,0,"Salter, Monika M",,,,,,mxs176131,monika salter,Modeling and Texturing I 
ATCM,3306,002,3,3,5,2,5,,1,3,,,,1,5,,,,,2,"Boyd, Elizabeth",,,,,,esp041000,elizabeth boyd,Modeling and Texturing I 
ATCM,3306,003,,,2,1,1,2,2,4,2,,4,1,7,,,,,4,"Johnson, Casey A",,,,,,caj150430,casey johnson,Modeling and Texturing I 
ATCM,3307,001,2,1,8,5,6,1,4,,,1,,,,,,,,3,"McCord, Peter A",,,,,,pam062000,peter mccord,Lighting and Composition I 
ATCM,3307,002,,3,6,6,4,5,,,2,1,,,,,,,,3,"McCord, Peter A",,,,,,pam062000,peter mccord,Lighting and Composition I 
ATCM,3308,001,,2,1,5,2,1,1,2,1,1,,1,9,,,,,3,"Johnson, Casey A",,,,,,caj150430,casey johnson,Rigging I 
ATCM,3308,002,8,2,3,2,,,3,1,,,,2,4,,,,,4,"Camacho, Christopher J",,,,,,cjc043000,christopher camacho,Rigging I 
ATCM,3309,001,1,1,4,5,7,,,,,,1,,1,,,,,0,"Fechter, Todd A",,,,,,taf051000,todd fechter,Visual Story I 
ATCM,3311,001,,3,2,1,3,1,1,3,1,,1,,2,,,,,1,"Johnson, Casey A",,,,,,caj150430,casey johnson,Scripting for Animation 
ATCM,3311,002,1,1,7,2,2,1,1,,1,,,,2,,,,,1,"Lim, Fengjie",,,,,,fxl200000,fengjie lim,Scripting for Animation 
ATCM,3312,101,3,3,2,4,1,2,,,,,,1,1,,,,,2,"Salter, Monika M",,,,,,mxs176131,monika salter,Surfacing and Shading I 
ATCM,3325,001,,7,12,1,1,6,1,1,,,1,,,,,,,0,"Llamas Rodriguez, Juan A",,,,,,jal171330,juan rodriguez,Global Media Cultures 
ATCM,3335,001,1,1,5,1,2,2,2,1,,,4,1,3,,,,,1,"Kane, Simon A",,,,,,sak043000,simon kane,Internet Studio II 
ATCM,3336,001,1,6,10,4,4,1,1,1,,,,,2,,,,,0,"McKinney, Mark",,,,,,mxm190029,mark mckinney,Design Research Methods 
ATCM,3336,002,,7,6,2,10,1,2,1,1,,,,,,,,,0,"McKinney, Mark",,,,,,mxm190029,mark mckinney,Design Research Methods 
ATCM,3336,003,,7,5,3,4,5,3,1,,,,,1,,,,,1,"McKinney, Mark",,,,,,mxm190029,mark mckinney,Design Research Methods 
ATCM,3336,501,,,2,1,15,4,,2,2,,,1,1,,,,,1,"McKinney, Mark",,,,,,mxm190029,mark mckinney,Design Research Methods 
ATCM,3337,001,,17,9,1,1,1,1,,,,,,1,,,,,0,"Wood, Harold G",,,,,,hgw021000,harold wood,Interaction Design I 
ATCM,3337,002,7,10,5,,1,,3,,,,,,3,,,,,1,"Wood, Harold G",,,,,,hgw021000,harold wood,Interaction Design I 
ATCM,3337,003,8,10,4,1,2,,2,,,,,,3,,,,,0,"Wood, Harold G",,,,,,hgw021000,harold wood,Interaction Design I 
ATCM,3337,501,5,11,5,2,3,1,,1,,,,,1,,,,,0,"Wood, Harold G",,,,,,hgw021000,harold wood,Interaction Design I 
ATCM,3338,001,10,5,6,1,1,1,,,,,,,4,,,,,1,"Camacho, Christopher J",,,,,,cjc043000,christopher camacho,Motion Graphics I 
ATCM,3338,002,11,5,4,2,4,1,1,,1,,,,1,,,,,0,"Camacho, Christopher J",,,,,,cjc043000,christopher camacho,Motion Graphics I 
ATCM,3340,001,19,1,,1,2,2,1,1,2,,1,,,,,,,0,"Cox, Norman L",,,,,,nlc200001,norm cox,Design II 
ATCM,3340,002,16,5,,1,1,,2,1,,1,1,,2,,,,,0,"Cox, Norman L",,,,,,nlc200001,norm cox,Design II 
ATCM,3340,501,16,2,3,1,3,4,,,,,1,,,,,,,0,"Cox, Norman L",,,,,,nlc200001,norm cox,Design II 
ATCM,3346,001,3,6,6,1,1,,,,,,,,,,,,,0,"Marks, David E",,,,,,dem160430,david marks,Audio Productions Lab I 
ATCM,3346,002,1,12,4,1,,,,1,1,,,,,,,,,1,"Marks, David E",,,,,,dem160430,david marks,Audio Productions Lab I 
ATCM,3350,001,8,4,2,4,1,2,3,1,1,,,,3,,,,,1,"Hewitt, Sharon","Nair, Vinayak",,,,,sxh090220,sharon hewitt,Digital Video Production I 
ATCM,3350,002,16,5,,,,1,,,,1,2,1,3,,,,,1,"Trosper, Elizabeth M",,,,,,emt130130,elizabeth trosper,Digital Video Production I 
ATCM,3350,501,1,1,4,5,2,2,3,2,1,1,,,4,,,,,2,"Hewitt, Sharon","Nair, Vinayak",,,,,sxh090220,sharon hewitt,Digital Video Production I 
ATCM,3350,502,17,6,4,,,,,,,,,,,,,,,1,"Lytton, Robert M","Birnbaum, Mark",,,,,rml210006,,Digital Video Production I 
ATCM,3355,001,1,1,2,,6,,1,4,1,,,,5,,,,,5,"Marder, Amanda K",,,,,,akm150430,amanda marder,Computer Modeling for Digital Fabrication 
ATCM,3365,001,18,6,2,2,,2,,,,,,,,,,,,0,"Christopher, Timothy V",,,,,,khimbar,timothy christopher,Game Design I 
ATCM,3365,002,6,4,4,,1,1,,1,,,,,1,,,,,0,"Christopher, Timothy V",,,,,,khimbar,timothy christopher,Game Design I 
ATCM,3366,001,9,18,,,2,,,,,1,,,,,,,,0,"Wu, Hong An",,,,,,hxw173930,hong wu,Game Studies I 
ATCM,3366,002,,29,,,1,,,,,,,,,,,,,0,"Evans, Monica J",,,,,,mevans,monica evans,Game Studies I 
ATCM,3367,001,1,8,9,3,3,3,,,,,,,1,,,,,2,"Lewis, Timothy M",,,,,,tml062000,timothy lewis,Level Design I 
ATCM,3368,001,,8,1,3,3,,,,,1,,,2,,,,,1,"Johnson, Casey A",,,,,,caj150430,casey johnson,Scripting for Games I 
ATCM,3368,002,2,3,2,,1,2,3,1,,,,,3,,,,,1,"Lim, Fengjie",,,,,,fxl200000,fengjie lim,Scripting for Games I 
ATCM,3369,001,,30,,,,,,,,,,,,,,,,0,"Evans, Monica J",,,,,,mevans,monica evans,Games and Narrative I 
ATCM,3370,001,6,4,8,5,1,3,,,,,,,2,,,,,0,"Lewis, Timothy M",,,,,,tml062000,timothy lewis,Virtual Environments I 
ATCM,3372,001,5,3,,1,3,1,,2,2,,,1,1,,,,,0,"Fitzgerald, Harold E",,,,,,hxf170830,hal fitzgerald,Sound Design for Games 
ATCM,3388,001,3,7,4,5,5,2,1,1,,,,1,1,,,,,0,"Bell, Elizabeth A","Gupta, Suvash",,,,,lxb032000,elizabeth bell,Attitudes and Behaviors 
ATCM,3388,002,1,5,7,3,6,5,,1,,,,,1,,,,,1,"Bell, Elizabeth A","Gupta, Suvash",,,,,lxb032000,elizabeth bell,Attitudes and Behaviors 
ATCM,3395,001,8,2,,1,,,,,,,,,,,,,,0,"Scott, Andrew F",,,,,,afs140330,andrew scott,Topics in Arts  Technology  and Emerging Communication 
ATCM,4305,001,2,3,3,1,1,3,1,,,1,1,1,,,,,,0,"Caldwell, Bryon A",,,,,,bac190003,bryon caldwell,Computer Animation II 
ATCM,4306,001,1,1,3,2,4,8,,1,1,,1,,1,,,,,0,"Boyd, Elizabeth",,,,,,esp041000,elizabeth boyd,Modeling and Texturing II 
ATCM,4308,001,5,1,1,1,,1,,1,,,,,1,,,,,0,"Farrar, Eric T",,,,,,etf091000,eric farrar,Rigging II 
ATCM,4309,001,,8,2,,1,,,,,,,,1,,,,,0,"McComber, Sean",,,,,,sxm129130,sean mccomber,Visual Story II 
ATCM,4313,001,,1,1,3,4,1,2,1,1,,1,,2,,,,,2,"Lim, Fengjie",,,,,,fxl200000,fengjie lim,Visual Effects 
ATCM,4317,001,,19,,,,,,,,,,,,,,,,0,"Salter, Monika M",,,,,,mxs176131,monika salter,Animation Lab II 
ATCM,4317,002,,16,,,,,,,,,,,,,,,,0,"McCord, Peter A",,,,,,pam062000,peter mccord,Animation Lab II 
ATCM,4319,001,5,4,2,3,1,,,,,,1,,1,,,,,0,"Veras de Souza, Christine",,,,,,cxv180000,christine veras de souza,Topics in Animation 
ATCM,4325,001,1,9,2,1,1,,,1,,,,,,,,,,0,"Knight, Kim A",,,,,,kak102020,kim knight,Race  Technology  and Media 
ATCM,4326,001,,4,6,1,2,2,1,1,,,1,,1,,,,,0,"Cooley, Heidi",,,,,,hxc176430,heidi cooley,Mediated Textuality 
ATCM,4330,001,,6,10,1,6,2,,,,,1,,1,,,,,0,"Burrough, Xtine","Fladager, Evan J",,,,,cxb153930,xtine burrough,Culture Jamming 
ATCM,4334,001,,17,,,2,,,1,,,,,,,,,,0,"Nguyen, Josef D",,,,,,jdn160330,josef nguyen,Topics in Critical Media Studies 
ATCM,4338,001,6,5,9,2,1,2,,,1,2,,1,,,,,,0,"Farrar, Eric T",,,,,,etf091000,eric farrar,Motion Graphics II 
ATCM,4346,001,1,4,6,,,1,,1,,,,,1,,,,,0,"Marks, David E",,,,,,dem160430,david marks,Audio Productions Lab II 
ATCM,4350,001,10,7,4,1,2,1,1,2,,,1,,1,,,,,0,"Hewitt, Sharon",,,,,,sxh090220,sharon hewitt,Digital Video Production II 
ATCM,4350,002,2,5,5,2,1,3,1,2,1,,1,1,3,,,,,2,"Hewitt, Sharon",,,,,,sxh090220,sharon hewitt,Digital Video Production II 
ATCM,4364,001,5,14,,,,,,,,,,,,,,,,0,"Terry, Dean",,,,,,dxt023000,,Topics in Design 
ATCM,4365,001,8,3,1,1,1,1,,,,,,,2,,,,,2,"Christopher, Timothy V",,,,,,khimbar,timothy christopher,Game Design II 
ATCM,4365,002,9,4,1,1,,,1,,,,,,1,,,,,1,"Christopher, Timothy V",,,,,,khimbar,timothy christopher,Game Design II 
ATCM,4365,501,3,9,1,,2,,,,,,1,,2,,,,,1,"Billingslea, Steven L",,,,,,slb073000,steven billingslea,Game Design II 
ATCM,4367,001,,3,8,2,1,2,,,1,,,,2,,,,,0,"Chandler, Adam W",,,,,,awc051000,adam chandler,Level Design II 
ATCM,4368,001,3,7,5,3,3,2,1,1,,,,,1,,,,,3,"Chandler, Adam W",,,,,,awc051000,adam chandler,Scripting for Games II 
ATCM,4376,001,20,1,,,,,,,,,,,,,,,,0,"Lewis, Timothy M",,,,,,tml062000,timothy lewis,Game Production Lab I 
ATCM,4377,001,18,1,,1,,,,,1,,,,,,,,,0,"Chandler, Adam W",,,,,,awc051000,adam chandler,Game Production Lab II 
ATCM,4384,001,,11,,,15,,,6,,,1,,3,,,,,2,"Lester, Paul",,,,,,pxl152030,paul lester,Ethics in New Media  Technology  and Communication 
ATCM,4384,002,,11,,,15,,,11,,,,,2,,,,,0,"Lester, Paul",,,,,,pxl152030,paul lester,Ethics in New Media  Technology  and Communication 
ATCM,4384,003,,5,,,14,,,11,,,4,,6,,,,,1,"Lester, Paul",,,,,,pxl152030,paul lester,Ethics in New Media  Technology  and Communication 
ATCM,4397,001,2,14,,,,,,,,,,,,,,,,0,"Terry, Dean",,,,,,dxt023000,,Senior Seminar 
ATCM,4397,002,9,5,3,1,1,2,,,1,,,,1,,,,,0,"Minnish, Roxanne W",,,,,,rwm061000,roxanne minnish,Senior Seminar 
ATCM,4397,003,4,1,7,3,4,1,1,,1,,1,1,1,,,,,0,"Boyd, Elizabeth",,,,,,esp041000,elizabeth boyd,Senior Seminar 
ATCM,4397,004,9,16,,,,,,,,,,,,,,,,0,"Marks, David E",,,,,,dem160430,david marks,Senior Seminar 
ATCM,6000,001,,,,,,,,,,,,,,19,,,,0,"Balsamo, Anne",,,,,,axb161831,anne balsamo,ATEC Colloquium 
ATCM,6001,001,,,,,,,,,,,,,,18,,,,0,"Burrough, Xtine",,,,,,cxb153930,xtine burrough,Graduate Critique Culture 
ATCM,6300,001,,9,7,2,,,1,,,,,,,,,,,0,"Knight, Kim A",,,,,,kak102020,kim knight,Approaches to Arts  Technology  and Emerging Communication 
ATCM,6354,001,,12,2,,,,,,,,,,,,,,,0,"Wu, Hong An",,,,,,hxw173930,hong wu,Play and Culture 
ATCM,6377,501,,6,4,1,,,,,,,,,,,,,,1,"Burrough, Xtine",,,,,,cxb153930,xtine burrough,Creativity as Social Practice 
ATCM,6382,001,,11,,,,,,,,,,,,,,,,0,"Banner, Olivia P",,,,,,opb140030,olivia banner,Privacy  Surveillance  and Technology 
AUD,6113,001,,,,,,,,,,,,,,22,,,,0,"Roeser, Ross J","Fowler, Stephanie L",,,,,roeser,,Grand Rounds 
AUD,6303,001,,9,2,,1,,,,,,,,1,,,,,0,"Lobarinas, Edward",,,,,,exl152130,,Hearing Science 
AUD,6305,0H1,,8,1,1,1,1,,,,,,,1,,,,,0,"Le Prell, Colleen G","Cochran, Aaron W",,,,,cgl150030,,Anatomy and Physiology of Audition 
AUD,6310,001,,11,1,,2,,,,,,,,1,,,,,0,"Roeser, Ross J","Sickels, Jessica K",,,,,roeser,,Advanced Clinical Audiology 
AUD,6V20,102,,10,,,,,,,,,,,,,,,1,0,"Clark, Jackie L","Trevino, Monica",,,,,jclark,jackie clark,Laboratory Procedures in Audiology and Hearing Science 
AUD,7253,001,,12,1,,,,,,,,,,,,,,,0,"Griffiths, Scott K",,,,,,skg180000,,Clinical Electrophysiology 
AUD,7324,001,,5,4,3,,,,,,,,,,,,,,0,"Warner-Czyz, Andrea D","Woodford, Allison S","Fowler, Stephanie L",,,,adw052000,andrea warner czyz,Seminar in Cochlear Implants and Technology for Persons Who are Deaf or Hard of Hearing 
AUD,7327,001,,9,1,,1,,,,,,,,,,,,,0,"Clark, Jackie L","Trevino, Monica",,,,,jclark,jackie clark,Evaluation and Fitting of Amplification Systems 
AUD,7338,001,,2,4,2,1,,,,,,,,,,,,1,0,"Cokely, Carol G","Zang, Andie L",,,,,cgc016200,,Research in Audiology 
AUD,7V82,001,,,,,,,,,,,,,,11,,,,0,"Gohmert, Andrea K",,,,,,akg170530,andrea gohmert,Special Topics in Hearing Science and Audiology 
BA,1320,001,2,7,4,5,5,8,7,5,,,1,,1,,,,,2,"Blueshtein, Moran","Oyima-Antseleve, Ndackyssa",,,,,mxb135230,moran blueshtein,Business in a Global World 
BA,1320,002,2,8,6,10,10,6,1,1,,,,,2,,,,,2,"Blueshtein, Moran","Oyima-Antseleve, Ndackyssa",,,,,mxb135230,moran blueshtein,Business in a Global World 
BA,1320,501,3,5,9,7,5,4,1,3,3,1,1,,3,,,,,1,"Olsztynska, Agnieszka","Hanifiafshar, Sharmin",,,,,axo027000,agnieszka olsztynska,Business in a Global World 
BBSU,1100,001,18,3,1,2,3,2,1,1,,,1,1,4,,,,,0,"Hamilton, Anna L",,,,,,alh200000,anna hamilton,First Year Seminar 
BBSU,1100,002,34,2,1,,1,1,,1,,,,,2,,,,,1,"Boynton, Catherine V",,,,,,cxb120030,catherine boynton,First Year Seminar 
BBSU,1100,003,34,2,4,1,,2,,,,,,,1,,,,,1,"Jackson, Kevin",,,,,,kxj162930,kevin jackson,First Year Seminar 
BBSU,1100,004,33,3,,1,1,2,,2,1,,,1,1,,,,,0,"Grimmer, Leslie A",,,,,,lag190011,,First Year Seminar 
BBSU,1100,005,31,6,2,2,,,1,1,,,1,1,,,,,,0,"Jordan, Katy J",,,,,,kjj073000,katy jordan,First Year Seminar 
BBSU,1100,006,33,5,1,1,1,1,,1,,,,,2,,,,,0,"Grimmer, Leslie A",,,,,,lag190011,,First Year Seminar 
BBSU,1100,007,14,2,5,,,,,,,1,,,2,,,,,0,"Hamilton, Anna L",,,,,,alh200000,anna hamilton,First Year Seminar 
BBSU,1100,008,35,,2,1,,,,,2,,,,,,,,,0,"Boynton, Catherine V",,,,,,cxb120030,catherine boynton,First Year Seminar 
BBSU,1100,009,28,6,4,1,,1,,1,,,,,,,,,,2,"Jackson, Kevin",,,,,,kxj162930,kevin jackson,First Year Seminar 
BBSU,1100,010,25,7,4,2,5,,1,,1,,,,,,,,,1,"Jordan, Katy J",,,,,,kjj073000,katy jordan,First Year Seminar 
BBSU,1100,011,17,6,5,2,1,,1,5,,,,1,2,,,,,0,"Foster, Corey",,,,,,cxf180008,,First Year Seminar 
BBSU,1100,012,22,5,4,2,,1,,1,1,,,,3,,,,,1,"Foster, Corey",,,,,,cxf180008,,First Year Seminar 
BCOM,1300,001,2,4,9,3,4,4,3,2,2,1,,1,1,,,,,0,"Fry, Jennifer L",,,,,,jlf130030,jennifer fry,Introduction to Professionalism and Communication in Business 
BCOM,1300,002,2,6,10,3,8,8,1,3,3,,,,3,,,,,1,"Fry, Jennifer L",,,,,,jlf130030,jennifer fry,Introduction to Professionalism and Communication in Business 
BCOM,1300,003,,9,11,6,3,6,1,3,4,1,1,,1,,,,,1,"Walton, Michaella",,,,,,mrw170730,,Introduction to Professionalism and Communication in Business 
BCOM,1300,004,1,9,12,5,6,5,2,1,2,,1,1,,,,,,2,"Walton, Michaella",,,,,,mrw170730,,Introduction to Professionalism and Communication in Business 
BCOM,1300,005,,1,3,10,9,9,3,3,1,,,1,4,,,,,0,"Prudhomme-Coleman, Michelle",,,,,,mxp190035,michelle prudhomme coleman,Introduction to Professionalism and Communication in Business 
BCOM,1300,006,,5,10,13,4,5,2,1,,,,,4,,,,,1,"Harrison, Megan K",,,,,,mkh160330,megan harrison,Introduction to Professionalism and Communication in Business 
BCOM,1300,007,,14,2,9,9,,5,1,,,1,,4,,,,,0,"Henderson, Tom",,,,,,txh093000,tom henderson,Introduction to Professionalism and Communication in Business 
BCOM,1300,008,2,4,18,8,5,2,,3,1,,,,1,,,,,1,"Moore, Sarah E","Nashat, Farah",,,,,sem054000,sarah moore,Introduction to Professionalism and Communication in Business 
BCOM,1300,009,2,1,16,11,8,3,,1,,,,,,,,,,1,"McCrady, Victoria D",,,,,,vdm130030,victoria mccrady,
BCOM,1300,010,2,4,16,10,5,5,1,,,,,,1,,,,,1,"Moore, Sarah E","Nashat, Farah",,,,,sem054000,sarah moore,Introduction to Professionalism and Communication in Business 
BCOM,1300,011,3,17,18,8,4,,,,,1,,,3,,,,,0,"Loyless, Lauren",,,,,,lxl190018,lauren loyless,Introduction to Professionalism and Communication in Business 
BCOM,1300,012,5,6,10,9,3,4,1,,1,,,,,,,,,0,"McCrady, Victoria D","Torteya, Diana E",,,,,vdm130030,victoria mccrady,
BCOM,1300,013,,4,24,7,3,5,,3,1,,,,3,,,,,0,"Armstead, Erica",,,,,,exa190018,erica armstead,Introduction to Professionalism and Communication in Business 
BCOM,1300,014,,3,24,9,4,6,2,,1,,,1,,,,,,0,"Armstead, Erica",,,,,,exa190018,erica armstead,Introduction to Professionalism and Communication in Business 
BCOM,1300,015,,10,17,10,1,2,3,,4,1,,,5,,,,,1,"Said, Stacey",,,,,,sxs210216,stacey said,Introduction to Professionalism and Communication in Business 
BCOM,1300,016,,,6,7,9,10,3,1,2,1,,,7,,,,,2,"Moore, Sarah E","Nashat, Farah",,,,,sem054000,sarah moore,Introduction to Professionalism and Communication in Business 
BCOM,1300,501,,5,9,8,2,9,2,,2,1,2,1,6,,,,,1,"Cooper, Austin C",,,,,,acc150730,austin cooper,Introduction to Professionalism and Communication in Business 
BCOM,1300,502,,,3,7,6,3,8,6,4,2,,2,4,,,,,0,"Prudhomme-Coleman, Michelle",,,,,,mxp190035,michelle prudhomme coleman,Introduction to Professionalism and Communication in Business 
BCOM,1300,503,,2,1,2,3,2,1,2,1,2,,,1,,,,,0,"McCrady, Victoria D","Torteya, Diana E",,,,,vdm130030,victoria mccrady,
BCOM,3300,001,1,6,10,8,4,9,1,,2,,,,3,,,,,1,"Smallwood, Margaret G","Ciovacco, Marisol A",,,,,meg012400,margaret smallwood,Professionalism and Communication in Business 
BCOM,3300,002,,6,5,7,4,9,3,4,1,1,,,4,,,,,0,"Said, Stacey",,,,,,sxs210216,stacey said,Professionalism and Communication in Business 
BCOM,3300,003,,14,4,5,10,2,2,1,1,,1,,3,,,,,1,"Henderson, Tom",,,,,,txh093000,tom henderson,Professionalism and Communication in Business 
BCOM,3300,004,,1,13,5,12,6,2,2,1,,,,2,,,,,1,"Watson, John M","Ciovacco, Marisol A",,,,,jmw077000,john watson,Professionalism and Communication in Business 
BCOM,3300,005,,1,2,2,12,8,1,7,5,,,1,4,,,,,1,"Lawson, Kristen A","Brundege, William C",,,,,kal110030,kristen lawson,Professionalism and Communication in Business 
BCOM,3300,006,2,3,3,14,5,8,7,,,,,,2,,,,,1,"Watson, John M","Ciovacco, Marisol A",,,,,jmw077000,john watson,Professionalism and Communication in Business 
BCOM,3300,007,,9,15,7,7,3,1,,,,,,2,,,,,1,"de los Santos, Veronica",,,,,,vxd171930,veronica de los santos,Professionalism and Communication in Business 
BCOM,3300,008,,4,3,9,8,7,1,2,1,,,1,4,,,,,5,"Moore, Sarah E","Nashat, Farah",,,,,sem054000,sarah moore,Professionalism and Communication in Business 
BCOM,3300,009,,2,6,5,4,7,6,8,1,1,,,4,,,,,0,"Lawson, Kristen A","Brundege, William C",,,,,kal110030,kristen lawson,Professionalism and Communication in Business 
BCOM,3300,010,2,7,4,10,6,3,1,4,,,1,,4,,,,,2,"Lawson, Kristen A","Brundege, William C",,,,,kal110030,kristen lawson,Professionalism and Communication in Business 
BCOM,3300,011,,1,5,7,15,5,2,3,1,,,,6,,,,,0,"Watson, John M","Ciovacco, Marisol A",,,,,jmw077000,john watson,Professionalism and Communication in Business 
BCOM,3300,012,1,1,12,5,11,4,2,3,,1,,,4,,,,,2,"Watson, John M","Ciovacco, Marisol A",,,,,jmw077000,john watson,Professionalism and Communication in Business 
BCOM,3300,013,,14,1,6,7,3,2,3,,,2,,7,,,,,0,"Henderson, Tom",,,,,,txh093000,tom henderson,Professionalism and Communication in Business 
BCOM,3300,014,,3,6,7,12,5,3,1,1,,,,5,,,,,2,"Watson, John M","Ciovacco, Marisol A",,,,,jmw077000,john watson,Professionalism and Communication in Business 
BCOM,3300,015,3,6,12,9,3,3,4,,,1,,,3,,,,,1,"de los Santos, Veronica",,,,,,vxd171930,veronica de los santos,Professionalism and Communication in Business 
BCOM,3300,016,,7,16,10,7,,,2,1,,,,,,,,,1,"Smallwood, Margaret G","Ciovacco, Marisol A",,,,,meg012400,margaret smallwood,Professionalism and Communication in Business 
BCOM,3300,017,1,8,8,12,10,2,,,,2,,1,1,,,,,0,"Smallwood, Margaret G","Ciovacco, Marisol A",,,,,meg012400,margaret smallwood,Professionalism and Communication in Business 
BCOM,3300,501,,2,4,3,11,8,7,,1,2,2,,4,,,,,1,"Harrison, Megan K",,,,,,mkh160330,megan harrison,Professionalism and Communication in Business 
BCOM,3300,502,,,2,4,17,2,5,2,2,2,,,6,,,,,1,"Watson, John M","Ciovacco, Marisol A",,,,,jmw077000,john watson,Professionalism and Communication in Business 
BCOM,3300,503,,,4,7,5,11,3,5,2,1,,1,2,,,,,1,"McCrady, Victoria D","Torteya, Diana E",,,,,vdm130030,victoria mccrady,Professionalism and Communication in Business 
BCOM,3300,504,,7,7,3,9,6,2,3,1,,,1,3,,,,,2,"Cooper, Austin C",,,,,,acc150730,austin cooper,Professionalism and Communication in Business 
BCOM,3300,505,,4,9,6,4,4,,,,,,,2,,,,,0,"Loyless, Lauren",,,,,,lxl190018,lauren loyless,Professionalism and Communication in Business 
BCOM,4300,001,,1,8,8,7,10,3,4,6,,,1,,,,,,1,"Blockley, Caylin",,,,,,cxb190014,caylin blockley,Managing Communications in Business 
BCOM,4300,002,,3,12,8,6,9,3,1,2,1,,,,,,,,3,"Blockley, Caylin",,,,,,cxb190014,caylin blockley,Managing Communications in Business 
BCOM,4300,003,,2,2,3,9,9,5,7,4,2,3,2,1,,,,,0,"Tamez, Katrina",,,,,,kxt200010,katrina tamez,Managing Communications in Business 
BCOM,4300,004,,3,1,4,9,9,6,3,5,1,3,,,,,,,1,"Lawson, Kristen A","Brundege, William C",,,,,kal110030,kristen lawson,Managing Communications in Business 
BCOM,4300,005,,7,6,6,8,8,5,5,,,2,1,,,,,,1,"Smallwood, Margaret G","Ciovacco, Marisol A",,,,,meg012400,margaret smallwood,Managing Communications in Business 
BCOM,4300,006,,1,9,6,9,7,4,3,3,,2,,1,,,,,0,"Lawson, Kristen A","Brundege, William C",,,,,kal110030,kristen lawson,Managing Communications in Business 
BCOM,4300,007,,3,3,7,3,4,2,6,4,5,3,2,1,,,,,4,"Lookadoo, Kathryn","Brundege, William C",,,,,kxl164330,kathryn lookadoo,Managing Communications in Business 
BCOM,4300,008,,,3,2,6,11,7,7,5,1,4,1,,,,,,1,"Lookadoo, Kathryn","Brundege, William C",,,,,kxl164330,kathryn lookadoo,Managing Communications in Business 
BCOM,4300,009,1,,7,4,13,8,5,5,1,,,,1,,,,,0,"Moore, Sarah E",,,,,,sem054000,sarah moore,Managing Communications in Business 
BCOM,4300,010,,2,1,4,4,5,7,6,7,1,4,1,4,,,,,2,"Lookadoo, Kathryn","Brundege, William C",,,,,kxl164330,kathryn lookadoo,Managing Communications in Business 
BCOM,4300,011,,,4,3,5,9,9,7,4,2,1,2,1,,,,,1,"Lookadoo, Kathryn","Brundege, William C",,,,,kxl164330,kathryn lookadoo,Managing Communications in Business 
BCOM,4300,012,,1,5,5,7,16,6,1,2,1,1,1,1,,,,,2,"Tamez, Katrina",,,,,,kxt200010,katrina tamez,Managing Communications in Business 
BCOM,4300,501,,1,7,3,8,8,6,4,5,,,1,1,,,,,1,"Layne, Raini M",,,,,,rml081000,raini layne,Managing Communications in Business 
BCOM,4300,502,,4,5,3,10,13,4,1,6,1,,,1,,,,,1,"Stewart, Julie",,,,,,jxs210043,julie stewart,Managing Communications in Business 
BCOM,4300,503,,2,6,9,7,7,6,3,1,1,,,2,,,,,0,"Layne, Raini M",,,,,,rml081000,raini layne,Managing Communications in Business 
BIOL,1318,001,,5,,,11,,,6,,,5,,1,,,,,1,"Maitra, Meenakshi",,,,,,mxm172731,meenakshi maitra,Human Genetics 
BIOL,2111,001,10,9,2,6,,2,1,,,,,,,,,,,0,"Srikanth, Uma",,,,,,ukrish,uma srikanth,Introduction to Modern Biology Workshop I 
BIOL,2111,002,6,5,4,3,4,3,5,,,,,,,,,,,0,"Srikanth, Uma",,,,,,ukrish,uma srikanth,Introduction to Modern Biology Workshop I 
BIOL,2111,003,8,2,4,6,2,3,2,,3,,,,,,,,,0,"Srikanth, Uma",,,,,,ukrish,uma srikanth,Introduction to Modern Biology Workshop I 
BIOL,2111,004,8,5,3,2,2,2,3,,1,,,,1,,,,,0,"Srikanth, Uma",,,,,,ukrish,uma srikanth,Introduction to Modern Biology Workshop I 
BIOL,2111,005,8,7,4,3,1,2,3,,,1,,,,,,,,1,"Srikanth, Uma",,,,,,ukrish,uma srikanth,Introduction to Modern Biology Workshop I 
BIOL,2111,006,10,3,5,6,3,1,1,,,,,1,,,,,,0,"Srikanth, Uma",,,,,,ukrish,uma srikanth,Introduction to Modern Biology Workshop I 
BIOL,2111,007,7,9,7,3,1,2,,1,,,,,,,,,,0,"Srikanth, Uma",,,,,,ukrish,uma srikanth,Introduction to Modern Biology Workshop I 
BIOL,2111,008,7,6,4,4,1,4,2,,,,,1,1,,,,,0,"Srikanth, Uma",,,,,,ukrish,uma srikanth,Introduction to Modern Biology Workshop I 
BIOL,2111,009,8,7,3,2,4,1,,,2,1,,1,,,,,,1,"Srikanth, Uma",,,,,,ukrish,uma srikanth,Introduction to Modern Biology Workshop I 
BIOL,2111,010,5,2,5,5,,5,5,1,1,,1,,,,,,,0,"Srikanth, Uma",,,,,,ukrish,uma srikanth,Introduction to Modern Biology Workshop I 
BIOL,2111,0W1,2,15,7,2,9,1,2,2,,,,,,,,,,0,"Burr, John G","Lewis, Anthony J","Berisha, Eranda","Grinffiel, Daniel I",,,burr,john burr,Introduction to Modern Biology Workshop I 
BIOL,2111,0W2,3,13,7,3,7,3,1,2,2,,,,,,,,,1,"Burr, John G",,,,,,burr,john burr,Introduction to Modern Biology Workshop I 
BIOL,2111,0W3,,9,5,1,15,2,4,2,,,,,,,,,,0,"Burr, John G",,,,,,burr,john burr,Introduction to Modern Biology Workshop I 
BIOL,2111,0W4,,4,2,1,4,,1,1,,,,,,,,,,0,"Burr, John G",,,,,,burr,john burr,Introduction to Modern Biology Workshop I 
BIOL,2111,0W5,,6,2,2,4,,3,2,1,,,,1,,,,,0,"Burr, John G",,,,,,burr,john burr,Introduction to Modern Biology Workshop I 
BIOL,2111,0W6,1,10,6,4,12,1,1,4,1,,,,3,,,,,1,"Burr, John G",,,,,,burr,john burr,Introduction to Modern Biology Workshop I 
BIOL,2111,0W7,7,11,11,4,1,2,1,,,,,1,,,,,,0,"Lakoduk, Ashley",,,,,,axl200032,ashley lakoduk,Introduction to Modern Biology Workshop I 
BIOL,2111,0W8,6,5,15,5,3,2,1,,,,,,,,,,,0,"Lakoduk, Ashley",,,,,,axl200032,ashley lakoduk,Introduction to Modern Biology Workshop I 
BIOL,2111,0W9,6,9,11,7,1,2,2,,,,,,,,,,,0,"Lakoduk, Ashley",,,,,,axl200032,ashley lakoduk,Introduction to Modern Biology Workshop I 
BIOL,2111,5W1,7,5,13,4,3,3,2,,1,,,,,,,,,0,"Lakoduk, Ashley",,,,,,axl200032,ashley lakoduk,Introduction to Modern Biology Workshop I 
BIOL,2112,001,,1,4,2,5,5,1,5,,1,2,4,5,,,,,1,"Wilson, Michelle","Mortada, Donna",,,,,mxw084000,michelle wilson,Introduction to Modern Biology Workshop II 
BIOL,2112,002,1,3,3,2,4,,3,3,1,,1,1,2,,,,,1,"Wilson, Michelle","Mortada, Donna",,,,,mxw084000,michelle wilson,Introduction to Modern Biology Workshop II 
BIOL,2112,003,,,2,3,1,3,2,1,2,1,2,3,7,,,,,1,"Wilson, Michelle","Suresh, Prarthana",,,,,mxw084000,michelle wilson,Introduction to Modern Biology Workshop II 
BIOL,2112,004,,,1,,1,3,3,1,1,3,,1,,,,,,1,"Wilson, Michelle","Panchal, Moxa Pragneshkumar",,,,,mxw084000,michelle wilson,Introduction to Modern Biology Workshop II 
BIOL,2112,005,1,1,2,2,,,,1,2,,,1,2,,,,,1,"Wilson, Michelle","Mortada, Donna",,,,,mxw084000,michelle wilson,Introduction to Modern Biology Workshop II 
BIOL,2112,006,,1,1,2,2,,2,3,1,,1,1,1,,,,,1,"Wilson, Michelle","Prameela, Anusha",,,,,mxw084000,michelle wilson,Introduction to Modern Biology Workshop II 
BIOL,2112,007,,1,2,,2,3,3,,2,1,1,1,7,,,,,2,"Wilson, Michelle","Suresh, Prarthana",,,,,mxw084000,michelle wilson,Introduction to Modern Biology Workshop II 
BIOL,2112,0W1,1,1,1,1,2,3,3,2,1,1,3,1,4,,,,,1,"Padmanabhan, Ramesh","Wilson, Michelle","Panchal, Moxa Pragneshkumar",,,,rxp104120,ramesh padmanabhan,Introduction to Modern Biology Workshop II 
BIOL,2112,0W2,1,,,1,1,1,2,3,1,1,,,2,,,,,1,"Padmanabhan, Ramesh","Wilson, Michelle","Panchal, Moxa Pragneshkumar",,,,rxp104120,ramesh padmanabhan,Introduction to Modern Biology Workshop II 
BIOL,2112,0W3,,1,,1,,2,,4,2,,2,1,2,,,,,0,"Padmanabhan, Ramesh","Wilson, Michelle","Prameela, Anusha",,,,rxp104120,ramesh padmanabhan,Introduction to Modern Biology Workshop II 
BIOL,2112,0W4,,,2,2,1,3,3,1,3,,,1,2,,,,,1,"Padmanabhan, Ramesh","Wilson, Michelle","Prameela, Anusha",,,,rxp104120,ramesh padmanabhan,Introduction to Modern Biology Workshop II 
BIOL,2281,301,1,6,4,1,5,3,,2,1,,,,,,,,,0,"Pickett, Elizabeth A","Do, Hung P",,,,,eaw016100,elizabeth pickett,Introductory Biology Laboratory 
BIOL,2281,302,,3,2,2,4,4,2,1,1,,,,2,,,,,1,"Lin, Wen J","Briggs, Alyssa A",,,,,wenju,wen ju lin,Introductory Biology Laboratory 
BIOL,2281,303,1,2,5,1,3,2,2,,1,,1,2,,,,,,0,"Klang, Ida","Tien, Hsin-Jung",,,,,ixk190014,ida klang,Introductory Biology Laboratory 
BIOL,2281,304,2,6,3,3,2,2,2,,,,,,1,,,,,1,"Mehta, Iti","Briggs, Alyssa A",,,,,ixm121430,iti mehta,Introductory Biology Laboratory 
BIOL,2281,305,,4,1,4,,1,,,,1,1,1,5,,,,,0,"Klang, Ida","Ratevosyan, Richard",,,,,ixk190014,ida klang,Introductory Biology Laboratory 
BIOL,2281,306,1,5,1,2,1,1,1,3,2,1,,,1,,,,,0,"Mehta, Iti","Shashikanth Raj Urs, Karthik Urs Bangalore",,,,,ixm121430,iti mehta,Introductory Biology Laboratory 
BIOL,2281,307,,2,,5,2,3,2,1,2,,,,1,,,,,2,"Klang, Ida","Ratevosyan, Richard",,,,,ixk190014,ida klang,Introductory Biology Laboratory 
BIOL,2281,308,1,3,4,1,1,2,2,2,1,,,,,,,,,2,"Mehta, Iti","Buyukkahraman, Gozde",,,,,ixm121430,iti mehta,Introductory Biology Laboratory 
BIOL,2281,309,,6,3,5,2,3,1,,,,,,,,,,,0,"Pickett, Elizabeth A","Paredes, Megan",,,,,eaw016100,elizabeth pickett,Introductory Biology Laboratory 
BIOL,2281,310,,1,,1,3,3,1,3,2,1,,3,1,,,,,1,"Lin, Wen J","Chaudhry, Ishfaq M",,,,,wenju,wen ju lin,Introductory Biology Laboratory 
BIOL,2281,311,4,3,4,1,5,2,1,,,,,,1,,,,,1,"Pickett, Elizabeth A","Chaudhry, Ishfaq M",,,,,eaw016100,elizabeth pickett,Introductory Biology Laboratory 
BIOL,2281,312,,,,1,3,5,2,1,1,,2,,3,,,,,1,"Lin, Wen J","Sy, Diane R",,,,,wenju,wen ju lin,Introductory Biology Laboratory 
BIOL,2281,313,,7,3,4,3,1,,3,,,,,1,,,,,0,"Mehta, Iti","Mittal, Shubham",,,,,ixm121430,iti mehta,Introductory Biology Laboratory 
BIOL,2281,314,,1,3,1,3,3,,3,1,1,,,1,,,,,2,"Lin, Wen J","Sy, Diane R",,,,,wenju,wen ju lin,Introductory Biology Laboratory 
BIOL,2281,315,4,1,3,,3,3,1,4,,,,,1,,,,,0,"Mehta, Iti","Mittal, Shubham",,,,,ixm121430,iti mehta,Introductory Biology Laboratory 
BIOL,2281,316,,3,4,,4,1,1,,,,,,2,,,,,0,"Klang, Ida","Shashikanth Raj Urs, Karthik Urs Bangalore",,,,,ixk190014,ida klang,Introductory Biology Laboratory 
BIOL,2281,317,,4,3,3,4,3,1,1,2,,,,,,,,,0,"Pickett, Elizabeth A","Buyukkahraman, Gozde",,,,,eaw016100,elizabeth pickett,Introductory Biology Laboratory 
BIOL,2281,318,,4,2,1,3,2,2,1,,,,,2,,,,,1,"Lin, Wen J","Tien, Hsin-Jung",,,,,wenju,wen ju lin,Introductory Biology Laboratory 
BIOL,2281,319,2,3,3,2,,1,5,,,1,,4,,,,,,1,"Klang, Ida","Paredes, Megan",,,,,ixk190014,ida klang,Introductory Biology Laboratory 
BIOL,2281,320,,6,4,3,3,3,,,,,,,,,,,,0,"Pickett, Elizabeth A","Do, Hung P",,,,,eaw016100,elizabeth pickett,Introductory Biology Laboratory 
BIOL,2311,001,77,55,41,40,19,25,22,1,7,2,1,3,2,,,,,2,"Srikanth, Uma","Kwende, Sharon A","Zaheen Khan, Fabiha","Lewis, Anthony J","Vaidyanatha Subramanian, Varsha",,ukrish,uma srikanth,Introduction to Modern Biology I 
BIOL,2311,0H1,26,30,50,20,8,9,6,,1,,,1,,,,,,0,"Lakoduk, Ashley","Berisha, Eranda","Grinffiel, Daniel I","Shah, Drashti Riken",,,axl200032,ashley lakoduk,Introduction to Modern Biology I 
BIOL,2311,0W1,6,56,29,14,51,9,12,13,5,,,,3,,,,,2,"Burr, John G","Lewis, Anthony J","Berisha, Eranda","Grinffiel, Daniel I","Kwende, Sharon A","Zaheen Khan, Fabiha",burr,john burr,Introduction to Modern Biology I 
BIOL,2312,001,2,7,15,11,15,14,14,14,9,6,7,12,24,,,,,8,"Wilson, Michelle","Mortada, Donna","Suresh, Prarthana","Panchal, Moxa Pragneshkumar","Prameela, Anusha",,mxw084000,michelle wilson,Introduction to Modern Biology II 
BIOL,2312,0W1,2,2,3,5,4,9,8,10,7,2,5,3,10,,,,,3,"Padmanabhan, Ramesh","Wilson, Michelle","Panchal, Moxa Pragneshkumar","Prameela, Anusha",,,rxp104120,ramesh padmanabhan,Introduction to Modern Biology II 
BIOL,3101,001,1,,1,,,2,,3,2,,,,,,,,,1,"Dejong, Jeff L","Afolami, Olufemi Ifeoluwa",,,,,dejong,jeff dejong,Classical and Molecular Genetics Workshop 
BIOL,3101,002,1,1,2,1,2,3,4,5,1,1,,,,,,,,0,"Dejong, Jeff L","Shah, Viraj S",,,,,dejong,jeff dejong,Classical and Molecular Genetics Workshop 
BIOL,3101,0W1,1,4,1,8,1,5,4,7,6,6,2,,,,,,,2,"Dejong, Jeff L","Zhang, Bo","Chaurasia, Akansha",,,,dejong,jeff dejong,Classical and Molecular Genetics Workshop 
BIOL,3101,0W2,1,3,5,4,8,7,3,4,5,2,1,,,,,,,6,"Dejong, Jeff L","Zhang, Bo","Chaurasia, Akansha",,,,dejong,jeff dejong,Classical and Molecular Genetics Workshop 
BIOL,3101,0W3,1,5,2,7,3,3,5,8,3,1,,,,,,,,4,"Dejong, Jeff L","Zhang, Bo","Chaurasia, Akansha",,,,dejong,jeff dejong,Classical and Molecular Genetics Workshop 
BIOL,3101,0W4,,1,7,9,4,1,2,6,1,1,1,2,,,,,,1,"Dejong, Jeff L","Zhang, Bo","Chaurasia, Akansha",,,,dejong,jeff dejong,Classical and Molecular Genetics Workshop 
BIOL,3101,0W5,1,3,5,5,1,7,5,3,3,3,2,,,,,,,1,"Dejong, Jeff L","Zhang, Bo","Chaurasia, Akansha",,,,dejong,jeff dejong,Classical and Molecular Genetics Workshop 
BIOL,3101,0W6,2,6,5,5,5,6,2,4,4,1,,,,,,,,0,"Dejong, Jeff L","Zhang, Bo","Chaurasia, Akansha",,,,dejong,jeff dejong,Classical and Molecular Genetics Workshop 
BIOL,3101,0W7,5,4,2,3,5,5,7,6,4,2,,1,,,,,,2,"Dejong, Jeff L","Zhang, Bo","Chaurasia, Akansha",,,,dejong,jeff dejong,Classical and Molecular Genetics Workshop 
BIOL,3101,501,1,1,2,1,7,5,4,2,1,3,,,,,,,,5,"Dejong, Jeff L","Ortega, Antonio J",,,,,dejong,jeff dejong,Classical and Molecular Genetics Workshop 
BIOL,3102,001,10,7,3,1,2,,3,,,,,,,,,,,1,"Srikanth, Uma","Delk, Nikki A",,,,,ukrish,uma srikanth,Eukaryotic Molecular and Cell Biology Workshop 
BIOL,3102,002,6,6,5,5,1,1,,1,,1,,1,,,,,,0,"Delk, Nikki A","Srikanth, Uma",,,,,nad140230,nikki delk,Eukaryotic Molecular and Cell Biology Workshop 
BIOL,3102,003,4,8,2,2,3,1,3,1,,,,,,,,,,0,"Srikanth, Uma","Delk, Nikki A",,,,,ukrish,uma srikanth,Eukaryotic Molecular and Cell Biology Workshop 
BIOL,3102,004,4,5,1,2,2,4,2,,,1,,,,,,,,0,"Delk, Nikki A","Srikanth, Uma",,,,,nad140230,nikki delk,Eukaryotic Molecular and Cell Biology Workshop 
BIOL,3102,005,3,2,4,3,,1,1,,,,,,,,,,,0,"Srikanth, Uma","Delk, Nikki A",,,,,ukrish,uma srikanth,Eukaryotic Molecular and Cell Biology Workshop 
BIOL,3102,0W1,11,5,9,2,8,1,1,,,,,3,,,,,,0,"Sarcar, Subha N","Misra, Jyoti R","Patel, Umar J","Ballew, Luke",,,sns064000,subha sarcar,Eukaryotic Molecular and Cell Biology Workshop 
BIOL,3102,0W2,7,11,5,4,2,3,2,3,,,1,,1,,,,,1,"Sarcar, Subha N","Misra, Jyoti R","Ballew, Luke","Patel, Umar J",,,sns064000,subha sarcar,Eukaryotic Molecular and Cell Biology Workshop 
BIOL,3102,0W3,4,9,1,,1,,2,,2,1,,,,,,,,0,"Sarcar, Subha N","Misra, Jyoti R","Patel, Umar J","Ballew, Luke",,,sns064000,subha sarcar,Eukaryotic Molecular and Cell Biology Workshop 
BIOL,3102,0W4,3,1,3,1,3,1,1,1,,,1,,,,,,,0,"Misra, Jyoti R","Sarcar, Subha N","Ballew, Luke","Patel, Umar J",,,jrm190003,,Eukaryotic Molecular and Cell Biology Workshop 
BIOL,3102,0W5,12,10,5,6,3,3,,,1,,,,,,,,,0,"Misra, Jyoti R","Sarcar, Subha N","Patel, Umar J","Ballew, Luke",,,jrm190003,,Eukaryotic Molecular and Cell Biology Workshop 
BIOL,3161,001,2,9,9,8,4,6,2,3,1,1,,1,2,,,,,0,"Gavva, Sandhya R","Spiro, Stephen","Jia, Lin","Boyd, Stefanie D",,,sgavva,sandhya gavva,Biochemistry Workshop I 
BIOL,3161,002,,14,12,9,5,6,2,3,2,,,1,,,,,,0,"Gavva, Sandhya R","Spiro, Stephen","Jia, Lin","Boyd, Stefanie D",,,sgavva,sandhya gavva,Biochemistry Workshop I 
BIOL,3161,003,,4,7,3,7,4,5,1,,2,,,,,,,,2,"Gavva, Sandhya R","Spiro, Stephen","Jia, Lin","Boyd, Stefanie D",,,sgavva,sandhya gavva,Biochemistry Workshop I 
BIOL,3161,004,2,12,5,9,4,2,3,4,3,,1,,2,,,,,1,"Gavva, Sandhya R","Spiro, Stephen","Jia, Lin","Boyd, Stefanie D",,,sgavva,sandhya gavva,Biochemistry Workshop I 
BIOL,3161,005,2,5,10,3,9,4,7,2,,,4,,2,,,,,0,"Gavva, Sandhya R","Spiro, Stephen","Jia, Lin","Boyd, Stefanie D",,,sxs067400,stephen spiro,Biochemistry Workshop I 
BIOL,3161,006,4,14,8,9,6,3,6,1,1,1,2,,1,,,,,0,"Gavva, Sandhya R","Spiro, Stephen","Jia, Lin","Boyd, Stefanie D",,,sgavva,sandhya gavva,Biochemistry Workshop I 
BIOL,3161,007,2,13,7,7,1,6,3,3,5,2,2,,2,,,,,0,"Gavva, Sandhya R","Spiro, Stephen","Jia, Lin","Boyd, Stefanie D",,,sgavva,sandhya gavva,Biochemistry Workshop I 
BIOL,3161,008,2,11,15,6,6,3,2,5,1,2,2,,1,,,,,0,"Gavva, Sandhya R","Spiro, Stephen","Jia, Lin","Boyd, Stefanie D",,,sgavva,sandhya gavva,Biochemistry Workshop I 
BIOL,3161,009,4,6,6,6,3,1,4,2,3,,,,1,,,,,0,"Gavva, Sandhya R","Spiro, Stephen","Jia, Lin","Boyd, Stefanie D",,,sgavva,sandhya gavva,Biochemistry Workshop I 
BIOL,3161,010,1,13,8,14,6,3,3,3,,,1,,,,,,,3,"Gavva, Sandhya R","Spiro, Stephen","Jia, Lin","Boyd, Stefanie D",,,sgavva,sandhya gavva,Biochemistry Workshop I 
BIOL,3161,011,2,4,7,5,3,4,3,2,1,,,,1,,,,,0,"Gavva, Sandhya R","Spiro, Stephen","Jia, Lin","Boyd, Stefanie D",,,sgavva,sandhya gavva,Biochemistry Workshop I 
BIOL,3161,012,3,10,9,9,3,4,4,2,,1,,,1,,,,,0,"Gavva, Sandhya R","Spiro, Stephen","Jia, Lin","Boyd, Stefanie D",,,sxs067400,stephen spiro,Biochemistry Workshop I 
BIOL,3161,013,3,13,6,8,6,2,3,1,1,2,3,1,1,,,,,0,"Gavva, Sandhya R","Spiro, Stephen","Jia, Lin","Boyd, Stefanie D",,,sxs067400,stephen spiro,Biochemistry Workshop I 
BIOL,3161,014,8,5,8,5,4,6,1,,7,2,2,,,,,,,2,"Gavva, Sandhya R","Spiro, Stephen","Jia, Lin","Boyd, Stefanie D",,,sgavva,sandhya gavva,Biochemistry Workshop I 
BIOL,3162,001,1,,3,2,4,3,1,4,2,,1,,,,,,,0,"Dejong, Jeff L","Candas, Mehmet","Sunder Singh, Jacqulene Preethi",,,,dejong,jeff dejong,Biochemistry Workshop II 
BIOL,3162,002,1,1,3,5,2,5,2,2,2,3,,,,,,,,1,"Dejong, Jeff L","Candas, Mehmet","Yetkin, Celal E",,,,dejong,jeff dejong,Biochemistry Workshop II 
BIOL,3162,0W1,3,7,4,5,3,6,3,4,4,,2,,,,,,,2,"Candas, Mehmet","Dejong, Jeff L","Soladogun, Adedamola S",,,,candas,mehmet candas,Biochemistry Workshop II 
BIOL,3162,0W2,,3,3,3,4,3,2,3,4,1,2,,,,,,,0,"Candas, Mehmet","Dejong, Jeff L","Patel, Grishma K",,,,candas,mehmet candas,Biochemistry Workshop II 
BIOL,3162,0W3,1,,,,2,,1,3,2,1,,,,,,,,1,"Candas, Mehmet","Dejong, Jeff L","Soladogun, Adedamola S",,,,candas,mehmet candas,Biochemistry Workshop II 
BIOL,3162,0W4,,,1,4,4,2,3,,,2,,,,,,,,0,"Candas, Mehmet","Dejong, Jeff L","Yetkin, Celal E",,,,candas,mehmet candas,Biochemistry Workshop II 
BIOL,3162,0W5,2,3,1,2,2,1,,,2,,1,,2,,,,,0,"Candas, Mehmet","Dejong, Jeff L","Sunder Singh, Jacqulene Preethi",,,,candas,mehmet candas,Biochemistry Workshop II 
BIOL,3162,0W6,,1,1,,2,1,1,3,1,2,2,1,,,,,,3,"Candas, Mehmet","Dejong, Jeff L","Patel, Grishma K",,,,candas,mehmet candas,Biochemistry Workshop II 
BIOL,3203,301,2,4,6,2,,2,4,1,,,,,1,,,,,0,"Mehta, Iti","Byregowda, Shrinidhi",,,,,ixm121430,iti mehta,Introduction to Microbiology Lab 
BIOL,3203,801,4,1,3,1,3,1,,,,,,,1,,,,,0,"Guidry, Paula","Wickramasinghe, Piumi B",,,,,pxg210003,,Introduction to Microbiology Lab 
BIOL,3301,001,3,2,5,2,9,10,8,10,6,4,,,,,,,,6,"Dejong, Jeff L",,,,,,dejong,jeff dejong,Classical and Molecular Genetics 
BIOL,3301,0W1,11,26,27,41,27,34,28,38,24,16,6,3,,,,,,16,"Dejong, Jeff L",,,,,,dejong,jeff dejong,Classical and Molecular Genetics 
BIOL,3302,001,27,28,15,13,8,7,9,2,,2,,1,,,,,,1,"Delk, Nikki A","Srikanth, Uma","Maity, Subhajit","Yamauchi, Stephanie A","Gomez, Jessica E",,nad140230,nikki delk,Eukaryotic Molecular and Cell Biology 
BIOL,3302,0W1,37,36,23,13,17,8,6,4,3,1,2,3,1,,,,,1,"Sarcar, Subha N","Misra, Jyoti R","Ballew, Luke","Patel, Umar J",,,sns064000,subha sarcar,Eukaryotic Molecular and Cell Biology 
BIOL,3303,001,37,26,24,24,23,14,15,10,10,,1,,7,,,,,5,"De Nisco, Nicole J","Dillon, Nicholas","Sawant, Namrata V","Hulyalkar, Neha V","Shipman, Braden M",,njd160330,nicole de nisco,Introduction to Microbiology 
BIOL,3318,001,28,29,30,13,6,9,,3,1,,,,,,,,,1,"Henson, Uyen N",,,,,,unh130030,uyen henson,Forensic Biology 
BIOL,3320,001,8,1,5,,,1,,,,,,,,,,,,1,"Hajeri, Vinita","Tillman, Katelyn",,,,,vxh151030,vinita hajeri,Applied Genetics 
BIOL,3320,002,2,3,5,2,2,1,,1,,,,,,,,,,0,"Hajeri, Vinita","Tillman, Katelyn",,,,,vxh151030,vinita hajeri,Applied Genetics 
BIOL,3335,001,8,13,5,8,14,8,12,7,,,,,,,,,,5,"Reitzer, Lawrence","Petter, Andrew T",,,,,reitzer,,Microbial Physiology 
BIOL,3357,001,,11,,,1,,,,,1,,,1,,,,,1,"Wu, Zhuoru","Tiwari, Suman",,,,,zxw190014,,Mammalian Physiology with Lab 
BIOL,3361,001,15,70,47,36,34,20,16,18,4,1,8,,4,,,,,4,"Spiro, Stephen","Jia, Lin","Yaqub, Muneer O","Akter, Zakia","Salaudeen, Ibrahim O","Falah, Rafah M",sxs067400,stephen spiro,Biochemistry I 
BIOL,3361,002,12,51,56,52,24,26,20,3,7,7,3,1,4,,,,,1,"Gavva, Sandhya R","Salaudeen, Ibrahim O","Falah, Rafah M","Akter, Zakia","Zhabilov, Dannie","Phelps, Shelby M",sgavva,sandhya gavva,Biochemistry I 
BIOL,3361,501,6,7,3,6,4,5,8,5,11,4,5,2,6,,,,,2,"Boyd, Stefanie D","Zhabilov, Dannie","Falah, Rafah M","Akter, Zakia","Salaudeen, Ibrahim O","Mercado, Nicholas B",sdb074000,stefanie boyd,Biochemistry I 
BIOL,3362,001,1,3,8,5,5,8,3,5,3,2,1,,1,,,,,0,"Dejong, Jeff L","Candas, Mehmet",,,,,dejong,jeff dejong,Biochemistry II 
BIOL,3362,0W1,6,12,11,16,15,12,9,11,12,8,6,2,2,,,,,7,"Candas, Mehmet","Dejong, Jeff L",,,,,candas,mehmet candas,Biochemistry II 
BIOL,3370,001,9,9,6,2,4,6,4,3,2,4,2,2,2,,,,,4,"Wu, Zhuoru","Tiwari, Suman",,,,,zxw190014,,Exercise Physiology 
BIOL,3380,301,,1,5,2,2,4,,,2,,1,,1,,,,,0,"Maynard, Caitlin S","Mazambani, Simbarashe",,,,,cmb170830,,Biochemistry Laboratory 
BIOL,3380,302,,1,1,3,1,1,,2,1,2,,2,4,,,,,1,"Rippel, Scott A","Bonde, Namrata Dinesh",,,,,rippel,scott rippel,Biochemistry Laboratory 
BIOL,3380,303,3,,4,1,1,1,,,1,,,1,2,,,,,1,"Rippel, Scott A","Bonde, Namrata Dinesh",,,,,rippel,scott rippel,Biochemistry Laboratory 
BIOL,3380,304,5,2,5,1,1,5,1,,,,,1,,,,,,0,"Pan, Jing","Shi, Zhan",,,,,jxp134330,jing pan,Biochemistry Laboratory 
BIOL,3380,305,3,4,1,,1,1,1,,2,1,,2,2,,,,,1,"Maynard, Caitlin S","Chacon Castro, Maria Del Carmen",,,,,cmb170830,,Biochemistry Laboratory 
BIOL,3380,306,1,2,1,1,2,2,,1,1,1,,4,2,,,,,1,"Lakoduk, Ashley","Mazambani, Simbarashe",,,,,axl200032,ashley lakoduk,Biochemistry Laboratory 
BIOL,3380,308,3,5,,3,1,1,2,1,1,1,,1,,,,,,0,"Lakoduk, Ashley","Lalami, Hamza",,,,,axl200032,ashley lakoduk,Biochemistry Laboratory 
BIOL,3380,309,1,2,2,1,4,1,1,1,1,,1,,3,,,,,1,"Pan, Jing","Zhi, Jiahe",,,,,jxp134330,jing pan,Biochemistry Laboratory 
BIOL,3380,310,2,2,3,1,2,1,1,1,1,,,2,1,,,,,2,"Maynard, Caitlin S","Chacon Castro, Maria Del Carmen",,,,,cmb170830,,Biochemistry Laboratory 
BIOL,3380,312,1,3,1,2,3,,1,1,2,2,1,,2,,,,,1,"Pan, Jing","Lalami, Hamza",,,,,jxp134330,jing pan,Biochemistry Laboratory 
BIOL,3385,001,,13,,,6,3,2,3,,1,1,1,,,,,,1,"Murchison, David F",,,,,,dfm100020,david murchison,Medical Histology 
BIOL,3388,001,1,7,8,3,,,,2,1,,1,2,1,,,,,3,"Rippel, Scott A",,,,,,rippel,scott rippel,Honey Bee Biology 
BIOL,3455,301,,2,1,1,1,6,1,4,1,1,,1,10,,,,,7,"Padmanabhan, Ramesh","Ramirez, Ruben D","Sarcar, Subha N",,,,rxp104120,ramesh padmanabhan,Human Anatomy and Physiology with Lab I 
BIOL,3455,302,,3,,1,7,3,2,3,6,3,1,1,2,,,,,1,"Maitra, Meenakshi","Ramirez, Ruben D","Veera, Kavya",,,,mxm172731,meenakshi maitra,Human Anatomy and Physiology with Lab I 
BIOL,3455,303,2,2,3,3,4,4,3,2,2,1,,,3,,,,,6,"Wu, Zhuoru","Ramirez, Ruben D","Gong, Hanling",,,,zxw190014,,Human Anatomy and Physiology with Lab I 
BIOL,3455,304,,2,2,4,4,2,3,4,7,1,,,2,,,,,4,"Wu, Zhuoru","Ramirez, Ruben D","Gong, Hanling","Deese, Alexander R",,,zxw190014,,Human Anatomy and Physiology with Lab I 
BIOL,3455,305,3,1,2,,2,5,2,,5,,,1,7,,,,,4,"Maitra, Meenakshi","Ramirez, Ruben D","Veera, Kavya",,,,mxm172731,meenakshi maitra,Human Anatomy and Physiology with Lab I 
BIOL,3455,306,,2,,2,4,6,2,3,3,4,,2,6,,,,,2,"Maitra, Meenakshi","Ramirez, Ruben D","Cornelius, Samuel A",,,,mxm172731,meenakshi maitra,Human Anatomy and Physiology with Lab I 
BIOL,3455,307,1,,5,3,1,4,4,2,3,2,,3,3,,,,,2,"Wilson, Michelle","Ramirez, Ruben D","Cornelius, Samuel A",,,,mxw084000,michelle wilson,Human Anatomy and Physiology with Lab I 
BIOL,3455,308,1,3,3,3,2,8,2,2,4,,1,1,5,,,,,0,"Maitra, Meenakshi","Ramirez, Ruben D",,,,,mxm172731,meenakshi maitra,Human Anatomy and Physiology with Lab I 
BIOL,3455,801,,1,2,2,1,1,,3,3,,3,4,8,,,,,4,"Padmanabhan, Ramesh","Ramirez, Ruben D","Sarcar, Subha N",,,,rxp104120,ramesh padmanabhan,Human Anatomy and Physiology with Lab I 
BIOL,3455,802,1,,,2,2,1,2,2,3,1,2,1,8,,,,,7,"Padmanabhan, Ramesh","Ramirez, Ruben D","Sarcar, Subha N",,,,rxp104120,ramesh padmanabhan,Human Anatomy and Physiology with Lab I 
BIOL,3456,3H1,2,5,3,6,1,,1,3,1,2,,1,3,,,,,1,"Sarcar, Subha N","Yu, Wen H","Venkitapathi, Sundharamani",,,,sns064000,subha sarcar,Human Anatomy and Physiology with Lab II 
BIOL,3456,3H2,,8,3,,,2,4,1,,,,,1,,,,,0,"Sarcar, Subha N","Yu, Wen H","Venkitapathi, Sundharamani",,,,sns064000,subha sarcar,Human Anatomy and Physiology with Lab II 
BIOL,3456,3H3,,11,5,6,2,5,2,1,,,1,,1,,,,,2,"Yu, Wen H","Li, Yibo",,,,,why061000,wen ho yu,Human Anatomy and Physiology with Lab II 
BIOL,3456,3H4,2,7,6,6,3,1,,3,,1,1,1,,,,,,2,"Yu, Wen H","Li, Yibo",,,,,why061000,wen ho yu,Human Anatomy and Physiology with Lab II 
BIOL,3456,3H5,3,7,5,5,2,,,2,1,,2,1,1,,,,,5,"Yu, Wen H","Li, Yibo",,,,,why061000,wen ho yu,Human Anatomy and Physiology with Lab II 
BIOL,3456,8H1,1,4,4,2,1,3,1,2,1,,,,,,,,,1,"Sarcar, Subha N","Yu, Wen H","Venkitapathi, Sundharamani",,,,sns064000,subha sarcar,Human Anatomy and Physiology with Lab II 
BIOL,3520,301,11,9,2,,,,,2,,,,,,,,,,0,"Palmer, Kelli L",,,,,,klp120030,kelli palmer,General Microbiology with Lab 
BIOL,4305,001,1,3,4,2,,,,,,,1,,1,,,,,0,"Morcos Gonzalez, Alonso",,,,,,afg150230,,Molecular Evolution 
BIOL,4308,001,6,1,1,4,2,2,1,1,,,,,,,,,,0,"Maynard, Caitlin S",,,,,,cmb170830,,Developmental Biology 
BIOL,4325,001,2,12,17,9,13,8,6,1,,,,,,,,,,1,"Candas, Mehmet",,,,,,candas,mehmet candas,Nutrition and Metabolism 
BIOL,4330,001,2,9,,,2,,1,,,,,,,,,,,0,"Zhang, Li","Salamat, Narges","Alemi, Parinazsadat",,,,lxz075000,li zhang,Advanced Research in Molecular and Cell Biology 
BIOL,4350,501,,2,5,5,3,7,5,4,3,5,2,4,2,,,,,2,"Ramirez, Ruben D",,,,,,rdr092000,ruben ramirez,Medical Microbiology 
BIOL,4360,001,5,1,2,1,1,2,,,,,1,1,1,,,,,1,"Pickett, Elizabeth A",,,,,,eaw016100,elizabeth pickett,Evolution and Development 
BIOL,4380,301,5,4,2,,5,1,1,,,1,1,,,,,,,0,"Sadat, Eva","Konakalla, Anisha Reddy",,,,,exs190014,eva sadat,Cell and Molecular Biology Laboratory 
BIOL,4380,302,6,5,1,,1,2,1,1,,,,,,,,,,2,"Klang, Ida","Dhar, Roopal",,,,,ixk190014,ida klang,Cell and Molecular Biology Laboratory 
BIOL,4380,303,5,7,4,1,,2,,1,,,,,1,,,,,1,"Sadat, Eva","Joshi, Ketki",,,,,exs190014,eva sadat,Cell and Molecular Biology Laboratory 
BIOL,4380,304,8,5,,,1,,,,,,,,,,,,,0,"Sadat, Eva","Zhang, Bei",,,,,exs190014,eva sadat,Cell and Molecular Biology Laboratory 
BIOL,4380,305,3,5,3,1,4,,1,2,2,,,,,,,,,0,"Sadat, Eva","Shryock, Douglas G",,,,,exs190014,eva sadat,Cell and Molecular Biology Laboratory 
BIOL,4385,001,,14,2,5,7,2,1,2,,,1,,1,,,,,0,"Murchison, David F",,,,,,dfm100020,david murchison,Oral Histology and Embryology 
BIOL,5375,001,,16,2,3,2,,1,1,,,,,,,,,,1,"Pan, Jing","Miller, Edmund A",,,,,jxp134330,jing pan,Genes to Genomes 
BIOL,5376,0W1,,5,3,7,5,,,,,,,,,,,,,0,"Xuan, Zhenyu","Levene, Stephen","Wei, Hong",,,,zxx091000,,Applied Bioinformatics 
BIOL,5385,001,,2,7,3,1,1,,,,,,,,,,,,0,"Morcos Gonzalez, Alonso",,,,,,afg150230,,Computational Molecular Evolution 
BIOL,5420,0H1,,27,,,16,,,,,,,,,,,,,1,"Kim, Tae Hoon","Easterwood, Shayne",,,,,txk142630,,Molecular Biology 
BIOL,5460,0W1,,12,4,11,5,,,,,,,,,,,,,2,"Xuan, Zhenyu","Zhang, Michael","Xia, Jing",,,,zxx091000,,Quantitative Biology 
BIOL,6193,0W1,,,,,,,,,,,,,,28,,,,1,"Xuan, Zhenyu",,,,,,zxx091000,,Colloquium in Molecular and Cell Biology 
BIOL,6252,0W1,,,,,,,,,,,,,,18,,,,0,"Kim, Tae Hoon",,,,,,txk142630,,Current Research in Molecular Biology 
BIOL,6373,001,,3,,,7,,,,,,,,,,,,,0,"Winkler, Duane D",,,,,,ddw130330,duane winkler,Proteomics 
BIS,1100,001,,29,,,2,,,1,,,,,1,,,,,0,"Werhnyak, Larissa",,,,,,lxw163630,larissa werhnyak,Interdisciplinary Studies Freshman Seminar 
BIS,1100,002,25,,,,,,,3,1,,,,,,,,,0,"Wissinger, Tonja",,,,,,twissin,tonja wissinger,Interdisciplinary Studies Freshman Seminar 
BIS,1100,003,,16,,,,,,1,,,,,3,,,,,0,"Werhnyak, Larissa",,,,,,lxw163630,larissa werhnyak,Interdisciplinary Studies Freshman Seminar 
BIS,1100,004,22,5,,,1,,,4,,,,,1,,,,,0,"Wissinger, Tonja",,,,,,twissin,tonja wissinger,Interdisciplinary Studies Freshman Seminar 
BIS,1100,005,,33,,,,,,,,,,,,,,,,0,"Naqvi, Syed K",,,,,,skn180000,syed naqvi,Interdisciplinary Studies Freshman Seminar 
BIS,1100,006,,30,,,,,,,,,,,,,,,,0,"Naqvi, Syed K",,,,,,skn180000,syed naqvi,Interdisciplinary Studies Freshman Seminar 
BIS,1100,007,,29,,,,,,3,,,,,1,,,,,0,"Naqvi, Syed K",,,,,,skn180000,syed naqvi,Interdisciplinary Studies Freshman Seminar 
BIS,2190,0W1,9,9,6,2,,,1,,,,,1,,,,,,1,"Robinson, Katie L","Slattery, Ryan P",,,,,klr180002,katie robinson,Library Research Skills 
BIS,2190,0W2,9,4,8,1,2,3,1,,,,,,,,,,,1,"Robinson, Katie L","Slattery, Ryan P",,,,,klr180002,katie robinson,Library Research Skills 
BIS,3320,001,,7,4,,4,,1,2,2,,,,4,,,,,2,"Wissinger, Tonja",,,,,,twissin,tonja wissinger,The Nature of Intellectual Inquiry 
BIS,3320,002,1,2,2,5,2,2,,2,3,,2,,4,,,,,1,"Pogue, Neall W",,,,,,nxp174730,neall pogue,The Nature of Intellectual Inquiry 
BIS,3320,003,,4,9,6,3,1,2,,,,,,3,,,,,3,"Pogue, Neall W",,,,,,nxp174730,neall pogue,The Nature of Intellectual Inquiry 
BIS,3320,004,8,15,2,1,,,1,1,1,,,,,,,,,0,"Wright, David A",,,,,,wright,david wright,The Nature of Intellectual Inquiry 
BIS,3320,005,,10,6,5,6,1,,,,,,,2,,,,,0,"Naqvi, Syed K",,,,,,skn180000,syed naqvi,The Nature of Intellectual Inquiry 
BIS,3320,0W1,3,9,6,2,1,2,2,,,,,,2,,,,,2,"Hudson, Jennifer M",,,,,,jxh100220,jennifer hudson,The Nature of Intellectual Inquiry 
BIS,3320,501,,5,4,1,,2,2,1,3,,1,,3,,,,,1,"Wright, David A",,,,,,wright,david wright,The Nature of Intellectual Inquiry 
BIS,4306,0W1,2,6,1,3,1,1,1,,1,1,,,3,,,,,5,"Simpson, Carrie M",,,,,,cms131030,carrie simpson,Strategies for Diversity in Education 
BLAW,2301,001,,13,12,10,6,12,8,7,10,,6,,6,,,,,1,"Betanzos, Christina L","Medina, Monica E",,,,,clb120030,christina betanzos,Business and Public Law 
BLAW,2301,002,,30,5,8,27,7,9,4,,,,,,,,,,0,"Polze, Matthew M",,,,,,mmp062000,matthew polze,
BLAW,2301,003,,28,7,8,23,6,2,10,4,2,1,,3,,,,,1,"Polze, Matthew M",,,,,,mmp062000,matthew polze,Business and Public Law 
BLAW,2301,004,,21,7,11,7,14,8,9,6,,6,,2,,,,,1,"Betanzos, Christina L","Medina, Monica E",,,,,clb120030,christina betanzos,Business and Public Law 
BLAW,2301,005,,12,10,11,12,21,5,3,6,,8,,2,,,,,1,"Betanzos, Christina L","Medina, Monica E",,,,,clb120030,christina betanzos,Business and Public Law 
BLAW,2301,006,,17,9,8,9,12,8,14,4,,6,,1,,,,,2,"Betanzos, Christina L","Medina, Monica E",,,,,clb120030,christina betanzos,Business and Public Law 
BLAW,2301,007,,10,11,5,6,14,3,7,4,,,,,,,,,1,"Sutton, Walter L","Figueroa, Diego A",,,,,wls015100,walter sutton,Business and Public Law 
BLAW,2301,501,,14,8,3,8,15,9,7,11,,4,,8,,,,,1,"Betanzos, Christina L","Medina, Monica E",,,,,clb120030,christina betanzos,Business and Public Law 
BLAW,2301,HO1,1,21,8,1,2,1,,,,,,,,,,,,0,"Polze, Matthew M",,,,,,mmp062000,matthew polze,
BLAW,2301,HON,2,26,6,1,1,,,,,,,,,,,,,0,"Polze, Matthew M",,,,,,mmp062000,matthew polze,
BLAW,3301,0W1,10,7,9,11,2,3,2,,2,1,1,1,2,,,,,0,"Green, Rhonda",,,,,,rxg180032,rhonda green,
BLAW,4301,001,27,6,5,2,2,,,,,,,,1,,,,,0,"Molina, Stephen","Leal Valladares, Jorge A",,,,,sxm163630,stephen molina,International Law 
BMEN,1100,102,2,2,1,1,3,1,,1,1,,1,,1,,,,,0,"Myers, Kathleen","Waldon, Ke'vaughn T","Jones, Rachel F",,,,kxm156530,kathleen myers,Introduction to Bioengineering I 
BMEN,1100,103,6,2,2,1,1,1,,1,,,1,1,1,,,,,2,"Myers, Kathleen","Waldon, Ke'vaughn T","Jones, Rachel F",,,,kxm156530,kathleen myers,Introduction to Bioengineering I 
BMEN,1100,104,2,2,1,,1,,,,,1,1,1,2,,,,,0,"Myers, Kathleen","Waldon, Ke'vaughn T","Jones, Rachel F",,,,kxm156530,kathleen myers,Introduction to Bioengineering I 
BMEN,1100,105,5,2,2,2,2,,1,,,,,,2,,,,,0,"Myers, Kathleen","Waldon, Ke'vaughn T","Jones, Rachel F",,,,kxm156530,kathleen myers,Introduction to Bioengineering I 
BMEN,1100,106,6,2,4,1,1,1,,3,,,,,1,,,,,0,"Porter, Benjamin A","Waldon, Ke'vaughn T","Jones, Rachel F",,,,bap061000,benjamin porter,Introduction to Bioengineering I 
BMEN,1100,107,6,1,1,,2,,,1,,,1,,4,,,,,2,"Porter, Benjamin A","Waldon, Ke'vaughn T","Jones, Rachel F",,,,bap061000,benjamin porter,Introduction to Bioengineering I 
BMEN,1100,108,5,5,3,3,1,,1,,1,,,,,,,,,0,"Porter, Benjamin A","Waldon, Ke'vaughn T","Jones, Rachel F",,,,bap061000,benjamin porter,Introduction to Bioengineering I 
BMEN,1208,001,1,4,2,1,1,1,2,1,,,,,,,,,,1,"Meyer, Clark A","Ardestani Khoubrouy, Soudeh","Medrano, David",,,,cam140130,clark meyer,Introduction to Bioengineering II 
BMEN,1208,002,1,3,2,3,,,,1,,,1,,2,,,,,1,"Meyer, Clark A","Ardestani Khoubrouy, Soudeh","Medrano, David",,,,cam140130,clark meyer,Introduction to Bioengineering II 
BMEN,2320,001,12,5,2,2,3,1,1,1,4,1,1,1,1,,,,,3,"Rivera, Christian","Patterson, Lindy A","Khan, Adil",,,,cxr210008,christian rivera,Statics 
BMEN,2320,501,12,4,4,2,4,3,3,2,3,2,,,4,,,,,1,"Ferruzzi, Jacopo","Khan, Adil","Patterson, Lindy A",,,,jxf200008,jacopo ferruzzi,Statics 
BMEN,3120,101,,6,2,3,1,1,2,2,,,,,5,,,,,0,"Ali, Tariq M","Kashef, Sina",,,,,tma051000,tariq ali,Biomedical Circuits and Instrumentation Laboratory 
BMEN,3120,103,6,3,4,,2,,1,,,,,,3,,,,,0,"Ali, Tariq M","Kaneshiro, Chance Y",,,,,tma051000,tariq ali,Biomedical Circuits and Instrumentation Laboratory 
BMEN,3120,105,2,3,3,1,,1,,1,,,,,2,,,,,0,"Ali, Tariq M","Adam, Heritier S",,,,,tma051000,tariq ali,Biomedical Circuits and Instrumentation Laboratory 
BMEN,3130,101,,8,4,5,2,,,,1,,,,,,,,,0,"Porter, Benjamin A","Chokhachian, Sepideh","Mahajan, Shubham",,,,bap061000,benjamin porter,Engineering Physiology Laboratory 
BMEN,3130,102,,2,7,4,1,,,,,,,,,,,,,0,"Porter, Benjamin A","Chokhachian, Sepideh","Mahajan, Shubham",,,,bap061000,benjamin porter,Engineering Physiology Laboratory 
BMEN,3130,103,4,3,3,2,1,1,,,,,,,1,,,,,0,"Rivera, Christian","Chokhachian, Sepideh","Mahajan, Shubham",,,,cxr210008,christian rivera,Engineering Physiology Laboratory 
BMEN,3150,101,4,2,,1,1,2,1,2,,,,,1,,,,,1,"Ali, Tariq M","Kian Pour, Bahareh",,,,,tma051000,tariq ali,Biomedical Engineering Laboratory 
BMEN,3310,001,3,4,,,2,,2,1,1,,1,,1,,,,,0,"Rivera, Christian",,,,,,cxr210008,christian rivera,Fluid Mechanics and Transport Processes in Biomedical Engineering 
BMEN,3315,001,,3,,,5,,1,3,,,2,,1,,,,,0,"Schmidtke, David W","Sharma, Prava","Renake, Gauri S",,,,dws140430,david schmidtke,Thermodynamics and Physical Chemistry in Biomedical Engineering 
BMEN,3315,501,1,12,8,2,10,2,5,1,2,,,,,,,,,1,"Cogan, Stuart","Renake, Gauri S",,,,,sxc149830,stuart cogan,Thermodynamics and Physical Chemistry in Biomedical Engineering 
BMEN,3320,001,3,14,10,9,7,3,4,,,,,,3,,,,,0,"Taha, Abraham M","Kashef, Sina",,,,,mxt108120,abraham taha,Electrical and Electronic Circuits in Biomedical Engineering 
BMEN,3325,001,7,3,2,3,,2,2,,,,,,,,,,,0,"Brown, Katherine G","Yociss, Megan",,,,,kgb170130,,Advanced Computational Tools for Biomedical Engineering 
BMEN,3325,002,3,2,3,1,1,1,,,,,,,2,,,,,1,"Meyer, Clark A","Brown, Katherine G",,,,,cam140130,clark meyer,Advanced Computational Tools for Biomedical Engineering 
BMEN,3330,001,10,12,7,3,3,5,2,3,2,2,1,,3,,,,,0,"Sirsi, Shashank R","Ghaderi, Mohammadaref",,,,,srs151630,shashank sirsi,Engineering Physiology of the Human Body 
BMEN,3341,001,2,1,3,5,2,3,,,1,1,,2,2,,,,,0,"Myers, Kathleen","Rabbi, Md Foysal",,,,,kxm156530,kathleen myers,Probability Theory and Statistics for Biomedical Engineers 
BMEN,3350,001,4,2,2,1,,,2,3,2,,,,2,,,,,0,"Brown, Katherine G","Kian Pour, Bahareh",,,,,kgb170130,,Biomedical Component and System Design 
BMEN,3380,001,2,5,3,7,7,2,,1,,1,,,1,,,,,1,"Forte, Luca Antonio","Molaei Imenabadi, Rouzbeh",,,,,lxf210003,,Medical Imaging Systems and Methods 
BMEN,3399,001,12,11,8,9,7,,9,8,3,,1,2,4,,,,,2,"Varner, Victor","Rajaguru, Poornacharanya",,,,,vxv162230,victor varner,Introductory Biomechanics 
BMEN,3402,501,12,10,1,3,6,3,4,5,2,,1,2,5,,,,,3,"Ardestani Khoubrouy, Soudeh","Childress, Joshua",,,,,sxa074200,soudeh khoubrouy,Signals and Systems for Biomedical Engineering 
BMEN,4110,101,2,2,2,,3,,1,,1,,1,,1,,,,,2,"Ardestani Khoubrouy, Soudeh",,,,,,sxa074200,soudeh khoubrouy,Biomedical Feedback Systems Laboratory 
BMEN,4110,102,4,5,1,1,1,1,,,1,,,1,1,,,,,0,"Ardestani Khoubrouy, Soudeh",,,,,,sxa074200,soudeh khoubrouy,Biomedical Feedback Systems Laboratory 
BMEN,4110,103,1,5,1,1,,2,1,,,,1,,,,,,,0,"Ding, Yichen","Pandala, Niharika",,,,,yxd200010,yichen ding,Biomedical Feedback Systems Laboratory 
BMEN,4110,104,,,2,,2,3,,,,,,,3,,,,,0,"Ding, Yichen","Pandala, Niharika",,,,,yxd200010,yichen ding,Biomedical Feedback Systems Laboratory 
BMEN,4310,001,2,6,4,5,,,,,,,,,1,,,,,0,"Bleris, Leonidas","Kang, Taek",,,,,lxb092000,leonidas bleris,Feedback Systems in Biomedical Engineering 
BMEN,4310,002,1,5,1,1,4,3,1,,5,,1,2,2,,,,,2,"Ardestani Khoubrouy, Soudeh","Kang, Taek",,,,,sxa074200,soudeh khoubrouy,Feedback Systems in Biomedical Engineering 
BMEN,4360,001,,42,7,2,4,,1,,,,,,,,,,,0,"Obaid, Girgis","Siddiqui, Danyal A",,,,,gxo190002,girgis obaid,Biomaterials and Medical Devices 
BMEN,4370,001,1,4,3,1,4,,,1,,,,,,,,,,0,"Fei, Baowei","Zhou, Ximing",,,,,bxf180002,,Biomedical Image Processing 
BMEN,4388,001,,12,8,6,4,,,,,,,,,,,,,0,"Polk, Todd W","Tjahjono, Nathaniel S",,,,,twp017000,todd polk,Senior Design Project I 
BMEN,4388,002,,3,3,1,6,,,,,,,,,,,,,0,"Polk, Todd W","Tjahjono, Nathaniel S",,,,,twp017000,todd polk,Senior Design Project I 
BMEN,4388,003,1,7,12,2,4,3,,,,,,,,,,,,0,"Polk, Todd W","Tjahjono, Nathaniel S",,,,,twp017000,todd polk,Senior Design Project I 
BMEN,4389,001,1,3,4,4,4,3,2,,1,,,,,,,,,0,"Polk, Todd W","Tjahjono, Nathaniel S",,,,,twp017000,todd polk,Senior Design Project II 
BMEN,4V95,001,13,16,1,,3,,,,,,,,,,,,,0,"Jones, Caroline",,,,,,cxj200007,caroline jones,Undergraduate Topics in Biomedical Engineering 
BMEN,6330,501,,23,2,1,,,,,,,,,,,,,,0,"Porter, Benjamin A",,,,,,bap061000,benjamin porter,Introduction to Medical Device Development 
BMEN,6342,001,,16,5,4,,,,,,,,,,,,,,0,"Rodrigues, Danieli B",,,,,,dxb127430,danieli b c rodrigues,Biomaterials and Medical Devices 
BMEN,6345,001,,14,,,5,,,2,,,,,,,,,,0,"Schmidtke, David W",,,,,,dws140430,david schmidtke,Self-Assembly of Biomaterials 
BMEN,6371,501,,7,2,3,2,1,,,,,,,,,,,,0,"Pancrazio, Joseph J",,,,,,jjp150430,,Bioelectric Systems 
BMEN,6372,001,,5,,,4,,,,,,,,,,,,,1,"Spong, Mark W",,,,,,mws081000,mark spong,Engineering Systems  Modeling and Simulation 
BMEN,6373,001,,8,4,2,,1,,,,,,,,,,,,0,"Bian, Fang",,,,,,fxb180003,,Physiology and Immunology for Engineers 
BMEN,6374,001,,3,1,,5,,,1,,,,,,,,,,1,"Levene, Stephen",,,,,,sdlevene,stephen levene,Genes  Proteins and Cell Biology for Engineers 
BMEN,6394,001,,18,2,1,1,,,,,,,,,,,,,1,"Shahedi Bagh Khandan, Maysam",,,,,,mxs180048,,Medical Imaging Techniques and Image Processing 
BMEN,6395,001,,11,,,,,,,,,,,,,,,,0,"Hays, Seth A",,,,,,sxh129730,seth hays,Advanced Topics in Neuroscience for Engineers 
BMEN,6V87,002,,10,4,,,,,,,,,,,,,,,0,"Bleris, Leonidas",,,,,,lxb092000,leonidas bleris,Special Topics in Biomedical Engineering 
BMEN,7088,001,,,,,,,,,,,,,,47,,,,0,"Rivera, Christian",,,,,,cxr210008,christian rivera,Departmental Seminar in Biomedical Engineering 
BMEN,7188,001,,19,4,,,1,,,,,,,,,,,,0,"Rivera, Christian",,,,,,cxr210008,christian rivera,Advanced Seminars in Biomedical Engineering 
BMEN,7340,001,,22,,1,1,,1,,,,,,,,,,,0,"Bian, Fang",,,,,,fxb180003,,Experimental Methods and Statistical Analysis 
BPS,4305,001,35,10,4,6,3,1,,2,1,1,,,5,,,,,1,"Carraher, Shawn M",,,,,,smc130730,shawn carraher,Strategic Management 
BPS,4305,0H1,,5,2,6,6,1,4,2,,,,,,,,,,0,"Chasteen, Larry H","Yeo, Yundong",,,,,chasteen,larry chasteen,Strategic Management 
BPS,4305,0H2,1,3,2,9,4,3,5,3,1,1,,,1,,,,,0,"Chasteen, Larry H",,,,,,chasteen,larry chasteen,Strategic Management 
BPS,4305,0W1,1,4,5,6,10,6,10,1,1,1,1,,,,,,,2,"Chasteen, Larry H","Yeo, Yundong",,,,,chasteen,larry chasteen,Strategic Management 
BPS,4305,501,19,22,5,8,1,2,,1,,,,,,,,,,0,"Balaji, Pavithra",,,,,,pxb162030,pavithra balaji,Strategic Management 
BPS,4395,001,,41,15,,3,,,2,,,1,,,,,,,0,"Parks, David","Shahsavand, Parisa",,,,,dxp153830,david parks,Capstone Senior Project - Business 
BPS,4395,002,,48,1,1,,,,,,,,,,,,,,1,"Pandey, Naresh K",,,,,,nkp210001,naresh pandey,Capstone Senior Project - Business 
BPS,6254,XS1,,,22,6,1,,,,,,,,,,,,,0,"Strickland, Warren",,,,,,,warren strickland,
BPS,6256,XS1,,5,6,5,10,2,1,,,,,,,,,,,0,"Solomon, Lawrence N",,,,,,,lawrence solomon,
BPS,6310,0W1,,14,6,10,8,4,1,4,,,,,2,,,,,0,"Chasteen, Larry H","Yeo, Yundong",,,,,chasteen,larry chasteen,Strategic Management 
BPS,6310,501,,9,5,1,,,,,,,,,,,,,,0,"Lin, Zhiang","Garg, Suyash",,,,,zlin,john zhiang lin,Strategic Management 
BPS,6310,CH1,,18,3,,,,,,,,,,,,,,,0,"Gustin, Jan D",,,,,,,jan gustin,
BPS,6310,MBC,,15,,,34,,,2,,,,,,,,,,0,"Dess, Gregory","Liu, Yu",,,,,ggd021000,gregory dess,
BPS,6310,XS1,,18,,,11,,,,,,,,,,,,,0,"Peng, Mike",,,,,,mxp059000,mike peng,
BPS,6332,GW1,,10,,,,,,,,,,,,,,,,0,"Thurgood, Keith L",,,,,,klt160130,keith thurgood,
BUAN,6312,002,,16,15,19,6,,,,,,,,,,,,,0,"Zentner, Alejandro","Guo, Shujian",,,,,axz051000,alejandro zentner,Applied Econometrics and Time Series Analysis 
BUAN,6312,0W1,,6,7,5,1,1,3,,,,,,,,,,,2,"Blueshtein, Moran","Oyima-Antseleve, Ndackyssa",,,,,mxb135230,moran blueshtein,Applied Econometrics and Time Series Analysis 
BUAN,6312,501,,29,6,9,5,3,,1,,,,,,,,,,2,"Zentner, Alejandro","Guo, Shujian",,,,,axz051000,alejandro zentner,Applied Econometrics and Time Series Analysis 
BUAN,6312,SW1,,6,5,4,3,2,2,1,,,,,,,,,,1,"Blueshtein, Moran","Oyima-Antseleve, Ndackyssa",,,,,mxb135230,moran blueshtein,
BUAN,6320,001,,33,12,14,4,3,3,6,,,,,1,,,,,0,"Smashnov, Uri","Vallurupalli, Naina C",,,,,uxs051000,uri smashnov,Database Foundations for Business Analytics 
BUAN,6320,003,,63,8,5,,1,1,,,,,,,,,,,0,"Narayan, Ravishankar L","Bhupathiraju, Sai Sravya",,,,,rln130030,ravishankar narayan,Database Foundations for Business Analytics 
BUAN,6320,004,,68,4,5,2,,,,,,,,,,,,,0,"Narayan, Ravishankar L","Bhupathiraju, Sai Sravya",,,,,rln130030,ravishankar narayan,Database Foundations for Business Analytics 
BUAN,6320,005,,21,27,14,14,1,1,,,,,,,,,,,1,"Calisir, Engin","Dhami, Roshni",,,,,exc030100,engin calisir,Database Foundations for Business Analytics 
BUAN,6320,006,,12,30,13,14,3,2,,,,,,,,,,,0,"Calisir, Engin","Dhami, Roshni",,,,,exc030100,engin calisir,Database Foundations for Business Analytics 
BUAN,6320,0W1,,19,3,8,5,6,4,2,,,,,1,,,,,0,"Cavusoglu, Huseyin","Zhu, Yan",,,,,huseyin,huseyin cavusoglu,Database Foundations for Business Analytics 
BUAN,6320,501,,77,1,,,,,,,,,,,,,,,1,"Elkhodari, Gasan","Deshpande, Aditi Rajesh",,,,,gxe051000,gasan elkhodari,Database Foundations for Business Analytics 
BUAN,6320,502,,12,51,13,1,,,,,,,,,,,,,0,"Mishra, Vivek","Vallurupalli, Naina C",,,,,vxm190016,,Database Foundations for Business Analytics 
BUAN,6320,503,,22,17,19,21,,,,,,,,,,,,,0,"Ryu, Young","Zhang, Xiaoshan",,,,,ryoung,young ryu,Database Foundations for Business Analytics 
BUAN,6320,504,,17,3,6,2,2,1,,,,,,3,,,,,1,"Encizo, Dustin R","Gupta, Ekansh",,,,,dre130030,dustin encizo,Database Foundations for Business Analytics 
BUAN,6320,SW1,,51,11,11,1,1,,1,,,,,2,,,,,4,"Narayan, Ravishankar L",,,,,,rln130030,ravishankar narayan,
BUAN,6335,501,,20,6,5,3,1,1,1,,,,,,,,,,0,"Narayan, Ravishankar L",,,,,,rln130030,ravishankar narayan,Organizing for Business Analytics Platforms 
BUAN,6337,0W1,,9,3,9,8,5,,2,,,,,,,,,,1,"Subramanian, Upender","Saremi, Ehsan",,,,,uxs092000,upender subramanian,Predictive Analytics Using SAS 
BUAN,6337,501,,4,13,3,3,,,,,,,,,,,,,1,"Kim, Tongil","Kim, Seung Mok",,,,,txk200012,,Predictive Analytics Using SAS 
BUAN,6337,SS1,,7,6,14,12,4,1,,,,,,,,,,,0,"Tehrani, Shervin S",,,,,,sst180003,shervin tehrani,
BUAN,6337,SW1,,2,3,2,4,2,,,,,,,,,,,,0,"Subramanian, Upender","Saremi, Ehsan",,,,,uxs092000,upender subramanian,
BUAN,6340,501,,10,6,6,2,,,,,,,,,,,,,1,"Meng, Zixuan","Chakravarthy, Arul M",,,,,zxm200005,zixuan meng,Programming for Data Science 
BUAN,6341,001,,10,16,1,4,3,,1,,,,,2,,,,,0,"Sohaee, Nassim","Jagdale, Akanksha Dinesh",,,,,nxs045000,nassim sohaee,Applied Machine Learning 
BUAN,6341,002,,8,6,2,5,3,,2,,,,,1,,,,,0,"Sohaee, Nassim","Jagdale, Akanksha Dinesh",,,,,nxs045000,nassim sohaee,Applied Machine Learning 
BUAN,6341,SS1,,6,5,7,2,2,2,,,,,,,,,,,0,"Singh, Harpreet",,,,,,hxs104000,harpreet singh,
BUAN,6342,501,,4,5,4,5,1,2,,,,,,,,,,,1,"Singh, Harpreet","Cai, Shuzhang",,,,,hxs104000,harpreet singh,Applied Natural Language Processing 
BUAN,6346,0W1,,7,9,2,6,,,,,,,,,,,,,0,"Perez, Jerry","Jagdale, Akanksha Dinesh",,,,,jxp180019,jerry perez,Big Data 
BUAN,6346,501,,23,,,,,,,,,,,,,,,,0,"Elkhodari, Gasan","Deshpande, Aditi Rajesh",,,,,gxe051000,gasan elkhodari,Big Data 
BUAN,6346,SS2,,7,7,5,4,,,,,,,,,,,,,0,"Perez, Jerry",,,,,,jxp180019,jerry perez,
BUAN,6346,SW1,,,9,1,2,,,,,,,,,,,,,0,"Perez, Jerry",,,,,,jxp180019,jerry perez,
BUAN,6356,001,,9,38,12,10,2,,3,,,,,,,,,,0,"Parker, Jason A","Tuteja, Dhruv K",,,,,jap090020,jason parker,Business Analytics With R 
BUAN,6356,002,,8,10,5,14,6,5,,,,,,1,,,,,0,"Shrivastava, Prakash C","Boda, Sathvik",,,,,pcs130130,prakash shrivastava,Business Analytics With R 
BUAN,6356,003,,13,33,13,7,3,,,,,,,,,,,,2,"Parker, Jason A","Tuteja, Dhruv K",,,,,jap090020,jason parker,Business Analytics With R 
BUAN,6356,004,,18,18,4,4,2,,,,,,,,,,,,1,"Zhang, Zhe","Kunder, Neema B",,,,,zxz145430,,Business Analytics With R 
BUAN,6356,005,,11,9,10,7,1,4,4,,,,,1,,,,,0,"Thouin, Mark","Kunder, Neema B",,,,,mxt083000,mark thouin,Business Analytics With R 
BUAN,6356,006,,18,13,4,2,,,,,,,,,,,,,0,"Zhang, Zhe","Kunder, Neema B",,,,,zxz145430,,Business Analytics With R 
BUAN,6356,007,,11,11,6,8,4,7,,,,,,,,,,,0,"Shrivastava, Prakash C","Boda, Sathvik",,,,,pcs130130,prakash shrivastava,Business Analytics With R 
BUAN,6356,0W1,,8,14,4,,1,,1,,,,,,,,,,3,"Parker, Jason A","Tuteja, Dhruv K","Mehta, Dhairya Nilesh",,,,jap090020,jason parker,Business Analytics With R 
BUAN,6356,501,,9,22,18,4,1,1,2,,,,,,,,,,1,"Parker, Jason A","Tuteja, Dhruv K",,,,,jap090020,jason parker,Business Analytics With R 
BUAN,6356,SS1,,9,33,7,3,1,1,1,,,,,2,,,,,0,"Parker, Jason A","Mehta, Dhairya Nilesh",,,,,jap090020,jason parker,
BUAN,6356,SW1,,2,4,1,2,,1,1,,,,,,,,,,1,"Parker, Jason A","Mehta, Dhairya Nilesh",,,,,jap090020,jason parker,
BUAN,6359,001,,16,15,,5,6,3,3,,,,,2,,,,,0,"Brussolo, Monica E","Pendyala, Meghana","Shi, Lingling",,,,meb049000,monica brussolo,Advanced Statistics for Data Science 
BUAN,6359,003,,25,5,11,5,6,6,3,,,,,2,,,,,0,"Sethi, Awanti","Sinha, Shalaka",,,,,asethi,awanti sethi,Advanced Statistics for Data Science 
BUAN,6359,004,,13,13,6,9,8,1,2,,,,,1,,,,,1,"Toptal, Aysegul","Baswe, Vaishnav S",,,,,axt083100,aysegul toptal,Advanced Statistics for Data Science 
BUAN,6359,005,,16,10,7,11,8,8,3,,,,,3,,,,,0,"Ramezani, Rasoul","Pendyala, Meghana",,,,,rxr145930,rasoul ramezani,Advanced Statistics for Data Science 
BUAN,6359,006,,19,13,14,13,6,,,,,,,,,,,,0,"Toptal, Aysegul","Baswe, Vaishnav S",,,,,axt083100,aysegul toptal,Advanced Statistics for Data Science 
BUAN,6359,007,,7,6,2,5,4,4,7,,,,,9,,,,,1,"Ramezani, Rasoul","Pendyala, Meghana",,,,,rxr145930,rasoul ramezani,Advanced Statistics for Data Science 
BUAN,6359,0W1,,14,2,11,5,6,1,1,,,,,3,,,,,4,"Brussolo, Monica E","Pendyala, Meghana","Shi, Lingling",,,,meb049000,monica brussolo,Advanced Statistics for Data Science 
BUAN,6359,501,,13,1,3,5,9,9,4,,,,,4,,,,,1,"Ramezani, Rasoul","Pendyala, Meghana",,,,,rxr145930,rasoul ramezani,Advanced Statistics for Data Science 
BUAN,6359,SS1,,20,8,7,10,3,5,1,,,,,2,,,,,1,"Brussolo, Monica E",,,,,,meb049000,monica brussolo,
BUAN,6359,SW1,,6,4,5,2,1,2,,,,,,3,,,,,4,"Sethi, Awanti","Sinha, Shalaka",,,,,asethi,awanti sethi,
BUAN,6382,001,,1,4,1,2,1,1,,,,,,,,,,,0,"Singh, Harpreet","Cai, Shuzhang",,,,,hxs104000,harpreet singh,Applied Deep Learning 
BUAN,6385,001,,10,2,2,5,3,1,4,,,,,2,,,,,1,"Shekhar, Gaurav","Banu, Arshiya",,,,,gxs150130,gaurav shekhar,Robotic Process Automation 
BUAN,6392,001,,3,3,5,,,,,,,,,,,,,,0,"Mehra, Amit","Chen, Luoying",,,,,axm078200,amit mehra,Causal Analytics and A B Testing 
BUAN,6398,002,,22,1,7,6,,,1,,,,,,,,,,0,"Alimirzaei, Athena","Sharma, Shishir Kumar",,,,,axa134231,athena alimirzaei,Prescriptive Analytics 
BUAN,6398,003,,10,,1,5,,,1,,,,,,,,,,0,"Alimirzaei, Athena","Sharma, Shishir Kumar",,,,,axa134231,athena alimirzaei,Prescriptive Analytics 
BUAN,6398,0W1,,14,,2,7,1,3,4,,,,,,,,,,1,"Alimirzaei, Athena","Sharma, Shishir Kumar",,,,,axa134231,athena alimirzaei,Prescriptive Analytics 
BUAN,6398,501,,18,,5,7,,2,3,,,,,,,,,,0,"Alimirzaei, Athena","Sharma, Shishir Kumar",,,,,axa134231,athena alimirzaei,Prescriptive Analytics 
CE,1100,001,1,5,5,1,2,4,,1,1,,,1,2,,,,,0,"Florence, James M","Luo, Ziyang","Sonawane, Akshay Bhagwan","Xiong, Jiu","Pawaskar, Vaibhav Uttam","Munia, Munawara Saiyara",jmf130530,james florence,Introduction to Electrical and Computer Engineering 
CE,1100,002,4,16,10,2,10,1,,4,,,1,,,,,,,0,"Florence, James M","Sonawane, Akshay Bhagwan","Luo, Ziyang","Xiong, Jiu","Pawaskar, Vaibhav Uttam","Munia, Munawara Saiyara",jmf130530,james florence,Introduction to Electrical and Computer Engineering 
CE,1100,003,3,19,5,2,3,,,1,,,2,,,,,,,3,"Florence, James M","Luo, Ziyang","Sonawane, Akshay Bhagwan","Xiong, Jiu","Pawaskar, Vaibhav Uttam","Munia, Munawara Saiyara",jmf130530,james florence,Introduction to Electrical and Computer Engineering 
CE,1202,001,5,2,2,6,2,2,2,6,2,6,4,1,8,,,,,4,"Cogan, Diana L",,,,,,dcc095020,diana cogan,Introduction to Electrical and Computer Engineering II 
CE,2305,003,2,4,1,,1,1,1,1,1,,1,1,1,,,,,0,"Willson, James K",,,,,,jkw053000,james willson,Discrete Mathematics for Computing I 
CE,2305,503,1,13,1,1,1,,,,,,,,,,,,,0,"Farage, Timothy P",,,,,,tfarage,timothy farage,Discrete Mathematics for Computing I 
CE,2310,001,2,1,3,2,,2,2,5,1,,2,,8,,,,,1,"Cogan, Diana L","Weng, Bang-Li","Munia, Munawara Saiyara","Pawaskar, Vaibhav Uttam",,,dcc095020,diana cogan,Introduction to Digital Systems 
CE,2310,501,,4,3,1,1,,,,2,,,,3,,,,,3,"Zhou, Dian","Wang, Yifan","Luo, Ziyang",,,,zhoud,dian zhou,Introduction to Digital Systems 
CE,3161,051,4,12,4,4,3,1,,1,,,,,,,,,,0,"Mezenner, Rabah",,,,,,rxm129730,rabah mezenner,Social Issues and Ethics in Engineering 
CE,3161,091,2,4,1,7,8,2,3,1,2,,3,1,2,,,,,0,"Mezenner, Rabah",,,,,,rxm129730,rabah mezenner,Social Issues and Ethics in Engineering 
CE,3201,001,4,18,2,5,,1,,,,,,,,,,,,1,"Nikoubin, Tooraj","Steele, Alec M","Meng, Xingyu","Sankarraman, Sri Vignesh","Twisha, Senjuti","Parchamdar, Baharealsadat",txn190011,tooraj nikoubin,Electrical and Computer Engineering Fundamentals-I Laboratory 
CE,3201,002,,9,4,2,3,1,,1,,,2,,,,,,,0,"Nikoubin, Tooraj","Steele, Alec M","Meng, Xingyu","Sankarraman, Sri Vignesh","Twisha, Senjuti","Parchamdar, Baharealsadat",txn190011,tooraj nikoubin,Electrical and Computer Engineering Fundamentals-I Laboratory 
CE,3202,002,,12,,2,7,,1,2,,,2,,,,,,,1,"Overzet, Lawrence","Nikfarjam, Hamed","Abousaba, Mohammad F",,,,overzet,lawrence overzet,Electrical and Computer Engineering Fundamentals-II Laboratory 
CE,3202,003,,3,,4,6,4,,,,,,,,,,,,1,"Kiasaleh, Kamran","Apalak, Merve","Alam, Lamia",,,,kamran,kamran kiasaleh,Electrical and Computer Engineering Fundamentals-II Laboratory 
CE,3301,001,,3,,1,,2,1,1,,,,,2,,,,,0,"Lee, Gil S","Xiong, Jiu",,,,,gslee,gill lee,Electrical Network Analysis 
CE,3301,002,1,8,,2,,,2,1,,2,,,,,,,,1,"Fahimi, Babak","Movahed Mohammadi, Seyed Ehsan",,,,,bxf102000,babak fahimi,Electrical Network Analysis 
CE,3301,003,,7,,1,,2,,,2,,,,1,,,,,1,"Friedman, Joseph S","Edwards, Alexander J",,,,,jsf160330,joseph friedman,Electrical Network Analysis 
CE,3303,001,2,3,4,4,5,6,4,6,6,3,2,1,2,,,,,5,"Kehtarnavaz, Nasser","Ni, Aoxin",,,,,nxk019000,nasser kehtarnavaz,Discrete-Time Signals and Systems 
CE,3310,001,,10,1,4,4,4,4,2,1,,1,,1,,,,,0,"Tinker, Mark T","Parvez, Mohammad Salman",,,,,mtinker,mark tinker,Electronic Devices 
CE,3310,002,2,2,,,4,6,3,4,1,,,,2,,,,,0,"Pourkamali, Siavash","Hossain Bhuiyan, Md Emran",,,,,sxp124631,siavash pourkamali,Electronic Devices 
CE,3311,001,2,4,2,4,,3,1,2,,,1,3,,,,,,0,"Ahmed, Shaheen","Han, Weijie",,,,,sxa176730,shaheen ahmed,Electronic Circuits 
CE,3320,001,,3,,6,1,1,1,2,,,1,,1,,,,,1,"Bhatia, Dinesh","Sears, Mark R",,,,,dinesh,dinesh bhatia,Digital Circuits 
CE,3320,002,1,9,1,4,,,1,,1,,,,1,,,,,0,"Basu, Kanad","Kundu, Shamik",,,,,kxb190012,kanad basu,Digital Circuits 
CE,3320,003,2,7,1,,3,1,,1,,,3,,,,,,,1,"Nikoubin, Tooraj","Datta, Rajesh K",,,,,txn190011,tooraj nikoubin,Digital Circuits 
CE,4201,001,,35,7,,,,,,,,,,,,,,,0,"Tamil, Lakshman","Tiryaki, Erhan",,,,,laxman,lakshman tamil,Electrical and Computer Engineering Laboratory in Computing Systems and Computer Engineering 
CE,4202,001,,12,,,2,,,,,,,,1,,,,,0,"Henderson, Rashaunda M","Datta, Rajesh K","Tiryaki, Erhan",,,,rmh072000,rashaunda henderson,Electrical and Computer Engineering Laboratory in Circuits 
CE,4304,001,,2,2,1,2,4,1,1,1,1,,1,1,,,,,0,"Pitz, Jeanne","Wang, Zhen",,,,,jxp133430,jeanne pitz,Computer Architecture 
CE,4304,501,,5,7,10,7,8,2,1,1,,,,1,,,,,0,"Pitz, Jeanne","Wang, Jianda","Wang, Zhen",,,,jxp133430,jeanne pitz,Computer Architecture 
CE,4337,502,,4,1,1,1,1,1,1,1,,,,2,,,,,0,"Salazar, Elmer E","Irtiza, Saquib","Lee, Yi-Hui",,,,ees101020,elmer salazar,Programming Language Paradigms 
CE,4348,501,,4,7,5,4,4,6,4,4,1,2,1,7,,,,,0,"Goodrum, Richard A",,,,,,rag150330,richard goodrum,Operating Systems Concepts 
CE,4370,001,5,19,,,9,,,,,,,,1,,,,,0,"Swartz, William P","Raghavendra, Shruthi",,,,,wps100020,william swartz,Embedded Systems 
CE,4388,001,,19,1,2,,,,,,,,,,,,,,0,"Tacca, Marco",,,,,,mtacca,marco tacca,Senior Design Project I 
CE,4388,002,,24,1,,,,,,,,,,,,,,,0,"Tacca, Marco",,,,,,mtacca,marco tacca,Senior Design Project I 
CE,4388,003,,8,1,1,,,,,,,,,,,,,,0,"Skinner, Neal G",,,,,,skinner,neal skinner,Senior Design Project I 
CE,4389,001,1,3,2,2,1,1,,1,,,,,,,,,,0,"Tacca, Marco",,,,,,mtacca,marco tacca,Senior Design Project II 
CE,4389,002,4,4,1,4,4,,,3,,,,,,,,,,0,"Tacca, Marco",,,,,,mtacca,marco tacca,Senior Design Project II 
CE,4390,002,,3,4,4,,,,,,,,,,,,,,0,"Farago, Andras","Li, Congzhou",,,,,farago,andras farago,Computer Networks 
CE,4390,003,,1,1,1,1,,3,4,,,,,1,,,,,0,"Solanki, Nidhiben M","Wang, Chengen",,,,,nxs121130,nidhiben solanki,Computer Networks 
CE,4390,501,,,,1,1,,1,5,3,,,,1,,,,,0,"Gupta, Neeraj K","Liu, Dongpeng",,,,,nkg140130,neeraj gupta,Computer Networks 
CE,4390,502,,3,3,4,,1,1,1,,,,,,,,,,0,"Solanki, Nidhiben M","Wang, Chengen","Li, Shuo",,,,nxs121130,nidhiben solanki,Computer Networks 
CE,6301,001,,19,,,,,,,,,,,,,,,,0,"Swartz, William P","Thiagarajan, Shiva Shankar",,,,,wps100020,william swartz,Advanced Digital Logic 
CE,6302,301,,9,2,1,1,,,1,,,,,,,,,,1,"Nikoubin, Tooraj","Steele, Alec M","Zeng, Xiaoming",,,,txn190011,tooraj nikoubin,Microprocessor and Embedded Systems 
CE,6303,001,,1,1,2,3,1,,2,,,,,,,,,,0,"Nourani, Mehrdad","Thiagarajan, Shiva Shankar",,,,,nourani,mehrdad nourani,Testing and Testable Design 
CE,6304,001,,5,18,9,,,,,,,,,,,,,,3,"Carrion Schaefer, Benjamin","Rashid, Md Imtiaz",,,,,bxc162630,benjamin carrion schaefer,Computer Architecture 
CE,6306,001,,8,,3,,,2,,,,,,2,,,,,0,"Zhou, Dian","Wang, Yifan",,,,,zhoud,dian zhou,Application Specific Integrated Circuits Design 
CE,6325,001,,2,5,7,9,10,,,,,,,,,,,,0,"Sechen, Carl","Salimath, Vibhav Kumarswami","Xu, Xiangyu",,,,cms057000,carl sechen,VLSI Design 
CGS,2301,001,17,9,4,10,7,7,3,7,9,,2,,5,,,,,15,"O'Toole, Alice J","Heard, Matthew J",,,,,otoole,alice otoole,Cognitive Science 
CGS,3361,001,4,4,,3,1,,,,,,,,,,,,,0,"Roark, Dana A","Winter-Nelson, Ezra",,,,,danar,dana roark,Cognitive Psychology 
CGS,3361,0W1,3,1,1,1,1,1,,,,1,,1,1,,,,,0,"Seaman, Kendra L","Garza, Christopher R",,,,,kls190004,kendra seaman,Cognitive Psychology 
CGS,4314,0W1,2,6,1,3,6,,,1,1,,,,2,,,,,1,"Golden, Richard","Malaiya, Ritesh K",,,,,golden,richard golden,Intelligent Systems Analysis 
CGS,4352,0W1,15,1,2,,,,,,,,,,,,,,,0,"Orrick, Erika D",,,,,,edo042000,erika orrick,Human-Computer Interaction I 
CGS,4359,501,,6,,,,,,4,,,,,,,,,,0,"Rypma, Bart P","Abdelkarim, Dema H",,,,,bpr061000,bart rypma,Cognitive Neuroscience 
CHEM,1111,101,12,4,5,4,3,1,,,,,,,1,,,,,0,"Dissanayake, Dushanthi S","Mihranyan, Andranik",,,,,dxd122030,dushanthi dissanayake,General Chemistry Laboratory I 
CHEM,1111,102,12,3,5,5,,1,,2,,,,2,,,,,,0,"Dissanayake, Dushanthi S","Giri, Sachin",,,,,dxd122030,dushanthi dissanayake,General Chemistry Laboratory I 
CHEM,1111,103,9,6,3,3,2,1,,1,1,,,,1,,,,,1,"Qin, Yanping","Tran, Ly T",,,,,yxq083000,yanping qin,General Chemistry Laboratory I 
CHEM,1111,104,11,9,3,3,,1,1,1,,,,,1,,,,,0,"Huang, Yu","Saleh, Mohammad S",,,,,yxh091220,yu huang,General Chemistry Laboratory I 
CHEM,1111,105,3,9,2,3,6,4,1,,,,1,,1,,,,,0,"Huang, Yu","Yamada, Kyohei",,,,,yxh091220,yu huang,General Chemistry Laboratory I 
CHEM,1111,106,12,4,4,1,3,1,,1,1,1,,,1,,,,,1,"Gavva, Sandhya R","Montalvillo, Fernando",,,,,sgavva,sandhya gavva,General Chemistry Laboratory I 
CHEM,1111,107,8,8,2,3,4,,,,,,,,4,,,,,1,"Panangala, Samitha D","Hasna Begam, Mohammed Nazar",,,,,sdp140230,samitha panangala,General Chemistry Laboratory I 
CHEM,1111,108,3,7,6,1,5,1,1,1,1,,1,,2,,,,,1,"Panangala, Samitha D","Tran, Ly T",,,,,sdp140230,samitha panangala,General Chemistry Laboratory I 
CHEM,1111,109,1,4,3,4,4,2,1,2,2,,2,2,3,,,,,0,"Jaggi, Neelam","Umer, Arslan",,,,,nxj190013,,General Chemistry Laboratory I 
CHEM,1111,110,1,4,7,,3,4,1,,1,,,1,6,,,,,2,"Jaggi, Neelam","Martinez Garcia, Jonathan",,,,,nxj190013,,General Chemistry Laboratory I 
CHEM,1111,111,7,6,6,3,1,1,,,,1,,,5,,,,,0,"Huang, Yu","Al-Kharji, Noora M",,,,,yxh091220,yu huang,General Chemistry Laboratory I 
CHEM,1111,112,5,6,6,2,4,2,1,1,1,,1,,1,,,,,0,"Huang, Yu","Tran, Ly T",,,,,yxh091220,yu huang,General Chemistry Laboratory I 
CHEM,1111,113,9,7,3,1,2,,1,,,,,,5,,,,,2,"Abeykoon, Nimali C","Kumari, Sneha",,,,,nxa124430,nimali abeykoon,General Chemistry Laboratory I 
CHEM,1111,114,15,6,2,2,1,,,,,,1,2,1,,,,,0,"Qin, Yanping","Heidari, Sahar",,,,,yxq083000,yanping qin,General Chemistry Laboratory I 
CHEM,1111,115,20,3,1,1,3,,1,,1,,,,,,,,,0,"Anka, Fadwa H","Johnson, Rebecca M",,,,,fha041000,fadwa anka,General Chemistry Laboratory I 
CHEM,1111,116,16,9,1,1,,,,,,1,,1,1,,,,,0,"Anka, Fadwa H","Kassees, Kara J",,,,,fha041000,fadwa anka,General Chemistry Laboratory I 
CHEM,1111,117,22,5,1,1,,,,,,,,,,,,,,1,"Abeykoon, Nimali C","Kumari, Sneha",,,,,nxa124430,nimali abeykoon,General Chemistry Laboratory I 
CHEM,1111,118,1,5,7,6,1,2,1,1,1,1,,1,2,,,,,1,"Gavva, Sandhya R","Hasna Begam, Mohammed Nazar",,,,,sgavva,sandhya gavva,General Chemistry Laboratory I 
CHEM,1111,119,10,11,1,3,2,,1,,1,,,,,,,,,1,"Qin, Yanping","Flores, Cassandra",,,,,yxq083000,yanping qin,General Chemistry Laboratory I 
CHEM,1111,120,11,6,4,,2,,1,1,1,1,,,3,,,,,0,"Qin, Yanping","Trashi, Ikeda",,,,,yxq083000,yanping qin,General Chemistry Laboratory I 
CHEM,1111,121,20,3,4,,1,1,,1,,,,,,,,,,0,"Gavva, Sandhya R","Kassees, Kara J",,,,,sgavva,sandhya gavva,General Chemistry Laboratory I 
CHEM,1111,122,19,1,2,,1,3,1,,,,,,2,,,,,1,"Gavva, Sandhya R","Polara, Himanshu S",,,,,sgavva,sandhya gavva,General Chemistry Laboratory I 
CHEM,1111,123,9,9,3,,3,,,2,1,,,,,,,,,3,"Huang, Yu","Chen, Chia Yuan",,,,,yxh091220,yu huang,General Chemistry Laboratory I 
CHEM,1111,124,1,13,2,3,3,1,1,2,,1,,,3,,,,,0,"Huang, Yu","Yamada, Kyohei",,,,,yxh091220,yu huang,General Chemistry Laboratory I 
CHEM,1111,125,10,5,4,,2,2,,,,3,,1,,,,,,3,"Gavva, Sandhya R","Gull, Humera",,,,,sgavva,sandhya gavva,General Chemistry Laboratory I 
CHEM,1111,126,3,3,5,,4,2,3,,2,,,1,6,,,,,1,"Jaggi, Neelam","Heidari, Sahar",,,,,nxj190013,,General Chemistry Laboratory I 
CHEM,1111,127,17,4,3,2,2,,,1,,,,,,,,,,1,"Sra, Amandeep K","Al-Kharji, Noora M",,,,,aks057000,amandeep sra,General Chemistry Laboratory I 
CHEM,1111,128,4,7,8,3,2,2,,,,,1,,1,,,,,2,"Sra, Amandeep K","Babanyinah, Godwin K",,,,,aks057000,amandeep sra,General Chemistry Laboratory I 
CHEM,1111,130,3,6,3,4,2,,1,2,2,,,1,3,,,,,2,"Gavva, Sandhya R","Montalvillo, Fernando",,,,,sgavva,sandhya gavva,General Chemistry Laboratory I 
CHEM,1111,133,16,6,1,3,2,,,,,,,,,,,,,2,"Anka, Fadwa H","Polara, Himanshu S",,,,,fha041000,fadwa anka,General Chemistry Laboratory I 
CHEM,1111,134,13,7,5,,,,,,,1,1,,3,,,,,0,"Anka, Fadwa H","Chen, Chia Yuan",,,,,fha041000,fadwa anka,General Chemistry Laboratory I 
CHEM,1111,135,16,3,2,1,1,2,2,,,,,,3,,,,,0,"Qin, Yanping","Kassees, Kara J",,,,,yxq083000,yanping qin,General Chemistry Laboratory I 
CHEM,1111,136,11,3,4,2,4,2,1,2,,,,1,,,,,,0,"Dissanayake, Dushanthi S","Hasna Begam, Mohammed Nazar",,,,,dxd122030,dushanthi dissanayake,General Chemistry Laboratory I 
CHEM,1111,137,15,7,2,,2,,,1,1,,,1,,,,,,1,"Dissanayake, Dushanthi S","Saleh, Mohammad S",,,,,dxd122030,dushanthi dissanayake,General Chemistry Laboratory I 
CHEM,1111,138,13,5,1,3,1,2,,2,,,,,2,,,,,1,"Qin, Yanping","Trashi, Ikeda",,,,,yxq083000,yanping qin,General Chemistry Laboratory I 
CHEM,1111,139,4,5,,3,3,1,,,,2,,,9,,,,,3,"Panangala, Samitha D","Umer, Arslan",,,,,sdp140230,samitha panangala,General Chemistry Laboratory I 
CHEM,1111,140,5,5,5,2,2,3,,1,2,,,2,,,,,,2,"Jaggi, Neelam","Bonnand, Evan F",,,,,nxj190013,,General Chemistry Laboratory I 
CHEM,1111,141,4,5,5,1,5,,2,,2,1,1,,2,,,,,1,"Tripathi, Kiran","Yamada, Kyohei",,,,,kxt190015,kiran tripathi,General Chemistry Laboratory I 
CHEM,1111,142,7,7,3,2,2,,2,1,1,1,,1,,,,,,3,"Tripathi, Kiran","Flores, Cassandra",,,,,kxt190015,kiran tripathi,General Chemistry Laboratory I 
CHEM,1111,143,6,5,,2,1,,2,1,,1,1,1,4,,,,,2,"Dissanayake, Dushanthi S","Gull, Humera",,,,,dxd122030,dushanthi dissanayake,General Chemistry Laboratory I 
CHEM,1111,144,5,2,3,3,1,1,2,2,2,,,,7,,,,,2,"Dissanayake, Dushanthi S","Bonnand, Evan F",,,,,dxd122030,dushanthi dissanayake,General Chemistry Laboratory I 
CHEM,1111,146,2,2,1,3,5,1,1,1,,1,,3,5,,,,,2,"Dissanayake, Dushanthi S","Babanyinah, Godwin K",,,,,dxd122030,dushanthi dissanayake,General Chemistry Laboratory I 
CHEM,1111,147,1,6,3,,1,,1,2,1,,1,,8,,,,,1,"Dissanayake, Dushanthi S","Heidari, Sahar",,,,,dxd122030,dushanthi dissanayake,General Chemistry Laboratory I 
CHEM,1111,150,7,7,4,1,2,,,,,,,1,4,,,,,3,"Qin, Yanping","Babanyinah, Godwin K",,,,,yxq083000,yanping qin,General Chemistry Laboratory I 
CHEM,1111,151,16,3,5,2,,1,,,,,,,2,,,,,1,"Gavva, Sandhya R","Al-Kharji, Noora M",,,,,sgavva,sandhya gavva,General Chemistry Laboratory I 
CHEM,1111,601,5,4,5,2,3,,,1,,2,1,1,6,,,,,0,"Sisk, Joshua R","Trashi, Ikeda",,,,,jrs106020,joshua sisk,General Chemistry Laboratory I 
CHEM,1111,602,1,4,3,3,3,3,3,1,,1,,,6,,,,,2,"Sisk, Joshua R","Bonnand, Evan F",,,,,jrs106020,joshua sisk,General Chemistry Laboratory I 
CHEM,1111,605,5,9,3,3,3,1,,,1,,,,4,,,,,1,"Sisk, Joshua R","Kumari, Sneha",,,,,jrs106020,joshua sisk,General Chemistry Laboratory I 
CHEM,1111,607,4,8,5,,1,2,1,,2,,,2,3,,,,,2,"Sisk, Joshua R","Martinez Garcia, Jonathan",,,,,jrs106020,joshua sisk,General Chemistry Laboratory I 
CHEM,1111,609,8,5,2,1,1,1,,1,2,1,,1,2,,,,,1,"Hashami, Zohreh","Giri, Sachin",,,,,zxh088000,zohreh hashami,General Chemistry Laboratory I 
CHEM,1111,612,8,2,,1,2,3,,2,,,3,1,6,,,,,2,"Hashami, Zohreh","Saleh, Mohammad S",,,,,zxh088000,zohreh hashami,General Chemistry Laboratory I 
CHEM,1112,101,5,2,1,3,1,2,,3,1,,,1,8,,,,,3,"Anka, Fadwa H","Johnson, Rebecca M",,,,,fha041000,fadwa anka,General Chemistry Laboratory II 
CHEM,1112,102,4,2,4,3,,1,2,1,2,,1,1,3,,,,,5,"Qin, Yanping","Mihranyan, Andranik",,,,,yxq083000,yanping qin,General Chemistry Laboratory II 
CHEM,1112,103,8,3,5,1,1,1,3,,1,1,,2,2,,,,,2,"Panangala, Samitha D","Johnson, Rebecca M",,,,,sdp140230,samitha panangala,General Chemistry Laboratory II 
CHEM,1112,104,3,,3,,1,,1,,,1,,1,5,,,,,2,"Abeykoon, Nimali C","Polara, Himanshu S",,,,,nxa124430,nimali abeykoon,General Chemistry Laboratory II 
CHEM,1112,105,8,6,1,2,3,1,1,,,,,,4,,,,,4,"Abeykoon, Nimali C","Gamage, Madujika A",,,,,nxa124430,nimali abeykoon,General Chemistry Laboratory II 
CHEM,1112,106,7,2,3,3,1,2,1,1,,,,3,4,,,,,3,"Anka, Fadwa H","Gamage, Madujika A",,,,,fha041000,fadwa anka,General Chemistry Laboratory II 
CHEM,1112,601,2,3,,1,2,2,1,1,1,,1,1,2,,,,,3,"Panangala, Samitha D","Gull, Humera",,,,,sdp140230,samitha panangala,General Chemistry Laboratory II 
CHEM,1112,602,2,4,1,3,,1,2,1,1,,1,,4,,,,,4,"Panangala, Samitha D","Gamage, Madujika A",,,,,sdp140230,samitha panangala,General Chemistry Laboratory II 
CHEM,1115,HN1,,30,,,,,,,,,,,,,,,,0,"Sibert, John W",,,,,,sibertj,john sibert,Honors Freshman Chemistry Laboratory I 
CHEM,1311,001,6,20,13,8,17,11,10,16,14,1,5,2,13,,,,,3,"Taylor, Stephanie M","Alexander, Shevon",,,,,smt031000,stephanie taylor,General Chemistry I 
CHEM,1311,002,14,43,24,31,32,30,15,15,11,6,2,1,7,,,,,9,"Taylor, Stephanie M","Alexander, Shevon",,,,,smt031000,stephanie taylor,General Chemistry I 
CHEM,1311,003,8,20,21,17,25,19,17,29,13,4,6,3,32,,,,,18,"Sibert, John W",,,,,,sibertj,john sibert,General Chemistry I 
CHEM,1311,004,7,36,17,24,26,28,17,16,22,5,8,1,23,,,,,8,"Dieckmann, Gregg",,,,,,dieckgr,gregg dieckmann,General Chemistry I 
CHEM,1311,005,5,35,23,25,29,21,16,11,24,5,11,2,20,,,,,11,"Dieckmann, Gregg",,,,,,dieckgr,gregg dieckmann,General Chemistry I 
CHEM,1311,006,2,9,11,6,16,8,10,8,8,3,1,3,8,,,,,5,"Abeykoon, Nimali C",,,,,,nxa124430,nimali abeykoon,General Chemistry I 
CHEM,1311,007,7,7,7,7,11,19,5,6,13,,2,1,12,,,,,1,"Abeykoon, Nimali C",,,,,,nxa124430,nimali abeykoon,General Chemistry I 
CHEM,1311,008,9,34,34,20,29,27,17,16,17,3,8,3,14,,,,,7,"Hashami, Zohreh",,,,,,zxh088000,zohreh hashami,General Chemistry I 
CHEM,1312,001,9,18,9,4,7,10,17,21,9,13,26,,91,,,,,44,"Huang, Yu","Rifat, Samia",,,,,yxh091220,yu huang,General Chemistry II 
CHEM,1315,HN1,3,15,6,3,3,,,,,,,,,,,,,0,"Sibert, John W",,,,,,sibertj,john sibert,Honors Freshman Chemistry I 
CHEM,2123,101,20,2,1,,,,2,,,,,,,,,,,1,"Wijenayake, Sumudu N","Shah, Shailesh N","Mefferd, Branston E","Panapitiya, Nimanka P",,,snw081000,sumudu wijenayake,Introductory Organic Chemistry Laboratory I 
CHEM,2123,102,13,,1,,1,,,,,,,,1,,,,,2,"Wijenayake, Sumudu N","Shah, Shailesh N","Brown, Monet R",,,,snw081000,sumudu wijenayake,Introductory Organic Chemistry Laboratory I 
CHEM,2123,104,30,,,,,,,,,,,,,,,,,0,"Wijenayake, Sumudu N","Shah, Shailesh N","Mefferd, Branston E",,,,sns170230,shailesh shah,Introductory Organic Chemistry Laboratory I 
CHEM,2123,105,26,1,,3,,,,,,,,,,,,,,0,"Wijenayake, Sumudu N","Shah, Shailesh N","Brown, Monet R",,,,sns170230,shailesh shah,Introductory Organic Chemistry Laboratory I 
CHEM,2123,106,26,4,,,,,,,,,,,,,,,,0,"Tran, Daniel N","Shah, Shailesh N","Li, Baowen",,,,dnt019000,daniel tran,Introductory Organic Chemistry Laboratory I 
CHEM,2123,107,26,2,,1,1,,,,,,,,,,,,,0,"Tran, Daniel N","Shah, Shailesh N","Lalami, Ismail",,,,dnt019000,daniel tran,Introductory Organic Chemistry Laboratory I 
CHEM,2123,108,27,1,1,,,,,,,1,,,,,,,,0,"Cortes, Sergio J","Shah, Shailesh N","Kikumoto Dias, Juliana",,,,sns170230,shailesh shah,Introductory Organic Chemistry Laboratory I 
CHEM,2123,109,28,1,1,,,,,,,,,,,,,,,0,"Cortes, Sergio J","Shah, Shailesh N","Shrivastava, Ashutosh",,,,sns170230,shailesh shah,Introductory Organic Chemistry Laboratory I 
CHEM,2123,110,21,,,1,,,,,,,,,,,,,,1,"Wijenayake, Sumudu N","Shah, Shailesh N","Trashi, Orikeda",,,,snw081000,sumudu wijenayake,Introductory Organic Chemistry Laboratory I 
CHEM,2123,111,12,,,,,1,,,,,,,,,,,,2,"Wijenayake, Sumudu N","Shah, Shailesh N","Ehrman, Ryanne N",,,,snw081000,sumudu wijenayake,Introductory Organic Chemistry Laboratory I 
CHEM,2123,113,27,1,1,,,,,,,,,,,,,,,0,"Lumata, Jenica","Shah, Shailesh N","Elmore, Scott T",,,,sns170230,shailesh shah,Introductory Organic Chemistry Laboratory I 
CHEM,2123,114,28,1,,,,,,,,,,,1,,,,,0,"Lumata, Jenica","Shah, Shailesh N","Ehrman, Ryanne N",,,,sns170230,shailesh shah,Introductory Organic Chemistry Laboratory I 
CHEM,2123,115,16,1,,,,,,,,,,,1,,,,,1,"Panapitiya, Nimanka P","Shah, Shailesh N","Parra, Aaron",,,,npp081000,nimanka panapitiya,Introductory Organic Chemistry Laboratory I 
CHEM,2123,116,9,5,,,,,,,,,,,,,,,,0,"Panapitiya, Nimanka P","Shah, Shailesh N","Brown, Monet R","Trashi, Orikeda",,,npp081000,nimanka panapitiya,Introductory Organic Chemistry Laboratory I 
CHEM,2123,118,23,3,1,1,,,,,,,,,,,,,,2,"Panapitiya, Nimanka P","Shah, Shailesh N","Parra, Aaron",,,,sns170230,shailesh shah,Introductory Organic Chemistry Laboratory I 
CHEM,2123,119,26,,1,,,,1,1,,,,,1,,,,,0,"Panapitiya, Nimanka P","Shah, Shailesh N","Koirala, Shailendra","Dubrovina, Anastasiia","Trashi, Orikeda","Kumari, Ekanayake Mudiyanselage Ishara G",sns170230,shailesh shah,Introductory Organic Chemistry Laboratory I 
CHEM,2123,120,29,,1,,,,,,,,,,,,,,,0,"Wijenayake, Sumudu N","Shah, Shailesh N","Li, Baowen",,,,snw081000,sumudu wijenayake,Introductory Organic Chemistry Laboratory I 
CHEM,2123,121,29,,,,,,,,,,,,,,,,,0,"Wijenayake, Sumudu N","Shah, Shailesh N","Dias, Prabavi Shayana",,,,snw081000,sumudu wijenayake,Introductory Organic Chemistry Laboratory I 
CHEM,2123,122,27,,,1,,,,,,,,,1,,,,,1,"Hoang, David T","Shah, Shailesh N","Lalami, Ismail",,,,sns170230,shailesh shah,Introductory Organic Chemistry Laboratory I 
CHEM,2123,123,27,1,1,,,1,,,,,,,,,,,,0,"Hoang, David T","Shah, Shailesh N","Dias, Prabavi Shayana",,,,sns170230,shailesh shah,Introductory Organic Chemistry Laboratory I 
CHEM,2123,124,18,,1,,,,,,,,,,,,,,,0,"Panapitiya, Nimanka P","Shah, Shailesh N","Ben David, Ayala",,,,npp081000,nimanka panapitiya,Introductory Organic Chemistry Laboratory I 
CHEM,2123,125,8,,1,1,2,,,,,,,,1,,,,,0,"Panapitiya, Nimanka P","Shah, Shailesh N","Ben David, Ayala","Kumari, Ekanayake Mudiyanselage Ishara G",,,npp081000,nimanka panapitiya,Introductory Organic Chemistry Laboratory I 
CHEM,2123,126,16,3,1,1,,1,,,,,,,1,,,,,0,"Panapitiya, Nimanka P","Shah, Shailesh N","Ben David, Ayala",,,,npp081000,nimanka panapitiya,Introductory Organic Chemistry Laboratory I 
CHEM,2123,601,25,1,,,,,,,,,,,,,,,,1,"Jaggi, Neelam","Shah, Shailesh N","Howlett, Thomas S",,,,nxj190013,,Introductory Organic Chemistry Laboratory I 
CHEM,2123,602,20,1,2,,,1,,,,,,,,,,,,1,"Jaggi, Neelam","Shah, Shailesh N","Brown, Monet R",,,,nxj190013,,Introductory Organic Chemistry Laboratory I 
CHEM,2123,604,18,1,,,1,,,1,,,1,,2,,,,,1,"Cortes, Sergio J","Shah, Shailesh N","Howlett, Thomas S",,,,scortes,sergio cortes,Introductory Organic Chemistry Laboratory I 
CHEM,2123,605,15,1,1,,,,,,,,,,1,,,,,0,"Cortes, Sergio J","Shah, Shailesh N","Elmore, Scott T",,,,scortes,sergio cortes,Introductory Organic Chemistry Laboratory I 
CHEM,2123,607,15,1,,,1,,,,,,,,1,,,,,1,"Cortes, Sergio J","Shah, Shailesh N","Kikumoto Dias, Juliana",,,,scortes,sergio cortes,Introductory Organic Chemistry Laboratory I 
CHEM,2123,608,26,2,,,,1,,,,,,,1,,,,,0,"Cortes, Sergio J","Shah, Shailesh N","Shrivastava, Ashutosh",,,,scortes,sergio cortes,Introductory Organic Chemistry Laboratory I 
CHEM,2123,609,6,2,1,1,,,,,,,,,,,,,,0,"Tran, Daniel N","Shah, Shailesh N",,,,,dnt019000,daniel tran,Introductory Organic Chemistry Laboratory I 
CHEM,2125,101,21,6,1,,,,,,1,,,,,,,,,1,"Wijenayake, Sumudu N","Boardman, Samuel",,,,,snw081000,sumudu wijenayake,Introductory Organic Chemistry Laboratory II 
CHEM,2125,102,17,6,1,1,1,,,,,,,,,,,,,4,"Tran, Daniel N","Boardman, Samuel",,,,,dnt019000,daniel tran,Introductory Organic Chemistry Laboratory II 
CHEM,2125,103,27,2,,,,1,,,,,,,,,,,,0,"Cortes, Sergio J","Arora, Niyati",,,,,scortes,sergio cortes,Introductory Organic Chemistry Laboratory II 
CHEM,2125,104,16,5,4,1,,,1,,,,,1,1,,,,,1,"Tran, Daniel N","Pack, Elizabeth",,,,,dnt019000,daniel tran,Introductory Organic Chemistry Laboratory II 
CHEM,2125,105,17,8,3,,,,,,,,,,1,,,,,1,"Tran, Daniel N","Boardman, Samuel",,,,,dnt019000,daniel tran,Introductory Organic Chemistry Laboratory II 
CHEM,2125,106,13,2,1,1,,,,,,,,,,,,,,0,"Tran, Daniel N","Arora, Niyati",,,,,dnt019000,daniel tran,Introductory Organic Chemistry Laboratory II 
CHEM,2125,107,7,1,2,,,,,,,1,,,2,,,,,1,"Tran, Daniel N","Pack, Elizabeth",,,,,dnt019000,daniel tran,Introductory Organic Chemistry Laboratory II 
CHEM,2127,HN1,14,6,1,1,1,,,,1,,,,,,,,,0,"Thompson, Christina M",,"Dubrovina, Anastasiia",,,,cmt120030,christina thompson,Honors Organic Chemistry Laboratory I 
CHEM,2323,001,26,38,13,14,9,6,8,8,4,1,4,,3,,,,,6,"Wijenayake, Sumudu N","Shah, Tejas V",,,,,snw081000,sumudu wijenayake,Introductory Organic Chemistry I 
CHEM,2323,002,33,44,17,9,12,16,4,2,3,3,1,,1,,,,,0,"Novak, Bruce M","Taslimy, Somayeh",,,,,bxn111230,bruce novak,Introductory Organic Chemistry I 
CHEM,2323,003,19,22,6,13,9,10,10,8,4,7,4,,13,,,,,15,"Tran, Daniel N",,,,,,dnt019000,daniel tran,Introductory Organic Chemistry I 
CHEM,2323,004,5,2,,5,4,6,1,3,3,1,2,,4,,,,,5,"Ahn, Jung-Mo","Smith, Tristan",,,,,jxa041100,jung mo ahn,Introductory Organic Chemistry I 
CHEM,2323,005,14,29,8,16,3,12,11,9,4,9,6,,13,,,,,8,"Novak, Bruce M","Taslimy, Somayeh",,,,,bxn111230,bruce novak,Introductory Organic Chemistry I 
CHEM,2323,006,38,36,12,13,7,8,7,5,3,4,5,,5,,,,,3,"Panapitiya, Nimanka P",,,,,,npp081000,nimanka panapitiya,Introductory Organic Chemistry I 
CHEM,2325,001,9,20,6,15,10,8,9,13,12,10,12,,12,,,,,14,"Thompson, Christina M",,,,,,cmt120030,christina thompson,Introductory Organic Chemistry II 
CHEM,2325,501,1,2,2,5,6,1,2,7,7,5,11,,17,,,,,9,"Cortes, Sergio J","Abbas, Muhammad",,,,,scortes,sergio cortes,Introductory Organic Chemistry II 
CHEM,2327,HN1,5,6,3,3,,2,1,,,,,,1,,,,,3,"Biewer, Michael C",,,,,,biewerm,michael biewer,Honors Organic Chemistry I 
CHEM,2401,001,1,3,3,2,2,3,2,,1,,1,,1,,,,,1,"Sra, Amandeep K","Douglas, Teri A",,,,,aks057000,amandeep sra,Introductory Quantitative Methods in Chemistry 
CHEM,2401,002,3,9,,1,,1,,,,,,,1,,,,,0,"Stelling, Allison","Remy, Ashele K",,,,,axs200157,allison stelling,Introductory Quantitative Methods in Chemistry 
CHEM,2401,003,1,4,1,1,2,3,,2,,,1,1,3,,,,,0,"Dissanayake, Dushanthi S","Tian, Yafen",,,,,dxd122030,dushanthi dissanayake,Introductory Quantitative Methods in Chemistry 
CHEM,2401,004,3,4,1,3,2,1,,3,,,,,1,,,,,0,"Sra, Amandeep K","Peng, Hao-Che",,,,,aks057000,amandeep sra,Introductory Quantitative Methods in Chemistry 
CHEM,3321,001,4,8,9,6,8,10,9,6,4,10,6,4,10,,,,,6,"Torabifard, Hedieh","Mills, Kira R",,,,,hxt200006,hedieh torabiford,Physical Chemistry I 
CHEM,3322,001,6,14,14,8,4,1,2,7,4,,2,4,6,,,,,2,"Nielsen, Steven","Yan, Qing",,,,,son051000,steven nielsen,Physical Chemistry II 
CHEM,3341,001,,31,,,9,,,3,,,,,2,,,,,1,"Chan, Julia Y","Brand, Emily J",,,,,jyc130130,julia chan,Inorganic Chemistry I 
CHEM,3361,001,1,1,6,3,2,2,1,4,,,,,,,,,,1,"Spiro, Stephen","Jia, Lin","Yaqub, Muneer O","Akter, Zakia","Salaudeen, Ibrahim O","Falah, Rafah M",sxs067400,stephen spiro,Biochemistry I 
CHEM,3361,002,,2,5,4,3,3,2,1,3,,,,,,,,,0,"Gavva, Sandhya R","Salaudeen, Ibrahim O","Falah, Rafah M","Akter, Zakia","Zhabilov, Dannie","Phelps, Shelby M",sgavva,sandhya gavva,Biochemistry I 
CHEM,3362,0W1,1,1,,,3,2,2,3,2,,1,,,,,,,0,"Candas, Mehmet","Dejong, Jeff L",,,,,candas,mehmet candas,Biochemistry II 
CHEM,3471,001,2,3,1,1,1,1,,,,,,,,,,,,1,"Ferraris, John","Smaldone, Ronald A","Panapitiya, Nimanka P","Cu Castillo, Cristina","Dubrovina, Anastasiia","Koirala, Shailendra",ferraris,john ferraris,Advanced Chemical Synthesis Laboratory 
CHEM,3471,003,2,3,3,,,,,1,,,,,,,,,,1,"Panapitiya, Nimanka P","Tague, Daniel W","Koirala, Shailendra","Cu Castillo, Cristina",,,npp081000,nimanka panapitiya,Advanced Chemical Synthesis Laboratory 
CHEM,3472,001,,,4,3,,,1,2,2,1,1,2,2,,,,,1,"Goux, Warren J","Igie, Nosakhare F","Siddiki, A K M Nur Alam","Qin, Yanping","Hashami, Zohreh","Sheybani, Simin",wgoux,warren goux,Instrumental Analysis 
CHEM,3472,002,,6,6,3,6,2,,3,,,,,,,,,,0,"Hashami, Zohreh","Haque, Syed Fahad Bin",,,,,zxh088000,zohreh hashami,Instrumental Analysis 
CHEM,3472,003,3,3,2,,1,2,2,2,1,2,1,1,4,,,,,2,"Qin, Yanping","Sheybani, Simin","Firouzi, Hamid Reza","Igie, Nosakhare F","Siddiki, A K M Nur Alam","Haque, Syed Fahad Bin",yxq083000,yanping qin,Instrumental Analysis 
CHEM,3472,004,,2,,3,1,1,3,1,3,1,3,1,,,,,,3,"Goux, Warren J","Siddiki, A K M Nur Alam","Igie, Nosakhare F","Sheybani, Simin","Haque, Syed Fahad Bin",,wgoux,warren goux,Instrumental Analysis 
CHEM,5314,001,,5,5,4,,,,,,,,,1,,,,,1,"Nielsen, Steven",,,,,,son051000,steven nielsen,Advanced Physical Chemistry 
CHEM,5331,501,,8,8,2,1,2,,,,,,,2,,,,,3,"Gassensmith, Jeremiah J",,,,,,jjg130230,jeremiah gassensmith,Advanced Organic Chemistry I 
CHEM,5341,001,,1,8,3,1,1,,,,,,,,,,,,0,"Balkus, Kenneth",,,,,,balkus,kenneth balkus,Advanced Inorganic Chemistry I 
CHEM,5355,001,,7,4,8,1,,,,,,,,,,,,,3,"Pantano, Paul",,,,,,pantano,paul pantano,Analytical Techniques I 
CHEM,5361,001,,10,,7,5,,,1,,,,,,,,,,2,"D'Arcy, Sheena",,,,,,sxd156730,sheena darcy,Advanced Biochemistry 
CHEM,6100,001,,,,,,,,,,,,,,97,,,,0,"Meloni, Gabriele",,,,,,gxm152330,gabriele meloni,Chemistry Department Seminar 
CHIN,1311,001,2,8,3,1,1,2,,1,,,,,1,,,,,0,"Ma, Ying",,,,,,yxm171930,ying ma,Beginning Chinese I 
CHIN,1311,002,3,3,2,1,2,,,,2,,,,,,,,,0,"Ma, Ying",,,,,,yxm171930,ying ma,Beginning Chinese I 
CHIN,1312,001,8,8,2,2,,1,,,,,1,,1,,,,,0,"Chen, Bei",,,,,,bxc152730,bei chen,Beginning Chinese II 
CHIN,2311,001,9,3,3,,1,,,,,,,,1,,,,,0,"Chen, Bei",,,,,,bxc152730,bei chen,Intermediate Chinese I 
CHIN,3365,001,2,4,4,,,1,,,,,1,,,,,,,0,"Chen, Bei",,,,,,bxc152730,bei chen,Advanced Chinese I 
CLDP,3303,001,2,12,,4,12,,4,7,,1,2,,4,,,,,0,"Maguire, Mandy","Thomas, Abbey L",,,,,mjm053000,mandy maguire,Normal Language Development 
CLDP,3310,0W1,,44,,2,9,,1,4,1,1,,,,,,,,0,"Touchstone, Emily W","Camacho, Natalia S",,,,,exw010200,emily touchstone,Child Development 
CLDP,3310,501,,6,3,2,4,,,1,1,,,1,,,,,,0,"Bonner, Deborah L","Padilla Cardoso, Mayra A",,,,,dbonner,deborah bonner,Child Development 
CLDP,3332,001,2,23,7,3,8,3,3,2,,,1,1,6,,,,,1,"Holub, Shayla C","Heinrich, Melissa D",,,,,sch052000,shayla holub,Social and Personality Development 
CLDP,3336,001,1,9,3,1,4,1,1,,1,,2,,,,,,,0,"Atchison, Kristin J",,,,,,kja042000,kristin atchison,Infancy 
CLDP,3339,001,,20,2,1,1,,,1,,,1,,1,,,,,0,"Huxtable-Jester, Karen J","Sudheesh, Athul",,,,,kxh014900,karen huxtable jester,Educational Psychology 
CLDP,3342,0W1,,36,,,5,,,,,,,,3,,,,,0,"Bonner, Deborah L","Hafiz, Mariam",,,,,dbonner,deborah bonner,Exceptional Children 
CLDP,3362,001,1,23,,1,13,,1,3,1,,1,,5,,,,,0,"Mills, Candice M","Wu, Dennis",,,,,cxm056000,candice mills,Cognitive Development 
CLDP,3394,0H1,,14,,,2,,,2,,,,,,,,,,2,"Grant, Meridith G","Zhao, Yuguang",,,,,mga061000,meridith grant,Research and Evaluation Methods 
CLDP,4308,0W1,,7,,,4,,,,,,,,,,,,,0,"Rojas-Villarreal, Raul","Moustafa, Rana",,,,,rxr105520,raul rojas villarreal,Language Disorders in Children 
CLDP,4V90,0H1,,9,,,2,,,,,,,,1,,,,,0,"Grant, Meridith G",,,,,,mga061000,meridith grant,Special Topics in Child Learning and Development 
COMD,5344,001,,9,,,1,,,,,,,,,,,,,0,"Powers, Katharine A","Lucas, Katelyn A",,,,,kap130730,katharine powers,Anatomy and Physiology of Speech and Hearing 
COMD,6221,001,,6,3,,1,,,,,,,,,,,,,0,"Shembel, Adrianna C",,,,,,acs200005,,Voice Disorders 
COMD,6222,001,,101,,,,,,,,,,,,,,,,0,"Lougeay, Janice",,,,,,lougeay,,Stuttering 
COMD,6240,001,,21,,,,,,,,,,,,,,,,0,"Touchstone, Emily W",,,,,,exw010200,emily touchstone,Professional Issues in Speech Language Pathology 
COMD,6305,001,,,,,,,,,,,,,,35,,,,0,"Katz, William",,,,,,wkatz,william katz,Speech Science 
COMD,6307,0H1,,8,9,2,1,,,,,,,,,,,,,0,"Evans, Julia L",,,,,,jle130030,julia evans,Language Acquisition 
COMD,6308,001,,79,,,,,,,,,,,,,,,,0,"Rich, Judith B","Denicola-Prechtl, Kathleen M",,,,,jbm014600,,Assessment and Intervention of Language Impairments in Preschool and School-Age Children 
COMD,6320,001,,55,,6,2,,,,,,,,,,,,,0,"Aldridge, Michelle A","Kenedi, Helen",,,,,aldridge,michelle aldridge,Motor Speech Disorders 
COMD,6377,001,,76,,,10,,,,,,,,,,,,,0,"Kenedi, Helen","Sale, Felicity F",,,,,kenedi,,Neurogenic Communication Disorders I 
COMD,6378,001,,17,,,2,,,,,,,,,,,,,0,"Dean, Lucinda L","Sale, Felicity F",,,,,lxl018300,,Neurogenic Communication Disorders II 
COMD,6V09,001,,11,,,,,,,,,,,,,,,,0,"Aldridge, Michelle A",,,,,,aldridge,michelle aldridge,Autism Spectrum Disorder 
COMD,7204,501,,30,,,,,,,,,,,,,,,,0,"Cook, Julie D",,,,,,jdc151030,,Craniofacial Disorders 
COMD,7219,001,,33,,,,,,,,,,,,,,,,0,"Touchstone, Emily W",,,,,,exw010200,emily touchstone,Birth-To-Three 
COMD,7221,001,,19,,,,,,,,,,,,,,,,0,"Carter, Jessica A",,,,,,jar032000,,Preschool Intervention 
COMD,7301,001,,50,,,,,,,,,,,,,,,,0,"Dean, Lucinda L",,,,,,lxl018300,,Public School Methods 
COMD,7309,001,,8,,2,,,,,,,,,,,,,,0,"Hart, John",,,,,,jxh057100,,Neural Correlates of Human Cognition  Functional Localization 
COMD,7320,001,,8,1,,1,,,1,,,,,,,,,,0,"Goffman, Lisa A",,,,,,lag160930,,Speech Sound Disorders in Children  From Articulation to Phonology 
COMD,7336,001,,17,1,2,1,,,,,,,,,,,,,0,"Rollins, Pamela R",,,,,,rollins,pam rollins,Social Communication in Early Childhood Disorders 
COMM,1311,001,15,15,13,13,9,2,4,2,1,1,,1,3,,,,,0,"Totusek, Patricia F","Gregory, Mona Y","Nash, Michelle A",,,,pft140030,patricia totusek,Survey of Oral and Technology-based Communication 
COMM,1311,002,,4,,4,6,1,1,1,,,,,1,,,,,0,"Baker, Barbara L",,,,,,blb140430,barbara baker,Survey of Oral and Technology-based Communication 
COMM,1311,003,1,5,6,4,4,1,,1,,,,,2,,,,,0,"Baker, Barbara L",,,,,,blb140430,barbara baker,Survey of Oral and Technology-based Communication 
COMM,1311,004,3,6,7,1,5,1,,1,,,,,,,,,,0,"Totusek, Patricia F",,,,,,pft140030,patricia totusek,Survey of Oral and Technology-based Communication 
COMM,1311,005,9,8,7,1,1,1,,,1,,,,,,,,,2,"Arnold, Bob",,,,,,bxa161430,bob arnold,Survey of Oral and Technology-based Communication 
COMM,1311,006,12,9,1,3,1,1,,,,,,,1,,,,,1,"Arnold, Bob",,,,,,bxa161430,bob arnold,Survey of Oral and Technology-based Communication 
COMM,1311,007,,2,2,3,1,6,3,1,,,2,,5,,,,,0,"Cox, Chauncey",,,,,,cxc200028,chauncey cox,
COMM,1311,0H1,11,3,2,3,1,1,,,1,,,,2,,,,,0,"Templeton, Allison A",,,,,,aam141730,allison templeton,Survey of Oral and Technology-based Communication 
COMM,1311,0H2,15,5,,1,2,,1,,,,,,,,,,,0,"Templeton, Allison A",,,,,,aam141730,allison templeton,Survey of Oral and Technology-based Communication 
COMM,1311,0H3,21,3,3,1,,1,,,,,,1,,,,,,0,"Davis, Letitia",,,,,,laa104020,letitia davis,Survey of Oral and Technology-based Communication 
COMM,1311,0H4,24,,,2,,,1,1,,,,,2,,,,,0,"Davis, Letitia",,,,,,laa104020,letitia davis,Survey of Oral and Technology-based Communication 
COMM,1311,0H5,7,7,2,3,,,3,,,1,1,,3,,,,,2,"Nyamandi, Varaidzo",,,,,,vxn200023,,Survey of Oral and Technology-based Communication 
COMM,1311,0W1,,4,3,2,6,1,1,2,,,2,,2,,,,,1,"Baker, Barbara L",,,,,,blb140430,barbara baker,
COMM,1311,0W2,4,9,2,1,5,1,1,,,,,,1,,,,,0,"Totusek, Patricia F",,,,,,pft140030,patricia totusek,
COMM,1311,0W3,6,9,3,1,1,1,,,1,,,,1,,,,,1,"Templeton, Allison A",,,,,,aam141730,allison templeton,
COMM,1311,0W4,2,9,6,,2,,,,,1,1,1,,,,,,1,"Templeton, Allison A",,,,,,aam141730,allison templeton,
COMM,1311,0W5,12,8,4,1,1,1,,,1,,,,1,,,,,0,"Gregory, Mona Y",,,,,,myg140030,mona gregory,
COMM,1311,0W6,19,3,3,2,,,,,,,,,2,,,,,0,"Hanson, Jocyln Y",,,,,,jyh140230,jocyln hanson,
COMM,1311,0W7,18,5,3,,,,,,,,,,1,,,,,2,"Hanson, Jocyln Y",,,,,,jyh140230,jocyln hanson,
COMM,1311,0W8,7,5,6,2,1,,2,1,1,,,,4,,,,,0,"Honea, Emily",,,,,,exh150830,emily honea,
COMM,1311,0W9,10,4,2,1,3,2,,,,,,1,5,,,,,0,"Honea, Emily",,,,,,exh150830,emily honea,
COMM,1311,5H1,2,3,4,1,1,4,1,2,2,1,1,1,5,,,,,2,"Hoffmann, John",,,,,,jxh200016,john hoffman,Survey of Oral and Technology-based Communication 
COMM,1311,5H2,3,8,1,1,2,,1,1,,,,,6,,,,,4,"Nash, Michelle A",,,,,,man200000,,Survey of Oral and Technology-based Communication 
COMM,1311,5W1,12,12,2,1,,,,1,1,,,,,,,,,0,"Tanner, Lari J",,,,,,ljt130130,lari tanner,
COMM,1311,5W2,11,12,1,2,1,,,,,,,,1,,,,,1,"Tanner, Lari J",,,,,,ljt130130,lari tanner,
COMM,1311,5W3,10,9,4,3,1,,,,1,,,,,,,,,0,"Vazzi, Lisa",,,,,,lxv160630,lisa vazzi,
COMM,1311,5W4,6,9,5,1,3,,,,,1,,,2,,,,,2,"Vazzi, Lisa",,,,,,lxv160630,lisa vazzi,
COMM,1311,5W5,11,9,,2,,2,,,,,,,1,,,,,1,"Juarez, Veronica",,,,,,vxj161430,veronica juarez,
COMM,1311,5W6,9,8,5,1,2,1,,,,,1,1,1,,,,,0,"Juarez, Veronica",,,,,,vxj161430,veronica juarez,
COMM,1311,5W9,1,3,4,2,3,5,1,1,1,,,,6,,,,,1,"Williams, Alecia N",,,,,,axw124630,alecia williams,
COMM,1315,0H1,22,4,,,1,,,,,,,,2,,,,,0,"Saenz, Michael A",,,,,,mas130030,michael saenz,Public Speaking 
COMM,1315,0H2,23,2,,,2,,,1,,,,,1,,,,,1,"Saenz, Michael A",,,,,,mas130030,michael saenz,Public Speaking 
COMM,1315,0H4,,15,4,,4,1,2,1,,,1,,,,,,,1,"Herndon, Scott",,,,,,sxh021200,scott herndon,Public Speaking 
COMM,1315,0H5,3,2,4,3,5,1,1,,,2,1,,5,,,,,3,"Aranda, Johnson",,,,,,jxa190020,johnson aranda,Public Speaking 
COMM,1315,0H6,,,7,2,5,1,1,2,4,,,,6,,,,,1,"Bromberg, Mike",,,,,,mxb210046,mike bromberg,Public Speaking 
COMM,1315,0W2,7,8,5,4,3,2,2,,,,3,,2,,,,,2,"Baynham, Karen M",,,,,,contemp,karen baynham,
COMM,1315,0W3,5,13,2,3,1,1,,2,,,,,1,,,,,0,"Cannon, Charles",,,,,,cxc190014,charles cannon,
COMM,1315,0W4,8,6,5,2,1,,1,1,,1,,,,,,,,1,"Cannon, Charles",,,,,,cxc190014,charles cannon,Public Speaking 
COMM,1315,0W6,3,6,5,1,1,2,,1,2,2,1,,4,,,,,0,"Aranda, Johnson",,,,,,jxa190020,johnson aranda,
COMM,1315,0W7,6,4,2,2,5,1,1,1,,,1,,4,,,,,4,"Baynham, Karen M",,,,,,contemp,karen baynham,
COMM,1315,5H1,11,4,3,5,2,,2,,,1,,,2,,,,,0,"Skiles, Bradley W",,,,,,bws150030,bradley skiles,Public Speaking 
COMM,1315,5H2,11,4,4,3,2,,2,,,1,1,,,,,,,0,"Skiles, Bradley W",,,,,,bws150030,bradley skiles,Public Speaking 
COMM,1315,HN1,,24,1,,,,,,,,,,,,,,,0,"Herndon, Scott",,,,,,sxh021200,scott herndon,Public Speaking 
COMM,3351,001,2,2,,1,2,1,,2,1,,,,1,,,,,0,"Baker, Barbara L",,,,,,blb140430,barbara baker,History and Theory of Communication 
COMM,3353,001,2,6,3,5,2,1,,,,1,,,1,,,,,1,"Totusek, Patricia F",,,,,,pft140030,patricia totusek,Nonverbal Communication 
COMM,4370,001,,12,2,,1,,,1,,,,,,,,,,0,"Hernandez-Katz, Melissa M",,,,,,mhkatz,melissa hernandez katz,Communication and Leadership 
CRIM,1301,0W1,41,41,10,2,1,1,,1,1,,1,1,1,,,,,2,"Polk, Elmer O","Hamer, Karen",,,,,peo091000,elmer polk,Introduction to Criminal Justice 
CRIM,1301,0W2,,5,4,2,13,6,1,3,4,,2,,4,,,,,5,"Harris, Michelle N","Corey, Jessica",,,,,mnh200001,michelle harris,Introduction to Criminal Justice 
CRIM,1307,002,,26,8,4,3,1,1,1,,,2,,1,,,,,1,"Krajewski, Andrew","Dore, Gaetan",,,,,axk210064,andrew krajewski,Introduction to Crime and Criminology 
CRIM,1307,0W1,,13,7,10,21,4,2,4,,,,,2,,,,,5,"Kovandzic, Tomislav","Rodriguez, Diana C",,,,,tvk071000,tomislav kovandzic,Introduction to Crime and Criminology 
CRIM,2313,0W1,2,29,,,19,,,9,,,2,,3,,,,,3,"Taylor, Robert W","Geibler, Robert",,,,,rwt092000,robert taylor,Police and Society 
CRIM,2316,0W1,30,13,5,,,1,,2,1,,,,3,,,1,,2,"Polk, Elmer O","Hamer, Karen",,,,,peo091000,elmer polk,Corrections 
CRIM,3300,0W1,6,20,12,4,6,7,2,3,1,,,,7,,,,,1,"Worrall, John L","Manuel, Samantha A",,,,,jlw064000,john worrall,Crime and Civil Liberties 
CRIM,3301,001,10,9,5,4,3,,,,1,1,1,,2,,,,,0,"Park, Yeonjae",,,,,,yxp190004,yeonjae park,Theories of Justice 
CRIM,3302,001,,10,5,6,6,5,2,1,1,,,,1,,,,,0,"Lee, Yeungjeom","Corey, Jessica",,,,,yxl210021,,Advanced Criminology 
CRIM,3303,001,4,13,10,4,3,1,,,,,1,,1,,,,,1,"Wilds, Katherine M",,,,,,kmw160130,katherine wilds,Advanced Criminal Justice 
CRIM,3310,0W1,41,9,2,,2,1,,2,,,,,,,,,,2,"Polk, Elmer O","Hamer, Karen",,,,,peo091000,elmer polk,Youth Crime and Justice 
CRIM,3319,0W1,52,11,2,4,3,1,3,,,,,,1,,,,,2,"Polk, Elmer O","Hamer, Karen",,,,,peo091000,elmer polk,Comparative Justice Systems 
CRIM,3323,0W1,3,4,4,4,17,6,6,19,,1,1,,3,,,,,0,"Kovandzic, Tomislav","Rodriguez, Diana C",,,,,tvk071000,tomislav kovandzic,Violence and Gun Control 
CRIM,3324,0W1,11,15,11,7,2,4,3,3,1,1,,1,,,,,,1,"Hayslip, Melissa P","Van Blarcum, Lauren N",,,,,mpb150030,melissa hayslip,Gender  Crime  and Justice 
CRIM,3326,001,,2,1,10,5,1,7,6,1,2,,1,2,,,,,0,"Jacobs, Bruce A","Dore, Gaetan",,,,,baj034000,bruce jacobs,Victimless Crimes 
CRIM,3327,0W1,14,12,12,9,4,1,5,,,,,,2,,,,,1,"Hayslip, Melissa P","Van Blarcum, Lauren N",,,,,mpb150030,melissa hayslip,Violent Crime 
CRIM,4311,001,3,5,8,1,2,5,1,,1,,1,,2,,,,,1,"Hayslip, Melissa P","Van Blarcum, Lauren N",,,,,mpb150030,melissa hayslip,Crime and Justice Policy 
CRIM,4322,0H1,,1,3,7,7,6,1,2,,,1,,4,,,,,0,"Vieraitis, Lynne M","Manuel, Samantha A",,,,,lmv071000,lynne vieraitis,Senior Research Seminar 
CRIM,4396,002,4,18,6,4,1,,1,1,,,1,,1,,,,,0,"Boots, Denise P","Maduforo, Kate E",,,,,dpb062000,denise boots,Selected Topics in Criminology 
CRIM,6301,001,,1,5,4,1,,,,,,,,,,,,,0,"Fass, Simon",,,,,,fass,simon fass,Research Design I 
CRIM,6314,0W1,,5,10,2,2,,,2,,,,,,,,,,0,"Taylor, Robert W",,,,,,rwt092000,robert taylor,Policing 
CRWT,2301,001,,3,2,1,,,,,1,,,2,,,,,,1,"Lopez, Jesus",,,,,,jxl170431,,Introduction to Creative Writing 
CRWT,2301,002,2,9,4,,,,,,,,,,,,,,,0,"Balasa, Alexandra",,,,,,axb177630,alexandra balasa,Introduction to Creative Writing 
CRWT,2301,003,8,4,3,,,,,,,,,,,,,,,0,"Crawford, Rachel",,,,,,rxc161430,rachel crawford,Introduction to Creative Writing 
CRWT,2301,004,,4,2,2,2,1,,1,1,,,,1,,,,,0,"Ocasio-Russe, Lizbette",,,,,,lxo160130,lizbette ocasio russe,Introduction to Creative Writing 
CRWT,2301,005,12,1,1,,,1,,,,,,,,,,,,0,"Baker, Matthew W",,,,,,mwb190002,matthew baker,Introduction to Creative Writing 
CRWT,2301,501,8,,2,1,,1,,,2,,,,,,,,,0,"Wright, Adam M",,,,,,amw140430,adam wright,Introduction to Creative Writing 
CRWT,3306,001,6,5,1,2,,,,,,,,,,,,,,0,"Ogbaa, Maurine",,,,,,mxo210004,maurine ogbaa,Fiction Workshop 
CRWT,3306,501,7,5,,1,,1,,,,,,,,,,,,1,"Munoz-Hunt, Toni",,,,,,txm109120,toni munoz,Fiction Workshop 
CRWT,3308,001,,4,3,4,2,1,,,,,,,,,,,,0,"Malesic, Jonathan",,,,,,jxm210001,jonathan malesic,Nonfiction Workshop 
CRWT,3330,501,,1,5,1,2,2,,,,,,,1,,,,,0,"Vincent, Shelby D",,,,,,sdv034000,shelby vincent,Translation Workshop 
CRWT,3351,501,1,4,3,1,1,,,1,1,,,,,,,,,0,"Neal, Laura",,,,,,lxn200009,laura neal,Poetry Workshop 
CRWT,3354,501,2,5,5,2,,,,,,,,,,,,,,0,"Goldberg, Paula",,,,,,pxg180023,paula goldberg,Screenwriting Workshop 
CRWT,3355,HN1,5,6,,,,,,,,,,,,,,,,0,"Cantu, Hector D",,,,,,hdc210000,hector cantu,Comics Workshop 
CRWT,4355,501,2,4,2,2,1,,,,,,,,,,,,,1,"Goldberg, Paula",,,,,,pxg180023,paula goldberg,Advanced Screenwriting Workshop 
CS,1134,101,35,8,,2,3,,,1,,,,,1,,,,,1,"Doore, Karen L","Thompson, Laurie A",,,,,kld054000,karen doore,Computer Science Laboratory 
CS,1134,601,39,5,,2,,,,2,,,,,6,,,,,0,"Doore, Karen L","Thompson, Laurie A",,,,,kld054000,karen doore,Computer Science Laboratory 
CS,1134,602,13,8,2,2,4,1,1,2,1,,1,,8,,,,,1,"Doore, Karen L","Thompson, Laurie A",,,,,kld054000,karen doore,Computer Science Laboratory 
CS,1136,101,42,3,7,1,6,1,,1,2,,4,,4,,,,,2,"Doore, Karen L","Thompson, Laurie A",,,,,kld054000,karen doore,Computer Science Laboratory 
CS,1136,102,25,5,2,3,,,2,1,1,,2,,7,,,,,4,"Doore, Karen L","Thompson, Laurie A",,,,,kld054000,karen doore,Computer Science Laboratory 
CS,1136,103,38,,1,3,1,2,1,1,,,,,2,,,,,0,"Doore, Karen L","Thompson, Laurie A",,,,,kld054000,karen doore,Computer Science Laboratory 
CS,1136,104,29,5,3,3,2,,,,1,,3,,8,,,,,0,"Doore, Karen L","Thompson, Laurie A",,,,,kld054000,karen doore,Computer Science Laboratory 
CS,1136,105,38,5,6,2,,1,3,1,1,,3,,10,,,,,3,"Doore, Karen L","Thompson, Laurie A",,,,,kld054000,karen doore,Computer Science Laboratory 
CS,1136,106,38,3,2,1,,1,,,,,3,,2,,,,,2,"Doore, Karen L","Thompson, Laurie A",,,,,kld054000,karen doore,Computer Science Laboratory 
CS,1136,107,23,5,1,2,1,5,1,,1,,4,,2,,,,,3,"Doore, Karen L","Thompson, Laurie A",,,,,kld054000,karen doore,Computer Science Laboratory 
CS,1136,108,36,3,3,2,1,1,,1,1,,,,4,,,,,0,"Doore, Karen L","Thompson, Laurie A",,,,,kld054000,karen doore,Computer Science Laboratory 
CS,1136,109,39,2,,1,3,,2,,1,,,,4,,,,,0,"Doore, Karen L","Thompson, Laurie A",,,,,kld054000,karen doore,Computer Science Laboratory 
CS,1136,110,30,1,2,3,3,1,,,3,,3,,3,,,,,3,"Doore, Karen L","Thompson, Laurie A",,,,,kld054000,karen doore,Computer Science Laboratory 
CS,1136,111,57,3,1,4,2,2,,2,,,2,,5,,,,,1,"Doore, Karen L","Thompson, Laurie A",,,,,kld054000,karen doore,Computer Science Laboratory 
CS,1136,112,35,6,4,1,4,1,2,3,,,3,,11,,,,,1,"Doore, Karen L","Thompson, Laurie A",,,,,kld054000,karen doore,Computer Science Laboratory 
CS,1136,113,25,4,1,1,1,2,3,1,1,,5,,6,,,,,2,"Doore, Karen L","Thompson, Laurie A",,,,,kld054000,karen doore,Computer Science Laboratory 
CS,1136,114,44,5,3,1,1,1,,2,,,5,,9,,,,,2,"Doore, Karen L","Thompson, Laurie A",,,,,kld054000,karen doore,Computer Science Laboratory 
CS,1136,115,38,4,6,,2,2,,1,2,,,,14,,,,,1,"Doore, Karen L","Thompson, Laurie A",,,,,kld054000,karen doore,Computer Science Laboratory 
CS,1136,116,21,2,4,1,1,1,1,,1,,3,,9,,,,,0,"Doore, Karen L","Thompson, Laurie A",,,,,kld054000,karen doore,Computer Science Laboratory 
CS,1136,601,22,5,5,3,6,2,4,2,2,,6,,18,,,,,1,"Doore, Karen L","Thompson, Laurie A",,,,,kld054000,karen doore,Computer Science Laboratory 
CS,1136,602,44,5,2,2,2,1,3,3,,,3,,7,,,,,2,"Doore, Karen L","Thompson, Laurie A",,,,,kld054000,karen doore,Computer Science Laboratory 
CS,1136,603,31,6,10,1,4,2,2,6,4,,3,,30,,,,,13,"Doore, Karen L","Thompson, Laurie A",,,,,kld054000,karen doore,Computer Science Laboratory 
CS,1200,001,31,17,13,6,4,1,,,,,,,,,,,,0,"Christiansen, Michael G",,,,,,mgc013000,michael christiansen,Introduction to Computer Science and Software Engineering 
CS,1200,002,15,17,11,11,7,5,,2,,1,1,1,,,,,,0,"Christiansen, Michael G",,,,,,mgc013000,michael christiansen,Introduction to Computer Science and Software Engineering 
CS,1200,004,14,24,10,4,2,,,3,,1,1,,1,,,,,0,"Feng, Ranran",,,,,,rxf090020,ranran feng,Introduction to Computer Science and Software Engineering 
CS,1200,005,17,29,11,5,7,,3,,,,,,,,,,,0,"Christiansen, Michael G",,,,,,mgc013000,michael christiansen,Introduction to Computer Science and Software Engineering 
CS,1200,006,,10,,3,6,,,1,,,,,,,,,,0,"Cole, John",,,,,,jxc064000,john cole,Introduction to Computer Science and Software Engineering 
CS,1200,007,,11,,9,16,1,,2,,,,,,,,,,0,"Cole, John",,,,,,jxc064000,john cole,Introduction to Computer Science and Software Engineering 
CS,1200,008,,7,9,11,8,2,5,6,,,,,1,,,,,0,"Chin, Wei-Pang",,,,,,wxc180013,wei pang chin,Introduction to Computer Science and Software Engineering 
CS,1200,009,22,9,4,1,3,4,3,,,,,,3,,,,,0,"Min, Richard K",,,,,,rkm010300,richard min,Introduction to Computer Science and Software Engineering 
CS,1200,011,1,19,,9,13,1,,4,,,,,1,,,,,1,"Cole, John",,,,,,jxc064000,john cole,Introduction to Computer Science and Software Engineering 
CS,1200,013,12,13,5,8,7,,,2,,,,,,,,,,1,"Christiansen, Michael G",,,,,,mgc013000,michael christiansen,Introduction to Computer Science and Software Engineering 
CS,1200,014,21,13,10,7,,,3,2,1,,,,2,,,,,0,"Page, Ivor",,,,,,ivor,ivor page,Introduction to Computer Science and Software Engineering 
CS,1200,0W1,4,22,16,22,21,12,6,3,4,,2,,7,,,,,0,"Ikram, Muhammad Z",,,,,,mzi041000,muhammad ikram,
CS,1200,0W2,8,27,13,3,2,6,2,3,,1,2,,8,,,,,1,"Le, Khiem V",,,,,,kvl140030,khiem le,
CS,1200,501,6,12,17,20,7,4,,,,,2,,4,,,,,0,"Salazar, Elmer E",,,,,,ees101020,elmer salazar,Introduction to Computer Science and Software Engineering 
CS,1200,502,,8,7,9,8,3,11,1,,,2,,,,,,,0,"Chin, Wei-Pang",,,,,,wxc180013,wei pang chin,Introduction to Computer Science and Software Engineering 
CS,1200,HON,26,4,,,,,,,,,,,,,,,,0,"Page, Ivor",,,,,,ivor,ivor page,Introduction to Computer Science and Software Engineering 
CS,1324,001,11,7,5,6,6,3,6,3,2,3,,,6,,,,,2,"Feng, Ranran",,,,,,rxf090020,ranran feng,Introduction to Programming for Biomedical Engineers 
CS,1325,001,6,1,6,6,6,7,3,7,4,3,,2,10,,,,,5,"Razo Razo, Miguel A",,,,,,mrazora,miguel razo,Introduction to Programming 
CS,1325,002,3,11,6,14,13,9,7,6,1,,1,,2,,,,,2,"Paulk, Mark C",,,,,,mcp130030,mark paulk,Introduction to Programming 
CS,1334,001,19,5,6,5,3,4,4,6,,2,,,2,,,,,1,"Veerasamy, Jeyakesavan",,,,,,veerasam,jeyakesavan veerasamy,Programming Fundamentals for Non-Majors 
CS,1334,002,2,5,17,7,9,7,1,3,,1,1,1,5,,,,,1,"Srinivasan, Srimathi",,,,,,sxs180206,srimathi srinivasan,Programming Fundamentals for Non-Majors 
CS,1334,003,2,2,7,5,6,4,4,2,1,2,1,2,7,,,,,1,"Srinivasan, Srimathi",,,,,,sxs180206,srimathi srinivasan,Programming Fundamentals for Non-Majors 
CS,1335,001,18,5,4,2,3,4,6,2,3,,,,3,,,,,1,"Narayanasami, Priya",,,,,,pxn173330,priya narayanasami,Computer Science I for Non-majors 
CS,1335,002,13,12,9,5,9,3,,3,1,1,1,,4,,,,,1,"Narayanasami, Priya",,,,,,pxn173330,priya narayanasami,Computer Science I for Non-majors 
CS,1336,001,5,7,9,7,10,9,4,10,,2,1,2,5,,,,,2,"Peterson, Erik A",,,,,,eap190004,erik peterson,Programming Fundamentals 
CS,1336,002,5,6,9,1,3,1,2,1,5,2,1,1,8,,,,,6,"Arnold, Gordon L",,,,,,gxa120930,gordon arnold,Programming Fundamentals 
CS,1336,003,13,19,7,4,5,,1,,,,1,,2,,,,,0,"Dollinger, Scott M",,,,,,smd013000,scott dollinger,Programming Fundamentals 
CS,1336,004,,14,8,2,10,3,2,2,4,,2,,5,,,,,0,"Solanki, Nidhiben M",,,,,,nxs121130,nidhiben solanki,Programming Fundamentals 
CS,1336,005,13,18,7,14,5,1,3,2,,2,2,,5,,,,,3,"Karrah, Shyam S",,,,,,skarrah,shyam karrah,Programming Fundamentals 
CS,1336,006,18,16,5,3,4,2,1,,,,,,1,,,,,2,"Dollinger, Scott M",,,,,,smd013000,scott dollinger,Programming Fundamentals 
CS,1336,007,3,5,3,4,2,5,2,7,1,2,2,1,11,,,,,3,"Thompson, Laurie A",,,,,,lthomp,laurie thompson,Programming Fundamentals 
CS,1336,008,15,11,4,9,2,1,3,2,2,,1,,2,,,,,0,"Karami, Gity",,,,,,gxk180009,gity karami,Programming Fundamentals 
CS,1336,009,24,8,5,3,2,4,1,2,,,,,3,,,,,0,"Dollinger, Scott M",,,,,,smd013000,scott dollinger,Programming Fundamentals 
CS,1336,010,4,5,2,2,4,3,4,5,1,6,2,,11,,,,,3,"Arnold, Gordon L",,,,,,gxa120930,gordon arnold,Programming Fundamentals 
CS,1336,011,21,26,10,7,4,1,2,2,2,,2,,2,,,,,1,"Karrah, Shyam S",,,,,,skarrah,shyam karrah,Programming Fundamentals 
CS,1336,012,7,13,8,9,11,12,4,5,1,,,,3,,,,,1,"Min, Richard K",,,,,,rkm010300,richard min,Programming Fundamentals 
CS,1336,013,3,,3,10,7,5,1,4,2,2,2,1,9,,,,,2,"Thompson, Laurie A",,,,,,lthomp,laurie thompson,Programming Fundamentals 
CS,1336,014,9,8,9,4,7,8,3,2,2,,3,1,15,,,,,2,"Arnold, Gordon L",,,,,,gxa120930,gordon arnold,Programming Fundamentals 
CS,1336,015,4,18,12,5,6,7,2,1,1,1,7,3,2,,,,,1,"Pathak, Jogen K",,,,,,jkp210004,jogen pathak,Programming Fundamentals 
CS,1336,016,29,2,3,,3,,1,2,1,,3,,4,,,,,0,"Karami, Gity",,,,,,gxk180009,gity karami,Programming Fundamentals 
CS,1336,501,3,4,4,9,14,8,3,4,6,1,6,3,12,,,,,1,"Le, Khiem V",,,,,,kvl140030,khiem le,
CS,1336,502,11,17,10,10,7,3,1,4,3,,1,,6,,,,,2,"Dollinger, Scott M",,,,,,smd013000,scott dollinger,Programming Fundamentals 
CS,1336,503,2,6,10,11,10,9,4,6,9,1,4,3,23,,,,,13,"Le, Khiem V",,,,,,kvl140030,khiem le,
CS,1337,001,4,6,3,3,3,1,3,2,,,1,2,2,,,,,4,"Veerasamy, Jeyakesavan",,,,,,veerasam,jeyakesavan veerasamy,Computer Science I 
CS,1337,002,2,13,2,5,7,7,1,5,,1,6,1,10,,,,,17,"Smith, Jason W",,,,,,jws130830,jason smith,Computer Science I 
CS,1337,003,,3,3,1,,1,,,4,1,1,,3,,,,,3,"Le, Khiem V",,,,,,kvl140030,khiem le,Computer Science I 
CS,1337,501,8,4,5,7,2,4,5,2,,,1,,4,,,,,3,"Pattikonda, Raum",,,,,,rxp210036,raum pattikonda,Computer Science I 
CS,1337,502,40,,,,,,,,,,,,1,,,,,3,"Uribe, Daniel M",,,,,,dmu011000,daniel uribe,Computer Science I 
CS,1337,503,3,5,3,8,4,4,2,1,3,,2,,7,,,,,3,"Razo Razo, Miguel A",,,,,,mrazora,miguel razo,Computer Science I 
CS,2305,001,12,11,10,4,7,2,9,1,4,5,,1,2,,,,,1,"Feng, Ranran",,,,,,rxf090020,ranran feng,Discrete Mathematics for Computing I 
CS,2305,002,5,4,3,5,6,2,7,3,2,6,1,,8,,,,,7,"Ntafos, Simeon",,,,,,ntafos,simeon ntafos,Discrete Mathematics for Computing I 
CS,2305,003,6,10,4,8,1,6,6,2,2,2,,,6,,,,,2,"Willson, James K",,,,,,jkw053000,james willson,Discrete Mathematics for Computing I 
CS,2305,004,11,15,26,5,6,1,,1,,,,,1,,,,,0,"Erbatur, Serdar",,,,,,sxe190003,serdar erbatur,Discrete Mathematics for Computing I 
CS,2305,005,1,3,2,2,3,,1,5,4,1,1,2,5,,,,,6,"Ntafos, Simeon",,,,,,ntafos,simeon ntafos,Discrete Mathematics for Computing I 
CS,2305,006,,5,7,5,7,7,3,4,1,,2,,1,,,,,1,"Chin, Wei-Pang",,,,,,wxc180013,wei pang chin,Discrete Mathematics for Computing I 
CS,2305,007,13,18,17,2,6,2,1,1,,,,,2,,,,,2,"Erbatur, Serdar",,,,,,sxe190003,serdar erbatur,Discrete Mathematics for Computing I 
CS,2305,501,10,17,1,5,6,6,1,2,,3,1,1,9,,,,,4,"Willson, James K",,,,,,jkw053000,james willson,Discrete Mathematics for Computing I 
CS,2305,502,,11,11,7,5,9,5,2,2,,5,,6,,,,,3,"Chin, Wei-Pang",,,,,,wxc180013,wei pang chin,Discrete Mathematics for Computing I 
CS,2305,503,12,17,5,4,8,2,2,2,,,1,,,,,,,0,"Farage, Timothy P",,,,,,tfarage,timothy farage,Discrete Mathematics for Computing I 
CS,2305,504,7,13,6,2,8,5,3,2,5,,1,,10,,,,,2,"Bhat, Kong P",,,,,,kpb016100,kong bhat,Discrete Mathematics for Computing I 
CS,2305,HN1,4,6,11,4,3,1,,,,,,,,,,,,0,"Bereg, Sergey",,,,,,sxb027100,sergey bereg,Discrete Mathematics for Computing I 
CS,2335,001,12,8,3,,1,,,1,,2,1,1,1,,,,,0,"Doore, Karen L",,,,,,kld054000,karen doore,Computer Science II for Non-majors 
CS,2336,001,3,7,8,6,5,11,5,7,1,1,4,,3,,,,,2,"Ramachandran, Ramana K",,,,,,ramana,,Computer Science II 
CS,2336,002,37,7,3,3,1,1,1,5,,,1,1,10,,,,,2,"Nouroz Borazjany, Mehra",,,,,,mxn143230,mehra borazjany,Computer Science II 
CS,2336,003,17,15,6,3,8,1,1,1,,1,,2,2,,,,,8,"Smith, Jason W",,,,,,jws130830,jason smith,Computer Science II 
CS,2336,004,4,20,13,6,6,1,,2,1,,,,1,,,,,2,"Chappidi, Sruthi",,,,,,sxc105920,sruthi chappidi,Computer Science II 
CS,2336,005,,14,5,4,27,2,4,7,3,,4,,5,,,,,1,"Cole, John",,,,,,jxc064000,john cole,Computer Science II 
CS,2336,501,12,10,5,1,8,1,1,2,1,,,,1,,,,,1,"Khan, Ziaullah",,,,,,kkhan,ziaullah khan,Computer Science II 
CS,2336,502,23,24,9,4,5,1,2,2,,,,,2,,,,,0,"Khan, Ziaullah",,,,,,kkhan,ziaullah khan,Computer Science II 
CS,2336,503,,3,,4,5,,,2,,,2,,,,,,,1,"Belkoura, Mohamed Amine",,,,,,mxb135330,mohamed amine belkoura,Computer Science II 
CS,2336,504,2,15,3,,15,4,2,9,3,2,3,,2,,,,,6,"Belkoura, Mohamed Amine",,,,,,mxb135330,mohamed amine belkoura,Computer Science II 
CS,2337,001,43,15,4,4,,2,1,,1,,1,,2,,,,,2,"Dollinger, Scott M",,,,,,smd013000,scott dollinger,Computer Science II 
CS,2337,002,15,24,7,1,6,3,1,5,,,,,8,,,,,5,"Smith, Jason W",,,,,,jws130830,jason smith,Computer Science II 
CS,2337,501,6,17,9,4,3,4,4,2,4,1,,3,6,,,,,1,"Bhat, Kong P",,,,,,kpb016100,kong bhat,Computer Science II 
CS,2340,001,6,15,9,8,7,4,5,7,,,2,,,,,,,2,"Nguyen, Nhut",,,,,,nhutnn,nhut nguyen,Computer Architecture 
CS,2340,002,2,1,,2,4,3,7,3,3,1,4,2,3,,,,,4,"Goodrum, Richard A",,,,,,rag150330,richard goodrum,Computer Architecture 
CS,2340,003,9,9,14,7,6,5,2,4,,,3,1,,,,,,2,"Mazidi, Karen J",,,,,,kjm160430,karen mazidi,Computer Architecture 
CS,2340,004,1,5,6,3,11,7,5,3,3,3,7,,5,,,,,1,"Zhao, Yi",,,,,,zhao,yi zhao,Computer Architecture 
CS,2340,005,,2,2,2,9,8,5,8,4,3,2,,16,,,,,2,"Goodrum, Richard A",,,,,,rag150330,richard goodrum,Computer Architecture 
CS,2340,501,3,9,8,5,8,4,3,5,,,5,,1,,,,,1,"Nguyen, Nhut",,,,,,nhutnn,nhut nguyen,Computer Architecture 
CS,2340,502,2,7,5,2,4,15,5,2,4,1,4,,5,,,,,4,"Zhao, Yi",,,,,,zhao,yi zhao,Computer Architecture 
CS,2340,503,1,6,,9,5,4,2,2,3,,,,,,,,,1,"Jaffal, Wafa",,,,,,wxj210000,wafa jaffal,Computer Architecture 
CS,2340,504,,5,2,3,7,3,,5,,1,6,,4,,,,,1,"Zhao, Yi",,,,,,zhao,yi zhao,Computer Architecture 
CS,3149,002,4,5,2,1,,,1,1,,,,,2,,,,,1,"Chitturi, Bhadrachalam",,,,,,chalam,chitturi bhadrachalam,Competitive Learning in Computer Science 
CS,3162,051,,13,12,4,4,4,,3,,,,,1,,,,,3,"Chin, Wei-Pang",,,,,,wxc180013,wei pang chin,Professional Responsibility in Computer Science and Software Engineering 
CS,3162,052,45,1,,2,3,,,1,,,,,2,,,,,0,"Peterson, Erik A",,,,,,eap190004,erik peterson,Professional Responsibility in Computer Science and Software Engineering 
CS,3162,053,11,35,1,,,,3,,,,,,2,,,,,0,"DeGroot, Doug",,,,,,dxd180020,doug degroot,Professional Responsibility in Computer Science and Software Engineering 
CS,3162,054,8,25,2,,,,,,,,,,,,,,,2,"DeGroot, Doug",,,,,,dxd180020,doug degroot,Professional Responsibility in Computer Science and Software Engineering 
CS,3162,055,15,11,9,1,,,,,,,,1,1,,,,,0,"Salazar, Elmer E",,,,,,ees101020,elmer salazar,Professional Responsibility in Computer Science and Software Engineering 
CS,3162,091,,14,5,4,4,5,3,4,2,,1,,,,,,,0,"Chin, Wei-Pang",,,,,,wxc180013,wei pang chin,Professional Responsibility in Computer Science and Software Engineering 
CS,3162,092,25,11,,5,,4,1,1,,,,,1,,,,,0,"Peterson, Erik A",,,,,,eap190004,erik peterson,Professional Responsibility in Computer Science and Software Engineering 
CS,3162,093,9,25,2,1,5,,,,,,,,2,,,,,0,"DeGroot, Doug",,,,,,dxd180020,doug degroot,Professional Responsibility in Computer Science and Software Engineering 
CS,3162,094,22,8,,,,,1,4,,,1,,1,,,,,0,"DeGroot, Doug",,,,,,dxd180020,doug degroot,Professional Responsibility in Computer Science and Software Engineering 
CS,3162,095,2,5,3,2,2,1,,,,,,,2,,,,,1,"Salazar, Elmer E",,,,,,ees101020,elmer salazar,Professional Responsibility in Computer Science and Software Engineering 
CS,3162,555,41,4,,3,,,1,,,,,,,,,,,0,"Debroy, Vidroha",,,,,,vxd024000,vidroha debroy,Professional Responsibility in Computer Science and Software Engineering 
CS,3162,595,37,8,1,,,,,1,,,,,2,,,,,0,"Debroy, Vidroha",,,,,,vxd024000,vidroha debroy,Professional Responsibility in Computer Science and Software Engineering 
CS,3305,001,5,21,5,2,7,8,2,8,1,,2,,4,,,,,5,"Jue, Jason",,,,,,jjue,jason jue,Discrete Mathematics for Computing II 
CS,3305,002,5,21,,21,10,3,2,2,2,,,,3,,,,,0,"Satpute, Meghana N",,,,,,mns086000,meghana satpute,Discrete Mathematics for Computing II 
CS,3305,003,2,10,10,7,3,6,3,4,,,,,3,,,,,2,"Davis, Chris I",,,,,,cid021000,chris davis,Discrete Mathematics for Computing II 
CS,3305,004,4,16,2,7,8,3,1,6,3,,,,6,,,,,5,"Satpute, Meghana N",,,,,,mns086000,meghana satpute,Discrete Mathematics for Computing II 
CS,3305,005,68,,1,,,,,,,,,,,,,,,0,"Uribe, Daniel M",,,,,,dmu011000,daniel uribe,Discrete Mathematics for Computing II 
CS,3305,006,7,12,17,8,8,5,4,2,,,,,1,,,,,6,"Chitturi, Bhadrachalam",,,,,,chalam,chitturi bhadrachalam,Discrete Mathematics for Computing II 
CS,3305,007,3,6,2,2,3,3,,1,,,,,1,,,,,3,"Chitturi, Bhadrachalam",,,,,,chalam,chitturi bhadrachalam,Discrete Mathematics for Computing II 
CS,3305,501,14,16,8,8,5,4,4,3,1,,1,,3,,,,,2,"Willson, James K",,,,,,jkw053000,james willson,Discrete Mathematics for Computing II 
CS,3341,001,36,13,11,9,6,3,5,4,,3,3,3,10,,,,,0,"Whalen, Tristan G","Zhao, Kun",,,,,tgw100020,tristan whalen,Probability and Statistics in Computer Science and Software Engineering 
CS,3341,002,16,9,11,4,9,5,12,8,7,2,5,1,12,,,,,5,"Whalen, Tristan G",,,,,,tgw100020,tristan whalen,Probability and Statistics in Computer Science and Software Engineering 
CS,3341,003,47,12,4,3,7,10,3,3,4,3,3,4,5,,,,,2,"Whalen, Tristan G",,,,,,tgw100020,tristan whalen,Probability and Statistics in Computer Science and Software Engineering 
CS,3341,004,29,5,2,6,7,8,11,5,6,4,3,5,10,,,,,4,"Whalen, Tristan G",,,,,,tgw100020,tristan whalen,Probability and Statistics in Computer Science and Software Engineering 
CS,3341,005,,6,7,6,8,6,3,12,2,2,2,,6,,,,,1,"Guo, Huizhen","Rahman, Nusma",,,,,hxg190020,huizhen guo,Probability and Statistics in Computer Science and Software Engineering 
CS,3341,006,,4,1,2,4,4,5,3,2,4,2,2,4,,,,,2,"Guo, Huizhen","Rahman, Nusma",,,,,hxg190020,huizhen guo,Probability and Statistics in Computer Science and Software Engineering 
CS,3341,HON,6,1,4,1,3,5,5,,1,,1,,1,,,,,0,"Haas, Zygmunt J",,,,,,zjh130030,zygmunt haas,
CS,3345,001,6,8,9,6,5,1,3,3,4,2,,,3,,,,,1,"Zhao, Yi",,,,,,zhao,yi zhao,Data Structures and Introduction to Algorithmic Analysis 
CS,3345,002,8,11,7,11,9,3,7,1,,,,,1,,,,,0,"Ozbirn, Greg A",,,,,,ozbirn,greg ozbirn,Data Structures and Introduction to Algorithmic Analysis 
CS,3345,003,36,4,3,2,2,1,1,,,,3,,4,,,,,2,"Karami, Gity",,,,,,gxk180009,gity karami,Data Structures and Introduction to Algorithmic Analysis 
CS,3345,004,6,6,3,5,,3,,7,,,3,,3,,,,,3,"Hamdy, Omar",,,,,,oxh210004,omar hamdy,Data Structures and Introduction to Algorithmic Analysis 
CS,3345,005,1,28,7,3,4,1,,3,2,,1,,,,,,,5,"Chappidi, Sruthi",,,,,,sxc105920,sruthi chappidi,Data Structures and Introduction to Algorithmic Analysis 
CS,3345,006,22,7,6,5,5,4,,3,,,3,,2,,,,,2,"Hamdy, Omar",,,,,,oxh210004,omar hamdy,Data Structures and Introduction to Algorithmic Analysis 
CS,3345,501,12,16,6,7,3,,4,1,1,,,,2,,,,,3,"Khan, Ziaullah",,,,,,kkhan,ziaullah khan,Data Structures and Introduction to Algorithmic Analysis 
CS,3345,502,6,9,10,3,5,4,2,5,,,,,,,,,,1,"Khan, Ziaullah",,,,,,kkhan,ziaullah khan,Data Structures and Introduction to Algorithmic Analysis 
CS,3345,504,1,11,10,6,4,3,8,,,1,2,,2,,,,,0,"Ozbirn, Greg A",,,,,,ozbirn,greg ozbirn,Data Structures and Introduction to Algorithmic Analysis 
CS,3345,HON,13,5,8,3,,,,,,,1,,2,,,,,0,"Page, Ivor",,,,,,ivor,ivor page,Data Structures and Introduction to Algorithmic Analysis 
CS,3354,001,,23,15,5,13,2,,,,,1,1,,,,,,0,"Cankaya, Ebru C",,,,,,exc067000,ebru cankaya,Software Engineering 
CS,3354,002,,9,17,11,9,4,4,2,,1,,1,,,,,,0,"Paulk, Mark C",,,,,,mcp130030,mark paulk,Software Engineering 
CS,3354,003,1,,1,5,8,5,2,2,,,1,,3,,,,,0,"Marcus, Andrian",,,,,,axm141731,andrian marcus,Software Engineering 
CS,3354,004,,14,9,9,19,2,3,1,1,,,,1,,,,,0,"Cankaya, Ebru C",,,,,,exc067000,ebru cankaya,Software Engineering 
CS,3354,005,18,13,5,6,2,5,5,2,2,1,1,,1,,,,,0,"Nguyen, Tien N",,,,,,tnn160630,tien nguyen,Software Engineering 
CS,3354,006,1,4,6,2,1,1,2,,1,1,,,,,,,,0,"Narayanasami, Priya",,,,,,pxn173330,priya narayanasami,Software Engineering 
CS,3354,007,11,2,5,,1,,,1,,,,,,,,,,0,"Narayanasami, Priya",,,,,,pxn173330,priya narayanasami,Software Engineering 
CS,3354,008,9,4,4,4,5,2,,1,1,1,,,1,,,,,1,"Christiansen, Michael G",,,,,,mgc013000,michael christiansen,Software Engineering 
CS,3354,0W1,,29,9,6,2,6,1,1,,1,,,1,,,,,2,"Srinivasan, Srimathi",,,,,,sxs180206,srimathi srinivasan,
CS,3354,501,5,20,11,11,7,5,,,,,,,,,,,,0,"Paulk, Mark C",,,,,,mcp130030,mark paulk,Software Engineering 
CS,3354,502,2,19,11,4,2,,,,,,,,,,,,,0,"Srinivasan, Srimathi",,,,,,sxs180206,srimathi srinivasan,Software Engineering 
CS,3354,HON,3,7,3,2,3,2,,,,,,,,,,,,0,"Marcus, Andrian",,,,,,axm141731,andrian marcus,Software Engineering 
CS,3360,001,2,7,1,2,3,,,3,,,,,3,,,,,0,"Feng, Ranran",,,,,,rxf090020,ranran feng,Computer Graphics for Artists and Designers 
CS,3377,001,6,7,3,6,7,7,6,5,,,1,,,,,,,2,"Min, Richard K",,,,,,rkm010300,richard min,Systems Programming in UNIX and Other Environments 
CS,3377,002,7,11,10,6,7,1,,4,,1,3,,8,,,,,4,"Alagar, Sridhar",,,,,,sxa173731,sridhar alagar,Systems Programming in UNIX and Other Environments 
CS,3377,003,6,7,3,7,10,8,7,5,,2,4,1,3,,,,,0,"Min, Richard K",,,,,,rkm010300,richard min,Systems Programming in UNIX and Other Environments 
CS,3377,0W1,1,5,6,5,4,3,2,9,2,1,2,3,8,,,,,0,"Alagar, Sridhar",,,,,,sxa173731,sridhar alagar,
CS,3377,0W2,12,21,16,4,6,,,1,,,,3,2,,,,,2,"Veerasamy, Jeyakesavan",,,,,,veerasam,jeyakesavan veerasamy,
CS,3377,0W3,19,15,12,8,1,4,4,,3,,2,,6,,,,,6,"Veerasamy, Jeyakesavan",,,,,,veerasam,jeyakesavan veerasamy,
CS,3377,0W5,2,25,11,22,6,,2,1,2,,,,3,,,,,2,"Satpute, Meghana N",,,,,,mns086000,meghana satpute,
CS,3377,0W6,3,12,4,1,8,2,3,8,,,3,,,,,,,5,"Nguyen, Nhut",,,,,,nhutnn,nhut nguyen,
CS,4141,101,14,3,,2,,,,1,,,,,,,,,,0,"Becker, Eric W","Malouf, Brian D","Cai, Yuchen","Singh, Ranveer","Chen, Tiantian",,ewb160130,eric becker,Digital Systems Laboratory 
CS,4141,102,14,4,1,1,,,,,,,,,,,,,,0,"Becker, Eric W","Singh, Ranveer","Malouf, Brian D","Chen, Tiantian","Cai, Yuchen",,ewb160130,eric becker,Digital Systems Laboratory 
CS,4141,103,18,1,1,,,,,,,,,,,,,,,0,"Becker, Eric W","Malouf, Brian D","Chen, Tiantian","Cai, Yuchen","Singh, Ranveer",,ewb160130,eric becker,Digital Systems Laboratory 
CS,4141,104,15,1,3,,1,,,,,,,,,,,,,0,"Becker, Eric W","Malouf, Brian D","Chen, Tiantian","Cai, Yuchen","Singh, Ranveer",,ewb160130,eric becker,Digital Systems Laboratory 
CS,4141,105,7,10,1,2,,,,,,,,,,,,,,0,"Becker, Eric W","Malouf, Brian D","Chen, Tiantian","Cai, Yuchen","Singh, Ranveer",,ewb160130,eric becker,Digital Systems Laboratory 
CS,4141,106,15,3,,1,1,,,,,,,,,,,,,0,"Becker, Eric W","Malouf, Brian D","Chen, Tiantian","Cai, Yuchen","Singh, Ranveer",,ewb160130,eric becker,Digital Systems Laboratory 
CS,4141,107,15,2,,1,1,,,1,,,,,,,,,,0,"Becker, Eric W","Malouf, Brian D","Chen, Tiantian","Cai, Yuchen","Singh, Ranveer",,ewb160130,eric becker,Digital Systems Laboratory 
CS,4141,108,19,,,,1,,,,,,,,,,,,,0,"Becker, Eric W","Malouf, Brian D","Chen, Tiantian","Cai, Yuchen","Singh, Ranveer",,ewb160130,eric becker,Digital Systems Laboratory 
CS,4141,109,9,4,2,2,1,,1,,,,,,,,,,,1,"Becker, Eric W","Malouf, Brian D","Chen, Tiantian","Cai, Yuchen","Singh, Ranveer",,ewb160130,eric becker,Digital Systems Laboratory 
CS,4141,110,13,6,,,,,,,,,,,1,,,,,0,"Becker, Eric W","Malouf, Brian D","Chen, Tiantian","Cai, Yuchen","Singh, Ranveer",,ewb160130,eric becker,Digital Systems Laboratory 
CS,4141,111,10,7,,1,,1,,1,,,,,,,,,,0,"Becker, Eric W","Malouf, Brian D","Chen, Tiantian","Cai, Yuchen","Singh, Ranveer",,ewb160130,eric becker,Digital Systems Laboratory 
CS,4141,112,9,3,,1,2,2,,,2,,,1,,,,,,0,"Becker, Eric W","Malouf, Brian D","Chen, Tiantian","Cai, Yuchen","Singh, Ranveer",,ewb160130,eric becker,Digital Systems Laboratory 
CS,4141,113,6,7,2,,2,1,,,1,1,,,,,,,,0,"Becker, Eric W","Malouf, Brian D","Chen, Tiantian","Cai, Yuchen","Singh, Ranveer",,ewb160130,eric becker,Digital Systems Laboratory 
CS,4141,114,9,2,2,1,3,,,1,,,2,,,,,,,0,"Becker, Eric W","Malouf, Brian D","Chen, Tiantian","Cai, Yuchen","Singh, Ranveer",,ewb160130,eric becker,Digital Systems Laboratory 
CS,4141,115,12,5,,1,1,,,1,,,,,,,,,,0,"Becker, Eric W","Malouf, Brian D","Chen, Tiantian","Cai, Yuchen","Singh, Ranveer",,ewb160130,eric becker,Digital Systems Laboratory 
CS,4141,601,11,3,2,,1,,,,,1,,,2,,,,,0,"Becker, Eric W","Malouf, Brian D","Chen, Tiantian","Cai, Yuchen","Singh, Ranveer",,ewb160130,eric becker,Digital Systems Laboratory 
CS,4141,602,8,9,,1,,,,,,,1,,1,,,,,0,"Becker, Eric W","Malouf, Brian D","Chen, Tiantian","Cai, Yuchen","Singh, Ranveer",,ewb160130,eric becker,Digital Systems Laboratory 
CS,4141,603,11,1,,,,,,1,2,,,,3,,,,,1,"Becker, Eric W","Malouf, Brian D","Chen, Tiantian","Cai, Yuchen","Singh, Ranveer",,ewb160130,eric becker,Digital Systems Laboratory 
CS,4141,604,9,2,2,,1,,,,1,,,,2,,,,,2,"Becker, Eric W","Malouf, Brian D","Chen, Tiantian","Cai, Yuchen","Singh, Ranveer",,ewb160130,eric becker,Digital Systems Laboratory 
CS,4314,0W1,3,14,,10,13,5,3,3,2,,5,,4,,,,,5,"Golden, Richard","Malaiya, Ritesh K",,,,,golden,richard golden,
CS,4337,001,26,7,6,3,5,3,2,1,3,,2,,2,,,,,1,"Karami, Gity","Ghanbari, Ali",,,,,gxk180009,gity karami,Programming Language Paradigms 
CS,4337,002,3,8,14,17,10,10,1,1,,,,,,,,,,0,"Davis, Chris I","Zeng, Yankai",,,,,cid021000,chris davis,Programming Language Paradigms 
CS,4337,003,32,7,9,7,3,1,2,1,4,,4,,3,,,,,0,"Karami, Gity","Liu, Dongpeng","Florez Fandino, Juan Manuel",,,,gxk180009,gity karami,Programming Language Paradigms 
CS,4337,004,2,4,3,2,2,5,,6,,,4,,2,,,,,1,"Omer, Jalal S","Hatfield, Cody R",,,,,jso016000,jalal omer,Programming Language Paradigms 
CS,4337,501,,5,13,11,4,10,1,1,3,,2,,5,,,,,4,"Salazar, Elmer E","Wang, Guanghua","Rathnasuriya, Ravishka S",,,,ees101020,elmer salazar,Programming Language Paradigms 
CS,4337,502,1,11,12,4,4,,4,1,,,,,1,,,,,1,"Salazar, Elmer E","Irtiza, Saquib","Lee, Yi-Hui",,,,ees101020,elmer salazar,Programming Language Paradigms 
CS,4337,503,5,8,5,4,6,10,4,5,9,,4,1,3,,,,,0,"Omer, Jalal S","Li, Changbin","Peddi, Rohith",,,,jso016000,jalal omer,Programming Language Paradigms 
CS,4341,001,11,17,13,5,7,2,,2,1,1,,,,,,,,1,"Becker, Eric W",,,,,,ewb160130,eric becker,Digital Logic and Computer Design 
CS,4341,002,19,24,10,1,9,2,2,2,,,,,1,,,,,0,"DeGroot, Doug",,,,,,dxd180020,doug degroot,Digital Logic and Computer Design 
CS,4341,003,20,27,1,5,6,1,1,1,2,,,,,,,,,1,"DeGroot, Doug",,,,,,dxd180020,doug degroot,Digital Logic and Computer Design 
CS,4341,004,7,5,3,3,12,3,,7,,,2,,6,,,,,0,"Hamdy, Omar","Yadavally, Aashish",,,,,oxh210004,omar hamdy,Digital Logic and Computer Design 
CS,4341,501,10,10,7,8,9,7,,7,,,3,,6,,,,,2,"Hamdy, Omar","Yadavally, Aashish",,,,,oxh210004,omar hamdy,Digital Logic and Computer Design 
CS,4341,502,22,27,11,4,1,3,,,1,1,,,,,,,,0,"Becker, Eric W",,,,,,ewb160130,eric becker,Digital Logic and Computer Design 
CS,4347,001,,7,11,12,10,7,5,4,1,,3,,3,,,,,1,"Solanki, Nidhiben M","Song, Zihe",,,,,nxs121130,nidhiben solanki,Database Systems 
CS,4347,002,1,16,13,17,12,3,,2,,,,,,,,,,0,"Davis, Chris I",,,,,,cid021000,chris davis,Database Systems 
CS,4347,003,5,11,,11,1,8,6,1,3,1,1,,2,,,,1,0,"Omer, Jalal S","Song, Zihe","Li, Shengjie",,,,jso016000,jalal omer,Database Systems 
CS,4347,501,13,13,6,7,8,4,2,1,,,,,3,,,,,1,"Khan, Ziaullah",,,,,,kkhan,ziaullah khan,Database Systems 
CS,4347,502,5,16,8,11,16,1,,3,,,,,2,,,,,1,"Culver, Timothy L","Omer, Jalal S","Tian, Zijing","Cobb, Jorge",,,tlc130230,timothy culver,Database Systems 
CS,4347,503,,9,11,13,13,3,5,,2,1,2,,3,,,,,0,"Solanki, Nidhiben M","Tian, Zijing",,,,,nxs121130,nidhiben solanki,Database Systems 
CS,4347,504,10,7,8,6,7,5,2,5,1,,,,2,,,,,0,"Christiansen, Michael G","Lu, Yangxiao",,,,,mgc013000,michael christiansen,Database Systems 
CS,4348,001,6,6,7,4,5,7,6,7,3,2,1,3,,,,,,4,"Ozbirn, Greg A",,,,,,ozbirn,greg ozbirn,Operating Systems Concepts 
CS,4348,002,1,1,8,17,9,4,3,4,2,2,1,,4,,,,,1,"Goodrum, Richard A",,,,,,rag150330,richard goodrum,Operating Systems Concepts 
CS,4348,003,1,9,9,2,5,5,1,2,3,2,3,1,5,,,,,13,"Alagar, Sridhar","Nguyen, Son V",,,,,sxa173731,sridhar alagar,Operating Systems Concepts 
CS,4348,501,2,5,8,13,4,7,6,5,7,1,,,2,,,,,3,"Ozbirn, Greg A",,,,,,ozbirn,greg ozbirn,Operating Systems Concepts 
CS,4348,502,2,6,12,9,7,3,4,,3,2,,,4,,,,,2,"Salazar, Elmer E","Abdeljaber, Luay",,,,,ees101020,elmer salazar,Operating Systems Concepts 
CS,4348,503,1,1,9,2,14,11,5,1,4,,,,1,,,,,3,"Pathak, Jogen K","Nguyen, Son V","Wang, Guanghua",,,,jkp210004,jogen pathak,Operating Systems Concepts 
CS,4348,HON,1,6,7,8,1,7,,,,,,,1,,,,,2,"Prakash, Ravi","Haque, Mirazul",,,,,ravip,ravi prakash,Operating Systems Concepts 
CS,4349,001,10,12,19,13,7,3,1,2,1,,1,,1,,,,,1,"Chida, Anjum","Garg, Priyanshi","Li, Yufei",,,,axc157030,anjum chida,Advanced Algorithm Design and Analysis 
CS,4349,002,5,13,16,8,7,6,2,2,1,,1,2,2,,,,,2,"Erbatur, Serdar","Rajasekharan, Abhiramon","Veloso De Andrade Pinto, Joao Pedro",,,,sxe190003,serdar erbatur,Advanced Algorithm Design and Analysis 
CS,4349,003,4,20,17,10,10,3,2,1,,,1,,,,,,,7,"Chida, Anjum","Rajasekharan, Abhiramon",,,,,axc157030,anjum chida,Advanced Algorithm Design and Analysis 
CS,4349,004,5,16,13,14,8,6,5,1,1,,,,1,,,,,1,"Erbatur, Serdar","Lam, Tan D",,,,,sxe190003,serdar erbatur,Advanced Algorithm Design and Analysis 
CS,4349,005,4,16,14,13,5,2,1,1,,,1,,,,,,,4,"Chida, Anjum","Lee, Yi-Hui",,,,,axc157030,anjum chida,Advanced Algorithm Design and Analysis 
CS,4349,006,2,11,13,7,14,4,8,5,,,3,3,,,,,,2,"Fox, Kyle J","Wang, Wenting",,,,,kjf170230,emily fox,Advanced Algorithm Design and Analysis 
CS,4349,HON,,1,1,5,5,6,5,4,3,1,2,,,,,,,0,"Willson, James K","Vasireddy, Siva Sai Nagender",,,,,jkw053000,james willson,Advanced Algorithm Design and Analysis 
CS,4352,0W1,59,10,3,1,,,,,,,,,,,,,,0,"Orrick, Erika D",,,,,,edo042000,erika orrick,
CS,4361,001,4,19,6,6,9,5,1,2,5,1,1,,,,,,,0,"Kumar, Pushpa S","Aggarwal, Alakh",,,,,pkumar,pushpa kumar,Computer Graphics 
CS,4361,002,6,10,4,4,14,1,4,4,2,1,1,,2,,,,,1,"Kumar, Pushpa S","Vasireddy, Siva Sai Nagender",,,,,pkumar,pushpa kumar,Computer Graphics 
CS,4365,001,7,8,4,9,11,8,10,4,1,,,,1,,,,,1,"Min, Richard K","Jiang, Kai",,,,,rkm010300,richard min,Artificial Intelligence 
CS,4365,002,,10,7,6,7,6,6,1,3,,4,,10,,,,,6,"Moldovan, Dan I","Dakle, Parag Pravin",,,,,moldovan,dan moldovan,Artificial Intelligence 
CS,4371,501,21,15,12,5,7,5,1,2,1,2,,2,2,,,,,5,"Skorupa Parolin, Erick",,,,,,exs172930,,Introduction to Big Data Management and Analytics 
CS,4372,001,20,17,9,7,4,3,1,,,,,,,,,,,2,"Nagar, Anurag","Kobayashi, Hideo",,,,,axn112530,anurag nagar,Computational Methods for Data Scientists 
CS,4375,001,20,13,14,6,6,3,2,1,,,,,,,,,,4,"Nagar, Anurag","Li, Yufei",,,,,axn112530,anurag nagar,Introduction to Machine Learning 
CS,4375,002,3,11,9,10,7,9,4,2,,1,1,1,3,,,,,9,"Ng, Yu Chung V","Li, Shengjie",,,,,ycn041000,vincent ng,Introduction to Machine Learning 
CS,4375,003,2,7,17,6,4,6,3,4,2,1,,1,1,,,,,4,"Mazidi, Karen J","Li, Ruosen","Komaragiri, Vasundhara",,,,kjm160430,karen mazidi,Introduction to Machine Learning 
CS,4375,501,19,9,4,4,1,,,,,,2,1,3,,,,,2,"Segovia Dominguee, Ignacio de Jesus","Wang, Yigong",,,,,ids190001,,Introduction to Machine Learning 
CS,4376,001,8,8,3,8,2,7,1,3,3,1,1,,2,,,,,1,"Zalila-Wenkstern, Rym","Bansal, Rishita",,,,,rmili,rym zalila wenkstern,Object-Oriented Design 
CS,4384,001,6,12,8,3,3,7,3,8,2,2,2,1,11,,,,,2,"Arnold, Gordon L","Ocampo Diaz, Gerardo","Peddi, Rohith","Zeng, Yankai",,,gxa120930,gordon arnold,Automata Theory 
CS,4384,002,10,7,8,4,11,7,1,1,4,,4,,3,,,,,13,"Pervin, William J",,,,,,pervin,william pervin,Automata Theory 
CS,4384,003,10,9,11,2,6,3,9,3,2,4,2,1,15,,,,,3,"Arnold, Gordon L",,,,,,gxa120930,gordon arnold,Automata Theory 
CS,4384,004,1,1,4,3,1,1,,1,,,,,1,,,,,0,"Erbatur, Serdar",,,,,,sxe190003,serdar erbatur,Automata Theory 
CS,4384,501,28,43,4,2,2,,1,,,,,,,,,,,0,"Farage, Timothy P",,,,,,tfarage,timothy farage,Automata Theory 
CS,4384,502,28,17,11,6,3,2,,1,,,,1,,,,,,0,"Stallbohm, Zachary E",,,,,,zxs110030,zach stallbohm,Automata Theory 
CS,4384,503,29,18,9,10,4,,1,,,,1,,1,,,,,2,"Stallbohm, Zachary E",,,,,,zxs110030,zach stallbohm,Automata Theory 
CS,4386,001,17,13,3,6,7,4,1,2,2,,1,,4,,,,1,1,"Wei, Shiyi","Lee, Jaeseong",,,,,sxw174630,shiyi wei,Compiler Design 
CS,4389,501,1,14,13,11,11,1,2,4,,,,,,,,,,1,"Cankaya, Ebru C","Rashid, Raisaat A","Li, Xiao",,,,exc067000,ebru cankaya,Data and Applications Security 
CS,4390,001,1,11,6,5,6,5,,8,3,,,,3,,,,,1,"Nguyen, Nhut","Rathnasuriya, Ravishka S",,,,,nhutnn,nhut nguyen,Computer Networks 
CS,4390,002,,23,19,11,3,,1,,,,,,,,,,,0,"Farago, Andras","Li, Congzhou",,,,,farago,andras farago,Computer Networks 
CS,4390,003,,13,7,4,10,3,4,4,4,,2,,3,,,,,0,"Solanki, Nidhiben M","Wang, Chengen",,,,,nxs121130,nidhiben solanki,Computer Networks 
CS,4390,501,2,3,1,2,6,3,5,3,3,,3,,4,,,,,1,"Gupta, Neeraj K","Liu, Dongpeng",,,,,nkg140130,neeraj gupta,Computer Networks 
CS,4390,502,,19,4,12,8,5,3,2,2,,1,,,,,,,0,"Solanki, Nidhiben M","Wang, Chengen","Li, Shuo",,,,nxs121130,nidhiben solanki,Computer Networks 
CS,4392,001,18,7,3,1,4,1,3,2,,1,3,2,4,,,,,4,"Feng, Ranran","Singhal, Yatharth",,,,,rxf090020,ranran feng,Computer Animation 
CS,4393,001,3,7,6,9,4,11,6,1,5,,4,,1,,,,1,2,"Nguyen, Nhut","Chen, Simin",,,,,nhutnn,nhut nguyen,Computer and Network Security 
CS,4395,001,2,12,20,8,9,9,1,1,3,1,3,,2,,,,,0,"Mazidi, Karen J","Li, Ruosen",,,,,kjm160430,karen mazidi,Human Language Technologies 
CS,4397,001,3,6,7,2,6,1,2,3,,,2,,,,,,,0,"Bastani, Farokh","Hatfield, Cody R",,,,,bastani,farokh bastani,Embedded Computer Systems 
CS,4398,001,2,2,3,2,4,3,3,2,,,1,,2,,,,,5,"Gupta, Neeraj K",,,,,,nkg140130,neeraj gupta,Digital Forensics 
CS,4485,001,49,166,37,12,9,1,,1,,,,1,,,,,,0,"Razo Razo, Miguel A","Veerasamy, Jeyakesavan",,,,,mrazora,miguel razo,Computer Science Project 
CS,4485,002,4,8,1,1,,,,,,,,1,,,,,,0,"Veerasamy, Jeyakesavan","Razo Razo, Miguel A",,,,,mrazora,miguel razo,Computer Science Project 
CS,5303,001,,25,1,1,1,2,,1,,,,,,,,,,1,"Becker, Eric W",,,,,,ewb160130,eric becker,Computer Science I 
CS,5330,501,,20,4,3,4,4,,,,,,,1,,,,,0,"Goodrum, Richard A",,,,,,rag150330,richard goodrum,Computer Science II 
CS,5333,001,,13,9,12,19,14,,2,,,,,1,,,,,0,"Cobb, Jorge",,,,,,jcobb,jorge cobb,Discrete Structures 
CS,5333,002,,15,6,5,4,5,6,1,,,,,3,,,,,1,"Desmedt, Yvo G",,,,,,ygd120030,yvo desmedt,
CS,5333,003,,49,4,,,,,,,,,,,,,,,0,"Davis, Chris I",,,,,,cid021000,chris davis,Discrete Structures 
CS,5343,001,,35,21,9,6,1,1,,,,,,,,,,,0,"Ozbirn, Greg A",,,,,,ozbirn,greg ozbirn,Algorithm Analysis and Data Structures 
CS,5343,002,,32,4,16,11,5,2,3,,,,,,,,,,1,"Gupta, Neeraj K",,,,,,nkg140130,neeraj gupta,Algorithm Analysis and Data Structures 
CS,5343,501,,18,5,4,9,3,,3,,,,,3,,,,,2,"Gupta, Neeraj K",,,,,,nkg140130,neeraj gupta,Algorithm Analysis and Data Structures 
CS,5348,001,,27,8,8,13,3,,3,,,,,1,,,,,1,"Venkatesan, Subbarayan","Bhardwaj, Ayush",,,,,venky,subbarayan venkatesan,Operating Systems Concepts 
CS,5348,002,,26,4,10,3,4,,,,,,,2,,,,,4,"Alagar, Sridhar","Bhardwaj, Ayush","Hu, Linghuan",,,,sxa173731,sridhar alagar,Operating Systems Concepts 
CS,6301,001,,4,3,1,3,1,,,,,,,1,,,,,2,"Hamlen, Kevin","Ghanbari, Ali",,,,,kxh060100,kevin hamlen,Special Topics in Computer Science 
CS,6301,002,,14,,,,,,,,,,,,,,,,0,"Thuraisingham, Bhavani",,,,,,bxt043000,bhavani thuraisingham,Special Topics in Computer Science 
CS,6301,003,,50,,,,,,,,,,,,,,,,0,"Thuraisingham, Bhavani","Wang, Yigong",,,,,bxt043000,bhavani thuraisingham,Special Topics in Computer Science 
CS,6301,005,,11,,,,,,,,,,,,,,,,0,"Kim, Chung Hwan",,,,,,cxk200010,,Special Topics in Computer Science 
CS,6301,006,,11,1,,,,,,,,,,,,,,,0,"Hao, Shuang",,,,,,sxh178730,shuang hao,
CS,6301,501,,43,22,4,4,,,,,,,,,,,,,0,"Culver, Timothy L","Sarac, Kamil","Mathur, Saurabh Sanjay","Tian, Zijing","Cobb, Jorge",,tlc130230,timothy culver,Special Topics in Computer Science 
CS,6303,001,,14,,1,1,2,,,,,,,,,,,,2,"Cankaya, Ebru C","Kobayashi, Hideo",,,,,exc067000,ebru cankaya,Cyber Security Essentials for Practitioners 
CS,6306,501,,7,3,,1,,,,,,,,,,,,,0,"Gupta, Neeraj K","Celiktug, Mestan Firat",,,,,nkg140130,neeraj gupta,Cyber Security Analytics   Malware Analysis for Practitioners 
CS,6313,001,,69,18,14,9,3,4,3,,,,,,,,,,0,"Chen, Min","Kumara, Mananage Sanjaya M",,,,,mxc136030,min chen,Statistical Methods for Data Science 
CS,6313,002,,48,16,8,6,6,2,5,,,,,1,,,,,4,"Chen, Min","Brakefield, Bryn M",,,,,mxc136030,min chen,Statistical Methods for Data Science 
CS,6314,001,,39,16,12,2,1,,,,,,,,,,,,0,"Yuruk, Nurcan","Yadlapalli, Yaswanth",,,,,nxy140530,nurcan yuruk,
CS,6314,002,,39,18,12,1,,,,,,,,,,,,,0,"Yuruk, Nurcan","Yadlapalli, Yaswanth",,,,,nxy140530,nurcan yuruk,Web Programming Languages 
CS,6314,003,,26,25,11,2,,,,,,,,,,,,,0,"Yuruk, Nurcan","Guo, Jinghui",,,,,nxy140530,nurcan yuruk,
CS,6320,001,,3,6,3,8,2,,3,,,,,2,,,,,1,"Moldovan, Dan I","Dakle, Parag Pravin",,,,,moldovan,dan moldovan,Natural Language Processing 
CS,6320,002,,15,9,8,7,4,4,7,,,,,2,,,,,1,"Ouyang, Jessica J","Ocampo Diaz, Gerardo","Liu, Ximeng",,,,jjo190001,jessica ouyang,Natural Language Processing 
CS,6320,501,,9,11,22,9,5,2,1,,,,,,,,,,0,"Balakrishna, Mithun","Padalkar, Parth","Liu, Ximeng",,,,mxb026000,mithun balakrishnan,Natural Language Processing 
CS,6323,001,,10,16,1,2,,1,2,,,,,1,,,,,0,"Guo, Xiaohu","Aggarwal, Alakh",,,,,xxg061000,xiaohu guo,Computer Animation and Gaming 
CS,6326,001,,16,5,,8,2,,1,,,,,1,,,,,2,"Cole, John",,,,,,jxc064000,john cole,Human Computer Interactions 
CS,6328,001,,15,,,,,,,,,,,,,,,,0,"Fishwick, Paul",,,,,,pxf130430,paul fishwick,Modeling and Simulation 
CS,6332,001,,10,5,2,7,2,,3,,,,,2,,,,,1,"Jee, Kangkook",,,,,,kxj190011,kangkook jee,Systems Security and Malicious Code Analysis 
CS,6334,001,,12,7,1,1,,,,,,,,,,,,,0,"Xiang, Yu","Singhal, Yatharth",,,,,yxx210005,yu xiang,Virtual Reality 
CS,6343,001,,7,8,4,7,,,,,,,,,,,,,0,"Yen, I-Ling","Miao, Miao",,,,,ilyen,yen i ling,Cloud Computing 
CS,6344,001,,27,7,4,3,5,6,4,,,,,6,,,,,1,"Schweitzer, Haim","Dasgupta, Sopam",,,,,haim,haim schweitzer,Data Representations 
CS,6349,002,,9,6,4,10,1,1,1,,,,,1,,,,,2,"Sarac, Kamil","Li, Shuo",,,,,kxs028100,kamil sarac,Network Security 
CS,6350,001,,15,3,4,5,,,,,,,,1,,,,,0,"Khan, Latifur R","Irtiza, Saquib",,,,,lkhan,latifur khan,Big Data Management and Analytics 
CS,6350,002,,51,17,7,,,,,,,,,,,,,,0,"Nagar, Anurag","Padalkar, Parth","Chen, Simin",,,,axn112530,anurag nagar,Big Data Management and Analytics 
CS,6350,M01,,17,1,1,,,,,,,,,,,,,,1,"Nagar, Anurag",,,,,,axn112530,anurag nagar,
CS,6352,001,,3,3,3,4,,,,,,,,,,,,,0,"Jue, Jason","Wang, Wenting",,,,,jjue,jason jue,Performance of Computer Systems and Networks 
CS,6359,001,,2,5,22,9,3,1,,,,,,2,,,,,1,"Nouroz Borazjany, Mehra","Veloso De Andrade Pinto, Joao Pedro",,,,,mxn143230,mehra borazjany,Object-Oriented Analysis and Design 
CS,6360,001,,33,17,9,7,2,1,,,,,,,,,,,0,"Yuruk, Nurcan","Guo, Jinghui",,,,,nxy140530,nurcan yuruk,Database Design 
CS,6360,002,,22,21,11,8,1,,,,,,,,,,,,0,"Wu, Wei L","Li, Xiao",,,,,wxw020100,weili wu,Database Design 
CS,6360,003,,16,10,10,14,,8,10,,,,,1,,,,,1,"Omer, Jalal S","Yadav, Ankur R","Weinzierl, Maxwell A",,,,jso016000,jalal omer,Database Design 
CS,6360,004,,34,17,9,12,2,1,,,,,,,,,,,0,"Kantarcioglu, Murat","Celiktug, Mestan Firat",,,,,mxk055100,murat kantarcioglu,Database Design 
CS,6360,501,,47,19,,3,,,,,,,,,,,,,0,"Davis, Chris I","Miao, Miao",,,,,cid021000,chris davis,Database Design 
CS,6363,001,,9,21,17,10,5,1,2,,,,,,,,,,1,"Raichel, Benjamin A","Klimenko, Georgiy I",,,,,bar150630,benjamin raichel,Design and Analysis of Computer Algorithms 
CS,6363,002,,31,16,10,7,,,,,,,,,,,,,1,"Chandrasekaran, Ramaswamy","Daescu, Ovidiu","Dhoked, Sahil","Garg, Priyanshi",,,chandra,ramaswamy chandrasekaran,Design and Analysis of Computer Algorithms 
CS,6363,003,,9,20,17,11,4,1,1,,,,,1,,,,,1,"Raichel, Benjamin A","Huang, Hongyao",,,,,bar150630,benjamin raichel,Design and Analysis of Computer Algorithms 
CS,6363,004,,25,9,10,9,7,1,3,,,,,,,,,,0,"Chitturi, Bhadrachalam","Wiley, Darrin M",,,,,chalam,chitturi bhadrachalam,Design and Analysis of Computer Algorithms 
CS,6363,005,,15,10,8,10,3,,,,,,,,,,,,2,"Chitturi, Bhadrachalam","Wiley, Darrin M","Haghpanah, Mohammadreza",,,,chalam,chitturi bhadrachalam,Design and Analysis of Computer Algorithms 
CS,6363,501,,14,16,27,7,3,,,,,,,,,,,,0,"Bereg, Sergey","Haghpanah, Mohammadreza",,,,,sxb027100,sergey bereg,Design and Analysis of Computer Algorithms 
CS,6364,001,,20,12,3,3,2,2,5,,,,,1,,,,,4,"Harabagiu, Sanda M","Weinzierl, Maxwell A",,,,,sanda,sanda harabagiu,Artificial Intelligence 
CS,6364,002,,26,27,2,1,2,,,,,,,,,,,,1,"Chen, Feng","Rashid, Raisaat A",,,,,fxc190007,feng chen,Artificial Intelligence 
CS,6364,501,,4,9,4,4,,,,,,,,,,,,,0,"Min, Richard K","Jiang, Kai",,,,,rkm010300,richard min,Artificial Intelligence 
CS,6375,001,,46,17,3,,,,,,,,,1,,,,,0,"Chida, Anjum","Li, Changbin",,,,,axc157030,anjum chida,Machine Learning 
CS,6375,002,,14,21,18,5,7,2,2,,,,,,,,,,0,"Iyer, Rishabh K","Kothawade, Suraj N",,,,,rki190000,rishabh iyer,Machine Learning 
CS,6375,003,,13,7,9,12,9,5,1,,,,,1,,,,,3,"Gogate, Vibhav G","Komaragiri, Vasundhara",,,,,vxg112130,vibhav gogate,Machine Learning 
CS,6375,004,,18,2,2,3,,1,,,,,,1,,,,,0,"Maung, Crystal","Dasgupta, Sopam",,,,,ktm016100,crystal maung,Machine Learning 
CS,6375,501,,44,18,4,2,,,,,,,,,,,,,1,"Nagar, Anurag","Lu, Yangxiao",,,,,axn112530,anurag nagar,Machine Learning 
CS,6377,001,,4,,5,,1,4,1,,,,,3,,,,,1,"Desmedt, Yvo G","Lam, Tan D",,,,,ygd120030,yvo desmedt,
CS,6378,001,,13,12,17,8,6,3,,,,,,2,,,,,2,"Mittal, Neeraj","Dhoked, Sahil",,,,,nxm020100,neeraj mittal,Advanced Operating Systems 
CS,6382,001,,11,2,2,,,,,,,,,1,,,,,0,"Du, Ding Z","Chen, Tiantian",,,,,dxd056000,ding zhu du,Theory of Computation 
CS,6385,0W1,,43,3,,7,,,,,,,,,,,,,1,"Farago, Andras","Haque, Mirazul",,,,,farago,andras farago,
CS,6390,002,,6,2,12,8,4,1,,,,,,1,,,,,1,"Cobb, Jorge","Teo, Ka Yaw",,,,,jcobb,jorge cobb,Advanced Computer Networks 
CS,6396,001,,9,1,3,4,1,,,,,,,,,,,,1,"Bastani, Farokh","Hatfield, Cody R",,,,,bastani,farokh bastani,Real-Time Systems 
CS,7301,001,,17,,,,,,,,,,,,,,,,0,"Natarajan, Sriraam",,,,,,sxn177430,sriraam natarajan,Recent Advances in Computing 
CS,7301,004,,22,3,1,1,,,,,,,,,,,,,0,"Gupta, Gopal","Kothawade, Suraj N","Lehmann, Randall E",,,,gupta,gopal gupta,Recent Advances in Computing 
CS,7301,005,,4,2,,1,1,,,,,,,2,,,,,0,"Ruozzi, Nicholas R",,,,,,nrr150130,nicholas ruozzi,Recent Advances in Computing 
DANC,1305,HN1,4,7,2,,1,,1,,,,,,,,,,,0,"Saba, Monica",,,,,,msaba,monica saba,Introduction to World Dance Forms 
DANC,1310,002,14,24,,1,3,,,2,,,,,3,,,,,2,"Johnson, Melissa A",,,,,,maj140430,melissa johnson,Understanding Dance 
DANC,1310,0H1,26,8,1,1,4,2,,1,,,1,,2,,,,,3,"Owens, Misty",,,,,,mxo122530,misty owens,Understanding Dance 
DANC,1310,0H2,6,15,2,1,1,1,,2,,,1,,,,,,,1,"Saba, Monica",,,,,,msaba,monica saba,Understanding Dance 
DANC,2321,001,18,,,,,,,,,,,,,,,,,1,"Owens, Misty",,,,,,mxo122530,misty owens,Stretch  Conditioning  Alignment 
DANC,2332,001,10,2,,1,2,,,,,,,,,,,,,1,"Johnson, Melissa A",,,,,,maj140430,melissa johnson,Modern Dance 1 
DANC,3340,001,3,,1,3,2,,,,,1,,,,,,,,0,"Ewert-Pittman, Anna M",,,,,,ame190001,,Dance in Historical Context 
ECON,2301,001,16,28,11,7,25,3,3,14,2,6,3,1,5,,,,,6,"Ketsler, Luba","Ghorbani, Elham",,,,,lxk010300,luba ketsler,Principles of Macroeconomics 
ECON,2301,002,19,18,8,17,51,8,20,26,2,,5,,,,,,,3,"Valcarcel, Victor J",,,,,,vjv150130,victor valcarcel,Principles of Macroeconomics 
ECON,2301,003,28,37,15,8,30,7,4,16,9,2,6,3,10,,,,,4,"Ketsler, Luba","Fu, Nan",,,,,lxk010300,luba ketsler,Principles of Macroeconomics 
ECON,2301,501,,7,2,9,7,8,4,6,1,,1,,2,,,,,1,"Nguyen, Hien T",,,,,,htn170130,hien nguyen,Principles of Macroeconomics 
ECON,2302,001,32,46,25,7,13,10,7,8,11,,8,,9,,,,,2,"McElroy, Susan","Lu, Yundi","Luo, Siyuan",,,,skm028000,susan mcelroy,Principles of Microeconomics 
ECON,2302,002,2,24,11,10,36,12,12,28,15,5,17,6,38,,,,,12,"Arce, Daniel G",,,,,,dga071000,daniel arce,Principles of Microeconomics 
ECON,2302,003,20,21,9,6,3,7,3,3,3,,,,4,,,,,1,"McElroy, Susan","Lu, Yundi","Luo, Siyuan",,,,skm028000,susan mcelroy,Principles of Microeconomics 
ECON,2302,004,3,6,13,6,4,4,4,,,,,1,1,,,,,0,"Choi, Soohyun",,,,,,sxc177830,soohyun choi,Principles of Microeconomics 
ECON,2302,501,4,18,7,7,4,,,,,,,3,,,,,,0,"Zhang, Jinglun",,,,,,jxz174930,,Principles of Microeconomics 
ECON,3310,002,7,10,,1,5,,2,6,,,,,4,,,,,4,"Andrews, Rodney J","Islam, Azharul",,,,,rja091000,rodney andrews,Intermediate Microeconomic Theory 
ECON,3310,501,8,7,,2,6,3,4,4,2,1,,1,2,,,,,2,"Zhang, Nan",,,,,,nxz160030,nan clement,Intermediate Microeconomic Theory 
ECON,3311,001,1,14,5,7,3,3,2,2,,1,,,,,,,,1,"Grover, William C",,,,,,wcg071000,william grover,Intermediate Macroeconomic Theory 
ECON,3311,501,,4,5,2,6,1,,1,,,,,1,,,,,1,"Grover, William C",,,,,,wcg071000,william grover,Intermediate Macroeconomic Theory 
ECON,3312,001,6,4,2,1,5,3,5,2,9,2,2,,,,,,,0,"Valcarcel, Victor J",,,,,,vjv150130,victor valcarcel,Money and Banking 
ECON,3330,001,2,22,4,11,9,1,1,2,1,,1,1,2,,,,,2,"Ketsler, Luba",,,,,,lxk010300,luba ketsler,Economics of Health 
ECON,3330,002,4,24,19,4,27,4,3,4,,,3,,1,,,,,2,"Ketsler, Luba",,,,,,lxk010300,luba ketsler,Economics of Health 
ECON,3381,501,3,15,3,5,10,1,,6,2,1,,,,,,,,1,"Grover, William C",,,,,,wcg071000,william grover,Economic History 
ECON,4302,001,3,,,1,1,3,2,2,,,,,,,,,,1,"Giertz, Seth","Barua Soni, Prajyna P",,,,,sxg154831,seth giertz,Urban and Regional Economics 
ECON,4310,001,3,3,1,5,13,2,,1,3,,,,1,,,,,2,"Arce, Daniel G",,,,,,dga071000,daniel arce,Managerial Economics 
ECON,4320,001,1,9,8,10,2,1,,1,,,1,,,,,,,0,"McElroy, Susan","Lu, Yundi","Luo, Siyuan",,,,skm028000,susan mcelroy,Public Sector Economics 
ECON,4333,001,4,9,,2,3,1,3,5,2,,1,,,,,,,0,"Siqueira, Kevin J","Faundez Madariaga, Sebastian Carlos",,,,,kjs064000,kevin siqueira,Environmental Economics 
ECON,4345,001,6,3,2,1,3,2,,8,,,1,,1,,,,,0,"Miller, Darwin W",,,,,,dwm052000,darwin miller,Industrial Organization 
ECON,4351,001,3,3,5,4,10,4,1,2,1,,,,1,,,,,1,"Murdoch, James C",,,,,,murdoch,james murdoch,Mathematical Economics 
ECON,4355,001,6,6,2,2,4,4,,2,2,1,,2,,,,,,2,"Li, Dong","Li, Ji",,,,,dxl145430,dong li,Econometrics 
ECON,4360,001,5,13,,3,10,,2,4,1,,2,2,2,,,,,2,"Siqueira, Kevin J","Faundez Madariaga, Sebastian Carlos",,,,,kjs064000,kevin siqueira,International Trade 
ECON,4362,001,2,1,6,6,6,4,6,2,,,,,2,,,,,0,"Morales Leon, Maria C",,,,,,mcm200006,maria morales leon,Development Economics 
ECON,4382,001,,8,10,4,4,2,1,7,,,,,,,,,,2,"Sul, Donggyu","Bing, Yuanchen",,,,,dxs093000,donggyu sul,International Finance 
ECON,4396,001,11,6,,2,1,,1,,,,1,,,,,,,0,"Panovska, Irina","Li, Ji",,,,,ixp190001,irina panovska,Selected Topics in Economics 
ECON,4396,501,,6,5,6,5,1,2,,,2,,,1,,,,,1,"Burton, Anne",,,,,,axb210050,anne burton,Selected Topics in Economics 
ECON,5321,001,,9,4,,2,,,1,,,,,,,,,,1,"Hedlund, Jonas",,,,,,jxh180030,jonas hedlund,Microeconomic Theory for Applications 
ECON,6305,501,,9,2,1,1,,1,1,,,,,,,,,,1,"Murdoch, James C",,,,,,murdoch,james murdoch,Mathematical Economics 
ECON,6306,502,,5,,,2,2,,,,,,,1,,,,,0,"Beron, Kurt","Morgan, Lynn A",,,,,kberon,kurt beron,Applied Econometrics 
ECON,6336,001,,6,1,1,5,,,,,,,,,,,,,0,"Andrews, Rodney J",,,,,,rja091000,rodney andrews,Economics of Education 
ECON,7309,001,,4,6,,3,,,,,,,,,,,,,0,"Li, Dong","Li, Ji",,,,,dxl145430,dong li,Econometrics II 
ECS,1100,001,23,11,9,4,1,3,,,,1,2,,6,,,,,0,"Edwards, Tanisha N",,,,,,txe120530,,Introduction to Engineering and Computer Science 
ECS,1100,002,,40,,,4,,,1,,,2,,,,,,,0,"Hasan, Nasreen",,,,,,nxh080100,nasreen hasan,Introduction to Engineering and Computer Science 
ECS,1100,003,37,2,2,1,,2,,,,,,,,,,,,0,"Anderson, Alexandria N",,,,,,ana120130,,Introduction to Engineering and Computer Science 
ECS,1100,004,45,6,3,,,,,1,2,2,,1,,,,,,0,"Anderson, Alexandria N",,,,,,ana120130,,Introduction to Engineering and Computer Science 
ECS,1100,006,6,1,4,1,2,,,,,,,1,3,,,,,0,"Mann, Ashley",,,,,,axm180114,ashley mann,Introduction to Engineering and Computer Science 
ECS,1100,007,10,18,9,4,2,5,,1,4,1,,,5,,,,,1,"Edwards, Tanisha N",,,,,,txe120530,,Introduction to Engineering and Computer Science 
ECS,1100,008,39,9,1,2,1,,1,,,3,1,2,,,,,,1,"Borowicz, Monica",,,,,,mxb210032,monica borowicz,Introduction to Engineering and Computer Science 
ECS,1100,009,,49,,,4,,,3,,,,,4,,,,,0,"Hasan, Nasreen",,,,,,nxh080100,nasreen hasan,Introduction to Engineering and Computer Science 
ECS,1100,010,25,4,3,2,3,2,1,2,2,,1,,3,,,,,0,"Walker, Amy V","Ngozi, Brittney M",,,,,axw092000,,Introduction to Engineering and Computer Science 
ECS,1100,011,19,4,4,,6,1,1,,1,,1,,1,,,,,2,"Mann, Ashley",,,,,,axm180114,ashley mann,Introduction to Engineering and Computer Science 
ECS,1100,012,17,4,7,2,4,1,,2,1,,2,2,2,,,,,0,"Croasdale Woudwyk, Andrea",,,,,,axc169230,andrea croasdale woudwyk,Introduction to Engineering and Computer Science 
ECS,1100,013,22,3,5,9,5,1,1,2,2,,3,2,5,,,,,0,"Croasdale Woudwyk, Andrea",,,,,,axc169230,andrea croasdale woudwyk,Introduction to Engineering and Computer Science 
ECS,1100,014,24,4,2,5,2,1,1,,1,,2,,3,,,,,0,"Stewart, Mary A",,,,,,mas051000,,Introduction to Engineering and Computer Science 
ECS,1100,015,25,8,9,2,3,4,1,2,,,1,1,2,,,,,2,"Favors, Crystal N",,,,,,cnf150030,,Introduction to Engineering and Computer Science 
ECS,1100,016,4,4,1,2,,,2,,1,,,1,,,,,,0,"Favors, Crystal N",,,,,,cnf150030,,Introduction to Engineering and Computer Science 
ECS,1100,017,4,4,,,1,,,,,,,,3,,,,,0,"Sharman, Whitney",,,,,,wxs180011,,Introduction to Engineering and Computer Science 
ECS,1100,018,5,1,3,,4,1,,2,1,,,2,1,,,,,0,"Marroquin, Irene",,,,,,ixm033000,irene marroquin,Introduction to Engineering and Computer Science 
ECS,1100,019,46,4,2,3,1,,1,2,,,,,,,,,,0,"Moran, Stacey",,,,,,sxm180115,,Introduction to Engineering and Computer Science 
ECS,1100,020,23,12,2,4,7,1,1,2,1,,1,,3,,,,,1,"Hendley, Kaysi",,,,,,kxh190012,,Introduction to Engineering and Computer Science 
ECS,1100,021,24,5,7,1,4,3,1,2,,1,,,4,,,,,1,"Sharman, Whitney",,,,,,wxs180011,,Introduction to Engineering and Computer Science 
ECS,1100,022,38,1,2,1,3,3,3,1,3,1,,1,3,,,,,0,"Marroquin, Irene",,,,,,ixm033000,irene marroquin,Introduction to Engineering and Computer Science 
ECS,1100,023,37,11,3,1,3,,,5,,,,,,,,,,0,"Moran, Stacey",,,,,,sxm180115,,Introduction to Engineering and Computer Science 
ECS,1100,024,23,5,,,,1,,,,,,,2,,,,,1,"Aronson, Cara",,,,,,cxa190007,cara aronson,Introduction to Engineering and Computer Science 
ECS,1100,025,6,2,5,2,3,2,,5,1,,,,5,,,,,0,"Tornakian, Marissa A",,,,,,mat190002,,Introduction to Engineering and Computer Science 
ECS,1100,026,44,2,6,1,1,3,,,2,,,,1,,,,,0,"Aronson, Cara",,,,,,cxa190007,cara aronson,Introduction to Engineering and Computer Science 
ECS,1100,027,13,4,4,3,,2,,2,,,,,2,,,,,0,"Tornakian, Marissa A",,,,,,mat190002,,Introduction to Engineering and Computer Science 
ECS,1100,028,14,10,4,5,1,1,2,2,2,,1,,1,,,,,1,"Kemp, Omari","Walker, Amy V",,,,,oxk210004,,Introduction to Engineering and Computer Science 
ECS,1100,029,20,4,6,2,2,2,2,6,3,1,,,6,,,,,1,"Farley, Kori","Marroquin, Irene",,,,,kxf170001,,Introduction to Engineering and Computer Science 
ECS,1100,030,40,2,2,2,2,2,1,1,2,1,1,,3,,,,,0,"Borowicz, Monica",,,,,,mxb210032,monica borowicz,Introduction to Engineering and Computer Science 
ECS,1100,501,12,1,5,,,,1,1,1,,1,,4,,,,,0,"Walker, Amy V","Ngozi, Brittney M",,,,,axw092000,,Introduction to Engineering and Computer Science 
ECS,1100,502,17,8,5,2,3,2,3,,,2,,3,2,,,,,1,"Kemp, Omari","Walker, Amy V",,,,,oxk210004,,Introduction to Engineering and Computer Science 
ECS,1100,503,23,9,1,,5,1,,4,,1,2,,4,,,,,0,"Hendley, Kaysi",,,,,,kxh190012,,Introduction to Engineering and Computer Science 
ECS,3390,001,13,5,,,1,,,,,,,,,,,,,0,"Montgomery, Christina",,,,,,cxm190022,christina montgomery,Professional and Technical Communication 
ECS,3390,005,,16,,,,,,,,,,,2,,,,,1,"Mohsene, Laura L",,,,,,olive,laura mohsene,Professional and Technical Communication 
ECS,3390,007,,9,,2,2,3,1,,,,1,,1,,,,,0,"Glauser, Janece B",,,,,,jbg130030,janece glauser,Professional and Technical Communication 
ECS,3390,008,,15,,1,,1,,1,,,,,,,,,,1,"Glauser, Janece B",,,,,,jbg130030,janece glauser,Professional and Technical Communication 
ECS,3390,009,,15,3,,,1,,,,,,,,,,,,0,"Glauser, Janece B",,,,,,jbg130030,janece glauser,Professional and Technical Communication 
ECS,3390,010,,17,1,,,,,,,,,,1,,,,,0,"Mohsene, Laura L",,,,,,olive,laura mohsene,Professional and Technical Communication 
ECS,3390,011,,15,1,,,,1,,1,,,,1,,,,,0,"Glauser, Janece B",,,,,,jbg130030,janece glauser,Professional and Technical Communication 
ECS,3390,013,,13,,1,3,,1,1,,,,,,,,,,0,"Johnson, Janet L",,,,,,jlj065000,janet johnson,Professional and Technical Communication 
ECS,3390,0H1,,12,,2,2,1,,,,,,,2,,,,,0,"Hartmann, Jonathan",,,,,,jxh190042,jonathan hartmann,Professional and Technical Communication 
ECS,3390,0H2,3,8,3,,3,,,1,,,,,,,,,,1,"Hernandez-Katz, Melissa M",,,,,,mhkatz,melissa hernandez katz,Professional and Technical Communication 
ECS,3390,0H3,,15,2,,,,,1,,,,,1,,,,,0,"Hartmann, Jonathan",,,,,,jxh190042,jonathan hartmann,Professional and Technical Communication 
ECS,3390,0H4,4,9,1,4,,,,1,,,,,,,,,,0,"Hernandez-Katz, Melissa M",,,,,,mhkatz,melissa hernandez katz,Professional and Technical Communication 
ECS,3390,0H5,13,4,,1,,,,,,,1,,,,,,,0,"Montgomery, Christina",,,,,,cxm190022,christina montgomery,Professional and Technical Communication 
ECS,3390,0H6,2,11,1,2,,1,1,,,,1,,,,,,,0,"Johnson, Janet L",,,,,,jlj065000,janet johnson,Professional and Technical Communication 
ECS,3390,0H8,2,13,2,1,,,,,,,,,,,,,,1,"Hernandez-Katz, Melissa M",,,,,,mhkatz,melissa hernandez katz,Professional and Technical Communication 
ECS,3390,0H9,2,16,,1,,,,,,,,,,,,,,0,"Johnson, Janet L",,,,,,jlj065000,janet johnson,Professional and Technical Communication 
ECS,3390,0W1,10,22,15,12,10,4,2,2,4,5,,1,3,,,,,0,"King, Carie S",,,,,,cxl085200,carie king,Professional and Technical Communication 
ECS,3390,0W2,1,70,,5,4,,,2,2,1,,,4,,,,,1,"Scally, Deborah A","Li, Ang","Armstrong, Jennifer J",,,,das,deborah scally,Professional and Technical Communication 
ECS,3390,0W3,5,10,2,1,,,1,,,,,,,,,,,0,"Schlobohm, Maribeth L",,,,,,mls077000,maribeth (betsy) schlobohm,Professional and Technical Communication 
ECS,3390,0W4,2,10,3,,,1,1,1,,,,1,,,,,,0,"Schlobohm, Maribeth L",,,,,,mls077000,maribeth (betsy) schlobohm,Professional and Technical Communication 
ECS,3390,0W5,5,8,2,1,,2,,,,,,,,,,,,1,"Schlobohm, Maribeth L",,,,,,mls077000,maribeth (betsy) schlobohm,Professional and Technical Communication 
ECS,3390,0W6,9,11,16,9,9,3,5,6,2,1,,,13,,,,,4,"King, Carie S",,,,,,cxl085200,carie king,Professional and Technical Communication 
ECS,3390,0W7,,17,20,7,12,6,4,2,1,2,1,2,11,,,,,4,"Glauser, Janece B",,,,,,jbg130030,janece glauser,Professional and Technical Communication 
ECS,3390,0W8,1,3,2,4,5,1,1,,,,,,2,,,,,0,"Crowder, Wade A",,,,,,wac010100,wade crowder,Professional and Technical Communication 
ECS,3390,0W9,,3,2,6,1,1,1,,1,1,,,1,,,,,1,"Crowder, Wade A",,,,,,wac010100,wade crowder,Professional and Technical Communication 
ECS,3390,501,1,8,3,3,1,,,,1,,1,,1,,,,,0,"Coppersmith, Syd",,,,,,sxc123831,syd coppersmith,Professional and Technical Communication 
ECS,3390,502,,10,5,,1,,,1,,,,,2,,,,,0,"Johnson, Janet L",,,,,,jlj065000,janet johnson,Professional and Technical Communication 
ECS,3390,503,1,12,1,1,,,,1,,,,,3,,,,,0,"Scally, Deborah A",,,,,,das,deborah scally,Professional and Technical Communication 
ECS,3390,504,1,12,4,1,,,,,,,,,,,,,,1,"Scally, Deborah A",,,,,,das,deborah scally,Professional and Technical Communication 
ECS,3390,506,,12,3,2,1,,,,1,,,,,,,,,0,"Coppersmith, Syd",,,,,,sxc123831,syd coppersmith,Professional and Technical Communication 
ECS,3390,507,2,10,5,,1,,,,,,,,1,,,,,0,"Scally, Deborah A",,,,,,das,deborah scally,Professional and Technical Communication 
ECS,3390,508,,5,5,8,1,,,,,,,,,,,,,0,"Coleman, Amanda R",,,,,,axc173630,,Professional and Technical Communication 
ECS,3390,HN1,3,15,,1,,,,,,,,,,,,,,0,"Hernandez-Katz, Melissa M",,,,,,mhkatz,melissa hernandez katz,Professional and Technical Communication 
ED,3314,001,1,9,8,5,10,1,,,1,,,,1,,,,,1,"Gladden, Terri S",,,,,,tsg200001,terri gladden,The American Public School 
ED,3314,501,,6,6,4,3,4,1,1,1,,,,,,,,,0,"Gladden, Terri S",,,,,,tsg200001,terri gladden,The American Public School 
ED,3315,0W1,,22,3,1,1,1,,,,,1,,1,,,,,0,"Leek, Patricia A",,,,,,santine,patricia leek,Children s Literature 
ED,3315,0W2,1,16,4,2,2,1,,,,,1,,1,,,,,3,"Leek, Patricia A",,,,,,santine,patricia leek,Children s Literature 
ED,3339,5H1,5,8,5,4,1,2,1,,1,1,,,,,,,,2,"McNeel, Michele E",,,,,,mem210009,michele mcneel,Educational Psychology for Teachers 
ED,3345,0W1,3,2,3,2,2,1,,2,,1,,,1,,,,,3,"McNeel, Michele E",,,,,,mem210009,michele mcneel,Art  Music  and Physical Development Grades EC - 6 
ED,3380,501,4,7,,1,,,,,1,1,,,,,,,,1,"Hart, Nicola",,,,,,nxh171730,nicola hart,Curriculum and Instruction in English 
ED,4343,001,13,1,,,,,,1,,,,,,,,,,0,"Hennessy, Emily T",,,,,,eft031000,emily hennessy,Science Methods for Grades EC - 6 
ED,4344,501,1,2,2,2,3,1,,,,,,,,,,,,1,"Huisman, Ingrid",,,,,,ibh013000,ingrid huisman,Mathematics Methods for Elementary Teachers 
ED,4344,502,,2,1,2,5,,,,,,,,1,,,,,0,"Huisman, Ingrid",,,,,,ibh013000,ingrid huisman,Mathematics Methods for Elementary Teachers 
ED,4345,001,11,,2,,,,,,,,,,,,,,,0,"Johnson, Ruth A",,,,,,raj210001,,Social Studies Methods for Grades EC - 6 
ED,4352,0H1,1,8,7,3,5,,1,2,1,,,,,,,,,2,"McNeel, Michele E",,,,,,mem210009,michele mcneel,Reading I  Learning to Read 
ED,4357,0H1,1,9,1,,1,1,,,,,,,1,,,,,1,"Leek, Patricia A",,,,,,santine,patricia leek,Diagnostic Reading 
ED,4358,0W1,,3,4,,1,1,3,1,1,,3,,1,,,,,3,"Root, Alexey",,,,,,aroot,alexey root,Chess I  Using Chess in Schools 
ED,4359,0W1,1,2,2,1,1,,1,1,,1,2,,5,,,,,1,"Root, Alexey",,,,,,aroot,alexey root,Chess II  Institutional and Cultural Contexts of Chess 
ED,4361,501,7,2,1,,,,,,,,,,,,,,,2,"Friedman, Meredith K",,,,,,mxk116530,meredith friedman,Classroom Management Secondary 
ED,4363,0H1,1,7,2,2,,3,,,,,,,1,,,,,2,"Leek, Patricia A",,,,,,santine,patricia leek,Reading II ELAR Methods 
ED,4372,5H2,5,2,5,1,,3,1,,,,,,,,,,,0,"Christensen, Rhonda",,,,,,rxc180023,rhonda christensen,Educational Technology 
EE,1100,001,2,4,2,4,5,2,1,,,,,,1,,,,,1,"Florence, James M","Luo, Ziyang","Sonawane, Akshay Bhagwan","Xiong, Jiu","Pawaskar, Vaibhav Uttam","Munia, Munawara Saiyara",jmf130530,james florence,Introduction to Electrical and Computer Engineering 
EE,1100,002,2,9,7,2,7,1,,,1,,,,1,,,,,1,"Florence, James M","Sonawane, Akshay Bhagwan","Luo, Ziyang","Xiong, Jiu","Pawaskar, Vaibhav Uttam","Munia, Munawara Saiyara",jmf130530,james florence,Introduction to Electrical and Computer Engineering 
EE,1100,003,1,12,10,1,4,,1,,1,,1,,4,,,,,0,"Florence, James M","Luo, Ziyang","Sonawane, Akshay Bhagwan","Xiong, Jiu","Pawaskar, Vaibhav Uttam","Munia, Munawara Saiyara",jmf130530,james florence,Introduction to Electrical and Computer Engineering 
EE,1202,001,2,8,6,7,9,1,2,3,,1,2,,8,,,,,8,"Cogan, Diana L",,,,,,dcc095020,diana cogan,Introduction to Electrical and Computer Engineering II 
EE,2310,001,1,6,8,5,2,5,4,3,,3,,1,4,,,,,6,"Cogan, Diana L","Weng, Bang-Li","Munia, Munawara Saiyara","Pawaskar, Vaibhav Uttam",,,dcc095020,diana cogan,Introduction to Digital Systems 
EE,2310,501,4,5,4,2,2,4,3,1,2,,2,,5,,,,,2,"Zhou, Dian","Wang, Yifan","Luo, Ziyang",,,,zhoud,dian zhou,Introduction to Digital Systems 
EE,3161,051,4,13,8,4,1,,,,1,,,,,,,,,0,"Mezenner, Rabah",,,,,,rxm129730,rabah mezenner,Social Issues and Ethics in Engineering 
EE,3161,091,,5,3,2,10,1,,2,1,,,,3,,,,,0,"Mezenner, Rabah",,,,,,rxm129730,rabah mezenner,Social Issues and Ethics in Engineering 
EE,3201,001,1,33,4,2,1,1,,,,,2,,,,,,,0,"Nikoubin, Tooraj","Steele, Alec M","Meng, Xingyu","Sankarraman, Sri Vignesh","Twisha, Senjuti","Parchamdar, Baharealsadat",txn190011,tooraj nikoubin,Electrical and Computer Engineering Fundamentals-I Laboratory 
EE,3201,002,3,18,4,1,1,,,1,2,,2,,,,,,,1,"Nikoubin, Tooraj","Steele, Alec M","Meng, Xingyu","Sankarraman, Sri Vignesh","Twisha, Senjuti","Parchamdar, Baharealsadat",txn190011,tooraj nikoubin,Electrical and Computer Engineering Fundamentals-I Laboratory 
EE,3202,001,,1,6,5,2,3,,1,,,,,2,,,,,1,"Kiasaleh, Kamran","Alam, Lamia","Apalak, Merve",,,,kamran,kamran kiasaleh,Electrical and Computer Engineering Fundamentals-II Laboratory 
EE,3202,002,,15,,2,7,,2,1,,,,,3,,,,,3,"Overzet, Lawrence","Nikfarjam, Hamed","Abousaba, Mohammad F",,,,overzet,lawrence overzet,Electrical and Computer Engineering Fundamentals-II Laboratory 
EE,3202,003,,5,3,4,4,4,,1,,,,,2,,,,,0,"Kiasaleh, Kamran","Apalak, Merve","Alam, Lamia",,,,kamran,kamran kiasaleh,Electrical and Computer Engineering Fundamentals-II Laboratory 
EE,3301,001,2,2,1,2,2,1,1,1,1,,,,3,,,,,0,"Lee, Gil S","Xiong, Jiu",,,,,gslee,gill lee,Electrical Network Analysis 
EE,3301,002,1,12,,3,4,,4,1,,1,,,,,,,,1,"Fahimi, Babak","Movahed Mohammadi, Seyed Ehsan",,,,,bxf102000,babak fahimi,Electrical Network Analysis 
EE,3301,003,,12,3,,2,,1,,5,,1,,1,,,,,1,"Friedman, Joseph S","Edwards, Alexander J",,,,,jsf160330,joseph friedman,Electrical Network Analysis 
EE,3302,002,1,14,,11,16,5,10,11,4,2,2,,2,,,,,1,"Fumagalli, Andrea","Zhang, Tianliang",,,,,andreaf,andrea fumagalli,Signals and Systems 
EE,3310,001,,15,7,2,6,1,4,1,,,2,,2,,,,,0,"Tinker, Mark T","Parvez, Mohammad Salman",,,,,mtinker,mark tinker,Electronic Devices 
EE,3310,002,3,3,4,4,12,4,7,4,3,,1,,2,,,,,0,"Pourkamali, Siavash","Hossain Bhuiyan, Md Emran",,,,,sxp124631,siavash pourkamali,Electronic Devices 
EE,3311,001,1,8,7,2,1,,2,1,,1,,,,,,,,0,"Ahmed, Shaheen","Han, Weijie",,,,,sxa176730,shaheen ahmed,Electronic Circuits 
EE,3311,002,2,1,2,,3,,,1,,,1,,1,,,,,0,"Pourkamali, Siavash","Cheng, Qi",,,,,sxp124631,siavash pourkamali,Electronic Circuits 
EE,3320,001,,6,3,6,,1,1,3,2,,2,,2,,,,,0,"Bhatia, Dinesh","Sears, Mark R",,,,,dinesh,dinesh bhatia,Digital Circuits 
EE,3320,002,5,12,3,2,2,2,1,,2,,,,1,,,,,0,"Basu, Kanad","Kundu, Shamik",,,,,kxb190012,kanad basu,Digital Circuits 
EE,3320,003,2,4,5,,1,3,2,1,,,,,,,,,,0,"Nikoubin, Tooraj","Datta, Rajesh K",,,,,txn190011,tooraj nikoubin,Digital Circuits 
EE,4201,001,,28,3,,,,,,,,,,,,,,,0,"Tamil, Lakshman","Tiryaki, Erhan",,,,,laxman,lakshman tamil,Electrical and Computer Engineering Laboratory in Computing Systems and Computer Engineering 
EE,4202,001,,23,,,8,,,,,,,,2,,,,,0,"Henderson, Rashaunda M","Datta, Rajesh K","Tiryaki, Erhan",,,,rmh072000,rashaunda henderson,Electrical and Computer Engineering Laboratory in Circuits 
EE,4301,001,2,9,6,4,11,2,3,5,,,,,1,,,,,0,"Heins, Matthew S","Kovalyov, Anton",,,,,msh130130,matthew heins,Electromagnetic Engineering I 
EE,4301,501,1,7,7,3,15,2,3,5,,,,,3,,,,,2,"Heins, Matthew S","Kovalyov, Anton",,,,,msh130130,matthew heins,Electromagnetic Engineering I 
EE,4304,001,,,3,3,5,3,1,4,3,,1,2,1,,,,,0,"Pitz, Jeanne","Wang, Zhen",,,,,jxp133430,jeanne pitz,Computer Architecture 
EE,4304,501,1,1,3,2,2,2,,2,1,,,,,,,,,0,"Pitz, Jeanne","Wang, Jianda","Wang, Zhen",,,,jxp133430,jeanne pitz,Computer Architecture 
EE,4310,001,,18,,1,18,,3,8,7,1,1,,4,,,,,2,"Skinner, Neal G","Olee, Shakil Mahmud","Hossain Bhuiyan, Md Emran",,,,skinner,neal skinner,Systems and Controls 
EE,4330,001,3,2,12,2,2,6,2,1,1,,,,2,,,,,1,"Young, Chadwin D","Liu, Jinbo",,,,,cdy120030,chadwin young,Integrated Circuit Technology 
EE,4340,001,2,6,9,10,10,9,2,,1,,,,,,,,,0,"Ma, Dongsheng","Huang, Yuanqing",,,,,dxm101000,dongsheng ma,Analog Integrated Circuit Analysis and Design 
EE,4361,001,1,3,1,3,2,3,3,3,1,,,2,7,,,,,4,"Panahi, Issa","Kovalyov, Anton",,,,,imp015000,issa panahi,Introduction to Digital Signal Processing 
EE,4363,001,2,2,2,3,2,7,4,4,,,1,1,4,,,,,8,"Gardner, Matthew C","Luo, Ziyang",,,,,mcg200004,matthew gardner,Introduction to Power Electronics 
EE,4365,001,4,14,7,4,8,3,,,1,,,,1,,,,,0,"Saquib, Mohammad","Hasan, Md Imrul",,,,,saquib,mohammad saquib,Introduction to Wireless Communication 
EE,4368,001,,11,,3,7,1,2,1,4,,1,,1,,,,,1,"Lehmann, Randall E","Sears, Mark R",,,,,rel041000,randall lehmann,RF Circuit Design Principles 
EE,4370,001,6,15,4,1,10,,,1,,,,,1,,,,,0,"Swartz, William P","Raghavendra, Shruthi",,,,,wps100020,william swartz,Embedded Systems 
EE,4388,001,,19,1,1,1,,,,,,,,,,,,,0,"Tacca, Marco",,,,,,mtacca,marco tacca,Senior Design Project I 
EE,4388,002,,13,5,1,,,,,,,,,,,,,,0,"Tacca, Marco",,,,,,mtacca,marco tacca,Senior Design Project I 
EE,4388,003,,14,2,1,,,,,,,,,1,,,,,0,"Skinner, Neal G",,,,,,skinner,neal skinner,Senior Design Project I 
EE,4388,004,,11,1,1,1,,,,,,,,,,,,,0,"Skinner, Neal G",,,,,,skinner,neal skinner,Senior Design Project I 
EE,4389,001,9,10,8,4,9,3,2,1,,,,,,,,,,0,"Tacca, Marco",,,,,,mtacca,marco tacca,Senior Design Project II 
EECT,6325,001,,2,8,10,15,3,1,,,,,,,,,,,0,"Sechen, Carl","Salimath, Vibhav Kumarswami","Xu, Xiangyu",,,,cms057000,carl sechen,VLSI Design 
EECT,6326,001,,6,2,3,7,,,,,,,,,,,,,0,"Liu, Jin","Xiong, Jiu",,,,,jinliu,jin liu,Analog Integrated Circuit Design 
EEDG,5325,501,,17,1,,2,,,,,,,,,,,,,0,"Swartz, William P","Xu, Xiangyu","Arunachalam, Ayush",,,,wps100020,william swartz,Hardware Modeling Using HDL 
EEDG,6301,001,,31,2,,,,,,,,,,,,,,,0,"Swartz, William P","Thiagarajan, Shiva Shankar",,,,,wps100020,william swartz,Advanced Digital Logic 
EEDG,6303,001,,5,4,5,2,3,,,,,,,,,,,,0,"Nourani, Mehrdad","Thiagarajan, Shiva Shankar",,,,,nourani,mehrdad nourani,Testing and Testable Design 
EEDG,6304,001,,,17,,,,,,,,,,,,,,,0,"Carrion Schaefer, Benjamin","Rashid, Md Imtiaz",,,,,bxc162630,benjamin carrion schaefer,Computer Architecture 
EEDG,6306,001,,15,2,1,,,,,,,,,,,,,,0,"Zhou, Dian","Wang, Yifan",,,,,zhoud,dian zhou,Application Specific Integrated Circuits Design 
EEGR,6316,001,,4,3,1,2,,1,,,,,,1,,,,,0,"Gu, Qing",,,,,,qxg160030,,Fields and Waves 
EEMF,6319,501,,20,,,,,,,,,,,,,,,,0,"Frensley, William","Liu, Jinbo",,,,,frensley,william frensley,Quantum Physical Electronics 
EEMF,6320,001,,13,2,2,,,,,,,,,,,,,,0,"Frensley, William","Liu, Jinbo",,,,,frensley,william frensley,Fundamentals of Semiconductor Devices 
EEPE,6354,001,,15,4,3,1,,,,,,,,,,,,,1,"Akin, Bilal","Farhadi, Masoud",,,,,bxa123330,bilal akin,Power Electronics 
EERF,6311,501,,10,3,6,5,3,,,,,,,,,,,,0,"Henderson, Rashaunda M","Medina, Oscar F",,,,,rmh072000,rashaunda henderson,RF and Microwave Circuits 
EERF,6395,001,,14,2,1,,1,2,2,,,,,,,,,,0,"Lehmann, Randall E",,,,,,rel041000,randall lehmann,RF and Microwave Systems Engineering 
EERF,6396,302,,5,1,2,1,1,,,,,,,,,,,,0,"Lehmann, Randall E","Baral, Ashwin Bhobani",,,,,rel041000,randall lehmann,Microwave Design and Measurement 
EESC,6360,501,,3,3,2,1,1,,1,,,,,2,,,,,0,"Panahi, Issa",,,,,,imp015000,issa panahi,Digital Signal Processing I 
EESC,6366,001,,5,2,2,1,,,,,,,,,,,,1,0,"Hansen, John",,,,,,jxh052100,john hansen,Speech and Speaker Recognition 
EESC,6367,001,,6,7,,1,,,,,,,,,,,,,0,"Kehtarnavaz, Nasser","Ni, Aoxin",,,,,nxk019000,nasser kehtarnavaz,Applied Digital Signal Processing 
ENGR,2300,001,5,16,1,4,6,5,1,8,2,,,,1,,,,,1,"Ali, Mohammed Z","Gogineni, Susmitha","Helwa, Sherief M",,,,mohammed,ali mohammed,Linear Algebra for Engineers 
ENGR,2300,002,6,3,3,6,6,3,1,,1,,,2,7,,,,,5,"Al-Dhahir, Naofal M","Helwa, Sherief M",,,,,nxa028000,naofal al dhahir,Linear Algebra for Engineers 
ENGR,2300,003,1,4,3,5,4,3,2,7,2,1,1,1,6,,,,,3,"Mezenner, Rabah","Tariq, Zaid Bin",,,,,rxm129730,rabah mezenner,Linear Algebra for Engineers 
ENGR,2300,004,8,2,3,4,7,1,,,3,,,,10,,,,,6,"Busso Recabarren, Carlos A","Gogineni, Susmitha",,,,,cxb093000,carlos busso,Linear Algebra for Engineers 
ENGR,2300,005,3,2,4,1,3,5,5,3,2,1,4,3,7,,,,,4,"Mezenner, Rabah","Tariq, Zaid Bin",,,,,rxm129730,rabah mezenner,Linear Algebra for Engineers 
ENGR,3300,001,1,4,,1,8,,,11,8,,8,,,,,,,7,"Lee, Jung S","Zhang, Tianliang","Xie, Hao","Jeong, Jinwon","Kapoor, Pinky",,jls032000,jung lee,Advanced Engineering Mathematics 
ENGR,3300,002,1,1,,1,5,,1,8,4,,9,,2,,,,,9,"Lee, Jung S","Xie, Hao","Jeong, Jinwon",,,,jls032000,jung lee,Advanced Engineering Mathematics 
ENGR,3300,003,2,,6,7,8,4,6,2,1,1,,,4,,,,,6,"Fischetti, Massimo V","Roy, Joy",,,,,mvf100020,massimo fischetti,Advanced Engineering Mathematics 
ENGR,3300,004,12,4,2,3,3,2,1,5,3,,2,3,6,,,,,2,"Saad, Ricardo E","Noor Shoudha, Shamman","Patel, Kashyap",,,,rsaad,ricardo saad,Advanced Engineering Mathematics 
ENGR,3300,005,6,1,3,4,1,1,2,,5,,4,5,12,,,,,3,"Saad, Ricardo E","Patel, Kashyap","Noor Shoudha, Shamman",,,,rsaad,ricardo saad,Advanced Engineering Mathematics 
ENGR,3300,006,,1,,1,1,,,10,9,,10,,2,,,,,1,"Lee, Jung S","Jeong, Jinwon","Kapoor, Pinky",,,,jls032000,jung lee,Advanced Engineering Mathematics 
ENGR,3341,001,2,10,5,3,3,1,5,3,4,,2,2,3,,,,,3,"Fonseka, John","Hassan, Rana A",,,,,kjp,john fonseka,Probability Theory and Statistics 
ENGR,3341,002,4,17,,3,4,7,5,6,,,1,,,,,,,1,"Ali, Mohammed Z","Ahmed, Sabrina",,,,,mohammed,ali mohammed,Probability Theory and Statistics 
ENGR,3341,005,4,19,1,2,7,,1,8,,,1,,,,,,,4,"Ali, Mohammed Z","Ahmed, Sabrina",,,,,mohammed,ali mohammed,Probability Theory and Statistics 
ENGR,3341,006,1,4,6,4,5,4,6,1,2,,4,2,10,,,,,7,"Fonseka, John","Hassan, Rana A",,,,,kjp,john fonseka,Probability Theory and Statistics 
ENGR,3341,0H1,,12,1,,8,5,2,5,,1,2,,6,,,,,2,"Gelb, Lev D","Dicarlo, Alexandra H",,,,,ldg102020,lev gelb,Probability Theory and Statistics 
ENGR,3341,501,1,19,4,4,4,1,1,10,,,1,,1,,,,,2,"Ali, Mohammed Z","Kapoor, Pinky","Yang, Mu",,,,mohammed,ali mohammed,Probability Theory and Statistics 
ENGY,3330,001,,4,6,3,,,,1,,,,,,,,,,0,"Sibley, Daniel C","Leal Valladares, Jorge A",,,,,dcs170002,daniel sibley,Energy Economics 
ENGY,3340,001,,7,2,1,3,,,,1,,,,,,,,,0,"Sibley, Daniel C","Leal Valladares, Jorge A",,,,,dcs170002,daniel sibley,Energy Law and Contracts 
ENGY,6330,501,,20,,,,,,,,,,,,,,,,0,"Sibley, Daniel C","Leal Valladares, Jorge A",,,,,dcs170002,daniel sibley,Energy Law and Contracts 
ENGY,6332,001,,20,,,,,,,,,,,,,,,,0,"Molina, Stephen","Leal Valladares, Jorge A",,,,,sxm163630,stephen molina,Energy and Sustainability 
ENTP,3301,001,2,11,11,12,9,7,6,1,,2,,,1,,,,,0,"Choi, Emily","Deng, Shu",,,,,exc113230,emily choi,Innovation and Entrepreneurship 
ENTP,3301,002,,3,7,1,22,13,3,6,1,,2,,2,,,,,2,"Kimzey, Jackie","Patel, Kandarp Harshadbhai",,,,,jxk092000,jackie kimzey,Innovation and Entrepreneurship 
ENTP,3301,003,3,16,22,9,4,4,1,,,,,,,,,,,0,"Nichols, Paul M",,,,,,pxn120030,paul nichols,Innovation and Entrepreneurship 
ENTP,3301,0W1,,17,,,29,,,3,,,,,,,,,,2,"Pedigo, Madison F",,,,,,mfp013000,madison pedigo,Innovation and Entrepreneurship 
ENTP,3301,501,,8,15,9,12,4,3,2,1,,,,2,,,,,1,"Bhatti, Christopher J",,,,,,cbhatti,christopher bhatti,Innovation and Entrepreneurship 
ENTP,3320,001,,5,7,2,,,,,,,,,,,,,,0,"Peck, Paul S",,,,,,psp012100,,Start-up Launch I 
ENTP,3360,001,1,1,2,,6,3,4,1,2,,,1,1,,,,,1,"Baranchuk, Nina","Sawant, Pranali R",,,,,nxb043000,nina baranchuk,Entrepreneurial Finance 
ENTP,4330,001,,4,4,3,4,1,,1,,,,,1,,,,,0,"Shah, Rajiv","Garg, Suyash",,,,,rxs079000,rajiv shah,Entrepreneurial Marketing 
ENTP,4340,501,,10,25,38,37,24,20,21,11,,7,,3,,,,,6,"Wright, Robert G","Briseno, Joselyn A","Tiwari, Prabodh",,,,rgw091000,robert wright,Social Sector Entrepreneurship and Community Engagement 
ENTP,4350,001,,10,,,13,,,3,,,,,,,,,,1,"Shah, Rajiv","Garg, Suyash",,,,,rxs079000,rajiv shah,Corporate Entrepreneurship 
ENTP,4360,001,2,9,7,6,2,1,1,,,,,,,,,,,0,"Choi, Emily","Deng, Shu",,,,,exc113230,emily choi,Innovation and Creativity 
ENTP,4V00,003,3,4,4,1,,1,,,,,,,1,,,,,1,"Choi, Emily","Lee, Minjung",,,,,exc113230,emily choi,Special Topics in Entrepreneurship 
ENTP,6315,501,,3,3,3,1,1,,,,,,,1,,,,,0,"Shah, Rajiv","Garg, Suyash",,,,,rxs079000,rajiv shah,Entrepreneurial Finance 
ENTP,6370,0W1,,15,11,6,9,5,1,1,,,,,,,,,,1,"Kimzey, Jackie","Patel, Kandarp Harshadbhai",,,,,jxk092000,jackie kimzey,Innovation and Entrepreneurship 
ENTP,6370,501,,6,6,6,9,2,,,,,,,,,,,,0,"Kimzey, Jackie","Patel, Kandarp Harshadbhai",,,,,jxk092000,jackie kimzey,Innovation and Entrepreneurship 
ENTP,6375,0W1,,6,3,3,1,1,2,2,,,,,2,,,,,2,"Bochsler, Daniel C",,,,,,dcb091000,daniel bochsler,Technology and New Product Development 
ENTP,6380,501,,13,6,1,,,,,,,,,,,,,,0,"Nichols, Paul M",,,,,,pxn120030,paul nichols,Market Entry Strategies 
ENVR,2302,001,2,2,2,2,2,1,3,1,1,,1,,1,,,,,0,"Cummings, Anthony R","Adeuga, Adewole M",,,,,arc131030,anthony cummings,The Global Environment 
EPCS,2200,001,,62,1,,,,,,,,,,1,,,,,2,"Rodriguez, Lucas C",,,,,,lxr120230,,Engineering Projects in Community Service 
EPPS,1110,002,,36,,,6,,,2,,,5,,3,,,,,2,"Lanham, Carol C",,,,,,ccl054000,carol lanham,Critical Issues in the Social Sciences 
EPPS,1110,003,,18,,,8,,,6,,,,,5,,,,,1,"Gordon, Quinn T",,,,,,qtg140030,quinn gordon,Critical Issues in the Social Sciences 
EPPS,1110,0W1,,26,,,11,,,6,,,1,,15,,,,,0,"Lanham, Carol C","Gordon, Quinn T",,,,,ccl054000,carol lanham,Critical Issues in the Social Sciences 
EPPS,2301,001,10,6,11,3,12,,1,3,1,,,,1,,,,,0,"Riddell, Jordan R",,,,,,jxr122330,,Research Design in the Social and Policy Sciences 
EPPS,2301,002,4,8,11,7,3,2,2,2,4,1,,2,,,,,,2,"Johnson, Sara K",,,,,,skj170230,sara johnson,Research Design in the Social and Policy Sciences 
EPPS,2301,0W1,11,1,,7,3,7,5,7,3,1,2,,8,,,,,2,"Kosiewicz, Holly","Cooper, Glen",,,,,hxk200027,holly kosiewicz,Research Design in the Social and Policy Sciences 
EPPS,2302,001,,16,4,6,3,2,1,3,,,,,2,,,,,1,"Wu, Yanan",,,,,,yxw190021,,Methods of Quantitative Analysis in the Social and Policy Sciences 
EPPS,2302,002,,31,4,3,6,1,1,,,,,,1,,,,,1,"Bray, Timothy M","Shi, Min",,,,,tmb021000,timothy bray,Methods of Quantitative Analysis in the Social and Policy Sciences 
EPPS,6313,001,,15,5,1,1,1,,,,,,,1,,,,,0,"Bray, Timothy M","Shi, Min",,,,,tmb021000,timothy bray,Introduction to Quantitative Methods 
EPPS,6313,501,,14,5,5,5,1,,,,,,,,,,,,0,"Gorina, Evgenia","Ferrero, Federico J","Egukawhore, Oghenekome",,,,exg131830,evgenia gorina,Introduction to Quantitative Methods 
EPPS,6316,501,,2,3,3,1,1,1,,,,,,,,,,,1,"Tiefelsdorf, Michael","Venigalla, Lasya",,,,,mrt052000,michael tiefelsdorf,Applied Regression 
EPPS,6355,001,,4,5,2,1,3,,,,,,,,,,,,0,"D'Orazio, Vito",,,,,,vxd152030,vito dorazio,Content Analysis 
EPPS,6356,001,,6,6,,,,,,,,,,,,,,,1,"Ho, Karl",,,,,,kxh022100,karl ho,Data Visualization 
EPPS,7313,501,,5,3,1,6,2,,,,,,,1,,,,,2,"Kim, Dohyeong","Akarte, Prajakti V",,,,,dxk132530,dohyeong kim,Descriptive and Inferential Statistics 
EPPS,7318,0W1,,13,,,,,,1,,,,,,,,,,1,"Clarke, Harold D","Ho, Karl","Khan, Humza",,,,hclarke,harold clarke,Structural Equation and Multilevel 
FILM,1303,001,32,6,1,2,1,1,,2,,,,1,2,,,,,0,"Shafek, Amal S",,,,,,ass106020,amal shafek,Transnational Film and Video 
FILM,1303,002,3,10,8,5,3,5,2,,,1,,,4,,,,,0,"Baker, Emily-Rose",,,,,,exb210012,emily baker,Transnational Film and Video 
FILM,2332,001,,4,16,12,17,17,8,3,3,6,2,1,10,,,,,4,"Petty, John E","Wensel, Laurence L",,,,,jep140330,john petty,Understanding Film 
FILM,2332,002,7,11,8,5,5,3,1,1,2,1,1,,1,,,,,2,"Oliver, Stephanie R",,,,,,sxo180009,stephanie oliver,Understanding Film 
FILM,2332,501,2,3,10,8,9,16,13,12,12,4,1,1,10,,,,,2,"Petty, John E","Lyon, Tara L",,,,,jep140330,john petty,Understanding Film 
FILM,3325,001,9,5,5,1,2,,,,,,,,1,,,,,1,"McLean, Adrienne L",,,,,,amclean,adrienne mclean,Film Authorship 
FILM,3342,001,,6,2,,2,,,,,,2,,2,,,,,1,"Baker, Emily-Rose",,,,,,exb210012,emily baker,Topics in Film 
FIN,3300,001,,5,,,13,,,4,,,1,,4,,,,,0,"Lynch, Julie","Narang, Aayushkumar Anilkumar",,,,,jxl180030,julie lynch,Personal Finance 
FIN,3305,001,2,7,4,,3,1,,8,,,6,,4,,,,,1,"Guttery, Randall","Huang, Zhuowei",,,,,rxg112530,randall guttery,Real Estate Principles 
FIN,3305,002,,5,1,,8,,,14,,,4,,1,,,,,1,"Guttery, Randall","Huang, Zhuowei",,,,,rxg112530,randall guttery,Real Estate Principles 
FIN,3305,502,,4,,,2,,,4,,,1,1,,,,,,0,"Guttery, Randall","Huang, Zhuowei",,,,,rxg112530,randall guttery,Real Estate Principles 
FIN,3320,001,1,2,,1,5,4,2,8,7,1,3,1,,,,,,0,"Kelly, Matthew L",,,,,,mlk170130,matthew kelly,Business Finance 
FIN,3320,002,,2,5,3,5,6,2,5,2,,2,,4,,,,,1,"Rebello, Michael J",,,,,,mjr071000,michael rebello,Business Finance 
FIN,3320,003,3,4,5,1,4,13,6,3,4,2,4,1,7,,,,,1,"Anderson, Frank W",,,,,,fwa012000,,Business Finance 
FIN,3320,004,7,5,2,4,3,2,,9,2,1,1,4,8,,,,,6,"Gurun, Ayfer",,,,,,axg119030,ayfer gurun,Business Finance 
FIN,3320,005,6,4,8,10,5,6,3,1,,3,,,,,,,,2,"Lee, Pil-Seng",,,,,,pxl132230,pil seng lee,Business Finance 
FIN,3320,006,4,10,3,14,13,3,,,,,,4,,,,,,2,"Zhu, Yifan",,,,,,yxz166130,yifan zhu,Business Finance 
FIN,3320,007,7,4,4,7,3,5,4,2,3,1,2,,6,,,,,7,"Gurun, Ayfer",,,,,,axg119030,ayfer gurun,Business Finance 
FIN,3320,010,,1,2,1,1,3,2,4,,,3,,1,,,,,1,"Rebello, Michael J",,,,,,mjr071000,michael rebello,Business Finance 
FIN,3320,011,6,6,7,8,7,5,8,6,3,2,3,,,,,,,1,"Murray, Jennifer R","Pillai, Qaleb",,,,,jrm160330,jennifer murray,Business Finance 
FIN,3320,0E1,3,1,3,2,2,4,5,1,2,2,,1,3,,,,,2,"Murray, Jennifer R","Pillai, Qaleb",,,,,jrm160330,jennifer murray,Business Finance 
FIN,3320,0W1,,15,3,1,10,2,4,13,,,2,,1,,,,,1,"Manzi, Jeff",,,,,,jxm158130,jeffrey manzi,Business Finance 
FIN,3320,0W2,1,15,3,5,14,,1,7,3,1,1,,,,,,,2,"Manzi, Jeff",,,,,,jxm158130,jeffrey manzi,Business Finance 
FIN,3320,0W3,,8,,4,15,3,1,10,4,1,,,1,,,,,3,"Manzi, Jeff",,,,,,jxm158130,jeffrey manzi,Business Finance 
FIN,3320,501,2,7,8,9,5,5,4,1,,,1,,,,,,,0,"Wen, Yaxin",,,,,,yxw163930,yaxin wen,Business Finance 
FIN,3330,001,3,14,12,6,8,7,2,1,2,1,,,1,,,,,1,"Haynes, Steven",,,,,,sxh102420,steven haynes,Personal Financial Planning 
FIN,3330,002,,10,,,20,,,2,,,2,,1,,,,,4,"Lynch, Julie","Narang, Aayushkumar Anilkumar",,,,,jxl180030,julie lynch,Personal Financial Planning 
FIN,3330,003,,13,,,17,,,6,,,3,,1,,,,,3,"Lynch, Julie","Narang, Aayushkumar Anilkumar",,,,,jxl180030,julie lynch,Personal Financial Planning 
FIN,3340,501,46,15,8,2,,,,,,,,,,,,,,1,"Molina, Stephen","Leal Valladares, Jorge A",,,,,sxm163630,stephen molina,Regulation of Business and Financial Markets 
FIN,3350,001,2,8,2,1,6,4,2,2,1,,,,2,,,,,7,"Rivera Mesias, Alejandro","Park, Taeyoung",,,,,axr150331,alejandro rivera mesias,Financial Markets and Institutions 
FIN,3350,002,2,11,5,4,8,4,3,2,2,,,,2,,,,,5,"Rivera Mesias, Alejandro","Park, Taeyoung",,,,,axr150331,alejandro rivera mesias,Financial Markets and Institutions 
FIN,3360,001,,7,5,5,9,1,1,3,1,,,1,2,,,,,2,"Baranchuk, Nina","Sawant, Pranali R",,,,,nxb043000,nina baranchuk,Entrepreneurial Finance 
FIN,3365,0W1,5,15,7,6,16,4,1,2,,,,,,,,,,1,"DeCourcy, George A",,,,,,gad075000,george decourcy,Real Estate Finance and Principles 
FIN,3370,001,5,16,10,6,2,1,2,2,,1,,1,,,,,,0,"Haynes, Steven",,,,,,sxh102420,steven haynes,Principles of Risk Management and Insurance 
FIN,3370,002,1,12,14,12,2,4,1,2,,,,,4,,,,,0,"Haynes, Steven",,,,,,sxh102420,steven haynes,Principles of Risk Management and Insurance 
FIN,3380,002,2,8,6,5,3,10,12,4,2,3,4,1,,,,,,2,"Gurun, Ayfer",,,,,,axg119030,ayfer gurun,International Financial Management 
FIN,3390,001,5,8,8,7,5,5,1,2,5,5,1,6,1,,,,,0,"El-Ashmawi, Amal H","Le, Thu N",,,,,ahe013000,amal el ashmawi,Introduction to Financial Modeling 
FIN,3390,002,11,4,8,4,4,6,5,5,4,3,3,3,1,,,,,1,"El-Ashmawi, Amal H","Le, Thu N",,,,,ahe013000,amal el ashmawi,Introduction to Financial Modeling 
FIN,3390,003,,13,4,,4,8,2,,2,4,,,2,,,,,1,"Kaur, Dupinderjeet","Kurucak, Abdurrahman",,,,,dxk110730,dupinderjeet kaur,Introduction to Financial Modeling 
FIN,3390,501,,7,2,3,3,4,3,,,2,,,3,,,,,4,"Kaur, Dupinderjeet","Kurucak, Abdurrahman",,,,,dxk110730,dupinderjeet kaur,Introduction to Financial Modeling 
FIN,3395,501,,12,2,,3,2,1,,,,,,1,,,,,0,"Kaur, Dupinderjeet","Kurucak, Abdurrahman",,,,,dxk110730,dupinderjeet kaur,Financial Modeling and Valuation 
FIN,4300,001,,3,,,5,3,1,3,3,2,2,3,2,,,,,2,"Wei, Kelsey D","Huang, Zhuowei",,,,,kdw061000,kelsey wei,Investment Management 
FIN,4300,002,,4,,4,5,,,1,3,,4,2,3,,,,,3,"Wei, Kelsey D","Huang, Zhuowei",,,,,kdw061000,kelsey wei,Investment Management 
FIN,4300,003,,,1,,2,,1,2,4,,2,,1,,,,,1,"Wei, Kelsey D","Huang, Zhuowei",,,,,kdw061000,kelsey wei,Investment Management 
FIN,4300,501,,20,3,14,21,,,,,,2,,,,,,,0,"Zhu, Yifan",,,,,,yxz166130,yifan zhu,Investment Management 
FIN,4307,001,3,3,6,5,2,5,2,2,,,1,,1,,,,,1,"Springate, David J","Joukov, Artem M",,,,,spring8,david springate,Private Equity 
FIN,4310,001,4,3,9,3,6,5,2,4,1,2,,1,4,,,,,3,"Meier, Jean-Marie","Smith, Jake A",,,,,jmm172030,jean marie meier,Intermediate Financial Management 
FIN,4310,002,7,3,9,,4,7,1,5,1,2,4,,2,,,,,1,"Meier, Jean-Marie","Smith, Jake A",,,,,jmm172030,jean marie meier,Intermediate Financial Management 
FIN,4310,003,3,7,6,7,10,7,7,,2,1,2,1,2,,,,,4,"Anderson, Frank W",,,,,,fwa012000,,Intermediate Financial Management 
FIN,4310,501,1,2,3,1,4,3,5,2,1,3,1,1,2,,,,,1,"Meier, Jean-Marie","Smith, Jake A",,,,,jmm172030,jean marie meier,Intermediate Financial Management 
FIN,4321,501,,2,,,10,,1,2,,,1,,1,,,,,0,"Hedgecock, Blake M",,,,,,bxh132030,blake hedgecock,Real Estate Law and Contracts 
FIN,4328,501,,3,,,5,,,4,,,,,2,,,,,0,"Lynch, Julie","Narang, Aayushkumar Anilkumar",,,,,jxl180030,julie lynch,Real Estate Valuation 
FIN,4331,001,,,7,6,1,,,,,,,,,,,,,0,"Haynes, Steven",,,,,,sxh102420,steven haynes,Business Liability Risk Management and Insurance 
FIN,4333,501,,,5,1,3,,1,,,,,,,,,,,0,"Haynes, Steven",,,,,,sxh102420,steven haynes,Enterprise Risk Management 
FIN,4340,001,,5,4,1,4,3,,1,3,,,,3,,,,,1,"Kaur, Dupinderjeet","Kurucak, Abdurrahman",,,,,dxk110730,dupinderjeet kaur,Options and Futures Markets 
FIN,4345,001,2,15,13,9,5,1,1,2,,,,,1,,,,,2,"Ma, Liping","Shah, Priyanka H",,,,,lxm133730,liping ma,Financial Information and Analysis 
FIN,4380,001,,46,13,3,,,,1,,,,,,,,,,0,"Furst, Jack D","Pillai, Qaleb",,,,,jdf170030,jack furst,Domestic Fund Management 
FIN,6253,XS1,,14,7,6,2,,,,,,,,,,,,,0,"Reichert, Carolyn A",,,,,,carolyn,carolyn reichert,
FIN,6301,001,,6,18,18,7,6,3,1,,,,,1,,,,,1,"Xu, Yexiao","Liu, Jiabin",,,,,yexiaoxu,yexiao xu,Financial Management 
FIN,6301,0W1,,35,,,21,,,4,,,,,1,,,,,0,"El-Ashmawi, Amal H",,,,,,ahe013000,amal el ashmawi,Financial Management 
FIN,6301,501,,26,4,6,13,2,1,2,,,,,1,,,,,3,"Nishi, Hirofumi","Sawant, Pranali R",,,,,hxn210016,,Financial Management 
FIN,6301,GW1,,8,5,3,3,3,,2,,,,,1,,,,,1,"Reichert, Carolyn A",,,,,,carolyn,carolyn reichert,
FIN,6301,MBC,,18,5,9,12,5,3,2,,,,,,,,,,0,"Reichert, Carolyn A",,,,,,carolyn,carolyn reichert,
FIN,6307,0W1,,13,12,11,13,3,4,2,,,,,1,,,,,4,"Ma, Liping","Shah, Priyanka H",,,,,lxm133730,liping ma,Mathematical Methods for Finance 
FIN,6307,501,,13,12,4,18,8,9,3,,,,,1,,,,,0,"Ma, Liping","Shah, Priyanka H",,,,,lxm133730,liping ma,Mathematical Methods for Finance 
FIN,6307,SS1,,8,,,2,,,,,,,,,,,,,0,"Ma, Liping","El-Ashmawi, Amal H",,,,,lxm133730,liping ma,
FIN,6308,0W1,,7,8,10,8,7,3,2,,,,,,,,,,0,"Lewin, Peter","Li, Qinjiang",,,,,plewin,peter lewin,Regulation of Business and Financial Markets 
FIN,6310,501,,6,6,3,4,3,,,,,,,1,,,,,1,"Xu, Yexiao","Liu, Jiabin",,,,,yexiaoxu,yexiao xu,Investment Theory and Practice 
FIN,6314,0W1,,14,1,3,13,1,,2,,,,,,,,,,0,"Manzi, Jeff",,,,,,jxm158130,jeffrey manzi,Fixed Income Securities 
FIN,6318,001,,6,5,1,6,,2,,,,,,,,,,,2,"Xu, Yexiao","Liu, Jiabin",,,,,yexiaoxu,yexiao xu,Analytics of Finance 
FIN,6318,SS1,,4,,3,3,,1,,,,,,,,,,,0,"Xu, Yexiao","Liu, Jiabin",,,,,yexiaoxu,yexiao xu,
FIN,6321,5H1,,3,1,,4,2,,5,,,,,2,,,,,0,"Guttery, Randall","Huang, Zhuowei",,,,,rxg112530,randall guttery,Introduction to Real Estate 
FIN,6322,0W1,,27,2,7,5,,,,,,,,,,,,,0,"DeCourcy, George A",,,,,,gad075000,george decourcy,Real Estate Finance and Investment 
FIN,6325,001,,11,1,6,2,2,6,,,,,,1,,,,,0,"Rivera Mesias, Alejandro","Park, Taeyoung",,,,,axr150331,alejandro rivera mesias,Macroeconomics and Financial Markets 
FIN,6325,SS1,,2,5,,3,,,,,,,,,,,,,0,"Wynne, Mark",,,,,,,mark wynne,
FIN,6350,001,,5,2,,1,2,2,2,,,,,2,,,,,3,"Baranchuk, Nina",,,,,,nxb043000,nina baranchuk,Advanced Corporate Finance 
FIN,6352,0H1,,5,7,6,7,1,,,,,,,1,,,,,0,"von Drathen, Christian",,,,,,cxv141430,christian von drathen,Financial Modeling For Valuation 
FIN,6352,501,,7,7,5,4,,,2,,,,,,,,,,2,"Springate, David J","Joukov, Artem M",,,,,spring8,david springate,Financial Modeling For Valuation 
FIN,6360,001,,14,1,2,3,2,,3,,,,,,,,,,0,"Kaur, Dupinderjeet","Kurucak, Abdurrahman",,,,,dxk110730,dupinderjeet kaur,Derivatives Markets 
FIN,6364,501,,7,1,8,2,,,,,,,,,,,,,0,"Zhang, Huibing",,,,,,hxz054000,huibing harold zhang,Portfolio Analysis and Management 
FIN,6368,SS1,,3,1,,4,2,,1,,,,,,,,,,0,"Wei, Kelsey D","Huang, Zhuowei",,,,,kdw061000,kelsey wei,
FIN,6392,001,,4,6,5,1,,1,1,,,,,,,,,,0,"Zheng, Zhiqiang",,,,,,zxz062000,zhiqiang zheng,Financial Technology and Blockchain 
FREN,1311,001,,16,,,,,,1,,,,,1,,,,,1,"Fettouh, Maha K",,,,,,mkf101020,maha fettouh,Beginning French I 
FREN,2311,001,,14,,,,,,,,,,,,,,,,2,"Fettouh, Maha K",,,,,,mkf101020,maha fettouh,Intermediate French I 
FTEC,6301,FH1,,12,12,,,,,,,,,,1,,,,,0,"Gurun, Umit",,,,,,ugg041000,umit gurun,
FTEC,6302,FH1,,21,,,,,,,,,,,1,,,,,0,"Ayres, Jeffrey A",,,,,,jaa014500,jeffrey ayres,
FTEC,6310,FH1,,16,4,2,2,1,,,,,,,1,,,,,0,"Scott, James A","Wang, Yi",,,,,jas076100,james scott,
FTEC,6320,FH1,,15,,,5,,,1,,,,,1,,,,,0,"Ma, Liping",,,,,,lxm133730,liping ma,
FTEC,6V99,FH2,,25,,,,,,,,,,,1,,,,,0,"Scott, James A","Wang, Yi",,,,,jas076100,james scott,
FTEC,6V99,FH3,,3,,,6,,,1,,,,,,,,,,0,"Bourji, Mohamad A",,,,,,,mohamad bourji,
GEOG,2302,001,5,4,,1,1,1,2,,1,,1,,,,,,,2,"Cummings, Anthony R","Adeuga, Adewole M",,,,,arc131030,anthony cummings,The Global Environment 
GEOG,2303,001,2,12,6,3,2,2,,2,2,,,,1,,,,,0,"Kreuze, Amanda","Chen, Meifang",,,,,axk210112,amanda kreuze,People and Place  An Introduction to World Geographic Regions 
GEOG,3357,001,18,9,8,1,4,,,,1,1,1,,1,,,,,0,"Kreuze, Amanda","Chen, Meifang",,,,,axk210112,amanda kreuze,Spatial Dimensions of Health and Disease 
GEOG,3377,501,2,8,5,4,4,,,2,1,,,1,,,,,,0,"Kreuze, Amanda","Chen, Meifang",,,,,axk210112,amanda kreuze,Urban Planning and Policy 
GEOS,1103,101,4,3,2,2,1,,,1,,1,,,,,,,,1,"Griffin, William R","Wang, Ning",,,,,griffin,william griffin,Physical Geology Laboratory 
GEOS,1103,102,1,5,3,,5,1,,,,,,,2,,,,,0,"Griffin, William R","Wang, Ning",,,,,griffin,william griffin,Physical Geology Laboratory 
GEOS,1303,001,4,15,15,7,2,,1,,1,,,,1,,,,,0,"Griffin, William R","Wang, Ning",,,,,griffin,william griffin,Physical Geology 
GEOS,1303,002,10,5,3,3,2,1,1,2,,1,,1,1,,,,,0,"Pirouz, Mortaza",,,,,,mxp180004,mortaza pirouz,Physical Geology 
GEOS,1303,003,2,1,2,1,6,6,3,3,1,2,,,4,,,,,5,"Manton, William I",,,,,,manton,william manton,Physical Geology 
GEOS,1303,0W1,49,122,39,19,29,4,5,13,3,2,6,3,20,,,,,8,"Pujana, Ignacio",,,,,,pujana,ignacio pujana,Physical Geology 
GEOS,1304,001,,6,,2,,,,2,,,,,1,,,,,2,"Pujana, Ignacio","Xiong, Kai","Crowley, Clinton W","Vazquez-Olmeda, Aldwin S",,,pujana,ignacio pujana,History of Earth and Life 
GEOS,2302,001,3,3,2,3,1,,,2,1,,2,,1,,,,,0,"Cummings, Anthony R","Adeuga, Adewole M",,,,,arc131030,anthony cummings,The Global Environment 
GEOS,2306,0W1,,2,,,3,,,1,,,,,3,,,,,3,"Mueller, Nicholas J","Johnson, Samuel P",,,,,njm043000,,Essentials of Field Geologic Methods 
GEOS,2310,0W1,3,8,3,5,10,6,,9,2,,1,,2,,,,,1,"Moulding, Ann E","Sink, Katharine O",,,,,aem058000,,Environmental Geology 
GEOS,2321,001,,6,8,4,,2,,2,,,1,,,,,,,1,"Stern, Robert","Pujana, Ignacio","Xiong, Kai",,,,rjstern,robert stern,Geology  Resources  and Environment of Latin America 
GEOS,2409,001,,,3,1,,,3,4,,,,2,,,,,,1,"Manton, William I",,,,,,manton,william manton,Rocks and Minerals 
GEOS,3421,001,1,2,3,1,3,2,2,,2,,,1,1,,,,,0,"Griffin, William R","Willis, Siloa B",,,,,griffin,william griffin,Stratigraphy and Sedimentology 
GEOS,3464,001,,4,3,4,4,2,,,,,,,,,,,1,1,"Stern, Robert","Newman, Jordan W",,,,,rjstern,robert stern,Igneous and Metamorphic Petrology 
GEOS,4320,001,5,1,2,,2,1,,1,,,,,,,,,,0,"Zhu, Hejun",,,,,,hxz154830,,The Physics and Chemistry of the Solid Earth 
GEOS,4430,001,1,2,1,1,2,,,2,,,,,2,,,,,0,"Moulding, Ann E","Sink, Katharine O",,,,,aem058000,,Hydrogeology and Aqueous Geochemistry 
GERM,1311,001,16,3,2,,,,,,,,,,,,,,,0,"Jaehnert, Anna K",,,,,,akj200004,anna jaehnert,Beginning German I 
GISC,2305,001,3,5,4,3,,1,,,,,,,2,,,,,0,"Davenport, Miranda J",,,,,,mjd140030,miranda davenport,Spatial Thinking and Data Analytics 
GISC,4363,0W1,4,1,,1,1,,,,,,,,3,,,,,3,"Qiu, Fang","Venigalla, Lasya",,,,,ffqiu,fang qiu,Internet Mapping and Information Processing 
GISC,4381,001,,,1,,4,2,,2,,,,,,,,,,1,"Yuan, May","Yang, Yalin",,,,,mxy141230,,Spatial Data Science 
GISC,6301,501,,7,2,7,1,,,,,,,,2,,,,,1,"Tiefelsdorf, Michael","Chowdhury, Yeamin Faria",,,,,mrt052000,michael tiefelsdorf,GIS Data Analysis Fundamentals 
GISC,6321,001,,4,1,2,1,1,,1,,,,,,,,,,0,"Yuan, May","Yang, Yalin",,,,,mxy141230,,Spatial Data Science 
GISC,6325,501,,11,2,2,,1,1,,,,,,1,,,,,0,"Cummings, Anthony R",,,,,,arc131030,anthony cummings,Remote Sensing Fundamentals 
GISC,6363,0W1,,7,1,,,,,,,,,,1,,,,,2,"Qiu, Fang","Venigalla, Lasya",,,,,ffqiu,fang qiu,Internet Mapping and Information Processing 
GISC,6381,501,,5,2,3,,1,,,,,,,,,,,,0,"Chun, Yongwan","Drouillard, Matthew J",,,,,yxc070300,,Geographic Information Systems Fundamentals 
GOVT,2107,0W1,1,,1,2,3,1,,1,,1,,,,,,,,1,"Parker, Misty D","Hollis, Camron",,,,,mxp045000,misty parker,Federal and Texas Constitutions 
GOVT,2305,001,58,38,59,38,25,27,5,4,7,4,1,6,8,,,,,1,"Ramirez, Michelle","Briggs-Megafu, Tamnala E","Thakar, Rahul A",,,,mxr210053,michelle ramirez,American National Government 
GOVT,2305,002,27,26,33,19,11,15,4,,9,3,1,1,12,,,,,3,"Ramirez, Michelle","Thakar, Rahul A","Briggs-Megafu, Tamnala E",,,,mxr210053,michelle ramirez,American National Government 
GOVT,2305,003,57,60,59,31,16,20,14,10,8,2,3,1,16,,,,,2,"Parker, Misty D","Hollis, Camron",,,,,mxp045000,misty parker,American National Government 
GOVT,2305,004,81,17,14,4,4,4,,1,,1,,,3,,,,,1,"Graham, Sebastian",,,,,,sxg210114,sebastian graham,American National Government 
GOVT,2305,005,16,13,4,9,1,1,3,,,,,,,,,,,1,"Medhi, Kashmiri",,,,,,kxm190003,kashmiri medhi,American National Government 
GOVT,2306,001,63,79,59,28,19,16,7,8,6,2,2,2,8,,,,,1,"Parker, Misty D","Hollis, Camron",,,,,mxp045000,misty parker,State and Local Government 
GOVT,2306,002,41,42,41,22,16,15,8,3,3,,,1,4,,,,,2,"Ramirez, Michelle","Briggs-Megafu, Tamnala E","Thakar, Rahul A",,,,mxr210053,michelle ramirez,State and Local Government 
GOVT,2306,003,163,38,23,20,9,7,2,3,1,1,1,2,8,,,,,1,"Graham, Sebastian",,,,,,sxg210114,sebastian graham,State and Local Government 
GOVT,2306,004,,102,51,20,16,14,6,7,6,1,,1,7,,,,,1,"Elliott, Euel W","Park, Kiwan",,,,,eelliott,euel elliott,State and Local Government 
GOVT,2306,005,133,17,20,9,4,1,2,2,1,,,2,3,,,,,2,"Graham, Sebastian",,,,,,sxg210114,sebastian graham,State and Local Government 
GOVT,2306,006,2,35,30,42,54,28,19,18,7,7,3,1,9,,,,,11,"Lowry, Robert C","Lee, Moonsoo","Mueller, Grace B",,,,rcl062000,robert lowry,State and Local Government 
GOVT,2306,007,,26,12,8,13,8,1,3,1,1,1,,1,,,,,0,"Elliott, Euel W","Park, Kiwan",,,,,eelliott,euel elliott,State and Local Government 
GOVT,2306,HN1,3,7,11,,1,,,,,,,,1,,,,,2,"Dow, Douglas C",,,,,,dougdow,douglas dow,State and Local Government 
GOVT,2306,HN2,3,9,1,2,1,,,,,,,,,,,,,0,"Harpham, Edward",,,,,,harpham,edward harpham,State and Local Government 
GOVT,2306,HN3,,19,4,1,,1,,,,,,,,,,,,0,"Elliott, Euel W","Park, Kiwan",,,,,eelliott,euel elliott,State and Local Government 
GOVT,2306,HN4,4,8,5,3,3,,,,,,,,1,,,,,1,"Dow, Douglas C",,,,,,dougdow,douglas dow,State and Local Government 
GST,2300,001,,10,4,3,2,2,,,,2,,,4,,,,,0,"Smith, Erin",,,,,,erins,erin smith,Introduction to Gender Studies 
GST,3302,001,,4,1,2,1,,,2,,,,,1,,,,,2,"Jakobsson, Pia K",,,,,,pkj010100,pia jakobsson,Gender in Western Thought 
HCS,6302,001,,,,,,,,,,,,,,25,,,,0,"Stillman, Robert",,,,,,stillman,robert stillman,Issues in Behavioral and Brain Sciences 
HCS,6312,002,,5,3,1,5,2,,,,,,,,,,,,0,"Ackerman, Robert A","Knoch, Desiree'",,,,,raa110030,robert ackerman,Research Methods in Behavioral and Brain Sciences - Part I 
HCS,6342,001,,10,,,1,,,,,,,,,,,,,0,"Price, Theodore J",,,,,,tjp140130,theodore price,Research Methods and Professional Development in Neuroscience 
HCS,6395,001,,4,,,5,,,2,,,,,,,,,,0,"Wig, Gagandeep S",,,,,,gsw130130,gagan wig,Cognitive Psychology 
HCS,7121,001,,,,,,,,,,,,,,26,,,,1,"Dussor, Gregory O",,,,,,gxd141130,gregory dussor,Graduate Seminar in Systems Neuroscience 
HCS,7309,001,,9,1,2,1,,1,,,,,,,,,,,0,"Hart, John",,,,,,jxh057100,,Neural Correlates of Human Cognition  Functional Localization 
HCS,7310,002,,10,,4,3,,1,,,,,,,,,,,3,"Nelson Taylor, Jackie A",,,,,,jan110030,jackie nelson,Advanced Research Methods 
HCS,7351,001,,10,,,,,,,,,,,,,,,,0,"Thompson, Lucien",,,,,,tres,lucien thompson,Aging and the Nervous System 
HCS,7364,001,,4,5,2,,,,,,,,,,,,,,0,"Rugg, Michael D",,,,,,mdr104020,michael rugg,Cognitive Neuroscience of Human Memory 
HDCD,5350,001,,11,1,1,,,,,,,,,,,,,,0,"Cook, Jill B",,,,,,jbc140430,jill cook,Introduction to Child Life 
HDCD,6312,001,,23,,,,,,,,,,,,,,,,1,"Ewing, Donna M",,,,,,dme061000,donna ewing,Atypical Development 
HDCD,6315,001,,21,,,,,,,,,,,,,,,,1,"Ewing, Donna M",,,,,,dme061000,donna ewing,Assessment Theory 
HDCD,6319,0H1,,10,3,,6,,,1,,,,,,,,,,1,"Spence, Melanie",,,,,,mspence,melanie spence,The Developing Child  Infants and Toddlers 
HIST,1301,001,55,91,47,20,34,16,5,9,2,1,3,1,11,,,,,3,"Schlereth, Eric R","Almuthaybiri, Abdulaziz","Lawrence, Jenna","He, Tong","Seidl-Staley, Ash J","Esmail, Fatima N",exs082000,eric schlereth,U S  History Survey to Civil War 
HIST,1301,501,,72,55,24,53,23,8,8,7,2,4,3,25,,,,,10,"Wright, Ben","Scalley, Michael W","Evans, Stevesha M","Hickey, Alexander T","Leon Dubon, Saul V","Barnes, Claudia",bxw151330,ben wright,U S  History Survey to Civil War 
HIST,1302,001,4,42,83,49,33,22,12,6,6,5,6,4,18,,,,,2,"Schulze, Jeffrey","Zawng, Ze","Williams, Harold T","Mazur-Park, Felicity C","Jacobs, Janet K","Adrian, Athena",jxs072200,jeffrey schulze,U S  History Survey from Civil War 
HIST,2330,001,,37,48,42,14,11,10,4,3,2,2,,2,,,,,2,"Channell, David","Enyaosah, Damian P","Dunham, Daniel C","Tijani, Kehinde O",,,channell,david channell,Themes and Ideas in American History 
HIST,2360,001,2,12,17,12,4,2,,2,4,,,,12,,,,,3,"Pfister, Debra H",,,,,,dhpf,debra pfister,European Civilizations 
HIST,2370,001,28,6,10,8,5,3,3,2,1,,,,1,,,,,2,"Baker, Emily-Rose","Gonzalez Corona, Pedro Jose","Roemer, Nils H","Atman, Sabri",,,nhr061000,nils roemer,The Holocaust 
HIST,2384,001,149,59,7,5,12,6,4,6,,,1,2,6,,,,,1,"Fischer, Anne G","Bennett, Jason H","Meyer, Zachary M","Wellborn, Brecken H",,,agf190000,anne fischer,U S  Women from Settlement to Present 
HIST,3301,001,,3,2,5,3,3,,1,1,,1,,2,,,,,3,"Farmer, J Michael",,,,,,jmf073000,michael farmer,Historical Inquiry 
HIST,3302,001,2,2,5,,1,1,,,,,,,3,,,,,1,"Jakobsson, Pia K",,,,,,pkj010100,pia jakobsson,Gender in Western Thought 
HIST,3312,001,,3,5,5,8,3,,3,,,,1,,,,,,1,"Farmer, J Michael",,,,,,jmf073000,michael farmer,Early China 
HIST,3320,001,,10,5,12,3,,1,2,1,,,,1,,,,,0,"Wilson, Michael",,,,,,mwilson,michael wilson,Modern Europe 
HIST,3328,501,15,11,,,1,,,,,,,,,,,,,1,"Brogden, Jason",,,,,,jkb100020,,History and Philosophy of Science and Medicine 
HIST,3337,001,,14,,5,9,1,1,2,2,,,,1,,,,,0,"Channell, David",,,,,,channell,david channell,Technology and Western Civilization 
HIST,3363,001,,22,7,1,,,,,,,1,,2,,,,,0,"Schlereth, Eric R",,,,,,exs082000,eric schlereth,Religion and Politics in Early America 
HIST,3390,001,7,7,3,2,3,2,1,,1,,,,4,,,,,2,"Hill, Kimberly D",,,,,,kdh140430,kimberly hill,Twentieth Century African-American History 
HIST,3395,001,,4,6,2,5,7,2,,2,,,1,5,,,,,1,"Schulze, Jeffrey",,,,,,jxs072200,jeffrey schulze,Native American History in the Nineteenth Century 
HIST,4345,001,,5,,1,3,,,,,,,,1,,,,,0,"Ring, Natalie",,,,,,njr041000,natalie ring,Origins of the Jim Crow South 
HIST,4359,501,1,5,6,1,1,1,,1,4,,,,2,,,,,2,"Rankin, Monica A",,,,,,mar046000,monica rankin,Topics in Latin American History 
HIST,4360,501,,19,2,,2,,,,,,,,1,,,,,1,"Fischer, Anne G",,,,,,agf190000,anne fischer,Topics in American Women s History 
HIST,4380,001,,3,3,2,3,4,,1,,,,,2,,,,,0,"Wickberg, Daniel",,,,,,wickberg,daniel wickberg,Topics in Intellectual History 
HIST,6332,501,,5,2,1,,1,,1,,,,,,,,,,0,"Wright, Ben",,,,,,bxw151330,ben wright,Slavery in America 
HLTH,1301,0W1,1,5,10,7,1,2,,1,1,,1,,3,,,,,3,"Baetge, Claire",,,,,,cxb170330,claire baetge,Introduction to Kinesiology 
HLTH,1301,0W2,2,4,7,7,3,5,2,1,1,,,,2,,,,,3,"Baetge, Claire",,,,,,cxb170330,claire baetge,Introduction to Kinesiology 
HLTH,1322,0W1,,4,8,3,5,5,2,2,1,,6,,4,,,,,2,"Day, Lora N",,,,,,lnd092000,lora day,Human Nutrition 
HLTH,1322,0W2,,6,4,2,2,2,,3,1,,1,,4,,,,,1,"Day, Lora N",,,,,,lnd092000,lora day,Human Nutrition 
HLTH,1322,0W3,,18,,6,11,,4,1,,,2,,,,,,,2,"McBride, Rachael L",,,,,,rlp019100,rachael mcbride,Human Nutrition 
HLTH,3101,0W1,,145,,,2,,,2,,,,,1,,,,,0,"Sandon, Lona",,,,,,lxs095000,lona sandon,Medical Terminology 
HLTH,3101,0W2,,140,,,8,,,2,,,,,,,,,,0,"Sandon, Lona",,,,,,lxs095000,lona sandon,Medical Terminology 
HLTH,3101,0W3,,60,,,10,,,2,,,2,,,,,,,0,"Sandon, Lona",,,,,,lxs095000,lona sandon,Medical Terminology 
HLTH,3101,0W4,,59,,,8,,,5,,,3,,,,,,,0,"Sandon, Lona",,,,,,lxs095000,lona sandon,Medical Terminology 
HLTH,3101,0W5,,49,,,,,,1,,,,,1,,,,,0,"Sandon, Lona",,,,,,lxs095000,lona sandon,Medical Terminology 
HLTH,3300,001,,12,22,24,17,24,15,2,8,4,1,,,,,,,0,"Byrnes, Kathleen A",,,,,,kab019000,kathleen byrnes,Pre-Health Professional Development 
HLTH,3305,001,2,8,8,7,6,,2,2,1,,,,1,,,,,0,"Stark, Azadeh T",,,,,,ats160030,azadeh stark,The U S  Healthcare System 
HLTH,3305,002,2,17,16,3,,1,,1,,,,,,,,,,0,"Taylor, Donald E",,,,,,det190000,donald taylor,The U S  Healthcare System 
HLTH,3305,003,3,2,1,11,10,3,4,1,,,,,,,,,,0,"Stark, Azadeh T",,,,,,ats160030,azadeh stark,The U S  Healthcare System 
HLTH,3310,0W1,8,13,6,10,8,3,3,4,,,,,9,,,,,2,"Duquaine-Watson, Jill M",,,,,,jmw087000,jillian duquaine watson,Health Care Issues  Global Perspectives 
HLTH,3310,0W2,13,13,7,11,4,4,4,,2,,,,11,,,,,1,"Duquaine-Watson, Jill M",,,,,,jmw087000,jillian duquaine watson,Health Care Issues  Global Perspectives 
HLTH,3315,001,,3,14,11,13,14,6,8,3,,,1,2,,,,,0,"Byrnes, Kathleen A",,,,,,kab019000,kathleen byrnes,Issues in Patient Education 
HLTH,4108,001,25,6,2,1,1,1,1,,,,,,,,,,,0,"Rainey, Anthony D",,,,,,doyen,anthony rainey,Verbal Reasoning and Writing for Pre-Health 
HLTH,4305,001,5,,5,1,2,1,,1,,,,,,,,,,1,"Stark, Azadeh T",,,,,,ats160030,azadeh stark,Public Health 
HLTH,4305,002,7,5,5,4,8,4,5,3,1,,,,1,,,,1,0,"Stark, Azadeh T",,,,,,ats160030,azadeh stark,Public Health 
HLTH,4306,001,8,6,6,3,3,8,1,2,,,,1,,,,,,0,"Savard, Ryan R",,,,,,rrs170330,ryan savard,Health and Sport 
HLTH,4306,002,1,4,7,3,4,7,2,,1,1,,1,1,,,,,0,"Savard, Ryan R",,,,,,rrs170330,ryan savard,Health and Sport 
HLTH,4380,0W1,14,7,3,2,2,1,1,,,,,,1,,,,,0,"Edwards, Christopher W","Slattery, Ryan P",,,,,cwe011000,christopher edwards,Special Topics in Healthcare 
HLTH,4380,0W2,18,6,2,1,2,,1,,,,,,,,,,,0,"Edwards, Christopher W","Slattery, Ryan P",,,,,cwe011000,christopher edwards,Special Topics in Healthcare 
HMGT,3080,001,,,,,,,,,,,,,,,19,1,,0,"Karnuta, Daniel",,,,,,dxk173030,daniel karnuta,Healthcare Management Honors Program Seminar 
HMGT,3301,001,2,25,,11,12,,1,,,,,,,,,,,0,"Taylor, Donald E",,,,,,det190000,donald taylor,Introduction to Healthcare Management 
HMGT,3301,003,5,11,2,7,23,,3,1,1,,1,,,,,,,0,"Berrett, Britt R","Patel, Kandarp Harshadbhai",,,,,brb051000,britt berret,Introduction to Healthcare Management 
HMGT,3301,004,4,14,,4,21,,,1,,,3,,,,,,,1,"Berrett, Britt R","Patel, Kandarp Harshadbhai",,,,,brb051000,britt berret,Introduction to Healthcare Management 
HMGT,3301,501,3,8,1,5,14,2,,3,,,1,,,,,,,0,"Berrett, Britt R","Patel, Kandarp Harshadbhai",,,,,brb051000,britt berret,Introduction to Healthcare Management 
HMGT,3310,001,,,6,2,5,2,5,,2,,,,3,,,,,2,"Tesmer, Kristin M",,,,,,kmj063000,kristin tesmer,Healthcare Regulatory Environment 
HMGT,3310,002,1,1,1,6,4,4,1,3,3,,1,1,2,,,,,2,"Tesmer, Kristin M",,,,,,kmj063000,kristin tesmer,Healthcare Regulatory Environment 
HMGT,3311,001,,17,,1,16,,2,8,,,2,,,,,,,2,"Karnuta, Daniel","Cai, Yinan",,,,,dxk173030,daniel karnuta,Healthcare Financial Analysis 
HMGT,3311,002,,6,,1,15,,,6,,,1,,,,,,,0,"Karnuta, Daniel","Cai, Yinan",,,,,dxk173030,daniel karnuta,Healthcare Financial Analysis 
HMGT,3320,001,,6,,1,17,,,13,,,2,1,,,,,,0,"Karnuta, Daniel","Guo, Suifang",,,,,dxk173030,daniel karnuta,Complex and Dynamic Healthcare Environment 
HMGT,4321,001,4,4,5,7,2,3,,,,,1,,1,,,,,0,"Ayvaci, Mehmet U","Xie, Si",,,,,mua120030,mehmet ayvaci,Introduction to Healthcare Information Systems 
HMGT,4395,001,2,3,3,6,7,5,1,,3,2,,,1,,,,,0,"Berrett, Britt R","Kaplan, Marilyn R",,,,,brb051000,britt berret,Capstone Senior Project - Healthcare Management 
HMGT,6311,501,,10,,3,5,,,,,,,,,,,,,0,"Karnuta, Daniel","Guo, Suifang",,,,,dxk173030,daniel karnuta,Healthcare Financial and Operations Accounting 
HMGT,6320,0W1,,41,,,6,,,3,,,,,,,,,,0,"Thurgood, Keith L","Tiwari, Prabodh",,,,,klt160130,keith thurgood,The American Healthcare System 
HMGT,6320,501,,18,5,,,,,,,,,,,,,,,0,"Malaise, Michael",,,,,,mhm130430,michael malaise,The American Healthcare System 
HMGT,6321,0W1,,7,3,11,5,3,3,2,,,,,3,,,,,3,"Ramanathan, Kannan",,,,,,kxr087000,kannan ramanathan,Strategic Leadership of Healthcare Organizations 
HMGT,6323,501,,9,11,8,6,1,,,,,,,,,,,,0,"Ayvaci, Mehmet U","Xie, Si",,,,,mua120030,mehmet ayvaci,Healthcare Informatics 
HMGT,6324,001,,11,,,,,,1,,,,,,,,,,0,"Honeycutt, James","Kim, Hwayoung",,,,,jxh190022,james honeycutt,Healthcare Negotiation and Dispute Resolution 
HMGT,6325,501,,2,5,8,4,1,1,,,,,,,,,,,1,"Wang, Guihua","Farzaneh, Mohammad Amin",,,,,gxw130630,guihua wang,Healthcare Operations Management 
HMGT,6327,501,,11,1,,1,,,,,,,,,,,,,0,"Stephens, Timothy G",,,,,,tgs170130,timothy stephens,Electronic Health Records Applications 
HMGT,6330,501,,8,5,2,5,,2,,,,,,,,,,,2,"Drummond, Jeffery P",,,,,,jpd160230,jeffery drummond,Healthcare Law  Policy and Regulation 
HMGT,6332,CH1,,5,3,,2,1,,,,,,,2,,,,,0,"Ramanathan, Kannan",,,,,,kxr087000,kannan ramanathan,
HMGT,6334,501,,8,3,10,,,,,,,,,,,,,,0,"Ayvaci, Mehmet U","Xie, Si",,,,,mua120030,mehmet ayvaci,Healthcare Analytics 
HMGT,6403,AS1,,43,5,,,,,,,,,,,,,,,0,"McCracken, John",,,,,,,john mccracken,
HMGT,6406,AH1,,28,4,,,,,,,,,,,,,,,0,"Kaiser, Robert C",,,,,,,robert kaiser,
HMGT,6408,AH1,,27,1,1,2,,,,,,,,,,,,,0,"Kaiser, Robert C",,,,,,,robert kaiser,
HONS,3101,HN1,1,14,,,,,,,,,,,,,,,,0,"Harpham, Edward",,,,,,harpham,edward harpham,Medicine  Politics  and Philosophy 
HONS,3104,HN1,3,9,1,,,,,,,,,,,,,,,1,"Dow, Douglas C",,,,,,dougdow,douglas dow,Foreign Film   Political Culture 
HONS,3108,HN1,,14,,,,,,,,,,,,,,,,0,"Prakash, Ravi",,,,,,ravip,ravi prakash,Internet and Public Policy 
HONS,3111,HN1,3,7,2,,1,,,,,,,,,,,,,0,"Thompson, Christina M",,,,,,cmt120030,christina thompson,Science Fiction 
HONS,3111,HN2,3,10,2,,,,,,,,,,,,,,,0,"Thompson, Christina M",,,,,,cmt120030,christina thompson,Science Fiction 
HONS,3112,HN1,11,1,,1,1,,,1,,,,,,,,,,0,"Kaplan, Marilyn R",,,,,,mkaplan,marilyn kaplan,Contemporary Topics in Business 
HONS,3199,H10,,16,,,,,,,,,,,1,,,,,0,"Nguyen, Josef D",,,,,,jdn160330,josef nguyen,Collegium V Honors Readings 
HONS,3199,H12,1,7,3,1,,,,,,,,,,,,,,0,"Barnes, Ashley",,,,,,axb162631,ashley barnes,Collegium V Honors Readings 
HONS,3199,HN1,,13,1,,,,,1,,,,,,,,,,0,"Rippel, Scott A","Thompson, Christina M",,,,,rippel,scott rippel,Collegium V Honors Readings 
HONS,3199,HN2,8,7,,,,,,,,,,,,,,,,0,"LaDow, Eva S",,,,,,esl130130,eva ladow,Collegium V Honors Readings 
HONS,3199,HN3,,13,1,,,,,,,,,,1,,,,,2,"Towner, Theresa",,,,,,tmtowner,theresa towner,Collegium V Honors Readings 
HONS,3199,HN4,,14,,,,,,,,,,,,,,,,0,"Stefan, Mihaela C",,,,,,mci071000,mihaela stefan,Collegium V Honors Readings 
HONS,3199,HN5,,8,4,2,,,,,,,,,,,,,,0,"Smith-Brecheisen, Davis",,,,,,dxs200022,davis brecheisen,Collegium V Honors Readings 
HONS,3199,HN6,6,10,1,,,,,,,,,,,,,,,0,"Brunell, Valerie A",,,,,,vab061000,,Collegium V Honors Readings 
HONS,3199,HN7,9,5,,,,,,,,,,,,,,,,0,"Williams, Nathan",,,,,,nxw170830,nathan williams,Collegium V Honors Readings 
HONS,3199,HN8,3,10,2,,,,,,,,,,,,,,,0,"Murchison, David F",,,,,,dfm100020,david murchison,Collegium V Honors Readings 
HONS,3199,HN9,,13,1,,,,,,,,,,1,,,,,0,"Brunell, Thomas",,,,,,tlb056000,thomas brunell,Collegium V Honors Readings 
HUMA,3351,501,2,8,,5,4,,,,,,,,1,,,,,1,"Anjum, Zafar",,,,,,zxa110730,zafar anjum,Introduction to Islamic Culture 
HUMA,6300,501,,7,5,,,,,,,,,,,,,,,0,"Schulte, Rainer",,,,,,schulte,rainer schulte,Interdisciplinary Approaches to the Arts and Humanities 
HUMA,6390,001,,3,4,4,,,,,,,,,,,,,,0,"Gonzalez Corona, Pedro Jose","Baker, Emily-Rose","Roemer, Nils H",,,,nhr061000,nils roemer,Topics in Arts and Humanities 
IDEA,6300,001,,8,1,1,,1,,,,,,,,,,,,0,"Hill, Kimberly D",,,,,,kdh140430,kimberly hill,Proseminar in History of Ideas 
IMS,3310,003,1,5,8,9,7,12,5,5,4,,1,,1,,,,,0,"Woldu, Habte G","Alborz, Ethan",,,,,wolduh,habte woldu,International Business 
IMS,3310,004,4,9,12,8,6,2,1,3,1,,1,1,,,,,,0,"Woldu, Habte G","Alborz, Ethan",,,,,wolduh,habte woldu,International Business 
IMS,3310,005,8,13,8,7,6,9,1,3,1,1,1,,,,,,,0,"Li, Jianan",,,,,,jxl176130,jianan li,International Business 
IMS,3310,006,,4,3,5,7,4,5,5,,3,4,2,5,,,,,1,"Henderson, Tom",,,,,,txh093000,tom henderson,International Business 
IMS,3310,007,1,9,6,6,11,3,6,2,2,1,3,2,7,,,,,1,"Henderson, Tom",,,,,,txh093000,tom henderson,International Business 
IMS,3310,008,,13,10,16,5,6,3,2,1,,1,,,,,,,2,"Zydorek, Hubert","Somashekaraiah Prasadaswamy, Priya","Kumar, Prateek",,,,hxz120930,hubert zydorek,International Business 
IMS,3310,009,1,18,8,8,11,4,4,1,2,,1,,1,,,,,1,"Zydorek, Hubert","Somashekaraiah Prasadaswamy, Priya","Kumar, Prateek",,,,hxz120930,hubert zydorek,International Business 
IMS,3310,010,5,4,7,11,5,5,1,3,1,,,,2,,,,,0,"Woldu, Habte G","Alborz, Ethan",,,,,wolduh,habte woldu,International Business 
IMS,3310,011,,33,9,9,4,2,1,,,,,,1,,,,,0,"Hazzard, Charles F","Cotts, Shannon E",,,,,cxh056000,charles hazzard,International Business 
IMS,3310,012,39,3,1,,1,3,3,2,,2,,,5,,,,,3,"Carraher, Shawn M",,,,,,smc130730,shawn carraher,International Business 
IMS,3310,013,6,5,4,9,7,6,4,2,1,1,,,,,,,,2,"Woldu, Habte G","Alborz, Ethan",,,,,wolduh,habte woldu,International Business 
IMS,3310,015,1,4,2,2,2,1,2,,1,,2,,6,,,,,1,"Henderson, Tom",,,,,,txh093000,tom henderson,International Business 
IMS,3310,501,39,5,1,1,4,2,2,2,,,3,,3,,,,,2,"Carraher, Shawn M",,,,,,smc130730,shawn carraher,International Business 
IMS,3310,HON,2,40,3,3,3,,1,,,,,,,,,,,0,"Zydorek, Hubert","Somashekaraiah Prasadaswamy, Priya","Kumar, Prateek",,,,hxz120930,hubert zydorek,
IMS,4320,501,,8,6,5,10,2,,,,,,,,,,,,0,"Lee, Seunghyun","Yeo, Yundong",,,,,sxl029100,,International Marketing 
IMS,4330,501,,20,16,9,8,3,3,1,,,1,,1,,,,,0,"Zydorek, Hubert","Kumar, Prateek",,,,,hxz120930,hubert zydorek,Global Human Resource Management 
IMS,4335,501,,5,14,12,16,15,11,4,3,,,,1,,,,,5,"Wright, Robert G","Briseno, Joselyn A","Tiwari, Prabodh",,,,rgw091000,robert wright,Social Sector Entrepreneurship and Community Engagement 
IMS,6204,CW1,,13,4,4,,,,,,,,,,,,,,0,"Woldu, Habte G","Alborz, Ethan",,,,,wolduh,habte woldu,
IMS,6304,001,,19,1,,15,,,5,,,,,,,,,,0,"Peng, Mike","Kathuria, Nishant",,,,,mxp059000,mike peng,International Business Management 
IMS,6304,0W1,,35,,,11,,,3,,,,,,,,,,0,"Peng, Mike","Kathuria, Nishant",,,,,mxp059000,mike peng,International Business Management 
IMS,6304,501,,25,,,22,,,,,,,,,,,,,2,"Peng, Mike","Kathuria, Nishant",,,,,mxp059000,mike peng,International Business Management 
IMS,6304,GW1,,24,12,6,2,2,,1,,,,,,,,,,1,"Kiser, Stephen L",,,,,,slk012100,stephen kiser,
IMS,6310,501,,10,3,10,4,,,1,,,,,,,,,,0,"Lee, Seunghyun","Yeo, Yundong",,,,,sxl029100,,International Marketing 
IMS,6317,GW1,,19,1,5,,,1,,,,,,1,,,,,1,"Sachdeva, Deepak",,,,,,,deepak sachdeva,
IMS,6360,0W1,,19,12,7,4,2,2,2,,,,,2,,,,,0,"Olsztynska, Agnieszka","Hanifiafshar, Sharmin",,,,,axo027000,agnieszka olsztynska,International Strategic Management 
IMS,6365,GW1,,7,6,6,7,1,1,,,,,,1,,,,,0,"Katz, Lothar",,,,,,,lothar katz,
IMS,6365,PS1,,6,2,1,,,,,,,,,,,,,,1,"Woldu, Habte G","Alborz, Ethan",,,,,wolduh,habte woldu,
IPEC,4302,001,15,5,9,3,1,5,2,,2,1,,2,3,,,,,0,"Sanchez De La Rosa, Andres Ricardo",,,,,,axs180146,andres sanchez,Political Economy of Developing Countries 
ISIS,3310,001,3,4,,1,3,,,5,,,2,,3,,,,,3,"Wissinger, Tonja",,,,,,twissin,tonja wissinger,Childhood Sexual Abuse  A Multidisciplinary Investigation 
ISIS,3334,501,1,3,2,3,6,3,2,1,1,,1,,4,,,,,2,"Pogue, Neall W",,,,,,nxp174730,neall pogue,Environment in America 
ISIS,3335,001,1,1,7,7,,3,1,1,1,,,,,,,,,0,"Rosa, Jonathan",,,,,,jxr172530,jonathan rosa,United States and East Asia 
ISIS,4304,001,,7,4,4,3,,,,,,,,2,,,,,1,"Werhnyak, Larissa",,,,,,lxw163630,larissa werhnyak,Trials in American Culture 
ISIS,4310,001,16,5,3,1,1,,,,,,,,,,,,,1,"Aubrey, Lea E",,,,,,lec110030,lea aubrey,Health Strategy for Multicultural Populations 
ISNS,2359,001,,3,9,8,5,2,2,,,,1,1,6,,,,,0,"Griffin, William R","Zhang, Yang",,,,,griffin,william griffin,Earthquakes and Volcanoes 
ISNS,2359,0W1,108,61,23,12,11,11,3,4,6,,3,4,10,,,,,2,"Pujana, Ignacio",,,,,,pujana,ignacio pujana,Earthquakes and Volcanoes 
ISNS,2359,0W2,65,42,22,10,13,6,4,7,6,,1,1,9,,,,,4,"Pujana, Ignacio",,,,,,pujana,ignacio pujana,Earthquakes and Volcanoes 
ISNS,2366,001,2,5,2,,5,1,1,3,2,,1,,2,,,,,1,"McCauley, Steven",,,,,,sxm165131,steven mccauley,Global Climate Change 
ISNS,2367,0W1,35,96,35,18,14,21,4,4,4,1,2,3,6,,,,,4,"Pujana, Ignacio",,,,,,pujana,ignacio pujana,The Oceans 
ISNS,2367,0W2,22,71,29,20,22,13,2,17,9,,6,7,15,,,,,7,"Pujana, Ignacio",,,,,,pujana,ignacio pujana,The Oceans 
ISNS,2368,001,6,9,7,10,19,8,4,5,3,1,2,,2,,,,,3,"McCauley, Steven","Kakani, Vivek M",,,,,sxm165131,steven mccauley,Weather and Climate 
ITSS,3300,001,,7,13,9,11,6,5,6,,2,1,1,3,,,,,1,"Bose, Ranavir","Anjum, Nobila",,,,,rxb132730,ranavir bose,Information Technology for Business 
ITSS,3300,002,,16,5,9,5,3,2,4,4,2,1,1,4,,,,,1,"Fuller, Tony F","Dahiya, Divyansh",,,,,tff170130,tony fuller,Information Technology for Business 
ITSS,3300,003,,4,10,8,9,3,5,2,5,2,3,,4,,,,,1,"Fuller, Tony F","Dahiya, Divyansh",,,,,tff170130,tony fuller,Information Technology for Business 
ITSS,3300,004,1,19,17,6,7,6,1,3,2,,,,3,,,,,1,"Stephens, Timothy G","Kumar, Raj",,,,,tgs170130,timothy stephens,Information Technology for Business 
ITSS,3300,005,1,25,10,4,8,8,5,4,,,,,,,,,,0,"Stephens, Timothy G","Kumar, Raj",,,,,tgs170130,timothy stephens,Information Technology for Business 
ITSS,3300,007,,19,15,6,10,5,4,4,1,,2,,1,,,,,1,"Stephens, Timothy G","Bhoirekar, Ketaki Vikram",,,,,tgs170130,timothy stephens,Information Technology for Business 
ITSS,3300,008,,13,11,10,7,10,4,4,,,1,,3,,,,,1,"Stephens, Timothy G","Xie, Si",,,,,tgs170130,timothy stephens,Information Technology for Business 
ITSS,3300,009,,6,19,9,11,5,3,2,,1,1,2,1,,,,,0,"Bose, Ranavir","Anjum, Nobila",,,,,rxb132730,ranavir bose,Information Technology for Business 
ITSS,3300,010,1,1,5,2,11,9,7,7,,,1,,5,,,,,0,"Islam, Naser","Mehta, Dhairya Nilesh",,,,,nxi110630,naser islam,Information Technology for Business 
ITSS,3300,011,,6,12,12,10,11,6,1,3,1,1,,,,,,,0,"Thompson, Norman","Vishe, Manas S",,,,,nxt190023,norman thompson,Information Technology for Business 
ITSS,3300,012,1,9,7,18,17,5,2,1,,1,,,,,,,,2,"Thompson, Norman","Vishe, Manas S",,,,,nxt190023,norman thompson,Information Technology for Business 
ITSS,3300,013,4,11,17,6,8,3,6,4,1,1,,,1,,,,,0,"Bodeker, Alison J",,,,,,ajb190003,alison bodeker,Information Technology for Business 
ITSS,3300,014,,3,5,9,7,11,4,4,7,4,3,,5,,,,,1,"Hefley, William E","Desai, Khushboo A",,,,,weh150130,william hefley,Information Technology for Business 
ITSS,3300,0E1,,14,6,2,4,3,1,3,,,,,3,,,,,0,"Owens, Sean M","Dhami, Roshni",,,,,smo150330,sean owens,Information Technology for Business 
ITSS,3300,501,5,6,9,6,9,5,7,4,3,1,,1,1,,,,,2,"Young, John G","Gupta, Rajkumar",,,,,jgy190000,john young,Information Technology for Business 
ITSS,3300,502,,10,7,5,13,6,10,3,1,1,,1,3,,,,,5,"Hansen, Atanas Y","Dahiya, Divyansh",,,,,ayt061000,atanas hansen,Information Technology for Business 
ITSS,3300,503,9,8,8,7,17,6,3,2,,,1,,2,,,,,1,"Young, John G","Gupta, Rajkumar",,,,,jgy190000,john young,Information Technology for Business 
ITSS,3311,002,21,12,4,3,3,1,,,,,,,4,,,,,0,"Zhu, Wangsheng",,,,,,zxw180001,wangsheng zhu,Introduction to Programming 
ITSS,3311,003,1,6,6,4,7,9,3,4,,,,,1,,,,,2,"Tang, Ping",,,,,,pxt170008,ping tang,Introduction to Programming 
ITSS,3311,004,8,10,4,11,9,4,6,2,2,1,1,1,1,,,,,0,"Ozdemir, Dicle Yagmur",,,,,,dxo170430,dicle ozdemir,Introduction to Programming 
ITSS,3311,005,,9,8,6,6,8,8,6,,3,1,,,,,,,1,"Short, Kevin P","Zhang, Haozhao",,,,,kps170330,kevin short,Introduction to Programming 
ITSS,3312,001,,11,8,7,4,1,3,6,,1,1,1,2,,,,,3,"Short, Kevin P","Zhang, Haozhao",,,,,kps170330,kevin short,Object-Oriented Programming 
ITSS,3312,002,17,,3,8,5,3,2,3,,1,3,,1,,,,,0,"Khan, Masudal H","Chakravarthy, Arul M",,,,,mhk190001,masudal khan,Object-Oriented Programming 
ITSS,3312,003,2,8,7,5,4,11,1,1,3,1,,,2,,,,,2,"Sohaee, Nassim","Gupta, Ekansh",,,,,nxs045000,nassim sohaee,Object-Oriented Programming 
ITSS,3390,001,,11,15,14,1,1,3,,,,,,1,,,,,1,"Arora, Vivek",,,,,,vxa081000,vivek arora,Web Design and Development for Business Applications 
ITSS,4300,001,,8,11,7,8,5,6,3,7,1,2,,6,,,,,2,"Owens, Dawn M","Adhikari, Suman R","Gupta, Ekansh","Sangle, Aishwarya Rajesh",,,sra150630,dawn owens,Database Fundamentals 
ITSS,4300,002,,18,9,6,9,5,3,5,,2,,1,3,,,,,0,"Owens, Dawn M","Sangle, Aishwarya Rajesh",,,,,dmo130130,dawn owens,Database Fundamentals 
ITSS,4300,501,,5,14,9,15,9,6,4,,,,,,,,,,1,"Pandian, Thiru","Hiremath, Sheetal C",,,,,txp190010,thiru pandian,Database Fundamentals 
ITSS,4301,501,2,7,4,3,,2,3,,,,,,1,,,,,0,"Hagen, John C","Sharma, Nitika",,,,,jch013200,john hagen,Database Systems 
ITSS,4312,501,,7,5,2,5,2,,,,,,,,,,,,0,"Arora, Vivek",,,,,,vxa081000,vivek arora,Mobile Web Application Development 
ITSS,4330,001,3,4,16,8,3,4,2,2,,,,,,,,,,0,"Narasimhan, Prithi","Bhoirekar, Ketaki Vikram",,,,,pxn152330,prithi narasimhan,Systems Analysis and Design 
ITSS,4330,002,3,9,3,10,13,6,5,6,4,,2,,,,,,,1,"Khan, Taimur A","Cai, Shuzhang",,,,,txk123530,taimur khan,Systems Analysis and Design 
ITSS,4330,501,4,8,10,9,9,7,3,3,3,1,3,,2,,,,,1,"Khan, Taimur A","Cai, Shuzhang",,,,,txk123530,taimur khan,Systems Analysis and Design 
ITSS,4340,001,,22,2,10,8,,2,2,,,,,1,,,,,0,"Thompson, Luell O","Potturi, Venkata Sai Sada Siwa Varmaa",,,,,lot013000,luell thompson,Enterprise Resource Planning 
ITSS,4343,001,1,1,,3,9,4,5,2,,2,,3,,,,,,0,"Subramoniam, Ramesh","Selukar, Sarang R",,,,,rxs179630,ramesh subramoniam,Integrated SCM Information Systems 
ITSS,4344,001,,11,,9,6,,,,,,,,2,,,,,2,"Bose, Ranavir","Mehta, Dhairya Nilesh",,,,,rxb132730,ranavir bose,CRM using Salesforce 
ITSS,4351,001,,14,12,10,8,3,3,4,2,2,2,,2,,,,,1,"Shekhar, Gaurav","Bhandiwad, Akshata",,,,,gxs150130,gaurav shekhar,Foundations of Business Intelligence 
ITSS,4351,002,,5,9,13,8,5,5,1,1,,,,,,,,,0,"Pandian, Thiru","Hiremath, Sheetal C",,,,,txp190010,thiru pandian,Foundations of Business Intelligence 
ITSS,4351,501,,17,17,9,8,3,4,,1,3,2,,,,,,,1,"Shekhar, Gaurav","Banu, Arshiya",,,,,gxs150130,gaurav shekhar,Foundations of Business Intelligence 
ITSS,4353,001,,10,21,12,6,3,1,3,1,,,,,,,,,1,"Shrivastava, Prakash C","Sharma, Nitika",,,,,pcs130130,prakash shrivastava,Business Analytics 
ITSS,4353,501,,4,7,9,7,4,4,5,2,2,1,,4,,,,,2,"Shrivastava, Prakash C","Sharma, Nitika",,,,,pcs130130,prakash shrivastava,Business Analytics 
ITSS,4354,001,9,7,5,9,3,3,1,,1,,,,1,,,,,1,"Bradbury, Judd D","Vinod, Ashmitha",,,,,jdb101000,judd bradbury,Advanced Big Data Analytics 
ITSS,4355,001,10,5,3,7,4,5,4,1,,1,,,,,,,,0,"Bradbury, Judd D","Vinod, Ashmitha",,,,,jdb101000,judd bradbury,Data Visualization 
ITSS,4356,001,,12,3,4,4,2,4,1,,3,1,,,,,,,0,"Hansen, Atanas Y","Dahiya, Divyansh",,,,,ayt061000,atanas hansen,Data Governance 
ITSS,4360,001,2,20,19,13,10,2,1,,,,,,,,,,,0,"Howe, Nate","Zhang, Xiaoshan",,,,,nxh141030,nate howe,Network and Information Security 
ITSS,4360,002,3,3,14,8,15,4,8,4,1,,,1,,,,,,0,"Thirumalai, Nambi","Kumar, Raj",,,,,ndt180001,nambi thirumalai,Network and Information Security 
ITSS,4360,501,7,8,16,12,11,9,4,,,1,,,,,,,,0,"Ginevich, Rostislav","Iyawe, Idahosa N",,,,,rxg172930,rostislav ginevich,Network and Information Security 
ITSS,4361,001,2,6,10,8,2,4,1,,,,,,,,,,,0,"Narasimhan, Prithi","Iyawe, Idahosa N",,,,,pxn152330,prithi narasimhan,Information Technology Cybersecurity 
ITSS,4370,001,,3,3,,7,12,1,3,1,,1,,,,,,,3,"Hefley, William E","Desai, Khushboo A",,,,,weh150130,william hefley,Information Technology Infrastructure 
ITSS,4370,002,1,4,2,8,9,4,1,1,1,1,,,,,,,,0,"Hefley, William E","Desai, Khushboo A",,,,,weh150130,william hefley,Information Technology Infrastructure 
ITSS,4370,501,,4,2,6,9,9,,,1,,1,,,,,,,0,"Hefley, William E","Desai, Khushboo A",,,,,weh150130,william hefley,Information Technology Infrastructure 
ITSS,4381,501,,1,3,1,5,5,5,3,2,2,1,,2,,,,,5,"Thomas, Sunela","Gupta, Rajkumar",,,,,sxt167730,sunela thomas,Object Oriented Programming with Python 
ITSS,4382,001,1,5,2,4,1,1,,1,,,,,,,,,,0,"Tang, Shaojie","Chen, Luoying",,,,,sxt146930,shaojie tang,Applied Artificial Intelligence Machine Learning 
ITSS,4395,001,,20,4,10,2,1,3,3,,,1,,,,,,,2,"Owens, Dawn M","Sangle, Aishwarya Rajesh",,,,,dmo130130,dawn owens,Capstone Senior Project - Information Systems 
ITSS,4395,002,,21,3,3,2,,,,,,,,,,,,,0,"Owens, Dawn M","Sangle, Aishwarya Rajesh",,,,,dmo130130,dawn owens,Capstone Senior Project - Information Systems 
JAPN,1311,001,3,4,8,3,,2,,,,1,,,2,,,,,7,"Hoki, Chieko",,,,,,cxh190009,chieko hoki,Beginning Japanese I 
JAPN,1311,002,8,9,1,2,3,3,,1,1,,1,,,,,,,1,"Hoki, Chieko",,,,,,cxh190009,chieko hoki,Beginning Japanese I 
JAPN,1312,001,1,5,5,2,4,,,1,,,,,,,,,,2,"Evans, Leonard W",,,,,,lwe210000,,Beginning Japanese II 
JAPN,2311,001,4,2,2,,1,1,,,,,,,,,,,,0,"Hoki, Chieko",,,,,,cxh190009,chieko hoki,Intermediate Japanese I 
JAPN,2312,001,5,3,3,,,1,,,,,,1,,,,,,1,"Hoki, Chieko",,,,,,cxh190009,chieko hoki,Intermediate Japanese II 
JAPN,3311,001,1,2,5,,1,1,1,2,,,,,,,,,,0,"Evans, Leonard W",,,,,,lwe210000,,Advanced Japanese I 
KORE,1311,001,12,11,3,1,,1,1,,,,,,,,,,,1,"Kim, Jai Eun",,,,,,jxk180017,jai eun kim,Beginning Korean I 
KORE,2311,001,3,3,1,2,2,,,,,,,,,,,,,1,"Jeong, Hyejeong",,,,,,hxj210002,hyejeong jeong,Intermediate Korean I 
LIT,1301,001,39,11,7,17,5,5,,1,,,,2,1,,,,,1,"Ingrao, Peter J","Abraham, Syra G","Hamzeh, Fatemeh",,,,jingrao,peter ingrao,Introduction to Literature 
LIT,1301,002,29,11,6,17,11,10,1,,,,,1,1,,,,,2,"Ingrao, Peter J","Abraham, Syra G","Hamzeh, Fatemeh",,,,jingrao,peter ingrao,Introduction to Literature 
LIT,1301,HN1,3,13,4,,,,1,,,1,1,,1,,,,,0,"Ingrao, Peter J",,,,,,jingrao,peter ingrao,Introduction to Literature 
LIT,2321,501,,9,,,5,,,,,,,,,,,,,1,"Schulte, Rainer",,,,,,schulte,rainer schulte,Survey B  Literature in Translation 
LIT,2322,001,,10,1,3,,,,,,,,,1,,,,,0,"Towner, Theresa",,,,,,tmtowner,theresa towner,Survey of African-American and African Diaspora Literatures 
LIT,2329,001,,12,3,,,,,,,,,,,,,,,2,"Martinez, Manuel L",,,,,,mlm160630,manuel martinez,Introduction to Ethnic American Literature 
LIT,2331,001,31,7,,,,,,,,,,,,,,,,1,"Howard Cuadros, Esther W",,,,,,exh022000,,Introduction to World Literature 
LIT,2331,002,,20,5,4,6,1,,1,,,,,1,,,,,0,"Siddiqui, Farah",,,,,,fxs121830,farah siddiqui,Introduction to World Literature 
LIT,2331,003,,3,3,1,3,5,,2,2,1,,1,4,,,,,1,"Sinckler, Robin",,,,,,rxs150131,robin sinckler,Introduction to World Literature 
LIT,2331,004,16,6,3,1,1,1,,1,2,,1,,2,,,,,0,"Murphy, Trisha",,,,,,tam160330,trisha murphy,Introduction to World Literature 
LIT,2331,501,21,1,4,,2,,,1,1,,,1,4,,,,,2,"Griffin, Janna L",,,,,,jlg130030,janna griffin,Introduction to World Literature 
LIT,2350,001,,6,2,3,1,,,2,,,,,1,,,,,0,"Cotter, Sean J",,,,,,sjc010100,sean cotter,Close Reading 
LIT,2350,501,1,1,2,6,2,,1,,,,,,,,,,,0,"Gu, Ming D",,,,,,mdg073000,ming dong gu,Close Reading 
LIT,3300,001,1,10,1,1,3,,,1,1,,,,,,,,,0,"Kratz, Dennis M",,,,,,dkratz,dennis kratz,Western Literary Tradition 
LIT,3316,501,21,9,11,10,2,3,1,1,1,,,,7,,,,,2,"Starnaman, Sabrina","D'Monte, Nikita",,,,,sxs090100,sabrina starnaman,The Literature of Science Fiction 
LIT,3317,001,,63,12,3,2,1,,,,,,,,,,,,5,"Towner, Theresa",,,,,,tmtowner,theresa towner,The Literature of Fantasy 
LIT,3319,001,1,5,2,2,3,2,,,,,,,1,,,,,0,"Murphy, Jessica C",,,,,,jxm092000,jessica murphy,Contexts 
LIT,3319,002,,2,2,5,1,1,,1,,,,,2,,,,,1,"Smith-Brecheisen, Davis",,,,,,dxs200022,davis brecheisen,Contexts 
LIT,3330,501,6,2,3,1,,,2,,1,,,,,,,,,1,"Allred, Michael K",,,,,,mka170830,michael allred,Linguistics 
LIT,3337,002,8,7,,,,,,,,,,,,,,,,0,"Brewer, Kenneth L",,,,,,klb092000,kenneth brewer,Comparisons 
LIT,3338,001,1,5,5,2,1,,,,,,,,,,,,,1,"Brewer, Kenneth L",,,,,,klb092000,kenneth brewer,Literary Theory and Aesthetic Philosophy 
LIT,3339,001,1,7,2,2,1,1,,,1,,,,,,,,,0,"Brewer, Kenneth L",,,,,,klb092000,kenneth brewer,Writing Literary Studies 
LIT,3339,501,7,3,5,,,,,,,,,,,,,,,0,"Ingrao, Peter J",,,,,,jingrao,peter ingrao,Writing Literary Studies 
LIT,4329,001,4,1,3,,,,,,1,,,,,,,,,1,"Barnes, Ashley",,,,,,axb162631,ashley barnes,Single Author 
LIT,4329,002,,4,,1,3,2,1,1,,1,,,,,,,,1,"Prieto, Rene",,,,,,rxp113230,rene prieto,Single Author 
LIT,4390,001,5,5,3,2,2,,,,,,,,1,,,,,0,"Gossin, Pamela",,,,,,psgossin,pamela gossin,Capstone 
LIT,6300,501,,9,4,1,1,,,,,,,,,,,,,2,"Barnes, Ashley",,,,,,axb162631,ashley barnes,Proseminar in Literary Studies 
LIT,6304,001,,7,1,,2,,,1,,,,,,,,,,0,"Prieto, Rene",,,,,,rxp113230,rene prieto,Literary Themes 
LIT,6321,001,,12,,,,,,,,,,,,,,,,0,"Ogbaa, Maurine",,,,,,mxo210004,maurine ogbaa,Fiction Workshop 
LIT,6325,501,,11,1,,,,,,,,,,,,,,,0,"Martinez, Manuel L",,,,,,mlm160630,manuel martinez,Nonfiction Workshop 
LIT,6326,001,,7,2,1,,1,,,,,,,,,,,,0,"Cotter, Sean J",,,,,,sjc010100,sean cotter,Translation Workshop 
LIT,6331,501,,4,2,2,2,,,,,,,,1,,,,,0,"Gooch, John C",,,,,,jcg053000,john gooch,Rhetoric 
LIT,6332,001,,8,1,,,,,,,,,,,,,,,0,"Ryan, Christopher J",,,,,,cxr088000,christopher ryan,Teaching First-Year Writing 
LIT,6382,501,,5,4,1,1,,,,,,,,,,,,,1,"Hatfield, Charles D",,,,,,cxh074100,charles hatfield,Latin American Literature 
MAS,6102,001,,,,,,,,,,,,,,94,,,,1,"Cirilo, Jason M","Johnson, Neil","Modi, Vandit","Mcclellan, Stephanie S",,,jmc180002,jason cirilo,Professional Development 
MAS,6102,002,,,,,,,,,,,,,1,93,,,,1,"Hunter, Fiona","Jones, Royce E","Malsaria, Vibhuti","Mcclellan, Stephanie S","Patel, Kishan Dilipbhai",,rxj111030,,Professional Development 
MAS,6102,003,,,,,,,,,,,,,,90,,,,4,"Hunter, Fiona","Jones, Royce E","Modi, Vandit","Soni, Arpit","Patel, Kishan Dilipbhai",,rxj111030,,Professional Development 
MAS,6102,004,,,,,,,,,,,,,,97,,,,0,"Wilkerson, Cassandra","Johnson, Neil","Mcclellan, Stephanie S","Modi, Vandit",,,nxj121730,neil johnson,Professional Development 
MAS,6102,005,,,,,,,,,,,,,,98,,,,0,"Cirilo, Jason M","Johnson, Neil","Modi, Vandit","Mcclellan, Stephanie S",,,jmc180002,jason cirilo,Professional Development 
MAS,6102,006,,,,,,,,,,,,,1,96,,,,0,"Crosslin, Lisa K","Johnson, Neil","Mcclellan, Stephanie S","Modi, Vandit",,,lkc180001,,Professional Development 
MAS,6102,007,,,,,,,,,,,,,,96,,,,1,"Wilkerson, Cassandra","Johnson, Neil","Malsaria, Vibhuti","Soni, Arpit",,,cxw170000,cassandra wilkerson,Professional Development 
MAS,6102,008,,,,,,,,,,,,,,91,,,,1,"Crosslin, Lisa K","Johnson, Neil","Modi, Vandit","Mcclellan, Stephanie S",,,lkc180001,,Professional Development 
MAS,6102,010,,,,,,,,,,,,,,98,,,,0,"Wilkerson, Cassandra","Johnson, Neil","Soni, Arpit","Malsaria, Vibhuti",,,cxw170000,cassandra wilkerson,Professional Development 
MAS,6102,012,,,,,,,,,,,,,,94,,,,2,"Crosslin, Lisa K","Johnson, Neil","Soni, Arpit","Malsaria, Vibhuti",,,lkc180001,,Professional Development 
MAS,6102,501,,,,,,,,,,,,,1,87,,,,6,"Hunter, Fiona","Jones, Royce E","Malsaria, Vibhuti","Soni, Arpit","Johnson, Neil","Patel, Kishan Dilipbhai",fxh140630,,Professional Development 
MAS,6102,SS1,,,,,,,,,,,,,,32,,,,1,"Powell, Monica S","Kim, Tommy C",,,,,,monica powell,
MAS,6102,SS3,,,,,,,,,,,,,2,53,,,,1,"Powell, Monica S","Kim, Tommy C",,,,,,monica powell,
MAS,6105,0W1,,,,,,,,,,,,,4,19,,,,1,"Smallwood, Margaret G","Ciovacco, Marisol A",,,,,meg012400,margaret smallwood,Communications for Management 
MATH,1306,001,6,6,3,7,4,6,1,6,2,,,,3,,,,,0,"Sutton, Julie","Cao, Jianpeng","Abugri, Clement",,,,jxs158030,julie sutton,College Algebra for the Non-Scientist 
MATH,1306,002,2,7,7,4,7,3,,5,3,2,,1,,,,,,1,"Sutton, Julie","Cao, Jianpeng","Abugri, Clement",,,,jxs158030,julie sutton,College Algebra for the Non-Scientist 
MATH,1314,002,2,4,4,8,3,6,5,1,2,2,1,1,5,,,,,3,"Alvarado, Iris",,,,,,ila180000,iris alvarado,College Algebra 
MATH,1314,003,4,4,4,10,3,3,2,,4,1,5,,5,,,,,4,"Rakotomalala, Diarisoa Mihaja Andriamanisa",,,,,,dmr150130,diarisoa rakotomalala,College Algebra 
MATH,1314,004,,4,1,7,6,8,5,2,2,1,3,6,9,,,,,4,"Alvarado, Iris",,,,,,ila180000,iris alvarado,College Algebra 
MATH,1314,005,2,7,5,5,7,7,1,1,1,1,1,3,7,,,,,0,"Aman, Kelly",,,,,,kxa143530,kelly aman,College Algebra 
MATH,1314,006,3,3,5,5,3,5,4,3,5,,2,1,8,,,,,3,"Rakotomalala, Diarisoa Mihaja Andriamanisa",,,,,,dmr150130,diarisoa rakotomalala,College Algebra 
MATH,1316,001,3,4,7,5,5,1,4,4,2,2,,3,5,,,,,1,"Sutton, Julie",,,,,,jxs158030,julie sutton,Trigonometry 
MATH,1316,002,2,4,8,6,4,1,4,2,3,1,1,1,7,,,,,4,"Miller, James W",,,,,,jwm170630,james miller,Trigonometry 
MATH,1316,003,1,4,3,6,4,4,3,4,1,,2,1,8,,,,,7,"Miller, James W",,,,,,jwm170630,james miller,Trigonometry 
MATH,1316,004,2,4,8,4,6,3,2,2,2,,2,1,5,,,,,7,"Sutton, Julie",,,,,,jxs158030,julie sutton,Trigonometry 
MATH,1325,001,5,9,2,,8,2,2,2,3,1,2,,7,,,,,5,"Kehoe, Joselle",,,,,,jxk061000,joselle kehoe,Applied Calculus I 
MATH,1325,003,2,5,6,6,3,5,3,3,1,2,1,,5,,,,,6,"Khoury, Raja N",,,,,,rnk180000,raja khoury,Applied Calculus I 
MATH,1325,004,10,11,4,6,3,2,3,3,3,,1,,1,,,,,1,"Patel, Jigarkumar S",,,,,,jsp061000,jigarkumar patel,Applied Calculus I 
MATH,1325,005,2,6,5,3,4,9,3,3,2,1,2,1,4,,,,,5,"Stanford, Paul H",,,,,,phs031000,paul stanford,Applied Calculus I 
MATH,1325,006,5,14,6,4,5,1,2,1,2,2,2,,2,,,,,2,"Patel, Jigarkumar S",,,,,,jsp061000,jigarkumar patel,Applied Calculus I 
MATH,1325,007,4,10,8,3,5,4,1,8,1,3,4,4,4,,,,,4,"Khoury, Raja N",,,,,,rnk180000,raja khoury,Applied Calculus I 
MATH,1325,008,10,7,4,,7,4,3,3,1,2,,1,2,,,,,4,"Patel, Jigarkumar S",,,,,,jsp061000,jigarkumar patel,Applied Calculus I 
MATH,1325,009,9,10,6,2,4,2,2,3,3,,,1,4,,,,,3,"Adabrah, Anani Komla",,,,,,aaa130530,anani adabrah,Applied Calculus I 
MATH,1325,010,4,10,9,6,8,3,1,2,2,,,,1,,,,,1,"Duruoha, Adannah",,,,,,axd180037,adannah duruoha,Applied Calculus I 
MATH,1325,013,11,9,5,3,6,4,1,1,,,1,3,2,,,,,2,"Patel, Jigarkumar S",,,,,,jsp061000,jigarkumar patel,Applied Calculus I 
MATH,1325,014,3,3,6,7,4,4,4,4,3,1,1,,5,,,,,2,"Kehoe, Joselle",,,,,,jxk061000,joselle kehoe,Applied Calculus I 
MATH,1325,501,3,9,10,2,9,6,2,2,2,2,1,1,5,,,,,3,"Duruoha, Adannah",,,,,,axd180037,adannah duruoha,Applied Calculus I 
MATH,1325,502,5,6,4,2,4,4,5,6,2,3,1,,3,,,,,1,"Sinha Roy, Sushmita",,,,,,sxs170121,sushmita roy,Applied Calculus I 
MATH,1326,001,9,3,1,,4,4,2,5,7,,,2,1,,,,,9,"Patel, Jigarkumar S",,,,,,jsp061000,jigarkumar patel,Applied Calculus II 
MATH,1326,002,3,5,,2,3,2,2,3,5,,1,,6,,,,,9,"Adabrah, Anani Komla",,,,,,aaa130530,anani adabrah,Applied Calculus II 
MATH,1326,003,5,2,1,3,3,3,2,5,1,,,1,6,,,,,8,"Foley, Manjula",,,,,,mxf091000,manjula samanmalee foley,Applied Calculus II 
MATH,1326,004,7,2,,5,2,2,2,5,4,,,1,1,,,,,12,"Foley, Manjula",,,,,,mxf091000,manjula samanmalee foley,Applied Calculus II 
MATH,1326,005,3,4,2,1,2,,1,5,6,2,1,,2,,,,,7,"Dahal, Rabin",,,,,,rxd153030,rabin dahal,Applied Calculus II 
MATH,1326,006,4,6,2,3,2,2,1,2,4,,1,,5,,,,,7,"Akbar, Mohammad M",,,,,,mma110020,mohammad akbar,Applied Calculus II 
MATH,1326,501,3,,1,,2,3,,3,2,,,,3,,,,,3,"Sauter, Alan D",,,,,,ads014500,alan sauter,Applied Calculus II 
MATH,2312,001,,1,4,3,5,2,8,7,3,2,4,2,5,,,,,2,"Martynova, Irina","Smith, Luke",,,,,ixm140930,irina martynova,Precalculus 
MATH,2312,002,,4,1,4,3,4,6,8,3,2,1,1,10,,,,,1,"Martynova, Irina","Zhou, Dilong",,,,,ixm140930,irina martynova,Precalculus 
MATH,2312,003,1,,2,2,3,3,3,16,6,4,1,,5,,,,,1,"Martynova, Irina","Oyekan, Oluwadamilola A",,,,,ixm140930,irina martynova,Precalculus 
MATH,2312,004,,1,2,,3,4,8,7,7,5,1,1,7,,,,,4,"Liu, Runzhou","Kushtagi, Sri Rama Chandra",,,,,rxl210013,runzhou liu,Precalculus 
MATH,2312,005,,1,3,,2,6,5,5,11,2,,3,11,,,,,6,"Liu, Runzhou","Wasala Mudiyanselage, Indrajith K",,,,,rxl210013,runzhou liu,Precalculus 
MATH,2370,001,12,5,3,1,1,2,2,3,4,,,1,3,,,,,3,"Garrett, Bentley T","Mozumder, Ali Ahammed",,,,,btg032000,bentley garrett,Introduction to Programming with MATLAB 
MATH,2370,501,4,3,2,2,,,2,1,3,,,1,5,,,,,4,"Garrett, Bentley T","Sapkota, Nirjal",,,,,btg032000,bentley garrett,Introduction to Programming with MATLAB 
MATH,2413,002,1,5,2,4,6,,2,1,5,3,2,1,7,,,,,3,"Nguyen, Mylinh T",,,,,,mln018200,mylinh nguyen,Differential Calculus 
MATH,2413,003,4,8,4,3,1,4,3,2,4,1,1,,10,,,,,3,"Nguyen, Mylinh T",,,,,,mln018200,mylinh nguyen,Differential Calculus 
MATH,2413,004,2,5,2,1,5,6,4,4,1,3,4,2,7,,,,,2,"Lou, Yifei",,,,,,yxl145331,yifei lou,Differential Calculus 
MATH,2413,005,2,,3,9,1,4,6,5,3,4,2,1,6,,,,,2,"Lou, Yifei",,,,,,yxl145331,yifei lou,Differential Calculus 
MATH,2413,006,1,5,1,6,4,2,2,2,,4,3,3,12,,,,,3,"Kehoe, Joselle",,,,,,jxk061000,joselle kehoe,Differential Calculus 
MATH,2413,007,1,3,4,2,4,2,5,5,4,1,4,1,7,,,,,5,"Kehoe, Joselle",,,,,,jxk061000,joselle kehoe,Differential Calculus 
MATH,2413,008,,2,3,4,2,6,6,2,2,1,,3,12,,,,,3,"Mussa, Derege",,,,,,dxm146130,derege mussa,Differential Calculus 
MATH,2413,009,1,1,5,,4,2,4,1,2,3,2,,11,,,,,1,"Mussa, Derege",,,,,,dxm146130,derege mussa,Differential Calculus 
MATH,2413,010,,2,4,2,4,2,1,1,6,,1,2,3,,,,,1,"Sultana, Nasrin",,,,,,nxs190039,nasrin sultana,Differential Calculus 
MATH,2413,011,2,4,5,5,5,4,2,1,5,,1,2,10,,,,,2,"Sultana, Nasrin",,,,,,nxs190039,nasrin sultana,Differential Calculus 
MATH,2413,012,1,2,5,2,1,2,2,3,4,2,3,3,12,,,,,6,"Liu, Runzhou",,,,,,rxl210013,runzhou liu,Differential Calculus 
MATH,2413,013,1,1,4,1,1,4,3,3,5,3,1,2,12,,,,,6,"Liu, Runzhou",,,,,,rxl210013,runzhou liu,Differential Calculus 
MATH,2413,014,4,6,7,6,4,8,,4,1,2,,1,3,,,,,2,"Nguyen, Mylinh T",,,,,,mln018200,mylinh nguyen,Differential Calculus 
MATH,2413,015,3,7,13,3,5,2,1,2,2,2,2,,3,,,,,3,"Nguyen, Mylinh T",,,,,,mln018200,mylinh nguyen,Differential Calculus 
MATH,2413,016,1,2,1,2,2,4,3,4,5,,3,2,9,,,,,4,"Mussa, Derege",,,,,,dxm146130,derege mussa,Differential Calculus 
MATH,2413,017,,,2,2,2,3,3,6,1,5,1,1,13,,,,,1,"Guo, Huizhen",,,,,,hxg190020,huizhen guo,Differential Calculus 
MATH,2413,018,,2,2,1,,4,3,,2,1,1,1,6,,,,,2,"Guo, Huizhen",,,,,,hxg190020,huizhen guo,Differential Calculus 
MATH,2413,021,1,1,1,5,1,3,4,,6,,3,1,5,,,,,2,"Ding, Hui",,,,,,hxd162130,hui ding,Differential Calculus 
MATH,2413,023,1,2,2,,4,5,7,1,4,1,1,1,12,,,,,7,"Mussa, Derege",,,,,,dxm146130,derege mussa,Differential Calculus 
MATH,2413,025,2,6,6,4,9,5,3,2,3,3,,1,2,,,,,1,"Dabkowski, Mieczyslaw K",,,,,,mkd034000,mieczyslaw dabkowski,Differential Calculus 
MATH,2413,026,1,8,3,3,5,3,4,4,1,1,2,1,9,,,,,3,"Duruoha, Adannah",,,,,,axd180037,adannah duruoha,Differential Calculus 
MATH,2413,027,3,5,4,7,2,4,2,1,7,1,3,,6,,,,,3,"Duruoha, Adannah",,,,,,axd180037,adannah duruoha,Differential Calculus 
MATH,2413,030,2,3,3,3,3,4,6,3,7,1,2,,8,,,,,3,"Sultana, Nasrin",,,,,,nxs190039,nasrin sultana,Differential Calculus 
MATH,2413,031,5,3,4,5,4,3,3,1,6,1,1,4,4,,,,,2,"Sultana, Nasrin",,,,,,nxs190039,nasrin sultana,Differential Calculus 
MATH,2414,001,2,1,2,1,4,3,4,1,3,,1,1,14,,,,,10,"Conlon, Ronan",,,,,,rxc200021,ronan conlon,Integral Calculus 
MATH,2414,002,1,1,,2,1,1,3,3,2,1,2,,12,,,,,8,"Eydelzon, Anatoly",,,,,,axe031000,anatoly eydelzon,Integral Calculus 
MATH,2414,003,,3,,1,3,,2,1,,3,1,1,19,,,,,9,"Eydelzon, Anatoly",,,,,,axe031000,anatoly eydelzon,Integral Calculus 
MATH,2414,004,,2,2,1,2,,2,5,4,,1,,14,,,,,6,"Tran, Anh T",,,,,,att140830,anh tran,Integral Calculus 
MATH,2414,005,,5,1,3,,3,1,4,,2,3,,12,,,,,10,"Tran, Anh T",,,,,,att140830,anh tran,Integral Calculus 
MATH,2414,006,3,1,3,2,3,4,1,7,3,1,1,,13,,,,,5,"Aman, Kelly",,,,,,kxa143530,kelly aman,Integral Calculus 
MATH,2414,007,3,2,1,3,2,,3,5,1,,4,3,14,,,,,7,"Aman, Kelly",,,,,,kxa143530,kelly aman,Integral Calculus 
MATH,2414,008,3,4,2,2,3,3,3,3,,2,2,5,10,,,,,6,"Aman, Kelly",,,,,,kxa143530,kelly aman,Integral Calculus 
MATH,2414,009,,1,3,2,3,3,6,5,2,1,3,,2,,,,,9,"Rakotomalala, Diarisoa Mihaja Andriamanisa",,,,,,dmr150130,diarisoa rakotomalala,Integral Calculus 
MATH,2414,010,,1,1,3,2,3,,3,5,2,4,4,12,,,,,8,"Garrett, Bentley T",,,,,,btg032000,bentley garrett,Integral Calculus 
MATH,2414,012,2,4,2,5,5,1,2,4,2,1,1,,13,,,,,6,"Alvarado, Iris",,,,,,ila180000,iris alvarado,Integral Calculus 
MATH,2414,013,3,1,3,1,3,1,2,3,3,4,2,,10,,,,,6,"Rakotomalala, Diarisoa Mihaja Andriamanisa",,,,,,dmr150130,diarisoa rakotomalala,Integral Calculus 
MATH,2414,014,1,4,3,2,1,5,6,6,1,2,1,,10,,,,,5,"Alvarado, Iris",,,,,,ila180000,iris alvarado,Integral Calculus 
MATH,2415,001,1,5,3,4,8,3,1,8,2,,3,,8,,,,,10,"Eydelzon, Anatoly",,,,,,axe031000,anatoly eydelzon,Calculus of Several Variables 
MATH,2415,002,3,9,2,6,7,2,2,11,4,,8,,12,,,,,6,"Coskunuzer, Baris","Zweck, John W","Lutz, Kevin C",,,,bxc190014,baris coskunuzer,Calculus of Several Variables 
MATH,2415,003,5,14,1,3,5,2,2,5,2,,5,,10,,,,,6,"Zweck, John W",,,,,,jwz120030,john zweck,Calculus of Several Variables 
MATH,2415,004,1,2,1,2,1,2,,2,,,1,,2,,,,,2,"Zweck, John W",,,,,,jwz120030,john zweck,Calculus of Several Variables 
MATH,2415,501,5,14,1,6,6,2,,4,1,,2,,5,,,,,4,"Dahal, Rabin",,,,,,rxd153030,rabin dahal,Calculus of Several Variables 
MATH,2417,001,1,,,1,3,5,4,4,,1,2,1,10,,,,,1,"Ahsan, Mohammad K",,,,,,mka120030,mohammad ahsan,Calculus I 
MATH,2417,002,12,4,1,2,1,6,1,1,2,,1,2,6,,,,,4,"Dahal, Rabin",,,,,,rxd153030,rabin dahal,Calculus I 
MATH,2417,003,6,5,3,3,,5,3,2,2,2,1,,9,,,,,2,"Dahal, Rabin",,,,,,rxd153030,rabin dahal,Calculus I 
MATH,2417,004,5,1,3,1,4,3,1,2,1,3,4,,12,,,,,8,"Ohsawa, Tomoki",,,,,,txo140730,tomoki ohsawa,Calculus I 
MATH,2417,005,1,5,4,,4,2,3,5,1,,1,1,9,,,,,6,"Ohsawa, Tomoki",,,,,,txo140730,tomoki ohsawa,Calculus I 
MATH,2417,006,4,2,4,1,6,4,2,,2,3,2,,9,,,,,3,"Ahsan, Mohammad K",,,,,,mka120030,mohammad ahsan,Calculus I 
MATH,2417,007,4,2,3,1,2,3,2,3,5,1,2,4,9,,,,,3,"Dahal, Rabin",,,,,,rxd153030,rabin dahal,Calculus I 
MATH,2417,009,3,1,2,5,3,2,4,3,,,3,,9,,,,,8,"Arreche, Carlos",,,,,,cxa171230,carlos arreche,Calculus I 
MATH,2417,HN1,6,4,,2,,,1,,,,,,1,,,,,0,"Ramakrishna, Viswanath","Williams, Matthew A",,,,,vish,viswanath ramakrishna,Calculus I 
MATH,2418,001,12,2,3,,4,2,3,4,4,2,2,2,12,,,,,6,"Adabrah, Anani Komla",,,,,,aaa130530,anani adabrah,Linear Algebra 
MATH,2418,002,2,4,3,2,1,1,3,2,6,1,2,,8,,,,,6,"Adabrah, Anani Komla",,,,,,aaa130530,anani adabrah,Linear Algebra 
MATH,2418,003,8,1,3,3,3,2,7,2,8,1,2,5,7,,,,,2,"Ding, Hui",,,,,,hxd162130,hui ding,Linear Algebra 
MATH,2418,004,7,2,,1,1,1,,1,4,,2,3,6,,,,,1,"Ding, Hui",,,,,,hxd162130,hui ding,Linear Algebra 
MATH,2418,005,4,,,,1,1,1,2,5,,3,,1,,,,,1,"Ding, Hui",,,,,,hxd162130,hui ding,Linear Algebra 
MATH,2418,006,24,4,6,1,4,1,1,4,5,,2,,2,,,,,5,"Makhijani, Neha",,,,,,nxm165130,neha makhijani,Linear Algebra 
MATH,2418,007,11,4,2,4,4,3,1,1,4,,3,2,8,,,,,3,"Paudel, Ajaya B",,,,,,abp062000,ajaya paudel,Linear Algebra 
MATH,2418,008,12,4,3,2,9,3,6,5,7,,1,2,4,,,,,1,"Paudel, Ajaya B",,,,,,abp062000,ajaya paudel,Linear Algebra 
MATH,2418,009,18,1,2,,5,3,6,5,4,,4,1,6,,,,,5,"Paudel, Ajaya B",,,,,,abp062000,ajaya paudel,Linear Algebra 
MATH,2418,501,1,1,1,2,3,4,2,,4,3,,1,4,,,,,1,"Pereira, Luis Felipe F",,,,,,lfp140030,luis pereira,Linear Algebra 
MATH,2418,502,13,5,1,5,7,7,3,4,5,,2,1,3,,,,,2,"Makhijani, Neha",,,,,,nxm165130,neha makhijani,Linear Algebra 
MATH,2418,503,3,1,,1,3,,2,2,3,,,,4,,,,,1,"Adabrah, Anani Komla",,,,,,aaa130530,anani adabrah,Linear Algebra 
MATH,2419,001,3,1,1,3,,1,2,3,3,,,,7,,,,,2,"Ahsan, Mohammad K",,,,,,mka120030,mohammad ahsan,Calculus II 
MATH,2419,002,1,2,5,3,1,1,1,2,7,,,,6,,,,,5,"Ahsan, Mohammad K",,,,,,mka120030,mohammad ahsan,Calculus II 
MATH,2419,003,,1,3,2,,,1,2,2,,,,4,,,,,3,"Eydelzon, Anatoly",,,,,,axe031000,anatoly eydelzon,Calculus II 
MATH,2420,001,,2,1,,2,2,2,2,4,,4,,,,,,,4,"Turi, Janos",,,,,,turi,janos turi,Differential Equations with Applications 
MATH,2420,002,2,3,1,2,5,2,6,2,9,,6,,,,,,,9,"Turi, Janos",,,,,,turi,janos turi,Differential Equations with Applications 
MATH,2420,003,7,14,6,7,10,7,5,8,2,,3,,,,,,,2,"Rachinskiy, Dmitry",,,,,,dxr124030,dmitry rachinskiy,Differential Equations with Applications 
MATH,2420,004,1,7,3,6,7,5,9,7,8,,10,,,,,,,8,"Balanov, Zalman",,,,,,zxb105020,zalman balanov,Differential Equations with Applications 
MATH,2420,501,3,2,8,8,3,7,6,6,6,,9,,,,,,,13,"Rachinskiy, Dmitry",,,,,,dxr124030,dmitry rachinskiy,Differential Equations with Applications 
MATH,2420,502,,5,2,1,1,,,2,5,,4,,,,,,,4,"Paudel, Ajaya B",,,,,,abp062000,ajaya paudel,Differential Equations with Applications 
MATH,2420,HN1,12,4,3,,,,2,2,,,,,1,,,,,0,"Dabkowski, Mieczyslaw K","Rawat, Richa",,,,,mkd034000,mieczyslaw dabkowski,Differential Equations with Applications 
MATH,3303,001,4,2,5,,1,,,,,,,,,,,,,0,"Lalani, Amin","Wade, Ryan T",,,,,axl120130,amin lalani,Introduction to Mathematical Modeling 
MATH,3310,001,5,2,4,2,4,1,1,1,2,,,1,,,,,,0,"Dabkowska, Malgorzata A","Mamun, Abdullah A",,,,,mxd066000,malgorzata dabkowska,Theoretical Concepts of Calculus 
MATH,3310,002,3,10,9,4,5,5,3,,3,1,,1,3,,,,,1,"Dabkowska, Malgorzata A","Mrad, Preskella",,,,,mxd066000,malgorzata dabkowska,Theoretical Concepts of Calculus 
MATH,3311,001,4,4,2,2,2,2,1,,,,,1,,,,,,0,"Dabkowska, Malgorzata A","Fatema, Saba",,,,,mxd066000,malgorzata dabkowska,Abstract Algebra I 
MATH,3311,002,3,5,5,,,,1,4,1,1,1,1,1,,,,,0,"Dabkowska, Malgorzata A","Rajapaksha, Lashika N",,,,,mxd066000,malgorzata dabkowska,Abstract Algebra I 
MATH,3315,001,6,11,7,2,1,1,1,,,,,,,,,,,1,"Williams, Nathan",Nisha,,,,,nxw170830,nathan williams,Discrete Mathematics and Combinatorics 
MATH,3323,001,4,2,1,3,2,,,4,,1,2,1,3,,,,,0,"Stanford, Paul H","Geldiyev, Yusup",,,,,phs031000,paul stanford,Elementary Number Theory 
MATH,3351,001,7,11,1,5,8,3,1,6,3,2,5,,5,,,,,2,"McKeown, Stephen","Murad, Mohammad Hassan",,,,,sxm190098,stephen mckeown,Advanced Calculus 
MATH,3351,501,1,10,10,5,,1,1,,,,,,1,,,,,2,"Krawcewicz, Wieslaw Z","Zhang, Kan",,,,,wzk091000,wieslaw krawcewicz,Advanced Calculus 
MATH,3379,001,6,3,6,2,8,1,3,8,3,1,1,1,3,,,,,3,"Conlon, Ronan",,,,,,rxc200021,ronan conlon,Complex Variables 
MATH,4301,001,6,4,6,12,7,5,1,3,2,,,2,,,,,,3,"Dabkowski, Mieczyslaw K","Ahmed, Faisal",,,,,mkd034000,mieczyslaw dabkowski,Mathematical Analysis I 
MATH,4301,002,29,5,6,3,2,4,,1,2,1,1,,3,,,,,2,"Ramakrishna, Viswanath","Rawat, Richa",,,,,vish,viswanath ramakrishna,Mathematical Analysis I 
MATH,4334,001,5,6,6,3,10,3,2,1,1,,1,,4,,,,,1,"Garrett, Bentley T","Ghanem, Ziad G",,,,,btg032000,bentley garrett,Numerical Analysis 
MATH,4334,002,1,5,2,,2,3,,2,1,,1,,3,,,,,0,"Minkoff, Susan E","Dolski, Tamara",,,,,sem120030,susan minkoff,Numerical Analysis 
MATH,4341,001,3,6,6,3,4,1,4,2,3,,1,,1,,,,,3,"Coskunuzer, Baris","Tola, Astrit",,,,,bxc190014,baris coskunuzer,Topology 
MATH,5301,501,,4,1,3,1,3,1,3,,,,,,,,,,0,"Arnold, Maxim","Zagvozdkin, Andrei",,,,,mxa149530,maxim arnold,Elementary Analysis I 
MATH,6301,501,,1,8,2,2,2,1,2,,,,,,,,,,1,"Balanov, Zalman","Acharya, Subas",,,,,zxb105020,zalman balanov,Real Analysis 
MATH,6311,001,,11,1,,,1,,1,,,,,,,,,,1,"Williams, Nathan",,,,,,nxw170830,nathan williams,Abstract Algebra I 
MATH,6312,001,,31,4,3,2,1,,,,,,,,,,,,3,"Arreche, Carlos","Brewer, Charlie P",,,,,cxa171230,carlos arreche,Combinatorics and Graph Theory 
MATH,6313,001,,4,,2,4,3,,,,,,,,,,,,1,"Minkoff, Susan E","Guan, Ruofei",,,,,sem120030,susan minkoff,Numerical Analysis 
MATH,6315,501,,6,2,2,2,2,3,1,,,,,1,,,,,1,"Arnold, Maxim","Sechkin, Georgii",,,,,mxa149530,maxim arnold,Ordinary Differential Equations 
MATH,6319,501,,19,6,,1,1,,,,,,,,,,,,0,"Ramakrishna, Viswanath",,,,,,vish,viswanath ramakrishna,Principles and Techniques in Applied Mathematics I 
MATH,6345,001,,2,1,3,2,1,,,,,,,,,,,,1,"Cao, Yan",,,,,,yxc069200,yan cao,Mathematical Methods in Medicine and Biology 
MATH,6346,001,,2,5,2,4,3,,,,,,,,,,,,2,"Cao, Yan","Singh, Aprajita",,,,,yxc069200,yan cao,Medical Image Analysis 
MECH,1100,0W1,34,75,36,23,17,12,2,2,2,2,2,3,5,,,,,4,"Fadda, Dani Z","Rios, Oziel","Wagner, Jonas R",,,,dzf091000,dani fadda,Introduction to Mechanical Engineering I 
MECH,1208,0W1,2,17,14,11,19,12,2,1,5,,1,,7,,,,,7,"Fadda, Dani Z",,,,,,dzf091000,dani fadda,Introduction to Mechanical Engineering II 
MECH,2120,101,4,6,4,4,2,,1,,,,,,,,,,,2,"Lu, Hongbing","Felicio Perruci, Gustavo","Zhang, Runyu","Bian, Ning","Chen, Huiluo","Srivastava, Rajat",hxl101000,hongbing lu,Mechanics of Materials Laboratory 
MECH,2120,102,5,3,3,1,3,1,4,1,,,,,,,,,,3,"Lu, Hongbing","Felicio Perruci, Gustavo","Chen, Huiluo","Bian, Ning","Zhang, Runyu","Srivastava, Rajat",hxl101000,hongbing lu,Mechanics of Materials Laboratory 
MECH,2120,103,12,5,2,3,,,,1,,,,,1,,,,,0,"Lu, Hongbing","Felicio Perruci, Gustavo","Chen, Huiluo","Bian, Ning","Zhang, Runyu","Srivastava, Rajat",hxl101000,hongbing lu,Mechanics of Materials Laboratory 
MECH,2120,104,14,,1,1,3,,1,1,,,1,,1,,,,,1,"Lu, Hongbing","Felicio Perruci, Gustavo","Chen, Huiluo","Bian, Ning","Zhang, Runyu","Srivastava, Rajat",hxl101000,hongbing lu,Mechanics of Materials Laboratory 
MECH,2120,105,3,5,2,4,3,1,3,,,,,,,,,,,1,"Lu, Hongbing","Felicio Perruci, Gustavo","Chen, Huiluo","Bian, Ning","Zhang, Runyu","Srivastava, Rajat",hxl101000,hongbing lu,Mechanics of Materials Laboratory 
MECH,2310,001,2,11,4,1,2,3,3,3,1,2,4,1,6,,,,,5,"Thamban, P.L.Stephan","Hewawaduge, Dhanushki B",,,,,stephan,p l stephan thamban,Statics 
MECH,2310,002,4,12,8,1,5,4,1,3,2,,5,8,4,,,,,1,"Thamban, P.L.Stephan","Charles, Daniel",,,,,stephan,p l stephan thamban,Statics 
MECH,2320,001,9,3,3,7,5,1,2,6,1,4,2,2,1,,,,,5,"Wilt, James C","Jagdale, Shweta H","Jabed, Akib",,,,jcw140130,james wilt,Mechanics of Materials 
MECH,2320,002,6,1,2,7,8,4,2,5,,2,1,,2,,,,,1,"Wilt, James C","Jagdale, Shweta H","Jabed, Akib",,,,jcw140130,james wilt,Mechanics of Materials 
MECH,2330,001,1,8,2,2,7,2,5,5,3,1,8,4,9,,,,,5,"Thamban, P.L.Stephan","Ganapathy, Karthik",,,,,stephan,p l stephan thamban,Dynamics 
MECH,2340,001,5,4,8,2,6,6,2,4,1,,,1,,,,,,3,"Zare, Armin","Abootorabi, Seyedalireza",,,,,axz190009,armin zare,Circuits and Applied Electronics 
MECH,3105,101,31,3,2,1,,,,,,,,,,,,,,0,"Rios, Oziel","Chowdhury, Mohammed Al-Evan",,,,,oxr106020,oziel rios,Computer Aided Design Laboratory 
MECH,3105,102,31,6,,,,1,,,,,,,,,,,,0,"Rios, Oziel","Chowdhury, Mohammed Al-Evan",,,,,oxr106020,oziel rios,Computer Aided Design Laboratory 
MECH,3105,103,28,1,3,,1,2,,,,,,,3,,,,,0,"Rios, Oziel","Chowdhury, Mohammed Al-Evan",,,,,oxr106020,oziel rios,Computer Aided Design Laboratory 
MECH,3115,101,17,6,1,,,,,,,,,,,,,,,0,"Jin, Yaqing","Bhamitipadi Suresh, Dhanush",,,,,yxj190011,yaqing jin,Fluid Mechanics Laboratory 
MECH,3115,102,4,17,2,2,,,,,,,,,,,,,,0,"Jin, Yaqing","Taba, Seyed Adib",,,,,yxj190011,yaqing jin,Fluid Mechanics Laboratory 
MECH,3115,103,12,8,1,1,1,,,,,,,,,,,,,1,"Jin, Yaqing","Taba, Seyed Adib",,,,,yxj190011,yaqing jin,Fluid Mechanics Laboratory 
MECH,3115,104,7,6,5,2,2,2,,,,,,,,,,,,0,"Jin, Yaqing","Bhamitipadi Suresh, Dhanush",,,,,yxj190011,yaqing jin,Fluid Mechanics Laboratory 
MECH,3120,101,14,7,3,,,,,,,,,,,,,,,0,"Hassanipour, Fatemeh","Rukhsar, Aqsa",,,,,fxh091000,fatemeh hassanipour,Heat Transfer Laboratory 
MECH,3120,102,13,6,4,1,,,,,,,,,,,,,,0,"Hassanipour, Fatemeh","Sadeghi Varnousfaderani, Navid",,,,,fxh091000,fatemeh hassanipour,Heat Transfer Laboratory 
MECH,3120,103,17,4,3,,,,,,,,,,,,,,,0,"Hassanipour, Fatemeh","Sadeghi Varnousfaderani, Navid","Rukhsar, Aqsa",,,,fxh091000,fatemeh hassanipour,Heat Transfer Laboratory 
MECH,3120,104,11,11,2,,,,,,,,,,,,,,,0,"Hassanipour, Fatemeh","Alatalo, Diana L",,,,,fxh091000,fatemeh hassanipour,Heat Transfer Laboratory 
MECH,3120,105,13,6,4,,,,,,,,,,,,,,,0,"Hassanipour, Fatemeh","Alatalo, Diana L",,,,,fxh091000,fatemeh hassanipour,Heat Transfer Laboratory 
MECH,3120,106,9,7,5,1,,,,,,,,,,,,,,0,"Hassanipour, Fatemeh","Sadeghi Varnousfaderani, Navid",,,,,fxh091000,fatemeh hassanipour,Heat Transfer Laboratory 
MECH,3120,107,12,8,3,,,,,,,,,,,,,,,0,"Hassanipour, Fatemeh","Rukhsar, Aqsa",,,,,fxh091000,fatemeh hassanipour,Heat Transfer Laboratory 
MECH,3150,101,,11,6,6,2,5,,1,,,,,,,,,,0,"Park, Wooram","Miles, Drew",,,,,wxp103020,wooram park,Kinematics and Dynamics Laboratory 
MECH,3150,102,1,13,4,10,4,2,,1,1,,,,1,,,,,0,"Park, Wooram","Miles, Drew",,,,,wxp103020,wooram park,Kinematics and Dynamics Laboratory 
MECH,3305,001,3,11,5,2,4,,2,1,1,,1,1,2,,,,,0,"Tadesse, Yonas T","Miles, Drew",,,,,ytt110030,yonas tadesse,Computer Aided Design 
MECH,3305,0W1,3,9,6,6,6,3,2,3,1,,,,,,,,,1,"Fadda, Dani Z","Ovy, S M Al Islam",,,,,dzf091000,dani fadda,Computer Aided Design 
MECH,3305,0W2,5,7,7,9,3,6,,2,,,,,,,,,,0,"Rios, Oziel","Ovy, S M Al Islam",,,,,oxr106020,oziel rios,Computer Aided Design 
MECH,3310,001,2,,3,1,2,2,,,1,,1,,,,,,,0,"Xiong, Guoping",,,,,,gxx200001,guoping xiong,Thermodynamics 
MECH,3310,0W1,3,7,2,2,6,7,4,2,5,,1,,,,,,,0,"Ouyang, Hui","Fan, Hanwen",,,,,hxo150330,hui ouyang,Thermodynamics 
MECH,3310,0W2,4,1,3,2,8,4,4,4,1,,1,,1,,,,,0,"Ouyang, Hui","Fan, Hanwen",,,,,hxo150330,hui ouyang,Thermodynamics 
MECH,3310,0W3,3,4,2,1,2,2,3,3,3,1,,,,,,,,0,"Ouyang, Hui","Fan, Hanwen",,,,,hxo150330,hui ouyang,Thermodynamics 
MECH,3315,002,7,21,15,16,9,6,3,2,,,,,2,,,,,0,"Iungo, Giacomo Valerio","Panthi, Keshav",,,,,ixg140830,giacomo iungo,Fluid Mechanics 
MECH,3315,003,11,22,15,10,23,3,1,4,2,2,,,1,,,,,2,"Anderson, William C","Joshi, Parag",,,,,wca140030,william anderson,Fluid Mechanics 
MECH,3320,001,3,5,7,4,4,3,2,5,1,,1,,3,,,,,0,"You, Seung M",,,,,,smy130030,seung you,Heat Transfer 
MECH,3350,001,3,16,18,17,20,4,9,8,3,,,1,,,,,,1,"Park, Wooram","Mysore Nagaraja, Kishore","Fisher, Ethan L",,,,wxp103020,wooram park,Kinematics and Dynamics of Mechanical Systems 
MECH,3350,501,,10,13,13,13,9,4,5,7,,2,,1,,,,,1,"Park, Wooram","Mysore Nagaraja, Kishore","Fisher, Ethan L",,,,wxp103020,wooram park,Kinematics and Dynamics of Mechanical Systems 
MECH,3351,001,1,6,6,11,10,11,3,1,1,,,1,2,,,,,4,"Wang, Yang","Aragon, Nicole K",,,,,yxw152130,yang wang,Design of Mechanical Systems 
MECH,3351,002,4,22,3,5,2,1,,2,1,,1,,2,,,,,0,"Griffith, Daniel T","Aragon, Nicole K",,,,,dtg170130,daniel griffith,Design of Mechanical Systems 
MECH,3370,001,1,1,3,3,3,5,1,4,1,,1,,2,,,,,1,"Fadda, Dani Z",,,,,,dzf091000,dani fadda,Applied Thermodynamics 
MECH,3380,001,3,7,6,4,14,6,3,9,4,,4,4,5,,,,,4,"Malik, Arif","Mathews, Ritin",,,,,axm154531,arif malik,Introduction to Computational Design and Analysis 
MECH,3381,001,,36,14,11,3,4,,3,,,,,,,,,,0,"Li, Wei","Li, Benquan",,,,,wxl190014,,Introduction to Manufacturing Processes 
MECH,4110,101,2,10,2,2,4,3,,,,,,,,,,,,0,"Koeln, Justin P",,,,,,jpk170130,,Systems and Controls Laboratory 
MECH,4110,102,6,5,3,1,4,,1,1,,,,,2,,,,,0,"Koeln, Justin P",,,,,,jpk170130,,Systems and Controls Laboratory 
MECH,4110,103,2,11,2,1,1,3,1,,,,,,,,,,,1,"Koeln, Justin P",,,,,,jpk170130,,Systems and Controls Laboratory 
MECH,4110,104,4,9,4,2,3,,,,,,,,,,,,,0,"Koeln, Justin P",,,,,,jpk170130,,Systems and Controls Laboratory 
MECH,4110,105,3,8,4,3,2,1,,2,,,,,,,,,,1,"Koeln, Justin P",,,,,,jpk170130,,Systems and Controls Laboratory 
MECH,4110,106,1,7,5,1,3,2,,,,,,,1,,,,,1,"Koeln, Justin P",,,,,,jpk170130,,Systems and Controls Laboratory 
MECH,4110,107,1,14,,,3,3,,,,,,,,,,,,1,"Koeln, Justin P",,,,,,jpk170130,,Systems and Controls Laboratory 
MECH,4301,001,3,6,4,8,6,5,2,2,,,,,2,,,,,4,"Ryu, III","Gravell, Jamie D",,,,,ixr161130,,Intermediate Mechanics of Materials 
MECH,4310,001,1,2,3,3,4,7,6,3,6,,2,,1,,,,,2,"Ruths, Justin","Hadizadeh Kafash, Sahand",,,,,jxr163730,justin ruths,Systems and Controls 
MECH,4310,002,4,1,3,3,11,5,6,8,7,,1,,2,,,,,4,"Ruths, Justin","Hadizadeh Kafash, Sahand",,,,,jxr163730,justin ruths,Systems and Controls 
MECH,4320,001,3,11,6,8,2,3,,2,,,,,1,,,,,2,"Leonardi, Stefano","Bernardoni, Federico",,,,,sxl139330,stefano leonardi,Applications of Computational Tools in Thermal Fluid Science 
MECH,4340,001,1,9,9,7,8,8,6,7,4,,,,,,,,,1,"Park, Wooram","Gleason, Glenn H",,,,,wxp103020,wooram park,Mechanical Vibrations 
MECH,4381,001,,3,3,2,6,2,,1,,,,,,,,,,0,"Hart, Robert A",,,,,,rxh124630,robert hart,Senior Design Project I 
MECH,4381,002,,3,5,4,3,2,,,,,,,,,,,,0,"Hart, Robert A",,,,,,rxh124630,robert hart,Senior Design Project I 
MECH,4381,003,,3,4,1,5,1,,,,,,,,,,,,0,"Hart, Robert A",,,,,,rxh124630,robert hart,Senior Design Project I 
MECH,4381,004,,2,5,4,5,1,,,,,,,,,,,,0,"Hart, Robert A",,,,,,rxh124630,robert hart,Senior Design Project I 
MECH,4381,005,,3,6,3,2,1,,1,,,,,,,,,,0,"Hart, Robert A",,,,,,rxh124630,robert hart,Senior Design Project I 
MECH,4381,006,,,4,4,2,2,1,,,,,,,,,,,0,"Hart, Robert A",,,,,,rxh124630,robert hart,Senior Design Project I 
MECH,4381,007,,1,2,4,5,,1,,,,,,,,,,,0,"Hart, Robert A",,,,,,rxh124630,robert hart,Senior Design Project I 
MECH,4381,008,,3,1,4,4,2,1,,1,,,,,,,,,0,"Hart, Robert A",,,,,,rxh124630,robert hart,Senior Design Project I 
MECH,4381,009,,5,6,,6,,,,,,,,,,,,,0,"Hart, Robert A",,,,,,rxh124630,robert hart,Senior Design Project I 
MECH,4381,010,,5,6,,5,,,,,,,,,,,,,0,"Hart, Robert A",,,,,,rxh124630,robert hart,Senior Design Project I 
MECH,4382,001,,12,12,6,6,,1,2,1,,,,,,,,,0,"Hart, Robert A",,,,,,rxh124630,robert hart,Senior Design Project II 
MECH,4382,002,,5,14,10,4,3,1,2,1,,,,,,,,,0,"Hart, Robert A",,,,,,rxh124630,robert hart,Senior Design Project II 
MECH,4V95,001,,2,2,3,5,1,,1,1,1,1,,2,,,,,4,"Qian, Dong","Sadeh, Sepehr",,,,,dxq120430,dong qian,Topics in Mechanical Engineering 
MECH,5300,001,,1,4,1,3,1,,,,,,,,,,,,0,"Kim, Jiyoung","Le, Dan N",,,,,jxk041000,,Introduction to Materials Science 
MECH,5373,001,,10,6,,,,,,,,,,1,,,,,0,"Dai, Xianming",,,,,,xxd161630,xianming dai,Thermal Management of Microelectronics 
MECH,6300,001,,5,2,8,7,,2,1,,,,,2,,,,,0,"Abbas, Waseem","Rupawat, Yash M",,,,,wxa210006,waseem abbas,Linear Systems 
MECH,6303,001,,9,11,6,8,2,1,2,,,,,,,,,,0,"Tadesse, Yonas T","Sadeh, Sepehr",,,,,ytt110030,yonas tadesse,Computer Aided Design 
MECH,6314,001,,10,,,3,,,1,,,,,1,,,,,0,"Spong, Mark W",,,,,,mws081000,mark spong,Engineering Systems  Modeling and Simulation 
MECH,6318,001,,25,9,6,11,1,1,4,,,,,3,,,,,0,"Zhang, Jie","Liu, Yuanzhi",,,,,jxz156730,jie zhang,Engineering Optimization 
MECH,6335,001,,4,7,8,5,2,4,1,,,,,,,,,,0,"Stecke, Kathryn",,,,,,kes021000,kathryn stecke,Flexible Manufacturing Strategies 
MECH,6337,001,,12,1,,,,,,,,,,,,,,,0,"Reynolds, Samuel E","Rupawat, Yash M",,,,,ser180002,,Systems Engineering  Architecture and Design 
MECH,6350,001,,19,8,5,1,,,,,,,,1,,,,,1,"Lu, Hongbing","Zhang, Runyu",,,,,hxl101000,hongbing lu,Advanced Solid Mechanics 
MECH,6351,001,,7,4,1,2,2,,1,,,,,,,,,,0,"Qian, Dong","Sadeh, Sepehr",,,,,dxq120430,dong qian,Finite Element Techniques I 
MECH,6354,001,,5,9,8,1,,,,,,,,,,,,,0,"Bernal Montoya, Rodrigo A",,,,,,rab160530,rodrigo bernal,Experimental Mechanics 
MECH,6370,001,,3,2,1,,4,4,5,,,,,3,,,,,0,"Anderson, William C",,,,,,wca140030,william anderson,Incompressible Fluid Mechanics 
MECH,6374,001,,15,2,2,,,,,,,,,,,,,,1,"Cui, Shuang",,,,,,sxc200064,shuang cui,Conductive and Radiative Heat Transfer 
MECH,6376,001,,5,6,1,2,2,,1,,,,,,,,,,0,"Iungo, Giacomo Valerio",,,,,,ixg140830,giacomo iungo,Experimental Thermal and Fluid Dynamics 
MECH,6V49,001,,7,,,4,,,,,,,,1,,,,,0,"Kumar, Golden",,,,,,gxk180010,golden kumar,Special Topics in Manufacturing and Design Innovation 
MECH,6V89,001,,10,3,2,,,,,,,,,,,,,,0,"Jin, Yaqing",,,,,,yxj190011,yaqing jin,Special Topics in Thermal and Fluid Sciences 
MECH,7392,001,,15,,2,,4,1,3,,,,,2,,,,,0,"Thamban, P.L.Stephan","Hewawaduge, Dhanushki B",,,,,stephan,p l stephan thamban,Advanced Mathematics for Mechanical Engineers I 
MECO,3361,001,5,5,1,,,,,,,,,,,,,,,0,"Lewin, Peter","Li, Qinjiang",,,,,plewin,peter lewin,Comparative Institutions of Production and Distribution II 
MECO,3361,002,2,6,3,4,,,,,,,,,,,,,,1,"Lewin, Peter","Li, Qinjiang",,,,,plewin,peter lewin,Comparative Institutions of Production and Distribution II 
MECO,4342,001,13,2,5,,,,,,,,,,,,,,,1,"Molina, Stephen","Leal Valladares, Jorge A",,,,,sxm163630,stephen molina,Financial and Business Negotiation Analysis 
MECO,6303,0W1,,9,14,4,10,4,3,2,,,,,,,,,,2,"Lewin, Peter","Li, Qinjiang",,,,,plewin,peter lewin,Business Economics 
MECO,6303,501,,12,3,1,6,3,1,1,,,,,1,,,,,2,"Zhao, Xiaodan",,,,,,xxz210018,xiaodan zhao,Business Economics 
MECO,6303,MBC,,29,10,6,2,4,,,,,,,,,,,,0,"Siegenthaler, Simon",,,,,,sxs177933,simon siegenthaler,
MECO,6303,MBP,,16,7,3,4,3,4,1,,,,,,,,,,0,"Siegenthaler, Simon",,,,,,sxs177933,simon siegenthaler,
MECO,6303,XS1,,6,8,3,,1,1,,,,,,,,,,,1,"Kiser, Stephen L",,,,,,slk012100,stephen kiser,
MECO,6318,501,,12,,,,,,,,,,,,,,,,0,"Sibley, Daniel C","Leal Valladares, Jorge A",,,,,dcs170002,daniel sibley,Energy Economics and The Cost of Regulation 
MECO,6345,001,,2,6,6,2,,1,,,,,,,,,,,0,"Hyndman, Kyle B",,,,,,tdp062000,kyle hyndman,Advanced Managerial Economics 
MECO,6352,001,,8,2,,,1,,1,,,,,,,,,,1,"Honeycutt, James","Kim, Hwayoung",,,,,jxh190022,james honeycutt,Financial Negotiation and Dispute Resolution 
MECO,7312,001,,8,9,,,,,,,,,,,,,,,0,"Chiong, Khai X",,,,,,kxc173030,khai chiong,Advanced Statistics and Probability 
MIS,6308,001,,13,10,6,10,8,1,4,,,,,,,,,,0,"Islam, Naser","Joseph, Shailender",,,,,nxi110630,naser islam,System Analysis and Project Management 
MIS,6308,002,,8,14,12,1,2,,,,,,,,,,,,1,"Narasimhan, Prithi","Bhoirekar, Ketaki Vikram",,,,,pxn152330,prithi narasimhan,System Analysis and Project Management 
MIS,6308,0W1,,10,11,16,11,1,,,,,,,,,,,,0,"Raghunathan, Srinivasan","Joseph, Shailender",,,,,sraghu,srinivasan raghunathan,System Analysis and Project Management 
MIS,6308,501,,9,6,10,1,,,,,,,,,,,,,0,"Narasimhan, Prithi","Bhoirekar, Ketaki Vikram",,,,,pxn152330,prithi narasimhan,System Analysis and Project Management 
MIS,6309,001,,19,26,10,6,1,,,,,,,,,,,,0,"Lahiri, Atanu","Desai, Khushboo A",,,,,axl144730,atanu lahiri,Business Data Warehousing 
MIS,6309,002,,13,4,6,7,1,,1,,,,,,,,,,0,"Islam, Naser","Nazneen, Arshi",,,,,nxi110630,naser islam,Business Data Warehousing 
MIS,6309,0W1,,7,3,6,2,1,,2,,,,,,,,,,2,"Bradbury, Judd D","Chakravarthy, Arul M","Vinod, Ashmitha",,,,jdb101000,judd bradbury,Business Data Warehousing 
MIS,6309,501,,7,4,3,5,1,1,1,,,,,,,,,,0,"Islam, Naser","Nazneen, Arshi",,,,,nxi110630,naser islam,Business Data Warehousing 
MIS,6309,SW1,,10,7,1,,2,,,,,,,3,,,,,2,"Bradbury, Judd D",,,,,,jdb101000,judd bradbury,
MIS,6313,501,,23,11,1,,,,,,,,,,,,,,0,"Mookerjee, Vijay","Aksoy, Ozgur",,,,,vijaym,vijay mookerjee,Managing IT in the Analytics Age 
MIS,6313,CH1,,14,15,,,,,,,,,,,,,,,0,"Rhoades, Mike",,,,,,,mike rhoades,
MIS,6313,MBP,,31,6,1,,,,,,,,,,,,,,0,"Mookerjee, Vijay","Aksoy, Ozgur",,,,,vijaym,vijay mookerjee,
MIS,6316,0W1,,8,5,2,3,,3,,,,,,,,,,,0,"Menon, Syam","Luo, Ning",,,,,sxm021300,syam menon,Data Communications 
MIS,6320,0W1,,3,5,4,1,2,,2,,,,,,,,,,2,"Cavusoglu, Huseyin","Zhu, Yan",,,,,huseyin,huseyin cavusoglu,Database Foundations 
MIS,6324,0W1,,5,2,1,,,2,,,,,,,,,,,1,"Menon, Syam","Luo, Ning",,,,,sxm021300,syam menon,Business Analytics With SAS 
MIS,6326,001,,15,17,10,16,3,,2,,,,,,,,,,0,"Ryu, Young","Kotnis, Yash Ajit",,,,,ryoung,young ryu,Data Management 
MIS,6326,0W1,,10,11,8,13,,,,,,,,,,,,,1,"Ryu, Young","Kotnis, Yash Ajit",,,,,ryoung,young ryu,Data Management 
MIS,6326,501,,11,8,8,12,,,,,,,,2,,,,,1,"Ryu, Young","Kotnis, Yash Ajit",,,,,ryoung,young ryu,Data Management 
MIS,6330,001,,13,18,10,5,,,,,,,,,,,,,1,"Lahiri, Atanu","Iyawe, Idahosa N",,,,,axl144730,atanu lahiri,Cybersecurity Fundamentals 
MIS,6330,501,,13,12,7,5,,,,,,,,,,,,,2,"Lahiri, Atanu","Iyawe, Idahosa N",,,,,axl144730,atanu lahiri,Cybersecurity Fundamentals 
MIS,6337,001,,6,4,,2,,,,,,,,,,,,,0,"Mauriello, Joseph A","Deokar, Shraddha V",,,,,jam151430,joseph mauriello,Information Technology Audit and Risk Management 
MIS,6341,001,,4,3,2,3,2,,,,,,,,,,,,0,"Sohaee, Nassim","Jagdale, Akanksha Dinesh",,,,,nxs045000,nassim sohaee,Applied Machine Learning 
MIS,6344,0W1,,10,13,4,9,3,,,,,,,,,,,,0,"Mehra, Amit","Chen, Luoying",,,,,axm078200,amit mehra,Web Analytics 
MIS,6346,0W1,,8,9,6,1,,,,,,,,,,,,,0,"Perez, Jerry","Jagdale, Akanksha Dinesh",,,,,jxp180019,jerry perez,Big Data 
MIS,6346,501,,42,1,1,,,,,,,,,,,,,,0,"Elkhodari, Gasan","Deshpande, Aditi Rajesh",,,,,gxe051000,gasan elkhodari,Big Data 
MIS,6349,001,,23,15,7,5,,1,9,,,,,,,,,,0,"Shekhar, Gaurav",,,,,,gxs150130,gaurav shekhar,Digital Consulting Project 
MIS,6356,002,,1,,3,3,3,,,,,,,,,,,,0,"Shrivastava, Prakash C","Boda, Sathvik",,,,,pcs130130,prakash shrivastava,Business Analytics With R 
MIS,6356,004,,3,6,3,1,3,,,,,,,,,,,,0,"Zhang, Zhe","Kunder, Neema B",,,,,zxz145430,,Business Analytics With R 
MIS,6356,005,,6,5,2,3,1,3,,,,,,,,,,,0,"Thouin, Mark","Kunder, Neema B",,,,,mxt083000,mark thouin,Business Analytics With R 
MIS,6356,006,,2,4,4,4,3,,,,,,,,,,,,0,"Zhang, Zhe","Kunder, Neema B",,,,,zxz145430,,Business Analytics With R 
MIS,6356,0W1,,,3,1,2,1,2,2,,,,,,,,,,3,"Parker, Jason A","Tuteja, Dhruv K","Mehta, Dhairya Nilesh",,,,jap090020,jason parker,Business Analytics With R 
MIS,6356,501,,4,6,3,2,1,,1,,,,,,,,,,1,"Parker, Jason A","Tuteja, Dhruv K",,,,,jap090020,jason parker,Business Analytics With R 
MIS,6360,001,,15,19,11,13,3,2,1,,,,,1,,,,,0,"Thouin, Mark","Gupta, Ekansh",,,,,mxt083000,mark thouin,Agile Project Management 
MIS,6360,0W1,,10,18,5,12,2,1,,,,,,,,,,,0,"Thouin, Mark","Gupta, Ekansh",,,,,mxt083000,mark thouin,Agile Project Management 
MIS,6363,001,,37,5,3,,,,,,,,,,,,,,0,"Narayan, Ravishankar L","Bhandiwad, Akshata",,,,,rln130030,ravishankar narayan,Cloud Computing Fundamentals 
MIS,6363,002,,33,12,7,2,4,4,2,,,,,,,,,,1,"Song, Liugen",,,,,,lxs190018,liugen song,Cloud Computing Fundamentals 
MIS,6369,501,,1,3,2,,1,,3,,,,,,,,,,0,"Subramoniam, Ramesh","Selukar, Sarang R",,,,,rxs179630,ramesh subramoniam,Supply Chain Software with SAP 
MIS,6373,501,,14,15,4,,,,,,,,,,,,,,0,"Ginevich, Rostislav","Hiremath, Sheetal C",,,,,rxg172930,rostislav ginevich,Social Media Business 
MIS,6375,0W1,,7,2,,,,4,1,,,,,,,,,,0,"Bochsler, Daniel C",,,,,,dcb091000,daniel bochsler,Technology and New Product Development 
MIS,6378,501,,11,3,,,,,1,,,,,,,,,,0,"Narayan, Ravishankar L","Zhu, Yan",,,,,rln130030,ravishankar narayan,Customer Relationship Management with Salesforce 
MIS,6380,001,,15,14,11,8,3,3,,,,,,,,,,,0,"Bradbury, Judd D","Vinod, Ashmitha",,,,,jdb101000,judd bradbury,Data Visualization 
MIS,6380,002,,20,15,11,15,,,2,,,,,,,,,,1,"Islam, Naser","Nazneen, Arshi",,,,,nxi110630,naser islam,Data Visualization 
MIS,6380,0W1,,9,10,6,7,4,1,1,,,,,3,,,,,0,"Bradbury, Judd D","Vinod, Ashmitha",,,,,jdb101000,judd bradbury,Data Visualization 
MIS,6382,001,,15,26,5,6,6,3,1,,,,,,,,,,2,"Mookerjee, Radha","Basappa Vedamurthy, Sandeep Vinay",,,,,rvm019000,radha mookerjee,Object Oriented Programming in Python 
MIS,6382,002,,54,23,4,,,,1,,,,,,,,,,2,"Mookerjee, Radha","Basappa Vedamurthy, Sandeep Vinay",,,,,rvm019000,radha mookerjee,Object Oriented Programming in Python 
MIS,6382,0W1,,12,12,4,4,1,1,5,,,,,,,,,,4,"Mookerjee, Radha","Basappa Vedamurthy, Sandeep Vinay",,,,,rvm019000,radha mookerjee,Object Oriented Programming in Python 
MIS,6382,501,,15,9,11,3,5,,2,,,,,,,,,,1,"Neouchi, Rabih","Gupta, Rajkumar",,,,,rxn200012,rabih neouchi,Object Oriented Programming in Python 
MIS,6385,001,,9,1,1,5,1,1,,,,,,,,,,,0,"Shekhar, Gaurav","Banu, Arshiya",,,,,gxs150130,gaurav shekhar,Robotic Process Automation 
MIS,6393,001,,8,15,2,1,4,,,,,,,,,,,,0,"Lowe, Florence","Zhang, Haozhao",,,,,fxl210009,florence lowe,Foundations of Digital Product Management 
MIS,7220,001,,11,,,,,,,,,,,,,,,,0,"Jacob, Varghese",,,,,,vjacob,,Colloquium in Management Information Systems 
MKT,3300,001,,9,,8,11,,8,6,2,2,,,2,,,,,0,"Rajaratnam, Daniel",,,,,,dxr143430,daniel rajaratnam,Principles of Marketing 
MKT,3300,002,2,12,18,10,5,12,1,,,,,,,,,,,0,"Egeland, Rita E",,,,,,rxb154430,rita bargerhuff egeland,Principles of Marketing 
MKT,3300,003,4,11,12,9,11,11,,,,,,,1,,,,,1,"Elmi, Omid",,,,,,oxe160230,omid elmi,Principles of Marketing 
MKT,3300,004,3,10,3,7,4,6,7,1,,,1,2,3,,,,,0,"Xie, Ying","Qian, Kun",,,,,yxx124930,ying xie,Principles of Marketing 
MKT,3300,005,3,19,5,7,22,5,1,2,1,,2,,2,,,,,0,"Haseman, Charles","Bagheri Tirtashi, Ali",,,,,cxh180018,charles haseman,Principles of Marketing 
MKT,3300,007,,14,9,7,8,10,9,1,1,,,,1,,,,,0,"Mamadehussene, Samir","Roshangarzadeh, Reza",,,,,sxm200118,samir mamadehussene,Principles of Marketing 
MKT,3300,008,,15,10,9,7,6,5,4,3,,,,1,,,,,0,"Mamadehussene, Samir","Roshangarzadeh, Reza",,,,,sxm200118,samir mamadehussene,Principles of Marketing 
MKT,3300,009,1,4,14,7,16,10,3,2,1,1,,,,,,,,1,"Edsel, Alexander D","Lim, Taewook",,,,,ade012000,alexander edsel,Principles of Marketing 
MKT,3300,010,,3,2,5,8,3,7,5,1,4,,,5,,,,,2,"Rajaratnam, Daniel",,,,,,dxr143430,daniel rajaratnam,Principles of Marketing 
MKT,3300,011,,16,7,4,11,4,1,4,,1,,,,,,,,0,"Pacyna, Sandra",,,,,,sxp158130,sandra pacyna,Principles of Marketing 
MKT,3300,012,3,6,11,6,8,9,3,,,,,,1,,,,,1,"Elmi, Omid",,,,,,oxe160230,omid elmi,Principles of Marketing 
MKT,3300,014,22,15,10,7,2,1,,,1,,,,1,,,,,1,"Kulkarni, Madhura",,,,,,mxk170005,madhura kulkarni,Principles of Marketing 
MKT,3300,015,,19,6,6,14,4,5,4,1,,1,,,,,,,0,"Wu, Fang","Kim, Seung Mok",,,,,fxw052000,fang wu,Principles of Marketing 
MKT,3300,0E1,4,4,1,3,5,3,4,1,,1,,,1,,,,,1,"Corbin, Sonja C",,,,,,scc130530,sonja corbin,Principles of Marketing 
MKT,3300,0W1,,12,14,6,9,4,2,,,1,1,,1,,,,,0,"Pahwa, Parneet","Miao, Jin",,,,,pxp030100,parneet pahwa,Principles of Marketing 
MKT,3300,0W2,,8,10,13,7,8,3,,,,,,1,,,,,0,"Wu, Fang","Kim, Seung Mok",,,,,fxw052000,fang wu,Principles of Marketing 
MKT,3300,501,,2,,1,3,1,4,4,2,1,1,,,,,,,1,"Rajaratnam, Daniel",,,,,,dxr143430,daniel rajaratnam,Principles of Marketing 
MKT,3320,001,10,26,10,4,2,3,1,,1,,1,,1,,,,,0,"Haworth, Julie B",,,,,,haworth,julie haworth,Product and Brand Management 
MKT,3330,001,3,6,4,,5,2,,,1,1,,1,4,,,,,3,"Amirpour, Semiramis",,,,,,sxa130731,semiramis amirpour,Introduction to Professional Selling 
MKT,3330,002,,2,6,3,5,1,2,5,,,,,1,,,,,3,"Schlackman, Stuart L",,,,,,sxs163831,,Introduction to Professional Selling 
MKT,3330,003,3,6,4,1,3,5,2,,,,,,3,,,,,4,"Amirpour, Semiramis",,,,,,sxa130731,semiramis amirpour,Introduction to Professional Selling 
MKT,3330,004,6,7,7,1,5,1,2,3,1,,,,2,,,,,0,"Amirpour, Semiramis",,,,,,sxa130731,semiramis amirpour,Introduction to Professional Selling 
MKT,3330,005,8,10,5,1,,3,,2,,,2,2,1,,,,,0,"Haseman, Charles",,,,,,cxh180018,charles haseman,Introduction to Professional Selling 
MKT,3330,006,9,11,6,1,,,,,2,,,,,,,,,2,"Amirpour, Semiramis",,,,,,sxa130731,semiramis amirpour,Introduction to Professional Selling 
MKT,3340,001,,12,,15,12,5,7,4,2,,,,1,,,,,2,"Rajaratnam, Daniel",,,,,,dxr143430,daniel rajaratnam,Marketing Research 
MKT,3340,501,3,26,24,7,3,,,,,,,,,,,,,0,"Hudelot, Loretta F",,,,,,lfh170000,loretta hudelot,Marketing Research 
MKT,4320,501,,3,1,2,4,5,,,,2,,,,,,,,0,"Lee, Seunghyun","Yeo, Yundong",,,,,sxl029100,,International Marketing 
MKT,4330,001,,10,5,6,11,4,,8,,1,,,,,,,,1,"Pacyna, Sandra",,,,,,sxp158130,sandra pacyna,Digital and Internet Marketing 
MKT,4330,0W1,4,7,6,4,6,8,2,3,1,,,1,,,,,,1,"Edsel, Alexander D",,,,,,ade012000,alexander edsel,Digital and Internet Marketing 
MKT,4330,0W2,2,7,8,8,7,2,3,5,,,,2,,,,,,0,"Edsel, Alexander D",,,,,,ade012000,alexander edsel,Digital and Internet Marketing 
MKT,4331,001,2,5,3,1,2,2,1,4,6,,,1,5,,,,,2,"Dover, Howard F",,,,,,hfd021000,howard dover,Digital Prospecting 
MKT,4332,001,3,7,1,1,,3,,,,,,,1,,,,,4,"Dover, Howard F",,,,,,hfd021000,howard dover,Advanced Personal Selling 
MKT,4334,001,3,19,8,21,1,2,,1,,,,,,,,,,0,"Pahwa, Parneet","Miao, Jin",,,,,pxp030100,parneet pahwa,Social Media Marketing 
MKT,4336,501,1,8,4,2,7,2,3,,,,,,1,,,,,1,"Haseman, Charles","Bagheri Tirtashi, Ali",,,,,cxh180018,charles haseman,E-Retailing 
MKT,4337,001,,3,4,5,3,3,1,,,,,,,,,,,7,"Kim, Tongil","Kim, Seung Mok",,,,,txk200012,,Marketing Analytics 
MKT,4338,501,,29,,,17,,,5,,,,,2,,,,,1,"Dickinson, Keith",,,,,,kxd084000,keith dickinson,Marketing Content Creation 
MKT,4350,001,3,6,10,8,9,4,2,3,2,,,,,,,,,1,"Biswas, Abhijit","Lim, Taewook","Miao, Jin","Bhave, Ashutosh C","Foroughi Esfahani, Bita",,axb019100,abhijit biswas,Advertising 
MKT,4360,001,11,46,40,5,1,2,,,,1,,,,,,,,2,"Haworth, Julie B",,,,,,haworth,julie haworth,Social Marketing 
MKT,4360,501,46,14,9,12,5,6,5,2,2,,,1,1,,,,,3,"Kulkarni, Madhura",,,,,,mxk170005,madhura kulkarni,Social Marketing 
MKT,4395,001,1,4,30,13,4,2,1,,,,,,,,,,,0,"Egeland, Rita E",,,,,,rxb154430,rita bargerhuff egeland,Capstone Senior Project - Marketing 
MKT,6301,001,,7,6,12,18,5,3,7,,,,,,,,,,1,"Wu, Fang","Roshangarzadeh, Reza",,,,,fxw052000,fang wu,Marketing Management 
MKT,6301,0W1,,15,15,9,8,,,,,,,,1,,,,,0,"Biswas, Abhijit","Bhave, Ashutosh C","Lim, Taewook","Foroughi Esfahani, Bita",,,axb019100,abhijit biswas,Marketing Management 
MKT,6301,0W2,,9,10,6,6,3,4,2,,,,,,,,,,0,"Biswas, Abhijit","Bhave, Ashutosh C","Lim, Taewook","Miao, Jin","Foroughi Esfahani, Bita",,axb019100,abhijit biswas,Marketing Management 
MKT,6301,0W3,,18,5,5,8,8,,3,,,,,1,,,,,1,"Pahwa, Parneet","Miao, Jin",,,,,pxp030100,parneet pahwa,Marketing Management 
MKT,6301,501,,10,,7,2,1,3,1,,,,,,,,,,1,"Rajaratnam, Daniel",,,,,,dxr143430,daniel rajaratnam,Marketing Management 
MKT,6301,MBC,,9,7,20,12,3,2,1,,,,,,,,,,0,"Biswas, Abhijit","Bhave, Ashutosh C","Foroughi Esfahani, Bita","Lim, Taewook",,,axb019100,abhijit biswas,
MKT,6309,501,,11,3,10,4,1,7,1,,,,,,,,,,0,"Rajaratnam, Daniel",,,,,,dxr143430,daniel rajaratnam,Marketing Data Analysis and Research 
MKT,6310,001,,7,7,9,5,4,1,2,,,,,,,,,,0,"Biswas, Abhijit","Bhave, Ashutosh C","Miao, Jin","Foroughi Esfahani, Bita",,,axb019100,abhijit biswas,Consumer Behavior Science and Practice 
MKT,6310,0W1,,12,12,5,10,5,2,1,,,,,1,,,,,0,"Biswas, Abhijit","Bhave, Ashutosh C","Foroughi Esfahani, Bita",,,,axb019100,abhijit biswas,Consumer Behavior Science and Practice 
MKT,6321,0W1,,12,5,13,13,3,,2,,,,,,,,,,2,"Edsel, Alexander D",,,,,,ade012000,alexander edsel,Interactive and Digital Marketing 
MKT,6330,0W1,,8,11,11,6,8,2,1,,,,,,,,,,2,"Biswas, Abhijit","Bhave, Ashutosh C","Lim, Taewook","Foroughi Esfahani, Bita",,,axb019100,abhijit biswas,Brand Management 
MKT,6343,501,,11,5,4,2,1,,,,,,,,,,,,0,"Xie, Ying","Qian, Kun",,,,,yxx124930,ying xie,Social Media Marketing and Insights 
MKT,6350,501,,5,4,4,,,,,,,,,,,,,,1,"Rao, Ram C","Nozari, Salar",,,,,rrao,ram rao,Marketing Strategy and Game Theory Framework 
MKT,6352,001,,17,2,2,4,1,1,3,,,,,,,,,,1,"Tirone, Guido",,,,,,gxt170001,guido tirone,Marketing Web Analytics and Insights 
MKT,6352,0W1,,19,2,2,3,1,,2,,,,,1,,,,,2,"Tirone, Guido",,,,,,gxt170001,guido tirone,Marketing Web Analytics and Insights 
MKT,6353,001,,6,,,4,3,,1,,,,,,,,,,0,"Kumar, Nanda","Saremi, Ehsan",,,,,nkumar,nanda kumar,Customer Analytics and Insights 
MKT,6384,501,,4,2,,1,1,,2,,,,,,,,,,0,"Tirone, Guido",,,,,,gxt170001,guido tirone,Advanced Marketing Web Analytics and Insights 
MSEN,5300,001,,4,2,3,,1,,,,,,,,,,,,1,"Kim, Jiyoung","Le, Dan N",,,,,jxk041000,,Introduction to Materials Science 
MSEN,5310,001,,3,2,4,3,1,,2,,,,,2,,,,,0,"Hsu, Julia","Santos Fernandez, Regino",,,,,jxh101000,julia hsu,Thermodynamics of Materials 
MSEN,6319,001,,2,2,3,2,3,,,,,,,2,,,,,2,"Wallace, Robert M","Jo, Youhwan",,,,,rmw031000,robert wallace,Quantum Mechanics for Materials Scientists 
MSEN,6340,001,,3,4,3,,,,,,,,,,,,,,0,"Kim, Moon J",,,,,,mjk034000,,Introduction to Electron Microscopy 
MUSI,1306,001,33,9,4,,,1,,,,,,,,,,,,1,"Jones, Eric",,,,,,exj180003,eric jones,Understanding Music 
MUSI,1306,002,8,13,7,5,7,2,2,2,,,,,2,,,,,1,"Hartburg, Lauren",,,,,,lxh210008,lauren hartburg,Understanding Music 
MUSI,1306,003,5,3,2,6,6,6,2,2,2,1,1,,3,,,,,8,"Payne, Nicholas A",,,,,,nap190000,,Understanding Music 
MUSI,1306,004,,9,1,1,7,1,,1,1,,1,1,4,,,,,1,"Hartburg, Lauren",,,,,,lxh210008,lauren hartburg,Understanding Music 
MUSI,1306,0H1,17,8,,4,4,3,,,2,,1,3,4,,,,,3,"Salisbury, Linda J",,,,,,ljs130230,linda salisbury,Understanding Music 
MUSI,1306,0H2,16,16,,3,2,1,3,1,1,1,,,1,,,,,2,"Salisbury, Linda J",,,,,,ljs130230,linda salisbury,Understanding Music 
MUSI,1306,501,36,9,2,,1,,,,1,,,,,,,,,0,"Wilder, James E",,,,,,jew042000,james wilder,Understanding Music 
MUSI,1306,502,,44,,1,1,,1,1,,,,,1,,,,,0,"Lapinski, Robert M",,,,,,rml180002,,Understanding Music 
MUSI,2113,501,9,13,,,,,,,,,,,1,,,,,0,"Gerard, Lori A",,,,,,lag091020,lori gerard,Pep Band 
MUSI,2127,001,,38,3,,,,,1,,,,,,,,,,0,"Palant, Jonathan",,,,,,jxp170230,jonathan palant,University Choir 
MUSI,2315,001,,11,3,3,1,,,,,,,,,,,,,0,"Hodan, Daniel M",,,,,,dmh017000,daniel hodan,Guitar I 
MUSI,2315,002,12,4,1,,,1,,,,,,,1,,,,,0,"Wilder, James E",,,,,,jew042000,james wilder,Guitar I 
MUSI,2315,501,,7,7,1,,,,1,,,,,,,,,,0,"Hodan, Daniel M",,,,,,dmh017000,daniel hodan,Guitar I 
MUSI,2317,001,1,9,1,1,,,,,,,1,,,,,,,0,"Parsoneault, Catherine",,,,,,cxp160030,catherine parsoneault,Piano I 
MUSI,2317,002,10,,,,,,,,1,,,,,,,,,1,"Oh, Domi",,,,,,dxo210002,domi oh,Piano I 
MUSI,2317,003,1,7,1,,,,,,,,,,1,,,,,1,"Arutyunyan, Artem",,,,,,axa210132,artem arutyunyan,Piano I 
MUSI,2319,001,,6,1,2,1,1,,,,,,1,,,,,,0,"Durbin, Kelly",,,,,,kpdurbin,kelly durbin,Digital Music I 
MUSI,2321,001,37,7,1,,,1,,,,,,,2,,,,,0,"Jones, Eric",,,,,,exj180003,eric jones,Music Cultures of the World 
MUSI,2322,001,2,8,,5,2,,2,,,,1,,7,,,,,3,"Gerard, Lori A",,,,,,lag091020,lori gerard,Music in Western Civilization 
MUSI,2322,002,1,4,,6,2,,1,2,,,1,,7,,,,,5,"Gerard, Lori A",,,,,,lag091020,lori gerard,Music in Western Civilization 
MUSI,2322,0W1,10,11,,1,2,,,1,,2,,,3,,,,,1,"Bennett, Rodger",,,,,,rxb180025,rodger bennett,Music in Western Civilization 
MUSI,2325,002,,11,2,,1,,,,,,,,1,,,,,1,"Riemer Bueckert, Nili",,,,,,nxr190013,nili bueckert,Vocal Instruction I 
MUSI,2328,001,,6,1,2,1,2,1,1,,1,,,4,,,,,2,"Hartburg, Lauren",,,,,,lxh210008,lauren hartburg,Music Theory I 
MUSI,2328,002,1,2,,,1,1,1,1,,,,,3,,,,,2,"Hartburg, Lauren",,,,,,lxh210008,lauren hartburg,Music Theory I 
MUSI,3118,501,,39,,,,,,,,,,,,,,,,0,"Ming, Adron",,,,,,axm167231,adron ming,String Orchestra II 
MUSI,3120,501,,32,,,,,,1,,,,,1,,,,,0,"Lapinski, Robert M",,,,,,rml180002,,Wind Ensemble II 
MUSI,3122,001,,13,,,,,,,,,,,,,,,,0,"Salisbury, Linda J",,,,,,ljs130230,linda salisbury,Brass Ensemble I 
MUSI,3185,001,,25,,,,,,,,,,,,,,,,0,"Palant, Jonathan",,,,,,jxp170230,jonathan palant,Chamber Singers I 
MUSI,3186,001,,13,,,,,,,,,,,,,,,,0,"Durbin, Kelly",,,,,,kpdurbin,kelly durbin,Jazz Ensemble II 
MUSI,3322,001,2,6,1,3,1,1,,,,,,,,,,,,2,"Evans, Kathryn C",,,,,,kcevans,kathryn evans,Music in Historical Context 
MUSI,3322,002,,9,2,1,1,,,,,,,,,,,,,0,"Madriguera, Enric F",,,,,,efm011000,,Music in Historical Context 
MUSI,3324,001,3,2,3,1,1,2,1,1,1,,,,,,,,,0,"Durbin, Kelly",,,,,,kpdurbin,kelly durbin,Jazz History  Roots to Swing 
MUSI,3342,0W1,5,7,,,4,,,1,,,1,,1,,,,,0,"Bennett, Rodger",,,,,,rxb180025,rodger bennett,Topics in Music 
MUSI,3388,001,10,,,,,,,,,,,,,,,,,0,"Oh, Domi",,,,,,dxo210002,domi oh,Piano II 
MUSI,4112,001,,11,,,,,,,,,,,,,,,,1,"Rodriguez, Robert X",,,,,,rxr014610,robert rodriguez,Advanced Orchestra Chamber Music Ensemble II 
NATS,1101,001,8,10,1,5,7,2,,2,,,1,,5,,,,,1,"Meedel, Jennifer",,,,,,jxm168030,,Natural Sciences and Mathematics Freshman Seminar 
NATS,1101,002,7,15,1,2,3,2,4,2,2,,,1,1,,,,,0,"Meedel, Jennifer",,,,,,jxm168030,,Natural Sciences and Mathematics Freshman Seminar 
NATS,1101,005,17,11,3,,2,3,1,1,,,1,,2,,,,,1,"Biewer, Michael C",,,,,,biewerm,michael biewer,Natural Sciences and Mathematics Freshman Seminar 
NATS,1101,006,17,16,3,,1,1,,1,1,,,,1,,,,,0,"Biewer, Michael C",,,,,,biewerm,michael biewer,Natural Sciences and Mathematics Freshman Seminar 
NATS,1101,007,22,8,,4,4,,1,2,,,,,,,,,,1,"Elgin, Linda",,,,,,lxe120930,,Natural Sciences and Mathematics Freshman Seminar 
NATS,1101,008,17,13,,2,4,,1,3,,,1,,,,,,,0,"Elgin, Linda",,,,,,lxe120930,,Natural Sciences and Mathematics Freshman Seminar 
NATS,1101,009,18,7,3,4,3,1,1,1,1,,,,3,,,,,0,"Treter, Donald R",,,,,,drt150530,,Natural Sciences and Mathematics Freshman Seminar 
NATS,1101,010,29,3,3,1,,,1,2,,,,,2,,,,,0,"Treter, Donald R",,,,,,drt150530,,Natural Sciences and Mathematics Freshman Seminar 
NATS,1101,011,29,8,2,1,1,,,,,,,,1,,,,,0,"Treter, Donald R",,,,,,drt150530,,Natural Sciences and Mathematics Freshman Seminar 
NATS,1101,012,11,17,1,4,2,,4,,,,,,3,,,,,0,"Elgin, Linda",,,,,,lxe120930,,Natural Sciences and Mathematics Freshman Seminar 
NATS,1101,013,23,6,3,3,1,1,2,1,,,,,,,,,,2,"Kenney, Erica",,,,,,exk210007,,Natural Sciences and Mathematics Freshman Seminar 
NATS,1101,014,20,6,4,2,1,1,,,,1,,,6,,,,,1,"Kenney, Erica",,,,,,exk210007,,Natural Sciences and Mathematics Freshman Seminar 
NATS,1101,018,29,6,1,,2,1,,1,1,,,,1,,,,,0,"Zmiro, Dijana",,,,,,dxz140330,,Natural Sciences and Mathematics Freshman Seminar 
NATS,1101,019,30,5,1,,2,1,,2,,,,,,,,,,1,"Zmiro, Dijana",,,,,,dxz140330,,Natural Sciences and Mathematics Freshman Seminar 
NATS,1311,001,11,17,10,10,8,8,3,2,6,,1,,,,,,,5,"Hairston, Marc R","Fernando, Bharana A",,,,,hairston,marc hairston,The Universe  and Everything Else 
NATS,2333,HN1,16,1,3,1,,,,,,,,,,,,,,0,"Taylor, Stephanie M","Garriga, Tessa N",,,,,smt031000,stephanie taylor,Energy  Water  and the Environment 
NATS,3341,001,22,1,1,,,1,,,,,,,1,,,,,1,"Dorsey, Floyd Z",,,,,,fzd110020,floyd dorsey,Knowing and Learning in Mathematics and Science 
NATS,3341,002,15,3,1,1,,,,,,,,,,,,,,1,"Dorsey, Floyd Z",,,,,,fzd110020,floyd dorsey,Knowing and Learning in Mathematics and Science 
NATS,4141,501,1,12,,,,,,,,,,,,,,,,0,"Dorsey, Floyd Z","McConnell, James S",,,,,fzd110020,floyd dorsey,UTeach Apprentice Teaching Seminar 
NATS,4341,001,,3,5,2,,,,,,,,,,,,,,0,"Donaldson, Katherine E","York, Megan",,,,,ked013100,katie donaldson,Project-Based Instruction 
NATS,4341,002,1,3,4,2,,1,,,,,,,,,,,,0,"Donaldson, Katherine E","York, Megan",,,,,ked013100,katie donaldson,Project-Based Instruction 
NATS,4390,001,6,1,3,2,2,2,,,,,,,,,,,,1,"Taylor, Stephanie M","Hajeri, Vinita","Garriga, Tessa N","Tillman, Katelyn",,,smt031000,stephanie taylor,Research Methods 
NSC,3344,001,,2,1,2,4,3,,1,2,,1,,,,,,,1,"Powers, Katharine A","Lucas, Katelyn A",,,,,kap130730,katharine powers,Anatomy and Physiology of Speech and Hearing 
NSC,3361,001,1,33,20,19,30,18,34,23,50,,13,,28,,,,,26,"Miller, Van S","Bryan, Caeley L",,,,,vxm077000,van miller,Introduction to Neuroscience 
NSC,3361,002,4,9,5,6,8,3,10,11,10,,8,,10,,,,,8,"Taylor, Anna M","Vu, Katrina D",,,,,amt180004,anna taylor,Introduction to Neuroscience 
NSC,3361,003,7,7,8,12,8,8,8,8,4,2,6,3,7,,,,,7,"Sultana, Rukhsana",,,,,,rxs170431,rukhsana sultana,Introduction to Neuroscience 
NSC,3361,004,1,47,25,7,5,1,2,3,1,,,,2,,,,,2,"Rodriguez, Christa M","Qi, Shuang",,,,,cmr067000,christa mcintyre rodriguez,Introduction to Neuroscience 
NSC,3361,005,,6,2,2,3,1,4,1,4,,1,2,2,,,,,0,"McWilliams, Steven P",,,,,,sxm127330,steven mcwilliams,Introduction to Neuroscience 
NSC,3361,HN1,7,11,2,2,1,,1,,,,,,,,,,,0,"LaDow, Eva S",,,,,,esl130130,eva ladow,Introduction to Neuroscience 
NSC,3361,HN2,8,11,2,3,,,,,,,,,,,,,,0,"LaDow, Eva S",,,,,,esl130130,eva ladow,Introduction to Neuroscience 
NSC,4350,001,3,7,1,2,2,1,1,,2,,1,,1,,,,,0,"Miller, Van S",,,,,,vxm077000,van miller,Medical Neuropathology 
NSC,4351,001,5,8,3,2,1,2,,,,,,,1,,,,,2,"Miller, Van S",,,,,,vxm077000,van miller,Medical Neuroscience 
NSC,4352,001,4,5,12,6,10,6,5,3,1,,5,,4,,,,,2,"McWilliams, Steven P","Michaels, Amanda P",,,,,sxm127330,steven mcwilliams,Cellular Neuroscience 
NSC,4352,002,1,22,6,8,7,1,2,,,1,,,,,,,,0,"Raboune, Siham","Tseng, Ching-Tzu",,,,,sxr180071,siham raboune,Cellular Neuroscience 
NSC,4352,HN1,8,6,6,1,4,,,,,,,,,,,,,0,"LaDow, Eva S",,,,,,esl130130,eva ladow,Cellular Neuroscience 
NSC,4353,101,2,7,2,,4,,,,,,,,,,,,,0,"McWilliams, Steven P",,,,,,sxm127330,steven mcwilliams,Neuroscience Laboratory Methods 
NSC,4353,102,5,6,2,1,,,,1,,,,,,,,,,0,"Raboune, Siham",,,,,,sxr180071,siham raboune,Neuroscience Laboratory Methods 
NSC,4353,103,4,2,3,1,,,1,,,,,1,,,,,,0,"Raboune, Siham","Mei, Hao-Ruei",,,,,sxr180071,siham raboune,Neuroscience Laboratory Methods 
NSC,4353,104,1,,6,4,1,2,,,,,1,,,,,,,0,"McWilliams, Steven P","Hu, Ya-Yu",,,,,sxm127330,steven mcwilliams,Neuroscience Laboratory Methods 
NSC,4353,105,2,8,3,2,,,,,,,,,,,,,,0,"Taylor, Anna M","Calderon, Debora R",,,,,amt180004,anna taylor,Neuroscience Laboratory Methods 
NSC,4353,106,2,3,6,1,2,,,1,,,,,,,,,,0,"Sultana, Rukhsana","Garner, Katherine M",,,,,rxs170431,rukhsana sultana,Neuroscience Laboratory Methods 
NSC,4353,107,,6,6,,2,,,,,,,,,,,,,0,"Sultana, Rukhsana","Lehtonen, Derek","Driskill, Christopher M",,,,rxs170431,rukhsana sultana,Neuroscience Laboratory Methods 
NSC,4353,108,4,5,4,,,1,,,,,,,1,,,,,0,"Taylor, Anna M","Carroll, Alan M",,,,,amt180004,anna taylor,Neuroscience Laboratory Methods 
NSC,4354,001,49,22,7,4,7,4,,,1,1,,,,,,,,1,"Kroener, Sven","Rodriguez, Sierra R",,,,,sxk101000,sven kroener,Integrative Neuroscience 
NSC,4354,002,14,25,12,17,7,4,5,1,1,,,1,5,,,,,2,"Engineer, Crystal T","Williams, Brendan",,,,,novitski,crystal engineer,Integrative Neuroscience 
NSC,4356,001,,51,,,33,,,8,,,3,,1,,,,,0,"Thorn, Catherine A","Welch, Hailey",,,,,cat170002,catherine thorn,Neurophysiology 
NSC,4356,002,,11,,,7,,,8,,,3,,2,,,,,1,"Sultana, Rukhsana","Lenert, Melissa E",,,,,rxs170431,rukhsana sultana,Neurophysiology 
NSC,4358,001,12,3,4,2,3,2,1,1,2,1,,1,2,,,,,3,"Kolber, Benedict J","Lewter, Lakeisha S",,,,,bjk200001,benedict kolber,Neuroscience of Pain 
NSC,4359,501,,35,,,25,,,3,,,2,,1,,,,,1,"Rypma, Bart P","Abdelkarim, Dema H",,,,,bpr061000,bart rypma,Cognitive Neuroscience 
NSC,4361,001,,17,,,3,,,1,,,2,,2,,,,,1,"Shirazi, Vanessa",,,,,,vxs210044,,Pathway Into Industrial Neuroscience 
NSC,4362,001,5,6,10,5,3,3,1,2,2,1,,1,2,,,,,0,"Sultana, Rukhsana","West, Reyanne M",,,,,rxs170431,rukhsana sultana,Molecular Neuroscience 
NSC,4363,001,,44,,,17,,,3,,,,,,,,,,0,"Dussor, Gregory O","Szabo-Pardi, Thomas A",,,,,gxd141130,gregory dussor,Neuropharmacology 
NSC,4363,002,7,21,14,6,8,3,5,,1,1,,2,,,,,,0,"Raboune, Siham","Newel, Jacqueline P",,,,,sxr180071,siham raboune,Neuropharmacology 
NSC,4364,001,9,13,2,,,,,,,,,,,,,,,0,"Shareef, Safiullah M",,,,,,sms170009,safiullah shareef,Journey into Medicine 
NSC,4366,001,9,2,4,7,6,5,3,3,3,2,3,1,1,,,,,2,"Solodkin, Ana J",,,,,,ajs190004,ana solodkin,Neuroanatomy 
NSC,4366,002,8,18,10,11,5,10,5,4,5,,4,,9,,,,,6,"Taylor, Anna M","Chandy, Leah M",,,,,amt180004,anna taylor,Neuroanatomy 
NSC,4372,0W1,,4,4,,16,5,1,20,4,4,22,4,4,,,,,4,"Burton, Michael D",,,,,,mdb150330,michael burton,Neuroimmunology 
NSC,4373,0W1,100,86,24,8,,5,1,1,,,,,1,,,,,0,"Moller, Aage R",,,,,,amoller,aage moller,Sensory Neuroscience 
NSC,4382,0W1,114,88,30,3,2,1,2,1,2,,2,,,,,,,2,"Moller, Aage R",,,,,,amoller,aage moller,Neurobiology of Emotion 
NSC,4V90,001,5,5,3,3,2,,1,1,1,,1,,,,,,,1,"Miller, Van S",,,,,,vxm077000,van miller,Special Topics in Neuroscience 
OB,6152,XS1,,29,,,,,,,,,,,,,,,,0,"Foster Brady, Pamela",,,,,,,pamela foster brady,
OB,6248,CW1,,27,,,2,,,,,,,,,,,,,2,"Hicks, Robert",,,,,,,robert hicks,
OB,6301,001,,6,7,2,2,6,3,3,,,,,1,,,,,1,"Hasenhuttl, Maria",,,,,,h1562,maria hasenhuttl,Organizational Behavior 
OB,6301,0W1,,20,10,6,5,2,1,,,,,,1,,,,,1,"Hasenhuttl, Maria","Guo, Nan",,,,,h1562,maria hasenhuttl,Organizational Behavior 
OB,6301,501,,8,16,7,6,3,2,4,,,,,2,,,,,0,"Hicks, Jeffrey N","Lee, Minjung","Huang, He",,,,jnh061000,jeffrey hicks,Organizational Behavior 
OB,6301,CW1,,32,,,,,,,,,,,,,,,,0,"Ferrante, Anne M",,,,,,,anne ferrante,
OB,6301,GW1,,6,22,12,5,,,,,,,,,,,,,1,"Hicks, Jeffrey N",,,,,,jnh061000,jeffrey hicks,
OB,6301,GW2,,12,3,1,,,,,,,,,,,,,,0,"Dowse, Eileen",,,,,,,eileen dowse,
OB,6301,MBC,,12,30,11,,1,,,,,,,,,,,,0,"Hicks, Jeffrey N","Lee, Minjung","Huang, He",,,,jnh061000,jeffrey hicks,
OB,6301,MBP,,26,7,1,,,,,,,,,1,,,,,0,"Hasenhuttl, Maria",,,,,,h1562,maria hasenhuttl,
OB,6301,XS1,,1,12,6,,,,,,,,,,,,,,1,"Hicks, Jeffrey N",,,,,,jnh061000,jeffrey hicks,
OB,6331,501,,27,1,2,2,1,,1,,,,,,,,,,0,"Hasenhuttl, Maria",,,,,,h1562,maria hasenhuttl,Power and Politics in Organizations 
OB,6332,001,,14,2,,,1,,,,,,,,,,,,0,"Honeycutt, James","Kim, Hwayoung",,,,,jxh190022,james honeycutt,Negotiation and Dispute Resolution 
OB,6332,0W1,,32,1,,1,,,,,,,,,,,,,0,"Honeycutt, James","Kim, Hwayoung",,,,,jxh190022,james honeycutt,Negotiation and Dispute Resolution 
OB,6334,CW1,,19,14,8,3,1,,1,,,,,1,,,,,2,"Latham, Van M",,,,,,,van latham,
OB,6348,CW1,,14,1,,,,,,,,,,,,,,,1,"Plaisance Bryan, Suzette T",,,,,,,suzette plaisance bryan,
OB,6350,CW1,,13,6,2,5,1,,2,,,,,,,,,,2,"Hicks, Robert",,,,,,,robert hicks,
OB,6352,CW1,,16,1,,2,,,,,,,,,,,,,0,"Norton, Larry",,,,,,,larry norton,
OB,6370,CW1,,9,4,1,,1,,,,,,,1,,,,,0,"Latham, Van M",,,,,,,van latham,
OB,6372,CW1,,7,,1,1,,,,,,,,1,,,,,0,"Latham, Van M",,,,,,,van latham,
OB,6377,CW1,,22,1,,,,,,,,,,,,,,,2,"Plaisance Bryan, Suzette T",,,,,,,suzette plaisance bryan,
OBHR,3310,002,1,8,20,11,5,8,2,,2,,4,,,,,,,1,"Hicks, Jeffrey N","Lee, Minjung","Huang, He",,,,jnh061000,jeffrey hicks,Organizational Behavior 
OBHR,3310,003,1,7,7,5,8,7,2,7,,,,,2,,,,,1,"Jun, Sora","Guo, Nan",,,,,sxj177030,,Organizational Behavior 
OBHR,3310,004,,31,13,6,3,1,,1,,,,,,,,,,1,"Hazzard, Charles F","Cotts, Shannon E",,,,,cxh056000,charles hazzard,Organizational Behavior 
OBHR,3310,005,,38,10,4,9,1,,,,,,,,,,,,0,"Hazzard, Charles F","Cotts, Shannon E",,,,,cxh056000,charles hazzard,Organizational Behavior 
OBHR,3310,006,1,8,7,8,8,7,4,2,,,,1,1,,,,,0,"Jun, Sora","Guo, Nan",,,,,sxj177030,,Organizational Behavior 
OBHR,3310,501,,5,23,10,11,2,2,3,3,,,,,,,,,0,"Hicks, Jeffrey N","Lee, Minjung","Huang, He",,,,jnh061000,jeffrey hicks,Organizational Behavior 
OBHR,3310,502,5,11,13,2,3,3,,,,,,,1,,,,,1,"Teschner, Ryan S",,,,,,rst180002,ryan teschner,Organizational Behavior 
OBHR,3310,503,,4,7,8,5,4,4,4,,2,,,1,,,,,0,"Jun, Sora","Guo, Nan",,,,,sxj177030,,Organizational Behavior 
OBHR,3330,001,7,16,21,11,4,4,,,,,,,,,,,,0,"Kautz, Jason D",,,,,,jdk200000,jason kautz,Introduction to Human Resource Management 
OBHR,3330,002,3,8,13,7,9,6,5,4,3,,,,2,,,,,0,"Meda, Edward","Wang, Jiyu","Huang, He",,,,exm150330,edward meda,Introduction to Human Resource Management 
OBHR,3330,003,5,3,9,4,16,7,4,6,1,,,,2,,,,,2,"Weekley, Jeff A","Jacob, Geethu",,,,,jaw160330,jeff weekley,Introduction to Human Resource Management 
OBHR,3330,004,2,15,16,8,6,5,1,2,1,,,,1,,,,,3,"Meda, Edward","Wang, Jiyu","Huang, He",,,,exm150330,edward meda,Introduction to Human Resource Management 
OBHR,3330,005,1,10,15,7,10,6,2,4,2,,,,1,,,,,2,"Meda, Edward","Wang, Jiyu","Huang, He",,,,exm150330,edward meda,Introduction to Human Resource Management 
OBHR,3330,006,8,13,23,6,5,3,2,2,1,,1,,,,,,,1,"Kautz, Jason D",,,,,,jdk200000,jason kautz,Introduction to Human Resource Management 
OBHR,3330,501,6,16,26,5,7,2,,,1,,1,,,,,,,0,"Kautz, Jason D",,,,,,jdk200000,jason kautz,Introduction to Human Resource Management 
OBHR,4300,001,21,13,,6,1,,,,,,,,1,,,,,1,"Edgington, Kyle D",,,,,,kde081000,kyle edgington,Management of Non-Profit Organizations 
OBHR,4310,001,9,29,2,2,3,,,,,,1,,,,,,,1,"McNulty, Diane S","Bhujbal, Karan",,,,,dmcnulty,diane mcnulty,Business Ethics 
OBHR,4333,001,6,10,3,,1,,,,,,,1,3,,,,,0,"Ritchey, David B",,,,,,davidr,david ritchey,Performance Management 
OBHR,4334,001,7,7,6,5,17,9,2,3,1,,,1,1,,,,,0,"Weekley, Jeff A","Jacob, Geethu",,,,,jaw160330,jeff weekley,Talent Acquisition and Management 
OBHR,4335,501,1,18,26,4,5,1,,2,1,,1,,,,,,,0,"Meda, Edward","Wang, Jiyu",,,,,exm150330,edward meda,Training and Development 
OBHR,4337,001,6,5,5,5,8,5,,3,1,,,,,,,,,1,"Weekley, Jeff A","Jacob, Geethu",,,,,jaw160330,jeff weekley,HR Analytics 
OBHR,4352,001,2,13,6,8,7,3,3,2,1,2,,,1,,,,,0,"Ritchey, Kemberly A",,,,,,kar014400,kemberly ritchey,Negotiation and Dispute Resolution 
OPRE,3310,001,10,6,5,13,8,4,1,2,1,,,,,,,,,1,"Gokcinar, Abdullah H",,,,,,axg169230,abdullah gokcinar,Operations Management 
OPRE,3310,002,,45,13,4,3,,,,1,,,,1,,,,,0,"Janke, Scott M","Le, Hoang Oanh",,,,,smj160830,scott janke,Operations Management 
OPRE,3310,003,,7,,8,23,,4,10,,,6,,1,,,,,1,"Subramoniam, Ramesh","Selukar, Sarang R",,,,,rxs179630,ramesh subramoniam,Operations Management 
OPRE,3310,004,5,10,5,16,8,5,6,4,,,,,3,,,,,3,"Vu, Duc D",,,,,,ddv110020,duc vu,Operations Management 
OPRE,3310,005,5,7,11,10,9,7,5,4,2,,,,1,,,,,2,"Rios Uribe, Ignacio A","Shi, Lingling",,,,,iar200000,ignacio rios uribe,Operations Management 
OPRE,3310,006,8,10,4,6,22,2,3,2,,,,,1,,,,,1,"Qi, Anyan","Qu, Zihao",,,,,axq140430,anyan qi,Operations Management 
OPRE,3310,008,18,31,8,6,2,4,,1,,,,,,,,,,0,"Widdifield, David S","Ghosh, Pramit",,,,,dsw180001,david widdifield,Operations Management 
OPRE,3310,009,,24,,3,28,,3,5,1,,,,,,,,,1,"Hogan, James W",,,,,,jwh085000,james hogan,Operations Management 
OPRE,3310,010,,10,,,10,,3,14,,,9,,4,,,,,2,"Subramoniam, Ramesh","Selukar, Sarang R",,,,,rxs179630,ramesh subramoniam,Operations Management 
OPRE,3310,0W1,,10,,3,23,,,17,,,6,,1,,,,,0,"Deluke, Eugene",,,,,,gxd052000,eugene deluke,Operations Management 
OPRE,3310,501,11,4,6,16,2,5,2,,2,,,,2,,,,,0,"Gokcinar, Abdullah H",,,,,,axg169230,abdullah gokcinar,Operations Management 
OPRE,3310,502,,15,,3,28,,1,9,,,,,,,,,,0,"Hogan, James W",,,,,,jwh085000,james hogan,Operations Management 
OPRE,3320,001,,4,13,3,6,5,4,,,,3,,,,,,,2,"Fatehi, Soraya","Bu, Like",,,,,sxf200005,soraya fatehi,Integrated Supply Chain Management 
OPRE,3330,001,,15,17,11,6,1,3,,1,,1,,,,,,,2,"Janke, Scott M","Le, Hoang Oanh",,,,,smj160830,scott janke,Project Management 
OPRE,3330,002,,21,10,2,4,10,1,,2,,3,,1,,,,,1,"Janke, Scott M","Le, Hoang Oanh",,,,,smj160830,scott janke,Project Management 
OPRE,3333,001,5,23,3,6,5,8,5,5,1,4,1,,5,,,,,1,"Enayaty Ahangar, Negin","Singh, Anshul A",,,,,nxe180001,negin enayaty ahangar,Quantitative Business Analysis 
OPRE,3333,002,9,18,15,4,9,10,2,3,2,1,,,2,,,,,0,"Oguzman, Neslihan",,,,,,nxo170830,neslihan oguzman,Quantitative Business Analysis 
OPRE,3333,003,7,18,6,7,9,2,2,2,1,5,1,2,4,,,,,4,"Enayaty Ahangar, Negin","Singh, Anshul A",,,,,nxe180001,negin enayaty ahangar,Quantitative Business Analysis 
OPRE,3333,004,9,6,8,2,11,11,2,5,4,,2,1,3,,,,,4,"Woldu, Malgorzata",,,,,,mxw180018,malgorzata woldu,Quantitative Business Analysis 
OPRE,3333,501,2,,7,5,4,7,4,3,3,4,3,5,6,,,,,1,"Sajjadi, Reza",,,,,,rxs179730,reza sajjadi,Quantitative Business Analysis 
OPRE,3360,001,9,13,12,4,8,11,8,5,3,1,1,,6,,,,,1,"Oguzman, Neslihan",,,,,,nxo170830,neslihan oguzman,Managerial Methods in Decision Making Under Uncertainty 
OPRE,3360,002,7,18,3,4,6,6,4,5,2,2,,,3,,,,,2,"Enayaty Ahangar, Negin","Singh, Anshul A",,,,,nxe180001,negin enayaty ahangar,Managerial Methods in Decision Making Under Uncertainty 
OPRE,3360,003,9,13,13,5,13,9,8,2,1,,2,,1,,,,,3,"Takasi, Venkanna Dora Goutham",,,,,,vgt170000,venkanna dora goutham takasi,Managerial Methods in Decision Making Under Uncertainty 
OPRE,3360,005,5,7,9,6,7,10,7,5,3,5,5,2,3,,,,,4,"Ramezani, Rasoul","Deshmukh, Saylee Sanjay",,,,,rxr145930,rasoul ramezani,Managerial Methods in Decision Making Under Uncertainty 
OPRE,3360,006,11,20,3,8,9,7,6,6,4,2,1,,5,,,,,1,"Enayaty Ahangar, Negin","Singh, Anshul A",,,,,nxe180001,negin enayaty ahangar,Managerial Methods in Decision Making Under Uncertainty 
OPRE,3360,007,10,6,6,7,13,6,6,9,8,,1,,1,,,,,3,"Naseri Taheri, Mohammad",,,,,,mxn121930,mohammad naseri,Managerial Methods in Decision Making Under Uncertainty 
OPRE,3360,012,13,13,8,5,15,5,,3,4,,1,2,4,,,,,3,"Naseri Taheri, Mohammad",,,,,,mxn121930,mohammad naseri,Managerial Methods in Decision Making Under Uncertainty 
OPRE,3360,0W1,8,7,9,11,8,9,3,3,1,1,,1,2,,,,,0,"Brussolo, Monica E","Deshmukh, Saylee Sanjay",,,,,meb049000,monica brussolo,Managerial Methods in Decision Making Under Uncertainty 
OPRE,3360,501,7,14,8,18,25,2,1,2,2,1,,,,,,,,1,"Qi, Anyan","Qu, Zihao",,,,,axq140430,anyan qi,Managerial Methods in Decision Making Under Uncertainty 
OPRE,4310,001,,2,5,5,8,9,2,1,2,6,2,1,2,,,,,4,"Ramanathan, Kannan","Wei, Jiarui",,,,,kxr087000,kannan ramanathan,Lean and Six Sigma Processes 
OPRE,4320,001,,2,6,6,6,6,4,2,,1,,,,,,,,0,"Subramoniam, Ramesh","Selukar, Sarang R",,,,,rxs179630,ramesh subramoniam,Integrated SCM Information Systems 
OPRE,4330,501,1,9,2,4,4,6,3,,3,,1,,,,,,,3,"Frazelle, Andrew E","Armaghan, Milad",,,,,aef180002,andrew frazelle,Global Logistics and Inventory Management 
OPRE,4340,001,5,4,3,7,3,3,3,2,,,1,,,,,,,2,"Hu, Bin","Chen, Qiuxia",,,,,bxh180009,bin hu,Purchasing  Sourcing  and Contract Management 
OPRE,4350,501,1,9,,5,7,,,3,,,,,,,,,,0,"Mozik, Vince C",,,,,,vcm170130,vince mozik,Spreadsheet Modeling and Analytics 
OPRE,6301,001,,1,6,2,,3,4,2,,,,,4,,,,,0,"Toptal, Aysegul","Baswe, Vaishnav S",,,,,axt083100,aysegul toptal,Statistics and Data Analysis 
OPRE,6301,003,,16,2,6,13,6,7,1,,,,,1,,,,,4,"Ahadi, Khatereh","Malikireddy, Lukeshini",,,,,kxa180010,khatereh ahadi,Statistics and Data Analysis 
OPRE,6301,004,,17,12,7,7,5,6,8,,,,,,,,,,2,"Ahadi, Khatereh","Malikireddy, Lukeshini",,,,,kxa180010,khatereh ahadi,Statistics and Data Analysis 
OPRE,6301,005,,26,6,11,13,3,3,6,,,,,1,,,,,0,"Ahadi, Khatereh","Malikireddy, Lukeshini",,,,,kxa180010,khatereh ahadi,Statistics and Data Analysis 
OPRE,6301,006,,28,5,9,4,7,4,7,,,,,1,,,,,1,"Sethi, Awanti","Sinha, Shalaka",,,,,asethi,awanti sethi,Statistics and Data Analysis 
OPRE,6301,007,,14,8,9,5,6,1,6,,,,,,,,,,0,"Ahadi, Khatereh","Malikireddy, Lukeshini",,,,,kxa180010,khatereh ahadi,Statistics and Data Analysis 
OPRE,6301,0W1,,1,2,7,9,4,6,10,,,,,,,,,,4,"Leach, Sonia E","Huang, Hongyu",,,,,sel120030,sonia leach,Statistics and Data Analysis 
OPRE,6301,0W2,,14,4,8,2,3,3,1,,,,,2,,,,,5,"Sethi, Awanti","Sinha, Shalaka",,,,,asethi,awanti sethi,Statistics and Data Analysis 
OPRE,6301,501,,6,2,1,4,2,1,3,,,,,1,,,,,3,"Ramezani, Rasoul","Deshmukh, Saylee Sanjay",,,,,rxr145930,rasoul ramezani,Statistics and Data Analysis 
OPRE,6301,AW1,,16,1,,2,,,,,,,,,,,,,1,"Kim, Dohyeong",,,,,,dxk132530,dohyeong kim,
OPRE,6301,MBC,,14,,11,6,,6,7,,,,,2,,,,,0,"Wang, Shouqiang","Shahsavand, Parisa",,,,,sxw163830,shouqiang wang,
OPRE,6301,MBP,,14,3,8,3,1,,,,,,,1,,,,,4,"Sethi, Awanti","Sinha, Shalaka",,,,,asethi,awanti sethi,
OPRE,6301,XS1,,3,5,4,4,2,1,,,,,,,,,,,1,"Bush, Rhonda L",,,,,,,rhonda bush,
OPRE,6302,002,,11,11,17,8,1,,,,,,,1,,,,,2,"Wang, Guihua","Farzaneh, Mohammad Amin",,,,,gxw130630,guihua wang,Operations Management 
OPRE,6302,003,,24,27,19,2,1,,,,,,,,,,,,0,"Janakiraman, Ganesh","Bu, Like",,,,,gxj091000,ganesh janakiraman,
OPRE,6302,0W1,,16,5,12,6,8,2,1,,,,,1,,,,,3,"Leach, Sonia E","Huang, Hongyu",,,,,sel120030,sonia leach,Operations Management 
OPRE,6302,501,,29,15,9,9,9,8,1,,,,,,,,,,2,"Honhon, Dorothee B","Bhujbal, Karan",,,,,dbh130130,dorothee honhon,Operations Management 
OPRE,6302,GW1,,5,15,4,4,,,,,,,,,,,,,0,"Hassanzadeh, Nozar",,,,,,nozarh,nozar hassanzadeh,
OPRE,6303,0W1,,16,7,7,6,5,,,,,,,2,,,,,5,"Sethi, Awanti","Sinha, Shalaka",,,,,asethi,awanti sethi,Quantitative Foundations of Business 
OPRE,6332,001,,25,4,8,4,4,4,5,,,,,6,,,,1,0,"Ramanathan, Kannan","Lu, Yixiao",,,,,kxr087000,kannan ramanathan,Spreadsheet Modeling and Analytics 
OPRE,6332,0W1,,17,12,3,4,2,1,4,,,,,2,,,,,3,"Ramanathan, Kannan","Lu, Yixiao",,,,,kxr087000,kannan ramanathan,Spreadsheet Modeling and Analytics 
OPRE,6332,501,,14,8,7,5,3,4,4,,,,,3,,,,,1,"Ramanathan, Kannan","Lu, Yixiao",,,,,kxr087000,kannan ramanathan,Spreadsheet Modeling and Analytics 
OPRE,6341,0W1,,7,9,,,,,,,,,,,,,,,0,"Honhon, Dorothee B","Bhujbal, Karan",,,,,dbh130130,dorothee honhon,Retail Operations 
OPRE,6359,001,,6,1,10,10,5,2,4,,,,,,,,,,0,"Brussolo, Monica E","Pendyala, Meghana","Shi, Lingling",,,,meb049000,monica brussolo,Advanced Statistics for Data Science 
OPRE,6359,003,,10,2,6,4,3,2,2,,,,,1,,,,,0,"Sethi, Awanti","Sinha, Shalaka",,,,,asethi,awanti sethi,Advanced Statistics for Data Science 
OPRE,6359,004,,4,6,7,2,2,1,2,,,,,,,,,,0,"Toptal, Aysegul","Baswe, Vaishnav S",,,,,axt083100,aysegul toptal,Advanced Statistics for Data Science 
OPRE,6359,005,,2,2,4,1,3,8,1,,,,,,,,,,0,"Ramezani, Rasoul","Pendyala, Meghana",,,,,rxr145930,rasoul ramezani,Advanced Statistics for Data Science 
OPRE,6359,006,,3,9,8,4,,3,,,,,,,,,,,0,"Toptal, Aysegul","Baswe, Vaishnav S",,,,,axt083100,aysegul toptal,Advanced Statistics for Data Science 
OPRE,6359,007,,3,4,3,1,6,6,2,,,,,3,,,,,0,"Ramezani, Rasoul","Pendyala, Meghana",,,,,rxr145930,rasoul ramezani,Advanced Statistics for Data Science 
OPRE,6359,0W1,,5,3,5,1,2,3,,,,,,1,,,,,2,"Brussolo, Monica E","Pendyala, Meghana","Shi, Lingling",,,,meb049000,monica brussolo,Advanced Statistics for Data Science 
OPRE,6359,501,,4,2,2,3,5,6,,,,,,,,,,,1,"Ramezani, Rasoul","Pendyala, Meghana",,,,,rxr145930,rasoul ramezani,Advanced Statistics for Data Science 
OPRE,6359,SS1,,3,4,2,2,2,,,,,,,,,,,,0,"Sethi, Awanti","Sinha, Shalaka",,,,,asethi,awanti sethi,
OPRE,6362,0W1,,11,4,4,3,4,,2,,,,,,,,,,1,"Alborz, Shawn",,,,,,sxa063000,shawn alborz,Project Management in Engineering and Operations 
OPRE,6362,0W2,,3,7,2,1,5,,,,,,,,,,,,0,"Alborz, Shawn",,,,,,sxa063000,shawn alborz,Project Management in Engineering and Operations 
OPRE,6362,501,,9,8,4,2,1,,,,,,,,,,,,0,"Janke, Scott M","Le, Hoang Oanh",,,,,smj160830,scott janke,Project Management in Engineering and Operations 
OPRE,6364,0W1,,11,4,16,1,4,1,,,,,,1,,,,,0,"Ramanathan, Kannan","Wei, Jiarui",,,,,kxr087000,kannan ramanathan,Lean Six Sigma 
OPRE,6366,0W1,,27,1,,4,1,3,1,,,,,,,,,,0,"Leach, Sonia E","Huang, Hongyu",,,,,sel120030,sonia leach,Global Supply Chain Management 
OPRE,6366,501,,7,4,2,3,2,3,2,,,,,,,,,,0,"Leach, Sonia E","Huang, Hongyu",,,,,sel120030,sonia leach,Global Supply Chain Management 
OPRE,6369,501,,24,10,6,4,,,,,,,,,,,,,0,"Subramoniam, Ramesh","Selukar, Sarang R",,,,,rxs179630,ramesh subramoniam,Supply Chain Software with SAP 
OPRE,6370,501,,17,3,3,6,,1,,,,,,,,,,,0,"Sabri, Ehap H","Moon, Bilal A",,,,,exs055000,ehap sabri,Global Logistics and Transportation 
OPRE,6371,001,,25,13,23,16,1,,,,,,,,,,,,0,"Hu, Bin","Chen, Qiuxia",,,,,bxh180009,bin hu,Purchasing  Sourcing and Contract Management 
OPRE,6371,002,,20,26,9,4,2,,,,,,,,,,,,2,"Widdifield, David S","Ghosh, Pramit",,,,,dsw180001,david widdifield,Purchasing  Sourcing and Contract Management 
OPRE,6371,0W1,,12,4,4,10,2,,1,,,,,1,,,,,0,"Hu, Bin","Chen, Qiuxia",,,,,bxh180009,bin hu,Purchasing  Sourcing and Contract Management 
OPRE,6378,001,,14,21,6,5,,,,,,,,1,,,,,0,"Widdifield, David S","Ghosh, Pramit",,,,,dsw180001,david widdifield,Supply Chain Strategy 
OPRE,6379,501,,5,8,5,4,4,3,1,,,,,,,,,,0,"Rajamani, Divakar","Wei, Jiarui",,,,,dxr020100,divakar rajamani,Product Lifecycle Management 
OPRE,6382,0W1,,8,2,,1,1,,,,,,,,,,,,0,"Vicario, Joe","Divin, Diane",,,,,jav170030,,Import and Export Trade Compliance 
OPRE,6398,0W1,,5,,,4,,1,1,,,,,,,,,,0,"Alimirzaei, Athena","Sharma, Shishir Kumar",,,,,axa134231,athena alimirzaei,Prescriptive Analytics 
OPRE,7051,001,,,,,,,,,,,,,,16,,,,0,"Sethi, Suresh",,,,,,sethi,,Seminar in Operations Management 
OPRE,7353,001,,4,9,5,4,,,,,,,,,,,,,0,"Dawande, Milind","Manchiraju, Chandrasekhar Seetharama",,,,,milind,milind dawande,Optimization 
PA,2325,0W1,,19,8,4,2,,2,,,1,,,3,,,,,0,"Harrington, James","Ferrero, Federico J",,,,,jxh134630,james harrington,Introduction to Public and Nonprofit Management 
PA,3314,0W1,,33,,,2,,,,,,,,3,,,,,1,"Benavides, Teodoro J",,,,,,tjb051000,teodoro benavides,Financial Management 
PA,3333,001,,9,5,,,2,,,,,,,,,,,,1,"Hoang, Thanh T",,,,,,tth180005,thanh hoang,Human Resources Management  Leading a Diverse Workforce 
PA,3377,501,,3,,2,2,2,1,,,,,,,,,,,1,"Kreuze, Amanda","Chen, Meifang",,,,,axk210112,amanda kreuze,Urban Planning and Policy 
PA,3379,001,9,1,,,2,,,,,,,,1,,,,,0,"Cline, Ravin R",,,,,,rrc170001,ravin cline,Diversity in the Public Sector 
PA,3380,0W1,,27,,,4,,,5,,,,,4,,,,,3,"Rabbi, Md. Fazle",,,,,,mxr163630,md fazle rabbi,Organizations  Theory and Behavior 
PA,3382,001,12,5,,1,,1,,,,,,,,,,,,0,"McCaskill, John R",,,,,,jrm094020,john mccaskill,Sustainable Communities 
PA,4370,0W1,,16,4,2,2,,,1,,,,,1,,,,,0,"Stocks, Dhriti P",,,,,,dpp130130,,Leadership  Democracy  and Ethics 
PA,4386,0W1,14,11,10,6,3,2,,,1,,,,2,,,,,0,"Maxwell, Sarah P",,,,,,spm092000,sarah maxwell,Health and Social Policy 
PA,6311,501,,13,,2,,,,,,,,,,,,,,0,"McCaskill, John R",,,,,,jrm094020,john mccaskill,Public Management 
PA,6313,501,,14,,,11,,,,,,,,,,,,,0,"Benavides, Teodoro J",,,,,,tjb051000,teodoro benavides,Public Policymaking and Institutions 
PA,6320,0W1,,29,,,2,,,3,,,,,,,,,,0,"Sabharwal, Meghna","Oh, Seongdeok",,,,,mxs095000,meghna sabharwal,Organizational Theory 
PA,6321,001,,22,,,,,,,,,,,,,,,,1,"McCaskill, John R",,,,,,jrm094020,john mccaskill,Government Financial Management and Budgeting 
PA,6344,001,,15,,,,,,,,,,,,,,,,0,"Benavides, Teodoro J",,,,,,tjb051000,teodoro benavides,Local Government Management 
PA,6344,002,,12,,,,,,,,,,,,,,,,0,"Benavides, Teodoro J",,,,,,tjb051000,teodoro benavides,Local Government Management 
PA,6382,0W1,,27,2,2,3,1,,,,,,,,,,,,0,"Searing, Elizabeth","Kim, Youngrok","Rafi, Ahmed",,,,exs200001,elizabeth searing,Nonprofit Management 
PA,6399,501,,11,,,,,,,,,,,,,,,,0,"McCaskill, John R",,,,,,jrm094020,john mccaskill,Capstone in Public Affairs 
PA,7320,501,,13,,,,,,,,,,,,,,,,1,"Battaglio, Randy P",,,,,,rpb071000,jr r paul battaglio,Advanced Human Capital Research and Theory 
PA,7375,001,,10,6,3,1,,,,,,,,,,,,,0,"Searing, Elizabeth",,,,,,exs200001,elizabeth searing,Nonprofit Organizations  Theory and Practice 
PHIL,1301,001,1,161,,6,77,,3,15,,1,10,,18,,,,,6,"Amato, Lawrence A","del Bosque, Isai","Williams, Sunshine A","Sampson, Eric","Bensinger, Justin F","Ghahari Kermani, Arash",laa062000,lawrence amato,Introduction to Philosophy 
PHIL,1301,HN1,,12,5,5,1,,,1,,,,,,,,,,0,"Bambach, Charles",,,,,,cbambach,charles bambach,Introduction to Philosophy 
PHIL,1305,001,,75,,5,39,,1,12,,,6,,20,,,,,2,"Amato, Lawrence A","Fields, Kollin E","Turner, Joey A","Brown, Derek W",,,laa062000,lawrence amato,Introduction to Philosophy of Religion 
PHIL,1306,001,9,34,10,5,4,2,3,1,,1,,,3,,,,,1,"Ren, Songyao","Almroani, Nouf Mfdhi H",,,,,sxr210065,songyao ren,Introduction to Ethics 
PHIL,2303,501,12,6,3,5,5,1,2,8,6,,3,3,14,,,,,6,"Escalante, Elizabeth R",,,,,,exe121230,elizabeth escalante,Introduction to Logic 
PHIL,2316,001,,21,,3,10,,1,4,,,,,,,,,,1,"Amato, Lawrence A",,,,,,laa062000,lawrence amato,History of Philosophy I 
PHIL,3321,001,,7,1,4,6,,1,,,,,,,,,,,0,"Bambach, Charles",,,,,,cbambach,charles bambach,Philosophical Traditions I 
PHIL,3328,501,7,3,2,,,,,,,,,,,,,,,0,"Brogden, Jason",,,,,,jkb100020,,History and Philosophy of Science and Medicine 
PHIL,3338,001,1,3,4,5,1,,1,,,,,,,,,,,0,"Brewer, Kenneth L",,,,,,klb092000,kenneth brewer,Literary Theory and Aesthetic Philosophy 
PHIL,4325,001,14,9,,,2,,,,,,,,2,,,,,1,"Amato, Lawrence A",,,,,,laa062000,lawrence amato,Philosophy of Art and Aesthetics 
PHIL,4326,501,5,1,5,2,1,3,,2,,,,,2,,,,,1,"Brown, Matthew",,,,,,mxb091000,matthew brown,Major Figures 
PHIL,6322,001,,6,2,,,1,,1,,,,,,,,,,1,"Bambach, Charles",,,,,,cbambach,charles bambach,Continental Philosophy 
PHYS,1100,001,,,,,,,,,,,,,,,45,,,0,"Velten, Josef A",,,,,,jav072000,josef velten,The Fun of Physics 
PHYS,1301,001,16,16,16,12,12,13,9,7,7,1,2,2,8,,,,,7,"Penev, Kaloyan","Romero, Angel E",,,,,kxp174430,kaloyan penev,College Physics I 
PHYS,1301,501,13,20,27,19,11,12,6,13,3,,1,1,3,,,,,14,"Du, Shengwang","Lai, Xuanying",,,,,sxd200057,shengwang du,College Physics I 
PHYS,1302,001,7,10,3,5,7,3,8,13,6,5,6,4,2,,,,,7,"Lee, Mark","Mahmud, Mohammad M",,,,,mxl101000,mark lee,College Physics II 
PHYS,1302,002,9,33,15,13,18,11,8,12,5,3,4,2,3,,,,,3,"Sun, Kuei","Mahmud, Mohammad M",,,,,kxs147030,kuei sun,College Physics II 
PHYS,2125,101,4,14,1,6,1,1,,1,,,,,,,,,,0,"Sun, Kuei","Khan, Amena","Aker, Adam",,,,kxs147030,kuei sun,Physics Laboratory I 
PHYS,2125,102,3,14,3,2,,,1,1,1,,,1,4,,,,,0,"Sun, Kuei","Khan, Amena","Mitchell, George A",,,,kxs147030,kuei sun,Physics Laboratory I 
PHYS,2125,103,4,18,2,1,2,,,,1,,,,,,,,,2,"Sun, Kuei","Khan, Amena",Tamanjyot,,,,kxs147030,kuei sun,Physics Laboratory I 
PHYS,2125,104,5,16,1,1,,,,,,,,,,,,,,5,"Khan, Amena","Sun, Kuei","Azhiri, Reza B",,,,axk140130,amena khan,Physics Laboratory I 
PHYS,2125,105,2,12,5,3,1,,2,,,,,,1,,,,,2,"Sun, Kuei","Khan, Amena","Feizi, Wirya",,,,kxs147030,kuei sun,Physics Laboratory I 
PHYS,2125,106,1,15,6,2,1,,,,,,,,1,,,,,1,"Khan, Amena","Sun, Kuei","Zhao, Kehui",,,,axk140130,amena khan,Physics Laboratory I 
PHYS,2125,107,2,18,3,1,,2,,,,,,,1,,,,,3,"Sun, Kuei","Khan, Amena","Bhandari, Bishal",,,,kxs147030,kuei sun,Physics Laboratory I 
PHYS,2125,108,5,9,3,2,,,2,1,,1,,,3,,,,,1,"Khan, Amena","Sun, Kuei","Iqbal, Mazhar",,,,axk140130,amena khan,Physics Laboratory I 
PHYS,2125,109,2,12,4,3,1,2,,1,1,,,,3,,,,,1,"Sun, Kuei","Khan, Amena","Iqbal, Mazhar",,,,kxs147030,kuei sun,Physics Laboratory I 
PHYS,2125,110,6,8,3,1,,,,,,,,,1,,,,,1,"Khan, Amena","Sun, Kuei","Sharon Felix, .",,,,axk140130,amena khan,Physics Laboratory I 
PHYS,2125,111,3,13,1,4,4,,,,,,1,,2,,,,,1,"Sun, Kuei","Khan, Amena","Blangy, Corinne L",,,,kxs147030,kuei sun,Physics Laboratory I 
PHYS,2125,112,2,5,4,1,,2,1,1,1,,1,,3,,,,,4,"Sun, Kuei","Khan, Amena","Jafarzadeh, Seyed Javad",,,,kxs147030,kuei sun,Physics Laboratory I 
PHYS,2125,113,3,9,3,2,2,1,,1,,1,1,,2,,,,,4,"Khan, Amena","Sun, Kuei","Jafarzadeh, Seyed Javad",,,,axk140130,amena khan,Physics Laboratory I 
PHYS,2125,115,3,11,4,3,1,,1,,3,,,,1,,,,,2,"Khan, Amena","Sun, Kuei","Mitchell, George A",,,,axk140130,amena khan,Physics Laboratory I 
PHYS,2125,116,4,15,6,,1,2,,,,,,,1,,,,,0,"Sun, Kuei","Khan, Amena","Bhandari, Bishal",,,,kxs147030,kuei sun,Physics Laboratory I 
PHYS,2125,117,3,9,2,2,1,,3,,,,,1,5,,,,,4,"Sun, Kuei","Khan, Amena","Mulhern, James O",,,,kxs147030,kuei sun,Physics Laboratory I 
PHYS,2125,118,4,13,1,4,3,1,,,,,,,,,,,,2,"Sun, Kuei","Khan, Amena","Feizi, Wirya",,,,kxs147030,kuei sun,Physics Laboratory I 
PHYS,2125,119,3,8,5,4,3,1,1,,1,1,,,2,,,,,1,"Sun, Kuei","Khan, Amena","Mulhern, James O",,,,kxs147030,kuei sun,Physics Laboratory I 
PHYS,2125,120,1,13,5,3,,1,1,,,,,,1,,,,,2,"Sun, Kuei","Khan, Amena","Azhiri, Reza B",,,,kxs147030,kuei sun,Physics Laboratory I 
PHYS,2125,121,2,14,1,,1,,2,,,,,,2,,,,,1,"Sun, Kuei","Khan, Amena","Aker, Adam",,,,kxs147030,kuei sun,Physics Laboratory I 
PHYS,2125,122,3,15,7,2,1,,,,,,,,1,,,,,1,"Sun, Kuei","Khan, Amena","Blangy, Corinne L",,,,kxs147030,kuei sun,Physics Laboratory I 
PHYS,2125,123,5,12,1,4,1,1,1,,,,,,2,,,,,2,"Khan, Amena","Sun, Kuei","Zhao, Kehui",,,,axk140130,amena khan,Physics Laboratory I 
PHYS,2125,124,2,12,5,2,2,1,1,1,,,1,1,,,,,,2,"Sun, Kuei","Khan, Amena",Tamanjyot,,,,kxs147030,kuei sun,Physics Laboratory I 
PHYS,2125,126,1,,5,,2,1,,1,,,,1,1,,,,,0,"Khan, Amena","Sun, Kuei",,,,,axk140130,amena khan,Physics Laboratory I 
PHYS,2125,601,3,13,1,2,1,1,,,,,,,1,,,,,2,"Sun, Kuei","Khan, Amena",,,,,kxs147030,kuei sun,Physics Laboratory I 
PHYS,2125,602,1,4,4,2,2,1,1,,2,,,2,5,,,,,0,"Khan, Amena","Sun, Kuei","Kondusamy, Aswin Lakshmi Narayanan",,,,axk140130,amena khan,Physics Laboratory I 
PHYS,2125,605,5,5,4,6,2,,2,1,,1,,,1,,,,,1,"Khan, Amena","Sun, Kuei","Kondusamy, Aswin Lakshmi Narayanan",,,,axk140130,amena khan,Physics Laboratory I 
PHYS,2126,101,5,10,8,3,2,2,,,,,,,,,,,,0,"Saleh, Lamya","Macalevey, Paul J","Dowarah, Sasanka",,,,lxs190019,lamya saleh,Physics Laboratory II 
PHYS,2126,102,17,8,1,3,,,,,,,,1,,,,,,0,"Saleh, Lamya","Macalevey, Paul J","Patra, Rittik",,,,lxs190019,lamya saleh,Physics Laboratory II 
PHYS,2126,103,8,7,5,4,3,2,,,,,,,,,,,,1,"Saleh, Lamya","Macalevey, Paul J","Larsen, Cody",,,,lxs190019,lamya saleh,Physics Laboratory II 
PHYS,2126,104,13,6,7,,2,,,,,,,,1,,,,,0,"Saleh, Lamya","Macalevey, Paul J","Koirala, Pawan",,,,lxs190019,lamya saleh,Physics Laboratory II 
PHYS,2126,105,10,8,2,2,1,,,1,1,,,,2,,,,,3,"Saleh, Lamya","Macalevey, Paul J","Ruwali, Shisir",,,,lxs190019,lamya saleh,Physics Laboratory II 
PHYS,2126,106,14,11,,,1,,,,,,,,2,,,,,1,"Saleh, Lamya","Macalevey, Paul J","Seifi, Melodee O",,,,lxs190019,lamya saleh,Physics Laboratory II 
PHYS,2126,107,12,13,1,,2,,1,,,,,,,,,,,1,"Saleh, Lamya","Macalevey, Paul J","Gibbons, Stasio M",,,,lxs190019,lamya saleh,Physics Laboratory II 
PHYS,2126,108,2,12,6,4,2,,,,,1,,1,1,,,,,1,"Saleh, Lamya","Macalevey, Paul J","Larsen, Cody",,,,lxs190019,lamya saleh,Physics Laboratory II 
PHYS,2126,109,5,7,4,2,4,,1,,2,,,,1,,,,,2,"Saleh, Lamya","Macalevey, Paul J","Anable, Daniel",,,,lxs190019,lamya saleh,Physics Laboratory II 
PHYS,2126,110,13,4,2,1,3,1,1,1,,,1,,,,,,,2,"Saleh, Lamya","Macalevey, Paul J","Adams, Austen C",,,,lxs190019,lamya saleh,Physics Laboratory II 
PHYS,2126,111,22,6,,,,,,,,,,,,,,,,2,"Saleh, Lamya","Macalevey, Paul J","Khan, Junaid Saif",,,,lxs190019,lamya saleh,Physics Laboratory II 
PHYS,2126,112,8,15,5,1,,,,,,,,,,,,,,1,"Saleh, Lamya","Macalevey, Paul J","Shrestha, Samyak",,,,lxs190019,lamya saleh,Physics Laboratory II 
PHYS,2126,113,5,12,9,1,1,,1,,,,,,1,,,,,0,"Saleh, Lamya","Macalevey, Paul J","Holliday, Randall L",,,,lxs190019,lamya saleh,Physics Laboratory II 
PHYS,2126,114,10,8,7,,1,,,,,,,1,1,,,,,1,"Saleh, Lamya","Macalevey, Paul J","Bera, Avijit",,,,lxs190019,lamya saleh,Physics Laboratory II 
PHYS,2126,115,5,13,3,3,,1,1,,,,,,1,,,,,3,"Saleh, Lamya","Macalevey, Paul J","Shrestha, Samyak",,,,lxs190019,lamya saleh,Physics Laboratory II 
PHYS,2126,116,10,5,4,5,2,,1,1,,,,,1,,,,,0,"Saleh, Lamya","Macalevey, Paul J","Anable, Daniel",,,,lxs190019,lamya saleh,Physics Laboratory II 
PHYS,2126,117,2,12,5,1,1,3,3,,,,,1,,,,,,1,"Saleh, Lamya","Macalevey, Paul J","Modumudi, Sai Madhav",,,,lxs190019,lamya saleh,Physics Laboratory II 
PHYS,2126,118,19,6,2,1,1,,,,,,,,,,,,,1,"Saleh, Lamya","Macalevey, Paul J","Seifi, Melodee O",,,,lxs190019,lamya saleh,Physics Laboratory II 
PHYS,2126,119,5,7,3,3,2,1,1,1,2,1,,,2,,,,,2,"Saleh, Lamya","Macalevey, Paul J","Ryan, Conor",,,,lxs190019,lamya saleh,Physics Laboratory II 
PHYS,2126,120,2,10,10,6,1,,,,,,,,,,,,,0,"Macalevey, Paul J","Saleh, Lamya","Dowarah, Sasanka",,,,paulmac,paul macalevey,Physics Laboratory II 
PHYS,2126,121,11,11,3,1,1,,,,1,,,,1,,,,,0,"Saleh, Lamya","Macalevey, Paul J","Ameh, Emmanuel O",,,,lxs190019,lamya saleh,Physics Laboratory II 
PHYS,2126,122,20,8,,1,,,,,,,,,,,,,,1,"Saleh, Lamya","Macalevey, Paul J","Khan, Junaid Saif",,,,lxs190019,lamya saleh,Physics Laboratory II 
PHYS,2126,123,22,3,3,,1,,,,,,,,,,,,,1,"Saleh, Lamya","Macalevey, Paul J","Dongre, Ninad Kailas",,,,lxs190019,lamya saleh,Physics Laboratory II 
PHYS,2126,124,10,6,2,4,1,1,1,,1,,,,4,,,,,0,"Saleh, Lamya","Macalevey, Paul J","Modumudi, Sai Madhav",,,,lxs190019,lamya saleh,Physics Laboratory II 
PHYS,2126,125,11,8,2,2,1,2,,1,2,,,,1,,,,,0,"Saleh, Lamya","Macalevey, Paul J","Chinthak Murali, .",,,,lxs190019,lamya saleh,Physics Laboratory II 
PHYS,2126,126,11,8,3,3,,2,1,,1,,,,1,,,,,0,"Saleh, Lamya","Macalevey, Paul J","Koirala, Pawan",,,,lxs190019,lamya saleh,Physics Laboratory II 
PHYS,2126,127,11,11,1,2,,1,,,,1,,,3,,,,,0,"Saleh, Lamya","Macalevey, Paul J","Adams, Austen C",,,,lxs190019,lamya saleh,Physics Laboratory II 
PHYS,2126,128,3,13,1,2,5,1,2,,,1,,,,,,,,2,"Saleh, Lamya","Macalevey, Paul J","Bera, Avijit",,,,lxs190019,lamya saleh,Physics Laboratory II 
PHYS,2126,130,7,7,3,3,2,1,2,,,,1,1,,,,,,1,"Saleh, Lamya","Macalevey, Paul J","Ryan, Conor",,,,paulmac,paul macalevey,Physics Laboratory II 
PHYS,2126,131,19,4,,2,,,,,,1,,1,1,,,,,0,"Saleh, Lamya","Macalevey, Paul J","Dongre, Ninad Kailas",,,,paulmac,paul macalevey,Physics Laboratory II 
PHYS,2126,132,16,10,1,1,1,1,,,,,,,,,,,,0,"Saleh, Lamya","Macalevey, Paul J","Gibbons, Stasio M",,,,paulmac,paul macalevey,Physics Laboratory II 
PHYS,2126,133,12,10,3,,,1,,,1,,,,3,,,,,0,"Saleh, Lamya","Macalevey, Paul J","Patra, Rittik",,,,paulmac,paul macalevey,Physics Laboratory II 
PHYS,2126,134,9,14,2,3,,,,,,,,,1,,,,,1,"Saleh, Lamya","Macalevey, Paul J","Ameh, Emmanuel O",,,,lxs190019,lamya saleh,Physics Laboratory II 
PHYS,2126,601,2,4,2,1,2,2,1,,,2,,,1,,,,,0,"Saleh, Lamya","Macalevey, Paul J","Holliday, Randall L",,,,paulmac,paul macalevey,Physics Laboratory II 
PHYS,2126,602,1,3,5,4,6,2,1,,,1,,,1,,,,,1,"Saleh, Lamya","Macalevey, Paul J","Singh, Devesh",,,,paulmac,paul macalevey,Physics Laboratory II 
PHYS,2126,603,3,3,1,1,1,,2,,1,,,1,,,,,,1,"Saleh, Lamya","Macalevey, Paul J","Chinthak Murali, .",,,,paulmac,paul macalevey,Physics Laboratory II 
PHYS,2126,604,1,7,2,1,,,2,1,,,,,,,,,,0,"Saleh, Lamya","Macalevey, Paul J","Ruwali, Shisir",,,,paulmac,paul macalevey,Physics Laboratory II 
PHYS,2126,605,1,3,3,,,,1,,,,,1,4,,,,,1,"Saleh, Lamya","Macalevey, Paul J","Gogoi, Antareep",,,,paulmac,paul macalevey,Physics Laboratory II 
PHYS,2126,606,5,2,2,6,2,3,,,1,1,,,,,,,,2,"Saleh, Lamya","Macalevey, Paul J","Singh, Devesh",,,,paulmac,paul macalevey,Physics Laboratory II 
PHYS,2126,607,3,10,5,1,2,2,1,,,3,1,,2,,,,,0,"Saleh, Lamya","Macalevey, Paul J","Gogoi, Antareep",,,,paulmac,paul macalevey,Physics Laboratory II 
PHYS,2303,001,4,5,8,10,2,5,,3,,2,,,1,,,,,1,"Khan, Amena","Zanders, Alan P",,,,,axk140130,amena khan,Contemporary Physics 
PHYS,2325,001,65,48,25,34,22,10,20,15,7,3,7,,13,,,,,18,"Ishak-Boushaki, Mustapha","Agashe, Anish N","Sooriyaarachchi, Vinu K",,,,mxi054000,mustapha ishak boushaki,Mechanics 
PHYS,2325,002,33,28,9,27,27,15,7,12,10,7,10,,19,,,,,14,"Lv, Bing","Dhale, Nikhil Uday","Slinker, Jason D",,,,bxl152230,bing lv,Mechanics 
PHYS,2326,001,9,121,35,29,54,20,,4,,,1,,1,,,,,5,"Lumata, Lloyd","Asaadzade, Asiye",,,,,lxl143230,lloyd lumata,Electromagnetism and Waves 
PHYS,2326,002,,109,,,45,,,69,,,18,,10,,,,,18,"Glosser, Robert","McMullen, Reema",,,,,glosser,robert glosser,Electromagnetism and Waves 
PHYS,2326,003,11,35,19,13,31,6,10,14,3,2,7,,11,,,,,6,"Velten, Josef A","Bowler, Melanie H",,,,,jav072000,josef velten,Electromagnetism and Waves 
PHYS,2326,004,5,10,26,26,18,22,19,13,11,9,9,3,14,,,,,10,"Saleh, Lamya","Du, Mengxin",,,,,lxs190019,lamya saleh,Electromagnetism and Waves 
PHYS,3330,001,5,12,,2,1,,1,,,1,,,1,,,,,1,"King, Lindsay J","Sharon Felix, .",,,,,lxk111430,lindsay king,Numerical Methods in Physics and Computational Techniques 
PHYS,3330,002,,4,3,1,3,,,,4,,,,3,,,,,0,"Da Silveira Rodrigues, Fabiano","Talebi, Shawhin",,,,,fxd121030,fabiano rodrigues,Numerical Methods in Physics and Computational Techniques 
PHYS,3380,001,2,8,1,4,4,2,2,2,4,2,,1,5,,,,,2,"Anderson, Phillip C",,,,,,pca015000,philip anderson,Astronomy 
PHYS,3411,001,2,1,3,3,4,3,1,1,,,,,,,,,,2,"Macalevey, Paul J","Xie, Yunan",,,,,paulmac,paul macalevey,Theoretical Physics 
PHYS,3416,0W1,3,3,2,5,4,3,,10,,,2,,9,,,,,2,"Malko, Anton V","Zhou, Xiaohe",,,,,avm074000,anton malko,Electricity and Magnetism 
PHYS,4301,001,1,9,8,3,1,1,3,4,3,1,2,2,5,,,,,4,"Gartstein, Yuri","Marder, Andrew A",,,,,yxg037000,yuri gartstein,Quantum Mechanics I 
PHYS,4352,001,2,3,5,7,4,,1,,,,,1,1,,,,,0,"Shi, Xiaoyan","Kakani, Vivek M",,,,,xxs151730,xiaoyan shi,Concepts of Modern Physics 
PHYS,4373,101,,9,,,3,,,,,,,,,,,,,0,"Slinker, Jason D",,,,,,jds107020,jason slinker,Physical Measurements Laboratory 
PHYS,4V11,002,1,5,2,3,2,,,,,,,,,,,,,0,"Zhang, Chuanwei","Zanders, Alan P",,,,,cxz124830,chuanwei zhang,Topics in Physics 
PHYS,5301,001,,11,2,7,1,,,,,,,,,,,,,0,"Macalevey, Paul J","Xie, Yunan",,,,,paulmac,paul macalevey,Mathematical Methods of Physics I 
PHYS,5311,001,,6,3,4,6,,,1,,,,,,,,,,0,"Kesden, Michael H","Schussler, Joshua A",,,,,mhk130030,michael kesden,Classical Mechanics 
PHYS,5315,001,,16,,,,,,,,,,,,,,,,0,"Lary, David J",,,,,,djl101000,david lary,Scientific Computing 
PHYS,5322,001,,3,2,2,5,,,,,,,,,,,,,0,"Kolodrubetz, Michael","Hathurusinghe Dewage, Prabuddha Madusanka",,,,,mxk177330,michael kolodrubetz,Electromagnetism II 
PHYS,6300,0H1,,10,,,6,,,1,,,,,,,,,,0,"Izen, Joseph","Schussler, Joshua A",,,,,joe,joseph izen,Quantum Mechanics I 
PPOL,4301,001,1,,3,1,1,1,2,,,,,,,,,,,2,"Miller, Banks","Dzanie, Raphael K",,,,,bxm093000,banks miller,Law  Science  and Policy 
PPOL,4396,002,4,17,2,1,2,,,,,,,,,,,,,0,"Boots, Denise P","Maduforo, Kate E",,,,,dpb062000,denise boots,Topics in Public Policy 
PPPE,6301,001,,8,6,,,,,,,,,,,,,,,0,"Pinson, Lauren",,,,,,lxp210009,,Political-Economic Theories 
PPPE,6310,501,,3,2,7,8,5,,,,,,,,,,,,1,"Fass, Simon",,,,,,fass,simon fass,Research Design I 
PPPE,6352,501,,7,1,,3,,,,,,,,,,,,,0,"Grover, William C",,,,,,wcg071000,william grover,World Political Economy 
PSCI,3303,001,10,15,19,10,9,3,,,,,,2,3,,,,,0,"Gutierrez Mannix, Carlos Daniel","Shin, Hanna",,,,,cxg172030,carlos gutierrez mannix,Civil Liberties 
PSCI,3310,001,17,16,3,,,4,1,,,,,,,,,,,1,"McCaskill, John R",,,,,,jrm094020,john mccaskill,Managing Government Organizations 
PSCI,3325,001,3,11,11,9,13,12,6,12,,,,,7,,,,,3,"Lowry, Robert C","Mueller, Grace B","Lee, Moonsoo",,,,rcl062000,robert lowry,American Public Policy 
PSCI,3351,001,,27,10,6,14,2,3,7,3,,2,,,,,,,1,"Cheruvu, Sivaram","Minoura, Haruna",,,,,sxc210048,sivaram cheruvu,Comparative Courts and Law 
PSCI,3353,001,26,9,10,5,,1,1,1,,,,,2,,,,,5,"Parker, Misty D","Hollis, Camron",,,,,mxp045000,misty parker,Law and Gender 
PSCI,4301,001,5,6,8,4,5,7,4,3,4,,4,,3,,,,,3,"Miller, Banks","Dzanie, Raphael K",,,,,bxm093000,banks miller,Law  Science  and Policy 
PSCI,4306,0W1,1,4,8,12,6,7,2,,3,2,1,,10,,,,,4,"Stewart, Marianne","Elmore, Naela",,,,,mstewart,marianne stewart,Protest and Social Movements 
PSCI,4314,001,,5,6,4,6,4,,1,,,,,2,,,,,0,"Ho, Karl",,,,,,kxh022100,karl ho,Political Economy of East Asia 
PSCI,4320,001,,34,14,4,8,3,,,1,1,1,,3,,,,,0,"Eaton, John M","Widner, Katie",,,,,jme130030,john eaton,Political Psychology 
PSCI,4329,001,,5,17,19,20,12,7,7,1,,1,,5,,,,,2,"Peinhardt, Clint W","Noe, Ricardo",,,,,cwp052000,clint peinhardt,Global Politics 
PSCI,4357,001,13,9,7,5,1,1,,,1,,,,,,,,,1,"Cordell, Rebecca","Larsen, Rebecca",,,,,rxc190010,rebecca cordell,Human Rights 
PSCI,4370,HN1,,45,2,1,,,,,,,,,,,,,,0,"Chin, Michelle L","Harpham, Edward","Shipp, Rebecca","Badu-Nimako, Yvette","Snead, Adrian","Piazza, John",mlc140530,,Policy Making Process 
PSCI,4372,HN1,,48,,,,,,,,,,,,,,,,0,"Daly, John A","Chin, Michelle L",,,,,jad105020,,Advocacy and Politics 
PSCI,4373,HN1,,48,,,,,,,,,,,,,,,,0,"Swerdlow, Joel L","Chin, Michelle L","Conrado, Aaron R","Shafqat, Sahar","Mbyirukira, Shema","Burnett, Gregory",mlc140530,,Politics of National Memory 
PSCI,4396,001,,10,12,12,8,2,7,4,1,,3,,5,,,,,1,"D'Orazio, Vito","Meher, Shreyas R",,,,,vxd152030,vito dorazio,Selected Topics in Government and Politics 
PSCI,4396,HN1,2,15,1,1,,,,,,,,,,,,,,0,"Roetzel, Natalie J",,,,,,njr120030,,Selected Topics in Government and Politics 
PSCI,4V66,501,19,2,,,,,,,,,,,,,,,,1,"Seagroves, Tony A",,,,,,tas064000,tony seagroves,Mock Trial 
PSCI,4V67,HN1,14,,,,,,,,,,,,,,,,,0,"Kirby, Barbara E",,,,,,bek018000,barbara kirby,Moot Court 
PSCI,6303,501,,19,3,3,4,1,,,,,,,,,,,,5,"Sobolev, Anton",,,,,,axs210104,anton sobolev,Cyber Security Policy 
PSCI,6311,001,,10,8,3,,,,,,,,,,,,,,1,"Miller, Banks",,,,,,bxm093000,banks miller,Proseminar in Law and Courts 
PSCI,6315,501,,8,7,4,1,,,,,,,,,,,,,0,"Howe, Nate",,,,,,nxh141030,nate howe,Legal Aspects of Cyber Security and Cyber Security Ethics 
PSCI,6316,001,,7,6,2,3,,,,,,,,,,,,,0,"Peinhardt, Clint W",,,,,,cwp052000,clint peinhardt,International Organizations 
PSCI,6339,001,,5,5,3,,,,,,,,,,,,,,0,"Brunell, Thomas",,,,,,tlb056000,thomas brunell,Election Law and Electoral Systems 
PSY,2301,002,21,35,20,14,14,3,6,2,1,,1,1,4,,,,,8,"Ybarra, Regina K","Monroe, Anthony J",,,,,rky190000,regina ybarra,Introduction to Psychology 
PSY,2301,003,,70,17,13,10,5,2,2,3,,1,,3,,,,,3,"Brody, Salena M","Mizener, Brendon J",,,,,smb051000,salena brody,Introduction to Psychology 
PSY,2301,0W1,,55,27,16,9,8,12,3,7,4,1,2,1,,,,,2,"Brody, Salena M","De La Cerda, Callie B",,,,,smb051000,salena brody,Introduction to Psychology 
PSY,2301,0W2,,44,17,18,12,13,8,4,,4,1,2,7,,,,,0,"Sasson, Noah J","Wong, Galston K",,,,,njs092000,noah sasson,Introduction to Psychology 
PSY,2301,HN1,13,11,1,,,,,,,,,,,,,,,0,"Devdas, Neetha R",,,,,,nrd120030,neetha devdas,Introduction to Psychology 
PSY,2301,HW1,15,7,,1,,,,1,,,,,1,,,,,0,"Gentsch, Joanna K",,,,,,jgentsch,joanna gentsch,Introduction to Psychology 
PSY,2314,001,15,17,19,9,18,8,5,3,2,1,,3,3,,,,,2,"Atchison, Kristin J","Govindaraj, Sharnya",,,,,kja042000,kristin atchison,Lifespan Development 
PSY,2317,002,4,22,7,7,11,5,4,2,,1,1,2,4,,,,,1,"Schwark, Gayle","Liu, Eleanor S","Austin, Kathryn A","Behboudi, Mohammad Hossein",,,gxs180015,gayle schwark,Statistics for Psychology 
PSY,2317,0W1,27,17,10,8,9,2,3,3,1,1,,,5,,,,,1,"Schwark, Gayle","Austin, Kathryn A","Liu, Eleanor S","Behboudi, Mohammad Hossein",,,gxs180015,gayle schwark,Statistics for Psychology 
PSY,2364,001,5,3,7,15,12,8,6,8,5,4,,1,6,,,,,3,"Assmann, Peter","Pattisapu, Candice N",,,,,assmann,peter assmann,Animal Communication 
PSY,3100,0H1,5,6,1,,,,,,,,,,,,,,,0,"Choate, Michael J",,,,,,mchoate,michael choate,Careers in Psychology 
PSY,3310,0W1,,256,1,3,34,,,9,,,,2,5,,,,,2,"Touchstone, Emily W","Camacho, Natalia S",,,,,exw010200,emily touchstone,Child Development 
PSY,3310,501,2,35,20,4,8,11,4,5,2,2,,,5,,,,,3,"Bonner, Deborah L","Padilla Cardoso, Mayra A",,,,,dbonner,deborah bonner,Child Development 
PSY,3322,0W1,2,42,1,1,17,1,,2,,,2,,,,,,,0,"Small, Trillion N",,,,,,txs174730,trillion small,Psychology of Adjustment 
PSY,3331,001,,79,7,5,9,8,2,5,5,,,,6,,,,,2,"Huxtable-Jester, Karen J","Lilly, Hsien",,,,,kxh014900,karen huxtable jester,Social Psychology 
PSY,3331,0W1,19,20,19,11,18,6,8,7,2,2,1,5,3,,,,,7,"Park, Bo Kyung","Hsieh, Uan-Luen",,,,,bxp200011,bo kyung park,Social Psychology 
PSY,3331,0W2,56,51,1,9,4,2,2,,,2,,1,,,,,,2,"Shirvani, Forouz","Millward, Kennedy A",,,,,fxk024000,forouz shirvani,Social Psychology 
PSY,3332,001,,17,9,1,10,4,3,4,,1,2,,6,,,,,3,"Holub, Shayla C","Heinrich, Melissa D",,,,,sch052000,shayla holub,Social and Personality Development 
PSY,3336,001,1,4,3,3,3,,2,,1,2,1,,2,,,,,1,"Atchison, Kristin J",,,,,,kja042000,kristin atchison,Infancy 
PSY,3339,001,,48,10,5,11,1,2,5,1,,,,12,,,,,2,"Huxtable-Jester, Karen J","Sudheesh, Athul",,,,,kxh014900,karen huxtable jester,Educational Psychology 
PSY,3342,0W1,,42,,,4,,,1,,,,,,,,,,0,"Bonner, Deborah L","Hafiz, Mariam",,,,,dbonner,deborah bonner,Exceptional Children 
PSY,3350,001,,11,,,6,1,,,,,,,,,,,,1,"Ulatowska, Hanna K",,,,,,hanna,hanna ulatowska,Psychology of Communication 
PSY,3360,501,5,24,6,13,36,4,10,15,4,,,4,2,,,,,3,"Dowling, Walter J","Gryder, Kieth",,,,,jdowling,walter j dowling,Historical Perspectives on Psychology  Mind and Machines since 1600 
PSY,3361,001,34,32,6,5,18,3,7,8,2,,3,,,,,,,0,"Roark, Dana A","Winter-Nelson, Ezra",,,,,danar,dana roark,Cognitive Psychology 
PSY,3361,0W1,11,9,12,10,3,2,,5,2,2,,1,9,,,,,2,"Seaman, Kendra L","Garza, Christopher R",,,,,kls190004,kendra seaman,Cognitive Psychology 
PSY,3362,001,,15,,1,21,,,5,,,1,,3,,,,,0,"Mills, Candice M","Wu, Dennis",,,,,cxm056000,candice mills,Cognitive Development 
PSY,3392,001,49,15,9,4,4,3,1,1,,,,,2,,,,,0,"Grant, Meridith G","Skolasinska, Paulina A",,,,,mga061000,meridith grant,Research Design and Analysis 
PSY,3392,002,17,30,5,6,2,1,3,1,,,,,2,,,,,3,"Lockhart, Jessica M","Alghamdi, Saad A",,,,,jml161330,jessica lockhart,Research Design and Analysis 
PSY,3392,0W1,53,12,2,2,1,,1,,,,,,,,,,,0,"Grant, Meridith G","Holmes, Melanie C",,,,,mga061000,meridith grant,Research Design and Analysis 
PSY,3393,001,8,11,1,3,,,,,,,,,,,,,,0,"Schwark, Gayle","Sherard, Glenn H",,,,,gxs180015,gayle schwark,Experimental Projects in Psychology 
PSY,3393,002,,3,,2,4,,,3,5,,2,,2,,,,,0,"Dowling, Walter J","Moon, Da Yeoun",,,,,jdowling,walter j dowling,Experimental Projects in Psychology 
PSY,3393,005,16,2,3,,,1,1,1,,,,,,,,,,0,"Schwark, Gayle","Kim, Hyun-Woong",,,,,gxs180015,gayle schwark,Experimental Projects in Psychology 
PSY,3393,006,2,6,4,6,,1,1,,,,,,2,,,,,0,"Ybarra, Regina K","Edwards, Dalton J",,,,,rky190000,regina ybarra,Experimental Projects in Psychology 
PSY,3393,0H1,,1,5,2,3,4,1,,,,,,2,,,,,0,"Drew, Linda M","Lundie, Michael J",,,,,lmd102020,linda drew,Experimental Projects in Psychology 
PSY,3393,0W1,5,5,11,10,,1,,,,,,,,,,,,0,"Shirvani, Forouz","Platt, Kristen N",,,,,fxk024000,forouz shirvani,Experimental Projects in Psychology 
PSY,3393,501,,14,1,,,,,,,,,,3,,,,,3,"Tillman, Gail D","Nguyen, Linh Thi D",,,,,gtillman,gail tillman,Experimental Projects in Psychology 
PSY,4320,001,14,19,2,1,1,1,,1,,,1,,1,,,,,0,"Krawczyk, Daniel C",,,,,,dck061000,daniel krawczyk,Psychology of Reasoning 
PSY,4323,001,2,5,8,3,8,2,3,2,6,3,,1,1,,,,,3,"Park, Jiyoung",,,,,,jxp176330,jiyoung park,Cultural Diversity and Psychology 
PSY,4324,001,,10,8,1,4,2,1,1,1,1,,,,,,,,1,"Brody, Salena M",,,,,,smb051000,salena brody,The Psychology of Prejudice 
PSY,4328,001,3,7,6,9,7,5,7,8,2,2,2,2,7,,,,,3,"Kane, Heidi S","Rakic, Jelena",,,,,hsk140330,heidi kane,Health Psychology 
PSY,4331,001,22,17,6,7,21,5,3,2,4,2,,,2,,,,,4,"Poucher, Jesse W",,,,,,jwp082000,jesse poucher,Personality 
PSY,4343,001,22,27,12,10,7,8,2,1,,2,1,,3,,,,,0,"Ybarra, Regina K","Taylor, Mackenzie B",,,,,rky190000,regina ybarra,Abnormal Psychology 
PSY,4343,0W1,72,76,15,13,11,4,7,4,3,2,2,,9,,,,,2,"Ybarra, Regina K","Jones, Desiree",,,,,rky190000,regina ybarra,Abnormal Psychology 
PSY,4343,0W2,,16,19,10,16,14,10,19,5,4,6,4,3,,,,,4,"Pinkham, Amy E","DeBrabander, Kilee M",,,,,aep140430,amy pinkham,Abnormal Psychology 
PSY,4343,HN1,9,11,5,,,,,,,,,,,,,,,0,"Devdas, Neetha R",,,,,,nrd120030,neetha devdas,Abnormal Psychology 
PSY,4346,0W1,75,40,11,9,2,1,2,1,2,,,,1,,,,,5,"Gentsch, Joanna K","Wilder, Siri",,,,,jgentsch,joanna gentsch,Human Sexuality 
PSY,4352,0H1,6,10,10,4,4,6,,,,1,,2,1,,,,,1,"Drew, Linda M",,,,,,lmd102020,linda drew,Emerging Adulthood Development 
PSY,4359,501,,8,,,5,,,3,,,,,1,,,,,1,"Rypma, Bart P","Abdelkarim, Dema H",,,,,bpr061000,bart rypma,Cognitive Neuroscience 
PSY,4365,501,8,15,6,5,7,1,,2,,,,,2,,,,,1,"Raman, Rachna",,,,,,rxr076000,rachna raman,Psychology of Music 
PSY,4377,001,2,16,3,1,,,,,,,,,,,,,,0,"Stilwell, John Q",,,,,,stilwell,john stilwell,Conflict Resolution 
PSY,4386,001,6,9,5,4,2,,,,,,,,3,,,,,1,"Basak, Chandramallika",,,,,,cxb116130,chandramallika basak,Adult Development and Aging 
PSY,4V90,001,3,8,3,1,3,,,1,,,,,1,,,,,0,"Kent, Jerillyn",,,,,,jxk210033,jerillyn kent,Special Topics in Psychology 
PSY,4V90,0H1,,19,,,1,,,1,,,,,2,,,,,1,"Grant, Meridith G",,,,,,mga061000,meridith grant,Special Topics in Psychology 
PSYC,6312,001,,6,,,2,,2,,,,,,1,,,,,0,"Atchison, Kristin J","Zhang, Ziwei",,,,,kja042000,kristin atchison,Research Methods in Behavioral and Brain Sciences - Part I 
REAL,3305,001,1,1,,,7,,,4,,,2,,3,,,,,0,"Guttery, Randall","Huang, Zhuowei",,,,,rxg112530,randall guttery,Real Estate Principles 
REAL,3305,002,,4,1,,5,1,,5,,,4,1,2,,,,,2,"Guttery, Randall","Huang, Zhuowei",,,,,rxg112530,randall guttery,Real Estate Principles 
REAL,3305,502,,,,,4,1,,1,,,2,,2,,,,,1,"Guttery, Randall","Huang, Zhuowei",,,,,rxg112530,randall guttery,Real Estate Principles 
REAL,4321,501,,1,,2,8,,,3,,1,,,,,,,,0,"Hedgecock, Blake M",,,,,,bxh132030,blake hedgecock,Real Estate Law and Contracts 
REAL,4328,501,,1,,,10,,,2,,,1,,,,,,,1,"Lynch, Julie","Narang, Aayushkumar Anilkumar",,,,,jxl180030,julie lynch,Real Estate Valuation 
REAL,6321,5H1,,4,2,,6,,,1,,,,,,,,,,0,"Guttery, Randall","Huang, Zhuowei",,,,,rxg112530,randall guttery,Introduction to Real Estate 
RELS,1325,001,,5,,,9,,,1,,,1,,,,,,,0,"Amato, Lawrence A","Fields, Kollin E","Turner, Joey A","Brown, Derek W",,,laa062000,lawrence amato,Introduction to Philosophy of Religion 
RELS,2314,001,3,10,,1,5,,,,,,,,,,,,,0,"Anjum, Zafar",,,,,,zxa110730,zafar anjum,Introduction to Islam 
RHET,1302,001,4,11,2,1,,,,,,,,,1,,,,,0,"Hasan, Syeda Nadia",,,,,,sxh190004,syeda hasan,Rhetoric 
RHET,1302,002,3,3,6,1,2,1,1,,1,,,,1,,,,,0,"Aday, Isaac J",,,,,,ija180000,isaac aday,Rhetoric 
RHET,1302,003,1,8,2,4,3,,1,,,,,,,,,,,0,"Aljararwa, Rasha",,,,,,rxa150230,rasha aljararwa,Rhetoric 
RHET,1302,004,4,8,3,,,,,,,,,,3,,,,,1,"Hasan, Syeda Nadia",,,,,,sxh190004,syeda hasan,Rhetoric 
RHET,1302,005,2,5,4,2,,2,,,,,,,2,,,,,1,"Boussouga, Imane",,,,,,ixb090020,,Rhetoric 
RHET,1302,006,,8,4,1,2,1,,,,,,,2,,,,,1,"Aljararwa, Rasha",,,,,,rxa150230,rasha aljararwa,Rhetoric 
RHET,1302,007,,2,,1,1,2,2,3,,2,,,5,,,,,0,"Yu, Katherine",,,,,,kxy210004,katherine yu,Rhetoric 
RHET,1302,008,1,,5,3,3,1,4,,1,,,,,,,,,1,"Cox, Gavin L",,,,,,glc016100,gavin cox,Rhetoric 
RHET,1302,009,7,3,2,2,,,1,,,1,,,2,,,,,1,"Alem, Hosanna G",,,,,,hga140130,hosanna alem,Rhetoric 
RHET,1302,010,2,4,2,2,1,,1,2,2,,,1,2,,,,,0,"Brandow, Carmon",,,,,,cxb190000,carmon brandow,Rhetoric 
RHET,1302,011,,4,2,5,3,3,,,1,,,,1,,,,,0,"Cox, Gavin L",,,,,,glc016100,gavin cox,Rhetoric 
RHET,1302,012,7,6,4,1,,1,,,,,,,,,,,,0,"Alem, Hosanna G",,,,,,hga140130,hosanna alem,Rhetoric 
RHET,1302,013,1,4,5,2,2,1,1,1,,,,,,,,,,1,"Cantrell-Sutor, Jennifer D",,,,,,jdc180002,jennifer cantrell sutor,Rhetoric 
RHET,1302,014,2,4,2,3,2,1,,1,1,,1,,,,,,,2,"Suller, Cristian Carlo L",,,,,,cls180002,cristian suller,Rhetoric 
RHET,1302,015,3,7,1,,1,1,,1,,,,1,1,,,,,3,"Momeniabdolabadi, Bahareh",,,,,,bxm180023,bahareh momeniabdolabadi,Rhetoric 
RHET,1302,016,6,1,2,1,2,1,1,,1,,1,,3,,,,,0,"Schaffer, Shannon J",,,,,,sjs190000,shannon schaffer,Rhetoric 
RHET,1302,017,3,4,2,1,1,1,3,1,1,,,,1,,,,,1,"Suller, Cristian Carlo L",,,,,,cls180002,cristian suller,Rhetoric 
RHET,1302,018,1,6,1,2,,2,1,1,1,,1,,,,,,,2,"Siddiqui, Rifat R",,,,,,rrs210003,rifat siddiqui,Rhetoric 
RHET,1302,019,6,3,4,,,,1,,2,,,,1,,,,,2,"Schaffer, Shannon J",,,,,,sjs190000,shannon schaffer,Rhetoric 
RHET,1302,020,2,7,1,1,5,2,,1,,,,,,,,,,0,"Minzer, Karen",,,,,,kxm156130,karen minzer,Rhetoric 
RHET,1302,021,2,10,2,1,1,1,1,,,,,,,,,,,0,"Alsuhayyan, Ahmed",,,,,,axa175431,,Rhetoric 
RHET,1302,022,10,5,,1,,,,,1,,,1,1,,,,,0,"Currey, Elizabeth J",,,,,,ejc015000,elizabeth currey,Rhetoric 
RHET,1302,023,5,8,1,,2,,,,,,,,1,,,,,0,"Field, Amanda C",,,,,,axl151930,amanda field,Rhetoric 
RHET,1302,024,2,6,4,,3,2,,,1,,,,,,,,,1,"Riley, Kristin N",,,,,,knr091000,kristin riley,Rhetoric 
RHET,1302,025,1,2,2,,2,1,1,,1,,1,,2,,,,,2,"Hamilton, Cristen",,,,,,cch073000,cristen hamilton,Rhetoric 
RHET,1302,026,,1,5,1,4,1,,1,,,,,3,,,,,1,"Bovda, Alisa Y",,,,,,ayb091020,alisa bovda,Rhetoric 
RHET,1302,027,2,5,5,2,2,1,2,,,,,,,,,,,0,"Hamilton, Cristen",,,,,,cch073000,cristen hamilton,Rhetoric 
RHET,1302,028,6,2,4,,3,1,2,,,,,,1,,,,,0,"Riley, Kristin N",,,,,,knr091000,kristin riley,Rhetoric 
RHET,1302,029,9,6,2,1,,,,,,,,,,,,,,0,"Field, Amanda C",,,,,,axl151930,amanda field,Rhetoric 
RHET,1302,030,8,,4,1,,1,,1,,,,,2,,,,,1,"Walker, Jason A",,,,,,jaw140030,jason walker,Rhetoric 
RHET,1302,031,6,3,3,2,2,2,,,,,,,1,,,,,0,"Hill, Justin T",,,,,,jth190008,justin hill,Rhetoric 
RHET,1302,032,8,2,2,1,2,1,,,,,,,,,,,,2,"Walker, Jason A",,,,,,jaw140030,jason walker,Rhetoric 
RHET,1302,033,5,7,2,,1,,3,,,,,,,,,,,0,"Shierry, Addison",,,,,,axs084500,addison shierry,Rhetoric 
RHET,1302,034,1,5,4,5,2,2,,,,,,,,,,,,0,"Bell, Joycelyn M",,,,,,jxb120631,,Rhetoric 
RHET,1302,035,5,2,2,1,,2,,1,,1,,1,2,,,,,1,"Laskey, Patrick J",,,,,,pjl190000,,Rhetoric 
RHET,1302,036,3,8,2,1,2,,,1,,,,,2,,,,,0,"Saeidfar, Ghazal",,,,,,gxs153630,ghazal saeidfar,Rhetoric 
RHET,1302,037,3,11,2,2,,,,,1,,,,,,,,,0,"Bell, Joycelyn M",,,,,,jxb120631,,Rhetoric 
RHET,1302,038,7,1,1,2,,1,1,,,,,1,5,,,,,0,"Laskey, Patrick J",,,,,,pjl190000,,Rhetoric 
RHET,1302,039,2,6,2,2,2,,,1,,,,,3,,,,,0,"Al-Rashid, Entidhar H",,,,,,eha170000,entidhar al rashid,Rhetoric 
RHET,1302,040,,12,3,,1,1,,,,,,,2,,,,,0,"Al-Rashid, Entidhar H",,,,,,eha170000,entidhar al rashid,Rhetoric 
RHET,1302,041,1,7,,2,2,2,,,,,2,1,,,,,,1,"Gray, Janelle",,,,,,jxg210011,janelle gray,Rhetoric 
RHET,1302,042,11,5,,1,,,1,,,,,1,,,,,,0,"Currey, Elizabeth J",,,,,,ejc015000,elizabeth currey,Rhetoric 
RHET,1302,043,7,5,2,1,,1,,,,,,,1,,,,,2,"Morgan, George D",,,,,,gdm190002,george morgan,Rhetoric 
RHET,1302,044,4,2,4,,,1,1,3,,,,,3,,,,,0,"Sonnier, Jonathan D",,,,,,jsonnier,jonathan sonnier,Rhetoric 
RHET,1302,045,4,3,1,4,3,,,1,1,,,,1,,,,,0,"Sonnier, Jonathan D",,,,,,jsonnier,jonathan sonnier,Rhetoric 
RHET,1302,046,2,9,3,4,,1,,,,,,,,,,,,0,"Siddiqui, Farah",,,,,,fxs121830,farah siddiqui,Rhetoric 
RHET,1302,047,2,3,6,2,2,,,1,,,1,,2,,,,,0,"Shierry, Addison",,,,,,axs084500,addison shierry,Rhetoric 
RHET,1302,048,,3,2,4,3,2,1,2,,,,,2,,,,,0,"Alhamoudi, Yousef",,,,,,yxa190000,yousef alhamoudi,Rhetoric 
RHET,1302,049,,9,7,2,1,,,,,,,,,,,,,0,"Zhang, Yan",,,,,,yxz200016,,Rhetoric 
RHET,1302,0H1,6,5,2,3,1,,,1,,,,,,,,,,1,"Montgomery, Christina",,,,,,cxm190022,christina montgomery,Rhetoric 
RHET,1302,0H2,4,6,2,,1,1,,,,2,,,1,,,,,1,"Riley, Kristin N",,,,,,knr091000,kristin riley,Rhetoric 
RHET,1302,0H3,1,5,2,3,2,1,1,1,,,,,2,,,,,1,"Montgomery, Christina",,,,,,cxm190022,christina montgomery,Rhetoric 
RHET,1302,0H4,5,7,2,3,,,,1,,,,,,,,,,0,"Riley, Kristin N",,,,,,knr091000,kristin riley,Rhetoric 
RHET,1302,0H5,,11,5,1,,,,,1,,,,,,,,,1,"Johnson, Kevin W",,,,,,kwj170030,kevin johnson,Rhetoric 
RHET,1302,0H6,6,4,2,1,3,1,1,1,,,,,,,,,,0,"Spencer, Brandy D",,,,,,bds170530,,Rhetoric 
RHET,1302,0H7,,9,6,3,,,,,,,,,1,,,,,0,"Johnson, Kevin W",,,,,,kwj170030,kevin johnson,Rhetoric 
RHET,1302,0H8,1,4,2,2,,1,2,2,,1,,,3,,,,,1,"Spencer, Brandy D",,,,,,bds170530,,Rhetoric 
RHET,1302,501,7,7,,,2,,,,,,,,2,,,,,1,"Ali, Shazia",,,,,,shazia,ali shazia,Rhetoric 
RHET,1302,502,4,5,4,,,1,,1,,,,1,3,,,,,0,"Saeidfar, Ghazal",,,,,,gxs153630,ghazal saeidfar,Rhetoric 
RHET,1302,503,,5,6,3,,1,,1,,,,,2,,,,,1,"Lyons, David L",,,,,,dll101020,david lyons,Rhetoric 
RHET,1302,504,,3,1,2,2,1,,,,,1,,2,,,,,7,"Derdeyn, LeeAnn",,,,,,lxd091000,leeann derdeyn,Rhetoric 
RHET,1302,HN1,6,8,1,1,2,,,,,,,,1,,,,,0,"Riley, Kristin N",,,,,,knr091000,kristin riley,Rhetoric 
RMIS,3370,001,1,2,8,,2,,,1,,,,,,,,,,0,"Haynes, Steven",,,,,,sxh102420,steven haynes,Principles of Risk Management and Insurance 
RMIS,3370,002,,,6,,1,,1,,2,,,,,,,,,1,"Haynes, Steven",,,,,,sxh102420,steven haynes,Principles of Risk Management and Insurance 
RMIS,4331,001,,6,15,8,3,,,,,,,,3,,,,,1,"Haynes, Steven",,,,,,sxh102420,steven haynes,Business Liability Risk Management and Insurance 
RMIS,4333,501,,1,3,3,,1,2,,,,,,,,,,,0,"Haynes, Steven",,,,,,sxh102420,steven haynes,Enterprise Risk Management 
RMIS,4334,001,3,2,,2,,,,1,,,,,3,,,,,1,"Kaplan, Larry S",,,,,,lsk140130,larry kaplan,Insurance Law and Contracts 
SE,2340,004,,,3,,,,1,1,,1,2,,1,,,,,1,"Zhao, Yi",,,,,,zhao,yi zhao,Computer Architecture 
SE,2340,501,1,1,,1,1,2,,3,,,,,1,,,,,0,"Nguyen, Nhut",,,,,,nhutnn,nhut nguyen,Computer Architecture 
SE,3162,091,,3,5,,,1,,,,,,,1,,,,,0,"Chin, Wei-Pang",,,,,,wxc180013,wei pang chin,Professional Responsibility in Computer Science and Software Engineering 
SE,3306,001,2,28,10,15,12,1,1,1,,,,,1,,,,,2,"Farage, Timothy P","Bhardwaj, Ayush",,,,,tfarage,timothy farage,Mathematical Foundations of Software Engineering 
SE,3341,001,4,1,2,1,2,,,,1,,1,,1,,,,,0,"Whalen, Tristan G","Zhao, Kun",,,,,tgw100020,tristan whalen,Probability and Statistics in Computer Science and Software Engineering 
SE,3341,002,,4,,,1,,,1,,,1,,6,,,,,0,"Whalen, Tristan G",,,,,,tgw100020,tristan whalen,Probability and Statistics in Computer Science and Software Engineering 
SE,3341,004,1,,,,2,1,1,3,,1,,,2,,,,,0,"Whalen, Tristan G",,,,,,tgw100020,tristan whalen,Probability and Statistics in Computer Science and Software Engineering 
SE,3341,005,,1,1,1,2,,,,1,,1,2,1,,,,,1,"Guo, Huizhen","Rahman, Nusma",,,,,hxg190020,huizhen guo,Probability and Statistics in Computer Science and Software Engineering 
SE,3345,004,4,,,,3,,,,,,,,,,,,,3,"Hamdy, Omar",,,,,,oxh210004,omar hamdy,Data Structures and Introduction to Algorithmic Analysis 
SE,3345,006,2,1,1,1,1,1,,2,,,,,2,,,,,0,"Hamdy, Omar",,,,,,oxh210004,omar hamdy,Data Structures and Introduction to Algorithmic Analysis 
SE,3354,502,,2,3,3,2,,,,,,,,,,,,,0,"Srinivasan, Srimathi",,,,,,sxs180206,srimathi srinivasan,Software Engineering 
SE,3377,0W1,1,1,1,2,1,1,,1,,,1,,3,,,,,0,"Alagar, Sridhar",,,,,,sxa173731,sridhar alagar,Systems Programming in UNIX and Other Environments 
SE,3377,0W2,2,,4,1,1,,,,1,,,,2,,,,,2,"Veerasamy, Jeyakesavan",,,,,,veerasam,jeyakesavan veerasamy,Systems Programming in UNIX and Other Environments 
SE,3377,0W6,1,2,1,1,,1,,1,,,1,,1,,,,,2,"Nguyen, Nhut",,,,,,nhutnn,nhut nguyen,Systems Programming in UNIX and Other Environments 
SE,4347,003,1,,,4,,3,1,3,1,,2,,,,,,,0,"Omer, Jalal S","Song, Zihe","Li, Shengjie",,,,jso016000,jalal omer,Database Systems 
SE,4347,504,2,2,2,2,1,1,,1,,,,,,,,,,0,"Christiansen, Michael G","Lu, Yangxiao",,,,,mgc013000,michael christiansen,Database Systems 
SE,4348,502,,,1,7,1,6,,,,,1,,,,,,,0,"Salazar, Elmer E","Abdeljaber, Luay",,,,,ees101020,elmer salazar,Operating Systems Concepts 
SE,4351,001,1,3,4,4,3,3,3,1,6,,,,,,,,,1,"Chung, Lawrence","Kolluri, Kirthy",,,,,chung,lawrence chung,Requirements Engineering 
SE,4351,002,9,23,11,2,8,1,,2,,,1,1,1,,,,,1,"Smith, Klyne","Kolluri, Kirthy","Tran, Trung Hieu",,,,kxs180052,klyne smith,Requirements Engineering 
SE,4352,001,3,22,8,10,20,3,2,1,1,,3,,,,,,,0,"Kumar, Pushpa S","Tran, Trung Hieu",,,,,pkumar,pushpa kumar,Software Architecture and Design 
SE,4367,001,3,5,7,5,7,7,4,,5,,,3,6,,,,,4,"Nouroz Borazjany, Mehra","Li, Dongcheng",,,,,mxn143230,mehra borazjany,Software Testing  Verification  Validation and Quality Assurance 
SE,4367,501,,4,10,3,5,6,3,2,,4,1,,,,,,,0,"Paulk, Mark C","Li, Dongcheng","Chen, Lingchao",,,,mcp130030,mark paulk,Software Testing  Verification  Validation and Quality Assurance 
SE,4381,001,7,21,13,14,6,8,,1,,1,1,,3,,,,,1,"Paulk, Mark C","Chen, Lingchao",,,,,mcp130030,mark paulk,Software Project Planning and Management 
SE,4485,001,,49,,,,,,,,,,,,,,,,0,"Wong, Weichen E","Hu, Linghuan","Li, Dongcheng",,,,wew021000,weichen wong,Software Engineering Project 
SE,6329,001,,9,2,7,1,,4,12,,,,,2,,,,,0,"Zalila-Wenkstern, Rym","Bansal, Rishita",,,,,rmili,rym zalila wenkstern,Object-Oriented Software Engineering 
SE,6329,M01,,7,1,,1,,,,,,,,,,,,,2,"Nguyen, Tien N",,,,,,tnn160630,tien nguyen,
SE,6361,M01,,,3,3,3,,,,,,,,,,,,,1,"Nouroz Borazjany, Mehra",,,,,,mxn143230,mehra nouroz borazjany,
SE,6362,001,,5,17,7,1,,,,,,,,,,,,,0,"Chung, Lawrence","Kolluri, Kirthy",,,,,chung,lawrence chung,Advanced Software Architecture and Design 
SE,6367,M01,,19,,,,,,,,,,,,,,,,1,"Wong, Weichen E","Hu, Linghuan","Li, Dongcheng",,,,wew021000,weichen wong,
SOC,1301,001,2,22,8,5,4,2,,1,,,,,,,,,,1,"Gambol Gavigan, Brenda","Hoiby, Rachel",,,,,bxg210008,brenda gambol,Introduction to Sociology 
SOC,1301,0W1,17,32,,3,7,,2,1,,,1,,1,,,,,0,"Davis, Garrett R",,,,,,grd031000,garrett davis,Introduction to Sociology 
SOC,1301,HN1,11,11,2,1,,,,,,,,,,,,,,0,"Skaggs, Sheryl L",,,,,,slskaggs,sheryl skaggs,Introduction to Sociology 
SOC,2300,001,,5,5,6,3,5,,,,,,,4,,,,,0,"Smith, Erin",,,,,,erins,erin smith,Introduction to Gender Studies 
SOC,3305,001,1,,5,1,1,1,,,2,,,,1,,,,,0,"Skaggs, Sheryl L","Hoiby, Rachel",,,,,slskaggs,sheryl skaggs,Applied Data Analysis 
SOC,3342,0W1,43,6,,1,3,,,,,1,,,2,,,,,1,"Asfaw, Sirak T",,,,,,sxa154930,,The Life Cycle 
SOC,3343,001,5,11,10,3,8,2,1,2,1,,,2,,,,,,2,"Lanham, Carol C","Hoiby, Rachel",,,,,ccl054000,carol lanham,Sociology of the Family 
SOC,3344,001,1,12,,10,3,,1,,,,2,,1,,,,,0,"Davis, Garrett R",,,,,,grd031000,garrett davis,Film and Society 
SOC,3379,001,6,6,1,,,,,1,,,,,,,,,,0,"Cline, Ravin R",,,,,,rrc170001,ravin cline,Diversity in the Public Sector 
SOC,3382,001,16,2,,1,,,,,,,,,,,,,,0,"McCaskill, John R",,,,,,jrm094020,john mccaskill,Sustainable Communities 
SOC,4302,001,11,14,6,1,,2,2,2,,,1,,2,,,,,0,"Scotch, Richard",,,,,,scotch,richard scotch,Class  Status  and Power 
SOC,4369,001,38,14,7,3,3,1,1,1,,,,,1,,,,,0,"Dickey-Laprocido, Galen L",,,,,,gld190001,galen dickey laprocido,Public Health and Society 
SOC,4371,001,58,12,1,,,1,1,,,,,,,,,,,1,"Dickey-Laprocido, Galen L",,,,,,gld190001,galen dickey laprocido,Mental Health and Illness 
SOC,4372,0W1,48,8,1,,2,,1,1,,,,,1,,,,,1,"Dickey-Laprocido, Galen L",,,,,,gld190001,galen dickey laprocido,Health and Illness 
SOC,4385,001,44,15,5,1,2,1,,,3,,1,,,,,,,1,"Dickey-Laprocido, Galen L",,,,,,gld190001,galen dickey laprocido,Global Health and Society 
SOC,4385,HN1,2,16,3,2,,,,,,,,,,,,,,2,"Kim, Dohyeong","Akarte, Prajakti V",,,,,dxk132530,dohyeong kim,Global Health and Society 
SOC,4386,0W1,30,10,11,7,2,6,2,2,2,,,1,,,,,,0,"Maxwell, Sarah P",,,,,,spm092000,sarah maxwell,Health and Social Policy 
SOC,4396,002,2,6,,2,3,2,,,,,,,,,,,,0,"Boots, Denise P","Maduforo, Kate E",,,,,dpb062000,denise boots,Selected Topics in Sociology 
SOC,6350,001,,8,,1,1,,,1,,,,,,,,,,1,"Skaggs, Sheryl L",,,,,,slskaggs,sheryl skaggs,Social Stratification 
SPAN,1311,001,3,7,4,1,1,2,1,,,,,,2,,,,,0,"Mastromartino, Alexandra",,,,,,axm210179,alexandra mastromartino,Beginning Spanish I 
SPAN,1312,001,1,2,3,3,1,,1,,1,,,,,,,,,3,"Mastromartino, Alexandra",,,,,,axm210179,alexandra mastromartino,Beginning Spanish II 
SPAN,2311,002,1,2,3,,2,1,,,,,,,,,,,,1,"Mastromartino, Alexandra",,,,,,axm210179,alexandra mastromartino,Intermediate Spanish I 
SPAN,2312,001,3,6,2,,,2,,,,,,,,,,,,1,"Malouf, Maria",,,,,,mxm180084,,Intermediate Spanish II 
SPAN,2312,002,1,5,2,1,,,1,,,,,,,,,,,0,"Malouf, Maria",,,,,,mxm180084,,Intermediate Spanish II 
SPAN,3330,002,16,6,5,2,,,,,,,,,,,,,,1,"Camacho-Guardado, Lorena",,,,,,lxc163230,amalia lorena camacho guardardo,Medical Spanish 
SPAN,3365,001,5,4,4,1,,1,,,,,,1,,,,,,2,"Camacho-Guardado, Lorena",,,,,,lxc163230,amalia lorena camacho guardardo,Advanced Spanish I 
SPAN,3365,002,2,6,5,1,,1,,,,,,,,,,,,1,"Camacho-Guardado, Lorena",,,,,,lxc163230,amalia lorena camacho guardardo,Advanced Spanish I 
SPAN,3366,001,2,2,5,1,1,,1,,,,,,,,,,,1,"Camacho-Guardado, Lorena",,,,,,lxc163230,amalia lorena camacho guardardo,Advanced Spanish II 
SPAU,3301,001,21,28,31,13,10,5,5,5,1,2,,1,6,,,,,0,"Walsh, Diane G","Glotfelty, Annette R",,,,,dxg022000,diane walsh,Communication Disorders 
SPAU,3303,001,4,21,1,9,25,1,3,7,,1,2,1,6,,,,,0,"Maguire, Mandy","Thomas, Abbey L",,,,,mjm053000,mandy maguire,Normal Language Development 
SPAU,3341,001,4,5,9,9,6,3,,3,3,1,,,2,,,,,0,"Warner-Czyz, Andrea D","Jansen, Conner L",,,,,adw052000,andrea warner czyz,Audiology 
SPAU,3341,002,5,5,2,1,2,2,3,,,,,,,,,,,2,"Escabi, Celia D",,,,,,cde170030,,Audiology 
SPAU,3342,0W1,,19,,,,,,,,,,,,,,,,0,"Bonner, Deborah L","Hafiz, Mariam",,,,,dbonner,deborah bonner,Exceptional Children 
SPAU,3343,001,12,26,12,6,7,6,1,7,1,,1,1,13,,,,,5,"Katz, William",,,,,,wkatz,william katz,Phonetics and Phonology 
SPAU,3344,001,1,11,15,6,9,7,3,1,2,,,2,,,,,,0,"Powers, Katharine A","Lucas, Katelyn A",,,,,kap130730,katharine powers,Anatomy and Physiology of Speech and Hearing 
SPAU,4308,0W1,,42,,,7,,,,,,,,,,,,,0,"Rojas-Villarreal, Raul","Moustafa, Rana",,,,,rxr105520,raul rojas villarreal,Language Disorders in Children 
SPAU,4386,001,5,6,2,3,,1,,1,,,,,1,,,,,0,"Basak, Chandramallika",,,,,,cxb116130,chandramallika basak,Adult Development and Aging 
SPAU,4394,001,,49,,,17,,,3,,,,,2,,,,,0,"Pourchot Neale, Hannah D",,,,,,hxp121030,hannah pourchot neale,Multicultural Aspects of Communication Disorders 
SPAU,4395,501,2,8,7,6,3,3,,,2,,,1,2,,,,,2,"Thibodeau, Linda K","Howell, Kitrie E",,,,,thib,linda thibodeau,Issues in the Management of Persons with Hearing Impairment 
STAT,1342,001,7,9,3,2,1,2,3,3,2,,,,,,,,,7,"Koshevnik, Yuly","Fuksman, Lirit",,,,,yxk055000,yuly koshevnik,Statistical Decision Making 
STAT,2332,001,23,11,6,8,7,5,5,3,6,1,1,1,3,,,,,2,"Estacio-Hiroms, Kemelli","Wickramasinghe, Wickramasinghe M",,,,,kxe160930,kemelli estacio hiroms,Introductory Statistics for Life Sciences 
STAT,2332,002,10,9,3,5,6,5,2,3,5,2,2,,3,,,,,0,"Chiou, Sy Han","Shuvo, Farabi R",,,,,sxc172931,sy han steven chiou,Introductory Statistics for Life Sciences 
STAT,2332,003,8,4,1,2,,,2,1,,,,,,,,,,3,"Wu, Yunan","Thomas, Yaga S",,,,,yxw200032,yunan wu,Introductory Statistics for Life Sciences 
STAT,2332,004,4,5,4,5,6,2,3,3,3,,1,,,,,,,1,"Shin, Sunyoung","Kim, Jimi",,,,,sxs177233,sunyoung shin,Introductory Statistics for Life Sciences 
STAT,2332,006,21,13,8,7,9,3,2,2,2,4,2,,1,,,,,5,"Estacio-Hiroms, Kemelli","Shuvo, Farabi R",,,,,kxe160930,kemelli estacio hiroms,Introductory Statistics for Life Sciences 
STAT,3355,001,19,11,5,9,5,,3,10,,,,,2,,,,,0,"Li, Qiwei","Lutz, Kevin C",,,,,qxl190009,qiwei li,Data Analysis for Statisticians and Actuaries 
STAT,3360,001,15,10,2,7,5,2,2,3,3,,2,,2,,,,,0,"Koshevnik, Yuly","Oh, Sungjin",,,,,yxk055000,yuly koshevnik,Probability and Statistics for Management and Economics 
STAT,4351,001,5,20,14,6,7,4,1,1,1,1,,,,,,,,0,"Hong, Liang",,,,,,lxh019000,liang hong,Probability 
STAT,4351,501,1,,1,1,1,1,4,2,1,,1,,,,,,,0,"Efromovich, Sam","Uddin, Mohammad Afser",,,,,sxe062000,sam efromovich,Probability 
STAT,4351,502,7,8,5,5,6,8,3,7,2,3,,1,2,,,,,1,"Tang, Chuan-Fa","Wasala Mudiyanselage, Indrajith K",,,,,cxt190011,chuan fa tang,Probability 
STAT,4355,001,3,4,3,5,2,1,1,1,,1,,1,2,,,,,0,"Shin, Sunyoung","Li, Huimin",,,,,sxs177233,sunyoung shin,Applied Linear Models 
STAT,4360,001,1,3,3,7,3,5,9,4,6,1,,,2,,,,,4,"Choudhary, Pankaj K","Wickramasinghe, Wickramasinghe M",,,,,pkc022000,pankaj choudhary,Introduction to Statistical Learning 
STAT,4382,001,2,4,,3,1,4,1,,,,1,,,,,,,0,"Koshevnik, Yuly","Garg, Bhanu","Abugri, Clement",,,,yxk055000,yuly koshevnik,Stochastic Processes 
STAT,4475,001,7,2,1,,2,1,,,,,,,,,,,,0,"Estacio-Hiroms, Kemelli",,,,,,kxe160930,kemelli estacio hiroms,Capstone Project 
STAT,5351,001,,7,3,2,4,7,,1,,,,,4,,,,,2,"Chen, Min","Zhao, Kun","Jahan, Mahmuda",,,,mxc136030,min chen,Probability and Statistics I 
STAT,6331,001,,4,4,,2,1,,1,,,,,1,,,,,2,"Choudhary, Pankaj K",,,,,,pkc022000,pankaj choudhary,Statistical Inference I 
STAT,6337,001,,4,2,4,2,2,3,3,,,,,2,,,,,6,"Biswas, Swati","Bedi, Tejasv",,,,,sxb125731,swati biswas,Advanced Statistical Methods I 
STAT,6341,001,,15,3,2,1,1,,1,,,,,,,,,,0,"Chiou, Sy Han","Shuvo, Farabi R","Sajal, Ibrahim Hossain",,,,sxc172931,sy han steven chiou,Numerical Linear Algebra and Statistical Computing 
STAT,6348,001,,11,2,3,1,1,3,1,,,,,1,,,,,1,"Biswas, Swati","Rajapaksha, Rajapaksha Mudalige D",,,,,sxb125731,swati biswas,Applied Multivariate Analysis 
STAT,6390,501,,16,,,,,,,,,,,,,,,,0,"Tang, Chuan-Fa",,,,,,cxt190011,chuan fa tang,Topics in Statistics - Level 6 
SYSM,6301,001,,20,1,1,,,,,,,,,,,,,,0,"Reynolds, Samuel E","Rupawat, Yash M",,,,,ser180002,,Systems Engineering  Architecture and Design 
SYSM,6304,501,,13,,2,,,,,,,,,,,,,,0,"Koganti, Ramakrishna",,,,,,rxk190037,,Risk and Decision Analysis 
SYSM,6305,SS1,,10,1,3,,,,,,,,,,,,,,0,"Kapoor, Bhanu",,,,,,bxk101000,bhanu kapoor,
SYSM,6310,SS1,,10,,,,,,,,,,,,,,,,0,"Wong, Weichen E","Hu, Linghuan","Li, Dongcheng",,,,wew021000,weichen wong,
SYSM,6311,SS1,,9,5,3,1,,,,,,,,,,,,,1,"Szot, James",,,,,,,james szot,
SYSM,6313,SS1,,9,6,,,,,,,,,,,,,,,0,"Haseman, Charles",,,,,,cxh180018,charles haseman,
SYSM,6332,0W1,,8,3,,,,,,,,,,1,,,,,0,"Bochsler, Daniel C",,,,,,dcb091000,daniel bochsler,Technology and New Product Development 
SYSM,6335,SS1,,14,1,,,,,,,,,,,,,,,0,"Narayan, Ravishankar L",,,,,,rln130030,ravishankar narayan,
THEA,1310,001,5,27,3,7,3,,3,,,,,,,,,,,1,"Ketchum, Mary A",,,,,,mak180021,mary ketchum,Understanding Theatre 
THEA,1310,002,36,6,2,,,2,,,,,,,3,,,,,0,"Ferguson, Wesley A",,,,,,waf061000,wesley ferguson,Understanding Theatre 
THEA,1310,003,32,8,3,,4,1,,,,,1,,,,,,,0,"Sanders, Christine",,,,,,cxs180032,christine sanders,Understanding Theatre 
THEA,1310,501,,47,,,,,,,,,,,,,,,,0,"Baig, Maryam O",,,,,,baig,maryam baig,Understanding Theatre 
THEA,1310,502,22,12,2,1,1,5,,,,,,,5,,,,,0,"Ferguson, Wesley A",,,,,,waf061000,wesley ferguson,Understanding Theatre 
THEA,1351,001,14,3,1,3,,,,,1,,,,1,,,,,1,"Sanders, Christine",,,,,,cxs180032,christine sanders,Acting 1 
THEA,2372,001,,18,,,,,,,,,,,1,,,,,2,"Lingo, Kathy A",,,,,,klingo,kathy lingo,Improvisation 
THEA,2372,002,,12,1,,,,,,,,,,,,,,,0,"Lingo, Kathy A",,,,,,klingo,kathy lingo,Improvisation 
THEA,3342,501,4,4,,3,1,,,,,,,,,,,,,0,"Curchack, Fred",,,,,,curchack,fred curchack,Advanced Topics in Theatre 
THEA,3372,501,,9,,,,,,,,,,,2,,,,,0,"Lingo, Kathy A",,,,,,klingo,kathy lingo,Advanced Improvisation 
UNIV,2V96,001,,,,,,,,,,,,,,,19,,,0,"Jackson, D'ric A",,,,,,dxj101120,dric jackson,Special Topics I 
UNIV,2V96,002,,,,,,,,,,,,,,,24,,,0,"Young, Chadwin D",,,,,,cdy120030,chadwin young,Special Topics I 
VPAS,3340,001,1,5,,,3,1,,1,,,,,2,,,,,2,"King, Carie S",,,,,,cxl085200,carie king,Writing in the Arts 
VPAS,3340,501,,12,,1,3,,,1,,,,,,,,,,1,"Kim, Laura H",,,,,,lxh210006,laura hyunjee kim,Writing in the Arts 
VPAS,4310,0W1,,7,3,4,4,2,1,,1,,,,1,,,,,0,"Schlobohm, Maribeth L",,,,,,mls077000,maribeth (betsy) schlobohm,Entertainment Law 
VPAS,4389,001,3,11,1,,,,,,,,,,,,,,,0,"Parsoneault, Catherine",,,,,,cxp160030,catherine parsoneault,Theory and Practice of the Visual and Performing Arts 
VPAS,6300,001,,10,3,4,1,,,,,,,,1,,,,,1,"Riccio, Thomas P",,,,,,txr033000,thomas riccio,Proseminar in Visual and Performing Arts 
VPAS,6310,001,,7,2,,,1,,,,,,,,,,,,0,"McLean, Adrienne L",,,,,,amclean,adrienne mclean,Introduction to Film Studies 
VPAS,6312,501,,4,1,,1,1,,,,,,,1,,,,,2,"Rodriguez, Robert X",,,,,,rxr014610,robert rodriguez,Art and Society 
VPAS,6339,501,,19,,,,,,,,,,,,,,,,0,"Pomara, John",,,,,,pomara,john pomara,Painting Digital Imaging Video 
VPAS,6373,001,,9,4,1,,,,,,,,,,,,,,0,"Warren, Shilyh J",,,,,,sjw120030,shilyh warren,Studies in Film  Television  and Digital Media 
VPAS,6394,501,,7,2,1,1,,,,,,,,,,,,,0,"Curchack, Fred",,,,,,curchack,fred curchack,Creativity  Performance 
VPAS,7380,001,,3,6,1,,,,,,,,,,,,,,1,"Terranova, Charissa",,,,,,cxt074100,charissa terranova,Advanced Topics in Aesthetic Studies 
