Instructor 1,Instructor 2,Instructor 3,Instructor 4,Instructor 5,Instructor 6,Subject,Catalog Nbr,Section,A+,A,A-,B+,B,B-,C+,C,C-,D+,D,D-,F,NF,CR,I,NC,P,W,instructor_id,instructor_name_normalized,title
"Curchack, Fred",,,,,,AP,3300,501,6,4,2,2,1,3,1,1,,,,,1,,,,,,0,curchack,fred curchack,Elements of Art and Performance 
"Anjum, Zafar",,,,,,ARAB,1311,001,,26,,,1,,,,,,,,,,,,,,2,zxa110730,zafar anjum,Beginning Arabic I 
"Stone, Winston","Ward, Lindsey K","Guyot, Natacha",,,,ARTS,1301,001,19,40,7,8,3,4,3,3,5,1,2,,3,,,,,,1,wxs034000,winston stone,Exploration of the Arts 
"Stone, Winston","Johnson, Ryan L","Tran, Loan T",,,,ARTS,1301,002,12,35,15,9,8,3,5,5,2,,1,,3,,,,,,1,wxs034000,winston stone,Exploration of the Arts 
"Miller, Cynthia M",,,,,,ARTS,2350,001,1,3,10,,2,,,1,,,,,2,,,,,,0,cmm016900,cynthia miller,Photography  Design Basics 
"Copeland, Colette",,,,,,ARTS,2350,002,,5,6,1,1,3,1,,,,,,,,,,,,1,cxc132230,colette copeland,Photography  Design Basics 
"Miranda, Jeffrey",,,,,,ARTS,3367,501,9,7,3,,,,,,,,,,,,,,,,0,jxm069000,jeffrey miranda,Figure Drawing 
"Chen, Bei",,,,,,CHIN,1311,001,7,3,2,1,,,1,,1,1,,,,,,,,,1,bxc152730,bei chen,Beginning Chinese I 
"Wang, Chen",,,,,,CHIN,1311,002,2,7,4,3,3,,1,1,1,,,,,,,,,,1,cxw133830,,Beginning Chinese I 
"Kimzey, Blake G",,,,,,CRWT,2301,001,,4,10,1,2,,,,,,,,,,,,,,0,bgk140130,blake kimzey,Introductory Creative Writing 
"DiNuzzo, Brian",,,,,,CRWT,2301,002,,1,4,6,,1,3,1,,,,,2,,,,,,0,bxd141330,brian dinuzzo,Introductory Creative Writing 
"Kimzey, Blake G",,,,,,CRWT,2301,501,,8,6,2,,1,,,,,,,,,,,,,0,bgk140130,blake kimzey,Introductory Creative Writing 
"Johnson, Melissa A",,,,,,DANC,1310,001,9,28,5,1,3,1,,,,,,,,,,,,,2,maj140430,melissa johnson,Understanding Dance 
"Johnson, Melissa A",,,,,,DANC,2332,001,10,5,3,,2,,,,1,,,,,,,,,,0,maj140430,melissa johnson,Modern Dance 1 
"Saba, Monica",,,,,,DANC,2334,001,4,5,,1,,1,,,,,,,1,,,,,,1,msaba,monica saba,Ballet 1 
"Petty, John E",,,,,,FILM,2332,501,2,4,17,9,10,9,6,,,,,1,3,,,,,,2,jep140330,john petty,Understanding Film 
"Fettouh, Maha K",,,,,,FREN,1311,001,,15,,,3,,,,,,,,1,,,,,,0,mkf101020,maha fettouh,Beginning French I 
"Fettouh, Maha K",,,,,,FREN,2311,001,,17,,,,,,,,,,,,,,,,,1,mkf101020,maha fettouh,Intermediate French I 
"Webb, Elena G",,,,,,GERM,1311,001,7,5,,,2,1,,,,,,,1,,,,,,1,exw034000,elena webb,Beginning German I 
"Bennett, Gina G","D'Monte, Nikita",,,,,HIST,1301,001,,8,,,14,,,5,,,3,,12,,,,,,2,ggb170030,,U S  History Survey to Civil War 
"Schulze, Jeffrey","Hirshberg, Jeffrey",,,,,HIST,1301,002,3,4,6,3,12,11,3,14,8,2,5,2,10,,,,,,3,jxs072200,jeffrey schulze,U S  History Survey to Civil War 
"Johnson, Yvonne","Ahmed, Areeba S",,,,,HIST,1301,003,,16,,,28,,,21,,,13,,9,,,,,,3,yxj172130,yvonne johnson,U S  History Survey to Civil War 
"Schulze, Jeffrey","Minich, Joseph T",,,,,HIST,1301,004,,5,9,9,12,9,2,11,3,1,5,3,15,,,,,,4,jxs072200,jeffrey schulze,U S  History Survey to Civil War 
"Stewart, Whitney","Ssali, Madiina",,,,,HIST,1301,010,4,25,17,6,13,3,5,3,2,1,3,,5,,,,,,3,wxs160630,whitney stewart,U S  History Survey to Civil War 
"Schulze, Jeffrey","Williams, Harold T",,,,,HIST,1301,005,2,4,6,11,20,11,3,10,3,1,1,,9,,,,,,6,jxs072200,jeffrey schulze,U S  History Survey to Civil War 
"Johnson, Yvonne","Jacobs, Janet K",,,,,HIST,1301,006,,11,,,30,,,20,,,19,,4,,,,,,3,yxj172130,yvonne johnson,U S  History Survey to Civil War 
"Stewart, Whitney","Davis, Lauren R",,,,,HIST,2301,501,1,19,13,5,12,2,2,,3,,1,,10,,,,,,0,wxs160630,whitney stewart,History of Texas 
"Farmer, J Michael",,,,,,HIST,3301,001,,3,4,,3,4,2,6,1,2,,,2,,,,,,0,jmf073000,michael farmer,Historical Inquiry 
"Ali, Shazia",,,,,,HUMA,1301,001,26,19,8,6,4,1,,1,1,,1,,,,,,,,0,shazia,ali shazia,Exploration of the Humanities 
"Ingrao, Peter J","Hashmi, Sarah J",,,,,HUMA,1301,002,18,7,4,11,14,3,5,2,,,,,1,,,,,,3,jingrao,peter ingrao,Exploration of the Humanities 
"Mortensen, Joan","Harrison, Macy T",,,,,HUMA,1301,003,,9,4,3,12,15,8,4,4,,3,,6,,,,,,2,jmorten,joan mortensen,Exploration of the Humanities 
"Mortensen, Joan",,,,,,HUMA,1301,004,,7,7,10,8,9,12,2,3,,1,,7,,,,,,4,jmorten,joan mortensen,Exploration of the Humanities 
"Dennis, Patrick W",,,,,,HUMA,1301,502,,2,19,8,9,11,4,5,,1,1,,7,,,,,,2,pdennis,patrick dennis,Exploration of the Humanities 
"Ingrao, Peter J","Iftikhar, Shabnum",,,,,HUMA,1301,006,32,12,3,12,5,,1,1,1,1,1,,1,,,,,,0,jingrao,peter ingrao,Exploration of the Humanities 
"Towner, Theresa",,,,,,HUMA,6300,001,,14,1,,2,,,,,,,,,,,,,,1,tmtowner,theresa towner,Interdisciplinary Approaches to the Arts and Humanities 
"Hunt, Shamim",,,,,,LIT,2331,001,7,2,4,3,2,1,1,1,,,,1,2,,,,,,1,sxh034100,,Masterpieces of World Literature 
"Saar Hambazaza, Terje",,,,,,LIT,2331,002,9,2,4,1,,2,,,,,1,,,,,,,,0,txs018600,terje saar hambazaza,Masterpieces of World Literature 
"Kraemer, Jennifer D",,,,,,LIT,2341,001,,5,1,,,1,,,,,,1,4,,,,,,1,jdk019100,jennifer kraemer,Literary Analysis 
"Austin-Bolt, Caroline M",,,,,,LIT,2341,501,,6,5,1,3,,1,,,,1,,,,,,,,0,cma052000,caroline austin bolt,Literary Analysis 
"Lambert, Thomas M",,,,,,LIT,3330,501,3,2,5,1,2,4,1,1,,,,,,,,,,,0,tml017100,thomas lambert,Linguistics 
"Wilson, Michael",,,,,,HUMA,1301,HN1,1,10,10,2,1,1,,,,,,,,,,,,,0,mwilson,michael wilson,Exploration of the Humanities 
"Hasler, Carl",,,,,,PHIL,1301,001,,4,19,7,12,14,1,1,2,,,1,6,,,,,,1,cxh165030,carl hasler,Introduction to Philosophy 
"Riley, Kristin N",,,,,,RHET,1302,001,5,7,3,1,2,,,,,,,,1,,,,,,0,knr091000,kristin riley,Rhetoric 
"Ocasio-Russe, Lizbette",,,,,,RHET,1302,002,2,3,2,3,,2,3,1,1,,,,2,,,,,,0,lxo160130,lizbette ocasio russe,Rhetoric 
"Howard Cuadros, Esther W",,,,,,RHET,1302,003,,13,2,2,1,,,,,1,,,,,,,,,0,exh022000,,Rhetoric 
"Wright, Adam M",,,,,,RHET,1302,004,4,1,5,2,3,,1,,1,,,,2,,,,,,0,amw140430,adam wright,Rhetoric 
"Ocasio-Russe, Lizbette",,,,,,RHET,1302,005,1,2,4,1,2,2,2,,,,,,3,,,,,,2,lxo160130,lizbette ocasio russe,Rhetoric 
"Riley, Kristin N",,,,,,RHET,1302,006,1,6,3,1,2,4,,1,,,,,1,,,,,,0,knr091000,kristin riley,Rhetoric 
"King, Alana",,,,,,RHET,1302,007,3,5,3,2,1,1,,1,1,,1,,1,,,,,,0,axk173530,alana king,Rhetoric 
"Bell, Joycelyn M",,,,,,RHET,1302,008,2,9,3,2,1,1,,,,,,1,,,,,,,0,jxb120631,,Rhetoric 
"Jett, Merry A",,,,,,RHET,1302,009,5,5,5,,1,,,1,1,,,,1,,,,,,0,mxj120530,merry jett,Rhetoric 
"Berry, Tracey R",,,,,,RHET,1302,010,1,10,3,,2,,2,1,,,,,,,,,,,0,txb112130,tracey berry,Rhetoric 
"Bell, Joycelyn M",,,,,,RHET,1302,011,4,10,2,,1,,,,,1,,,1,,,,,,0,jxb120631,,Rhetoric 
"Jett, Merry A",,,,,,RHET,1302,012,2,3,5,1,,1,,1,3,,1,,1,,,,,,1,mxj120530,merry jett,Rhetoric 
"Berry, Tracey R",,,,,,RHET,1302,013,1,9,1,4,1,1,,,1,,,,1,,,,,,0,txb112130,tracey berry,Rhetoric 
"Bovda, Alisa Y",,,,,,RHET,1302,014,,6,5,2,,1,1,,,,,,2,,,,,,1,ayb091020,alisa bovda,Rhetoric 
"Lyons, David L",,,,,,RHET,1302,015,1,4,9,1,1,,,,,1,,,1,,,,,,1,dll101020,david lyons,Rhetoric 
"Field, Amanda C",,,,,,RHET,1302,016,4,5,5,,3,1,,,,1,,,,,,,,,0,axl151930,amanda field,Rhetoric 
"Sinckler, Robin",,,,,,RHET,1302,017,,,,3,1,1,1,3,1,1,,1,3,,,,,,4,rxs150131,robin sinckler,Rhetoric 
"Lyons, David L",,,,,,RHET,1302,018,1,7,4,1,3,,,,,1,,1,1,,,,,,0,dll101020,david lyons,Rhetoric 
"Sinckler, Robin",,,,,,RHET,1302,019,,,,3,1,1,3,1,,,1,,5,,,,,,4,rxs150131,robin sinckler,Rhetoric 
"Field, Amanda C",,,,,,RHET,1302,020,3,6,3,2,3,1,,,,,,,1,,,,,,0,axl151930,amanda field,Rhetoric 
"Tehan, Terin J",,,,,,RHET,1302,021,,13,5,,,,,,,,,,,,,,,,0,txt125430,terin tehan,Rhetoric 
"Stout, Patricia J",,,,,,RHET,1302,022,,9,1,4,2,1,,1,,,,,1,,,,,,0,pjs140230,,Rhetoric 
"Keeth, Sara L","King, Carie S",,,,,RHET,1302,023,2,1,6,2,2,,1,,1,,,,2,,,,,,2,slk041000,sara keeth,Rhetoric 
"Riley, Kristin N",,,,,,RHET,1302,024,3,7,3,2,,,1,1,,,,,1,,,,,,0,knr091000,kristin riley,Rhetoric 
"Al-Habashneh, Eman Bahjat",,,,,,RHET,1302,025,,2,4,4,4,1,,,,,,2,2,,,,,,0,eba130130,eman al habashneh,Rhetoric 
"Keeth, Sara L",,,,,,RHET,1302,026,,2,8,1,1,1,3,1,,,,,2,,,,,,0,slk041000,sara keeth,Rhetoric 
"Stout, Patricia J",,,,,,RHET,1302,027,,6,4,4,1,,,,,,,,3,,,,,,1,pjs140230,,Rhetoric 
"Al-Habashneh, Eman Bahjat",,,,,,RHET,1302,028,,,4,5,2,2,2,2,1,,,,1,,,,,,0,eba130130,eman al habashneh,Rhetoric 
"Keeth, Sara L",,,,,,RHET,1302,029,1,6,,2,5,,,,,1,,,4,,,,,,0,slk041000,sara keeth,Rhetoric 
"Riley, Kristin N",,,,,,RHET,1302,030,3,6,7,,,,,1,1,,,,1,,,,,,0,knr091000,kristin riley,Rhetoric 
"Crawford, Rachel",,,,,,RHET,1302,031,3,4,3,1,1,1,,1,1,,,,2,,,,,,0,rxc161430,rachel crawford,Rhetoric 
"Binkowski, Alex",,,,,,SPAN,1311,001,1,8,7,4,1,1,,,,,,,,,1,,,,0,axb172531,,Beginning Spanish I 
"Leverone, Julia",,,,,,SPAN,1312,001,1,11,5,4,1,,1,1,,,,,,,,,,,0,jxl162631,julia leverone,Beginning Spanish II 
"Camacho-Guardado, Lorena",,,,,,SPAN,2311,001,5,3,6,,,1,,,,,,1,1,,,,,,1,lxc163230,amalia lorena camacho guardardo,Intermediate Spanish I 
"Tady, Lorraine T",,,,,,ARTS,3369,001,1,11,,,2,1,,,,,,,,,,,,,0,ltt042000,lorraine tady,Intermediate Painting 
"Widomski, Chris",,,,,,MUSI,1306,001,2,8,15,7,7,1,,1,,,,1,4,,,,,,1,cxw164530,chris widomski,Understanding Music 
"Widomski, Chris",,,,,,MUSI,1306,002,3,20,11,5,2,3,,,,,,,2,,,,,,0,cxw164530,chris widomski,Understanding Music 
"Hodan, Daniel M",,,,,,MUSI,2315,001,,17,,,,,,,,,,,,,,,,,1,dmh017000,daniel hodan,Guitar I 
"Healy, John E",,,,,,MUSI,2315,002,5,7,1,,,1,,,,,,,,,,,,,1,jxh048000,,Guitar I 
"Medrick, Mary A",,,,,,MUSI,2317,001,,15,2,,,1,,,,,,,1,,,,,,0,mam017200,mary medrick,Piano I 
"Medrick, Mary A",,,,,,MUSI,2317,002,2,9,,2,,2,,,,,1,,1,,,,,,2,mam017200,mary medrick,Piano I 
"Durbin, Kelly",,,,,,MUSI,2319,001,2,10,5,,1,,,,,,,,,,,,,,0,kpdurbin,kelly durbin,Digital Music I 
"Hughes, William K",,,,,,MUSI,2325,001,5,6,,,,1,,,,,,,1,,,,,,2,wkh150030,william hughes,Vocal Instruction I 
"Mcvay, Michael",,,,,,MUSI,2328,001,1,6,,2,,3,,,1,,,,,,,,,,1,mjm031000,michael mcvay,Music Theory I 
"Evans, Kathryn C",,,,,,MUSI,3385,001,,14,,,4,,,,,,,,,,,,,,0,kcevans,kathryn evans,Chamber Singers I 
"Leek, Patricia A",,,,,,LIT,3315,001,,13,,1,1,3,,,3,,,,1,,,,,,1,santine,patricia leek,Children s Literature 
"Leek, Patricia A",,,,,,LIT,3315,501,,9,5,1,2,1,1,1,1,,,,,,,,,,0,santine,patricia leek,Children s Literature 
"Leek, Patricia A",,,,,,LIT,3315,002,,8,5,,1,1,,,,,,,1,,,,,,0,santine,patricia leek,Children s Literature 
"Gerard, Lori A",,,,,,MUSI,2113,501,5,8,2,,,,,1,,,,,,,,,,,0,lag091020,lori gerard,Pep Band 
"Miranda, Jeffrey",,,,,,ARTS,3366,501,8,8,2,,,,,,,,,,,,,,,,0,jxm069000,jeffrey miranda,Drawing Concepts 
"Brown-Pearn, Spencer S",,,,,,ARTS,3373,001,3,11,,,,,,,1,,,,,,,,,,0,ssb062000,spencer brown pearn,Printmaking 
"Channell, David",,,,,,HIST,3337,001,1,15,6,11,21,13,6,12,2,,1,,1,,,,,,1,channell,david channell,Technology and Western Civilization 
"McCullough, Shellie K","Snyder, Sarah E",,,,,HUMA,1301,007,2,42,8,2,3,2,1,1,,1,,,1,,,,,,2,skm022000,shellie mccullough,Exploration of the Humanities 
"McCullough, Shellie K","Alhashmi, Rawad Y",,,,,HUMA,1301,008,,46,8,3,4,1,3,1,,1,1,,2,,,,,,0,skm022000,shellie mccullough,Exploration of the Humanities 
"Allred, Michael K",,,,,,JAPN,1311,001,15,7,4,1,,1,,,,1,,,,,,,,,0,mka170830,michael allred,Beginning Japanese I 
"Kroska, Nami",,,,,,JAPN,2311,001,4,4,7,4,2,,1,,,1,,,,,,,,,0,nxk167330,nami kroska,Intermediate Japanese I 
"Saar Hambazaza, Terje",,,,,,LIT,2331,003,7,5,5,,,,,,1,,,,1,,,,,,0,txs018600,terje saar hambazaza,Masterpieces of World Literature 
"Towner, Theresa",,,,,,LIT,3300,001,,11,9,6,2,2,,,,,,,2,,,,,,0,tmtowner,theresa towner,Western Literary Tradition 
"Brewer, Kenneth L",,,,,,LIT,3318,001,1,14,6,9,8,2,4,2,1,1,,1,,,,,,,0,klb092000,kenneth brewer,British Romanticism 
"Hodan, Daniel M",,,,,,MUSI,2315,501,,11,,,2,,,,,,,,,,,,,,0,dmh017000,daniel hodan,Guitar I 
"Mcvay, Michael",,,,,,MUSI,2328,002,4,3,2,1,1,2,,,,,,,3,,,,,,1,mjm031000,michael mcvay,Music Theory I 
"Salisbury, Linda J",,,,,,MUSI,1306,003,24,21,,1,,,,,,,,1,1,,,,,,0,ljs130230,linda salisbury,Understanding Music 
"Ingrao, Peter J","Zhang, Qiang",,,,,HUMA,1301,009,39,10,6,4,3,2,1,,,1,1,,,,,,,,0,jingrao,peter ingrao,Exploration of the Humanities 
"Min, Inki A",,,,,,ARTS,1316,001,4,13,2,,,,,,,,,,,,,,,,0,iam140230,inki min,Drawing Foundations 
"Cochran, Kristen N",,,,,,ARTS,1316,002,1,3,5,3,2,,2,,,,,,1,,,,,,2,knc103020,kristen cochran,Drawing Foundations 
"Booker, Paul D",,,,,,ARTS,1316,003,5,4,4,1,1,,1,1,1,,,,,,,,,,0,pdb041000,,Drawing Foundations 
"Lacy, Mary E",,,,,,ARTS,1316,501,,3,,,15,,,,,,,,,,,,,,0,mel024000,mary lacy,Drawing Foundations 
"Egan, Trey T",,,,,,ARTS,2316,501,3,9,1,,2,,,,,,,,1,,,,,,0,tte150130,trey egan,Painting Foundations 
"Ligon, Peter A",,,,,,ARTS,2316,001,,1,8,2,1,,,1,1,,,,,,1,,,,2,pal140130,peter ligon,Painting Foundations 
"Egan, Trey T",,,,,,ARTS,2380,002,5,3,1,2,1,1,,1,1,1,,,1,,,,,,1,tte150130,trey egan,2D Design Foundations 
"Lacy, Mary E",,,,,,ARTS,2380,003,,3,1,1,7,4,,,,,,,,,,,,,1,mel024000,mary lacy,2D Design Foundations 
"Carter, Rebecca S",,,,,,ARTS,2380,004,1,10,3,1,,,,1,,,,,2,,,,,,1,rsc150030,,2D Design Foundations 
"Lapthisophon, Stephen M",,,,,,ARTS,3368,001,,18,,,1,,,,,,,,,,,,,,0,sxl043100,stephen lapthisophon,Mixed Media 
"Loving, Emily",,,,,,ARTS,3372,001,,14,,1,3,,,1,,,,,,,,,,,0,exl097120,emily loving,Photography  Color 
"Goode, Dianne H","Delin, Jacquelyn M",,,,,AHST,1304,001,23,23,8,5,10,4,3,3,1,1,1,,2,,,,,,2,dgoode,dianne goode,Survey of Western Art History  Renaissance to Modern 
"Copeland, Colette",,,,,,ARTS,3371,001,,3,,3,2,1,,,,,,,1,,1,,,,1,cxc132230,colette copeland,Photography  Black White 
"Durant, Stephanie D",,,,,,ARTS,3371,002,,4,2,,1,2,1,,,,,,4,,,,,,0,ddm043000,,Photography  Black White 
"Jakobsson, Pia K",,,,,,HIST,3302,001,1,2,1,2,3,,,1,1,,1,,2,,,,,,0,pkj010100,pia jakobsson,Gender in Western Thought 
"Keeth, Sara L",,,,,,RHET,1302,032,,3,4,6,2,,2,,1,,,,1,,,,,,0,slk041000,sara keeth,Rhetoric 
"Kirk, Kristina E",,,,,,RHET,1302,033,,10,2,4,1,,,,,,,,,,,,,,1,kek160430,kristina kirk,Rhetoric 
"Tehan, Terin J",,,,,,RHET,1302,501,3,10,3,1,,2,,,,,,,,,,,,,0,txt125430,terin tehan,Rhetoric 
"Saeidfar, Ghazal",,,,,,RHET,1302,502,1,,8,6,1,,,,,,,,1,,,,,,1,gxs153630,ghazal saeidfar,Rhetoric 
"Wilder, James E",,,,,,MUSI,3316,001,5,,,,1,1,,,,,,1,1,,,,,,1,jew042000,james wilder,Guitar Ensemble II 
"Durbin, Kelly",,,,,,MUSI,3324,001,2,4,1,2,,1,,,,1,,,,,,,,,0,kpdurbin,kelly durbin,Jazz History  Roots to Swing 
"Amato, Lawrence A","del Bosque, Isai",,,,,PHIL,1301,003,3,6,7,6,10,8,7,4,2,4,1,,7,,,,,,2,laa062000,lawrence amato,Introduction to Philosophy 
"Vincent, Shelby D",,,,,,SPAN,1311,002,,3,2,,4,,,,,,,,1,,,,,,1,sdv034000,shelby vincent,Beginning Spanish I 
"Camacho-Guardado, Lorena",,,,,,SPAN,2312,001,8,2,6,,,1,,,,,,,,,,,,,1,lxc163230,amalia lorena camacho guardardo,Intermediate Spanish II 
"Burnett, Lora D","Mei, Kehan",,,,,HIST,1302,001,21,41,8,7,5,1,1,1,,,,,3,,,,,,0,ldb082000,lora burnett,U S  History Survey from Civil War 
"Palmer, Marcy A",,,,,,ARTS,3379,001,,2,10,6,1,,,,,,,,,,,,,,0,mxp070100,marcy palmer,Photography  New Media 
"Tady, Lorraine T",,,,,,ARTS,3363,001,1,6,4,4,1,,,,,,,,1,,,,,,0,ltt042000,lorraine tady,Typography  Technology  Image 
"Cochran, Kristen N",,,,,,ARTS,2381,001,,5,5,1,2,,,,,,,,,,,,,,2,knc103020,kristen cochran,Introduction to Sculpture 
"Crawford, Rachel",,,,,,RHET,1302,034,6,2,2,,,3,1,2,,,,,3,,,,,,0,rxc161430,rachel crawford,Rhetoric 
"McIntosh, Suzanne K",,,,,,RHET,1302,503,8,7,,,2,,,,,,,,,,,,,,1,skm130030,suzanne mcintosh,Rhetoric 
"Durbin, Kelly",,,,,,MUSI,3386,001,2,4,5,1,,,,,,,,1,,,,,,,0,kpdurbin,kelly durbin,Jazz Ensemble II 
"Curry, Val",,,,,,ARTS,3375,001,8,8,1,,,,,,,,,,,,,,,,0,vxc110930,val curry,Sculpture 
"Ozsvath, Zsuzsanna",,,,,,HUHI,6338,501,,7,1,,1,,,,,,,,,,,,,,0,zozsvath,zsuzsanna ozsvath,The Holocaust 
"Reynolds, Clay",,,,,,HUMA,6300,501,,5,4,2,1,,,,,,,,2,,,,,,1,clayr,clay reynolds,Interdisciplinary Approaches to the Arts and Humanities 
"Hasler, Carl",,,,,,PHIL,1301,002,,7,20,11,11,13,2,,,,,,5,,,,,,1,cxh165030,carl hasler,Introduction to Philosophy 
"Leek, Patricia A",,,,,,LIT,3315,003,,7,6,1,3,3,,,,,,,1,,,,,,0,santine,patricia leek,Children s Literature 
"Hughes, William K",,,,,,MUSI,2325,002,2,7,2,,4,1,,1,,,,,,,,,,,1,wkh150030,william hughes,Vocal Instruction I 
"Burnett, Lora D","Landrum, Jeffrey T",,,,,HIST,1302,002,11,39,12,7,11,,3,1,3,1,,,,,,,,,0,ldb082000,lora burnett,U S  History Survey from Civil War 
"Conrad, Sharron W",,,,,,HIST,1301,007,,13,6,7,9,1,3,,5,,1,,4,,,,,,0,swc071000,sharron conrad,U S  History Survey to Civil War 
"Sengupta, Karl",,,,,,RHET,1302,035,5,12,1,1,,,,,,,,,,,,,,,0,kss140330,karl sengupta,Rhetoric 
"Kirk, Kristina E",,,,,,RHET,1302,036,,15,1,1,,,,,,,,,1,,,,,,1,kek160430,kristina kirk,Rhetoric 
"Sengupta, Karl",,,,,,RHET,1302,037,4,10,2,2,1,,,,,,,,,,,,,,0,kss140330,karl sengupta,Rhetoric 
"McIntosh, Suzanne K",,,,,,RHET,1302,504,,6,3,1,3,4,,,,,,1,,,,,,,0,skm130030,suzanne mcintosh,Rhetoric 
"Ingrao, Peter J","Kelso, Kristen",,,,,HUMA,1301,010,24,14,5,7,5,8,3,1,,,,,,,,,,,2,jingrao,peter ingrao,Exploration of the Humanities 
"Palant, Jonathan",,,,,,MUSI,1306,004,,21,6,4,2,4,1,2,,,2,,4,,,,,,3,jxp170230,jonathan palant,Understanding Music 
"Booker, Paul D",,,,,,ARTS,1316,004,4,2,4,1,1,2,1,,2,,,,,,,,,,1,pdb041000,,Drawing Foundations 
"Trosper, Elizabeth M",,,,,,ARTS,2380,501,1,7,,2,3,,1,1,,,,,2,,,,,,0,emt130130,elizabeth trosper,2D Design Foundations 
"Palmer, Marcy A",,,,,,ARTS,3372,002,,,5,11,1,,,,,,,,1,,,,,,0,mxp070100,marcy palmer,Photography  Color 
"Pettengill, Ryan S","Siddiqui, Farah",,,,,HIST,1301,008,2,36,8,10,12,1,6,2,,3,,,2,,,,,,3,rsp120030,ryan pettengill,U S  History Survey to Civil War 
"Starnaman, Sabrina","Thomas, Kathryn E",,,,,LIT,3316,501,21,16,7,19,9,5,3,3,3,,3,,,,,,,,0,sxs090100,sabrina starnaman,The Literature of Science Fiction 
"Prieto, Rene",,,,,,LIT,3317,001,,10,4,4,12,9,1,11,,,,,2,,,,,,2,rxp113230,rene prieto,The Literature of Fantasy 
"Herndon, Scott",,,,,,LIT,3335,001,,1,13,18,3,1,,,1,,,,,,,,,,0,sxh021200,scott herndon,Media and Pop Culture 
"Hatfield, Charles D",,,,,,LIT,3339,501,,7,13,8,,,,,,,,,2,,,,,,0,cxh074100,charles hatfield,Writing in Literary Studies 
"Evans, Kathryn C",,,,,,MUSI,3322,001,3,20,3,3,,,,,,,1,,,,,,,,0,kcevans,kathryn evans,Music in Historical Context 
"Gu, Ming D","Tang, Le",,,,,HUMA,1301,011,,15,4,9,5,3,9,9,3,3,1,1,1,,,,,,5,mdg073000,ming dong gu,Exploration of the Humanities 
"Brewer, Kenneth L","Cook, Nina E",,,,,HUMA,1301,012,11,32,8,6,4,3,1,1,1,1,1,,,,,,,,1,klb092000,kenneth brewer,Exploration of the Humanities 
"Walsh, Dennis P",,,,,,HUMA,1301,501,,14,,,20,,,8,,,1,,2,,,,,,2,dpw031000,dennis walsh,Exploration of the Humanities 
"Burnett, Lora D","Dunham, Daniel C",,,,,HIST,1301,009,9,41,11,9,5,3,5,2,1,,,,3,,,,,,1,ldb082000,lora burnett,U S  History Survey to Civil War 
"Baker, Barbara L",,,,,,COMM,1311,001,,,4,3,4,3,3,2,,,,,4,,,,,,1,blb140430,barbara baker,Survey of Oral and Technology-based Communication 
"Baker, Barbara L",,,,,,COMM,1311,002,1,3,7,4,7,1,,,1,,,,,,,,,,0,blb140430,barbara baker,Survey of Oral and Technology-based Communication 
"Totusek, Patricia F",,,,,,COMM,1311,003,5,9,4,1,2,1,,,,,,,,,,,,,2,pft140030,patricia totusek,Survey of Oral and Technology-based Communication 
"Totusek, Patricia F",,,,,,COMM,1311,004,12,6,2,2,1,,,,1,,,,,,,,,,0,pft140030,patricia totusek,Survey of Oral and Technology-based Communication 
"Arnold, Bob",,,,,,COMM,1311,005,5,9,4,,2,2,,,,,,,1,,,,,,0,bxa161430,bob arnold,Survey of Oral and Technology-based Communication 
"Arnold, Bob",,,,,,COMM,1311,006,6,7,5,,2,1,,,,,,,,,,,,,1,bxa161430,bob arnold,Survey of Oral and Technology-based Communication 
"Juarez, Veronica",,,,,,COMM,1311,007,6,7,4,2,1,,1,1,1,,,,1,,,,,,0,vxj161430,veronica juarez,Survey of Oral and Technology-based Communication 
"Saenz, Michael A",,,,,,COMM,1311,008,11,10,1,1,1,,,,,,,,,,,,,,0,mas130030,michael saenz,Survey of Oral and Technology-based Communication 
"Stewart, Derek A",,,,,,COMM,1311,009,3,8,7,1,1,2,1,1,,,,,,,,,,,0,das141230,derek stewart,Survey of Oral and Technology-based Communication 
"Hanson, Jocyln Y",,,,,,COMM,1311,010,15,2,,1,,2,1,,,1,,,1,,,,,,1,jyh140230,jocyln hanson,Survey of Oral and Technology-based Communication 
"Baynham, Karen M",,,,,,COMM,1311,011,7,9,4,4,,,,,,,,,,,,,,,0,contemp,karen baynham,Survey of Oral and Technology-based Communication 
"Hanson, Jocyln Y",,,,,,COMM,1311,012,17,4,1,,1,,,,,,,,,,,,,,2,jyh140230,jocyln hanson,Survey of Oral and Technology-based Communication 
"Templeton, Allison A",,,,,,COMM,1311,013,1,11,3,,3,2,,1,2,,,,,,,,,,1,aam141730,allison templeton,Survey of Oral and Technology-based Communication 
"Warren, Jason L",,,,,,COMM,1311,501,6,4,3,2,2,,2,1,,,,,,,,,,,2,jxw174630,jason warren,Survey of Oral and Technology-based Communication 
"Williams, Alecia N",,,,,,COMM,1311,502,7,5,1,4,2,2,,,2,1,,,,,,,,,0,axw124630,alecia williams,Survey of Oral and Technology-based Communication 
"Baynham, Karen M",,,,,,COMM,1311,0W1,3,2,6,3,,1,1,,,,,,2,,,,,,0,contemp,karen baynham,
"Templeton, Allison A",,,,,,COMM,1311,0W2,5,4,4,3,,4,1,,,,,,,,,,,,0,aam141730,allison templeton,
"Templeton, Allison A",,,,,,COMM,1311,0W3,2,5,1,1,3,2,1,,,,,1,1,,,,,,0,aam141730,allison templeton,
"Tanner, Lari J",,,,,,COMM,1311,0W4,14,4,5,,1,,,,,,,,,,,,,,0,ljt130130,lari tanner,
"Honea, Emily",,,,,,COMM,1311,0W5,5,7,4,2,2,1,1,,,,,,,,,,,,1,exh150830,emily honea,
"Templeton, Allison A",,,,,,COMM,1311,014,2,7,2,1,5,1,1,2,,1,,,2,,,,,,0,aam141730,allison templeton,Survey of Oral and Technology-based Communication 
"Stewart, Derek A",,,,,,COMM,1311,015,9,3,4,3,1,3,1,,,,,,,,,,,,0,das141230,derek stewart,Survey of Oral and Technology-based Communication 
"Juarez, Veronica",,,,,,COMM,1311,016,6,8,5,,1,,1,,,,,,,,,,,,2,vxj161430,veronica juarez,Survey of Oral and Technology-based Communication 
"Tanner, Lari J",,,,,,COMM,1311,017,18,2,2,1,,,,,,,,,,,,,,,1,ljt130130,lari tanner,Survey of Oral and Technology-based Communication 
"Vazzi, Lisa",,,,,,COMM,1311,018,16,3,2,1,,,,,1,,,,,,,,,,1,lxv160630,lisa vazzi,Survey of Oral and Technology-based Communication 
"Ryan, Christopher J",,,,,,HUSL,7383,501,,5,2,1,,,,,,,,,,,,,,,0,cxr088000,christopher ryan,Teaching First-Year Writing 
"Shi, Carle",,,,,,ARTS,3341,001,,14,,,3,,,1,,,,,,,,,,,0,cxs174230,carle shi,Chinese Calligraphy 
"Goode, Dianne H","Toombs, Kenady M",,,,,AHST,1304,002,23,21,6,6,8,3,6,5,3,2,,3,2,,,,,,2,dgoode,dianne goode,Survey of Western Art History  Renaissance to Modern 
"Goode, Dianne H",,,,,,AP,3340,001,,7,4,1,1,,,2,,1,2,,,,,,,,0,dgoode,dianne goode,Writing in the Arts 
"Waligore, Marilyn A",,,,,,ARTS,3377,001,,8,4,3,2,,,,,,,,1,,,,,,0,waligore,marilyn waligore,Photography  Altered Image 
"Loving, Emily",,,,,,ARTS,3379,501,,13,6,,,,,,,,,,,,,,,,0,exl097120,emily loving,Photography  New Media 
"Zisman, Noah I",,,,,,CRWT,4354,501,3,1,,,3,2,,,1,,,,4,,,,,,1,nxz110630,noah zisman,Creating Scripts 
"Saba, Monica",,,,,,DANC,1310,0H1,9,15,6,,1,,,,,,,,,,,,,,0,msaba,monica saba,Understanding Dance 
"Reynolds, Clay",,,,,,HUAS,6354,001,,4,3,1,,,,,,,,,1,,,,,,0,clayr,clay reynolds,Creating Short Fictions 
"Martinez, Manuel L",,,,,,HUAS,6381,501,,7,,,,,,,,,,,,,,,,,0,mlm160630,manuel martinez,Creating Fiction  Intermediate 
"Rodriguez, Robert X",,,,,,HUAS,6399,501,,2,1,2,1,,,,,,,,,,,,,,0,rxr014610,robert rodriguez,Music in Historical Context 
"Bambach, Charles",,,,,,HUHI,6395,001,,9,3,4,,,,,,,,,,,,,,,0,cbambach,charles bambach,Topics in the History of Ideas 
"Honea, Emily",,,,,,COMM,1311,0W6,7,4,6,1,,1,,1,1,,,,,,,,,,0,exh150830,emily honea,
"Gonzalez, Cristina M",,,,,,SPAN,2341,001,3,5,2,2,,,1,,,,,,,,1,,,,0,cxg042000,cristina gonzalez,Medical Spanish 
"Anjum, Zafar",,,,,,HUMA,3351,001,,29,,,1,,,,,,,,,,,,,,0,zxa110730,zafar anjum,Introduction to Islamic Culture 
"Wiesepape, Betty H",,,,,,CRWT,3307,001,,5,2,4,2,,,,,,,,,,,,,,0,bet,,Creating Short Stories 
"DeWitte, Debra J","Anderson, Linda K","Dunbar, Amanda R","K. Khiabani, Elham C","Christmann, Daniel W",,AHST,2331,001,67,117,125,73,32,22,4,6,3,,1,7,31,,,,,,8,djd011500,debra dewitte,Understanding Art 
"Lingo, Kathy A",,,,,,COMM,3320,001,2,9,2,,,,,,,,,,1,,,,,,0,klingo,kathy lingo,Readers  Theater 
"Goode, Dianne H",,,,,,AP,3340,002,,8,3,2,3,2,,1,,,,,1,,,,,,0,dgoode,dianne goode,Writing in the Arts 
"Barnes, Ashley",,,,,,ARHM,3342,001,,10,5,3,2,2,,1,,,,,1,,,,,,0,axb162631,ashley barnes,Advanced Interdisciplinary Studies in the Arts and Humanities 
"Wickberg, Daniel",,,,,,ARHM,3342,002,,4,8,9,3,2,2,3,4,,,,3,,,,,,1,wickberg,daniel wickberg,Advanced Interdisciplinary Studies in the Arts and Humanities 
"Curry, Val",,,,,,ARTS,3340,001,6,1,2,1,2,1,,,,,,,,,,,,,0,vxc110930,val curry,Topics in Studio Art 
"Krayer, Karl","Tanner, Lari J",,,,,COMM,1311,503,16,2,1,1,,,,,,,,,1,,,,,,2,kxk166030,karl krayer,Survey of Oral and Technology-based Communication 
"Williams, Alecia N",,,,,,COMM,1311,504,1,3,8,3,4,1,,,1,,1,,1,,,,,,0,axw124630,alecia williams,Survey of Oral and Technology-based Communication 
"Martinez, Manuel L",,,,,,CRWT,4307,001,4,8,1,1,,,,,,,,,1,,,,,,0,mlm160630,manuel martinez,Creating Short Stories  Advanced 
"Pfister, Debra H",,,,,,HIST,4344,501,14,14,4,5,3,1,,,,1,,,,,,,,,2,dhpf,debra pfister,Topics in European History 
"Rosen, Mark S",,,,,,HUAS,6315,001,,6,5,,1,,,,,,,,,,,,,,0,mxr088000,mark rosen,The Arts in Historical Contexts 
"King, Carie S",,,,,,COMM,4375,001,1,2,2,1,,1,,1,,,,,1,,,,,,1,cxl085200,carie king,Professional Communication in Medicine 
"Warren, Shilyh J",,,,,,HUAS,7360,001,,6,2,1,,1,,,,,,,1,,,,,,0,sjw120030,shilyh warren,Advanced Topics in Film  Television  and Digital Media 
"Wickberg, Daniel",,,,,,HUHI,7305,001,,4,1,1,,,,,,,,,,,,,,,0,wickberg,daniel wickberg,American Intellectual History 
"Prieto, Rene",,,,,,HUSL,6350,501,,7,2,2,3,,,,,,,,1,,,,,,1,rxp113230,rene prieto,Literature of the Nineteenth Century 
"Camacho-Guardado, Lorena",,,,,,SPAN,3365,001,5,3,2,,,,,1,,,,,,,,,,,0,lxc163230,amalia lorena camacho guardardo,Advanced Spanish I 
"Ming, Adron",,,,,,MUSI,3118,501,,28,,,,,,,,,,,,,,,,,1,axm167231,adron ming,String Orchestra II 
"Hustis, Gregory J",,,,,,MUSI,3120,501,,30,,,,,,1,,,,,,,,,,,1,gjh120030,,Wind Ensemble II 
"Gregory, Mona Y",,,,,,COMM,1311,0W7,3,5,2,2,2,,2,,,1,1,,2,,,,,,0,myg140030,mona gregory,
"Gregory, Mona Y",,,,,,COMM,1311,0W8,3,4,,2,1,1,1,,,1,,,1,,,,,,4,myg140030,mona gregory,
"Warren, Jason L",,,,,,COMM,1311,0W9,,5,2,3,1,,1,2,1,,,,1,,,,,,2,jxw174630,jason warren,
"Baker, Barbara L",,,,,,COMM,1311,5W1,,,1,4,2,,2,,1,,1,,3,,,,,,3,blb140430,barbara baker,
"Medrick, Mary A",,,,,,MUSI,3388,001,1,8,,1,4,,,,,,,,1,,,,,,0,mam017200,mary medrick,Piano II 
"Stone, Winston",,,,,,MUSI,4V12,001,4,9,,,,,,,,,,,,,,,,,1,wxs034000,winston stone,Advanced Performance I 
"Salisbury, Linda J",,,,,,MUSI,4V12,002,,11,,,,,,,,,,1,,,,,,,2,ljs130230,linda salisbury,Advanced Performance I 
"Cohen, Milton",,,,,,LIT,4348,001,,3,6,4,5,2,2,2,,,,,2,,,,,,2,mcohen,milton cohen,Topics in Literary Studies 
"Vincent, Shelby D",,,,,,LIT,4348,002,,7,3,1,2,,,1,,,,,1,,,,,,0,sdv034000,shelby vincent,Topics in Literary Studies 
"Krishnaswamy, Nandini",,,,,,COMM,1311,019,12,4,2,1,3,1,,1,,,,,,,,,,,0,nxk176230,,Survey of Oral and Technology-based Communication 
"Krishnaswamy, Nandini",,,,,,COMM,1311,020,5,9,3,3,,1,2,,,,,,,,,,,,1,nxk176230,,Survey of Oral and Technology-based Communication 
"Schlereth, Eric R","Goldmann, Kerry",,,,,HIST,1301,011,7,17,13,12,21,9,2,2,3,,,,4,,,,,,0,exs082000,eric schlereth,U S  History Survey to Civil War 
"Salisbury, Linda J",,,,,,MUSI,1306,005,10,37,,2,,,,,,,,,,,,,,,0,ljs130230,linda salisbury,Understanding Music 
"Waligore, Marilyn A",,,,,,HUAS,6391,501,,6,1,,,,,,,,,,,,,,,,0,waligore,marilyn waligore,Creativity  Visual Arts Workshop 
"Gerard, Lori A",,,,,,MUSI,2322,001,,13,5,9,7,3,5,3,,,1,,3,,,,,,0,lag091020,lori gerard,Music in Western Civilization 
"Moss, Daniel J",,,,,,COMM,1311,505,4,4,,4,2,3,1,2,,1,1,,2,,,,,,0,djm161130,daniel moss,Survey of Oral and Technology-based Communication 
"Skiles, Bradley W",,,,,,COMM,1311,506,10,4,2,3,2,,,,,,1,,2,,,,,,0,bws150030,bradley skiles,Survey of Oral and Technology-based Communication 
"Dennis, Patrick W",,,,,,HIST,3327,501,,6,8,5,4,7,2,2,,2,,,3,,,,,,4,pdennis,patrick dennis,Perspectives on Science 
"Petty, John E","Cochran, Tyler",,,,,FILM,2332,502,3,1,9,6,8,17,8,5,5,1,,2,5,,,,,,4,jep140330,john petty,Understanding Film 
"Kroska, Nami",,,,,,JAPN,3311,501,1,3,,2,2,,1,1,,,1,,1,,,,,,0,nxk167330,nami kroska,Advanced Japanese I 
"Norman, Susan M",,,,,,CRWT,3307,501,2,9,1,,,,,,,,,,,,,,,,0,smw011400,,Creating Short Stories 
"Wilson, Michael","Cohen, Milton","Brewer, Kenneth L","Towner, Theresa",,,HUSL,6372,001,,5,2,2,,,,,,,,,1,,,,,,0,mwilson,michael wilson,
"Kroska, Nami",,,,,,JAPN,1311,002,7,12,4,2,2,,1,2,,,,,,,,,,,0,nxk167330,nami kroska,Beginning Japanese I 
"Skiles, Bradley W",,,,,,COMM,1311,507,10,7,2,,1,,,1,,,,,2,,,,,,0,bws150030,bradley skiles,Survey of Oral and Technology-based Communication 
"Krayer, Karl","Tanner, Lari J",,,,,COMM,1311,508,15,3,,1,,,,,,,,,1,,,,,,1,kxk166030,karl krayer,Survey of Oral and Technology-based Communication 
"Moss, Daniel J",,,,,,COMM,1311,021,8,6,1,2,5,,2,,,,,,,,,,,,0,djm161130,daniel moss,Survey of Oral and Technology-based Communication 
"Ott, Lynette",,,,,,RHET,1302,038,,2,5,3,3,1,3,1,,,,,1,,,,,,0,lxo120730,lynette ott,Rhetoric 
"Balasa, Alexandra",,,,,,RHET,1302,039,,4,3,4,1,,,1,2,,1,,3,,,,,,0,axb177630,alexandra balasa,Rhetoric 
"Ott, Lynette",,,,,,RHET,1302,505,,3,8,2,5,1,,,,,,,,,,,,,0,lxo120730,lynette ott,Rhetoric 
"Boyer, Kent L",,,,,,RHET,1302,506,3,7,4,,,,,,,,,,3,,,,,,2,klb140030,kent boyer,Rhetoric 
"Vazzi, Lisa",,,,,,COMM,1311,5W2,11,3,1,1,1,,,,,,,,,,,,,,1,lxv160630,lisa vazzi,
"Totusek, Patricia F",,,,,,COMM,1311,5W3,1,6,6,2,5,1,,,,,,,,,,,,,1,pft140030,patricia totusek,
"Wilder, James E",,,,,,MUSI,1306,501,8,15,6,5,3,1,1,2,,2,,1,2,,,,,,2,jew042000,james wilder,Understanding Music 
"Maguire, Mandy","Yuan, Haiying",,,,,CLDP,3303,001,2,21,,6,19,,3,10,,,4,,3,,,,,,0,mjm053000,mandy maguire,Normal Language Development 
"Bonner, Deborah L","Schneider, Julie M",,,,,CLDP,3310,501,1,5,9,4,6,2,1,3,1,1,1,1,1,,,,,,1,dbonner,deborah bonner,Child Development 
"Huxtable-Jester, Karen J",,,,,,CLDP,3339,001,,5,2,1,2,1,2,2,1,,1,1,4,,,,,,0,kxh014900,karen huxtable jester,Educational Psychology 
"Santrock, John W",,,,,,CLDP,3339,002,,4,2,2,3,,1,,,,3,,1,,,,,,2,santrock,john santrock,Educational Psychology 
"Barfoot, John W","Peskova, Olga",,,,,CLDP,3342,501,13,14,8,8,6,6,2,1,1,,,,,,,,,,0,jwb043000,john barfoot,Exceptional Children 
"Miller, Van S","Kapolowicz, Michelle R",,,,,NSC,3361,001,22,38,30,18,24,14,36,19,35,,24,,23,,1,,,,8,vxm077000,van miller,Introduction to Neuroscience 
"Sultana, Rukhsana",,,,,,NSC,3361,002,7,6,7,8,2,2,2,1,,,1,1,1,,,,,,2,rxs170431,rukhsana sultana,Introduction to Neuroscience 
"Price, Theodore J","Shiers, Stephanie",,,,,NSC,4352,001,6,47,4,11,23,7,9,10,1,1,3,2,4,,,,,,2,tjp140130,theodore price,Cellular Neuroscience 
"Sultana, Rukhsana","Inyang, Kufreobong E",,,,,NSC,4353,101,4,1,1,3,2,2,1,,,,,,,,,,,,0,rxs170431,rukhsana sultana,Neuroscience Laboratory Methods 
"Sasson, Noah J","Withers, Zaharra G",,,,,PSY,2301,001,,38,24,13,13,11,9,2,4,5,1,1,4,,,,,,4,njs092000,noah sasson,Introduction to Psychology 
"Juhn, Nancy H","Carson, Kevin J","Pongpipat, Ekarin E",,,,PSY,2317,001,,17,11,6,5,3,4,4,3,,,2,7,,,,,,2,njuhn,nancy juhn,Statistics for Psychology 
"Juhn, Nancy H","Carson, Kevin J","Pongpipat, Ekarin E",,,,PSY,2317,002,,11,6,3,7,5,5,9,4,3,4,1,4,,,,,,2,njuhn,nancy juhn,Statistics for Psychology 
"Meltzer, Mitchell A","Turner, Monroe P",,,,,PSY,2317,501,,7,6,4,3,5,4,2,2,,,1,3,,,,,,3,mam089100,mitchell meltzer,Statistics for Psychology 
"Bonner, Deborah L","Schneider, Julie M",,,,,PSY,3310,501,,13,14,13,14,7,7,6,4,1,,,7,,,,,,3,dbonner,deborah bonner,Child Development 
"Barfoot, John W",,,,,,PSY,3333,001,11,20,10,12,8,1,1,2,1,2,,1,1,,,,,,0,jwb043000,john barfoot,Approaches to Clinical Psychology 
"Huxtable-Jester, Karen J",,,,,,PSY,3339,001,,9,1,3,6,3,2,1,,2,,1,3,,,,,,0,kxh014900,karen huxtable jester,Educational Psychology 
"Santrock, John W",,,,,,PSY,3339,002,1,6,6,1,3,1,,,2,,1,,1,,,,,,0,santrock,john santrock,Educational Psychology 
"Barfoot, John W","Peskova, Olga",,,,,PSY,3342,501,4,9,3,3,4,1,,1,,1,1,1,2,,,,,,0,jwb043000,john barfoot,Exceptional Children 
"Grohman, Magdalena G",,,,,,PSY,3355,001,1,1,,7,8,,3,3,,,,,1,,,,,,0,mgg092000,magdalena grohman,Psychology of Creativity 
"Dowling, Walter J","Brigante, Ryan M",,,,,PSY,3360,501,2,21,4,21,29,7,6,13,1,3,,1,9,,,,,,4,jdowling,walter j dowling,Historical Perspectives on Psychology  Mind and Machines since 1600 
"Grant, Meridith G","Yu, Ju-Chi",,,,,PSY,3392,001,5,17,12,9,11,4,5,4,2,,1,,1,,,,,,1,mga061000,meridith grant,Research Design and Analysis 
"Grant, Meridith G","Kriegsman, Michael A",,,,,PSY,3392,002,7,11,8,9,13,9,5,7,2,,,,1,,,,,,0,mga061000,meridith grant,Research Design and Analysis 
"Drew, Linda M","Kmiecik, Matthew J",,,,,PSY,3393,001,2,3,2,4,4,2,,1,,,1,,2,,,,,,0,lmd102020,linda drew,Experimental Projects in Psychology 
"Dowling, Walter J","Gunal, Mehmet",,,,,PSY,3393,002,1,16,,,,,,1,,,1,,,,,,,,0,jdowling,walter j dowling,Experimental Projects in Psychology 
"Shirvani, Forouz","Parsons, Julie A",,,,,PSY,3393,006,,10,,,5,,,1,,,,,,,,,,,1,fxk024000,forouz shirvani,Experimental Projects in Psychology 
"Tillman, Gail D","Agres, Phillip F",,,,,PSY,3393,501,,14,,,4,,,,,,1,,1,,,,,,0,gtillman,gail tillman,Experimental Projects in Psychology 
"Hafer, Donald G",,,,,,PSY,4328,501,23,48,28,7,12,,5,2,2,,1,,1,,,,,,1,haferd,donald hafer,Health Psychology 
"Prager, Karen","Wu, Sining",,,,,PSY,4331,001,4,9,8,8,4,7,4,1,2,1,,,5,,,,,,2,kprager,karen prager,Personality 
"Ladd, Gretchen C",,,,,,PSY,4332,001,1,51,4,,10,1,,1,,,,,2,,,,,,0,gcl140130,gretchen ladd,Psychology in the Workplace 
"Gentsch, Joanna K",,,,,,PSY,4346,001,7,53,28,18,7,3,1,2,3,,2,,1,,,,,,4,jgentsch,joanna gentsch,Human Sexuality 
"Stilwell, John Q",,,,,,PSY,4377,001,1,8,7,4,,,,,,,,,1,,,,,,0,stilwell,john stilwell,Conflict Resolution 
"Walsh, Diane G","Fazel, Vedad",,,,,SPAU,3301,001,12,23,11,18,22,7,11,10,4,3,3,,2,,,,,,3,dxg022000,diane walsh,Communication Disorders 
"Maguire, Mandy","Yuan, Haiying",,,,,SPAU,3303,001,7,37,,6,23,,9,15,,1,4,,5,,,,,,2,mjm053000,mandy maguire,Normal Language Development 
"Martin, Jeffrey S","Fowler, Stephanie L",,,,,SPAU,3341,002,,20,12,5,15,5,4,3,3,,1,,,,,,,,1,jsm016600,,Audiology 
"Katz, William","Doli, Evdoxia",,,,,SPAU,3343,001,7,40,10,9,14,9,5,11,3,1,6,2,9,,,,,,2,wkatz,william katz,Phonetics 
"Powers, Katharine A","Wiseman, Kathryn","Song, Chen",,,,SPAU,3344,001,1,6,4,2,6,4,9,6,5,2,6,3,9,,,,,,3,kap130730,katharine powers,Anatomy and Physiology of Speech and Hearing 
"Thibodeau, Linda K",,,,,,SPAU,4395,501,2,3,,1,4,,2,1,,,,,,,1,,,,1,thib,linda thibodeau,Issues in the Management of Persons with Hearing Impairment 
"Brinkley, Dawn Y","Zhao, Yuguang",,,,,PSY,3331,501,,20,14,7,13,11,3,9,4,3,2,,8,,,,,,1,dyb012000,dawn brinkley,Social Psychology 
"Pinkham, Amy E","Poucher, Jesse W",,,,,PSY,4343,001,,16,13,22,31,28,19,26,15,7,2,3,13,,,,,,8,aep140430,amy pinkham,Abnormal Psychology 
"Gentsch, Joanna K",,,,,,PSY,2301,HN1,9,11,3,1,1,,,,,,,,,,,,,,0,jgentsch,joanna gentsch,Introduction to Psychology 
"O'Toole, Alice J",,,,,,ACN,6330,001,,12,5,1,2,2,,1,,,,,,,,,,,0,otoole,alice otoole,Cognitive Science 
"Le Prell, Colleen G",,,,,,AUD,6305,001,,9,4,1,,,,,,,,,,,,,,,0,cgl150030,,Anatomy and Physiology of Audition 
"Roeser, Ross J",,,,,,AUD,6310,001,,7,2,1,4,,,,,,,,,,,,,,0,roeser,,Advanced Clinical Audiology 
"Warner-Czyz, Andrea D","Evans, Christine S",,,,,AUD,7324,001,,12,3,,,,,,,,,,,,,,,,0,adw052000,andrea warner czyz,Seminar in Cochlear Implants and Technology for Persons with Hearing Impairments 
"Lobarinas, Edward",,,,,,AUD,7327,001,,9,,2,3,,,,,,,,,,,,,,0,exl152130,,Evaluation and Fitting of Amplification Systems 
"Lougeay, Janice",,,,,,COMD,6221,001,,113,,,2,,,,,,,,,,,,,,0,lougeay,,Voice Disorders 
"Katz, William","Glotfelty, Annette R",,,,,COMD,6305,001,,,,,,,,,,,,,,,,,,25,0,wkatz,william katz,Speech Science 
"Maguire, Mandy",,,,,,COMD,6307,001,,20,,1,,,,,,,,,,,,,,,0,mjm053000,mandy maguire,Language Acquisition 
"Aldridge, Michelle A","Kenedi, Helen",,,,,COMD,6320,001,,87,,,3,,,,,,,,,,,,,,0,aldridge,michelle aldridge,Motor Speech Disorders 
"Kenedi, Helen","Sale, Felicity F",,,,,COMD,6377,001,,83,,,3,,,,,,,,,,,,,,0,kenedi,,Neurogenic Communication Disorders I 
"Dean, Lucinda L","Sale, Felicity F",,,,,COMD,6378,001,,19,,,,,,,,,,,,,,,,,0,lxl018300,,Neurogenic Communication Disorders II 
"Dean, Lucinda L",,,,,,COMD,7301,001,,28,,,,,,,,,,,,,,,,,0,lxl018300,,Public School Methods 
"Ulatowska, Hanna K",,,,,,COMD,7305,001,,7,,1,2,,,,,,,,,,,,,,0,hanna,hanna ulatowska,Communication and the Aging Brain 
"Rollins, Pamela R",,,,,,COMD,7336,001,,5,,1,,,,,,,,,,,,,,,0,rollins,pam rollins,Social Communication in Early Childhood Disorders 
"Stillman, Robert",,,,,,HCS,6302,001,,,,,,,,,,,,,,,,,,26,0,stillman,robert stillman,Issues in Behavioral and Brain Sciences - Part I 
"O'Toole, Alice J",,,,,,HCS,6330,001,,5,1,1,,,,,,,,,,,,,,,0,otoole,alice otoole,Cognitive Science 
"Holub, Shayla C",,,,,,HCS,6350,001,,4,1,1,,,,,,,,,1,,,,,,1,sch052000,shayla holub,Social Development 
"Touchstone, Emily W",,,,,,HCS,6357,001,,6,,,1,,,1,,,,,,,,,,,0,exw010200,emily touchstone,The Developing Child  Infants and Toddlers 
"Moller, Aage R",,,,,,ACN,6374,001,,21,5,11,1,,,,,,,,,,,,,,0,amoller,aage moller,Intraoperative Neurophysiological Monitoring 
"Ward, Felicia",,,,,,CLDP,4344,001,6,10,8,4,3,1,,2,,,,,,,,,,,0,few160030,felicia ward,Child Psychopathology 
"Boatman, Catherine A",,,,,,HDCD,6395,501,,7,,,,,,,,,,,,,,,,,0,cab018010,,Medical and Biobehavioral Factors in Early Childhood Disorders 
"Golden, Richard","Lundie, Michael J",,,,,PSY,3393,502,1,1,3,2,2,2,,1,,,,,4,,,,,,0,golden,richard golden,Experimental Projects in Psychology 
"Ward, Felicia",,,,,,PSY,4344,001,10,7,9,4,1,3,,1,,,,,1,,,,,,0,few160030,felicia ward,Child Psychopathology 
"Cook, Julie D",,,,,,COMD,7204,501,,36,,,,,,,,,,,,,,,,3,0,jdc151030,,Craniofacial Disorders 
"Ewing, Donna M",,,,,,HDCD,6315,001,,5,,1,,,,,,,,,,,,,,,0,dme061000,donna ewing,Assessment Theory 
"Touchstone, Emily W",,,,,,HDCD,6319,001,,8,,,2,,,1,,,,,,,,,,,0,exw010200,emily touchstone,The Developing Child  Infants and Toddlers 
"Hart, John",,,,,,COMD,7309,001,,4,,1,3,,,,,,,,,,,,,4,0,jxh057100,,Neural Correlates of Human Cognition  Lesion-Deficit Models 
"Juhn, Nancy H","Meldrum, Shelia","O'Connell, Margaret A",,,,PSYC,6312,001,,4,3,2,,1,,1,,,,,2,,,,,,0,njuhn,nancy juhn,Research Methods in Behavioral and Brain Sciences - Part I 
"Lobarinas, Edward",,,,,,AUD,6303,001,,7,3,,1,2,1,,,,,,,,,,,,0,exl152130,,Hearing Science 
"Miller, Van S","Phensy, Aarron J",,,,,NSC,4366,001,10,12,13,12,13,5,7,5,9,,10,,4,,,,,,4,vxm077000,van miller,Neuroanatomy 
"Ulatowska, Hanna K",,,,,,PSY,3350,001,,2,3,4,8,4,,,,,,,1,,,,,,1,hanna,hanna ulatowska,Psychology of Communication 
"Grant, Meridith G","Poudel, Sonali",,,,,PSY,3362,501,,4,,,3,,,2,,,,,3,,,,,,0,mga061000,meridith grant,Cognitive Development 
"Choate, Michael J",,,,,,PSY,3100,501,7,9,,,,,,,,,,,1,,,,,,0,mchoate,michael choate,Careers in Psychology 
"Grant, Meridith G","Poudel, Sonali",,,,,CLDP,3362,501,,15,,,20,,,18,,,2,,7,,,,,,0,mga061000,meridith grant,Cognitive Development 
"Touchstone, Emily W","Fowler, Mariah L",,,,,PSY,3310,001,,65,,,24,,,7,,,,,1,,,,,,2,exw010200,emily touchstone,Child Development 
"Touchstone, Emily W","Fowler, Mariah L",,,,,CLDP,3310,001,,23,,,7,,,,,,,,,,,,,,0,exw010200,emily touchstone,Child Development 
"Moller, Aage R","Nandy, Shaurabh",,,,,NSC,4373,001,150,12,,7,8,1,1,,,,,,,,,,,,1,amoller,aage moller,Sensory Neuroscience 
"Herrera, Nicolas S","Guo, Jinghui",,,,,CGS,4352,501,,2,1,1,1,,2,,1,,,1,1,,,,,,0,nsh100020,,Human Computer Interactions I 
"Orrick, Erika D",,,,,,ACN,6341,0W1,,21,5,,,,1,,,,,,,,,,,,0,edo042000,erika orrick,Human Computer Interactions I 
"Rypma, Bart P","Himes, Lyndahl M",,,,,PSY,4359,501,3,4,,,6,,,4,,,,,,,,,,,2,bpr061000,bart rypma,Cognitive Neuroscience 
"Rypma, Bart P","Himes, Lyndahl M",,,,,NSC,4359,501,10,14,,,15,,,1,,,,,,,,,,,0,bpr061000,bart rypma,Cognitive Neuroscience 
"Brinkley, Dawn Y","Wu, Sining",,,,,PSY,2301,002,,36,14,17,17,9,9,7,3,2,1,1,4,,,,,,4,dyb012000,dawn brinkley,Introduction to Psychology 
"Kroener, Sven","Childs, Jessica E",,,,,NSC,4354,001,52,26,19,7,7,11,4,9,1,2,3,2,7,,,,,,7,sxk101000,sven kroener,Integrative Neuroscience 
"O'Toole, Alice J",,,,,,CGS,2301,001,9,4,3,5,4,1,2,3,,2,2,,1,,,,,,3,otoole,alice otoole,Cognitive Science 
"Nelson Taylor, Jackie A",,,,,,PSY,4347,001,,6,8,8,5,6,1,3,2,,,,1,,,,,,1,jan110030,jackie nelson,Marriage and Family Psychology 
"Drew, Linda M",,,,,,PSY,4386,001,,3,5,1,5,,2,1,,,,,,,,,,,0,lmd102020,linda drew,Adult Development and Aging 
"Drew, Linda M",,,,,,SPAU,4386,001,1,5,5,3,5,1,,,1,,,,,,,,,,1,lmd102020,linda drew,Adult Development and Aging 
"Kennedy, Kristen M","Gonen, Chen",,,,,NSC,4385,001,,17,,,24,,,13,,,2,,2,,,,,,2,kmk082000,kristen kennedy,Neuropsychology 
"Roeser, Ross J",,,,,,AUD,6113,001,,,,,,,,,,,,,,,,,,25,0,roeser,,Grand Rounds 
"Roeser, Ross J",,,,,,AUD,7240,501,,10,,,,,,,,,,,,,,,,,0,roeser,,Auditory Processing Disorders 
"Nelson Taylor, Jackie A",,,,,,CLDP,4347,001,,5,4,3,11,2,1,,2,,1,,,,,,,,0,jan110030,jackie nelson,Marriage and Family Psychology 
"Rojas-Villarreal, Raul","Kavakci, Mariam",,,,,SPAU,4308,001,,39,,,11,,,4,,,1,,1,,,,,,0,rxr105520,raul rojas villarreal,Language Disorders in Children 
"Huxtable-Jester, Karen J","White, Kathryn A",,,,,PSY,3331,001,,34,13,5,15,10,13,13,5,3,5,1,7,,,,,,5,kxh014900,karen huxtable jester,Social Psychology 
"Wig, Gagandeep S","Han, Liang",,,,,PSY,3361,001,7,6,22,16,14,16,14,5,5,1,4,4,2,,,,,,1,gsw130130,gagan wig,Cognitive Psychology 
"Juhn, Nancy H","Meldrum, Shelia","O'Connell, Margaret A",,,,ACN,6312,001,,8,,1,,,,1,,,,,,,,,,,0,njuhn,nancy juhn,Research Methods in Behavioral and Brain Sciences - Part I 
"Wig, Gagandeep S","Han, Liang",,,,,CGS,3361,001,2,1,3,2,1,1,2,,1,,,,,,,,,,0,gsw130130,gagan wig,Cognitive Psychology 
"Powers, Katharine A","Wiseman, Kathryn","Song, Chen",,,,NSC,3344,001,,1,2,3,2,2,2,1,3,1,,,,,,,,,0,kap130730,katharine powers,Anatomy and Physiology of Speech and Hearing 
"Kaplan, Karen",,,,,,SPAU,4394,001,7,25,5,15,24,3,5,3,1,,3,,1,,,,,,2,kkaplan,karen kaplan,Multicultural Aspects of Communication Disorders 
"Mills, Candice M","Nguyen, Linda",,,,,PSY,3393,003,,12,,4,4,,,,,,,,1,,,,,,0,cxm056000,candice mills,Experimental Projects in Psychology 
"Barfoot, John W","Peskova, Olga",,,,,SPAU,3342,501,5,7,7,,1,1,,,1,1,,,2,,,,,,0,jwb043000,john barfoot,Exceptional Children 
"Small, Trillion N","Taylor, Mackenzie B",,,,,PSY,4343,501,,42,,,11,,,1,,,,,1,,,,,,1,txs174730,trillion small,Abnormal Psychology 
"McWilliams, Steven P",,,,,,ACN,6340,001,,4,6,7,6,5,2,3,,,,,1,,,,,,0,sxm127330,steven mcwilliams,Cellular Neuroscience 
"Thompson, Lucien",,,,,,HCS,6346,001,,6,1,,,,,,,,,,,,,,,,0,tres,lucien thompson,Systems Neuroscience 
"Thompson, Lucien",,,,,,ACN,6346,001,,23,8,1,3,2,,,,,,,,,,,,,1,tres,lucien thompson,Systems Neuroscience 
"LaDow, Eva S",,,,,,NSC,3361,HN1,6,10,4,3,1,,,,,,,,,,,,,,0,esl130130,eva ladow,Introduction to Neuroscience 
"LaDow, Eva S",,,,,,NSC,4352,HN1,2,17,2,1,1,,1,,,,,,,,,,,,0,esl130130,eva ladow,Cellular Neuroscience 
"Anderson, Carol A",,,,,,HDCD,6360,001,,8,,,2,,,,,,,,,,,,,,0,caa010400,,Behavior Management 
"Brody, Salena M",,,,,,PSY,4324,501,3,9,2,2,2,2,2,,2,,,,1,,,,,,0,smb051000,salena brody,The Psychology of Prejudice 
"Santrock, John W","Ralph, Yvonne K",,,,,CLDP,2314,001,,2,,,2,1,1,2,1,,1,,1,,,,,,1,santrock,john santrock,Lifespan Development 
"Santrock, John W","Ralph, Yvonne K",,,,,PSY,2314,001,3,16,9,2,12,3,3,4,6,1,9,1,8,,,,,,6,santrock,john santrock,Lifespan Development 
"Assmann, Peter",,,,,,PSY,2364,001,3,6,11,10,3,9,6,7,1,3,1,,2,,,,,,6,assmann,peter assmann,Animal Communication 
"Ackerman, Robert A","Corretti, Conrad",,,,,HCS,6312,002,,15,,1,4,2,,,,,,,1,,,,,,0,raa110030,robert ackerman,Research Methods in Behavioral and Brain Sciences - Part I 
"Ackerman, Robert A",,,,,,HCS,7310,001,,10,2,2,,,,,,,,,,,,,,,0,raa110030,robert ackerman,Advanced Research Methods 
"Cook, Jill B",,,,,,HDCD,5350,001,,6,,1,,,,,,,,,,,,,,,0,jbc140430,jill cook,Introduction to Child Life 
"Warner-Czyz, Andrea D","Pourchot Neale, Hannah D",,,,,SPAU,3341,001,,5,4,1,2,2,2,,3,1,,,,,,,,,0,adw052000,andrea warner czyz,Audiology 
"Carter, Jessica A","Mehta, Sonya",,,,,COMD,7221,001,,38,,,7,,,,,,,,,,,,,,0,jar032000,,Preschool Intervention 
"Clark, Jackie L",,,,,,AUD,6V20,101,,14,,,,,,,,,,,,,,,,,0,jclark,jackie clark,Laboratory Procedures in Audiology and Hearing Science 
"Lobarinas, Edward","Warner-Czyz, Andrea D","Grinn, Sarah",,,,AUD,6V20,102,,14,,,,,,,,,,,,,,,,,0,exl152130,,Laboratory Procedures in Audiology and Hearing Science 
"Juhn, Nancy H","O'Connell, Margaret A","Meldrum, Shelia",,,,ACN,6312,003,,4,2,6,6,2,1,2,,,,,,,,,,,1,njuhn,nancy juhn,Research Methods in Behavioral and Brain Sciences - Part I 
"Dollaghan, Christine","Goffman, Lisa A","Melamed, Tina",,,,COMD,6308,001,,57,,,21,,,,,,,,,,,,,,0,cxd062000,,Assessment and Intervention of Language Impairments in Preschool and School-Age Children 
"Dussor, Gregory O","Desolis, Christopher A",,,,,NSC,4363,001,,30,,,14,,,17,,,,,2,,,,,,2,gxd141130,gregory dussor,Neuropharmacology 
"Rollins, Pamela R",,,,,,HDCD,6365,001,,4,2,,,,,,,,,,,,,,,,0,rollins,pam rollins,Social Communication in Early Childhood Disorders 
"Basak, Chandramallika","Smith, Evan",,,,,PSY,3393,005,4,5,,,7,,,1,,,,,1,,,,,,1,cxb116130,chandramallika basak,Experimental Projects in Psychology 
"Rugg, Michael D",,,,,,HCS,7364,001,,5,3,2,1,,1,,,,,,,,,,,,0,mdr104020,michael rugg,Cognitive Neuroscience of Human Memory 
"Kennedy, Kristen M","Miranda, Giuseppe G",,,,,ACN,6338,001,,8,,,12,,,6,,,,,,,,,,,0,kmk082000,kristen kennedy,Functional Neuroanatomy 
"Raman, Rachna","Adelson, Megan J",,,,,PSY,3393,004,2,3,4,2,3,1,1,,,,,,,,,,,,1,rxr076000,rachna raman,Experimental Projects in Psychology 
"Sasson, Noah J","Debrabander, Kilee M",,,,,PSY,2301,003,,34,21,13,11,15,8,12,3,,2,1,7,,,,,,0,njs092000,noah sasson,Introduction to Psychology 
"Raman, Rachna","Stouffer, Kari K",,,,,PSY,3392,501,3,,6,7,5,7,7,4,3,6,,1,4,,,,,,2,rxr076000,rachna raman,Research Design and Analysis 
"Thompson, Lucien",,,,,,HCS,7351,001,,8,,,,,,,,,,,,,,,,,0,tres,lucien thompson,Aging and the Nervous System 
"Reid, Jon K",,,,,,PSY,4346,002,,24,,,34,,,10,,,1,,,,,,,,0,jkr150330,jon reid,Human Sexuality 
"Abdi, Herve","Kriegsman, Michael A","Yu, Ju-Chi",,,,HCS,7310,002,,9,4,1,,,,,,,,,,,,,,,0,herve,herve abdi,Advanced Research Methods 
"Aldridge, Michelle A",,,,,,COMD,6V09,001,,19,,,,,,,,,,,1,,,,,,0,aldridge,michelle aldridge,Autism Spectrum Disorder 
"Abdi, Herve","Yu, Ju-Chi","Kriegsman, Michael A",,,,HCS,7320,001,,9,4,1,,,,,,,,,,,,,,,0,herve,herve abdi,Advanced Research Methods in Behavioral and Brain Science and Data Analysis Using R 
"Ewing, Donna M",,,,,,HDCD,6312,001,,8,2,1,,1,,,,,,,,,,,,,0,dme061000,donna ewing,Atypical Development 
"Touchstone, Emily W",,,,,,COMD,6240,001,,20,,,,,,,,,,,,,,,,,0,exw010200,emily touchstone,Professional Issues in Speech Language Pathology 
"Vanneste, Sven","Mohan, Anusha","Yoo, Hye Bin",,,,NSC,4V90,501,,18,,,6,,,,,,,,,,,,,,0,sxv140030,sven vanneste,Special Topics in Neuroscience 
"Roark, Dana A","Ray, Nicholas R",,,,,PSY,3361,501,11,30,4,9,14,4,7,12,4,2,3,,10,,,,,,4,danar,dana roark,Cognitive Psychology 
"Brinkley, Dawn Y","Smith, Olivia","Boyer, Brittany P",,,,PSY,3332,001,,5,4,2,4,6,1,,1,4,1,,2,,,,,,1,dyb012000,dawn brinkley,Social and Personality Development 
"Brinkley, Dawn Y","Smith, Olivia","Boyer, Brittany P",,,,CLDP,3332,001,,16,9,4,11,6,2,10,1,,,,4,,,,,,1,dyb012000,dawn brinkley,Social and Personality Development 
"Roark, Dana A","Ray, Nicholas R",,,,,CGS,3361,501,1,2,1,3,1,,1,1,,,,,,,,,,,0,danar,dana roark,Cognitive Psychology 
"Grant, Meridith G","Terry, Courtney",,,,,CLDP,3394,001,,8,,,15,,,1,,,,,,,,,,,0,mga061000,meridith grant,Research and Evaluation Methods 
"Moller, Aage R",,,,,,HCS,7372,002,,31,1,,,,,,,,,,,,,,,,0,amoller,aage moller,Seminar in Neuroscience 
"Rodrigue, Karen M","Horn, Marci M",,,,,NSC,4359,001,1,10,8,6,7,5,4,2,2,1,,,1,,,,,,2,kmr082000,karen rodrigue,Cognitive Neuroscience 
"Prager, Karen",,,,,,PSY,3324,001,5,6,5,8,7,,5,7,4,1,1,,,,,,,,1,kprager,karen prager,Psychology of Gender 
"Sultana, Rukhsana","Abdelkarim, Dema H",,,,,NSC,4356,001,,34,,,18,,,6,,,,,1,,,,,,0,rxs170431,rukhsana sultana,Neurophysiology 
"Rodrigue, Karen M",,,,,,HCS,7372,001,,9,,,1,,,,,,,,,,,,,,0,kmr082000,karen rodrigue,Seminar in Neuroscience 
"Cokely, Carol G","Wiseman, Kathryn",,,,,AUD,7338,001,,7,4,4,,,,,,,,,,,,,,,0,cgc016200,,Research in Audiology 
"Kroener, Sven",,,,,,HCS,7121,001,,,,,,,,,,,,,,,,,,17,0,sxk101000,sven kroener,Graduate Seminar in Systems Neuroscience 
"Gu, Xiaosi","Straight, Jordan L","Fiore, Vincenzo",,,,NSC,3361,003,16,8,7,5,10,11,8,10,13,,2,,3,,,,,,1,xxg150730,xiaosi gu,Introduction to Neuroscience 
"Kim, Jiyoung",,,,,,MSEN,5300,501,,4,2,3,,1,,,,,,,,,,,,,0,jxk041000,,Introduction to Materials Science 
"Hsu, Julia",,,,,,MSEN,5310,001,,3,5,5,2,3,2,1,,,,,,,,,,,0,jxh101000,julia hsu,Thermodynamics of Materials 
"Cogan, Diana L","Zhu, Zhiqi","Thakur, Sneha",,,,EE,3320,501,5,3,5,1,4,3,1,5,4,,3,1,6,,,,,,2,dcc095020,diana cogan,Digital Circuits 
"Cogan, Diana L","Thakur, Sneha",,,,,EE,3320,001,4,5,8,1,4,4,5,1,1,1,2,,9,,,,,,1,dcc095020,diana cogan,Digital Circuits 
"Cogan, Diana L","Zhu, Zhiqi","Thakur, Sneha",,,,CE,3320,501,5,3,,4,2,2,,5,2,,1,,5,,,,,,0,dcc095020,diana cogan,Digital Circuits 
"Cogan, Diana L","Thakur, Sneha",,,,,CE,3320,001,1,,3,3,8,3,1,1,2,1,2,2,3,,,,,,0,dcc095020,diana cogan,Digital Circuits 
"Heins, Matthew S","Amin, Tanjil",,,,,EE,3350,002,4,10,4,4,7,2,2,1,1,,,,1,,,,,,2,msh130130,matthew heins,Communications Systems 
"Heins, Matthew S","Amin, Tanjil",,,,,EE,3350,501,7,4,1,1,13,3,3,4,1,,,1,,,,,,,0,msh130130,matthew heins,Communications Systems 
"Coleman, Ann C","Paul, Banaful",,,,,EE,4301,001,3,7,5,9,3,2,6,4,3,,7,,,,,,,,0,acc130630,ann coleman,Electromagnetic Engineering I 
"Lehmann, Randall E","Gemsheim, Alex J",,,,,EE,4368,001,3,16,4,3,12,2,1,1,2,,,,2,,,,,,0,rel041000,randall lehmann,RF Circuit Design Principles 
"Tamil, Lakshman",,,,,,EEOP,6310,001,,27,17,4,,,,,,,,,,,,,,,0,laxman,lakshman tamil,Optical Communication Systems 
"Henderson, Rashaunda M","Ren, Jiajun",,,,,EERF,6311,501,,21,10,9,7,4,,,,,,,,,,,,,0,rmh072000,rashaunda henderson,RF and Microwave Circuits 
"Gu, Qing","Chen, Ziyu",,,,,EEGR,6316,001,,6,10,10,5,3,,2,,,,,,,,,,,0,qxg160030,,Fields and Waves 
"Frensley, William",,,,,,EEMF,6319,501,,20,8,,,,,,,,,,,,,,,,0,frensley,william frensley,Quantum Physical Electronics 
"Panahi, Issa","Ganguly, Anshuman",,,,,EESC,6360,501,,4,,7,6,10,5,3,,,,,,,,,,,2,imp015000,issa panahi,Digital Signal Processing I 
"Lee, Hoi","Cheng, Qi",,,,,EECT,6378,001,,6,5,9,7,,,,,,,,,,,,,,1,hxl054000,hoi lee,Power Management Circuits 
"Lehmann, Randall E","Zaman, Monir M",,,,,EERF,6395,001,,19,7,7,12,4,,5,,,,,,,,,,,0,rel041000,randall lehmann,RF and Microwave Systems Engineering 
"Lee, Jeong-Bong",,,,,,EE,3110,101,1,3,,,5,,,,,,,,1,,,,,,0,jblee,jeong bong lee,Electronic Devices Laboratory 
"Lee, Jeong-Bong",,,,,,EE,3110,102,1,5,,,3,,,,,,,,1,,,,,,0,jblee,jeong bong lee,Electronic Devices Laboratory 
"Lee, Jeong-Bong",,,,,,EE,3110,103,2,7,,,4,,,,,,,,,,,,,,0,jblee,jeong bong lee,Electronic Devices Laboratory 
"Lee, Jeong-Bong",,,,,,CE,3110,101,2,6,,,3,,,,,,,,,,,,,,0,jblee,jeong bong lee,Electronic Devices Laboratory 
"Lee, Jeong-Bong",,,,,,CE,3110,102,1,7,,,2,,,,2,,,,,,,,,,0,jblee,jeong bong lee,Electronic Devices Laboratory 
"Zhou, Dian","Xiong, Jiu",,,,,EE,3120,102,,10,,,,,,,,,,,,,,,,,1,zhoud,dian zhou,Digital Circuits Laboratory 
"Zhou, Dian","Wang, Yifan",,,,,EE,3120,103,,9,,,,,,1,,,,,2,,,,,,0,zhoud,dian zhou,Digital Circuits Laboratory 
"Zhou, Dian","Wang, Yifan",,,,,EE,3120,104,,15,,,1,,,,,,1,,,,,,,,1,zhoud,dian zhou,Digital Circuits Laboratory 
"Zhou, Dian","Goswami, Pingakshya",,,,,CE,3120,101,,10,,,2,,,,,,1,,,,,,,,0,zhoud,dian zhou,Digital Circuits Laboratory 
"Kiasaleh, Kamran",,,,,,EE,3150,101,,5,,2,,1,5,4,1,,,,,,,,,,1,kamran,kamran kiasaleh,Communications Systems Laboratory 
"Kiasaleh, Kamran",,,,,,EE,3150,102,,3,,3,2,6,1,1,2,,,,,,,,,,0,kamran,kamran kiasaleh,Communications Systems Laboratory 
"Kiasaleh, Kamran",,,,,,EE,3150,103,,8,,2,2,,1,3,1,,1,,,,,,,,0,kamran,kamran kiasaleh,Communications Systems Laboratory 
"Kiasaleh, Kamran",,,,,,EE,3150,104,,7,,4,,5,,,1,,,,1,,,,,,0,kamran,kamran kiasaleh,Communications Systems Laboratory 
"Cho, Kyeongjae","Wang, Zhengyang",,,,,ENGR,3300,002,1,3,7,3,4,2,7,1,1,,,,1,,,,,,3,kxc067000,kyeongjae cho,Advanced Engineering Mathematics 
"Lee, Jung S","He, Jiacong",,,,,ENGR,3300,003,2,12,1,1,8,,2,12,2,,5,,,,,,,,2,jls032000,jung lee,Advanced Engineering Mathematics 
"Myers, Kathleen","Quayum, Ayon",,,,,ENGR,3341,501,3,4,5,3,4,7,8,8,,1,1,,4,,,,,,1,kxm156530,kathleen myers,Probability Theory and Statistics 
"Fonseka, John",,,,,,ENGR,3341,007,5,9,3,2,5,3,1,1,3,,3,1,4,,,,,,3,kjp,john fonseka,Probability Theory and Statistics 
"Fonseka, John",,,,,,ENGR,3341,504,4,8,2,7,2,6,4,2,5,,3,2,3,,,,,,1,kjp,john fonseka,Probability Theory and Statistics 
"Sechen, Carl","Hu, Bo",,,,,EECT,6325,001,,5,8,7,5,3,,,,,,,1,,,,,,0,cms057000,carl sechen,VLSI Design 
"Vogel, Don G",,,,,,CS,1136,101,35,2,1,1,,2,1,2,,,2,,4,,,,,,2,dgv130030,don vogel,Computer Science Laboratory 
"Vogel, Don G",,,,,,CS,1136,102,25,3,5,1,4,1,2,2,,,1,,6,,,,,,3,dgv130030,don vogel,Computer Science Laboratory 
"Vogel, Don G",,,,,,CS,1136,105,32,9,2,1,4,1,,,,,,,2,,,,,,2,dgv130030,don vogel,Computer Science Laboratory 
"Doore, Karen L",,,,,,CS,1335,001,4,13,1,7,12,3,2,1,,,3,,3,,,,,,1,kld054000,karen doore,Computer Science I for Non-majors 
"Le, Khiem V",,,,,,CS,1336,013,5,6,9,4,6,2,1,4,4,2,,4,3,,,,,,1,kvl140030,khiem le,Programming Fundamentals 
"Shields, Charles O",,,,,,CS,1336,004,2,7,8,6,6,3,4,3,1,,2,3,3,,,,,,3,cshields,charles shields,Programming Fundamentals 
"Shields, Charles O",,,,,,CS,1336,003,2,12,5,7,8,,6,3,1,3,3,,2,,,,,,0,cshields,charles shields,Programming Fundamentals 
"Smith, Jason W",,,,,,CS,1336,005,2,13,1,4,8,1,4,7,1,,2,,6,,,,,,2,jws130830,jason smith,Programming Fundamentals 
"Le, Khiem V",,,,,,CS,1336,501,10,4,8,7,5,2,3,1,3,,3,2,3,,,,,,1,kvl140030,khiem le,Programming Fundamentals 
"Willson, James K",,,,,,CS,3305,501,8,20,14,4,7,7,4,4,,,2,2,6,,,,,,1,jkw053000,james willson,Discrete Mathematics for Computing II 
"Morales, Linda","Hogue, Steven D",,,,,CS,3305,003,3,9,3,6,2,5,,3,,,2,,,,,,,,4,lxm014000,linda morales,Discrete Mathematics for Computing II 
"Farage, Timothy P",,,,,,SE,3306,001,18,22,3,8,10,4,3,4,,1,1,,3,,,,,,1,tfarage,timothy farage,Mathematical Foundations of Software Engineering 
"Nguyen, Nhut","Munia, Munawara Saiyara",,,,,CS,3340,001,,15,8,3,14,6,5,8,2,,,,4,,,,,,2,nhutnn,nhut nguyen,Computer Architecture 
"Nguyen, Nhut",,,,,,CS,3340,501,5,8,11,3,13,12,,6,12,,,,1,,,,,,0,nhutnn,nhut nguyen,Computer Architecture 
"Nguyen, Nhut","Munia, Munawara Saiyara",,,,,SE,3340,001,,,2,,3,,1,2,1,,,,1,,,,,,2,nhutnn,nhut nguyen,Computer Architecture 
"Whalen, Tristan G","Roy, Akash",,,,,SE,3341,501,6,1,1,1,1,1,2,2,3,2,1,2,2,,,,,,0,tgw100020,tristan whalen,Probability and Statistics in Computer Science and Software Engineering 
"Min, Richard K","Nguyen, Y H",,,,,CS,3377,001,5,5,2,,6,4,3,5,,,,,1,,,,,,5,rkm010300,richard min,C C  Programming in a UNIX Environment 
"Ryan, Christopher J",,,,,,ECS,3390,HN1,1,13,4,,1,,,,,,,,,,,,,,0,cxr088000,christopher ryan,Professional and Technical Communication 
"Hernandez-Katz, Melissa M",,,,,,ECS,3390,0H1,,9,3,,2,1,,1,1,,1,,1,,,,,,0,mhkatz,melissa hernandez katz,Professional and Technical Communication 
"Hernandez-Katz, Melissa M",,,,,,ECS,3390,0H2,,16,,,2,,1,,,,,,,,,,,,0,mhkatz,melissa hernandez katz,Professional and Technical Communication 
"Hernandez-Katz, Melissa M",,,,,,ECS,3390,0H3,,13,3,1,2,,,,,,,,,,,,,,0,mhkatz,melissa hernandez katz,Professional and Technical Communication 
"Glauser, Janece B",,,,,,ECS,3390,0H5,,12,2,,2,2,,,1,,,,,,,,,,0,jbg130030,janece glauser,Professional and Technical Communication 
"Coppersmith, Syd",,,,,,ECS,3390,503,,14,1,,1,2,,1,,,,,,,,,,,0,sxc123831,syd coppersmith,Professional and Technical Communication 
"Scally, Deborah A",,,,,,ECS,3390,5H3,7,6,,2,1,2,,,,,,,,,,,,,0,das,deborah scally,Professional and Technical Communication 
"Becker, Eric W","Cao, Tri M","Shah, Trusit Sandipbhai",,,,CS,4141,101,2,5,3,1,4,3,,,,,,,2,,,,,,0,ewb160130,eric becker,Digital Systems Laboratory 
"Becker, Eric W","Cao, Tri M","Shah, Trusit Sandipbhai",,,,CS,4141,102,4,7,,2,4,2,1,,,,,,,,,,,,0,ewb160130,eric becker,Digital Systems Laboratory 
"Davis, Chris I","Ghanbari, Ali",,,,,CS,4337,001,1,5,4,5,2,8,2,2,,,1,,2,,,,,,1,cid021000,chris davis,Organization of Programming Languages 
"Min, Richard K","Mai, Kelvin K",,,,,CS,4337,501,3,3,3,5,3,4,9,,,1,1,1,1,,,,,,0,rkm010300,richard min,Organization of Programming Languages 
"Davis, Chris I","Ghanbari, Ali",,,,,CE,4337,001,,2,1,5,2,,1,,,,,,,,,,,,0,cid021000,chris davis,Organization of Programming Languages 
"Becker, Eric W","Hosseini, Seyyed Mohammadsaleh",,,,,CS,4341,501,17,19,6,11,9,7,,11,,,2,,,,,,,,1,ewb160130,eric becker,Digital Logic and Computer Design 
"Becker, Eric W","Maweu, Barbara M",,,,,CS,4341,001,31,9,8,14,,1,,5,,,,,2,,,,,,0,ewb160130,eric becker,Digital Logic and Computer Design 
"Christiansen, Michael G","Collins, Ulysses J",,,,,CS,4347,001,11,5,10,7,8,8,,4,2,1,,1,1,,,,,,1,mgc013000,michael christiansen,Database Systems 
"Christiansen, Michael G","Collins, Ulysses J",,,,,SE,4347,001,3,1,2,,2,2,,1,,,,,,,,,,,0,mgc013000,michael christiansen,Database Systems 
"Daescu, Ovidiu","Wang, Hui",,,,,CS,4349,001,2,3,11,3,17,9,6,8,2,2,2,,3,,,,,,2,daescu,ovidiu daescu,Advanced Algorithm Design and Analysis 
"Cankaya, Ebru C","Anindya, Imrul C","Li, Xuelin",,,,CS,4349,002,4,12,7,1,17,5,5,7,5,3,3,,,,,,,,0,exc067000,ebru cankaya,Advanced Algorithm Design and Analysis 
"Chung, Lawrence","Kolluri, Kirthy",,,,,SE,4351,001,2,8,8,8,6,6,7,4,3,2,2,1,,,,,,,0,chung,lawrence chung,Requirements Engineering 
"Kumar, Pushpa S","Li, Xuelin",,,,,SE,4352,001,1,27,4,9,10,3,1,5,,,,,,,,,,,0,pkumar,pushpa kumar,Software Architecture and Design 
"Kumar, Pushpa S","Wang, Chao","Yuan, Jing",,,,CS,4361,001,3,21,6,6,24,,4,4,1,,,,,,,,,,2,pkumar,pushpa kumar,Computer Graphics 
"Ng, Yu Chung V","Meng, Dongye",,,,,CS,4375,501,4,14,8,8,5,9,6,6,,1,3,,4,,,,,,6,ycn041000,vincent ng,Introduction to Machine Learning 
"Arnold, Gordon L","Hayes, Alexander L",,,,,CS,4384,001,32,8,3,6,8,4,2,1,3,1,2,,4,,,,,,1,gxa120930,gordon arnold,Automata Theory 
"Farage, Timothy P","Tao, Hemeng",,,,,CS,4384,501,42,18,2,1,6,1,3,1,1,,,,,,,,,,0,tfarage,timothy farage,Automata Theory 
"Bastani, Farokh",,,,,,CS,4397,001,2,9,2,5,1,1,1,1,1,,,,,,,,,,0,bastani,farokh bastani,Embedded Computer Systems 
"Gupta, Neeraj K","Chen, Yuqiao",,,,,CS,4398,001,2,,2,2,3,1,1,,,,1,,,,,,,,2,nkg140130,neeraj gupta,Digital Forensics 
"Wong, Weichen E",,,,,,SE,4485,001,,35,1,,,,,,,,,,,,,,,,0,wew021000,weichen wong,Software Engineering Project 
"Razo Razo, Miguel A","Veerasamy, Jeyakesavan",,,,,CS,4485,001,,51,7,1,2,,1,,,,,,1,,,,,,0,mrazora,miguel razo,Computer Science Project 
"Cobb, Jorge",,,,,,CS,5333,001,,14,11,21,31,5,2,1,,,,,,,,,,,0,jcobb,jorge cobb,Discrete Structures 
"Ozbirn, Greg A","Bahirat, Kanchan A","Moeini, Hessam",,,,CS,5343,001,,68,24,7,6,3,2,1,,,,,,,,,,,0,ozbirn,greg ozbirn,Algorithm Analysis and Data Structures 
"Christiansen, Michael G","Xu, Rupei","Li, Changbin",,,,CS,5348,001,,31,21,13,7,2,,1,,,,,,,,,,,0,mgc013000,michael christiansen,
"Jue, Jason","Gour, Riti",,,,,CS,6352,001,,4,3,5,7,3,,1,,,,,1,,,,,,0,jjue,jason jue,Performance of Computer Systems and Networks 
"Nouroz Borazjany, Mehra","Melendez, Matthew J",,,,,CS,6359,002,,4,35,15,6,1,,,,,,,,,,,,,0,mxn143230,mehra borazjany,Object-Oriented Analysis and Design 
"Sudborough, Ivan H",,,,,,CS,6363,001,,4,5,4,1,,,,,,,,2,,,,,,1,hal,hal sudborough,Design and Analysis of Computer Algorithms 
"Bereg, Sergey","Chappidi, Sruthi",,,,,CS,6363,002,,24,33,8,,,,,,,,,,,,,,,0,sxb027100,sergey bereg,Design and Analysis of Computer Algorithms 
"Min, Richard K","Anindya, Imrul C",,,,,CS,6364,001,,9,9,9,10,,,,,,,,,,,,,,0,rkm010300,richard min,Artificial Intelligence 
"Nagar, Anurag","Liu, Jie",,,,,CS,6375,004,,16,17,13,3,,,,,,,,,,,,,,1,axn112530,anurag nagar,Machine Learning 
"Mezenner, Rabah",,,,,,ECS,3361,001,5,29,20,14,18,9,2,2,,,,,,,,,,,0,rxm129730,rabah mezenner,Social Issues and Ethics in Computer Science and Engineering 
"Mezenner, Rabah",,,,,,ECS,3361,002,5,30,25,14,14,8,1,2,1,,,,,,,,,,0,rxm129730,rabah mezenner,Social Issues and Ethics in Computer Science and Engineering 
"Le, Khiem V",,,,,,CS,1325,501,2,3,6,3,3,3,2,6,7,1,1,1,4,,,,,,1,kvl140030,khiem le,Introduction to Programming 
"Razo Razo, Miguel A",,,,,,CS,1325,001,12,8,11,4,3,5,4,1,,,,,12,,,,,,4,mrazora,miguel razo,Introduction to Programming 
"Ouyang, Hui","Balachandran, Balasubramaniam",,,,,MECH,3320,001,3,3,7,7,5,8,3,,1,,,,,,,,,,0,hxo150330,hui ouyang,Heat Transfer 
"VanDenberghe, William","Abdelgelil, Mahmoud E","Van de Put, Maarten L",,,,ENGR,3300,504,,4,6,4,4,6,5,2,2,2,1,,3,,,,,,2,wxv101020,william vandenberghe,Advanced Engineering Mathematics 
"Ouyang, Hui","Kang, Peiyuan",,,,,MECH,3310,002,7,14,16,19,8,5,1,1,1,,,1,,,,,,,1,hxo150330,hui ouyang,Thermodynamics 
"Lehmann, Randall E","Fang, Lei","Virushabadoss, Nishanth","Gemsheim, Alex J",,,EERF,6396,001,,9,4,7,16,4,,,,,,,,,,,,,0,rel041000,randall lehmann,Microwave Design and Measurement 
"Lee, Gil S","Bo, Yu",,,,,CE,3111,102,,4,2,,3,,,2,,,,,,,,,,,0,gslee,gill lee,Electronic Circuits Laboratory 
"Lee, Gil S","Choi, Ye I",,,,,EE,3111,101,2,8,1,1,1,,3,1,,1,,,,,,,,,0,gslee,gill lee,Electronic Circuits Laboratory 
Kenneth,"Chen, Lei",,,,,CE,3311,001,1,,1,1,,5,,,7,,,,1,,,,,,0,kxo091000,kenneth,Electronic Circuits 
"Pourkamali, Siavash",,,,,,CE,3311,501,3,2,1,,1,1,1,,,,2,,,,,,,,0,sxp124631,siavash pourkamali,Electronic Circuits 
Kenneth,"Chen, Lei",,,,,EE,3311,001,,4,4,3,4,7,2,3,3,1,,,,,,,,,0,kxo091000,kenneth,Electronic Circuits 
"Pourkamali, Siavash",,,,,,EE,3311,501,1,3,1,,,2,,1,1,,,,1,,,,,,1,sxp124631,siavash pourkamali,Electronic Circuits 
"Ma, Dongsheng","Chen, Lei",,,,,EE,4340,001,1,8,1,5,8,4,1,,2,,1,,1,,,,,,2,dxm101000,dongsheng ma,Analog Integrated Circuit Analysis and Design 
"Panahi, Issa","Karadagur Ananda Reddy, Chandan",,,,,EE,4361,001,2,,1,2,8,,5,2,3,1,4,,,,,,,,1,imp015000,issa panahi,Introduction to Digital Signal Processing 
"Lee, Jung S","Bangar, Esha",,,,,ENGR,3300,502,,7,1,1,7,,,14,4,1,9,1,2,,,,,,1,jls032000,jung lee,Advanced Engineering Mathematics 
"Lee, Jeong-Bong",,,,,,CE,3310,001,3,3,,4,7,,4,3,3,,,,,,,,,,0,jblee,jeong bong lee,Electronic Devices 
"Lee, Jeong-Bong",,,,,,EE,3310,001,1,2,,2,4,,4,4,2,,,,4,,,,,,0,jblee,jeong bong lee,Electronic Devices 
"Coleman, Ann C","Paul, Banaful",,,,,EE,4301,501,2,4,3,8,6,4,5,3,2,,6,,1,,,,,,1,acc130630,ann coleman,Electromagnetic Engineering I 
"Saad, Ricardo E","Byreddy, Pranith Reddy",,,,,EERF,6355,001,,15,10,7,4,,,,,,,,,,,,,,0,rsaad,ricardo saad,RF and Microwave Amplifier Design 
"Karrah, Shyam S",,,,,,CS,1336,012,8,20,,3,2,2,2,2,2,1,4,1,3,,,,,,2,skarrah,shyam karrah,Programming Fundamentals 
"Whalen, Tristan G","Coleman, Zachary W",,,,,CS,3341,001,6,8,6,3,5,5,5,4,5,2,4,1,11,,,,,,4,tgw100020,tristan whalen,Probability and Statistics in Computer Science and Software Engineering 
"Whalen, Tristan G","Roy, Akash",,,,,CS,3341,501,18,16,11,14,13,6,,8,2,3,2,,7,,,,,,1,tgw100020,tristan whalen,Probability and Statistics in Computer Science and Software Engineering 
"Yuruk, Nurcan","Skorupa Parolin, Erick",,,,,CS,6360,002,,27,10,10,11,1,,,,,,,,,,,,,2,nxy140530,nurcan yuruk,Database Design 
"Ryu, III",,,,,,MECH,2320,001,1,3,7,5,2,2,2,2,,,,,,,,,,,0,ixr161130,,Mechanics of Materials 
"Fadda, Dani Z","Hamidi, Armita",,,,,MECH,3305,002,4,15,5,5,8,2,4,1,2,,,,,,,,,,1,dzf091000,dani fadda,Computer Aided Design 
"Iungo, Giacomo Valerio","Debnath, Mithu",,,,,MECH,3315,002,12,15,7,10,9,10,2,,3,1,1,,5,,,,,,0,ixg140830,giacomo iungo,Fluid Mechanics 
"Lu, Hongbing","Wang, Xuemin",,,,,MECH,2120,101,2,12,6,2,,,,,,,,,,,,,,,0,hxl101000,hongbing lu,Mechanics of Materials Laboratory 
"Rios, Oziel","Sadeh, Sepehr",,,,,MECH,3105,101,,10,3,1,4,2,1,5,7,,,,3,,,,,,1,oxr106020,oziel rios,Computer Aided Design Laboratory 
"Rios, Oziel","Sadeh, Sepehr",,,,,MECH,3105,102,,1,4,,7,5,2,4,3,,,,2,,,,,,1,oxr106020,oziel rios,Computer Aided Design Laboratory 
"Park, Wooram","Lin, Jianping",,,,,MECH,3150,101,1,18,5,3,11,2,,1,,,1,,,,,,,,1,wxp103020,wooram park,Kinematics and Dynamics Laboratory 
"Ruths, Justin","Hashemi, Navid",,,,,MECH,4310,001,,4,4,4,3,,,9,3,,3,,6,,,,,,1,jxr163730,justin ruths,Systems and Controls 
"Belkoura, Mohamed Amine",,,,,,CS,1337,501,,11,,,7,,,7,,,2,,1,,,,,,1,mxb135330,mohamed amine belkoura,Computer Science I 
"Smith, Jason W",,,,,,CS,1337,002,9,3,4,1,6,2,2,3,1,1,,1,25,,,,,,10,jws130830,jason smith,Computer Science I 
"Smith, Jason W",,,,,,CS,1337,001,6,7,1,1,2,,2,2,,,,,,,,,,,0,jws130830,jason smith,Computer Science I 
"Farage, Timothy P",,,,,,CE,2305,001,4,1,,3,1,1,,1,,,,,,,,,,,1,tfarage,timothy farage,Discrete Mathematics for Computing I 
"Farage, Timothy P",,,,,,CE,2305,002,9,2,3,,,,,1,,,,,,,,,,,0,tfarage,timothy farage,Discrete Mathematics for Computing I 
"Farage, Timothy P",,,,,,CS,2305,001,4,7,,,1,2,3,4,5,2,1,3,,,,,,,0,tfarage,timothy farage,Discrete Mathematics for Computing I 
"Farage, Timothy P",,,,,,CS,2305,002,18,15,4,5,4,,1,7,2,1,,1,5,,,,,,1,tfarage,timothy farage,Discrete Mathematics for Computing I 
"Willson, James K",,,,,,CS,2305,501,3,15,4,4,3,5,2,3,,,1,,,,,,,,0,jkw053000,james willson,Discrete Mathematics for Computing I 
"Semper, William J",,,,,,CS,2305,502,1,12,2,5,5,5,4,4,,,,,1,,,,,,1,wjs130130,william semper,Discrete Mathematics for Computing I 
"Nouroz Borazjany, Mehra",,,,,,CE,2336,001,5,,,1,,,2,2,,,,,2,,,,,,0,mxn143230,mehra borazjany,Computer Science II 
"Nouroz Borazjany, Mehra",,,,,,CS,2336,001,10,5,10,6,3,2,4,2,5,,4,1,7,,,,,,3,mxn143230,mehra borazjany,Computer Science II 
"Khan, Ziaullah",,,,,,CS,2336,502,9,3,8,17,10,2,4,,,,,2,,,,,,,2,kkhan,ziaullah khan,Computer Science II 
"Feng, Ranran",,,,,,CS,2336,005,3,4,6,19,7,8,6,3,2,,1,,3,,,,,,2,rxf090020,ranran feng,Computer Science II 
"Ozbirn, Greg A","Wang, Zhuoyi","Zhu, Yuankun",,,,CE,3345,002,,2,2,,,4,1,,1,,,,,,,,,,0,ozbirn,greg ozbirn,Data Structures and Introduction to Algorithmic Analysis 
"Chida, Anjum","Lagrone, Travis C","Hu, Xinyu",,,,CS,3345,001,7,11,7,2,1,1,,1,,,1,,1,,,,,,0,axc157030,anjum chida,Data Structures and Introduction to Algorithmic Analysis 
"Ozbirn, Greg A","Wang, Zhuoyi","Zhu, Yuankun",,,,CS,3345,002,3,9,18,12,6,7,4,3,1,1,,2,5,,,,,,1,ozbirn,greg ozbirn,Data Structures and Introduction to Algorithmic Analysis 
"Page, Ivor","Gokhale, Shreyas S",,,,,CS,3345,HON,4,12,6,9,1,,1,1,,,,,1,,,,,,0,ivor,ivor page,Data Structures and Introduction to Algorithmic Analysis 
"Cankaya, Ebru C","Chen, Lingchao",,,,,CS,3354,001,4,24,11,7,7,3,1,3,,1,1,,2,,,,,,0,exc067000,ebru cankaya,Software Engineering 
"Paulk, Mark C","Tian, Zijing","Wang, Haoliang",,,,CS,3354,002,2,18,12,10,12,7,10,7,3,,,1,,,,,,,0,mcp130030,mark paulk,Software Engineering 
"Cankaya, Ebru C","Mao, Dongyu",,,,,CS,3354,003,3,12,3,2,9,,2,1,,,,,1,,,,,,1,exc067000,ebru cankaya,Software Engineering 
"Goodrum, Richard A","Zhu, Yuankun",,,,,CE,4348,501,,8,,,13,,,5,,,1,,,,,,,,0,rag150330,richard goodrum,Operating Systems Concepts 
"Ozbirn, Greg A","Ahn, Sung Soo",,,,,CS,4348,001,,1,3,6,5,9,3,7,4,2,4,4,7,,,,,,1,ozbirn,greg ozbirn,Operating Systems Concepts 
"Ozbirn, Greg A","Bista, Himlun B",,,,,CS,4348,501,,5,4,5,5,4,5,6,7,1,,1,1,,,,,,2,ozbirn,greg ozbirn,Operating Systems Concepts 
"Ozbirn, Greg A","Bista, Himlun B",,,,,SE,4348,501,,,1,4,2,1,3,2,,1,,,1,,,,,,2,ozbirn,greg ozbirn,Operating Systems Concepts 
"Friedman, Joseph S","Jha, Sumit","Chen, Jianfei","Nahar, Lubaba M",,,EE,3101,101,1,4,3,2,,2,,,,,,,,,,,,,0,jsf160330,joseph friedman,Electrical Network Analysis Laboratory 
"Friedman, Joseph S","Chen, Jianfei","Nahar, Lubaba M",,,,EE,3101,103,,7,2,2,3,,,,,,,,1,,,,,,0,jsf160330,joseph friedman,Electrical Network Analysis Laboratory 
"Friedman, Joseph S","Nahar, Lubaba M",,,,,EE,3101,104,,9,2,1,,,,1,1,,,,1,,,,,,0,jsf160330,joseph friedman,Electrical Network Analysis Laboratory 
"Friedman, Joseph S","Bo, Yu","Chen, Jianfei","Nahar, Lubaba M",,,EE,3101,102,,3,2,2,1,1,,1,,,,,,,,,,,1,jsf160330,joseph friedman,Electrical Network Analysis Laboratory 
"Kehtarnavaz, Nasser","Dawar, Neha",,,,,CE,3102,101,2,2,1,1,1,2,,,,,,,,,,,,,1,nxk019000,nasser kehtarnavaz,Signals and Systems Laboratory 
"Kehtarnavaz, Nasser","Taghizadeh Alamdari, Nasim","Dawar, Neha",,,,EE,3102,102,5,1,2,1,1,1,2,,,,,,,,,,,,0,nxk019000,nasser kehtarnavaz,Signals and Systems Laboratory 
"Helms, Robert","Luo, Ziyang",,,,,CE,3301,001,,1,,,3,2,1,2,2,1,1,,2,,,,,,0,rxh033000,,Electrical Network Analysis 
"Helms, Robert","Luo, Ziyang",,,,,EE,3301,001,,4,5,1,3,1,5,8,4,1,2,,2,,,,,,0,rxh033000,,Electrical Network Analysis 
"Fumagalli, Andrea",,,,,,CE,3302,001,,1,,3,,2,6,3,1,,1,,1,,,,,,0,andreaf,andrea fumagalli,Signals and Systems 
"Fumagalli, Andrea",,,,,,EE,3302,001,,9,,3,5,3,6,4,5,,3,,3,,,,,,1,andreaf,andrea fumagalli,Signals and Systems 
"Tacca, Marco",,,,,,CE,4388,501,,10,4,,,,,,,,,,,,,,,,0,mtacca,marco tacca,Senior Design Project I 
"Tacca, Marco",,,,,,CE,4388,502,,7,4,1,,,,,,,,,,,,,,,0,mtacca,marco tacca,Senior Design Project I 
"Tacca, Marco",,,,,,EE,4388,501,,13,13,1,1,,,,,,,,,,,,,,0,mtacca,marco tacca,Senior Design Project I 
"Tacca, Marco",,,,,,EE,4388,502,,11,11,2,2,,3,,,,,,,,,,,,0,mtacca,marco tacca,Senior Design Project I 
"Tacca, Marco",,,,,,EE,4389,501,1,10,4,3,3,,,1,,,,,,,,,,,0,mtacca,marco tacca,Senior Design Project II 
"Nguyen, Nhut","Desai, Takshak",,,,,CS,4390,001,2,9,8,10,10,4,,4,3,,3,,1,,,,,,0,nhutnn,nhut nguyen,Computer Networks 
"Nguyen, Nhut","Desai, Takshak",,,,,CE,4390,001,,2,3,5,,3,,,,,1,,,,,,,,0,nhutnn,nhut nguyen,Computer Networks 
"Tadesse, Yonas T","Wu, Lianjun",,,,,MECH,6303,501,,21,7,3,6,1,,,,,,,,,,,,,0,ytt110030,yonas tadesse,Computer Aided Design 
"Dow, Douglas C",,,,,,ECS,3361,HN1,5,6,10,2,1,,,,,,,,,,,,,,1,dougdow,douglas dow,Social Issues and Ethics in Computer Science and Engineering 
"Vogel, Don G",,,,,,CS,1136,106,28,8,,2,1,,,3,,,6,,1,,,,,,2,dgv130030,don vogel,Computer Science Laboratory 
"Chung, Lawrence","Kolluri, Kirthy",,,,,SE,6362,001,,4,4,2,4,,,,,,,,,,,,,,0,chung,lawrence chung,Advanced Software Architecture and Design 
"Zhang, Lingming","Mao, Dongyu",,,,,CS,6367,501,,12,8,1,,,1,,,,,,1,,,,,,0,lxz144130,lingming zhang,Software Testing  Validation and Verification 
"Mezenner, Rabah",,,,,,ECS,3361,003,4,19,22,19,20,8,3,4,,,,,,,,,,,1,rxm129730,rabah mezenner,Social Issues and Ethics in Computer Science and Engineering 
"Zhou, Dian","Xiong, Jiu",,,,,EE,3120,105,,9,,,2,,,,,,,,,,,,,,0,zhoud,dian zhou,Digital Circuits Laboratory 
"Lee, Gil S","Cheng, Qi",,,,,EE,3111,104,,9,1,,2,,,,1,,,,,,,,,,1,gslee,gill lee,Electronic Circuits Laboratory 
"Vogel, Don G",,,,,,CS,1136,104,23,8,4,1,3,,,1,,,1,,6,,,,,,3,dgv130030,don vogel,Computer Science Laboratory 
"Vogel, Don G",,,,,,CS,1136,103,30,8,2,6,3,,1,,,,1,,2,,,,,,0,dgv130030,don vogel,Computer Science Laboratory 
"Vogel, Don G",,,,,,CS,1136,107,14,9,2,7,3,2,1,3,1,,2,,4,,,,,,1,dgv130030,don vogel,Computer Science Laboratory 
"Vogel, Don G",,,,,,CS,1136,108,27,8,2,,1,2,2,,,,,,3,,,,,,0,dgv130030,don vogel,Computer Science Laboratory 
"Vogel, Don G",,,,,,CS,1136,109,25,2,3,2,2,1,,3,1,,2,,4,,,,,,4,dgv130030,don vogel,Computer Science Laboratory 
"Shields, Charles O",,,,,,CS,1336,016,2,3,5,6,8,4,10,3,1,1,2,1,4,,,,,,2,cshields,charles shields,Programming Fundamentals 
"Nouroz Borazjany, Mehra","Melendez, Matthew J",,,,,CS,6359,001,,11,12,8,3,,,1,,,,,,,,,,,0,mxn143230,mehra borazjany,Object-Oriented Analysis and Design 
"Davis, Chris I",,,,,,CS,6360,501,,36,18,7,1,3,,,,,,,,,,,,,2,cid021000,chris davis,Database Design 
"Vogel, Don G",,,,,,CS,1136,110,18,8,6,3,5,2,,2,2,,1,,5,,,,,,0,dgv130030,don vogel,Computer Science Laboratory 
"Ali, Mohammed Z","Helal, Noha",,,,,ENGR,2300,503,1,16,,3,3,2,1,1,,,,,2,,,,,,1,mohammed,ali mohammed,Linear Algebra for Engineers 
"Al-Dhahir, Naofal M","Marzban, Mohamed F",,,,,ENGR,2300,002,6,6,6,8,3,3,,2,1,1,,2,6,,,,,,0,nxa028000,naofal al dhahir,Linear Algebra for Engineers 
"Khoobroo, Amir",,,,,,ENGR,2300,501,5,5,2,3,4,6,1,3,7,,2,2,7,,,,,,2,axk144831,amir khoobroo,Linear Algebra for Engineers 
"Zhang, Kang","Wang, Xiaoyu",,,,,CS,6366,001,,27,10,8,1,1,,2,,,,,2,,,,,,0,kzhang,kang zhang,Computer Graphics 
"Feng, Ranran","Patel, Vatsalkumar R","Li, Changbin",,,,CS,3360,001,2,3,6,8,5,1,5,2,,1,,1,3,,,,,,0,rxf090020,ranran feng,Computer Graphics for Artists and Designers 
"Hernandez-Katz, Melissa M",,,,,,ECS,3390,0H4,,12,3,2,1,1,,,,,,,,,,,,,0,mhkatz,melissa hernandez katz,Professional and Technical Communication 
"Namgoong, Won","Abdelgelil, Mahmoud E",,,,,EESC,6349,001,,1,1,2,1,1,1,,,,,,,,,,,,2,wxn062000,won namgoong,Random Processes 
"Cogan, Diana L","Zhu, Zhiqi","Banik, Jyotirmoy",,,,CE,1202,001,3,1,6,3,4,2,1,,9,1,,2,5,,,,,,1,dcc095020,diana cogan,Introduction to Electrical Engineering II 
"Cogan, Diana L","Zhu, Zhiqi","Banik, Jyotirmoy",,,,EE,1202,001,5,9,8,8,9,8,4,,14,2,1,,8,,,,,,0,dcc095020,diana cogan,Introduction to Electrical Engineering II 
"Makris, Georgios","Zaman, Monir M",,,,,EEDG,6304,001,,6,5,3,1,1,,,,,,,,,,,,,0,gxm112130,yiorgos makris,Computer Architecture 
"Makris, Georgios","Zaman, Monir M",,,,,CE,6304,001,,3,4,3,,,,,,,,,1,,,,,,0,gxm112130,yiorgos makris,Computer Architecture 
"Liu, Jin","Ren, Jiajun",,,,,EECT,6326,001,,13,10,5,11,4,,1,,,,,,,,,,,0,jinliu,jin liu,Analog Integrated Circuit Design 
"Park, Wooram","Daryadel, Seyed Soheil",,,,,MECH,4340,001,2,6,8,4,9,6,3,1,3,,,,2,,,,,,0,wxp103020,wooram park,Mechanical Vibrations 
"Thamban, P.L.Stephan","Chang, Chih-Lun",,,,,MECH,2310,001,2,5,6,9,6,2,3,3,2,,1,1,3,,,,,,0,stephan,p l stephan thamban,Statics 
"Hilkert, James M","Sunny, Sumair F",,,,,MECH,3350,001,5,11,12,9,12,5,12,5,3,1,,,3,,,,,,1,jmh011500,james hilkert,Kinematics and Dynamics of Mechanical Systems 
"Gans, Nicholas R","Li, Yingmao","Hosseini Jafari, Bashir","Eslami Manoochehri, Hafez","Iqbal, Asif",,EE,4310,001,5,11,2,6,17,2,3,8,2,,1,,,,,,,,0,nrg092000,nicholas gans,Systems and Controls 
"Kirtzic, John S","Jin, Rong",,,,,CS,4332,501,34,9,6,2,1,1,1,2,1,,2,1,5,,,,,,1,jsk061000,john kirtzic,Introduction to Programming Video Games 
"Fischetti, Massimo V",,,,,,ENGR,3300,501,2,5,4,3,5,5,3,2,2,3,1,,6,,,,,,3,mvf100020,massimo fischetti,Advanced Engineering Mathematics 
"Deignan, Paul B","He, Jiacong",,,,,ENGR,3341,502,3,5,7,3,2,7,3,5,,,5,,3,,,,,,1,pbd130130,paul deignan,Probability Theory and Statistics 
"Swartz, William P","Shahshahani, Masoud",,,,,EE,4304,501,4,4,10,5,1,2,1,,,,,,3,,,,,,1,wps100020,william swartz,Computer Architecture 
"Swartz, William P","Shahshahani, Masoud",,,,,CE,4304,501,6,8,9,4,6,,,,,,,,,,,,,,0,wps100020,william swartz,Computer Architecture 
"Sechen, Carl","Hu, Bo",,,,,EECT,6325,002,,8,13,11,13,3,,,,,,,,,,,,,0,cms057000,carl sechen,VLSI Design 
"Cankaya, Ebru C","Taghavi Nasrabadi, Afshin",,,,,CS,4389,001,2,8,6,4,9,3,4,3,1,1,,,1,,,,,,0,exc067000,ebru cankaya,Data and Applications Security 
"Anderson, William C","Wang, Chao",,,,,MECH,6370,001,,6,3,4,2,3,2,,,,,,,,,,,,0,wca140030,william anderson,Incompressible Fluid Mechanics 
"Herrera, Nicolas S","Guo, Jinghui",,,,,CS,4352,501,11,15,10,4,3,6,5,3,2,,1,,,,,,,,1,nsh100020,,Human Computer Interactions I 
"Goodrum, Richard A","Nguyen Minh, Tan",,,,,CS,3340,002,,25,,,21,,,8,,,8,,6,,,,,,5,rag150330,richard goodrum,Computer Architecture 
"Veerasamy, Jeyakesavan",,,,,,CS,1336,010,9,14,2,5,2,9,,4,1,1,,2,3,,,,,,0,veerasam,jeyakesavan veerasamy,Programming Fundamentals 
"Cole, John","Skorupa Parolin, Erick",,,,,CS,6360,004,,5,,,13,3,,1,,,,,2,,,,,,0,jxc064000,john cole,Database Design 
"Wu, Wei L","Tong, Guangmo",,,,,CS,7301,001,,8,,,,,,,,,,,,,,,,,0,wxw020100,weili wu,Recent Advances in Computing 
"Moldovan, Dan I","Zhang, Linrui",,,,,CS,6320,001,,7,2,11,11,10,3,7,,,,,1,,,,,,0,moldovan,dan moldovan,Natural Language Processing 
"Nourani, Mehrdad","Kalidas, Vignesh","Bi, Zhaori",,,,EEDG,6301,001,,8,18,6,7,2,,1,,,,,,,,,,,1,nourani,mehrdad nourani,Advanced Digital Logic 
"Coleman, James J","Kirkpatrick, Brandi J","Chen, Jianfei",,,,EEMF,6320,001,,5,3,1,,,,,,,,,,,,,,,0,jjc130530,james coleman,Fundamentals of Semiconductor Devices 
"Coleman, James J","Kirkpatrick, Brandi J","Chen, Jianfei",,,,MSEN,6320,001,,7,1,,,,,,,,,,,,,,,,0,jjc130530,james coleman,Fundamentals of Semiconductor Devices 
"Swartz, William P","Birjandtalab Golkhatm, Javad","Wang, Xianan",,,,EEDG,6302,303,,6,6,5,1,2,,,,,,,,,,,,,0,wps100020,william swartz,Microprocessor Systems 
"Choi, Wonjae","Santhanagopalan, Vignesh",,,,,MECH,3115,103,3,13,,,1,,,1,,,,,,,,,,,0,wxc111930,wonjae choi,Fluid Mechanics Laboratory 
"Hassanipour, Fatemeh","Jiang, Lin","Wang, Xiaomeng",,,,MECH,3120,101,3,13,2,,,,,,,,,,,,,,,,0,fxh091000,fatemeh hassanipour,Heat Transfer Laboratory 
"Hassanipour, Fatemeh","Jiang, Lin","Wang, Xiaomeng",,,,MECH,3120,102,5,10,3,,,,,,,,,,,,,,,,0,fxh091000,fatemeh hassanipour,Heat Transfer Laboratory 
"Hilkert, James M","Sunny, Sumair F",,,,,MECH,3350,501,5,12,7,5,9,8,8,6,4,,,1,,,,,,,1,jmh011500,james hilkert,Kinematics and Dynamics of Mechanical Systems 
"Qian, Dong","Baan, Marzieh",,,,,MECH,3351,001,,13,25,17,8,8,3,1,,,,,,,,,,,2,dxq120430,dong qian,Design of Mechanical Systems 
"Crowder, Wade A",,,,,,ECS,3390,504,,2,6,8,2,1,,,,,,,,,,,,,0,wac010100,wade crowder,Professional and Technical Communication 
"Paulk, Mark C","Wang, Haoliang",,,,,SE,4367,001,6,9,8,4,9,3,3,5,4,3,3,,4,,,,,,0,mcp130030,mark paulk,Software Testing  Verification  Validation and Quality Assurance 
"Hamlen, Kevin",,,,,,CS,6301,002,,,7,1,,,,,,,,,,,,,,,0,kxh060100,kevin hamlen,Special Topics in Computer Science 
"Alagar, Sridhar","Ozarslan, Omer F",,,,,CS,6378,001,,10,3,4,7,2,1,,,,,,2,,,,,,1,sxa173731,sridhar alagar,Advanced Operating Systems 
"Min, Richard K","Zhou, Husheng",,,,,CS,3377,0W1,6,4,5,9,7,2,8,5,2,,,1,3,,,,,,1,rkm010300,richard min,C C  Programming in a UNIX Environment 
"Nagar, Anurag","Belavadi, Vibha Chandramouli",,,,,CS,6375,001,,22,20,21,2,,,,,,,,,,,,,,0,axn112530,anurag nagar,Machine Learning 
"Mittal, Neeraj","Dhoked, Sahil",,,,,CS,6301,001,,6,,2,,2,,,,,,,,,,,,,0,nxm020100,neeraj mittal,Special Topics in Computer Science 
"Debroy, Vidroha",,,,,,CS,3162,551,47,4,2,1,,3,1,1,1,,,,1,,,,,,0,vxd024000,vidroha debroy,Professional Responsibility in Computer Science and Software Engineering 
"Arnold, Gordon L",,,,,,CS,3162,052,9,17,4,,,,,1,,,,,,,,,,,2,gxa120930,gordon arnold,Professional Responsibility in Computer Science and Software Engineering 
"Wilt, James C",,,,,,ECS,3361,501,,7,15,16,15,22,7,6,6,2,,,2,,,,,,1,jcw140130,james wilt,Social Issues and Ethics in Computer Science and Engineering 
"Gohil, Ghanshyamsinh",,,,,,EEPE,6354,001,,6,8,4,2,1,2,,,,,,,,,,,,1,gxg172530,ghanshyamsinh gohil,Power Electronics 
"Ali, Tariq M","Abbott, Justin",,,,,BMEN,3320,001,6,6,7,9,7,8,4,2,2,,,,12,,,,,,0,tma051000,tariq ali,Electrical and Electronic Circuits in Biomedical Engineering 
"Nam, Hyunjoo",,,,,,BMEN,6373,501,,8,10,2,6,2,,,,,,,,,,,,,0,hjn091000,hyun joo nam,Anatomy and Human Physiology for Engineers 
"Bleris, Leonidas",,,,,,BMEN,6374,001,,20,15,4,2,,,,,,,,,,,,,,0,lxb092000,leonidas bleris,Genes  Proteins and Cell Biology for Engineers 
"Yurkovich, Stephen","Ramasubramanian, Suvrat",,,,,MECH,6300,001,,6,5,1,2,5,1,,,,,,,,,,,,0,sxy111430,stephen yurkovich,Linear Systems 
"Yurkovich, Stephen","Ramasubramanian, Suvrat",,,,,EECS,6331,001,,4,1,1,8,3,1,1,,,,,,,,,,,1,sxy111430,stephen yurkovich,Linear Systems 
"Soncodi, Adrian C",,,,,,CS,2305,504,4,8,2,8,2,1,3,2,,,2,,,,,,,,0,acs151130,adrian soncodi,
"Akin, Bilal","Baruti, Kudra H","Mitra, Arkadeep",,,,ENGR,2300,004,2,5,3,3,6,4,3,7,4,,,,6,,,,,,0,bxa123330,bilal akin,Linear Algebra for Engineers 
"Thamban, P.L.Stephan","Garimella, Martand Mayukh",,,,,MECH,2330,001,1,7,4,3,10,5,7,7,4,3,5,1,1,,,,,,0,stephan,p l stephan thamban,Dynamics 
"Le, Khiem V",,,,,,CS,1336,007,3,8,1,6,4,9,1,4,3,,2,2,8,,,,,,1,kvl140030,khiem le,Programming Fundamentals 
"Chida, Anjum","Zhang, Shuai","Li, Xinyi",,,,CS,3345,003,9,7,9,8,7,5,2,2,,,,,3,,,,,,1,axc157030,anjum chida,Data Structures and Introduction to Algorithmic Analysis 
"Gupta, Neeraj K","Gour, Riti",,,,,CS,5343,002,,38,3,8,11,,,2,,,,,2,,,,,,0,nkg140130,neeraj gupta,Algorithm Analysis and Data Structures 
"Desmedt, Yvo G",,,,,,CS,5333,002,,25,6,4,10,12,10,6,,,,,6,,,,,,0,ygd120030,yvo desmedt,Discrete Structures 
"Whalen, Tristan G","Soliman, Marwah M",,,,,CS,3341,002,12,11,4,4,11,7,4,6,4,1,2,7,19,,,,,,4,tgw100020,tristan whalen,Probability and Statistics in Computer Science and Software Engineering 
"Whalen, Tristan G","Soliman, Marwah M",,,,,SE,3341,002,2,1,1,1,,1,1,1,1,,1,1,5,,,,,,1,tgw100020,tristan whalen,Probability and Statistics in Computer Science and Software Engineering 
"Ryu, III","Aragon, Nicole K",,,,,MECH,4301,501,2,10,9,7,8,7,4,2,3,,,,1,,,,,,3,ixr161130,,Intermediate Mechanics of Materials 
"Choi, Wonjae","LeClear, Johnathon D",,,,,MECH,3115,102,5,12,,,,,,,,,,,,,,,,,0,wxc111930,wonjae choi,Fluid Mechanics Laboratory 
"Hassanipour, Fatemeh","Jiang, Lin","Wang, Xiaomeng",,,,MECH,3120,103,5,10,3,,,,,,,,,,,,,,,,0,fxh091000,fatemeh hassanipour,Heat Transfer Laboratory 
"Park, Wooram","Lin, Jianping",,,,,MECH,3150,102,1,13,7,8,7,4,,3,1,,,,,,,,,,0,wxp103020,wooram park,Kinematics and Dynamics Laboratory 
"Ali, Tariq M","Kazemimoghadam, Mahdieh",,,,,BMEN,3120,103,3,5,3,3,3,,1,,,,,,,,,,,,0,tma051000,tariq ali,Biomedical Circuits and Instrumentation Laboratory 
"Pacheco, Joe","Sanchez, Camilo A","Tai, Haowei",,,,BMEN,4110,101,3,3,4,3,,2,,2,1,,,,1,,,,,,0,jxp142030,,Biomedical Feedback Systems Laboratory 
"Bleris, Leonidas","Quarton, Tyler G",,,,,BMEN,4310,001,,30,11,8,4,4,1,,,,,,2,,,,,,0,lxb092000,leonidas bleris,Feedback Systems in Biomedical Engineering 
"Pourkamali, Siavash","Mahdavi, Mohammad",,,,,CE,3310,002,3,1,1,2,1,5,2,,3,,1,,,,,,,,0,sxp124631,siavash pourkamali,Electronic Devices 
"Polk, Todd W","Pacheco, Joe","Upasham, Sayali S",,,,BMEN,4388,001,,5,2,1,1,1,,,,,,,,,,,,,0,twp017000,todd polk,Senior Design Project I 
"Polk, Todd W","Pacheco, Joe","Upasham, Sayali S",,,,BMEN,4388,002,1,3,2,3,,,1,,,,,,,,,,,,0,twp017000,todd polk,Senior Design Project I 
"Case, Allison B","Shimizu, Eileen N",,,,,BMEN,2320,001,4,4,2,1,2,4,2,,1,,,,3,,,,,,1,abc130530,allison case,Statics 
"Rodrigues, Danieli B","Soltantabar, Pooneh",,,,,BMEN,4360,001,1,12,3,1,5,6,1,1,,2,1,1,2,,,,,,0,dxb127430,danieli b c rodrigues,Biomaterials and Medical Devices 
"Polk, Todd W","Mishra, Aditya K",,,,,BMEN,3370,001,3,4,3,,8,2,3,1,,,,,,,,,,,0,twp017000,todd polk,Digital Circuits 
"Prasad, Shalini",,,,,,BMEN,6351,001,,12,8,,1,,,,,,,,,,,,,,0,sxp118230,shalini prasad,Biomedical Microdevices 
"Winter, Patrick M","Chung, Yu-Yen","Kazemimoghadam, Mahdieh","Chakraborty, Somdutta","Honari, Arvin",,BMEN,3120,101,,5,3,1,4,1,1,,,,,,1,,,,,,0,pxw151030,patrick winter,Biomedical Circuits and Instrumentation Laboratory 
"Winter, Patrick M","Chung, Yu-Yen","Kazemimoghadam, Mahdieh","Chakraborty, Somdutta","Honari, Arvin",,BMEN,3120,102,1,4,2,2,3,,1,,,,,1,,,,,,,0,pxw151030,patrick winter,Biomedical Circuits and Instrumentation Laboratory 
"Young, Chadwin D","Liu, Jinbo",,,,,EE,4330,001,3,10,14,6,1,2,,,3,,,,,,,,,,0,cdy120030,chadwin young,Integrated Circuit Technology 
"Swartz, William P","Broadfoot, Thomas J",,,,,EEDG,5325,501,,39,9,1,,,,,,,,,,,,,,,1,wps100020,william swartz,Hardware Modeling Using HDL 
"Zhou, Dian","Wang, Xianan",,,,,EEDG,6306,001,,48,5,2,4,2,,,,,,,,,,,,,0,zhoud,dian zhou,Application Specific Integrated Circuits Design 
"Pourkamali, Siavash","Mahdavi, Mohammad",,,,,EE,3310,002,5,3,6,3,4,1,1,6,2,,2,,,,,,,,0,sxp124631,siavash pourkamali,Electronic Devices 
"Case, Allison B","Stevenson, Hunter",,,,,BMEN,2320,002,4,5,5,4,3,4,2,3,,,1,,2,,,,,,0,abc130530,allison case,Statics 
"Guo, Xiaohu","Ni, Saifeng",,,,,CS,4392,001,4,4,,1,6,,1,2,3,1,,1,5,,,,,,8,xxg061000,xiaohu guo,Computer Animation 
"Li, Yaoyu","Wu, Zhongyou","Xiao, Yan",,,,MECH,4110,101,,10,,,2,1,3,,,,,,,,,,,,0,yxl115230,yaoyu li,Systems and Controls Laboratory 
"Li, Yaoyu","Wu, Zhongyou","Xiao, Yan",,,,MECH,4110,102,1,10,4,2,2,1,,,,,,,,,,,,,0,yxl115230,yaoyu li,Systems and Controls Laboratory 
"Li, Yaoyu","Wu, Zhongyou","Xiao, Yan",,,,MECH,4110,103,,15,3,3,,,,,,,,,,,,,,,0,yxl115230,yaoyu li,Systems and Controls Laboratory 
"Swartz, William P","Birjandtalab Golkhatm, Javad","Wang, Xianan",,,,EEDG,6302,302,,9,7,3,1,,,,,,,,,,,,,,0,wps100020,william swartz,Microprocessor Systems 
"Liu, Cong",,,,,,EEDG,6308,001,,6,,,1,,,,,,,,,,,,,,0,cxl137330,cong liu,Real-Time Systems 
"Libby, Lee L",,,,,,ECS,3390,5H2,,6,4,2,4,1,1,,,,1,,,,,,,,0,llibby,lee libby,Professional and Technical Communication 
"Glauser, Janece B",,,,,,ECS,3390,0H6,,11,3,3,1,,,,,,,,,,,,,,1,jbg130030,janece glauser,Professional and Technical Communication 
"Rios, Oziel","Hamidi, Armita",,,,,MECH,3305,001,1,3,6,3,8,7,7,4,,1,1,,3,,,,,,1,oxr106020,oziel rios,Computer Aided Design 
"Natarajan, Sriraam","Patel, Vatsalkumar R",,,,,CS,6364,002,,16,18,20,10,,,,,,,,,,,,,,1,sxn177430,sriraam natarajan,Artificial Intelligence 
"Minden, Alixandre R","Eslamijam, Mona",,,,,MECH,6337,001,,,2,6,4,1,,,,,,,,,,,,,0,arm130430,minden alixandre,Systems Engineering  Architecture and Design 
"Saquib, Mohammad",,,,,,EE,4365,001,2,20,5,3,4,2,,,,,,,,,,,,,0,saquib,mohammad saquib,Introduction to Wireless Communication 
"Yen, I-Ling","Solanki, Nidhiben M",,,,,CS,6343,001,,7,8,9,6,,,,,,,,,,,,,,1,ilyen,yen i ling,Cloud Computing 
"Feng, Ranran",,,,,,CS,1324,001,2,4,3,7,4,4,5,2,5,,1,1,1,,,,,,0,rxf090020,ranran feng,Introduction to Programming for Biomedical Engineers 
"Veerasamy, Jeyakesavan",,,,,,CS,1334,001,2,8,2,2,7,3,,2,2,2,,,2,,,,,,2,veerasam,jeyakesavan veerasamy,Programming Fundamentals for Non-Majors 
"Thamban, P.L.Stephan","Chang, Chih-Lun",,,,,MECH,2310,002,2,16,7,5,8,4,3,3,2,1,2,2,1,,,,,,2,stephan,p l stephan thamban,Statics 
"Arnold, Gordon L",,,,,,CS,1334,501,9,9,10,7,4,7,5,2,4,1,1,,2,,,,,,0,gxa120930,gordon arnold,Programming Fundamentals for Non-Majors 
"Doore, Karen L",,,,,,CS,1134,602,24,15,6,4,4,1,,1,1,,1,,4,,,,,,0,kld054000,karen doore,Computer Science Laboratory 
"Doore, Karen L",,,,,,CS,1134,601,25,14,3,3,4,3,3,4,,,,,1,,,,,,3,kld054000,karen doore,Computer Science Laboratory 
"Desmedt, Yvo G",,,,,,CS,6377,001,,3,4,1,,1,2,1,,,,,1,,,,,,0,ygd120030,yvo desmedt,Introduction to Cryptography 
"Semper, William J","Lagrone, Travis C",,,,,CS,3341,HON,,11,4,7,1,3,5,4,,,,,,,,,,,0,wjs130130,william semper,Probability and Statistics in Computer Science and Software Engineering 
"Gelb, Lev D",,,,,,ENGR,3341,005,1,8,1,2,7,2,3,7,4,,4,,,,,,,,5,ldg102020,lev gelb,Probability Theory and Statistics 
"Veerasamy, Jeyakesavan","Razo Razo, Miguel A",,,,,CS,4485,002,4,57,3,3,4,1,,,,,,,2,,,,,,0,veerasam,jeyakesavan veerasamy,Computer Science Project 
"Hays, Seth A","Ammanamanchi, Manasvini",,,,,BMEN,3330,001,1,4,4,3,1,,1,1,,1,,1,,,,,,,1,sxh129730,seth hays,Engineering Physiology of the Human Body 
"Vogel, Don G",,,,,,CS,1136,601,28,7,5,1,3,4,1,1,,,,,7,,,,,,1,dgv130030,don vogel,Computer Science Laboratory 
"Vogel, Don G",,,,,,CS,1136,111,29,6,,1,3,,3,,,,3,,2,,,,,,1,dgv130030,don vogel,Computer Science Laboratory 
"Shields, Charles O",,,,,,CS,1336,011,3,10,6,6,4,4,7,1,,2,2,4,2,,,,,,1,cshields,charles shields,Programming Fundamentals 
"Davis, Chris I",,,,,,CS,1336,008,1,2,12,9,6,6,4,5,2,1,1,2,,,,,,,1,cid021000,chris davis,Programming Fundamentals 
"Perkins, Stephen J",,,,,,CS,1337,502,3,6,4,4,2,3,4,3,2,1,1,1,4,,,,,,1,sxp127930,stephen perkins,Computer Science I 
"Nouroz Borazjany, Mehra",,,,,,CS,2336,501,20,8,10,3,2,4,2,2,2,,1,1,5,,,,,,0,mxn143230,mehra borazjany,Computer Science II 
"Yuruk, Nurcan","Huang, Hongyao",,,,,CS,6360,003,,20,17,18,6,2,1,,,,,,,,,,,,0,nxy140530,nurcan yuruk,Database Design 
"Farago, Andras","Xu, Rupei",,,,,CS,6385,001,,23,,,4,,,,,,,,,,,,,,0,farago,andras farago,Algorithmic Aspects of Telecommunication Networks 
"Farago, Andras","Xu, Rupei",,,,,TE,6385,001,,4,1,,1,,,,,,,,,,,,,,0,farago,andras farago,Algorithmic Aspects of Telecommunication Networks 
"Vogel, Don G",,,,,,CS,1136,113,27,6,5,1,2,2,,2,,,2,,2,,,,,,1,dgv130030,don vogel,Computer Science Laboratory 
"Zalila-Wenkstern, Rym",,,,,,SE,6329,001,,5,,1,1,3,,,,,,,,,,,,,0,rmili,rym zalila wenkstern,Object-Oriented Software Engineering 
"Raichel, Benjamin A","Shah, Swair Rajesh",,,,,CS,6363,004,,6,10,10,3,4,3,,,,,,,,,,,,1,bar150630,benjamin raichel,Design and Analysis of Computer Algorithms 
"Becker, Eric W","Shah, Trusit Sandipbhai","Cao, Tri M",,,,CS,4141,103,8,7,2,1,1,,,,,,,,,,,,,,0,ewb160130,eric becker,Digital Systems Laboratory 
"Becker, Eric W","Shah, Trusit Sandipbhai","Cao, Tri M",,,,CS,4141,104,8,6,3,2,,1,,,,,,,,,,,,,0,ewb160130,eric becker,Digital Systems Laboratory 
"Kehtarnavaz, Nasser","Taghizadeh Alamdari, Nasim","Dawar, Neha",,,,EE,3102,103,5,3,1,1,2,1,,,1,,,1,,,,,,,0,nxk019000,nasser kehtarnavaz,Signals and Systems Laboratory 
"Busso Recabarren, Carlos A","Jha, Sumit",,,,,ENGR,2300,006,2,5,4,8,3,1,4,2,1,,1,,8,,,,,,6,cxb093000,carlos busso,Linear Algebra for Engineers 
"Romero-Ortega, Mario I",,,,,,BMEN,7188,001,,14,2,1,2,2,,,,,,,,,,,,,0,mir140030,,Advanced Seminars in Biomedical Engineering I 
"Lu, Hongbing","Rostami, Saman",,,,,MECH,2120,103,5,8,2,2,2,,,,1,,,,,,,,,,0,hxl101000,hongbing lu,Mechanics of Materials Laboratory 
"Lu, Hongbing","Chen, Huiluo",,,,,MECH,2120,104,3,11,4,3,,,1,,,,,,,,,,,,0,hxl101000,hongbing lu,Mechanics of Materials Laboratory 
"Chabal, Yves J","Shafiq, Natis Z","Rahman, Rezwanur",,,,MECH,3360,001,7,8,2,7,12,10,7,3,2,3,,,2,,,,,,0,yjc072000,yves chabal,Introduction to Materials Science 
"Hassanipour, Fatemeh","Aliakbari Miyanmahaleh, Mohammad",,,,,MECH,3370,001,7,11,,8,12,8,7,2,3,,,,1,,,,,,1,fxh091000,fatemeh hassanipour,Applied Thermodynamics 
"Myers, Kathleen","Lee, Chong Jin N","Shihabeddin, Tarik",,,,BMEN,1100,101,3,3,2,3,1,1,1,,1,,,,1,,,,,,0,kxm156530,kathleen myers,Introduction to Bioengineering I 
"Myers, Kathleen","Shihabeddin, Tarik","Lee, Chong Jin N","Li, Shichang",,,BMEN,1100,102,2,2,1,4,,,,,2,,1,,1,,,,,,1,kxm156530,kathleen myers,Introduction to Bioengineering I 
"Meyer, Clark A","Qin, Zhiyang",,,,,BMEN,1100,104,2,4,3,,4,1,,,1,,,,,,,,,,0,cam140130,clark meyer,Introduction to Bioengineering I 
"Myers, Kathleen","Li, Shichang","Wijesinghe, Udumbara C",,,,BMEN,1100,105,1,2,2,1,4,,1,,,,,1,3,,,,,,0,kxm156530,kathleen myers,Introduction to Bioengineering I 
"Meyer, Clark A","Wijesinghe, Udumbara C",,,,,BMEN,1100,103,2,5,5,2,1,,,1,,,,,,,,,,,0,cam140130,clark meyer,Introduction to Bioengineering I 
"Myers, Kathleen","Li, Shichang","Wijesinghe, Udumbara C",,,,BMEN,1100,106,2,4,4,2,2,,,,,,,,1,,,,,,1,kxm156530,kathleen myers,Introduction to Bioengineering I 
"Winter, Patrick M","Rihani, Rashed T",,,,,BMEN,3320,002,6,14,1,6,1,5,2,4,4,1,1,1,3,,,,,,0,pxw151030,patrick winter,Electrical and Electronic Circuits in Biomedical Engineering 
"Ali, Tariq M","Chung, Yu-Yen",,,,,BMEN,3120,105,2,5,2,,3,,,,,,,,,,,,,,0,tma051000,tariq ali,Biomedical Circuits and Instrumentation Laboratory 
"Gregg, Robert D","Yeatman, Mark R",,,,,BMEN,4310,002,3,3,4,8,9,9,6,2,,,1,,,,,,,,0,rdg130030,robert gregg,Feedback Systems in Biomedical Engineering 
"Pacheco, Joe","Sanchez, Camilo A","Tai, Haowei",,,,BMEN,4110,102,2,1,3,,6,1,,1,,,,,1,,,,,,1,jxp142030,,Biomedical Feedback Systems Laboratory 
"Ardestani Khoubrouy, Soudeh","Tai, Haowei",,,,,BMEN,4110,103,3,1,1,3,2,2,1,3,1,,,,,,,,,,0,sxa074200,soudeh khoubrouy,Biomedical Feedback Systems Laboratory 
"Ardestani Khoubrouy, Soudeh","Suhas Bharadwaj, FNU",,,,,BMEN,4110,104,2,2,2,1,2,3,1,1,2,,,,,,,,,,0,sxa074200,soudeh khoubrouy,Biomedical Feedback Systems Laboratory 
"Polk, Todd W","Upasham, Sayali S",,,,,BMEN,4389,001,,7,4,1,,,,1,,,,,,,,,,,0,twp017000,todd polk,Senior Design Project II 
"Auciello, Orlando H",,,,,,BMEN,6V87,001,,1,8,5,2,,,,,,,,,,,,,,0,oha120030,orlando auciello,Special Topics in Biomedical Engineering 
"Schmidtke, David W",,,,,,BMEN,6345,001,,12,1,,3,,,,,,,,,,,,,,0,dws140430,david schmidtke,Self-Assembly of Biomaterials 
"Favors, Crystal N",,,,,,ECS,1100,001,27,5,4,1,1,,1,,,,,,10,,,,,,0,cnf150030,,Introduction to Engineering and Computer Science 
"Freeman, Brenda","Alexander, Sky A",,,,,ECS,1100,002,25,7,2,7,2,,6,2,,2,1,,4,,,,,,1,brf160230,,Introduction to Engineering and Computer Science 
"Favors, Crystal N",,,,,,ECS,1100,004,26,8,6,2,1,,,3,1,,,,3,,,,,,1,cnf150030,,Introduction to Engineering and Computer Science 
"Lewis, Racine N",,,,,,ECS,1100,003,42,8,3,1,,,,,,,1,1,3,,,,,,1,rnr130230,,Introduction to Engineering and Computer Science 
"Freeman, Brenda",,,,,,ECS,1100,005,25,6,3,4,4,1,2,1,1,1,1,,1,,,,,,0,brf160230,,Introduction to Engineering and Computer Science 
"Croasdale Woudwyk, Andrea",,,,,,ECS,1100,006,27,5,3,3,,,1,,1,,,,,,,,,,0,axc169230,andrea croasdale woudwyk,Introduction to Engineering and Computer Science 
"Brown, Joshua","Alexander, Sky A",,,,,ECS,1100,008,26,6,9,3,1,,,,,,,,,,,,,,1,jxb165130,,Introduction to Engineering and Computer Science 
"Williams, Jaleah",,,,,,ECS,1100,009,9,16,,3,1,3,4,,2,,1,1,2,,,,,,2,jxw161630,jaleah williams,Introduction to Engineering and Computer Science 
"Marroquin, Irene",,,,,,ECS,1100,010,8,5,7,6,4,4,1,1,1,2,,3,7,,,,,,0,ixm033000,irene marroquin,Introduction to Engineering and Computer Science 
"Stewart, Mary A",,,,,,ECS,1100,011,31,2,2,3,1,3,,2,,2,,1,2,,,,,,1,mas051000,,Introduction to Engineering and Computer Science 
"Marroquin, Irene",,,,,,ECS,1100,012,18,1,4,4,1,3,,1,1,2,,,2,,,,,,0,ixm033000,irene marroquin,Introduction to Engineering and Computer Science 
"Favors, Crystal N",,,,,,ECS,1100,013,16,4,4,1,3,3,2,2,1,,,,3,,,,,,0,cnf150030,,Introduction to Engineering and Computer Science 
"Payne, Laura E",,,,,,ECS,1100,014,14,15,1,1,3,,,2,2,,2,,,,,,,,0,lep170330,laura payne,Introduction to Engineering and Computer Science 
"Wilson, Shirley S",,,,,,ECS,1100,015,37,5,6,2,1,2,2,2,1,1,,,1,,,,,,0,ssw130030,shirley wilson,Introduction to Engineering and Computer Science 
"Brown, Joshua","Wilson, Shirley S",,,,,ECS,1100,017,18,2,5,2,2,6,1,1,2,,,,5,,,,,,0,jxb165130,,Introduction to Engineering and Computer Science 
"Williams, Jaleah",,,,,,ECS,1100,018,29,18,,7,2,2,,1,1,,,,,,,,,,0,jxw161630,jaleah williams,Introduction to Engineering and Computer Science 
"Payne, Laura E",,,,,,ECS,1100,501,26,8,7,1,2,2,,,,,,,,,,,,,1,lep170330,laura payne,Introduction to Engineering and Computer Science 
"Marroquin, Irene",,,,,,ECS,1100,502,12,10,9,4,3,2,1,,,,2,2,4,,,,,,0,ixm033000,irene marroquin,Introduction to Engineering and Computer Science 
"Minden, Alixandre R","Eslamijam, Mona",,,,,SYSM,6301,001,,5,9,8,2,2,1,,,,,,,,,,,,0,arm130430,minden alixandre,Systems Engineering  Architecture and Design 
"Glauser, Janece B",,,,,,ECS,3390,0H7,,12,3,1,2,,,1,,,,,,,,,,,0,jbg130030,janece glauser,Professional and Technical Communication 
"Crowder, Wade A",,,,,,ECS,3390,502,2,6,5,4,1,,,,,,,,1,,,,,,0,wac010100,wade crowder,Professional and Technical Communication 
"Willson, James K","Liu, Jie",,,,,CS,4349,HON,1,7,3,5,3,3,,,,,,,1,,,,,,1,jkw053000,james willson,Advanced Algorithm Design and Analysis 
"Farago, Andras","Karki, Dipendra",,,,,CS,4390,002,,17,9,17,11,,,3,,,,,,,,,,,0,farago,andras farago,Computer Networks 
"Lee, Jung S","Wang, Zhengyang",,,,,ENGR,3300,503,,7,1,1,5,,2,3,5,2,6,,1,,,,,,0,jls032000,jung lee,Advanced Engineering Mathematics 
"Saquib, Mohammad",,,,,,ENGR,3341,004,1,12,6,5,11,1,2,5,1,,,,4,,,,,,1,saquib,mohammad saquib,Probability Theory and Statistics 
"McMahan, Ryan P","Hu, Xinyu",,,,,CS,6334,001,,24,4,1,,,,,,,,,,,,,,,0,rpm120130,ryan mcmahan,Virtual Reality 
"Khan, Latifur R","Gao, Yang",,,,,CS,6350,001,,20,24,31,18,,,,,,,,,,,,,,1,lkhan,latifur khan,Big Data Management and Analytics 
"Yuruk, Nurcan","Dakle, Parag Pravin",,,,,CS,6314,001,,41,14,9,1,,,,,,,,,,,,,,0,nxy140530,nurcan yuruk,Web Programming Languages 
"Yuruk, Nurcan","Dakle, Parag Pravin","Li, Yi",,,,CS,6314,002,,24,19,12,4,,,,,,,,,,,,,,0,nxy140530,nurcan yuruk,Web Programming Languages 
"Balakrishna, Mithun","Chen, Yuqiao",,,,,CS,6314,501,,20,13,8,3,4,2,,,,,,,,,,,,0,mxb026000,mithun balakrishnan,Web Programming Languages 
"Ates, Keven L",,,,,,CS,6315,501,,38,,,7,,,,,,,,,,,,,,1,atescomp,keven ates,Semantic Web 
"Semper, William J","Tong, Guangmo","Taghavi Nasrabadi, Afshin",,,,CS,6313,001,,35,13,27,3,5,,,,,,,,,,,,,0,wjs130130,william semper,Statistical Methods for Data Science 
"Farago, Andras","Karki, Dipendra",,,,,CE,4390,002,,4,3,1,3,1,1,,,,,,,,,,,,0,farago,andras farago,Computer Networks 
"Lin, Zhiqiang","Wang, Xiaoyu",,,,,CS,6332,501,,15,,1,,,,,,,,,1,,,,,,0,zxl111930,zhiqiang lin,Systems Security and Malicious Code Analysis 
"Kehtarnavaz, Nasser","Karadagur Ananda Reddy, Chandan","Dawar, Neha",,,,EE,3102,104,8,1,,1,1,1,1,,,,,,1,,,,,,0,nxk019000,nasser kehtarnavaz,Signals and Systems Laboratory 
"Prabhakaran, Balakrishnan",,,,,,CS,6331,001,,8,12,10,1,,1,,,,,,1,,,,,,0,praba,balakrishnan prabhakaran,Multimedia Systems 
"Guo, Xiaohu","Ni, Saifeng",,,,,CS,6323,001,,10,5,2,,3,1,1,,,,,,,,,,,0,xxg061000,xiaohu guo,Computer Animation and Gaming 
"Kehtarnavaz, Nasser","Ganguly, Anshuman","Dawar, Neha",,,,EE,3102,105,4,4,,1,,1,,,1,,,,,,,,,,1,nxk019000,nasser kehtarnavaz,Signals and Systems Laboratory 
"Fishwick, Paul",,,,,,CS,6328,001,,17,1,,,,,,,,,,,,,,,,0,pxf130430,paul fishwick,Modeling and Simulation 
"Semper, William J",,,,,,CS,1336,015,,19,6,6,10,11,6,12,2,,,,1,,,,,,2,wjs130130,william semper,Programming Fundamentals 
"Wang, Jun","Jahanandish, Mohammadhassan",,,,,BMEN,3325,001,2,6,3,1,7,3,2,,,,,,,,,,,,0,jxw130130,jun wang,Advanced Computational Tools for Biomedical Engineering 
"Becker, Eric W","Shah, Trusit Sandipbhai","Cao, Tri M",,,,CS,4141,105,7,9,3,1,,,,,,,,,,,,,,,0,ewb160130,eric becker,Digital Systems Laboratory 
"Becker, Eric W","Shah, Trusit Sandipbhai","Cao, Tri M",,,,CS,4141,106,5,2,1,1,2,2,,,,,,,,,,,,,4,ewb160130,eric becker,Digital Systems Laboratory 
"Prakash, Ravi","Samiei, Aliehsan",,,,,CS,4348,HON,3,6,4,4,2,1,,,,,,,1,,,,,,0,ravip,ravi prakash,Operating Systems Concepts 
"Christiansen, Michael G",,,,,,CS,1200,004,2,11,14,4,6,1,2,,,,,1,,,,,,,0,mgc013000,michael christiansen,Introduction to Computer Science and Software Engineering 
"Christiansen, Michael G",,,,,,CS,1200,003,3,9,18,5,5,,1,1,,,,,,,,,,,0,mgc013000,michael christiansen,Introduction to Computer Science and Software Engineering 
"McMahan, Timothy",,,,,,CS,1200,001,5,13,11,4,1,1,,,,,,,1,,,,,,0,txm173230,timothy mcmahan,Introduction to Computer Science and Software Engineering 
"Cole, John",,,,,,CS,1200,006,,18,,,8,,,,,,,,2,,,,,,0,jxc064000,john cole,Introduction to Computer Science and Software Engineering 
"Christiansen, Michael G",,,,,,CS,1200,005,3,12,11,6,2,,1,1,,,,,,,,,,,0,mgc013000,michael christiansen,Introduction to Computer Science and Software Engineering 
"Cole, John",,,,,,CS,1200,007,1,15,,,6,1,,,,,,,1,,,,,,1,jxc064000,john cole,Introduction to Computer Science and Software Engineering 
"Christiansen, Michael G",,,,,,CS,1200,002,3,23,10,2,1,1,1,,,,,,,,,,,,0,mgc013000,michael christiansen,Introduction to Computer Science and Software Engineering 
"Arnold, Gordon L",,,,,,CS,1200,008,4,6,10,12,3,3,,1,2,,,,1,,,,,,0,gxa120930,gordon arnold,Introduction to Computer Science and Software Engineering 
"Arnold, Gordon L",,,,,,CS,1200,009,8,8,5,4,1,3,4,2,,,,,1,,,,,,1,gxa120930,gordon arnold,Introduction to Computer Science and Software Engineering 
"Page, Ivor",,,,,,CS,1200,HON,17,9,1,2,,,,,,,,,,,,,,,0,ivor,ivor page,Introduction to Computer Science and Software Engineering 
"Culver, Timothy L","Kadiyala, Krishna P",,,,,CS,6301,501,,37,9,1,,,,,,,,,,,,,,,0,tlc130230,timothy culver,Special Topics in Computer Science 
"Brandenburg, Jonathan C",,,,,,CS,1336,502,5,7,9,3,7,5,1,6,2,,4,,1,,,,,,2,jcb011200,jonathan brandenburg,Programming Fundamentals 
"Anderson, William C","Wang, Chao",,,,,MECH,3315,001,1,11,24,21,11,3,1,,1,,,,1,,,,,,1,wca140030,william anderson,Fluid Mechanics 
"Ardestani Khoubrouy, Soudeh","Sanchez, Camilo A",,,,,BMEN,4110,105,9,3,2,1,1,1,1,,,,,,,,,,,,0,sxa074200,soudeh khoubrouy,Biomedical Feedback Systems Laboratory 
"Ardestani Khoubrouy, Soudeh","Park, Jinkyu",,,,,EE,3302,502,5,4,,5,1,5,2,4,4,1,3,,2,,,,,,2,sxa074200,soudeh khoubrouy,Signals and Systems 
"Ardestani Khoubrouy, Soudeh","Park, Jinkyu",,,,,CE,3302,502,,2,1,2,3,3,1,2,4,,,,3,,,,,,0,sxa074200,soudeh khoubrouy,Signals and Systems 
"Gogate, Vibhav G","Roy, Chiradeep",,,,,CS,4365,001,11,14,7,5,8,6,4,4,1,1,1,1,3,,,,,,4,vxg112130,vibhav gogate,Artificial Intelligence 
"Arnold, Gordon L",,,,,,CS,1200,010,2,4,8,2,10,2,1,3,1,,,,2,,,,,,0,gxa120930,gordon arnold,Introduction to Computer Science and Software Engineering 
"Ouyang, Hui","Aliakbari Miyanmahaleh, Mohammad",,,,,MECH,3310,001,4,4,11,13,9,5,7,2,1,,,,,,,,,,0,hxo150330,hui ouyang,Thermodynamics 
"Vogel, Don G",,,,,,CS,1136,112,30,6,,1,3,4,,,,,,,1,,,,,,2,dgv130030,don vogel,Computer Science Laboratory 
"Vogel, Don G",,,,,,CS,1136,115,39,5,5,4,6,3,3,2,1,,3,,2,,,,,,2,dgv130030,don vogel,Computer Science Laboratory 
"Nagar, Anurag","Wang, Wubing",,,,,CS,6350,002,,17,11,11,2,,,,,,,,,,,,,,0,axn112530,anurag nagar,Big Data Management and Analytics 
"Nagar, Anurag","Wang, Zhuoyi",,,,,CS,6375,501,,22,22,18,3,,,,,,,,,,,,,,0,axn112530,anurag nagar,Machine Learning 
"Glauser, Janece B",,,,,,ECS,3390,0H8,,9,5,2,3,,,,,,,,,,,,,,0,jbg130030,janece glauser,Professional and Technical Communication 
"Cole, John",,,,,,CS,1200,011,,24,2,,11,,,2,,,,,2,,,,,,0,jxc064000,john cole,Introduction to Computer Science and Software Engineering 
"Oladimeji, Ebenezer A",,,,,,CS,1337,503,2,12,5,2,7,3,,3,1,,,,1,,,,,,0,eao015100,ebenezer oladimeji,Computer Science I 
"Paulk, Mark C",,,,,,CS,1336,503,12,11,4,9,10,7,2,4,,2,1,2,5,,,,,,4,mcp130030,mark paulk,Programming Fundamentals 
"Willson, James K",,,,,,CS,2305,003,2,11,4,2,4,3,1,3,1,2,4,,3,,,,,,2,jkw053000,james willson,Discrete Mathematics for Computing I 
"Debroy, Vidroha",,,,,,CS,2336,503,3,15,12,6,8,3,4,1,,2,2,,2,,,,,,0,vxd024000,vidroha debroy,Computer Science II 
"Ardestani Khoubrouy, Soudeh","Lee, Chong Jin N",,,,,BMEN,1100,107,2,2,6,2,2,,1,,,,,,,,,,,,0,sxa074200,soudeh khoubrouy,Introduction to Bioengineering I 
"Polk, Todd W","Pacheco, Joe","Upasham, Sayali S",,,,BMEN,4388,003,,3,3,3,1,,,,,,,,,,,,,,0,twp017000,todd polk,Senior Design Project I 
"Thompson, Laurie A",,,,,,CS,1336,006,,6,7,9,10,2,2,1,3,1,1,1,5,,,,,,2,lthomp,laurie thompson,Programming Fundamentals 
"Libby, Lee L",,,,,,ECS,3390,5H1,,3,5,3,4,2,,,2,,,,,,,,,,0,llibby,lee libby,Professional and Technical Communication 
"Vogel, Don G",,,,,,CS,1136,114,26,5,3,2,8,3,1,2,,,2,,8,,,,,,2,dgv130030,don vogel,
"Minden, Alixandre R",,,,,,SYSM,6304,001,,12,6,4,2,,1,,,,,,,,,,,,0,arm130430,minden alixandre,Risk and Decision Analysis 
"Wallace, Robert M",,,,,,MSEN,6319,001,,5,2,3,3,4,2,1,,,,,,,,,,,0,rmw031000,robert wallace,Quantum Mechanics for Materials Scientists 
"Payne, Laura E",,,,,,ECS,1100,019,13,15,2,5,1,3,1,,,4,,1,4,,,,,,0,lep170330,laura payne,Introduction to Engineering and Computer Science 
"Freeman, Brenda",,,,,,ECS,1100,020,19,8,11,2,1,1,,,1,,1,,5,,,,,,0,brf160230,,Introduction to Engineering and Computer Science 
"Choudhary, Pankaj K","Kotinkaduwe Rankothgedara, Lak Nilusha K",,,,,CS,6313,002,,6,5,7,8,1,3,,,,,,1,,,,,,1,pkc022000,pankaj choudhary,Statistical Methods for Data Science 
"Rios, Oziel","Sadeh, Sepehr",,,,,MECH,3105,103,,3,4,1,4,7,,2,5,,,,1,,,,,,0,oxr106020,oziel rios,Computer Aided Design Laboratory 
"Qian, Dong","Wang, Yang",,,,,MECH,6351,001,,29,7,1,1,,,,,,,,,,,,,,0,dxq120430,dong qian,Finite Element Techniques I 
"Wilt, James C",,,,,,ECS,3361,004,,6,29,15,20,18,5,3,3,,,,,,,,,,0,jcw140130,james wilt,Social Issues and Ethics in Computer Science and Engineering 
"Lu, Hongbing","Chen, Huiluo",,,,,MECH,2120,105,2,6,7,,1,1,,2,1,1,,,,,,,,,0,hxl101000,hongbing lu,Mechanics of Materials Laboratory 
"Wilt, James C",,,,,,MECH,2310,501,,,3,1,8,2,5,3,7,3,2,,4,,,,,,2,jcw140130,james wilt,Statics 
"Coleman, Amanda R",,,,,,ECS,3390,5H5,,10,3,,1,3,1,1,,,,,,,,,,,0,axc173630,,Professional and Technical Communication 
"Hu, Yang","Ganguly, Anshuman",,,,,EE,3102,106,,8,,,3,,,,,,,,,,,,,,1,yxh177430,yang hu,Signals and Systems Laboratory 
"Tamil, Lakshman",,,,,,ENGR,2300,005,10,10,11,6,2,1,1,,,,,,2,,,,,,0,laxman,lakshman tamil,Linear Algebra for Engineers 
"Saad, Ricardo E","Metwaly Saad, Hussein M",,,,,ENGR,3300,005,8,2,6,2,2,4,3,3,4,,4,3,4,,,,,,0,rsaad,ricardo saad,Advanced Engineering Mathematics 
"Saad, Ricardo E","Metwaly Saad, Hussein M",,,,,ENGR,3300,006,8,2,3,3,1,7,2,,4,,1,3,5,,,,,,2,rsaad,ricardo saad,Advanced Engineering Mathematics 
"Overzet, Lawrence","Wang, Zhengyang",,,,,EE,4391,001,1,7,,2,6,,1,1,,,,,4,,,,,,0,overzet,lawrence overzet,Technology of Plasma 
"Bhatia, Dinesh","Goswami, Pingakshya",,,,,EEDG,6370,501,,7,5,8,9,6,,1,,,,,,,,,,,0,dinesh,dinesh bhatia,Design and Analysis of Reconfigurable Systems 
"Heins, Matthew S","Yao, Haohan",,,,,EERF,7V89,501,,10,5,2,4,,,,,,,,,,,,,,0,msh130130,matthew heins,Special Topics in RF and Microwave Systems 
"Ali, Mohammed Z","Akbar, Md Navid",,,,,ENGR,3341,006,4,19,1,7,6,,1,8,,,,,,,,,,,0,mohammed,ali mohammed,Probability Theory and Statistics 
"Minden, Alixandre R","Eslamijam, Mona",,,,,SYSM,6326,001,,3,1,2,,,,,,,,,,,,,,,0,arm130430,minden alixandre,Systems Lifecycle Cost Analysis 
"Vidyasagar, Mathukumalli",,,,,,EECS,6323,001,,5,5,1,,,,1,,,,,,,,,,,0,mxv091000,mathukumalli vidyasagar,Robust Control Systems 
"Cole, John","Crain, Jon A",,,,,CS,6326,001,,11,4,,17,4,,1,,,,,1,,,,,,0,jxc064000,john cole,Human Computer Interactions 
"Sarac, Kamil","Yousefpour, Ashkan",,,,,CS,6349,001,,10,6,7,4,,,1,,,,,,,,,,,0,kxs028100,kamil sarac,Network Security 
"Sarac, Kamil","Ozarslan, Omer F",,,,,CS,6390,001,,12,7,7,4,,,1,,,,,,,,,,,0,kxs028100,kamil sarac,Advanced Computer Networks 
"Marcus, Andrian","Chaparro Arenas, Oscar Javier",,,,,CS,6356,001,,3,9,,,,,,,,,,,,,,,,0,axm141731,andrian marcus,Software Maintenance  Evolution  and Re-Engineering 
"Du, Ding Z","Tong, Guangmo",,,,,CS,6382,001,,9,1,3,1,,,,,,,,,,,,,,0,dxd056000,ding zhu du,Theory of Computation 
"McMahan, Timothy",,,,,,CS,1200,013,14,8,7,2,2,,,1,,,,,3,,,,,,0,txm173230,timothy mcmahan,Introduction to Computer Science and Software Engineering 
"Doore, Karen L",,,,,,CS,1334,002,2,14,7,7,23,2,1,2,1,,1,,1,,,,,,3,kld054000,karen doore,Programming Fundamentals for Non-Majors 
"Doore, Karen L",,,,,,CS,1335,003,3,22,10,5,14,1,,3,,1,,,3,,,,,,0,kld054000,karen doore,Computer Science I for Non-majors 
"Thompson, Laurie A",,,,,,CS,1336,014,2,7,8,4,7,3,3,3,2,2,3,4,12,,,,,,2,lthomp,laurie thompson,Programming Fundamentals 
"Thompson, Laurie A",,,,,,CS,1336,009,1,3,2,2,10,9,1,3,1,2,2,2,9,,,,,,4,lthomp,laurie thompson,Programming Fundamentals 
"Brandenburg, Jonathan C",,,,,,CS,1336,002,6,9,5,7,6,6,2,3,4,,3,,,,,,,,3,jcb011200,jonathan brandenburg,Programming Fundamentals 
"Brandenburg, Jonathan C",,,,,,CS,1336,001,8,9,2,6,9,4,2,5,4,,1,,4,,,,,,1,jcb011200,jonathan brandenburg,Programming Fundamentals 
"Oladimeji, Ebenezer A",,,,,,CS,1337,505,2,11,2,3,7,3,1,3,,,,,2,,,,,,2,eao015100,ebenezer oladimeji,Computer Science I 
"Perkins, Stephen J",,,,,,CS,1337,504,2,8,3,1,2,6,4,1,1,2,2,,5,,,,,,2,sxp127930,stephen perkins,Computer Science I 
"Sudborough, Ivan H",,,,,,CS,2305,HN1,3,8,4,2,4,2,1,1,1,,1,,1,,,,,,1,hal,hal sudborough,Discrete Mathematics for Computing I 
"Fadda, Dani Z",,,,,,MECH,1208,001,,11,13,6,9,4,3,,,,,,2,,,,,,0,dzf091000,dani fadda,Introduction to Mechanical Engineering II 
"Ali, Tariq M","Honari, Arvin",,,,,BMEN,3120,106,,6,1,3,1,,,1,,,,,,,,,,,0,tma051000,tariq ali,Biomedical Circuits and Instrumentation Laboratory 
"Smith, Jason W",,,,,,CS,2336,004,8,9,5,6,11,1,3,3,2,1,3,,10,,,,,,6,jws130830,jason smith,Computer Science II 
"Jue, Jason",,,,,,CS,3305,001,3,12,13,8,9,8,7,6,1,,2,,2,,,,,,6,jjue,jason jue,Discrete Mathematics for Computing II 
"Mazidi, Karen J","Torabi, Behnam",,,,,CS,3340,502,6,14,17,14,10,4,2,1,,,1,,2,,,,,,0,kjm160430,karen mazidi,Computer Architecture 
"Khan, Ziaullah","Shams, Shahab","Kadiyala, Krishna P","Chaparro Arenas, Oscar Javier",,,CS,3345,501,10,6,4,7,11,3,4,4,,,,,,,,,,,2,kkhan,ziaullah khan,Data Structures and Introduction to Algorithmic Analysis 
"Khan, Ziaullah","Shams, Shahab","Kadiyala, Krishna P","Chaparro Arenas, Oscar Javier",,,CE,3345,501,1,1,1,1,4,,1,1,,,1,,,,,,,,0,kkhan,ziaullah khan,Data Structures and Introduction to Algorithmic Analysis 
"Khan, Ziaullah","Shams, Shahab","Kadiyala, Krishna P","Chaparro Arenas, Oscar Javier",,,SE,3345,501,1,1,1,3,1,2,1,2,,,,,,,,,,,0,kkhan,ziaullah khan,Data Structures and Introduction to Algorithmic Analysis 
"Wei, Shiyi","Florez Fandino, Juan Manuel",,,,,CS,3354,004,3,6,5,2,6,1,2,2,,1,,,,,,,,,1,sxw174630,shiyi wei,Software Engineering 
"Paulk, Mark C","Florez Fandino, Juan Manuel",,,,,CS,3354,501,,6,8,2,8,2,1,1,2,,,,,,,,,,1,mcp130030,mark paulk,Software Engineering 
"Wei, Shiyi","Florez Fandino, Juan Manuel",,,,,CE,3354,004,1,2,,1,3,1,2,,,1,,,,,,,,,0,sxw174630,shiyi wei,Software Engineering 
"Becker, Eric W","Shah, Trusit Sandipbhai","Cao, Tri M",,,,CS,4141,601,4,8,2,2,1,1,2,,,,,,,,,,,,0,ewb160130,eric becker,Digital Systems Laboratory 
"Brandenburg, Jonathan C","Wang, Wubing",,,,,CS,3377,002,5,6,6,4,3,5,2,4,,,2,,2,,,,,,1,jcb011200,jonathan brandenburg,C C  Programming in a UNIX Environment 
"Becker, Eric W","Shamsuddin, Rittika",,,,,CS,4341,502,11,17,4,8,4,3,,7,,,,,1,,,,,,4,ewb160130,eric becker,Digital Logic and Computer Design 
"Khan, Ziaullah","Ghosh, Smita",,,,,CS,4347,501,29,9,4,9,4,3,2,3,,,,,,,,,,,0,kkhan,ziaullah khan,Database Systems 
"Khan, Ziaullah","Ghosh, Smita",,,,,SE,4347,501,6,1,1,1,2,1,,,,,,,,,,,,,0,kkhan,ziaullah khan,Database Systems 
"Goodrum, Richard A","Yousefpour, Ashkan","Solanki, Nidhiben M",,,,CS,4348,002,,16,,,20,,,20,,,6,,5,,,,,,0,rag150330,richard goodrum,Operating Systems Concepts 
"Leonardi, Stefano","Solano Cordoba, Miguel S",,,,,MECH,4320,001,7,3,2,2,3,1,1,2,1,,,1,3,,,,,,0,sxl139330,stefano leonardi,Applications of Computational Tools in Thermal Fluid Science 
"Howell, Michael J",,,,,,CS,2335,502,,9,14,20,11,4,6,1,,1,1,3,,,,,,,4,mjh047000,,Computer Science II for Non-majors 
"Becker, Eric W",,,,,,CS,5303,001,,25,9,4,,2,,2,,,,,,,,,,,0,ewb160130,eric becker,Computer Science I 
"Haas, Zygmunt J",,,,,,CS,6301,007,,4,3,2,,1,1,,,,,,,,,,,,0,zjh130030,zygmunt haas,Special Topics in Computer Science 
"Bereg, Sergey","Li, Xinyi",,,,,CS,6363,003,,29,17,10,,,,,,,,,,,,,,,0,sxb027100,sergey bereg,Design and Analysis of Computer Algorithms 
"Gupta, Gopal","Shakerin, Farhad",,,,,CS,7301,002,,16,4,3,3,,,,,,,,2,,,,,,1,gupta,gopal gupta,Recent Advances in Computing 
"Gupta, Gopal","Shakerin, Farhad",,,,,SE,7301,002,,5,,,,,,,,,,,1,,,,,,0,gupta,gopal gupta,Recent Advances in Computing 
"Varner, Victor","Peak, Kara",,,,,BMEN,3399,001,8,11,,4,7,2,2,2,,,3,,,,,,,,0,vxv162230,victor varner,Introductory Biomechanics 
"Levene, Stephen","Jang, Jaein",,,,,BMEN,3315,001,,3,1,2,3,6,8,2,1,,,,2,,,,,,3,sdlevene,stephen levene,Thermodynamics and Physical Chemistry in Biomedical Engineering 
"Foland, Steven J","Usoro, Joshua",,,,,BMEN,4320,001,,2,1,4,1,1,2,1,,,,,2,,,,,,0,sjf041000,steven foland,Intermediate Electrical Systems 
"Cole, John",,,,,,CS,1200,015,,25,,,10,1,,,,,,,,,,,,,0,jxc064000,john cole,Introduction to Computer Science and Software Engineering 
"Ammanamanchi, Manasvini","Hayenga, Heather N","Hays, Seth A",,,,BMEN,3330,501,4,2,3,1,,,2,,1,,,,,,,,,,0,hnh130330,heather hayenga,Engineering Physiology of the Human Body 
"Vogel, Don G",,,,,,CS,1136,118,29,3,2,3,4,4,1,2,2,,2,,6,,,,,,3,dgv130030,don vogel,Computer Science Laboratory 
"Vogel, Don G",,,,,,CS,1136,116,29,8,,1,1,,1,1,,,,,4,,,,,,2,dgv130030,don vogel,Computer Science Laboratory 
"Vogel, Don G",,,,,,CS,1136,117,23,4,5,2,6,,2,,1,,,,4,,,,,,0,dgv130030,don vogel,Computer Science Laboratory 
"Becker, Eric W",,,,,,CS,3162,051,21,7,6,2,2,,,,,,,,,,,,,,1,ewb160130,eric becker,Professional Responsibility in Computer Science and Software Engineering 
"Debroy, Vidroha",,,,,,SE,3162,551,14,3,1,,1,1,1,,,,,,,,,,,,0,vxd024000,vidroha debroy,Professional Responsibility in Computer Science and Software Engineering 
"Bennett, Terrell R",,,,,,ECSC,2100,001,,20,3,5,2,,1,,,,,,,,,,,,1,trb052000,terrell bennett,Engineering Project in Community Service 
"Lewis, Racine N",,,,,,ECS,1100,021,23,10,9,4,,,,1,,,,,2,,,,,,0,rnr130230,,Introduction to Engineering and Computer Science 
"Brown, Joshua",,,,,,ECS,1100,022,23,3,6,2,3,2,,1,1,,,1,4,,,,,,1,jxb165130,,Introduction to Engineering and Computer Science 
"Choi, Wonjae","LeClear, Johnathon D",,,,,MECH,7392,501,,14,11,1,2,3,,,,,,,,,,,,,0,wxc111930,wonjae choi,Advanced Mathematics for Mechanical Engineers I 
"Ardestani Khoubrouy, Soudeh","Shihabeddin, Tarik",,,,,BMEN,1100,108,5,6,,2,1,,1,,,,,,,,,,,,1,sxa074200,soudeh khoubrouy,Introduction to Bioengineering I 
"Meyer, Clark A","Qin, Zhiyang",,,,,BMEN,1100,109,1,6,5,2,1,,,,1,,,,,,,,,,0,cam140130,clark meyer,Introduction to Bioengineering I 
"Meyer, Clark A","Bellary, Aditi",,,,,BMEN,1100,110,6,4,2,,1,,,,,,,,,,,,,,0,cam140130,clark meyer,Introduction to Bioengineering I 
"Ali, Tariq M","Chakraborty, Somdutta",,,,,BMEN,3120,107,3,3,3,3,3,1,,1,,,,,,,,,,,0,tma051000,tariq ali,Biomedical Circuits and Instrumentation Laboratory 
"Winter, Patrick M","Chung, Yu-Yen","Kazemimoghadam, Mahdieh","Chakraborty, Somdutta","Honari, Arvin",,BMEN,3120,109,,4,5,1,2,,,,,,,,,,,,,,0,pxw151030,patrick winter,Biomedical Circuits and Instrumentation Laboratory 
"Ardestani Khoubrouy, Soudeh","Suhas Bharadwaj, FNU",,,,,BMEN,4110,106,1,1,2,2,5,5,,,1,,2,,,,,,,,0,sxa074200,soudeh khoubrouy,Biomedical Feedback Systems Laboratory 
"Meyer, Clark A","Li, Shichang","Bellary, Aditi",,,,BMEN,1208,001,4,,5,4,2,1,,,,,,,2,,,,,,0,cam140130,clark meyer,Introduction to Bioengineering II 
"Pacheco, Joe","Polk, Todd W","Upasham, Sayali S",,,,BMEN,4388,004,1,2,2,3,2,,,,,,,,,,,,,,0,jxp142030,,Senior Design Project I 
"Pacheco, Joe","Polk, Todd W","Upasham, Sayali S",,,,BMEN,4388,005,1,3,4,1,,1,,,,,,,,,,,,,0,jxp142030,,Senior Design Project I 
"Qin, Zhenpeng",,,,,,MECH,6374,001,,10,3,2,5,,3,,,,,,1,,,,,,0,zxq140530,zhenpeng qin,Conductive and Radiative Heat Transfer 
"Nguyen, Nhut","Vellingiri, Shanthi",,,,,CS,4393,001,,16,7,8,,9,4,4,,,,,3,,,,,,1,nhutnn,nhut nguyen,Computer and Network Security 
"Cogan, Stuart","Gerami Fard, Negar",,,,,BMEN,3315,501,1,20,3,4,10,3,2,3,,,,,,,,,,,0,sxc149830,stuart cogan,Thermodynamics and Physical Chemistry in Biomedical Engineering 
"Doore, Karen L",,,,,,CS,1134,101,12,5,1,2,3,1,,1,,1,,,5,,,,,,2,kld054000,karen doore,
"Li, Yaoyu","Wu, Zhongyou","Xiao, Yan",,,,MECH,4110,104,,6,6,6,1,3,,,,,,,,,,,,,0,yxl115230,yaoyu li,Systems and Controls Laboratory 
"Hassanipour, Fatemeh","Jiang, Lin","Wang, Xiaomeng",,,,MECH,3120,104,9,7,1,1,,,,,,,,,,,,,,,0,fxh091000,fatemeh hassanipour,Heat Transfer Laboratory 
"Feng, Ranran","Patel, Vatsalkumar R","Li, Changbin",,,,CS,3360,002,5,2,4,9,5,4,1,1,3,3,2,5,2,,,,,,1,rxf090020,ranran feng,Computer Graphics for Artists and Designers 
"Becker, Eric W","Shah, Trusit Sandipbhai","Cao, Tri M",,,,CS,4141,107,10,4,1,1,1,,1,,,,,,,,,,,,2,ewb160130,eric becker,Digital Systems Laboratory 
"Becker, Eric W","Shah, Trusit Sandipbhai","Cao, Tri M",,,,CS,4141,108,11,2,4,,1,1,1,,,,,,,,,,,,0,ewb160130,eric becker,Digital Systems Laboratory 
"Becker, Eric W","Shah, Trusit Sandipbhai","Cao, Tri M",,,,CS,4141,109,4,7,3,1,1,1,1,,,,1,,,,,,,,0,ewb160130,eric becker,Digital Systems Laboratory 
"Becker, Eric W","Shah, Trusit Sandipbhai","Cao, Tri M",,,,CS,4141,110,1,6,5,2,1,1,,,1,,,,,,,,,,0,ewb160130,eric becker,Digital Systems Laboratory 
"Winter, Patrick M","Usoro, Joshua",,,,,BMEN,3380,001,3,5,4,4,,1,,1,,,,,,,,,,,1,pxw151030,patrick winter,Medical Imaging Systems and Methods 
"Romero-Ortega, Mario I",,,,,,BMEN,6393,001,,5,2,1,1,,1,,,,,,,,,,,,1,mir140030,,Neural Engineering Methods and Applications 
"Summers, Tyler H","Hashemi, Navid",,,,,MECH,4310,002,3,8,5,6,13,4,3,4,1,2,7,,3,,,,,,1,ths150130,tyler summers,Systems and Controls 
"Myers, Kathleen","Quayum, Ayon",,,,,ENGR,3341,001,6,13,3,7,4,1,2,4,,,,2,2,,,,,,0,kxm156530,kathleen myers,Probability Theory and Statistics 
"Ali, Mohammed Z","Akbar, Md Navid",,,,,ENGR,3341,002,1,19,,6,9,1,,8,,,,,,,,,,,0,mohammed,ali mohammed,Probability Theory and Statistics 
"Swartz, William P","Birjandtalab Golkhatm, Javad","Wang, Xianan",,,,EEDG,6302,304,,5,6,4,2,1,,2,,,,,,,,,,,0,wps100020,william swartz,Microprocessor Systems 
"Vogel, Don G",,,,,,CS,2336,002,5,23,1,9,10,2,1,2,,,3,,2,,,,,,0,dgv130030,don vogel,Computer Science II 
"Mazidi, Karen J","Ochei, Dennis",,,,,CS,3340,003,8,15,15,3,7,6,2,1,1,1,,1,3,,,,,,0,kjm160430,karen mazidi,Computer Architecture 
"Meyer, Clark A","Li, Shichang","Bellary, Aditi",,,,BMEN,1208,002,4,3,2,1,3,3,,1,,,,,,,,,,,1,cam140130,clark meyer,Introduction to Bioengineering II 
"McMahan, Timothy",,,,,,CS,1200,016,9,12,5,3,1,2,,2,2,,,,5,,,,,,0,txm173230,timothy mcmahan,Introduction to Computer Science and Software Engineering 
"Hart, Robert A","Gravell, Jamie D","Salazar, Joshua E","Hilkert, James M",,,MECH,4381,001,,4,4,5,4,1,,,,,,,,,,,,,0,rxh124630,robert hart,Senior Design Project I 
"Hart, Robert A","Gravell, Jamie D","Salazar, Joshua E","Fadda, Dani Z","Hilkert, James M",,MECH,4381,002,,3,6,6,2,,,,,,,,,,,,,,0,rxh124630,robert hart,Senior Design Project I 
"Hart, Robert A","Salazar, Joshua E","Gravell, Jamie D","Fadda, Dani Z",,,MECH,4381,003,,1,6,5,4,,1,,,,,,,,,,,,0,rxh124630,robert hart,Senior Design Project I 
"Hart, Robert A","Salazar, Joshua E","Gravell, Jamie D","Griffith, Daniel T",,,MECH,4381,004,,3,4,5,4,,,1,,,,,,,,,,,0,rxh124630,robert hart,Senior Design Project I 
"Hart, Robert A","Salazar, Joshua E","Gravell, Jamie D","Griffith, Daniel T",,,MECH,4381,005,,8,3,4,,1,1,,,,,,,,,,,,0,rxh124630,robert hart,Senior Design Project I 
"Hart, Robert A","Salazar, Joshua E","Gravell, Jamie D",,,,MECH,4381,006,,7,4,2,2,2,,,,,,,,,,,,,0,rxh124630,robert hart,Senior Design Project I 
"Hart, Robert A","Salazar, Joshua E","Gravell, Jamie D",,,,MECH,4381,007,,7,5,1,3,1,1,,,,,,,,,,,,0,rxh124630,robert hart,Senior Design Project I 
"Skinner, Neal G",,,,,,EE,4388,503,,6,4,2,2,,1,,,,,,,,,,,,0,skinner,neal skinner,Senior Design Project I 
"Skinner, Neal G",,,,,,CE,4388,503,,3,5,1,1,,1,,,,,,,,,,,,0,skinner,neal skinner,Senior Design Project I 
"Perkins, Stephen J",,,,,,CS,1200,501,1,5,5,6,4,1,,1,1,,,,,,,,,,1,sxp127930,stephen perkins,Introduction to Computer Science and Software Engineering 
"Bray, Timothy M","Shih, Meng Ru","Shuraydi, Amny",,,,CRIM,1301,001,,2,8,7,5,4,7,2,,4,2,3,3,,,,,,2,tmb021000,timothy bray,Introduction to Criminal Justice 
"Boots, Denise P","Shuraydi, Amny",,,,,CRIM,1307,001,1,29,14,14,15,7,2,1,2,,2,1,1,,,,,,1,dpb062000,denise boots,Introduction to Crime and Criminology 
"Connell, Nadine","Han, Sungil",,,,,CRIM,3303,001,,3,12,12,7,6,4,3,,1,,,2,,,,,,0,nmc110030,nadine connell,Advanced Criminal Justice 
"Polk, Elmer O","Derlic, Dragana",,,,,CRIM,3319,0W1,30,27,7,1,5,3,,2,2,,,,1,,,,,,1,peo091000,elmer polk,Comparative Justice Systems 
"Vieraitis, Lynne M",,,,,,CRIM,4322,0H1,,3,2,4,1,1,2,1,,,1,,2,,,,,,0,lmv071000,lynne vieraitis,Senior Research Seminar 
"Ketsler, Luba",,,,,,ECON,2301,001,2,16,7,6,26,7,9,22,7,4,5,1,9,,,,,,3,lxk010300,luba ketsler,Principles of Macroeconomics 
"Valcarcel, Victor J",,,,,,ECON,2301,002,,57,1,10,39,,,5,1,,3,,10,,,,,,2,vjv150130,victor valcarcel,Principles of Macroeconomics 
"McElroy, Susan","Zhang, Licheng",,,,,ECON,2302,001,13,18,20,6,18,4,1,2,8,,6,,4,,,,,,3,skm028000,susan mcelroy,Principles of Microeconomics 
"Zhang, Zeyu",,,,,,ECON,3310,001,2,8,3,3,5,5,1,3,,,,,1,,,,,,3,zxz110530,zeyu zhang,Intermediate Microeconomic Theory 
"Valcarcel, Victor J",,,,,,ECON,3311,001,3,3,,1,8,1,,10,2,,3,,,,,,,,6,vjv150130,victor valcarcel,Intermediate Macroeconomic Theory 
"Dumas, Lloyd",,,,,,ECON,3311,501,,6,4,3,4,3,,3,,,,,1,,,,,,1,ljdumas,lloyd dumas,Intermediate Macroeconomic Theory 
"Ketsler, Luba",,,,,,ECON,3330,001,3,9,8,11,22,4,3,1,,,3,,3,,,,,,0,lxk010300,luba ketsler,Economics of Health 
"O'Brien, Daniel M",,,,,,ECON,4351,001,13,11,5,4,3,,,,,,,,,,,,,,0,obri,daniel obrien,Mathematical Economics 
"McCaskill, John R","Suh, Ji Won",,,,,PA,3310,001,,6,,1,1,1,,,1,,,,,,,,,,0,jrm094020,john mccaskill,Public Management 
"Arguelles, Ariel",,,,,,PA,3333,001,5,5,6,3,1,2,,1,,,,,1,,,,,,0,axa152731,ariel arguelles,Human Resources Management 
"Vakulenko, Irina","Shah, Muna",,,,,GEOG,3377,001,,2,1,2,4,1,1,,,,,,1,,,,,,0,iav081000,irina vakulenko,Urban Planning and Policy 
"McCaskill, John R",,,,,,PA,6311,501,,10,,1,,,,,,,,,1,,,,,,1,jrm094020,john mccaskill,Public Management 
"Kiel, Lowell D",,,,,,PA,6313,0W1,,10,2,2,8,,,,,,,,1,,,,,,1,dkiel,,Public Policymaking and Institutions 
"Cohen, Galia",,,,,,PA,6345,501,,4,5,2,1,1,,,,,,,,,,,,,0,gxc097120,galia cohen,Human Resources Management 
"Cohen, Galia",,,,,,SOC,1301,001,13,13,21,10,12,14,11,4,5,5,4,1,3,,,,,,3,gxc097120,galia cohen,Introduction to Sociology 
"Simoni, Zachary","Love-Hal, Jewell N",,,,,SOC,1301,0W1,2,20,14,4,7,7,1,,,,3,,4,,,,,,0,zrs160030,zachary simoni,Introduction to Sociology 
"Sutton, Kara L",,,,,,SOC,4302,001,21,17,2,2,1,1,,2,2,,,,1,,,,,,1,klt011200,kara sutton,Class  Status  and Power 
"Polk, Elmer O","Derlic, Dragana",,,,,CRIM,2316,001,32,10,6,1,,3,,,1,,1,,1,,,,,,1,peo091000,elmer polk,Corrections 
"Worrall, John L","Narvey, Chelsey",,,,,CRIM,3300,0W1,,26,13,6,15,5,,6,2,,,1,7,,,,,,2,jlw064000,john worrall,Crime and Civil Liberties 
"Okeem, Chidike I",,,,,,CRIM,3301,001,,9,2,1,,1,,,,,,1,2,,,,,,1,cio150030,chidike okeem,Theories of Justice 
"Huskey, Michael",,,,,,CRIM,3302,001,2,7,5,5,1,1,1,1,,,,1,,,,,,,0,mxh160630,michael huskey,Advanced Criminology 
"Martin, Kelli D",,,,,,CRIM,4311,0W1,,20,,,8,,,3,,,1,,2,,,,,,1,kds106020,kelli martin,Crime and Justice Policy 
"Vakulenko, Irina","Shah, Muna",,,,,GEOG,2303,001,7,7,5,3,2,1,1,1,,1,,,4,,,,,,0,iav081000,irina vakulenko,People and Place  An Introduction to World Geographic Regions 
"Vakulenko, Irina","Shah, Muna",,,,,GEOG,3357,001,6,8,4,6,4,4,6,1,,,1,,,,,,,,2,iav081000,irina vakulenko,Spatial Dimensions of Health and Disease 
"Vakulenko, Irina","Shah, Muna",,,,,GEOG,3370,001,,1,3,2,1,3,3,2,1,,,,1,,,,,,1,iav081000,irina vakulenko,The Global Economy 
"Chun, Yongwan","Hu, Lan",,,,,GISC,6381,501,,11,,6,3,,,2,,,,,,,,,,,0,yxc070300,,Geographic Information Systems Fundamentals 
"Champagne, Anthony",,,,,,PSCI,3322,001,15,38,,,25,,,11,,,12,1,9,,,,,,5,tchamp,anthony champagne,Constitutional Law 
"D'Orazio, Vito","Bi, Jingnan",,,,,PSCI,3328,001,,10,10,17,8,7,12,6,1,,1,,3,,,,,,0,vxd152030,vito dorazio,International Relations 
"Brandt, Patrick",,,,,,PSCI,6350,001,,4,7,1,,2,,,,,,,1,,,,,,4,pxb054000,patrick brandt,Logic  Methodology  and Scope of Political Science 
"Tiefelsdorf, Michael","Pu, Xiaojun",,,,,GISC,6301,501,,2,5,5,2,3,1,4,,,,,,,,,,,0,mrt052000,michael tiefelsdorf,GIS Data Analysis Fundamentals 
"Chastain, Bryan J","Yu, Xiaohe",,,,,GISC,6317,501,,8,4,5,3,2,,4,,,,,1,,,,,,1,bjc062000,bryan chastain,GIS Programming Fundamentals 
"O'Brien, Daniel M",,,,,,ECON,6305,501,,19,,3,2,,,,,,,,,,,,,,0,obri,daniel obrien,Mathematical Economics 
"Li, Dong","Hou, Aoyu",,,,,ECON,7309,001,,6,8,6,1,,,,,,,,,,,,,,0,dxl145430,dong li,Econometrics II 
"Gorina, Evgenia","Abraham, Romeo",,,,,EPPS,6313,501,,7,1,,2,7,,,,,,,2,,,,,,2,exg131830,evgenia gorina,Introduction to Quantitative Methods 
"Kim, Dohyeong","Zaychik, Danielle",,,,,EPPS,7313,501,,10,2,1,3,2,,,,,,,,,,,,,3,dxk132530,dohyeong kim,Descriptive and Inferential Statistics 
"Arce, Daniel G","Griffie, Vernicia A",,,,,ECON,2302,002,5,31,5,12,21,11,11,19,13,,8,5,16,,,,,,7,dga071000,daniel arce,Principles of Microeconomics 
"Cummings, Anthony R","Karale, Yogita Y",,,,,GEOG,2302,001,1,1,3,1,5,4,,1,,,,,1,,,,,,0,arc131030,anthony cummings,The Global Environment 
"Lanham, Carol C","Love-Hal, Jewell N",,,,,SOC,3321,0W1,3,15,17,8,8,8,3,3,1,,1,,,,,,,,0,ccl054000,carol lanham,Deviance 
"Cheun, Jacquelyn J",,,,,,SOC,4372,001,15,23,1,4,7,1,,1,1,2,,,,,,,,,1,jjc150830,jacquelyn cheun,Health and Illness 
"Tiefelsdorf, Michael","Pu, Xiaojun",,,,,ECON,6306,001,,4,6,6,6,1,4,,,,,,1,,,,,,1,mrt052000,michael tiefelsdorf,Applied Econometrics 
"Dumas, Lloyd",,,,,,ECON,6352,501,,1,2,3,1,,,1,,,,,,,,,,,0,ljdumas,lloyd dumas,World Political Economy 
"Miller, Banks",,,,,,PSCI,6311,501,,6,7,3,,,,,,,,,1,,,,,,3,bxm093000,banks miller,Proseminar in Law and Courts 
"Chin, Michelle L","Harpham, Edward",,,,,PSCI,4370,HN1,41,7,,,,,,,,,,,,,,,,,0,mlc140530,,Policy Making Process 
"Daly, John A","Harpham, Edward",,,,,PSCI,4372,HN1,,48,,,,,,,,,,,,,,,,,0,jad105020,,Advocacy and Politics 
"Swerdlow, Joel L","Chin, Michelle L",,,,,PSCI,4373,HN1,,48,,,,,,,,,,,,,,,,,0,jls059000,,Politics of National Memory 
"Kamau, Casper",,,,,,GOVT,2107,0W1,16,4,,,,,,1,,1,,,1,,,,,,0,cxk103120,casper kamau,Federal and Texas Constitutions 
"Vakulenko, Irina","Shah, Muna",,,,,PA,3377,001,,1,6,4,3,1,,1,,,,,,,,,,,1,iav081000,irina vakulenko,Urban Planning and Policy 
"Scotch, Richard",,,,,,SOC,6350,001,,6,,,2,,,,,,,,1,,,,,,0,scotch,richard scotch,Social Stratification 
"Ketsler, Luba",,,,,,ECON,2301,003,2,17,10,8,35,9,8,33,4,2,6,2,9,,,,,,0,lxk010300,luba ketsler,Principles of Macroeconomics 
"Leblebicioglu, Asli",,,,,,ECON,6302,001,,2,3,3,2,,2,1,,,,,,,,,,,0,axl128330,,Macroeconomics Theory I 
"Harrington, James",,,,,,PA,7330,001,,5,2,,,,,,,,,,2,,,,,,1,jxh134630,james harrington,Research Design in Public Affairs 
"Boots, Denise P","Hayslip, Melissa P","Shuraydi, Amny",,,,CRIM,6300,5W1,,11,3,1,1,,,,,,,,,,,,,,0,dpb062000,denise boots,Proseminar in Criminology 
"Dutia, Anahita A",,,,,,PSCI,4V67,HN1,12,,,,,,,,,,,,,,,,,,0,axd050200,anahita dutia,Moot Court 
"Seldon, Barry J",,,,,,ECON,5321,001,,8,4,1,,,,,,,,,,,,,,,0,seldon,,Microeconomic Theory for Applications 
"Harrington, James",,,,,,EPPS,6316,501,,9,2,,5,2,1,1,,,,,,,,,,,0,jxh134630,james harrington,Applied Regression 
"Andrews, Rodney J",,,,,,ECON,3310,002,7,7,,2,6,1,,3,1,,,1,4,,,,,,2,rja091000,rodney andrews,Intermediate Microeconomic Theory 
"Scotch, Richard",,,,,,SOC,4372,HN1,14,9,,,,,,,,,,,,,,,,,0,scotch,richard scotch,Health and Illness 
"Kovandzic, Tomislav","Sanford, Stephanie M",,,,,CRIM,3323,001,2,10,4,1,19,4,4,14,2,,4,1,1,,,,,,2,tvk071000,tomislav kovandzic,Violence and Gun Control 
"Giertz, Seth","Nguyen, Hien T",,,,,ECON,4320,001,4,6,9,8,2,1,1,,,1,,,,,,,,,0,sxg154831,seth giertz,Public Sector Economics 
"Chastain, Bryan J","Yu, Xiaohe",,,,,GISC,4317,501,,4,1,,2,2,,1,,,,,,,,,,,0,bjc062000,bryan chastain,GeoComputation 
"Benavides, Teodoro J",,,,,,PA,6321,501,,23,,,4,,,,,,,,,,,,,,0,tjb051000,teodoro benavides,Government Financial Management and Budgeting 
"Chordiya, Rashmi V",,,,,,PA,3380,0W1,16,10,2,2,2,3,,1,,,,,3,,,,,,1,rvc140130,rashmi chordiya,Organizations  Theory and Behavior 
"Laprade, Jennifer M",,,,,,CRIM,1307,002,14,11,9,6,9,,2,2,,,,,3,,,,,,4,jml109020,jennifer laprade,Introduction to Crime and Criminology 
"Dumas, Lloyd",,,,,,IPEC,3349,HN1,,2,5,3,3,1,,,1,,,,,,,,,,2,ljdumas,lloyd dumas,World Resources and Development 
"Gray, Thomas","Lux, Ryan J","Okyere, Dennis K",,,,GOVT,2305,003,5,20,19,17,48,31,19,26,14,7,11,4,18,,,,,,9,txg171430,thomas gray,American National Government 
"Larue, Patrick","Emmanuel, Nichael","Gutierrez Mannix, Carlos Daniel",,,,GOVT,2305,001,1,6,12,6,11,7,8,11,9,4,8,1,8,,,,,,1,pxl111020,patrick larue,American National Government 
"Larue, Patrick","Gutierrez Mannix, Carlos Daniel","Emmanuel, Nichael",,,,GOVT,2305,002,2,13,20,26,27,19,12,15,4,8,13,7,8,,,,,,2,pxl111020,patrick larue,American National Government 
"Koo, Hyeongmo",,,,,,GISC,4326,001,3,,4,1,2,,,,,,,,,,,,,,0,hxk134230,,Cartography and GeoVisualization 
"Cummings, Anthony R","Karale, Yogita Y",,,,,ENVR,2302,001,2,,3,3,4,,1,1,2,,1,,,,,,,,0,arc131030,anthony cummings,The Global Environment 
"Aiken, Carlos",,,,,,GISC,5324,501,,9,2,,,,,,,,,,,,,,,,0,aiken,carlos aiken,3D Data Capture and Ground Lidar 
"Davis, Stephanie","Hoffman, Blake M","Latiolais, Jasmine R","Kim, Youngsil",,,GOVT,2306,001,117,42,32,24,15,21,17,9,8,4,,1,8,,,,,,2,sxd168630,stephanie davis,State and Local Government 
"Dow, Douglas C",,,,,,GOVT,2306,HN1,4,8,9,6,,,,,,,,,,,,,,,0,dougdow,douglas dow,State and Local Government 
"Maskaly, Jonathan","Hernandez, Richard",,,,,CRIM,2313,501,8,,3,1,3,2,4,,2,1,2,,1,,,,,,2,jxm166430,jonathan maskaly,Police and Society 
"McKay, Brian",,,,,,CRIM,2317,501,1,2,4,5,3,1,2,1,2,1,1,,,,,,,,0,bxm131530,brian mckay,Criminal Prosecution and Court Process 
"Powell, Zachary A",,,,,,CRIM,3310,001,,11,4,5,6,1,2,4,2,,2,1,5,,,,,,1,zap130030,zachary powell,Youth Crime and Justice 
"Jacobs, Bruce A",,,,,,CRIM,3326,001,,8,5,3,1,,,1,1,1,,,,,,,,,0,baj034000,bruce jacobs,Victimless Crimes 
"Yang, Shuo",,,,,,ECON,2302,003,,4,2,3,3,3,2,,,,3,,1,,,,,,1,sxy096120,shuo yang,Principles of Microeconomics 
"Bray, Timothy M","Shih, Meng Ru",,,,,EPPS,7313,001,,3,2,1,1,,,,,,,,,,,,,,0,tmb021000,timothy bray,Descriptive and Inferential Statistics 
"Dell, Brent",,,,,,GISC,2305,001,1,5,2,3,1,,1,,,,,,,,,,,,0,bxd160430,brent dell,Spatial Thinking and Data Analytics 
"Lee, Monghyeon",,,,,,GISC,3304,001,9,3,,,,,,,1,,,,,,,,,,0,mxl120631,monghyeon lee,Principles of Geospatial Information Sciences 
"Lee, Monghyeon",,,,,,GEOG,3304,001,6,,1,,,1,1,,,,,,,,,,,,1,mxl120631,monghyeon lee,Principles of Geospatial Information Sciences 
"Cummings, Anthony R","Karale, Yogita Y",,,,,GISC,6325,501,,18,11,1,2,2,,1,,,,,,,,,,,0,arc131030,anthony cummings,Remote Sensing Fundamentals 
"Lowe, Evan","Das, Soham","Zengin, Abdullah Furkan",,,,GOVT,2306,002,7,8,18,10,4,12,6,8,7,6,2,7,8,,,,,,6,exl171930,evan lowe,State and Local Government 
"Lee, Young-Joo",,,,,,PA,4355,001,4,6,9,5,2,5,,,1,,,,1,,,,,,1,yxl093000,young joo lee,Management of Nonprofit Organizations 
"Sabharwal, Meghna",,,,,,PA,6320,0W1,,14,,,3,,,,,,,,1,,,,,,0,mxs095000,meghna sabharwal,Organizational Theory 
"McCaskill, John R",,,,,,PA,6399,501,,11,,,,,,,,,,,,,,,,,0,jrm094020,john mccaskill,Capstone in Public Affairs 
"Simoni, Zachary","Love-Hal, Jewell N",,,,,SOC,4369,001,15,15,22,8,4,6,,1,,,1,1,,,1,,,,1,zrs160030,zachary simoni,Public Health and Society 
"Simoni, Zachary","Love-Hal, Jewell N",,,,,SOC,4385,001,4,13,14,4,3,,1,1,2,,,,,,,,,,0,zrs160030,zachary simoni,Health and Illness in Global and Cross-national Perspective 
"Alexander, Bobby",,,,,,EPPS,6346,001,,10,,,,,,,,,,,,,,,,,1,bcalex,bobby alexander,Qualitative Research Methods 
"Cheun, Jacquelyn J",,,,,,EPPS,2301,001,18,42,,6,7,,,1,1,,1,,2,,,,,,1,jjc150830,jacquelyn cheun,Research Design in the Social and Policy Sciences 
"Min, Soojin",,,,,,EPPS,2302,001,6,3,6,6,2,2,,1,,,,,1,,,,,,3,sxm123731,,Methods of Quantitative Analysis in the Social and Policy Sciences 
"Suh, Ji Won",,,,,,PA,3306,001,6,2,4,2,6,,,,,,,,,,,,,,0,jxs145530,,Advanced Research and Writing for the Policy Sciences 
"Harpham, Edward",,,,,,GOVT,2306,HN2,1,16,5,2,1,1,,,,,,,,,,,,,0,harpham,edward harpham,State and Local Government 
"Dumas, Lloyd",,,,,,PPPE,6352,501,,2,2,3,2,,,,,,,,,,,,,,0,ljdumas,lloyd dumas,World Political Economy 
"Leaf, Murray J",,,,,,PPPE,6329,501,,5,7,,1,,,,,,,,1,,,,,,0,mjleaf,murray leaf,Ethics  Culture  and Public Policy 
"Worrall, John L",,,,,,CRIM,7305,5H1,,6,1,,,,,,,,,,,,,,,,0,jlw064000,john worrall,Professional Development in Criminology 
"Bunte, Jonas B",,,,,,PPPE,6301,501,,7,3,2,1,1,2,,,,,,2,,,,,,0,jbb130330,jonas bunte,Political-Economic Theories 
"Fass, Simon",,,,,,PPPE,6310,501,,1,5,10,6,1,,,,,,,2,,,,,,1,fass,simon fass,Research Design I 
"Wunder, Timothy",,,,,,ECON,2302,0W1,,15,3,6,20,5,5,9,7,,8,,7,,,,,,2,txw132630,timothy wunder,Principles of Microeconomics 
"Connell, Nadine",,,,,,CRIM,6301,501,,2,4,3,5,5,,,,,,,,,,,,,0,nmc110030,nadine connell,Research Design I 
"Cai, Xiang",,,,,,EPPS,2302,501,5,7,4,3,2,2,3,4,3,3,2,,9,,,,,,3,xxc110430,xiang cai,Methods of Quantitative Analysis in the Social and Policy Sciences 
"Benavides, Teodoro J",,,,,,PA,6348,0W1,,6,,,,,,,,,,,,,,,,,0,tjb051000,teodoro benavides,Navigating the Public Service Workplace 
"Gorina, Evgenia",,,,,,PA,7306,501,,3,2,2,,,,,,,,,,,,,,,0,exg131830,evgenia gorina,Foundations of Public Affairs 
"Skaggs, Sheryl L",,,,,,SOC,1301,HN1,21,4,,,,,,,,,,,,,,,,,0,slskaggs,sheryl skaggs,Introduction to Sociology 
"McElroy, Susan","Zhang, Licheng",,,,,ECON,3337,001,8,13,5,10,10,4,1,3,,,,,3,,,,,,0,skm028000,susan mcelroy,Economics of Poverty and Inequality 
"Arce, Daniel G",,,,,,ECON,4310,001,1,10,4,3,15,2,2,,,,,,,,,,,,1,dga071000,daniel arce,Managerial Economics 
"Li, Dong","Hou, Aoyu",,,,,ECON,4355,001,3,6,3,7,2,2,2,3,2,1,1,1,1,,,,,,1,dxl145430,dong li,Econometrics 
"Siqueira, Kevin J",,,,,,ECON,7303,001,,2,3,2,1,,,,,,,,,,,,,,0,kjs064000,kevin siqueira,Microeconomics Theory III 
"Davis, Stephanie","Hoffman, Blake M","Latiolais, Jasmine R","Kim, Youngsil",,,GOVT,2305,004,57,49,39,23,18,29,16,8,10,5,2,2,11,,,,,,2,sxd168630,stephanie davis,American National Government 
"Davis, Stephanie","Hoffman, Blake M","Latiolais, Jasmine R","Kim, Youngsil",,,GOVT,2306,003,111,37,33,15,27,31,9,11,9,4,1,4,1,,,,,,7,sxd168630,stephanie davis,State and Local Government 
"Champagne, Anthony",,,,,,PSCI,3303,001,8,38,,,17,,,12,,,4,,3,,,,,,3,tchamp,anthony champagne,Civil Liberties 
"Peinhardt, Clint W",,,,,,PSCI,4329,001,,8,7,6,12,7,3,4,,,3,,1,,,,,,0,cwp052000,clint peinhardt,Global Politics 
"Maskaly, Jonathan","Hernandez, Richard",,,,,EPPS,6313,001,,10,2,3,,,1,1,,,,,,,,,,,0,jxm166430,jonathan maskaly,Introduction to Quantitative Methods 
"Dean, Denis J",,,,,,GISC,6379,001,,5,,,2,3,,,,,,,,,,,,,0,djd081000,denis dean,Special Topics in Geographic Information Sciences 
"Smith, Erin",,,,,,SOC,2300,001,,2,3,4,5,1,,,,,,,2,,,1,,,1,erins,erin smith,Introduction to Gender Studies 
"Sabharwal, Meghna",,,,,,PA,2325,001,4,7,5,8,5,4,1,1,,,1,,2,,,,,,0,mxs095000,meghna sabharwal,Introduction to Public Service 
"Jacobs, Bruce A",,,,,,CRIM,6303,001,,2,5,1,,,,,,,,,,,,,,,0,baj034000,bruce jacobs,Etiology of Crime and Criminality 
"Beron, Kurt","Kwak, Jihun",,,,,ECON,6306,501,,10,,,5,2,,2,,,,,1,,,,,,0,kberon,kurt beron,Applied Econometrics 
"Lowry, Robert C","Endicott, Connor W","Sun, Zeyu",,,,PSCI,3325,001,6,18,14,9,16,7,3,5,1,2,1,3,6,,,,,,3,rcl062000,robert lowry,American Public Policy 
"Lowe, Evan","Das, Soham","Zengin, Abdullah Furkan",,,,GOVT,2306,004,28,26,45,33,29,34,14,23,20,10,9,13,14,,,,,,1,exl171930,evan lowe,State and Local Government 
"Piquero, Alexis M",,,,,,CRIM,7300,001,,2,1,3,3,,,,,,,,,,,,,,0,axp116030,,Advances in Criminology Theory 
"Wheeler, Andrew",,,,,,CRIM,7301,001,,10,,,,,,,,,,,,,,,,,0,axw161530,,Seminar in Criminology Research and Analysis 
"Kiel, Lowell D",,,,,,PA,4370,001,,5,3,,2,,2,,2,,,,1,,,,,,1,dkiel,,Leadership 
"Goodman, Doug",,,,,,PA,7320,001,,4,1,2,,,,,,,,,1,,,,,,0,dxg101000,doug goodman,Advanced Human Capital Research and Theory 
"Kiser, Stephen L",,,,,,ECON,4342,501,4,2,6,,9,2,1,2,,,3,,,,,,,,0,slk012100,stephen kiser,Public Policies Toward Business 
"Kim, Kwang Soo",,,,,,ECON,2301,501,10,10,1,4,2,1,,,,,1,,,,,,,,2,kxk124930,,Principles of Macroeconomics 
"Si, Xia",,,,,,ECON,2301,502,,17,8,8,4,1,3,2,,,,,3,,,,,,2,xxs101120,xia si,Principles of Macroeconomics 
"Ketsler, Luba",,,,,,ECON,3330,002,4,19,9,11,18,5,2,5,1,,,1,,,,,,,0,lxk010300,luba ketsler,Economics of Health 
"Earle, Doric E",,,,,,ECON,3330,501,,3,7,5,11,1,1,,,,,,4,,,,,,0,dee011000,doric earle,Economics of Health 
"Siqueira, Kevin J",,,,,,ECON,4333,001,1,5,,1,,,2,,,1,2,1,1,,,,,,2,kjs064000,kevin siqueira,Environmental Economics 
"Griffith, Daniel A",,,,,,GISC,6379,002,,,1,3,1,,,,,,,,,,,,,,2,dag054000,,Special Topics in Geographic Information Sciences 
"Giertz, Seth","Nguyen, Hien T",,,,,ECON,4302,001,,5,5,5,4,7,1,,,,,,,,,,,,0,sxg154831,seth giertz,Urban and Regional Economics 
"Larue, Patrick",,,,,,PSCI,3350,001,6,16,9,8,7,5,4,7,3,2,,1,2,,,,,,0,pxl111020,patrick larue,Comparative Politics 
"Malek-Ahmadi, John H",,,,,,SOC,3342,0W1,7,33,,5,9,,,2,,,,,,,,,,,0,jhm110020,john malek ahmadi,The Life Cycle 
"Alexander, Bobby","Love-Hal, Jewell N",,,,,SOC,4388,001,12,21,6,3,1,,,,,,,,3,,,,,,1,bcalex,bobby alexander,Religions in Global Societies 
"Elliott, Euel W","Latiolais, Jasmine R",,,,,GOVT,2306,PAC,,19,,,,,,,,,,,,,,,,,0,eelliott,euel elliott,State and Local Government 
"De Olivares, Karen L",,,,,,SOC,3315,PAC,6,17,1,,,,,,,,,,,,,,,,0,kxd124130,,Socio-Behavioral Sciences for Medicine 
"McCaskill, John R","Suh, Ji Won",,,,,PSCI,3310,001,,18,3,1,2,,1,2,1,,,,1,,,,,,0,jrm094020,john mccaskill,Public Management 
"Maxwell, Sarah P",,,,,,PA,6387,0W1,,7,1,,,,,,,,,,,,,,,,1,spm092000,sarah maxwell,Strategic Planning for Nonprofit 
"Lanham, Carol C",,,,,,EPPS,1110,001,,44,,,6,,,3,,,3,,4,,,,,,0,ccl054000,carol lanham,Freshman Seminar 
"Yuan, May",,,,,,GISC,4380,001,,1,5,,1,3,,,,,,,,,,,,,0,mxy141230,,Spatial Concepts and Organization 
"Kiser, Stephen L",,,,,,ECON,3332,001,,4,13,1,5,,,,,,,,,,,,,,0,slk012100,stephen kiser,Economic Geography 
"Lanham, Carol C",,,,,,EPPS,1110,002,,35,,,6,,,7,,,3,,3,,,,,,0,ccl054000,carol lanham,Freshman Seminar 
"Seagroves, Tony A","Lazatin, Francis X",,,,,PSCI,4V66,501,10,12,1,,,,,,,,,,,,,,,,0,tas064000,tony seagroves,Mock Trial 
"Sutton, Kara L",,,,,,SOC,3305,001,3,5,2,3,,,,,,,,,,,,,,,0,klt011200,kara sutton,Applied Data Analysis 
"O'Brien, Daniel M","Yue, Wanwan",,,,,ECON,6306,502,,20,8,1,,,,,,,,,,,,,,,0,obri,daniel obrien,Applied Econometrics 
"Hernandez-Guerrero, Rodolfo",,,,,,PSCI,4331,501,,2,9,5,5,2,,2,,,,1,3,,,,,,1,rfo,,Mexican Politics 
"Kim, Alisha A",,,,,,EPPS,2301,002,,17,6,6,15,8,2,1,1,,1,,3,,,,,,0,axk124331,alisha kim,Research Design in the Social and Policy Sciences 
"Elliott, Euel W","Rejepov, Vepa",,,,,GOVT,2306,008,,68,36,21,13,27,4,5,6,5,2,3,9,,,,,,9,eelliott,euel elliott,State and Local Government 
"Winstead, Elizabeth L",,,,,,AMS,3316,001,16,7,5,3,,,,,,,,,,,,,,,0,lwm061000,elizabeth winstead,Interpersonal Communication 
"Hudson, Jennifer M",,,,,,BIS,3320,001,,7,12,3,,3,,,,,,,5,,,,,,2,jxh100220,jennifer hudson,The Nature of Intellectual Inquiry 
"Pogue, Neall W",,,,,,BIS,3320,003,,4,4,5,7,5,,,,1,1,2,3,,,,,,2,nxp174730,neall pogue,The Nature of Intellectual Inquiry 
"Wissinger, Tonja",,,,,,BIS,3320,002,,10,2,1,7,1,,4,1,,1,,2,,,,,,1,twissin,tonja wissinger,The Nature of Intellectual Inquiry 
"Wright, David A",,,,,,BIS,3320,501,8,6,7,1,5,9,3,4,,,,,1,,,,,,1,wright,david wright,The Nature of Intellectual Inquiry 
"Fagg, Sharon",,,,,,ED,3314,001,18,11,4,1,,1,,,,,1,,,,,1,,,0,sxf044000,sharon fagg,The American Public School 
"Fagg, Sharon",,,,,,ED,3314,501,10,3,7,3,1,,,,,,,,1,,,,,,0,sxf044000,sharon fagg,The American Public School 
"Leek, Patricia A",,,,,,ED,3315,501,,3,,,2,1,,3,1,,,,,,,,,,0,santine,patricia leek,Children s Literature 
"Nelson, Robert E",,,,,,ED,3339,501,8,21,12,5,1,,,,,,,,1,,,,,,0,ren011000,robert nelson,Educational Psychology for Teachers 
"Haun, Julia T",,,,,,ED,3340,501,,4,3,1,3,1,2,3,2,,,,,,,,,,0,jlb018300,julia haun,Math Concepts for Teachers 
"McNulty, Angela B",,,,,,ED,3345,001,,8,2,,2,1,,,,,,,,,,,,,0,mcnulty,,Art  Music  and Physical Development Grades EC - 6 
"McNulty, Angela B",,,,,,ED,3345,501,,3,4,4,3,,,,,,,,,,,,,,0,mcnulty,,Art  Music  and Physical Development Grades EC - 6 
"Hart, Nicola",,,,,,ED,3380,501,5,6,1,,2,1,,1,,,,,1,,,,,,0,nxh171730,nicola hart,Curriculum and Instruction in English 
"Friedman, Meredith K",,,,,,ED,4343,501,3,7,1,1,,,,,,,,,,,,,,,0,mxk116530,meredith friedman,Science Methods for Grades EC - 6 
"Haun, Julia T",,,,,,ED,4345,001,7,4,5,3,,,,,,,,,,,,,,,0,jlb018300,julia haun,Social Studies Methods for Grades EC - 6 
"McNulty, Angela B",,,,,,ED,4352,001,,8,6,2,6,4,1,1,,,,,1,,,,,,0,mcnulty,,Reading I  Learning to Read 
"Van, Nancy C","Leek, Patricia A",,,,,ED,4353,001,,13,4,,,,,,,,,,2,,,,,,1,ncv013000,nancy van ness,Reading in Secondary Content 
"Chandler, Candice",,,,,,ED,4357,001,,3,,1,8,1,1,4,,,,,,,,,,,1,cxc031000,candice chandler,Diagnostic Reading 
"Nix, Rebekah K",,,,,,ED,4372,0W1,13,5,,2,1,,,1,,,,,,,,,,,0,rnix,rebekah nix,Educational Technology 
"Nix, Rebekah K",,,,,,ED,4372,0W2,6,3,,2,,,,2,,,,,,,,,,,1,rnix,rebekah nix,Educational Technology 
"Jakobsson, Pia K",,,,,,GST,3302,001,1,1,4,1,1,3,,,,,1,,1,,,,,,0,pkj010100,pia jakobsson,Gender in Western Thought 
"Day, Lora N",,,,,,HLTH,1322,0W1,,12,2,7,7,5,4,2,2,1,2,,4,,,,,,5,lnd092000,lora day,Human Nutrition 
"Sandon, Lona",,,,,,HLTH,3101,0W1,,134,,,6,,,3,,,,,1,,,,,,4,lxs095000,lona sandon,Medical Terminology 
"Gold, Terry",,,,,,PHIN,1120,001,,24,,,,,,,,,,,1,,,,,,1,yogagold,terry gold,Beginning Yoga 
"Gold, Terry",,,,,,PHIN,1120,002,,23,,,,,,,,,,,,,,,,,1,yogagold,terry gold,Beginning Yoga 
"Leek, Patricia A",,,,,,ED,3315,002,,4,5,2,,1,1,,,,,,,,,,,,0,santine,patricia leek,Children s Literature 
"Chandler, Candice",,,,,,ED,4363,001,,6,,,4,1,,,,,1,,,,,,,,1,cxc031000,candice chandler,Reading II ELAR Methods 
"Edwards, Christopher W","Henry, Loreen S",,,,,BIS,3190,0W1,21,4,2,,2,1,,,,,,,1,,,,,,1,cwe011000,christopher edwards,Library Research Skills 
"Byrnes, Kathleen A",,,,,,HLTH,3300,001,,3,13,20,26,14,8,9,8,1,3,,1,,,,,,2,kab019000,kathleen byrnes,Pre-Health Professional Development 
"Byrnes, Kathleen A",,,,,,HLTH,3305,001,,2,10,14,14,5,4,3,5,2,,4,4,,,,,,4,kab019000,kathleen byrnes,The U S  Healthcare System 
"Rainey, Anthony D",,,,,,HLTH,4108,001,26,6,,,,,,,,,,,1,,,,,,0,doyen,anthony rainey,Verbal Reasoning and Writing for Pre-Health 
"Wissinger, Tonja",,,,,,ISIS,3310,001,,14,1,2,3,2,,1,2,,,,3,,,,,,1,twissin,tonja wissinger,Childhood Sexual Abuse  A Multidisciplinary Investigation 
"Edwards, Christopher W","Mcallister, James T",,,,,BIS,3190,0W2,7,8,3,2,2,,2,2,2,,1,,1,,,,,,0,cwe011000,christopher edwards,Library Research Skills 
"Simpson, Carrie M",,,,,,BIS,4306,0W1,4,7,9,1,1,1,,,,,,2,2,,,,,,2,cms131030,carrie simpson,Strategies for Diversity in Education 
"Duquaine-Watson, Jill M",,,,,,HLTH,3310,001,6,16,15,11,7,3,5,2,1,1,4,,2,,,,,,1,jmw087000,jillian duquaine watson,Health Care Issues  Global Perspectives 
"Winstead, Elizabeth L",,,,,,AMS,4304,001,9,8,4,1,1,2,,,1,,,,2,,,,,,0,lwm061000,elizabeth winstead,Communication in America 
"Mcallister, James T","Edwards, Christopher W",,,,,BIS,3190,0H1,1,4,2,2,2,2,2,1,1,2,,,2,,,,,,1,jtm140230,,Library Research Skills 
"Winstead, Elizabeth L",,,,,,AMS,4385,0W1,20,24,7,3,5,2,,,,,,,9,,,,,,0,lwm061000,elizabeth winstead,Professional Communications in Business 
"McNulty, Angela B",,,,,,ED,4352,501,,3,5,2,6,2,1,,,,,,,,,,,,0,mcnulty,,Reading I  Learning to Read 
"Sandon, Lona",,,,,,HLTH,3101,0W2,,133,,,10,,,1,,,,,2,,,,,,2,lxs095000,lona sandon,Medical Terminology 
"Stark, Azadeh T",,,,,,HLTH,3305,002,4,12,13,10,2,8,5,2,2,,2,2,1,,,,,,0,ats160030,azadeh stark,The U S  Healthcare System 
"Baetge, Claire",,,,,,HLTH,1301,0W1,,12,5,5,4,1,,2,,,1,,2,,,,,,1,cxb170330,claire baetge,Introduction to Kinesiology 
"Davis, Renee",,,,,,ED,4351,501,2,2,4,1,,2,,,,,,,,,,,,,0,rrd160530,renee davis,ESL for K-12 Teachers 
"Edwards, Christopher W",,,,,,MAIS,5321,0W1,,6,1,,,,,,,,,,,,,,,,0,cwe011000,christopher edwards,Library Research Skills 
"Isham, Stephanie","Edwards, Christopher W",,,,,HLTH,4380,0W1,3,4,4,1,5,5,1,2,,1,1,,2,,,,,,1,sisham,,Special Topics in Healthcare 
"Isham, Stephanie","Edwards, Christopher W",,,,,HLTH,4380,0W2,,5,2,5,5,3,2,,5,,2,,1,,,,,,0,sisham,,Special Topics in Healthcare 
"Day, Lora N",,,,,,HLTH,1322,0W2,,2,2,1,6,,,2,,,1,,6,,,,,,0,lnd092000,lora day,Human Nutrition 
"Van, Nancy C","Winstead, Elizabeth L",,,,,AMS,4300,001,9,3,,,,,,,1,,,,,,,,,,1,ncv013000,nancy van ness,Oral and Written Communication for the Classroom 
"Stark, Azadeh T",,,,,,HLTH,4305,001,1,7,6,13,6,2,6,4,1,,3,,1,,,,,,1,ats160030,azadeh stark,Public Health 
"Savard, Ryan R",,,,,,HLTH,4380,001,1,2,4,1,4,4,4,2,4,3,,,1,,,,,,1,rrs170330,ryan savard,Special Topics in Healthcare 
"Werhnyak, Larissa",,,,,,BIS,1100,001,,30,4,3,1,3,1,,,,,,,,,,,,0,lxw163630,larissa werhnyak,Interdisciplinary Studies Freshman Seminar 
"Chizeck, Susan",,,,,,BIS,1100,002,7,19,,,3,1,,,,,,1,,,,,,,0,chizeck,susan chizeck,Interdisciplinary Studies Freshman Seminar 
"Werhnyak, Larissa",,,,,,BIS,1100,003,,26,1,,,,,2,1,,,,,,,,,,0,lxw163630,larissa werhnyak,Interdisciplinary Studies Freshman Seminar 
"Winstead, Elizabeth L",,,,,,AMS,4327,001,14,7,3,,2,1,,1,,,,,2,,,,,,0,lwm061000,elizabeth winstead,The Culture of Bullying in America 
"McBride, Rachael L",,,,,,HLTH,1322,0W3,,21,4,11,5,4,4,2,1,,2,,1,,,,,,0,rlp019100,rachael mcbride,Human Nutrition 
"Sandon, Lona",,,,,,HLTH,3101,0W3,,66,,,5,,,,,,,,1,,,,,,3,lxs095000,lona sandon,Medical Terminology 
"Sandon, Lona",,,,,,HLTH,3101,0W4,,61,,,7,,,3,,,2,,1,,,,,,1,lxs095000,lona sandon,Medical Terminology 
"Smith, Erin",,,,,,GST,2300,001,,4,3,,4,4,1,3,,,,,1,,,,,,0,erins,erin smith,Introduction to Gender Studies 
"Ross, Alyssa N",,,,,,ED,4363,501,6,6,6,,1,1,,,,,,,,,,,,,1,anr161130,alyssa ross,Reading II ELAR Methods 
"Prager, Karen",,,,,,GST,3301,001,,1,2,3,5,2,3,,,1,,,,,,,,,0,kprager,karen prager,Psychology of Gender 
"Weiner, Michelle L",,,,,,ED,4345,501,,13,1,1,,,,,,,,,,,,,,,0,mxw051000,michelle weiner,Social Studies Methods for Grades EC - 6 
"Werhnyak, Larissa",,,,,,AMS,2341,001,,8,6,4,15,3,1,1,1,,,,7,,,,,,0,lxw163630,larissa werhnyak,American Studies for the Twenty-First Century 
"Harpham, Edward",,,,,,HONS,3199,HN1,1,13,,,1,,,,,,,,,,,,,,0,harpham,edward harpham,Collegium V Honors Readings 
"Dow, Douglas C",,,,,,HONS,3199,HN2,,11,,,,,,,,,,,,,,,,,0,dougdow,douglas dow,Collegium V Honors Readings 
"Prakash, Ravi",,,,,,HONS,3199,HN3,,14,1,,,,,,,,,,,,,,,,0,ravip,ravi prakash,Collegium V Honors Readings 
"LaDow, Eva S",,,,,,HONS,3199,HN4,5,8,1,,,,,,,,,,,,,,,,0,esl130130,eva ladow,Collegium V Honors Readings 
"Page, Ivor",,,,,,HONS,3199,HN6,10,5,,,,,,,,,,,,,,,,,0,ivor,ivor page,Collegium V Honors Readings 
"Brunell, Thomas","Seeligson, Michael B",,,,,HONS,3199,HN8,1,7,1,4,2,,,,,,,,,,,,,,0,tlb056000,thomas brunell,Collegium V Honors Readings 
"Kildebeck, Eric J",,,,,,HONS,3199,HN9,8,8,,,,,,,,,,,,,,,,,0,ejk018000,,Collegium V Honors Readings 
"Thompson, Christina M","Rippel, Scott A",,,,,HONS,3199,H11,4,11,,,,,,,,,,,,,,,,,0,cmt120030,christina thompson,Collegium V Honors Readings 
"Thompson, Christina M",,,,,,HONS,3199,H12,3,8,2,1,,,,,,,,,,,,,,,0,cmt120030,christina thompson,Collegium V Honors Readings 
"Connell, Nadine",,,,,,HONS,3199,H14,,13,2,,,,,,,,,,,,,,,,0,nmc110030,nadine connell,Collegium V Honors Readings 
"Stefan, Mihaela C",,,,,,HONS,3199,H15,,13,,,,,,,,,,,,,,,,,0,mci071000,mihaela stefan,Collegium V Honors Readings 
"Braitsch, Caitlin M",,,,,,HONS,3199,H16,9,5,,,,,,,,,,,1,,,,,,0,cmb170830,,Collegium V Honors Readings 
"Towner, Theresa",,,,,,HONS,3199,H17,,12,1,,,,,,,,,,1,,,,,,0,tmtowner,theresa towner,Collegium V Honors Readings 
"Kratz, Dennis M","Stone, Marvin J",,,,,HONS,3199,H18,,15,,,,,,,,,,,,,,,,,0,dkratz,dennis kratz,Collegium V Honors Readings 
"Dogan, Kutsal","Chanda, Dipendu",,,,,MIS,6326,501,,27,7,13,10,3,,2,,,,,,,,,,,1,kxd025000,kutsal dogan,Data Management 
"Chasteen, Larry H","Jung, Young-Hoon",,,,,BPS,6310,0W1,,29,,10,6,,3,,,,,,,,,,,,1,chasteen,larry chasteen,Strategic Management 
"Dess, Gregory","Kim, Kyun",,,,,BPS,6332,501,,13,,,8,,,1,,,,,,,,,,,0,ggd021000,gregory dess,Strategic Leadership 
"Hicks, Jeffrey N",,,,,,BPS,6360,501,,20,9,3,1,,,,,,,,,,,,,,0,jnh061000,jeffrey hicks,Management and Organizational Consulting  Theory and Practice 
"Pedigo, Madison F",,,,,,ENTP,6315,001,,2,4,7,,,,,,,,,,,,,,,0,mfp013000,madison pedigo,Entrepreneurial Finance 
"Pedigo, Madison F",,,,,,FIN,6315,001,,3,2,7,2,1,,,,,,,,,,,,,1,mfp013000,madison pedigo,Entrepreneurial Finance 
"Kimzey, Jackie","Lu, Yanchen",,,,,ENTP,6370,501,,15,7,4,5,1,,,,,,,,,,,,,1,jxk092000,jackie kimzey,Innovation and Entrepreneurship 
"Xiao, Steven","Kuang, Shimaoling",,,,,FIN,6301,502,,8,4,7,11,,,,,,,,,,,,,,0,sxx150930,steven xiao,Financial Management 
"Day, Theodore",,,,,,FIN,6301,0W1,,7,2,2,8,1,,7,,,,,6,,,,,,3,tday,theodore day,Financial Management 
"Ma, Liping","Kaur, Dupinderjeet",,,,,FIN,6306,001,,15,,,11,,,2,,,,,1,,,,,,1,lxm133730,liping ma,Quantitative Methods in Finance 
"Ma, Liping","Kaur, Dupinderjeet",,,,,FIN,6306,501,,12,,,15,,,5,,,,,,,,,,,2,lxm133730,liping ma,Quantitative Methods in Finance 
"Ma, Liping","Kaur, Dupinderjeet",,,,,FIN,6306,002,,8,,,10,,,5,,,,,,,,,,,1,lxm133730,liping ma,Quantitative Methods in Finance 
"Lewin, Peter","Gandhi, Malav A",,,,,FIN,6308,0W1,,10,8,7,11,3,,1,,,,,2,,,,,,1,plewin,peter lewin,Regulation of Business and Financial Markets 
"Xu, Yexiao","Liu, Rui",,,,,FIN,6310,001,,6,2,1,1,1,,,,,,,,,,,,,0,yexiaoxu,yexiao xu,Investment Management 
"Xu, Yexiao","Liu, Rui",,,,,FIN,6310,501,,5,1,6,2,3,,,,,,,,,,,,,1,yexiaoxu,yexiao xu,Investment Management 
"Fleming, Forney F","Vasquez, Paula A",,,,,HMGT,6320,501,,37,13,5,,,,,,,,,1,,,,,,1,fwf081000,forney fleming,The American Healthcare System 
"Lewin, Peter","Gandhi, Malav A",,,,,MECO,6303,0W1,,33,12,1,4,,,,,,,,,,,,,,0,plewin,peter lewin,Business Economics 
"Hyndman, Kyle B",,,,,,MECO,6345,001,,3,6,3,4,,,1,,,,,,,,,,,0,tdp062000,kyle hyndman,
"Raghunathan, Srinivasan","Katira, Charmi Manoj",,,,,MIS,6308,001,,27,10,3,1,,,,,,,,,,,,,,0,sraghu,srinivasan raghunathan,System Analysis and Project Management 
"Menon, Syam","Hosseini, Leila",,,,,MIS,6316,0W1,,16,5,1,7,5,,1,,,,,,,,,,,2,sxm021300,syam menon,Data Communications 
"Sohaee, Nassim","Sainathan, Srinivas",,,,,MIS,6323,001,,22,13,9,5,5,,,,,,,,,,,,,0,nxs045000,nassim sohaee,Object Oriented Programming 
"Kuksov, Dmitri G","Ameri, Mina","Park, Jieun",,,,MKT,6301,002,,8,7,3,5,1,,,,,,,,,,,,,0,dgk120030,dmitri kuksov,Marketing Management 
"Biswas, Abhijit","Narula, Rishab","Kasaraneni, Uma Sankar",,,,MKT,6301,0W1,,12,7,13,6,6,1,,,,,,,,,,,,0,axb019100,abhijit biswas,Marketing Management 
"Biswas, Abhijit","Narula, Rishab","Kasaraneni, Uma Sankar",,,,MKT,6330,0W1,,9,8,8,7,5,,1,,,,,,,,,,,0,axb019100,abhijit biswas,Brand Management 
"Richard, Orlando","Liu, Bosong",,,,,OB,6301,501,,29,1,5,15,1,,1,,,,,,,,,,,1,pretty,orlando richard,Organizational Behavior 
"Ziegler, Laurie","Li, Jianan",,,,,OB,6301,0W1,,41,1,,3,1,1,,,,,,,,,,,,0,ziegler,laurie ziegler,Organizational Behavior 
"Janakiraman, Ganesh","Armaghan, Milad",,,,,OPRE,6302,001,,7,17,21,6,,,,,,,,,,,,,,0,gxj091000,ganesh janakiraman,Operations Management 
"Leach, Sonia E","Kirci, Ismail",,,,,OPRE,6302,501,,20,4,6,11,1,2,2,,,,,2,,,,,,3,sel120030,sonia leach,Operations Management 
"Leach, Sonia E","Kirci, Ismail",,,,,OPRE,6302,002,,11,8,5,3,3,,,,,,,2,,,,,,1,sel120030,sonia leach,Operations Management 
"Leach, Sonia E","Manchiraju, Chandrasekhar Seetharama",,,,,OPRE,6366,001,,15,5,8,6,4,1,2,,,,,2,,,,,,0,sel120030,sonia leach,Global Supply Chain Management 
"Deluke, Eugene","Patil, Lalit D",,,,,OPRE,6369,0W1,,16,,,16,,,2,,,,,,,,,,,1,gxd052000,eugene deluke,Supply Chain Software 
"Sabri, Ehap H","Yao, Chuyun",,,,,OPRE,6370,501,,31,17,6,2,,,,,,,,,,,,,,1,exs055000,ehap sabri,Global Logistics and Transportation 
"Cakanyildirim, Metin","Feng, Zhichao",,,,,OPRE,7310,001,,2,3,5,,,,,,,,,,,,,,,0,metin,metin cakanyildirim,Probability and Stochastic Processes 
"Peng, Mike","Yeo, Yundong",,,,,IMS,6204,555,,12,,,13,,,,,,,,,,,,,,1,mxp059000,mike peng,Global Business 
"Woldu, Habte G","Zhou, Jun",,,,,IMS,6204,0W1,,13,17,11,6,,1,1,,,,,,,,,,,1,wolduh,habte woldu,Global Business 
"Kimzey, Jackie","Lu, Yanchen",,,,,ENTP,6370,0W1,,5,7,6,15,2,,,,,,,,,,,,,1,jxk092000,jackie kimzey,Innovation and Entrepreneurship 
"Picken, Joseph C",,,,,,ENTP,6380,501,,3,1,1,5,,,,,,,,,,,,,,0,jcp016300,joseph picken,Market Entry Strategies 
"Picken, Joseph C",,,,,,MKT,6380,501,,2,,,3,2,,,,,,,,,,,,,0,jcp016300,joseph picken,Market Entry Strategies 
"Moonesinghe, Mark S",,,,,,MIS,6317,501,,6,1,1,1,,,,,,,,,,,,,,0,msm160030,mark moonesinghe,Healthcare Informatics 
"Jacob, Varghese",,,,,,MIS,7220,001,,7,,,,,,,,,,,,,,,,,0,vjacob,,Colloquium in Management Information Systems 
"Xie, Ying","Ameri, Mina",,,,,MKT,6301,001,,8,13,19,12,2,,,,,,,1,,,,,,2,yxx124930,ying xie,Marketing Management 
"Prasad, Ashutosh",,,,,,MKT,6309,501,,4,5,5,2,,,,,,,,,,,,,,0,aprasad,ashutosh prasad,Marketing Research 
"Biswas, Abhijit","Narula, Rishab","Kasaraneni, Uma Sankar",,,,MKT,6310,0W1,,11,6,8,10,,1,,,,,,1,,,,,,1,axb019100,abhijit biswas,Consumer Behavior 
"Richard, Orlando","Liu, Bosong",,,,,OB,6301,5E1,,8,,2,4,,,1,,,,,,,,,,,1,pretty,orlando richard,Organizational Behavior 
"Moonesinghe, Mark S",,,,,,HMGT,6323,501,,25,6,2,3,,1,,,,,,,,,,,,0,msm160030,mark moonesinghe,Healthcare Informatics 
"Saretto, Alessio","Poochiyur Rangaswamy, Arunpriya",,,,,FIN,6360,001,,1,4,20,6,,,,,,,,,,,,,,0,axs125732,alessio saretto,Options and Futures Markets 
"Shah, Rajiv","Kathuria, Nishant",,,,,ENTP,6388,501,,2,3,2,,1,,1,,,,,,,,,,,1,rxs079000,rajiv shah,Managing Innovation within the Corporation 
"Xiao, Steven","Kuang, Shimaoling",,,,,FIN,6301,002,,24,7,8,14,1,,,,,,,,,,,,,3,sxx150930,steven xiao,Financial Management 
"Rahman, Nasir","Nie, Weikang",,,,,FIN,6350,001,,9,8,11,12,,1,1,,,,,,,,,,,0,nxr160930,nasir rahman,Advanced Financial Management 
"Zhang, Huibing","Rupp, Anin D",,,,,FIN,6364,501,,3,3,4,4,6,,,,,,,,,,,,,0,hxz054000,huibing harold zhang,Portfolio Analysis and Management 
"Rebello, Michael J","Wang, Hui",,,,,FIN,6370,001,,1,2,2,1,,,,,,,,,,,,,,0,mjr071000,michael rebello,The Theory of Finance and Its Applications 
"Carraher, Shawn M",,,,,,BPS,6310,501,,12,4,2,1,,,,,,,,,,,,,,1,smc130730,shawn carraher,Strategic Management 
"Arora, Vivek","Sherigar, Shushant",,,,,MIS,6326,001,,17,10,12,14,3,1,1,,,,,,,,,,,0,vxa081000,vivek arora,Data Management 
"Ziegler, Laurie","Li, Jianan",,,,,OB,6332,0W1,,23,,1,2,1,,,,,,,,,,,,,0,ziegler,laurie ziegler,Negotiation and Dispute Resolution 
"Janakiraman, Surya","Nathan, Brad",,,,,ACCT,6202,0W1,,6,8,9,5,6,4,4,,,,,,,,,,,2,suryaj,surya janakiraman,Managerial Accounting 
"Katok, Elena M","Lee, Chungseung",,,,,OPRE,6371,001,,44,18,11,,,,,,,,,,,,,,,1,emk120030,elena katok,Purchasing  Sourcing and Contract Management 
"Dai, Zhonglan","Nathan, Brad",,,,,ACCT,6202,001,,11,2,6,1,1,,,,,,,,,,,,,1,zxd051000,zhonglan dai,Managerial Accounting 
"Li, Ningzhong","Song, Dongye",,,,,ACCT,6305,004,,5,4,6,2,1,,1,,,,,,,,,,,0,nxl124130,ningzhong li,Accounting for Managers 
"Ozel, Naim Bugra","Juarez Herrera, Pablo J",,,,,ACCT,6305,002,,7,8,13,5,1,,,,,,,,,,,,,1,nbo150030,naim ozel,Accounting for Managers 
"Janakiraman, Surya","Nathan, Brad",,,,,ACCT,6305,0W1,,2,3,2,,,2,,,,,,1,,,,,,0,suryaj,surya janakiraman,Accounting for Managers 
"Zhang, Yuan","Chu, Yu Fang",,,,,ACCT,6330,001,,10,,,10,4,2,,,,,,,,,,,,2,yxz122931,yuan zhang,Intermediate Financial Accounting I 
"Zolton, Kathy","Shavrina, Irina V",,,,,ACCT,6332,001,,14,,,16,,,11,,,,,1,,,,,,1,kxz121730,kathy zolton,Intermediate Financial Accounting II 
"Mauriello, Joseph A","Hale, Seth M",,,,,ACCT,6344,002,,17,21,9,3,,1,1,,,,,,,,,,,0,jam151430,joseph mauriello,Financial Statement Analysis 
"Janakiraman, Surya","Nathan, Brad",,,,,ACCT,6345,501,,4,2,3,1,,,,,,,,,,,,,,0,suryaj,surya janakiraman,Business Valuation 
"Gurun, Umit",,,,,,ACCT,6344,0W1,,17,9,10,8,5,,,,,,,,,,,,,1,ugg041000,umit gurun,Financial Statement Analysis 
"Wilson, William H",,,,,,ACCT,6354,501,,8,5,5,7,2,2,2,,,,,1,,,,,,0,whw041000,william wilson,Partnership Taxation 
"Gamino, John P","Nguyen, Ploysirin K",,,,,ACCT,6356,501,,15,4,9,6,5,2,5,,,,,,,,,,,1,jpg140630,john gamino,Tax Research 
"McCuistion, Dennis",,,,,,ACCT,6377,501,,17,20,5,4,1,,,,,,,,,,,,,0,dxm094000,dennis mccuistion,Corporate Governance 
"Bracy, Dana","Albritton, Jason M",,,,,ACCT,6383,501,,14,,8,23,4,,1,,,,,,,,,,,1,dxb016100,dana bracy,Fraud Examination 
"Radhakrishnan, Suresh",,,,,,ACCT,7323,001,,2,1,2,,,,,,,,,,,,,,,0,sradhakr,suresh radhakrishnan,Empirical Research in Accounting and Economics 
"Natarajan, Ramachandran","Bhatia, Nikita R",,,,,ACCT,3341,001,,10,2,3,7,2,3,2,,1,,,2,,,,,,2,nataraj,ramachandra natarajan,Cost Management Systems 
"Cohen, Daniel A","Bhatia, Nikita R",,,,,ACCT,3341,002,10,11,7,7,9,9,,7,2,,,,,,,,,,1,dac101000,daniel cohen,Cost Management Systems 
"Mauriello, Joseph A","Hale, Seth M",,,,,ACCT,6380,501,,6,6,,14,,,,,,,,,,,,,,1,jam151430,joseph mauriello,Internal Audit 
"Hu, Yaqin",,,,,,ACCT,2301,001,,22,5,3,9,4,2,5,2,1,,2,5,,,,,,0,yxh136230,yaqin hu,Introductory Financial Accounting 
"Aksu, Mine H","Chu, Yu Fang",,,,,ACCT,2301,002,2,12,9,4,4,2,3,8,1,,6,1,5,,,,,,3,mha100020,mine aksu,Introductory Financial Accounting 
"Hou, Liya",,,,,,ACCT,2301,003,30,11,2,,,,,5,,,,,,,,,,,2,lxh110020,liya hou,Introductory Financial Accounting 
"Aksu, Mine H","Chu, Yu Fang",,,,,ACCT,2301,004,1,3,1,4,6,3,8,8,4,4,6,1,6,,,,,,5,mha100020,mine aksu,Introductory Financial Accounting 
"Zolton, Kathy","Shavrina, Irina V",,,,,ACCT,2302,003,,7,5,9,8,,10,2,2,,4,,6,,,,,,4,kxz121730,kathy zolton,Introductory Management Accounting 
"Barden, John P","Vinayagam, Chidambara P",,,,,ACCT,2302,001,,8,8,7,12,4,5,5,2,,3,,6,,,,,,0,jpb063000,john barden,Introductory Management Accounting 
"Files, Rebecca L","Li, Chenchen",,,,,ACCT,3331,001,7,5,5,6,9,8,5,7,3,3,1,3,1,,,,,,3,rlf092000,rebecca files,Intermediate Financial Accounting I 
"Linsteadt, Chris C",,,,,,ACCT,4334,001,,15,,,25,,,17,1,1,,,,,,,,,0,ccl019000,chris linsteadt,Auditing 
"Johnson, Jennifer","Garcia, Cesar D",,,,,ACCT,4342,001,1,9,7,12,8,9,5,3,2,,2,,1,,,,,,0,jxj091000,jennifer johnson,Analysis and Design of Accounting Systems 
"Johnson, Jennifer","Garcia, Cesar D",,,,,ACCT,4342,501,5,1,5,7,9,8,8,2,2,2,2,,3,,,,,,1,jxj091000,jennifer johnson,Analysis and Design of Accounting Systems 
"Mauriello, Joseph A","Hale, Seth M",,,,,ACCT,6382,501,,17,,2,1,,,,,,,,,,,,,,0,jam151430,joseph mauriello,Advanced Internal Auditing 
"Mauriello, Joseph A","Hale, Seth M",,,,,ACCT,6336,001,,5,14,2,2,,,,,,,,,,,,,,0,jam151430,joseph mauriello,Information Technology Audit and Risk Management 
"Raghunathan, Srinivasan","Katira, Charmi Manoj",,,,,MIS,6308,0W1,,30,17,4,5,,,,,,,,,,,,,,2,sraghu,srinivasan raghunathan,System Analysis and Project Management 
"Files, Rebecca L",,,,,,ACCT,3331,002,8,4,1,4,3,10,6,12,4,1,5,,3,,,,,,4,rlf092000,rebecca files,Intermediate Financial Accounting I 
"Ziegler, Laurie","Li, Jianan",,,,,HMGT,6324,0W1,,6,,,1,,,,,,,,,,,,,,0,ziegler,laurie ziegler,Healthcare Negotiation and Dispute Resolution 
"Rebello, Michael J","Wang, Hui",,,,,FIN,6301,003,,3,4,5,3,,,,,,,,1,,,,,,3,mjr071000,michael rebello,Financial Management 
"Chen, Qi","Lee, Chungseung",,,,,OPRE,6371,501,,6,10,18,3,4,1,,,,,,,,,,,,0,qxc171130,,Purchasing  Sourcing and Contract Management 
"Zhang, Yuan","Chu, Yu Fang",,,,,ACCT,3331,501,,19,,,15,5,,7,,,3,,7,,,,,,2,yxz122931,yuan zhang,Intermediate Financial Accounting I 
"Solcher, Steven J","Garcia, Cesar D",,,,,ACCT,3350,001,,4,8,10,13,10,4,5,,,1,,3,,,,,,2,sjs107020,steven solcher,Fundamentals of Taxation 
"Siegenthaler, Simon","Mirjalili, Siavash",,,,,MECO,6303,003,,9,6,,6,1,1,,,,,,,,,,,,0,sxs177933,simon siegenthaler,Business Economics 
"Ahluwalia, Gurvinder S","Saha, Moumita",,,,,MIS,6363,001,,4,3,2,1,1,,,,,,,,,,,,,1,gsa021000,gurvinder ahluwalia,Cloud Computing 
"Dawande, Milind","Vu, Duc D",,,,,OPRE,6302,0W1,,11,14,10,9,1,,,,,,,1,,,,,,2,milind,milind dawande,Operations Management 
"Ramanathan, Kannan","Venkataraman, Sundar","Wilson, Elizabeth A",,,,OPRE,6332,001,,26,15,13,6,3,,,,,,,,,,,,,0,kxr087000,kannan ramanathan,Spreadsheet Modeling and Analytics 
"Guttery, Randall",,,,,,FIN,3300,001,,11,,,16,3,,10,1,,1,,3,,,,,,0,rxg112530,randall guttery,Personal Finance 
"Kim, Sang Hyun",,,,,,FIN,3320,001,,5,2,5,6,6,5,,,,1,,,,,,,,0,sxk158231,sang hyun kim,Business Finance 
"Zhao, Xiaofei","Smith, Jake A",,,,,FIN,3320,003,6,9,2,4,6,7,4,1,,,,1,2,,,,,,0,xxz137630,xiaofei zhao,Business Finance 
"Fahimi, Mohammad Mahdi",,,,,,FIN,3320,004,3,7,7,6,5,5,2,6,4,,,,4,,,,,,0,mxf130830,mahdi fahimi,Business Finance 
"Connell, Michelle",,,,,,FIN,3320,5E1,,7,1,7,8,5,7,3,1,,,,,,,,,,0,mxc155830,michelle connell,Business Finance 
"Cordell, David M","Mirjalili, Siavash",,,,,FIN,3320,011,,8,5,2,10,3,3,6,3,,3,,4,,,,,,0,dmc012300,david cordell,Business Finance 
"Lewin, Peter","Gandhi, Malav A",,,,,FIN,3340,501,,5,5,3,9,8,,,2,,,,,,,,,,1,plewin,peter lewin,Regulation of Business and Financial Markets 
"Betanzos, Christina L","Ayala, Nestor A",,,,,BLAW,2301,001,,19,10,10,10,10,6,10,6,,4,,5,,,,,,0,clb120030,christina betanzos,Business and Public Law 
"Polze, Matthew M","Payne, Colton A",,,,,BLAW,2301,002,,18,1,8,20,2,12,4,7,,4,,11,,,,,,2,mmp062000,matthew polze,Business and Public Law 
"Polze, Matthew M","Payne, Colton A",,,,,BLAW,2301,003,,20,3,4,23,5,9,1,3,3,2,,14,,,,,,3,mmp062000,matthew polze,Business and Public Law 
"Polze, Matthew M","Payne, Colton A",,,,,BLAW,2301,HON,,6,4,3,2,2,3,1,2,1,,,,,,,,,0,mmp062000,matthew polze,Business and Public Law 
"Chasteen, Larry H","Jung, Young-Hoon",,,,,BPS,4305,002,1,21,,13,9,,,1,,,,,,,,,,,0,chasteen,larry chasteen,Strategic Management 
"Nguyen, Huy",,,,,,BPS,4305,003,,10,19,10,3,2,,1,,,,,,,,,,,0,hxn130630,huy nguyen,Strategic Management 
"Kaplan, Marilyn R",,,,,,BPS,4305,004,7,6,3,2,,1,1,,1,,1,,4,,,,,,3,mkaplan,marilyn kaplan,Strategic Management 
"Choi, Emily","Liu, Yu",,,,,BPS,4305,005,,2,14,12,6,6,1,2,,,1,,,,,,,,1,exc113230,emily choi,Strategic Management 
"Xia, Jun","Kim, Kyun",,,,,BPS,4305,006,1,3,4,6,9,8,3,2,4,1,1,2,,,,,,,1,jxx132030,jun xia,Strategic Management 
"Xia, Jun","Kim, Kyun",,,,,BPS,4305,007,1,5,6,8,5,8,4,5,3,,,,,,,,,,0,jxx132030,jun xia,Strategic Management 
"Eun, Jihyun",,,,,,BPS,4305,501,5,5,6,5,3,3,3,1,1,1,,,1,,,,,,0,jxe140230,,Strategic Management 
"Roy Bardhan, Anindita","Albritton, Jason M",,,,,HMGT,3311,001,1,,9,5,10,,3,4,,,,,3,,,,,,2,axb149330,anindita bardhan,Healthcare Accounting 
"Carraher, Shawn M",,,,,,IMS,4320,501,15,4,,1,4,,,,2,1,,1,,,,,,,0,smc130730,shawn carraher,International Marketing 
"Haworth, Julie B",,,,,,MKT,3320,001,2,9,15,6,10,6,2,1,1,,,,1,,,,,,1,haworth,julie haworth,Product and Brand Management 
"Rajaratnam, Daniel",,,,,,MKT,3340,501,,8,1,4,10,1,1,4,,,1,,,,,,,,0,dxr143430,daniel rajaratnam,Marketing Research 
"Pacyna, Sandra",,,,,,MKT,4330,001,7,10,7,4,2,,3,2,,,,,,,,,,,0,sxp158130,sandra pacyna,Digital and Internet Marketing 
"Biswas, Abhijit","Narula, Rishab","Kasaraneni, Uma Sankar",,,,MKT,4350,001,,3,5,3,8,2,1,1,1,,,,,,,,,,0,axb019100,abhijit biswas,Advertising 
"Liao, Chenxi",,,,,,MKT,3300,001,3,15,13,5,5,,,,,,,,2,,,,,,0,cxl143730,chenxi liao,Principles of Marketing 
"Li, Xiaolin",,,,,,MKT,3300,002,,15,,19,4,4,,1,,,,,2,,,,,,2,xxl157230,xiaolin li,Principles of Marketing 
"Egeland, Rita E",,,,,,MKT,3300,004,13,19,13,3,,1,,,,,,,,,,,,,0,rxb154430,rita bargerhuff egeland,Principles of Marketing 
"Kernohan, Jamie P",,,,,,MKT,3300,005,1,2,15,8,7,5,1,1,1,,,,1,,,,,,0,jpk036000,jamie kernohan,Principles of Marketing 
"Lim, Bo Ram",,,,,,MKT,3300,006,4,6,6,11,8,8,,5,,,,,,,,,,,0,bxl131330,bo ram lim,Principles of Marketing 
"Pahwa, Parneet","Elmi, Omid","Shyam, Nikhil",,,,MKT,3300,008,13,7,4,6,7,6,2,3,1,,,,,,,,,,0,pxp030100,parneet pahwa,Principles of Marketing 
"Pahwa, Parneet","Elmi, Omid","Shyam, Nikhil",,,,MKT,3300,009,12,6,6,6,4,8,2,3,,,,,1,,,,,,1,pxp030100,parneet pahwa,Principles of Marketing 
"Li, Xiaolin",,,,,,MKT,3300,502,,8,,18,13,2,,5,,,,,1,,,,,,0,xxl157230,xiaolin li,Principles of Marketing 
"Pedigo, Madison F",,,,,,FIN,3360,001,1,7,4,3,12,8,3,4,1,,2,,,,,,,,1,mfp013000,madison pedigo,Entrepreneurial Finance 
"DeCourcy, George A",,,,,,FIN,3365,001,3,11,1,7,7,,2,1,,1,1,,,,,,,,0,gad075000,george decourcy,Real Estate Finance and Principles 
"Gurun, Ayfer",,,,,,FIN,3380,001,6,10,7,13,4,3,6,3,2,,,1,1,,,,,,0,axg119030,ayfer gurun,International Financial Management 
"Ritchey, David B",,,,,,OBHR,3310,001,5,4,7,8,7,2,8,2,5,,,,,,,,,,0,davidr,david ritchey,Organizational Behavior 
"Meda, Edward","Vora, Gunjan",,,,,OBHR,3310,002,1,4,13,6,11,10,2,2,,,,,,,,,,,0,exm150330,edward meda,Organizational Behavior 
"Wu, Junfeng","Li, Jianan",,,,,OBHR,3310,004,6,16,,5,9,,4,3,,1,,,1,,,,,,0,jxw175430,junfeng wu,Organizational Behavior 
"Wu, Junfeng","Li, Jianan",,,,,OBHR,3310,005,6,14,,5,7,,1,1,,,1,,1,,,,,,0,jxw175430,junfeng wu,Organizational Behavior 
"Meda, Edward","Vora, Gunjan",,,,,OBHR,3310,006,1,4,12,12,6,8,,1,1,,,,2,,,,,,1,exm150330,edward meda,Organizational Behavior 
"Weekley, Jeff A","Kemp, Ayenda",,,,,OBHR,3310,007,2,2,5,7,12,7,3,6,3,,2,,,,,,,,0,jaw160330,jeff weekley,Organizational Behavior 
"Hasenhuttl, Maria",,,,,,OBHR,3310,5E1,5,6,,1,2,,1,3,,1,,,1,,,,,,1,h1562,maria hasenhuttl,Organizational Behavior 
"Ritchey, Kemberly A",,,,,,OBHR,3310,010,1,7,6,5,13,8,2,4,2,,1,,,,,,,,0,kar014400,kemberly ritchey,Organizational Behavior 
"McNulty, Diane S","Imanlou, Mohammad",,,,,OBHR,4310,001,7,26,14,3,5,1,1,,,,,,1,,,,,,0,dmcnulty,diane mcnulty,Business Ethics 
"Wright, Robert G",,,,,,ENTP,3301,001,,5,5,7,29,3,,,,,,,,,,,,,0,rgw091000,robert wright,Innovation and Entrepreneurship 
"Guengerich, Steven","Aziz, Fasahat",,,,,ENTP,3301,501,,7,,,11,,,3,,,,,1,,,,,,0,sxg172931,steven guengerich,Innovation and Entrepreneurship 
"Guda, Harish",,,,,,OPRE,3310,002,25,14,2,7,,,,,,,,,,,,,,,1,hxg131530,harish guda,Operations Management 
"Kohankie, Robert W",,,,,,OPRE,3310,003,6,19,,,16,,,6,,,,,1,,,,,,1,rwk130030,robert kohankie,Operations Management 
"Shan, Xi",,,,,,OPRE,3310,004,46,,,,,,,,3,,,,,,,,,,0,xxs130630,xi shan,Operations Management 
"Qi, Anyan","Israni, Tanya R",,,,,OPRE,3310,005,5,14,1,6,4,5,6,3,3,,1,,1,,,,,,0,axq140430,anyan qi,Operations Management 
"Qi, Anyan","Israni, Tanya R",,,,,OPRE,3310,006,2,15,2,7,4,8,4,2,3,,,2,,,,,,,0,axq140430,anyan qi,Operations Management 
"Hogan, James W",,,,,,OPRE,3310,502,,17,,1,17,,4,10,,,,,,,,,,,0,jwh085000,james hogan,Operations Management 
"Janke, Scott M",,,,,,OPRE,3310,503,,4,11,4,4,,,1,1,,,,1,,,,,,0,smj160830,scott janke,Operations Management 
"Kuo, Ching-Chung","Ye, Wenhe","Ouseph, Sunil T",,,,OPRE,3320,001,,5,2,3,9,1,1,8,4,,,,,,,,,,1,cxk162830,,Supply Chain Management 
"Nakhaei, Mofid","Vardhineni, Sai Chandhar",,,,,OPRE,3333,001,16,17,,10,10,,3,2,,1,,,1,,,,,,1,mxn162630,mofid nakhaei,Quantitative Business Analysis 
"Brussolo, Monica E","Hu, Yuejuan",,,,,OPRE,3333,002,6,13,15,9,6,6,4,3,3,2,1,,1,,,,,,1,meb049000,monica brussolo,Quantitative Business Analysis 
"Parks, David","Chindak, Sachin",,,,,OPRE,3333,003,6,18,5,1,14,5,1,3,2,,5,,4,,,,,,2,dxp153830,david parks,Quantitative Business Analysis 
"Naseri Taheri, Mohammad",,,,,,OPRE,3360,001,4,11,3,12,8,5,2,,,,,,2,,,,,,0,mxn121930,mohammad naseri,Managerial Methods in Decision Making Under Uncertainty 
"Brussolo, Monica E","Musugu, Aniketh Reddy",,,,,OPRE,3360,002,5,3,5,3,5,5,1,4,2,2,2,,3,,,,,,1,meb049000,monica brussolo,Managerial Methods in Decision Making Under Uncertainty 
"Shokoohyar, Sina",,,,,,OPRE,3360,003,47,9,2,1,,,,,,,,,,,,,,,0,sxs137430,sina shokoohyar,Managerial Methods in Decision Making Under Uncertainty 
"Naseri Taheri, Mohammad",,,,,,OPRE,3360,007,1,11,12,15,12,4,1,2,,,,,1,,,,,,1,mxn121930,mohammad naseri,Managerial Methods in Decision Making Under Uncertainty 
"Qi, Anyan","Israni, Tanya R",,,,,OPRE,3360,501,6,16,5,7,9,5,3,3,3,,2,,,,,,,,0,axq140430,anyan qi,Managerial Methods in Decision Making Under Uncertainty 
"Ramanathan, Kannan","Wilson, Elizabeth A",,,,,OPRE,4310,001,7,2,10,7,8,2,5,4,2,1,,4,4,,,,,,1,kxr087000,kannan ramanathan,Lean and Six Sigma Processes 
"Guttery, Randall",,,,,,REAL,3305,001,,1,1,,6,2,,6,,,1,,1,,,,,,1,rxg112530,randall guttery,Real Estate Principles 
"DeCourcy, George A",,,,,,REAL,3365,001,1,3,,4,2,,,1,,,,,,,,,,,0,gad075000,george decourcy,Real Estate Finance and Principles 
"El-Ashmawi, Amal H","Zhu, Yiding",,,,,FIN,3390,001,10,4,3,2,3,5,3,3,1,2,5,4,1,,,,,,1,ahe013000,amal el ashmawi,Introduction to Financial Modeling 
"El-Ashmawi, Amal H","Zhu, Yiding",,,,,FIN,3390,002,11,4,4,5,2,4,5,3,2,2,1,1,2,,,,,,1,ahe013000,amal el ashmawi,Introduction to Financial Modeling 
"El-Ashmawi, Amal H","Zhu, Yiding",,,,,FIN,3390,003,7,2,5,4,3,3,3,5,6,1,,3,3,,,,,,1,ahe013000,amal el ashmawi,Introduction to Financial Modeling 
"El-Ashmawi, Amal H","Zhu, Yiding",,,,,FIN,3390,501,6,3,2,4,4,2,2,6,3,,3,2,4,,,,,,0,ahe013000,amal el ashmawi,Introduction to Financial Modeling 
"Furst, Jack D","Gandhi, Malav A",,,,,FIN,4300,001,,19,,2,4,,,3,,,,,1,,,,,,0,jdf170030,jack furst,Investment Management 
"Wei, Kelsey D","Nguyen, Hang M",,,,,FIN,4300,002,,5,2,3,1,1,2,,1,,,,,,,,,,1,kdw061000,kelsey wei,Investment Management 
"Wei, Kelsey D","Nguyen, Hang M",,,,,FIN,4300,501,,2,,4,4,,,1,,1,1,,1,,,,,,6,kdw061000,kelsey wei,Investment Management 
"Meier, Jean-Marie","Chen, Chen",,,,,FIN,4310,001,8,2,3,6,5,6,2,2,1,3,,2,2,,,,,,2,jmm172030,jean marie meier,Intermediate Business Finance 
"Henderson, Tom",,,,,,IMS,3310,0E1,,3,1,1,2,1,2,,,,1,,1,,,,,,0,txh093000,tom henderson,International Business 
"Salk, Jane E","Kathuria, Nishant",,,,,IMS,3310,001,,1,4,3,9,3,5,,,,1,,2,,,,,,0,jes025000,jane salk,International Business 
"Henderson, Tom",,,,,,IMS,3310,002,,8,3,7,6,1,5,4,,2,1,,6,,,,,,1,txh093000,tom henderson,International Business 
"Wang, Congying",,,,,,IMS,3310,003,4,3,13,10,6,11,,,,,,,1,,,,,,0,cxw141430,,International Business 
"Woldu, Habte G","Zhou, Jun",,,,,IMS,3310,004,,9,14,6,7,7,4,,,,1,,,,,,,,1,wolduh,habte woldu,International Business 
"Woldu, Habte G","Zhou, Jun",,,,,IMS,3310,005,1,4,12,8,8,10,1,2,1,,,1,,,,,,,1,wolduh,habte woldu,International Business 
"Zydorek, Hubert",,,,,,IMS,3310,006,,16,9,6,5,6,4,1,,,1,,,,,,,,0,hxz120930,hubert zydorek,International Business 
"Li, Xiujuan",,,,,,IMS,3310,501,1,4,17,18,5,3,,,,,,,,,,,,,0,xxl133730,,International Business 
"Pettigrew, Benjamin",,,,,,IMS,3310,502,6,8,4,7,10,3,4,4,1,,,,,,,,,,1,bxp171930,,International Business 
"DeCourcy, George A",,,,,,FIN,6322,001,,6,,4,1,,,,,,,,,,,,,,0,gad075000,george decourcy,Real Estate Finance and Investment 
"Alborz, Shawn",,,,,,SYSM,6311,001,,,4,3,4,,,,,,,,,,,,,,0,sxa063000,shawn alborz,Systems Project Management in Engineering and Operations 
"Alborz, Shawn",,,,,,SYSM,6311,501,,1,4,2,,1,,,,,,,,,,,,,0,sxa063000,shawn alborz,Systems Project Management in Engineering and Operations 
"Alborz, Shawn",,,,,,OPRE,6362,001,,4,13,12,13,3,,,,,,,,,,,,,1,sxa063000,shawn alborz,Project Management in Engineering and Operations 
"Alborz, Shawn",,,,,,OPRE,6362,501,,7,18,16,11,1,3,3,,,,,,,,,,,0,sxa063000,shawn alborz,Project Management in Engineering and Operations 
"Amirpour, Semiramis",,,,,,MKT,4332,001,1,5,4,2,,2,,1,1,,,,,,,,,,1,sxa130731,semiramis amirpour,Advanced Personal Selling 
"Haworth, Julie B",,,,,,MKT,4380,001,,15,16,4,,,,,,,,,,,,,,,0,haworth,julie haworth,Capstone Course in Marketing 
"Bortz, Tiffany A","Cheney, Michael P",,,,,ACCT,3332,501,2,1,3,1,11,5,5,6,3,2,3,3,8,,,,,,6,tabortz,tiffany bortz,Intermediate Financial Accounting II 
"Zhou, Yibin","Li, Chenchen",,,,,ACCT,3331,003,3,10,6,6,7,6,7,9,,,2,1,5,,,,,,1,yxz066000,yibin zhou,Intermediate Financial Accounting I 
"Gafford, Jerome M",,,,,,MKT,3330,001,7,9,6,2,2,,1,,,,,,,,,,,,1,jmg171130,jerome gafford,Introduction to Professional Selling 
"Fan, Zhongwen",,,,,,ACCT,2301,005,2,15,7,5,7,6,4,6,3,1,,1,2,,,,,,0,zxf140730,zhongwen fan,Introductory Financial Accounting 
"Ritchey, Kemberly A",,,,,,OBHR,4352,001,4,3,7,9,10,1,,3,1,,1,1,,,,,,,0,kar014400,kemberly ritchey,Negotiation and Dispute Resolution 
"Rajaratnam, Daniel",,,,,,MKT,3340,001,,13,,10,18,1,3,3,,,,,,,,,,,1,dxr143430,daniel rajaratnam,Marketing Research 
"Pedigo, Madison F",,,,,,ENTP,3360,001,,1,1,,3,1,2,4,,,,,,,,,,,0,mfp013000,madison pedigo,Entrepreneurial Finance 
"Leach, Sonia E","Manchiraju, Chandrasekhar Seetharama",,,,,OPRE,6366,501,,25,5,5,10,2,2,3,,,,,,,,,,,1,sel120030,sonia leach,Global Supply Chain Management 
"Biswas, Abhijit","Narula, Rishab","Kasaraneni, Uma Sankar",,,,MKT,6310,001,,8,6,6,5,4,2,,,,,,,,,,,,2,axb019100,abhijit biswas,Consumer Behavior 
"Deluke, Eugene","Patil, Lalit D",,,,,OPRE,3310,0W1,1,14,,4,10,,2,12,,,4,,2,,,,,,1,gxd052000,eugene deluke,Operations Management 
"Alborz, Shawn",,,,,,OPRE,3330,001,1,11,10,6,7,11,,1,1,,,,,,,,,,1,sxa063000,shawn alborz,Project Management 
"Egan, Terence J",,,,,,OPRE,4330,001,9,32,,3,6,,1,3,,1,,,,,,,,,1,tje130130,terence egan,Logistics and Inventory Management 
"Ramanathan, Kannan","Wilson, Elizabeth A","Venkataraman, Sundar",,,,OPRE,6332,501,,34,14,6,5,2,,,,,,,,,,,,,0,kxr087000,kannan ramanathan,Spreadsheet Modeling and Analytics 
"Reid, David",,,,,,BCOM,4350,001,,38,1,,1,,,,,,,,,,,,,,0,dxr143530,david reid,Advanced Business Communication 
"Layne, Raini M",,,,,,BCOM,4350,503,21,11,1,1,1,1,1,1,1,,,,,,,,,,0,rml081000,raini layne,Advanced Business Communication 
"Patton, Karen",,,,,,BCOM,4350,004,8,23,2,1,1,,2,1,,,,,,,,,,,0,kxp154730,karen patton,Advanced Business Communication 
"Kimzey, Jackie","Lu, Yanchen",,,,,ENTP,3301,002,,2,7,7,13,14,3,7,1,,,,2,,,,,,1,jxk092000,jackie kimzey,Innovation and Entrepreneurship 
"Zydorek, Hubert",,,,,,IMS,3310,007,,14,9,5,8,5,4,3,,,1,,,,,,,,0,hxz120930,hubert zydorek,International Business 
"Ziegler, Laurie","Li, Jianan",,,,,OB,6332,001,,20,2,2,6,1,,,,,,,,,,,,,0,ziegler,laurie ziegler,Negotiation and Dispute Resolution 
"Swaim, Stephanie R","Vinayagam, Chidambara P",,,,,ACCT,3341,501,1,3,11,5,8,6,3,4,7,3,1,2,1,,,,,,2,srp065000,stephanie poindexter swaim,Cost Management Systems 
"Gamino, John P","Nguyen, Ploysirin K",,,,,ACCT,3350,501,9,4,5,4,4,7,2,4,7,3,1,4,5,,,,,,0,jpg140630,john gamino,Fundamentals of Taxation 
"Solcher, Steven J","Garcia, Cesar D",,,,,ACCT,3350,PP2,8,11,15,4,8,,,,,,,,,,,,,,0,sjs107020,steven solcher,Fundamentals of Taxation 
"Linsteadt, Chris C",,,,,,ACCT,4334,PP1,,8,,,22,,,5,,,,,,,,,,,0,ccl019000,chris linsteadt,Auditing 
"Pang, Wenjin","Shavrina, Irina V",,,,,ACCT,6330,501,,7,1,2,6,2,3,4,,,,,,,,,,,5,wxp042000,wenjin pang,Intermediate Financial Accounting I 
"Zolton, Kathy","Shavrina, Irina V",,,,,ACCT,6333,501,,20,,,28,,,16,,,,,,,,,,,3,kxz121730,kathy zolton,Advanced Financial Reporting 
"Guler, Lale",,,,,,ACCT,6334,501,,11,5,1,1,1,,1,,,,,,,,,,,0,lxg152230,lale guler,Auditing 
"Chapman, Juliann G","Kolli, Naga Harsha Vard",,,,,FIN,3330,001,9,28,,2,7,,4,7,,2,1,,,,,,,,0,jgc160130,juliann chapman,Personal Financial Planning 
"Xu, Yexiao","Liu, Rui",,,,,FIN,6301,001,,4,3,6,,3,,3,,,,,,,,,,,0,yexiaoxu,yexiao xu,Financial Management 
"Zhang, Huibing","Rupp, Anin D",,,,,FIN,6364,001,,2,6,10,11,2,,,,,,,,,,,,,0,hxz054000,huibing harold zhang,Portfolio Analysis and Management 
"Edsel, Alexander D",,,,,,MKT,6321,0W1,,14,3,10,11,,,,,,,,1,,,,,,1,ade012000,alexander edsel,Interactive and Digital Marketing 
"Rajamani, Divakar","Vardhineni, Sai Chandhar",,,,,OPRE,6379,501,,20,21,8,7,7,3,6,,,,,,,,,,,0,dxr020100,divakar rajamani,Product Lifecycle Management 
"Lai, Ki",,,,,,HMGT,6334,501,,18,10,1,,,,,,,,,,,,,,,0,kxl173830,,Healthcare Analytics 
"Blueshtein, Moran","Han, Munhee",,,,,MECO,6303,001,,3,3,4,7,4,1,1,,,,,,,,,,,0,mxb135230,moran blueshtein,Business Economics 
"Sethi, Awanti","Gokcinar, Abdullah H",,,,,OPRE,6303,0W1,,27,2,10,5,,,1,,,,,1,,,,,,8,asethi,awanti sethi,Quantitative Foundations of Business 
"Zhao, Xiaofei","Smith, Jake A",,,,,FIN,3320,002,9,6,4,6,5,8,8,1,,1,,,,,,,,,0,xxz137630,xiaofei zhao,Business Finance 
"Shah, Rajiv","Kathuria, Nishant",,,,,ENTP,4350,001,,8,,,5,,,2,,,1,,1,,,,,,0,rxs079000,rajiv shah,Corporate Entrepreneurship 
"Ritchey, David B",,,,,,OBHR,3330,501,5,8,5,4,12,4,4,2,1,,1,,,,,,,,1,davidr,david ritchey,Introduction to Human Resource Management 
"Kyung, Hoyoun",,,,,,ACCT,2301,006,9,6,8,6,9,9,4,3,3,1,,1,,,,,,,1,hxk130930,hoyoun kyung,Introductory Financial Accounting 
"Betanzos, Christina L","Ayala, Nestor A",,,,,ACCT,6370,501,,3,4,,,,,,,,,,,,,,,,0,clb120030,christina betanzos,Business Law 
"Guttery, Randall",,,,,,REAL,3305,501,,,,,3,,,9,1,,5,1,1,,,,,,1,rxg112530,randall guttery,Real Estate Principles 
"Guttery, Randall",,,,,,FIN,3305,001,4,8,1,,17,,,9,1,,2,1,1,,,,,,0,rxg112530,randall guttery,Real Estate Principles 
"Guttery, Randall",,,,,,FIN,3305,501,1,3,,,10,1,,9,1,,1,,1,,,,,,0,rxg112530,randall guttery,Real Estate Principles 
"Peabody, Stephen D","Suntreerat, Patchara",,,,,FIN,3320,005,4,5,5,5,6,3,5,3,4,1,2,,5,,,,,,1,sdp093020,,Business Finance 
"Cavusoglu, Huseyin","Vadlamudi, Nikhil Vishnu",,,,,MIS,6320,501,,6,1,,,1,,1,,,,,,,,,,,0,huseyin,huseyin cavusoglu,Database Foundations 
"Gamino, John P","Nguyen, Ploysirin K",,,,,ACCT,6350,501,,24,3,6,11,6,4,13,,,,,2,,,,,,0,jpg140630,john gamino,Fundamentals of Taxation I 
"Guttery, Randall",,,,,,REAL,6321,501,,6,1,,6,,,1,,,,,,,,,,,0,rxg112530,randall guttery,Introduction to Real Estate 
"Guttery, Randall",,,,,,FIN,6321,501,,7,,,9,,,5,,,,,,,,,,,0,rxg112530,randall guttery,Introduction to Real Estate 
"Solcher, Steven J","Nguyen, Ploysirin K",,,,,ACCT,6353,0W1,,17,17,1,7,1,1,1,,,,,1,,,,,,2,sjs107020,steven solcher,Fundamentals of Taxation II 
"Gamino, John P","Nguyen, Ploysirin K",,,,,ACCT,6353,501,,8,2,13,6,4,,3,,,,,,,,,,,0,jpg140630,john gamino,Fundamentals of Taxation II 
"Deluke, Eugene","Patil, Lalit D",,,,,MIS,6369,0W1,,10,,,4,,,,,,,,,,,,,,0,gxd052000,eugene deluke,Supply Chain Software 
"Wright, Robert G",,,,,,ENTP,4340,501,,5,2,2,6,1,,2,,,,,,,,,,,1,rgw091000,robert wright,Social Entrepreneurship 
"Patton, Karen",,,,,,BCOM,4350,005,14,16,6,4,1,,,,,,,,1,,,,,,0,kxp154730,karen patton,Advanced Business Communication 
"Cordell, David M","Mirjalili, Siavash",,,,,FIN,6300,0W1,,9,2,5,7,,,2,,,,,2,,,,,,2,dmc012300,david cordell,Personal Finance 
"Rivera Mesias, Alejandro","Rupp, Anin D",,,,,FIN,6325,001,,6,1,5,3,1,,,,,,,,,,,,,2,axr150331,alejandro rivera mesias,Macroeconomics and Financial Markets 
"Kuksov, Dmitri G","Ameri, Mina","Park, Jieun",,,,MKT,6301,003,,2,4,,1,,,1,,,,,,,,,,,0,dgk120030,dmitri kuksov,Marketing Management 
"Troutman, Amy B","Albritton, Jason M",,,,,ACCT,6335,001,,82,10,,4,1,1,,,,,,,,,,,,0,amybass,amy troutman,Ethics for Professional Accountants 
"Narasimhan, Prithi","Ranabothu, Kavya",,,,,MIS,6308,501,,21,21,12,5,,,,,,,,1,,,,,,0,pxn152330,prithi narasimhan,System Analysis and Project Management 
"Saeed, Kashif","Shanmukh, Shravya",,,,,MIS,6309,002,,14,14,16,16,,,,,,,,,,,,,,1,kxs147230,kashif saeed,Business Data Warehousing 
"Lawson, Kristen A","Bursa, Jennifer N",,,,,BCOM,4350,003,6,25,1,3,4,,,,,,,,1,,,,,,0,kal110030,kristen lawson,Advanced Business Communication 
"Shekarchizadeh Esfahani, Sharif",,,,,,ACCT,2301,501,30,13,3,10,5,4,5,,,,,,2,,,,,,1,sxs110431,sharif esfahani,Introductory Financial Accounting 
"Barden, John P","Vinayagam, Chidambara P",,,,,ACCT,2302,004,,16,3,11,11,2,11,11,,,3,,5,,,,,,0,jpb063000,john barden,Introductory Management Accounting 
"Cohen, Daniel A","Bhatia, Nikita R",,,,,ACCT,3341,003,12,12,6,7,5,14,,4,3,,,,1,,,,,,0,dac101000,daniel cohen,Cost Management Systems 
"Solcher, Steven J","Garcia, Cesar D",,,,,ACCT,3350,PP1,1,2,12,,3,1,1,,,,,,,,,,,,0,sjs107020,steven solcher,Fundamentals of Taxation 
"Linsteadt, Chris C",,,,,,ACCT,4334,501,,10,,,30,,,12,,,1,,,,,,,,0,ccl019000,chris linsteadt,Auditing 
"Li, Ningzhong","Song, Dongye",,,,,ACCT,6305,001,,13,12,14,5,5,,,,,,,,,,,,,0,nxl124130,ningzhong li,Accounting for Managers 
"Saeed, Kashif","Shanmukh, Shravya",,,,,ACCT,6309,002,,4,,,2,1,,,,,,,,,,,,,0,kxs147230,kashif saeed,Business Data Warehousing 
"Natarajan, Ramachandran","Bhatia, Nikita R",,,,,ACCT,6331,001,,18,11,4,7,2,1,2,,,,,,,,,,,0,nataraj,ramachandra natarajan,Cost Accounting 
"Goodrich, Mary Beth W","Vinayagam, Chidambara P",,,,,ACCT,6338,001,,16,7,3,5,,1,1,,,,,1,,,,,,0,goodrich,mary beth goodrich,Accounting Systems Integration and Configuration 
"Goodrich, Mary Beth W","Ayala, Nestor A",,,,,ACCT,6388,001,,12,,,1,1,,,,,,,,,,,,,0,goodrich,mary beth goodrich,Accounting Communications 
"Goodrich, Mary Beth W","Ayala, Nestor A",,,,,ACCT,6388,002,,13,4,3,1,3,,,,,,,,,,,,,0,goodrich,mary beth goodrich,Accounting Communications 
"Layne, Raini M",,,,,,BCOM,4350,501,23,9,4,2,1,,,,,,,,,,,,,,1,rml081000,raini layne,Advanced Business Communication 
"Steadham, Kyle S",,,,,,BCOM,4350,502,,3,2,1,9,11,1,1,,,1,,2,,,,,,0,kss012400,kyle steadham,Advanced Business Communication 
"Betanzos, Christina L","Ayala, Nestor A",,,,,BLAW,2301,501,,11,10,20,7,12,4,7,9,,3,,4,,,,,,0,clb120030,christina betanzos,Business and Public Law 
"Kim, Dong Shin",,,,,,BPS,4305,502,4,2,1,,2,4,2,,1,,,,,,,,,,0,dxk152130,dong kim,Strategic Management 
"Peabody, Stephen D","Suntreerat, Patchara",,,,,FIN,3320,006,3,8,2,2,6,9,2,3,4,,5,2,2,,,,,,1,sdp093020,,Business Finance 
"Chapman, Juliann G","Kolli, Naga Harsha Vard",,,,,FIN,3330,501,5,27,,7,11,,3,3,,2,1,,,,,,,,0,jgc160130,juliann chapman,Personal Financial Planning 
"Anderson, Frank W",,,,,,FIN,4310,002,,3,6,7,3,6,3,7,6,,1,1,2,,,,,,2,fwa012000,,Intermediate Business Finance 
"Saretto, Alessio","Poochiyur Rangaswamy, Arunpriya",,,,,FIN,4340,501,,4,8,3,5,3,3,,,,,,1,,,,,,2,axs125732,alessio saretto,Options and Futures Markets 
"Drummond, Jeffery P",,,,,,HMGT,6330,501,,8,4,3,2,2,,,,,,,1,,,,,,1,jpd160230,jeffery drummond,Healthcare Law  Policy and Regulation 
"Zydorek, Hubert",,,,,,IMS,3310,008,,12,4,14,14,3,1,,1,,,,,,,,,,0,hxz120930,hubert zydorek,International Business 
"Siegenthaler, Simon","Mirjalili, Siavash",,,,,MECO,6303,501,,9,7,1,7,4,2,1,,,,,,,,,,,2,sxs177933,simon siegenthaler,Business Economics 
"Thompson, Luell O","Viswanathan, Venkatesh",,,,,MIS,6319,001,,8,,,9,,,1,,,,,,,,,,,0,lot013000,luell thompson,Enterprise Resource Planning 
"Thompson, Luell O","Viswanathan, Venkatesh",,,,,MIS,6319,501,,5,,,5,,,,,,,,,,,,,,0,lot013000,luell thompson,Enterprise Resource Planning 
"Tang, Shaojie","Sainathan, Srinivas",,,,,MIS,6323,501,,17,2,16,1,,,1,,,,,,,,,,,1,sxt146930,shaojie tang,Object Oriented Programming 
"Lahiri, Atanu","Guha, Sumalya",,,,,MIS,6330,001,,8,10,8,3,,,,,,,,,,,,,,0,axl144730,atanu lahiri,Information Technology Security 
"Bradbury, Judd D","Solanki, Rom Prakash","Khandelwal, Ashish",,,,MIS,6378,001,,3,2,,1,,,,,,,,,,,,,,0,jdb101000,judd bradbury,Enterprise Systems and CRM 
"Rajaratnam, Daniel",,,,,,MKT,6301,502,,1,1,5,10,1,,,,,,,,,,,,,0,dxr143430,daniel rajaratnam,Marketing Management 
"Rao, Ram C","Bhave, Ashutosh C",,,,,MKT,6350,501,,8,4,4,3,,,1,,,,,,,,,,,0,rrao,ram rao,Competitive Marketing Strategy 
"Hasenhuttl, Maria","Shetty, Karan S",,,,,OB,6301,001,,50,,,3,,,,,,,,,,,,,,0,h1562,maria hasenhuttl,Organizational Behavior 
"Ritchey, David B",,,,,,OBHR,3310,008,3,11,11,6,8,6,1,3,,,,,,,,,,,0,davidr,david ritchey,Organizational Behavior 
"Hicks, Jeffrey N","Liu, Yu",,,,,OBHR,3310,012,1,22,13,5,1,3,2,2,,,,,,,,,,,0,jnh061000,jeffrey hicks,Organizational Behavior 
"Egan, Terence J",,,,,,OPRE,3310,001,,9,,5,16,,4,10,,1,,,4,,,,,,0,tje130130,terence egan,Operations Management 
"Kohankie, Robert W",,,,,,OPRE,3310,5E1,10,5,1,,14,,,5,1,,,1,2,,,,,,0,rwk130030,robert kohankie,Operations Management 
"Stephens, Timothy G",,,,,,OPRE,3333,004,22,19,6,4,7,2,4,4,,,,,,,,,,,2,tgs170130,timothy stephens,Quantitative Business Analysis 
"Kaan, Levent","Armaghan, Milad",,,,,OPRE,3333,005,10,6,3,9,10,9,5,2,3,,,,6,,,,,,6,lxk120730,levent kaan,Quantitative Business Analysis 
"Kaan, Levent","Armaghan, Milad",,,,,OPRE,3333,501,9,3,10,4,5,5,5,4,8,,1,1,6,,,,,,8,lxk120730,levent kaan,Quantitative Business Analysis 
"Nakhaei, Mofid","Vardhineni, Sai Chandhar",,,,,OPRE,3333,502,8,17,,19,7,,5,5,,3,2,,3,,,,,,1,mxn162630,mofid nakhaei,Quantitative Business Analysis 
"Brussolo, Monica E","Barhanpurkar, Mitali","Hu, Yuejuan",,,,OPRE,3360,004,6,5,8,4,7,8,3,3,3,,2,4,2,,,,,,0,meb049000,monica brussolo,Managerial Methods in Decision Making Under Uncertainty 
"Naseri Taheri, Mohammad",,,,,,OPRE,3360,005,6,16,10,9,11,3,1,,,,,1,,,,,,,1,mxn121930,mohammad naseri,Managerial Methods in Decision Making Under Uncertainty 
"Parks, David","Chindak, Sachin",,,,,OPRE,3360,006,,5,5,1,11,8,,12,8,,6,,1,,,,,,0,dxp153830,david parks,Managerial Methods in Decision Making Under Uncertainty 
"Leach, Sonia E","Kirci, Ismail",,,,,OPRE,6302,502,,10,5,2,5,5,1,4,,,,,2,,,,,,0,sel120030,sonia leach,Operations Management 
"Janakiraman, Ganesh","Armaghan, Milad",,,,,OPRE,6302,003,,16,17,15,6,1,,,,,,,1,,,,,,0,gxj091000,ganesh janakiraman,Operations Management 
"Ramanathan, Kannan","Wilson, Elizabeth A","Venkataraman, Sundar",,,,OPRE,6332,502,,21,12,10,3,4,2,,,,,,1,,,,,,0,kxr087000,kannan ramanathan,Spreadsheet Modeling and Analytics 
"Kirksey, Kirk","Sherigar, Shushant",,,,,HMGT,4321,001,24,6,4,3,3,1,1,,,,,,,,,,,,1,kak130030,,Introduction to Healthcare Information Systems 
"Cakanyildirim, Metin","Shi, Lingling",,,,,OPRE,6377,501,,4,3,3,5,,,,,,,,,,,,,,0,metin,metin cakanyildirim,Demand and Revenue Management 
"Cheng, Samuel","Juarez Herrera, Pablo J",,,,,ACCT,6365,501,,7,8,19,8,8,3,2,,,,,,,,,,,2,sxc109021,samuel cheng,Governmental and Not-For-Profit Accounting 
"Hagen, John C","Akhil Gopinath, FNU",,,,,ACCT,4301,501,2,6,5,6,3,7,3,2,2,,1,,3,,,,,,5,jch013200,john hagen,Database Systems 
"Egeland, Rita E",,,,,,MKT,3300,010,12,9,9,5,10,1,,,,,,,2,,,,,,1,rxb154430,rita bargerhuff egeland,Principles of Marketing 
"Wright, Robert G",,,,,,ENTP,6392,501,,9,1,,2,,,,,,,,,,,,,,0,rgw091000,robert wright,Entrepreneurship in the Social Sector 
"Anderson, Frank W",,,,,,FIN,3320,007,,7,2,5,6,9,5,5,2,1,1,2,3,,,,,,1,fwa012000,,Business Finance 
"Ziegler, Laurie","Li, Jianan",,,,,MECO,6352,001,,6,,,,,,,,,,,,,,,,,0,ziegler,laurie ziegler,Financial Negotiation and Dispute Resolution 
"Ziegler, Laurie","Li, Jianan",,,,,MECO,6352,0W1,,5,1,,,,,,,,,,,,,,,,0,ziegler,laurie ziegler,Financial Negotiation and Dispute Resolution 
"Mookerjee, Radha","Sainathan, Srinivas",,,,,MIS,6323,0W1,,5,16,5,5,4,2,2,,,,,2,,,,,,5,rvm019000,radha mookerjee,Object Oriented Programming 
"Hedgecock, Blake M",,,,,,FIN,6326,501,,6,,,1,,,,,,,,,,,,,,0,bxh132030,blake hedgecock,Real Estate Law and Contracts 
"Hedgecock, Blake M",,,,,,REAL,6326,501,,6,,,1,,,1,,,,,,,,,,,0,bxh132030,blake hedgecock,Real Estate Law and Contracts 
"Dawande, Milind",,,,,,OPRE,7353,001,,6,5,1,5,1,,,,,,,,,,,,,0,milind,milind dawande,Optimization 
"Molina, Stephen",,,,,,MECO,6318,501,,12,8,2,4,,,,,,,,,,,,,,1,sxm163630,stephen molina,Energy Economics 
"Hicks, Jeffrey N","Liu, Yu",,,,,OBHR,3310,009,1,16,13,9,4,3,1,2,,,,,,,,,,,0,jnh061000,jeffrey hicks,Organizational Behavior 
"DeCourcy, George A","Ai, Siyu",,,,,FIN,3320,008,6,11,1,2,11,1,6,7,1,1,,,1,,,,,,1,gad075000,george decourcy,Business Finance 
"Lawson, Kristen A","Bursa, Jennifer N",,,,,BCOM,4350,006,8,20,3,2,2,1,2,,,,,,1,,,,,,1,kal110030,kristen lawson,Advanced Business Communication 
"McCrady, Victoria D",,,,,,BCOM,4350,007,3,11,13,6,2,2,1,1,1,,,,,,,,,,0,vdm130030,victoria mccrady,Advanced Business Communication 
"Zihagh, Fereshteh",,,,,,MKT,3300,011,4,16,14,1,11,,,,1,,,,1,,,,,,0,fxz140530,fereshteh zihagh,Principles of Marketing 
"Chapman, Juliann G","Kolli, Naga Harsha Vard",,,,,FIN,3330,002,13,17,,2,11,,2,2,,2,,,,,,,,,0,jgc160130,juliann chapman,Personal Financial Planning 
"Crook, Kevin R",,,,,,MIS,6309,501,,22,7,23,21,,,,,,,,,,,,,,0,krc150730,kevin crook,Business Data Warehousing 
"Zolton, Kathy","Shavrina, Irina V",,,,,ACCT,6333,001,,29,,,19,,,16,,,,,3,,,,,,2,kxz121730,kathy zolton,Advanced Financial Reporting 
"Wright, Robert G",,,,,,ENTP,4330,001,,7,9,7,8,2,,,,,,,,,,,,,1,rgw091000,robert wright,Entrepreneurial Marketing 
"Gafford, Jerome M",,,,,,MKT,3300,012,1,5,9,5,13,9,,6,,,,1,,,,,,,0,jmg171130,jerome gafford,Principles of Marketing 
"Prasad, Ashutosh",,,,,,MAS,6V05,002,,7,,,,,,,,,,,,,,,,,0,aprasad,ashutosh prasad,Special Topics in Marketing Management 
"Hagen, John C","Akhil Gopinath, FNU",,,,,ITSS,4301,501,2,,2,1,,2,2,,1,,,,1,,,,,,1,jch013200,john hagen,Database Systems 
"Watson, John M","Smith, Charles F",,,,,BCOM,4350,008,,27,8,2,1,1,1,,,,,,,,,,,,0,jmw077000,john watson,Advanced Business Communication 
"Watson, John M","Smith, Charles F",,,,,BCOM,4350,009,,9,15,8,2,3,1,1,,,,,,,,,,,1,jmw077000,john watson,Advanced Business Communication 
"McCrady, Victoria D",,,,,,BCOM,4350,010,4,11,12,6,3,2,1,,1,,,,,,,,,,0,vdm130030,victoria mccrady,Advanced Business Communication 
"Lookadoo, Kathryn","McDonald, Jared M",,,,,BCOM,4350,011,2,8,11,7,3,4,,,4,,,,1,,,,,,0,kxl164330,kathryn lookadoo,Advanced Business Communication 
"de los Santos, Veronica",,,,,,BCOM,4350,002,20,14,3,,,2,,,,,,,,,,,,,0,vxd171930,veronica de los santos,Advanced Business Communication 
"Polze, Matthew M","Payne, Colton A",,,,,BLAW,2301,HO2,,7,2,2,4,2,3,1,1,,1,,,,,,,,1,mmp062000,matthew polze,Business and Public Law 
"Carraher, Shawn M",,,,,,BPS,4305,009,12,3,9,5,7,4,1,1,1,,,,,,,,,,0,smc130730,shawn carraher,Strategic Management 
"Pedigo, Madison F",,,,,,ENTP,3301,003,,15,,,23,,,5,,,,,1,,,,,,0,mfp013000,madison pedigo,Innovation and Entrepreneurship 
"Qiu, Ye",,,,,,MKT,3300,013,3,13,16,10,3,3,,,,,,,1,,,,,,0,yxq110430,ye qiu,Principles of Marketing 
"Layton, Mark C",,,,,,OPRE,3310,007,2,8,20,10,4,,1,2,,,,,,,,,,,0,mcl170030,mark layton,Operations Management 
"Cordell, David M","Mirjalili, Siavash",,,,,FIN,3320,502,,8,,3,10,2,1,10,1,4,3,,4,,,,,,3,dmc012300,david cordell,Business Finance 
"Rivera Mesias, Alejandro","Rupp, Anin D",,,,,FIN,3350,001,4,10,2,9,4,4,8,,,,,,1,,,,,,3,axr150331,alejandro rivera mesias,Macroeconomics and Financial Markets 
"Richardson, Debra L",,,,,,FIN,3370,001,9,6,12,1,6,4,4,3,4,1,3,,1,,,,,,0,dlr150330,debra richardson,Principles of Risk Management and Insurance 
"Baranchuk, Nina",,,,,,FIN,6350,501,,4,2,1,2,,1,1,,,,,1,,,,,,0,nxb043000,nina baranchuk,Advanced Financial Management 
"Ma, Liping","Kaur, Dupinderjeet",,,,,FIN,6382,501,,13,,,7,,,,,,,,,,,,,,3,lxm133730,liping ma,Numerical and Statistical Methods in Finance 
"Fleming, Forney F","Vasquez, Paula A",,,,,HMGT,3301,001,,13,14,10,5,5,4,2,,3,1,,5,,1,,,,0,fwf081000,forney fleming,Introduction to Healthcare Management 
"Walton, James W","Myneni, Nitish",,,,,HMGT,3301,002,8,13,12,5,14,3,2,,5,,,,1,,,,,,0,jww160330,james walton,Introduction to Healthcare Management 
"Berrett, Britt R","Myneni, Nitish","Vasquez, Paula A",,,,HMGT,3301,501,2,10,3,5,3,2,1,,,,,,,,,,,,1,brb051000,britt berret,Introduction to Healthcare Management 
"Fleming, Forney F",,,,,,HMGT,6320,0W1,,34,5,1,1,2,2,,,,,,1,,,,,,0,fwf081000,forney fleming,The American Healthcare System 
"Henderson, Tom",,,,,,IMS,3310,009,,15,3,2,13,,3,5,,,1,,3,,,,,,2,txh093000,tom henderson,International Business 
"Woldu, Habte G","Zhou, Jun",,,,,IMS,6204,MBP,,11,18,8,,,,,,,,,,,,,,,0,wolduh,habte woldu,
"Wiorkowski, John",,,,,,MECO,7312,001,,8,4,4,,,,,,,,,,,,,,,0,wiorkow,john wiorkowski,Advanced Statistics and Probability 
"Raghunathan, Srinivasan","Katira, Charmi Manoj",,,,,MIS,6308,002,,24,8,3,,,,,,,,,1,,,,,,1,sraghu,srinivasan raghunathan,System Analysis and Project Management 
"Islam, Naser","Pathania, Deepima",,,,,MIS,6308,504,,15,,9,3,,,,,,,,,,,,,,1,nxi110630,naser islam,System Analysis and Project Management 
"Bradbury, Judd D","Solanki, Rom Prakash","Khandelwal, Ashish",,,,MIS,6309,001,,21,16,10,8,9,2,1,,,,,,,,,,,1,jdb101000,judd bradbury,Business Data Warehousing 
"Narasimhan, Prithi","Kopparapu, Hanuman Abhishek",,,,,MIS,6316,001,,4,7,11,2,,,,,,,,,,,,,,0,pxn152330,prithi narasimhan,Data Communications 
"Narasimhan, Prithi","Kopparapu, Hanuman Abhishek",,,,,MIS,6316,002,,9,5,3,3,1,,,,,,,,,,,,,0,pxn152330,prithi narasimhan,Data Communications 
"Sohaee, Nassim","Sainathan, Srinivas",,,,,MIS,6323,002,,31,14,10,3,1,,,,,,,,,,,,,0,nxs045000,nassim sohaee,Object Oriented Programming 
"Ryu, Young","Godasi, Sai Ram Bharadwaj",,,,,MIS,6326,0W1,,18,8,5,18,,,,,,,,1,,,,,,4,ryoung,young ryu,Data Management 
"Troutman, Amy B","Albritton, Jason M",,,,,ACCT,2301,HON,3,18,9,15,3,2,,,,,,,,,,,,,0,amybass,amy troutman,Introductory Financial Accounting 
"Barden, John P","Vinayagam, Chidambara P",,,,,ACCT,2302,005,,10,8,11,7,3,10,8,2,,3,,12,,,,,,0,jpb063000,john barden,Introductory Management Accounting 
"Hes, Christopher A","Vinayagam, Chidambara P",,,,,ACCT,2302,501,3,1,4,5,7,4,6,6,,,3,4,2,,,,,,6,cah041000,christopher hess,Introductory Management Accounting 
"Singh, Harpreet","Busetty, Vishnukanth",,,,,MIS,6344,501,,13,16,4,11,7,,,,,,,,,,,,,1,hxs104000,harpreet singh,Web Analytics 
"Bradbury, Judd D","Khandelwal, Ashish","Solanki, Rom Prakash",,,,MIS,6380,001,,14,14,10,7,5,3,1,,,,,1,,,,,,2,jdb101000,judd bradbury,Data Visualization 
"Savoie, Michael J","Kar, Madhurima",,,,,ITSS,3300,003,5,27,15,,1,1,,,,,,,,,,,,,0,msavoie,michael savoie,Information Technology for Business 
"Scott, James A","Gharge, Padmaja",,,,,ITSS,3300,005,1,1,8,15,8,7,2,2,3,,,,1,,,,,,2,jas076100,james scott,Information Technology for Business 
"Scott, James A","Gharge, Padmaja",,,,,ITSS,3300,006,,4,11,18,5,7,1,1,2,,,,,,,,,,0,jas076100,james scott,Information Technology for Business 
"Martinez, Carlos A","Kar, Madhurima",,,,,ITSS,3300,007,,3,7,13,9,4,3,5,2,,1,,1,,,,,,1,cxm173630,carlos martinez,Information Technology for Business 
"Bao, Chenzhang",,,,,,ITSS,3300,008,7,21,9,4,4,2,,1,,,,,,,,,,,0,cxb121930,,Information Technology for Business 
"Beachboard, John C","Dixit, Saksham",,,,,ITSS,3300,009,,10,2,3,11,4,10,4,1,1,1,,2,,,,,,0,jcb170430,john beachboard,Information Technology for Business 
"Bose, Ranavir","Saha, Moumita",,,,,ITSS,3300,010,4,16,8,6,5,6,1,1,,,,,2,,,,,,0,rxb132730,ranavir bose,Information Technology for Business 
"Bose, Ranavir","Saha, Moumita",,,,,ITSS,3300,011,4,23,2,3,2,5,2,2,2,1,,,1,,,,,,1,rxb132730,ranavir bose,Information Technology for Business 
"Beachboard, John C","Dixit, Saksham",,,,,ITSS,3300,012,1,9,1,7,14,4,4,1,2,1,2,,2,,,,,,0,jcb170430,john beachboard,Information Technology for Business 
"Reed, Richard","Kopparapu, Hanuman Abhishek",,,,,ITSS,3300,013,,7,6,2,14,7,6,3,,1,,,1,,,,,,1,rxr062000,richard reed,Information Technology for Business 
"Islam, Naser","Murugan, Aravind Vasu","Pathania, Deepima",,,,ITSS,3300,014,4,7,2,14,18,,2,1,,,,,1,,,,,,0,nxi110630,naser islam,Information Technology for Business 
"Owens, Sean M","Dixit, Saksham",,,,,ITSS,3300,0E1,1,25,5,2,1,1,1,1,,,,,3,,,,,,0,smo150330,sean owens,Information Technology for Business 
"Short, Kevin P","Shanmukh, Shravya",,,,,ITSS,3300,015,,8,3,8,10,3,6,4,4,,,,1,,,,,,1,kps170330,kevin short,Information Technology for Business 
"Martinez, Carlos A","Kar, Madhurima",,,,,ITSS,3300,501,1,4,9,8,6,13,2,2,2,1,,,1,,,,,,0,cxm173630,carlos martinez,Information Technology for Business 
"Short, Kevin P","Shanmukh, Shravya",,,,,ITSS,3300,502,,11,3,3,13,2,4,3,2,,,,3,,,,,,2,kps170330,kevin short,Information Technology for Business 
"Owens, Dawn M","Akhil Gopinath, FNU",,,,,ITSS,4300,001,,11,7,7,9,8,2,8,2,1,2,2,1,,,,,,0,dmo130130,dawn owens,Database Fundamentals 
"Arora, Vivek",,,,,,ITSS,4312,501,2,2,3,3,4,4,,3,,,,,1,,,,,,0,vxa081000,vivek arora,Mobile Web Application Development 
"Owens, Dawn M","Godasi, Sai Ram Bharadwaj",,,,,ITSS,4330,001,,14,8,11,10,3,1,,2,,,,,,,,,,0,dmo130130,dawn owens,Systems Analysis and Design 
"Thomas, Sunela","Godasi, Sai Ram Bharadwaj",,,,,ITSS,4330,501,,14,10,8,7,2,2,3,,,2,,,,,,,,1,sxt167730,sunela thomas,Systems Analysis and Design 
"Maheshwari, Anup","Viswanathan, Venkatesh",,,,,ITSS,4340,001,2,4,1,2,13,5,7,3,,2,,,3,,,,,,3,axm179731,anup maheshwari,Enterprise Resource Planning 
"Shekhar, Gaurav","Akarte, Prajakti V",,,,,ITSS,4351,501,,3,5,3,6,3,3,2,,,,,,,,,,,1,gxs150130,gaurav shekhar,Foundations of Business Intelligence 
"Parker, Jason A","Akhil Gopinath, FNU",,,,,ITSS,4353,501,26,8,21,6,6,3,3,,,1,,,,,,,,,2,jap090020,jason parker,Business Analytics 
"Tang, Shaojie","Guha, Sumalya",,,,,ITSS,4360,501,11,11,17,14,12,,,,,,,,,,,,,,0,sxt146930,shaojie tang,Network and Information Security 
"Slaughter, Kelly T","Akarte, Prajakti V",,,,,ITSS,4390,001,7,21,13,,9,3,,1,,,,,1,,,,,,0,kts130030,kelly slaughter,Information Systems Capstone 
"Subramaniam, Palanivel","Sorathia, Vashisth",,,,,ITSS,4V95,501,1,3,3,2,8,5,,2,4,,,,,,,,,,1,pxs172431,palanivel subramaniam,Seminar Series in Information Systems 
"Ozel, Naim Bugra","Juarez Herrera, Pablo J",,,,,ACCT,6305,502,,6,8,9,4,2,,,,,,,,,,,,,0,nbo150030,naim ozel,Accounting for Managers 
"Ozel, Naim Bugra","Juarez Herrera, Pablo J",,,,,ACCT,6305,501,,12,15,22,3,3,,,,,,,,,,,,,0,nbo150030,naim ozel,Accounting for Managers 
"Blair, Ronald J","Nguyen, Ploysirin K",,,,,ACCT,6335,501,,11,7,5,5,4,,1,,,,,,,,,,,1,rblair,ronald blair,Ethics for Professional Accountants 
"Johnson, Jennifer","Garcia, Cesar D",,,,,ACCT,6343,001,,14,,,5,,,,,,,,,,,,,,0,jxj091000,jennifer johnson,Accounting Information Systems 
"Roy Bardhan, Anindita","Albritton, Jason M",,,,,ACCT,6373,001,,7,,,17,,,4,,,,,,,,,,,0,axb149330,anindita bardhan,Advanced External Auditing 
"Barden, John P","Vinayagam, Chidambara P",,,,,ACCT,6373,0W1,,20,,,40,,,,,,,,,,,,,,0,jpb063000,john barden,Advanced External Auditing 
"Roy Bardhan, Anindita","Albritton, Jason M",,,,,ACCT,6373,501,,9,,,23,,,4,,,,,1,,,,,,0,axb149330,anindita bardhan,Advanced External Auditing 
"Reid, David","Juarez Herrera, Pablo J",,,,,ACCT,6388,501,,34,1,,,,,,,,,,,,,,,,0,dxr143530,david reid,Accounting Communications 
"Johnson, Jennifer","Garcia, Cesar D",,,,,ACCT,4340,001,12,15,4,8,4,,,3,1,,,,2,,,,,,0,jxj091000,jennifer johnson,Survey of Accounting Software 
"Hicks, Jeffrey N","Liu, Yu",,,,,OBHR,3310,501,1,11,18,7,4,4,2,,,,,,1,,,,,,0,jnh061000,jeffrey hicks,Organizational Behavior 
"Meda, Edward","Vora, Gunjan",,,,,OBHR,3310,502,4,10,8,5,7,12,1,,,,,,1,,,,,,0,exm150330,edward meda,Organizational Behavior 
"Qiu, Ye",,,,,,MKT,3300,014,5,16,14,7,3,,,,,,,,1,,,,,,0,yxq110430,ye qiu,Principles of Marketing 
"Pacyna, Sandra",,,,,,MKT,3300,015,3,17,8,7,8,2,1,1,,1,,,,,,,,,1,sxp158130,sandra pacyna,Principles of Marketing 
"Gafford, Jerome M",,,,,,MKT,3330,003,10,5,3,3,1,2,,1,,,,,2,,,,,,0,jmg171130,jerome gafford,Introduction to Professional Selling 
"Amirpour, Semiramis",,,,,,MKT,3330,004,14,5,3,1,1,,1,,2,,1,1,,,,,,,1,sxa130731,semiramis amirpour,Introduction to Professional Selling 
"Edsel, Alexander D",,,,,,MKT,4330,0W1,1,9,9,2,5,10,4,3,,1,1,,1,,,,,,1,ade012000,alexander edsel,Digital and Internet Marketing 
"Dover, Howard F",,,,,,MKT,4332,002,2,6,1,3,2,2,1,1,,,1,,,,,,,,0,hfd021000,howard dover,Advanced Personal Selling 
"Corbin, Sonja C",,,,,,MKT,4380,501,3,6,8,3,5,1,1,1,,,,,,,,,,,0,scc130530,sonja corbin,Capstone Course in Marketing 
"Ramanathan, Kannan","Wilson, Elizabeth A","Venkataraman, Sundar",,,,OPRE,6332,0W1,,16,4,3,5,11,1,1,,,,,2,,,,,,0,kxr087000,kannan ramanathan,Spreadsheet Modeling and Analytics 
"Parks, David",,,,,,OPRE,6367,001,,14,,,3,,,,,,,,,,,,,,1,dxp153830,david parks,Capstone Projects in Supply Chain Management 
"Deluke, Eugene","Patil, Lalit D",,,,,OPRE,6369,0W2,,30,,,17,,,1,,,,,,,,,,,0,gxd052000,eugene deluke,Supply Chain Software 
"Honhon, Dorothee B","Chang, Chia-Hao",,,,,OPRE,6341,0W1,,14,5,4,3,,,,,,,,1,,,,,,1,dbh130130,dorothee honhon,Retail Operations 
"harrop, Jonathan",,,,,,MKT,4334,001,6,11,8,4,6,,2,,,,,,,,,,,,2,jjh170530,jonathan harrop,Social Media Marketing 
"Meda, Edward","Vora, Gunjan",,,,,MKT,3300,016,2,8,12,8,3,8,1,2,,,,,2,,,,,,1,exm150330,edward meda,Principles of Marketing 
"Biswas, Abhijit","Narula, Rishab","Kasaraneni, Uma Sankar",,,,MKT,6301,MBC,,15,11,18,7,2,,,,,,,,,,,,,0,axb019100,abhijit biswas,
"Reichert, Carolyn A",,,,,,FIN,6301,MBC,,13,15,6,14,2,,2,,,,,1,,,,,,0,carolyn,carolyn reichert,
"Zentner, Alejandro","Nguyen, Hang M",,,,,MECO,6303,MBC,,27,8,7,11,,,,,,,,,,,,,,0,axz051000,alejandro zentner,
"Dess, Gregory","Kim, Kyun",,,,,BPS,6310,MBC,,16,,,28,,,1,,,,,,,,,,,0,ggd021000,gregory dess,
"Peng, Mike","Yeo, Yundong",,,,,IMS,6204,MBC,,23,,,22,,,,,,,,,,,,,,0,mxp059000,mike peng,
"Richardson, Debra L",,,,,,RMIS,4331,001,,12,3,6,3,,4,1,,,,,,,,,,,0,dlr150330,debra richardson,Business Liability Risk Management and Insurance 
"Richards, James R",,,,,,FIN,6311,001,,11,4,2,2,,,,,,,,,,,,,,0,jrr013500,james richards,Valuation Models and Practices 
"Kim, Yeongin",,,,,,ITSS,3312,001,,30,10,5,2,1,,,,,,,,,,,,,0,yxk130930,yeongin kim,Object-Oriented Programming 
"Narayan, Ravishankar L","Godasi, Sai Ram Bharadwaj",,,,,BUAN,6320,001,,43,5,8,1,,,,,,,,,,,,,,0,rln130030,ravishankar narayan,Database Foundations 
"Nketia, Joseph A",,,,,,ACCT,4337,501,,4,,5,4,4,3,,2,,,,2,,,,,,0,jan170230,joseph nketia,Business Valuation 
"Richards, James R",,,,,,ACCT,4337,001,2,10,7,5,3,3,1,2,1,,,,1,,,,,,1,jrr013500,james richards,Business Valuation 
"Kuo, Ching-Chung","Ye, Wenhe","Ouseph, Sunil T",,,,BUAN,6398,001,,21,4,4,15,1,2,15,,,,,,,,,,,0,cxk162830,,Prescriptive Analytics 
"Richardson, Debra L",,,,,,RMIS,3370,001,,3,2,,3,,1,1,,,,,,,,,,,0,dlr150330,debra richardson,Principles of Risk Management and Insurance 
"Bradbury, Judd D","Solanki, Rom Prakash","Khandelwal, Ashish",,,,MKT,6338,001,,2,5,5,2,2,,,,,,,,,,,,,0,jdb101000,judd bradbury,Enterprise Systems and CRM 
"Mauriello, Joseph A","Hale, Seth M",,,,,MIS,6337,001,,8,9,2,3,,,,,,,,,,,,,,0,jam151430,joseph mauriello,Information Technology Audit and Risk Management 
"Cavusoglu, Huseyin","Vadlamudi, Nikhil Vishnu",,,,,BUAN,6320,501,,32,2,,1,,,,,,,,,,,,,,1,huseyin,huseyin cavusoglu,Database Foundations 
"Grigsby, Mike",,,,,,MKT,6337,501,,2,,,9,,,,,,,,,,,,,,0,mxg153330,mike grigsby,Predictive Analytics Using SAS 
"Grigsby, Mike",,,,,,BUAN,6337,501,,19,,,20,,,,,,,,,,,,,,0,mxg153330,mike grigsby,Predictive Analytics Using SAS 
"Thouin, Mark","Gajjar, Sarthak V",,,,,MIS,6360,002,,25,20,16,1,1,,,,,,,,,,,,,0,mxt083000,mark thouin,Agile Project Management 
"Walton, Michaella",,,,,,BCOM,3310,001,,1,5,6,7,2,3,2,2,1,1,,,,,,,,0,mrw170730,,Business Communication 
"Moore, Sarah E","O'Dell, Daniel A",,,,,BCOM,3310,002,3,20,3,3,3,,1,1,,,,,,,,,,,0,sem054000,sarah moore,Business Communication 
"Moore, Sarah E","O'Dell, Daniel A",,,,,BCOM,3310,003,3,18,3,3,2,2,1,1,2,,,,,,,,,,0,sem054000,sarah moore,Business Communication 
"Smallwood, Margaret G","Rosillo, Andrea G",,,,,BCOM,3310,006,,10,21,2,1,,,,1,,,,,,,,,,0,meg012400,margaret smallwood,Business Communication 
"Marchant, Joe T",,,,,,BCOM,3310,007,2,4,1,2,1,1,1,1,,,,,1,,,,,,0,jtm014200,joe marchant,Business Communication 
"Sluder, Jeanne",,,,,,BCOM,3310,009,6,10,4,5,5,2,,,,,,,1,,,,,,0,jis081000,jeanne sluder,Business Communication 
"Sluder, Jeanne",,,,,,BCOM,3310,010,4,25,3,2,,,,1,,,,,,,,,,,0,jis081000,jeanne sluder,Business Communication 
"Thompson, Luell O",,,,,,MIS,6319,0W1,,9,,,7,,,,,,,,,,,,,,0,lot013000,luell thompson,Enterprise Resource Planning 
"Kuo, Ching-Chung","Ye, Wenhe","Ouseph, Sunil T",,,,BUAN,6398,002,,20,4,3,18,1,1,6,,,,,1,,,,,,0,cxk162830,,Prescriptive Analytics 
"Sethi, Awanti","Gokcinar, Abdullah H",,,,,OPRE,6332,503,,32,1,10,8,2,,2,,,,,,,,,,,0,asethi,awanti sethi,Spreadsheet Modeling and Analytics 
"Sadka, Gil",,,,,,ACCT,7344,001,,7,,,,,,,,,,,,,,,,,0,gxs143630,gil sadka,Advanced Research in Accounting 
"Connell, Michelle",,,,,,FIN,4380,501,2,7,2,8,6,1,1,1,,,,,,,,,,,0,mxc155830,michelle connell,Domestic Fund Management 
"Smallwood, Margaret G","Rosillo, Andrea G",,,,,BCOM,3310,004,,17,15,2,1,,,,,,,,,,,,,,1,meg012400,margaret smallwood,Business Communication 
"Smallwood, Margaret G","Rosillo, Andrea G",,,,,BCOM,3310,005,2,16,12,1,1,1,,1,1,,,,,,,,,,0,meg012400,margaret smallwood,Business Communication 
"Fry, Jennifer L",,,,,,BCOM,3310,008,5,9,3,1,2,1,,1,,1,,,,,,,,,0,jlf130030,jennifer fry,Business Communication 
"Sluder, Jeanne",,,,,,BCOM,3310,011,,26,4,3,,1,,,,,,,1,,,,,,0,jis081000,jeanne sluder,Business Communication 
"Lookadoo, Kathryn","McDonald, Jared M",,,,,BCOM,3310,012,1,9,8,2,5,4,2,,,,1,1,1,,,,,,0,kxl164330,kathryn lookadoo,Business Communication 
"Steadham, Kyle S",,,,,,BCOM,3310,501,,10,4,,,,,,,,,,,,,,,,0,kss012400,kyle steadham,Business Communication 
"Lawson, Kristen A","Bursa, Jennifer N",,,,,BCOM,3310,HON,8,52,2,,,,,,,,,,,,,,,,0,kal110030,kristen lawson,Business Communication 
"Betanzos, Christina L","Ayala, Nestor A",,,,,BLAW,2301,004,,10,15,13,12,14,6,5,4,,2,,9,,,,,,0,clb120030,christina betanzos,Business and Public Law 
"Chasteen, Larry H","Jung, Young-Hoon",,,,,BPS,4305,001,1,10,,5,19,,4,4,,,,,,,,,,,1,chasteen,larry chasteen,Strategic Management 
"Zhang, Zhe","Ozdemir, Dicle Yagmur",,,,,BUAN,6324,001,,6,2,4,2,,,,,,,,,,,,,,0,zxz145430,,Business Analytics With SAS 
"Mookerjee, Radha","Bhaskerla, Swetcha P",,,,,BUAN,6324,002,,,2,5,2,,,,,,,,,,,,,,0,rvm019000,radha mookerjee,Business Analytics With SAS 
"Menon, Syam","Hosseini, Leila",,,,,BUAN,6324,0W1,,5,2,1,3,,1,,,,,,,,,,,,0,sxm021300,syam menon,Business Analytics With SAS 
"Zhang, Zhe","Ozdemir, Dicle Yagmur",,,,,BUAN,6324,501,,2,,3,2,,,,,,,,,,,,,,0,zxz145430,,Business Analytics With SAS 
"Narayan, Ravishankar L","Kashyap, Madhuri Ramamohan",,,,,BUAN,6335,501,,11,5,1,1,,,,,,,,,,,,,,0,rln130030,ravishankar narayan,Organizing for Business Analytics  A Systems Approach 
"Blueshtein, Moran","Han, Munhee",,,,,BUAN,6312,501,,11,6,9,6,7,3,2,,,,,,,,,,,0,mxb135230,moran blueshtein,Applied Econometrics and Time Series Analysis 
"Molina, Stephen",,,,,,ENGY,3300,001,1,3,3,3,5,,,1,,,,,,,,,,,0,sxm163630,stephen molina,Introduction to Energy Technology 
"Molina, Stephen",,,,,,ENGY,6330,501,,12,5,2,,,,,,,,,,,,,,,0,sxm163630,stephen molina,Energy Law and Contracts 
"Guengerich, Steven","Aziz, Fasahat",,,,,ENTP,3301,502,,3,,,3,,,3,,,,,,,,,,,2,sxg172931,steven guengerich,Innovation and Entrepreneurship 
"Ayres, Jeffrey A",,,,,,FIN,4345,501,4,6,7,6,2,,1,,,,,,,,,,,,0,jaa014500,,Financial Information and Analysis 
"Rahman, Nasir","Nie, Weikang",,,,,FIN,6368,001,,5,9,4,4,3,,,,,,,,,,,,,0,nxr160930,nasir rahman,Financial Information and Analysis 
"Mauriello, Joseph A","Paul, Sapna",,,,,ACCT,6386,001,,13,8,5,2,,,,,,,,,,,,,,1,jam151430,joseph mauriello,Governance  Risk Management and Compliance 
"Rivera Mesias, Alejandro","Rupp, Anin D",,,,,FIN,3350,501,1,7,1,5,4,1,2,2,1,,,,,,,,,,1,axr150331,alejandro rivera mesias,Macroeconomics and Financial Markets 
"Berrett, Britt R","Myneni, Nitish","Vasquez, Paula A",,,,HMGT,3301,003,4,31,8,2,5,1,1,1,1,,,,,,,,,,1,brb051000,britt berret,Introduction to Healthcare Management 
"Jenkins, Kristin M",,,,,,HMGT,3310,501,12,9,12,6,5,3,1,,,1,,,,,,,,,0,kmj063000,kristin tesmer,Healthcare Regulatory Environment 
"Ramanathan, Kannan",,,,,,HMGT,6321,0W1,,6,3,4,3,4,1,,,,,,1,,,,,,0,kxr087000,kannan ramanathan,Strategic Leadership of Healthcare Organizations 
"Hazzard, Charles F",,,,,,IMS,3310,HON,5,16,3,,,,,,,,,,,,,,,,0,cxh056000,charles hazzard,International Business 
"Reed, Richard","Kopparapu, Hanuman Abhishek",,,,,ITSS,3300,001,,4,3,8,9,5,8,3,2,2,,4,,,,,,,0,rxr062000,richard reed,Information Technology for Business 
"Molina, Stephen",,,,,,MECO,4342,001,2,3,6,6,1,,,,,,,,1,,,,,,0,sxm163630,stephen molina,Financial and Business Negotiation Analysis 
"Zhang, Zhe","Ozdemir, Dicle Yagmur",,,,,MIS,6324,001,,12,8,6,8,,,,,,,,,,,,,,0,zxz145430,,Business Analytics With SAS 
"Mookerjee, Radha","Bhaskerla, Swetcha P",,,,,MIS,6324,002,,3,15,16,5,1,1,1,,,,,,,,,,,0,rvm019000,radha mookerjee,Business Analytics With SAS 
"Menon, Syam","Hosseini, Leila",,,,,MIS,6324,0W1,,6,5,2,1,1,2,,,,,,,,,,,,1,sxm021300,syam menon,Business Analytics With SAS 
"Zhang, Zhe","Ozdemir, Dicle Yagmur",,,,,MIS,6324,501,,14,6,16,5,1,,,,,,,,,,,,,0,zxz145430,,Business Analytics With SAS 
"Geng, Xianjun","Zhang, Haozhao",,,,,MIS,6334,001,,6,14,14,9,6,1,2,,,,,,,,,,,1,xxg091000,xianjun geng,Advanced Business Analytics With SAS 
"Geng, Xianjun","Zhang, Haozhao",,,,,MIS,6334,002,,15,16,13,9,5,,,,,,,,,,,,,0,xxg091000,xianjun geng,Advanced Business Analytics With SAS 
"Menon, Syam","Hosseini, Leila",,,,,MIS,6334,0W1,,9,7,8,3,1,2,,,,,,,,,,,,1,sxm021300,syam menon,Advanced Business Analytics With SAS 
"Ramanathan, Kannan","Wilson, Elizabeth A",,,,,OPRE,6364,0W1,,27,10,15,2,1,1,,,,,,1,,,,,,1,kxr087000,kannan ramanathan,Lean Six Sigma 
"Slaughter, Kelly T","Akarte, Prajakti V",,,,,MIS,6380,002,,18,6,10,12,14,,,,,,,,,,,,,0,kts130030,kelly slaughter,Data Visualization 
"Dickinson, Keith",,,,,,MKT,4338,501,13,13,,,1,,,2,,,,,1,,,,,,0,kxd084000,keith dickinson,Marketing Content Creation 
"Edsel, Alexander D",,,,,,MKT,6341,601,,8,3,2,3,,,,,,,,,,,,,,0,ade012000,alexander edsel,Campaign Management Lab 
"Kavanaugh, Jeff L",,,,,,MKT,6342,501,,17,11,7,7,2,1,,,,,,,,,,,,0,jlk160030,jeff kavanaugh,Marketing Customer Insights Development 
"Harrison, Richard","Kemp, Ayenda",,,,,OB,6303,501,,9,,,10,,,,,,,,,,,,,,0,harrison,richard harrison,Managing Organizations 
"Harrison, Richard","Kemp, Ayenda",,,,,OB,6331,001,,20,,,18,,,,,,,,,,,,,,0,harrison,richard harrison,Power and Politics in Organizations 
"Ritchey, David B",,,,,,OBHR,3310,013,5,8,9,9,11,2,1,2,1,,,,1,,,,,,0,davidr,david ritchey,Organizational Behavior 
"Edgington, Kyle D",,,,,,OBHR,4300,501,29,20,8,2,,,,,,,,,,,,,,,0,kde081000,kyle edgington,Management of Non-Profit Organizations 
"Weekley, Jeff A","Kemp, Ayenda",,,,,OBHR,4334,001,1,3,12,1,4,7,2,1,1,,,,1,,,,,,0,jaw160330,jeff weekley,Talent Acquisition and Management 
"Kaplan, Larry S",,,,,,RMIS,4334,501,3,6,3,,2,,,,,2,,,,,,,,,0,lsk140130,larry kaplan,Insurance Law and Contracts 
"Narayan, Ravishankar L","Pathania, Deepima",,,,,MIS,6364,501,,7,3,2,,,,,,,,,,,,,,,0,rln130030,ravishankar narayan,Enterprise IT Architecture 
"Lookadoo, Kathryn","McDonald, Jared M",,,,,BCOM,3310,013,3,10,6,2,3,5,,1,3,,1,,1,,,,,,0,kxl164330,kathryn lookadoo,Business Communication 
"Fry, Jennifer L",,,,,,BCOM,3310,502,6,12,9,4,1,,1,,1,,,,,,,,,,0,jlf130030,jennifer fry,Business Communication 
"Wu, Fang","Qian, Kun",,,,,MKT,6301,005,,4,3,3,4,,,,,,,,,,,,,,0,fxw052000,fang wu,Marketing Management 
"Xie, Ying","Ameri, Mina",,,,,MKT,6301,006,,10,9,12,11,8,,,,,,,,,,,,,0,yxx124930,ying xie,Marketing Management 
"Zhang, Zhe","Ozdemir, Dicle Yagmur",,,,,OPRE,6399,001,,5,,4,5,,,,,,,,,,,,,,0,zxz145430,,Business Analytics With SAS 
"Zhang, Zhe","Ozdemir, Dicle Yagmur",,,,,OPRE,6399,501,,,1,7,3,,,,,,,,,,,,,,0,zxz145430,,Business Analytics With SAS 
"Wu, Fang","Qian, Kun",,,,,MKT,3300,017,1,6,2,7,12,3,10,2,2,2,1,,1,,,,,,0,fxw052000,fang wu,Principles of Marketing 
"Wu, Fang","Qian, Kun",,,,,MKT,3300,018,1,10,5,5,7,5,4,4,2,1,,1,2,,,,,,1,fxw052000,fang wu,Principles of Marketing 
"Lim, Bo Ram",,,,,,MKT,3300,019,4,5,10,6,5,6,4,6,,,1,,,,,,,,1,bxl131330,bo ram lim,Principles of Marketing 
"Zhang, Zhe","Ozdemir, Dicle Yagmur",,,,,MIS,6324,003,,8,4,18,4,2,,,,,,,,,,,,,0,zxz145430,,Business Analytics With SAS 
"Parker, Jason A","Chava, Soumya",,,,,MIS,6356,501,,17,2,2,1,,,,,,,,,,,,,,0,jap090020,jason parker,Business Analytics With R 
"Hefley, William E","Pathania, Deepima",,,,,ITSS,4370,001,1,7,4,9,18,3,5,3,2,,,,1,,,,,,2,weh150130,william hefley,Information Technology Infrastructure Management 
"Singh, Harpreet","Busetty, Vishnukanth",,,,,MIS,6344,001,,5,12,3,6,5,,,,,,,,,,,,,0,hxs104000,harpreet singh,Web Analytics 
"Singh, Harpreet","Busetty, Vishnukanth",,,,,MIS,6344,002,,9,13,4,4,5,,,,,,,1,,,,,,0,hxs104000,harpreet singh,Web Analytics 
"Saeed, Kashif","Jain, Mohit",,,,,MIS,6345,001,,14,9,12,15,1,,,,,,,,,,,,,0,kxs147230,kashif saeed,High Performance Analytics 
"Slaughter, Kelly T","Gharge, Padmaja","Akarte, Prajakti V",,,,ITSS,4355,002,1,10,2,5,5,3,2,3,2,,,1,1,,,,,,0,kts130030,kelly slaughter,Data Visualization 
"Richardson, Debra L",,,,,,FIN,4331,001,,1,3,4,2,2,1,3,,,,,,,,,,,0,dlr150330,debra richardson,Business Liability Risk Management and Insurance 
"Cavusoglu, Huseyin","Vadlamudi, Nikhil Vishnu",,,,,OPRE,6393,501,,6,6,1,,,,,,,,,,,,,,,0,huseyin,huseyin cavusoglu,Database Foundations 
"Parker, Jason A","Chava, Soumya",,,,,BUAN,6356,501,,27,6,,2,,,,,,,,,,,,,,1,jap090020,jason parker,Business Analytics With R 
"Parker, Jason A","Phansikar, Gauri D",,,,,BUAN,6356,502,,49,9,1,,,,,,,,,,,,,,,0,jap090020,jason parker,Business Analytics With R 
"Kaplan, Larry S",,,,,,FIN,4334,501,3,1,4,1,,1,2,,,,1,,,,,,,,0,lsk140130,larry kaplan,Insurance Law and Contracts 
"Zhang, Zhe","Ozdemir, Dicle Yagmur",,,,,OPRE,6399,003,,1,,8,,1,,,,,,,,,,,,,0,zxz145430,,Business Analytics With SAS 
"Zhang, Zhe","Ozdemir, Dicle Yagmur",,,,,BUAN,6324,003,,2,2,8,3,2,,,,,,,,,,,,,0,zxz145430,,Business Analytics With SAS 
"Lahiri, Atanu","Phansikar, Gauri D",,,,,MIS,6309,003,,9,11,2,1,2,,,,,,,,,,,,,0,axl144730,atanu lahiri,Business Data Warehousing 
"Narayan, Ravishankar L","Kashyap, Madhuri Ramamohan",,,,,BUAN,6320,003,,34,12,12,2,,,,,,,,,,,,,,0,rln130030,ravishankar narayan,Database Foundations 
"Springate, David J",,,,,,FIN,6311,501,,2,6,3,4,2,,,,,,,,,,,,,1,spring8,david springate,Valuation Models and Practices 
"Springate, David J",,,,,,ENTP,6311,501,,3,2,1,,,,,,,,,,,,,,,0,spring8,david springate,Valuation Models and Practices 
"Wright, Robert G",,,,,,ENTP,3320,001,,1,1,6,3,,,,,,1,,,,,,,,0,rgw091000,robert wright,Start-up Launch I 
"Mjigal, Tahar",,,,,,FIN,6V99,001,,10,10,,,,,,,,,,,,,,,,0,txm132730,tahar mjigal,Special Topics in Finance 
"Narayan, Ravishankar L","Kashyap, Madhuri Ramamohan",,,,,BUAN,6320,002,,19,10,6,,1,,,,,,,,,,,,,0,rln130030,ravishankar narayan,Database Foundations 
"Owens, Dawn M","Akhil Gopinath, FNU",,,,,ITSS,4300,501,,9,,8,5,4,1,1,1,1,1,,1,,,,,,1,dmo130130,dawn owens,Database Fundamentals 
"Blueshtein, Moran","Han, Munhee",,,,,MECO,6312,001,,3,2,2,2,,,,,,,,1,,,,,,1,mxb135230,moran blueshtein,Applied Econometrics and Time Series Analysis 
"Blueshtein, Moran","Han, Munhee",,,,,BUAN,6312,001,,7,10,8,10,8,2,,,,,,,,,,,,1,mxb135230,moran blueshtein,Applied Econometrics and Time Series Analysis 
"Parks, David",,,,,,OPRE,6367,501,,13,,,2,,,,,,,,,,,,,,0,dxp153830,david parks,Capstone Projects in Supply Chain Management 
"Bardhan, Indranil R","Chava, Soumya",,,,,BUAN,6356,002,,17,12,14,8,,,3,,,,,,,,,,,0,bardhan,indranil bardhan,Business Analytics With R 
"Narasimhan, Prithi","Ranabothu, Kavya",,,,,MIS,6308,502,,12,24,15,6,,,1,,,,,1,,,,,,0,pxn152330,prithi narasimhan,System Analysis and Project Management 
"Zheng, Zhiqiang","Mishra, Sailendra P",,,,,MIS,6334,0W2,,5,,6,3,1,,,,,,,,,,,,,0,zxz062000,zhiqiang zheng,Advanced Business Analytics With SAS 
"Slaughter, Kelly T","Akarte, Prajakti V",,,,,MIS,6380,003,,13,10,16,13,7,,,,,,,,,,,,,0,kts130030,kelly slaughter,Data Visualization 
"Edsel, Alexander D",,,,,,MKT,4330,0W2,2,2,2,3,5,7,1,1,,1,1,1,3,,,,,,3,ade012000,alexander edsel,Digital and Internet Marketing 
"Wang, Shouqiang","Sul, Inki",,,,,OPRE,4350,501,4,4,2,1,4,1,2,3,1,1,,1,4,,,,,,1,sxw163830,shouqiang wang,Spreadsheet Modeling and Analytics 
"Yang, Mingwen",,,,,,ITSS,3312,002,20,13,5,3,3,1,2,,,,,,,,,,,,0,mxy131030,,Object-Oriented Programming 
"Manzi, Jeff","Chen, Chen",,,,,FIN,6314,001,,4,2,8,6,2,,,,,,,,,,,,,0,jxm158130,jeffrey manzi,Fixed Income Securities 
"Thouin, Mark","Gajjar, Sarthak V","Bhaskerla, Swetcha P","Gharge, Padmaja",,,MIS,6324,004,,25,8,7,3,,,,,,,,,,,,,,0,mxt083000,mark thouin,Business Analytics With SAS 
"Abeykoon, Nimali C","Malekpour, Soheil",,,,,CHEM,1111,101,1,15,2,4,,2,,,,,,,4,,,,,,1,nxa124430,nimali abeykoon,General Chemistry Laboratory I 
"Karunathilake, Arosha A","Li, Siqing",,,,,CHEM,1111,103,,4,2,6,4,1,1,2,2,,,,8,,,,,,0,axk113330,,General Chemistry Laboratory I 
"Abeykoon, Nimali C","Malekpour, Soheil",,,,,CHEM,1111,104,4,14,5,1,1,1,,,,,,,1,,,,,,2,nxa124430,nimali abeykoon,General Chemistry Laboratory I 
"Dissanayake, Dushanthi S","Buford, Jonathan D",,,,,CHEM,1111,105,7,11,6,2,1,,1,,,,1,,,,,,,,0,dxd122030,dushanthi dissanayake,General Chemistry Laboratory I 
"Karunathilake, Arosha A","Li, Siqing",,,,,CHEM,1111,106,,11,7,3,6,,,,,,,,3,,,,,,0,axk113330,,General Chemistry Laboratory I 
"Gavva, Sandhya R","Malekpour, Soheil",,,,,CHEM,1111,107,7,14,2,2,1,2,,,1,,,,1,,,,,,0,sgavva,sandhya gavva,General Chemistry Laboratory I 
"Nielsen, Steven","Buford, Jonathan D",,,,,CHEM,1111,108,3,10,6,2,1,2,1,4,,,,,1,,,,,,0,son051000,steven nielsen,General Chemistry Laboratory I 
"Abeykoon, Nimali C","Durand Silva, Alejandra",,,,,CHEM,1111,109,,14,3,3,1,2,1,,1,1,,,1,,,,,,2,nxa124430,nimali abeykoon,General Chemistry Laboratory I 
"Gavva, Sandhya R","Brohlin, Olivia R",,,,,CHEM,1111,110,4,14,5,3,1,1,,,,,1,,1,,,,,,0,sgavva,sandhya gavva,General Chemistry Laboratory I 
"Dissanayake, Dushanthi S","Weiland, Ashley",,,,,CHEM,1111,111,2,13,1,4,3,3,,1,,,1,,,,,,,,2,dxd122030,dushanthi dissanayake,General Chemistry Laboratory I 
"Karunathilake, Arosha A","Durand Silva, Alejandra",,,,,CHEM,1111,112,8,15,2,1,1,1,,1,,,,,,,,,,,0,axk113330,,General Chemistry Laboratory I 
"Dissanayake, Dushanthi S","Nguyen, Do Duc","Reyes, Luis E",,,,CHEM,1111,113,13,5,2,3,2,,2,,,,1,,2,,,,,,0,dxd122030,dushanthi dissanayake,General Chemistry Laboratory I 
"Dissanayake, Dushanthi S","Reyes, Luis E",,,,,CHEM,1111,114,10,10,5,,,1,1,,1,,,1,1,,,,,,0,dxd122030,dushanthi dissanayake,General Chemistry Laboratory I 
"Abeykoon, Nimali C","Youn, Jonghae",,,,,CHEM,1111,115,5,17,3,,2,,,1,,1,,,,,,,,,0,nxa124430,nimali abeykoon,General Chemistry Laboratory I 
"Qin, Yanping","Reyes, Luis E",,,,,CHEM,1111,116,6,17,1,1,2,1,,1,,,,,,,,,,,1,yxq083000,yanping qin,General Chemistry Laboratory I 
"Dissanayake, Dushanthi S","Nguyen, Do Duc",,,,,CHEM,1111,117,15,10,2,1,1,,,,,,,,1,,,,,,0,dxd122030,dushanthi dissanayake,General Chemistry Laboratory I 
"Abeykoon, Nimali C","Youn, Jonghae",,,,,CHEM,1111,118,2,20,1,1,1,2,,,,,1,,1,,,,,,1,nxa124430,nimali abeykoon,General Chemistry Laboratory I 
"Karunathilake, Arosha A","Estrada, Tania G",,,,,CHEM,1111,119,,14,5,5,3,,1,,,,,,1,,,,,,1,axk113330,,General Chemistry Laboratory I 
"Huang, Yu","Smith, Tristan",,,,,CHEM,1111,120,3,12,5,1,3,2,,,,1,,,2,,,,,,0,yxh091220,yu huang,General Chemistry Laboratory I 
"Qin, Yanping","Weiland, Ashley",,,,,CHEM,1111,121,2,12,5,5,2,2,1,,,,,1,,,,,,,0,yxq083000,yanping qin,General Chemistry Laboratory I 
"Karunathilake, Arosha A","Estrada, Tania G",,,,,CHEM,1111,122,,15,7,4,,,,,,,,1,2,,,,,,0,axk113330,,General Chemistry Laboratory I 
"Qin, Yanping","Reyes, Luis E","Nguyen, Do Duc",,,,CHEM,1112,101,,5,7,,3,,,1,,,,,1,,,,,,0,yxq083000,yanping qin,General Chemistry Laboratory II 
"Qin, Yanping","Nguyen, Do Duc",,,,,CHEM,1112,102,5,11,1,2,2,,2,1,,1,,,2,,,,,,1,yxq083000,yanping qin,General Chemistry Laboratory II 
"Gavva, Sandhya R","Cue, John Michael",,,,,CHEM,1112,103,3,8,2,2,,,1,1,,,,,,,,,,,1,sgavva,sandhya gavva,General Chemistry Laboratory II 
"Gavva, Sandhya R","Cue, John Michael",,,,,CHEM,1112,104,6,9,3,2,1,,1,1,1,,1,1,2,,,,,,2,sgavva,sandhya gavva,General Chemistry Laboratory II 
"Gavva, Sandhya R",,,,,,CHEM,1311,001,9,32,13,12,27,21,8,14,18,1,8,6,32,,,,,,5,sgavva,sandhya gavva,General Chemistry I 
"Sibert, John W",,,,,,CHEM,1311,002,9,23,12,21,20,26,20,14,20,10,5,8,32,,,,,,6,sibertj,john sibert,General Chemistry I 
"Dieckmann, Gregg","Cosey, Whitney",,,,,CHEM,1311,003,9,43,21,18,27,26,13,20,22,6,6,8,29,,,,,,6,dieckgr,gregg dieckmann,General Chemistry I 
"Sra, Amandeep K","Panangala, Samitha D",,,,,CHEM,1312,001,19,16,16,14,17,22,12,14,32,13,8,8,47,,,,,,15,aks057000,amandeep sra,General Chemistry II 
"Panapitiya, Nimanka P",,,,,,CHEM,2323,001,7,30,13,19,14,18,6,9,5,6,4,,9,,,,,,5,npp081000,nimanka panapitiya,Introductory Organic Chemistry I 
"Ahn, Jung-Mo",,,,,,CHEM,2323,002,12,21,8,14,7,10,4,14,5,7,6,5,5,,,,,,10,jxa041100,jung mo ahn,Introductory Organic Chemistry I 
"Wijenayake, Sumudu N",,,,,,CHEM,2323,003,7,34,12,18,5,19,9,7,8,3,3,,8,,,,,,5,snw081000,sumudu wijenayake,Introductory Organic Chemistry I 
"Thompson, Christina M",,,,,,CHEM,2325,001,17,23,10,13,8,9,14,7,10,12,4,,17,,,,,,3,cmt120030,christina thompson,Introductory Organic Chemistry II 
"Panapitiya, Nimanka P","Martin, Thomas J",,,,,CHEM,2401,001,4,8,4,3,1,,,,,,,,,,,,,,0,npp081000,nimanka panapitiya,Introductory Quantitative Methods in Chemistry 
"Pantano, Paul",,,,,,CHEM,2401,002,3,3,4,2,3,4,1,,,,,,,,,,,,0,pantano,paul pantano,Introductory Quantitative Methods in Chemistry 
"Dodani, Sheel C","Bulathge, Anjala W",,,,,CHEM,3341,001,7,3,4,5,1,5,3,3,6,,,,1,,,,,,1,scd023000,sheel dodani,Inorganic Chemistry I 
"Marsh, Robert","Lee, Jiyong","Bhat, Vandita D","Akhavantabib, Noushin","Ashrafi, Adnin","Iyer, Archana Mahadevan",BIOL,3361,001,26,22,34,19,24,14,15,23,18,15,13,5,15,,,,,,9,rmarsh,robert marsh,Biochemistry I 
"Marsh, Robert","Lee, Jiyong","Bhat, Vandita D","Akhavantabib, Noushin","Ashrafi, Adnin","Iyer, Archana Mahadevan",CHEM,3361,001,2,3,5,1,4,4,1,3,1,2,2,2,2,,,,,,1,rmarsh,robert marsh,Biochemistry I 
"Goux, Warren J","Dickens, Angela","Zhou, Qinhan","Xu, Jing","Hammack, Audrey",,CHEM,3472,001,,,1,1,4,1,4,3,5,1,,,,,,,,,0,wgoux,warren goux,Instrumental Analysis 
"Bulla, Lee",,,,,,BIOL,1318,001,2,2,1,3,1,3,2,11,3,3,3,2,,,,,,,2,bulla,lee bulla,Human Genetics 
"Burr, John G",,,,,,BIOL,2111,001,,5,2,5,9,5,3,6,,1,,1,2,,,,,,0,burr,john burr,Introduction to Modern Biology Workshop I 
"Burr, John G",,,,,,BIOL,2111,002,2,3,1,4,9,5,1,4,2,2,4,,1,,,,,,2,burr,john burr,Introduction to Modern Biology Workshop I 
"Burr, John G",,,,,,BIOL,2111,003,,,1,2,8,5,4,7,,1,,2,1,,,,,,0,burr,john burr,Introduction to Modern Biology Workshop I 
"Burr, John G",,,,,,BIOL,2111,004,1,1,2,1,7,5,3,3,1,1,1,1,1,,,,,,0,burr,john burr,Introduction to Modern Biology Workshop I 
"Burr, John G",,,,,,BIOL,2111,005,2,,3,2,9,8,2,5,3,1,1,1,3,,,,,,1,burr,john burr,Introduction to Modern Biology Workshop I 
"Burr, John G",,,,,,BIOL,2111,006,1,9,,1,12,3,4,5,1,,1,2,,,,,,,1,burr,john burr,Introduction to Modern Biology Workshop I 
"Srikanth, Uma",,,,,,BIOL,2111,007,9,6,5,7,3,4,2,,,,1,3,,,,,,,0,ukrish,uma srikanth,Introduction to Modern Biology Workshop I 
"Srikanth, Uma",,,,,,BIOL,2111,008,1,4,,4,,3,2,,1,,,,,,,,,,0,ukrish,uma srikanth,Introduction to Modern Biology Workshop I 
"Srikanth, Uma",,,,,,BIOL,2111,009,6,6,9,10,3,1,2,1,,1,,1,,,,,,,0,ukrish,uma srikanth,Introduction to Modern Biology Workshop I 
"Srikanth, Uma",,,,,,BIOL,2111,010,10,10,6,7,2,2,1,,1,1,,,,,,,,,0,ukrish,uma srikanth,Introduction to Modern Biology Workshop I 
"Srikanth, Uma",,,,,,BIOL,2111,011,9,7,3,4,4,3,3,3,1,1,1,,1,,,,,,0,ukrish,uma srikanth,Introduction to Modern Biology Workshop I 
"Srikanth, Uma",,,,,,BIOL,2111,012,4,3,7,4,2,5,4,2,2,,,5,1,,,,,,0,ukrish,uma srikanth,Introduction to Modern Biology Workshop I 
"Wilson, Michelle","Cao, Lian","Zhou, Qin","Yetkin, Celal E",,,BIOL,2112,001,2,4,10,2,6,6,3,4,4,1,,,3,,,,,,1,mxw084000,michelle wilson,Introduction to Modern Biology Workshop II 
"Wilson, Michelle","Zhou, Qin","Yetkin, Celal E","Cao, Lian",,,BIOL,2112,002,1,1,11,5,6,6,4,3,1,,1,1,1,,,,,,4,mxw084000,michelle wilson,Introduction to Modern Biology Workshop II 
"Wilson, Michelle","Zhou, Qin","Yetkin, Celal E","Cao, Lian",,,BIOL,2112,003,4,8,7,2,6,4,5,2,3,2,1,,1,,,,,,1,mxw084000,michelle wilson,Introduction to Modern Biology Workshop II 
"Wilson, Michelle","Zhou, Qin","Cao, Lian","Yetkin, Celal E",,,BIOL,2112,004,4,6,10,5,3,7,4,1,,1,,,5,,,,,,0,mxw084000,michelle wilson,Introduction to Modern Biology Workshop II 
"Lin, Wen J","Thaseen, Sadiqa",,,,,BIOL,2281,301,,,8,5,5,3,1,2,,,,,,,,,,,0,wenju,wen ju lin,Introductory Biology Laboratory 
"Lin, Wen J","Phatak, Arya B",,,,,BIOL,2281,302,,4,9,1,3,3,1,2,,,,,,,,,,,0,wenju,wen ju lin,Introductory Biology Laboratory 
"Hill, Brenna R","Wang, Haozhe",,,,,BIOL,2281,303,1,7,3,1,3,3,2,,1,,,,,,,,,,1,brh140230,brenna hill,Introductory Biology Laboratory 
"Hill, Brenna R","Wang, Haozhe",,,,,BIOL,2281,304,1,4,4,6,1,2,,1,1,2,,1,,,,,,,0,brh140230,brenna hill,Introductory Biology Laboratory 
"Lin, Wen J","Chen, Hao",,,,,BIOL,2281,305,,3,4,7,5,1,1,,,1,,,1,,,,,,0,wenju,wen ju lin,Introductory Biology Laboratory 
"Srikanth, Uma","Ray, Ashvini","Sankaranarayanan, Ishwarya","Schramm, Sareda T","Upreti, Chahat","Rajeev, Sanjana",BIOL,2311,001,35,33,28,27,12,12,11,5,4,3,1,6,2,,,,,,0,ukrish,uma srikanth,Introduction to Modern Biology I 
"Burr, John G",,,,,,BIOL,2311,501,6,27,15,18,70,46,21,40,9,6,10,12,12,,,,,,5,burr,john burr,Introduction to Modern Biology I 
"Wilson, Michelle","Cao, Lian","Zhou, Qin","Yetkin, Celal E",,,BIOL,2312,001,15,24,57,21,32,36,21,15,10,5,3,2,13,,,,,,9,mxw084000,michelle wilson,Introduction to Modern Biology II 
"Hannig, Ernest",,,,,,BIOL,3101,001,,1,2,,1,2,1,5,3,4,2,,,,1,,,,3,hannig,ernest hannig,Classical and Molecular Genetics Workshop 
"Dejong, Jeff L",,,,,,BIOL,3101,002,,2,1,,3,,1,3,4,4,4,1,2,,,,,,3,dejong,jeff dejong,Classical and Molecular Genetics Workshop 
"Hannig, Ernest",,,,,,BIOL,3101,003,,,,,2,,1,2,6,4,4,,,,,,,,8,hannig,ernest hannig,Classical and Molecular Genetics Workshop 
"Dejong, Jeff L",,,,,,BIOL,3101,004,,,,,1,3,,5,3,4,2,1,1,,1,,,,8,dejong,jeff dejong,Classical and Molecular Genetics Workshop 
"Hannig, Ernest",,,,,,BIOL,3101,005,,1,1,,4,3,,2,5,3,4,3,,,,,,,4,hannig,ernest hannig,Classical and Molecular Genetics Workshop 
"Dejong, Jeff L",,,,,,BIOL,3101,006,,1,1,,2,1,1,2,2,2,7,1,,,,,,,7,dejong,jeff dejong,Classical and Molecular Genetics Workshop 
"Burr, John G",,,,,,BIOL,3102,001,4,7,5,,4,,,3,1,1,2,,,,4,,,,2,burr,john burr,Eukaryotic Molecular and Cell Biology Workshop 
"Srikanth, Uma",,,,,,BIOL,3102,002,3,8,3,3,5,1,,4,1,,4,,,,,,,,1,ukrish,uma srikanth,Eukaryotic Molecular and Cell Biology Workshop 
"Burr, John G",,,,,,BIOL,3102,003,,9,2,2,4,2,2,5,1,,1,,,,1,,,,0,burr,john burr,Eukaryotic Molecular and Cell Biology Workshop 
"Srikanth, Uma",,,,,,BIOL,3102,004,1,4,3,4,5,2,,5,1,,2,,1,,2,,,,2,ukrish,uma srikanth,Eukaryotic Molecular and Cell Biology Workshop 
"Delk, Nikki A",,,,,,BIOL,3102,005,1,3,2,1,2,3,1,2,2,1,,1,,,,,,,0,nad140230,nikki delk,Eukaryotic Molecular and Cell Biology Workshop 
"Pan, Jing","Avadhanam, Nymisha",,,,,BIOL,3102,006,3,3,4,2,1,3,1,,1,1,,,1,,,,,,0,jxp134330,jing pan,Eukaryotic Molecular and Cell Biology Workshop 
"Lee, Jiyong",,,,,,BIOL,3161,001,2,5,7,5,7,1,2,2,1,4,3,2,2,,,,,,1,jxl127631,jiyong lee,Biochemistry Workshop I 
"Marsh, Robert",,,,,,BIOL,3161,002,2,6,3,3,4,2,2,4,3,,4,2,4,,,,,,1,rmarsh,robert marsh,Biochemistry Workshop I 
"Lee, Jiyong",,,,,,BIOL,3161,003,4,1,6,3,3,4,4,5,2,2,2,,2,,,,,,1,jxl127631,jiyong lee,Biochemistry Workshop I 
"Marsh, Robert",,,,,,BIOL,3161,004,2,5,6,,7,1,3,1,4,5,2,1,5,,,,,,1,rmarsh,robert marsh,Biochemistry Workshop I 
"Lee, Jiyong",,,,,,BIOL,3161,005,4,2,5,4,1,7,1,7,4,1,1,1,2,,,,,,2,jxl127631,jiyong lee,Biochemistry Workshop I 
"Marsh, Robert",,,,,,BIOL,3161,006,13,4,7,5,,1,2,2,2,3,1,,3,,,,,,0,rmarsh,robert marsh,Biochemistry Workshop I 
"Lee, Jiyong",,,,,,BIOL,3161,007,3,3,9,1,1,3,2,6,4,,4,2,1,,,,,,2,jxl127631,jiyong lee,Biochemistry Workshop I 
"D'Arcy, Sheena",,,,,,BIOL,3161,008,1,2,6,7,6,3,2,3,3,5,5,1,1,,,,,,1,sxd156730,sheena darcy,Biochemistry Workshop I 
"Dejong, Jeff L",,,,,,BIOL,3162,001,1,3,1,,2,,3,4,2,1,1,,3,,,,,,0,dejong,jeff dejong,Biochemistry Workshop II 
"Candas, Mehmet",,,,,,BIOL,3162,002,1,2,,7,10,1,3,2,2,,,,,,,,,,0,candas,mehmet candas,Biochemistry Workshop II 
"Candas, Mehmet",,,,,,BIOL,3162,003,,,1,4,2,,5,1,,2,1,,1,,,,,,0,candas,mehmet candas,Biochemistry Workshop II 
"Dejong, Jeff L",,,,,,BIOL,3162,004,1,1,1,2,4,,4,1,2,,,,1,,1,,,,1,dejong,jeff dejong,Biochemistry Workshop II 
"Dejong, Jeff L",,,,,,BIOL,3162,005,2,1,2,1,5,,1,5,3,,,,,,,,,,1,dejong,jeff dejong,Biochemistry Workshop II 
"Candas, Mehmet",,,,,,BIOL,3162,006,1,2,1,7,3,,3,,3,2,1,,2,,,,,,3,candas,mehmet candas,Biochemistry Workshop II 
"Hannig, Ernest","Dejong, Jeff L","Slape, Coreen M","Ullrich, Morgan S","Kunder, Nikesh Prakash",,BIOL,3301,001,,5,5,,13,9,4,19,23,21,23,6,3,,2,,,,33,hannig,ernest hannig,Classical and Molecular Genetics 
"Burr, John G","Srikanth, Uma","Tandon, Neha Ramesh","Lal, Sneha","Nowak, Chance M",,BIOL,3302,001,8,28,13,9,18,5,2,17,4,1,8,1,1,,7,,,,5,burr,john burr,Eukaryotic Molecular and Cell Biology 
"Reitzer, Lawrence","Sudarshan, Sushmita",,,,,BIOL,3335,001,10,30,3,6,30,2,7,18,,2,3,2,1,,,,,,3,reitzer,,Microbial Physiology 
"Dejong, Jeff L","Candas, Mehmet","Goel, Richa","McDill, Parker M","Ambagaspitiye Gedara, Sankalya S",,BIOL,3362,001,6,8,6,20,26,1,17,13,11,5,3,,6,,1,,,,4,dejong,jeff dejong,Biochemistry II 
"Ramirez, Ruben D",,,,,,BIOL,4350,501,3,3,5,6,6,5,2,3,2,,1,,2,,,,,,1,rdr092000,ruben ramirez,Medical Microbiology 
"Borovkov, Irina G","Bairuty, Dania S",,,,,BIOL,4380,302,3,5,2,6,2,1,1,,,,,,,,,,,,0,ixb053000,irina borovkov,Cell and Molecular Biology Laboratory 
"Xuan, Zhenyu","Levene, Stephen",,,,,BIOL,5376,501,,,1,1,3,,,,,,,,,,,,,,0,zxx091000,,Applied Bioinformatics 
"Campbell, Zachary","Gonzalez, Juan E",,,,,BIOL,5420,001,,5,,,18,,,8,,,,,4,,,,,,3,zxc153030,zachary campbell,Molecular Biology 
"Xuan, Zhenyu",,,,,,BIOL,6193,001,,,,,,,,,,,,,,,,,,26,0,zxx091000,,Colloquium in Molecular and Cell Biology 
"Kim, Tae Hoon",,,,,,BIOL,6252,001,,,,,,,,,,,,,,,,,,9,0,txk142630,,Current Research in Molecular Biology 
"Griffin, William R",,,,,,GEOS,1103,101,4,4,3,7,2,1,1,1,,,,,1,,,,,,0,griffin,william griffin,Physical Geology Laboratory 
"Griffin, William R",,,,,,GEOS,1103,102,,6,4,4,3,1,1,2,,,1,,1,,,,,,0,griffin,william griffin,Physical Geology Laboratory 
"Manton, William I",,,,,,GEOS,2409,001,,,,3,4,4,,,1,,,,,,,,,,1,manton,william manton,Rocks and Minerals 
"Stern, Robert",,,,,,GEOS,3464,001,,6,4,2,5,4,1,,1,,1,,,,,,,,0,rjstern,robert stern,Igneous and Metamorphic Petrology 
"Ferguson, John F","Zhu, Hejun",,,,,GEOS,4320,001,,4,2,3,4,,,,,,,,,,,,,,0,ferguson,john ferguson,The Physics and Chemistry of the Solid Earth 
"Brikowski, Tom",,,,,,GEOS,7110,001,,8,,,,,,,,,,,,,,,,,0,brikowi,tom brikowski,Workshop in Environmental Geosciences 
"Mcmechan, George",,,,,,GEOS,7190,001,,,,,,,,,,,,,,,,,,8,0,mcmec,,Workshop in Seismology 
"Sutton, Julie","Akhavan Varnousfadera, Mohammadmehdi",,,,,MATH,1306,001,6,5,4,,3,1,3,,1,1,,1,,,,,,,2,jxs158030,julie sutton,College Algebra for the Non-Scientist 
"Rakotomalala, Diarisoa Mihaj A",,,,,,MATH,1314,002,7,1,2,6,3,3,6,4,2,2,,2,7,,,,,,3,dmr150130,diarisoa rakotomalala,College Algebra 
"McCary, Brady C",,,,,,MATH,1314,001,9,5,4,3,5,2,2,3,1,2,1,,7,,,,,,2,bcm052000,brady mccary,College Algebra 
"Sutton, Julie",,,,,,MATH,1316,001,4,1,9,3,13,6,1,2,2,,1,1,1,,,,,,1,jxs158030,julie sutton,Trigonometry 
"Ali, Ahmed T",,,,,,MATH,1325,001,4,4,4,7,4,2,2,5,1,3,3,1,3,,,,,,3,axa094420,ahmed ali,Applied Calculus I 
"Li, Changsong",,,,,,MATH,1325,002,6,5,8,4,3,5,2,4,4,4,1,,,,,,,,0,cxl109120,changsong li,Applied Calculus I 
"Mussa, Derege",,,,,,MATH,1326,002,5,3,2,3,3,8,3,1,2,,2,3,9,,,,,,3,dxm146130,derege mussa,Applied Calculus II 
"Sauter, Alan D",,,,,,MATH,2312,001,8,5,3,2,6,3,1,3,3,3,2,1,7,,,,,,0,ads014500,alan sauter,Precalculus 
"Jevtic, Filip D","Dragovic, Vladimir","Chowdhury, Md Mujibur Rahma","Zhang, Lei","Guo, Jing",,MATH,2333,002,8,3,3,3,2,,2,2,2,,,,5,,,,,,1,fdj130030,filip jevtic,Matrices  Vectors  and Their Application 
"Jevtic, Filip D","Dragovic, Vladimir","Gelir, Fatih","Zhang, Lei","Guo, Jing",,MATH,2333,001,5,4,3,,5,1,3,,2,,3,,4,,,,,,2,fdj130030,filip jevtic,Matrices  Vectors  and Their Application 
"Lewis, David L",,,,,,MATH,2414,001,2,3,2,4,2,6,4,6,4,1,1,,9,,,,,,3,dlewis,,Integral Calculus 
"Zweck, John W",,,,,,MATH,2415,001,7,9,4,4,17,,1,8,2,,4,2,7,,,,,,2,jwz120030,john zweck,Calculus of Several Variables 
"Estacio-Hiroms, Kemelli",,,,,,MATH,2417,001,15,2,3,4,,2,1,1,5,,,,8,,,,,,1,kxe160930,kemelli estacio hiroms,Calculus I 
"Estacio-Hiroms, Kemelli",,,,,,MATH,2417,002,11,2,2,1,3,2,,1,6,,,1,2,,,,,,2,kxe160930,kemelli estacio hiroms,Calculus I 
"Dahal, Rabin",,,,,,MATH,2417,003,9,4,1,1,3,6,3,1,3,,,4,8,,,,,,2,rxd153030,rabin dahal,Calculus I 
"Arnold, Maxim",,,,,,MATH,2418,001,2,2,4,2,9,9,3,3,3,6,,,7,,,,,,1,mxa149530,maxim arnold,Linear Algebra 
"Foley, Manjula",,,,,,MATH,2419,001,11,7,4,5,1,,3,2,3,,1,,4,,,,,,1,mxf091000,manjula samanmalee foley,Calculus II 
"Foley, Manjula",,,,,,MATH,2419,002,9,13,2,7,4,7,3,,10,,1,,6,,,,,,3,mxf091000,manjula samanmalee foley,Calculus II 
"Makarenkov, Oleg",,,,,,MATH,2420,002,4,8,3,6,6,7,6,6,3,6,7,,1,,,,,,0,oxm130230,oleg makarenkov,Differential Equations with Applications 
"Makarenkov, Oleg",,,,,,MATH,2420,001,3,9,8,19,5,5,8,2,9,3,7,,1,,,,,,2,oxm130230,oleg makarenkov,Differential Equations with Applications 
"McCary, Brady C",,,,,,MATH,2451,001,10,9,11,11,7,3,7,5,2,1,,1,8,,,,,,0,bcm052000,brady mccary,Multivariable Calculus with Applications 
"Dabkowska, Malgorzata A","Wu, Che-Yu",,,,,MATH,3310,001,9,11,3,2,3,2,4,1,1,2,,,1,,,,,,0,mxd066000,malgorzata dabkowska,Theoretical Concepts of Calculus 
"Dabkowska, Malgorzata A","Hu, Mengqi",,,,,MATH,3311,001,3,5,4,4,1,1,1,2,,,,1,,,,,,,0,mxd066000,malgorzata dabkowska,Abstract Algebra I 
"Dabkowski, Mieczyslaw K","Helal, Md Abu",,,,,MATH,4301,001,12,11,3,2,2,4,3,4,2,,,,4,,,,,,0,mkd034000,mieczyslaw dabkowski,Mathematical Analysis I 
"Garrett, Bentley T","Iudaev, Sergei",,,,,MATH,4334,001,4,8,5,4,2,5,9,3,7,1,4,2,2,,,,,,4,btg032000,bentley garrett,Numerical Analysis 
"Tran, Anh T","Acharya, Subas",,,,,MATH,4341,001,11,7,,4,2,1,3,4,3,2,1,,1,,,,,,1,att140830,anh tran,Topology 
"Hu, Qingwen",,,,,,MATH,5301,501,,5,12,2,2,1,,2,,,,,,,,,,,2,qxh102020,qingwen hu,Elementary Analysis I 
"Balanov, Zalman","Wu, Hao Pin",,,,,MATH,6301,501,,4,7,2,9,3,,,,,,,,,,,,,2,zxb105020,zalman balanov,Real Analysis 
"Hooshyar, Mohammad",,,,,,MATH,6315,001,,6,4,1,2,5,,,,,,,,,,,,,1,ali,mohammad hooshyar,Ordinary Differential Equations 
"Wu, Jiayi",,,,,,STAT,1342,001,6,11,3,5,5,3,5,6,2,2,4,,4,,,,,,3,jxw133130,jiayi wu,Statistical Decision Making 
"Efromovich, Sam",,,,,,STAT,4351,501,12,4,6,4,5,9,18,10,17,,,9,,,,,,,5,sxe062000,sam efromovich,Probability 
"Chen, Min","Islambekov, Umar",,,,,STAT,5351,001,,22,7,5,10,3,,,,,,,,,,,,,3,mxc136030,min chen,Probability and Statistics I 
"Efromovich, Sam",,,,,,STAT,6331,501,,5,3,3,,1,,1,,,,,,,,,,,1,sxe062000,sam efromovich,Statistical Inference I 
"Malko, Anton V",,,,,,PHYS,1100,001,,,,,,,,,,,,,,,68,,,,3,avm074000,anton malko,The Fun of Physics 
"Chen, Lunjin",,,,,,PHYS,1301,001,28,41,22,20,27,14,26,20,8,11,10,,15,,,,,,10,lxc134330,lunjin chen,College Physics I 
"Sun, Kuei","Zheng, Peng Peng",,,,,PHYS,2125,101,4,18,1,,2,2,,,,,,,1,,,,,,0,kxs147030,kuei sun,Physics Laboratory I 
"Sun, Kuei","Kahanda, Galathara L",,,,,PHYS,2125,102,5,23,1,,,,,,,,,,,,,,,,1,kxs147030,kuei sun,Physics Laboratory I 
"Sun, Kuei","Kahanda, Galathara L",,,,,PHYS,2125,103,11,13,1,,1,,,,,,,,2,,,,,,1,kxs147030,kuei sun,Physics Laboratory I 
"Sun, Kuei","Wang, Qing",,,,,PHYS,2125,114,17,11,,,,,,,,,1,,,,,,,,1,kxs147030,kuei sun,Physics Laboratory I 
"Sun, Kuei","Zheng, Yangzi",,,,,PHYS,2125,115,9,11,4,3,,1,1,,,,,,,,,,,,0,kxs147030,kuei sun,Physics Laboratory I 
"Macalevey, Paul J","Kramer, Aaron A",,,,,PHYS,2126,101,11,8,3,1,1,1,,,,,1,,1,,,,,,3,paulmac,paul macalevey,Physics Laboratory II 
"Macalevey, Paul J","Fernando, Bharana A",,,,,PHYS,2126,102,10,16,2,1,,,,,,,,,,,,,,,0,paulmac,paul macalevey,Physics Laboratory II 
"Macalevey, Paul J","Wang, Qiyue",,,,,PHYS,2126,104,11,12,2,2,1,2,,,,,,,,,,,,,0,paulmac,paul macalevey,Physics Laboratory II 
"Macalevey, Paul J","Steinle, Nathan A",,,,,PHYS,2126,105,3,9,11,4,1,,,,,,,,,,,,,,1,paulmac,paul macalevey,Physics Laboratory II 
"Macalevey, Paul J","Wijeratne, Lakitha O",,,,,PHYS,2126,107,8,14,6,2,,,,,,,,,,,,,,,0,paulmac,paul macalevey,Physics Laboratory II 
"Macalevey, Paul J","Wang, Qiyue",,,,,PHYS,2126,109,7,16,2,,2,3,,,,,,,,,,,,,0,paulmac,paul macalevey,Physics Laboratory II 
"Khan, Amena",,,,,,PHYS,2303,001,9,11,5,7,5,1,3,1,2,2,2,,5,,,,,,9,axk140130,amena khan,Contemporary Physics 
"Ishak-Boushaki, Mustapha",,,,,,PHYS,2325,001,49,26,22,21,27,23,5,20,15,5,11,6,16,,,,,,12,mxi054000,mustapha ishak boushaki,Mechanics 
"Glosser, Robert",,,,,,PHYS,2326,002,18,23,,8,21,11,8,7,10,,17,,11,,,,,,9,glosser,robert glosser,Electromagnetism and Waves 
"King, Lindsay J","Fong, Matthew","Choi, Miyoung","Rahmanian Koshkaki, Saeed",,,PHYS,2326,501,10,61,,22,30,14,31,34,40,12,2,,1,,,,,,6,lxk111430,lindsay king,Electromagnetism and Waves 
"Da Silveira Rodrigues, Fabiano","Proctor, Matthew S",,,,,PHYS,3330,001,,9,6,2,4,3,1,2,3,,,,5,,,,,,1,fxd121030,fabiano rodrigues,Numerical Methods in Physics and Computational Techniques 
"Anderson, Phillip C",,,,,,PHYS,3380,001,1,4,4,1,2,3,4,3,1,2,,,4,,,,,,4,pca015000,philip anderson,Astronomy 
"Malko, Anton V","Proctor, Matthew S",,,,,PHYS,3416,001,1,,2,2,4,9,,12,,,3,,7,,,,,,1,avm074000,anton malko,Electricity and Magnetism 
"Heelis, Roderick A","Zewdie, Gebreabkidanu",,,,,PHYS,5322,001,,3,6,1,3,,,,,,,,,,,,,,0,heelis,roderick heelis,Electromagnetism II 
"Pujana, Ignacio",,,,,,GEOS,1303,0W1,97,57,26,12,20,11,8,6,8,,4,5,9,,,,,,2,pujana,ignacio pujana,Physical Geology 
"Sun, Kuei","Khashami, Fatemeh",,,,,PHYS,2125,104,3,24,2,1,,,,,,,,,,,,,,,0,kxs147030,kuei sun,Physics Laboratory I 
"Macalevey, Paul J","Parish, Christopher R",,,,,PHYS,3411,001,2,3,9,4,3,,2,,,,,,,,,,,,1,paulmac,paul macalevey,Theoretical Physics 
"York, Megan",,,,,,NATS,1141,001,3,9,4,,1,1,,,,,,,,,,,,,4,mxy141130,megan york,UTeach STEP 1 
"Dorsey, Floyd Z",,,,,,NATS,1141,002,1,14,,,3,,,,,,,,2,,,,,,3,fzd110020,floyd dorsey,UTeach STEP 1 
"Donaldson, Katherine E",,,,,,NATS,1143,001,5,3,4,1,1,4,,,1,,,,,,,,,,1,ked013100,katie donaldson,UTeach STEP 2 
"Dingrando, Laurel P","Karakis, Merve",,,,,NATS,3341,002,3,10,8,1,2,2,,2,,,,,1,,,,,,0,lpd015000,laurel dingrando,Knowing and Learning in Mathematics and Science 
"McConnell, James S",,,,,,NATS,3343,001,,9,1,2,,,,,,,,,,,,,,,0,jsm019600,james mcconnell,Classroom Interactions 
"Montgomery, Homer A","Bettilyon, Crystal N","Newton, Kristen L","Gallardo, Johnny",,,NATS,4390,001,3,2,2,2,1,1,1,1,,,,,3,,,,,,3,mont,homer montgomery,Research Methods 
"Kelly, Mary Lena U","Baker, Wesley A",,,,,SCI,5331,501,,5,1,,1,,,,,,,,,,,,,,0,mlk023000,mary urquhart,Conceptual Physics I  Force and Motion 
"Manton, William I",,,,,,GEOS,5315,001,,11,6,6,3,1,,,,,,,,,,,,,0,manton,william manton,The Earth  An Overview 
"Lin, Wen J","Chen, Hao",,,,,BIOL,2281,306,2,4,9,3,2,1,1,,,,,,1,,,,,,0,wenju,wen ju lin,Introductory Biology Laboratory 
"Borovkov, Irina G","Wei, Hong",,,,,BIOL,4380,304,,3,2,2,4,3,2,,1,,,1,,,,,,,0,ixb053000,irina borovkov,Cell and Molecular Biology Laboratory 
"Minkoff, Susan E",,,,,,MATH,6313,001,,9,1,1,5,5,,3,,,,,1,,,,,,0,sem120030,susan minkoff,Numerical Analysis 
"Macalevey, Paul J","Yao, Ji",,,,,PHYS,5301,501,,21,5,4,3,,,,,,,,,,,,,,0,paulmac,paul macalevey,Mathematical Methods of Physics I 
"Kesden, Michael H","Yao, Ji",,,,,PHYS,5311,001,,10,4,10,8,,,1,,,,,,,,,,,0,mhk130030,michael kesden,Classical Mechanics 
"Cortes, Sergio J","Udamulle Gedara, Chinthaka Mahesh",,,,,CHEM,2123,101,21,7,2,,,,,,,,,,,,,,,,0,scortes,sergio cortes,Introductory Organic Chemistry Laboratory I 
"Cortes, Sergio J","Udamulle Gedara, Chinthaka Mahesh",,,,,CHEM,2123,102,17,10,2,,,,,,,,,,,,,,,,1,scortes,sergio cortes,Introductory Organic Chemistry Laboratory I 
"Wijenayake, Sumudu N","Wang, Hanghang",,,,,CHEM,2123,103,19,7,2,1,,,,,,,,,,,,,,,0,snw081000,sumudu wijenayake,Introductory Organic Chemistry Laboratory I 
"Shah, Shailesh N","Graham, Robert L","Ong, Whitney",,,,CHEM,2123,104,12,12,6,,,,,,,,,,,,,,,,0,sns170230,shailesh shah,Introductory Organic Chemistry Laboratory I 
"Wijenayake, Sumudu N","Ong, Whitney",,,,,CHEM,2123,601,17,8,3,,,,,,,,,,,,,,,,0,snw081000,sumudu wijenayake,Introductory Organic Chemistry Laboratory I 
"Shah, Shailesh N","Lin, Jason",,,,,CHEM,2123,602,9,15,4,2,,,,,,,,,,,,,,,0,sns170230,shailesh shah,Introductory Organic Chemistry Laboratory I 
"Shah, Shailesh N","Luzuriaga, Michael A",,,,,CHEM,2123,107,8,12,3,2,2,,,,,,,,1,,,,,,1,sns170230,shailesh shah,Introductory Organic Chemistry Laboratory I 
"Tran, Daniel N","Saavedra, Daniel P",,,,,CHEM,2123,108,10,13,2,2,1,,1,,,,,,,,,,,,1,dnt019000,daniel tran,Introductory Organic Chemistry Laboratory I 
"Shah, Shailesh N","Luzuriaga, Michael A",,,,,CHEM,2123,109,16,13,1,,,,,,,,,,,,,,,,0,sns170230,shailesh shah,Introductory Organic Chemistry Laboratory I 
"Tran, Daniel N","Liyanage, Anuradha V",,,,,CHEM,2123,110,10,12,2,3,,,,,,,,,1,,,,,,2,dnt019000,daniel tran,Introductory Organic Chemistry Laboratory I 
"Wijenayake, Sumudu N","Ahmadi-Tehrani, Dara",,,,,CHEM,2123,603,10,13,5,2,,,,,,,,,,,,,,,0,snw081000,sumudu wijenayake,Introductory Organic Chemistry Laboratory I 
"Tran, Daniel N","Lin, Jason",,,,,CHEM,2123,604,11,6,7,3,1,,,,,,,,,,,,,,2,dnt019000,daniel tran,Introductory Organic Chemistry Laboratory I 
"Tran, Daniel N","Graham, Robert L",,,,,CHEM,2123,113,13,11,4,,,,,,1,,,,,,,,,,1,dnt019000,daniel tran,Introductory Organic Chemistry Laboratory I 
"Shah, Shailesh N","Diwakara Mohottalalage, Shashini Devika D",,,,,CHEM,2125,101,6,14,7,,,,,,,,,,,,,,,,2,sns170230,shailesh shah,Introductory Organic Chemistry Laboratory II 
"Wijenayake, Sumudu N","Diwakara Mohottalalage, Shashini Devika D",,,,,CHEM,2125,102,14,7,3,2,,,1,,,,,,,,,,,,1,snw081000,sumudu wijenayake,Introductory Organic Chemistry Laboratory II 
"Wijenayake, Sumudu N","Diwakara Mohottalalage, Shashini Devika D",,,,,CHEM,2125,103,11,12,2,2,,,,,,,,2,,,,,,,1,snw081000,sumudu wijenayake,Introductory Organic Chemistry Laboratory II 
"Nguyen, Mylinh T",,,,,,MATH,2413,001,7,12,3,6,3,3,1,3,2,1,1,1,4,,,,,,0,mln018200,mylinh nguyen,Differential Calculus 
"Nguyen, Mylinh T",,,,,,MATH,2413,002,7,6,7,6,5,5,1,1,2,,2,2,3,,,,,,1,mln018200,mylinh nguyen,Differential Calculus 
"Lewis, David L",,,,,,MATH,2414,003,2,2,3,3,2,4,4,7,6,2,3,,9,,,,,,1,dlewis,,Integral Calculus 
"Aman, Kelly",,,,,,MATH,2312,003,8,4,3,4,5,4,1,4,1,1,,2,10,,,,,,1,kxa143530,kelly aman,Precalculus 
"Lin, Wen J","Thaseen, Sadiqa",,,,,BIOL,2281,307,,2,5,6,3,6,1,,,,,,,,,,,,0,wenju,wen ju lin,Introductory Biology Laboratory 
"Lin, Wen J","Do, Hung P",,,,,BIOL,2281,308,1,4,4,3,3,3,2,2,1,,,,,,,,,,0,wenju,wen ju lin,Introductory Biology Laboratory 
"Lou, Yifei",,,,,,MATH,2413,003,1,3,5,1,,2,1,,1,1,,1,7,,,,,,0,yxl145331,yifei lou,Differential Calculus 
"Lou, Yifei",,,,,,MATH,2413,004,4,7,3,2,5,4,6,3,,2,2,,7,,,,,,3,yxl145331,yifei lou,Differential Calculus 
"Sun, Kuei","Zheng, Peng Peng",,,,,PHYS,2125,105,,15,10,1,2,,,,,,,,2,,,,,,0,kxs147030,kuei sun,Physics Laboratory I 
"Tran, Daniel N","Wang, Hanghang",,,,,CHEM,2123,114,15,10,2,1,1,,,,,,,,,,,,,,1,dnt019000,daniel tran,Introductory Organic Chemistry Laboratory I 
"Sun, Kuei","Asaadzade, Asiye",,,,,PHYS,2125,106,,23,6,1,,,,,,,,,,,,,,,0,kxs147030,kuei sun,Physics Laboratory I 
"Ali, Ahmed T",,,,,,MATH,1325,005,14,10,8,5,8,7,5,5,4,,,,5,,,,,,0,axa094420,ahmed ali,Applied Calculus I 
"Li, Changsong",,,,,,MATH,1325,003,11,8,6,3,5,6,1,1,2,1,1,,2,,,,,,1,cxl109120,changsong li,Applied Calculus I 
"Hooshyar, Mohammad",,,,,,MATH,3379,001,8,1,3,1,2,6,1,6,5,1,,2,4,,,,,,3,ali,mohammad hooshyar,Complex Variables 
"Gammons Jr, Billy G","McConnell, James S",,,,,NATS,4141,501,,11,,1,,,,1,,,,,,,,,,,1,bgg021000,,UTeach Apprentice Teaching Seminar 
"Lee, Mark","Agashe, Anish N","Feizi, Wirya",,,,PHYS,1302,001,7,27,25,13,12,11,13,9,5,4,6,3,5,,,,,,4,mxl101000,mark lee,College Physics II 
"Macalevey, Paul J","Fernando, Bharana A",,,,,PHYS,2126,106,8,12,3,2,,2,,,,,,,,,,,,,2,paulmac,paul macalevey,Physics Laboratory II 
"Lary, David J",,,,,,PHYS,5315,001,,12,,,2,,,,,,,,,,,,,,0,djl101000,david lary,Scientific Computing 
"Nguyen, Mylinh T",,,,,,MATH,2413,005,5,4,7,3,5,3,,1,1,,2,1,14,,,,,,1,mln018200,mylinh nguyen,Differential Calculus 
"McConnell, James S",,,,,,SMED,5303,501,,6,2,,,,,,,,,,,,,,,,0,jsm019600,james mcconnell,Introduction to Research and Evaluation in Science and Mathematics Education 
"Humphreys, Natalia A",,,,,,ACTS,4308,001,3,7,4,4,5,3,1,,1,2,,1,3,,,,,,2,nah103020,natalia humphreys,Actuarial Financial Mathematics 
"Meloni, Gabriele",,,,,,CHEM,6100,001,,,,,,,,,,,,,1,,,,,76,0,gxm152330,gabriele meloni,Chemistry Department Seminar 
"Bulla, Lee",,,,,,BIOL,5375,001,,5,2,8,3,2,,,,,,,,,,,,,0,bulla,lee bulla,Genes to Genomes 
"Dingrando, Laurel P","Karakis, Merve",,,,,NATS,3341,001,7,12,4,4,,2,,,,,,,,,,,,,0,lpd015000,laurel dingrando,Knowing and Learning in Mathematics and Science 
"D'Arcy, Sheena","Yoo, Hyuntae","Bhat, Vandita D",,,,BIOL,3361,002,17,27,38,14,30,15,24,22,14,13,13,6,15,,,,,,11,sxd156730,sheena darcy,Biochemistry I 
"Hill, Brenna R","Phatak, Arya B",,,,,BIOL,2281,309,5,6,3,6,2,,1,,,,,,,,,,,,0,brh140230,brenna hill,Introductory Biology Laboratory 
"Sra, Amandeep K","Lee, Hamilton",,,,,CHEM,2401,003,1,4,,,4,,1,4,1,1,,,1,,,,,,3,aks057000,amandeep sra,Introductory Quantitative Methods in Chemistry 
"Goux, Warren J","Dickens, Angela","Zhou, Qinhan","Xu, Jing","Hammack, Audrey",,CHEM,3472,002,,1,1,2,5,1,1,4,,,1,1,3,,,,,,1,wgoux,warren goux,Instrumental Analysis 
"Taylor, Stephanie M","Gorby, Amanda J",,,,,CHEM,1311,004,6,36,25,23,34,24,16,12,18,11,7,11,22,,,,,,8,smt031000,stephanie taylor,General Chemistry I 
"Huang, Yu","Smith, Tristan",,,,,CHEM,1111,123,1,15,4,2,1,3,,1,2,,1,,,,,,,,0,yxh091220,yu huang,General Chemistry Laboratory I 
"Qin, Yanping","Long, Chao",,,,,CHEM,1111,124,5,21,2,1,1,,,,,,,,,,,,,,0,yxq083000,yanping qin,General Chemistry Laboratory I 
"Gavva, Sandhya R","Tajik Asl, Masoumeh",,,,,CHEM,1111,125,10,13,4,,,,,,,,,,1,,,,,,1,sgavva,sandhya gavva,General Chemistry Laboratory I 
"Yoo, Hyuntae",,,,,,BIOL,3161,009,5,2,5,5,6,3,4,4,1,2,1,1,,,,,,,3,hxy103120,hyuntae yoo,Biochemistry Workshop I 
"D'Arcy, Sheena",,,,,,BIOL,3161,010,4,6,6,1,2,2,9,3,2,,1,2,2,,,,,,4,sxd156730,sheena darcy,Biochemistry Workshop I 
"Dissanayake, Dushanthi S","Ren, Yi Xin",,,,,CHEM,1111,126,14,9,3,2,,1,,,,1,,,,,,,,,0,dxd122030,dushanthi dissanayake,General Chemistry Laboratory I 
"Gartstein, Yuri","Pedersen, Eske M",,,,,PHYS,2422,HN1,1,4,3,1,2,1,,,,,,,,,,,,,0,yxg037000,yuri gartstein,Honors Physics II - Electromagnetism and Waves 
"Dorsey, Floyd Z",,,,,,NATS,3343,002,1,5,,,4,,,2,,,1,,1,,,,,,0,fzd110020,floyd dorsey,Classroom Interactions 
"Dissanayake, Dushanthi S","Buford, Jonathan D",,,,,CHEM,1111,102,2,19,1,,2,,2,,,,,,2,,,,,,2,dxd122030,dushanthi dissanayake,General Chemistry Laboratory I 
"Tran, Daniel N","Lin, Jason",,,,,CHEM,2123,115,12,7,9,1,1,,,,,,,,,,,,,,0,dnt019000,daniel tran,Introductory Organic Chemistry Laboratory I 
"Shah, Shailesh N","Jayathilaka, Honda Archchi Patabadige",,,,,CHEM,2123,116,8,15,2,,1,,,,,,,,1,,,,,,2,sns170230,shailesh shah,Introductory Organic Chemistry Laboratory I 
"Tran, Daniel N","Liyanage, Anuradha V",,,,,CHEM,2123,117,,19,7,1,,1,1,,,,,,,,,,,,1,dnt019000,daniel tran,Introductory Organic Chemistry Laboratory I 
"Shah, Shailesh N","Ong, Whitney","Graham, Robert L",,,,CHEM,2123,118,14,15,1,,,,,,,,,,,,,,,,0,sns170230,shailesh shah,Introductory Organic Chemistry Laboratory I 
"Panapitiya, Nimanka P",,,,,,CHEM,2323,006,11,34,4,17,12,8,7,8,11,7,3,,11,,,,,,4,npp081000,nimanka panapitiya,Introductory Organic Chemistry I 
"Rakotomalala, Diarisoa Mihaj A",,,,,,MATH,1314,003,7,4,7,3,1,1,2,3,4,2,1,2,9,,,,,,0,dmr150130,diarisoa rakotomalala,College Algebra 
"Helal, Abdullah Al",,,,,,MATH,1314,004,6,4,3,6,7,1,3,3,3,1,3,2,5,,,,,,1,axh113230,abdullah al helal,College Algebra 
"Sutton, Julie",,,,,,MATH,1316,002,9,3,6,4,6,3,3,,3,,1,2,4,,,,,,4,jxs158030,julie sutton,Trigonometry 
"Miller, James W",,,,,,MATH,1325,501,5,5,7,5,3,2,1,2,6,2,1,2,4,,,,,,2,jwm170630,james miller,Applied Calculus I 
"Aman, Kelly",,,,,,MATH,2312,004,11,3,5,6,2,2,3,2,4,1,1,1,6,,,,,,1,kxa143530,kelly aman,Precalculus 
"Sun, Kuei","Khashami, Fatemeh",,,,,PHYS,2125,107,7,20,,1,1,,,,,,1,,,,,,,,0,kxs147030,kuei sun,Physics Laboratory I 
"Sun, Kuei","Bhattacharjee, Koustubh",,,,,PHYS,2125,108,,11,9,2,4,1,,,,,,,2,,,,,,1,kxs147030,kuei sun,Physics Laboratory I 
"Sun, Kuei","Xu, Xiaotao",,,,,PHYS,2125,109,7,18,2,,1,1,,,,,1,,,,,,,,0,kxs147030,kuei sun,Physics Laboratory I 
"Sun, Kuei","Wang, Qing",,,,,PHYS,2125,110,10,12,1,2,2,1,,,,,,,1,,,,,,1,kxs147030,kuei sun,Physics Laboratory I 
"Sun, Kuei",,,,,,PHYS,2125,111,2,19,4,1,2,,,,,,,,1,,,,,,1,kxs147030,kuei sun,Physics Laboratory I 
"Sun, Kuei","Xu, Xiaotao",,,,,PHYS,2125,112,2,22,1,2,1,,,,,,,,,,,,,,2,kxs147030,kuei sun,Physics Laboratory I 
"Sun, Kuei","Liu, Xun",,,,,PHYS,2125,601,5,20,1,2,1,1,,,,,,,,,,,,,0,kxs147030,kuei sun,Physics Laboratory I 
"Sun, Kuei","Bhattacharjee, Koustubh",,,,,PHYS,2125,602,,14,6,4,,,,,,,,,1,,,,,,4,kxs147030,kuei sun,Physics Laboratory I 
"Macalevey, Paul J","Steinle, Nathan A",,,,,PHYS,2126,110,12,11,1,2,,,,,,,,,,,,,,,3,paulmac,paul macalevey,Physics Laboratory II 
"Macalevey, Paul J","Kakani, Vivek M",,,,,PHYS,2126,111,5,9,10,2,3,,,,1,,,,,,,,,,0,paulmac,paul macalevey,Physics Laboratory II 
"Macalevey, Paul J","Adhya, Purbi",,,,,PHYS,2126,112,5,9,8,6,1,,1,,,,,,,,,,,,0,paulmac,paul macalevey,Physics Laboratory II 
"Macalevey, Paul J","Parajuli, Santosh",,,,,PHYS,2126,113,15,7,5,1,,,,,,,1,,,,,,,,0,paulmac,paul macalevey,Physics Laboratory II 
"Macalevey, Paul J","Rossi, Joseph",,,,,PHYS,2126,601,8,14,5,1,,,,,,,,,,,,,,,2,paulmac,paul macalevey,Physics Laboratory II 
"Macalevey, Paul J","Mueller, David H",,,,,PHYS,2126,602,5,8,8,5,2,,,,,,,,1,,,,,,1,paulmac,paul macalevey,Physics Laboratory II 
"Macalevey, Paul J","Parajuli, Santosh",,,,,PHYS,2126,603,6,18,4,,,,,,,,,,,,,,,,0,paulmac,paul macalevey,Physics Laboratory II 
"Gartstein, Yuri","Pedersen, Eske M",,,,,PHYS,4301,001,1,6,4,2,4,4,4,1,2,1,1,,5,,,,,,3,yxg037000,yuri gartstein,Quantum Mechanics I 
"Pujana, Ignacio","Allen Langhans, April D",,,,,GEOS,1304,001,,2,1,,3,,,1,1,,,,,,,,,,2,pujana,ignacio pujana,History of Earth and Life 
"Nguyen, Mylinh T",,,,,,MATH,2413,006,6,10,8,4,5,3,3,2,,,2,2,1,,,,,,2,mln018200,mylinh nguyen,Differential Calculus 
"Lewis, David L",,,,,,MATH,2413,007,6,3,6,7,3,5,1,2,,3,,1,9,,,,,,2,dlewis,,Differential Calculus 
"Nguyen, Mylinh T",,,,,,MATH,2413,008,8,6,7,5,1,2,1,4,2,1,2,2,4,,,,,,2,mln018200,mylinh nguyen,Differential Calculus 
"Cao, Yan",,,,,,MATH,2413,009,,6,8,3,6,1,2,3,1,5,,3,3,,,,,,2,yxc069200,yan cao,Differential Calculus 
"Cao, Yan",,,,,,MATH,2413,010,3,9,5,6,4,5,1,3,1,,5,,5,,,,,,0,yxc069200,yan cao,Differential Calculus 
"Martynova, Irina",,,,,,MATH,2413,011,4,7,8,2,6,1,4,2,1,4,1,1,3,,,,,,1,ixm140930,irina martynova,Differential Calculus 
"Garrett, Bentley T",,,,,,MATH,2414,004,1,4,3,3,3,3,7,2,5,1,2,1,7,,,,,,6,btg032000,bentley garrett,Integral Calculus 
"Eydelzon, Anatoly",,,,,,MATH,2414,005,2,2,1,1,1,3,7,5,5,3,1,1,9,,,,,,4,axe031000,anatoly eydelzon,Integral Calculus 
"Eydelzon, Anatoly",,,,,,MATH,2414,006,1,2,3,,3,2,4,5,4,2,,2,13,,,,,,3,axe031000,anatoly eydelzon,Integral Calculus 
"Zweck, John W",,,,,,MATH,2415,002,2,9,5,1,19,3,4,9,3,,4,1,8,,,,,,3,jwz120030,john zweck,Calculus of Several Variables 
"Foley, Manjula",,,,,,MATH,2417,004,19,6,1,,,2,2,1,5,,1,2,7,,,,,,1,mxf091000,manjula samanmalee foley,Calculus I 
"Balanov, Zalman",,,,,,MATH,2417,005,7,3,1,1,3,4,3,3,7,,,2,6,,,,,,3,zxb105020,zalman balanov,Calculus I 
"Khafizov, Farid T",,,,,,MATH,2417,007,7,1,5,3,3,2,,1,9,,,,3,,,,,,2,ftk100020,farid khafizov,Calculus I 
"Khafizov, Farid T",,,,,,MATH,2417,008,10,4,6,4,3,2,1,,6,,,,8,,,,,,1,ftk100020,farid khafizov,Calculus I 
"Dahal, Rabin",,,,,,MATH,2418,501,4,2,3,3,12,9,4,5,6,3,3,3,5,,,,,,3,rxd153030,rabin dahal,Linear Algebra 
"Ammann, Larry",,,,,,STAT,3355,001,3,15,8,4,6,6,3,5,1,,2,,2,,,,,,1,ammann,larry ammann,Data Analysis for Statisticians and Actuaries 
"Sutton, Julie","Annan, Augustine",,,,,MATH,1306,002,7,11,2,5,5,4,4,2,1,,1,,,,,,,,1,jxs158030,julie sutton,College Algebra for the Non-Scientist 
"Shi, Xiaoyan","Ferguson, Sarah W",,,,,PHYS,4352,001,4,3,3,3,1,1,,1,1,1,,,,,,,,,0,xxs151730,xiaoyan shi,Concepts of Modern Physics 
"Humphreys, Natalia A",,,,,,ACTS,4302,001,3,4,3,3,6,,,1,1,1,,,4,,,,,,2,nah103020,natalia humphreys,Principles of Actuarial Models  Financial Economics 
"Wijenayake, Sumudu N","Udamulle Gedara, Chinthaka Mahesh",,,,,CHEM,2125,104,9,9,6,2,1,,,,,,,,,,,,,,0,snw081000,sumudu wijenayake,Introductory Organic Chemistry Laboratory II 
"Koshevnik, Yuly","Langford, John","Ofori-Boateng, Dorcas","Cao, Ruikai",,,STAT,3360,002,8,16,7,9,7,4,5,5,2,1,2,,2,,,,,,2,yxk055000,yuly koshevnik,Probability and Statistics for Management and Economics 
"Cummings, Anthony R","Karale, Yogita Y",,,,,GEOS,2302,001,3,,1,1,3,5,,2,,,1,,,,,,,,0,arc131030,anthony cummings,The Global Environment 
"D'Arcy, Sheena","Yoo, Hyuntae","Bhat, Vandita D",,,,CHEM,3361,002,4,6,6,7,2,2,4,3,1,,3,,1,,,,,,0,sxd156730,sheena darcy,Biochemistry I 
"Macalevey, Paul J","Hussain, Shadhin",,,,,PHYS,2126,103,4,17,7,,1,,,,,,,,1,,,,,,0,paulmac,paul macalevey,Physics Laboratory II 
"Macalevey, Paul J","Adhya, Purbi",,,,,PHYS,2126,108,5,12,10,1,,,1,,1,,,,,,,,,,0,paulmac,paul macalevey,Physics Laboratory II 
"Pantano, Paul",,,,,,CHEM,2401,004,1,4,1,3,3,2,2,2,,,,,,,,,,,2,pantano,paul pantano,Introductory Quantitative Methods in Chemistry 
"Hairston, Marc R",,,,,,NATS,1311,001,5,17,7,10,20,11,9,3,5,,1,,1,,,,,,0,hairston,marc hairston,The Universe  and Everything Else 
"Ding, Hui",,,,,,MATH,1325,010,5,6,9,3,5,4,2,2,5,,,1,4,,,,,,1,hxd162130,hui ding,Applied Calculus I 
"Sauter, Alan D",,,,,,MATH,2312,002,16,7,4,,4,4,1,2,,,1,1,6,,,,,,2,ads014500,alan sauter,Precalculus 
"Dabkowska, Malgorzata A","Lama, Sonam",,,,,MATH,3310,002,9,9,5,6,2,2,2,,1,2,,,1,,,,,,1,mxd066000,malgorzata dabkowska,Theoretical Concepts of Calculus 
"Yu, Wen H",,,,,,BIOL,3456,301,,9,6,3,4,,2,,,,4,2,,,,,,,2,why061000,wen ho yu,Human Anatomy and Physiology with Lab II 
"Wilson, Michelle","Yu, Wen H","Sivakolundu, Dinesh Keran",,,,BIOL,3456,302,,2,5,2,3,2,1,1,2,,2,1,,,,,,,0,mxw084000,michelle wilson,Human Anatomy and Physiology with Lab II 
"Wilson, Michelle","Yu, Wen H","Song, Ming",,,,BIOL,3456,304,1,4,4,3,6,,2,1,3,,2,,,,,,,,0,mxw084000,michelle wilson,Human Anatomy and Physiology with Lab II 
"Ramirez, Ruben D",,,,,,BIOL,3455,802,,3,4,3,6,2,1,,5,,2,1,2,,,,,,2,rdr092000,ruben ramirez,Human Anatomy and Physiology with Lab I 
"Maitra, Meenakshi","Ramirez, Ruben D",,,,,BIOL,3455,302,1,5,7,3,3,2,2,1,2,1,1,2,1,,,,,,1,mxm172731,meenakshi maitra,Human Anatomy and Physiology with Lab I 
"Ramirez, Ruben D","Maitra, Meenakshi",,,,,BIOL,3455,303,1,2,4,1,4,4,1,2,1,1,3,2,3,,,,,,3,rdr092000,ruben ramirez,Human Anatomy and Physiology with Lab I 
"Ramirez, Ruben D",,,,,,BIOL,3455,304,,3,2,2,1,4,2,1,3,2,4,1,4,,,,,,3,rdr092000,ruben ramirez,Human Anatomy and Physiology with Lab I 
"Maitra, Meenakshi","Ramirez, Ruben D",,,,,BIOL,3455,801,,2,3,4,3,1,5,5,4,,,,3,,,,,,1,mxm172731,meenakshi maitra,Human Anatomy and Physiology with Lab I 
"Hill, Brenna R","Yu, Wen H","Kalainayakan, Sarada Preeta",,,,BIOL,3456,303,1,3,2,4,3,5,2,2,3,1,1,,2,,,,,,1,brh140230,brenna hill,Human Anatomy and Physiology with Lab II 
"Delk, Nikki A","Pan, Jing","Thomas-Jardin, Shayna E","Nawas, Afshan Fathima","Mistry, Ragini M",,BIOL,3302,002,8,15,17,7,9,20,9,5,7,8,,2,3,,,,,,1,nad140230,nikki delk,Eukaryotic Molecular and Cell Biology 
"Abeykoon, Nimali C","Abeyrathna, Wannaku R",,,,,CHEM,1111,127,14,9,,1,1,1,1,,1,,,,,,,,,,2,nxa124430,nimali abeykoon,General Chemistry Laboratory I 
"Karunathilake, Arosha A","Tajik Asl, Masoumeh",,,,,CHEM,1111,128,7,12,4,4,,,,,,,,,1,,,,,,1,axk113330,,General Chemistry Laboratory I 
"Dissanayake, Dushanthi S","Ren, Yi Xin",,,,,CHEM,1111,129,11,8,2,,1,3,,1,,,3,,,,,,,,1,dxd122030,dushanthi dissanayake,General Chemistry Laboratory I 
"Abeykoon, Nimali C","Sturgeon, Grant J",,,,,CHEM,1111,130,7,16,,1,,,,,1,,,,2,,,,,,2,nxa124430,nimali abeykoon,General Chemistry Laboratory I 
"Qin, Yanping","Long, Chao",,,,,CHEM,1111,131,1,15,4,1,2,1,1,,,,2,,1,,,,,,2,yxq083000,yanping qin,General Chemistry Laboratory I 
"Taylor, Stephanie M","Gorby, Amanda J",,,,,CHEM,1311,005,7,30,23,18,24,21,18,25,18,9,13,8,27,,,,,,8,smt031000,stephanie taylor,General Chemistry I 
"Garrett, Bentley T",,,,,,MATH,2414,008,4,3,2,3,2,2,5,8,2,1,,1,10,,,,,,4,btg032000,bentley garrett,Integral Calculus 
"Delk, Nikki A",,,,,,BIOL,3102,007,1,4,2,1,,1,,1,,4,,,1,,,,,,1,nad140230,nikki delk,Eukaryotic Molecular and Cell Biology Workshop 
"Pan, Jing",,,,,,BIOL,3102,008,1,1,3,2,2,8,4,2,2,,,,1,,,,,,0,jxp134330,jing pan,Eukaryotic Molecular and Cell Biology Workshop 
"Henson, Uyen N",,,,,,BIOL,3318,001,27,40,34,9,8,5,1,1,,,,,,,,,,,0,unh130030,uyen henson,Forensic Biology 
"Choi, Sl-ghi",,,,,,MATH,2413,012,2,5,3,7,3,5,1,3,5,2,2,,5,,,,,,5,sxc173731,sl ghi choi,Differential Calculus 
"Yoo, Hyuntae","Gadhvi, Jashkaran G",,,,,BIOL,6373,001,,5,6,3,,,,,,,,,,,,,,,0,hxy103120,hyuntae yoo,Proteomics 
"Cortes, Sergio J",,,,,,CHEM,2330,PAC,4,10,,,,,,,,,,,,,,,,,0,scortes,sergio cortes,Introductory Organic Chemistry for Medical Science 
"Cortes, Sergio J","Ahmadi-Tehrani, Dara",,,,,CHEM,2130,PAC,11,3,,,,,,,,,,,,,,,,,0,scortes,sergio cortes,Introductory Organic Chemistry for Medical Science Laboratory 
"Cao, Yan",,,,,,MATH,2413,013,4,3,10,8,1,4,1,1,3,1,,1,6,,,,,,2,yxc069200,yan cao,Differential Calculus 
"Chun, Yongwan","Hu, Lan",,,,,GEOS,6381,501,,11,1,1,,1,,,,,,,,,,,,,0,yxc070300,,Geographic Information Systems Fundamentals 
"Williams, Nathan",,,,,,MATH,2417,010,5,1,9,5,1,4,4,3,7,,,,8,,,,,,1,nxw170830,nathan williams,Calculus I 
"Delk, Nikki A",,,,,,BIOL,3102,009,2,4,6,1,4,5,3,,2,2,,1,,,,,,,0,nad140230,nikki delk,Eukaryotic Molecular and Cell Biology Workshop 
"Xuan, Zhenyu","Zhang, Michael",,,,,BIOL,5460,001,,5,4,7,14,,,3,,,,,1,,,,,,1,zxx091000,,Quantitative Biology 
"Griffin, William R",,,,,,GEOS,1103,103,1,4,5,1,3,3,3,,,,1,,,,,,,,1,griffin,william griffin,Physical Geology Laboratory 
"Gavva, Sandhya R","Cue, John Michael",,,,,CHEM,1112,105,11,5,2,1,2,1,,,,,,,2,,,,,,3,sgavva,sandhya gavva,General Chemistry Laboratory II 
"Shah, Shailesh N","Jayathilaka, Honda Archchi Patabadige",,,,,CHEM,2123,119,16,7,3,,,1,,,,,,,,,,,,,3,sns170230,shailesh shah,Introductory Organic Chemistry Laboratory I 
"Lu, Wenyi",,,,,,ACTS,6301,501,,6,2,1,2,,,,,,,,,,,,,,1,wxl153330,wenyi lu,Theory of Actuarial Models  Life Contingencies I 
"Huang, Yu","Martinez Martinez, Patricia M",,,,,CHEM,1111,133,,15,4,3,2,2,2,1,1,,,,,,,,,,0,yxh091220,yu huang,General Chemistry Laboratory I 
"McCary, Brady C",,,,,,MATH,1314,005,5,2,2,2,2,5,6,6,,5,2,,8,,,,,,1,bcm052000,brady mccary,College Algebra 
"Stanford, Paul H",,,,,,MATH,1325,004,12,14,7,2,5,4,7,7,2,1,2,1,6,,,,,,2,phs031000,paul stanford,Applied Calculus I 
"Rice, David",,,,,,MATH,1325,008,5,6,9,4,3,5,1,2,8,,1,,4,,,,,,0,dxr143630,david rice,Applied Calculus I 
"Paudel, Ajaya B",,,,,,MATH,1325,502,7,2,6,4,1,2,2,5,3,2,,1,4,,,,,,4,abp062000,ajaya paudel,Applied Calculus I 
"Mussa, Derege",,,,,,MATH,1326,001,5,1,,2,2,3,3,3,2,2,2,1,20,,,,,,5,dxm146130,derege mussa,Applied Calculus II 
"Kravetc, Pavel",,,,,,MATH,1326,003,5,5,1,3,6,2,4,6,1,1,1,2,7,,,,,,1,pxk142530,pavel kravetc,Applied Calculus II 
"Kravetc, Pavel",,,,,,MATH,1326,004,4,2,1,4,4,1,1,3,4,,,2,5,,,,,,1,pxk142530,pavel kravetc,Applied Calculus II 
"Dabkowska, Malgorzata A","Khan, Md Arafat H",,,,,MATH,3311,002,1,10,5,2,1,1,3,,1,,1,1,2,,,,,,1,mxd066000,malgorzata dabkowska,Abstract Algebra I 
"Lewis, David L",,,,,,MATH,2413,014,1,3,2,7,,8,1,2,4,3,1,,13,,,,,,2,dlewis,,Differential Calculus 
"Aman, Kelly",,,,,,MATH,2413,015,1,5,4,6,3,5,1,7,1,3,,1,6,,,,,,4,kxa143530,kelly aman,Differential Calculus 
"Arreche, Carlos",,,,,,MATH,2417,009,3,3,1,8,2,2,3,3,5,1,1,1,5,,,,,,1,cxa171230,carlos arreche,Calculus I 
"Ahsan, Mohammad K",,,,,,MATH,2417,012,10,4,3,3,1,1,2,1,5,,,,4,,,,,,2,mka120030,mohammad ahsan,Calculus I 
"Turi, Janos",,,,,,MATH,2418,002,3,7,2,3,4,3,5,2,3,,2,2,14,,,,,,6,turi,janos turi,Linear Algebra 
"Pereira, Luis Felipe F",,,,,,MATH,2418,003,3,4,4,7,7,8,5,3,2,,5,1,10,,,,,,5,lfp140030,luis pereira,Linear Algebra 
"Foley, Manjula",,,,,,MATH,2419,003,13,8,7,4,6,6,9,3,8,,3,,7,,,,,,0,mxf091000,manjula samanmalee foley,Calculus II 
"Rachinskiy, Dmitry",,,,,,MATH,2420,003,4,10,17,15,11,4,4,3,13,2,3,,,,,,,,2,dxr124030,dmitry rachinskiy,Differential Equations with Applications 
"Biewer, Michael C",,,,,,CHEM,5331,001,,5,6,2,6,,,1,,,,,,,,,,,1,biewerm,michael biewer,Advanced Organic Chemistry I 
"Qin, Yanping","Long, Chao",,,,,CHEM,1111,132,5,17,1,2,1,,,1,1,,,,1,,,,,,1,yxq083000,yanping qin,General Chemistry Laboratory I 
"Qin, Yanping","Abeyrathna, Wannaku R",,,,,CHEM,1111,134,19,4,2,1,,1,,,,,,,1,,,,,,1,yxq083000,yanping qin,General Chemistry Laboratory I 
"Abeykoon, Nimali C","Martinez Martinez, Patricia M",,,,,CHEM,1111,135,2,9,2,6,4,1,3,,,,,1,1,,,,,,1,nxa124430,nimali abeykoon,General Chemistry Laboratory I 
"Dissanayake, Dushanthi S","Youn, Jonghae",,,,,CHEM,1111,136,4,19,2,1,1,1,,,,,,,2,,,,,,0,dxd122030,dushanthi dissanayake,General Chemistry Laboratory I 
"Abeykoon, Nimali C","Hashami, Zohreh",,,,,CHEM,1112,106,,11,2,4,4,1,,1,1,,1,,3,,,,,,1,nxa124430,nimali abeykoon,General Chemistry Laboratory II 
"Wijenayake, Sumudu N","Liyanage, Anuradha V",,,,,CHEM,2123,120,14,14,2,,,,,,,,,,,,,,,,0,snw081000,sumudu wijenayake,Introductory Organic Chemistry Laboratory I 
"Tran, Daniel N","Hosseini, Seyedmahmoud",,,,,CHEM,2123,605,11,11,3,3,,,,,,,,,1,,,,,,1,dnt019000,daniel tran,Introductory Organic Chemistry Laboratory I 
"Tran, Daniel N","Hosseini, Seyedmahmoud",,,,,CHEM,2123,122,12,8,6,,,,,,,,,,1,,,,,,1,dnt019000,daniel tran,Introductory Organic Chemistry Laboratory I 
"Shah, Shailesh N","Saavedra, Daniel P","Shamir, Alexandra",,,,CHEM,2123,123,14,14,1,,,,,,,,,,,,,,,,1,sns170230,shailesh shah,Introductory Organic Chemistry Laboratory I 
"Cortes, Sergio J",,,,,,CHEM,2323,004,3,7,3,12,7,7,11,9,10,7,5,,24,,,,,,9,scortes,sergio cortes,Introductory Organic Chemistry I 
"Cummings, Anthony R","Karale, Yogita Y",,,,,GEOS,5325,501,,1,4,3,1,,,1,,,,,1,,,,,,0,arc131030,anthony cummings,Remote Sensing Fundamentals 
"Griffin, William R",,,,,,GEOS,1303,002,9,7,3,6,6,5,3,3,,1,2,,2,,,,,,1,griffin,william griffin,Physical Geology 
"Izen, Joseph",,,,,,PHYS,6300,001,,8,,,5,,,1,,,,,,,,,,,0,joe,joseph izen,Quantum Mechanics I 
"Gonzalez, Cristina M",,,,,,BIOL,3V83,PAC,,,,,,,,,,,,,,,20,,,,0,cxg042000,cristina gonzalez,Clinical Medicine III 
"Pickett, Elizabeth A","Do, Hung P",,,,,BIOL,2281,310,3,4,5,3,1,2,1,1,2,,,,,,,,,,1,eaw016100,elizabeth pickett,Introductory Biology Laboratory 
"Pickett, Elizabeth A","Mehta, Iti",,,,,BIOL,2281,311,3,11,5,,2,2,,,,,,,,,,,,,0,eaw016100,elizabeth pickett,Introductory Biology Laboratory 
"Sapozhnikov, Ilya",,,,,,BIOL,2350,001,18,9,3,4,2,,3,2,,1,,,2,,,,,,1,isapoz,ilya sapozhnikov,Biological Basis of Health and Disease 
"Sapozhnikov, Ilya",,,,,,BIOL,2350,002,14,3,4,5,2,,3,,1,,1,,1,,,,,,1,isapoz,ilya sapozhnikov,Biological Basis of Health and Disease 
"Brikowski, Tom","Nichols, Naomi Ty Asha P",,,,,GEOS,2310,001,2,11,7,4,3,2,2,3,1,,,,3,,,,,,2,brikowi,tom brikowski,Environmental Geology 
"McCauley, Steven","Timms, Christopher I",,,,,ISNS,2368,001,7,10,5,13,13,7,8,7,3,1,4,,3,,,,,,2,sxm165131,steven mccauley,Weather and Climate 
"Griffin, William R",,,,,,ISNS,2359,001,15,19,20,16,13,14,6,7,2,1,1,,6,,,,,,1,griffin,william griffin,Earthquakes and Volcanoes 
"Shilpakar, Prabin","Haque, Ziaul",,,,,ISNS,2359,0W1,81,51,33,18,25,10,4,7,6,,5,,16,,,,,,4,pxs077000,prabin shilpakar,Earthquakes and Volcanoes 
"Shilpakar, Prabin","Haque, Ziaul",,,,,ISNS,2359,0W2,58,48,28,16,16,11,8,7,3,,11,,18,,,,,,3,pxs077000,prabin shilpakar,Earthquakes and Volcanoes 
"Pujana, Ignacio","Lee, Jaewook",,,,,ISNS,2367,001,8,9,9,22,24,7,7,6,,1,1,1,1,,,,,,1,pujana,ignacio pujana,The Oceans 
"Pujana, Ignacio",,,,,,ISNS,2367,0W1,40,79,19,25,23,8,3,7,8,3,2,3,18,,,,,,11,pujana,ignacio pujana,The Oceans 
"Pujana, Ignacio",,,,,,ISNS,2367,0W2,12,13,4,3,10,4,1,2,4,,,,9,,,,,,4,pujana,ignacio pujana,The Oceans 
"Lee, Monghyeon",,,,,,GEOS,3304,001,7,,3,,,1,,2,,,,,,,,,,,1,mxl120631,monghyeon lee,Principles of Geospatial Information Sciences 
"Duncan, Monique N",,,,,,BIOL,4315,001,1,,1,4,4,,1,5,,1,,,1,,,,,,0,mxd127830,monique duncan,Genes  Disease and Therapeutics 
"Rippel, Scott A",,,,,,BIOL,3388,001,8,8,8,1,1,1,,,1,,,,1,,,,,,0,rippel,scott rippel,Honey Bee Biology 
"Pickett, Elizabeth A",,,,,,BIOL,4360,001,2,1,1,3,4,2,,,,,,,,,,,,,0,eaw016100,elizabeth pickett,Evolution and Development 
"Hill, Brenna R","Yu, Wen H","Kalainayakan, Sarada Preeta",,,,BIOL,3456,306,2,1,4,3,,2,3,3,,1,,,,,,,,,0,brh140230,brenna hill,Human Anatomy and Physiology with Lab II 
"Biswas, Swati","Bilson Darku, Francis",,,,,STAT,6337,001,,7,4,2,3,6,,2,,,,,,,,,,,1,sxb125731,swati biswas,Advanced Statistical Methods I 
"Shilpakar, Prabin","Mueller, Nicholas J",,,,,GEOS,2306,001,,1,,,6,,,3,,,1,,,,,,,,2,pxs077000,prabin shilpakar,Essentials of Field Geologic Methods 
"Montgomery, Homer A",,,,,,NATS,2330,HN1,7,11,3,,1,,,,,,,,1,,,,,,0,mont,homer montgomery,The Basis of Evolution 
"Macalevey, Paul J","Wu, Daji",,,,,PHYS,2126,114,3,23,3,,,1,,,,,,,,,,,,,0,paulmac,paul macalevey,Physics Laboratory II 
"Macalevey, Paul J","Kakani, Vivek M",,,,,PHYS,2126,115,3,11,10,3,,,,,,,,,1,,,,,,2,paulmac,paul macalevey,Physics Laboratory II 
"Burr, John G",,,,,,BIOL,2111,013,,6,2,4,4,7,5,4,1,,2,2,1,,,,,,1,burr,john burr,Introduction to Modern Biology Workshop I 
"Wilson, Michelle","Zhou, Qin","Cao, Lian","Yetkin, Celal E",,,BIOL,2112,005,1,5,6,1,7,10,4,3,,1,1,1,,,,,,,2,mxw084000,michelle wilson,Introduction to Modern Biology Workshop II 
"Yoo, Hyuntae",,,,,,BIOL,3161,011,2,2,6,2,8,4,6,1,2,,2,,3,,,,,,2,hxy103120,hyuntae yoo,Biochemistry Workshop I 
"Ahsan, Mohammad K",,,,,,MATH,2417,011,8,8,2,3,4,,,4,7,,,,7,,,,,,1,mka120030,mohammad ahsan,Calculus I 
"Sun, Kuei","Zheng, Yangzi",,,,,PHYS,2125,113,12,10,6,,1,,,,,,,,,,,,,,1,kxs147030,kuei sun,Physics Laboratory I 
"Abeykoon, Nimali C","Martinez Martinez, Patricia M",,,,,CHEM,1111,137,4,17,2,1,3,1,,1,,,,,1,,,,,,0,nxa124430,nimali abeykoon,General Chemistry Laboratory I 
"Karunathilake, Arosha A","Abeyrathna, Nisansala S",,,,,CHEM,1111,138,2,7,1,2,5,,2,3,1,,1,,5,,,,,,0,axk113330,,General Chemistry Laboratory I 
"Huang, Yu","Ball, Darby J",,,,,CHEM,1111,139,3,10,3,2,1,2,2,,,,,,2,,,,,,3,yxh091220,yu huang,General Chemistry Laboratory I 
"Karunathilake, Arosha A","Abeyrathna, Nisansala S",,,,,CHEM,1111,140,13,11,3,,1,,,,,,,,1,,,,,,0,axk113330,,General Chemistry Laboratory I 
"Huang, Yu","Ball, Darby J",,,,,CHEM,1111,141,1,20,5,1,,,,,,,,1,2,,,,,,0,yxh091220,yu huang,General Chemistry Laboratory I 
"Zhang, Fan","Cheung, Patrick K","Wu, Hanlin","Solanki, Rahulkumar",,,PHYS,2325,002,21,12,14,13,10,7,11,,,,,,6,,,,,,0,fxz140930,fan zhang,Mechanics 
"Smaldone, Ronald A",,,,,,CHEM,2323,005,3,31,11,15,8,7,8,13,10,9,7,,16,,,,,,7,ras120030,ronald smaldone,Introductory Organic Chemistry I 
"Biewer, Michael C",,,,,,NATS,1101,006,20,11,1,,1,,,2,,,,,,,,,,,0,biewerm,michael biewer,Natural Sciences and Mathematics Freshman Seminar 
"Spiro, Stephen",,,,,,NATS,1101,001,,33,4,,,,,,,,,,,,,,,,0,sxs067400,stephen spiro,Natural Sciences and Mathematics Freshman Seminar 
"Hajeri, Vinita",,,,,,NATS,1101,002,19,7,2,1,1,,,,,,,,,,,,,,1,vxh151030,vinita hajeri,Natural Sciences and Mathematics Freshman Seminar 
"Hajeri, Vinita",,,,,,NATS,1101,003,26,5,3,1,,1,,,,,,,1,,,,,,0,vxh151030,vinita hajeri,Natural Sciences and Mathematics Freshman Seminar 
"Distin, Kimberly A",,,,,,NATS,1101,004,26,4,2,2,1,1,,,,,,,,,,,,,1,kav015000,kimberly distin,Natural Sciences and Mathematics Freshman Seminar 
"Distin, Kimberly A",,,,,,NATS,1101,005,31,2,,1,,1,,,1,1,,,,,,,,,0,kav015000,kimberly distin,Natural Sciences and Mathematics Freshman Seminar 
"Mussa, Derege",,,,,,MATH,1326,006,10,4,1,3,4,2,1,4,2,,2,,9,,,,,,2,dxm146130,derege mussa,Applied Calculus II 
"Aman, Kelly",,,,,,MATH,2413,016,6,6,6,4,2,1,3,4,1,3,1,1,5,,,,,,4,kxa143530,kelly aman,Differential Calculus 
"Martynova, Irina",,,,,,MATH,2413,017,6,7,10,1,2,4,3,5,1,5,,,2,,,,,,0,ixm140930,irina martynova,Differential Calculus 
"Li, Changsong",,,,,,MATH,2415,501,4,9,,4,10,,2,5,1,2,4,,10,,,,,,2,cxl109120,changsong li,Calculus of Several Variables 
"Glosser, Robert",,,,,,PHYS,2326,001,20,29,,14,20,14,6,11,7,,7,,10,,,,,,9,glosser,robert glosser,Electromagnetism and Waves 
"Eydelzon, Anatoly",,,,,,MATH,2414,010,1,4,7,,4,4,2,3,2,1,1,1,5,,,,,,1,axe031000,anatoly eydelzon,Integral Calculus 
"Turi, Janos",,,,,,MATH,2418,004,2,4,5,4,1,2,2,1,2,1,1,1,1,,,,,,1,turi,janos turi,Linear Algebra 
"Konietschke, Frank","Cao, Cong",,,,,STAT,2332,001,6,38,12,14,17,9,9,7,6,1,,1,,,,,,,3,fxk141230,frank konietschke,Introductory Statistics for Life Sciences 
"Brikowski, Tom",,,,,,GEOS,5398,001,,6,,,,,,,,,,,,,,,,,0,brikowi,tom brikowski,Miles Integration Research II 
"Brikowski, Tom","Peiris, Inoka M",,,,,GEOS,4430,001,2,4,2,4,4,3,1,,1,,,,,,,,,,0,brikowi,tom brikowski,Hydrogeology and Aqueous Geochemistry 
"Wilson, Michelle",,,,,,BIOL,1V00,PA1,21,,,,,,,,,,,,,,,,,,0,mxw084000,michelle wilson,Topics in Biological Sciences 
"Taylor, Stephanie M","Gorby, Amanda J",,,,,NATS,1101,017,27,3,4,,,1,,,,,,,,,,,,,1,smt031000,stephanie taylor,Natural Sciences and Mathematics Freshman Seminar 
"Brikowski, Tom",,,,,,GEOS,5V08,001,,6,,,,,,,,,,,,,,,,,0,brikowi,tom brikowski,Special Topics in Geosciences 
"Stanford, Paul H",,,,,,MATH,3323,001,6,2,,1,1,,1,,1,,,,2,,,,,,6,phs031000,paul stanford,Elementary Number Theory 
"Murchison, David F",,,,,,BIOL,4385,001,1,28,1,2,5,,,,,,,,,,,,,,0,dfm100020,david murchison,Oral Histology and Embryology 
"Lu, Wenyi",,,,,,ACTS,6304,501,,9,1,2,1,,,,,,,,,,,,,,1,wxl153330,wenyi lu,Construction and Evaluation of Actuarial Models I 
"Macalevey, Paul J","Maisberger, Matthew C",,,,,PHYS,2126,116,13,12,2,,,1,,,,,,,1,,,,,,1,paulmac,paul macalevey,Physics Laboratory II 
"Macalevey, Paul J","Wu, Daji",,,,,PHYS,2126,117,4,13,5,,1,,,,1,,,,2,,,,,,2,paulmac,paul macalevey,Physics Laboratory II 
"Dragovic, Vladimir",,,,,,MATH,6303,001,,7,3,1,3,1,1,1,,,,,1,,,,,,2,vxd123630,,Theory of Complex Functions I 
"King, Hailey L",,,,,,NATS,1101,007,22,7,1,2,1,2,,,,1,,,1,,,,,,0,hlk111000,,Natural Sciences and Mathematics Freshman Seminar 
"Geissman, John W","Stine, Jonathan M","Rao, Astha",,,,NATS,1101,008,9,19,4,,,,,,,,,,2,,,,,,0,jwg102020,john geissman,Natural Sciences and Mathematics Freshman Seminar 
"Aldrich, Haven S",,,,,,NATS,1101,009,15,5,5,,1,2,,1,,,,,,,,,,,1,hsa051000,,Natural Sciences and Mathematics Freshman Seminar 
"Aldrich, Haven S",,,,,,NATS,1101,010,22,4,4,1,1,1,,,,,,,,,,,,,0,hsa051000,,Natural Sciences and Mathematics Freshman Seminar 
"Stern, Robert",,,,,,NATS,1101,011,,35,,,1,,,,,,,,,,,,,,0,rjstern,robert stern,Natural Sciences and Mathematics Freshman Seminar 
"Horner, Natasha","Goeckner, Matthew",,,,,NATS,1101,013,,19,8,,1,2,,,,,,,,,,,,,0,nxh171630,,Natural Sciences and Mathematics Freshman Seminar 
"Hennessy, Emily T",,,,,,NATS,1101,014,23,5,2,4,1,1,,,,,,,,,,,,,0,eft031000,emily hennessy,Natural Sciences and Mathematics Freshman Seminar 
"Macalevey, Paul J","Rossi, Joseph",,,,,PHYS,2126,118,20,6,2,1,,,,,,,,,,,,,,,1,paulmac,paul macalevey,Physics Laboratory II 
"Macalevey, Paul J","Wijeratne, Lakitha O",,,,,PHYS,2126,119,6,16,5,2,,,,,,,,,,,,,,,0,paulmac,paul macalevey,Physics Laboratory II 
"Koshevnik, Yuly",,,,,,ACTS,6308,501,,3,1,1,,,1,1,,,,,,,,,,,1,yxk055000,yuly koshevnik,Actuarial Financial Mathematics 
"Macalevey, Paul J","Kramer, Aaron A",,,,,PHYS,2126,120,5,9,6,2,1,,,,,,1,,1,,,,,,1,paulmac,paul macalevey,Physics Laboratory II 
"Wilson, Michelle","Zhou, Qin","Yetkin, Celal E","Cao, Lian",,,BIOL,2112,006,3,,13,6,4,3,1,2,2,,,,3,,,,,,1,mxw084000,michelle wilson,Introduction to Modern Biology Workshop II 
"Burr, John G",,,,,,BIOL,2111,014,,2,4,,12,7,,6,1,,2,2,3,,,,,,0,burr,john burr,Introduction to Modern Biology Workshop I 
"Kehoe, Joselle",,,,,,MATH,1326,008,8,2,1,5,5,6,3,2,4,1,,,6,,,,,,3,jxk061000,joselle kehoe,Applied Calculus II 
"D'Arcy, Sheena",,,,,,BIOL,3161,012,3,8,10,4,3,3,1,3,,3,2,,2,,,,,,0,sxd156730,sheena darcy,Biochemistry Workshop I 
"Taylor, Stephanie M",,,,,,NATS,1101,018,21,5,1,1,3,2,,1,,,,1,,,,,,,0,smt031000,stephanie taylor,Natural Sciences and Mathematics Freshman Seminar 
"Donaldson, Katherine E","York, Megan",,,,,NATS,4341,001,3,7,5,1,5,,,,1,,,,,,,,,,0,ked013100,katie donaldson,Project-Based Instruction 
"Shin, Sunyoung","Kotinkaduwe Rankothgedara, Lak Nilusha K",,,,,STAT,2332,003,6,12,6,10,16,7,5,10,5,3,3,,3,,,,,,5,sxs177233,sunyoung shin,Introductory Statistics for Life Sciences 
"Chiou, Sy Han","Yuan, Xiaochen",,,,,STAT,2332,004,9,9,10,11,10,11,6,4,5,,1,,,,,,,,1,sxc172931,sy han steven chiou,Introductory Statistics for Life Sciences 
"Choudhary, Pankaj K","Kotinkaduwe Rankothgedara, Lak Nilusha K",,,,,STAT,6313,002,,3,3,2,2,,1,,,,,,,,,,,,0,pkc022000,pankaj choudhary,Statistical Methods for Data Science 
"Ding, Hui",,,,,,MATH,1325,011,9,14,2,4,2,2,3,4,6,,1,,1,,,,,,0,hxd162130,hui ding,Applied Calculus I 
"Paudel, Ajaya B",,,,,,MATH,1325,012,5,4,4,2,2,4,1,5,6,,1,1,7,,,,,,2,abp062000,ajaya paudel,Applied Calculus I 
"Kehoe, Joselle",,,,,,MATH,1326,009,7,4,,3,1,4,,2,3,2,4,2,11,,,,,,4,jxk061000,joselle kehoe,Applied Calculus II 
"Kuzat, Hanan",,,,,,MATH,1326,502,5,,4,1,,2,4,,9,,2,6,9,,,,,,1,hxk165430,hanan kuzat,Applied Calculus II 
"Kuzat, Hanan",,,,,,MATH,1326,503,2,,8,4,,5,2,,4,3,5,3,7,,,,,,4,hxk165430,hanan kuzat,Applied Calculus II 
"Chika, Charles E",,,,,,MATH,2312,006,4,6,2,5,8,2,4,2,4,2,,,6,,,,,,1,cec140330,charles chika,Precalculus 
"McCary, Brady C",,,,,,MATH,2370,001,15,11,7,,7,1,,1,1,1,2,,14,,,,,,1,bcm052000,brady mccary,Introduction to Programming with MATLAB 
"Ramakrishna, Viswanath",,,,,,MATH,6319,501,,15,6,2,1,,,,,,,,,,,,,,1,vish,viswanath ramakrishna,Principles and Techniques in Applied Mathematics I 
"Akbar, Mohammad M",,,,,,MATH,2413,019,7,1,7,5,2,1,2,4,3,1,2,,13,,,,,,0,mma110020,mohammad akbar,Differential Calculus 
"Ohsawa, Tomoki",,,,,,MATH,2418,005,4,2,5,9,4,2,2,2,1,2,3,3,7,,,,,,3,txo140730,tomoki ohsawa,Linear Algebra 
"Hu, Qingwen",,,,,,MATH,2418,006,4,2,5,5,7,5,4,7,9,,,,12,,,,,,4,qxh102020,qingwen hu,Linear Algebra 
"Choi, Sl-ghi",,,,,,MATH,2414,007,1,2,4,3,1,,4,6,3,,2,2,12,,,,,,5,sxc173731,sl ghi choi,Integral Calculus 
"Garrett, Bentley T",,,,,,MATH,2414,011,2,8,8,5,2,2,5,2,3,2,,,3,,,,,,6,btg032000,bentley garrett,Integral Calculus 
"Koshevnik, Yuly","Langford, John","Ofori-Boateng, Dorcas",,,,STAT,3360,003,3,12,5,4,4,4,2,1,3,1,2,1,3,,,,,,1,yxk055000,yuly koshevnik,Probability and Statistics for Management and Economics 
"Dabkowski, Mieczyslaw K",,,,,,MATH,6312,001,,46,10,2,3,,2,,,,,,,,,,,,0,mkd034000,mieczyslaw dabkowski,Combinatorics and Graph Theory 
"Lalani, Amin","Karakis, Merve",,,,,MATH,3303,001,1,2,2,,3,2,1,,1,,,,,,,,,,0,axl120130,amin lalani,Introduction to Mathematical Modeling 
"Stoneback, Russell A","Fong, Matthew","Choi, Miyoung","Parish, Christopher R","Cherepanov, Stanislav M","Javed, Umar",PHYS,2326,003,6,10,9,18,23,26,22,8,6,4,1,,,,,,,,3,rstoneba,,Electromagnetism and Waves 
"Abeykoon, Nimali C","Hashami, Zohreh",,,,,CHEM,1112,107,,7,9,4,1,1,1,,,,,,3,,,,,,2,nxa124430,nimali abeykoon,General Chemistry Laboratory II 
"Norwood, John",,,,,,MATH,2417,013,11,3,4,3,,3,2,3,9,,,2,3,,,,,,0,jxn142530,john norwood,Calculus I 
"Tran, Daniel N","Hosseini, Seyedmahmoud",,,,,CHEM,2123,124,24,5,,,,,,,,,,,,,,,,,0,dnt019000,daniel tran,Introductory Organic Chemistry Laboratory I 
"Nielsen, Steven","Ranathunga, Dineli T","Zhang, Naifu",,,,CHEM,3321,002,7,5,7,11,21,13,8,4,5,2,3,2,5,,,,,,2,son051000,steven nielsen,Physical Chemistry I 
"Qin, Yanping","Dickens, Angela","Zhou, Qinhan","Xu, Jing","Hammack, Audrey",,CHEM,3472,003,2,5,4,2,2,1,1,,1,,1,,,,,,,,0,yxq083000,yanping qin,Instrumental Analysis 
"Dieckmann, Gregg","Abeyrathna, Wannaku R",,,,,CHEM,1301,001,4,14,4,6,17,8,1,6,6,2,1,1,17,,,,,,5,dieckgr,gregg dieckmann,General Chemistry for Engineers 
"Balkus, Kenneth",,,,,,CHEM,6389,001,,9,8,2,2,,,,,,,,,,,,,,1,balkus,kenneth balkus,Scientific Literature and Communication Skills 
"Du, Heng","Srikanth, Uma","Gauba, Esha","Tian, Jing",,,BIOL,4356,001,7,2,2,3,1,,,,,,,,,,,,,,0,hxd131030,heng du,Molecular Neuropathology 
"Sun, Kuei","Liu, Xun",,,,,PHYS,2125,603,12,9,2,1,,,,1,,,,,1,,,,,,4,kxs147030,kuei sun,Physics Laboratory I 
"Morcos Gonzalez, Alonso","Jiang, Xianli",,,,,BIOL,3V00,501,4,,1,4,3,6,2,,1,,,,2,,,,,,3,afg150230,,Topics in Biological Sciences 
"Macalevey, Paul J","McMullen, Reema",,,,,PHYS,2126,121,9,12,5,1,1,1,,,,,,,,,,,,,1,paulmac,paul macalevey,Physics Laboratory II 
"Macalevey, Paul J","McMullen, Reema",,,,,PHYS,2126,122,4,20,3,2,1,,,,,,,,,,,,,,0,paulmac,paul macalevey,Physics Laboratory II 
"Macalevey, Paul J","Mueller, David H",,,,,PHYS,2126,604,3,12,8,2,2,,1,1,1,,,,,,,,,,0,paulmac,paul macalevey,Physics Laboratory II 
"Maitra, Meenakshi","Ramirez, Ruben D",,,,,BIOL,3455,305,,4,5,5,1,2,6,2,2,2,1,1,,,,,,,1,mxm172731,meenakshi maitra,Human Anatomy and Physiology with Lab I 
"Maitra, Meenakshi","Ramirez, Ruben D",,,,,BIOL,3455,306,,3,7,2,5,2,1,1,4,,1,1,2,,,,,,3,mxm172731,meenakshi maitra,Human Anatomy and Physiology with Lab I 
"Koshevnik, Yuly",,,,,,ACTS,6306,501,,5,2,2,1,,1,,,,,,,,,,,,0,yxk055000,yuly koshevnik,Advanced Actuarial Applications 
"Macalevey, Paul J","Mcgarry, Michael P",,,,,PHYS,2126,123,9,6,11,1,1,,,,,,,,1,,,,,,1,paulmac,paul macalevey,Physics Laboratory II 
"Macalevey, Paul J","Hussain, Shadhin",,,,,PHYS,2126,124,7,4,9,8,,,1,,,,,,,,,,,,1,paulmac,paul macalevey,Physics Laboratory II 
"Yoo, Hyuntae",,,,,,BIOL,3161,013,1,4,2,1,5,,2,5,4,1,3,,6,,,,,,2,hxy103120,hyuntae yoo,Biochemistry Workshop I 
"Sapozhnikov, Ilya",,,,,,BIOL,3V00,002,21,11,3,1,,,,1,1,2,,,1,,,,,,2,isapoz,ilya sapozhnikov,Topics in Biological Sciences 
"Maitra, Meenakshi","Ramirez, Ruben D",,,,,BIOL,3455,307,,2,1,7,4,7,1,3,2,1,,,3,,,,,,1,mxm172731,meenakshi maitra,Human Anatomy and Physiology with Lab I 
"Ahsan, Mohammad K",,,,,,MATH,2417,014,15,5,2,1,1,2,1,2,9,,,1,4,,,,,,0,mka120030,mohammad ahsan,Calculus I 
"D'Arcy, Sheena","Ashrafi, Adnin","Akhavantabib, Noushin","Bhat, Vandita D","Hossain, Md. Saddam","Iyer, Archana Mahadevan",BIOL,3161,014,3,8,5,,7,1,4,5,2,4,,1,,,,,,,1,sxd156730,sheena darcy,Biochemistry Workshop I 
"Sun, Kuei","Hou, Junpeng","Zhang, Yichao",,,,PHYS,2125,116,4,18,3,1,2,,,,1,,,,,,,,,,1,kxs147030,kuei sun,Physics Laboratory I 
"Huang, Yu","Brohlin, Olivia R",,,,,CHEM,1111,601,1,16,3,1,1,,1,1,1,,1,,2,,,,,,2,yxh091220,yu huang,General Chemistry Laboratory I 
"Lane, Shelley D",,,,,,UNIV,4174,001,14,4,3,,1,,,,,,,,,,,,,,0,sdl063000,shelley lane,Theory and Practice of Group Motivation and Leadership 
"Lane, Shelley D",,,,,,UNIV,4174,002,11,1,2,,,,,,,,,,,,,,,,0,sdl063000,shelley lane,Theory and Practice of Group Motivation and Leadership 
"Lane, Shelley D",,,,,,UNIV,4174,003,12,2,,,,,,,,,,,,,,,,,0,sdl063000,shelley lane,Theory and Practice of Group Motivation and Leadership 
"Welgehausen, Eric C",,,,,,UNIV,1100,001,,15,1,,1,,,,2,1,,,2,,,,,,1,ericw,,Freshman Seminar - Undeclared 
"Welgehausen, Eric C",,,,,,UNIV,1100,002,,17,1,2,1,,,,,,,,,,,,,,1,ericw,,Freshman Seminar - Undeclared 
"Welgehausen, Eric C",,,,,,UNIV,1100,003,,18,1,,,,,,,,,,,,,,,,2,ericw,,Freshman Seminar - Undeclared 
"Welgehausen, Eric C",,,,,,UNIV,1100,004,,10,1,,2,2,,1,,1,,,2,,,,,,2,ericw,,Freshman Seminar - Undeclared 
"Lane, Shelley D",,,,,,UNIV,4174,004,7,5,,,,,,1,,,,,,,,,,,0,sdl063000,shelley lane,Theory and Practice of Group Motivation and Leadership 
"Hu, Yang","Karadagur Ananda Reddy, Chandan",,,,,EE,3102,108,,5,,,4,,,1,,,,,,,,,,,0,yxh177430,yang hu,Signals and Systems Laboratory 
"Hu, Yang","Helal, Noha",,,,,EE,3102,109,,19,,,1,,,,,,,,,,,,,,0,yxh177430,yang hu,Signals and Systems Laboratory 
"Hu, Yang","Bangar, Esha",,,,,EE,3102,110,,13,,,2,,,,,,,,1,,,,,,0,yxh177430,yang hu,Signals and Systems Laboratory 
"Linsteadt, Chris C",,,,,,ACCT,4334,PP2,,8,,,34,,,3,,,,,,,,,,,0,ccl019000,chris linsteadt,Auditing 
"Zolton, Kathy","Shavrina, Irina V",,,,,ACCT,6333,PP1,,22,,,29,,,7,,,,,1,,,,,,0,kxz121730,kathy zolton,Advanced Financial Reporting 
"Linsteadt, Chris C",,,,,,ACCT,6334,0W1,,14,,,23,,1,9,,,,,,,,,,,2,ccl019000,chris linsteadt,Auditing 
"Ahlberg, Mehrzad",,,,,,BCOM,3310,014,12,6,,2,3,1,,,,,,,,,,,,,0,mxa087100,mehrzad ahlberg,Business Communication 
"Ahlberg, Mehrzad",,,,,,BCOM,3310,503,9,4,6,1,1,,,,,,,,1,,,,,,0,mxa087100,mehrzad ahlberg,Business Communication 
"Betanzos, Christina L","Ayala, Nestor A",,,,,BLAW,2301,005,,13,12,17,10,10,8,6,7,,3,,2,,,,,,1,clb120030,christina betanzos,Business and Public Law 
"Roos, Raal H",,,,,,BLAW,3301,001,,5,4,2,5,4,4,4,2,,2,,1,,,,,,0,rxr177530,,Employment Law 
"Carraher, Shawn M",,,,,,BPS,4305,008,15,4,5,4,4,,5,2,,1,2,,1,,,,,,1,smc130730,shawn carraher,Strategic Management 
"Vlas, Cristina O",,,,,,BPS,4305,011,7,5,2,6,3,6,1,2,2,,,,1,,,,,,0,cov130030,cristina vlas,Strategic Management 
"Cavusoglu, Huseyin","Vadlamudi, Nikhil Vishnu",,,,,BUAN,6320,0W1,,8,8,2,2,,1,1,,,,,,,,,,,0,huseyin,huseyin cavusoglu,Database Foundations 
"Parker, Jason A","Mishra, Abhishek",,,,,BUAN,6356,001,,54,8,2,,,,,,,,,,,,,,,0,jap090020,jason parker,Business Analytics With R 
"Saeed, Kashif","Mohan, Karthik",,,,,BUAN,6346,001,,13,10,15,17,1,,,,,,,,,,,,,0,kxs147230,kashif saeed,Big Data Analytics 
"Anderson, Frank W",,,,,,FIN,3320,009,1,4,5,7,3,7,4,5,7,1,3,,,,,,,,2,fwa012000,,Business Finance 
"Zhao, Xiaofei","Smith, Jake A",,,,,FIN,3320,501,3,4,1,5,3,5,3,3,,,,,,,,,,,0,xxz137630,xiaofei zhao,Business Finance 
"Xiao, Steven","Kuang, Shimaoling",,,,,FIN,6301,004,,6,3,10,8,2,,,,,,,,,,,,,1,sxx150930,steven xiao,Financial Management 
"Xiao, Serena W",,,,,,FIN,6310,502,,15,,8,4,2,,,,,,,,,,,,,0,swx170030,,Investment Management 
"Manzi, Jeff","Chen, Chen",,,,,FIN,6314,501,,7,4,4,10,1,,,,,,,,,,,,,1,jxm158130,jeffrey manzi,Fixed Income Securities 
"Berrett, Britt R","Earle, Doric E","Myneni, Nitish","Vasquez, Paula A",,,HMGT,3301,004,,6,3,3,2,2,4,1,2,,1,,2,,,,,,0,brb051000,britt berret,Introduction to Healthcare Management 
"Bai, Xiaoou",,,,,,IMS,3310,010,1,4,2,3,2,2,,,,,,,,,,,,,0,xxb150330,xiaoou bai,International Business 
"Lee, Seunghyun","Jung, Young-Hoon",,,,,IMS,6310,501,,10,1,13,4,2,1,,,,,,,,,,,,0,sxl029100,,International Marketing 
"Lee, Seunghyun",,,,,,IMS,7301,001,,,1,5,3,,,,,,,,,,,,,,0,sxl029100,,International Business 
"Savoie, Michael J","Kar, Madhurima",,,,,ITSS,3300,002,18,22,5,,1,,,,,,,,,,,,,,0,msavoie,michael savoie,Information Technology for Business 
"Sun, Geng",,,,,,ITSS,3300,004,4,8,7,7,7,9,4,1,,,,,,,,,,,1,gxs122530,geng sun,Information Technology for Business 
"Arora, Vivek",,,,,,ITSS,3390,001,5,14,7,10,3,2,,2,,,,,1,,,,,,0,vxa081000,vivek arora,Web Design and Development for Business Applications 
"Brookshire, Susan",,,,,,MAS,6102,002,,,,,,,,,,,,,,,,,,93,0,sxb170130,,Professional Development 
"Johnson, Neil",,,,,,MAS,6102,003,,,,,,,,,,,,,,,,,,88,1,nxj121730,neil johnson,Professional Development 
"Umali, Judith B","Johnson, Neil",,,,,MAS,6102,004,,,,,,,,,,,,,,,,,,91,0,jumali,,Professional Development 
"Johnson, Neil",,,,,,MAS,6102,006,,,,,,,,,,,,,,,,,,94,0,nxj121730,neil johnson,Professional Development 
"Brookshire, Susan",,,,,,MAS,6102,007,,,,,,,,,,,,,1,,,,,96,0,sxb170130,,Professional Development 
"Johnson, Neil",,,,,,MAS,6102,008,,,,,,,,,,,,,,,,,,95,1,nxj121730,neil johnson,Professional Development 
"Umali, Judith B","Johnson, Neil",,,,,MAS,6102,009,,,,,,,,,,,,,,,,,,95,0,jumali,,Professional Development 
"Cook, Sherri T","Johnson, Neil",,,,,MAS,6102,011,,,,,,,,,,,,,,,,,,59,0,stc140430,,Professional Development 
"Cook, Sherri T","Johnson, Neil",,,,,MAS,6102,504,,,,,,,,,,,,,,,,,,64,0,stc140430,,Professional Development 
"Ganglmair, Bernhard",,,,,,MECO,6360,001,,5,,1,5,,,3,,,,,,,,,,,0,bxg107120,bernhard ganglmair,Topics in Industrial Organization 
"Bose, Ranavir","Ozdemir, Dicle Yagmur",,,,,MIS,6302,501,,7,,3,,2,,,,,,,,,,,,,0,rxb132730,ranavir bose,Managing Digital Strategy 
"Lahiri, Atanu","Guha, Sumalya",,,,,MIS,6330,501,,10,8,6,3,,,,,,,,,,,,,,0,axl144730,atanu lahiri,Information Technology Security 
"Johnston, Walter L",,,,,,MIS,6357,501,,16,,,,,,,,,,,,,,,,,0,wlj031000,walter johnston,Advanced Business Analytics Using R 
"Johnston, Walter L",,,,,,MIS,6357,001,,26,,,,,,,,,,,,,,,,,0,wlj031000,walter johnston,Advanced Business Analytics Using R 
"Ginevich, Rostislav","Chava, Soumya",,,,,MIS,6373,001,,44,,2,,,,,,,,,,,,,,,0,rxg172930,rostislav ginevich,Social Media and Business 
"Dickinson, Keith",,,,,,MKT,3300,0E1,2,11,,,2,,,,,,,,1,,,,,,1,kxd084000,keith dickinson,Principles of Marketing 
"Hefley, William E","Bhogal, Parminder S",,,,,MIS,6204,MBC,,18,10,11,3,1,2,,,,,,,,,,,,0,weh150130,william hefley,
"Rajaratnam, Daniel",,,,,,MKT,6301,MBP,,9,7,12,16,,,,,,,,,,,,,,1,dxr143430,daniel rajaratnam,
"Meda, Edward","Vora, Gunjan",,,,,OBHR,3310,003,2,1,4,4,6,5,1,1,1,,,,1,,,,,,0,exm150330,edward meda,Organizational Behavior 
"Weekley, Jeff A","Kemp, Ayenda",,,,,OBHR,3310,011,1,4,7,6,8,9,7,3,1,,2,,,,,,,,1,jaw160330,jeff weekley,Organizational Behavior 
"Skinner, Neal G","Buck, Prashant C",,,,,EE,3120,106,,5,,,,,,,,,1,,4,,,,,,1,skinner,neal skinner,Digital Circuits Laboratory 
"Ritchey, David B",,,,,,OBHR,3330,001,4,15,9,3,6,5,,5,2,,,,,,,,,,0,davidr,david ritchey,Introduction to Human Resource Management 
"Meda, Edward","Vora, Gunjan",,,,,OBHR,4335,001,,7,12,5,4,,,2,,,,,1,,,,,,0,exm150330,edward meda,Training and Development 
"Layton, Mark C",,,,,,OPRE,3310,008,,11,12,6,10,,2,2,1,,,,3,,,,,,0,mcl170030,mark layton,Operations Management 
"Hogan, James W",,,,,,OPRE,3310,009,,11,,,25,,2,6,,,2,,2,,,,,,1,jwh085000,james hogan,Operations Management 
"Oguzman, Neslihan",,,,,,OPRE,3333,006,16,11,14,1,4,7,1,1,3,,,,1,,,,,,0,nxo170830,neslihan oguzman,Quantitative Business Analysis 
"Stephens, Timothy G",,,,,,OPRE,3333,007,18,23,4,4,4,1,,3,,,,,4,,,,,,0,tgs170130,timothy stephens,Quantitative Business Analysis 
"Subramoniam, Ramesh",,,,,,OPRE,3333,008,6,5,9,6,5,6,5,5,1,1,2,1,1,,,,,,1,rxs179630,ramesh subramoniam,Quantitative Business Analysis 
"Parks, David","Chindak, Sachin",,,,,OPRE,3360,008,,2,1,,5,5,,1,2,,,,2,,,,,,1,dxp153830,david parks,Managerial Methods in Decision Making Under Uncertainty 
"Sajjadi, Reza",,,,,,OPRE,3360,502,3,,1,3,5,2,,1,,1,,,,,,,,,0,rxs179730,reza sajjadi,Managerial Methods in Decision Making Under Uncertainty 
"Vicario, Joe",,,,,,OPRE,6V99,0W1,,7,1,,,,,,,,,,,,,,,,0,jav170030,,Special Topics in Operations Research 
"Nall, Leah T",,,,,,PSY,1100,001,11,19,1,,5,1,,,,,,1,2,,,,,,0,lnall,,First Year Seminar 
"Jordan, Katy J",,,,,,PSY,1100,002,33,2,,3,2,,,,,,1,,1,,,,,,0,kjj073000,katy jordan,First Year Seminar 
"Nall, Leah T",,,,,,PSY,1100,003,14,19,3,,1,,,,,,,,1,,,,,,1,lnall,,First Year Seminar 
"Jordan, Katy J",,,,,,PSY,1100,004,28,4,2,1,1,,,,,,,,,,,,,,0,kjj073000,katy jordan,First Year Seminar 
"Jackson, Kevin",,,,,,PSY,1100,005,34,1,,2,,,,,1,,,,,,,,,,0,kxj162930,kevin jackson,First Year Seminar 
"Chavez, Marcos G",,,,,,PSY,1100,006,24,3,1,,1,,2,,1,,,,,,,,,,0,mxc061200,,First Year Seminar 
"Boeshans, Lindsey E",,,,,,PSY,1100,007,20,1,,1,,2,1,,,,,,1,,,,,,1,leb140130,,First Year Seminar 
"Flores, Kerry M",,,,,,PSY,1100,008,20,5,5,1,1,2,1,1,,,,1,2,1,,,,,0,kmd023000,,First Year Seminar 
"Pan, Jing","Shashikanth Raj Urs, Karthik Urs Bangalore",,,,,BIOL,3380,301,2,8,1,3,2,2,2,1,,,,,,,,,,,1,jxp134330,jing pan,Biochemistry Laboratory 
"Pan, Jing","Palacios Araya, Dennise",,,,,BIOL,3380,302,2,1,1,1,4,4,4,2,3,,,,1,,,,,,0,jxp134330,jing pan,Biochemistry Laboratory 
"Rippel, Scott A","Palacios Araya, Dennise",,,,,BIOL,3380,303,1,4,5,1,1,5,2,2,1,,,1,,,,,,,0,rippel,scott rippel,Biochemistry Laboratory 
"Pickett, Elizabeth A","Avadhanam, Nymisha",,,,,BIOL,3380,304,3,4,7,3,3,2,,,,,,,,,,,,,0,eaw016100,elizabeth pickett,Biochemistry Laboratory 
"Rippel, Scott A","Ebrahimzadeh Pirshahid, Tahmineh",,,,,BIOL,3380,305,1,5,4,3,4,1,2,,,,,,1,,,,,,1,rippel,scott rippel,Biochemistry Laboratory 
"Pan, Jing","Avadhanam, Nymisha",,,,,BIOL,3380,306,2,3,8,4,2,,,1,,1,,,,,,,,,2,jxp134330,jing pan,Biochemistry Laboratory 
"Rippel, Scott A","Ebrahimzadeh Pirshahid, Tahmineh",,,,,BIOL,3380,307,1,2,4,3,4,1,2,1,1,1,,,2,,,,,,1,rippel,scott rippel,Biochemistry Laboratory 
"Pickett, Elizabeth A","Shashikanth Raj Urs, Karthik Urs Bangalore",,,,,BIOL,3380,308,,2,5,1,4,3,4,1,1,1,,,,,,,,,0,eaw016100,elizabeth pickett,Biochemistry Laboratory 
"Hasenhuttl, Maria","Shetty, Karan S",,,,,BA,1100,001,12,11,,1,2,,,2,,2,5,,7,,,,,,0,h1562,maria hasenhuttl,Business Basics 
"Henderson, Tom",,,,,,BA,1100,002,,27,1,,4,1,,1,,,1,1,7,,,,,,0,txh093000,tom henderson,Business Basics 
"Hinze, Whitney P","Kaplan, Marilyn R",,,,,BA,1100,003,15,6,6,4,3,4,,,,,,2,2,,,,,,0,wxh161930,whitney hinze,Business Basics 
"Henderson, Tom",,,,,,BA,1100,004,,22,1,1,6,,,1,,,1,,10,,,,,,0,txh093000,tom henderson,Business Basics 
"Hinojosa, Nick G",,,,,,BA,1100,005,6,10,5,4,4,2,3,1,2,2,,,5,,,,,,0,ngh061000,nick hinojosa,Business Basics 
"Hasenhuttl, Maria","Shetty, Karan S",,,,,BA,1100,006,20,9,,4,2,,,1,,,1,,3,,,,,,1,h1562,maria hasenhuttl,Business Basics 
"Henderson, Tom",,,,,,BA,1100,007,,20,1,4,2,,,2,,1,2,,10,,,,,,0,txh093000,tom henderson,Business Basics 
"Hinze, Whitney P",,,,,,BA,1100,008,10,2,5,3,3,3,1,,3,1,,2,7,,,,,,1,wxh161930,whitney hinze,Business Basics 
"Henry, Sarah E",,,,,,BA,1100,009,4,5,8,3,5,3,,1,1,1,,3,6,,,,,,1,seh150530,sarah henry,Business Basics 
"Hinojosa, Nick G",,,,,,BA,1100,010,11,4,6,5,1,4,1,1,3,,,1,7,,,,,,0,ngh061000,nick hinojosa,Business Basics 
"Henry, Sarah E",,,,,,BA,1100,012,4,10,4,3,5,1,2,1,2,,1,1,6,,,,,,1,seh150530,sarah henry,Business Basics 
"Fadda, Dani Z","Rios, Oziel","Levy, Emily T","Parikh, Ankit R","Sirohia, Gaurav Kumar",,MECH,1100,001,11,71,33,30,20,1,6,1,2,3,1,,9,,,,,,4,dzf091000,dani fadda,Introduction to Mechanical Engineering I 
"Watson, John M",,,,,,BCOM,3100,001,11,12,4,2,2,2,,1,2,,,,5,,,,,,0,jmw077000,john watson,Professional Development 
"Smallwood, James E",,,,,,BCOM,3100,502,7,3,4,2,,1,,,,,,,,,,,,,0,jes094020,james smallwood,Professional Development 
"Chen, Min","Zhang, Dongfang",,,,,STAT,2332,002,5,23,16,13,11,9,1,7,5,1,,,3,,,,,,0,mxc136030,min chen,Introductory Statistics for Life Sciences 
"Konietschke, Frank",,,,,,STAT,6344,001,,2,6,3,5,1,,,,,,,,,,,,,0,fxk141230,frank konietschke,Probability Theory I 
"Gel, Yulia","Huang, Xin",,,,,STAT,6348,001,,31,,,,,,,,,,,,,,,,,0,yxg142030,yulia gel,Applied Multivariate Analysis 
"Honhon, Dorothee B","Chang, Chia-Hao",,,,,OPRE,6302,004,,33,9,3,8,1,1,,,,,,,,,,,,0,dbh130130,dorothee honhon,Operations Management 
"Winter, Patrick M","Chung, Yu-Yen","Kazemimoghadam, Mahdieh","Honari, Arvin","Chakraborty, Somdutta",,BMEN,3120,110,,5,4,,,2,1,,,,,,,,,,,,0,pxw151030,patrick winter,Biomedical Circuits and Instrumentation Laboratory 
"Brandt, Patrick","Arowolo, Olufunlola",,,,,EPPS,7390,001,,,9,5,6,3,,,,,,,,,,,,,1,pxb054000,patrick brandt,Bayesian Analysis for Social and Behavioral Sciences 
"Gurun, Umit",,,,,,ACCT,7313,001,,6,,,,,,,,,,,,,,,,,0,ugg041000,umit gurun,Contemporary Research in Accounting and Economics 
"Saretto, Alessio","Poochiyur Rangaswamy, Arunpriya",,,,,FIN,6360,501,,2,6,17,9,3,,,,,,,,,,,,,0,axs125732,alessio saretto,Options and Futures Markets 
"Guttery, Randall",,,,,,FIN,3305,002,,9,1,,8,1,,11,,,2,,1,,,,,,2,rxg112530,randall guttery,Real Estate Principles 
"Xie, Ying","Ameri, Mina",,,,,MKT,6343,501,,16,10,7,6,,,,,,,,,,,,,,0,yxx124930,ying xie,Social Media Marketing and Insights 
"Woldu, Habte G","Zhou, Jun",,,,,IMS,6365,001,,9,6,4,1,,,,,,,,,,,,,,0,wolduh,habte woldu,Cross-Culture Communication and Management 
"Wang, Shouqiang","Sul, Inki",,,,,OPRE,6301,001,,11,,15,13,,5,3,,,,,3,,,,,,2,sxw163830,shouqiang wang,Statistics and Data Analysis 
"Meacham, Chad",,,,,,CRIM,2308,001,1,1,,1,5,1,1,,,,,,,,,,,,1,cxm173730,,Juvenile Law 
"Fenny, Omobolanle A",,,,,,CRIM,3324,0W1,,39,,,16,,,1,,,,,4,,,,,,0,oae140130,fenny omobolanle,Gender  Crime  and Justice 
"Vieraitis, Lynne M",,,,,,CRIM,4315,001,1,2,5,1,2,,,,,,,,,,,,,,0,lmv071000,lynne vieraitis,Race  Ethnicity  and Justice 
"Polk, Elmer O","Derlic, Dragana",,,,,CRIM,4396,001,31,37,6,2,1,1,,,,1,,,1,,,,,,1,peo091000,elmer polk,Selected Topics in Criminology 
"Flannery, Carol","Mobini Dehkordi, Zahra",,,,,OPRE,6301,002,,19,,12,19,,12,3,,,,,4,,,,,,2,flannery,carol flannery,Statistics and Data Analysis 
"Brussolo, Monica E","Lu, Jia",,,,,OPRE,6301,003,,30,5,16,12,7,2,4,,,,,,,,,,,0,meb049000,monica brussolo,Statistics and Data Analysis 
"Flannery, Carol","Zhang, Wan Hua",,,,,OPRE,6301,004,,31,,5,15,,4,5,,,,,6,,,,,,0,flannery,carol flannery,Statistics and Data Analysis 
"Brussolo, Monica E","Kennedy, Lacey N",,,,,OPRE,6301,005,,31,2,17,13,3,2,3,,,,,1,,,,,,1,meb049000,monica brussolo,Statistics and Data Analysis 
"Brussolo, Monica E","Lu, Jia",,,,,OPRE,6301,006,,29,5,13,7,4,3,2,,,,,1,,,,,,1,meb049000,monica brussolo,Statistics and Data Analysis 
"Wiorkowski, John",,,,,,OPRE,6301,008,,35,8,6,3,2,2,2,,,,,,,,,,,0,wiorkow,john wiorkowski,Statistics and Data Analysis 
"Sethi, Awanti","Chen, Jiayu",,,,,OPRE,6301,009,,24,2,18,9,1,,1,,,,,2,,,,,,0,asethi,awanti sethi,Statistics and Data Analysis 
"Flannery, Carol","Mobini Dehkordi, Zahra","Zhang, Wan Hua",,,,OPRE,6301,010,,21,,3,29,,4,12,,,,,4,,,,,,4,flannery,carol flannery,Statistics and Data Analysis 
"Wiorkowski, John",,,,,,OPRE,6301,011,,29,6,7,10,8,,1,,,,,,,,,,,0,wiorkow,john wiorkowski,Statistics and Data Analysis 
"Sethi, Awanti","Chen, Jiayu",,,,,OPRE,6301,504,,24,2,14,12,,1,1,,,,,,,,,,,1,asethi,awanti sethi,Statistics and Data Analysis 
"Polk, Elmer O",,,,,,CRIM,6308,0W1,,21,1,,,2,,,,,,,,,,,,,0,peo091000,elmer polk,Victimology 
"Leach, Sonia E","Kirci, Ismail",,,,,OPRE,6301,501,,27,12,5,10,1,2,,,,,,1,,,,,,2,sel120030,sonia leach,Statistics and Data Analysis 
"Flannery, Carol","Mobini Dehkordi, Zahra",,,,,OPRE,6301,0W1,,26,,5,9,,2,4,,,,,2,,,,,,0,flannery,carol flannery,Statistics and Data Analysis 
"Wang, Shouqiang","Sul, Inki",,,,,OPRE,6301,MBC,,17,,11,11,,5,7,,,,,2,,,,,,0,sxw163830,shouqiang wang,
"Sethi, Awanti","Gokcinar, Abdullah H",,,,,OPRE,6301,MBP,,22,3,7,8,2,1,1,,,,,,,,,,,1,asethi,awanti sethi,
"Li, Xin",,,,,,ECON,2302,004,1,3,6,6,7,9,,1,2,,,1,,,,,,,1,xxl068000,xin li,Principles of Microeconomics 
"Ramezani, Rasoul",,,,,,ECON,2302,501,6,3,3,5,2,4,2,2,1,4,2,,9,,,,,,0,rxr145930,rasoul ramezani,Principles of Microeconomics 
"Andrews, Rodney J",,,,,,ECON,4340,001,4,11,1,2,3,,1,7,,,,,1,,,,,,1,rja091000,rodney andrews,Labor Economics and Human Resources 
"Leblebicioglu, Asli",,,,,,ECON,4362,001,1,2,2,6,6,3,1,3,,1,,,,,,,,,1,axl128330,,Development Economics 
"Goffman, Lisa A",,,,,,COMD,7V82,001,,11,1,,,,,,,,,,1,,,,,,0,lag160930,,Special Topics in Communication Disorders 
"Sandler, Todd E","Arce, Daniel G","Andrews, Rodney J",,,,ECON,6363,001,,2,1,1,2,,,1,,,,,,,,,,,0,tms063000,todd sandler,Public Economics I 
"Ewing, Donna M",,,,,,HDCD,6315,002,,9,2,,,,,,,,,,,,,,,,0,dme061000,donna ewing,Assessment Theory 
"Akbar, Mohammad M",,,,,,MATH,2413,020,4,5,5,3,7,3,3,2,3,2,1,2,7,,,,,,1,mma110020,mohammad akbar,Differential Calculus 
"Malik, Arif","Yu, Haoliang",,,,,MECH,3380,001,,13,6,9,12,3,5,7,,,1,2,,,,,,,0,axm154531,arif malik,Introduction to Computational Design and Analysis 
"Bradbury, Judd D","Khandelwal, Ashish","Solanki, Rom Prakash",,,,ITSS,4351,001,6,2,1,1,3,3,,1,1,,,,2,,,,,,0,jdb101000,judd bradbury,Foundations of Business Intelligence 
"Henderson, Tom",,,,,,BA,1100,013,,24,3,,3,,,3,,,4,,3,,,,,,1,txh093000,tom henderson,Business Basics 
"McCrady, Victoria D",,,,,,BA,1100,014,16,2,2,3,2,,,4,3,1,2,,6,,,,,,1,vdm130030,victoria mccrady,Business Basics 
"Deignan, Paul B",,,,,,CS,3341,502,2,5,2,3,6,6,3,3,,,3,,3,,,,,,9,pbd130130,paul deignan,Probability and Statistics in Computer Science and Software Engineering 
"Tran, Anh T",,,,,,MATH,2414,002,1,5,3,4,2,1,3,5,6,1,,3,9,,,,,,5,att140830,anh tran,Integral Calculus 
"Ahsan, Mohammad K",,,,,,MATH,2417,015,10,1,2,3,2,2,2,2,7,,1,,5,,,,,,1,mka120030,mohammad ahsan,Calculus I 
"Dahal, Rabin",,,,,,MATH,2417,016,15,3,2,6,3,2,2,1,3,,,,5,,,,,,3,rxd153030,rabin dahal,Calculus I 
"Arnold, Maxim",,,,,,MATH,2418,007,6,6,5,6,9,6,7,3,6,2,1,,3,,,,,,5,mxa149530,maxim arnold,Linear Algebra 
"Dahal, Rabin",,,,,,MATH,2418,008,5,9,6,5,9,4,4,2,1,3,,1,7,,,,,,4,rxd153030,rabin dahal,Linear Algebra 
"Kim, Moon J",,,,,,MSEN,6340,001,,2,3,5,,,,,,,,,,,,,,,0,mjk034000,,Introduction to Electron Microscopy 
"Rachinskiy, Dmitry",,,,,,MATH,2420,004,8,11,17,12,5,6,4,4,6,5,3,,2,,,,,,3,dxr124030,dmitry rachinskiy,Differential Equations with Applications 
"Walker, Amy V",,,,,,MSEN,5361,001,,1,2,10,2,,,,,,,,1,,,,,,1,axw092000,,Fundamentals of Surface and Thin Film Analysis 
"Deignan, Paul B",,,,,,SE,3341,502,,,2,,1,,1,5,,,,,,,,,,,3,pbd130130,paul deignan,Probability and Statistics in Computer Science and Software Engineering 
"Wright, Ben",,,,,,HIST,2330,HN1,1,17,2,,2,,,,,,,,,,,,,,1,bxw151330,ben wright,Themes and Ideas in American History 
"Riccio, Thomas P",,,,,,ARTS,1301,HN1,,11,9,2,3,,,,,,,,,,,,,,0,txr033000,thomas riccio,Exploration of the Arts 
"Lingo, Kathy A",,,,,,THEA,1310,HN1,7,15,,1,,,,,,,,,1,,,,,,0,klingo,kathy lingo,Understanding Theatre 
"Kim, Dohyeong",,,,,,GISC,4384,001,4,7,3,3,,2,,,,,,,1,,,,,,0,dxk132530,dohyeong kim,Health and Environmental GIS  A Global Perspective 
"Gearey, Wayne",,,,,,GISC,6382,001,,7,1,,,,,,,,,,,,,,,,0,wxg130930,wayne gearey,Applied Geographic Information Systems 
"Assmann, Peter","Montazeri, Vahid",,,,,ACN,6389,601,,3,7,,1,2,,,,,,,,,,,,,0,assmann,peter assmann,Speech Perception Laboratory 
"Chida, Anjum","Qin, Xi",,,,,CS,6375,003,,24,4,,,,,,,,,,,,,,,,1,axc157030,anjum chida,Machine Learning 
"Diehl, Paul",,,,,,PSCI,4396,001,,3,3,5,6,5,1,1,,,,,,,,,,,1,pxd153230,paul diehl,Selected Topics in Government and Politics 
"Holmes, Jennifer","Saucedo De La Fuente, David",,,,,PSCI,4348,001,3,17,6,9,4,4,3,4,,,,,4,,,,,,4,jholmes,jennifer holmes,Terrorism 
"Lowry, Robert C",,,,,,PSCI,6324,001,,2,1,1,3,,,,,,,,,,,,,,0,rcl062000,robert lowry,Local and State Government and Politics 
"Peinhardt, Clint W",,,,,,PSCI,6316,001,,7,4,3,1,3,,,,,,,,,,,,,0,cwp052000,clint peinhardt,International Organizations 
"Stewart, Marianne","Dzanie, Raphael K",,,,,IPEC,4376,001,,,,2,8,,,1,,1,,,1,,,,,,0,mstewart,marianne stewart,Foreign Policy and Public Opinion 
"Brunell, Thomas","Gathman, Adrienne E",,,,,PSCI,4344,001,2,10,12,5,4,2,4,8,3,2,4,,4,,,,,,0,tlb056000,thomas brunell,Race and Redistricting 
"Bunte, Jonas B","Taden, John",,,,,IPEC,4302,001,12,9,9,4,4,,,,1,1,,2,,,,,,,4,jbb130330,jonas bunte,Political Economy of Developing Countries 
"Lawson, Kristen A","Bursa, Jennifer N",,,,,BCOM,3100,003,14,17,5,,3,,,,,,,,1,,,,,,1,kal110030,kristen lawson,Professional Development 
"de los Santos, Veronica",,,,,,BCOM,3100,004,4,8,3,3,1,1,,,1,,,,3,,,,,,1,vxd171930,veronica de los santos,Professional Development 
"McCrady, Victoria D",,,,,,BA,3200,001,17,10,4,,2,4,1,,,,1,,2,,,,,,0,vdm130030,victoria mccrady,Introduction to Business Professional Development and Business Communication 
"Moore, Sarah E","O'Dell, Daniel A",,,,,BA,3200,002,2,16,11,2,5,2,,1,,,1,,,,,,,,0,sem054000,sarah moore,Introduction to Business Professional Development and Business Communication 
"Lookadoo, Kathryn","McDonald, Jared M",,,,,BA,3200,003,6,15,8,2,3,,,2,1,,1,,2,,,,,,0,kxl164330,kathryn lookadoo,Introduction to Business Professional Development and Business Communication 
"Moore, Sarah E","O'Dell, Daniel A",,,,,BA,3200,004,,14,13,7,4,3,,,,,,,,,,,,,0,sem054000,sarah moore,Introduction to Business Professional Development and Business Communication 
"Moore, Sarah E","O'Dell, Daniel A",,,,,FIN,3200,001,2,19,9,4,2,,1,,,,,,,,,,,,0,sem054000,sarah moore,Introduction to Business Professional Development and Business Communication 
"Lookadoo, Kathryn","McDonald, Jared M",,,,,FIN,3200,002,5,12,7,5,2,3,,1,,,1,,3,,,,,,0,kxl164330,kathryn lookadoo,Introduction to Business Professional Development and Business Communication 
"Newcomb, Rebecca G",,,,,,BCOM,3200,001,15,7,1,4,2,4,2,1,3,,,,1,,,,,,0,rgn100020,rebecca newcomb,Introduction to Business Professional Development and Business Communication 
"Lawson, Kristen A","Bursa, Jennifer N",,,,,BCOM,3200,501,19,8,5,1,2,,3,,,1,,1,,,,,,,0,kal110030,kristen lawson,Introduction to Business Professional Development and Business Communication 
"Smallwood, James E",,,,,,BCOM,3200,502,17,8,8,,,1,,,,,,1,5,,,,,,0,jes094020,james smallwood,Introduction to Business Professional Development and Business Communication 
"Watson, John M",,,,,,BCOM,3200,5E1,6,6,2,,3,,,2,,,,,1,,,,,,0,jmw077000,john watson,Introduction to Business Professional Development and Business Communication 
"Walton, Michaella",,,,,,MKT,3200,001,,4,8,6,5,2,,3,2,,,1,,,,,,,0,mrw170730,,Introduction to Business Professional Development and Business Communication 
"Watson, John M",,,,,,MKT,3200,002,4,7,2,,2,2,1,,1,,,,1,,,,,,1,jmw077000,john watson,Introduction to Business Professional Development and Business Communication 
"Manzi, Jeff","Chen, Chen",,,,,FIN,4390,001,1,6,2,1,7,1,,,,,,,,,,,,,0,jxm158130,jeffrey manzi,Seminar Series in Finance 
"Bortz, Tiffany A","Cheney, Michael P",,,,,ACCT,3332,002,1,13,3,5,12,4,4,9,3,1,4,2,3,,,,,,2,tabortz,tiffany bortz,Intermediate Financial Accounting II 
"Bowen, Richard M","Cheney, Michael P",,,,,ACCT,4336,001,3,4,9,5,10,9,8,2,1,1,,,1,,,,,,0,rxb073100,richard bowen,Financial Statement Analysis 
"Guler, Lale",,,,,,ACCT,6334,002,,12,1,2,1,,,1,,,,,,,,,,,0,lxg152230,lale guler,Auditing 
"Bowen, Richard M","Cheney, Michael P",,,,,ACCT,6344,001,,24,14,4,1,3,,,,,,,,,,,,,0,rxb073100,richard bowen,Financial Statement Analysis 
"Sohaee, Nassim","Sainathan, Srinivas","Ranabothu, Kavya",,,,ITSS,3311,001,,11,5,5,8,2,5,1,1,,1,,4,,,,,,2,nxs045000,nassim sohaee,Introduction to Programming 
"Narayanasami, Priya","Ranabothu, Kavya",,,,,ITSS,3311,002,9,5,5,9,4,7,2,1,2,1,1,,1,,,,,,0,pxn173330,priya narayanasami,Introduction to Programming 
"Saifee, Danish H",,,,,,ITSS,3311,003,4,9,9,8,5,2,1,2,1,,,1,2,,,,,,1,dxs121230,danish saifee,Introduction to Programming 
"Amirpour, Semiramis",,,,,,MKT,3330,005,2,4,7,2,4,3,1,2,2,1,,1,1,,,,,,0,sxa130731,semiramis amirpour,Introduction to Professional Selling 
"Haruvy, Ernan E","Kaur, Harpreet",,,,,MKT,6337,001,,1,1,1,5,1,1,,,,,,,,,,,,0,eeh017200,ernan haruvy,Predictive Analytics Using SAS 
"Green, Kevin",,,,,,FIN,3330,003,4,24,,5,16,,6,2,,1,,,1,,,,,,0,kxg122730,kevin green,Personal Financial Planning 
"Kaplan, Larry S",,,,,,FIN,3370,002,2,7,12,6,2,3,1,,1,1,,,,,,,,,1,lsk140130,larry kaplan,Principles of Risk Management and Insurance 
"Zentner, Alejandro","Nguyen, Hang M",,,,,MECO,6303,002,,20,11,11,10,1,2,,,,,,,,,,,,1,axz051000,alejandro zentner,Business Economics 
"Zentner, Alejandro","Nguyen, Hang M",,,,,MECO,6303,005,,11,9,25,9,3,1,,,,,,,,,,,,0,axz051000,alejandro zentner,Business Economics 
"Jackson, Kevin",,,,,,PSY,1100,009,31,1,5,,,2,,1,,,,,,,,,,,0,kxj162930,kevin jackson,First Year Seminar 
"Raghavachari, Balaji",,,,,,CS,6301,502,,22,34,15,47,5,1,,,,,,1,,,,,,0,rbk,balaji raghavachari,Special Topics in Computer Science 
"Chandrasekaran, Ramaswamy","De, Partha",,,,,CS,6363,006,,17,10,15,16,4,1,,,,,,1,,,,,,0,chandra,ramaswamy chandrasekaran,Design and Analysis of Computer Algorithms 
"Chandrasekaran, Ramaswamy","Shah, Swair Rajesh",,,,,CS,6301,004,,14,4,1,1,2,,,,,,,,,,,,,0,chandra,ramaswamy chandrasekaran,Special Topics in Computer Science 
"Ohsawa, Tomoki",,,,,,MATH,6331,501,,5,1,1,1,,1,,,,,,1,,,,,,0,txo140730,tomoki ohsawa,Mathematics of Signals  Systems  and Controls 
"Pereira, Luis Felipe F",,,,,,MATH,6342,001,,5,,,2,,,3,,,,,,,,,,,0,lfp140030,luis pereira,Scientific Computing 
"Eydelzon, Anatoly",,,,,,MATH,5390,001,,9,,,,,,,,,,,,,,,,,1,axe031000,anatoly eydelzon,Topics in Mathematics - Level 5 
"Moller, Aage R",,,,,,NSC,4V90,002,,9,,2,1,,,,,,,,,,,,,,0,amoller,aage moller,Special Topics in Neuroscience 
"Ploski, Jonathan E",,,,,,NSC,4362,001,3,15,3,2,3,2,3,2,2,,1,,3,,,,,,2,jep101000,jonathan ploski,Molecular Neuroscience 
"Lu, Hongbing","Rostami, Saman",,,,,MECH,2120,102,3,9,7,3,,,,,,,,,,,,,,,0,hxl101000,hongbing lu,Mechanics of Materials Laboratory 
"Miller, Van S",,,,,,NSC,4V90,001,10,2,,3,2,1,1,1,,,1,,,,,,,,0,vxm077000,van miller,Special Topics in Neuroscience 
"McWilliams, Steven P","Wangzhou, Andi",,,,,NSC,3361,004,1,8,12,10,5,7,3,7,10,6,5,3,13,,,,,,4,sxm127330,steven mcwilliams,Introduction to Neuroscience 
"Minary-Jolandan, Majid","Morsali, Seyedreza",,,,,MECH,2320,002,9,7,7,7,7,7,4,7,,,3,,1,,,,,,0,mxm124631,majid minary,Mechanics of Materials 
"Choi, Wonjae","Santhanagopalan, Vignesh",,,,,MECH,3115,104,3,10,3,1,,1,,,,,,,,,,,,,0,wxc111930,wonjae choi,Fluid Mechanics Laboratory 
"Choi, Wonjae","Balachandran, Balasubramaniam","LeClear, Johnathon D",,,,MECH,3115,105,9,9,,,,,,,,,,,,,,,,,0,wxc111930,wonjae choi,Fluid Mechanics Laboratory 
"Hassanipour, Fatemeh","Jiang, Lin","Wang, Xiaomeng",,,,MECH,3120,105,1,11,5,,1,,,,,,,,,,,,,,0,fxh091000,fatemeh hassanipour,Heat Transfer Laboratory 
"Park, Wooram",,,,,,MECH,6309,001,,6,5,3,3,,1,,,,,,,,,,,,0,wxp103020,wooram park,Intermediate Dynamics 
"Lu, Hongbing",,,,,,MECH,6306,001,,9,5,1,3,,,,,,,,,,,,,,0,hxl101000,hongbing lu,Continuum Mechanics 
"Bernal Montoya, Rodrigo A","Karim, Mohammad R",,,,,MECH,6354,001,,5,5,12,9,,,,,,,,,,,,,,0,rab160530,rodrigo bernal,Experimental Mechanics 
"You, Seung M",,,,,,MECH,7100,001,,,,,,,,,,,,,,,,,,21,0,smy130030,seung you,Seminar in Mechanical Engineering 
"Zhang, Jie","Sun, Mucun",,,,,MECH,6318,501,,15,11,,9,2,,2,,,,,1,,,,,,1,jxz156730,jie zhang,Engineering Optimization 
"Li, Ningzhong","Song, Dongye",,,,,ACCT,6305,003,,13,13,13,6,6,,,,,,,1,,,,,,1,nxl124130,ningzhong li,Accounting for Managers 
"Zhang, Yuan","Chu, Yu Fang",,,,,ACCT,6330,002,,23,,1,12,3,3,2,,,,,,,,,,,0,yxz122931,yuan zhang,Intermediate Financial Accounting I 
"Solcher, Steven J","Nguyen, Ploysirin K",,,,,ACCT,6353,001,,25,17,11,3,1,,,,,,,1,,,,,,0,sjs107020,steven solcher,Fundamentals of Taxation II 
"Roy Bardhan, Anindita","Albritton, Jason M",,,,,HMGT,3311,002,,2,5,2,1,,4,1,,,5,,,,,,,,1,axb149330,anindita bardhan,Healthcare Accounting 
"Guttery, Randall",,,,,,REAL,3305,002,2,3,,,5,,,5,,,4,,4,,,,,,0,rxg112530,randall guttery,Real Estate Principles 
"Schweitzer, Haim","Shah, Swair Rajesh","He, Baokun",,,,CS,6301,006,,33,20,8,14,2,,,,,,,,,,,,,0,haim,haim schweitzer,Special Topics in Computer Science 
"Filbey, Francesca M",,,,,,ACN,6395,002,,18,,,1,,,,,,,,,,,,,,2,fxf013100,francesca filbey,Cognitive Psychology 
"Filbey, Francesca M",,,,,,PSYC,6395,002,,2,,,3,,,1,,,,,,,,,,,0,fxf013100,francesca filbey,Cognitive Psychology 
"Haruvy, Ernan E","Kaur, Harpreet",,,,,BUAN,6337,001,,11,8,4,11,6,1,3,,,,,1,,,,,,0,eeh017200,ernan haruvy,Predictive Analytics Using SAS 
"Biswas, Abhijit","Narula, Rishab","Kasaraneni, Uma Sankar",,,,MKT,6301,0W2,,11,11,11,2,5,5,,,,,,,,,,,,0,axb019100,abhijit biswas,Marketing Management 
"Thompson, Luell O",,,,,,OPRE,6390,0W1,,5,,,2,,,1,,,,,,,,,,,0,lot013000,luell thompson,Enterprise Resource Planning 
"Minden, Alixandre R",,,,,,OPRE,6335,001,,3,7,4,2,,,,,,,,,,,,,,0,arm130430,minden alixandre,Risk and Decision Analysis 
"Stewart, Marianne","Dzanie, Raphael K",,,,,PSCI,4376,001,1,,,7,5,,3,1,2,1,,1,1,,,,,,1,mstewart,marianne stewart,Foreign Policy and Public Opinion 
"Gupta, Neeraj K","Malik, Hemant",,,,,CS,6353,501,,7,3,1,,,,,,,,,,,,,,,0,nkg140130,neeraj gupta,Compiler Construction 
"D'Orazio, Vito","Islam, Iftekhairul",,,,,PSCI,4302,001,1,4,8,6,8,5,3,4,1,,2,,1,,,,,,1,vxd152030,vito dorazio,Data and Policy 
"Friedman, Joseph S","Nahar, Lubaba M",,,,,CE,3101,106,,2,,,6,,,,1,,,,1,,,,,,0,jsf160330,joseph friedman,Electrical Network Analysis Laboratory 
"Rosen, Mark S","Brunetti, Francesca",,,,,AHST,3315,001,2,19,12,11,5,2,2,2,,,,,5,,,,,,1,mxr088000,mark rosen,The Art of the Renaissance 
"Terranova, Charissa",,,,,,AHST,3319,001,2,15,5,5,8,4,,2,2,,1,,4,,,,,,0,cxt074100,charissa terranova,Twentieth Century European Art  Avant-Garde and Aftermath 
"Gossin, Pamela",,,,,,ARHM,3342,003,5,6,6,3,8,1,1,,1,2,,,6,,,,,,1,psgossin,pamela gossin,Advanced Interdisciplinary Studies in the Arts and Humanities 
"Barnes, Ashley",,,,,,ARHM,3342,501,2,11,5,6,2,,1,1,,,1,,6,,,,,,1,axb162631,ashley barnes,Advanced Interdisciplinary Studies in the Arts and Humanities 
"Brown-Pearn, Spencer S",,,,,,ARTS,3340,002,6,11,,,,,,,,,,,,,,,,,0,ssb062000,spencer brown pearn,Topics in Studio Art 
"Polite, Giraud",,,,,,ARTS,3372,501,18,,,,,,,,,,,,1,,,,,,0,gpolite,,Photography  Color 
"Durant, Stephanie D",,,,,,ARTS,4308,001,1,6,7,4,,,,,,,1,,,,,,,,0,ddm043000,,Image Text 
"Pomara, John",,,,,,ARTS,4368,001,3,9,,,,,,,,,,,,,,,,,0,pomara,john pomara,Advanced Visual Arts 
"Chen, Bei",,,,,,CHIN,1301,001,7,3,1,,2,,,,,,,,,,,,,,0,bxc152730,bei chen,Beginning Business Chinese I 
"Dorough, Ramona J",,,,,,COMM,1311,510,5,3,2,1,4,1,1,4,,1,,,1,,,,,,0,rjd140130,ramona dorough,Survey of Oral and Technology-based Communication 
"Totusek, Patricia F",,,,,,COMM,1311,5W4,5,6,5,3,,,,1,,,,1,1,,,,,,1,pft140030,patricia totusek,
"Schlobohm, Maribeth L",,,,,,COMM,3342,001,4,12,2,1,8,1,,,1,,,,,,,,,,0,mls077000,maribeth (betsy) schlobohm,Advanced Topics in Communication 
"Baker, Barbara L",,,,,,COMM,3351,001,,2,1,1,1,4,2,3,1,,,,1,,,,,,2,blb140430,barbara baker,History and Theory of Communication 
"King, Carie S",,,,,,COMM,4314,001,5,6,1,2,,2,,,2,,,1,4,,,,,,1,cxl085200,carie king,Persuasion and Interpersonal Influence 
"Schulze, Jeffrey","Ye, Huiping",,,,,HIST,1301,012,,7,7,4,22,12,8,13,3,2,2,1,4,,,,,,4,jxs072200,jeffrey schulze,U S  History Survey to Civil War 
"Volanto, Keith J","Armentrout, Kenneth C",,,,,HIST,1301,501,,21,,1,19,6,1,14,,2,10,1,12,,,,,,1,kjv062000,keith volanto,U S  History Survey to Civil War 
"Burnett, Lora D","Varghese, Shawn",,,,,HIST,1301,502,11,24,6,12,13,7,4,3,,1,1,,2,,,,,,2,ldb082000,lora burnett,U S  History Survey to Civil War 
"Gray, Megan L",,,,,,ARHM,1100,301,,4,,,4,,,3,,,1,,4,,,,,,0,mlg105020,megan gray,Freshman Seminar 
"Ferguson, Wesley A",,,,,,THEA,1310,001,3,26,11,5,1,,1,,1,,,,,,,,,,0,waf061000,wesley ferguson,Understanding Theatre 
"Ferguson, Wesley A",,,,,,THEA,1310,002,1,39,2,2,3,1,,,,,,,,,,,,,1,waf061000,wesley ferguson,Understanding Theatre 
"Baig, Maryam O",,,,,,THEA,1310,501,,42,,,1,,,1,,,,,1,,,,,,2,baig,maryam baig,Understanding Theatre 
"Hennigan, Edward B",,,,,,THEA,1351,501,2,6,9,2,,,,,1,,,,1,,,,,,0,ebh062000,edward hennigan,Acting 1 
"Lingo, Kathy A",,,,,,THEA,2372,001,,21,1,,,,,,,,,,2,,,,,,0,klingo,kathy lingo,Improvisation 
"Lingo, Kathy A",,,,,,THEA,2372,002,,5,2,3,,,,,,,,,,,,,,,0,klingo,kathy lingo,Improvisation 
"Hibbs, Shelby A",,,,,,THEA,3310,501,2,11,2,,,,,,,,,,,,,,,,0,sah140730,shelby hibbs,Theatre Performance Ensemble 
"Hibbs, Shelby A",,,,,,THEA,3323,501,1,4,4,6,5,1,,3,,,,,,,,,,,1,sah140730,shelby hibbs,Performance in Historical Context 
"Hibbs, Shelby A",,,,,,THEA,3325,001,,6,1,,3,,,,,,,,,,,,,,0,sah140730,shelby hibbs,Directing 
"Lingo, Kathy A",,,,,,THEA,3372,501,,15,1,,,,,,,,,,1,,,,,,0,klingo,kathy lingo,Advanced Improvisation 
"Curchack, Fred",,,,,,THEA,4301,501,4,5,,1,,2,,,,,,,,,,,,,0,curchack,fred curchack,Acting for Film and Video 
"Warren, Shilyh J",,,,,,FILM,3325,001,3,4,4,2,,,1,1,1,,,1,1,,,,,,0,sjw120030,shilyh warren,Film Authorship 
"Wilson, Michael",,,,,,HIST,3320,001,,12,8,8,6,4,2,,,,,,3,,,,,,3,mwilson,michael wilson,Modern Europe 
"Foust, Kristan N",,,,,,HIST,3387,501,4,1,1,4,2,4,1,3,2,2,,3,10,,,,,,2,kef170230,,World History from 1500 
"Rankin, Monica A","Kirk, Stacie L",,,,,HIST,3398,001,1,24,4,1,8,,,1,,,1,,2,,,,,,2,mar046000,monica rankin,Colonial Latin American History 
"Pfister, Debra H",,,,,,HIST,4330,001,6,10,11,5,6,5,1,,,,,,4,,,,,,0,dhpf,debra pfister,The Holocaust 
"Hill, Kimberly D",,,,,,HIST,4357,501,6,3,8,2,1,2,,,,,,,1,,,,,,0,kdh140430,kimberly hill,Topics in African and African-American History 
"Heinz, Annelise M",,,,,,HIST,4378,001,,7,7,4,5,3,1,1,1,,,,6,,,,,,1,amh150930,annelise heinz,Topics in American History 
"Pomara, John",,,,,,HUAS,6339,001,,13,,,,,,,,,,,,,,,,,0,pomara,john pomara,Painting Digital Imaging Video 
"Riccio, Thomas P",,,,,,HUAS,6392,001,,4,2,1,1,,,,,,,,,,,,,,0,txr033000,thomas riccio,Creativity  Image Text Workshop 
"Terranova, Charissa",,,,,,HUAS,7380,501,,4,2,,,,,,,,,,,,,,,,0,cxt074100,charissa terranova,Advanced Topics in Aesthetic Studies 
"Roemer, Nils H",,,,,,HUHI,6313,001,,9,,,,,,,,,,,,,,,,,0,nhr061000,nils roemer,Thought  Culture  and Society in Europe 
"Channell, David",,,,,,HUHI,6313,002,,6,,1,1,,,,,,,,,,,,,,0,channell,david channell,Thought  Culture  and Society in Europe 
"Hill, Kimberly D",,,,,,HUHI,6314,001,,5,1,,1,,,,,,,,,,,,,,1,kdh140430,kimberly hill,Thought  Culture  and Society in the United States 
"Roemer, Nils H",,,,,,HUHI,6320,001,,9,1,,,,,,,,,,,,,,,,0,nhr061000,nils roemer,Perceptions of the Past 
"Patterson, David",,,,,,HUHI,7314,501,,4,,1,2,,,1,,,,,,,,,,,0,dxp103120,david patterson,Advanced Topics in European Thought  Culture  and Society 
"Brown, Matthew",,,,,,HUHI,7387,001,,2,2,1,1,,,,,,,,,,,,,,0,mxb091000,matthew brown,Science and Technology in Western Culture 
"Scotch, Richard",,,,,,PPPE,6350,001,,6,,1,,,,,,,,,,,,,,,0,scotch,richard scotch,Social Stratification 
"King, Carie S",,,,,,COMM,4375,PAC,8,11,1,,,,,,,,,,,,,,,,0,cxl085200,carie king,Professional Communication in Medicine 
"Akins, Emily",,,,,,ARHM,1100,302,,4,,,5,,,2,,,,,1,,,,,,0,exa160630,,Freshman Seminar 
"Vidyasagar, Mathukumalli","Yurkovich, Stephen","Pyne, Moinak",,,,SYSM,6305,001,,6,3,1,3,1,,,,,,,,,,,,,0,mxv091000,mathukumalli vidyasagar,Optimization Theory and Practice 
"Gu, Ming D",,,,,,HUSL,6316,001,,7,2,2,,,,,,,,,1,,,,,,0,mdg073000,ming dong gu,Critical Theory  Major Schools 
"Murphy, Jessica C",,,,,,HUSL,6348,001,,7,5,2,2,,,,,,,,,,,,,,0,jxm092000,jessica murphy,Women in Early Modern Literature 
"Cotter, Sean J",,,,,,HUSL,6381,001,,6,2,1,1,,,,,,,,,,,,,,0,sjc010100,sean cotter,Critical Approaches to Translation 
"Hatfield, Charles D",,,,,,HUSL,6398,501,,12,2,,,,,,,,,,,,,,,,0,cxh074100,charles hatfield,World Literatures 
"Schulte, Rainer",,,,,,HUSL,7322,501,,6,,,,,,,,,,,,,,,,,0,schulte,rainer schulte,Advanced Translation Workshop 
"Cohen, Milton",,,,,,HUSL,7360,001,,2,1,3,,1,1,,,,,,,,,,,,0,mcohen,milton cohen,Advanced Studies in Twentieth Century Literature 
"Saar Hambazaza, Terje",,,,,,LIT,2331,502,3,4,2,1,,1,1,4,,1,2,1,1,,,,,,0,txs018600,terje saar hambazaza,Masterpieces of World Literature 
"Biswas, Madhavi",,,,,,LIT,2331,501,,8,9,2,1,,2,,,,,,1,,,,,,0,mxb128930,madhavi biswas,Masterpieces of World Literature 
"Cotter, Sean J",,,,,,LIT,3312,001,,6,1,4,3,2,4,4,,,,,3,,,,,,1,sjc010100,sean cotter,Studies in Prose Narrative 
"Brewer, Kenneth L",,,,,,LIT,3321,501,2,15,6,5,6,3,2,,1,,,,2,,,,,,1,klb092000,kenneth brewer,Modern British Literature 
"Starnaman, Sabrina",,,,,,LIT,3323,501,2,4,2,7,1,4,,1,,,1,,1,,,,,,1,sxs090100,sabrina starnaman,The American Renaissance 1820-1865 
"Starnaman, Sabrina",,,,,,LIT,3329,001,9,7,1,6,2,3,1,,1,,,,,,,,,,2,sxs090100,sabrina starnaman,Ethnic American Literature 
"Ozsvath, Zsuzsanna",,,,,,LIT,3343,501,1,5,7,7,3,2,1,1,,,,,2,,,,,,1,zozsvath,zsuzsanna ozsvath,European Romanticism 
"Palant, Jonathan",,,,,,MUSI,2127,001,,18,,,,,,,,,,,,,,,,,0,jxp170230,jonathan palant,University Choir 
"Parsoneault, Catherine",,,,,,MUSI,2317,003,5,4,2,,1,3,,1,1,1,1,,1,,,,,,0,cxp160030,catherine parsoneault,Piano I 
"Amato, Lawrence A","del Bosque, Isai",,,,,PHIL,1301,501,4,1,5,9,8,11,5,5,5,2,2,3,5,,,,,,4,laa062000,lawrence amato,Introduction to Philosophy 
"Amato, Lawrence A",,,,,,PHIL,2316,501,4,8,9,3,8,3,1,1,,,,,3,,,,,,2,laa062000,lawrence amato,History of Philosophy I 
"Camacho-Guardado, Lorena",,,,,,SPAN,4364,001,10,4,3,,,,,,,,,,,,,,,,0,lxc163230,amalia lorena camacho guardardo,Advanced Spanish Culture 
"Noland, Jeff",,,,,,FIN,3395,501,,5,3,4,2,4,,,,,,,,,,,,,0,jxn125330,jeff noland,Financial Modeling and Valuation 
"Gafford, Jerome M",,,,,,MKT,3330,502,9,5,5,2,1,3,,,,,,,1,,,,,,2,jmg171130,jerome gafford,Introduction to Professional Selling 
"Golden, Richard",,,,,,ACN,6349,5H1,,9,6,,,,,,,,,,,,,,,,0,golden,richard golden,Intelligent Systems Design 
"Kelly, Mary Lena U",,,,,,SCI,5326,501,,4,,,1,,,,,,,,1,,,,,,0,mlk023000,mary urquhart,Astronomy  Our Place in Space 
"Amirpour, Semiramis",,,,,,MKT,3330,006,15,5,1,1,3,1,,,,,,1,1,,,,,,1,sxa130731,semiramis amirpour,Introduction to Professional Selling 
"Henslee, Austin","Mohan, Karthik",,,,,MIS,6346,501,,8,9,8,6,2,,,,,,,,,,,,,0,axh134230,austin henslee,Big Data Analytics 
"Dogan, Kutsal","Chanda, Dipendu",,,,,MIS,6326,002,,15,9,15,10,9,,1,,,,,,,,,,,0,kxd025000,kutsal dogan,Data Management 
"Thouin, Mark","Gajjar, Sarthak V","Gharge, Padmaja",,,,MIS,6360,0W1,,40,8,,2,,1,,,,,,,,,,,,0,mxt083000,mark thouin,Agile Project Management 
"Henslee, Austin","Mohan, Karthik",,,,,BUAN,6346,501,,7,6,7,3,2,,,,,,,,,,,,,0,axh134230,austin henslee,Big Data Analytics 
"Xia, Jun",,,,,,BPS,7302,001,,6,1,2,,,,,,,,,,,,,,,0,jxx132030,jun xia,Research Methodology 
"Park, Haemin",,,,,,BPS,7307,001,,2,5,1,1,,,,,,,,,,,,,,0,hxp174230,haemin park,Management Scholarship 
"Dogan, Kutsal","Chanda, Dipendu",,,,,MIS,6326,003,,13,6,11,9,4,,3,,,,,1,,,,,,1,kxd025000,kutsal dogan,Data Management 
"Straach, Janell","Ledbetter, Cheryl","Hu, Xinyu",,,,SE,6388,001,,6,,2,,1,,2,,,,,,,,,,,0,jxs017800,janell straach,Software Project Planning and Management 
"Lee, Seunghyun","Jung, Young-Hoon",,,,,IMS,4373,001,,5,18,4,2,2,1,,,,,,,,,,,,0,sxl029100,,Global Strategy 
"Harrison, Richard","Kemp, Ayenda",,,,,OB,6V99,501,,10,,,2,,,1,,,,,,,,,,,1,harrison,richard harrison,Special Topics in Organizational Behavior 
"Carlsen-Landy, Beverly L",,,,,,SOC,3331,0W1,5,5,5,3,7,6,2,,1,3,,2,2,,,,,,0,blc120130,beverly carlsen landy,Education and Society 
"Lanham, Carol C","Love-Hal, Jewell N",,,,,SOC,3343,001,1,16,16,7,9,8,6,2,1,2,,,5,,,,,,1,ccl054000,carol lanham,Sociology of the Family 
"Hennessy, Emily T",,,,,,ED,4343,001,12,3,2,,,,,,,,,,,,,,,,0,eft031000,emily hennessy,Science Methods for Grades EC - 6 
"Simoni, Zachary","Love-Hal, Jewell N",,,,,SOC,4371,001,12,24,19,6,4,5,2,,,1,,,,,,,,,1,zrs160030,zachary simoni,Mental Health and Illness 
"Skaggs, Sheryl L",,,,,,SOC,6344,001,,11,1,,,,,,,,,,1,,,,,,1,slskaggs,sheryl skaggs,Gender and Policy 
"Smith, Erin",,,,,,AMS,2341,HN1,1,8,5,2,2,4,1,,1,,,,1,,,,,,0,erins,erin smith,American Studies for the Twenty-First Century 
"Baetge, Claire",,,,,,HLTH,1301,0W2,2,10,7,2,8,2,1,1,,,,,,,,,,,0,cxb170330,claire baetge,Introduction to Kinesiology 
"Werhnyak, Larissa",,,,,,ISIS,4V89,001,,3,3,1,4,4,1,,1,,,,,,,,,,0,lxw163630,larissa werhnyak,Special Topics in Interdisciplinary Studies 
"Hooton, Edward",,,,,,MATH,1325,007,1,3,9,5,,1,,3,2,3,4,2,10,,,,,,3,exh121730,,Applied Calculus I 
"Norwood, John",,,,,,MATH,1325,009,8,2,13,3,4,5,5,1,1,,1,1,3,,,,,,0,jxn142530,john norwood,Applied Calculus I 
"Pogue, Neall W",,,,,,ISIS,4V89,501,,4,,4,10,2,,1,,,,,,,,,,,2,nxp174730,neall pogue,Special Topics in Interdisciplinary Studies 
"Mussa, Derege",,,,,,MATH,1326,005,12,6,3,3,1,2,2,1,4,2,3,2,3,,,,,,3,dxm146130,derege mussa,Applied Calculus II 
"Rice, David",,,,,,MATH,1326,007,3,5,2,4,4,,2,8,3,1,1,1,8,,,,,,4,dxr143630,david rice,Applied Calculus II 
"Chika, Charles E",,,,,,MATH,2312,005,6,3,4,5,2,2,5,5,2,2,1,1,7,,,,,,2,cec140330,charles chika,Precalculus 
"Li, Changsong",,,,,,MATH,2415,003,2,21,2,5,14,1,4,8,,3,2,,8,,,,,,2,cxl109120,changsong li,Calculus of Several Variables 
"Hoang, Trang T",,,,,,PA,3378,001,10,7,3,,3,2,,1,,,,,1,,,,,,0,tth130030,,Public Finance and Economics 
"Benavides, Teodoro J",,,,,,PA,4351,001,,8,,,2,,,,,,,,,,,,,,0,tjb051000,teodoro benavides,Urban Management 
"Goeckner, Matthew",,,,,,NATS,1101,022,20,5,3,,1,2,2,,,,1,1,,,,,,,0,goeckner,matthew goeckner,Natural Sciences and Mathematics Freshman Seminar 
"Goeckner, Matthew",,,,,,NATS,1101,023,30,2,,1,2,,,,,,,,,,,,,,1,goeckner,matthew goeckner,Natural Sciences and Mathematics Freshman Seminar 
"Candas, Mehmet",,,,,,NATS,1101,024,,33,,,,,,,,,,,,,,,,,0,candas,mehmet candas,Natural Sciences and Mathematics Freshman Seminar 
"Horner, Natasha","Goeckner, Matthew",,,,,NATS,1101,026,,34,,,2,,,,,,,,,,,,,,0,nxh171630,,Natural Sciences and Mathematics Freshman Seminar 
"Packard, Christopher J",,,,,,PA,6342,001,,10,3,1,1,1,,1,,,,,,,,,,,0,cjp102020,christopher packard,
"Lee, Young-Joo",,,,,,PA,6382,501,,6,2,2,2,1,,,,,,,,,,,,,0,yxl093000,young joo lee,Nonprofit Management 
"Duncan, Monique N",,,,,,UNIV,2114,PA1,,,,,,,,,,,,,,,20,,,,0,mxd127830,monique duncan,Portfolio Seminar for UT PACT Students 
"Duncan, Monique N",,,,,,UNIV,2114,PA2,,,,,,,,,,,,,,,20,,,,0,mxd127830,monique duncan,Portfolio Seminar for UT PACT Students 
"Dover, Howard F","Shuang, Qian",,,,,MKT,4331,001,,21,,2,9,,,,,,,,,,,,,,1,hfd021000,howard dover,Digital Prospecting 
"Smith, Kenneth L",,,,,,FIN,6301,005,,14,1,,5,4,,,,,,,,,,,,,1,kls110030,ken smith,Financial Management 
"Springate, David J",,,,,,FIN,6355,001,,4,3,1,2,1,,,,,,,,,,,,,0,spring8,david springate,Corporate Finance and Policy 
"Dabkowski, Mieczyslaw K","Lama, Sonam",,,,,MATH,2420,HN1,6,8,,2,1,,,1,,,,,1,,,,,,0,mkd034000,mieczyslaw dabkowski,Differential Equations with Applications 
"Ramakrishna, Viswanath","Akrobotu, Prosper D",,,,,MATH,2417,HN1,14,6,,,,,,,,,,,,,,,,,0,vish,viswanath ramakrishna,Calculus I 
"Prasad, Ashutosh",,,,,,MKT,6301,503,,10,3,3,1,,,,,,,,,,,,,,0,aprasad,ashutosh prasad,Marketing Management 
"Kumar, Nanda","Bhave, Ashutosh C",,,,,MKT,6323,001,,13,,,9,,,1,,,,,,,,,,,0,nkumar,nanda kumar,Database Marketing 
"Saeed, Kashif","Shanmukh, Shravya",,,,,MIS,6309,0W2,,11,10,10,10,,,,,,,,,,,,,,0,kxs147230,kashif saeed,Business Data Warehousing 
"Saeed, Kashif","Jain, Mohit",,,,,MIS,6345,0W1,,12,8,6,2,,,,,,,,,,,,,,0,kxs147230,kashif saeed,High Performance Analytics 
"Saeed, Kashif","Jain, Mohit",,,,,BUAN,6345,0W1,,6,1,3,9,2,,,,,,,,,,,,,0,kxs147230,kashif saeed,High Performance Analytics 
"Henslee, Austin","Mohan, Karthik",,,,,BUAN,6346,502,,14,13,14,8,5,,,,,,,,,,,,,0,axh134230,austin henslee,Big Data Analytics 
"Murphy, Jessica C",,,,,,HONS,3199,H10,,14,,,,,,,,,,,,,,,,,0,jxm092000,jessica murphy,Collegium V Honors Readings 
"Miller, Van S",,,,,,HONS,3199,H13,6,9,,,,,,,,,,,,,,,,,0,vxm077000,van miller,Collegium V Honors Readings 
"Rankin, Monica A",,,,,,HONS,3199,H19,,10,,,,,,,,,,,,,,,,,0,mar046000,monica rankin,Collegium V Honors Readings 
"Saeed, Kashif","Shanmukh, Shravya",,,,,ACCT,6309,0W2,,1,,4,1,,,,,,,,,,,,,,2,kxs147230,kashif saeed,Business Data Warehousing 
"Dodge, Nathan B",,,,,,EE,2310,001,28,5,2,2,1,,6,1,2,1,,1,4,,,,,,0,dodge,nathan dodge,Introduction to Digital Systems 
"Dodge, Nathan B",,,,,,EE,2310,501,19,3,1,4,6,5,2,2,5,1,,1,5,,,,,,3,dodge,nathan dodge,Introduction to Digital Systems 
"Florence, James M","Abbasalipour, Amin","Baral, Ashwin Bhobani","Kumar, Varun Subramaniam",,,EE,1100,001,,19,14,6,15,9,5,3,,,3,,4,,,,,,3,jmf130530,james florence,Introduction to Electrical Engineering 
"Florence, James M",,,,,,EE,1100,002,,21,12,6,21,7,6,8,3,,,,6,,,,,,0,jmf130530,james florence,Introduction to Electrical Engineering 
"Florence, James M",,,,,,EE,1100,003,,16,10,11,16,15,6,6,1,,2,,2,,,,,,4,jmf130530,james florence,Introduction to Electrical Engineering 
"Thamban, P.L.Stephan","Garimella, Martand Mayukh",,,,,MECH,2330,501,1,2,,5,3,2,1,3,4,2,3,,,,,,,,0,stephan,p l stephan thamban,Dynamics 
"Khan, Ziaullah","Kadiyala, Krishna P","Shams, Shahab","Chaparro Arenas, Oscar Javier",,,CS,3345,502,15,3,7,7,4,3,4,1,,,,,2,,,,,,1,kkhan,ziaullah khan,Data Structures and Introduction to Algorithmic Analysis 
"Vidyasagar, Mathukumalli",,,,,,MECH,6323,001,,5,6,2,,1,,,,,,,,,,,,,0,mxv091000,mathukumalli vidyasagar,Robust Control Systems 
"Dissanayake, Dushanthi S","Weiland, Ashley",,,,,CHEM,1111,602,6,14,7,,1,1,,,,,,,,,,,,,1,dxd122030,dushanthi dissanayake,General Chemistry Laboratory I 
"Karunathilake, Arosha A","Sturgeon, Grant J",,,,,CHEM,1111,603,8,15,1,,,2,,,,,1,,3,,,,,,0,axk113330,,General Chemistry Laboratory I 
"Dissanayake, Dushanthi S","Ren, Yi Xin",,,,,CHEM,1111,604,4,16,2,1,,1,,2,1,,1,,,,,,,,2,dxd122030,dushanthi dissanayake,General Chemistry Laboratory I 
"Higgins, Austin M",,,,,,FIN,4390,501,11,15,,,,,,,,,,,,,,,,,0,amh099020,austin higgins,Seminar Series in Finance 
"Huang, Yu","Jayawickramage, Rangana Aloka",,,,,CHEM,1311,006,4,9,9,9,9,18,9,9,12,6,9,2,24,,,,,,5,yxh091220,yu huang,General Chemistry I 
"Shah, Shailesh N","Shamir, Alexandra","Saavedra, Daniel P",,,,CHEM,2123,125,6,19,4,,,,,,,,,,,,,,,,0,sns170230,shailesh shah,Introductory Organic Chemistry Laboratory I 
"Lv, Bing","Wu, Hanlin",,,,,PHYS,2325,003,17,10,6,9,12,10,3,8,5,7,1,,8,,,,,,2,bxl152230,bing lv,Mechanics 
"Mcmechan, George",,,,,,GEOS,5384,001,,1,1,4,1,,,,,,,,,,,,,,0,mcmec,,Near-Surface Geophysical Imaging 
"Griffin, William R","Hetti Pathirannehelage, Diluni Ayeshika W",,,,,GEOS,3421,001,4,2,3,8,2,1,,,,,,,,,,,,,0,griffin,william griffin,Stratigraphy and Sedimentology 
"Shilpakar, Prabin","Landreneau, Lauren A","Sokol, Sarah A",,,,GEOS,1303,003,1,1,2,3,1,4,5,3,,2,2,,3,,,,,,3,pxs077000,prabin shilpakar,Physical Geology 
"Dodge, Nathan B",,,,,,CE,2310,001,14,2,,1,4,4,1,,1,1,2,,6,,,,,,0,dodge,nathan dodge,Introduction to Digital Systems 
"Dodge, Nathan B",,,,,,CE,2310,501,10,,2,,7,1,,1,3,1,1,1,2,,,,,,2,dodge,nathan dodge,Introduction to Digital Systems 
"Khan, Ziaullah","Kadiyala, Krishna P","Shams, Shahab","Chaparro Arenas, Oscar Javier",,,SE,3345,502,1,,,2,4,,,3,,,1,,,,,,,,0,kkhan,ziaullah khan,Data Structures and Introduction to Algorithmic Analysis 
"Sibert, John W",,,,,,CHEM,1115,HN1,6,22,2,,,,,,,,,,,,,,,,0,sibertj,john sibert,Honors Freshman Chemistry Laboratory I 
"Sibert, John W",,,,,,CHEM,1315,HN1,5,11,3,4,2,4,,1,,,,,,,,,,,0,sibertj,john sibert,Honors Freshman Chemistry I 
"Thompson, Christina M","Ahmadi-Tehrani, Dara",,,,,CHEM,2127,HN1,15,5,,,,,,,,,,,,,,,,,1,cmt120030,christina thompson,Honors Organic Chemistry Laboratory I 
"Biewer, Michael C",,,,,,CHEM,2327,HN1,,13,1,2,1,2,1,,1,,,,,,,,,,1,biewerm,michael biewer,Honors Organic Chemistry I 
"Chan, Julia Y",,,,,,CHEM,5341,001,,5,,5,2,,,1,,,,,1,,,,,,1,jyc130130,julia chan,Advanced Inorganic Chemistry I 
"Zheng, Jie",,,,,,CHEM,6V59,001,,3,4,,,,,,,,,,,,,,,,0,jxz087000,jie zheng,Special Topics in Analytical Chemistry 
"Meloni, Gabriele",,,,,,CHEM,6361,501,,1,7,1,1,2,,,,,,,,,,,,,0,gxm152330,gabriele meloni,Physical Biochemistry 
"Ali, Mohammed Z","Mitra, Arkadeep",,,,,ENGR,2300,001,,24,,6,8,4,1,6,,,,,,,,,,,0,mohammed,ali mohammed,Linear Algebra for Engineers 
"Deluke, Eugene","Patil, Lalit D",,,,,OPRE,3310,0W2,1,13,,3,13,,1,12,,,3,,,,,,,,0,gxd052000,eugene deluke,Operations Management 
"Heins, Matthew S","Yao, Haohan",,,,,EERF,7V89,001,,21,,,,,,,,,,,,,,,,,0,msh130130,matthew heins,Special Topics in RF and Microwave Systems 
"Sethi, Awanti","Chen, Jiayu",,,,,OPRE,6301,502,,14,8,13,9,2,4,5,,,,,2,,,,,,4,asethi,awanti sethi,Statistics and Data Analysis 
"Grigsby, Mike",,,,,,MKT,6V99,001,,5,,,8,,,,,,,,,,,,,,0,mxg153330,mike grigsby,Special Topics in Marketing 
"Moshier, Jeffrey H",,,,,,MKT,4V93,501,2,2,2,1,1,4,1,1,,,,,,,,,,,2,jhm061000,jeffrey moshier,Seminar Series in Marketing 
"Morgan, Barbara",,,,,,ECS,3390,007,,1,2,4,5,,1,1,1,,,3,,,,,,,1,bem160830,barbara morgan,Professional and Technical Communication 
"Dickson, Deborah W",,,,,,ECS,3390,008,,5,4,9,,,,,1,,,,,,,,,,0,dwd150030,deborah dickson,Professional and Technical Communication 
"Ware, Taylor H",,,,,,BMEN,6V87,002,,1,3,1,1,,,1,,,,,,,,,,,0,thw090020,,Special Topics in Biomedical Engineering 
"Torlak, Murat","Baral, Ashwin Bhobani",,,,,EESC,6390,001,,7,3,5,5,4,,,,,,,,,,,,,0,torlak,murat torlak,Introduction to Wireless Communication Systems 
"Kehtarnavaz, Nasser","Dawar, Neha",,,,,EESC,6363,001,,3,7,3,8,2,4,4,,,,,,,,,,,3,nxk019000,nasser kehtarnavaz,Digital Image Processing 
"Nosratinia, Aria",,,,,,EESC,6344,001,,4,3,,,,,,,,,,,,,,,,1,aria,aria nosratinia,Coding Theory 
"Fey, Nicholas","Li, Wentao",,,,,BMEN,2320,003,,8,,,13,,,7,,,1,,1,,,,,,0,nxf160530,nicholas fey,Statics 
"Case, Allison B","Shimizu, Eileen N",,,,,BMEN,3130,101,,4,5,2,,,,2,1,,,,1,,,,,,1,abc130530,allison case,Engineering Physiology Laboratory 
"Dai, Xianming",,,,,,MECH,6375,001,,5,5,1,,,,,,,,,1,,,,,,0,xxd161630,xianming dai,Boiling Heat Transfer and Two-Phase Flow 
"Hazzard, Charles F",,,,,,IMS,3310,HO2,4,6,2,1,,,,,,,,,,,,,,,0,cxh056000,charles hazzard,International Business 
"Schlereth, Eric R","Hanna, John M",,,,,HIST,1301,013,,12,10,8,18,13,10,5,3,3,1,,4,,,,,,2,exs082000,eric schlereth,U S  History Survey to Civil War 
"Morales, Linda","Hogue, Steven D",,,,,CS,3305,002,5,10,9,6,7,8,,11,,,1,,1,,,,,,10,lxm014000,linda morales,Discrete Mathematics for Computing II 
"Zhou, Xiaolu",,,,,,ACCT,2301,007,3,10,5,4,7,10,,8,5,,5,,3,,,,,,0,xxz142230,xiaolu zhou,Introductory Financial Accounting 
"Meier, Jean-Marie","Chen, Chen",,,,,FIN,4310,003,9,2,4,2,,5,3,4,4,3,2,,2,,,,,,1,jmm172030,jean marie meier,Intermediate Business Finance 
"Webb, Jennifer H","Park, Jinkyu",,,,,EE,3302,002,3,11,13,11,5,4,1,1,,,,,1,,,,,,0,jhw170130,jennifer webb,Signals and Systems 
"Fahimi, Babak","Luo, Ziyang",,,,,EE,3301,002,,8,,1,3,1,5,2,1,,1,,5,,,,,,1,bxf102000,babak fahimi,Electrical Network Analysis 
"Webb, Jennifer H","Park, Jinkyu",,,,,CE,3302,002,1,,2,1,2,3,1,,,,,,,,,,,,0,jhw170130,jennifer webb,Signals and Systems 
"Fahimi, Babak","Luo, Ziyang",,,,,CE,3301,002,,,1,2,1,2,6,3,,,4,,1,,,,,,0,bxf102000,babak fahimi,Electrical Network Analysis 
"Root, Alexey",,,,,,ED,4358,0W2,5,11,,,3,,,,1,,,,,,,,,,1,aroot,alexey root,Chess I  Using Chess in Schools 
"Radhakrishnan, Suresh","Varghese, Danny",,,,,ACCT,6301,MBC,,31,13,6,3,,,,,,,,,,,,,,0,sradhakr,suresh radhakrishnan,
"Ali, Ashiq","Kale, Devendra",,,,,ACCT,6301,0W1,,10,15,5,5,3,2,,,,,,,,,,,,3,axa042200,ashiq ali,Financial Accounting 
"Guler, Lale",,,,,,ACCT,6301,501,,29,3,6,6,3,3,3,,,,,1,,,,,,1,lxg152230,lale guler,Financial Accounting 
"Radhakrishnan, Suresh","Varghese, Danny",,,,,ACCT,6301,MBP,,25,13,3,3,,,,,,,,,,,,,,1,sradhakr,suresh radhakrishnan,
"Peabody, Stephen D","Suntreerat, Patchara",,,,,FIN,3320,010,4,6,7,5,3,5,2,2,7,,2,2,2,,,,,,1,sdp093020,,Business Finance 
"Davis, Renee",,,,,,ED,4351,001,10,9,5,1,1,,,,,,,,,,,,,,0,rrd160530,renee davis,ESL for K-12 Teachers 
"Farmer, J Michael",,,,,,HIST,4358,001,,3,1,4,7,4,3,6,1,1,1,2,1,,,,,,2,jmf073000,michael farmer,Topics in Asian History 
"Ferguson, John F",,,,,,GEOS,5381,001,,5,,,2,,,,,,,,,,,,,,0,ferguson,john ferguson,Digital Geophysical Signal Processing 
"Ramakrishna, Viswanath",,,,,,MATH,4301,002,3,2,1,1,2,,1,,1,,,,1,,,,,,1,vish,viswanath ramakrishna,Mathematical Analysis I 
"Case, Allison B",,,,,,BMEN,7341,001,,21,,,,,,,,,,,,,,,,,0,abc130530,allison case,Biostatistics 
"Knight, Kim A",,,,,,ATCM,6300,001,,8,2,2,,2,1,,,,,,,,,,,,0,kak102020,kim knight,Approaches to Arts  Technology  and Emerging Communication 
"MacDonald, Dale W",,,,,,ATCM,6304,001,,8,,,,,,,,,,,,,,,,,0,dwm160130,,Computer Processing for Arts  Technology  and Emerging Communication 
"Johnson, Casey A",,,,,,ATCM,6305,001,,1,3,1,3,1,,,,,,,,,,,,,0,caj150430,casey johnson,Animation Creative Practices 
"McComber, Sean",,,,,,ATCM,6312,001,,3,,,3,,,1,,,,,,,,,,,0,sxm129130,sean mccomber,Digital Cinematography 
"Scott, Andrew F",,,,,,ATCM,6321,001,,9,,,,,,,,,,,,,,,,,0,afs140330,andrew scott,Digital Fabrication 
"Malina, Roger F",,,,,,ATCM,6325,501,,3,4,2,,,,,,,,,,,,,,,1,rxm116130,,Arts  Science  and Humanities 
"Nguyen, Josef D",,,,,,ATCM,6336,001,,1,2,1,1,,,,,,,,1,,,,,,0,jdn160330,josef nguyen,Critical Game Studies 
"Nazir, Cassini",,,,,,ATCM,6365,501,,4,2,,1,,,,,,,,,,,,,,0,cassini,cassini nazir,Design Principles 
"Burrough, Xtine",,,,,,ATCM,6377,501,,8,2,,1,,,,,,,,,,,,,,1,cxb153930,xtine burrough,Creativity as Social Practice 
"Lee, Angela M",,,,,,ATCM,6392,501,,4,,,2,,,1,,,,,,,,,,,0,aml140530,angela lee,Journalism and the Digital Network 
"Cooley, Heidi",,,,,,ATCM,7331,501,,5,3,1,,,,,,,,,,,,,,,0,hxc176430,heidi cooley,Research Methodology in Arts  Technology  and Emerging Communication 
"Lester, Paul","Park, Gue Won",,,,,ATCM,1100,002,,13,,,5,,,11,,,,,3,,,,,,0,pxl152030,paul lester,Freshman Seminar 
"Wood, Harold G",,,,,,ATCM,1100,003,,24,,,,,,,,,,,,,,,,,0,hgw021000,harold wood,Freshman Seminar 
"Wood, Harold G",,,,,,ATCM,1100,004,,32,,,,,,,,,,,1,,,,,,0,hgw021000,harold wood,Freshman Seminar 
"Boyd, Elizabeth","Murphy, Morgan K",,,,,ATCM,1100,005,14,,7,1,2,1,,2,1,1,2,,1,,,,,,1,esp041000,elizabeth boyd,Freshman Seminar 
"Nielsen, Christina R","Owens, Samantha L",,,,,ATCM,1100,006,,23,2,2,3,1,1,,1,,,2,2,,,,,,0,crn022000,christina nielsen,Freshman Seminar 
"Porritt, Joseph","Benke, Nicholas P","Aldridge, Donna A","Nazir, Cassini",,,ATCM,2302,001,13,9,2,1,1,1,,1,,1,,,1,,,,,,0,daa170730,donna aldridge,Design I 
"Porritt, Joseph","Benke, Nicholas P","Aldridge, Donna A","Nazir, Cassini",,,ATCM,2302,002,19,4,2,1,2,,,,,,,,,,,,,,0,daa170730,donna aldridge,Design I 
"Hewitt, Sharon","Porritt, Joseph","Benke, Nicholas P",,,,ATCM,2302,003,11,3,5,2,1,1,3,1,2,,,,,,,,,,0,sxh090220,sharon hewitt,Design I 
"Porritt, Joseph","Benke, Nicholas P","Aldridge, Donna A","Nazir, Cassini",,,ATCM,2302,004,9,11,1,2,1,,2,1,,,,,1,,,,,,1,daa170730,donna aldridge,Design I 
"Porritt, Joseph","Benke, Nicholas P","Aldridge, Donna A","Nazir, Cassini",,,ATCM,2302,005,15,7,5,1,,1,,,,,,,,,,,,,0,daa170730,donna aldridge,Design I 
"Hewitt, Sharon","Porritt, Joseph","Benke, Nicholas P",,,,ATCM,2302,006,8,5,6,2,3,3,,1,,,,1,1,,,,,,0,sxh090220,sharon hewitt,Design I 
"Hewitt, Sharon","Benke, Nicholas P","Porritt, Joseph",,,,ATCM,2302,501,8,7,3,3,,4,1,1,1,,,,,,,,,,1,sxh090220,sharon hewitt,Design I 
"Salter, Monika","Narramore, Karyn M",,,,,ATCM,2303,001,19,7,8,4,3,2,1,,1,,,,,,,,,,1,mxs176131,monika salter,Project Management for Arts  Technology  and Emerging Communication I 
"Oropallo, Kara I","Narramore, Karyn M",,,,,ATCM,2303,002,7,7,9,8,5,6,2,1,1,,,,,,,,,,0,kio160030,kara oropallo,Project Management for Arts  Technology  and Emerging Communication I 
"Oropallo, Kara I","Carr, Adam M",,,,,ATCM,2303,501,4,8,9,4,2,5,,,,,,,,,,,,,0,kio160030,kara oropallo,Project Management for Arts  Technology  and Emerging Communication I 
"Oropallo, Kara I","Carr, Adam M",,,,,ATCM,2303,502,11,14,14,4,3,2,,,,,,,,,,,,,0,kio160030,kara oropallo,Project Management for Arts  Technology  and Emerging Communication I 
"Imaoka, Laura",,,,,,ATCM,2320,002,,,5,4,4,4,,,,,,,2,,,,,,1,lxi170030,laura imaoka,Critical Media Research Foundations 
"Hall, Phillip",,,,,,ATCM,2305,001,,135,6,,,,,,,,2,,2,,,,,,3,pxh151330,phillip hall,Computer Animation Processes 
"Scott, Andrew F","Marder, Amanda K",,,,,ATCM,2355,001,1,2,2,2,4,,1,3,,,,,4,,,,,,1,afs140330,andrew scott,Survey of Digital Fabrication 
"Fitzgerald, Harold E",,,,,,ATCM,2345,001,1,6,6,1,2,2,,,,,,,2,,,,,,1,hxf170830,hal fitzgerald,Sound Design 
"Fitzgerald, Harold E",,,,,,ATCM,2345,002,1,8,7,,2,1,,,1,,,,3,,,,,,0,hxf170830,hal fitzgerald,Sound Design 
"Fitzgerald, Harold E",,,,,,ATCM,2345,003,,7,9,3,2,2,,,1,,,,,,,,,,1,hxf170830,hal fitzgerald,Sound Design 
"Fitzgerald, Harold E",,,,,,ATCM,2345,004,3,4,5,,1,2,1,,1,,,1,,,,,,,1,hxf170830,hal fitzgerald,Sound Design 
"Andreen, Michael T","Harper, Richard C","Bernfeld, Luke S","West, Stephen B","Drury, Hannah E",,ATCM,2365,501,,77,,,42,,,12,,,4,,3,,,,,,2,mta072000,michael andreen,Game Design Fundamentals 
"Joyce, Lindsey",,,,,,ATCM,3301,001,2,8,4,1,1,2,,1,,,,,2,,,,,,1,lxj132030,,Digital Content Design 
"Joyce, Lindsey",,,,,,ATCM,3301,002,9,6,4,1,3,1,1,,,,,,,,,,,,0,lxj132030,,Digital Content Design 
"Joyce, Lindsey",,,,,,ATCM,3301,003,4,9,6,2,1,1,,1,,,,,,,,,,,0,lxj132030,,Digital Content Design 
"Joyce, Lindsey",,,,,,ATCM,3301,004,12,6,3,1,1,1,,,,,,,,,,,,,0,lxj132030,,Digital Content Design 
"Fechter, Todd A",,,,,,ATCM,3309,001,2,6,6,1,5,,,,,,,,,,,,,,0,taf051000,todd fechter,Pre-Production Design I 
"Nielsen, Christina R",,,,,,ATCM,3330,001,,5,10,5,2,2,,1,,,,,,,,,,,0,crn022000,christina nielsen,Digital Art and Social Practice 
"Nielsen, Christina R",,,,,,ATCM,3330,002,,12,8,4,4,,,1,,,,,,,,,,,0,crn022000,christina nielsen,Digital Art and Social Practice 
"Drogos, Kristin L",,,,,,ATCM,3385,001,,7,5,3,4,5,1,2,1,,1,1,,,,,,,0,kld140230,kristen drogos,Social Networks 
"Andreen, Michael T",,,,,,ATCM,4376,001,,10,18,,,,,1,,,,,,,,,,,0,mta072000,michael andreen,Game Production Lab I 
"Nielsen, Christina R",,,,,,ATCM,4397,002,1,3,4,1,5,2,1,,,,,1,,,,,,,0,crn022000,christina nielsen,
"Lewis, Timothy M",,,,,,ATCM,4397,004,1,2,4,4,3,1,3,,1,,,,1,,,,,,0,tml062000,timothy lewis,
"Hall, Phillip",,,,,,ATCM,4397,005,,6,,,4,,,,,,1,,,,,,,,0,pxh151330,phillip hall,
"Miller, Van S",,,,,,NSC,4350,001,2,7,1,2,3,1,,1,1,,4,,2,,,,,,1,vxm077000,van miller,Medical Neuropathology 
"Christopher, Timothy V",,,,,,ATCM,1100,007,,13,4,,4,1,,1,,,,1,8,,,,,,1,khimbar,timothy christopher,Freshman Seminar 
"Christopher, Daedra","Larson, Sarah R","Nazir, Cassini",,,,ATCM,2301,001,2,4,8,4,2,3,1,1,1,1,,,1,,,,,,0,dxe093020,daedra christopher,Computer Imaging 
"Christopher, Daedra","Larson, Sarah R","Nazir, Cassini",,,,ATCM,2301,002,1,9,10,2,4,1,,1,1,,,,1,,,,,,0,dxe093020,daedra christopher,Computer Imaging 
"Christopher, Daedra","Larson, Sarah R","Nazir, Cassini",,,,ATCM,2301,003,4,14,2,2,1,2,1,1,,,,1,1,,,,,,1,dxe093020,daedra christopher,Computer Imaging 
"Naz, Asma","Nazir, Cassini",,,,,ATCM,2301,004,1,11,7,2,1,1,,,,,3,,2,,,,,,0,axn094120,asma naz,Computer Imaging 
"Naz, Asma","Nazir, Cassini",,,,,ATCM,2301,005,1,10,5,3,4,1,1,2,,,2,,,,,,,,0,axn094120,asma naz,Computer Imaging 
"Lester, Paul","Nazir, Cassini",,,,,ATCM,2301,006,,7,,,17,,,2,,,,,,,,,,,3,pxl152030,paul lester,Computer Imaging 
"Lester, Paul","Nazir, Cassini",,,,,ATCM,2301,501,,11,,,12,,,4,,,,,2,,,,,,0,pxl152030,paul lester,Computer Imaging 
"Naz, Asma","Nazir, Cassini",,,,,ATCM,2301,502,3,8,8,1,2,3,,,,,,1,2,,,,,,1,axn094120,asma naz,Computer Imaging 
"Camacho, Christopher J",,,,,,ATCM,3305,001,1,1,2,3,3,2,2,2,6,3,1,,3,,,,,,0,cjc043000,christopher camacho,Computer Animation I 
"Hall, Phillip",,,,,,ATCM,3305,002,,9,7,,7,1,,3,,,1,,1,,,,,,0,pxh151330,phillip hall,Computer Animation I 
"Boyd, Elizabeth",,,,,,ATCM,3306,001,1,,2,6,2,2,1,3,3,2,1,1,4,,,,,,2,esp041000,elizabeth boyd,Modeling and Texturing I 
"McCord, Peter A",,,,,,ATCM,3306,002,,1,3,1,2,6,,2,2,,1,,6,,,,,,5,pam062000,peter mccord,Modeling and Texturing I 
"Taylor, Kevin R",,,,,,ATCM,3306,501,,1,,1,,2,1,1,,1,,1,9,,,,,,3,krt052000,,Modeling and Texturing I 
"McCord, Peter A",,,,,,ATCM,3307,001,,1,6,1,7,3,2,2,2,,1,,1,,,,,,3,pam062000,peter mccord,Lighting and Composition I 
"McCord, Peter A",,,,,,ATCM,3307,002,,,2,6,6,3,3,1,,2,3,,1,,,,,,2,pam062000,peter mccord,Lighting and Composition I 
"Camacho, Christopher J",,,,,,ATCM,3308,001,2,7,,3,3,2,,2,2,,,,5,,,,,,0,cjc043000,christopher camacho,Rigging I 
"Camacho, Christopher J",,,,,,ATCM,3308,002,1,4,1,1,,1,,,,1,1,,4,,,,,,0,cjc043000,christopher camacho,Rigging I 
"Banner, Olivia P",,,,,,ATCM,3321,001,,11,6,4,7,2,,,,,,,,,,,,,0,opb140030,olivia banner,Networked Identities 
"Starzer, Kenneth W",,,,,,ATCM,3335,001,3,5,5,6,3,4,1,1,1,,,,,,,,,,0,kws042000,ken starzer,Internet Studio II 
"Maxwell, Chelsea L",,,,,,ATCM,3337,501,2,3,6,1,1,,1,1,,,,1,1,,,,,,0,clg093020,,Interaction Design I 
"Camacho, Christopher J",,,,,,ATCM,3338,001,8,4,6,1,4,2,,,,,1,,1,,,,,,1,cjc043000,christopher camacho,Motion Graphics I 
"Chandler, Adam W",,,,,,ATCM,3338,002,1,4,8,1,5,3,,,3,,1,1,,,,,,,2,awc051000,adam chandler,Motion Graphics I 
"Minnish, Roxanne W",,,,,,ATCM,3340,001,4,12,2,5,3,2,,,1,,,,,,,,,,1,rwm061000,roxanne minnish,Design II 
"Minnish, Roxanne W",,,,,,ATCM,3340,002,8,13,2,4,2,,1,,,,,,,,,,,,0,rwm061000,roxanne minnish,Design II 
"Minnish, Roxanne W",,,,,,ATCM,3340,003,10,11,4,1,2,,,,,,,,,,,,,,0,rwm061000,roxanne minnish,Design II 
"Dowling, Patrick G",,,,,,ATCM,3350,001,,27,1,,,,,,,,,,1,,,,,,0,pdd091000,patrick dowling,Digital Video Production I 
"Stephens, Michael H",,,,,,ATCM,3350,501,1,13,5,1,1,,,,,,,,,,,,,,0,mhs083000,,Digital Video Production I 
"Stephens, Michael H",,,,,,ATCM,3350,502,3,19,1,,,,,,1,,1,,,,,,,,0,mhs083000,,Digital Video Production I 
"Dowling, Patrick G",,,,,,ATCM,3350,503,,22,,,,,,,,,,,,,,,,,0,pdd091000,patrick dowling,Digital Video Production I 
"Wu, Hong An",,,,,,ATCM,3366,001,2,5,5,1,1,2,1,,,1,,,3,,,,,,0,hxw173930,hong wu,Game Studies I 
"Chandler, Adam W",,,,,,ATCM,3367,001,1,2,3,3,4,10,1,2,1,,,,2,,,,,,1,awc051000,adam chandler,Level Design I 
"Billingslea, Steven L",,,,,,ATCM,3367,501,7,7,5,4,2,1,,,1,,,,1,,,,,,1,slb073000,steven billingslea,Level Design I 
"Chandler, Adam W",,,,,,ATCM,3368,001,1,1,4,2,3,1,,1,9,,,2,2,,,,,,3,awc051000,adam chandler,Scripting for Games I 
"Koknar, Cenk",,,,,,ATCM,3368,002,,1,3,4,4,3,,2,2,1,1,,6,,,,,,0,cxk151530,,Scripting for Games I 
"Evans, Monica J",,,,,,ATCM,3369,001,,11,2,1,2,,,,3,,,,,,,,,,0,mevans,monica evans,Games and Narrative I 
"Lewis, Timothy M",,,,,,ATCM,3370,001,,3,3,2,4,5,2,1,2,,,,1,,,,,,1,tml062000,timothy lewis,Virtual Environments 
"Wu, Wei L","Yuan, Jing",,,,,CS,6360,005,,11,11,10,6,,,,,,,,,,,,,,0,wxw020100,weili wu,Database Design 
"Huynh, Dung T","Dhoked, Sahil",,,,,CS,6363,008,,8,4,2,1,,,,,,,,,,,,,,0,huynh,dung huynh,Design and Analysis of Computer Algorithms 
"Ruozzi, Nicholas R","Xiong, Hao",,,,,CS,6375,005,,12,9,6,3,4,1,,,,,,2,,,,,,1,nrr150130,nicholas ruozzi,Machine Learning 
"Lewis, Timothy M",,,,,,ATCM,3370,002,1,2,5,4,3,2,2,1,2,1,,,2,,,,,,1,tml062000,timothy lewis,Virtual Environments 
"Hall, Phillip",,,,,,ATCM,4305,001,,1,4,1,4,3,,,,,,,,,,,,,0,pxh151330,phillip hall,Computer Animation II 
"Boyd, Elizabeth",,,,,,ATCM,4306,001,,,2,7,5,2,,,2,,1,,,,,,,,2,esp041000,elizabeth boyd,Modeling and Texturing II 
"Farrar, Eric T",,,,,,ATCM,4308,001,,2,1,1,3,2,1,1,,1,,,,,,,,,0,etf091000,eric farrar,Rigging II 
"Kitagawa, Midori",,,,,,ATCM,4310,001,4,5,3,3,2,,,1,,,,,,,,,,,0,mxk047100,,Motion Capture Animation 
"Burrough, Xtine",,,,,,ATCM,4330,001,,12,7,2,4,1,1,2,,,,,,,,,,,1,cxb153930,xtine burrough,Culture Jamming 
"Nazir, Cassini",,,,,,ATCM,4337,001,2,14,10,2,2,,,,,,,,,,,,,,0,cassini,cassini nazir,Interaction Design II 
"Stewart, Michael C",,,,,,ATCM,4365,001,,1,2,,2,2,1,1,1,,1,1,3,,,,,,4,mxs128231,michael stewart,Game Design II 
"Naasz, Jacob C",,,,,,ATCM,4365,002,1,5,5,3,,2,,,,,,,,,,,,,1,jcn042000,,Game Design II 
"Christopher, Timothy V",,,,,,ATCM,4365,003,,5,5,2,3,1,,,1,,1,,1,,,,,,0,khimbar,timothy christopher,Game Design II 
"Miller, James W",,,,,,MATH,1325,013,4,2,8,9,,8,3,3,2,2,2,,2,,,,,,1,jwm170630,james miller,Applied Calculus I 
"Zhou, Dian","Buck, Prashant C",,,,,CE,3120,107,,11,,,5,,,1,,,,,3,,,,,,0,zhoud,dian zhou,Digital Circuits Laboratory 
"Shekhar, Gaurav","Murugan, Aravind Vasu",,,,,MIS,6309,502,,8,16,23,5,,1,,,,,,,,,,,,0,gxs150130,gaurav shekhar,Business Data Warehousing 
"Ahmed, Zulfi S",,,,,,MIS,6333,001,,16,,,,,,,,,,,,,,,,,0,zsa170330,zulfi ahmed,Digital Forensics and Incident Management 
"Huisman, Ingrid",,,,,,ED,4344,502,2,2,5,5,4,,1,,,,1,,,,,,,,0,ibh013000,ingrid huisman,Mathematics Methods for Elementary Teachers 
"Saenz, Michael A",,,,,,COMM,1315,0H1,7,,,,1,,,,,,,,3,,,,,,0,mas130030,michael saenz,Public Speaking 
"Brinkley, Dawn Y","Helfers, Samantha",,,,,PSY,2301,004,,30,17,9,15,12,6,11,8,3,1,3,8,,,,,,4,dyb012000,dawn brinkley,Introduction to Psychology 
"Kane, Heidi S",,,,,,HCS,6376,001,,7,2,1,,,,,,,,,,,,,,,1,hsk140330,heidi kane,Social Psychology 
"Kane, Heidi S",,,,,,PSYC,6376,001,,1,3,4,1,,,,,,,,,,,,,,0,hsk140330,heidi kane,Social Psychology 
"Nelson Taylor, Jackie A","Villarreal, Deyaun L",,,,,PSY,3310,002,,14,7,5,7,8,,2,2,1,,,1,,,,,,1,jan110030,jackie nelson,Child Development 
"Nelson Taylor, Jackie A","Villarreal, Deyaun L",,,,,CLDP,3310,002,,5,5,3,1,3,2,,1,,,2,,,,,,,0,jan110030,jackie nelson,Child Development 
"Jang, Youngki",,,,,,ACCT,2301,008,3,3,8,4,12,7,8,7,1,2,,1,1,,,,,,3,yxj131330,youngki jang,Introductory Financial Accounting 
"Fey, Ann Majewicz","Kaveh, Orod","Hart, Robert A",,,,MECH,2340,001,2,7,8,2,5,1,,,,1,,4,,,,,,,1,axm141231,,Circuits and Applied Electronics 
"Friedman, Joshua B",,,,,,MKT,6352,501,,3,12,15,9,,,,,,,,,,,,,,0,jxf172130,,Marketing Web Analytics and Insights 
"Bambach, Charles",,,,,,PHIL,3321,001,,9,3,3,2,4,3,1,,,,,1,,,,,,1,cbambach,charles bambach,Philosophical Traditions I 
"Brown, Matthew",,,,,,PHIL,2303,501,2,1,,3,3,6,2,1,1,,1,1,5,,,,,,2,mxb091000,matthew brown,Introduction to Logic 
"Amato, Lawrence A",,,,,,PHIL,4340,501,2,7,3,2,3,1,,,,,,,2,,,,,,1,laa062000,lawrence amato,Philosophy of Art and Aesthetics 
"Roetzel, Natalie J",,,,,,PSCI,4396,HN1,,13,1,,,,,,,,,,,,,,,,0,njr120030,,Selected Topics in Government and Politics 
"Varner, Victor",,,,,,BMEN,6V87,004,,9,,1,,,,,,,,,,,,,,,1,vxv162230,victor varner,Special Topics in Biomedical Engineering 
"Manton, William I",,,,,,GEOS,5319,001,,2,5,1,,,,,,,,,,,,,,,0,manton,william manton,Principles of Environmental Health 
"Sirsi, Shashank R","Ammanamanchi, Manasvini",,,,,BMEN,3330,502,2,4,6,1,5,,2,,,,2,,,,,,,,0,srs151630,shashank sirsi,Engineering Physiology of the Human Body 
"Pacheco, Joe","Polk, Todd W","Upasham, Sayali S",,,,BMEN,4388,006,,2,2,6,,,,,,,,,,,,,,,0,jxp142030,,Senior Design Project I 
"Pacheco, Joe","Polk, Todd W","Upasham, Sayali S",,,,BMEN,4388,008,,2,4,3,1,,,,,,,,,,,,,,0,jxp142030,,Senior Design Project I 
"Hays, Seth A",,,,,,BMEN,6V87,005,,11,,,,,,,,,,,,,,,,,0,sxh129730,seth hays,Special Topics in Biomedical Engineering 
"Singh, Harpreet","Busetty, Vishnukanth",,,,,MIS,6344,003,,5,8,5,2,3,,,,,,,,,,,,,0,hxs104000,harpreet singh,Web Analytics 
"Blueshtein, Moran","Han, Munhee",,,,,MECO,6312,0W1,,,1,3,,2,1,,,,,,,,,,,,1,mxb135230,moran blueshtein,Applied Econometrics and Time Series Analysis 
"Blueshtein, Moran","Han, Munhee",,,,,BUAN,6312,0W1,,8,6,8,5,3,,4,,,,,3,,,,,,3,mxb135230,moran blueshtein,Applied Econometrics and Time Series Analysis 
"Berardi, Caryn S",,,,,,ACCT,3200,501,12,13,4,,,,,,,,,,,,,,,,0,cds110030,caryn berardi,Introduction to Business Professional Development and Business Communication 
"Smallwood, Margaret G","Rosillo, Andrea G",,,,,ACCT,3200,001,11,6,7,2,,1,,1,2,,,,,,,,,,0,meg012400,margaret smallwood,Introduction to Business Professional Development and Business Communication 
"Sluder, Jeanne",,,,,,ACCT,3200,002,6,11,6,2,4,,,,1,,,,1,,,,,,0,jis081000,jeanne sluder,Introduction to Business Professional Development and Business Communication 
"McCrady, Victoria D",,,,,,ACCT,3200,003,13,3,2,3,4,3,,2,,,,,,,,,,,0,vdm130030,victoria mccrady,Introduction to Business Professional Development and Business Communication 
"Berardi, Caryn S",,,,,,ITSS,3200,001,18,12,7,2,2,,,,,,,,,,,,,,0,cds110030,caryn berardi,Introduction to Business Professional Development and Business Communication 
"Berardi, Caryn S",,,,,,ITSS,3200,002,15,12,6,,2,1,2,1,1,,,,,,,,,,0,cds110030,caryn berardi,Introduction to Business Professional Development and Business Communication 
"Woldu, Habte G","Zhou, Jun",,,,,IMS,6304,501,,5,9,5,3,,,,,,,,,,,,,,1,wolduh,habte woldu,International Business Management 
"McLean, Adrienne L",,,,,,FILM,2332,HN1,9,9,4,1,1,,,,,,,,,,,,,,0,amclean,adrienne mclean,Understanding Film 
"Crook, Kevin R",,,,,,BUAN,6340,001,,22,6,17,16,,,,,,,,,,,,,,1,krc150730,kevin crook,Programming for Data Science 
"Sohaee, Nassim","Sorathia, Vashisth",,,,,BUAN,6341,001,,25,5,4,5,3,,,,,,,,,,,,,0,nxs045000,nassim sohaee,Applied Machine Learning 
"Johnston, Walter L",,,,,,BUAN,6357,001,,31,,,,,,,,,,,,,,,,,0,wlj031000,walter johnston,Advanced Business Analytics Using R 
"Johnston, Walter L",,,,,,BUAN,6357,501,,40,,1,,,,,,,,,,,,,,,0,wlj031000,walter johnston,Advanced Business Analytics Using R 
"Ho, Karl",,,,,,EPPS,6302,001,,8,,,1,,,,,,,,,,,,,,1,kxh022100,karl ho,Methods of Data Collection and Production 
"Andreen, Michael T",,,,,,ATCM,3376,001,,5,,,7,,,4,,,1,,1,,,,,,0,mta072000,michael andreen,History of Games 
"Balsamo, Anne","Bell, Elizabeth A",,,,,ATCM,2300,001,4,97,65,40,39,8,7,8,4,3,3,5,10,,,,,,2,axb161831,anne balsamo,Introduction to Technoculture 
"Ratliff, Lauren A","Parker, Misty D",,,,,PSCI,4320,001,8,9,2,3,2,2,,,,,,,,,,,,,2,lar170530,lauren santoro,Political Psychology 
"Cave, Michael","Sorathia, Vashisth",,,,,BUAN,6340,501,,17,11,6,1,,,,,,,,,,,,,,0,mxc176530,,Programming for Data Science 
"Coleman, Amanda R",,,,,,ECS,3390,5H4,,14,2,2,,1,,,,,,,,,,,,,0,axc173630,,Professional and Technical Communication 
"Bell, Elizabeth A",,,,,,ATCM,2380,001,1,3,3,3,4,3,2,3,2,,1,1,2,,,,,,0,lxb032000,elizabeth bell,Communication and Social Science Theories 
"Kitagawa, Midori",,,,,,ATCM,3310,001,5,4,4,5,2,,1,1,,,,,2,,,,,,1,mxk047100,,Procedural Animation 
"Sankalia, Jainan S",,,,,,ATCM,3371,501,2,8,3,5,2,,2,3,1,,,,2,,,,,,1,jss051000,jainan sankalia,User Experience Design for Games 
"Pinkham, Amy E","Chang, Zhengsi",,,,,PSY,4343,002,,12,5,8,8,13,4,15,7,7,4,4,11,,,,,,6,aep140430,amy pinkham,Abnormal Psychology 
"Bochsler, Daniel C",,,,,,ENTP,6375,0W1,,13,2,1,1,1,,1,,,,,2,,,,,,0,dcb091000,daniel bochsler,Technology and New Product Development 
"Bochsler, Daniel C",,,,,,MIS,6375,0W1,,7,1,2,,1,1,1,,,,,1,,,,,,1,dcb091000,daniel bochsler,Technology and New Product Development 
"Bochsler, Daniel C",,,,,,OPRE,6394,0W1,,4,,,2,,,,,,,,,,,,,,0,dcb091000,daniel bochsler,Technology and New Product Development 
"Li, Yaoyu",,,,,,MECH,5370,001,,10,8,1,,,,,,,,,,,,,,,0,yxl115230,yaoyu li,Introduction to Wind Energy 
"Imaoka, Laura",,,,,,ATCM,4326,001,,1,5,5,8,2,,1,,,,,,,,,,,1,lxi170030,laura imaoka,Mediated Textuality 
"Imaoka, Laura",,,,,,ATCM,4326,002,,2,5,8,7,4,2,,1,,,,,,,,,,0,lxi170030,laura imaoka,Mediated Textuality 
"Mills, Candice M","Gryder, Kieth",,,,,CLDP,3362,001,,10,,3,15,,,7,,,2,,1,,,,,,1,cxm056000,candice mills,Cognitive Development 
"Stapp, Betty C",,,,,,BIS,1100,005,,25,,,,,,1,,,,,,,,,,,0,bcs102020,,Interdisciplinary Studies Freshman Seminar 
"Hoyt, Kenneth L",,,,,,BMEN,6365,501,,21,,,2,,,,,,,,,,,,,,0,klh150530,kenneth hoyt,Biomedical Image Processing 
"Zhang, Chuanwei",,,,,,PHYS,5V48,001,,4,,1,,1,,,,,,,,,,,,,0,cxz124830,chuanwei zhang,Topics in Physics 
"Kuo, Ching-Chung","Ye, Wenhe","Ouseph, Sunil T",,,,BUAN,6398,501,,18,,8,18,3,3,3,,,,,,,,,,,1,cxk162830,,Prescriptive Analytics 
"Sabir, Muhammad F","Sorathia, Vashisth",,,,,BUAN,6341,501,,16,12,10,6,2,3,4,,,,,2,,,,,,1,mfs170430,muhammad sabir,Applied Machine Learning 
"Elliott, Euel W","Rejepov, Vepa",,,,,GOVT,2306,HN3,,18,5,,,,,,,,,,1,,,,,,0,eelliott,euel elliott,State and Local Government 
"Wood, Harold G","Porritt, Joseph","Benke, Nicholas P",,,,ATCM,2302,502,,20,4,1,5,,,,,,,,,,,,,,0,hgw021000,harold wood,Design I 
"Wood, Harold G",,,,,,ATCM,3337,001,,6,6,,,,1,,,,,,,,,,,,0,hgw021000,harold wood,Interaction Design I 
"Minnish, Roxanne W",,,,,,ATCM,3340,004,5,9,8,2,2,1,1,,,,,,,,,,,,2,rwm061000,roxanne minnish,Design II 
"Marks, David E",,,,,,ATCM,3346,001,,8,15,2,,,,,,,,,,,,,,,0,dem160430,david marks,Audio Productions Lab I 
"Lindsey, Nathan",,,,,,ATCM,3388,001,,12,14,5,5,8,1,1,1,,,,,,,,,,0,nxl170530,nathan lindsey,Attitudes and Behaviors 
"McComber, Sean",,,,,,ATCM,4319,001,,4,5,,3,2,1,,,,,,,,,,,,0,sxm129130,sean mccomber,Topics in Animation 
"Hewitt, Sharon",,,,,,ATCM,4350,001,2,4,4,3,2,2,1,,1,,,,,,,,,,1,sxh090220,sharon hewitt,Digital Video Production II 
"Lee, Angela M",,,,,,ATCM,4380,001,4,9,8,4,3,1,,,,1,,,,,,,,,0,aml140530,angela lee,Communication  Media  and Information Technology 
"Khan, Halimur",,,,,,ARHM,2344,001,,10,15,8,1,,1,1,,,,,2,,,,,,1,hxk174130,,World Cultures 
"Khan, Halimur",,,,,,ARHM,2344,501,,,7,10,1,,,1,,,,,,,,,,,2,hxk174130,,World Cultures 
"Sun, Kuei","Agashe, Anish N","Feizi, Wirya",,,,PHYS,1302,501,2,1,3,2,4,3,2,5,4,5,1,,3,,,,,,2,kxs147030,kuei sun,College Physics II 
"Minn, Hlaing","Abdelgelil, Mahmoud E",,,,,EESC,6349,002,,6,7,13,8,2,,,,,,,,,,,,,1,hxm025000,hlaing minn,Random Processes 
"Candas, Mehmet",,,,,,BIOL,4V00,001,5,9,4,4,2,,,,,,,,,,,,,,0,candas,mehmet candas,Special Topics in Biology 
"Macalevey, Paul J","Mcgarry, Michael P",,,,,PHYS,2126,605,,18,6,4,1,,,,,,,,1,,,,,,0,paulmac,paul macalevey,Physics Laboratory II 
"Mazurek, Michael R",,,,,,ARTS,1316,005,,6,5,4,1,1,,,,,,,2,,,,,,0,mrm141130,michael mazurek,Drawing Foundations 
"Reddy, Aarthi","Zhang, Chenglong",,,,,BUAN,6357,002,,13,4,,,,,,,,,,1,,,,,,0,axr173631,,Advanced Business Analytics Using R 
"Sapozhnikov, Ilya",,,,,,BIOL,3V00,502,11,14,1,1,,,1,,,,,,2,,,,,,0,isapoz,ilya sapozhnikov,Topics in Biological Sciences 
"Palao Mendizabal, Agustin","Stanaland, Leslie",,,,,IPEC,3349,501,,5,2,2,,1,1,1,,,,1,,,,,,,0,axp121731,agustin mendizabal,World Resources and Development 
"Hedlund, Jonas",,,,,,ECON,6301,001,,2,,1,2,4,2,2,,,,,,,,,,,0,jxh180030,jonas hedlund,Microeconomics Theory I 
"Rackley, Audette M",,,,,,COMD,7V89,001,,9,3,,,1,,,,,,,,,,,,1,0,arackley,audette rackley,Mild Cognitive Impairment  Alzheimer s Disease and Related Disorders 
"Janke, Scott M",,,,,,OPRE,3330,002,1,5,9,7,5,6,1,,,1,,,1,,,,,,0,smj160830,scott janke,Project Management 
"Egan, Terence J",,,,,,OPRE,4330,501,,14,,2,11,,,1,,,,,,,,,,,1,tje130130,terence egan,Logistics and Inventory Management 
"Grover, William C",,,,,,ECON,6306,503,,18,3,1,1,,,,,,,,1,,,,,,0,wcg071000,william grover,Applied Econometrics 
"Howe, Nate","Guha, Sumalya",,,,,ITSS,4360,001,3,9,10,10,6,7,1,3,,,,,,,,,,,0,nxh141030,nate howe,Network and Information Security 
"Hefley, William E","Pathania, Deepima",,,,,ITSS,4370,002,1,3,4,6,5,2,5,2,6,2,,,2,,,,,,1,weh150130,william hefley,Information Technology Infrastructure Management 
"Miller, Joshua L",,,,,,ATCM,3365,001,,1,1,1,4,4,,1,,,,,,,,,,,1,jlm104020,joshua miller,Game Design I 
"Tidwell, Jennifer K",,,,,,ATCM,3365,501,,5,4,1,4,1,,,,,,,,,,,,,0,jkt094020,,Game Design I 
"Carr, Adam M","Ferguson, Joanna",,,,,ATCM,4395,501,7,6,10,5,9,2,,1,,,,,1,,,,,,0,jxf172630,adam carr,Advanced Topics in Arts  Technology  and Emerging Media 
"Christopher, Timothy V",,,,,,ATCM,6343,001,,8,,,,,,,,,,,,,,,,,0,khimbar,timothy christopher,Educational Games Studio 
"Chandler, Adam W",,,,,,ATCM,4367,001,2,1,,4,2,1,2,,2,,,1,2,,,,,,1,awc051000,adam chandler,Level Design II 
"Johnson, Casey A",,,,,,ATCM,3311,001,,,1,1,1,2,1,1,,,1,3,1,,,,,,7,caj150430,casey johnson,Tools Development for Arts  Technology  and Emerging Communication 
"Lewis, Timothy M",,,,,,ATCM,4379,002,,6,2,3,3,3,1,,,,,,1,,,,,,0,tml062000,timothy lewis,Topics in Games 
"Boyd, Elizabeth",,,,,,ATCM,4312,001,,3,8,5,1,1,,,,,,1,,,,,,,0,esp041000,elizabeth boyd,Digital Sculpting 
"Carr, Adam M","Henley, Kasey G",,,,,ATCM,4395,502,15,9,6,3,2,1,,,,,,,1,,,,,,0,kxh173030,,Advanced Topics in Arts  Technology  and Emerging Media 
"Park, Jiyoung",,,,,,PSY,4323,001,,6,6,5,3,5,5,1,,2,,1,3,,,,,,3,jxp176330,jiyoung park,Cultural Diversity and Psychology 
"Wilson, Shirley S",,,,,,ECS,1100,028,14,9,5,3,1,2,1,,3,1,,1,4,,,,,,3,ssw130030,shirley wilson,Introduction to Engineering and Computer Science 
"Williams, Jaleah",,,,,,ECS,1100,029,23,13,,3,3,,1,,1,,,1,,,,,,,0,jxw161630,jaleah williams,Introduction to Engineering and Computer Science 
"Morgan, Barbara",,,,,,ECS,3390,010,1,5,4,2,,4,,1,1,,,,,,,,,,1,bem160830,barbara morgan,Professional and Technical Communication 
"Kamau, Casper",,,,,,PSCI,3351,501,7,2,4,,1,,,,,,,,1,,,,,,0,cxk103120,casper kamau,Comparative Courts and Law 
"Heinz, Annelise M",,,,,,HIST,6325,001,,2,2,1,,,,,,,,,,,,,,,1,amh150930,annelise heinz,America in the Twentieth Century 
"Cready, William M",,,,,,MECO,6320,SS1,,2,5,1,2,,,,,,,,,,,,,,0,wmc041000,william cready,
"Watson, John M",,,,,,BPS,7303,SS1,,10,,,,,,,,,,,,,,,,,0,,john watson,
"Li, Ningzhong","Sadka, Gil",,,,,ACCT,6V99,SS1,,8,2,,,,,,,,,,,,,,,,0,nxl124130,ningzhong li,
"Song, Kaisheng",,,,,,FIN,6306,FS1,,14,1,1,1,,,,,,,,,,,,,,0,,kaisheng song,
"Kieschnick, Robert L",,,,,,FIN,6301,FS1,,6,3,2,5,1,,,,,,,,,,,,,0,rkiesch,robert kieschnick,
"Scott, James A",,,,,,ACCT,6320,FS1,,3,4,7,3,,,,,,,,,,,,,,0,jas076100,james scott,
"Gurun, Umit",,,,,,ACCT,6305,FS1,,10,4,3,,,,,,,,,,,,,,,0,ugg041000,umit gurun,
"Wynne, Mark",,,,,,FIN,6325,SS1,,2,4,3,6,,1,1,,,,,,,,,,,1,,mark wynne,
"Ma, Liping","El-Ashmawi, Amal H",,,,,FIN,6306,SS2,,10,,,6,,,1,,,,,1,,,,,,0,lxm133730,liping ma,
"Xu, Yexiao","Liu, Rui",,,,,FIN,6301,SS1,,4,6,1,3,2,,1,,,,,1,,,,,,0,yexiaoxu,yexiao xu,
"Dai, Zhonglan",,,,,,ACCT,6344,SS1,,2,5,8,2,,,,,,,,,,,,,,0,zxd051000,zhonglan dai,
"Zhang, Jieying",,,,,,ACCT,6305,SS1,,11,7,,,,1,,,,,,,,,,,,0,jxz146230,jieying zhang,
"Durchholz, Matthew",,,,,,SYSM,6301,SS1,,8,4,7,5,,,,,,,,,,,,,,0,mxd165230,matthew durchholz,
"Minden, Alixandre R",,,,,,SYSM,6304,SS1,,3,3,1,,,,,,,,,,,,,,,0,arm130430,alixandre minden,
"Szot, James",,,,,,SYSM,6311,SS1,,14,8,2,2,,,,,,,,,,,,,,0,,james szot,
"Ziegler, Laurie","Li, Jianan",,,,,SYSM,6313,SS1,,12,,1,1,1,,,,,,,,,,,,,0,ziegler,laurie ziegler,
"Janakiraman, Surya",,,,,,SYSM,6337,SS1,,4,3,1,1,1,,,,,,,,,,,,,0,suryaj,surya janakiraman,
"Terry, Dean",,,,,,ATCM,6322,001,,6,1,,,,,,,,,,,,,,,,0,dxt023000,,Experimental Interactive Media 
"Terry, Dean",,,,,,ATCM,3345,001,2,13,1,,,,,,,,,,,,,,,,0,dxt023000,,Audio Technologies 
"Bush, Rhonda L","Wang, Shouqiang",,,,,OPRE,6301,X01,,9,8,1,1,,,,,,,,,,,,,,1,,rhonda bush,
"Hicks, Jeffrey N",,,,,,OB,6301,X01,,8,10,1,,,,,,,,,,,,,,,1,jnh061000,jeffrey hicks,
"McNulty, Diane S",,,,,,MAS,6104,X01,,7,4,8,,,,,,,,,,,,,,,1,dmcnulty,diane mcnulty,
"Ali, Ashiq","Kale, Devendra",,,,,ACCT,6301,X01,,7,6,,2,2,2,,,,,,,,,,,,1,axa042200,ashiq ali,
"Kim, Dohyeong",,,,,,OPRE,6301,CW1,,8,5,2,3,3,,,,,,,,,,,,,2,dxk132530,dohyeong kim,
"Hicks, Robert",,,,,,OB,6352,CW1,,25,9,3,1,2,,2,,,,,1,,,,,,1,,robert hicks,
"Hicks, Robert",,,,,,OB,6350,CW1,,18,16,4,3,,,3,,,,,1,,,,,,1,,robert hicks,
"Ferrante, Anne M",,,,,,OB,6301,CW1,,13,8,,1,,,,,,,,,,,,,,1,,anne ferrante,
"Hicks, Robert",,,,,,OB,6248,CW1,,45,,,,,,,,,,,,,,,,,1,,robert hicks,
"Wong, Weichen E",,,,,,SE,6367,MS1,,10,,,,,,,,,,,2,,,,,,0,wew021000,weichen wong,
"Nguyen, Tien N",,,,,,SE,6361,MS1,,11,1,,,1,,,,,,,1,,,,,,0,tnn160630,tien nguyen,
"Bortz, Tiffany A",,,,,,ACCT,6291,SW1,,5,,,1,,,,,,,,1,,,,,,4,tabortz,tiffany bortz,
"Gamino, John P","Nguyen, Ploysirin K",,,,,ACCT,6350,SS1,,11,11,4,9,6,3,1,,,,,,,,,,,0,jpg140630,john gamino,
"Watson, John M","Hicks, Jeffrey N","Tim, Melany C","Cho, So Hyun","Ayala, Nestor A",,ACCT,6388,SS1,,39,5,,1,,,,,,,,,,,,,,0,,john watson,
"Bortz, Tiffany A","Cheney, Michael P",,,,,ACCT,6335,SS1,,12,3,7,19,4,,,,,,,,,,,,,0,tabortz,tiffany bortz,
"Zhang, Yuan","Chu, Yu Fang",,,,,ACCT,6330,SS1,,13,2,,17,5,3,5,,,,,,,,,,,0,yxz122931,yuan zhang,
"Chasteen, Larry H","Thurgood, Keith L",,,,,HMGT,6406,AH6,,22,,5,1,,,,,,,,,,,,,,1,chasteen,larry chasteen,
"Hassanzadeh, Nozar",,,,,,OPRE,6302,AW1,,9,6,6,1,,,,,,,,,,,,,,0,nozarh,nozar hassanzadeh,
"Flannery, Carol",,,,,,OPRE,6301,AW1,,9,,1,4,,,1,,,,,1,,,,,,1,flannery,carol flannery,
"McCracken, John",,,,,,HMGT,6407,AS1,,24,,,,,,,,,,,,,,,,,0,,john mccracken,
"McCracken, John","Barden, John P",,,,,HMGT,6402,AS1,,47,2,,,,,,,,,,,,,,,,0,,john mccracken,
"Cohen, Galia",,,,,,PA,6322,JS1,,7,3,,,,,,,,,,,,,,,,0,gxc097120,galia cohen,
"Worrall, John L",,,,,,CRIM,6399,JS1,,7,2,,3,,,,,,,,,,,,,,0,jlw064000,john worrall,
"Stone, Kelley E",,,,,,CRIM,6351,JS1,,7,4,,,1,,,,,,,,,,,,,0,,kelley stone,
"Maskaly, Jonathan",,,,,,CRIM,6395,JS1,,6,,,1,,,,,,,,,,,,,,4,jxm166430,jonathan maskaly,
"Taylor, Robert W",,,,,,CRIM,6311,JW1,,4,5,1,,,,,,,,,,,,,,,1,rwt092000,robert taylor,
"Hassanzadeh, Nozar",,,,,,OPRE,6302,GH1,,,2,2,5,1,,,,,,,,,,,,,0,nozarh,nozar hassanzadeh,
"Bush, Rhonda L","Wang, Shouqiang",,,,,OPRE,6301,GH1,,8,9,1,,1,,1,,,,,,,,,,,0,,rhonda bush,
"Hicks, Jeffrey N",,,,,,OB,6301,GH1,,10,7,2,,,1,,,,,,,,,,,,0,jnh061000,jeffrey hicks,
"Hicks, Robert",,,,,,OB,6152,GS1,,9,,1,,,,,,,,,,,,,,,0,,robert hicks,
"Slaughter, Kelly T",,,,,,MIS,6204,GH1,,12,5,2,1,,1,,,,,,,,,,,,0,kts130030,kelly slaughter,
"Rajaratnam, Daniel",,,,,,IMS,6354,GH1,,1,2,4,2,1,,,,,,,,,,,,,0,dxr143430,daniel rajaratnam,
"Sachdeva, Deepak",,,,,,FIN,6252,GH1,,2,1,5,1,1,,,,,,,,,,,,,0,,deepak sachdeva,
"Lee, Seunghyun","Jung, Young-Hoon",,,,,BPS,6310,GH1,,2,6,1,,1,,,,,,,,,,,,,0,sxl029100,seunghyun lee,
"Barden, John P",,,,,,ACCT,6301,GH1,,17,2,,1,,,,,,,,,,,,,,0,jpb063000,john barden,
"Kim, Dohyeong",,,,,,OPRE,6301,CH1,,16,3,5,,2,,,,,,,,,,,,,0,dxk132530,dohyeong kim,
"Slaikeu, Karl A",,,,,,OB,6332,CH1,,27,,,,,,,,,,,,,,,,,0,,karl slaikeu,
"Slocum, John W",,,,,,OB,6301,CH1,,13,2,3,5,1,,1,,,,,,,,,,,0,,john slocum,
"Munch, James",,,,,,MKT,6301,CW1,,21,,,,,,,,,,,,,,,,,0,,james munch,
"Rhoades, Mike",,,,,,MIS,6204,CH1,,27,6,,,,,,,,,,,,,,,,0,,mike rhoades,
"Kirksey, Kirk",,,,,,HMGT,6323,CH1,,18,1,,,,,,,,,,,,,,,,0,kak130030,kirk kirksey,
"Gustin, Jan D",,,,,,BPS,6310,CW1,,30,,1,,,,,,,,,,,,,,,0,,jan gustin,
"Sadka, Gil","Song, Dongye",,,,,ACCT,6202,CH1,,18,,,2,,,,,,,,,,,,,,0,gxs143630,gil sadka,
"Wiorkowski, John",,,,,,OPRE,6301,PS1,,7,4,3,,,,,,,,,1,,,,,,0,wiorkow,john wiorkowski,
"Szot, James","Hicks, Jeffrey N","Chasteen, Larry H",,,,OPRE,6271,PS1,,9,2,1,2,,,,,,,,,,,,,,0,,james szot,
"Munch, James",,,,,,MKT,6301,PS1,,10,,,,,,,,,,,,,,,,,0,,james munch,
"Hefley, William E",,,,,,MIS,6204,PW1,,7,4,8,9,4,2,,,,,,1,,,,,,1,weh150130,william hefley,
"Hefley, William E",,,,,,MIS,6204,PS1,,4,,4,6,,1,1,,,,,,,,,,,0,weh150130,william hefley,
"Kiser, Stephen L",,,,,,MECO,6303,PW1,,5,3,2,,,,,,,,,,,,,,,0,slk012100,stephen kiser,
"Joiner, James C","Szot, James",,,,,IMS,6371,PW1,,7,,,,,,,,,,,,,,,,,0,,james joiner,
"Chasteen, Larry H","Jung, Young-Hoon",,,,,BPS,6310,PS1,,5,,2,3,,,,,,,,,,,,,,0,chasteen,larry chasteen,
"Solcher, Steven J","Garcia, Cesar D",,,,,ACCT,6301,PS1,,11,2,,2,,,,,,,,,,,,,,0,sjs107020,steven solcher,
"Carlson, Eric B",,,,,,COMM,1311,5W5,,5,2,5,2,2,,,2,,,,1,,,,,,0,ebc051000,eric carlson,
"Carlson, Eric B",,,,,,COMM,1311,5W6,,6,6,4,,,,,,,,,1,,,,,,0,ebc051000,eric carlson,
"Ali, Ashiq","Kale, Devendra",,,,,ACCT,6201,0W1,,2,1,2,2,1,,,,,,,,,,,,,0,axa042200,ashiq ali,Introduction to Financial Accounting 
"Lowe, Evan","Das, Soham","Zengin, Abdullah Furkan",,,,GOVT,2305,005,12,6,12,4,14,9,3,7,14,6,2,2,17,,,,,,4,exl171930,evan lowe,American National Government 
"Molina, Stephen",,,,,,ENGY,6V99,001,,10,,,,,,,,,,,,,,,,,0,sxm163630,stephen molina,Special Topics in Energy Management 
"Ford, Brad","Mishra, Abhishek",,,,,BUAN,6346,003,,5,4,7,3,3,1,,,,,,1,,,,,,0,bxf170730,,Big Data Analytics 
"Ford, Brad","Mishra, Abhishek",,,,,MIS,6346,003,,8,7,3,2,3,1,3,,,,,1,,,,,,1,bxf170730,,Big Data Analytics 
"Bradbury, Judd D","Solanki, Rom Prakash","Khandelwal, Ashish",,,,MIS,6380,0W1,,5,2,3,2,3,6,3,,,,,1,,,,,,0,jdb101000,judd bradbury,Data Visualization 
"Brunell, Valerie A",,,,,,HONS,3199,H20,10,7,1,,,,1,,,,,,,,,,,,0,vab061000,,Collegium V Honors Readings 
"Sibert, John W",,,,,,CHEM,1311,009,2,3,4,2,3,4,2,2,,1,,1,,,,,,,0,sibertj,john sibert,General Chemistry I 
"Gavva, Sandhya R",,,,,,CHEM,1311,008,2,6,7,7,2,4,2,2,4,1,,2,3,,,,,,0,sgavva,sandhya gavva,General Chemistry I 
"Touchstone, Emily W","Boone, Melissa N",,,,,COMD,7219,001,,45,1,,,,,,,,,,,,,,,,0,exw010200,emily touchstone,Birth-To-Three 
"Slaughter, Kelly T","Akarte, Prajakti V",,,,,MIS,6204,0W1,,16,2,5,14,1,2,5,,,,,,,,,,,2,kts130030,kelly slaughter,Information Technology for Management 
"Powers, Katharine A","Wiseman, Kathryn","Song, Chen",,,,COMD,5344,001,,6,,,2,,,,,,,,,,,,,,0,kap130730,katharine powers,Anatomy and Physiology of Speech and Hearing 
"Lin, Colleen B",,,,,,ATCM,3395,501,2,3,4,2,5,3,2,1,,1,,2,1,,,,,,1,cbl061000,colleen lin,
"Chiu, Yu-Kwong",,,,,,ATCM,3395,502,,3,1,4,2,1,3,3,2,,1,,2,,,,,,2,yxc161331,yu kwong chiu,
"Imaoka, Laura",,,,,,ATCM,3320,002,,,2,3,3,2,,,,,,,,,,,,,0,lxi170030,laura imaoka,Critical Media Theories 
"Llamas Rodriguez, Juan A","Wu, Hong An",,,,,ATCM,3395,001,1,,3,4,2,5,1,3,,,,,1,,,,,,0,jal171330,juan rodriguez,Topics in Arts  Technology  and Emerging Communication 
"Llamas Rodriguez, Juan A","Banner, Olivia P",,,,,ATCM,3395,002,,,4,5,1,3,2,1,1,3,,1,1,,,,,,1,jal171330,juan rodriguez,Topics in Arts  Technology  and Emerging Communication 
"Mishra, Rashika",,,,,,CS,2305,505,3,10,14,7,6,3,,2,,,1,,3,,,,,,3,rxm156430,rashika mishra,Discrete Mathematics for Computing I 
"Farage, Timothy P",,,,,,CS,2305,506,25,11,2,5,4,2,2,2,4,2,,2,3,,,,,,2,tfarage,timothy farage,Discrete Mathematics for Computing I 
"Nguyen, Tien N","Nguyen, Y H",,,,,CS,3354,502,8,4,1,3,4,1,1,1,,,,,1,,,,,,1,tnn160630,tien nguyen,
"Kapoor, Bhanu","Haghpanah, Mohammadreza",,,,,SE,3377,0W2,1,6,1,1,2,,1,,1,,1,,,,,,,,0,bxk101000,bhanu kapoor,C C  Programming in a UNIX Environment 
"Kapoor, Bhanu","Haghpanah, Mohammadreza",,,,,CS,3377,0W2,9,19,4,5,3,1,2,1,,,,,,,,,,,2,bxk101000,bhanu kapoor,C C  Programming in a UNIX Environment 
"Kapoor, Bhanu","Haghpanah, Mohammadreza",,,,,CS,3377,0W3,2,6,4,6,1,1,,,1,,,,1,,,,,,2,bxk101000,bhanu kapoor,C C  Programming in a UNIX Environment 
"Davis, Chris I","Ghanbari, Ali",,,,,CS,4337,502,1,4,8,8,6,5,2,2,1,1,,,3,,,,,,1,cid021000,chris davis,Organization of Programming Languages 
"McMahan, Timothy","Gu, Shuyang",,,,,CS,4337,503,25,8,11,3,2,4,2,2,2,,,,3,,,,,,1,txm173230,timothy mcmahan,Organization of Programming Languages 
"Culver, Timothy L","Samiei, Aliehsan",,,,,CS,4347,502,3,24,5,7,,,,,,,,,1,,,,,,1,tlc130230,timothy culver,Database Systems 
"Alagar, Sridhar","Hu, Linghuan",,,,,CS,4348,502,1,5,,2,7,3,,2,4,,,,1,,,,,,1,sxa173731,sridhar alagar,Operating Systems Concepts 
"Fox, Kyle J","Crain, Jon A",,,,,CS,4349,501,3,8,3,3,2,5,2,3,2,,,,5,,,,,,3,kjf170230,emily fox,Advanced Algorithm Design and Analysis 
"Stallbohm, Zachary E","Li, Yi",,,,,CS,4384,502,8,6,6,1,7,1,1,5,,3,1,,5,,,,,,2,zxs110030,zach stallbohm,Automata Theory 
"Salter, Monika","Narramore, Karyn M",,,,,ATCM,4395,001,8,21,8,2,2,3,,2,1,,,,,,,,,,1,mxs176131,monika salter,Advanced Topics in Arts  Technology  and Emerging Media 
"Mazurek, Michael R",,,,,,ARTS,1316,006,,5,8,2,,1,,,,,1,,1,,,,,,1,mrm141130,michael mazurek,Drawing Foundations 
"Kane, Simon A",,,,,,ATCM,3395,003,2,3,3,1,2,1,4,,1,1,2,,7,,,,,,1,sak043000,simon kane,Topics in Arts  Technology  and Emerging Communication 
"Tan, Chin-Tuan",,,,,,EESC,6362,501,,5,8,2,,1,,2,,,,,,,,,,,0,cxt163030,chin tuan tan,Introduction to Speech Processing 
"Graves, Kyle W",,,,,,ISIS,4303,001,,12,1,2,,,,,,1,,,,,,,,,0,kwg041000,kyle graves,Business  Law and Culture 
"Sethi, Awanti","Gokcinar, Abdullah H",,,,,BUAN,6398,003,,14,1,4,3,,2,,,,,,1,,,,,,0,asethi,awanti sethi,Prescriptive Analytics 
"Sethi, Awanti","Gokcinar, Abdullah H",,,,,OPRE,6398,003,,8,1,,,,,,,,,,,,,,,,0,asethi,awanti sethi,Prescriptive Analytics 
"Palao Mendizabal, Agustin","Stanaland, Leslie",,,,,EPPS,6313,502,,8,4,8,2,2,,,,,,,,,,,,,1,axp121731,agustin mendizabal,Introduction to Quantitative Methods 
"Zhang, Yingyuan",,,,,,EPPS,2302,002,4,,,2,1,,,,2,1,,,2,,,,,,1,yxz094020,,Methods of Quantitative Analysis in the Social and Policy Sciences 
"Mazidi, Karen J","Arunachalam, Harish Babu",,,,,CS,4301,001,3,8,11,7,4,4,1,1,,1,,1,1,,,,,,0,kjm160430,karen mazidi,Special Topics in Computer Science 
"Wissinger, Tonja",,,,,,BIS,1100,006,15,,1,,,,,,,,,,,,,,,,0,twissin,tonja wissinger,Interdisciplinary Studies Freshman Seminar 
"Davis, Chris I",,,,,,CS,3305,004,3,4,11,6,6,3,3,1,,,,,2,,,,,,1,cid021000,chris davis,Discrete Mathematics for Computing II 
"Pahwa, Parneet","Elmi, Omid","Shyam, Nikhil",,,,MKT,6301,0W3,,20,14,6,3,3,,,,,,,,,,,,,2,pxp030100,parneet pahwa,Marketing Management 
"Pahwa, Parneet","Elmi, Omid","Shyam, Nikhil",,,,MKT,3300,0W1,,12,15,15,,,,3,,,,,,,,,,,2,pxp030100,parneet pahwa,Principles of Marketing 
"Welgehausen, Eric C",,,,,,UNIV,1100,005,,12,1,1,4,2,,,,,,,1,,,,,,0,ericw,,Freshman Seminar - Undeclared 
"Easton, Diana S",,,,,,BMEN,6331,001,,5,7,,1,6,,,,,,,,,,,,,0,dse150030,diana easton,Medical Device Regulations and Regulatory Strategy 
"Easton, Diana S",,,,,,BMEN,6331,002,,9,7,,1,,,,,,,,,,,,,,1,dse150030,diana easton,Medical Device Regulations and Regulatory Strategy 
"Flannery, Carol","Zhang, Wan Hua",,,,,OPRE,6301,0W2,,23,,2,14,,1,4,,,,,2,,,,,,2,flannery,carol flannery,Statistics and Data Analysis 
"Srikanth, Uma",,,,,,BIOL,2311,003,4,5,1,8,2,6,3,1,1,,1,3,,,,,,,0,ukrish,uma srikanth,Introduction to Modern Biology I 
"Sun, Kuei","Asaadzade, Asiye",,,,,PHYS,2125,117,2,17,4,2,1,1,,1,1,,,,1,,,,,,0,kxs147030,kuei sun,Physics Laboratory I 
"Martin, Jeffrey S",,,,,,AUD,7310,001,,10,,,,,,,,,,,,,,,,,0,jsm016600,,Professional Issues in Audiology 
"Herndon, Scott",,,,,,COMM,1311,022,4,7,2,,1,2,2,,,1,1,,2,,,,,,1,sxh021200,scott herndon,Survey of Oral and Technology-based Communication 
"Zisman, Noah I",,,,,,CRWT,2301,003,1,1,,,,1,2,,,,1,,2,,,,,,2,nxz110630,noah zisman,Introductory Creative Writing 
"Pogue, Neall W",,,,,,BIS,3320,005,,3,4,3,5,5,2,1,,,2,,2,,,,,,2,nxp174730,neall pogue,The Nature of Intellectual Inquiry 
"Hudson, Jennifer M",,,,,,BIS,3320,004,,,5,,3,4,,,,,,,1,,,,,,1,jxh100220,jennifer hudson,The Nature of Intellectual Inquiry 
"Marcus, Andrian","Chaparro Arenas, Oscar Javier",,,,,SE,6356,MS1,,3,2,1,,,2,2,,,,,2,,,,,,0,axm141731,andrian marcus,
"Al-Dhahir, Naofal M","Elgenedy, Mahmoud A",,,,,ENGR,2300,007,11,4,,1,4,4,1,2,2,1,2,3,5,,,,,,1,nxa028000,naofal al dhahir,Linear Algebra for Engineers 
"Nadin, Mihai",,,,,,ATCM,6395,001,,8,2,1,1,,,,,,,,,,,,,,1,mxn044000,mihai nadin,Special Topics in Arts  Technology  and Emerging Communication 
"Goodrum, Richard A",,,,,,CS,4301,003,,6,,,2,,,2,,,,,1,,,,,,1,rag150330,richard goodrum,Special Topics in Computer Science 
"Sun, Kuei","Zhang, Yichao","Hou, Junpeng",,,,PHYS,2125,118,9,14,1,,,,,,,,,1,2,,,,,,3,kxs147030,kuei sun,Physics Laboratory I 
"Sun, Kuei","Wettasinghe, Ashan P",,,,,PHYS,2125,119,2,17,2,2,2,1,,1,,1,,,2,,,,,,0,kxs147030,kuei sun,Physics Laboratory I 
"Young, Chadwin D",,,,,,HONS,3199,H21,,17,,,,,,,,,,,,,,,,,0,cdy120030,chadwin young,
"Cardenas, Alvaro",,,,,,CS,6301,009,,11,,,,,,,,,,,,,,,,,0,axc127431,alvaro cardenas,Special Topics in Computer Science 
"Balakrishna, Mithun","Zhang, Linrui","Xiong, Hao",,,,CS,6320,501,,23,14,14,5,3,,,,,,,,,,,,,0,mxb026000,mithun balakrishna,
"Muharremoglu, Alp","Shi, Lingling",,,,,OPRE,6370,0W1,,23,5,6,2,,,,,,,,,,,,,,0,axm110431,alp muharremoglu,Global Logistics and Transportation 
"Hajeri, Vinita","Newton, Kristen L",,,,,BIOL,3320,001,7,5,3,,,,,1,,,1,,,,,,,,1,vxh151030,vinita hajeri,Applied Genetics 
"Parker, Jason A","Phansikar, Gauri D",,,,,BUAN,6356,003,,53,6,,,1,,,,,,,,,,,,,0,jap090020,jason parker,Business Analytics With R 
"Palmer, Kelli L","Li, Farry J",,,,,BIOL,3303,001,10,16,10,3,9,5,1,2,,,2,,1,,,,,,0,klp120030,kelli palmer,Introduction to Microbiology 
"Jordan, Katy J",,,,,,PSY,1100,010,14,2,,1,,,1,,,,1,1,2,,,,,,1,kjj073000,katy jordan,First Year Seminar 
"McLean, Adrienne L",,,,,,FILM,2332,001,4,4,5,6,5,6,1,3,3,1,,1,,,,,,,1,amclean,adrienne mclean,Understanding Film 
"Kantarcioglu, Murat",,,,,,CS,6360,006,,10,,1,1,,,,,,,,1,,,,,,0,mxk055100,murat kantarcioglu,Database Design 
"Johnson, Maureen",,,,,,ATCM,3301,005,,1,7,1,,1,,2,,,,,,,,,,,0,mxj174130,,Digital Content Design 
"Johnson, Maureen",,,,,,ATCM,3301,006,1,5,7,2,2,1,1,1,,1,,,1,,,,,,1,mxj174130,,Digital Content Design 
"Alagar, Sridhar",,,,,,CS,1336,504,7,8,5,2,3,3,2,1,4,,1,3,5,,,,,,3,sxa173731,sridhar alagar,Programming Fundamentals 
"Vogel, Don G",,,,,,CS,1136,602,28,4,1,1,2,1,1,,,,,,7,,,,,,2,dgv130030,don vogel,Computer Science Laboratory 
"Naz, Asma","Nazir, Cassini",,,,,ATCM,2301,503,2,12,5,,3,,,1,,2,,,4,,,,,,0,axn094120,asma naz,Computer Imaging 
"Hao, Shuang",,,,,,CS,6301,012,,10,3,,,,,,,,,,,,,,,,0,sxh178730,shuang hao,Special Topics in Computer Science 
"Meltzer, Mitchell A",,,,,,ACN,6395,501,,6,2,2,9,3,,,,,,,,,,,,,0,mam089100,mitchell meltzer,Cognitive Psychology 
"Lee, Jeong-Bong",,,,,,EE,3110,105,2,,4,,1,,,1,3,,,,1,,,,,,0,jblee,jeong bong lee,Electronic Devices Laboratory 
"Carrion Schaefer, Benjamin","Zaman, Monir M",,,,,EEDG,6304,003,,,9,15,7,2,,,,,,,,,,,,,0,bxc162630,benjamin carrion schaefer,Computer Architecture 
