Subject,Catalog Nbr,Section,A+,A,A-,B+,B,B-,C+,C,C-,D+,D,D-,F,CR,I,NC,W,P,Instructor 1,Instructor 2,Instructor 3,Instructor 4,Instructor 5,Instructor 6,instructor_id,instructor_name_normalized,title
ACCT,2301,001,10,9,5,,3,5,4,2,2,2,1,8,6,,,,2,,"Kobilov, Botir","Kwon, Yeongmin",,,,,bxk240018,botir kobilov,Introductory Financial Accounting 
ACCT,2301,002,12,5,11,2,,,2,,1,2,,,3,,,,1,,"Kim, Jongha",,,,,,jxk210084,jongha kim,Introductory Financial Accounting 
ACCT,2301,003,16,7,4,4,5,,2,1,,,,1,,,,,,,"Kim, Jongha",,,,,,jxk210084,jongha kim,Introductory Financial Accounting 
ACCT,2301,004,5,6,4,6,5,3,2,1,,,2,1,1,,,,3,,"Ai, Lanru",,,,,,lxa200024,lanru ai,Introductory Financial Accounting 
ACCT,2301,005,3,5,8,11,7,10,,11,,,3,,1,,,,1,,"Loumioti, Maria","Tazhibayev, Galymzhan",,,,,mxl175830,maria loumioti,Introductory Financial Accounting 
ACCT,2301,006,15,8,6,11,5,6,6,4,,4,1,1,,,,,,,"Huang, Junfan","Vedala, Meghana Sri",,,,,jxh230025,junfan huang,Introductory Financial Accounting 
ACCT,2301,007,3,4,4,17,7,8,,11,,,2,,1,,,,3,,"Loumioti, Maria","Tazhibayev, Galymzhan",,,,,mxl175830,maria loumioti,Introductory Financial Accounting 
ACCT,2301,008,15,12,6,14,4,3,5,1,,4,,1,1,,,,2,,"Huang, Junfan","Vedala, Meghana Sri",,,,,jxh230025,junfan huang,Introductory Financial Accounting 
ACCT,2301,009,8,8,3,7,7,5,12,5,1,2,2,1,2,,,,4,,"Siano, Federico","Han, Zhe",,,,,fxs220013,federico siano,Introductory Financial Accounting 
ACCT,2301,010,4,8,7,13,5,12,,5,,,1,,,,,,5,,"Loumioti, Maria","Tazhibayev, Galymzhan",,,,,mxl175830,maria loumioti,Introductory Financial Accounting 
ACCT,2301,011,6,3,9,12,7,11,7,2,4,1,1,,3,,,,2,,"Siano, Federico","Han, Zhe",,,,,fxs220013,federico siano,Introductory Financial Accounting 
ACCT,2301,012,14,2,4,14,10,3,5,2,3,2,2,,4,,,,2,,"Huang, Junfan","Vedala, Meghana Sri",,,,,jxh230025,junfan huang,Introductory Financial Accounting 
ACCT,2301,013,15,2,5,10,5,6,7,5,3,1,1,2,3,,,,3,,"Kobilov, Botir","Kwon, Yeongmin",,,,,bxk240018,botir kobilov,Introductory Financial Accounting 
ACCT,2301,014,6,9,12,8,4,4,5,5,2,1,2,3,2,,,,4,,"Siano, Federico","Han, Zhe",,,,,fxs220013,federico siano,Introductory Financial Accounting 
ACCT,2301,016,19,6,3,3,4,6,5,4,1,3,5,,,,,,,,"Yayvak, Berk",,,,,,bxy190007,,Introductory Financial Accounting 
ACCT,2301,501,11,,6,6,6,3,9,7,4,2,2,1,2,,,,2,,"Gu, Dongdi","Dang, Tam-Nhu",,,,,dxg180001,,Introductory Financial Accounting 
ACCT,2301,502,2,5,6,9,6,6,4,3,1,,1,,1,,,,,,"Solcher, Steven J","Iype, Isabelle J",,,,,sjs107020,steven solcher,Introductory Financial Accounting 
ACCT,2302,001,3,11,,,13,,1,6,,2,1,,4,,,,6,,"Zolton, Kathy","Stanton, Nicholas",,,,,kxz121730,kathy zolton,Introductory Management Accounting 
ACCT,2302,002,9,21,,,9,,1,12,,1,1,,2,,,,1,,"Zolton, Kathy","Stanton, Nicholas",,,,,kxz121730,kathy zolton,Introductory Management Accounting 
ACCT,2302,003,12,17,4,6,9,1,2,3,1,1,1,,1,,,,2,,"Copat, Rafael","Chen, Hangu",,,,,rxc190027,rafael copat,Introductory Management Accounting 
ACCT,2302,004,13,11,11,5,6,2,,2,3,1,1,3,,,,,2,,"Copat, Rafael","Chen, Hangu",,,,,rxc190027,rafael copat,Introductory Management Accounting 
ACCT,2302,005,2,14,,4,10,5,2,5,4,,,,2,,,,1,,"Natarajan, Ramachandran","Stanton, Nicholas",,,,,nataraj,ramachandra natarajan,Introductory Management Accounting 
ACCT,2302,006,7,10,5,4,8,4,5,6,2,3,3,1,,,,,1,,"Copat, Rafael","Chen, Hangu",,,,,rxc190027,rafael copat,Introductory Management Accounting 
ACCT,2302,007,6,9,2,5,14,4,2,10,3,,2,,1,,,,2,,"Natarajan, Ramachandran","Stanton, Nicholas",,,,,nataraj,ramachandra natarajan,Introductory Management Accounting 
ACCT,2302,501,4,6,7,3,5,6,3,3,2,6,,,2,,,,6,,"Hes, Christopher","Martin, Stephanie",,,,,cah041000,christopher hess,Introductory Management Accounting 
ACCT,2302,502,2,2,11,8,4,7,3,2,1,,,3,8,,,,4,,"Hes, Christopher","Martin, Stephanie",,,,,cah041000,christopher hess,Introductory Management Accounting 
ACCT,3101,PSA,,,,,,,,,,,,,,100,,,,,"Bortz, Tiffany A","Springer, Rohan",,,,,tabortz,tiffany bortz,
ACCT,3312,001,16,16,8,5,10,,1,5,1,,,,,,,,,,"Goodrich, Mary Beth W","Prabhu, Sushanth Rajesh",,,,,goodrich,mary beth goodrich,Fundamentals of Accounting Analytics 
ACCT,3322,001,3,6,5,1,11,1,5,7,1,,1,,4,,,,1,,"Goodrich, Mary Beth W","Prabhu, Sushanth Rajesh",,,,,goodrich,mary beth goodrich,Accounting Transaction Processing and Control 
ACCT,3331,001,8,4,3,9,6,9,6,10,,,,1,1,,,,1,,"Zhou, Yibin","Ranganath, Vittal",,,,,yxz066000,yibin zhou,Intermediate Financial Accounting I 
ACCT,3331,002,10,9,4,9,8,3,5,4,1,,,,2,,1,,3,,"Zhou, Yibin","Ranganath, Vittal",,,,,yxz066000,yibin zhou,Intermediate Financial Accounting I 
ACCT,3331,003,6,4,7,8,4,8,6,4,5,3,3,,,,,,2,,"Zhou, Yibin","Ranganath, Vittal",,,,,yxz066000,yibin zhou,Intermediate Financial Accounting I 
ACCT,3331,501,2,2,7,4,6,8,3,9,2,,2,,1,,,,4,,"Solcher, Steven J","Iype, Isabelle J",,,,,sjs107020,steven solcher,Intermediate Financial Accounting I 
ACCT,3332,001,2,5,2,2,12,3,8,11,1,4,9,4,2,,,,5,,"Bortz, Tiffany A","Springer, Rohan",,,,,tabortz,tiffany bortz,Intermediate Financial Accounting II 
ACCT,3332,501,,2,,2,2,6,1,2,8,,6,3,4,,,,3,,"Hes, Christopher","Martin, Stephanie",,,,,cah041000,christopher hess,Intermediate Financial Accounting II 
ACCT,3332,PPA,7,18,6,6,11,4,1,8,1,1,6,3,1,,,,,,"Bortz, Tiffany A","Springer, Rohan",,,,,tabortz,tiffany bortz,
ACCT,3341,001,3,9,5,8,8,9,2,1,,3,,,1,,,,2,,"Natarajan, Ramachandran","Stanton, Nicholas",,,,,nataraj,ramachandra natarajan,Cost Management Systems 
ACCT,3341,501,2,2,3,2,1,6,1,3,1,,3,,4,,,,3,,"Goodrich, Mary Beth W","Prabhu, Sushanth Rajesh",,,,,goodrich,mary beth goodrich,Cost Management Systems 
ACCT,3350,001,3,5,14,11,8,3,,2,1,,,,,,,,,,"Solcher, Steven J","Iype, Isabelle J",,,,,sjs107020,steven solcher,Fundamentals of Taxation 
ACCT,3350,501,,6,8,16,9,6,5,4,,,,,2,,,,,,"Frost, Sandra M","Iype, Isabelle J",,,,,sms151730,sandra frost,Fundamentals of Taxation 
ACCT,4301,501,1,,7,4,3,6,4,,5,3,,,3,,,,2,,"Hagen, John","Kotecha, Vishwa Rakesh",,,,,jch013200,john hagen,Database Systems 
ACCT,4334,001,5,6,10,15,11,1,10,9,2,,1,,,,,,,,"Paske, Matthew A",,,,,,map055000,,Auditing 
ACCT,4334,501,,9,12,27,,1,8,9,3,,,,,,,,,,"Paske, Matthew A",,,,,,map055000,,Auditing 
ACCT,4336,001,,1,4,5,8,16,10,2,2,,,,,,,,,,"Ballew, Gregory","Shivaani, MV",,,,,geb011100,gregory ballew,Financial Statement Analysis 
ACCT,4337,501,,,4,3,11,4,6,3,,2,,,,,,,,,"Ballew, Gregory","Shivaani, MV",,,,,geb011100,gregory ballew,Business Valuation 
ACCT,4342,001,6,10,9,8,2,2,4,2,,,,1,,,,,,,"Gu, Dongdi","Dang, Tam-Nhu",,,,,dxg180001,,Accounting Information Systems and Financial Reporting 
ACCT,4342,501,1,6,5,8,6,2,2,3,4,2,,1,1,,,,,,"Gu, Dongdi","Dang, Tam-Nhu",,,,,dxg180001,,Accounting Information Systems and Financial Reporting 
ACCT,4342,PPA,22,17,13,9,3,,2,1,,,,,,,,,,,"Gu, Dongdi","Dang, Tam-Nhu",,,,,dxg180001,dongdi gu,
ACCT,6202,0W1,,16,10,7,5,4,,2,,,,,1,,,,6,,"Janakiraman, Surya N","Liu, Ruichao",,,,,suryaj,surya janakiraman,Accounting for Managerial Decision Making and Control 
ACCT,6202,CH1,,10,3,,5,,,1,,,,,,,,,,,"Sadka, Gil",,,,,,gxs143630,gil sadka,
ACCT,6202,GW1,,10,1,4,1,1,1,,,,,,,,,,,,"Sadka, Gil",,,,,,gxs143630,gil sadka,
ACCT,6292,S91,,58,,,31,,,1,,,,,,,,,,,"Mauriello, Joseph A","Kim, Heejin",,,,,jam151430,joseph mauriello,
ACCT,6301,001,,10,6,11,6,4,4,,,,,,,,,,,,"Li, Ningzhong","Kwon, Yeongmin",,,,,nxl124130,ningzhong li,Financial Accounting 
ACCT,6301,0W1,,15,8,8,6,6,,3,,,,,1,,,,2,,"Ali, Ashiq","Liu, Ruichao",,,,,axa042200,ashiq ali,Financial Accounting 
ACCT,6301,501,,12,7,14,4,5,5,,,,,,,,,,2,,"Li, Ningzhong","Kwon, Yeongmin",,,,,nxl124130,ningzhong li,Financial Accounting 
ACCT,6301,GW1,,35,2,1,1,,,,,,,,,,,,,,"Barden, John P",,,,,,jpb063000,john barden,
ACCT,6301,MBC,,18,16,8,3,2,,,,,,,,,,,1,,"Radhakrishnan, Suresh","Weber, Josiah C",,,,,sradhakr,suresh radhakrishnan,
ACCT,6301,MBP,,20,10,3,1,,,,,,,,,,,,,,"Radhakrishnan, Suresh","Weber, Josiah C",,,,,sradhakr,suresh radhakrishnan,
ACCT,6301,XH1,,11,4,2,3,4,1,,,,,,,,,,1,,"Ali, Ashiq",,,,,,axa042200,ashiq ali,
ACCT,6305,001,,5,2,7,,6,6,,,,,,,,,,,,"Paske, Matthew A",,,,,,map055000,,Accounting for Managers 
ACCT,6305,501,,4,5,4,1,1,,,,,,,2,,,,,,"Janakiraman, Surya N","Liu, Ruichao",,,,,suryaj,surya janakiraman,Accounting for Managers 
ACCT,6320,0W1,,8,2,1,4,3,2,,,,,,1,,,,1,,"Cavusoglu, Huseyin","Li, Baorui",,,,,huseyin,huseyin cavusoglu,Database Foundations 
ACCT,6321,S01,,5,8,8,4,2,,,,,,,,,,,,,"Scott, James",,,,,,jas076100,james scott,
ACCT,6330,501,,17,,,15,,,15,,,,,5,,,,2,,"Cready, William M","Han, Zhe",,,,,wmc041000,william cready,Intermediate Financial Accounting I 
ACCT,6330,S01,,15,9,,1,,,,,,,,,,,,,,"Solcher, Steven J",,,,,,sjs107020,steven solcher,
ACCT,6331,501,,11,9,6,8,7,4,2,,,,,,,,,4,,"Janakiraman, Surya N","Liu, Ruichao",,,,,suryaj,surya janakiraman,Cost Accounting with Integrated Data Analytics 
ACCT,6332,5W1,,22,,,9,,,13,,,,,,,,,2,,"Zolton, Kathy","Weber, Josiah C",,,,,kxz121730,kathy zolton,Intermediate Financial Accounting II 
ACCT,6333,501,,10,,,8,,,5,,,,,,,,,,,"Zolton, Kathy","Weber, Josiah C",,,,,kxz121730,kathy zolton,Advanced Financial Reporting 
ACCT,6333,PPA,,20,,,7,,,3,,,,,,,,,1,,"Zolton, Kathy","Weber, Josiah C",,,,,kxz121730,kathy zolton,
ACCT,6334,501,,,6,6,9,3,2,,,,,,,,,,,,"Paske, Matthew A",,,,,,map055000,,Auditing 
ACCT,6335,0W1,,22,10,6,9,11,,,,,,,1,,,,,,"Bortz, Tiffany A","Martin, Stephanie",,,,,tabortz,tiffany bortz,Ethics for Professional Accountants 
ACCT,6335,S91,,12,3,5,4,,,,,,,,,,,,,,"Bortz, Tiffany A","Iype, Isabelle J",,,,,tabortz,tiffany bortz,
ACCT,6336,501,,13,5,5,4,,,,,,,,,,,,1,,"Mauriello, Joseph A",,,,,,jam151430,joseph mauriello,Information Technology Audit and Risk Management 
ACCT,6341,0W1,,19,1,3,6,,,,,,,,,,,,1,,"Goodrich, Mary Beth W","Prabhu, Sushanth Rajesh",,,,,goodrich,mary beth goodrich,Planning  Control and Performance Evaluation 
ACCT,6344,0W1,,9,24,16,2,1,,,,,,,,,1,,1,,"Gurun, Umit G","Shivaani, MV",,,,,ugg041000,umit gurun,Financial Statement Analysis 
ACCT,6344,PPA,,20,30,19,3,,,,,,,,,,,,,,"Gurun, Umit G","Shivaani, MV",,,,,ugg041000,umit gurun,
ACCT,6345,5W1,,9,13,12,6,2,1,,,,,,,,,,,,"Janakiraman, Surya N","Liu, Ruichao",,,,,suryaj,surya janakiraman,Business Valuation 
ACCT,6350,501,,29,17,4,1,,,,,,,,,,,,,,"Solcher, Steven J","Iype, Isabelle J",,,,,sjs107020,steven solcher,Fundamentals of Taxation I 
ACCT,6350,S01,,21,2,1,1,,,,,,,,,,,,,,"Frost, Sandra M","Iype, Isabelle J",,,,,,sandra frost,
ACCT,6353,501,,4,12,11,12,1,,,,,,,,,,,1,,"Solcher, Steven J","Iype, Isabelle J",,,,,sjs107020,steven solcher,Fundamentals of Taxation II 
ACCT,6354,501,,17,6,8,5,6,3,1,,,,,1,,,,,,"Hanna, Dave T",,,,,,dal166562,,Taxation and Planning of Pass-through Entities 
ACCT,6374,001,,27,12,14,7,1,,,,,,,,,,,1,,"Mauriello, Joseph A","Kim, Heejin",,,,,jam151430,joseph mauriello,Advanced Data Analytics and AI for Accountants and Auditors 
ACCT,6380,501,,4,14,3,3,,,,,,,,,,,,1,,"Mauriello, Joseph A","Kim, Heejin",,,,,jam151430,joseph mauriello,Internal Audit 
ACCT,6383,501,,2,,3,8,,,2,,,,,,,,,,,"Bracy, Dana",,,,,,dxb016100,dana bracy,Fraud Examination 
ACCT,6386,001,,40,12,3,1,,,1,,,,,,,,,1,,"Mauriello, Joseph A","Kim, Heejin",,,,,jam151430,joseph mauriello,Governance  Risk Management and Compliance 
ACCT,6392,501,,13,9,5,3,2,,,,,,,,,,,,,"Mauriello, Joseph A",,,,,,jam151430,joseph mauriello,Advanced Auditing 
ACN,5312,001,,7,2,2,1,1,1,,,,,,,,,,,,"Fearon, Danielle","Leung, Carole",,,,,dxf220005,danielle fearon,Introductory Research Methods in Behavioral and Brain Sciences - Part I 
ACN,5312,002,,6,3,7,1,,,,,,,,,,,,,,"Fearon, Danielle","Poelker-Wells, Samuel",,,,,dxf220005,danielle fearon,Introductory Research Methods in Behavioral and Brain Sciences - Part I 
ACN,5312,003,,6,6,4,5,2,1,,,,,,,,,,,,"Lontok, Dona","Massett, Roy J",,,,,dxl220037,,Introductory Research Methods in Behavioral and Brain Sciences - Part I 
ACN,6330,001,,9,1,7,5,,1,1,,,,,,,,,,,"Guo, Jiahui",,,,,,jxg230022,jiahui guo,Cognitive Science 
ACN,6338,001,,21,,,8,,,2,,,,,1,,,,1,,"Sultana, Rukhsana",,,,,,rxs170431,rukhsana sultana,Functional Neuroanatomy 
ACN,6341,001,,7,2,,1,2,1,1,,,,,,,,,,,"Orrick, Erika D",,,,,,edo042000,erika orrick,Foundations of Human-Computer Interaction 
ACN,6345,001,,3,3,5,1,,,,,,,,,,,,,,"Rodriguez, Christa M",,,,,,cmr067000,christa mcintyre rodriguez,Neurobiology of Learning and Memory 
ACN,6346,001,,15,10,2,1,,2,,,,,,,,,,,,"Yousuf, Muhammad Saad",,,,,,yxm200007,,Systems Neuroscience 
ACN,6373,0W1,,21,,,1,,,,,,,,,,,,,,"Jaquez, Kathryn M",,,,,,kmo053000,,Intraoperative Neurophysiological Monitoring 
ACN,6395,001,,5,,,14,,,7,,,,,4,,,,1,,"Wig, Gagandeep S","Pezanko, Luke",,,,,gsw130130,gagan wig,Cognitive Psychology 
ACN,6V71,013,,,,,,,,,,,,,,,,,,13,"Golden, Richard M",,,,,,golden,richard golden,
ACN,6V81,001,,13,1,,,,,,,,,,,,1,,,,"Estevez, Leonardo",,,,,,lwe071000,leonardo estevez,Special Topics in Applied Cognition and Neuroscience 
ACTS,4302,001,,4,5,2,2,3,4,1,2,1,1,,,,,,,,"Humphreys, Natalia","He, Yizhe",,,,,nah103020,natalia humphreys,Investment and Financial Markets 
ACTS,4303,001,5,1,1,4,1,2,1,,1,,1,1,,,,,,,"Makhijani, Neha","Mathew, Minu Maria",,,,,nxm165130,neha makhijani,Long Term Actuarial Mathematics II 
ACTS,4304,001,1,2,3,2,4,1,1,1,1,1,1,,1,,,,,,"Humphreys, Natalia","Zhao, Kun",,,,,nah103020,natalia humphreys,Short Term Actuarial Mathematics I 
ACTS,4307,001,3,8,4,1,2,1,,,,,,,,,,,,,"Hong, Liang","Li, Jiacheng",,,,,lxh019000,liang hong,Statistics for Risk Modeling 
ACTS,4308,001,5,2,1,4,3,2,2,1,1,,,1,3,1,,,1,,"Makhijani, Neha","Rajapakshage, Himasha Miurangi W",,,,,nxm165130,neha makhijani,Actuarial Financial Mathematics 
AHST,1304,001,,31,7,9,13,7,8,7,1,5,,2,11,,,,2,,"Terranova, Charissa N","Khoshniat, Ahmad","Harper, Joseph E","Dolatyari, Mahdi","Adnan, Rabeeha",,cxt074100,charissa terranova,Survey of Western Art History  Renaissance to Modern 
AHST,1304,002,6,29,12,1,8,4,5,4,2,5,3,,11,,,,1,,"Terranova, Charissa N","Dolatyari, Mahdi","Harper, Joseph E","Khoshniat, Ahmad","Adnan, Rabeeha",,cxt074100,charissa terranova,Survey of Western Art History  Renaissance to Modern 
AHST,2331,001,,13,4,5,15,14,4,12,2,,1,,4,,,,18,,"Doss, Erika","Razzaque, Farzana A","Morgan, George D",,,,exd230007,erika doss,Understanding Art 
AHST,2331,HN1,13,10,1,,,,,,,,,,,,,,,,"Hofland, Amy",,,,,,axh190029,amy hofland,Understanding Art 
AHST,3315,001,3,8,9,3,8,3,,1,,,,,,,,,2,,"Rosen, Mark S",,,,,,mxr088000,mark rosen,Renaissance Art and Architecture 
AHST,3324,501,5,9,2,2,2,,,,,,,,,,,,,,"Durant, Stephanie D",,,,,,ddm043000,,History of Photography 
AHST,6310,001,,10,,,,,,,,,,,,,,,,,"Lima, Benjamin J",,,,,,bxl170004,,Topics in Art History 
AHTC,1100,001,18,4,1,3,2,1,1,,2,,,2,,,,,,,"Marroquin, Irene",,,,,,ixm033000,irene marroquin,First Year Seminar 
AHTC,1100,003,3,1,,5,8,1,2,9,,1,,1,6,,,,,,"Roberts, Jazzmyn C",,,,,,jcr210003,,First Year Seminar 
AHTC,1100,004,,25,,,4,,,2,,,2,,3,,,,,,"Hasan, Nasreen",,,,,,nxh080100,nasreen hasan,First Year Seminar 
AHTC,1100,005,11,8,,1,7,,,4,,1,2,,2,,,,,,"Roberts, Jazzmyn C",,,,,,jcr210003,,First Year Seminar 
AHTC,1100,0L1,7,2,,,,,,2,1,,,,,,,,,,"Lara, Cynthia C",,,,,,cch170030,,First Year Seminar 
AHTC,1100,0L2,13,9,1,1,1,1,2,,5,,1,1,2,,,,,,"Lara, Cynthia C",,,,,,cch170030,,First Year Seminar 
AHTC,1100,0L3,19,1,3,4,3,2,2,1,,,1,,2,,,,,,"Marroquin, Irene",,,,,,ixm033000,irene marroquin,First Year Seminar 
AHTC,2120,001,6,,,2,1,,1,1,,,,,,,,,,,"Campbell, Jennifer W",,,,,,jwl230003,,Careers Exploration in the Arts  Humanities  and Technology 
AMS,2300,001,9,4,3,2,3,,,,1,,3,,,,,,2,,"Hammonds, Kyle",,,,,,kxh230016,kyle hammonds,American Popular Culture 
AMS,2300,HN1,,9,11,3,3,,,,,,,,,,,,1,,"Smith, Erin",,,,,,erins,erin smith,American Popular Culture 
AMS,2341,001,1,7,10,5,6,4,,1,1,,,,1,,,,,,"Taylor, Chelsea",,,,,,dal877623,,American Studies for the Twenty-First Century 
AMS,3316,0W1,9,9,8,,4,2,,3,1,,1,,4,,,,2,,"Winstead, Elizabeth L",,,,,,lwm061000,elizabeth winstead,Interpersonal Communication 
AMS,4300,5H1,8,7,1,,,,,1,,,,,1,,,,,,"Ross, Alyssa N",,,,,,anr161130,alyssa ross,Oral and Written Communication for the Classroom 
AMS,4379,001,4,3,2,1,,,,,,,,,,,,,,,"Jones, June A",,,,,,jaj230010,june jones,Special Topics in American Studies 
AMS,4379,0W1,6,4,4,,1,,1,,,,,,2,,,,1,,"Winstead, Elizabeth L",,,,,,lwm061000,elizabeth winstead,Special Topics in American Studies 
ANGM,2303,001,18,5,13,1,1,,,,,1,1,1,,,,,1,,"Cade, Joanna R","Ahr, Allanah G","Lai, Yahan",,,,dal636079,,Project Management for Arts  Technology  and Emerging Communication I 
ANGM,2303,002,2,17,36,16,13,7,4,,1,,,,,,,,,,"Spivey, Charlotte","Cabrera, Michael A","Lai, Yahan","Ahr, Allanah G",,,dal049549,,Project Management for Arts  Technology  and Emerging Communication I 
ANGM,2305,0W2,7,17,12,9,8,10,8,7,3,3,2,,8,,,,4,,"Lim, Fengjie","Cressman, Benjamin I","Lam, Vy",,,,fxl200000,fengjie lim,Programming for Digital Arts 
ANGM,2309,0W1,5,23,14,4,9,8,2,7,13,,4,,7,,,,2,,"Fechter, Todd A","Prado, Jordan B",,,,,taf051000,todd fechter,Drawing for Animation 
ANGM,2309,0W2,26,23,9,3,11,6,8,,1,2,1,,5,,,,5,,"Griffin, Troy","Abri, Zeinab",,,,,txg121730,troy griffin,Drawing for Animation 
ANGM,2310,0H1,108,37,43,23,11,13,4,2,5,1,4,1,24,,,,10,,"Salter, Monika M","Ho, Maikhanh T","Cruz Santos, Luan","Shi, Lintai","Gutierrez, Joseph W","Laidacker, Joshua",mxs176131,monika salter,Animation and Game Fundamentals 
ANGM,2315,001,9,13,29,15,12,6,5,1,1,,,2,6,,,,,,"Veras de Souza, Christine","Plueger, Michael F","Nguyen, Thi Kim Cuong",,,,cxv180000,christine veras de souza,Animation Origins and Techniques 
ANGM,2335,001,13,11,4,1,,,,,1,,,,,,,,,,"Marks, David",,,,,,dem160430,david marks,History of Audio Technology in Media 
ANGM,2350,001,8,10,6,4,4,5,1,,1,1,,2,3,,,,1,,"Griffin, Troy","Clarke-Gaar, Alissa C",,,,,txg121730,troy griffin,Story 
ANGM,3304,001,1,3,7,2,2,4,,1,,,1,,,,,,1,,"Gardner, Frederick",,,,,,fxg230003,frederick gardner,Character Design 
ANGM,3305,001,1,,5,4,6,4,3,3,2,,,,1,,,,,,"Caldwell, Bryon A","Brazeal, Landry",,,,,bac190003,bryon caldwell,Computer Animation I 
ANGM,3305,501,6,5,3,3,7,2,,,1,,,2,,,,,1,,"Wheeler, Jonathan M",,,,,,jmw230002,jonathan wheeler,Computer Animation I 
ANGM,3306,001,1,5,8,2,8,3,,1,,,1,,,,,,,,"Khamnouane, Singkham",,,,,,ssk013000,singkham khamnouane,Modeling and Texturing I 
ANGM,3306,002,4,6,4,4,3,3,,,,,,,4,,,,2,,"Carey, Joshua S",,,,,,dal540711,joshua carey,Modeling and Texturing I 
ANGM,3306,003,,1,1,1,2,4,2,4,1,,1,,7,,,,4,,"Johnson, Casey A",,,,,,caj150430,casey johnson,Modeling and Texturing I 
ANGM,3307,001,1,7,7,8,,,1,,1,,,,1,,,,2,,"McCord, Peter A",,,,,,pam062000,peter mccord,Lighting and Composition I 
ANGM,3307,002,1,5,11,3,1,3,1,1,,1,1,,,,,,2,,"McCord, Peter A",,,,,,pam062000,peter mccord,Lighting and Composition I 
ANGM,3308,001,,13,4,2,2,1,,1,,,1,1,1,,,,2,,"Carey, Joshua S",,,,,,dal540711,joshua carey,Rigging I 
ANGM,3308,002,,14,3,1,1,1,3,,1,,,,5,,,,,,"Carey, Joshua S",,,,,,dal540711,joshua carey,Rigging I 
ANGM,3310,001,2,,,2,1,3,2,5,1,1,,2,5,,,,5,,"Lim, Fengjie",,,,,,fxl200000,fengjie lim,Introduction to Proceduralism 
ANGM,3311,001,1,2,2,8,3,1,,,1,,,2,2,,,,2,,"Lim, Fengjie",,,,,,fxl200000,fengjie lim,Scripting for Animation 
ANGM,3311,002,,6,3,5,4,,1,,1,1,,,2,,,,1,,"Johnson, Casey A",,,,,,caj150430,casey johnson,Scripting for Animation 
ANGM,3312,101,4,,2,2,1,2,,3,,2,,,1,,,,1,,"Salter, Monika M",,,,,,mxs176131,monika salter,Surfacing and Shading 
ANGM,3314,001,5,4,3,3,1,,,3,,,,,,,,,3,,"Gardner, Frederick",,,,,,fxg230003,frederick gardner,Background Design 
ANGM,3315,001,9,6,6,2,2,1,1,1,,,,,1,,,,,,"Salter, Monika M",,,,,,mxs176131,monika salter,Animation Studies 
ANGM,3321,001,7,3,4,4,1,,,,,,,,,,,,,,"Gardner, Frederick",,,,,,fxg230003,frederick gardner,Life Drawing 
ANGM,3321,002,,19,,,,,,,,,,,,,,,,,"Polson, Tod",,,,,,dal315709,,Life Drawing 
ANGM,3322,001,9,5,,1,,2,,,,,,,,,,,,,"Akalkotkar, Uma G",,,,,,uga170030,,Editing for Animation 
ANGM,3330,001,15,3,,1,,,,,,,,,,,,,,,"McCord, Peter A",,,,,,pam062000,peter mccord,3D Print Lab 
ANGM,3338,001,6,10,3,3,2,,,,,,1,1,2,,,,,,"Griffin, Troy",,,,,,txg121730,troy griffin,Motion Design I 
ANGM,3338,002,3,4,2,2,5,4,1,1,2,,,,5,,,,1,,"Farrar, Eric T",,,,,,etf091000,eric farrar,Motion Design I 
ANGM,3346,001,11,14,2,1,1,,,,,,1,,,,,,,,"Marks, David",,,,,,dem160430,david marks,Audio Productions Lab I 
ANGM,3347,001,8,5,2,1,,,,,,,,,,,,,,,"Gupta-Fitzgerald, Harold E",,,,,,hxf170830,hal fitzgerald,Recording Studio Techniques I 
ANGM,3365,001,7,16,3,1,1,,,,,,,,,,,,1,,"Christopher, Timothy V","Bess, Michael C",,,,,khimbar,timothy christopher,Game Design I 
ANGM,3365,002,3,10,3,3,2,,,,,,,,2,,,,1,,"Christopher, Timothy V","Bess, Michael C",,,,,khimbar,timothy christopher,Game Design I 
ANGM,3365,003,10,10,5,1,1,1,1,,,,,,,,,,,,"Schoonover, Richard",,,,,,rxs230056,,Game Design I 
ANGM,3366,001,1,8,6,5,4,1,,1,1,1,,,2,,,,,,"Murray, Jack A",,,,,,jam130530,jack murray,Game Studies I 
ANGM,3366,002,14,3,6,1,,1,2,,1,,,,2,,,,,,"Irby, Cameron L",,,,,,cli170000,,Game Studies I 
ANGM,3367,501,,7,7,4,2,,1,1,1,,,,5,,,,,,"Villegas, Randall V",,,,,,rvv150130,,Level Design I 
ANGM,3367,502,,2,1,6,6,3,3,2,2,,,,2,,,,3,,"Villegas, Randall V",,,,,,rvv150130,,Level Design I 
ANGM,3368,001,3,9,7,3,2,,1,,2,1,1,,1,,,,,,"Lewis, Timothy M",,,,,,tml062000,timothy lewis,Scripting for Games I 
ANGM,3368,0W1,1,4,4,2,5,5,1,1,2,,,,3,,,,2,,"Chandler, Adam W",,,,,,awc051000,adam chandler,Scripting for Games I 
ANGM,3369,001,,25,1,1,,,,1,,,,,2,,,,,,"Evans, Monica J","Kerr, Rachel T",,,,,mevans,monica evans,Games and Narrative I 
ANGM,3370,001,4,4,6,3,3,2,1,,,,,,4,,,,2,,"Lewis, Timothy M",,,,,,tml062000,timothy lewis,Virtual Environments I 
ANGM,3370,002,6,4,3,5,5,2,,1,,,1,,2,,,,1,,"Lewis, Timothy M",,,,,,tml062000,timothy lewis,Virtual Environments I 
ANGM,3370,501,3,5,5,4,,1,1,1,,1,1,,6,,,,,,"Obuobi, Samra",,,,,,sxo170530,samra obuobi,Virtual Environments I 
ANGM,3380,001,5,3,4,1,1,1,,,1,,1,,1,,,,,,"Price, Jeffrey T","Kim, Da Hyun",,,,,jxp220037,jeff price,Virtual Reality 
ANGM,3381,501,2,10,,1,1,1,,,,,,,2,,,,1,,"Billingslea, Steven L",,,,,,slb073000,steven billingslea,Augmented Reality 
ANGM,4305,001,,,5,2,5,1,1,1,2,,1,1,,,,,,,"Caldwell, Bryon A",,,,,,bac190003,bryon caldwell,Computer Animation II 
ANGM,4306,001,1,3,4,,1,1,3,,2,,,1,2,,,,,,"Khamnouane, Singkham",,,,,,ssk013000,singkham khamnouane,Modeling and Texturing II 
ANGM,4306,501,10,3,1,1,1,,,,,,,,2,,,,1,,"Smithson, William N",,,,,,dal413817,,Modeling and Texturing II 
ANGM,4308,001,5,3,5,2,2,,,,,,,,1,,,,1,,"Carey, Joshua S",,,,,,dal540711,joshua carey,Rigging II 
ANGM,4310,501,,,23,5,,,,,,,,,,,,,1,,"Buxkamper, Adam M",,,,,,amb047000,,Motion Capture Animation 
ANGM,4312,001,1,6,5,2,,1,3,,1,,,,,,,,,,"Khamnouane, Singkham",,,,,,ssk013000,singkham khamnouane,Digital Sculpting 
ANGM,4315,001,,2,2,4,4,1,1,,1,,,,,,,,,,"Caldwell, Bryon A",,,,,,bac190003,bryon caldwell,Computer Animation III 
ANGM,4317,001,,24,,,,,,,,,,,,,,,,,"Salter, Monika M",,,,,,mxs176131,monika salter,Animation Lab II 
ANGM,4317,002,,18,,,,,,2,,,,,,,,,,,"Johnson, Casey A",,,,,,caj150430,casey johnson,Animation Lab II 
ANGM,4319,001,,,6,1,3,1,,,,1,,,,,,,,,"Lim, Fengjie",,,,,,fxl200000,fengjie lim,Topics in Animation 
ANGM,4319,003,,13,,,,,,,,,,,,,,,,,"Johnson, Casey A","McCord, Peter A",,,,,caj150430,casey johnson,Topics in Animation 
ANGM,4321,001,2,17,4,,,,,,,,,,,,,,,,"Khamnouane, Singkham",,,,,,ssk013000,singkham khamnouane,Collaborative Modeling 
ANGM,4322,001,2,2,,1,,,,1,2,,1,,1,,,,,,"Veras de Souza, Christine",,,,,,cxv180000,christine veras de souza,Experimental Animation 
ANGM,4338,001,5,5,5,3,3,3,,1,1,,1,,1,,,,2,,"Farrar, Eric T",,,,,,etf091000,eric farrar,Motion Design II 
ANGM,4339,001,1,5,4,,,,,,,,,,,,,,,,"Farrar, Eric T",,,,,,etf091000,eric farrar,Motion Design Lab 
ANGM,4365,001,4,4,2,4,,1,,,1,,,,3,,,,,,"Christopher, Timothy V",,,,,,khimbar,timothy christopher,Game Design II 
ANGM,4365,002,11,3,,1,1,,,,,,1,,1,,,,,,"Christopher, Timothy V",,,,,,khimbar,timothy christopher,Game Design II 
ANGM,4367,001,,5,8,5,4,1,,,1,,,,,,,,,,"Villegas, Randall V",,,,,,rvv150130,,Level Design II 
ANGM,4367,002,,2,6,5,5,3,,1,1,,,,,,,,,,"Villegas, Randall V",,,,,,rvv150130,,Level Design II 
ANGM,4368,001,3,,2,5,,4,,,,1,,1,1,,,,2,,"Chandler, Adam W",,,,,,awc051000,adam chandler,Scripting for Games II 
ANGM,4370,101,3,5,6,1,2,1,,,,,,,,,,,,,"Lewis, Timothy M",,,,,,tml062000,timothy lewis,Virtual Environments II 
ANGM,4373,001,,,5,5,2,3,,,2,,,,2,,,,,,"Caldwell, Bryon A",,,,,,bac190003,bryon caldwell,Animation for Games 
ANGM,4376,001,14,2,2,1,,,,,,,,,,,,,,,"Lewis, Timothy M","Mangipudi, Sai K",,,,,tml062000,timothy lewis,Game Production Lab I 
ANGM,4376,002,17,,,,,,,,,,,,,,,,,,"Villegas, Randall V",,,,,,rvv150130,,Game Production Lab I 
ANGM,4379,001,6,,2,,2,,,3,2,,,,,,,,,,"Polson, Tod","Mukherjee, Pritha",,,,,dal315709,,Topics in Games 
ANGM,4379,003,8,8,1,,,,,1,,,,,,,,,,,"Gardner, Frederick",,,,,,fxg230003,frederick gardner,Topics in Games 
ANGM,6356,001,,10,,,,,,1,,,,,,,,,,,"Evans, Monica J",,,,,,mevans,monica evans,Anatomy of a Game 
ARAB,1311,001,7,3,4,2,,,,1,,,,,1,,,,,,"Anjum, Zafar",,,,,,zxa110730,zafar anjum,Beginning Arabic I 
ARAB,3351,001,1,6,2,,2,,,,,,,,,,,,,,"Anjum, Zafar",,,,,,zxa110730,zafar anjum,Introduction to Islamic Culture 
ARHM,2340,001,6,3,8,,,1,,,,,,,,,,,,,"Avram, Danielle M",,,,,,avram,danielle avram,Creativity 
ARHM,2342,001,,16,1,,1,1,,1,1,1,,,,,,,2,,"Evans, Kathryn C",,,,,,kcevans,kathryn evans,Connections in the Arts and Humanities 
ARTS,1301,0W1,106,14,5,4,,2,1,2,,1,,,,,,,4,,"Bennett, Jason","Ford, Angela",,,,,jxb230049,,Exploration of the Arts 
ARTS,1316,001,,10,5,,,,,1,,,,,,,,,,,"Min, Inki A",,,,,,iam140230,inki min,Drawing Foundations 
ARTS,1316,002,2,1,7,1,3,,1,,1,,1,,,,,,,,"Higgins-Stirrup, Brynn",,,,,,bxh230012,brynn higgins stirrup,Drawing Foundations 
ARTS,1316,502,,13,2,,1,,,,,,1,,,,,,,,"Fridge, Brian D",,,,,,bdf081000,brian fridge,Drawing Foundations 
ARTS,1316,503,5,12,2,,,,,,,,,,,,,,,,"Song, Haoyi",,,,,,hxs210095,,Drawing Foundations 
ARTS,2316,001,13,,2,,,1,1,,,,,,,,,,,,"Egan, Trey T",,,,,,tte150130,trey egan,Painting Foundations 
ARTS,2316,002,13,4,,,,,,,,,,,,,,,,,"Takaloubighash, Maryam",,,,,,mxt210063,,Painting Foundations 
ARTS,2316,003,5,4,,1,2,,1,1,1,,,1,,,,,,,"Akinwole, Oluwadare Dare",,,,,,oxa220001,,Painting Foundations 
ARTS,2318,001,,11,3,1,,,1,,,,,,2,,,,,,"Baigmoradi, Fatemeh",,,,,,fxb220000,,Mobile Photography 
ARTS,2348,001,2,8,,,4,1,1,,,,1,,,,,,,,"Reyes, Marcela",,,,,,mxr116430,marcela reyes,Digital Art 
ARTS,2350,001,,1,2,1,1,4,,,,,,,,,,,1,,"Allen, Lauren",,,,,,dal175081,,Photography  Design 
ARTS,2350,002,4,3,,,,2,,,,,,,4,,,,,,"Vega Mora, Brenda G",,,,,,bgv230000,,Photography  Design 
ARTS,2380,001,2,7,2,1,1,,,,,,,1,,,,,,,"Egan, Trey T",,,,,,tte150130,trey egan,Visual Design Foundations 
ARTS,3363,001,,3,,2,1,1,1,1,,,,,1,,,,1,,"Tady, Lorraine T",,,,,,ltt042000,lorraine tady,Typography  Technology  Image 
ARTS,3364,001,3,4,3,,,,,,,,,,,,,,,,"Williams, Thomas E",,,,,,tew210002,,Silkscreen Printmaking 
ARTS,3366,001,,10,1,1,,2,2,1,,,,,,,,,,,"Higgins-Stirrup, Brynn",,,,,,bxh230012,brynn higgins stirrup,Intermediate Drawing 
ARTS,3367,001,,4,6,3,2,,2,,,2,,,,,,,,,"Higgins-Stirrup, Brynn",,,,,,bxh230012,brynn higgins stirrup,Figure Drawing 
ARTS,3368,001,4,4,1,,,,,,,,,,,,,,1,,"Reyes, Marcela",,,,,,mxr116430,marcela reyes,Mixed Media 
ARTS,3369,001,,10,,1,,,,,,,,,,,,,,,"Tady, Lorraine T",,,,,,ltt042000,lorraine tady,Intermediate Painting 
ARTS,3371,002,,4,3,,,1,,1,,,,,1,,,,,,"Durant, Stephanie D",,,,,,ddm043000,,Photography  Camera Darkroom 
ARTS,3372,001,,6,2,,2,,,,,,,,1,,,,1,,"Loving, Emily A",,,,,,exl097120,emily loving,Photography  Color Concepts 
ARTS,3375,001,,7,2,1,,,,,,,,,,,,,,,"Cochran, Kristen N",,,,,,knc103020,kristen cochran,Intermediate Sculpture 
ARTS,3379,001,,3,4,2,,1,,2,1,,,,1,,,,,,"Palmer, Marcy A",,,,,,mxp070100,marcy palmer,Photography  New Media 
ARTS,3382,001,,10,1,,1,1,,,,,,,,,,,,,"Tady, Lorraine T",,,,,,ltt042000,lorraine tady,Color as Subject 
ARTS,3383,001,1,2,6,4,,2,1,,,,,,2,,,,,,"Higgins-Stirrup, Brynn",,,,,,bxh230012,brynn higgins stirrup,Digital Drawing 
ARTS,4310,001,2,6,2,,,,,,,,,,,,,,,,"Avram, Danielle M",,,,,,avram,danielle avram,Essentials of Leadership in the Visual Arts 
ARTS,4368,001,11,7,,,,,,,,,,,,,,,,,"Pomara, John J",,,,,,pomara,john pomara,Advanced Visual Arts 
ATCM,2300,001,1,82,36,5,56,6,1,24,,1,2,3,7,,,,6,,"Balsamo, Anne","Costa De Souza, Flavia","Eshtiaghi, Arman","Guo, Yu","Wang, Qi",,axb161831,anne balsamo,Introduction to TechnoCulture 
ATCM,2301,001,11,11,,2,1,2,1,1,,,1,,,,,,,,"Williams, Thomas E","Tran, Lainey",,,,,tew210002,,Digital Art and Design Foundations 
ATCM,2301,002,3,7,6,2,2,,,2,1,,3,1,3,,,,,,"Vo, Baotran N",,,,,,bnv230000,baotran vo,Digital Art and Design Foundations 
ATCM,2301,003,8,9,3,1,1,3,,1,,,1,,2,,,,,,"Asgharpour, Hadi",,,,,,hxa220001,hadi asgharpour,Digital Art and Design Foundations 
ATCM,2301,004,10,7,6,,,2,,,,1,,1,2,,,,,,"Duong, Tu Anh",,,,,,txd240004,tu anh duong,Digital Art and Design Foundations 
ATCM,2301,0W1,13,8,,2,1,,,,,,,,7,,,,,,"Williams, Thomas E","Tran, Lainey",,,,,tew210002,,Digital Art and Design Foundations 
ATCM,2301,0W2,10,6,1,1,1,,2,1,,,1,,2,,1,,1,,"Williams, Thomas E","Tran, Lainey",,,,,tew210002,,Digital Art and Design Foundations 
ATCM,2301,501,4,5,5,3,1,2,5,1,2,,,,2,,,,,,"Chan, Stephany T",,,,,,stc170330,,Digital Art and Design Foundations 
ATCM,2301,502,3,9,5,3,1,,,,,,2,,2,,,,2,,"Bhatia, Parul",,,,,,pxb091000,,Digital Art and Design Foundations 
ATCM,2301,503,8,4,5,4,2,2,1,2,,,,,1,,,,,,"Kirk, Gia L",,,,,,ghk170001,,Digital Art and Design Foundations 
ATCM,2301,504,12,4,,2,4,2,6,,,,,,,,,,,,"Curry, Val",,,,,,vxc110930,val curry,Digital Art and Design Foundations 
ATCM,2302,001,14,7,4,,1,,,1,1,,,,1,,,,,,"Behr, Kris",,,,,,dal658363,kris behr,Design I 
ATCM,2302,002,16,5,6,2,,,,,,,,,1,,,,,,"Behr, Kris",,,,,,dal658363,kris behr,Design I 
ATCM,2302,003,1,6,4,3,4,6,,1,2,1,,,,,,,1,,"Johnson, Olga A",,,,,,oaj240000,,Design I 
ATCM,2302,004,2,3,4,2,3,1,2,1,,2,,,4,,,,3,,"Marder, Amanda K","Ma, Yongjun",,,,,akm150430,amanda marder,Design I 
ATCM,2302,005,2,7,7,1,1,3,,2,1,1,,,2,,,,1,,"Marder, Amanda K","Ma, Yongjun",,,,,akm150430,amanda marder,Design I 
ATCM,2302,006,1,6,7,3,1,2,2,,1,,,1,5,,,,,,"Marder, Amanda K","Ma, Yongjun",,,,,akm150430,amanda marder,Design I 
ATCM,2302,0H1,1,4,4,2,2,2,1,1,3,,,,8,,,,1,,"Zamaniderkani, Vajihe",,,,,,vxz220002,vajihe zamaniderkani,Design I 
ATCM,2302,501,,4,3,4,4,2,,1,2,2,,1,2,,,,2,,"Vahed Khoshknab, Tina",,,,,,txv230000,,Design I 
ATCM,2302,502,3,1,4,,1,,3,2,1,,,,2,,,,1,,"Scott, Andrew F",,,,,,afs140330,andrew scott,Design I 
ATCM,2302,503,1,5,6,1,4,2,2,,2,2,,1,3,,,,,,"Zamaniderkani, Vajihe",,,,,,vxz220002,vajihe zamaniderkani,Design I 
ATCM,2321,001,,1,6,2,3,1,1,,,,,,1,,,,1,,"Imaoka, Laura B","Welwood, Samantha F",,,,,lxi170030,laura imaoka,Reading Media Critically 
ATCM,2322,002,4,13,12,7,5,3,1,,2,,,,3,,,,,,"Fraley, James M","Rahman, Maruf",,,,,jmf210007,james fraley,Media Histories 
ATCM,2330,001,,3,2,1,1,2,,,1,,1,,4,,,,,,"Cooley, Heidi R",,,,,,hxc176430,heidi cooley,Digital Art and Social Practice 
ATCM,2330,0W1,4,4,1,,2,,,2,,,,,3,,,,2,,"Sassner, Sabine",,,,,,sxw220001,,Digital Art and Social Practice 
ATCM,2335,001,8,5,8,3,1,2,1,,,,,,,,,,2,,"Starzer, Kenneth W",,,,,,kws042000,ken starzer,Internet Studio I 
ATCM,2335,501,5,3,5,6,2,1,,3,3,,,,3,,,,1,,"Starzer, Kenneth W",,,,,,kws042000,ken starzer,Internet Studio I 
ATCM,2340,001,22,34,4,9,13,,1,4,2,3,2,1,3,,,,1,,"Tanner, Lari J","Cole, Abby","Ayodabo, Sunday J",,,,ljt130130,lari tanner,Visual Communication 
ATCM,2345,002,2,7,4,3,3,3,,1,1,1,,,1,,,,1,,"Marks, David",,,,,,dem160430,david marks,Introduction to Audio Production 
ATCM,2345,003,2,2,4,2,,2,2,1,1,,,,1,,,,,,"Gupta-Fitzgerald, Harold E",,,,,,hxf170830,hal fitzgerald,Introduction to Audio Production 
ATCM,2345,004,3,7,2,,3,1,,,,,,,2,,,,,,"Marks, David",,,,,,dem160430,david marks,Introduction to Audio Production 
ATCM,2350,001,,21,1,4,,,,1,,,1,,,,,,1,,"Sweet, Kevin J",,,,,,kjs230004,,Time-Based Media 
ATCM,2350,002,5,10,8,1,1,2,,1,,1,,,,,,,,,"Rojas Ponce, Diana S",,,,,,dsr240003,,Time-Based Media 
ATCM,2350,501,10,8,1,2,,2,1,1,,,,1,1,,,,,,"Yu, Yiding",,,,,,yxy180033,yiding yu,Time-Based Media 
ATCM,2360,0W1,28,4,,1,3,2,1,5,,,,,1,,,,,,"Cox, Norman L",,,,,,nlc200001,norm cox,Design Histories 
ATCM,3301,001,4,4,4,2,1,1,,,,,,,1,,,,,,"Rahman, Mohammad K",,,,,,mkr200003,mohammad rahman,Writing for Media Arts and Design 
ATCM,3301,002,,1,4,2,1,6,2,,,1,,,1,,,,,,"Hernandez, Luke A",,,,,,lah190004,,Writing for Media Arts and Design 
ATCM,3301,003,5,3,3,3,2,1,,,,,,,1,,,,1,,"Vo, Angelene H",,,,,,ahv210000,angelene vo,Writing for Media Arts and Design 
ATCM,3301,004,,2,1,3,,,,1,,,,,3,,,,,,"Heaslip, Audra",,,,,,axh027000,audra heaslip,Writing for Media Arts and Design 
ATCM,3301,005,,6,7,1,,,,,2,,,1,1,,,,,,"Heaslip, Audra","Amartey, Belinda",,,,,axh027000,audra heaslip,Writing for Media Arts and Design 
ATCM,3301,006,3,3,1,2,1,3,1,1,,,,,2,,,,1,,"Heaslip, Audra","Amartey, Belinda",,,,,axh027000,audra heaslip,Writing for Media Arts and Design 
ATCM,3320,501,2,7,3,,3,1,,,,,1,,1,,,,,,"Rheams, David C",,,,,,dcr093020,david rheams,Critical Media Theories 
ATCM,3325,501,5,8,9,1,1,1,,1,1,,,,1,,,,,,"Rheams, David C",,,,,,dcr093020,david rheams,Global Media Cultures 
ATCM,3326,0H1,2,3,2,,1,2,2,1,,,,1,3,,,,,,"Nielsen, Christina R",,,,,,crn022000,christina nielsen,Emerging Media Arts 
ATCM,3336,001,,,1,5,4,1,,2,,,1,1,,,,,,,"Barreiro, Isi J",,,,,,ijg190000,isi gonzalez,Design Research Methods 
ATCM,3336,002,4,2,2,1,2,1,1,1,1,,,,1,,,,2,,"Barreiro, Isi J",,,,,,ijg190000,isi gonzalez,Design Research Methods 
ATCM,3336,003,5,4,3,2,1,,1,2,1,1,2,1,1,,,,,,"Martinez, Luis J",,,,,,dal951591,,Design Research Methods 
ATCM,3337,002,,10,3,2,1,1,1,1,,,,,,,,,,,"Kim, Jung Woo",,,,,,dal187617,jung woo kim,Interaction Design I 
ATCM,3337,0W1,,6,5,7,1,1,1,,,,,,,,,,1,,"Kim, Jung Woo",,,,,,dal187617,jung woo kim,Interaction Design I 
ATCM,3337,0W2,10,4,1,3,3,,,1,,,1,,1,,,,,,"Budd, Jessie C",,,,,,jcp101020,jessie budd,Interaction Design I 
ATCM,3339,001,5,5,3,1,,,1,,,,,,,,,,1,,"Hixson, Maiza",,,,,,dal853117,maiza hixson,Intermediate Digital Painting 
ATCM,3340,001,10,,,,1,1,,1,,,1,,1,,,,,,"Cox, Norman L",,,,,,nlc200001,norm cox,Design II 
ATCM,3340,002,16,,1,,3,1,,2,,,,,2,,,,,,"Cox, Norman L",,,,,,nlc200001,norm cox,Design II 
ATCM,3340,003,14,3,2,3,1,1,,2,2,,,,,,,,,,"Cox, Norman L",,,,,,nlc200001,norm cox,Design II 
ATCM,3341,501,,12,6,,,,,,,,,,,,,,,,"Kim, Jung Woo",,,,,,dal187617,jung woo kim,Prototyping 
ATCM,3350,001,,5,4,2,,,1,,,,,,1,,,,,,"Pedrena, Rowena",,,,,,dal666703,,Digital Video Production I 
ATCM,3350,0H1,4,6,6,2,1,1,,,,,,,3,,,,,,"Hewitt, Sharon A",,,,,,sxh090220,sharon hewitt,Digital Video Production I 
ATCM,3350,0W1,7,4,4,2,3,3,2,2,,1,,,1,,,,,,"Hewitt, Sharon A",,,,,,sxh090220,sharon hewitt,Digital Video Production I 
ATCM,3355,001,5,3,2,6,2,,2,,,,,,3,,,,2,,"Scott, Andrew F",,,,,,afs140330,andrew scott,Computer Modeling for Digital Fabrication 
ATCM,3372,001,2,2,3,,1,1,,,4,,,,2,,,,,,"Gupta-Fitzgerald, Harold E",,,,,,hxf170830,hal fitzgerald,Sound Design for Games 
ATCM,3373,101,10,,,,,,,,,,,,,,,,,,"Marks, David",,,,,,dem160430,david marks,Field Audio Recording Techniques 
ATCM,3388,001,8,1,2,,1,2,,,,,1,,1,,,,,,"Fraley, James M",,,,,,jmf210007,james fraley,Social Influence and Persuasive Design 
ATCM,3388,002,5,2,3,,1,1,,,,,,,,,,,,,"Fraley, James M",,,,,,jmf210007,james fraley,Social Influence and Persuasive Design 
ATCM,4326,001,13,1,,3,1,1,,,,,,,,,,,,,"Heaslip, Audra",,,,,,axh027000,audra heaslip,Multimedia Storytelling 
ATCM,4330,001,,15,3,2,2,3,,1,1,,,,2,,,,,,"Burrough, Xtine L",,,,,,cxb153930,xtine burrough,Culture Jamming 
ATCM,4337,0W1,17,2,2,,2,,,,,,,,4,,,,,,"Polansky, Adam A",,,,,,axp230264,,Interaction Design II 
ATCM,4337,0W3,18,3,5,1,1,,,,,,,,1,,,,1,,"Polansky, Adam A",,,,,,axp230264,,Interaction Design II 
ATCM,4340,001,8,9,3,2,1,2,,,,,,,,,,,1,,"McKinney, Mark",,,,,,mxm190029,mark mckinney,Strategic Design 
ATCM,4340,501,5,8,4,,3,1,1,1,2,,,,,,,,,,"McKinney, Mark",,,,,,mxm190029,mark mckinney,Strategic Design 
ATCM,4341,001,4,12,2,4,2,,1,,,,,,,,,,,,"McKinney, Mark",,,,,,mxm190029,mark mckinney,Applied Experience Design 
ATCM,4341,002,1,14,4,3,1,,,,,,,,,,,,,,"Kim, Jung Woo",,,,,,dal187617,jung woo kim,Applied Experience Design 
ATCM,4350,0W1,5,,3,3,1,,,,,,,,,,,,2,,"Hewitt, Sharon A",,,,,,sxh090220,sharon hewitt,Digital Video Production II 
ATCM,4384,0H1,14,8,1,2,1,,,,,,1,,4,,,,2,,"Sen Gupta, Karl S",,,,,,kss140330,karl sengupta,Ethics in New Media  Technology  and Communication 
ATCM,4384,0H2,19,13,,2,3,,,,,,1,,2,,,,,,"Sen Gupta, Karl S",,,,,,kss140330,karl sengupta,Ethics in New Media  Technology  and Communication 
ATCM,4384,0H3,3,10,10,2,4,7,1,1,1,2,,,3,,,,,,"Johnson, Janet L",,,,,,jlj065000,janet johnson,Ethics in New Media  Technology  and Communication 
ATCM,4397,001,3,5,6,,1,1,1,,,,,,,,,,,,"Cade, Joanna R",,,,,,dal636079,,Senior Seminar 
ATCM,4397,0H1,5,4,3,,2,1,,,,,,,,,,,,,"Rojas Ponce, Diana S",,,,,,dsr240003,,Senior Seminar 
ATCM,4397,0H2,3,10,1,,,,,,,,,,2,,,,,,"Terry, Dean D",,,,,,dxt023000,,Senior Seminar 
ATCM,4397,0W1,7,4,,2,,1,1,,,,,,,,,,,,"Griffin, Troy",,,,,,txg121730,troy griffin,Senior Seminar 
AUD,6013,091,,,,,,,,,,,,,,,,,,29,"Cokely, Carol G",,,,,,cgc016200,carol cokely,
AUD,6303,001,,8,3,,3,2,,,,,,,,,,,,,"Lobarinas, Edward",,,,,,exl152130,,Hearing Science 
AUD,6305,0H1,,8,4,2,2,,,,,,,,,,,,,,"Hu, Bohua",,,,,,dal226012,,Anatomy and Physiology of Audition 
AUD,6310,001,,6,5,1,3,1,,,,,,,,,,,,,"Mosley, Cornetta",,,,,,cxm220030,cornetta mosley,Advanced Clinical Audiology 
AUD,7280,001,,,,,,,,,,,,,,,,,,15,"Fowler-Brookman, Stephanie L","Cokely, Carol G",,,,,,stephanie fowler brookman,
AUD,7320,001,,9,5,1,,,,,,,,,,,,,,,"Jahn, Kelly N",,,,,,kxj210014,,Tinnitus and Decreased Sound Tolerance 
AUD,7321,001,,8,3,3,2,,,,,,,,,,,,,,"Lobarinas, Edward",,,,,,exl152130,,Theories of Amplification 
AUD,7324,001,,1,6,2,2,2,,,,,,,,,1,,,,"Warner-Czyz, Andrea D",,,,,,adw052000,andrea warner czyz,Seminar in Cochlear Implants and Technology for Persons Who are Deaf or Hard of Hearing 
AUD,7338,001,,7,3,2,1,,,,,,,,,,1,,,,"Cokely, Carol G","Wiegand-Shahani, Braden",,,,,cgc016200,,Research in Audiology 
AUD,7352,501,,15,,,,,,,,,,,,,,,,,"Jansen, Conner L",,,,,,clj150030,,Advanced Diagnostics of Auditory and Balance Disorder 
AUD,7354,001,,4,,6,1,1,1,,,,,,,,1,,,,"Suthakar, Kirupa","Keywork, Sophia B",,,,,dal615268,,Auditory Evoked Potentials and Auditory Processing 
AUD,7361,001,,15,,,,,,,,,,,,,,,,,"Clark, Jackie L",,,,,,jclark,jackie clark,Practice and Business Management 
AUD,7V80,086,,,,,,,,,,,,,,,,,,17,"Fowler-Brookman, Stephanie L","Cokely, Carol G",,,,,slr150030,,Doctoral Practicum in Audiology 
AUD,7V80,186,,,,,,,,,,,,,,,,,,16,"Fowler-Brookman, Stephanie L","Cokely, Carol G",,,,,,stephanie fowler brookman,
AUD,8V97,064,,,,,,,,,,,,,,,,,,11,"Cokely, Carol G",,,,,,cgc016200,carol cokely,
BA,1105,050,33,9,4,3,,1,,,,,,,,,,,,,"Cirilo, Jason M","Aryal, Nikki",,,,,jmc180002,jason cirilo,
BA,1105,051,30,6,3,1,4,1,1,,,1,,,,,,,,,"Cirilo, Jason M","Aryal, Nikki",,,,,jmc180002,jason cirilo,
BA,1105,052,35,12,1,1,1,,,,,,,,,,,,,,"Cirilo, Jason M","Aryal, Nikki",,,,,jmc180002,jason cirilo,
BA,1105,053,36,6,5,1,1,1,,,,,,,,,,,,,"Cirilo, Jason M","Aryal, Nikki",,,,,jmc180002,jason cirilo,
BA,1105,054,25,16,7,,,1,,,,1,,,,,,,,,"Ceaser, Kenneth","Palanimanickam Ilavarasan, Vikram",,,,,dal809223,kenneth ceaser,
BA,1105,055,44,4,1,,,,,,,,,,,,,,,,"Fitzgerald, Heather E",,,,,,,heather fitzgerald,
BA,1105,056,32,9,7,,1,,,,,,,,,,,,,,"Parker, Nykema","Balmoori, Aishwarya",,,,,dal332892,nykema parker,
BA,1105,057,28,8,9,2,1,1,,,,,,,,,,,,,"Graves, Courtney","Balmoori, Aishwarya",,,,,cxg220025,courtney graves,
BA,1105,058,25,15,4,4,,,,1,,,,,,,,,,,"Berardi, Caryn S",,,,,,cds110030,caryn berardi,
BA,1105,090,17,10,3,1,1,2,2,,1,3,2,,6,,,,1,,"Cirilo, Jason M","Aryal, Nikki",,,,,jmc180002,jason cirilo,Professional Development 
BA,1105,091,12,12,7,3,2,4,4,,1,1,,,4,,,,,,"Skuza, Agnieszka","Balmoori, Aishwarya",,,,,rxj111030,,Professional Development 
BA,1105,092,5,11,3,2,5,7,4,,2,2,1,2,3,,,,,,"Graves, Courtney","Balmoori, Aishwarya",,,,,cxg220025,,Professional Development 
BA,1105,093,24,9,2,5,,2,,1,,,,,4,,,,,,"Cirilo, Jason M","Aryal, Nikki",,,,,jmc180002,jason cirilo,Professional Development 
BA,1105,094,21,13,6,1,2,1,2,,,,1,,1,,,,,,"Ceaser, Kenneth","Palanimanickam Ilavarasan, Vikram",,,,,dal809223,kenneth ceaser,Professional Development 
BA,1105,097,16,12,2,3,4,5,2,1,1,1,2,,1,,,,,,"Cirilo, Jason M","Aryal, Nikki",,,,,evl013000,jason cirilo,Professional Development 
BA,1105,098,21,1,5,1,8,3,1,,,1,2,1,2,,,,1,,"Cirilo, Jason M","Aryal, Nikki",,,,,wxs170001,,Professional Development 
BA,1105,099,11,13,3,4,5,6,3,2,,1,1,,,,,,,,"Skuza, Agnieszka","Balmoori, Aishwarya",,,,,rxj111030,,Professional Development 
BA,1105,0L1,37,11,2,3,,,,1,,,,,,,,,,,"Cirilo, Jason M","Aryal, Nikki",,,,,jmc180002,jason cirilo,
BA,1105,0L2,18,5,2,1,,,,,,,,,,,,,,,"Cirilo, Jason M","Aryal, Nikki",,,,,jmc180002,jason cirilo,
BA,1105,551,46,1,,1,,,,,,,,,1,,,,,,"Wise, Alex G",,,,,,agw091020,alex wise,
BA,1105,552,15,18,9,3,,1,1,,2,,,,,,,,,,"Sing, Michelle",,,,,,,michelle sing,
BA,1105,553,33,3,,,4,1,,,1,,,,,,,,,,"Rios-Jimenez, Emilio","Cirilo, Jason M",,,,,,emilio rios jimenez,
BA,1105,591,11,11,5,4,1,,3,2,3,2,3,1,2,,,,,,"Schewee, William A","Alfante, Mary Rose Zamora",,,,,dal332892,,Professional Development 
BA,1105,592,1,7,9,9,11,3,1,1,2,,1,,3,,,,1,,"Battles, Vincent E",,,,,,veb100020,,Professional Development 
BA,1105,594,5,4,10,2,3,2,1,1,3,,2,1,10,,,,1,,"Hallmon, David","Palanimanickam Ilavarasan, Vikram",,,,,dal858304,,Professional Development 
BA,1310,001,8,10,9,18,14,7,3,,,,,,,,,,2,,"Cheung, Hung Yui",,,,,,phc220001,paul cheung,Making Choices in Free Market Systems 
BA,1310,002,4,11,2,7,17,8,4,8,1,1,2,,1,,,,1,,"Zhao, Xiaodan",,,,,,xxz210018,xiaodan zhao,Making Choices in Free Market Systems 
BA,1310,501,6,15,4,5,16,4,5,3,,2,3,1,3,,,,,,"Zhao, Xiaodan",,,,,,xxz210018,xiaodan zhao,Making Choices in Free Market Systems 
BA,1310,502,6,5,11,12,19,5,2,,,,,,,,,,1,,"Cheung, Hung Yui",,,,,,phc220001,paul cheung,Making Choices in Free Market Systems 
BA,1320,001,3,22,6,7,5,3,3,5,2,3,2,,1,,,,1,,"Blueshtein, Moran","Brady, Cameron","Motupalli, Sai Keerthi",,,,mxb135230,moran blueshtein,Business in a Global World 
BA,1320,002,,49,15,5,1,,,,,,,,1,,,,,,"Lewin, Peter",,,,,,plewin,peter lewin,Business in a Global World 
BA,1320,003,3,13,10,8,8,3,2,5,2,3,,,2,,,,1,,"Blueshtein, Moran","Brady, Cameron","Motupalli, Sai Keerthi",,,,mxb135230,moran blueshtein,Business in a Global World 
BA,1320,004,,22,6,6,4,7,4,3,4,,1,,3,,,,1,,"Blueshtein, Moran","Brady, Cameron","Motupalli, Sai Keerthi",,,,mxb135230,moran blueshtein,Business in a Global World 
BA,1320,005,1,8,15,2,3,10,5,2,5,1,2,1,6,,,,1,,"Blueshtein, Moran","Brady, Cameron","Motupalli, Sai Keerthi",,,,mxb135230,moran blueshtein,Business in a Global World 
BA,1320,501,,36,13,4,4,2,,,,,,,,,,,,,"Lewin, Peter",,,,,,plewin,peter lewin,Business in a Global World 
BA,3105,051,31,13,6,4,1,1,1,,,,,,1,,,,1,,"Schewee, William A","Alfante, Mary Rose Zamora",,,,,wxs170001,william schewee,
BA,3105,052,23,7,5,3,1,,,,,,,,1,,,,3,,"Jones, Royce E","Balmoori, Aishwarya",,,,,rxj111030,royce jones,
BA,3105,053,20,21,9,1,4,1,,1,1,,,,,,,,,,"Cirilo, Eva V","Balmoori, Aishwarya",,,,,,eva cirilo,
BA,3105,054,23,10,5,1,5,1,1,1,,,,,,,,,,,"Cirilo, Jason M","Aryal, Nikki",,,,,jmc180002,jason cirilo,
BA,3105,055,34,13,3,3,2,2,1,,,,,,1,,,,,,"Jones, Royce E","Balmoori, Aishwarya",,,,,rxj111030,,Professional Development 
BA,3105,090,10,12,6,4,7,5,4,1,1,,,,3,,,,,,"Cirilo, Eva V","Balmoori, Aishwarya",,,,,jmc180002,jason cirilo,Professional Development 
BA,3105,094,8,13,7,4,5,3,5,2,1,,1,1,2,,,,2,,"Cirilo, Jason M","Aryal, Nikki",,,,,jmc180002,jason cirilo,Professional Development 
BA,3105,095,22,8,3,1,4,5,,2,2,1,2,,5,,,,,,"Cirilo, Jason M","Aryal, Nikki",,,,,jmc180002,jason cirilo,Professional Development 
BA,3105,099,8,12,3,3,4,3,2,2,3,1,1,,4,,,,1,,"Cirilo, Jason M","Aryal, Nikki",,,,,jmc180002,jason cirilo,Professional Development 
BA,3105,551,53,,1,,,,,,,,,,,,,,,,"Trevino, Jesse",,,,,,,jesse trevino,
BA,3105,552,8,23,10,1,,1,1,,,,,,,,,,,,"Hallmon, David","Palanimanickam Ilavarasan, Vikram",,,,,dal858304,david hallmon,
BA,3105,553,25,18,6,2,1,,,,1,,,,1,,,,1,,"Smith, Veronica",,,,,,,veronica smith,
BA,3105,591,18,15,6,4,4,1,2,2,,,2,,3,,,,1,,"Skuza, Agnieszka","Balmoori, Aishwarya",,,,,dxg220036,agnieszka skuza,Professional Development 
BA,3300,001,2,9,9,13,14,2,2,2,,,,,1,,,,,,"Zhou, Junya",,,,,,jxz230016,junya zhou,Advanced Topics in Capitalism  Ideas and Challenges That Shape Our World 
BA,3300,002,,13,15,13,11,3,1,,,,,,,,,,,,"Zhou, Junya",,,,,,jxz230016,junya zhou,Advanced Topics in Capitalism  Ideas and Challenges That Shape Our World 
BA,3300,003,2,15,7,12,11,1,2,,,,,,,,,,2,,"Zhou, Junya",,,,,,jxz230016,junya zhou,Advanced Topics in Capitalism  Ideas and Challenges That Shape Our World 
BA,4090,001,,,,,,,,,,,,,,16,,,1,,"Henderson, Thomas C",,,,,,,thomas henderson,
BA,4090,002,,,,,,,,,,,,,,10,,,,,"Dam, Van C",,,,,,,van dam,
BA,4090,091,,,,,,,,,,,,,,25,,,,,"Henderson, Thomas C",,,,,,,thomas henderson,
BA,4090,092,,,,,,,,,,,,,,17,,1,,,"Dam, Van C",,,,,,,van dam,
BA,4095,0W1,,,,,,,,,,,,,,148,,,,,"Owens, Dawn M","Granger, Angela L",,,,,dmo130130,dawn owens,
BA,4095,0W2,,,,,,,,,,,,,,71,,4,,,"Owens, Dawn M","Granger, Angela L",,,,,dmo130130,dawn owens,
BA,4V90,093,,,,,,,,,,,,,,12,,,,,"Henderson, Thomas C",,,,,,,thomas henderson,
BBSU,1100,001,29,3,4,1,,1,,,,,,,2,,,,,,"Villarreal, Mariaa A",,,,,,mcc150230,,First Year Seminar 
BBSU,1100,002,13,6,6,1,2,,,,,,,,1,,,,,,"Boynton, Catherine",,,,,,cxb120030,catherine boynton,First Year Seminar 
BBSU,1100,003,28,5,2,,1,,,1,,,,,1,,,,,,"Taylor, Ryan B",,,,,,rbt230000,,First Year Seminar 
BBSU,1100,004,12,4,3,1,,1,1,,,,,,1,,,,1,,"Villarreal, Mariaa A",,,,,,mcc150230,,First Year Seminar 
BBSU,1100,005,33,5,,,,1,,,,1,,,,,,,,,"Grimmer, Leslie A",,,,,,lag190011,,First Year Seminar 
BBSU,1100,006,22,5,5,2,1,3,1,2,,,2,,1,,,,,,"Grimmer, Leslie A",,,,,,lag190011,,First Year Seminar 
BBSU,1100,007,28,6,2,,1,,,,2,,,,,,,,,,"Hamilton, Anna L",,,,,,alh200000,anna hamilton,First Year Seminar 
BBSU,1100,008,26,3,3,1,4,1,1,,1,,,,,,,,,,"Pierce, Corey E",,,,,,cxf180008,,First Year Seminar 
BBSU,1100,009,27,7,3,,2,,,,,,,,1,,,,,,"Boynton, Catherine",,,,,,cxb120030,catherine boynton,First Year Seminar 
BBSU,1100,010,23,4,5,,4,,1,1,,,,,2,,,,,,"Pierce, Corey E",,,,,,cxf180008,,First Year Seminar 
BBSU,1100,0L1,12,4,1,,2,,1,,,,,,,,,,,,"Camacho, Kristina S",,,,,,ksc042000,,First Year Seminar 
BBSU,1100,0L2,23,5,5,,1,4,,,,,,,,,,,,,"Camacho, Kristina S",,,,,,ksc042000,,First Year Seminar 
BCOM,1300,503,1,2,4,3,,2,,,,,1,,2,,,,,,"Moore, Jason",,,,,,jxm230056,jason moore,Professional Communication 
BCOM,3300,005,,7,10,6,4,1,1,1,,,,,1,,,,,,"Watson, John M","Alfante, Mary Rose Zamora",,,,,jmw077000,john watson,Business Communication 
BCOM,3300,006,1,7,9,4,7,4,1,,,,,,1,,,,,,"Watson, John M","Alfante, Mary Rose Zamora",,,,,jmw077000,john watson,Business Communication 
BCOM,3300,007,1,7,8,9,3,,2,,,1,,,2,,,,,,"Watson, John M","Alfante, Mary Rose Zamora",,,,,jmw077000,john watson,Business Communication 
BCOM,3300,010,22,10,4,,2,,1,,,,,,1,,,,,,"Stewart, Julie M","Gatkal, Paritosh",,,,,jxs210043,julie stewart,Business Communication 
BCOM,3300,505,4,4,9,2,1,2,,,,,1,,1,,,,,,"Blockley, Caylin",,,,,,cxb190014,caylin blockley,Business Communication 
BCOM,4300,002,,6,10,7,6,5,3,1,1,,,1,,,,,,,"Moore, Jason",,,,,,jxm230056,jason moore,Advanced Professional Communication 
BCOM,4300,003,9,9,13,1,6,1,,,,1,,,,,,,,,"Moore, Sarah E","Palanimanickam Ilavarasan, Vikram",,,,,sem054000,sarah moore,Advanced Professional Communication 
BCOM,4300,004,5,12,16,4,1,1,,,,1,,,,,,,,,"Moore, Sarah E","Palanimanickam Ilavarasan, Vikram",,,,,sem054000,sarah moore,Advanced Professional Communication 
BCOM,4300,005,,7,12,11,6,3,,,,,,,,,,,1,,"Fry, Jennifer L","Kampalapura Prakash, Priyanka",,,,,jlf130030,jennifer fry,Advanced Professional Communication 
BCOM,4300,006,,12,11,5,4,5,,1,1,1,,,,,,,,,"Fry, Jennifer L","Kampalapura Prakash, Priyanka",,,,,jlf130030,jennifer fry,Advanced Professional Communication 
BCOM,4300,007,,,5,1,3,5,4,1,4,,,1,1,,,,,,"Lookadoo, Kathryn","Kampalapura Prakash, Priyanka",,,,,kxl164330,kathryn lookadoo,Advanced Professional Communication 
BCOM,4300,008,,6,7,7,4,7,4,,1,,1,1,1,,,,,,"Lookadoo, Kathryn","Kampalapura Prakash, Priyanka",,,,,kxl164330,kathryn lookadoo,Advanced Professional Communication 
BCOM,4300,009,,9,11,10,3,2,1,,,,,,,,,,,,"Hornsby, Melanie",,,,,,mlh054000,melanie hornsby,Advanced Professional Communication 
BCOM,4300,010,4,3,14,4,7,5,1,,,1,,,,,,,,,"Lookadoo, Kathryn","Kampalapura Prakash, Priyanka",,,,,kxl164330,kathryn lookadoo,Advanced Professional Communication 
BCOM,4300,011,,5,6,2,4,7,3,4,5,,,,,,,,,,"Lookadoo, Kathryn","Kampalapura Prakash, Priyanka",,,,,kxl164330,kathryn lookadoo,Advanced Professional Communication 
BCOM,4300,012,7,7,17,3,2,2,,1,1,,,,,,,,,,"Postolos, Christine A",,,,,,cxp220036,christine postolos,Advanced Professional Communication 
BCOM,4300,013,2,11,11,11,1,1,,1,1,,,,,,,,,,"Hornsby, Melanie",,,,,,mlh054000,melanie hornsby,Advanced Professional Communication 
BCOM,4300,014,5,9,9,7,3,1,2,,,,1,,1,,,,1,,"Watson, John M","Alfante, Mary Rose Zamora",,,,,jmw077000,john watson,Advanced Professional Communication 
BCOM,4300,015,5,13,9,5,4,,1,1,,,,1,,,,,1,,"Moore, Sarah E","Palanimanickam Ilavarasan, Vikram",,,,,sem054000,sarah moore,Advanced Professional Communication 
BCOM,4300,016,,5,12,13,4,4,,,,1,,,1,,,,,,"Postolos, Christine A",,,,,,cxp220036,christine postolos,Advanced Professional Communication 
BCOM,4300,017,9,7,7,4,6,4,,,1,,,,1,,,,,,"Stewart, Julie M","Gatkal, Paritosh",,,,,jxs210043,julie stewart,Advanced Professional Communication 
BCOM,4300,018,,2,5,9,13,7,1,3,,,,,,,,,,,"Stewart, Julie M","Gatkal, Paritosh",,,,,jxs210043,julie stewart,Advanced Professional Communication 
BCOM,4300,019,5,5,10,5,5,6,2,,,,1,,,,,,1,,"Stewart, Julie M","Gatkal, Paritosh",,,,,jxs210043,julie stewart,Advanced Professional Communication 
BCOM,4300,502,4,3,8,12,7,4,1,,,,,,,,,,,,"Blockley, Caylin",,,,,,cxb190014,caylin blockley,Advanced Professional Communication 
BCOM,4300,503,6,15,11,3,1,2,,,,,,,,,,,1,,"Moore, Sarah E","Palanimanickam Ilavarasan, Vikram",,,,,sem054000,sarah moore,Advanced Professional Communication 
BIMS,1101,001,,,,,,,,,,,,,,205,,7,,,"Voit, Eberhard O","Chacon Castro, Maria Del Carmen",,,,,eov230000,eberhard voit,Introduction to Biomedical Sciences 
BIOL,1318,001,,6,,,11,,,8,,,5,,1,,,,1,,"Maitra, Meenakshi",,,,,,mxm172731,meenakshi maitra,Human Genetics 
BIOL,2111,501,103,62,41,25,18,8,10,1,4,1,2,2,,,,,,,"Srikanth, Uma",,,,,,ukrish,uma srikanth,Introduction to Modern Biology Workshop I 
BIOL,2111,502,38,28,33,17,20,17,10,7,10,8,1,3,2,,,,,,"Gomez, Amy Jo M",,,,,,amh240001,amy macbey gomez,Introduction to Modern Biology Workshop I 
BIOL,2111,503,82,69,31,29,8,10,6,5,1,3,1,,1,,,,,,"Padmanabhan, Ramesh","Anand, Rithika","Sirimanna, Ridma H","Suresh, Prarthana",,,rxp104120,ramesh padmanabhan,Introduction to Modern Biology Workshop I 
BIOL,2112,501,25,24,30,21,17,24,18,29,20,10,7,5,11,,2,,,,"Wilson, Michelle M","Thomas, Nathaniel","Watts, Kinnady","Alexander, Natalie",,,mxw084000,michelle wilson,Introduction to Modern Biology Workshop II 
BIOL,2281,301,1,7,4,5,1,3,,,1,,,,1,,,,,,"Salamat, Narges","Bailey, Juanita A",,,,,nxs158730,narges salamat,Introductory Biology Laboratory 
BIOL,2281,302,1,7,4,1,4,3,2,1,,,,,,,,,,,"Mehta, Iti","Liu, Junyu",,,,,ixm121430,iti mehta,Introductory Biology Laboratory 
BIOL,2281,303,1,4,3,2,4,1,2,1,,1,2,,,,,,,,"Salamat, Narges","Channapura Annaiah, Charanraj",,,,,nxs158730,narges salamat,Introductory Biology Laboratory 
BIOL,2281,304,,5,3,3,3,2,2,2,1,1,,,1,,,,,,"Mishra, Ritu","Amarasinghe, Nimna",,,,,dal831670,,Introductory Biology Laboratory 
BIOL,2281,305,1,6,4,3,1,2,,3,1,,1,1,,,,,,,"Esparza, Matthew A","Tien, Hsin-Jung",,,,,dal998419,,Introductory Biology Laboratory 
BIOL,2281,306,1,4,2,2,1,6,,2,2,,,,2,,,,,,"Mishra, Ritu","Mehta, Iti","Griffin, Caylah",,,,dal831670,,Introductory Biology Laboratory 
BIOL,2281,307,,4,2,5,2,2,1,2,1,1,,,,,,,2,,"Davenport, Anne","Amin, Hibah",,,,,axd240011,anne davenport,Introductory Biology Laboratory 
BIOL,2281,308,1,3,2,1,1,6,3,2,1,,,,1,,,,,,"Salamat, Narges","Griffin, Caylah",,,,,nxs158730,narges salamat,Introductory Biology Laboratory 
BIOL,2281,309,,3,4,5,3,1,2,,,1,1,1,,,,,,,"Mishra, Ritu","Nelson, Ashlianne A",,,,,dal831670,,Introductory Biology Laboratory 
BIOL,2281,310,1,1,1,1,3,7,1,1,2,1,2,,1,,,,,,"Esparza, Matthew A","Liu, Junyu",,,,,dal998419,,Introductory Biology Laboratory 
BIOL,2281,311,3,10,2,,5,1,1,,,,,,,,,,,,"Mishra, Ritu","Bailey, Juanita A",,,,,dal831670,,Introductory Biology Laboratory 
BIOL,2281,312,1,4,6,2,2,2,2,2,,1,,1,,,,,,,"Esparza, Matthew A","Amarasinghe, Nimna",,,,,dal998419,,Introductory Biology Laboratory 
BIOL,2281,313,1,6,5,1,2,1,3,,,1,,1,1,,,,,,"Salamat, Narges","Channapura Annaiah, Charanraj",,,,,nxs158730,narges salamat,Introductory Biology Laboratory 
BIOL,2281,314,1,4,7,2,2,2,1,1,,,1,1,1,,,,,,"Davenport, Anne","Amin, Hibah",,,,,axd240011,anne davenport,Introductory Biology Laboratory 
BIOL,2281,801,1,5,3,2,,4,2,2,,1,,,1,,1,,,,"Salamat, Narges","Nelson, Ashlianne A",,,,,nxs158730,narges salamat,Introductory Biology Laboratory 
BIOL,2311,001,103,62,41,25,18,8,10,1,4,1,2,2,,,,,1,,"Srikanth, Uma","Kwende, Sharon A","Maiti, Dibyo","Afolami, Olufemi Ifeoluwa","Gomez, Jessica E",,ukrish,uma srikanth,Introduction to Modern Biology I 
BIOL,2311,002,38,28,33,17,20,17,10,7,10,9,1,3,2,,,,2,,"Gomez, Amy Jo M","Elhawary, Ezzeldin N","Falah, Rafah M",,,,amh240001,amy macbey gomez,Introduction to Modern Biology I 
BIOL,2311,501,82,69,31,29,8,10,6,5,1,2,1,,1,,,,2,,"Padmanabhan, Ramesh","Anand, Rithika","Sirimanna, Ridma H","Suresh, Prarthana",,,rxp104120,ramesh padmanabhan,Introduction to Modern Biology I 
BIOL,2312,001,25,24,30,21,17,24,18,29,20,10,7,5,11,,2,,2,,"Wilson, Michelle M","Thomas, Nathaniel","Alexander, Natalie","Watts, Kinnady",,,mxw084000,michelle wilson,Introduction to Modern Biology II 
BIOL,3203,101,24,,,,,,,,,,,,,,,,,,"Palmer, Kelli L","Dhar, Roopal",,,,,klp120030,kelli palmer,Introduction to Microbiology Lab 
BIOL,3203,102,4,9,10,1,,,,,,,,,,,,,,,"Davenport, Anne","Balasundarasekar, Bhavani",,,,,axd240011,anne davenport,Introduction to Microbiology Lab 
BIOL,3203,103,4,7,12,,,,,,,,,,,,,,,,"Davenport, Anne","Nartey, Faustina",,,,,axd240011,anne davenport,Introduction to Microbiology Lab 
BIOL,3203,104,1,10,5,4,1,,,,,,,,,,,,,,"Davenport, Anne","Khuwaja, Waris Muhammad",,,,,axd240011,anne davenport,Introduction to Microbiology Lab 
BIOL,3203,105,16,4,1,,1,1,,,,,,,,,,,,,"Esparza, Matthew A","Hisam, Fatima",,,,,dal998419,,Introduction to Microbiology Lab 
BIOL,3203,601,19,,1,,,,,,,,,,,,,,,,"Mishra, Ritu","Keyzer, Taryn",,,,,dal831670,,Introduction to Microbiology Lab 
BIOL,3303,001,27,42,27,22,39,16,3,6,7,,2,,7,,,,,,"DeNisco, Nicole J","Dillon, Nicholas","Basu, Ujjaini","Salaudeen, Ibrahim O","Cutts, William",,njd160330,nicole de nisco,Introduction to Microbiology 
BIOL,3303,002,10,11,7,3,4,13,6,5,2,1,1,,3,,,,1,,"Esparza, Matthew A","Berisha, Eranda",,,,,dal998419,,Introduction to Microbiology 
BIOL,3306,001,9,4,4,4,3,1,1,,,,,,,,,,1,,"Sadat, Eva L",,,,,,exs190014,eva sadat,Parasitology 
BIOL,3318,001,35,15,18,13,5,6,1,1,,,,,,,,,,,"Barber, Kathleen B","Evers, Anna N",,,,,dal311023,kathleen barber,Forensic Biology 
BIOL,3320,001,4,2,1,1,1,3,,,,,,,,,,,1,,"Hajeri, Vinita","Truong, Sarah K",,,,,vxh151030,vinita hajeri,Applied Genetics 
BIOL,3320,002,4,2,1,1,,,,,,,2,,,,,,,,"Hajeri, Vinita","Truong, Sarah K",,,,,vxh151030,vinita hajeri,Applied Genetics 
BIOL,3322,0W1,9,19,,,2,4,1,,,,,,,,,,3,,"Candas, Mehmet",,,,,,candas,mehmet candas,Ecosystems 
BIOL,3325,001,28,20,6,1,,,1,,,,,,,,,,1,,"Sarcar, Subha","Dao, Alex",,,,,sns064000,subha sarcar,Drug Development to Clinical Trials 
BIOL,3335,001,6,29,6,6,41,8,,9,1,,,,,,,,1,,"Reitzer, Lawrence J","Petter, Andrew T","Camp, John M",,,,reitzer,,Microbial Physiology 
BIOL,3355,HN1,4,10,6,2,2,,,,,,,,,,,,,,"Painter, Jennifer S",,,,,,dal966738,,Clinical Pathophysiology 
BIOL,3370,001,9,12,3,5,3,,,,,,2,1,1,,,,3,,"Wu, Zhuoru",,,,,,zxw190014,,Exercise Physiology 
BIOL,3380,301,3,4,2,3,2,2,1,2,1,,,,1,,,,1,,"Mazambani, Simbarashe","Rappazzo, Jacob M",,,,,sxm170074,simbarashe mazambani,Biochemistry Laboratory 
BIOL,3380,302,1,,2,3,2,2,2,,,,2,2,1,,1,,1,,"Pan, Jing","Delozier, Darla",,,,,jxp134330,jing pan,Biochemistry Laboratory 
BIOL,3380,303,6,3,5,,,2,1,1,1,,,,,,,,,,"Mazambani, Simbarashe","Rappazzo, Jacob M",,,,,sxm170074,simbarashe mazambani,Biochemistry Laboratory 
BIOL,3380,304,5,4,4,1,1,,1,,1,1,,,2,,,,,,"Pan, Jing","Eamboriboon, Amy",,,,,jxp134330,jing pan,Biochemistry Laboratory 
BIOL,3380,305,5,2,7,2,1,2,,2,,,,,,,,,,,"Mazambani, Simbarashe","Liu, Yihan",,,,,sxm170074,simbarashe mazambani,Biochemistry Laboratory 
BIOL,3380,306,6,2,4,1,2,1,2,1,1,1,,,,,,,1,,"Mazambani, Simbarashe","Eamboriboon, Amy",,,,,sxm170074,simbarashe mazambani,Biochemistry Laboratory 
BIOL,3380,307,,7,3,2,5,2,1,,,1,,,,,,,,,"Mishra, Ritu","Liu, Yihan",,,,,dal831670,,Biochemistry Laboratory 
BIOL,3380,309,2,2,3,1,,1,4,1,,2,1,1,1,,,,3,,"Pan, Jing","Delozier, Darla",,,,,jxp134330,jing pan,Biochemistry Laboratory 
BIOL,3385,001,1,9,2,1,3,,,7,1,1,2,,,,1,,1,,"Murchison, David F",,,,,,dfm100020,david murchison,Medical Histology 
BIOL,3388,001,2,4,5,4,5,2,3,2,,,2,,,,,,,,"Salamat, Narges","Thompson, Christina M",,,,,nxs158730,narges salamat,Honey Bee Biology 
BIOL,3398,001,3,2,,1,3,,,2,,,2,,1,,,,,,"Kim, Brandon J",,,,,,dal882867,,Biological Barriers 
BIOL,3401,001,85,53,32,21,18,12,6,6,1,,1,,4,,,,1,,"Pickett, Elizabeth A","Lalami, Hamza","Le, Alyssa","Ning, Dun","Price, Savannah",,eaw016100,elizabeth pickett,Genetics 
BIOL,3401,002,19,12,16,7,5,8,5,5,4,1,4,1,2,,,,4,,"Pickett, Elizabeth A","Price, Savannah","Ning, Dun","Le, Alyssa","Lalami, Hamza",,eaw016100,elizabeth pickett,Genetics 
BIOL,3402,001,24,32,16,35,13,3,8,3,,,,,,,,,,,"Srikanth, Uma","Delk, Nikki A","Patel, Umar J","Maity, Subhajit",,,ukrish,uma srikanth,Molecular and Cell Biology 
BIOL,3402,002,14,7,10,9,9,7,3,,,1,,1,,,,,,,"Sarcar, Subha",,,,,,sns064000,subha sarcar,Molecular and Cell Biology 
BIOL,3455,301,,3,4,3,1,5,4,,,1,,,2,,,,3,,"Huang, Yi","Winn, Emma A",,,,,yxh220019,yi huang,Human Anatomy and Physiology with Lab I 
BIOL,3455,302,,3,7,2,4,5,,,4,2,,2,1,,1,,5,,"Padmanabhan, Ramesh","Winn, Emma A",,,,,rxp104120,ramesh padmanabhan,Human Anatomy and Physiology with Lab I 
BIOL,3455,303,3,9,9,2,3,5,1,,1,2,,1,,,,,,,"Wu, Zhuoru","Tiwari, Suman","Langley, Lyndsey",,,,zxw190014,,Human Anatomy and Physiology with Lab I 
BIOL,3455,304,,4,4,4,1,7,1,,4,1,1,2,3,,,,3,,"Maitra, Meenakshi","Veera, Kavya","Zaky, Mohamed H",,,,mxm172731,meenakshi maitra,Human Anatomy and Physiology with Lab I 
BIOL,3455,305,,3,7,4,2,5,6,3,4,1,,1,,,,,,,"Maitra, Meenakshi","Veera, Kavya","Zaky, Mohamed H",,,,mxm172731,meenakshi maitra,Human Anatomy and Physiology with Lab I 
BIOL,3455,306,2,5,6,5,3,3,2,3,1,1,,,3,,,,1,,"Cheshire, Andy","Zaky, Mohamed H",,,,,dal515348,andy cheshire,Human Anatomy and Physiology with Lab I 
BIOL,3455,307,,7,5,5,2,7,2,,3,,1,,,,,,4,,"Huang, Yi","Veera, Kavya",,,,,yxh220019,yi huang,Human Anatomy and Physiology with Lab I 
BIOL,3455,308,,3,1,1,2,1,2,,2,2,,2,1,,,,3,,"Huang, Yi","Langley, Lyndsey",,,,,yxh220019,yi huang,Human Anatomy and Physiology with Lab I 
BIOL,3455,398,5,3,5,3,,1,,,,,,,,,,,2,,"Painter, Jennifer S",,,,,,dal966738,,Human Anatomy and Physiology with Lab I 
BIOL,3455,801,1,7,11,4,5,2,2,2,,,1,,,,,,1,,"Wu, Zhuoru","Tiwari, Suman","Senu, Ebenezer",,,,zxw190014,,Human Anatomy and Physiology with Lab I 
BIOL,3455,802,1,5,7,2,1,5,5,,2,3,,,1,,,,2,,"Cheshire, Andy","Senu, Ebenezer",,,,,dal515348,andy cheshire,Human Anatomy and Physiology with Lab I 
BIOL,3456,301,4,1,4,1,1,2,,,,1,1,1,1,,1,,,,"Sarcar, Subha","Balaji, Sharan Kumar","Yu, Wen-Ho",,,,sns064000,subha sarcar,Human Anatomy and Physiology with Lab II 
BIOL,3456,302,3,8,5,3,3,5,2,,,1,,,,,,,,,"Yu, Wen-Ho","Zhang, Nan","Gonzalez, Allison",,,,why061000,wen ho yu,Human Anatomy and Physiology with Lab II 
BIOL,3456,303,1,4,3,2,3,,3,,3,2,,1,1,,,,,,"Yu, Wen-Ho","Zhang, Nan","Gonzalez, Allison",,,,why061000,wen ho yu,Human Anatomy and Physiology with Lab II 
BIOL,3456,304,1,1,5,,1,6,3,,,1,1,,,,,,1,,"Yu, Wen-Ho","Gonzalez, Allison","Zhang, Nan",,,,why061000,wen ho yu,Human Anatomy and Physiology with Lab II 
BIOL,3456,801,1,3,6,2,1,,3,1,1,1,,2,,,,,1,,"Cheshire, Andy","Balaji, Sharan Kumar","Yu, Wen-Ho",,,,dal515348,andy cheshire,Human Anatomy and Physiology with Lab II 
BIOL,3461,001,15,100,11,9,20,4,7,11,4,,1,,5,,,,3,,"Gavva, Sandhya R","Goldsmith, Elanor","Pal, Aakash","Kim, Hyunseo",,,sgavva,sandhya gavva,Biochemistry I 
BIOL,3461,002,42,23,21,21,16,11,10,16,8,4,4,3,7,,,,1,,"Boyd, Stefanie D","Akter, Zakia","Estrada, Bryan J","Hossain, Md Liakat","Yaqub, Muneer O","Zhabilov, Dannie",sdb074000,stefanie boyd,Biochemistry I 
BIOL,3461,003,31,27,20,12,23,19,15,14,5,4,3,3,7,,,,5,,"Boyd, Stefanie D","Akter, Zakia","Estrada, Bryan J","Hossain, Md Liakat","Yaqub, Muneer O","Zhabilov, Dannie",sdb074000,stefanie boyd,Biochemistry I 
BIOL,3462,001,4,6,13,11,6,6,4,3,,,,,,,1,,4,,"Candas, Mehmet","Maity, Tuhina","Sunder Singh, Jacqulene Preethi",,,,candas,mehmet candas,Biochemistry II 
BIOL,3V96,015,5,5,,,,,,,,,,,,,,,,,"Sapkota, Darshan",,,,,,dxs210043,darshan sapkota,
BIOL,4302,060,,20,,,,,,,,,,,,,,,,,"Wilson, Michelle M",,,,,,mxw084000,michelle wilson,
BIOL,4302,066,18,,,,,,,,,,,,,,,,,,"Padmanabhan, Ramesh",,,,,,rxp104120,ramesh padmanabhan,
BIOL,4302,102,11,7,5,,,,,,,,,,,,,,,,"Wu, Zhuoru",,,,,,zxw190014,zhuoru wu,
BIOL,4325,001,,,3,1,10,1,,,,,,,,,,,,,"Candas, Mehmet",,,,,,candas,mehmet candas,Nutrition and Metabolism 
BIOL,4345,001,,88,13,6,5,2,2,2,,,,1,,,,,,,"Wilson, Michelle M","Parupalli, Preethi","Johnson, Emma",,,,mxw084000,michelle wilson,Immunobiology 
BIOL,4350,001,4,9,2,1,1,2,,,,,1,,,,,,,,"Mehta, Iti",,,,,,ixm121430,iti mehta,Medical Microbiology 
BIOL,4371,001,8,11,2,1,9,,1,6,1,1,2,,2,,,,2,,"Sin, Jon J",,,,,,dal112948,,General and Molecular Virology 
BIOL,4380,301,2,6,3,6,2,1,1,1,,,,,,,,,,,"Gomez, Amy Jo M","Sadat, Eva L","Konakalla, Anisha Reddy",,,,amh240001,amy macbey gomez,Cell and Molecular Biology Laboratory 
BIOL,4380,302,7,9,2,3,,,1,,,,,,,,,,1,,"Gomez, Amy Jo M","Sadat, Eva L","Aleman, Jayden",,,,amh240001,amy macbey gomez,Cell and Molecular Biology Laboratory 
BIOL,4380,303,6,6,2,3,2,,1,,,,1,,1,,,,,,"Sadat, Eva L","Kazimer, Logan",,,,,exs190014,eva sadat,Cell and Molecular Biology Laboratory 
BIOL,4380,304,17,5,1,1,,,,,,,,,,,,,,,"Sadat, Eva L","Joshi, Ketki",,,,,exs190014,eva sadat,Cell and Molecular Biology Laboratory 
BIOL,4380,305,11,7,2,2,1,1,,,,,,,,,,,,,"Sadat, Eva L","Hennig, Hunter",,,,,exs190014,eva sadat,Cell and Molecular Biology Laboratory 
BIOL,4385,001,1,14,1,3,15,,1,1,,,,,,,,,,,"Murchison, David F",,,,,,dfm100020,david murchison,Oral Histology and Embryology 
BIOL,5325,001,,2,6,2,1,,,1,,,,,,,,,,,"Candas, Mehmet",,,,,,candas,mehmet candas,Nutritional Physiology 
BIOL,5375,001,,22,5,2,,1,1,,,,,,1,,,,,,"Pan, Jing",,,,,,jxp134330,jing pan,Genes to Genomes 
BIOL,5376,501,,1,4,9,9,,,,,,,,,,,,1,,"Xuan, Zhenyu","Xu, Linyi",,,,,zxx091000,,Applied Bioinformatics 
BIOL,5420,001,,68,,,11,,,1,,,,,,,,,,,"Kim, Tae Hoon","Briggs, Alyssa A",,,,,txk142630,,Molecular Biology 
BIOL,5460,001,,3,1,9,8,,,,,,,,,,,,,,"Xuan, Zhenyu","Zhang, Michael Q","Spence, Lindsay J","Xu, Linyi",,,zxx091000,,Quantitative Biology 
BIOL,6100,001,,,,,,,,,,,,,,,,,,17,"Hong, Tian",,,,,,txh240018,,Biological Sciences Department Seminar 
BIOL,6193,001,,,,,,,,,,,,,,,,,,30,"Hong, Tian",,,,,,txh240018,,Colloquium in Molecular and Cell Biology 
BIOL,6252,001,,,,,,,,,,,,,,,,,,10,"Hong, Tian","Zhang, Michael Q",,,,,txh240018,,Current Research in Molecular Biology 
BIOL,6342,001,,9,2,3,,,,,,,,,,,,,,,"Joshi, Purna A",,,,,,pxj210010,purna joshi,Stem Cell Biology in Development  Regeneration  and Cancer 
BIOL,6343,001,,12,1,,,,,,,,,,,,,,,,"Srikanth, Uma","Sapkota, Darshan",,,,,ukrish,uma srikanth,Molecular Neuropathology 
BIOL,6373,001,,9,1,,4,2,,,,,,,,,,,,,"Winkler, Duane D",,,,,,ddw130330,duane winkler,Proteomics 
BIOL,6396,001,,11,2,,,,,1,,,,,,,,,,,"Shindo, Yuki",,,,,,yxs240025,,Cellular Dynamics 
BIOL,6397,001,,6,4,1,,,,,,,,,,,,,,,"Jia, Lin",,,,,,lxj200008,lin jia,Lipid Metabolism in Health and Disease 
BIOL,6398,001,,14,,,,,,,,,,,,,,,,,"Boll, Joseph",,,,,,jxb230044,,The Art of Scientific Writing 
BIOL,6V99,026,,,,,,,,,,,,,,,,,,10,"Boll, Joseph",,,,,,jxb230044,joseph boll,
BIS,1100,002,28,,,,,,,,2,,,,,,,,,,"Lusk, Marc L",,,,,,mxl121730,marc lusk,Interdisciplinary Studies First Year Experience 
BIS,1100,003,15,13,1,,,,,1,,,,,,,,,,,"Taylor, Chelsea",,,,,,dal877623,,Interdisciplinary Studies First Year Experience 
BIS,1100,004,20,4,,,,,1,,1,,,,,,,,,,"Lusk, Marc L",,,,,,mxl121730,marc lusk,Interdisciplinary Studies First Year Experience 
BIS,1100,005,13,3,1,,,,,,,1,,,1,,,,,,"Taylor, Chelsea",,,,,,dal877623,,Interdisciplinary Studies First Year Experience 
BIS,1100,006,20,9,,,1,,,,,,,,,,,,,,"Taylor, Chelsea",,,,,,dal877623,,Interdisciplinary Studies First Year Experience 
BIS,1100,007,28,,,,,,,,,,,,,,,,,,"Lusk, Marc L",,,,,,mxl121730,marc lusk,Interdisciplinary Studies First Year Experience 
BIS,2190,0W1,2,2,,3,,1,1,,,1,,,2,,,,,,"Dornback, Sarah",,,,,,sxd220144,sarah dornback,Library Research Skills 
BIS,2190,0W2,2,2,,4,6,,,,,,,,3,,,,,,"Gillo, Sabrina F",,,,,,dal105191,,Library Research Skills 
BIS,2190,0W3,14,8,3,,2,,1,,,,,,,,,,1,,"Henry, Loreen S",,,,,,lsp014100,,Library Research Skills 
BIS,2190,0W4,8,6,1,3,2,1,2,,1,,,,4,,,,1,,"Anderson, Laren",,,,,,lpa230000,,Library Research Skills 
BIS,3320,001,,13,8,4,1,1,,,1,,1,,1,,,,,,"Taylor, Chelsea",,,,,,dal877623,,The Nature of Intellectual Inquiry 
BIS,3320,002,19,6,3,,,,,,,,,,2,,,,,,"Lusk, Marc L",,,,,,mxl121730,marc lusk,The Nature of Intellectual Inquiry 
BIS,3320,003,15,7,4,1,,,,,,,,,2,,,,,,"Lusk, Marc L",,,,,,mxl121730,marc lusk,The Nature of Intellectual Inquiry 
BIS,3320,004,10,2,3,1,1,2,1,2,1,,,,2,,,,2,,"Jones, June A",,,,,,jaj230010,june jones,The Nature of Intellectual Inquiry 
BIS,3320,0W1,2,17,5,1,,,,,1,,1,,1,,,,,,"Taylor, Chelsea",,,,,,dal877623,,The Nature of Intellectual Inquiry 
BIS,3320,0W2,3,2,4,3,5,1,,2,1,,1,,1,,,,3,,"Jones, June A",,,,,,jaj230010,june jones,The Nature of Intellectual Inquiry 
BIS,4306,0W1,2,3,2,2,3,1,2,,,,,,2,,,,1,,"Simpson, Carrie M",,,,,,cms131030,carrie simpson,Strategies for Diversity in Education 
BLAW,2301,001,,15,17,6,12,4,2,4,3,,,,,,,,,,"Sutton, Walter L",,,,,,wls015100,walter sutton,Business and Public Law 
BLAW,2301,002,,19,3,3,13,7,4,2,6,,1,,1,,,,,,"Barrow, Frederick",,,,,,dal203513,,Business and Public Law 
BLAW,2301,003,3,24,4,4,14,3,15,6,4,2,2,,1,,,,1,,"Polze, Matthew M",,,,,,mmp062000,matthew polze,Business and Public Law 
BLAW,2301,004,,27,10,4,13,2,2,2,,,,,,,,,,,"Baloul, Mirna A","Ranganath, Vittal",,,,,mxb230052,mirna baloul,Business and Public Law 
BLAW,2301,005,,17,11,4,12,3,2,7,,,2,,,,,,,,"Baloul, Mirna A","Ranganath, Vittal",,,,,mxb230052,mirna baloul,Business and Public Law 
BLAW,2301,0L1,1,7,1,11,14,5,8,9,3,5,1,,1,,,,1,,"Polze, Matthew M",,,,,,mmp062000,matthew polze,
BLAW,2301,501,,12,12,7,4,11,4,8,6,,10,,6,,,,2,,"Betanzos, Christina L","Iype, Isabelle J",,,,,clb120030,christina betanzos,Business and Public Law 
BLAW,2301,502,,9,4,4,6,9,7,9,8,,12,,9,,,,3,,"Betanzos, Christina L","Iype, Isabelle J",,,,,clb120030,christina betanzos,Business and Public Law 
BLAW,2301,503,,12,9,11,11,10,6,7,5,,6,,7,,,,1,,"Betanzos, Christina L","Iype, Isabelle J",,,,,clb120030,christina betanzos,Business and Public Law 
BLAW,2301,504,9,4,6,7,6,2,5,2,5,,3,,4,,,,2,,"Engel, Stephen G",,,,,,sge091020,,Business and Public Law 
BLAW,2301,505,,19,2,9,12,5,6,2,2,,2,,,,,,,,"Barrow, Frederick",,,,,,dal203513,,Business and Public Law 
BLAW,2301,506,1,8,2,4,6,3,5,3,3,4,,1,1,,,,6,,"Vicario, Joseph A","Khandelwal, Kshitiz",,,,,jav170030,,Business and Public Law 
BLAW,2301,HO1,6,13,8,3,11,6,2,9,,2,1,,1,,,,5,,"Polze, Matthew M",,,,,,mmp062000,matthew polze,
BLAW,2301,HON,2,14,9,6,8,7,1,10,2,1,2,1,,,1,,2,,"Polze, Matthew M",,,,,,mmp062000,matthew polze,
BLAW,3301,001,,1,13,3,8,7,2,1,1,,,,,,,,1,,"Green, Rhonda R","Zhang, Huinan",,,,,rxg180032,rhonda green,Employment Law 
BLAW,4301,001,1,33,19,7,,,,,,,,,,,,,1,,"Sutton, Walter L",,,,,,wls015100,walter sutton,International Law 
BMEN,1100,101,2,7,2,5,2,,,,,,,,1,,,,,,"Myers, Kathleen M","Trevino, Paulina I","Rios, Evelin","Zamani, Elham",,,kxm156530,kathleen myers,Introduction to Bioengineering I 
BMEN,1100,102,2,2,2,,5,3,,1,,,1,,2,,,,,,"Myers, Kathleen M","Trevino, Paulina I","Rios, Evelin","Zamani, Elham",,,kxm156530,kathleen myers,Introduction to Bioengineering I 
BMEN,1100,103,3,6,4,2,2,,,,,,,,,,,,1,,"Myers, Kathleen M","Trevino, Paulina I","Rios, Evelin","Zamani, Elham",,,kxm156530,kathleen myers,Introduction to Bioengineering I 
BMEN,1100,104,4,4,3,2,1,1,1,,,,,,,,,,,,"Myers, Kathleen M","Trevino, Paulina I","Rios, Evelin","Zamani, Elham",,,kxm156530,kathleen myers,Introduction to Bioengineering I 
BMEN,1100,105,1,11,2,3,2,,,,,,,,,,,,,,"Myers, Kathleen M","Trevino, Paulina I","Rios, Evelin","Zamani, Elham",,,kxm156530,kathleen myers,Introduction to Bioengineering I 
BMEN,1100,106,1,4,1,1,3,1,,1,,,,,,,,,,,"Antohe, Bogdan V","Zamani, Elham","Rios, Evelin",,,,dal183520,,Introduction to Bioengineering I 
BMEN,1100,107,2,5,3,2,1,,,,,,1,,,,,,,,"Antohe, Bogdan V","Zamani, Elham","Rios, Evelin",,,,dal183520,,Introduction to Bioengineering I 
BMEN,1100,109,3,3,3,2,1,1,1,1,,,,,1,,,,,,"Antohe, Bogdan V","Rios, Evelin",,,,,dal183520,,Introduction to Bioengineering I 
BMEN,1100,1L1,3,4,1,3,1,2,2,1,,,,,2,,,,,,"Myers, Kathleen M","Trevino, Paulina I","Rios, Evelin","Zamani, Elham",,,kxm156530,kathleen myers,Introduction to Bioengineering I 
BMEN,1208,302,1,3,3,1,2,3,1,1,,,1,,2,,,,,,"Meyer, Clark A",,,,,,cam140130,clark meyer,Introduction to Bioengineering II 
BMEN,1300,001,13,6,,3,,,2,1,1,1,,,2,,,,3,,"Antohe, Bogdan V","Switzer, Rhys T",,,,,dal183520,,Introduction to Biomedical Engineering Computing 
BMEN,1300,002,7,10,5,3,3,2,2,,1,,,,,,,,1,,"Shihab, Rafiul Hossain","Hossein Beigi, Hedyeh",,,,,dal246100,rafiul hossain shihab,Introduction to Biomedical Engineering Computing 
BMEN,1300,003,10,9,6,4,1,1,3,,,,,,1,,,,,,"Shihab, Rafiul Hossain","Hossein Beigi, Hedyeh",,,,,dal246100,rafiul hossain shihab,Introduction to Biomedical Engineering Computing 
BMEN,1300,004,4,8,6,1,3,2,2,1,2,2,,,2,,,,1,,"Good, Levi B","Switzer, Rhys T",,,,,lbg170030,levi good,Introduction to Biomedical Engineering Computing 
BMEN,2320,001,5,,2,2,2,2,4,2,,1,1,,1,,,,4,,"Ferruzzi, Jacopo","Reyes, Anthony A",,,,,jxf200008,jacopo ferruzzi,Statics 
BMEN,2320,002,12,5,2,2,2,5,,3,2,2,1,1,,,,,1,,"Rivera, Christian","Reyes, Anthony A",,,,,cxr210008,christian rivera,Statics 
BMEN,3220,101,7,7,1,2,1,1,,,,,,,,,,,,,"Ali, Tariq M","Sylvester, Anthony L",,,,,tma051000,tariq ali,Electrical and Electronic Circuits in Biomedical Engineering Lab 
BMEN,3220,102,2,6,2,5,3,,1,,,,,,,,,,,,"Ali, Tariq M","Sanjuan Bermudez, Angelica",,,,,tma051000,tariq ali,Electrical and Electronic Circuits in Biomedical Engineering Lab 
BMEN,3220,103,4,4,2,,2,1,,1,,,,,,,1,,,,"Ali, Tariq M",,,,,,tma051000,tariq ali,Electrical and Electronic Circuits in Biomedical Engineering Lab 
BMEN,3220,104,7,9,2,2,2,1,,,,,,,,,,,,,"Ali, Tariq M",,,,,,tma051000,tariq ali,Electrical and Electronic Circuits in Biomedical Engineering Lab 
BMEN,3300,501,8,7,6,4,7,2,1,,,,1,,,,,,,,"Shihab, Rafiul Hossain","Widanaarachchige, Nikini Rashmithara S",,,,,dal246100,rafiul hossain shihab,Advanced Engineering Mathematics for Bioengineers 
BMEN,3302,001,5,8,3,5,1,1,1,,,,,,,,,,,,"Shihab, Rafiul Hossain","Saha, Anujit",,,,,dal246100,rafiul hossain shihab,Bioengineering Signals and Systems 
BMEN,3302,002,5,15,3,3,1,2,,,,,,,,,,,,,"Meyers, Eric C","Giddaluru, Santhosh Gowtham","Saha, Anujit",,,,ecm081000,,Bioengineering Signals and Systems 
BMEN,3310,001,5,8,2,6,3,1,1,,1,,,,,,,,,,"Rivera, Christian","Shihabeddin, Tarik",,,,,cxr210008,christian rivera,Fluid Mechanics and Transport Processes in Biomedical Engineering 
BMEN,3315,001,4,7,6,1,1,2,,,1,,,,,,,,,,"Li, Yi",,,,,,yxl121030,yi li,Thermodynamics and Physical Chemistry in Biomedical Engineering 
BMEN,3315,002,25,7,4,,3,,,,,,,,,,,,,,"Gao, Yongsheng","Najjari, Aryan",,,,,yxg230018,,Thermodynamics and Physical Chemistry in Biomedical Engineering 
BMEN,3320,001,12,9,6,8,10,6,5,5,3,,2,,2,,,,1,,"Ali, Tariq M",,,,,,tma051000,tariq ali,Electrical and Electronic Circuits in Biomedical Engineering 
BMEN,3331,001,10,6,8,7,5,4,5,,,,,,,,,,1,,"Dingal, Polimyr Caesar Dave P",,,,,,ppd210003,,Cell and Molecular Engineering 
BMEN,3332,001,2,10,5,3,6,,1,,,,,,,,1,,,,"Sirsi, Shashank R","Lei, Zhixiang",,,,,srs151630,shashank sirsi,Quantitative Physiology for Engineers 
BMEN,3332,002,1,2,3,3,6,5,1,2,1,1,,,1,,,,,,"Good, Levi B","Lei, Zhixiang",,,,,lbg170030,levi good,Quantitative Physiology for Engineers 
BMEN,3341,001,4,3,3,2,5,3,2,2,4,4,1,,2,,,,,,"Myers, Kathleen M",,,,,,kxm156530,kathleen myers,Probability Theory and Statistics for Biomedical Engineers 
BMEN,3350,001,9,4,5,1,2,3,,,1,,,,,,,,,,"Brown, Katherine G",,,,,,kgb170130,,Biomedical Component and System Design 
BMEN,3399,001,7,3,2,,4,8,2,6,1,,2,,2,,,,,,"Varner, Victor","Chavez, Chastity C",,,,,vxv162230,victor varner,Introductory Biomechanics 
BMEN,4310,001,1,36,,,,,,,,,,,,,,,,,"Li, You",,,,,,yxl230040,you li,Feedback Systems in Biomedical Engineering 
BMEN,4360,001,7,6,3,3,7,,1,8,,,3,,2,,,,,,"Jones, Caroline","Obaid, Girgis A",,,,,cxj200007,caroline jones,Biomaterials and Medical Devices 
BMEN,4370,001,3,4,1,2,1,1,,,,,,,,,,,1,,"Brown, Katherine G",,,,,,kgb170130,,Biomedical Image Processing 
BMEN,4371,001,2,9,3,4,,,,,,,,,,,,,,,"Ding, Yichen",,,,,,yxd200010,yichen ding,Introduction to Biophotonics 
BMEN,4388,001,,1,9,4,3,1,,,,,,,,,,,,,"Polk, Todd W",,,,,,twp017000,todd polk,Senior Design Project I 
BMEN,4388,002,,2,2,1,3,2,,,,,,,,,,,,,"Polk, Todd W",,,,,,twp017000,todd polk,Senior Design Project I 
BMEN,4388,003,,5,7,10,7,,,,,,,,,,,,,,"Polk, Todd W",,,,,,twp017000,todd polk,Senior Design Project I 
BMEN,4389,001,1,11,5,12,2,1,,,,,,,,,,,,,"Polk, Todd W",,,,,,twp017000,todd polk,Senior Design Project II 
BMEN,6337,001,,21,3,,,,,,,,,,,,,,,,"Hill, Roger J",,,,,,rjh220000,roger hill,Good Manufacturing Practices 
BMEN,6338,001,,10,3,2,,,,,,,,,,,,,,,"Hill, Roger J",,,,,,rjh220000,roger hill,Six Sigma Yellow Belt for Biomedical Engineers 
BMEN,6345,001,,14,,,3,,,,,,,,,,,,,,"Schmidtke, David W",,,,,,dws140430,david schmidtke,Self-Assembly of Biomaterials 
BMEN,6367,001,,9,2,1,3,1,,,,,,,,,,,,,"Fei, Baowei",,,,,,bxf180002,,Artificial Intelligence in Biomedical Engineering 
BMEN,6373,001,,13,4,2,2,,,2,,,,,,,,,1,,"Bian, Fang",,,,,,fxb180003,,Physiology and Immunology for Engineers 
BMEN,6374,001,,2,3,6,6,1,,,,,,,,,,,,,"Levene, Stephen D",,,,,,sdlevene,stephen levene,Genes  Proteins and Cell Biology for Engineers 
BMEN,6393,001,,9,,,,,,,,,,,,,,,1,,"Kim, Brian N",,,,,,bnk230001,brian kim,Neural Engineering Methods and Applications 
BMEN,6395,001,,13,,,,,,,,,,,,,,,,,"Hays, Seth A",,,,,,sxh129730,seth hays,Advanced Topics in Neuroscience for Engineers 
BMEN,6396,001,,7,4,,,,,,,,,,,,,,1,,"Bleris, Leonidas",,,,,,lxb092000,leonidas bleris,CRISPR and Genome Editing 
BMEN,6V87,002,,13,1,,,1,,,,,,,,,,,,,"Kang, Gu Eon",,,,,,gxk210018,,Special Topics in Biomedical Engineering 
BMEN,7088,001,,,,,,,,,,,,,,,,,,75,"Kang, Gu Eon",,,,,,gxk210018,,Departmental Seminar in Biomedical Engineering 
BMEN,7188,001,,25,,,,,,,,,,,,,,,,,"Kang, Gu Eon",,,,,,gxk210018,,Advanced Seminars in Biomedical Engineering 
BMEN,7340,001,,18,6,,,,,1,,,,,,,,,1,,"Bian, Fang",,,,,,fxb180003,,Experimental Methods and Statistical Analysis 
BPS,4305,001,3,7,12,9,13,7,5,,,,,,1,,,,2,,"Lee, Jennifer","Wang, Manxin",,,,,jxl220041,jennifer lee,Strategic Management 
BPS,4305,002,6,3,10,15,12,6,2,2,,,,,1,,,,,,"Lee, Jennifer","Wang, Manxin",,,,,jxl220041,jennifer lee,Strategic Management 
BPS,4305,501,,9,12,9,6,1,,,,,,,2,,,,,,"Sundararajan, Gowrishankar","Huang, He",,,,,gxs230030,gowrishankar sundararajan,Strategic Management 
BPS,4395,001,4,10,30,5,1,,,,,,,,,,,,,,"Kheirandish, Ali",,,,,,axk095320,ali kheirandish,Capstone Senior Project - Business 
BPS,4395,002,,53,,,,,,,,,,,,,,,,,"Parks, David",,,,,,dxp153830,david parks,Capstone Senior Project - Business 
BPS,4395,003,,11,8,19,6,4,,,,,,,,,,,,,"Kymal, Uma",,,,,,dal384275,,Capstone Senior Project - Business 
BPS,4395,004,8,16,14,8,1,,1,,,,,,,,,,,,"Kumar, Arun",,,,,,dal340664,arun kumar,Capstone Senior Project - Business 
BPS,4395,005,,11,37,6,,,,,,,,,,,,,,,"Lalsare, Parag p",,,,,,dal000791,parag p lalsare,Capstone Senior Project - Business 
BPS,4395,006,3,21,13,4,5,2,,,1,,,,1,,,,,,"Velayudham, Senthilnatha",,,,,,sxv230155,,Capstone Senior Project - Business 
BPS,4395,007,1,44,6,3,,,,,,,,,,,,,,,"Henderson, Thomas C",,,,,,txh093000,tom henderson,Capstone Senior Project - Business 
BPS,4395,009,,21,22,7,,,,,,,,,,,,,,,"Segelhorst, Jon P",,,,,,jps210007,,Capstone Senior Project - Business 
BPS,4395,010,42,11,,,1,,,,,,,,,,,,,,"Reazor, Timothy",,,,,,tjr160430,,Capstone Senior Project - Business 
BPS,4395,501,1,2,9,9,1,4,6,4,2,1,,,1,,,,1,,"Chandrasekharan, Sunil",,,,,,dal729168,,Capstone Senior Project - Business 
BPS,4395,502,53,,,,,,,,,,,,,,,,,,"Terry, Adrian",,,,,,dal280919,adrian terry,Capstone Senior Project - Business 
BPS,4396,001,4,13,22,6,2,,,,,,,,,,,,,,"Albrecht, Maria",,,,,,mxa180037,maria albrecht,Social Impact and Community Engagement 
BPS,4396,002,5,32,10,1,,,,,,,,,,,,,,,"Kheirandish, Ali",,,,,,axk095320,ali kheirandish,Social Impact and Community Engagement 
BPS,6310,0W1,,21,11,12,5,1,,,,,,,,,,,1,,"Lin, Zhiang","Kim, Jihu",,,,,zlin,john zhiang lin,Strategic Management 
BPS,6310,CH1,,30,,,,,,,,,,,,,,,,,"Gustin, Jan D",,,,,,,jan gustin,
BPS,6310,MBC,,25,,,16,,,,,,,,,,,,,,"Qian, Cuili","Tan, Xiaowen",,,,,cxq170330,cuili qian,
BPS,6310,XH1,,10,,,7,,,,,,,,,,,,,,"Peng, Mike W",,,,,,mxp059000,mike peng,
BPS,6313,XH1,,9,4,,1,,1,,,,,,,,,,,,"Strickland, Warren L",,,,,,,warren strickland,
BPS,6332,501,,6,,,7,,,6,,,,,,,,,,,"Dess, Gregory G","Huang, He",,,,,ggd021000,gregory dess,Strategic Leadership 
BPS,6332,GW1,,10,,,,,,,,,,,,,,,1,,"Thurgood, Keith L",,,,,,klt160130,keith thurgood,
BPS,6379,0W1,,,5,3,1,1,,,,,,,,,,,1,,"Qian, Cuili","Tan, Xiaowen",,,,,cxq170330,cuili qian,Business Strategies for Sustainability 
BUAN,3301,001,10,16,20,11,7,,2,3,,,1,,1,,,,,,"Bose, Ashim","Srivastava, Rushil",,,,,axb230208,ashim bose,AI in Business 
BUAN,3301,501,8,29,21,3,5,3,,,,,,,3,,,,,,"Bose, Ashim","Srivastava, Rushil",,,,,axb230208,ashim bose,AI in Business 
BUAN,4090,091,,,,,,,,,,,,,,19,,,,,"Akarte, Prajakti V",,,,,,pva150330,prajakti akarte,
BUAN,4320,001,2,3,4,3,3,2,2,2,,,1,,2,,,,,,"Ryu, Young U",,,,,,ryoung,young ryu,Database Fundamentals for Analytics 
BUAN,4320,002,,1,6,9,17,4,,,,,,,,,,,,,"Akarte, Prajakti V","Kolan, Shriya Reddy",,,,,pva150330,prajakti akarte,Database Fundamentals for Analytics 
BUAN,4350,001,1,2,2,5,1,3,4,1,1,,,1,2,,,,,,"Ramanathan, Kannan","Tangella, Hiranmayi","Modi, Dishant V",,,,kxr087000,kannan ramanathan,Spreadsheet Modeling and Analytics 
BUAN,4353,001,,2,2,3,4,,1,,,,,,,,,,,,"Shrivastava, Prakash C","Gorre, Sravani",,,,,pcs130130,prakash shrivastava,Business Analytics 
BUAN,4353,003,,2,1,3,4,4,,,,,,,,,,,,,"Akarte, Prajakti V","Kolan, Shriya Reddy",,,,,pva150330,prajakti akarte,Business Analytics 
BUAN,4355,001,2,3,2,2,,,1,,1,,,,1,,,,1,,"Bradbury, Judd D","Sarpangala, Karthik Raj",,,,,jdb101000,judd bradbury,Data Visualization 
BUAN,4355,501,1,,,3,5,1,1,,,,,,,,,,,,"Islam, Naser","Baladhandayutham, Amitabha",,,,,nxi110630,naser islam,Data Visualization 
BUAN,4373,001,11,7,2,4,4,1,4,6,3,3,2,7,,,,,3,,"Ramezani, Rasoul","Ananth, Avantika Patrina",,,,,rxr145930,rasoul ramezani,Data Science for Business Applications 
BUAN,4381,001,,6,1,,1,1,,1,,,,,,,,,,,"Xue, Zhaokun",,,,,,zxx210010,,Object Oriented Programming with Python 
BUAN,4381,501,4,5,,,1,,,,,,,,,,,,,,"Yan, Zhen",,,,,,zxy210009,,Object Oriented Programming with Python 
BUAN,4382,001,1,6,3,,1,1,2,,,,,,,,,,1,,"Bradbury, Judd D","Chaudhuri, Ron",,,,,jdb101000,judd bradbury,Applied Artificial Intelligence Machine Learning 
BUAN,4382,002,,4,3,2,6,1,,,,,,,,,,,,,"Akarte, Prajakti V","Kolan, Shriya Reddy",,,,,pva150330,prajakti akarte,Applied Artificial Intelligence Machine Learning 
BUAN,6312,001,,6,7,5,9,3,2,2,,,,,,,,,1,,"Liu, Quanquan","Agrawal, Manyata","Earli, Sampath Sai Srinivas",,,,qxl220001,quanquan liu,Applied Econometrics and Time Series Analysis 
BUAN,6312,003,,8,9,10,7,6,4,3,,,,,,,,,,,"Liu, Quanquan","Agrawal, Manyata","Earli, Sampath Sai Srinivas",,,,qxl220001,quanquan liu,Applied Econometrics and Time Series Analysis 
BUAN,6312,0W1,,6,9,2,4,5,1,5,,,,,1,,,,3,,"Blueshtein, Moran","Brady, Cameron","Motupalli, Sai Keerthi",,,,mxb135230,moran blueshtein,Applied Econometrics and Time Series Analysis 
BUAN,6312,502,,11,16,9,12,10,8,4,,,,,,,,,,,"Liu, Quanquan","Agrawal, Manyata","Earli, Sampath Sai Srinivas",,,,qxl220001,quanquan liu,Applied Econometrics and Time Series Analysis 
BUAN,6312,S01,,9,12,10,11,8,4,4,,,,,,,,,,,"Liu, Quanquan",,,,,,qxl220001,quanquan liu,
BUAN,6312,SW1,,3,2,3,2,4,1,6,,,,,,,,,,,"Blueshtein, Moran",,,,,,mxb135230,moran blueshtein,
BUAN,6320,001,,24,12,10,5,2,,,,,,,,,,,1,,"El-khodari, Gasan E","Patali, Krithika N",,,,,gxe051000,gasan elkhodari,Database Foundations for Business Analytics 
BUAN,6320,002,,18,26,4,5,1,,,,,,,,,,,1,,"Srikanth, Kannan","Panyam, Ruchitha",,,,,kxs018700,,Database Foundations for Business Analytics 
BUAN,6320,003,,3,1,3,2,2,,,,,,,,,,,,,"Cavusoglu, Huseyin","Li, Baorui",,,,,huseyin,huseyin cavusoglu,Database Foundations for Business Analytics 
BUAN,6320,005,,26,13,9,6,2,,,,,,,,,,,1,,"Srikanth, Kannan","Panyam, Ruchitha",,,,,kxs018700,,Database Foundations for Business Analytics 
BUAN,6320,0W1,,16,7,6,3,2,3,4,,,,,1,,,,1,,"Cavusoglu, Huseyin","Li, Baorui",,,,,huseyin,huseyin cavusoglu,Database Foundations for Business Analytics 
BUAN,6320,501,,16,16,6,2,2,,,,,,,,,,,,,"El-khodari, Gasan E","Patali, Krithika N",,,,,gxe051000,gasan elkhodari,Database Foundations for Business Analytics 
BUAN,6320,S01,,14,10,11,9,5,,1,,,,,,,,,,,"Pandian, Thiru",,,,,,txp190010,thiru pandian,
BUAN,6320,S02,,3,8,2,3,,,,,,,,,,,,1,,"Pandian, Thiru",,,,,,txp190010,thiru pandian,
BUAN,6320,SW1,,10,8,4,8,,,,,,,,1,,,,3,,"Ryu, Young U",,,,,,ryoung,young ryu,
BUAN,6333,501,,10,5,5,9,1,,,,,,,,,,,,,"Shadid, Waseem G","Chaudhuri, Ron",,,,,wgs230000,,Foundations of Programming for Business Analytics 
BUAN,6335,501,,11,17,6,1,2,,,,,,,,,,,,,"Samant, Mandar","Dungdung, Rinisha Snehal",,,,,mss190002,,Organizing for Business Analytics Platforms 
BUAN,6335,502,,5,20,9,3,3,,,,,,,,,,,1,,"Samant, Mandar","Dungdung, Rinisha Snehal",,,,,mss190002,,Organizing for Business Analytics Platforms 
BUAN,6335,SW1,,5,11,9,2,,1,,,,,,,,,,,,"Samant, Mandar",,,,,,mss190002,mandar samant,
BUAN,6337,001,,10,13,11,6,,,,,,,,,,,,,,"Joo, Joonhwi","Kim, Changwon",,,,,jxj180020,joonhwi joo,Predictive Analytics for Data Science 
BUAN,6337,0W1,,1,1,5,2,4,1,,,,,,,,,,,,"Subramanian, Upender","Pain, Krishnendu",,,,,uxs092000,upender subramanian,Predictive Analytics for Data Science 
BUAN,6337,501,,10,15,10,5,,,,,,,,,,,,,,"Joo, Joonhwi","Kim, Changwon",,,,,jxj180020,joonhwi joo,Predictive Analytics for Data Science 
BUAN,6337,S01,,6,11,6,7,,,,,,,,,,,,,,"Shahrokhi Tehrani, Shervin",,,,,,,shervin shahrokhi tehrani,
BUAN,6337,SW1,,7,4,5,,3,,3,,,,,2,,,,1,,"Subramanian, Upender","Pain, Krishnendu",,,,,uxs092000,upender subramanian,
BUAN,6340,501,,9,3,1,2,1,,,,,,,,,,,,,"Koju, Vijay","Kadian, Dhwani S",,,,,vxk220074,,Programming for Data Science 
BUAN,6340,SW1,,11,14,2,,3,1,2,,,,,,,,,,,"Koju, Vijay",,,,,,vxk220074,vijay koju,
BUAN,6341,0W1,,14,16,2,2,,1,2,,,,,,,,,,,"Meng, Zixuan","Zhu, Yan",,,,,zxm200005,zixuan meng,Applied Machine Learning 
BUAN,6341,501,,4,6,1,4,,,,,,,,,,,,,,"Shadid, Waseem G","Chaudhuri, Ron",,,,,wgs230000,,Applied Machine Learning 
BUAN,6341,S01,,15,2,4,,2,,,,,,,,,,,,,"Zemoodeh, Amir",,,,,,axz120930,amir zemoodeh,
BUAN,6342,001,,10,9,5,1,,,,,,,,,,,,,,"El-khodari, Gasan E","Zhu, Yan",,,,,gxe051000,gasan elkhodari,Applied Natural Language Processing 
BUAN,6342,S01,,8,6,6,4,,,1,,,,,,,,,,,"Singh, Harpreet",,,,,,hxs104000,harpreet singh,
BUAN,6344,002,,4,3,2,1,,,1,,,,,,,,,1,,"Maru, Vatsal K","Gorre, Sravani",,,,,vkm220000,vatsal maru,Web Analytics 
BUAN,6344,0W1,,6,6,5,1,2,,,,,,,,,,,,,"Mehra, Amit","Yang, Yunxuan M",,,,,axm078200,amit mehra,Web Analytics 
BUAN,6344,S01,,6,1,,1,,,,,,,,,,,,2,,"Allison, Kyle",,,,,,,kyle allison,
BUAN,6346,001,,10,6,4,3,,,,,,,,,,,,,,"El-Youssef, Rami","Mishra, Divyanshu",,,,,rxe200001,rami el youssef,Big Data 
BUAN,6346,502,,9,6,3,6,1,,,,,,,,,,,,,"El-khodari, Gasan E","Patali, Krithika N",,,,,gxe051000,gasan elkhodari,Big Data 
BUAN,6346,S01,,10,15,5,,,1,,,,,,,,,,,,"Paes, Antonio P",,,,,,app210006,antonio paes,
BUAN,6346,SW1,,6,3,2,,,2,1,,,,,,,,,,,"Paes, Antonio P",,,,,,app210006,antonio paes,
BUAN,6356,002,,10,8,3,5,2,,,,,,,,,,,,,"Zhang, Zhe","Ahmed, Haseeb",,,,,zxz145430,,Business Analytics With R 
BUAN,6356,003,,16,14,3,3,1,,,,,,,,,,,1,,"Zhang, Zhe","Ahmed, Haseeb",,,,,zxz145430,,Business Analytics With R 
BUAN,6356,004,,10,11,6,5,4,,,,,,,,,,,1,,"Lee, Heeseung","Park, Juyeon",,,,,hxl220030,heeseung lee,Business Analytics With R 
BUAN,6356,501,,6,10,8,5,2,,,,,,,,,,,,,"Lee, Heeseung","Park, Juyeon",,,,,hxl220030,heeseung lee,Business Analytics With R 
BUAN,6356,S01,,4,3,6,5,2,,,,,,,,,,,3,,"Shrivastava, Prakash C",,,,,,pcs130130,prakash shrivastava,
BUAN,6356,S02,,30,7,1,2,,1,,,,,,,,,,1,,"Johnston, Walter L",,,,,,wlj031000,walter johnston,
BUAN,6356,SW1,,17,2,1,,,,,,,,,,,,,1,,"Tarala, Magesh",,,,,,mxr013010,magesh tarala,
BUAN,6358,001,,2,4,3,1,,2,,,,,,1,,,,,,"Bradbury, Judd D","Chaudhuri, Ron",,,,,jdb101000,judd bradbury,AWS Cloud Analytics 
BUAN,6359,001,,13,,10,1,5,5,3,,,,,1,,,,1,,"Sethi, Avanti P","Velivolu, Shily",,,,,asethi,awanti sethi,Advanced Statistics for Data Science 
BUAN,6359,002,,8,4,2,1,3,3,1,,,,,1,,,,1,,"Toptal, Aysegul","Ahmed, Abeer Muntaseem",,,,,axt083100,aysegul toptal,Advanced Statistics for Data Science 
BUAN,6359,004,,1,3,,2,4,1,4,,,,,,,,,,,"Toptal, Aysegul","Ahmed, Abeer Muntaseem",,,,,axt083100,aysegul toptal,Advanced Statistics for Data Science 
BUAN,6359,005,,5,1,3,3,2,,1,,,,,,,,,,,"Chen, Mingliu","Gadiraju, Hariraja Akash",,,,,mxc230032,mingliu chen,Advanced Statistics for Data Science 
BUAN,6359,006,,8,5,5,4,5,,1,,,,,1,,,,2,,"Sethi, Avanti P","Velivolu, Shily",,,,,asethi,awanti sethi,Advanced Statistics for Data Science 
BUAN,6359,0W1,,11,6,10,3,5,,5,,,,,3,,,,4,,"Ahadi, Khatereh","Gadiraju, Hariraja Akash",,,,,kxa180010,khatereh ahadi,Advanced Statistics for Data Science 
BUAN,6359,501,,8,4,3,2,,2,,,,,,,,,,,,"Chen, Mingliu","Gadiraju, Hariraja Akash",,,,,mxc230032,mingliu chen,Advanced Statistics for Data Science 
BUAN,6359,S01,,11,,3,1,4,3,3,,,,,,,,,3,,"Ramezani, Rasoul",,,,,,rxr145930,rasoul ramezani,
BUAN,6359,S02,,6,4,5,5,1,4,5,,,,,2,,,,,,"Whalen, Tristan G",,,,,,tgw100020,tristan whalen,
BUAN,6359,S03,,3,1,5,2,3,1,,,,,,,,,,,,"Sethi, Avanti P",,,,,,,avanti sethi,
BUAN,6359,SW1,,11,3,2,4,1,1,4,,,,,,,,,3,,"Ahadi, Khatereh",,,,,,kxa180010,khatereh ahadi,
BUAN,6382,001,,6,4,3,5,2,,1,,,,,,,,,,,"Singh, Harpreet","Wei, Ning",,,,,hxs104000,harpreet singh,Applied Deep Learning 
BUAN,6382,SW1,,5,7,,2,1,,,,,,,,,,,,,"Kamalzadeh, Hossein",,,,,,hxk210085,hossein kamalzadeh,
BUAN,6383,001,,7,2,2,2,3,,,,,,,1,,,,,,"Menon, Syam S","Li, Baorui",,,,,sxm021300,syam menon,Modeling for Business Analytics 
BUAN,6383,0W1,,3,1,3,2,,,,,,,,,,1,,1,,"Menon, Syam S","Li, Baorui",,,,,sxm021300,syam menon,Modeling for Business Analytics 
BUAN,6385,001,,13,2,1,3,,,,,,,,,,,,,,"Shekhar, Gaurav","Subramanian, Natesh",,,,,gxs150130,gaurav shekhar,Robotic Process Automation 
BUAN,6390,001,,6,20,21,10,3,,,,,,,4,,,,1,,"Thomas, Sunela S","Charan, Mahip Singh",,,,,sxt167730,sunela thomas,Analytics Practicum 
BUAN,6390,S02,,18,8,3,,,,,,,,,,,,,,,"Honnavali Sharma, Sridhar",,,,,,,sridhar honnavali sharma,
BUAN,6392,0W1,,7,7,5,4,2,,,,,,,,,,,,,"Mehra, Amit","Yang, Yunxuan M",,,,,axm078200,amit mehra,Causal Analytics and A B Testing 
BUAN,6392,SW1,,13,9,8,5,3,,2,,,,,,,,,,,"Mehra, Amit",,,,,,axm078200,amit mehra,
BUAN,6398,001,,5,8,2,7,5,2,2,,,,,2,,,,,,"Nguyen, Hien T","Ananth, Avantika Patrina",,,,,htn170130,hien nguyen,Prescriptive Analytics 
BUAN,6398,0W1,,13,4,4,9,2,1,1,,,,,,,,,,,"Ramezani, Rasoul","Ananth, Avantika Patrina",,,,,rxr145930,rasoul ramezani,Prescriptive Analytics 
BUAN,6398,501,,6,8,3,2,2,4,3,,,,,1,,,,,,"Nguyen, Hien T","Ananth, Avantika Patrina",,,,,htn170130,hien nguyen,Prescriptive Analytics 
BUAN,6398,S01,,6,4,1,7,3,1,3,,,,,,,,,,,"Nguyen, Hien T",,,,,,htn170130,hien nguyen,
BUAN,6398,S02,,6,7,2,4,4,1,6,,,,,,,,,1,,"Nguyen, Hien T",,,,,,htn170130,hien nguyen,
BUAN,6398,SW1,,10,5,5,4,4,4,,,,,,,,,,,,"Ramezani, Rasoul",,,,,,rxr145930,rasoul ramezani,
BUAN,6399,501,,21,9,3,,1,,,,,,,,,,,1,,"Bose, Ashim","Srivastava, Rushil",,,,,axb230208,ashim bose,AI in Business 
BUAN,6V98,001,,,,,,,,,,,,,,,,,,40,"Thomas, Sunela S",,,,,,sxt167730,sunela thomas,
BUAN,6V99,502,,7,5,6,3,2,,,,,,,,,,,,,"Singh, Harpreet","Wei, Ning",,,,,hxs104000,harpreet singh,Special Topics in Business Analytics 
BUAN,6V99,503,,5,8,4,,,,,,,,,,,,,,,"Srikanth, Kannan","Panyam, Ruchitha",,,,,kxs018700,,Special Topics in Business Analytics 
CE,1100,001,30,6,5,4,2,1,1,,1,,6,,3,,,,,,"Ahmed, Shaheen","Habibi Dehsheikhi, Mostafa","Afroz, Nosheen","Huang, Wei","Akour, Amneh",,sxa176730,shaheen ahmed,Introduction to Electrical and Computer Engineering 
CE,1100,002,26,17,7,2,1,2,1,1,,,2,,,,,,,,"Ahmed, Shaheen","Afroz, Nosheen","Habibi Dehsheikhi, Mostafa","Huang, Wei","Akour, Amneh",,sxa176730,shaheen ahmed,Introduction to Electrical and Computer Engineering 
CE,1100,003,6,6,4,3,4,1,3,1,,,,,1,,,,1,,"Akour, Amneh","Ahmed, Shaheen","Habibi Dehsheikhi, Mostafa","Afroz, Nosheen",,,dal339881,amneh akour,Introduction to Electrical and Computer Engineering 
CE,1202,001,4,9,6,4,3,5,2,6,5,1,,,1,,,,2,,"Abulaiha, Haifa","Nayemuzzaman, Sk","Mohammadian Mosammam, Behnam","Muraleedharan Sudha, Athul",,,dal859024,haifa abdulaiha,Introduction to Electrical and Computer Engineering II 
CE,1202,002,2,4,1,1,,1,2,,,,,1,2,,,,,,"Abulaiha, Haifa","Nayemuzzaman, Sk","Mohammadian Mosammam, Behnam","Muraleedharan Sudha, Athul",,,dal859024,haifa abdulaiha,Introduction to Electrical and Computer Engineering II 
CE,1337,001,,,,,1,1,1,,,,1,,4,,,,2,,"Arnold, Gordon L",,,,,,gxa120930,gordon arnold,Computer Science I 
CE,2301,002,13,,,,4,,2,2,7,,,,1,,,,,,"Fahimi, Babak","Ghasemi Korrani, Majid",,,,,bxf102000,babak fahimi,Electrical Network Analysis 
CE,2301,003,1,3,,2,1,,,5,2,,1,1,1,,,,2,,"Friedman, Joseph S","Brigner, Wesley H",,,,,jsf160330,joseph friedman,Electrical Network Analysis 
CE,2305,001,1,3,1,3,5,1,1,2,,,,,,,,,,,"Gibney, Daniel J",,,,,,djg230002,daniel gibney,Discrete Mathematics for Computing I 
CE,2305,003,,3,2,2,1,1,5,,1,1,,,,,,,,,"Ouyang, Jessica J",,,,,,jjo190001,jessica ouyang,Discrete Mathematics for Computing I 
CE,2305,004,2,10,4,12,7,,,1,,,,,,,,,,,"Bereg, Sergey",,,,,,sxb027100,sergey bereg,Discrete Mathematics for Computing I 
CE,2310,001,3,3,,2,1,3,1,2,3,,1,,2,,,,1,,"Abulaiha, Haifa","Brigner, Wesley H","Ghasemi Korrani, Majid",,,,dal859024,haifa abdulaiha,Introduction to Digital Systems 
CE,2310,002,1,2,,3,3,1,2,3,2,,2,,2,,,,,,"Abulaiha, Haifa","Brigner, Wesley H","Ghasemi Korrani, Majid",,,,dal859024,haifa abdulaiha,Introduction to Digital Systems 
CE,2310,003,,,2,2,4,2,1,1,3,,,,,,,,1,,"Akour, Amneh","Bushra, Nazia Akhter","Sayem, Ahmad Sayeed",,,,dal339881,amneh akour,Introduction to Digital Systems 
CE,2310,004,3,5,3,2,2,2,1,4,1,,3,,2,,,,7,,"Akour, Amneh","Bushra, Nazia Akhter","Sayem, Ahmad Sayeed",,,,dal339881,amneh akour,Introduction to Digital Systems 
CE,2336,002,1,4,1,3,1,1,,,,,,,1,,,,,,"Satpute, Meghana N",,,,,,mns086000,meghana satpute,Computer Science II 
CE,2336,006,1,2,1,2,,2,,,,,,1,2,,,,,,"Veerasamy, Jeyakesavan",,,,,,veerasam,jeyakesavan veerasamy,Computer Science II 
CE,3161,051,1,7,5,5,2,2,,1,,,1,,,,,,,,"Mezenner, Rabah","Islam, Farzana",,,,,rxm129730,rabah mezenner,Social Issues and Ethics in Engineering 
CE,3161,091,2,1,5,6,9,1,1,1,,,,,,,,,,,"Mezenner, Rabah","Islam, Farzana",,,,,rxm129730,rabah mezenner,Social Issues and Ethics in Engineering 
CE,3161,092,2,4,5,6,3,3,,,1,,,,,,,,,,"Mezenner, Rabah","Tasnim, Nafisa Zarrin",,,,,rxm129730,rabah mezenner,Social Issues and Ethics in Engineering 
CE,3201,001,4,13,3,1,,,,1,,1,,,,,,,,,"Nikoubin, Tooraj","Duraisamy Swamikannan, Lena","Abbasnia, Alma","Khalesidoost, Sina","Jain, Dipali D",,txn190011,tooraj nikoubin,Electrical and Computer Engineering Fundamentals-I Laboratory 
CE,3201,002,4,14,1,,1,,1,,,,,,,,,,,,"Nikoubin, Tooraj","Duraisamy Swamikannan, Lena","Abbasnia, Alma","Khalesidoost, Sina","Jain, Dipali D",,txn190011,tooraj nikoubin,Electrical and Computer Engineering Fundamentals-I Laboratory 
CE,3202,001,2,12,,,5,,1,,1,1,1,,1,,,,,,"Overzet, Lawrence J","Tayeb Naimi, Shideh","Showrov, Md Shadman Sakib","Afroz, Nosheen",,,overzet,lawrence overzet,Electrical and Computer Engineering Fundamentals-II Laboratory 
CE,3202,002,3,5,7,7,2,2,1,,,,,,,,1,,2,,"Saad, Ricardo E","Mahbub, Mohammed Nahiyan","Showrov, Md Shadman Sakib",,,,rsaad,ricardo saad,Electrical and Computer Engineering Fundamentals-II Laboratory 
CE,3303,001,1,8,5,9,10,5,3,4,3,,2,3,7,,,,7,,"Torlak, Murat","Abbasnia, Alma",,,,,torlak,murat torlak,Discrete-Time Signals and Systems 
CE,3311,001,,4,1,1,5,1,,2,1,,,,2,,,,,,"Lee, Gil S","Neelapureddy, Uttam Reddy","Tang, Liwen",,,,gslee,gill lee,Electronic Circuits 
CE,3311,002,,,2,3,3,2,,1,3,1,,,,,,,1,,Kenneth K,"Yao, Yifan",,,,,kxo091000,kenneth,Electronic Circuits 
CE,3311,003,2,7,2,2,5,,2,,,,3,,1,,,,2,,"Lee, Gil S","Neelapureddy, Uttam Reddy","Tang, Liwen",,,,gslee,gill lee,Electronic Circuits 
CE,3320,001,4,1,3,5,3,1,1,3,,,,,,,,,,,"Pedram, Hossein",,,,,,hxp220048,hossein pedram,Digital Circuits 
CE,3320,002,3,10,3,,3,,,1,1,2,,,,,,,,,"Nikoubin, Tooraj",,,,,,txn190011,tooraj nikoubin,Digital Circuits 
CE,3320,003,7,2,,2,,2,,1,,,,,,,,,,,"Pedram, Hossein",,,,,,hxp220048,hossein pedram,Digital Circuits 
CE,3345,006,,3,1,1,4,,1,1,1,,,,,,,,,,"Satpute, Meghana N",,,,,,mns086000,meghana satpute,Data Structures and Foundations of Algorithmic Analysis 
CE,3345,007,,2,,1,4,,,2,,,,,2,,,,1,,"Darbari, Parisa","Kadosh, Daniel",,,,,dal776869,parisa darbari,Data Structures and Foundations of Algorithmic Analysis 
CE,3354,005,1,,1,3,1,2,,1,1,,,,,,,,,,"Narayanasami, Priya",,,,,,pxn173330,priya narayanasami,Software Engineering 
CE,4201,001,10,24,6,,,,,,,,,,,,,,,,"Tamil, Lakshman S","Pundt, Dustin C","Sonawane, Akshay Bhagwan","Kalakonda, Sai Pavan",,,laxman,lakshman tamil,Electrical and Computer Engineering Laboratory in Computing Systems and Computer Engineering 
CE,4202,001,,8,,,2,,,,,,1,,,,,,,,"Henderson, Rashaunda M","Pundt, Dustin C","Muraleedharan Sudha, Athul","Jones, Colby W",,,rmh072000,rashaunda henderson,Electrical and Computer Engineering Laboratory in Circuits 
CE,4304,001,2,20,2,,,1,1,,,,,,2,,,,,,"Swartz, William P","Menon, Anand",,,,,wps100020,william swartz,Computer Architecture 
CE,4304,501,1,10,1,1,3,,1,1,,,,,,,,,,,"Shamsi, Kaveh","Ahmed, Shakil",,,,,kxs200049,kaveh shamsi,Computer Architecture 
CE,4348,501,22,12,12,3,4,2,,,,,,,2,,,,1,,"Hatfield, Cody R",,,,,,cxh124730,,Operating Systems Concepts 
CE,4370,001,,27,,,1,,,1,,,,,1,,,,,,"Swartz, William P","Ezechukwu, Dismas N","Delaram, Zeinab",,,,wps100020,william swartz,Embedded Systems 
CE,4370,002,,4,4,3,3,2,,,,,,,1,,,,,,"Pedram, Hossein","Parchamdar, Baharealsadat",,,,,hxp220048,hossein pedram,Embedded Systems 
CE,4388,001,,13,,,,,,,,,,,,,,,,,"Tacca, Marco",,,,,,mtacca,marco tacca,Senior Design Project I 
CE,4388,002,,11,,,,,,,,,,,,,,,,,"Tacca, Marco",,,,,,mtacca,marco tacca,Senior Design Project I 
CE,4388,004,,12,,,1,,,,,,,,,,,,,,"Skinner, Neal G",,,,,,skinner,neal skinner,Senior Design Project I 
CE,4388,005,,11,,,2,,,,,,,,,,,,,,"Skinner, Neal G",,,,,,skinner,neal skinner,Senior Design Project I 
CE,4389,001,3,8,,,1,1,,,,,,,,,,,,,"Tacca, Marco",,,,,,mtacca,marco tacca,Senior Design Project II 
CE,4389,002,1,8,2,,3,2,,,,,,,,,,,,,"Tacca, Marco",,,,,,mtacca,marco tacca,Senior Design Project II 
CE,5325,501,,10,,,1,,,,,,,,,,,,,,"Swartz, William P","Delaram, Zeinab",,,,,wps100020,william swartz,Hardware Modeling Using HDL 
CE,6302,001,,24,3,,1,2,,,,,,,,,,,,,"Nikoubin, Tooraj","Hashemi Esmaeilabad, Seyed Saeed",,,,,txn190011,tooraj nikoubin,Embedded Systems 
CE,6304,001,,11,2,3,,,,,,,,,,,,,,,"Li, Bingzhe","Guo, Bin",,,,,bxl230006,bingzhe li,Computer Architecture 
CE,6304,002,,6,6,1,1,1,1,,,,,,,,,,,,"Pedram, Hossein",,,,,,hxp220048,hossein pedram,Computer Architecture 
CE,6320,001,,6,10,8,1,1,,,,,,,,,,,1,,"Ibrahim, Mohamed S","Bhattacharya, Swastik Bimal",,,,,dal470308,,Applied Data Structures and Algorithms 
CE,6325,501,,,2,3,4,,,1,,,,,,,,,,,"Sechen, Carl M","Feng, Jinkun","Bushra, Nazia Akhter",,,,cms057000,carl sechen,VLSI Design 
CE,6330,001,,18,5,2,,,,1,,,,,,,,,,,"Shamsi, Kaveh","Ahmed, Shakil",,,,,kxs200049,kaveh shamsi,Applied Cryptography 
CE,6370,001,,16,4,3,,,,,,,,,1,,,,,,"Carrion Schaefer, Benjamin",,,,,,bxc162630,benjamin carrion schaefer,Design and Analysis of Reconfigurable Systems 
CE,7001,001,,,,,,,,,,,,,1,,,,,20,"Kiasaleh, Kamran",,,,,,kamran,kamran kiasaleh,Seminar 
CE,7010,001,,,,,,,,,,,,,,,,,,14,"Kiasaleh, Kamran",,,,,,kamran,kamran kiasaleh,Graduate Internship 
CGS,2301,001,21,12,,,15,5,4,11,1,,8,,13,,1,,13,,"O'Toole, Alice J","Sierra, Francisco J",,,,,otoole,alice otoole,Cognitive Science 
CGS,3325,001,,,1,,3,1,1,1,1,,2,,,,,,,,"Kent, Jerillyn","Kulkarni, Maitreyee",,,,,jxk210033,jerillyn kent,History of Psychology 
CGS,3346,501,11,9,4,3,1,1,,,,,,,,,,,,,"Estevez, Leonardo",,,,,,lwe071000,leonardo estevez,PYTHON for Biobehavioral Data Analysis 
CGS,3361,0W1,,6,3,1,2,,,,,,,,,,,,1,,"Seaman, Kendra L","Eisenberg, LuLu A",,,,,kls190004,kendra seaman,Cognitive Psychology 
CGS,4314,501,2,3,4,,,,,,1,,,,,,,,1,,"Golden, Richard M","Hosseinpourkhoshkbari, Reyhaneh",,,,,golden,richard golden,Intelligent Systems Analysis 
CGS,4352,001,,12,1,2,1,,,1,,,,,,,,,,,"Kim, Jin Ryong","Honrales, Daniel","Bhardwaj, Ayush","Pratap, Ashish",,,jrk200002,jin ryong kim,Introduction to Human-Computer Interaction 
CGS,4353,001,6,4,4,2,2,1,1,,,,,,,,,,,,"Orrick, Erika D",,,,,,edo042000,erika orrick,Qualitative UX Research 
CHEM,1111,101,13,8,2,,1,1,1,1,,,1,,,,,,,,"Anka, Fadwa H","Gioiosa, Matteo","Koti, Neelima",,,,fha041000,fadwa anka,General Chemistry Laboratory I 
CHEM,1111,102,16,9,4,1,,,2,1,1,,,,1,,,,,,"Khan, Saba",,"Qasimi, Esmail",,,,sxk240061,saba khan,General Chemistry Laboratory I 
CHEM,1111,103,13,7,5,3,3,2,,1,,,,,2,,,,,,"Khan, Saba",,"Umer, Arslan",,,,sxk240061,saba khan,General Chemistry Laboratory I 
CHEM,1111,104,8,3,5,2,2,,3,2,,,,,,,,,,,"Anka, Fadwa H","Arrambidez, Margarita","Koti, Neelima",,,,fha041000,fadwa anka,General Chemistry Laboratory I 
CHEM,1111,105,13,4,3,1,4,1,1,1,,,,,,,,,,,"Ge, Jing","Liaqat, Amna",,,,,jxg220039,,General Chemistry Laboratory I 
CHEM,1111,106,11,8,6,3,2,1,1,,,,,,1,,,,1,,"Huang, Yu","Bork, David",,,,,yxh091220,yu huang,General Chemistry Laboratory I 
CHEM,1111,107,13,11,4,3,,3,,,,,,,1,,,,1,,"Panapitiya, Nimanka P","Caycedo, Victor F",,,,,npp081000,nimanka panapitiya,General Chemistry Laboratory I 
CHEM,1111,108,18,7,1,1,,,,1,,,,,,,,,,,"Wijenayake, Sumudu N","Mersini, Brus",,,,,snw081000,sumudu wijenayake,General Chemistry Laboratory I 
CHEM,1111,109,20,3,3,2,,,,,,,,,1,,,,,,"Qin, Yanping","Thulasiram, Shrivatsa",,,,,yxq083000,yanping qin,General Chemistry Laboratory I 
CHEM,1111,110,19,7,1,4,4,1,,1,,,,,,,,,,,"Gavva, Sandhya R","Ma, Xinran",,,,,sgavva,sandhya gavva,General Chemistry Laboratory I 
CHEM,1111,111,12,12,3,3,,1,,,3,,,,1,,,,,,"Panapitiya, Nimanka P","Krishna, R Bharath",,,,,npp081000,nimanka panapitiya,General Chemistry Laboratory I 
CHEM,1111,112,15,8,1,2,2,,1,,,,,,,,,,,,"Wijenayake, Sumudu N","Tung, Faith C",,,,,snw081000,sumudu wijenayake,General Chemistry Laboratory I 
CHEM,1111,113,18,9,3,2,1,1,,,1,,,,1,,,,,,"Abeykoon, Nimali C","Dodiya, Dev Niteshkumar",,,,,nxa124430,nimali abeykoon,General Chemistry Laboratory I 
CHEM,1111,114,23,6,4,1,1,,,,,1,,,1,,,,,,"Cortes, Sergio","Krishna, R Bharath",,,,,scortes,sergio cortes,General Chemistry Laboratory I 
CHEM,1111,115,20,5,2,1,,,,,,,1,,1,,,,,,"Churchill, Brittani N","Liaqat, Amna",,,,,dal809833,,General Chemistry Laboratory I 
CHEM,1111,116,19,8,1,1,2,,2,1,,,,,,,,,,,"Abeykoon, Nimali C","Karim, Ariful",,,,,nxa124430,nimali abeykoon,General Chemistry Laboratory I 
CHEM,1111,117,26,4,3,1,,2,,,,,,,1,,,,,,"Farvid, Seyedmajid","Ghafari, Mozhdeh",,,,,sxf240002,seyedmajid farvid,General Chemistry Laboratory I 
CHEM,1111,118,21,6,2,,1,,,,,,,,,,,,,,"Cortes, Sergio","Malpotra, Shivali",,,,,scortes,sergio cortes,General Chemistry Laboratory I 
CHEM,1111,119,18,9,1,3,1,2,,,,,,1,1,,,,,,"Anka, Fadwa H","Arrambidez, Margarita",,,,,fha041000,fadwa anka,General Chemistry Laboratory I 
CHEM,1111,120,16,13,1,1,1,1,2,,,,1,,1,,,,,,"Farvid, Seyedmajid","Gioiosa, Matteo",,,,,sxf240002,seyedmajid farvid,General Chemistry Laboratory I 
CHEM,1111,121,17,7,2,,,1,,,1,,,,,,,,,,"Anka, Fadwa H","Gioiosa, Matteo","Iqbal, Nafees",,,,fha041000,fadwa anka,General Chemistry Laboratory I 
CHEM,1111,122,16,8,4,,3,3,1,1,,,,,,,,,,,"Arche, Phillip Damien E","Brown, Monet R",,,,,pea190001,,General Chemistry Laboratory I 
CHEM,1111,123,21,3,3,3,,2,3,,1,,1,,1,,,,,,"Khan, Saba","Paul, Saptarshi",,,,,sxk240061,saba khan,General Chemistry Laboratory I 
CHEM,1111,124,10,6,3,3,1,,,2,,,1,,2,,,,,,"Anka, Fadwa H","Arrambidez, Margarita","Iqbal, Nafees",,,,fha041000,fadwa anka,General Chemistry Laboratory I 
CHEM,1111,125,17,8,1,1,1,,,1,,,,,,,,,,,"Abeykoon, Nimali C","Liaqat, Amna",,,,,nxa124430,nimali abeykoon,General Chemistry Laboratory I 
CHEM,1111,126,16,10,2,4,,1,,2,,,,,,,,,,,"Huang, Yu","Bork, David",,,,,yxh091220,yu huang,General Chemistry Laboratory I 
CHEM,1111,127,22,6,1,2,1,,,,,,,1,3,,,,1,,"Farvid, Seyedmajid","Ma, Xinran",,,,,sxf240002,seyedmajid farvid,General Chemistry Laboratory I 
CHEM,1111,128,15,10,,2,,,,1,,,,,,,,,,,"Gavva, Sandhya R","Qasimi, Esmail",,,,,sgavva,sandhya gavva,General Chemistry Laboratory I 
CHEM,1111,129,9,12,2,3,1,2,,,1,,,,,,,,,,"Wijenayake, Sumudu N","Caycedo, Victor F",,,,,snw081000,sumudu wijenayake,General Chemistry Laboratory I 
CHEM,1111,130,22,8,4,,1,2,,,1,,,,,,,,,,"Sra, Amandeep K","Halder, Abhishikta",,,,,aks057000,amandeep sra,General Chemistry Laboratory I 
CHEM,1111,131,8,11,5,1,6,2,1,1,,,,,2,,,,1,,"Farvid, Seyedmajid","Dutta, Swarnab",,,,,sxf240002,seyedmajid farvid,General Chemistry Laboratory I 
CHEM,1111,132,13,4,2,1,4,2,,,,1,,,2,,,,,,"Arche, Phillip Damien E","Thulasiram, Shrivatsa",,,,,pea190001,,General Chemistry Laboratory I 
CHEM,1111,133,19,7,2,1,1,,,,,,,,,,,,,,"Anka, Fadwa H","Thattaparambil Biju, Binitha",,,,,fha041000,fadwa anka,General Chemistry Laboratory I 
CHEM,1111,134,23,9,1,,,,1,,,,,,1,,,,1,,"Abeykoon, Nimali C","Saha, Kanak Ranjan",,,,,nxa124430,nimali abeykoon,General Chemistry Laboratory I 
CHEM,1111,135,16,11,1,2,3,4,,,,,,,,,,,,,"Bodowara, Faieza S",,,,,,dal112841,,General Chemistry Laboratory I 
CHEM,1111,136,17,6,3,1,,,,,,,,,1,,,,,,"Ge, Jing","Mersini, Brus",,,,,jxg220039,,General Chemistry Laboratory I 
CHEM,1111,137,25,10,2,,1,,,,,,,,,,,,,,"Abeykoon, Nimali C","Karim, Ariful",,,,,nxa124430,nimali abeykoon,General Chemistry Laboratory I 
CHEM,1111,138,25,5,3,1,1,,,,,1,1,,,,,,,,"Churchill, Brittani N","Ghafari, Mozhdeh",,,,,dal809833,,General Chemistry Laboratory I 
CHEM,1111,139,22,5,1,,,,,2,,,,,,,,,,,"Gavva, Sandhya R","Liaqat, Amna","Malpotra, Shivali",,,,sgavva,sandhya gavva,General Chemistry Laboratory I 
CHEM,1111,140,12,7,3,6,1,,,2,1,,,,1,,,,,,"Bodowara, Faieza S",,,,,,dal112841,,General Chemistry Laboratory I 
CHEM,1111,141,14,10,1,4,,2,2,1,,,,1,2,,,,,,"Tran, Daniel N","Bork, David",,,,,dnt019000,daniel tran,General Chemistry Laboratory I 
CHEM,1111,142,11,9,1,,2,1,,1,1,,,,1,,,,,,"Qin, Yanping","Dutta, Swarnab",,,,,yxq083000,yanping qin,General Chemistry Laboratory I 
CHEM,1111,143,17,10,3,1,,,,2,,,,,1,,,,,,"Arche, Phillip Damien E","Liu, Jincheng",,,,,pea190001,,General Chemistry Laboratory I 
CHEM,1111,144,13,9,3,3,1,,3,1,,,,,2,,,,,,"Tran, Daniel N","Saha, Kanak Ranjan",,,,,dnt019000,daniel tran,General Chemistry Laboratory I 
CHEM,1111,145,17,7,2,,1,,,,,,,,,,,,,,"Ge, Jing","Halder, Abhishikta",,,,,jxg220039,,General Chemistry Laboratory I 
CHEM,1111,601,10,9,1,4,1,,,,1,,,,1,,,,,,"Khan, Saba","Dodiya, Dev Niteshkumar",,,,,sxk240061,saba khan,General Chemistry Laboratory I 
CHEM,1111,602,11,9,4,2,3,,,3,,,1,,2,,,,,,"Sisk, Joshua R","Thattaparambil Biju, Binitha",,,,,jrs106020,joshua sisk,General Chemistry Laboratory I 
CHEM,1111,603,7,7,1,2,3,,,1,,,1,,1,,,,,,"Sisk, Joshua R","Mersini, Brus",,,,,jrs106020,joshua sisk,General Chemistry Laboratory I 
CHEM,1111,604,11,10,2,,1,2,,1,,,,,1,,,,,,"Bodowara, Faieza S",,,,,,dal112841,,General Chemistry Laboratory I 
CHEM,1111,605,9,12,2,,2,,1,,1,,,,,,,,,,"Sisk, Joshua R","Halder, Abhishikta",,,,,jrs106020,joshua sisk,General Chemistry Laboratory I 
CHEM,1111,606,12,11,2,2,5,1,,1,1,,,,,,,,,,"Sisk, Joshua R","Thulasiram, Shrivatsa",,,,,jrs106020,joshua sisk,General Chemistry Laboratory I 
CHEM,1111,607,9,10,3,,2,1,1,,1,,,1,2,,,,,,"Khan, Saba","Dodiya, Dev Niteshkumar","Koti, Neelima",,,,sxk240061,saba khan,General Chemistry Laboratory I 
CHEM,1111,608,3,5,2,5,4,,,2,1,1,,1,4,,,,,,"Bodowara, Faieza S",,,,,,dal112841,,General Chemistry Laboratory I 
CHEM,1111,609,10,8,4,2,,,1,,,,,1,1,,,,,,"Khan, Saba","Pearson, Daniel","Koti, Neelima",,,,sxk240061,saba khan,General Chemistry Laboratory I 
CHEM,1111,610,10,5,4,,4,2,,,,,,1,1,,,,,,"Khan, Saba","Lodh, Tapolabdha","Iqbal, Nafees",,,,sxk240061,saba khan,General Chemistry Laboratory I 
CHEM,1111,611,11,4,2,1,,1,,,,,,,2,,,,,,"Leach, Patricia","Ma, Xinran",,,,,pxl220000,,General Chemistry Laboratory I 
CHEM,1111,612,12,5,2,5,2,1,,,,1,,1,,,,,,,"Khan, Saba","Saha, Kanak Ranjan","Iqbal, Nafees",,,,sxk240061,saba khan,General Chemistry Laboratory I 
CHEM,1111,613,11,5,1,3,,,1,,1,,,,,,,,,,"Churchill, Brittani N","Pearson, Daniel",,,,,dal809833,,General Chemistry Laboratory I 
CHEM,1111,614,15,8,1,2,2,,1,,,,,,,,,,,,"Hashami, Zohreh","Malpotra, Shivali",,,,,zxh088000,zohreh hashami,General Chemistry Laboratory I 
CHEM,1111,615,2,5,3,3,3,1,1,1,1,,1,,,,,,,,"Leach, Patricia","Dutta, Swarnab",,,,,pxl220000,,General Chemistry Laboratory I 
CHEM,1111,616,4,3,2,,1,,1,,1,,1,,,,,,,,"Panapitiya, Nimanka P","Lodh, Tapolabdha",,,,,npp081000,nimanka panapitiya,General Chemistry Laboratory I 
CHEM,1111,617,9,1,1,,3,1,1,,,1,,,2,,,,,,"Churchill, Brittani N","Tung, Faith C",,,,,dal809833,,General Chemistry Laboratory I 
CHEM,1112,101,15,7,,2,,1,2,,,,1,,2,,,,,,"Huang, Yu",,"Borah, Kongkona",,,,yxh091220,yu huang,General Chemistry Laboratory II 
CHEM,1112,102,8,10,1,,4,1,1,1,1,1,,,1,,,,,,"Gavva, Sandhya R",,"Martil De La Garza, Mauricio G",,,,sgavva,sandhya gavva,General Chemistry Laboratory II 
CHEM,1112,103,8,5,2,2,3,2,,,1,,,,2,,,,,,"Arche, Phillip Damien E","Brown, Monet R",,,,,pea190001,,General Chemistry Laboratory II 
CHEM,1112,104,14,9,4,1,,,,,1,1,,,,,,,,,"Huang, Yu",,"Martil De La Garza, Mauricio G",,,,yxh091220,yu huang,General Chemistry Laboratory II 
CHEM,1112,105,15,10,3,1,,,,,1,,,,,,,,,,"Qin, Yanping",,"Umer, Arslan",,,,yxq083000,yanping qin,General Chemistry Laboratory II 
CHEM,1112,106,8,9,2,5,2,,,3,,,,,,,,,,,"Gavva, Sandhya R","Borah, Kongkona",,,,,sgavva,sandhya gavva,General Chemistry Laboratory II 
CHEM,1112,601,15,6,2,2,2,1,,,1,,,,,,,,,,"Tran, Daniel N",,"Paul, Saptarshi",,,,dnt019000,daniel tran,General Chemistry Laboratory II 
CHEM,1115,HN1,7,22,,,1,,,,,,,,,,,,,,"Sibert, John W",,,,,,sibertj,john sibert,Honors Freshman Chemistry Laboratory I 
CHEM,1311,001,16,34,23,14,18,27,18,21,18,10,13,14,36,,1,,18,,"Abeykoon, Nimali C",,,,,,nxa124430,nimali abeykoon,General Chemistry I 
CHEM,1311,002,36,48,38,27,30,24,13,9,19,6,9,7,12,,,,14,,"Huang, Yu",,,,,,yxh091220,yu huang,General Chemistry I 
CHEM,1311,003,10,26,8,18,25,24,17,17,20,14,18,18,45,,,,26,,"Dieckmann, Gregg R",,,,,,dieckgr,gregg dieckmann,General Chemistry I 
CHEM,1311,004,16,28,12,21,29,20,18,16,30,16,8,13,40,,,,22,,"Dieckmann, Gregg R",,,,,,dieckgr,gregg dieckmann,General Chemistry I 
CHEM,1311,005,18,35,16,27,28,34,11,18,31,8,11,7,16,,,,29,,"Taylor, Stephanie M",,,,,,smt031000,stephanie taylor,General Chemistry I 
CHEM,1311,006,15,43,23,15,24,32,11,19,25,16,13,4,26,,,,24,,"Taylor, Stephanie M",,,,,,smt031000,stephanie taylor,General Chemistry I 
CHEM,1311,007,26,37,21,22,23,30,16,20,24,7,12,8,17,,1,,25,,"Hashami, Zohreh",,,,,,zxh088000,zohreh hashami,General Chemistry I 
CHEM,1312,001,30,22,20,20,23,24,17,23,21,18,16,6,23,,,,25,,"Sra, Amandeep K","Shende, Prapti M",,,,,aks057000,amandeep sra,General Chemistry II 
CHEM,1315,HN1,7,14,3,4,1,,,,,,,,1,,,,,,"Sibert, John W",,,,,,sibertj,john sibert,Honors Freshman Chemistry I 
CHEM,2233,301,17,1,1,,,,,,,,,,,,,,,,"Ge, Jing","Agamendran, Nithish",,,,,jxg220039,,Introductory Organic Chemistry Laboratory 
CHEM,2233,302,8,13,2,1,,1,,,,,,,,,,,,,"Khan, Saba","Babanyinah, Godwin K",,,,,sxk240061,saba khan,Introductory Organic Chemistry Laboratory 
CHEM,2233,303,17,7,2,,,,,,,,,,,,,,,,"Cortes, Sergio","Rajapaksha Mudiyanselage, Gaveshika Madushani Rajapaksha",,,,,scortes,sergio cortes,Introductory Organic Chemistry Laboratory 
CHEM,2233,304,20,4,,1,,,,,,,,,,,,,,,"Ge, Jing","Agamendran, Nithish",,,,,jxg220039,,Introductory Organic Chemistry Laboratory 
CHEM,2233,305,12,6,2,,,,,,,,,,,,,,,,"Panapitiya, Nimanka P","Mahulkar, Pranav S",,,,,npp081000,nimanka panapitiya,Introductory Organic Chemistry Laboratory 
CHEM,2233,306,12,9,1,,,,1,,,,,,,,,,,,"Wijenayake, Sumudu N","Babanyinah, Godwin K",,,,,snw081000,sumudu wijenayake,Introductory Organic Chemistry Laboratory 
CHEM,2233,307,14,8,,,,,1,,,,,,,,,,,,"Cortes, Sergio","Rajapaksha Mudiyanselage, Gaveshika Madushani Rajapaksha",,,,,scortes,sergio cortes,Introductory Organic Chemistry Laboratory 
CHEM,2233,308,7,12,4,1,,,,,,,,,,,,,,,"Khan, Saba","Walimuni Mudiyanselage, Chamila Sandaruwan B",,,,,sxk240061,saba khan,Introductory Organic Chemistry Laboratory 
CHEM,2233,309,12,8,1,,1,,1,,,,,,,,,,,,"Panapitiya, Nimanka P","Mahulkar, Pranav S",,,,,npp081000,nimanka panapitiya,Introductory Organic Chemistry Laboratory 
CHEM,2233,310,17,6,1,1,,,,,,,,,1,,,,,,"Wijenayake, Sumudu N","Walimuni Mudiyanselage, Chamila Sandaruwan B",,,,,snw081000,sumudu wijenayake,Introductory Organic Chemistry Laboratory 
CHEM,2323,001,22,44,14,13,18,10,6,6,4,2,2,,2,,1,,1,,"Wijenayake, Sumudu N","Maharana, Priyanka",,,,,snw081000,sumudu wijenayake,Introductory Organic Chemistry I 
CHEM,2323,002,11,10,4,5,7,11,8,7,9,11,1,,2,,2,,6,,"Ahn, Jung-Mo","Benitez, Francisco",,,,,jxa041100,jung mo ahn,Introductory Organic Chemistry I 
CHEM,2323,004,10,25,11,12,10,15,7,9,7,10,8,,13,,,,6,,"Tran, Daniel N","Li, Baowen",,,,,dnt019000,daniel tran,Introductory Organic Chemistry I 
CHEM,2323,005,18,34,10,20,9,14,12,9,6,2,2,,4,,,,4,,"Thompson, Christina M","Saini, Piyush",,,,,cmt120030,christina thompson,Introductory Organic Chemistry I 
CHEM,2323,006,9,34,10,24,13,13,11,7,6,6,2,,4,,,,6,,"Ge, Jing","Mustafa, Md.",,,,,jxg220039,,Introductory Organic Chemistry I 
CHEM,2323,501,2,21,8,5,5,4,9,11,11,8,8,,9,,2,,4,,"Cortes, Sergio","Osborn, Emily",,,,,scortes,sergio cortes,Introductory Organic Chemistry I 
CHEM,2325,001,24,23,7,4,7,7,11,3,10,4,5,,32,,2,,4,,"Novak, Bruce M",,,,,,bxn111230,bruce novak,Introductory Organic Chemistry II 
CHEM,2325,002,22,24,3,7,6,12,5,8,8,6,4,,30,,4,,4,,"Novak, Bruce M","Garner, Josiah",,,,,bxn111230,bruce novak,Introductory Organic Chemistry II 
CHEM,2327,HN1,2,10,3,3,1,,,,,,,,,,,,,,"Biewer, Michael C","Nath, Jyotishka",,,,,biewerm,michael biewer,Honors Organic Chemistry I 
CHEM,2401,001,4,3,,,4,,,,,,,1,1,,,,,,"Anka, Fadwa H","Darwin, Cary",,,,,fha041000,fadwa anka,Introductory Quantitative Methods in Chemistry 
CHEM,2401,002,,4,3,,2,3,,,,2,,,,,,,,,"Pantano, Paul",,,,,,pantano,paul pantano,Introductory Quantitative Methods in Chemistry 
CHEM,2401,004,4,1,1,,1,1,,1,,,,,4,,,,,,"Sra, Amandeep K","Naseiro, Connor B",,,,,aks057000,amandeep sra,Introductory Quantitative Methods in Chemistry 
CHEM,3321,001,,20,,,16,,,3,,,5,,,,,,,,"Murza, Adrian C",,,,,,acm170730,adrian murza,Physical Chemistry I 
CHEM,3322,001,4,6,1,3,7,3,,4,,,1,,,,,,1,,"Nielsen, Steven O","Tran, Ly T",,,,,son051000,steven nielsen,Physical Chemistry II 
CHEM,3341,001,8,8,5,3,1,,,2,1,,1,,1,,,,1,,"Wriedt, Mario",,,,,,mxw230016,,Inorganic Chemistry I 
CHEM,3461,001,1,11,2,3,1,,,,,1,,,1,,,,2,,"Gavva, Sandhya R","Goldsmith, Elanor","Pal, Aakash","Kim, Hyunseo",,,sgavva,sandhya gavva,Biochemistry I 
CHEM,3461,002,12,3,3,2,3,1,2,3,1,2,1,,1,,,,,,"Boyd, Stefanie D","Akter, Zakia","Estrada, Bryan J","Hossain, Md Liakat","Yaqub, Muneer O","Zhabilov, Dannie",sdb074000,stefanie boyd,Biochemistry I 
CHEM,3461,003,3,6,4,2,6,2,,2,2,,1,,4,,,,1,,"Boyd, Stefanie D","Akter, Zakia","Estrada, Bryan J","Hossain, Md Liakat","Yaqub, Muneer O","Zhabilov, Dannie",sdb074000,stefanie boyd,Biochemistry I 
CHEM,3462,001,,2,3,2,1,,2,,,,,,,,,,,,"Candas, Mehmet","Maity, Tuhina","Sunder Singh, Jacqulene Preethi",,,,candas,mehmet candas,Biochemistry II 
CHEM,3471,001,2,2,3,1,,,,,1,,1,,,,,,,,"Tran, Daniel N","Wang, Ziqi","Gaspar, Miguel A",,,,dnt019000,daniel tran,Advanced Chemical Synthesis Laboratory 
CHEM,3472,001,1,,3,1,1,1,1,1,,,1,,1,,,,2,,"Qin, Yanping","Hasna Begam, Mohammed Nazar","Vu, Mai P",,,,yxq083000,yanping qin,Instrumental Analysis 
CHEM,3472,002,4,1,,3,2,2,,1,,1,1,,,,,,,,"Qin, Yanping","Igie, Nosakhare F","Shohag, S M Anyet Ullah","Beck, Erling",,,yxq083000,yanping qin,Instrumental Analysis 
CHEM,3472,003,2,3,2,2,,3,1,,,,,,,,,,1,,"Hashami, Zohreh","Adukure, Ronald D","Igie, Nosakhare F",,,,zxh088000,zohreh hashami,Instrumental Analysis 
CHEM,4V01,0W1,11,,,,,,,,,,,,,,,,,,"Sra, Amandeep K",,,,,,aks057000,amandeep sra,Topics in Chemistry 
CHEM,5331,001,,7,1,2,3,1,,,,,,,,,,,,,"Delaney, Connor P",,,,,,cpd230000,,Advanced Organic Chemistry I 
CHEM,5341,001,,6,3,1,1,,,,,,,,,,,,,,"Sibert, John W",,,,,,sibertj,john sibert,Advanced Inorganic Chemistry I 
CHEM,5355,001,,1,3,2,5,,,,,,,,,,,,,,"Pantano, Paul",,,,,,pantano,paul pantano,Analytical Techniques I 
CHEM,6100,001,,,,,,,,,,,,,,,,,,104,"Romiti, Filippo",,,,,,fxr220003,filippo romiti,Chemistry Department Seminar 
CHEM,6389,001,,5,7,4,4,1,,,,,,,,,,,,,"Balkus, Kenneth J",,,,,,balkus,kenneth balkus,Scientific Literature and Communication Skills 
CHEM,8V91,024,,,,,,,,,,,,,,,,,,11,"Stefan, Mihaela C",,,,,,mci071000,mihaela stefan,
CHEM,8V91,046,,,,,,,,,,,,,,,,,,12,"Fasan, Rudi",,,,,,,rudi fasan,
CHIN,1311,001,9,4,2,,1,1,,,,,,,1,,,,,,"Chen, Bei",,,,,,bxc152730,bei chen,Beginning Chinese I 
CHIN,1312,001,6,3,1,2,2,1,,,,,,,,,,,,,"Chen, Bei",,,,,,bxc152730,bei chen,Beginning Chinese II 
CHIN,2312,001,8,3,3,,1,,,,,,1,,,,,,,,"Chen, Bei",,,,,,bxc152730,bei chen,Intermediate Chinese II 
CLDP,2314,001,1,1,2,2,4,2,2,1,1,,,1,,,,,1,,"Atchison, Kristin J","Wong, Galston K",,,,,kja042000,kristin atchison,Lifespan Development 
CLDP,3303,001,,20,,,7,,,,,,,,2,,,,,,"Trail, Amy M","Olvera Hernandez, Michelle",,,,,amr171330,amy trail,Language Development 
CLDP,3305,001,,7,,,9,,,2,,,1,,,,,,,,"Trail, Amy M",,,,,,amr171330,amy trail,Language and Literacy Development 
CLDP,3305,002,,10,,,2,,,2,,,,,,,,,,,"Touchstone, Emily W",,,,,,exw010200,emily touchstone,Language and Literacy Development 
CLDP,3310,001,,20,,,2,,,1,,,,,,,,,,,"Timmons, Lisa N","Telidevara, Amrita Kaushik","Grant, Meridith G","Holub, Shayla C",,,lnk081000,lisa timmons,Child Development 
CLDP,3332,001,1,12,4,1,3,2,,,1,1,,,,,,,,,"Holub, Shayla C",,,,,,sch052000,shayla holub,Social and Personality Development 
CLDP,3336,001,1,7,1,2,,1,,,,,,,1,,,,,,"Atchison, Kristin J","Gutierrez, Alyssa M",,,,,kja042000,kristin atchison,Infancy 
CLDP,3342,001,,13,,,1,,,,,,,,,,,,1,,"Timmons, Lisa N","Zhan, Nalan","Grant, Meridith G","Holub, Shayla C",,,lnk081000,lisa timmons,Exceptional Children 
CLDP,3362,001,,7,,,9,,,2,,,,,1,,,,,,"Mills, Candice M","Quintero-Flores, Natalie B",,,,,cxm056000,candice mills,Cognitive Development 
CLDP,3365,001,1,4,6,7,3,,,,1,,,,2,,,,,,"Luchkina, Elena",,,,,,dal011025,,Child Learning 
CLDP,3394,0H1,,11,,,,,,,,,,,,,,,,,"Grant, Meridith G","Frater, Jacob",,,,,mga061000,meridith grant,Research and Evaluation Methods 
CLDP,4344,001,,3,3,1,6,1,1,,1,,1,,1,,,,,,"Damme, Katherine S","Padilla Cardoso, Mayra A",,,,,ksd240003,,Child Psychopathology 
CLDP,4V90,001,5,5,2,,,,,,,,,,,,,,,,"Maese, Maria Amalia",,,,,,mxm124131,,Special Topics in Child Learning and Development 
COMD,5344,001,,11,1,,1,,,,,,,,,,,,1,,"Mundayoor, Saranya A","Qi, Shuang",,,,,sam220028,,Anatomy and Physiology of Speech and Hearing 
COMD,6110,0W1,,,,,,,,,,,,,,,,,,15,"Kenedi, A Helen I",,,,,,kenedi,,Pediatric Feeding 
COMD,6112,0W1,,,,,,,,,,,,,,,,,,13,"Walsh, Diane G",,,,,,dxg022000,diane walsh,Counseling in Communication Disorders 
COMD,6222,001,,116,,,,,,,,,,,,,,,1,,"Lougeay, Janice",,,,,,lougeay,,Stuttering 
COMD,6240,001,,42,,,,,,,,,,,,,,,,,"Touchstone, Emily W",,,,,,exw010200,emily touchstone,Professional Issues in Speech Language Pathology 
COMD,6305,001,,,,,,,,,,,,,,,,,,35,"Frankford, Saul A",,,,,,sfa240000,,Speech Science 
COMD,6307,0H1,,5,7,5,1,1,,,,,,,,,,,,,"Castilla-Earls, Anny P",,,,,,dal479500,,Language Acquisition 
COMD,6308,001,,85,,,1,,,,,,,,,,,,1,,"Rich, Judith B","Tigner, Lauren",,,,,jbm014600,,Assessment and Intervention of Language Impairments in Preschool and School-Age Children 
COMD,6320,001,,45,,5,5,2,1,,,,,,,,,,,,"Aldridge, Michelle A","Kenedi, A Helen I",,,,,aldridge,michelle aldridge,Motor Speech Disorders 
COMD,6330,065,,,,,,,,,,,,,,,,,,10,"Aldridge, Michelle A",,,,,,aldridge,michelle aldridge,
COMD,6330,069,,,,,,,,,,,,,,,,,,10,"Kenedi, A Helen I",,,,,,,a helen kenedi,
COMD,6330,080,,,,,,,,,,,,,,,,,,10,"Carter, Jessica A",,,,,,jar032000,jessica carter,
COMD,6330,165,,,,,,,,,,,,,,,,,,10,"Aldridge, Michelle A",,,,,,aldridge,michelle aldridge,
COMD,6330,169,,,,,,,,,,,,,,,,,1,9,"Kenedi, A Helen I",,,,,,,a helen kenedi,
COMD,6330,265,,,,,,,,,,,,,,,,,,10,"Aldridge, Michelle A",,,,,,aldridge,michelle aldridge,
COMD,6377,001,,83,,,11,,,,,,,,,,,,1,,"Kenedi, A Helen I","Sale, Felicity F",,,,,kenedi,,Neurogenic Communication Disorders I 
COMD,6378,001,,17,,,3,,,,,,,,,,,,,,"Klimkowski, Hillary E","Sale, Felicity F",,,,,hxd121330,hillary klimkowski,Neurogenic Communication Disorders II 
COMD,6V09,001,,31,,,,,,,,,,,,,,,,,"Aldridge, Michelle A",,,,,,aldridge,michelle aldridge,Autism Spectrum Disorder 
COMD,7098,001,,,,,,,,,,,,,,,,,,27,"Touchstone, Emily W",,,,,,exw010200,emily touchstone,
COMD,7204,501,,30,1,,,,,,,,,,,,,,,,"Cook, Julie D",,,,,,jdc151030,,Craniofacial Disorders 
COMD,7221,001,,21,,,2,,,,,,,,,,,,,,"Carter, Jessica A",,,,,,jar032000,,Preschool Intervention 
COMD,7222,001,,44,,,3,,,,,,,,,,,,,,"Touchstone, Emily W",,,,,,exw010200,emily touchstone,Therapy Strategies for School-Age Children 
COMD,7301,501,,35,,,,,,,,,,,,,,,,,"Rich, Judith B",,,,,,jbm014600,,Public School Methods 
COMD,7336,001,,14,,4,4,3,,,,,,,,,,,,,"Rollins, Pamela R",,,,,,rollins,pam rollins,Social Communication in Early Childhood Disorders 
COMM,1311,001,4,28,21,6,7,1,1,2,,,1,,3,,,,2,,"Totusek, Patricia F",,,,,,pft140030,patricia totusek,Introduction to Communication Studies 
COMM,1311,002,1,7,6,4,,1,1,,,,,,1,,,,2,,"Miles, Caitlin M",,,,,,dal714266,caitlin miles,Introduction to Communication Studies 
COMM,1311,003,6,10,3,1,1,1,,,,,,,1,,,,,,"Sova, Melodee L",,,,,,mls230004,melodee sova,Introduction to Communication Studies 
COMM,1311,004,2,7,4,3,5,1,,,,,,,2,,,,,,"Totusek, Patricia F",,,,,,pft140030,patricia totusek,Introduction to Communication Studies 
COMM,1311,005,1,4,3,4,7,3,,,2,,,,,,,,,,"Moss, Daniel J",,,,,,djm161130,daniel moss,Introduction to Communication Studies 
COMM,1311,006,,2,4,2,1,2,1,1,3,,,,,,,,1,,"Moss, Daniel J",,,,,,djm161130,daniel moss,Introduction to Communication Studies 
COMM,1311,0H1,1,11,2,2,3,2,,,,,,,1,,,,1,,"Sova, Melodee L",,,,,,mls230004,melodee sova,Introduction to Communication Studies 
COMM,1311,0H2,8,3,4,2,1,1,,,,,,,3,,,,1,,"Fraley, James M",,,,,,jmf210007,james fraley,Introduction to Communication Studies 
COMM,1311,0H3,4,11,4,1,3,,,1,,,,,,,,,,,"Sova, Melodee L",,,,,,mls230004,melodee sova,Introduction to Communication Studies 
COMM,1311,0H4,,16,,3,,,1,,,,,1,1,,,,2,,"Holmes, Tierha C",,,,,,dal951537,,Introduction to Communication Studies 
COMM,1311,0H5,8,10,2,,1,,1,,,,,,,,,,,,"Tanner, Lari J",,,,,,ljt130130,lari tanner,Introduction to Communication Studies 
COMM,1311,0W1,13,7,,,1,,,,,,,,1,,,,1,,"Sova, Melodee L",,,,,,mls230004,melodee sova,Introduction to Communication Studies 
COMM,1311,0W2,3,7,6,2,,1,,,,,,,2,,,,2,,"Templeton, Allison A",,,,,,aam141730,allison templeton,Introduction to Communication Studies 
COMM,1311,0W3,3,10,6,,1,1,1,,,,,,1,,,,,,"Templeton, Allison A",,,,,,aam141730,allison templeton,Introduction to Communication Studies 
COMM,1311,0W4,1,2,3,1,5,4,1,,1,,,,4,,,,1,,"Williams, Alecia N",,,,,,axw124630,alecia williams,Introduction to Communication Studies 
COMM,1311,0W5,3,3,4,2,2,2,1,3,,,,,4,,,,,,"Miles, Caitlin M",,,,,,dal714266,caitlin miles,Introduction to Communication Studies 
COMM,1311,0W6,1,9,2,1,,1,,2,1,,,,3,,,,3,,"Williams, Alecia N",,,,,,axw124630,alecia williams,Introduction to Communication Studies 
COMM,1311,0W7,9,8,1,,,,,,,,1,,4,,,,,,"McCown, Gregory S",,,,,,dal165786,,Introduction to Communication Studies 
COMM,1311,0W8,13,6,,,,,,1,,,,,1,,,,1,,"McCown, Gregory S",,,,,,dal165786,,Introduction to Communication Studies 
COMM,1311,0W9,5,5,3,3,2,1,,,,,,,4,,1,,,,"Fraley, James M",,,,,,jmf210007,james fraley,Introduction to Communication Studies 
COMM,1315,001,4,7,4,4,4,,,,,,,,,,,,1,,"Templeton, Allison A",,,,,,aam141730,allison templeton,Public Speaking 
COMM,1315,002,1,2,3,4,5,2,2,2,,,1,1,,,,,1,,"Baker, Barbara L",,,,,,blb140430,barbara baker,Public Speaking 
COMM,1315,0H1,,1,5,4,3,2,1,3,,1,,,2,,,,1,,"Bromberg, Mike",,,,,,mxb210046,mike bromberg,Public Speaking 
COMM,1315,0H2,1,9,4,3,1,,2,1,,,,,2,,,,,,"Sova, Melodee L",,,,,,mls230004,melodee sova,Public Speaking 
COMM,1315,0H3,7,8,3,,4,,,,,,,,,,,,2,,"Templeton, Allison A",,,,,,aam141730,allison templeton,Public Speaking 
COMM,1315,0H4,7,9,2,,4,1,,,,,,,,,,,1,,"Farr, Natalie D",,,,,,dal751884,,Public Speaking 
COMM,1315,0H5,16,4,1,,1,,,,,,,1,1,,,,,,"Saenz, Michael A",,,,,,mas130030,michael saenz,Public Speaking 
COMM,1315,0H6,5,5,4,6,,1,,,,,,,1,,,,,,"Farr, Natalie D",,,,,,dal751884,,Public Speaking 
COMM,1315,0H9,7,6,3,2,2,,1,,1,,,,,,,,1,,"Spikeston, Sarah A",,,,,,dal391281,,Public Speaking 
COMM,1315,0W1,7,8,3,1,1,1,,,,,,,1,,,,,,"Cannon, Charles",,,,,,cxc190014,charles cannon,Public Speaking 
COMM,1315,0W2,4,11,6,,1,,,1,,1,,,,,,,,,"Cannon, Charles",,,,,,cxc190014,charles cannon,Public Speaking 
COMM,1315,0W3,7,7,,,5,,,,,,2,,2,,,,,,"Spikeston, Sarah A",,,,,,dal391281,,Public Speaking 
COMM,1315,0W4,1,3,5,2,6,1,2,,1,,,1,1,,,,1,,"Bromberg, Mike",,,,,,mxb210046,mike bromberg,Public Speaking 
COMM,1320,001,7,7,2,2,,,1,1,,,,,3,,,,,,"Sova, Melodee L",,,,,,mls230004,melodee sova,Interpersonal Communication 
COMM,2310,0W1,7,10,1,1,1,1,,,1,,,1,1,,,,1,,"Glauser, Janece B",,,,,,jbg130030,janece glauser,Introduction to Professional Communication 
COMM,2320,001,9,3,2,2,,,,,,,,,7,,,,,,"Hartmann, Jonathan",,,,,,jxh190042,jonathan hartmann,Scientific Communication 
COMM,2351,001,,3,4,5,3,1,,,,,1,,2,,,,,,"Baker, Barbara L",,,,,,blb140430,barbara baker,History and Theory of Communication 
COMM,3320,001,1,7,2,,,,,,,,,,,,,,,,"Lingo, Kathy P",,,,,,klingo,kathy lingo,Readers  Theater 
COMM,3353,001,4,3,2,1,,1,,,,,,,,,,,,,"Totusek, Patricia F",,,,,,pft140030,patricia totusek,Nonverbal Communication 
COMM,4314,001,2,5,1,1,1,,1,,,1,,,,,,,,,"King, Carie S",,,,,,cxl085200,carie king,Persuasion and Interpersonal Influence 
CRIM,1301,001,21,18,3,5,6,1,1,3,3,,1,1,2,,,,,,"Gross, Meeghan A",,,,,,mag230017,,Introduction to Criminal Justice 
CRIM,1301,0W1,20,45,12,1,10,6,2,7,2,5,3,,8,,,,1,,"Karmakar, Anasuya",,,,,,axk220350,anasuya karmakar,Introduction to Criminal Justice 
CRIM,1307,001,,47,31,18,11,6,,3,,,,3,3,,,,2,,"Elsafadi, Hoda O",,,,,,hoe180000,,Introduction to Crime and Criminology 
CRIM,1307,0W1,17,19,27,17,6,15,4,5,1,,2,4,8,,1,,3,,"Garcia, Jessica L","Chidozie, Eustace","Huang, Sijie",,,,dal544577,,Introduction to Crime and Criminology 
CRIM,2306,0W1,,40,10,1,4,2,,,,,,2,1,,,,2,,"Papageorgiou, Anthony J",,,,,,ajp220004,,Criminal Law 
CRIM,2313,0W1,16,16,11,4,6,,5,,1,,,,1,,,,,,"Hong, Sunmin",,,,,,sxh220001,,Police and Society 
CRIM,2316,001,20,3,4,2,1,,1,,,,,,1,,,,,,"Burton, Alexander","Wang, Wenyi",,,,,axb210254,alexander burton,Corrections 
CRIM,2317,001,3,11,9,2,3,2,2,2,,,,,,,,,1,,"Petrowski, Tom",,,,,,txp170007,,Criminal Prosecution and Court Process 
CRIM,3300,0W1,8,48,16,13,14,4,2,2,3,1,2,,2,,,,3,,"Worrall, John L","Hart, Sage",,,,,jlw064000,john worrall,Crime and Civil Liberties 
CRIM,3301,001,8,11,6,3,1,1,,,,,,,,,,,,,"Olszewski, Hailey",,,,,,hxo230001,,Theories of Justice 
CRIM,3302,001,7,13,4,2,2,,1,,,,,,,,,,,,"Lee, Yeungjeom","Lee, Insang",,,,,yxl210021,,Advanced Criminology 
CRIM,3303,001,,4,7,5,1,,,,,,1,,,,,,,,"Puddy, Haley N",,,,,,hnp200001,,Advanced Criminal Justice 
CRIM,3309,001,6,9,9,4,3,1,2,2,,,,1,1,,,,2,,"Garcia, Jessica L",,,,,,dal544577,,Media and Crime 
CRIM,3310,0W1,4,10,12,7,6,9,6,,2,1,,,,,1,,1,,"Garcia, Jessica L","Huang, Sijie","Chidozie, Eustace",,,,dal544577,,Youth Crime and Justice 
CRIM,3312,0W1,53,1,4,,4,1,,,,,1,,,,,,,,"Mcchriston, Marvin",,,,,,mxm230053,,Drugs and Crime 
CRIM,3319,0W1,26,12,9,7,2,2,,,,,1,,3,,,,1,,"Burton, Alexander","Wang, Wenyi",,,,,axb210254,alexander burton,Comparative Justice Systems 
CRIM,3327,001,,16,6,4,5,5,,4,3,,1,,,,,,3,,"Krajewski, Andrew T","Hull, Kerrie Ann",,,,,axk210064,andrew krajewski,Violent Crime 
CRIM,4311,0W1,,16,1,3,4,,,,,,1,,2,,,,1,,"Escobedo, Allison E",,,,,,aeh220002,allison escobedo,Crime and Justice Policy 
CRIM,4322,0H1,,12,8,3,1,2,,,3,,,,,,,,1,,"Vieraitis, Lynne M","Coomes, Ashley",,,,,lmv071000,lynne vieraitis,Senior Research Seminar 
CRIM,4396,001,1,5,2,2,4,,2,,,,,,,,,,,,"Boots, Denise P","Adjadeh, John-Paul E",,,,,dpb062000,denise boots,Selected Topics in Criminology 
CRIM,4396,002,12,4,3,1,5,1,,2,1,,,,,,,,,,"Vasquez, Arthur G","Da Silveira Gomes, Evandro Manoel",,,,,agv100020,arthur vasquez,Selected Topics in Criminology 
CRIM,6301,0W1,,16,,,,,,,,,,,,,,,,,"Lee, Yeungjeom",,,,,,yxl210021,,Research Design I 
CRIM,6303,501,,4,6,,,,,,,,,,1,,,,1,,"Vieraitis, Lynne M",,,,,,lmv071000,lynne vieraitis,Etiology of Crime and Criminality 
CRIM,6315,001,,8,3,,,,,,,,,,,,,,,,"Krajewski, Andrew T",,,,,,axk210064,andrew krajewski,Violent Crime 
CRIM,6381,0W1,,4,4,1,2,,,2,,,,,,,1,,,,"Augustyn, Megan B",,,,,,dal622680,,Special Topics in Criminology 
CRWT,2301,001,6,3,2,1,2,1,1,,,1,,,2,,,,,,"Yang, Dawn D",,,,,,dxy220002,,Introduction to Creative Writing 
CRWT,2301,002,,1,2,2,4,4,2,,1,1,2,,,,,,,,"Bhatt, Jenny",,,,,,jxb230007,jenny bhatt,Introduction to Creative Writing 
CRWT,2301,003,,,4,3,3,2,1,1,2,1,,,1,,,,,,"Bhatt, Jenny",,,,,,jxb230007,jenny bhatt,Introduction to Creative Writing 
CRWT,2301,004,6,7,3,,,,,,,,,,,,,,,,"Yang, Dawn D",,,,,,dxy220002,,Introduction to Creative Writing 
CRWT,2301,005,4,11,3,,,,,,,,1,,,,,,,,"Brazeal, Lauren",,,,,,lxb190011,lauren brazeal garza,Introduction to Creative Writing 
CRWT,2301,006,15,2,1,,,,,1,,,,,,,,,,,"Sahota, Kiran B",,,,,,kbs220000,kiran sahota,Introduction to Creative Writing 
CRWT,2301,007,12,4,,,2,1,,,,,,,,,,,,,"Sahota, Kiran B",,,,,,kbs220000,kiran sahota,Introduction to Creative Writing 
CRWT,2301,008,1,4,3,2,,2,,,,,,,1,,,,,,"Shabir, Junaid S",,,,,,jss220000,junaid shabir,Introduction to Creative Writing 
CRWT,2301,009,3,4,1,,1,2,1,1,,,,,1,,,,,,"Shabir, Junaid S",,,,,,jss220000,junaid shabir,Introduction to Creative Writing 
CRWT,2301,501,5,7,1,2,,,,,,,,,2,,,,1,,"Brazeal, Lauren",,,,,,lxb190011,lauren brazeal garza,Introduction to Creative Writing 
CRWT,2301,502,,13,1,1,1,1,,1,,,,,,,,,,,"Goldstein, Laura E",,,,,,leg130330,laura goldstein,Introduction to Creative Writing 
CRWT,3306,001,1,11,,,,,,,,,,,,,,,,,"Martinez, Manuel L",,,,,,mlm160630,manuel martinez,Fiction Workshop 
CRWT,3351,001,8,3,2,,,,,,,,,,1,,,,,,"Baker, Matthew W",,,,,,mwb190002,matthew baker,Poetry Workshop 
CRWT,3354,501,1,8,1,,5,,,,,,,,,,,,,,"Goldberg, Paula",,,,,,pxg180023,paula goldberg,Screenwriting Workshop 
CRWT,3354,502,,10,2,2,,,,,,,,,,,,,1,,"Goldberg, Paula",,,,,,pxg180023,paula goldberg,Screenwriting Workshop 
CRWT,4307,001,,9,1,,,,,,,,,,1,,,,,,"Martinez, Manuel L",,,,,,mlm160630,manuel martinez,Advanced Fiction Workshop 
CS,1200,001,36,62,14,6,7,7,1,1,2,1,,1,4,,,,2,,"Smith, Klyne",,,,,,kxs180052,klyne smith,
CS,1200,002,,92,15,,10,2,,3,,,,,3,,,,,,"Arnold, Gordon L",,,,,,gxa120930,gordon arnold,Introduction to Computer Science and Software Engineering 
CS,1200,003,,109,19,,7,2,,6,2,,,,3,,,,,,"Arnold, Gordon L",,,,,,gxa120930,gordon arnold,Introduction to Computer Science and Software Engineering 
CS,1200,004,31,59,18,9,7,2,2,1,1,1,1,,3,,,,,,"Smith, Klyne",,,,,,kxs180052,klyne smith,Introduction to Computer Science and Software Engineering 
CS,1200,0L1,,40,5,,2,1,,,1,,,,1,,,,,,"Arnold, Gordon L",,,,,,gxa120930,gordon arnold,Introduction to Computer Science and Software Engineering 
CS,1200,501,25,48,12,6,4,3,3,3,,1,,1,2,,,,,,"Smith, Klyne",,,,,,kxs180052,klyne smith,Introduction to Computer Science and Software Engineering 
CS,1200,HON,1,12,12,5,4,2,,,,,,,1,,,,,,"Cole, John P",,,,,,jxc064000,john cole,Introduction to Computer Science and Software Engineering 
CS,1325,001,4,58,21,19,29,10,5,8,1,,1,,9,,,,2,,"Chappidi, Sruthi",,,,,,sxc105920,sruthi chappidi,Introduction to Programming 
CS,1325,002,6,62,16,23,40,5,5,11,1,2,1,,3,,,,,,"Chappidi, Sruthi",,,,,,sxc105920,sruthi chappidi,Introduction to Programming 
CS,1337,001,2,2,4,,5,3,1,4,2,1,1,1,16,,,,4,,"Arnold, Gordon L",,,,,,gxa120930,gordon arnold,Computer Science I 
CS,1337,002,7,2,1,,3,4,1,,1,,2,,8,,,,,,"Razo-Razo, Miguel Angel",,,,,,mrazora,miguel razo,Computer Science I 
CS,1337,003,2,3,5,5,6,5,3,,,5,,,7,,1,,3,,"Birsan, Vlad I",,,,,,vib220000,,Computer Science I 
CS,1337,004,11,4,4,3,2,3,,6,3,,,3,3,,,,5,,"Razo-Razo, Miguel Angel",,,,,,mrazora,miguel razo,Computer Science I 
CS,1436,001,,8,8,3,5,7,4,4,2,6,4,,8,,,,1,,"Solanki, Nidhiben M",,,,,,nxs121130,nidhiben solanki,Programming Fundamentals 
CS,1436,002,9,4,3,4,3,2,1,1,1,,3,2,4,,,,5,,"Srinivasan, Srimathi",,,,,,sxs180206,srimathi srinivasan,Programming Fundamentals 
CS,1436,003,6,13,9,9,10,4,5,3,2,1,1,,1,,,,,,"Ricks, Brian",,,,,,bwr031000,brian ricks,Programming Fundamentals 
CS,1436,004,,5,8,4,10,4,5,7,,6,1,1,7,,,,7,,"Narayanasami, Priya",,,,,,pxn173330,priya narayanasami,Programming Fundamentals 
CS,1436,005,7,4,6,5,9,6,3,6,3,2,,3,7,,,,3,,"Srinivasan, Srimathi",,,,,,sxs180206,srimathi srinivasan,Programming Fundamentals 
CS,1436,006,,9,4,8,16,7,2,5,3,5,2,,2,,,,2,,"Solanki, Nidhiben M",,,,,,nxs121130,nidhiben solanki,Programming Fundamentals 
CS,1436,007,4,5,4,2,5,8,6,3,7,1,2,4,9,,,,,,"Srinivasan, Srimathi",,,,,,sxs180206,srimathi srinivasan,Programming Fundamentals 
CS,1436,008,3,12,5,6,8,5,7,7,1,,4,,4,,,,2,,"Solanki, Nidhiben M",,,,,,nxs121130,nidhiben solanki,Programming Fundamentals 
CS,1436,009,5,16,7,9,6,9,3,4,2,,1,,1,,,,1,,"Ricks, Brian",,,,,,bwr031000,brian ricks,Programming Fundamentals 
CS,1436,010,2,11,,9,7,,13,8,,3,3,,6,,,,2,,"Karrah, Shyam S",,,,,,skarrah,shyam karrah,Programming Fundamentals 
CS,1436,012,,2,3,,1,,1,2,1,1,1,,4,,,,4,,"Thompson, Laurie A",,,,,,lthomp,laurie thompson,Programming Fundamentals 
CS,1436,013,,2,8,4,7,4,5,7,4,3,2,1,8,,,,4,,"Thompson, Laurie A",,,,,,lthomp,laurie thompson,Programming Fundamentals 
CS,1436,014,,7,11,2,7,9,5,9,2,,1,2,5,,,,2,,"Narayanasami, Priya",,,,,,pxn173330,priya narayanasami,Programming Fundamentals 
CS,1436,5L1,2,12,,8,5,,6,4,,3,4,,2,,,,,,"Karrah, Shyam S",,,,,,skarrah,shyam karrah,Programming Fundamentals 
CS,1436,5L2,3,8,3,1,4,1,,4,,2,4,,17,,,,,,"Willson, James",,,,,,jkw053000,james willson,Programming Fundamentals 
CS,2305,001,11,30,14,19,30,7,2,4,1,1,,,4,,,,1,,"Gibney, Daniel J",,,,,,djg230002,daniel gibney,Discrete Mathematics for Computing I 
CS,2305,003,4,23,5,9,25,8,4,3,,,1,1,,,,,3,,"Ouyang, Jessica J",,,,,,jjo190001,jessica ouyang,Discrete Mathematics for Computing I 
CS,2305,004,5,40,22,10,26,3,3,3,1,1,,,1,,,,3,,"Bereg, Sergey",,,,,,sxb027100,sergey bereg,Discrete Mathematics for Computing I 
CS,2305,HN1,9,26,,,,,,,,,,,1,,,,,,"Bereg, Sergey",,,,,,sxb027100,sergey bereg,Discrete Mathematics for Computing I 
CS,2336,001,6,8,4,3,,,3,2,1,,,,6,,1,,1,,"Nouroz Borazjany, Mehra",,,,,,mxn143230,mehra borazjany,Computer Science II 
CS,2336,002,4,10,7,17,8,1,,3,2,,,,,,,,,,"Satpute, Meghana N",,,,,,mns086000,meghana satpute,Computer Science II 
CS,2336,003,3,4,3,8,5,2,2,1,1,2,4,,6,,,,2,,"Feng, Ranran",,,,,,rxf090020,ranran feng,Computer Science II 
CS,2336,004,5,14,4,25,5,1,5,2,,,,,,,,,,,"Satpute, Meghana N",,,,,,mns086000,meghana satpute,Computer Science II 
CS,2336,005,5,7,11,4,8,4,5,4,,,,2,1,,,,1,,"Feng, Ranran",,,,,,rxf090020,ranran feng,Computer Science II 
CS,2336,006,3,17,15,5,5,10,1,5,,2,,2,,,,,,,"Veerasamy, Jeyakesavan",,,,,,veerasam,jeyakesavan veerasamy,Computer Science II 
CS,2336,007,1,6,2,5,4,4,2,8,2,2,2,,4,,,,4,,"Smith, Jason W",,,,,,jws130830,jason smith,Computer Science II 
CS,2336,008,4,8,15,5,10,8,,1,,5,3,,,,,,2,,"Darbari, Parisa",,,,,,dal776869,parisa darbari,Computer Science II 
CS,2336,009,11,21,6,3,9,2,,2,1,1,2,,2,,,,,,"Chappidi, Sruthi","Feng, Ranran",,,,,sxc105920,sruthi chappidi,Computer Science II 
CS,2336,010,3,2,5,4,14,2,3,8,,2,2,,2,,,,5,,"Smith, Jason W",,,,,,jws130830,jason smith,Computer Science II 
CS,2336,011,3,10,14,8,7,3,1,1,,,2,,7,,,,1,,"Nouroz Borazjany, Mehra",,,,,,mxn143230,mehra borazjany,Computer Science II 
CS,2336,012,2,17,5,6,14,4,5,2,,,,2,,,,,3,,"Chappidi, Sruthi","Veerasamy, Jeyakesavan",,,,,sxc105920,sruthi chappidi,Computer Science II 
CS,2337,002,18,10,14,6,6,3,2,4,,,,,,,,,2,,"Veerasamy, Jeyakesavan",,,,,,veerasam,jeyakesavan veerasamy,Computer Science II 
CS,2337,003,4,18,6,6,11,2,5,1,,2,,,3,,1,,5,,"Smith, Jason W",,,,,,jws130830,jason smith,Computer Science II 
CS,2337,0W1,6,24,9,9,1,4,2,,1,,1,,1,,,,2,,"Dollinger, Scott M",,,,,,smd013000,scott dollinger,Computer Science II 
CS,2340,001,4,8,6,9,9,4,5,2,2,1,,,1,,,,11,,"Jaffal, Wafa",,,,,,wxj210000,wafa jaffal,Computer Architecture 
CS,2340,002,1,4,6,4,6,5,5,2,6,1,5,,7,,,,6,,"Wang, Alice",,,,,,axw230018,alice wang,Computer Architecture 
CS,2340,003,6,11,4,6,5,6,9,1,3,,,,,,,,6,,"Jaffal, Wafa",,,,,,wxj210000,wafa jaffal,Computer Architecture 
CS,2340,004,3,10,4,5,6,7,3,6,5,1,3,,5,,1,,1,,"Wang, Alice",,,,,,axw230018,alice wang,Computer Architecture 
CS,2340,006,6,3,3,7,9,3,9,5,2,1,5,,2,,,,2,,"Wang, Alice",,,,,,axw230018,alice wang,Computer Architecture 
CS,2340,007,1,11,9,7,1,1,1,1,,,7,,1,,,,2,,"Nguyen, Nhut",,,,,,nhutnn,nhut nguyen,Computer Architecture 
CS,2340,009,,10,7,6,7,7,1,6,3,2,7,,4,,,,7,,"Zhao, Yi",,,,,,zhao,yi zhao,Computer Architecture 
CS,2340,501,7,6,3,6,7,7,5,4,4,1,3,,4,,,,4,,"Wang, Alice",,,,,,axw230018,alice wang,Computer Architecture 
CS,2340,502,1,7,4,5,1,4,1,1,,1,1,,3,,,,2,,"Nguyen, Nhut",,,,,,nhutnn,nhut nguyen,Computer Architecture 
CS,3162,051,101,9,12,8,9,,,1,,,,,,,,,1,,"Cole, John P",,,,,,jxc064000,john cole,Professional Responsibility in Computer Science and Software Engineering 
CS,3162,052,77,11,10,16,8,1,,4,,,,,1,,,,1,,"Cole, John P",,,,,,jxc064000,john cole,Professional Responsibility in Computer Science and Software Engineering 
CS,3162,091,24,65,10,10,16,6,,7,1,,,,,,,,,,"Cole, John P",,,,,,jxc064000,john cole,Professional Responsibility in Computer Science and Software Engineering 
CS,3162,092,12,37,11,15,20,13,7,8,1,,1,,2,,1,,,,"Cole, John P",,,,,,jxc064000,john cole,Professional Responsibility in Computer Science and Software Engineering 
CS,3341,001,7,9,8,9,11,10,5,7,3,,2,,3,,,,2,,"Guo, Huizhen","Pathirana, Menu H",,,,,hxg190020,huizhen guo,Probability and Statistics in Computer Science and Software Engineering 
CS,3341,002,35,9,17,10,6,4,2,1,1,1,,1,3,,,,4,,"Chandra, Noirrit K","Kim, Jimi",,,,,nxc220031,noirrit chandra,Probability and Statistics in Computer Science and Software Engineering 
CS,3341,003,5,11,7,12,1,1,1,5,5,,,,2,,,,,,"Guo, Huizhen","Pathirana, Menu H",,,,,hxg190020,huizhen guo,Probability and Statistics in Computer Science and Software Engineering 
CS,3341,004,1,10,1,13,8,4,3,4,4,,,1,,,,,1,,"Guo, Huizhen","Pathirana, Menu H",,,,,hxg190020,huizhen guo,Probability and Statistics in Computer Science and Software Engineering 
CS,3341,005,2,3,2,7,3,,3,7,2,4,2,,7,,,,5,,"Jiang, Shengjie","Akter, Rozina",,,,,sxj220069,shengjie jiang,Probability and Statistics in Computer Science and Software Engineering 
CS,3341,006,6,5,3,2,10,7,12,1,2,,1,,,,,,,,"Smiley, Octavious","Jannaty, Most Salma Y",,,,,oxs230011,octavious smiley,Probability and Statistics in Computer Science and Software Engineering 
CS,3341,007,5,6,5,2,10,4,4,3,,,2,1,7,,,,,,"Jiang, Shengjie","Akter, Rozina",,,,,sxj220069,shengjie jiang,Probability and Statistics in Computer Science and Software Engineering 
CS,3341,008,3,6,8,3,4,4,11,5,,2,,,1,,,,2,,"Smiley, Octavious","Jannaty, Most Salma Y",,,,,oxs230011,octavious smiley,Probability and Statistics in Computer Science and Software Engineering 
CS,3341,HWN,7,4,7,8,2,1,2,2,,,,,,,1,,,,"Haas, Zygmunt J",,,,,,zjh130030,zygmunt haas,Probability and Statistics in Computer Science and Software Engineering 
CS,3345,001,,10,,9,15,,7,16,,,5,,,,,,1,,"Darbari, Parisa","Kadosh, Daniel",,,,,dal776869,parisa darbari,Data Structures and Foundations of Algorithmic Analysis 
CS,3345,002,14,6,5,6,7,4,,8,,,3,,4,,,,1,,"Hamdy, Omar Mohamed","Kadosh, Daniel",,,,,oxh210004,omar hamdy,Data Structures and Foundations of Algorithmic Analysis 
CS,3345,003,,18,,14,15,,3,8,,,3,,1,,,,1,,"Darbari, Parisa","Kadosh, Daniel",,,,,dal776869,parisa darbari,Data Structures and Foundations of Algorithmic Analysis 
CS,3345,005,3,5,7,11,14,3,5,5,,,,,3,,,,3,,"Desmedt, Yvo G",,,,,,ygd120030,yvo desmedt,Data Structures and Foundations of Algorithmic Analysis 
CS,3345,006,3,7,6,14,10,4,6,1,1,,,,,,,,,,"Satpute, Meghana N",,,,,,mns086000,meghana satpute,Data Structures and Foundations of Algorithmic Analysis 
CS,3345,007,,9,,7,12,,4,9,,2,1,,2,,,,3,,"Darbari, Parisa","Kadosh, Daniel",,,,,dal776869,parisa darbari,Data Structures and Foundations of Algorithmic Analysis 
CS,3345,008,14,2,6,7,8,11,,2,,,1,,,,2,,1,,"Lin, Beiyu",,,,,,dal207602,,Data Structures and Foundations of Algorithmic Analysis 
CS,3345,501,9,15,10,4,6,6,,9,,,4,,3,,,,,,"Hamdy, Omar Mohamed","Kadosh, Daniel",,,,,oxh210004,omar hamdy,Data Structures and Foundations of Algorithmic Analysis 
CS,3345,502,2,12,5,4,15,3,3,9,2,,4,,2,,,,,,"Khan, Kamran Z",,,,,,kkhan,ziaullah khan,Data Structures and Foundations of Algorithmic Analysis 
CS,3345,503,4,10,5,5,8,4,2,7,3,,2,,1,,,,1,,"Khan, Kamran Z",,,,,,kkhan,ziaullah khan,Data Structures and Foundations of Algorithmic Analysis 
CS,3345,HON,10,5,8,3,,1,3,,,,,1,1,,,,,,"Nemec, Andrew S","Kadosh, Daniel",,,,,dal957114,andrew nemec,Data Structures and Foundations of Algorithmic Analysis 
CS,3354,001,,4,16,9,10,10,3,,1,,,,1,,,,3,,"Nouroz Borazjany, Mehra",,,,,,mxn143230,mehra borazjany,Software Engineering 
CS,3354,002,,13,8,11,19,2,,2,,,,,,,,,,,"Maweu, Barbara",,,,,,bmk101020,barbara maweu,Software Engineering 
CS,3354,003,,5,15,12,10,6,1,2,2,,1,,,,,,2,,"Nouroz Borazjany, Mehra",,,,,,mxn143230,mehra borazjany,Software Engineering 
CS,3354,004,,23,10,10,13,2,1,,1,,,,,,,,,,"Maweu, Barbara",,,,,,bmk101020,barbara maweu,Software Engineering 
CS,3354,005,4,13,11,5,7,5,2,2,1,,,1,,,,,1,,"Narayanasami, Priya",,,,,,pxn173330,priya narayanasami,Software Engineering 
CS,3354,006,,18,10,7,16,1,3,2,,,,,1,,,,,,"Maweu, Barbara",,,,,,bmk101020,barbara maweu,Software Engineering 
CS,3354,007,2,7,14,4,7,9,2,3,1,2,,1,,,,,,,"Hossain, Soneya Binta","Rivera Sanchez, Cynthia M",,,,,dal124668,,Software Engineering 
CS,3354,008,1,18,9,7,16,2,2,,,,,,,,,,,,"Maweu, Barbara",,,,,,bmk101020,barbara maweu,Software Engineering 
CS,3354,009,10,22,21,4,1,1,1,,,,,,2,,,,1,,"Nguyen, Tien N",,,,,,tnn160630,tien nguyen,Software Engineering 
CS,3377,001,1,3,9,5,11,11,6,4,3,,,2,2,,,,,,"Min, Richard K",,,,,,rkm010300,richard min,Systems Programming in UNIX and Other Environments 
CS,3377,002,8,16,11,6,6,3,5,2,,,,,,,3,,1,,"Lin, Beiyu",,,,,,dal207602,,Systems Programming in UNIX and Other Environments 
CS,3377,003,8,10,9,5,10,10,2,7,,,1,,2,,,,1,,"Veerasamy, Jeyakesavan",,,,,,veerasam,jeyakesavan veerasamy,Systems Programming in UNIX and Other Environments 
CS,3377,004,7,8,5,8,5,6,6,5,3,6,3,2,,,,,,,"Veerasamy, Jeyakesavan",,,,,,veerasam,jeyakesavan veerasamy,Systems Programming in UNIX and Other Environments 
CS,3377,0W1,12,22,7,8,8,,3,,1,,,,,,,,1,,"Dollinger, Scott M",,,,,,smd013000,scott dollinger,Systems Programming in UNIX and Other Environments 
CS,3377,0W2,1,7,10,10,9,6,9,5,,,,1,1,,,,3,,"Min, Richard K","Rajasekharan, Abhiramon",,,,,rkm010300,richard min,Systems Programming in UNIX and Other Environments 
CS,3377,0W3,8,25,9,2,8,2,2,1,,,,,1,,,,1,,"Dollinger, Scott M",,,,,,smd013000,scott dollinger,Systems Programming in UNIX and Other Environments 
CS,3377,502,11,19,4,5,6,3,,1,1,,,2,6,,,,3,,"Belkoura, Mohamed Amine",,,,,,mxb135330,mohamed amine belkoura,Systems Programming in UNIX and Other Environments 
CS,4141,101,6,5,3,1,2,1,1,,,,,,,,,,,,"Becker, Eric W","Rouhani, Hamid",,,,,ewb160130,eric becker,Digital Systems Laboratory 
CS,4141,102,12,3,2,,,1,,,,,,,1,,,,,,"Becker, Eric W","Yan, Shuo",,,,,ewb160130,eric becker,Digital Systems Laboratory 
CS,4141,103,10,6,,1,1,1,,,,,1,,,,,,,,"Becker, Eric W","Pham, To Kim Bao",,,,,ewb160130,eric becker,Digital Systems Laboratory 
CS,4141,104,13,3,2,,1,,,,,,,,,,,,,,"Becker, Eric W","Pham, To Kim Bao",,,,,ewb160130,eric becker,Digital Systems Laboratory 
CS,4141,105,14,2,1,2,,,,,,,,,,,,,,,"Becker, Eric W","Bhuiyan, Hasnat Jamil",,,,,ewb160130,eric becker,Digital Systems Laboratory 
CS,4141,106,3,7,7,2,,,1,,,,,,,,,,,,"Becker, Eric W","Rouhani, Hamid",,,,,ewb160130,eric becker,Digital Systems Laboratory 
CS,4141,107,7,9,3,,1,,,,,,,,,,,,,,"Becker, Eric W","Cai, Yuchen",,,,,ewb160130,eric becker,Digital Systems Laboratory 
CS,4141,108,7,5,2,2,1,,2,,,1,,,,,,,,,"Becker, Eric W","Rouhani, Hamid",,,,,ewb160130,eric becker,Digital Systems Laboratory 
CS,4141,109,6,3,5,3,1,,,,,,,,2,,,,,,"Becker, Eric W","Cai, Yuchen",,,,,ewb160130,eric becker,Digital Systems Laboratory 
CS,4141,110,12,4,2,,1,,,,,,,,1,,,,,,"Becker, Eric W","Pham, To Kim Bao",,,,,ewb160130,eric becker,Digital Systems Laboratory 
CS,4141,111,11,9,,,,,,,,,,,,,,,,,"Becker, Eric W","Rouhani, Hamid",,,,,ewb160130,eric becker,Digital Systems Laboratory 
CS,4141,112,7,10,1,2,,,,,,,,,,,,,,,"Becker, Eric W","Rouhani, Hamid",,,,,ewb160130,eric becker,Digital Systems Laboratory 
CS,4141,113,13,5,,,,,,1,,,,,,,,,,,"Becker, Eric W","Yan, Shuo",,,,,ewb160130,eric becker,Digital Systems Laboratory 
CS,4141,114,6,5,2,1,2,2,,,,,,,1,,,,,,"Becker, Eric W","Cai, Yuchen",,,,,ewb160130,eric becker,Digital Systems Laboratory 
CS,4141,115,9,5,2,1,1,,,1,,,,,1,,,,,,"Becker, Eric W","Pham, To Kim Bao",,,,,ewb160130,eric becker,Digital Systems Laboratory 
CS,4141,116,12,4,2,,,,1,,,,,,,,,,,,"Becker, Eric W","Rouhani, Hamid",,,,,ewb160130,eric becker,Digital Systems Laboratory 
CS,4141,117,13,4,1,,,,,,,,,,,,,,,,"Becker, Eric W","Bhuiyan, Hasnat Jamil",,,,,ewb160130,eric becker,Digital Systems Laboratory 
CS,4141,118,4,3,1,2,,1,2,,,,,,,,,,,,"Becker, Eric W","Pham, To Kim Bao",,,,,ewb160130,eric becker,Digital Systems Laboratory 
CS,4141,119,5,4,4,4,,1,,,1,,,,,,,,,,"Becker, Eric W","Cai, Yuchen",,,,,ewb160130,eric becker,Digital Systems Laboratory 
CS,4141,601,8,6,2,,1,,,1,,,,,2,,,,,,"Becker, Eric W","Pham, To Kim Bao",,,,,ewb160130,eric becker,Digital Systems Laboratory 
CS,4141,602,16,4,,,,,,,,,,,,,,,,,"Becker, Eric W","Bhuiyan, Hasnat Jamil",,,,,ewb160130,eric becker,Digital Systems Laboratory 
CS,4141,603,12,4,2,2,,,,,,,,,,,,,,,"Becker, Eric W","Yan, Shuo",,,,,ewb160130,eric becker,Digital Systems Laboratory 
CS,4141,604,15,2,,1,,,,,,,,,,,,,,,"Becker, Eric W","Bhuiyan, Hasnat Jamil",,,,,ewb160130,eric becker,Digital Systems Laboratory 
CS,4141,605,6,4,3,,1,2,,,1,,,,,,,,,,"Becker, Eric W","Cai, Yuchen",,,,,ewb160130,eric becker,Digital Systems Laboratory 
CS,4141,606,14,2,1,2,,,,1,,,,,,,,,,,"Becker, Eric W","Bhuiyan, Hasnat Jamil",,,,,ewb160130,eric becker,Digital Systems Laboratory 
CS,4141,607,9,5,4,,,1,,,1,,,,,,,,,,"Becker, Eric W","Yan, Shuo",,,,,ewb160130,eric becker,Digital Systems Laboratory 
CS,4141,608,10,8,1,1,,,,,,,,,,,,,,,"Becker, Eric W","Bhuiyan, Hasnat Jamil",,,,,ewb160130,eric becker,Digital Systems Laboratory 
CS,4141,609,,6,5,2,2,3,,,,,,,,,,,,,"Becker, Eric W","Cai, Yuchen",,,,,ewb160130,eric becker,Digital Systems Laboratory 
CS,4141,610,8,5,,1,1,1,1,,,,,,,,1,,,,"Becker, Eric W","Yan, Shuo",,,,,ewb160130,eric becker,Digital Systems Laboratory 
CS,4301,001,2,6,16,10,4,,,,,,,,1,,,,,,"Saifullah, Abusayeed","Zheng, Max",,,,,dal012580,,Special Topics in Computer Science 
CS,4301,002,1,8,11,,,,,,,,,,,,,,,,"Daescu, Ovidiu",,,,,,daescu,ovidiu daescu,Special Topics in Computer Science 
CS,4314,501,10,23,16,11,4,3,,1,,,,,,,,,1,,"Golden, Richard M","Hosseinpourkhoshkbari, Reyhaneh",,,,,golden,richard golden,Intelligent Systems Analysis 
CS,4337,001,,,5,8,16,12,5,12,1,1,,1,3,,1,,2,,"Salazar, Elmer E","Yang, Yi","Su, Ke",,,,ees101020,elmer salazar,Programming Language Paradigms 
CS,4337,002,4,21,10,5,8,3,8,3,2,3,2,,1,,,,,,"Zhao, Yi","Rath, Avilash S","Rivera Sanchez, Cynthia M",,,,zhao,yi zhao,Programming Language Paradigms 
CS,4337,003,2,18,12,10,6,7,2,5,6,,3,,4,,,,1,,"Karami, Gity","Johora, Fatema Tuj","Pickering, Korey A",,,,gxk180009,gity karami,Programming Language Paradigms 
CS,4337,004,,23,8,7,12,11,5,6,6,1,1,,,,,,,,"Karami, Gity","Johora, Fatema Tuj","Pickering, Korey A",,,,gxk180009,gity karami,Programming Language Paradigms 
CS,4337,005,5,13,7,4,15,6,5,5,4,5,3,,2,,,,1,,"Zhao, Yi","Li, Ruochen",,,,,zhao,yi zhao,Programming Language Paradigms 
CS,4337,006,,6,5,6,11,10,12,10,1,2,2,2,9,,,,3,,"Salazar, Elmer E","Soman, Shreya V",,,,,ees101020,elmer salazar,Programming Language Paradigms 
CS,4337,007,3,11,12,13,6,7,7,1,5,,2,,2,,,,1,,"Karami, Gity","Johora, Fatema Tuj","Pickering, Korey A",,,,gxk180009,gity karami,Programming Language Paradigms 
CS,4337,501,1,9,12,9,6,11,8,9,6,3,1,,1,,,,,,"Davis, Chris I","Li, Tingxi","Xu, Zexin",,,,cid021000,chris davis,Programming Language Paradigms 
CS,4337,502,9,13,2,6,8,6,9,4,4,3,6,1,2,,,,3,,"Omer, Jalal S",,,,,,jso016000,jalal omer,Programming Language Paradigms 
CS,4341,001,15,9,9,8,6,7,,8,,,5,,5,,,,3,,"Hamdy, Omar Mohamed",,,,,,oxh210004,omar hamdy,Digital Logic and Computer Design 
CS,4341,003,38,14,4,3,6,1,,1,1,,,,1,,,,,,"Becker, Eric W",,,,,,ewb160130,eric becker,Digital Logic and Computer Design 
CS,4341,004,3,8,2,3,15,6,2,15,5,7,3,2,1,,,,1,,"Cankaya, Ebru","Hasan, Amber M",,,,,exc067000,ebru cankaya,Digital Logic and Computer Design 
CS,4341,005,3,13,8,14,15,5,8,1,1,1,,,,,,,,,"Jaffal, Wafa","Zokhidov, Anvar",,,,,wxj210000,wafa jaffal,Digital Logic and Computer Design 
CS,4341,006,6,11,6,5,12,2,8,7,5,2,2,,7,,,,,,"Cankaya, Ebru","Ahmed, Sabbir","Hasan, Amber M",,,,exc067000,ebru cankaya,Digital Logic and Computer Design 
CS,4341,007,8,20,4,17,14,4,4,3,1,,,,,,,,,,"Jaffal, Wafa","Jia, Difan",,,,,wxj210000,wafa jaffal,Digital Logic and Computer Design 
CS,4341,501,32,14,11,1,,2,1,2,1,1,,,1,,1,,,,"Becker, Eric W",,,,,,ewb160130,eric becker,Digital Logic and Computer Design 
CS,4341,502,18,9,3,7,8,3,,13,,,5,,3,,,,1,,"Hamdy, Omar Mohamed",,,,,,oxh210004,omar hamdy,Digital Logic and Computer Design 
CS,4347,001,11,5,9,6,16,1,5,5,9,3,2,,,,,,1,,"Omer, Jalal S","Celiktug, Mestan Firat","Ononto, Akib J",,,,jso016000,jalal omer,Database Systems 
CS,4347,002,1,15,17,8,20,7,5,6,1,1,,,1,,,,3,,"Khan, Kamran Z","Bhavsar, Maitry","Koleoso, Oyindamola",,,,kkhan,ziaullah khan,Database Systems 
CS,4347,003,3,6,10,8,4,7,9,6,11,,,,,,,,,,"Davis, Chris I","Saha, Ramkrishna",,,,,cid021000,chris davis,Database Systems 
CS,4347,004,12,2,8,8,2,5,7,10,5,2,5,,1,,,,2,,"Omer, Jalal S","Ononto, Akib J",,,,,jso016000,jalal omer,Database Systems 
CS,4347,005,3,9,10,7,8,13,5,9,4,,,,1,,,,3,,"Davis, Chris I","Rong, Xiaokai",,,,,cid021000,chris davis,Database Systems 
CS,4347,006,10,13,10,4,13,6,3,2,1,1,,,2,,,,,,"Peterson, Erik A",,,,,,eap190004,erik peterson,Database Systems 
CS,4347,007,9,4,6,8,10,6,7,5,,3,2,,,,,,,,"Omer, Jalal S","Ailneni, Rakshitha Rao",,,,,jso016000,jalal omer,Database Systems 
CS,4347,008,1,15,6,15,12,10,8,6,2,,,,,,,,,,"Davis, Chris I","Zhang, Baoming",,,,,cid021000,chris davis,Database Systems 
CS,4347,009,6,15,10,12,9,5,1,2,1,,,,,,,,1,,"Peterson, Erik A",,,,,,eap190004,erik peterson,Database Systems 
CS,4348,002,24,16,4,7,3,1,2,1,1,,4,,3,,,,2,,"Kim, Chung Hwan","Xu, Ruoyu",,,,,cxk200010,,Operating Systems Concepts 
CS,4348,003,5,6,15,8,7,5,6,2,3,1,1,,2,,,,3,,"Alagar, Sridhar",,,,,,sxa173731,sridhar alagar,Operating Systems Concepts 
CS,4348,004,1,6,7,8,13,8,4,1,3,2,3,1,1,,1,,2,,"Gupta, Neeraj K","Li, Congzhou","Li, Xinpeng","Yang, Yi",,,nkg140130,neeraj gupta,Operating Systems Concepts 
CS,4348,501,2,2,5,7,13,2,2,5,2,1,1,2,2,,,,1,,"Gupta, Neeraj K","Li, Congzhou","Li, Xinpeng","Yang, Yi",,,nkg140130,neeraj gupta,Operating Systems Concepts 
CS,4348,502,,28,10,9,7,4,2,2,1,,1,,2,,,,,,"Salazar, Elmer E","Tang, Xulong","Zhao, Yichen",,,,ees101020,elmer salazar,Operating Systems Concepts 
CS,4348,503,1,5,5,3,22,8,3,3,1,5,,,2,,,,2,,"Gupta, Neeraj K","Li, Congzhou","Li, Xinpeng","Yang, Yi",,,nkg140130,neeraj gupta,Operating Systems Concepts 
CS,4348,504,,5,23,17,13,2,3,,,,,,2,,,,1,,"Salazar, Elmer E","Zhao, Yichen",,,,,ees101020,elmer salazar,Operating Systems Concepts 
CS,4348,HON,,10,2,7,1,,,1,,,,,,,,,,,"Prakash, Ravi","Miao, Miao",,,,,ravip,ravi prakash,Operating Systems Concepts 
CS,4349,001,7,11,11,16,16,9,7,,2,,,,,,,,1,,"Erbatur, Serdar",,,,,,sxe190003,serdar erbatur,Advanced Algorithm Design and Analysis 
CS,4349,002,3,5,12,8,13,10,5,9,6,3,1,1,1,,,,,,"Willson, James","Wu, Peilin",,,,,jkw053000,james willson,Advanced Algorithm Design and Analysis 
CS,4349,003,5,12,14,14,12,13,8,1,,,,,,,,,1,,"Erbatur, Serdar",,,,,,sxe190003,serdar erbatur,Advanced Algorithm Design and Analysis 
CS,4349,004,1,10,10,14,9,9,5,3,6,4,1,2,3,,,,2,,"Willson, James","Rachamadugu, Rohan Vishal",,,,,jkw053000,james willson,Advanced Algorithm Design and Analysis 
CS,4349,005,3,12,8,8,11,10,7,7,1,2,1,1,1,,,,5,,"Jue, Jason P","Bose, Agastya",,,,,jjue,jason jue,Advanced Algorithm Design and Analysis 
CS,4349,006,2,1,3,10,11,4,,1,1,2,,,1,,,,,,"Chitturi, Bhadrachalam",,,,,,chalam,chitturi bhadrachalam,Advanced Algorithm Design and Analysis 
CS,4349,007,3,6,7,9,1,1,5,10,4,2,1,,,,,,1,,"Chitturi, Bhadrachalam",,,,,,chalam,chitturi bhadrachalam,Advanced Algorithm Design and Analysis 
CS,4349,008,3,11,11,15,19,7,8,2,1,,1,,2,,,,,,"Erbatur, Serdar",,,,,,sxe190003,serdar erbatur,Advanced Algorithm Design and Analysis 
CS,4349,HON,1,6,2,4,1,,1,,,,,,1,,,,,,"Willson, James",,,,,,jkw053000,james willson,Advanced Algorithm Design and Analysis 
CS,4352,001,,38,9,8,9,7,4,2,,,,1,,,,,,,"Kim, Jin Ryong","Honrales, Daniel","Bhardwaj, Ayush","Pratap, Ashish",,,jrk200002,jin ryong kim,Introduction to Human-Computer Interaction 
CS,4352,002,,26,14,12,13,8,2,2,,,,,,,,,,,"He, Liang","Wen, Yili",,,,,dal104085,,Introduction to Human-Computer Interaction 
CS,4361,001,4,27,5,9,20,3,4,5,,,,,,,,,1,,"Kumar, Pushpa S","Zhang, Jiahui",,,,,pkumar,pushpa kumar,Computer Graphics 
CS,4361,002,4,19,16,9,4,8,4,2,,,,1,1,,,,3,,"Guo, Xiaohu","Khatami, Alireza",,,,,xxg061000,xiaohu guo,Computer Graphics 
CS,4361,003,2,6,7,4,3,1,1,1,2,,,,,,1,,4,,"Zhang, Congyi","Li, Yuan",,,,,dal863969,,Computer Graphics 
CS,4365,002,13,21,13,12,6,2,2,2,,,,,2,,,,1,,"Schweitzer, Haim","Mao, Wei",,,,,haim,haim schweitzer,Artificial Intelligence 
CS,4365,003,1,2,9,8,11,14,10,8,1,,,2,2,,,,1,,"Min, Richard K","Rajasekharan, Abhiramon","Rath, Avilash S",,,,rkm010300,richard min,Artificial Intelligence 
CS,4365,004,16,27,16,12,4,1,,1,,,,1,,,1,,,,"Guo, Yunhui","Maharana, Sarthak K",,,,,yxg220013,yunhui guo,Artificial Intelligence 
CS,4371,001,,42,14,70,15,5,,,,,,,,,,,,,"Khan, Latifur R","Saha, Pritom K","Yang, Zhiyu",,,,lkhan,latifur khan,Introduction to Big Data Management and Analytics 
CS,4372,501,10,15,35,31,24,15,6,,1,1,,,1,,,,,,"Nagar, Anurag","Yang, Haoyuan",,,,,axn112530,anurag nagar,Computational Methods for Data Scientists 
CS,4375,001,11,11,15,15,9,9,4,1,2,,1,,1,,,,,,"Nagar, Anurag","Golivand Darvishvand, Fateme",,,,,axn112530,anurag nagar,Introduction to Machine Learning 
CS,4375,002,,12,9,17,6,4,3,1,1,,,,12,,,,8,,"Ruozzi, Nicholas R","Vyas, Akshay",,,,,nrr150130,nicholas ruozzi,Introduction to Machine Learning 
CS,4375,004,25,24,7,6,2,2,2,1,,1,,1,1,,,,4,,"Yang, Wei","Li, Tingxi","Xu, Zexin",,,,wxy180002,wei yang,Introduction to Machine Learning 
CS,4375,501,14,27,17,10,20,5,,4,1,,,1,,,,,1,,"Khan, Kamran Z","Bhavsar, Maitry",,,,,kkhan,ziaullah khan,Introduction to Machine Learning 
CS,4375,HON,1,4,2,2,3,,1,,,,,,,,,,1,,"Ng, Yu Chung Vincent","Kang, Dingyi",,,,,ycn041000,vincent ng,Introduction to Machine Learning 
CS,4376,001,2,5,,1,10,,2,5,1,,,2,2,,,,8,,"Zalila-Wenkstern, Rym","Farin, Mashiat Amin",,,,,rmili,rym zalila wenkstern,Object-Oriented Design 
CS,4376,002,2,4,3,3,5,4,6,4,1,2,1,,,,,,1,,"Paulk, Mark C","Farin, Mashiat Amin","Chen, Zizhao",,,,mcp130030,mark paulk,Object-Oriented Design 
CS,4384,001,,2,2,7,12,12,7,6,5,5,3,3,4,,,,3,,"Ntafos, Simeon C","Zhang, Qifan",,,,,ntafos,simeon ntafos,Automata Theory 
CS,4384,002,11,13,13,,22,,7,4,1,,1,,1,,,,2,,"Gupta, Gopal","Kimbrell, Keegan M",,,,,gupta,gopal gupta,Automata Theory 
CS,4384,003,4,8,10,14,8,13,7,4,3,,,,2,,,,2,,"Huynh, Dung T","Nguyen, Dang-Khoa",,,,,huynh,dung huynh,Automata Theory 
CS,4384,501,,,,2,5,8,6,9,9,2,4,,9,,,,2,,"Ntafos, Simeon C","Ou, Yuzhe",,,,,ntafos,simeon ntafos,Automata Theory 
CS,4384,502,35,20,10,8,8,3,2,2,,,,,1,,,,1,,"Stallbohm, Zachary E","Xu, Ouyang",,,,,zxs110030,zach stallbohm,Automata Theory 
CS,4384,503,18,19,13,10,2,3,9,8,,,,,,,3,,1,,"Lin, Beiyu","Song, Xiaoyu",,,,,dal207602,,Automata Theory 
CS,4386,001,11,19,9,6,14,6,5,2,1,4,,1,5,,,,9,,"Wei, Shiyi","Ahmed, Meah T","Huffstutler, Jackson B",,,,sxw174630,shiyi wei,Compiler Design 
CS,4389,001,4,7,2,14,26,6,5,7,1,,2,,,,,,1,,"Cankaya, Ebru","Balaji, Varun",,,,,exc067000,ebru cankaya,Data and Applications Security 
CS,4390,002,4,5,9,11,11,13,7,3,,2,2,1,1,,,,9,,"Karim, Imtiaz","Bhuiyan, Mashroor Hasan",,,,,dal673528,,Computer Networks 
CS,4390,004,,29,,,24,,,6,,,,,,,,,,,"Wang, Jinwen",,,,,,dal544587,,Computer Networks 
CS,4390,0W1,2,5,3,4,7,5,10,2,4,2,,1,1,,,,1,,"Haas, Zygmunt J","Nik Khah, Arman",,,,,zjh130030,zygmunt haas,Computer Networks 
CS,4390,501,16,11,11,13,11,20,1,1,,,,,1,,,,,,"Hao, Shuang","Vaille, Ciaran A",,,,,sxh178730,shuang hao,Computer Networks 
CS,4390,502,14,14,9,11,12,17,1,,,,,,,,,,,,"Hao, Shuang","Vaille, Ciaran A",,,,,sxh178730,shuang hao,Computer Networks 
CS,4391,001,,8,8,13,21,13,7,2,,,2,,,,,,3,,"Tian, Yapeng","Deng, Shijian",,,,,yxt220013,yapeng tian,Introduction to Computer Vision 
CS,4392,001,27,20,7,8,6,3,3,,,,,,1,,,,2,,"Feng, Ranran","Zhao, Ziyi",,,,,rxf090020,ranran feng,Computer Animation 
CS,4393,001,3,19,4,5,2,6,3,2,2,1,1,,1,,,,3,,"Nguyen, Nhut","Huffstutler, Jackson B",,,,,nhutnn,nhut nguyen,Computer and Network Security 
CS,4395,001,54,14,6,3,,1,,,,,,,,,,,,,"Chen, Zhiyu","Zhang, Mian",,,,,zxc230011,zhiyu chen,Human Language Technologies 
CS,4485,0W1,120,227,63,17,20,6,4,2,2,,,,2,,,,1,,"Razo-Razo, Miguel Angel","Nguyen, Nhut","Sarac, Selim","Cole, John P","Ikram, Muhammad Z","Prakash, Ravi",mrazora,miguel razo,Computer Science Project 
CS,5303,001,,23,7,7,3,2,1,,,,,,,,1,,,,"Becker, Eric W",,,,,,ewb160130,eric becker,Computer Science I 
CS,5330,001,,10,,,,,,,,,,,,,,,,,"Zhao, Yi",,,,,,zhao,yi zhao,Computer Science II 
CS,5333,001,,4,1,2,5,2,,1,,,,,1,,1,,2,,"Cobb, Jorge A",,,,,,jcobb,jorge cobb,Discrete Structures 
CS,5343,001,,7,,4,12,,,4,,,,,1,,,,1,,"Gupta, Neeraj K",,,,,,nkg140130,neeraj gupta,Algorithm Analysis and Data Structures 
CS,5348,001,,16,2,4,6,,5,2,,,,,,,,,2,,"Alagar, Sridhar",,,,,,sxa173731,sridhar alagar,Operating Systems Concepts 
CS,6301,001,,25,13,2,,,,1,,,,,,,,,1,,"Ding, Yi","Yan, Xiao",,,,,yxd230004,yi ding,Special Topics in Computer Science 
CS,6301,002,,70,4,4,1,,,,,,,,,,,,,,"Wang, Xinda","Qi, Weiliang",,,,,xxw230005,xinda wang,Special Topics in Computer Science 
CS,6301,003,,13,,,,,,,,,,,,,,,,,"Ricks, Brian",,,,,,bwr031000,brian ricks,Special Topics in Computer Science 
CS,6303,0W1,,36,1,,2,,2,2,,,,,1,,,,1,,"Cankaya, Ebru","Veerabathini, Mohit Vykuntham","Averill, Matthew C",,,,exc067000,ebru cankaya,Cyber Security Essentials for Practitioners 
CS,6304,001,,6,2,1,,,,,,,,,,,,,2,,"Li, Bingzhe","Guo, Bin",,,,,bxl230006,bingzhe li,Computer Architecture 
CS,6304,002,,10,,1,2,,,,,,,,,,,,,,"Pedram, Hossein",,,,,,hxp220048,hossein pedram,Computer Architecture 
CS,6306,501,,20,8,2,2,1,,,,,,,,,,,,,"Ricks, Brian",,,,,,bwr031000,brian ricks,Cyber Security Analytics   Malware Analysis for Practitioners 
CS,6313,001,,31,14,12,18,9,4,1,,,,,,,,,,,"Tang, Xiwei","Taskin, Fariha",,,,,dal295425,xiwei tang,Statistical Methods for Data Science 
CS,6314,001,,67,22,2,2,1,,,,,,,,,,,,,"Karami, Gity","Truong, Nhat V",,,,,gxk180009,gity karami,Web Programming Languages 
CS,6320,001,,74,11,,,,,,,,,,,,,,,,"Du, Xinya",,,,,,xxd220001,xinya du,Natural Language Processing 
CS,6323,001,,33,7,,,1,,1,,,,,,,,,,,"Feng, Ranran","Li, Yuan",,,,,rxf090020,ranran feng,Computer Animation and Gaming 
CS,6326,001,,45,36,3,1,,,1,,,,,,,,,1,,"Alghofaili, Rawan","Wang, Yuxiao","Bhardwaj, Ayush",,,,rxa230065,rawan alghofaili,Human Computer Interactions 
CS,6332,001,,21,2,1,5,2,,2,,,,,1,,,,2,,"Jee, Kangkook",,,,,,kxj190011,kangkook jee,Systems Security and Binary Code Analysis 
CS,6335,001,,10,8,12,6,1,,1,,,,,,,,,1,,"Hamlen, Kevin W","Averill, Matthew C",,,,,kxh060100,kevin hamlen,Language-based Security 
CS,6341,001,,32,7,3,8,,2,1,,,,,,,,,1,,"Xiang, Yu","Casas Murillo, Luis F",,,,,yxx210005,yu xiang,Robotics 
CS,6343,001,,9,2,5,4,1,,,,,,,,,,,2,,"Yen, I-Ling","Miao, Miao",,,,,ilyen,yen i ling,Cloud Computing 
CS,6344,001,,30,9,1,10,1,,2,,,,,,,,,,,"Schweitzer, Haim","Kang, Dingyi",,,,,haim,haim schweitzer,Data Representations 
CS,6349,001,,10,14,5,23,4,,1,,,,,1,,,,,,"Sarac, Kamil","Mulka, Sai Tharun Reddy",,,,,kxs028100,kamil sarac,Network Security 
CS,6350,001,,7,11,4,1,1,,,,,,,,,,,,,"Nagar, Anurag","Miah, Md Sanaullah",,,,,axn112530,anurag nagar,Big Data Management and Analytics 
CS,6350,002,,12,22,17,9,,2,1,,,,,,,,,1,,"Nagar, Anurag","Miah, Md Sanaullah",,,,,axn112530,anurag nagar,Big Data Management and Analytics 
CS,6350,M01,,7,4,,,,,,,,,,,,,,,,"Nagar, Anurag",,,,,,axn112530,anurag nagar,
CS,6360,001,,55,7,6,3,2,1,,,,,,,,,,,,"Wu, Wei L","Zhou, Yisheng",,,,,wxw020100,weili wu,Database Design 
CS,6360,002,,72,4,5,5,1,,1,,,,,1,,,,1,,"Wu, Wei L","Mao, Dongyu","Zhou, Yisheng",,,,wxw020100,weili wu,Database Design 
CS,6363,002,,12,7,5,10,9,3,3,,,,,,,,,4,,"Chitturi, Bhadrachalam",,,,,,chalam,chitturi bhadrachalam,Design and Analysis of Computer Algorithms 
CS,6363,003,,21,13,9,11,7,6,,,,,,1,,1,,1,,"Huynh, Dung T","Hossain, Md Billal",,,,,huynh,dung huynh,Design and Analysis of Computer Algorithms 
CS,6364,001,,11,15,21,19,12,1,,,,,,,,1,,,,"Gogate, Vibhav G","Malhotra, Brij Gulsharan",,,,,vxg112130,vibhav gogate,Artificial Intelligence 
CS,6364,002,,27,28,24,2,1,,,,,,,,,,,,,"Min, Richard K","Rajasekharan, Abhiramon","Rath, Avilash S",,,,rkm010300,richard min,Artificial Intelligence 
CS,6375,001,,33,30,23,20,,,,,,,,2,,,,1,,"Rahman, Tahrima","Zhang, Yue",,,,,txr110830,tahrima rahman,Machine Learning 
CS,6375,002,,11,26,21,26,6,2,4,,,,,,,,,2,,"Iyer, Rishabh K","Pham, Truong Q",,,,,rki190000,rishabh iyer,Machine Learning 
CS,6377,001,,1,,,3,2,,1,,,,,1,,,,3,,"Desmedt, Yvo G",,,,,,ygd120030,yvo desmedt,Introduction to Cryptography 
CS,6378,001,,17,8,10,9,8,1,1,,,,,,,,,2,,"Mittal, Neeraj","Veerabathini, Mohit Vykuntham",,,,,nxm020100,neeraj mittal,Advanced Operating Systems 
CS,6382,001,,39,10,2,,,,,,,,,,,,,,,"Du, Ding Z","Su, Ke",,,,,dxd056000,ding zhu du,Theory of Computation 
CS,6390,001,,3,,8,11,3,,2,,,,,,,,,,,"Cobb, Jorge A","Mulka, Sai Tharun Reddy",,,,,jcobb,jorge cobb,Advanced Computer Networks 
CS,6396,001,,3,6,,2,4,,,,,,,,,,,1,,"Bastani, Farokh B","Miao, Miao",,,,,bastani,farokh bastani,Real-Time Systems 
CS,7301,001,,14,,2,,,,,,,,,,,,,,,"Chen, Feng",,,,,,fxc190007,feng chen,Recent Advances in Computing 
CS,7301,002,,22,2,,,,,,,,,,,,,,,,"Thuraisingham, Bhavani M","Ahmed, Sabbir",,,,,bxt043000,bhavani thuraisingham,Recent Advances in Computing 
CS,8V07,065,,,,,,,,,,,,,,,,,,13,"Khan, Latifur R",,,,,,lkhan,latifur khan,
DANC,1305,001,16,24,,4,3,,1,,,,,,,,,,,,"Johnson, Melissa A",,,,,,maj140430,melissa johnson,Introduction to World Dance Forms 
DANC,1305,HN1,4,16,1,3,,,,,,,,,,,,,,,"Saba, Monica M",,,,,,msaba,monica saba,Introduction to World Dance Forms 
DANC,1310,0H1,33,5,2,2,1,,,1,,,1,,3,,,,,,"De Jesus, Marquita S",,,,,,msd053000,marquita jesus,Understanding Dance 
DANC,1310,0H2,18,19,,3,3,,,,,,4,,,,,,,,"Duplantier, Hayley J",,,,,,hjd230000,hayley duplantier,Understanding Dance 
DANC,1310,0W1,7,29,,1,6,,1,3,,,1,,,,,,1,,"Johnson, Melissa A",,,,,,maj140430,melissa johnson,Understanding Dance 
DANC,1310,0W2,13,5,6,4,9,2,2,,,1,2,,,,,,5,,"Callon, Cheryl",,,,,,cxc230038,,Understanding Dance 
DANC,1310,HN1,8,17,,,,,,,,,,,,,,,,,"Johnson, Melissa A",,,,,,maj140430,melissa johnson,Understanding Dance 
DANC,2321,001,11,1,3,1,1,,,,,,,,,,,,,,"Mabus, Jennifer",,,,,,dal123207,jennifer mabus,Stretch  Conditioning  Alignment 
DANC,2331,001,9,1,,2,,,,,,,,,,,,,,,"Mabus, Jennifer",,,,,,dal123207,jennifer mabus,Dance Technique 1 
DANC,2332,001,9,2,,2,,,,,,,,,1,,,,,,"Johnson, Melissa A",,,,,,maj140430,melissa johnson,Modern Dance 1 
DANC,2333,001,11,6,1,1,,,,,,,,,,,,,,,"Johnson, Melissa A",,,,,,maj140430,melissa johnson,Jazz Dance 1 
DANC,2334,001,4,6,1,1,1,,,,,,,,1,,,,,,"Saba, Monica M",,,,,,msaba,monica saba,Ballet 1 
DANC,3333,001,2,3,1,2,2,,,1,,,,,,,,,,,"Saba, Monica M",,,,,,msaba,monica saba,Modern Dance 2 
DBUA,7411,S01,,11,3,,,,,1,,,,,,,,,,,"Sarkar, Sumit","Peng, Mike W","Zhang, Huibing","Murthi, B P","Radhakrishnan, Suresh","Janakiraman, Ganesh",sumit,sumit sarkar,
DBUA,7412,S01,,5,6,1,1,1,,1,,,,,,,,,,,"Mookerjee, Vijay S",,,,,,vijaym,vijay mookerjee,
ECON,2301,001,14,30,9,4,23,4,10,13,4,2,2,1,6,,,,5,,"Ketsler, Luba","Chen, Meizhen",,,,,lxk010300,luba ketsler,Principles of Macroeconomics 
ECON,2301,002,8,33,27,18,20,9,3,5,,,1,,4,,,,2,,"Morales Leon, Maria C","Tasnim, Ayesha",,,,,mcm200006,maria morales leon,Principles of Macroeconomics 
ECON,2301,003,21,32,22,13,33,10,4,19,2,3,5,4,8,,,,1,,"Ketsler, Luba","Jones, Brandon S",,,,,lxk010300,luba ketsler,Principles of Macroeconomics 
ECON,2301,004,26,24,4,11,10,1,2,2,1,,1,,5,,,,5,,"Barua Soni, Prajyna P",,,,,,ppb190000,,Principles of Macroeconomics 
ECON,2301,005,3,2,3,3,3,1,1,4,2,,2,,6,,,,,,"Ma, Yuan",,,,,,yxm230011,guang ma,Principles of Macroeconomics 
ECON,2301,HN1,10,8,1,,2,,,,,,,,,,,,,,"Ketsler, Luba",,,,,,lxk010300,luba ketsler,Principles of Macroeconomics 
ECON,2302,001,5,10,8,10,17,7,10,2,2,2,,,1,,,,2,,"Etebari, Maryam A","Javadi, Milad",,,,,mxa143930,maryam ahmadi,Principles of Microeconomics 
ECON,2302,002,11,25,11,15,40,23,27,29,20,,11,16,21,,7,,20,,"Arce, Daniel G",,,,,,dga071000,daniel arce,Principles of Microeconomics 
ECON,2302,003,2,10,6,8,7,8,9,3,2,,2,1,1,,,,4,,"Etebari, Maryam A","Javadi, Milad",,,,,mxa143930,maryam ahmadi,Principles of Microeconomics 
ECON,2302,501,14,22,16,21,10,8,8,2,6,,,,10,,,,,,"Mou, Hao",,,,,,hxm220038,,Principles of Microeconomics 
ECON,2302,502,7,4,1,2,4,3,5,2,1,1,,1,3,,,,,,"Yu, Yiqun",,,,,,yxy220002,,Principles of Microeconomics 
ECON,3310,501,2,7,2,2,9,2,4,4,,1,,,2,,,,2,,"Burton, Anne M","Li, Zhuoqun",,,,,axb210050,anne burton,Intermediate Microeconomic Theory 
ECON,3311,001,2,6,4,2,3,4,1,,,,,,,,,,,,"Sul, Donggyu","Javadi, Milad","Peng, Haien",,,,dxs093000,donggyu sul,Intermediate Macroeconomic Theory 
ECON,3311,002,,4,,2,5,,1,3,,,,,1,,,,,,"Grover, William C",,,,,,wcg071000,william grover,Intermediate Macroeconomic Theory 
ECON,3330,001,9,21,6,3,14,6,2,2,1,,1,,1,,,,,,"Ketsler, Luba",,,,,,lxk010300,luba ketsler,Economics of Health 
ECON,3330,002,15,14,9,2,14,3,3,2,1,1,1,,1,,,,,,"Ketsler, Luba",,,,,,lxk010300,luba ketsler,Economics of Health 
ECON,3381,001,1,5,3,4,11,5,,5,3,1,2,,2,,,,3,,"Grover, William C",,,,,,wcg071000,william grover,Economic History 
ECON,4310,001,3,13,6,2,7,5,,3,2,,,,2,,,,1,,"Arce, Daniel G",,,,,,dga071000,daniel arce,Managerial Economics 
ECON,4320,001,1,3,3,2,7,1,3,,1,,,,1,,,,1,,"Giertz, Seth","Ansari, Reza",,,,,sxg154831,seth giertz,Public Sector Economics 
ECON,4324,001,7,2,3,3,2,2,1,,1,,,1,,,,,,,"Cisneros Tersitsch, Marco Elias","Bi, Hanying",,,,,mxc230040,elias cisneros,Economics of Sustainability 
ECON,4330,001,,4,2,7,9,10,1,2,1,,,,2,,,,1,,"Giertz, Seth","Ansari, Reza",,,,,sxg154831,seth giertz,Law and Economics 
ECON,4333,001,9,6,,1,1,,3,2,,2,1,,,,,,2,,"Siqueira, Kevin J","Jin, Tong",,,,,kjs064000,kevin siqueira,Environmental Economics 
ECON,4345,001,4,2,2,1,2,1,1,1,,1,1,,2,,,,1,,"Hedlund, Sven","Hu, Taowen",,,,,jxh180030,jonas hedlund,Industrial Organization 
ECON,4351,001,,6,3,1,4,2,1,1,,1,,,,,,,,,"Grover, William C",,,,,,wcg071000,william grover,Mathematical Economics 
ECON,4355,001,4,6,9,4,4,1,2,1,1,,,,1,,,,,,"Li, Dong","Pandey, Abhishek",,,,,dxl145430,dong li,Econometrics 
ECON,4360,001,4,2,1,1,4,,,2,1,,1,,,,,,,,"Siqueira, Kevin J","Jin, Tong",,,,,kjs064000,kevin siqueira,International Trade 
ECON,4385,001,13,5,3,1,2,3,1,,,,,,,,,,,,"Panovska, Irina B","Johra, Fatema Tuj",,,,,ixp190001,irina panovska,Business and Economic Forecasting 
ECON,4386,001,13,4,2,,,1,,1,,,,1,1,,,,,,"Panovska, Irina B","Johra, Fatema Tuj",,,,,ixp190001,irina panovska,Contemporary Macroeconomic Policy 
ECON,5321,001,,3,2,2,2,1,,,,,,,,,,,,,"Hedlund, Sven","Hu, Taowen",,,,,jxh180030,jonas hedlund,Microeconomic Theory for Applications 
ECON,7309,001,,9,3,2,5,,,,,,,,,,,,,,"Li, Dong","Pandey, Abhishek",,,,,dxl145430,dong li,Econometrics II 
ECS,1100,001,,271,,,15,,,2,,,,,7,,,,2,,"Porter, Benjamin A",,,,,,bap061000,benjamin porter,Introduction to Engineering and Computer Science 
ECS,1100,002,,242,,,23,,,9,,,,,17,,,,5,,"Younis, Hazem Amr F",,,,,,hfy190000,,Introduction to Engineering and Computer Science 
ECS,1100,003,,256,,,19,,,9,,,,,11,,,,2,,"Porter, Benjamin A",,,,,,bap061000,benjamin porter,Introduction to Engineering and Computer Science 
ECS,1100,004,,171,,,9,,,5,,,,,7,,,,3,,"Younis, Hazem Amr F",,,,,,hfy190000,,Introduction to Engineering and Computer Science 
ECS,1100,005,,190,,,20,,,11,,,,,10,,,,1,,"McClain, Rebecca",,,,,,rxm220007,rebecca mcclain,Introduction to Engineering and Computer Science 
ECS,1100,007,,29,,,1,,,3,,,,,3,,,,,,"Afsari, Parisa",,,,,,pxa220049,,Introduction to Engineering and Computer Science 
ECS,1100,008,,35,,,2,,,1,,,,,2,,,,1,,"Ghaderi, Mohammad Hasan",,,,,,mxg210007,,Introduction to Engineering and Computer Science 
ECS,1100,051,,9,,,1,,,,,,,,1,,,,,,"Burleson, Daniel",,,,,,,daniel burleson,
ECS,1100,0L1,,23,,,2,,,,,,,,,,,,1,,"Lawson, Taylor R",,,,,,trl130130,,Introduction to Engineering and Computer Science 
ECS,1100,0L2,,32,,,2,,,1,,,,,,,,,,,"Mannan, Musa Ibne",,,,,,mxm210024,,Introduction to Engineering and Computer Science 
ECS,1100,0L3,,16,,,4,,,2,,,,,,,,,,,"Wang, Chengen",,,,,,cxw190008,,Introduction to Engineering and Computer Science 
ECS,1100,5L2,,27,,,4,,,4,,,,,1,,,,,,"Song, Zihe",,,,,,zxs180005,,Introduction to Engineering and Computer Science 
ECS,1100,5L3,,12,,,1,,,1,,,,,,,,,,,"Khanure, Divya",,,,,,dxk210081,,Introduction to Engineering and Computer Science 
ECS,1100,5L4,,12,,,2,,,,,,,,,,,,,,"Vasireddy, Siva Sai Nagender",,,,,,sxv163630,,Introduction to Engineering and Computer Science 
ECS,1100,5L5,,9,,,,,,,,,,,1,,,,,,"Zhao, Wenjie",,,,,,wxz220013,wenjie zhao,Introduction to Engineering and Computer Science 
ECS,1192,002,,13,,,1,,,,,,,,,,,,,,"Summers, Joshua D",,,,,,jxs200065,joshua summers,Research  Inquiry  Design Experience 
ECS,1192,502,,17,,,,,,,,,,,,,,,,,"Ruths, Justin",,,,,,jxr163730,justin ruths,Research  Inquiry  Design Experience 
ECS,2192,002,,8,,,4,,,,,,,,,,,,,,"Summers, Joshua D",,,,,,jxs200065,joshua summers,Research  Inquiry  Design Experience 
ECS,2390,001,,,1,3,4,5,1,2,1,1,,,1,,,,,,"Crowder, Wade A",,,,,,wac010100,wade crowder,Professional and Technical Communication 
ECS,2390,002,,,,3,6,1,3,3,1,,2,,1,,,,,,"Crowder, Wade A",,,,,,wac010100,wade crowder,Professional and Technical Communication 
ECS,2390,003,,,1,,2,5,4,,1,,,,3,,,,1,,"Crowder, Wade A",,,,,,wac010100,wade crowder,Professional and Technical Communication 
ECS,2390,004,,,1,4,2,3,2,,1,,,1,4,,,,2,,"Crowder, Wade A",,,,,,wac010100,wade crowder,Professional and Technical Communication 
ECS,2390,005,12,2,5,,,1,,,,,,,1,,,,,,"McKee-Williams, Candie D",,,,,,cdm230002,candie mckee williams,Professional and Technical Communication 
ECS,2390,006,1,8,5,4,,,1,,,,1,,1,,,,,,"Glauser, Janece B",,,,,,jbg130030,janece glauser,Professional and Technical Communication 
ECS,2390,007,4,9,4,1,2,,,,,,,1,,,,,,,"Glauser, Janece B",,,,,,jbg130030,janece glauser,Professional and Technical Communication 
ECS,2390,008,2,9,5,1,1,,1,1,,,,,1,,,,,,"McKee-Williams, Candie D",,,,,,cdm230002,candie mckee williams,Professional and Technical Communication 
ECS,2390,010,,,1,4,4,2,5,3,,,,,,,,,1,,"Crowder, Wade A",,,,,,wac010100,wade crowder,Professional and Technical Communication 
ECS,2390,011,12,7,,,1,,,,,,,1,,,,,,,"Skiles, Bradley W",,,,,,bws150030,bradley skiles,Professional and Technical Communication 
ECS,2390,012,10,4,5,,,1,,,,,,,,,,,,,"Hernandez-Katz, Melissa M",,,,,,mhkatz,melissa hernandez katz,Professional and Technical Communication 
ECS,2390,013,10,8,2,,,,,1,,,,,,,,,,,"Hernandez-Katz, Melissa M",,,,,,mhkatz,melissa hernandez katz,Professional and Technical Communication 
ECS,2390,014,21,,,,,,,,,,,,,,,,,,"Henderson, Lacey J",,,,,,ljh220001,lacey henderson,Professional and Technical Communication 
ECS,2390,015,19,1,,,,1,,,,,,,,,,,,,"Davis, Letitia A",,,,,,laa104020,letitia davis,Professional and Technical Communication 
ECS,2390,016,7,8,,1,1,,1,,,,,1,,,,,2,,"Mathur, Shivika",,,,,,sxm170012,shivika mathur,Professional and Technical Communication 
ECS,2390,017,8,9,,1,,,1,,,,,,,,,,,,"Mathur, Shivika",,,,,,sxm170012,shivika mathur,Professional and Technical Communication 
ECS,2390,018,,17,1,1,1,,,,,,,,,,,,,,"Johnson, Janet L",,,,,,jlj065000,janet johnson,Professional and Technical Communication 
ECS,2390,019,13,5,,,1,1,,,,,1,,,,,,,,"Montgomery, Christina F",,,,,,cxm190022,christina montgomery,Professional and Technical Communication 
ECS,2390,020,,5,8,6,2,,,,,,,,,,,,,,"Siddiqui, Farah",,,,,,fxs121830,farah siddiqui,Professional and Technical Communication 
ECS,2390,021,,13,,3,5,,,,,,,,,,,,,,"Siddiqui, Farah",,,,,,fxs121830,farah siddiqui,Professional and Technical Communication 
ECS,2390,022,3,14,2,,,1,,1,,,,,,,,,,,"Sanchez, Yvonne",,,,,,dal518990,,Professional and Technical Communication 
ECS,2390,023,,10,3,3,,,1,,,,,,2,,,,,,"Sanchez, Yvonne",,,,,,dal518990,,Professional and Technical Communication 
ECS,2390,0H1,2,8,,2,,1,1,2,1,,,,2,,,,,,"Johnson, Janet L",,,,,,jlj065000,janet johnson,Professional and Technical Communication 
ECS,2390,0H3,6,7,6,1,1,,,,,,,,,,,,,,"Hernandez-Katz, Melissa M",,,,,,mhkatz,melissa hernandez katz,Professional and Technical Communication 
ECS,2390,0H4,8,9,1,,2,,,,,,,,,,,,,,"Mathur, Shivika",,,,,,sxm170012,shivika mathur,Professional and Technical Communication 
ECS,2390,0H5,10,8,2,1,,,,,,,,,,,,,,,"Hartmann, Jonathan",,,,,,jxh190042,jonathan hartmann,Professional and Technical Communication 
ECS,2390,0H6,4,6,3,1,6,,,,,,,,1,,,,,,"McKee-Williams, Candie D",,,,,,cdm230002,candie mckee williams,Professional and Technical Communication 
ECS,2390,0H7,1,6,8,3,1,1,,,,,,,,,,,1,,"Glauser, Janece B",,,,,,jbg130030,janece glauser,Professional and Technical Communication 
ECS,2390,0H9,10,7,,2,,,,,,1,,,1,,,,,,"Mathur, Shivika",,,,,,sxm170012,shivika mathur,Professional and Technical Communication 
ECS,2390,0W1,4,17,20,11,11,2,4,3,1,1,,,4,,,,3,,"Ryan, Christopher J",,,,,,cxr088000,christopher ryan,Professional and Technical Communication 
ECS,2390,0W2,,28,23,9,6,6,3,2,,,,,3,,,,1,,"Ryan, Christopher J",,,,,,cxr088000,christopher ryan,Professional and Technical Communication 
ECS,2390,0W3,,21,22,8,8,9,6,1,,,1,2,2,,,,1,,"Ryan, Christopher J",,,,,,cxr088000,christopher ryan,Professional and Technical Communication 
ECS,2390,0W4,14,47,6,,9,2,,2,,,,,2,,,,,,"Scally, Deborah A",,,,,,das,deborah scally,Professional and Technical Communication 
ECS,2390,0W5,12,57,2,4,2,2,,1,1,,,,1,,,,,,"Scally, Deborah A",,,,,,das,deborah scally,Professional and Technical Communication 
ECS,2390,0W6,5,3,4,1,6,1,1,,,,,,,,,,,,"Glauser, Janece B",,,,,,jbg130030,janece glauser,Professional and Technical Communication 
ECS,2390,0W7,7,10,2,,,,,,,,,,1,,,,1,,"Montgomery, Christina F",,,,,,cxm190022,christina montgomery,Professional and Technical Communication 
ECS,2390,0W8,5,13,1,,2,,,,,,,,,,,,,,"Hernandez-Katz, Melissa M",,,,,,mhkatz,melissa hernandez katz,Professional and Technical Communication 
ECS,2390,0W9,5,10,4,1,,,,,,,,,1,,,,,,"McKee-Williams, Candie D",,,,,,cdm230002,candie mckee williams,Professional and Technical Communication 
ECS,2390,5H1,4,7,2,,4,1,,,2,,,,1,,,,,,"Scally, Deborah A",,,,,,das,deborah scally,Professional and Technical Communication 
ECS,2390,5H2,2,8,2,3,4,,,1,,1,,,,,,,,,"Scally, Deborah A",,,,,,das,deborah scally,Professional and Technical Communication 
ECS,2390,5H3,4,7,1,2,,2,2,,1,1,,,1,,,,,,"Scally, Deborah A",,,,,,das,deborah scally,Professional and Technical Communication 
ECS,2390,5H5,2,4,3,5,,1,1,1,,,,1,,,,,,,"Moore, Lindsay E",,,,,,lem150330,lindsay moore,Professional and Technical Communication 
ECS,2390,5H6,,3,5,2,5,2,1,,1,,,,1,,,,,,"Moore, Lindsay E",,,,,,lem150330,lindsay moore,Professional and Technical Communication 
ECS,2390,5H7,3,9,3,1,1,1,1,,1,1,,,,,,,1,,"Sanchez, Yvonne",,,,,,dal518990,,Professional and Technical Communication 
ECS,2390,5H8,1,4,6,4,3,1,,,,,,,1,,,,,,"Sanchez, Yvonne",,,,,,dal518990,,Professional and Technical Communication 
ECS,2390,HN1,9,8,1,,1,,,,,,,,,,,,,,"McKee-Williams, Candie D",,,,,,cdm230002,candie mckee williams,Professional and Technical Communication 
ECSC,4V78,001,,,,,,,,,,,,,,17,2,,,,"Stewart, Mary Ann C",,,,,,mas051000,,Engineering and Computer Science Internship 
ECSC,5177,001,,,,,,,,,,,,,,,,,,39,"Stewart, Mary Ann C",,,,,,mas051000,,CS IPP Assignment 
ED,3314,501,9,5,1,2,,,,,,,,,,,,,,,"Johnson, Ruth A",,,,,,raj210001,,The American Public School 
ED,3315,0W1,,7,2,,1,1,1,,,,,,,,,,,,"Leek, Patricia A",,,,,,santine,patricia leek,Children s Literature 
ED,3315,0W2,,7,2,1,,,,,,,,,,,,,,,"Leek, Patricia A",,,,,,santine,patricia leek,Children s Literature 
ED,3340,501,8,2,1,1,4,,,2,,,1,,,,,,,,"Le, Brenda",,,,,,bxl075000,,Math Concepts for Teachers 
ED,3342,501,5,6,2,,,1,2,,,,,,,,,,,,"Friedman, Meredith K",,,,,,mxk116530,meredith friedman,Classroom Management Grades EC - 6 
ED,3345,0W1,,5,1,1,,3,,1,,,,2,,,,,,,"McNeel, Michele E",,,,,,mem210009,michele mcneel,Art  Music  and Physical Development Grades EC - 6 
ED,4301,0W1,12,3,,2,2,,,,2,,,1,2,,,,1,,"Simpson, Carrie M",,,,,,cms131030,carrie simpson,Exceptional Populations 
ED,4343,5H1,10,3,2,1,1,,,,,,,,,,,,,,"Hennessy, Emily T",,,,,,eft031000,emily hennessy,Science Methods for Grades EC - 6 
ED,4344,501,1,5,4,2,2,1,1,2,,,,,1,,,,,,"Huisman, Ingrid",,,,,,ibh013000,ingrid huisman,Mathematics Methods for Elementary Teachers 
ED,4345,501,,11,3,,,,,,,,,,,,,,,,"Weiner, Michelle L",,,,,,mxw051000,michelle weiner,Social Studies Methods for Grades EC - 6 
ED,4351,001,21,11,3,2,1,,,,,,,,,,,,,,"Davis, Renee",,,,,,rrd160530,renee davis,ESL for K-12 Teachers 
ED,4351,501,5,4,5,,1,,,,,,,,,,,,,,"Davis, Renee",,,,,,rrd160530,renee davis,ESL for K-12 Teachers 
ED,4352,001,,1,4,2,7,6,1,,,,,,,,,,,,"McNeel, Michele E",,,,,,mem210009,michele mcneel,Reading I  Learning to Read 
ED,4353,501,10,,,,,,,,,,,,1,,,,,,"Brooks, Lori",,,,,,lxb180004,lori brooks,Reading in Secondary Content 
ED,4357,001,1,16,3,1,1,1,,,,,,,,,,,,,"Leek, Patricia A",,,,,,santine,patricia leek,Diagnostic Reading 
ED,4358,0W1,1,4,,,2,2,3,1,1,,,,3,,,,,,"Root, Alexey W",,,,,,aroot,alexey root,Chess I  Using Chess in Schools 
ED,4361,501,2,3,4,3,,,,,2,,2,,,,,,,,"Friedman, Meredith K",,,,,,mxk116530,meredith friedman,Classroom Management Secondary 
ED,4372,5H1,7,6,5,1,4,1,,,,,,,,,,,,,"Christensen, Rhonda",,,,,,rxc180023,rhonda christensen,Educational Technology 
EE,1100,001,40,7,3,2,1,2,1,2,,,1,,1,,,,,,"Ahmed, Shaheen","Habibi Dehsheikhi, Mostafa","Afroz, Nosheen","Huang, Wei","Akour, Amneh",,sxa176730,shaheen ahmed,Introduction to Electrical and Computer Engineering 
EE,1100,002,26,13,4,5,4,1,1,2,,,1,,2,,,,,,"Ahmed, Shaheen","Afroz, Nosheen","Habibi Dehsheikhi, Mostafa","Huang, Wei","Akour, Amneh",,sxa176730,shaheen ahmed,Introduction to Electrical and Computer Engineering 
EE,1100,003,14,8,5,6,4,2,2,3,2,1,3,,6,,,,,,"Akour, Amneh","Ahmed, Shaheen","Habibi Dehsheikhi, Mostafa","Afroz, Nosheen",,,dal339881,amneh akour,Introduction to Electrical and Computer Engineering 
EE,1202,001,8,9,9,7,11,2,3,7,2,,2,1,4,,,,1,,"Abulaiha, Haifa","Nayemuzzaman, Sk","Mohammadian Mosammam, Behnam","Muraleedharan Sudha, Athul",,,dal859024,haifa abdulaiha,Introduction to Electrical and Computer Engineering II 
EE,1202,002,6,3,1,,2,2,2,1,,,,,2,,,,2,,"Abulaiha, Haifa","Nayemuzzaman, Sk","Mohammadian Mosammam, Behnam","Muraleedharan Sudha, Athul",,,dal859024,haifa abdulaiha,Introduction to Electrical and Computer Engineering II 
EE,2301,002,15,,,,1,,1,1,1,,2,,1,,,,3,,"Fahimi, Babak","Ghasemi Korrani, Majid",,,,,bxf102000,babak fahimi,Electrical Network Analysis 
EE,2301,003,2,14,2,3,2,2,4,1,3,,,,2,,,,2,,"Friedman, Joseph S","Brigner, Wesley H",,,,,jsf160330,joseph friedman,Electrical Network Analysis 
EE,2310,001,1,2,3,1,2,2,3,,2,,1,,1,,,,,,"Abulaiha, Haifa","Brigner, Wesley H","Ghasemi Korrani, Majid",,,,dal859024,haifa abdulaiha,Introduction to Digital Systems 
EE,2310,002,5,3,3,2,2,1,,1,2,,1,,2,,,,1,,"Abulaiha, Haifa","Brigner, Wesley H","Ghasemi Korrani, Majid",,,,dal859024,haifa abdulaiha,Introduction to Digital Systems 
EE,2310,003,2,1,2,1,3,5,3,2,2,,1,,2,,,,,,"Akour, Amneh","Bushra, Nazia Akhter","Sayem, Ahmad Sayeed",,,,dal339881,amneh akour,Introduction to Digital Systems 
EE,2310,004,6,5,4,2,3,3,1,4,2,,1,,5,,,,5,,"Akour, Amneh","Bushra, Nazia Akhter","Sayem, Ahmad Sayeed",,,,dal339881,amneh akour,Introduction to Digital Systems 
EE,3161,051,2,14,10,5,2,6,4,1,,,,,,,,,,,"Mezenner, Rabah","Islam, Farzana",,,,,rxm129730,rabah mezenner,Social Issues and Ethics in Engineering 
EE,3161,091,4,2,4,8,5,3,2,1,1,,,,1,,,,,,"Mezenner, Rabah","Islam, Farzana",,,,,rxm129730,rabah mezenner,Social Issues and Ethics in Engineering 
EE,3161,092,7,3,7,6,4,2,3,2,1,,,,,,,,,,"Mezenner, Rabah","Tasnim, Nafisa Zarrin",,,,,rxm129730,rabah mezenner,Social Issues and Ethics in Engineering 
EE,3201,001,3,29,2,,1,1,,,1,,,,,,,,,,"Nikoubin, Tooraj","Duraisamy Swamikannan, Lena","Abbasnia, Alma","Khalesidoost, Sina","Jain, Dipali D",,txn190011,tooraj nikoubin,Electrical and Computer Engineering Fundamentals-I Laboratory 
EE,3201,002,1,18,5,1,,1,2,2,,,,1,,,,,,,"Nikoubin, Tooraj","Duraisamy Swamikannan, Lena","Abbasnia, Alma","Khalesidoost, Sina","Jain, Dipali D",,txn190011,tooraj nikoubin,Electrical and Computer Engineering Fundamentals-I Laboratory 
EE,3202,001,2,18,,5,6,,3,1,,,,,,,,,,,"Overzet, Lawrence J","Tayeb Naimi, Shideh","Showrov, Md Shadman Sakib","Afroz, Nosheen",,,overzet,lawrence overzet,Electrical and Computer Engineering Fundamentals-II Laboratory 
EE,3202,002,10,6,5,5,,2,,1,1,,,,,,,,,,"Saad, Ricardo E","Mahbub, Mohammed Nahiyan","Showrov, Md Shadman Sakib",,,,rsaad,ricardo saad,Electrical and Computer Engineering Fundamentals-II Laboratory 
EE,3300,001,3,14,,,17,1,,3,4,,,,,,,,,,"Lee, Jung S","Qi, Tianxi",,,,,jls032000,jung lee,Advanced Engineering Mathematics 
EE,3300,002,1,6,,,6,,1,7,1,2,3,4,1,,,,2,,"Lee, Jung S","Sonawane, Akshay Bhagwan","Qi, Tianxi",,,,jls032000,jung lee,Advanced Engineering Mathematics 
EE,3302,001,2,11,,7,8,3,1,3,3,,,,2,,,,1,,"Fumagalli, Andrea","Patil, Padmapriya",,,,,andreaf,andrea fumagalli,Signals and Systems 
EE,3302,002,,4,7,4,4,,3,2,,3,,3,4,,,,1,,"Minn, Hlaing","Badrudduza, A. S. M.",,,,,hxm025000,hlaing minn,Signals and Systems 
EE,3310,001,,7,20,7,4,3,1,,,,,,,,,,2,,"Dutta, Sourav","Pantha, Tanvir H",,,,,sxd230095,,Electronic Devices 
EE,3310,002,9,4,4,3,4,6,4,2,,,,,3,,,,,,"Pourkamali Anaraki, Siavash","Daneshnazar, Milad",,,,,sxp124631,siavash pourkamali,Electronic Devices 
EE,3311,001,2,13,2,2,3,,,4,,,,,1,,,,,,"Lee, Gil S","Neelapureddy, Uttam Reddy","Tang, Liwen",,,,gslee,gill lee,Electronic Circuits 
EE,3311,002,1,4,3,3,2,2,4,2,1,,,,1,,,,2,,Kenneth K,"Yao, Yifan",,,,,kxo091000,kenneth,Electronic Circuits 
EE,3311,003,1,9,1,2,5,1,6,3,3,,2,,,,,,,,"Lee, Gil S","Neelapureddy, Uttam Reddy","Tang, Liwen",,,,gslee,gill lee,Electronic Circuits 
EE,3320,001,5,6,3,1,3,5,7,1,4,,1,,,,,,,,"Pedram, Hossein",,,,,,hxp220048,hossein pedram,Digital Circuits 
EE,3320,002,4,16,6,2,1,1,2,,1,,,2,,,,,,,"Nikoubin, Tooraj",,,,,,txn190011,tooraj nikoubin,Digital Circuits 
EE,3320,003,7,8,7,,,1,1,2,,,,,,,,,,,"Pedram, Hossein",,,,,,hxp220048,hossein pedram,Digital Circuits 
EE,4201,001,3,7,1,,,,,,,,,,,,,,1,,"Tamil, Lakshman S","Pundt, Dustin C","Sonawane, Akshay Bhagwan","Kalakonda, Sai Pavan",,,laxman,lakshman tamil,Electrical and Computer Engineering Laboratory in Computing Systems and Computer Engineering 
EE,4202,001,,27,,,8,,,2,,,2,,1,,,,,,"Henderson, Rashaunda M","Pundt, Dustin C","Muraleedharan Sudha, Athul","Jones, Colby W",,,rmh072000,rashaunda henderson,Electrical and Computer Engineering Laboratory in Circuits 
EE,4301,001,2,5,2,2,4,2,,5,3,2,,,1,,,,1,,"Heins, Matthew S","Jones, Colby W",,,,,msh130130,matthew heins,Electromagnetic Engineering I 
EE,4301,002,2,12,4,2,3,3,2,2,4,1,,,,,,,,,"Heins, Matthew S","Kalakonda, Sai Pavan",,,,,msh130130,matthew heins,Electromagnetic Engineering I 
EE,4304,001,2,8,2,2,2,,,,,,,,,,,,1,,"Swartz, William P","Menon, Anand",,,,,wps100020,william swartz,Computer Architecture 
EE,4304,501,2,6,4,2,4,5,2,,2,,,,,,,,1,,"Shamsi, Kaveh","Ahmed, Shakil",,,,,kxs200049,kaveh shamsi,Computer Architecture 
EE,4310,001,1,7,5,5,12,6,3,3,4,2,,,5,,,,,,"Abbas, Waseem","Efe, Lutfu E",,,,,wxa210006,waseem abbas,Systems and Controls 
EE,4330,001,8,15,8,2,6,,,,,,,,1,,,,,,"Young, Chadwin D","Murshed, Abu H",,,,,cdy120030,chadwin young,Integrated Circuit Technology 
EE,4340,001,1,15,4,5,4,4,2,2,2,,,,,,,,2,,"Ma, Dongsheng","Wahed, Shihab",,,,,dxm101000,dongsheng ma,Analog Integrated Circuit Analysis and Design 
EE,4361,001,1,3,,3,,,2,,,,,,1,,,,,,"Panahi, Issa M",,,,,,imp015000,issa panahi,Introduction to Digital Signal Processing 
EE,4363,001,6,7,5,5,4,2,4,1,,,,,3,,,,6,,"Gardner, Matthew","Ismail, Hadi S",,,,,mcg200004,matthew gardner,Introduction to Power Electronics 
EE,4365,001,3,10,4,5,11,,2,,,,,,,,,,1,,"Saquib, Mohammad","Qazi, Srijeet S",,,,,saquib,mohammad saquib,Introduction to Wireless Communication 
EE,4368,001,4,9,1,,6,2,1,,,,,,,,,,,,"Lehmann, Randall E","Reza, Sakib",,,,,rel041000,randall lehmann,RF Circuit Design Principles 
EE,4370,001,,23,1,,4,,1,,,,,,1,,,,,,"Swartz, William P","Ezechukwu, Dismas N","Delaram, Zeinab",,,,wps100020,william swartz,Embedded Systems 
EE,4370,002,2,12,11,5,6,4,,3,,,,,,,,,,,"Pedram, Hossein","Parchamdar, Baharealsadat",,,,,hxp220048,hossein pedram,Embedded Systems 
EE,4388,001,,11,1,,,,,,,,,,1,,,,,,"Tacca, Marco",,,,,,mtacca,marco tacca,Senior Design Project I 
EE,4388,002,2,10,2,,1,,,,,,,,,,,,,,"Tacca, Marco",,,,,,mtacca,marco tacca,Senior Design Project I 
EE,4388,003,,16,1,,,,,,,,,,,,,,,,"Skinner, Neal G",,,,,,skinner,neal skinner,Senior Design Project I 
EE,4388,004,,11,1,,,,,,,,,,,,,,,,"Skinner, Neal G",,,,,,skinner,neal skinner,Senior Design Project I 
EE,4388,005,,12,,,1,,,,,,,,,,,,,,"Skinner, Neal G",,,,,,skinner,neal skinner,Senior Design Project I 
EE,4389,001,,25,2,1,2,,,,,,,,,,,,,,"Tacca, Marco",,,,,,mtacca,marco tacca,Senior Design Project II 
EE,4391,001,2,3,1,2,3,1,,,,,,,1,,,,,,"Overzet, Lawrence J",,,,,,overzet,lawrence overzet,Technology of Plasma 
EECT,6325,501,,6,8,4,6,1,1,,,,,,,,,,4,,"Sechen, Carl M","Feng, Jinkun","Bushra, Nazia Akhter",,,,cms057000,carl sechen,VLSI Design 
EECT,6326,001,,6,7,3,2,,,,,,,,,,,,,,"Lee, Hoi","Tang, Liwen",,,,,hxl054000,hoi lee,Analog Integrated Circuit Design 
EEDG,5325,501,,14,,,1,,,1,,,,,,,,,,,"Swartz, William P","Delaram, Zeinab",,,,,wps100020,william swartz,Hardware Modeling Using HDL 
EEDG,6302,001,,5,3,1,,,,1,,,,,,,,,,,"Nikoubin, Tooraj","Hashemi Esmaeilabad, Seyed Saeed",,,,,txn190011,tooraj nikoubin,Embedded Systems 
EEDG,6304,002,,6,8,1,,,,,,,,,,,,,,,"Pedram, Hossein",,,,,,hxp220048,hossein pedram,Computer Architecture 
EEDG,6370,001,,15,5,3,,,,,,,,,1,,,,,,"Carrion Schaefer, Benjamin",,,,,,bxc162630,benjamin carrion schaefer,Design and Analysis of Reconfigurable Systems 
EEGR,6316,002,,4,5,4,2,,,,,,,,,,,,,,"Heins, Matthew S","Jones, Colby W",,,,,msh130130,matthew heins,Fields and Waves 
EEGR,7001,001,,,,,,,,,,,,,1,,,,,14,"Kiasaleh, Kamran",,,,,,kamran,kamran kiasaleh,Seminar 
EEGR,7010,001,,,,,,,,,,,,,,,,,,12,"Kiasaleh, Kamran",,,,,,kamran,kamran kiasaleh,Graduate Internship 
EEGR,8V70,011,,,,,,,,,,,,,,,,,,13,"Hansen, John H",,,,,,jxh052100,john hansen,
EEMF,6319,001,,5,2,1,2,,,,,,,,,,,,,,"Zhou, Jie",,,,,,dal836585,,Quantum Physical Electronics 
EEMF,6322,001,,2,4,5,2,3,,,,,,,,,,,,,"Pourkamali Anaraki, Siavash","Daneshnazar, Milad",,,,,sxp124631,siavash pourkamali,Semiconductor Processing Technology 
EEMF,6348,001,,5,,3,1,1,,,,,,,,,,,,,"Quevedo-Lopez, Manuel",,,,,,mxq071000,manuel quevedo lopez,Lithography and Nanofabrication 
EEPE,6354,001,,22,2,4,1,1,,1,,,,,1,,,,,,"Akin, Bilal","Eissa, Sherif M",,,,,bxa123330,bilal akin,Power Electronics 
EEPE,6355,001,,5,3,3,,2,,,,,,,,,,,,,"Ghassemi, Mona","Islam, Farzana",,,,,mxg220059,,High Voltage   Transients 
EEPE,6356,501,,13,2,1,1,1,,,,,,,,,,,3,,"Gardner, Matthew","Kazemikia, Danial",,,,,mcg200004,matthew gardner,Adjustable Speed Motor Drives 
EERF,6311,001,,4,4,1,4,2,,,,,,,1,,,,1,,"Saad, Ricardo E","Sah, Pallav Kumar",,,,,rsaad,ricardo saad,RF and Microwave Circuits 
EERF,6394,001,,9,,1,1,1,,,,,,,,,,,,,"Mahbub, Ifana",,,,,,ixm121830,ifana mahbub,Antenna Engineering and Wave Propagation 
EERF,6395,001,,8,2,2,3,,,,,,,,,,,,2,,"Lehmann, Randall E",,,,,,rel041000,randall lehmann,RF and Microwave Systems Engineering 
EERF,6396,001,,9,3,4,1,,,,,,,,,,,,1,,"Lehmann, Randall E","Lin, Jia-Cong",,,,,rel041000,randall lehmann,Microwave Design and Measurement 
EESC,6360,501,,3,4,2,1,,2,,,,,,,,,,,,"Panahi, Issa M",,,,,,imp015000,issa panahi,Digital Signal Processing I 
EESC,6364,001,,2,1,2,3,,,,,,,,1,,,,1,,"Kehtarnavaz, Nasser","Tasnim, Nafisa Zarrin",,,,,nxk019000,nasser kehtarnavaz,Machine Learning and Pattern Recognition 
ENGR,2300,001,2,9,,,7,,1,12,3,2,2,1,1,,,,1,,"Lee, Jung S","Jena, Sritam","Pithanisetty, Prasanth",,,,jls032000,jung lee,Linear Algebra for Engineers 
ENGR,2300,002,4,3,2,5,4,4,5,3,1,2,1,1,4,,,,4,,"Al-Dhahir, Naofal M","Rana, Lila",,,,,nxa028000,naofal al dhahir,Linear Algebra for Engineers 
ENGR,2300,003,,,2,1,5,4,6,4,10,1,2,,5,,,,2,,"Mezenner, Rabah","Bahaloo Horeh, Ehsan","Guo, Bin",,,,rxm129730,rabah mezenner,Linear Algebra for Engineers 
ENGR,2300,004,2,,6,4,2,3,7,5,13,3,3,2,3,,,,1,,"Mezenner, Rabah","Sarker, Nayan","Badrudduza, A. S. M.",,,,rxm129730,rabah mezenner,Linear Algebra for Engineers 
ENGR,2300,005,3,1,4,8,4,6,5,1,1,1,1,1,4,,,,4,,"Khoobroo, Amir","Ahmed, Sabrina",,,,,axk144831,amir khoobroo,Linear Algebra for Engineers 
ENGR,2300,007,8,5,5,9,3,8,,6,6,,1,2,3,,,,,,"Saad, Ricardo E","Shabab, Sarjana",,,,,rsaad,ricardo saad,Linear Algebra for Engineers 
ENGR,3341,001,5,11,1,3,4,3,2,2,2,,,5,,,,,6,,"Fonseka, John P","Hewawaduge, Dhanushki B",,,,,kjp,john fonseka,Probability Theory and Statistics 
ENGR,3341,002,2,16,1,5,3,,1,6,2,,1,,2,,,,5,,"Ali, Mohammed Z","Showrov, Md Shadman Sakib",,,,,mohammed,ali mohammed,Probability Theory and Statistics 
ENGR,3341,003,5,6,3,3,3,3,5,2,5,,,4,,,,,8,,"Fonseka, John P","Hewawaduge, Dhanushki B",,,,,kjp,john fonseka,Probability Theory and Statistics 
ENGR,3341,004,2,12,2,5,7,1,7,5,,,,,,,,,3,,"Ali, Mohammed Z","Yao, Yifan",,,,,mohammed,ali mohammed,Probability Theory and Statistics 
ENGR,3341,005,4,7,7,2,4,5,2,2,,,1,,7,,,,,,"Nosratinia, Aria","Zahedi Moghaddam, Javad",,,,,aria,aria nosratinia,Probability Theory and Statistics 
ENGR,3341,006,2,18,2,7,3,5,6,10,,,1,,,,,,2,,"Ali, Mohammed Z","Qazi, Srijeet S",,,,,mohammed,ali mohammed,Probability Theory and Statistics 
ENGR,3341,007,,7,,,7,1,2,15,2,,2,,,,,,2,,"Ali, Mohammed Z","Zahedi Moghaddam, Javad",,,,,mohammed,ali mohammed,Probability Theory and Statistics 
ENGY,3330,001,9,3,2,,,,,,,,,,,,,,,,"Kharghoria, Arun","Severson, Eric",,,,,dal069492,,Energy Economics 
ENGY,3340,001,8,7,3,3,3,,,1,1,,,,1,,,,,,"Sibley, Daniel C","Severson, Eric",,,,,dcs170002,daniel sibley,Energy Law and Contracts 
ENGY,6330,501,,30,13,1,1,,,,,,,,,,,,,,"Sibley, Daniel C","Severson, Eric",,,,,dcs170002,daniel sibley,Energy Law and Contracts 
ENGY,6332,501,,16,1,,,,,,,,,,,,,,,,"Medeiros de Campos, Marcelo","Severson, Eric",,,,,mmm200010,,Energy and Sustainability 
ENGY,6335,501,,4,2,3,,,,,,,,,,,1,,,,"Frank, Kevin",,,,,,kcf150330,,Power Industry  Finance  Economics and Markets 
ENTP,3301,001,,1,5,2,13,6,5,2,5,,,,1,,,,,,"Kimzey, Jackie R",,,,,,jxk092000,jackie kimzey,Innovation and Entrepreneurship 
ENTP,3301,002,,2,2,2,12,8,1,5,2,1,1,,2,,,,1,,"Kimzey, Jackie R",,,,,,jxk092000,jackie kimzey,Innovation and Entrepreneurship 
ENTP,3301,003,4,6,9,11,7,,1,,1,,,,,,,,1,,"Nichols, Paul M",,,,,,pxn120030,paul nichols,Innovation and Entrepreneurship 
ENTP,3301,005,5,5,6,6,7,4,3,1,1,,,,1,,,,,,"Kim, Sangyun",,,,,,sxk240164,sangyun kim,Innovation and Entrepreneurship 
ENTP,3301,0W1,,16,,,26,,,6,,,,,,,,,2,,"Pedigo, Madison F",,,,,,mfp013000,madison pedigo,Innovation and Entrepreneurship 
ENTP,3301,501,2,2,5,10,8,2,2,2,2,,,,,,,,,,"Kim, Sangyun",,,,,,sxk240164,sangyun kim,Innovation and Entrepreneurship 
ENTP,3320,001,,2,3,4,6,1,,,,,,,,,,,,,"Nichols, Paul M",,,,,,pxn120030,paul nichols,Start-up Launch I 
ENTP,4311,001,,20,19,2,,1,3,,,,,,1,,,,,,"Sharma, Neeru M",,,,,,nms210001,,Entrepreneurial Strategy and Business Models 
ENTP,4330,501,,2,7,10,2,2,,,,,,,,,,,,,"Buchwald, Jon R",,,,,,jxb230047,,Entrepreneurial Marketing 
ENTP,4335,0W2,1,3,,1,2,,1,,,,,,2,,,,,,"Edsel, Alexander D",,,,,,ade012000,alexander edsel,Digital and Internet Marketing 
ENTP,4340,501,,4,33,12,11,6,1,,1,,,1,3,,,,1,,"Wright, Robert G","Fickel, Mary","Yizerwe, Regis",,,,rgw091000,robert wright,Social Sector Entrepreneurship and Community Engagement 
ENTP,4350,001,,19,,,17,,,2,,,,,1,,,,,,"Marcus-Rehtmeyer, Carol","Kuruganti, Arun",,,,,cxm230023,carol marcus rehtmeyer,Corporate Entrepreneurship 
ENTP,4360,501,1,12,,4,,,,,,,,,2,,,,,,"Wright, Robert G",,,,,,rgw091000,robert wright,Innovation and Creativity 
ENTP,6370,0W1,,7,12,,18,2,,1,,,,,,,,,1,,"Kimzey, Jackie R","Wang, Manxin",,,,,jxk092000,jackie kimzey,Innovation and Entrepreneurship 
ENTP,6370,501,,6,3,,1,1,,,,,,,,,,,,,"Kim, Sangyun",,,,,,sxk240164,sangyun kim,Innovation and Entrepreneurship 
ENTP,6375,001,,2,6,10,9,7,,,,,,,,,,,,,"Shermon, Anavir","Zhang, Huinan",,,,,axs230255,anavir shermon,Technology Strategies and New Product Development 
ENTP,6375,0W1,,6,3,2,4,1,1,,,,,,1,,,,,,"Shah, Rajiv R","Jadhav, Ankita K",,,,,rxs079000,rajiv shah,Technology Strategies and New Product Development 
ENTP,6375,501,,1,4,4,5,2,,,,,,,,,,,,,"Shermon, Anavir","Zhang, Huinan",,,,,axs230255,anavir shermon,Technology Strategies and New Product Development 
ENTP,6380,501,,4,1,5,,7,,,,,,,,,,,,,"Nichols, Paul M",,,,,,pxn120030,paul nichols,Market Entry Strategies 
ENTP,6V99,501,,9,5,2,1,,1,,,,,,,,,,1,,"Sundararajan, Gowrishankar","Huang, He",,,,,gxs230030,gowrishankar sundararajan,Special Topics in Entrepreneurship 
ENVR,2302,001,20,6,5,3,1,1,,,,,,,,,,,,,"Conway, Crystal M","Sonet, M Shahriar",,,,,cmc210002,crystal conway,The Global Environment 
ENVR,2302,0W1,31,7,11,3,2,1,2,2,1,2,,,3,,,,2,,"Ahmed, Md. Nakir","Rahman, Mahbubur",,,,,mxa200006,md nakir ahmed,The Global Environment 
ENVR,3336,001,,2,2,2,,1,,1,,,,,1,,,,1,,"Rahman, Muhammad T","Hutchison, Megan A","Frimpong, Kwadwo",,,,mtr018000,,Fundamentals of Sustainability 
EPCS,2200,001,12,20,9,5,2,5,2,,,,,,,,,,3,,"Turcatti, Andrea M","Aird, Jeanie A",,,,,amt101000,,Engineering Projects in Community Service 
EPCS,2200,002,14,21,12,5,2,,,1,,,,,1,,,,1,,"Turcatti, Andrea M","Aird, Jeanie A",,,,,amt101000,,Engineering Projects in Community Service 
EPCS,3200,001,,9,4,,,,,,,,,,,,,,,,"Turcatti, Andrea M","Aird, Jeanie A",,,,,amt101000,,Engineering Projects in Community Service II 
EPCS,3200,002,6,7,5,1,1,,,,,,,,,,,,,,"Turcatti, Andrea M","Aird, Jeanie A",,,,,amt101000,,Engineering Projects in Community Service II 
EPPS,1110,001,43,7,11,5,2,2,3,3,5,2,3,,5,,,,1,,"Sharman, Whitney",,,,,,wxs180011,,Critical Issues in the Social Sciences 
EPPS,1110,002,52,10,10,5,5,,2,1,2,,1,,5,,,,1,,"Gutierrez, Alejandra",,,,,,axg173831,,Critical Issues in the Social Sciences 
EPPS,1110,003,,48,,,19,,,17,,,,,6,,,,,,"Lanham, Carol C","Shuaib-Adeniyi, A Joke H",,,,,ccl054000,carol lanham,Critical Issues in the Social Sciences 
EPPS,2301,001,3,7,10,5,,5,1,5,,,,,,,,,3,,"Lamberova, Natalia","Subramanian, Venkatesh",,,,,nxl210021,,Research Design in the Social and Policy Sciences 
EPPS,2301,002,12,9,13,7,4,9,2,2,2,,,,,,,,,,"Sutiagin, Anton",,,,,,axs230036,,Research Design in the Social and Policy Sciences 
EPPS,2301,0W1,5,10,5,7,7,8,2,4,1,3,5,2,8,,2,,3,,"Kosiewicz, Holly","Hasib, Md. Al",,,,,hxk200027,holly kosiewicz,Research Design in the Social and Policy Sciences 
EPPS,2302,001,3,7,3,2,3,,1,,,2,2,,1,,,,,,"Brunell, Thomas L","Chowdhury, Partha",,,,,tlb056000,thomas brunell,Methods of Quantitative Analysis in the Social and Policy Sciences 
EPPS,2302,002,2,3,9,4,2,8,2,5,2,,1,1,1,,,,,,"Bray, Timothy M","Mir Akhmadova, Musharraf",,,,,tmb021000,timothy bray,Methods of Quantitative Analysis in the Social and Policy Sciences 
EPPS,2302,003,4,2,1,1,1,,1,1,1,,,,1,,,,,,"Dao, Minh T",,,,,,mtd220000,minh dao,Methods of Quantitative Analysis in the Social and Policy Sciences 
EPPS,2307,001,3,3,7,5,6,10,1,2,1,,1,2,2,,,,2,,"Stout, Brennan J","Jeong, Min",,,,,bjs170000,,Digital Earth 
EPPS,2307,002,12,12,11,4,4,2,1,2,,1,,,3,,,,2,,"Rahman, Muhammad T","Hutchison, Megan A","Frimpong, Kwadwo",,,,mtr018000,,Digital Earth 
EPPS,4337,001,,,,,,,,,,,,,,54,,1,3,,"Harrington, James",,,,,,jxh134630,james harrington,
EPPS,6302,001,,29,5,1,4,,,,,,,,,,,,,,"Ho, Ka-Yiu",,,,,,kxh022100,karl ho,Methods of Data Collection and Production 
EPPS,6313,001,,4,6,4,2,,1,1,,,,,,,,,1,,"Zhang, Pengfei","Tao, Jing",,,,,pxz220003,pengfei zhang,Introduction to Quantitative Methods 
EPPS,6313,501,,24,13,3,5,,,,,,,,,,,,1,,"Bray, Timothy M",,,,,,tmb021000,timothy bray,Introduction to Quantitative Methods 
EPPS,6356,501,,13,4,,1,,,,,,,,,,,,,,"Ho, Ka-Yiu","Chan, Chun Man",,,,,kxh022100,karl ho,Data Visualization 
EPPS,7313,501,,4,2,4,,3,,,,,,,,,,,,,"Kim, Dohyeong","Choi, Sunghye",,,,,dxk132530,dohyeong kim,Descriptive and Inferential Statistics 
EPPS,7386,501,,10,6,2,1,,,,,,,,,,,,,,"Bram, Curtis","Yin, Huiyan",,,,,cxb230007,curtis bram,Survey Research 
FILM,1303,001,,4,29,5,4,1,,,,,,,1,,,,,,"Imaoka, Laura B","Alake, Olaoluwa J",,,,,lxi170030,laura imaoka,Transnational Film and Video 
FILM,1303,002,8,8,6,2,4,2,2,1,4,,,2,,,,,,,"Wellborn, Brecken H",,,,,,bhw200001,brecken wellborn,Transnational Film and Video 
FILM,1303,003,19,5,5,,3,,,,,,,,1,,,,,,"Faali, Amine",,,,,,axf220007,,Transnational Film and Video 
FILM,1303,004,,8,4,1,10,,6,3,,2,2,,4,,,,,,"Berger, Hanno",,,,,,hxb230023,hanno berger,Transnational Film and Video 
FILM,1303,0W1,19,11,10,,3,1,,,,,,1,,,,,4,,"Martinez Ochoa, Angelica M",,,,,,amm180028,,Transnational Film and Video 
FILM,1303,0W2,14,9,11,1,5,1,,1,1,,,,,,,,2,,"Martinez Ochoa, Angelica M",,,,,,amm180028,,Transnational Film and Video 
FILM,1303,0W3,35,7,2,1,,,,,,,,,1,,,,2,,"Bennett, Jason H",,,,,,jhb042000,jason bennett,Transnational Film and Video 
FILM,2332,001,10,9,11,4,,1,,3,,,,,1,,,,1,,"Shows, Gregory S",,,,,,gss034000,,Understanding Film 
FILM,2332,002,1,3,14,5,2,7,,1,,1,,,1,,,,3,,"Okwulogu, Maureen",,,,,,mxo190005,maureen okwulogu,Understanding Film 
FILM,2332,003,4,7,16,5,2,2,,,,,1,,,,,,,,"Cooper, Dalton W",,,,,,dwc200005,dalton cooper,Understanding Film 
FILM,2332,004,11,10,11,2,1,1,,1,1,,,,2,,,,,,"Catlett, Rachel",,,,,,rxc210073,,Understanding Film 
FILM,2332,0W3,,1,8,7,10,6,2,1,6,,1,1,1,,,,4,,"Ivey, Tinamarie",,,,,,txi210000,tinamarie ivey,Understanding Film 
FILM,3321,001,1,4,3,5,1,,,1,,,,,,,,,,,"Pedrena, Rowena",,,,,,dal666703,,Film in Historical Context 
FILM,3325,001,3,6,3,2,,1,,,,,,,1,,,,,,"McLean, Adrienne L",,,,,,amclean,adrienne mclean,Film Authorship 
FIN,3300,001,,20,6,12,3,8,4,6,,,,,,,,,,,"Fan, Lin",,,,,,lxf210000,,Personal Finance 
FIN,3305,001,3,5,1,2,4,2,4,4,7,,5,1,2,,,,,,"Guttery, Randall","Chandio, Abdul R",,,,,rxg112530,randall guttery,Real Estate Principles 
FIN,3305,002,,6,1,4,7,5,1,4,3,5,5,1,,,,,,,"Guttery, Randall","Chandio, Abdul R",,,,,rxg112530,randall guttery,Real Estate Principles 
FIN,3305,501,,17,5,1,12,,,5,1,,1,,1,,,,1,,"Hedgecock, Blake",,,,,,bxh132030,blake hedgecock,Real Estate Principles 
FIN,3320,001,12,3,2,2,2,6,5,1,2,1,1,2,1,,,,1,,"Li, Xinwei","Zhang, Xiao",,,,,dal289413,,Business Finance 
FIN,3320,002,11,10,14,6,8,4,2,3,2,,,,1,,,,2,,"Xiao, Wenjing","Mahesh Sadasivan, Karthik",,,,,swx170030,,Business Finance 
FIN,3320,003,4,8,12,9,14,4,5,1,1,,1,2,,,,,1,,"Xiao, Wenjing","Mahesh Sadasivan, Karthik",,,,,swx170030,,Business Finance 
FIN,3320,004,2,2,4,,6,4,4,3,1,2,,,4,,,,1,,"Gurun, Ayfer","Chandio, Abdul R",,,,,axg119030,ayfer gurun,Business Finance 
FIN,3320,005,,9,9,10,7,7,3,3,5,,5,,3,,,,2,,"Xiao, Chong","Thapa, Santosh",,,,,sxx150930,steven xiao,Business Finance 
FIN,3320,006,1,4,15,8,8,9,2,3,,,,,,,,,4,,"Khanapure, Revansiddha B","Huzeifa, FNU",,,,,rbk160130,revansiddha khanapure,Business Finance 
FIN,3320,007,,3,2,2,3,1,2,2,3,3,4,3,2,,,,3,,"Gurun, Ayfer","Chandio, Abdul R",,,,,axg119030,ayfer gurun,Business Finance 
FIN,3320,008,12,7,6,2,5,4,1,4,3,,,1,,,,,2,,"Liu, Jiabin",,,,,,jxl200093,jiabin liu,Business Finance 
FIN,3320,009,3,11,9,15,5,6,4,5,,,,,1,,,,1,,"Mojtahedi, Soroush",,,,,,sxm200247,,Business Finance 
FIN,3320,010,,12,12,9,5,8,4,2,2,,5,,,,,,1,,"Xiao, Chong","Thapa, Santosh",,,,,sxx150930,steven xiao,Business Finance 
FIN,3320,011,11,17,1,6,4,,1,2,,1,2,,,,,,2,,"Kurucak, Umit J",,,,,,axk179330,umit kurucak,Business Finance 
FIN,3320,012,1,2,9,12,12,4,3,1,,,1,,,,,,2,,"Khanapure, Revansiddha B","Huzeifa, FNU",,,,,rbk160130,revansiddha khanapure,Business Finance 
FIN,3320,013,,6,2,1,5,4,1,6,6,2,1,5,2,,,,3,,"El-Ashmawi, Amal H",,,,,,ahe013000,amal el ashmawi,Business Finance 
FIN,3320,014,6,7,10,4,6,5,5,5,1,,1,,4,,,,5,,"Bachani, Girish V",,,,,,gxb151730,girish bachani,Business Finance 
FIN,3320,015,4,4,1,1,2,5,,4,,,3,,,,3,,2,,"Rebello, Michael J",,,,,,mjr071000,michael rebello,Business Finance 
FIN,3320,016,8,4,4,1,7,1,4,1,4,1,4,5,1,,,,1,,"Li, Xinwei",,,,,,dal289413,,Business Finance 
FIN,3320,501,3,7,,4,7,1,3,5,4,,,,1,,2,,2,,"Chen, Huaizhi","Tiu, Andrei",,,,,dal399433,,Business Finance 
FIN,3320,HON,,24,21,10,4,3,1,,1,,,,,,,,,,"Xiao, Chong","Thapa, Santosh",,,,,sxx150930,steven xiao,Business Finance 
FIN,3340,501,,26,7,13,18,5,,1,,,,,,,,,2,,"Lewin, Peter",,,,,,plewin,peter lewin,Regulation of Business and Financial Markets 
FIN,3350,001,,10,,6,20,,2,6,,1,2,,1,,,,1,,"Richards, James R",,,,,,jrr013500,james richards,Financial Markets and Institutions 
FIN,3350,002,,10,,4,10,1,2,7,,,2,,,,,,2,,"Richards, James R",,,,,,jrr013500,james richards,Financial Markets and Institutions 
FIN,3360,001,28,7,1,2,6,,,,1,,2,,,,,,,,"Hamzeh, Alireza",,,,,,axh190064,alireza hamzeh,Entrepreneurial Finance 
FIN,3370,001,6,4,4,3,9,1,1,4,2,,1,,,,,,1,,"Vicente, Ricardo","Dudhat, Shail M",,,,,dal277736,,Principles of Risk Management and Insurance 
FIN,3370,002,14,9,7,2,5,2,1,3,1,,1,,1,,,,2,,"Vicente, Ricardo","Dudhat, Shail M",,,,,dal277736,,Principles of Risk Management and Insurance 
FIN,3380,001,3,3,3,6,6,4,7,5,3,4,1,,2,,,,1,,"Gurun, Ayfer","Chandio, Abdul R",,,,,axg119030,ayfer gurun,International Financial Management 
FIN,3390,001,13,2,6,5,2,3,1,6,5,9,,,5,,,,6,,"Kaur, Dupinderjeet","Khandelwal, Kshitiz",,,,,dxk110730,dupinderjeet kaur,Introduction to Financial Modeling 
FIN,3390,002,13,3,6,3,2,2,5,,3,12,,,8,,,,2,,"Kaur, Dupinderjeet","Uppalapati, Krishna Chaitanya",,,,,dxk110730,dupinderjeet kaur,Introduction to Financial Modeling 
FIN,3390,003,5,25,14,5,3,3,,,,,,,,,,,,,"Pang, Hao","Ghorbani, Elham",,,,,hxp240026,,Introduction to Financial Modeling 
FIN,3390,004,6,28,,10,2,,,,,,,,,,,,2,,"Pang, Hao","Ghorbani, Elham",,,,,hxp240026,,Introduction to Financial Modeling 
FIN,3390,005,21,2,2,1,3,3,3,,2,8,,,10,,,,8,,"Kaur, Dupinderjeet","Uppalapati, Krishna Chaitanya",,,,,dxk110730,dupinderjeet kaur,Introduction to Financial Modeling 
FIN,3395,501,,13,10,12,15,8,,,,,,,,,,,,,"Noland, Jeffrey S",,,,,,jxn125330,jeff noland,Financial Modeling and Valuation 
FIN,4080,001,,,,,,,,,,,,,,13,,,,,"Nishi, Hirofumi",,,,,,hxn210016,hirofumi nishi,
FIN,4080,091,,,,,,,,,,,,,,48,,1,,,"Nishi, Hirofumi",,,,,,hxn210016,hirofumi nishi,
FIN,4300,001,,5,13,13,10,5,2,,,,,,,,,,,,"Khanapure, Revansiddha B","Huzeifa, FNU",,,,,rbk160130,revansiddha khanapure,Investment Management 
FIN,4300,002,,5,3,,7,,,3,2,,4,1,2,,,,1,,"Wei, Kelsey D","Zhong, Yaxin",,,,,kdw061000,kelsey wei,Investment Management 
FIN,4300,003,,8,,,3,1,,5,5,,2,2,3,,,,7,,"Wei, Kelsey D","Zhong, Yaxin",,,,,kdw061000,kelsey wei,Investment Management 
FIN,4300,004,,8,,1,5,1,1,2,2,,,3,5,,,,1,,"Wei, Kelsey D","Zhong, Yaxin",,,,,kdw061000,kelsey wei,Investment Management 
FIN,4303,001,,4,9,7,4,7,3,2,,2,2,,1,,,,,,"Ballew, Gregory","Mehta, Vidisha Jayesh",,,,,geb011100,gregory ballew,Investment Strategies 
FIN,4307,001,4,9,12,6,7,3,1,1,,,1,,,,,,,,"Xiao, Wenjing","Mahesh Sadasivan, Karthik",,,,,swx170030,,Private Equity 
FIN,4310,001,2,2,3,3,6,7,8,3,4,2,,2,,,,,6,,"Meier, Jean-Marie A","Mei, Zhiming",,,,,jmm172030,jean marie meier,Intermediate Financial Management 
FIN,4310,002,3,1,3,3,7,8,8,4,4,,3,3,,,,,1,,"Meier, Jean-Marie A","Mei, Zhiming",,,,,jmm172030,jean marie meier,Intermediate Financial Management 
FIN,4310,003,1,4,7,5,3,4,8,6,4,2,5,,,,,,3,,"Anderson, Frank W",,,,,,fwa012000,,Intermediate Financial Management 
FIN,4310,004,,1,2,1,2,1,2,3,1,6,1,,2,,,,,,"Anderson, Frank W",,,,,,fwa012000,,Intermediate Financial Management 
FIN,4310,501,2,3,3,5,6,5,5,4,2,1,,2,5,,,,2,,"Meier, Jean-Marie A","Mei, Zhiming",,,,,jmm172030,jean marie meier,Intermediate Financial Management 
FIN,4321,501,1,5,3,,9,5,,3,1,,1,,,,,,,,"Hedgecock, Blake",,,,,,bxh132030,blake hedgecock,Real Estate Law and Contracts 
FIN,4331,001,2,1,,3,3,3,1,2,3,,,1,2,,,,2,,"Kaplan, Larry S",,,,,,lsk140130,larry kaplan,Business Liability Risk Management and Insurance 
FIN,4333,001,1,4,1,5,1,,1,,,,,,,,,,,,"Vicente, Ricardo","Dudhat, Shail M",,,,,dal277736,,Enterprise Risk Management 
FIN,4337,501,,1,3,1,3,4,1,,1,,,,,,,,,,"Ballew, Gregory","Shivaani, MV",,,,,geb011100,gregory ballew,Business Valuation 
FIN,4340,501,2,19,11,9,1,1,,1,,,1,,2,,,,4,,"Ravindran, Kannoo","Pari, Arunkumar",,,,,dal839044,kannoo ravindran,Options and Futures Markets 
FIN,4345,001,4,25,7,9,6,6,2,1,,,,,,,,,,,"Ma, Liping","Patil, Ajay S",,,,,lxm133730,liping ma,Financial Information and Analysis 
FIN,4351,001,1,2,10,15,3,5,2,,1,,,,,,,,,,"Haynes, Steven","Agarwal, Om",,,,,sxh102420,steven haynes,Operational Risk Management 
FIN,4380,001,,22,,,,,,,,,,,,,,,,,"Ravindran, Kannoo",,,,,,dal839044,kannoo ravindran,Fund Management I 
FIN,4395,001,4,4,6,3,,3,,1,,,,,,,,,,,"Baranchuk, Nina",,,,,,nxb043000,nina baranchuk,Capstone Senior Project - Finance 
FIN,4395,002,4,2,6,2,2,,,,,,,,,,,,,,"Baranchuk, Nina",,,,,,nxb043000,nina baranchuk,Capstone Senior Project - Finance 
FIN,4V80,093,,,,,,,,,,,,,,13,,,,,"Nishi, Hirofumi",,,,,,hxn210016,hirofumi nishi,
FIN,6253,XH1,,13,1,1,1,,,,,,,,,,,,,,"Reichert, Carolyn A",,,,,,carolyn,carolyn reichert,
FIN,6301,001,,3,4,3,2,1,2,,,,,,1,,1,,1,,"Xu, Yexiao","Wu, Jie",,,,,yexiaoxu,yexiao xu,Financial Management 
FIN,6301,002,,16,7,4,5,4,2,2,,,,,4,,,,,,"Nishi, Hirofumi","Mehta, Vidisha Jayesh",,,,,hxn210016,,Financial Management 
FIN,6301,0W1,,12,10,6,8,3,5,5,,,,,1,,,,6,,"Nishi, Hirofumi","Mehta, Vidisha Jayesh",,,,,hxn210016,,Financial Management 
FIN,6301,GW1,,15,1,,3,,,,,,,,1,,,,1,,"Reichert, Carolyn A",,,,,,carolyn,carolyn reichert,
FIN,6301,MBC,,14,6,7,13,6,1,,,,,,,,,,1,,"Reichert, Carolyn A",,,,,,carolyn,carolyn reichert,
FIN,6307,0W1,,9,9,4,6,2,1,4,,,,,,,,,,,"Ma, Liping","Patil, Ajay S",,,,,lxm133730,liping ma,Mathematical Methods for Finance 
FIN,6307,501,,9,3,2,10,9,3,1,,,,,1,,,,1,,"Ma, Liping","Patil, Ajay S",,,,,lxm133730,liping ma,Mathematical Methods for Finance 
FIN,6307,S01,,2,5,2,1,,,,,,,,,,,,,,"Ma, Liping",,,,,,lxm133730,liping ma,
FIN,6308,0W1,,12,7,8,7,8,2,2,,,,,,,,,,,"Lewin, Peter","Konda, Ravi Kiran Reddy",,,,,plewin,peter lewin,Regulation of Business and Financial Markets 
FIN,6310,0W1,,6,5,3,3,2,1,1,,,,,,,,,1,,"Kaur, Dupinderjeet","Uppalapati, Krishna Chaitanya",,,,,dxk110730,dupinderjeet kaur,Investment Theory and Practice 
FIN,6310,501,,7,14,2,3,,,,,,,,,,,,,,"Khanapure, Revansiddha B","Huzeifa, FNU",,,,,rbk160130,revansiddha khanapure,Investment Theory and Practice 
FIN,6318,001,,7,1,4,5,1,,2,,,,,1,,,,2,,"Xu, Yexiao","Wu, Jie",,,,,yexiaoxu,yexiao xu,Analytics of Finance 
FIN,6318,002,,11,12,6,6,6,6,1,,,,,,,1,,,,"Xu, Yexiao","Wu, Jie",,,,,yexiaoxu,yexiao xu,Analytics of Finance 
FIN,6318,S01,,3,3,2,2,,,,,,,,,,,,,,"Xu, Yexiao","Wu, Jie",,,,,yexiaoxu,yexiao xu,
FIN,6321,0W1,,31,1,1,4,2,,1,,,,,3,,,,,,"Lynch, Julie","Agarwal, Om",,,,,jxl180030,julie lynch,Introduction to Real Estate 
FIN,6325,001,,6,3,2,4,3,2,2,,,,,,,,,,,"Rivera Mesias, Alejandro","Zhang, Xiao",,,,,axr150331,alejandro rivera mesias,Macroeconomics and Financial Markets 
FIN,6325,S01,,3,7,,,,,,,,,,,,,,,,"Wynne, Mark",,,,,,,mark wynne,
FIN,6327,501,,7,6,2,2,1,,,,,,,,,,,1,,"Zheng, Zhiqiang","Zou, Yuelong",,,,,zxz062000,zhiqiang zheng,Advanced AI Techniques for Financial Applications 
FIN,6352,501,,6,7,4,11,3,2,1,,,,,,,,,,,"Davis, Richard L",,,,,,rld170030,richard davis,Financial Modeling for Valuation 
FIN,6352,S01,,2,3,,1,2,1,1,,,,,,,,,,,"Baranchuk, Nina","Valleti, Harshita Sri",,,,,nxb043000,nina baranchuk,
FIN,6353,001,,19,18,6,5,,,1,,,,,,,,,,,"Zhang, Huibing","Valleti, Harshita Sri",,,,,hxz054000,huibing harold zhang,Financial Modeling for Investment Analysis 
FIN,6356,501,,21,3,,,,,,,,,,,,,,,,"Chen, Huaizhi","Tiu, Andrei",,,,,dal399433,,Mergers and Acquisitions 
FIN,6360,001,,12,,,3,,1,,,,,,,,,,,,"Kaur, Dupinderjeet","Khandelwal, Kshitiz",,,,,dxk110730,dupinderjeet kaur,Derivatives Markets 
FIN,6360,0W1,,4,5,5,3,,,1,,,,,,,,,,,"Zhao, Feng","Ghorbani, Elham",,,,,fxz082000,feng zhao,Derivatives Markets 
FIN,6V98,001,,,,,,,,,,,,,,,,,,14,"Reichert, Carolyn A",,,,,,carolyn,carolyn reichert,
FTEC,6302,F01,,5,2,1,2,1,1,,,,,,,,1,,1,,"Baranchuk, Nina","Kieschnick, Robert L","Valleti, Harshita Sri",,,,nxb043000,nina baranchuk,
FTEC,6310,F01,,1,4,2,3,2,,,,,,,1,,,,1,,"Scott, James",,,,,,jas076100,james scott,
FTEC,6312,F01,,,2,1,7,3,2,,,,,,,,,,,,"Kieschnick, Robert L","Lewellen, Michael N",,,,,rkiesch,robert kieschnick,
FTEC,6319,F01,,5,2,1,,,,1,,,,,,,,,1,,"Song, Liugen",,,,,,lxs190018,liugen song,
FTEC,6V96,F01,,9,1,2,,,,,,,,,,,,,,,"Kieschnick, Robert L","Tyler, Kam Yuk",,,,,rkiesch,robert kieschnick,
FTEC,6V97,F01,,3,,,8,,,2,,,,,,,1,,,,"Bourji, Mohamad A",,,,,,,mohamad bourji,
FTEC,6V97,F02,,5,5,1,1,,,,,,,,,,,,,,"Haynes, Steven",,,,,,sxh102420,steven haynes,
FTEC,6V99,F01,,4,,,3,,,1,,,,,1,,,,1,,"Kieschnick, Robert L","Center, Brandon","Mignone, John",,,,rkiesch,robert kieschnick,
GEOG,2302,001,9,3,2,4,2,,1,,,,,,,,,,1,,"Conway, Crystal M","Sonet, M Shahriar",,,,,cmc210002,crystal conway,The Global Environment 
GEOG,2302,0W1,16,3,5,,7,3,2,4,,,,1,2,,,,,,"Ahmed, Md. Nakir","Rahman, Mahbubur",,,,,mxa200006,md nakir ahmed,The Global Environment 
GEOG,2303,0W1,,8,38,27,15,3,1,3,2,1,1,,4,,,,1,,"Dong, Fangchao","Davenport, Miranda J",,,,,fxd220006,,World Regional Geography 
GEOG,3331,001,4,2,3,2,2,2,,,1,,,,,,,,,,"Adeuga, Adewole M",,,,,,ama200023,adewole adeuga,Smart and Sustainable Cities 
GEOG,3357,001,2,5,2,4,3,1,2,,,,,,,,,,1,,"Tiefelsdorf, Michael R","Aboagye, Nicholas",,,,,mrt052000,michael tiefelsdorf,Spatial Dimensions of Health and Disease 
GEOS,1103,102,8,2,,2,,1,,,,,,,,,,,,,"Willis, Siloa B","Crowley, Clinton W",,,,,sbw140030,,Physical Geology Laboratory 
GEOS,1104,101,1,2,2,2,2,,,,,,,,1,,,,,,"Pujana, Ignacio","Mone, Arajoo J",,,,,pujana,ignacio pujana,History of Earth and Life Laboratory 
GEOS,1303,001,4,3,3,1,8,7,,6,1,,,,2,,,,,,"Yurchenko, Inessa","Jian, Xiange",,,,,ixy220003,,Physical Geology 
GEOS,1303,002,5,8,,3,8,,1,2,,1,,,1,,,,1,,"Mueller, Nicholas J",,,,,,njm043000,,Physical Geology 
GEOS,1303,0W1,72,77,20,3,20,10,7,10,3,4,1,3,5,,,,9,,"Pujana, Ignacio","Griffin, William R","Huang, Chongpeng",,,,pujana,ignacio pujana,Physical Geology 
GEOS,1303,5W1,62,24,5,2,1,2,1,1,,,,,,,,,,,"Griffin, William R",,,,,,griffin,william griffin,Physical Geology 
GEOS,1304,001,1,3,1,4,1,1,,,,,,,,,,,,,"Pujana, Ignacio","Mone, Arajoo J",,,,,pujana,ignacio pujana,History of Earth and Life 
GEOS,2302,001,12,5,2,1,,,,,,,,,,,,,,,"Conway, Crystal M","Sonet, M Shahriar",,,,,cmc210002,crystal conway,The Global Environment 
GEOS,2302,0W1,17,4,3,3,1,2,,1,1,,1,2,2,,,,,,"Ahmed, Md. Nakir","Rahman, Mahbubur",,,,,mxa200006,md nakir ahmed,The Global Environment 
GEOS,2307,001,1,1,3,5,3,1,2,3,2,2,2,1,2,,,,1,,"Stout, Brennan J","Jeong, Min",,,,,bjs170000,,Digital Earth 
GEOS,2307,002,8,8,4,1,1,3,,1,1,,,,3,,,,1,,"Rahman, Muhammad T","Hutchison, Megan A","Frimpong, Kwadwo",,,,mtr018000,,Digital Earth 
GEOS,2310,0W1,4,2,4,4,5,9,1,8,6,,6,2,4,,,,3,,"Yurchenko, Inessa","Karimi, Fatemeh",,,,,ixy220003,,Environmental Geology 
GEOS,2321,0W1,1,5,8,3,6,1,,1,1,,,,,,,,3,,"Stern, Robert J","Pujana, Ignacio","Abayomi, Ayodele A",,,,rjstern,robert stern,Geology  Resources  and Environment of Latin America 
GEOS,2340,0H1,,2,2,5,,,,,,,,,,,,,5,,"Stern, Robert J","Griffin, William R","Crowley, Clinton W",,,,rjstern,robert stern,Comets Love Meteorites 
GEOS,3464,001,,2,5,2,2,,,,,,,1,,,,,,,"Willis, Siloa B","Adeyemi, Oluwaseun",,,,,sbw140030,,Earth Materials 
GEOS,3475,001,6,5,,1,1,,,,,,,,,,,,,,"Butler, Kristina L","Mesbah, Niloofar",,,,,kxb230025,,Geochemistry 
GEOS,4320,001,,2,3,3,6,,1,2,1,,,,,,,,,,"Byrnes, Joseph","Chowdhury, Aditya",,,,,dal487747,,The Physics of the Solid Earth 
GEOS,4430,001,2,2,2,1,2,,,,,,2,,,,,,,,"Sink, Katharine O","Karimi, Fatemeh",,,,,kos180000,,Hydrogeology and Aqueous Geochemistry 
GEOS,5000,001,,,,,,,,,,,,,,,,,,10,"Sickmann, Zachary",,,,,,zxs220011,zachary sickmann,SESS Graduate Seminar 
GEOS,5302,001,,11,,,,,,,,,,,,,,,,,"Butler, Kristina L","Mesbah, Niloofar",,,,,kxb230025,,Geochemistry 
GEOS,6392,003,,4,3,1,2,1,,,,,,,,,,,1,,"Lumley, David E",,,,,,del170130,,Exploration Seismology 
GISC,2307,001,2,5,,3,1,3,1,1,,,,,1,,,,,,"Stout, Brennan J","Jeong, Min",,,,,bjs170000,,Digital Earth 
GISC,2307,002,8,5,1,2,,,,,,1,,,1,,,,,,"Rahman, Muhammad T","Hutchison, Megan A","Frimpong, Kwadwo",,,,mtr018000,,Digital Earth 
GISC,3336,001,,2,4,4,1,1,,,,,,1,,,,,,,"Rahman, Muhammad T","Hutchison, Megan A","Frimpong, Kwadwo",,,,mtr018000,,Fundamentals of Sustainability 
GISC,4381,001,1,1,5,3,1,,1,1,,,,,,,,,,,"Michels, Alexander","Gamarra Pacheco, Jose A",,,,,dal384425,,Spatial Data Science 
GISC,6301,001,,11,1,3,1,1,,,,,,,1,,,,3,,"Tiefelsdorf, Michael R","Lee, Changho",,,,,mrt052000,michael tiefelsdorf,GIS Data Analysis Fundamentals 
GISC,6317,501,,6,1,2,1,2,,2,,,,,1,,,,1,,"Chastain, Bryan J","Yang, Defei",,,,,bjc062000,bryan chastain,Python Programming for Social Science 
GISC,6321,001,,5,1,2,2,,1,,,,,,,,,,,,"Michels, Alexander","Gamarra Pacheco, Jose A",,,,,dal384425,,Spatial Data Science 
GOVT,2305,001,30,88,89,31,12,20,5,7,3,,2,1,7,,,,,,"Medhi, Kashmiri","Minoura, Haruna","Chang, Gary",,,,kxm190003,kashmiri medhi,American National Government 
GOVT,2305,002,67,112,47,24,20,8,2,4,5,1,,,5,,,,1,,"Park, Yeon Soo","Alfa, Victor L",,,,,dal602778,yeon soo park,American National Government 
GOVT,2305,003,12,39,63,33,34,36,25,13,12,6,1,4,6,,,,4,,"Sharpe, Conrad M","Wang, Ariel A","Shah, Aashutosh",,,,dal601554,conrad sharpe,American National Government 
GOVT,2305,004,61,95,9,4,4,4,2,,,,,,,,,,1,,"Singh, Sonali","Hossain, Ismail",,,,,sxs230108,sonali singh,American National Government 
GOVT,2305,005,17,17,12,7,3,2,4,,1,,,,1,,,,,,"Widner, Katie",,,,,,kxw200020,katie widner,American National Government 
GOVT,2305,006,2,8,10,6,3,5,,,,,,,3,,,,,,"Cincotta, Mamie G",,,,,,mgc180006,,American National Government 
GOVT,2306,001,61,87,77,32,20,8,2,4,1,,3,,2,,,,,,"Medhi, Kashmiri","Minoura, Haruna",,,,,kxm190003,kashmiri medhi,State and Local Government 
GOVT,2306,002,18,60,65,34,18,11,7,2,4,,,1,6,,,,3,,"Sharpe, Conrad M","Shah, Aashutosh","Wang, Ariel A",,,,dal601554,conrad sharpe,State and Local Government 
GOVT,2306,003,42,98,74,26,28,11,6,9,2,,2,,,,,,,,"Medhi, Kashmiri","Chang, Gary",,,,,kxm190003,kashmiri medhi,State and Local Government 
GOVT,2306,004,,188,68,18,6,5,4,2,,1,,1,4,,,,,,"Elliott, Euel W","Shafiq, Sadman","Choi, Yoonhee",,,,eelliott,euel elliott,State and Local Government 
GOVT,2306,005,44,150,53,27,11,5,2,2,2,,,,2,,,,,,"Park, Yeon Soo","Mamun, Md Abdullah Al",,,,,dal602778,yeon soo park,State and Local Government 
GOVT,2306,006,8,53,47,25,47,29,22,23,9,7,5,2,6,,,,13,,"Santoro, Lauren A","Khan, Humza","Pillai, Maitreyi M",,,,lar170530,lauren santoro,State and Local Government 
GOVT,2306,007,,91,31,12,9,7,1,4,2,,1,,8,,,,1,,"Elliott, Euel W","Shafiq, Sadman","Choi, Yoonhee",,,,eelliott,euel elliott,State and Local Government 
GOVT,2306,HN1,4,11,4,5,1,,,,,,,,,,,,,,"Dow, Douglas C",,,,,,dougdow,douglas dow,State and Local Government 
GOVT,2306,HN2,18,8,,,1,,,,,,1,,,,,,,,"Montgomery, Joshua P",,,,,,jpm130430,joshua montgomery,State and Local Government 
GOVT,2306,HN3,16,11,,,,,,,,,,,,,,,,,"Montgomery, Joshua P",,,,,,jpm130430,joshua montgomery,State and Local Government 
GOVT,2306,HN4,20,7,,,1,,,,,,,,,,,,,,"Montgomery, Joshua P",,,,,,jpm130430,joshua montgomery,State and Local Government 
GOVT,2306,HN5,14,10,4,,,,,,,,,,,,,,,,"Montgomery, Joshua P",,,,,,jpm130430,joshua montgomery,State and Local Government 
GOVT,2306,HN6,,23,7,,,,,,,,,,,,,,,,"Elliott, Euel W","Shafiq, Sadman","Choi, Yoonhee",,,,eelliott,euel elliott,State and Local Government 
GST,2300,001,1,3,8,4,4,1,,,,,,,1,,,,1,,"Smith, Erin",,,,,,erins,erin smith,Introduction to Gender Studies 
GST,3302,001,1,3,2,1,1,2,,,,,,,,,1,,,,"Jakobsson, Pia K",,,,,,pkj010100,pia jakobsson,Gender in Western Thought 
HCS,6302,001,,,,,,,,,,,,,,,,,,24,"Stillman, Robert D",,,,,,stillman,robert stillman,Issues in Behavioral and Brain Sciences 
HCS,6312,001,,1,7,1,1,1,,2,,,,,,,,,,,"Ackerman, Robert A","Latteri, Christopher W",,,,,raa110030,robert ackerman,Intermediate Research Methods in Behavioral and Brain Sciences - Part I 
HCS,6315,001,,10,1,,,,,,,,,,,,,,,,"Jahn, Kelly N",,,,,,kxj210014,,Scientific and Grant Writing 
HCS,6327,001,,6,1,1,2,,,,,,,,,,,,,,"Boyd, Ryan L",,,,,,rlb240002,ryan boyd,Personality 
HCS,6340,002,,7,4,2,,,1,,,,,,,,,,,,"Kroener, Sven",,,,,,sxk101000,sven kroener,Cellular Neuroscience 
HCS,6350,001,,8,1,,2,,,,,,,,,,,,,,"Holub, Shayla C",,,,,,sch052000,shayla holub,Social Development 
HCS,7121,001,,,,,,,,,,,,,,,,,1,41,"Tavares Ferreira, Diana M",,,,,,dxt170008,diana tavares ferreira,Graduate Seminar in Systems Neuroscience 
HCS,7309,001,,9,,,,,,,,,,,,,1,,,,"Hart, John",,,,,,jxh057100,,Neural Correlates of Human Cognition I  Functional Localization 
HCS,7325,001,,15,,,,,,,,,,,,,,,,,"Behroozmand, Roozbeh",,,,,,rxb230048,roozbeh behroozmand,Seminar in Speech Science 
HCS,7343,001,,4,,,6,,,,,,,,,,,,1,,"Eagle, Andrew L",,,,,,ale230000,,Neuropharmacology 
HCS,7355,001,,8,4,3,,,,,,,,,,,,,,,"Warren, Stacie",,,,,,sxw220017,stacie warren,Seminar in Psychology 
HDCD,6312,001,,19,,,,,,,,,,,,,,,,,"Timmons, Lisa N","Grant, Meridith G","Holub, Shayla C",,,,lnk081000,lisa timmons,Atypical Development 
HDCD,6315,001,,18,,,1,,,,,,,,,,,,,,"Timmons, Lisa N","Grant, Meridith G","Holub, Shayla C",,,,lnk081000,lisa timmons,Assessment Theory 
HDCD,6319,001,,10,,,6,,,,,,,,,,,,,,"Atchison, Kristin J",,,,,,kja042000,kristin atchison,The Developing Child  Infants and Toddlers 
HIST,1301,001,7,29,58,45,33,44,14,17,7,3,4,4,16,,,,8,,"Schulze, Jeffrey M","Ela, Tanvin","Bengaro, Sabro","Hodges, Richard","Al Sayyedan, Mojtaba","Akhighu, Odegua M",jxs072200,jeffrey schulze,U S  History Survey to Civil War 
HIST,1301,002,45,74,22,11,12,3,4,1,2,1,3,,,,,,,,"Schlereth, Eric R","Cummings, Clayton","Armstrong, Jennifer J","Gee, Taylor N",,,exs082000,eric schlereth,U S  History Survey to Civil War 
HIST,1301,003,,36,23,14,17,9,5,,2,,,,7,,,,3,,"Wright, Ben","Vecchio, Anthony","Weirich, Kaitlyn A",,,,bxw151330,ben wright,U S  History Survey to Civil War 
HIST,1301,004,20,16,,7,19,,8,13,,,2,,3,,,,,,"Bocchine, Kristin",,,,,,kxb180022,,U S  History Survey to Civil War 
HIST,1301,005,,1,5,2,6,3,2,2,1,1,,1,1,,,,2,,"Schulze, Jeffrey M",,,,,,jxs072200,jeffrey schulze,U S  History Survey to Civil War 
HIST,1302,501,48,13,,1,3,2,,1,,,,,1,,,,,,"Pettengill, Ryan S","Kalkanli, Ogulcan",,,,,rsp120030,ryan pettengill,U S  History Survey from Civil War 
HIST,1302,502,4,8,9,5,4,2,2,2,1,,,1,4,,,,2,,"Seton-Rogers, Cynthia M",,,,,,cmc063000,,U S  History Survey from Civil War 
HIST,2301,001,1,11,31,36,35,39,18,9,14,9,4,5,13,,,,4,,"Schulze, Jeffrey M","Edwards, Jeffery G","Rufino, Maria E","Turner, Joey A","Wu, Xingyou",,jxs072200,jeffrey schulze,History of Texas 
HIST,2340,001,3,6,11,3,5,2,1,,,,,1,1,,,,1,,"Admiral, Rosemary G",,,,,,rxa170011,rosemary admiral,Middle East Civilizations 
HIST,2341,001,2,15,7,2,5,1,,,,,,,1,,,,,,"Li, En",,,,,,exl230012,en li,East Asian Civilizations 
HIST,2360,001,4,9,8,4,3,1,,,,,,,,,,,,,"Bragg, Tiffany",,,,,,dal935004,,European Civilizations 
HIST,2360,501,7,22,14,12,10,2,,2,,,,,1,,,,,,"Wilson, Michael L",,,,,,mwilson,michael wilson,European Civilizations 
HIST,2360,502,4,6,7,2,1,2,,,,,,,3,,,,,,"Bragg, Tiffany",,,,,,dal935004,,European Civilizations 
HIST,2370,0W1,1,12,17,9,,,,,,,,1,2,,1,,2,,"Pfister, Debra H",,,,,,dhpf,debra pfister,The Holocaust 
HIST,2384,001,114,79,9,2,25,4,,3,,,,,2,,,,2,,"Fischer, Anne G","Gagnet, Coco","Zeng, Yuhui","Seidl-Staley, Ash J","Hathaway, David",,agf190000,anne fischer,U S  Women from Settlement to Present 
HIST,3301,001,,2,2,,2,2,2,3,1,,,,2,,,,1,,"Farmer, J Michael",,,,,,jmf073000,michael farmer,Historical Inquiry 
HIST,3313,001,,2,3,3,8,1,1,2,,,1,,1,,,,1,,"Farmer, J Michael",,,,,,jmf073000,michael farmer,Medieval China 
HIST,3324,001,1,6,2,1,,,,,,,,,1,,,,1,,"Wilson, Michael L",,,,,,mwilson,michael wilson,Women in Modern European Society 
HIST,3325,001,3,11,7,2,,,,,,,,,1,,,,,,"Admiral, Rosemary G",,,,,,rxa170011,rosemary admiral,Middle Eastern Women s History 
HIST,3350,501,5,1,2,,,,,,,1,,,1,,,,,,"Pfister, Debra H",,,,,,dhpf,debra pfister,Topics in History 
HIST,3394,001,,4,6,1,1,2,1,1,,,1,2,2,,,,,,"Schulze, Jeffrey M",,,,,,jxs072200,jeffrey schulze,Native American History from the Pre-Columbian Period through 1795 
HIST,3399,001,5,11,1,,,,,,,,,,2,,,,,,"Cuellar Cuellar, Paula S",,,,,,dal175811,,Modern Latin American History 
HIST,4378,001,,7,1,1,,,1,1,,,,,1,,,,1,,"Waite, Kevin",,,,,,dal761769,,Topics in American History 
HIST,4378,002,,6,1,3,,,,,,,,,1,,,,,,"Ring, Natalie J",,,,,,njr041000,natalie ring,Topics in American History 
HIST,4383,001,,12,,,,,,,,,,,,,,,1,,"Fischer, Anne G",,,,,,agf190000,anne fischer,Topics in U S  Southern History 
HIST,4386,001,1,7,2,2,1,1,,,1,,,,2,,,,,,"Hill, Kimberly D",,,,,,kdh140430,kimberly hill,Topics in the History of Race or Ethnicity 
HIST,4390,001,,9,2,1,,1,,,,,,,1,,,,,,"Wright, Ben",,,,,,bxw151330,ben wright,History Capstone Project 
HIST,6300,001,,8,,2,2,1,,1,,,,,1,,,,,,"Ring, Natalie J",,,,,,njr041000,natalie ring,Historical Methods 
HIST,6330,001,,4,,,3,1,,,,,,,3,,,,1,,"Hill, Kimberly D",,,,,,kdh140430,kimberly hill,Regional and Area History in the United States 
HIST,6350,001,,9,,,,,,2,,,,,,,,,,,"Li, En",,,,,,exl230012,en li,Asian History 
HLTH,1301,001,15,5,5,1,3,,,,,,,,1,,,,,,"Goudy, Leah S",,,,,,lsg240000,leah goudy,Introduction to Kinesiology 
HLTH,1301,002,16,8,4,2,,,,,,,,,,,,,,,"Goudy, Leah S",,,,,,lsg240000,leah goudy,Introduction to Kinesiology 
HLTH,1322,0W1,,42,,1,1,,,,,,1,,,,,,,,"Mcbride, Rachael L",,,,,,rlp019100,rachael mcbride,Human Nutrition 
HLTH,1322,0W2,,43,1,1,,,,,,,,,,,,,,,"Mcbride, Rachael L",,,,,,rlp019100,rachael mcbride,Human Nutrition 
HLTH,3101,0W1,,143,,,3,,,,,,1,,2,,,,,,"Sandon, Lona",,,,,,lxs095000,lona sandon,Medical Terminology 
HLTH,3101,0W2,,139,,,7,,,,,,,,2,,,,,,"Sandon, Lona",,,,,,lxs095000,lona sandon,Medical Terminology 
HLTH,3101,0W3,,55,,,3,,,,,,,,,,,,,,"Sandon, Lona",,,,,,lxs095000,lona sandon,Medical Terminology 
HLTH,3101,0W4,,54,,,3,,,,,,,,,,,,,,"Sandon, Lona",,,,,,lxs095000,lona sandon,Medical Terminology 
HLTH,3101,0W5,,48,,,,,,,,,,,,,,,,,"Sandon, Lona",,,,,,lxs095000,lona sandon,Medical Terminology 
HLTH,3300,001,,8,31,29,14,28,16,2,6,1,2,,,,,,2,,"Byrnes, Kathleen A",,,,,,kab019000,kathleen byrnes,Pre-Health Professional Development 
HLTH,3305,001,1,6,4,8,3,2,4,1,1,,,,,,,,1,,"Stark, Azadeh T",,,,,,ats160030,azadeh stark,The U S  Healthcare System 
HLTH,3305,002,32,6,1,,1,,,,,,,,,,,,,,"Goudy, Leah S",,,,,,lsg240000,leah goudy,The U S  Healthcare System 
HLTH,3305,003,6,4,3,5,2,2,1,1,,,,,2,,1,,1,,"Stark, Azadeh T",,,,,,ats160030,azadeh stark,The U S  Healthcare System 
HLTH,3315,001,,3,14,13,9,16,9,1,9,,1,,,,,,1,,"Byrnes, Kathleen A",,,,,,kab019000,kathleen byrnes,Issues in Patient Education 
HLTH,4108,001,26,7,,,,,1,,,,,,,,,,1,,"Rainey, Anthony D",,,,,,doyen,anthony rainey,Verbal Reasoning and Writing for Pre-Health 
HLTH,4304,001,,26,7,2,,1,,,1,,,,,,,,,,"Byrnes, Kathleen A",,,,,,kab019000,kathleen byrnes,Health Professions Internship 
HLTH,4304,501,,18,7,3,,,1,,,,,,,,,,,,"Askew, Victoria",,,,,,vxa180018,victoria askew,Health Professions Internship 
HLTH,4305,001,1,3,11,4,2,3,1,7,1,4,,,2,,,,1,,"Stark, Azadeh T",,,,,,ats160030,azadeh stark,Public Health 
HLTH,4305,501,2,2,4,1,4,2,,,3,,,,2,,1,,,,"Stark, Azadeh T",,,,,,ats160030,azadeh stark,Public Health 
HLTH,4306,001,,1,1,1,1,3,2,1,2,,3,1,,,,,,,"Savard, Ryan R",,,,,,rrs170330,ryan savard,Health and Sport 
HLTH,4310,0W1,14,8,3,1,1,,,1,,,1,,,,,,1,,"Edwards, Christopher W",,,,,,cwe011000,christopher edwards,Information Literacy and Information Resources for Health Care 
HLTH,4310,0W2,,5,4,2,2,3,1,2,2,1,,,2,,,,3,,"Dornback, Sarah",,,,,,sxd220144,sarah dornback,Information Literacy and Information Resources for Health Care 
HLTH,4310,0W3,5,4,3,3,1,6,,1,1,2,1,,1,,,,2,,"Gillo, Sabrina F",,,,,,dal105191,,Information Literacy and Information Resources for Health Care 
HLTH,4380,001,5,5,3,1,2,,,,,,,,,,,,,,"Goudy, Leah S",,,,,,lsg240000,leah goudy,Special Topics in Healthcare 
HMGT,3080,001,,,,,,,,,,,,,,16,,,,,"Karnuta, Daniel",,,,,,dxk173030,daniel karnuta,Healthcare Management Honors Program Seminar 
HMGT,3301,001,8,18,17,7,2,2,1,,,,,1,1,,,,,,"Robb, Horace A",,,,,,hxr220017,horace robb,Healthcare Management 
HMGT,3301,002,5,30,12,7,3,3,,1,,,,,,,,,,,"Robb, Horace A",,,,,,hxr220017,horace robb,Healthcare Management 
HMGT,3301,003,5,8,21,7,8,2,1,,1,,,,,,,,,,"Hashim, Nada","Yizerwe, Regis",,,,,nih160030,,Healthcare Management 
HMGT,3301,0W1,,38,,,2,,,3,,,1,,1,,,,,,"Aubrey, Lea E",,,,,,lec110030,lea aubrey,Healthcare Management 
HMGT,3310,001,,9,11,,,,,,,,,,,,,,,,"Lohr, Yaron",,,,,,dal333946,,Healthcare Regulatory Environment 
HMGT,3310,501,,4,9,5,4,3,,,,,,,,,,,1,,"Bryan, Mary C",,,,,,cxb230057,mary bryan,Healthcare Regulatory Environment 
HMGT,3311,001,,9,,,16,,,11,1,,7,,,,,,1,,"Karnuta, Daniel","Edeoga, Nnamdi",,,,,dxk173030,daniel karnuta,Healthcare Financial Analysis 
HMGT,3320,001,,7,,3,8,,1,7,,,3,,,,,,,,"Karnuta, Daniel","Edeoga, Nnamdi",,,,,dxk173030,daniel karnuta,Economics of Healthcare Environment 
HMGT,3320,002,,3,,1,4,,,11,,,1,,,,,,,,"Karnuta, Daniel","Edeoga, Nnamdi",,,,,dxk173030,daniel karnuta,Economics of Healthcare Environment 
HMGT,4090,091,,,,,,,,,,,,,,16,,,,,"Hashim, Nada",,,,,,nih160030,nada hashim,
HMGT,4321,001,1,12,,1,20,,,2,,,,,,,,,,,"Nedbal, Joseph","Sreeramareddy, Keerthana",,,,,jan160230,joe nedbal,Healthcare Information Systems 
HMGT,6310,AW1,,8,6,1,,,,,,,,,,,,,,,"Abbaszadegan, Hamed",,,,,,,hamed abbaszadegan,
HMGT,6311,0W1,,22,,,8,,,,,,,,,,,,,,"Karnuta, Daniel","Edeoga, Nnamdi",,,,,dxk173030,daniel karnuta,Healthcare Financial and Operations Accounting 
HMGT,6320,0W1,,28,11,11,2,,,,,,,,1,,,,,,"Thurgood, Keith L","Agarwal, Vidhi","Kim, Jihu",,,,klt160130,keith thurgood,The American Healthcare System 
HMGT,6320,0W2,,29,20,3,1,,,,,,,,1,,,,,,"Thurgood, Keith L","Agarwal, Vidhi","Kim, Jihu",,,,klt160130,keith thurgood,The American Healthcare System 
HMGT,6320,0W3,,30,19,4,1,,,,,,,,1,,,,,,"Thurgood, Keith L","Agarwal, Vidhi","Kim, Jihu",,,,klt160130,keith thurgood,The American Healthcare System 
HMGT,6320,501,1,38,15,2,1,1,,,,,,,,,,,,,"Bryan, Mary C",,,,,,cxb230057,mary bryan,The American Healthcare System 
HMGT,6321,0W1,,11,6,5,3,2,2,,,,,,,,,,1,,"Ramanathan, Kannan","Batra, Vanshu",,,,,kxr087000,kannan ramanathan,Strategic Leadership of Healthcare Organizations 
HMGT,6321,CH1,,30,,,,,,,,,,,,,,,,,"Ghosh, Anne F",,,,,,,anne ghosh,
HMGT,6323,501,,8,10,7,2,,,,,,,,1,,,,,,"Ayvaci, Mehmet U","Wei, Ning",,,,,mua120030,mehmet ayvaci,Healthcare Informatics 
HMGT,6324,0W3,,9,1,,,,,,,,,,,,,,,,"Swindling, Linda B","Hinze, Dawnielle C",,,,,dal431729,linda swindling,Healthcare Negotiation and Dispute Resolution 
HMGT,6324,501,,9,1,,,,,,,,,,,,,,,,"Swindling, Linda B","Hinze, Dawnielle C",,,,,dal431729,linda swindling,Healthcare Negotiation and Dispute Resolution 
HMGT,6325,501,,6,1,2,4,1,,,,,,,,,,,,,"Wang, Guihua","Zhai, Shenghui",,,,,gxw130630,guihua wang,Healthcare Operations Management 
HMGT,6330,501,,2,2,1,4,1,,1,,,,,,,,,,,"Drummond, Jeffery P",,,,,,jpd160230,jeffery drummond,Healthcare Law  Policy and Regulation 
HMGT,6332,0W1,,7,3,4,4,4,1,3,,,,,5,,,,1,,"Ramanathan, Kannan","Batra, Vanshu",,,,,kxr087000,kannan ramanathan,Quality Improvement in Healthcare  Six Sigma and Beyond 
HMGT,6332,CH1,,30,,,,,,,,,,,,,,,,,"Ramanathan, Kannan",,,,,,kxr087000,kannan ramanathan,
HMGT,6332,CW1,,14,3,,,,,,,,,,,,,,,,"Ramanathan, Kannan",,,,,,kxr087000,kannan ramanathan,
HMGT,6334,501,,9,11,,,1,,,,,,,,,,,,,"Stephens, Eric",,,,,,dal167829,,Healthcare Analytics 
HMGT,6406,AH1,,51,1,,,,,,,,,,,,,,,,"Taylor, Donald E","Convery, Paul",,,,,det190000,donald taylor,
HMGT,6407,AH1,,20,,,,,,,,,,,,,,,,,"Young, Garry D","Taylor, Donald E",,,,,,garry young,
HONS,3102,HN1,,6,3,1,5,,,,,,,,,,,,2,,"Towner, Theresa M",,,,,,tmtowner,theresa towner,William Faulkner s Short Stories 
HONS,3103,HN1,2,13,,1,,,,,,,,,,,,,,,"Thompson, Christina M",,,,,,cmt120030,christina thompson,Honey Bees and Society 
HONS,3104,HN1,3,10,3,,1,,,,,,,,1,,,,,,"Dow, Douglas C",,,,,,dougdow,douglas dow,Foreign Film   Political Culture 
HONS,3108,HN1,10,7,1,1,,,,,,,,,,,,,,,"Prakash, Ravi",,,,,,ravip,ravi prakash,Internet and Public Policy 
HONS,3109,HN1,15,6,,1,,,,,,,1,,,,,,,,"Brunell, Valerie A",,,,,,vab061000,,Liberal Arts 
HONS,3111,HN1,3,15,,1,,,,,,,,,,,,,,,"Thompson, Christina M",,,,,,cmt120030,christina thompson,Science Fiction 
HONS,3111,HN2,2,15,,,,,,,,,,,,,,,,,"Thompson, Christina M",,,,,,cmt120030,christina thompson,Science Fiction 
HONS,3116,HN1,3,10,,,,1,,,,,,,,,,,1,,"Murchison, David F",,,,,,dfm100020,david murchison,Excellence 
HONS,3119,HN1,,9,6,,,,,,,,,,,,,,,,"Farmer, J Michael",,,,,,jmf073000,michael farmer,Medieval Chinese Literature 
HONS,3121,HN1,2,13,,,,,,,,,,,,,,,,,"Williams, Nathan F",,,,,,nxw170830,nathan williams,Combinatorics 
HONS,3122,HN1,6,11,,,,,,,,,,,,,,,2,,"Skinner, Donal C",,,,,,dcs220007,,Love  Death  and Hormones 
HONS,3122,HN2,4,13,1,,,,,,,,,,1,,,,,,"Skinner, Donal C",,,,,,dcs220007,,Love  Death  and Hormones 
HONS,3199,H10,11,2,1,,,,,,,,,,,,,,,,"Painter, Jennifer S",,,,,,dal966738,,Collegium V Honors Readings 
HONS,3199,H11,9,3,2,,,,,,,,,,,,,,,,"Painter, Jennifer S",,,,,,dal966738,,Collegium V Honors Readings 
HONS,3199,HN1,,11,1,1,1,,,,1,,,,,,,,,,"Wright, Ben",,,,,,bxw151330,ben wright,Collegium V Honors Readings 
HONS,3199,HN2,15,4,,,,,,,,,,,,,,,,,"Devdas, Neetha R",,,,,,nrd120030,neetha devdas,Collegium V Honors Readings 
HONS,3199,HN3,18,,,1,,,,,,,,,,,,,,,"Devdas, Neetha R",,,,,,nrd120030,neetha devdas,Collegium V Honors Readings 
HONS,3199,HN4,16,2,,,,,,,,,,,1,,,,,,"Devdas, Neetha R",,,,,,nrd120030,neetha devdas,Collegium V Honors Readings 
HONS,3199,HN5,,15,,,,,,,,,,,,,,,,,"Stefan, Mihaela C",,,,,,mci071000,mihaela stefan,Collegium V Honors Readings 
HONS,3199,HN6,,13,,1,,,,1,,,,,,,,,,,"Krajewski, Andrew T",,,,,,axk210064,andrew krajewski,Collegium V Honors Readings 
HONS,3199,HN7,6,8,,,,,,,,,,,1,,,,,,"Gossin, Pamela S",,,,,,psgossin,pamela gossin,Collegium V Honors Readings 
HONS,3199,HN8,11,3,,1,,,,,,,,,,,,,,,"Devdas, Neetha R",,,,,,nrd120030,neetha devdas,Collegium V Honors Readings 
HUMA,6300,001,,14,1,,,,,,,,,,,,,,,,"Kratz, Dennis M",,,,,,dkratz,dennis kratz,Interdisciplinary Approaches to the Arts and Humanities 
IMS,3310,001,1,14,4,11,23,2,2,1,1,1,3,,,,,,,,"Henderson, Thomas C","Zhou, Ye",,,,,txh093000,tom henderson,International Business 
IMS,3310,002,,5,22,7,11,6,3,2,2,,,,,,,,,,"Carter, Greg",,,,,,dal172322,,International Business 
IMS,3310,003,3,,5,19,19,7,6,,,,,,1,,,,,,"Woldu, Habte G","Siddula, Manasa Srija",,,,,wolduh,habte woldu,International Business 
IMS,3310,004,1,12,10,9,17,2,3,4,,,2,,,,,,,,"Henderson, Thomas C","Zhou, Ye",,,,,txh093000,tom henderson,International Business 
IMS,3310,006,2,18,1,8,22,2,4,4,,,,1,1,,,,,,"Henderson, Thomas C","Zhou, Ye",,,,,txh093000,tom henderson,International Business 
IMS,3310,007,5,17,7,15,14,,4,,,2,1,,,,,,,,"Henderson, Thomas C","Zhou, Ye",,,,,txh093000,tom henderson,International Business 
IMS,3310,008,,17,24,3,11,4,,,,,,,,,,,3,,"Jafari Gorizi, Amirsalar",,,,,,axj220128,,International Business 
IMS,3310,009,3,9,11,19,10,2,4,,2,1,,1,,,,,1,,"Jiang, Rui",,,,,,rxj210051,,International Business 
IMS,3310,010,2,3,12,17,13,7,3,1,,,,,2,,,,,,"Woldu, Habte G","Siddula, Manasa Srija",,,,,wolduh,habte woldu,International Business 
IMS,3310,011,2,3,16,14,13,5,3,,1,,,,,,,,1,,"Woldu, Habte G","Siddula, Manasa Srija",,,,,wolduh,habte woldu,International Business 
IMS,3310,012,1,6,4,13,15,7,3,3,2,,,,,,,,2,,"Woldu, Habte G","Siddula, Manasa Srija",,,,,wolduh,habte woldu,International Business 
IMS,3310,013,1,3,8,8,8,4,3,1,,1,,,2,,,,,,"Sadiq, Malik","Patil, Aditya",,,,,dal819720,malik sadiq,International Business 
IMS,3310,501,2,7,6,5,12,8,3,7,4,,1,,,,,,,,"Hasnain, Syed S",,,,,,ssh160930,syed hasnain,International Business 
IMS,3310,502,2,4,14,19,9,8,3,,,,,,,,,,1,,"Sadiq, Malik","Patil, Aditya",,,,,dal819720,malik sadiq,International Business 
IMS,3310,503,,13,5,14,14,1,5,2,1,1,2,2,3,,,,1,,"Henderson, Thomas C","Zhou, Ye",,,,,txh093000,tom henderson,International Business 
IMS,3310,504,,12,29,7,6,1,2,1,,,,,1,,,,,,"Guo, Suifang",,,,,,sxg210047,suifang guo,International Business 
IMS,3310,HON,,33,7,4,2,,,,,,,,,,,,,,"Zydorek, Hubert","Piatov, Oleg",,,,,hxz120930,hubert zydorek,
IMS,4320,501,,5,4,16,4,5,3,1,,,,,,,,,,,"Lee, Seunghyun","Tan, Xiaowen",,,,,sxl029100,,International Marketing 
IMS,4330,501,,5,4,6,5,4,,1,,,,,,,,,,,"Zydorek, Hubert","Piatov, Oleg",,,,,hxz120930,hubert zydorek,Global Human Resource Management 
IMS,4335,501,,5,20,12,5,4,2,,,,,,1,,,,1,,"Wright, Robert G","Fickel, Mary","Yizerwe, Regis",,,,rgw091000,robert wright,Social Sector Entrepreneurship and Community Engagement 
IMS,4340,5W1,,2,6,6,6,3,3,1,,,1,,1,,,,,,"Xiao, Paul G",,,,,,pgx071000,,Leading and Managing Globally 
IMS,4350,001,,18,5,4,3,,,,,,,,,,,,,,"Zydorek, Hubert","Piatov, Oleg",,,,,hxz120930,hubert zydorek,Global Market Entry Strategies 
IMS,6304,001,,8,,,9,,,,,,,,,,,,,,"Peng, Mike W","Zhang, Zelu",,,,,mxp059000,mike peng,International Business Management 
IMS,6304,0W1,,20,9,,19,,,,,,,,,,,,,,"Peng, Mike W","Zhang, Zelu",,,,,mxp059000,mike peng,International Business Management 
IMS,6304,501,,12,,,10,2,,,,,,,,,,,,,"Peng, Mike W","Zhang, Zelu",,,,,mxp059000,mike peng,International Business Management 
IMS,6304,GW1,,9,11,,2,,,,,,,,,,,,,,"Kiser, Stephen L",,,,,,slk012100,stephen kiser,
IMS,6310,501,,8,3,10,2,,2,,,,,,,,,,,,"Lee, Seunghyun","Tan, Xiaowen",,,,,sxl029100,,International Marketing Decision Making 
IMS,6317,GW1,,5,7,1,,,1,,,,,,,,,,,,"Sachdeva, Deepak",,,,,,,deepak sachdeva,
IMS,6360,0W1,,7,10,10,9,8,2,5,,,,,,,,,1,,"Van Eeden, Adriaan",,,,,,dal258233,van beveren,International Strategy Analysis and Techniques 
IMS,6365,GW1,,7,2,,,3,,2,,,,,,,,,,,"Dowse, Eileen",,,,,,,eileen dowse,
IPEC,4302,001,,1,2,4,1,1,1,,,1,,,1,,,,1,,"Thakar, Rahul A",,,,,,rat190003,,Political Economy of Developing Countries 
IPEC,4305,001,3,5,1,,,,,,,,,1,,,,,,,"Lamberova, Natalia",,,,,,nxl210021,,Topics in Science  Technology and Institutions 
IPEC,4377,001,6,6,5,,2,1,,,,,,,1,,,,,,"Shim, Gyu Sang","Hahm, Kristine J",,,,,dal038902,,Politics of International Finance 
IPEC,4396,001,1,8,2,1,,,,,,,,,,,,,,,"Boots, Denise P","Adjadeh, John-Paul E",,,,,dpb062000,denise boots,Topics in International Political Economy 
ISIS,3310,001,1,2,,3,4,,,,1,,1,,3,,,,,,"Wissinger, Tonja",,,,,,twissin,tonja wissinger,Childhood Sexual Abuse  A Multidisciplinary Investigation 
ISIS,3334,001,3,2,10,4,,1,,,,,,,1,,,,,,"Jones, June A",,,,,,jaj230010,june jones,Environment in America 
ISIS,4310,0W1,,23,,,2,,,2,,,,,1,,,,,,"Aubrey, Lea E",,,,,,lec110030,lea aubrey,Health Strategy for Multicultural Populations 
ISIS,4V89,001,6,1,1,1,,,,,,,,,,,,,1,,"Hammonds, Kyle",,,,,,kxh230016,kyle hammonds,Special Topics in Interdisciplinary Studies 
ISIS,4V89,002,10,2,2,,,1,,,1,,,,,,,,,,"Lusk, Marc L",,,,,,mxl121730,marc lusk,Special Topics in Interdisciplinary Studies 
ISNS,2359,001,5,10,8,6,3,2,2,2,1,,1,,1,,,,,,"Griffin, William R","Huang, Chongpeng",,,,,griffin,william griffin,Earthquakes and Volcanoes 
ISNS,2359,0W1,144,32,16,12,4,11,3,4,5,1,,,12,,,,4,,"Pirouz, Mortaza","Jian, Xiange",,,,,mxp180004,mortaza pirouz,Earthquakes and Volcanoes 
ISNS,2359,0W2,92,22,20,11,10,11,5,4,2,6,2,2,9,,,,1,,"Pirouz, Mortaza","Tamadoni, Amin",,,,,mxp180004,mortaza pirouz,Earthquakes and Volcanoes 
ISNS,2359,0W3,120,38,27,13,8,7,6,5,3,1,2,5,11,,,,1,,"Pirouz, Mortaza","Chowdhury, Aditya",,,,,mxp180004,mortaza pirouz,Earthquakes and Volcanoes 
ISNS,2366,001,,2,3,1,6,2,1,3,1,,,1,,,,,2,,"McCauley, Steven",,,,,,sxm165131,steven mccauley,Global Climate Change 
ISNS,2367,0W1,93,74,25,11,11,8,1,2,4,,2,2,4,,,,4,,"Pujana, Ignacio","Yan, Yufei",,,,,pujana,ignacio pujana,The Oceans 
ISNS,2367,0W2,75,80,24,18,20,11,1,4,1,,1,4,4,,,,4,,"Pujana, Ignacio","Yan, Yufei",,,,,pujana,ignacio pujana,The Oceans 
ISNS,2367,0W3,82,82,21,12,15,9,3,2,2,2,3,3,6,,,,5,,"Pujana, Ignacio","Tamadoni, Amin",,,,,pujana,ignacio pujana,The Oceans 
ISNS,2367,0W4,62,80,28,22,21,4,7,5,2,,5,,7,,,,4,,"Griffin, William R",,,,,,griffin,william griffin,The Oceans 
ISNS,2368,001,4,14,5,13,14,6,8,3,1,1,,2,5,,,,1,,"McCauley, Steven","Patra, Rittik",,,,,sxm165131,steven mccauley,Weather and Climate 
ITSS,3300,001,,5,15,13,8,12,4,2,1,1,,,1,,,,,,"Bodeker, Alison J","Zou, Yuelong",,,,,ajb190003,alison bodeker,Information Technology for Business 
ITSS,3300,002,2,30,10,11,7,1,2,,,,,,,,,,,,"Gao, Ruijiang","Jain, Mehul",,,,,dal901462,,Information Technology for Business 
ITSS,3300,003,34,6,6,4,2,4,1,2,,1,,,1,,,,1,,"Chen, Zenan","Choi, Minho",,,,,zxc240000,zenan chen,Information Technology for Business 
ITSS,3300,004,,2,7,14,13,7,5,4,,2,1,2,1,,,,5,,"Shrivastava, Prakash C","Vemula, Sathvik Krishna",,,,,pcs130130,prakash shrivastava,Information Technology for Business 
ITSS,3300,005,,7,13,10,12,5,3,3,4,1,1,2,,,,,3,,"Shrivastava, Prakash C","Vemula, Sathvik Krishna",,,,,pcs130130,prakash shrivastava,Information Technology for Business 
ITSS,3300,006,2,32,12,9,6,2,2,,,,,,,,,,,,"Gao, Ruijiang","Jain, Mehul",,,,,dal901462,,Information Technology for Business 
ITSS,3300,007,12,13,5,15,10,4,2,2,1,,,,,,,,,,"Wang, Xiaoning","Zheng, Yiwei",,,,,xxw230006,xiaoning (gavin) wang,Information Technology for Business 
ITSS,3300,008,12,12,11,9,10,5,3,,,,,,,,,,1,,"Wang, Xiaoning","Zheng, Yiwei",,,,,xxw230006,xiaoning (gavin) wang,Information Technology for Business 
ITSS,3300,009,2,30,11,11,5,2,1,,,,,,1,,,,2,,"Gao, Ruijiang","Jain, Mehul",,,,,dal901462,,Information Technology for Business 
ITSS,3300,010,,3,11,13,13,8,6,4,,1,1,2,1,,,,2,,"Shrivastava, Prakash C","Vemula, Sathvik Krishna",,,,,pcs130130,prakash shrivastava,Information Technology for Business 
ITSS,3300,011,19,19,7,6,4,2,,3,,1,2,,,,,,,,"Wang, Xiaoning","Zheng, Yiwei",,,,,xxw230006,xiaoning (gavin) wang,Information Technology for Business 
ITSS,3300,012,7,23,10,10,5,4,1,1,,1,,1,,,,,,,"Wang, Xiaoning","Zheng, Yiwei",,,,,xxw230006,xiaoning (gavin) wang,Information Technology for Business 
ITSS,3300,014,,3,9,13,9,11,4,5,2,1,1,1,2,,,,1,,"Bodeker, Alison J","Zou, Yuelong",,,,,ajb190003,alison bodeker,Information Technology for Business 
ITSS,3300,016,8,7,10,13,8,8,1,1,,,1,,1,,,,3,,"Alborz, Shawn",,,,,,sxa063000,shawn alborz,Information Technology for Business 
ITSS,3300,501,,8,9,13,7,11,3,3,,,3,,3,,,,3,,"Hanifiafshar, Sharmin","Nwachi, Daniel O",,,,,sxh200031,sharmin hanifiafshar,Information Technology for Business 
ITSS,3300,502,17,10,11,10,5,4,3,2,,,1,,,,,,,,"Chen, Zenan",,,,,,zxc240000,zenan chen,Information Technology for Business 
ITSS,3300,503,21,12,10,1,6,2,,1,3,,,,5,,1,,2,,"Chen, Zenan",,,,,,zxc240000,zenan chen,Information Technology for Business 
ITSS,3300,504,,10,10,15,16,3,2,3,,1,,1,1,,,,2,,"Owens, Sean M","Nwachi, Daniel O",,,,,smo150330,sean owens,Information Technology for Business 
ITSS,3300,505,,9,9,12,10,9,2,4,,,3,,3,,,,,,"Hanifiafshar, Sharmin","Nwachi, Daniel O",,,,,sxh200031,sharmin hanifiafshar,Information Technology for Business 
ITSS,3300,506,5,5,1,3,1,3,1,4,2,1,2,1,4,,,,7,,"Young, John G",,,,,,jgy190000,john young,Information Technology for Business 
ITSS,3311,002,7,14,12,8,7,8,2,2,2,,1,,,,,,,,"Aksoy, Ozgur",,,,,,oxa190009,ozgur aksoy,Introduction to Programming 
ITSS,3311,003,25,16,10,3,2,3,1,,,,,,1,,,,,,"Bellamy, Michelle","Park, Juyeon",,,,,mxb240062,,Introduction to Programming 
ITSS,3311,004,6,9,8,14,12,9,,,,,,,,,,,,,"Wang, Nan","Dungdung, Rinisha Snehal",,,,,dal581297,nan wang,Introduction to Programming 
ITSS,3311,006,12,11,12,2,1,5,3,1,1,,,3,2,,,,2,,"Mookerjee, Radha V","Liu, Hongzhi",,,,,rvm019000,radha mookerjee,Introduction to Programming 
ITSS,3311,501,,9,9,13,10,5,3,3,1,1,,,1,,,,2,,"Neouchi, Rabih","Acharya, Manali D",,,,,rxn200012,rabih neouchi,Introduction to Programming 
ITSS,3311,502,2,14,9,7,7,5,6,5,1,,,1,1,,,,1,,"Franson, Robert","Mishra, Divyanshu",,,,,rcf160130,robert franson,Introduction to Programming 
ITSS,3312,001,1,11,14,7,9,7,5,4,1,,,,1,,,,,,"Maru, Vatsal K","Dibbadahalli Kumar, Chintan",,,,,vkm220000,vatsal maru,Object-Oriented Programming 
ITSS,3312,002,8,14,14,6,3,2,2,3,2,,,,,,,,,,"Franson, Robert","Mishra, Divyanshu",,,,,rcf160130,robert franson,Object-Oriented Programming 
ITSS,3312,501,,5,5,7,6,4,1,1,1,,1,,,,,,,,"Neouchi, Rabih","Acharya, Manali D",,,,,rxn200012,rabih neouchi,Object-Oriented Programming 
ITSS,3370,001,,4,,3,8,,,2,,,,,,,,,1,,"Subramoniam, Ramesh","Gadam, Uday Sai Kiran Reddy",,,,,rxs179630,ramesh subramoniam,Managing Sustainable Operations 
ITSS,3390,001,,1,3,2,6,4,2,,3,1,1,2,,,,,2,,"Neal, Angela","Sharma, Sysha",,,,,aan052000,angela neal,Web Design and Development for Business Applications 
ITSS,4090,001,,,,,,,,,,,,,,24,,,,,"Brussolo, Monica E",,,,,,meb049000,monica brussolo,
ITSS,4090,091,,,,,,,,,,,,,,74,,,,,"Brussolo, Monica E",,,,,,meb049000,monica brussolo,
ITSS,4300,001,3,8,,7,5,,5,4,,1,2,,,,,,,,"Islam, Naser","Charan, Mahip Singh",,,,,nxi110630,naser islam,Database Fundamentals 
ITSS,4300,002,1,11,16,11,11,6,1,1,2,,,,,,,,,,"Pandian, Thiru","Raut, Abhidnya Abhay",,,,,txp190010,thiru pandian,Database Fundamentals 
ITSS,4300,003,1,4,12,6,14,8,5,3,1,,1,,,,,,1,,"Ceverha, Paul W","Polapalli, Thanmai",,,,,pwc230000,paul ceverha,Database Fundamentals 
ITSS,4300,501,,5,6,2,5,3,1,1,1,1,,,,,,,1,,"Ceverha, Paul W","Gaddam, Kushaal Reddy",,,,,pwc230000,paul ceverha,Database Fundamentals 
ITSS,4300,502,8,,7,9,4,8,2,3,2,,,,,,,,1,,"Khan, Masudal H","Patali, Krithika N",,,,,mhk190001,masudal khan,Database Fundamentals 
ITSS,4300,503,3,4,7,7,4,3,2,7,,,,,,,,,,,"Kaya, Cuneyd C","Kadian, Dhwani S",,,,,cckaya,cuneyd kaya,Database Fundamentals 
ITSS,4301,501,4,2,4,2,2,1,,1,,,,,1,,,,,,"Hagen, John","Kotecha, Vishwa Rakesh",,,,,jch013200,john hagen,Database Systems 
ITSS,4312,501,1,14,4,,,,,,,,,,,,1,,,,"Shrivastava, Aparna A","Kotecha, Vishwa Rakesh",,,,,axs123832,,Mobile Web Application Development 
ITSS,4330,001,,25,6,9,10,7,1,1,,,,,,,,,,,"Stephens, Timothy G","Sakib, Shadman",,,,,tgs170130,timothy stephens,Systems Analysis and Design 
ITSS,4330,002,1,7,9,8,13,4,4,1,,,,,,,,,1,,"Baker, Jeffrey M","Parikh, Bhoomi Bharatkumar",,,,,dal616978,,Systems Analysis and Design 
ITSS,4330,501,,7,13,12,10,3,6,,,,,,1,,,,1,,"Baker, Jeffrey M","Parikh, Bhoomi Bharatkumar",,,,,dal616978,,Systems Analysis and Design 
ITSS,4340,001,,12,5,3,12,3,2,6,1,1,2,,1,,,,1,,"Thompson, Luell O","Gaddam, Kushaal Reddy",,,,,lot013000,luell thompson,Enterprise Resource Planning 
ITSS,4343,001,,,,2,4,2,,4,1,2,,1,2,,,,,,"Subramoniam, Ramesh","Bhuiyan, Meneka L",,,,,rxs179630,ramesh subramoniam,Supply Chain Information Systems  SAP  AI  and Blockchain Innovations 
ITSS,4344,001,,51,6,4,,,,,,,,,,,,,,,"Weldon, Wray G",,,,,,wgw014000,,CRM using Salesforce 
ITSS,4351,001,,25,13,4,5,2,1,2,,,,,,,,,,,"Stephens, Timothy G","Sakib, Shadman",,,,,tgs170130,timothy stephens,Foundations of Business Intelligence 
ITSS,4351,002,,6,12,6,9,10,3,1,1,1,,,,,,,,,"Pandian, Thiru","Raut, Abhidnya Abhay",,,,,txp190010,thiru pandian,Foundations of Business Intelligence 
ITSS,4351,003,9,1,1,,3,2,,,,,,,2,,,,1,,"Kaya, Cuneyd C","Kadian, Dhwani S",,,,,cckaya,cuneyd kaya,Foundations of Business Intelligence 
ITSS,4351,501,,5,9,9,8,10,1,6,6,,,,1,,,,,,"Pandian, Thiru","Raut, Abhidnya Abhay",,,,,txp190010,thiru pandian,Foundations of Business Intelligence 
ITSS,4351,502,,16,7,10,3,2,8,5,1,,,,,,1,,1,,"Shekhar, Gaurav","Shaikh, Ghina F",,,,,gxs150130,gaurav shekhar,Foundations of Business Intelligence 
ITSS,4352,001,1,10,23,6,7,5,2,,,1,,1,,,,,,,"Maru, Vatsal K","Gorre, Sravani",,,,,vkm220000,vatsal maru,Introduction to Web Analytics 
ITSS,4352,002,,8,17,6,12,5,1,2,,,,,,,,,,,"Maru, Vatsal K","Dibbadahalli Kumar, Chintan",,,,,vkm220000,vatsal maru,Introduction to Web Analytics 
ITSS,4352,501,,4,14,9,7,4,,1,,,,,,,,,,,"Akarte, Prajakti V",,,,,,pva150330,prajakti akarte,Introduction to Web Analytics 
ITSS,4353,001,,7,6,4,6,3,2,1,1,,,1,,,,,,,"Shrivastava, Prakash C","Gorre, Sravani",,,,,pcs130130,prakash shrivastava,Business Analytics 
ITSS,4353,002,,5,7,7,6,2,2,,1,,,1,1,,,,,,"Shrivastava, Prakash C","Gorre, Sravani",,,,,pcs130130,prakash shrivastava,Business Analytics 
ITSS,4353,003,,10,8,8,12,6,,,,,,,,,,,1,,"Akarte, Prajakti V","Kolan, Shriya Reddy",,,,,pva150330,prajakti akarte,Business Analytics 
ITSS,4353,501,,1,13,12,12,10,2,1,,,,,,,,,2,,"Akarte, Prajakti V","Kolan, Shriya Reddy",,,,,pva150330,prajakti akarte,Business Analytics 
ITSS,4354,001,12,2,8,9,3,5,6,,,1,,,2,,,,,,"Bradbury, Judd D","Sarpangala, Karthik Raj",,,,,jdb101000,judd bradbury,Advanced Big Data Analytics 
ITSS,4354,002,6,3,4,9,3,1,2,2,,,,,1,,,,1,,"Bradbury, Judd D","Sarpangala, Karthik Raj",,,,,jdb101000,judd bradbury,Advanced Big Data Analytics 
ITSS,4355,001,6,6,7,4,5,,1,,1,,,1,,,,,,,"Bradbury, Judd D","Sarpangala, Karthik Raj",,,,,jdb101000,judd bradbury,Data Visualization 
ITSS,4355,501,7,11,2,4,8,,1,1,,,1,,,,,,,,"Islam, Naser","Baladhandayutham, Amitabha",,,,,nxi110630,naser islam,Data Visualization 
ITSS,4356,001,10,6,6,12,6,3,,7,3,,1,,3,,,,,,"Hansen, Atanas Y","Cai, Shuzhang",,,,,ayt061000,atanas hansen,Data Governance 
ITSS,4356,501,8,7,7,6,8,3,5,4,,,4,2,,,,,2,,"Hansen, Atanas Y","Cai, Shuzhang",,,,,ayt061000,atanas hansen,Data Governance 
ITSS,4359,501,,5,3,1,4,2,2,,,,1,,2,,,,,,"Diogenes, Yuri C","Arugunta, Sailendra Reddy",,,,,dal681109,,Preparing for Cybersecurity Threats 
ITSS,4360,001,16,18,8,6,6,6,,,,,,,,,,,,,"Howe, Nathaniel M",,,,,,nxh141030,nate howe,Network and Information Security 
ITSS,4360,002,1,4,8,6,5,11,5,7,4,2,1,1,,,,,3,,"Ginevich, Rostislav A",,,,,,rxg172930,rostislav ginevich,Network and Information Security 
ITSS,4360,501,,4,6,6,18,14,7,4,,,,,,,,,,,"More, Satish P","Lnu, Qurrat Ul Ain",,,,,spm240001,satish more,Network and Information Security 
ITSS,4360,502,3,,6,1,5,6,2,3,2,,,1,1,,,,,,"Thirumalai, Nambi D","Lnu, Qurrat Ul Ain",,,,,ndt180001,nambi thirumalai,Network and Information Security 
ITSS,4360,503,2,2,4,6,8,10,5,3,2,3,2,,,,,,,,"Ginevich, Rostislav A",,,,,,rxg172930,rostislav ginevich,Network and Information Security 
ITSS,4361,001,3,13,16,13,8,2,,,,,,,,,,,,,"Khan, Taimur A","Arugunta, Sailendra Reddy",,,,,txk123530,taimur khan,Information Technology Cybersecurity 
ITSS,4361,002,5,1,4,7,2,3,,,,1,,,,,,,,,"Ivaschenko, Alex","Kotecha, Vishwa Rakesh",,,,,aii170030,alex ivaschenko,Information Technology Cybersecurity 
ITSS,4362,001,2,6,8,4,4,1,,,1,,,,,,,,,,"Wrozek, Brian","Kotecha, Vishwa Rakesh",,,,,dal113649,,Cybersecurity Governance 
ITSS,4362,501,1,8,12,11,15,9,4,,,,,,,,,,,,"Khan, Taimur A","Arugunta, Sailendra Reddy",,,,,txk123530,taimur khan,Cybersecurity Governance 
ITSS,4370,001,,12,6,12,4,7,7,7,2,1,,,1,,,,,,"Godbole, Aparna",,,,,,dal476070,,Information Technology Infrastructure 
ITSS,4370,002,1,7,26,13,12,4,1,1,,,,,,,,,1,,"Samant, Mandar","Singu, Geethika",,,,,mss190002,,Information Technology Infrastructure 
ITSS,4370,004,,3,9,3,9,7,4,8,2,2,,,1,,,,,,"Samant, Mandar","Singu, Geethika",,,,,mss190002,,Information Technology Infrastructure 
ITSS,4370,501,,12,16,10,17,3,1,1,,1,1,,,,,,,,"Young, John G",,,,,,jgy190000,john young,Information Technology Infrastructure 
ITSS,4371,501,10,6,2,8,5,3,2,2,2,1,1,1,,,,,,,"Calisir, Engin","Singu, Geethika",,,,,exc030100,engin calisir,Cloud Computing with AWS 
ITSS,4380,501,,26,10,10,6,2,1,1,,,,,,,1,,1,,"Stephens, Timothy G","Sakib, Shadman",,,,,tgs170130,timothy stephens,Advanced Database Management 
ITSS,4380,502,,17,3,1,2,,,,,,,,,,,,,,"Stephens, Timothy G","Sakib, Shadman",,,,,tgs170130,timothy stephens,Advanced Database Management 
ITSS,4381,001,,26,11,5,6,,,,,,,,,,,,,,"Xue, Zhaokun",,,,,,zxx210010,,Object Oriented Programming with Python 
ITSS,4381,501,10,11,16,11,2,,,,,,,,,,,,,,"Yan, Zhen",,,,,,zxy210009,,Object Oriented Programming with Python 
ITSS,4381,502,20,14,6,9,4,4,,,,,,,,,,,,,"Joseph, Shailender",,,,,,sxj200084,shailender joseph,Object Oriented Programming with Python 
ITSS,4382,001,6,5,4,6,3,2,4,,2,,,,1,,2,,2,,"Bradbury, Judd D","Chaudhuri, Ron",,,,,jdb101000,judd bradbury,Applied Artificial Intelligence Machine Learning 
ITSS,4382,002,,4,5,8,9,5,,,,,,,,,,,2,,"Akarte, Prajakti V","Kolan, Shriya Reddy",,,,,pva150330,prajakti akarte,Applied Artificial Intelligence Machine Learning 
ITSS,4395,001,24,5,18,1,,,,,,,,,,,,,1,,"Stogsdill, Robert",,,,,,rws180002,robert stogsdill,Capstone Senior Project - Information Systems 
ITSS,4395,002,2,10,5,6,19,5,3,,,,,,,,,,,,"Mecca, Gerald A",,,,,,dal506405,,Capstone Senior Project - Information Systems 
ITSS,4V95,001,,3,7,2,2,2,,,1,,,,,,,,,,"Baker, Jeffrey M","Parikh, Bhoomi Bharatkumar",,,,,dal616978,,Seminar Series in Information Systems 
JAPN,1311,001,1,1,4,5,1,3,,,1,,,,,,,,1,,"Hoki, Chieko",,,,,,cxh190009,chieko hoki,Beginning Japanese I 
JAPN,1311,002,5,3,2,1,2,1,1,1,,,,,1,,,,1,,"Spangler, Katsumi",,,,,,dal705495,,Beginning Japanese I 
JAPN,1312,002,4,5,1,,1,,,2,,,,,,,,,,,"Spangler, Katsumi",,,,,,dal705495,,Beginning Japanese II 
JAPN,2312,001,,5,,,2,,2,,1,,,,,,,,,,"Hoki, Chieko",,,,,,cxh190009,chieko hoki,Intermediate Japanese II 
JAPN,3311,001,4,2,,2,2,,,,,,,,,1,,,,,"Hoki, Chieko",,,,,,cxh190009,chieko hoki,Advanced Japanese I 
KORE,1311,002,6,7,1,1,,,,,,,,,,,,,,,"Jeong, Hyejeong",,,,,,hxj210002,hyejeong jeong,Beginning Korean I 
LIT,1301,001,133,17,10,11,,1,1,,1,,,,,,,,1,,"Ingrao, Peter J","Wei, Yushuang","Sobhani, Hossein",,,,jingrao,peter ingrao,Introduction to Literature 
LIT,1301,002,116,20,11,21,6,,2,,,,,,,,,,1,,"Ingrao, Peter J","Wei, Yushuang","Sobhani, Hossein",,,,jingrao,peter ingrao,Introduction to Literature 
LIT,1311,001,10,21,33,21,12,7,5,5,1,,3,1,3,,,,5,,"Barnes, Ashley","Mugweni, Vimbainashe",,,,,axb162631,ashley barnes,The Art of Fiction 
LIT,1311,002,5,9,3,6,7,1,3,1,1,1,1,,2,,,,2,,"Cates, Rosemond T",,,,,,rtc210000,rosemond cates,The Art of Fiction 
LIT,1315,001,29,30,40,16,6,1,,,,,,,,,6,,1,,"Hatfield, Charles D",,,,,,cxh074100,charles hatfield,The Art of Poetry 
LIT,1315,002,5,6,6,9,5,3,,1,,,,,,,,,,,"Baker, Matthew W",,,,,,mwb190002,matthew baker,The Art of Poetry 
LIT,2320,001,1,4,4,7,4,1,2,,1,,1,,1,,,,1,,"Nikravesh, Negeen",,,,,,dal454758,,Survey A  Literature in English 
LIT,2331,001,5,17,19,13,12,4,3,2,,,1,,3,,,,,,"Baker, Matthew W",,,,,,mwb190002,matthew baker,Introduction to World Literature 
LIT,2331,501,8,,2,1,2,,,,,,1,,3,,,,,,"Pena, Daniel",,,,,,dal627188,,Introduction to World Literature 
LIT,2350,001,7,4,3,1,1,1,,,,,,1,,,,,,,"Ogbaa, Maurine",,,,,,mxo210004,maurine ogbaa,Close Reading 
LIT,2350,002,3,5,2,1,1,,,1,2,,,,,,3,,,,"Prieto, Rene",,,,,,rxp113230,rene prieto,Close Reading 
LIT,3300,001,,13,2,1,1,,,,,,,,,,,,,,"Towner, Theresa M",,,,,,tmtowner,theresa towner,Western Literary Tradition 
LIT,3319,001,,8,2,2,1,,,,,,,,1,,,,,,"Towner, Theresa M",,,,,,tmtowner,theresa towner,Contexts 
LIT,3319,002,2,3,5,,4,,,,,,,,,,,,1,,"Nikravesh, Negeen",,,,,,dal454758,,Contexts 
LIT,3319,003,11,3,,,1,,,,,1,,,,,,,,,"Ingrao, Peter J",,,,,,jingrao,peter ingrao,Contexts 
LIT,3330,501,2,9,1,,,2,1,,,,,,,,,,,,"Saunders, Joy",,,,,,jxs230049,joy saunders,Linguistics 
LIT,3337,001,5,5,5,,,,,,,,,,2,,,,1,,"Evans, William A",,,,,,wae230000,,Comparisons 
LIT,3338,001,1,6,3,3,3,,,1,,,,,2,,,,,,"Greer, Erin E",,,,,,exg180013,erin greer,Literary Theory and Aesthetic Philosophy 
LIT,3339,0H1,1,10,1,1,1,,,,,,,,1,,,,,,"Riley, Kristin N",,,,,,knr091000,kristin riley,Writing Literary Studies 
LIT,4329,002,2,6,3,2,,,1,1,1,,,,1,,,,,,"Nikravesh, Negeen",,,,,,dal454758,,Single Author 
LIT,4390,001,8,3,,,,,,,,,,,,,,,,,"Riley, Kristin N",,,,,,knr091000,kristin riley,Capstone 
LIT,6300,001,,13,,,,,,,,,,,,,,,,,"Brecheisen, Davis",,,,,,dxs200022,davis brecheisen,Proseminar in Literary Studies 
LIT,6309,001,,9,1,,,,,,,,,,,,1,,,,"Prieto, Rene",,,,,,rxp113230,rene prieto,Literary Periods and Movements 
LIT,6309,002,,10,,,,,,,,,,,,,,,,,"Barnes, Ashley",,,,,,axb162631,ashley barnes,Literary Periods and Movements 
LIT,6325,001,,10,,,,,,,,,,,,,,,,,"VanWormer, Gretchen",,,,,,gxv230008,gretchen vanwormer,Creative Nonfiction Workshop 
MAS,6102,051,,,,,,,,,,,,,,,,,,44,"Razvi, Ali","Butt, Hadia",,,,,axr130231,,Professional Development 
MAS,6102,052,,,,,,,,,,,,,1,,,,2,43,"Wilkerson, Cassandra","Sonawane, Sakshi Santosh","Agarwal, Sejal Sanjay",,,,cxw170000,cassandra wilkerson,Professional Development 
MAS,6102,054,,,,,,,,,,,,,,,,,1,49,"Wilkerson, Cassandra","Vasudevan, Shri Rajamanikandan","Agarwal, Sejal Sanjay",,,,cxw170000,cassandra wilkerson,Professional Development 
MAS,6102,055,,,,,,,,,,,,,2,,,,,46,"Holmes, Diane","Dibiaezue, Mmeli Candace",,,,,dxh220014,,Professional Development 
MAS,6102,0W1,,,,,,,,,,,,,1,,,,1,19,"Chen, Tiffany",,,,,,txc180006,,Professional Development 
MAS,6102,551,,,,,,,,,,,,,,,,,1,62,"Miller, Elizabeth M","Akinwale, Ayomiposi F",,,,,emm010200,elizabeth miller,Professional Development 
MAS,6102,552,,,,,,,,,,,,,1,,,,2,64,"Wise, Alex G","Gandhi, Rishil Malaybhai",,,,,agw091020,,Professional Development 
MAS,6102,553,,,,,,,,,,,,,,,,,,30,"Herl, Keith","Noaman, Syed Muhammad Hammad Bin",,,,,kah130330,,Professional Development 
MAS,6102,S51,,,,,,,,,,,,,,,,,2,41,"Kim, Tommy C",,,,,,,tommy kim,
MAS,6102,S52,,,,,,,,,,,,,,,,,1,29,"Kim, Tommy C",,,,,,,tommy kim,
MAS,6102,SW1,,,,,,,,,,,,,,,,,6,35,"Kim, Tommy C",,,,,,,tommy kim,
MAS,6V98,001,,,,,,,,,,,,,,,,,,10,"Alborz, Shawn",,,,,,sxa063000,shawn alborz,
MATH,1306,001,1,1,4,6,5,1,2,,,,,3,1,,,,2,,"Sutton, Julie","Hipolito, Nicolas","Wang, Chuqi","Royal, Teleah P",,,jxs158030,julie sutton,College Algebra for the Non-Scientist 
MATH,1306,002,5,5,6,3,2,4,,6,,,,,,,,,2,,"Sutton, Julie","Wang, Chuqi","Hipolito, Nicolas","Royal, Teleah P",,,jxs158030,julie sutton,College Algebra for the Non-Scientist 
MATH,1314,001,3,4,4,4,9,2,3,2,1,1,1,,5,,,,,,"Martynova, Irina",,,,,,ixm140930,irina martynova,College Algebra 
MATH,1314,002,5,8,5,6,6,5,1,,2,,2,1,3,,,,5,,"Oyekan, Oluwadamilola A",,,,,,oao200001,,College Algebra 
MATH,1314,003,5,4,7,6,4,5,3,3,,1,,2,2,,,,6,,"Alvarado, Iris",,,,,,ila180000,iris alvarado,College Algebra 
MATH,1314,005,1,10,5,4,7,3,1,5,3,3,1,,,,,,7,,"Alvarado, Iris",,,,,,ila180000,iris alvarado,College Algebra 
MATH,1314,006,,3,2,3,5,3,5,2,1,2,1,,5,,1,,1,,"Ding, Hui",,,,,,hxd162130,hui ding,College Algebra 
MATH,1314,007,4,7,11,2,3,3,3,3,1,,2,,4,,,,4,,"Alvarado, Iris",,,,,,ila180000,iris alvarado,College Algebra 
MATH,1314,008,1,5,7,5,6,2,6,,2,2,,,5,,,,2,,"Ding, Hui",,,,,,hxd162130,hui ding,College Algebra 
MATH,1316,001,2,,3,4,6,3,1,4,1,5,,5,5,,,,9,,"Nguyen, Mylinh T","Duruoha, Adannah",,,,,axd180037,adannah duruoha,Trigonometry 
MATH,1316,002,,1,,3,5,1,3,3,5,1,1,3,12,,,,2,,"Andrianandrasana, Nambinintsoa",,,,,,nxa220039,nambinintsoa andrianandrasana,Trigonometry 
MATH,1316,003,1,,1,,3,2,5,4,,1,,,7,,,,1,,"Andrianandrasana, Nambinintsoa",,,,,,nxa220039,nambinintsoa andrianandrasana,Trigonometry 
MATH,1316,004,1,3,4,3,4,3,6,5,2,1,,6,3,,,,6,,"Sutton, Julie","Royal, Teleah P",,,,,jxs158030,julie sutton,Trigonometry 
MATH,1325,001,5,7,5,6,7,5,6,3,6,3,4,1,4,,,,3,,"Makhijani, Neha",,,,,,nxm165130,neha makhijani,Applied Calculus I 
MATH,1325,002,1,7,3,1,1,3,5,11,6,1,2,,3,,,,4,,"Wu, Cheyu J",,,,,,cxw153530,cheyu wu,Applied Calculus I 
MATH,1325,003,6,6,4,5,7,6,3,2,3,,2,2,1,,,,2,,"Mussa, Derege H",,,,,,dxm146130,derege mussa,Applied Calculus I 
MATH,1325,004,3,5,13,5,4,7,7,10,4,1,4,1,1,,,,5,,"Kehoe, Joselle D",,,,,,jxk061000,joselle kehoe,Applied Calculus I 
MATH,1325,005,7,3,7,3,4,9,3,4,6,1,,,,,,,1,,"Mussa, Derege H",,,,,,dxm146130,derege mussa,Applied Calculus I 
MATH,1325,006,5,6,5,4,4,4,2,9,5,,1,,1,,,,,,"Akbar, Mohammad M",,,,,,mma110020,mohammad akbar,Applied Calculus I 
MATH,1325,007,1,5,7,4,4,4,6,9,10,4,2,1,6,,,,4,,"Khoury, Raja N","Ahsan, Mohammad K",,,,,rnk180000,raja khoury,Applied Calculus I 
MATH,1325,008,8,17,14,5,7,5,5,,5,1,1,1,,,,,,,"Patel, Jigarkumar S",,,,,,jsp061000,jigarkumar patel,Applied Calculus I 
MATH,1325,009,,11,5,3,5,7,2,7,4,1,1,,3,,,,1,,"Biswas, Saikat",,,,,,sxb230137,saikat biswas,Applied Calculus I 
MATH,1325,010,1,4,7,6,4,5,1,7,5,2,,1,3,,,,3,,"Biswas, Saikat",,,,,,sxb230137,saikat biswas,Applied Calculus I 
MATH,1325,011,5,10,8,5,6,2,1,4,2,,,,,,1,,4,,"Patel, Jigarkumar S",,,,,,jsp061000,jigarkumar patel,Applied Calculus I 
MATH,1325,012,5,8,5,3,4,5,,3,4,,2,,1,,,,3,,"Akbar, Mohammad M",,,,,,mma110020,mohammad akbar,Applied Calculus I 
MATH,1325,013,5,13,9,7,5,5,1,2,3,3,2,1,1,,,,3,,"Makhijani, Neha",,,,,,nxm165130,neha makhijani,Applied Calculus I 
MATH,1325,014,4,11,8,3,4,5,3,2,6,1,,,1,,,,2,,"Patel, Jigarkumar S",,,,,,jsp061000,jigarkumar patel,Applied Calculus I 
MATH,1325,015,,6,7,6,1,8,4,7,3,,2,2,1,,,,3,,"Kehoe, Joselle D",,,,,,jxk061000,joselle kehoe,Applied Calculus I 
MATH,1325,016,1,13,5,4,3,6,6,4,1,2,,1,1,,,,2,,"Kehoe, Joselle D",,,,,,jxk061000,joselle kehoe,Applied Calculus I 
MATH,1325,017,2,9,5,4,5,7,6,,3,1,1,,2,,,,2,,"Ghanem, Ziad G",,,,,,zgg190000,,Applied Calculus I 
MATH,1325,018,3,3,3,,4,4,4,4,8,5,1,2,1,,,,5,,"Khoury, Raja N","Akbar, Mohammad M",,,,,rnk180000,raja khoury,Applied Calculus I 
MATH,1325,501,4,7,12,6,6,9,7,1,6,3,1,1,1,,,,5,,"Biswas, Saikat",,,,,,sxb230137,saikat biswas,Applied Calculus I 
MATH,1326,002,11,3,7,4,5,1,3,4,1,,2,4,2,,,,11,,"Mussa, Derege H","Zhao, Yuhang","Das, Anwesha",,,,dxm146130,derege mussa,Applied Calculus II 
MATH,1326,003,8,,,2,2,1,3,5,3,,,4,6,,,,8,,"Mussa, Derege H","Das, Anwesha","Zhao, Yuhang",,,,dxm146130,derege mussa,Applied Calculus II 
MATH,2312,001,3,,2,10,6,1,3,5,4,,3,1,4,,,,1,,"Martynova, Irina",,,,,,ixm140930,irina martynova,Precalculus 
MATH,2312,002,1,2,,,2,3,,2,1,1,,2,6,,,,1,,"Martynova, Irina",,,,,,ixm140930,irina martynova,Precalculus 
MATH,2312,003,,1,,8,4,2,4,4,1,1,2,8,5,,,,2,,"Martynova, Irina",,,,,,ixm140930,irina martynova,Precalculus 
MATH,2312,004,3,4,1,10,5,2,4,,3,1,2,2,9,,,,,,"Das, Richik",,,,,,rxd220001,,Precalculus 
MATH,2312,005,3,4,1,3,2,1,6,,2,2,,2,2,,,,,,"Das, Richik",,,,,,rxd220001,,Precalculus 
MATH,2312,006,3,,2,3,,1,1,,3,1,,1,,,,,4,,"Liu, Jingzhou",,,,,,jxl172230,,Precalculus 
MATH,2312,051,2,2,5,,,,1,1,1,,,,,,,,,,"Alvarado, Iris",,,,,,ila180000,iris alvarado,Precalculus 
MATH,2333,501,3,,2,1,,2,,1,5,1,,,4,,,,,,"Rakotomalala, Diarisoa Mihaja Andriamanisa","Chakraborty, Shiny",,,,,dmr150130,diarisoa rakotomalala,Matrices  Vectors  and Data 
MATH,2370,001,7,8,9,3,3,,2,2,2,,3,,,,,,5,,"Garrett, Bentley T","Daniel, David O",,,,,btg032000,bentley garrett,Introduction to Programming with MATLAB 
MATH,2413,001,3,5,3,4,7,6,2,2,1,2,,,1,,,,11,,"Eydelzon, Anatoly",,,,,,axe031000,anatoly eydelzon,Differential Calculus 
MATH,2413,002,,4,2,2,5,,3,6,4,2,3,2,8,,,,7,,"Eydelzon, Anatoly",,,,,,axe031000,anatoly eydelzon,Differential Calculus 
MATH,2413,003,3,5,6,4,3,4,4,1,6,,2,,6,,,,5,,"Dabkowski, Mieczyslaw K",,,,,,mkd034000,mieczyslaw dabkowski,Differential Calculus 
MATH,2413,004,3,6,7,3,3,3,5,4,1,2,2,,5,,,,6,,"Dahal, Rabin",,,,,,rxd153030,rabin dahal,Differential Calculus 
MATH,2413,005,,3,7,4,4,3,5,4,2,3,2,,4,,,,4,,"Eydelzon, Anatoly",,,,,,axe031000,anatoly eydelzon,Differential Calculus 
MATH,2413,006,2,6,5,2,4,6,5,3,4,1,1,3,2,,,,3,,"Dahal, Rabin",,,,,,rxd153030,rabin dahal,Differential Calculus 
MATH,2413,007,1,5,6,3,4,3,,4,5,2,2,,6,,,,9,,"Liu, Runzhou",,,,,,rxl210013,runzhou liu,Differential Calculus 
MATH,2413,008,2,7,3,4,4,2,4,2,,2,1,,4,,,,11,,"Liu, Runzhou",,,,,,rxl210013,runzhou liu,Differential Calculus 
MATH,2413,009,4,8,,3,3,4,5,4,,,5,3,5,,1,,5,,"Sultana, Nasrin",,,,,,nxs190039,nasrin sultana,Differential Calculus 
MATH,2413,010,3,9,8,5,3,5,1,4,1,1,,2,2,,,,6,,"Dahal, Rabin",,,,,,rxd153030,rabin dahal,Differential Calculus 
MATH,2413,011,2,5,3,5,7,7,3,3,3,,2,2,4,,,,3,,"Eydelzon, Anatoly","Duruoha, Adannah",,,,,axe031000,anatoly eydelzon,Differential Calculus 
MATH,2413,012,1,1,4,4,4,4,3,3,4,,1,,5,,,,10,,"Liu, Runzhou",,,,,,rxl210013,runzhou liu,Differential Calculus 
MATH,2413,013,1,7,8,5,5,1,6,3,3,1,,,5,,,,4,,"Sultana, Nasrin","Duruoha, Adannah",,,,,nxs190039,nasrin sultana,Differential Calculus 
MATH,2413,015,4,4,5,3,8,3,3,4,6,1,3,2,1,,,,3,,"Dahal, Rabin",,,,,,rxd153030,rabin dahal,Differential Calculus 
MATH,2413,016,7,3,6,2,8,5,5,2,2,1,3,,4,,,,2,,"Sultana, Nasrin",,,,,,nxs190039,nasrin sultana,Differential Calculus 
MATH,2413,017,7,9,4,9,3,3,2,,3,2,1,,4,,,,3,,"Sultana, Nasrin",,,,,,nxs190039,nasrin sultana,Differential Calculus 
MATH,2413,019,7,9,4,2,6,4,3,1,4,,1,,5,,,,3,,"Dahal, Rabin","Duruoha, Adannah",,,,,rxd153030,rabin dahal,Differential Calculus 
MATH,2413,020,2,3,6,2,2,2,6,3,3,3,2,,6,,,,5,,"Liu, Runzhou",,,,,,rxl210013,runzhou liu,Differential Calculus 
MATH,2413,021,5,2,4,3,6,6,4,5,3,,2,1,1,,,,5,,"Sultana, Nasrin",,,,,,nxs190039,nasrin sultana,Differential Calculus 
MATH,2413,022,2,4,5,6,5,7,1,2,1,1,,1,4,,,,8,,"Ding, Hui",,,,,,hxd162130,hui ding,Differential Calculus 
MATH,2413,023,2,2,5,2,7,8,4,,3,3,2,3,5,,,,2,,"Ding, Hui",,,,,,hxd162130,hui ding,Differential Calculus 
MATH,2413,091,,1,,1,2,2,3,,,,,,1,,,,,,"Nguyen, Mylinh T","Akula, Neelam V",,,,,mln018200,mylinh nguyen,Differential Calculus 
MATH,2414,001,8,4,5,2,2,3,2,3,1,2,2,1,13,,,,6,,"Aman, Kelly C",,,,,,kxa143530,kelly aman,Integral Calculus 
MATH,2414,002,1,4,,1,5,3,2,4,3,2,2,2,6,,,,5,,"Nguyen, Mylinh T",,,,,,mln018200,mylinh nguyen,Integral Calculus 
MATH,2414,003,4,1,1,4,5,2,2,5,4,1,4,1,11,,,,2,,"Garrett, Bentley T",,,,,,btg032000,bentley garrett,Integral Calculus 
MATH,2414,004,7,6,5,5,6,,1,6,1,1,4,2,7,,,,6,,"Aman, Kelly C",,,,,,kxa143530,kelly aman,Integral Calculus 
MATH,2414,005,5,1,2,5,4,5,7,,2,2,1,1,9,,,,6,,"Tran, Anh T",,,,,,att140830,anh tran,Integral Calculus 
MATH,2414,006,4,5,9,6,9,2,4,2,,2,1,1,1,,1,,2,,"Nguyen, Mylinh T",,,,,,mln018200,mylinh nguyen,Integral Calculus 
MATH,2414,007,1,3,3,1,5,2,4,4,3,2,2,2,9,,,,7,,"Garrett, Bentley T",,,,,,btg032000,bentley garrett,Integral Calculus 
MATH,2414,008,1,5,,4,3,3,9,4,3,2,3,4,7,,,,,,"Nguyen, Mylinh T",,,,,,mln018200,mylinh nguyen,Integral Calculus 
MATH,2414,009,1,7,5,3,5,6,4,,3,1,,1,10,,,,1,,"Conlon, Ronan",,,,,,rxc200021,ronan conlon,Integral Calculus 
MATH,2414,010,3,8,6,3,2,3,4,6,1,3,1,1,2,,,,3,,"Conlon, Ronan",,,,,,rxc200021,ronan conlon,Integral Calculus 
MATH,2414,011,2,5,2,5,3,3,2,4,2,,2,4,12,,,,4,,"Garrett, Bentley T",,,,,,btg032000,bentley garrett,Integral Calculus 
MATH,2414,012,2,8,4,3,6,5,2,2,5,,3,,6,,,,2,,"Aman, Kelly C",,,,,,kxa143530,kelly aman,Integral Calculus 
MATH,2414,013,4,1,3,4,3,2,3,7,6,5,3,1,6,,,,2,,"Aman, Kelly C",,,,,,kxa143530,kelly aman,Integral Calculus 
MATH,2415,001,3,7,13,11,5,5,6,5,,,6,,3,,,,3,,"Khan, Rizwanur",,,,,,rxk230072,,Calculus of Several Variables 
MATH,2415,002,7,12,6,6,10,11,8,4,,,7,,4,,,,1,,"Ahsan, Mohammad K",,,,,,mka120030,mohammad ahsan,Calculus of Several Variables 
MATH,2415,003,7,10,8,5,16,6,5,3,,,6,,5,,,,3,,"Coskunuzer, Baris",,,,,,bxc190014,baris coskunuzer,Calculus of Several Variables 
MATH,2415,004,2,5,9,8,9,8,4,11,,,6,,5,,,,1,,"Ahsan, Mohammad K",,,,,,mka120030,mohammad ahsan,Calculus of Several Variables 
MATH,2415,005,5,14,15,7,9,6,3,3,,,9,,2,,,,3,,"Coskunuzer, Baris",,,,,,bxc190014,baris coskunuzer,Calculus of Several Variables 
MATH,2417,001,3,10,4,3,3,2,8,2,3,4,6,1,11,,,,5,,"Douvropoulos, Theodosios",,,,,,dal326158,,Calculus I 
MATH,2417,002,3,4,5,7,7,2,3,4,2,2,1,,4,,,,5,,"Rakotomalala, Diarisoa Mihaja Andriamanisa",,,,,,dmr150130,diarisoa rakotomalala,Calculus I 
MATH,2417,003,5,6,7,3,6,9,3,1,3,1,2,3,11,,,,4,,"Rakotomalala, Diarisoa Mihaja Andriamanisa",,,,,,dmr150130,diarisoa rakotomalala,Calculus I 
MATH,2417,004,5,1,5,1,6,4,5,4,1,2,3,,5,,,,6,,"Kehoe, Joselle D",,,,,,jxk061000,joselle kehoe,Calculus I 
MATH,2417,005,4,6,1,3,7,3,3,5,4,1,4,1,9,,,,11,,"Miller, James W",,,,,,jwm170630,james miller,Calculus I 
MATH,2417,006,2,3,3,1,,5,5,2,4,2,3,,6,,,,2,,"Miller, James W",,,,,,jwm170630,james miller,Calculus I 
MATH,2417,007,2,5,5,4,1,5,5,1,3,2,3,2,3,,,,7,,"Rakotomalala, Diarisoa Mihaja Andriamanisa",,,,,,dmr150130,diarisoa rakotomalala,Calculus I 
MATH,2417,HN1,7,5,2,2,1,1,,1,,,,,,,1,,,,"Ramakrishna, Viswanath","Khandelwal, Abinash",,,,,vish,viswanath ramakrishna,Calculus I 
MATH,2418,002,7,3,5,8,2,7,4,6,4,3,1,2,11,,,,6,,"Adabrah, Anani Komla",,,,,,aaa130530,anani adabrah,Linear Algebra 
MATH,2418,003,3,1,,2,2,4,4,5,4,3,2,,3,,,,9,,"Arnold, Maxim",,,,,,mxa149530,maxim arnold,Linear Algebra 
MATH,2418,004,2,4,10,7,6,8,8,9,3,3,2,1,3,,,,5,,"Murza, Adrian C",,,,,,acm170730,adrian murza,Linear Algebra 
MATH,2418,005,5,4,2,8,6,10,9,7,8,5,2,,3,,,,3,,"Murza, Adrian C",,,,,,acm170730,adrian murza,Linear Algebra 
MATH,2418,006,2,1,,3,5,1,,2,3,,,1,2,,,,3,,"Wu, Cheyu J",,,,,,cxw153530,cheyu wu,Linear Algebra 
MATH,2418,007,5,7,6,7,13,5,4,6,6,2,1,2,1,,,,6,,"Murza, Adrian C",,,,,,acm170730,adrian murza,Linear Algebra 
MATH,2418,008,5,4,7,5,6,4,7,6,2,2,1,1,12,,,,9,,"Wu, Cheyu J",,,,,,cxw153530,cheyu wu,Linear Algebra 
MATH,2418,009,7,7,4,4,5,6,12,6,3,1,5,2,2,,,,6,,"Adabrah, Anani Komla",,,,,,aaa130530,anani adabrah,Linear Algebra 
MATH,2418,010,2,5,10,8,10,6,6,7,6,,2,2,1,,1,,6,,"Murza, Adrian C",,,,,,acm170730,adrian murza,Linear Algebra 
MATH,2418,501,2,1,5,4,6,2,1,6,,4,1,1,7,,,,2,,"Wu, Cheyu J",,,,,,cxw153530,cheyu wu,Linear Algebra 
MATH,2418,502,2,3,3,1,3,6,7,,3,4,6,2,9,,,,3,,"Pereira, Luis Felipe F",,,,,,lfp140030,luis pereira,Linear Algebra 
MATH,2419,001,2,3,4,5,3,2,1,2,1,2,2,1,5,,,,3,,"Ahsan, Mohammad K",,,,,,mka120030,mohammad ahsan,Calculus II 
MATH,2419,002,9,6,2,3,3,2,4,3,5,2,,1,6,,,,4,,"Ahsan, Mohammad K",,,,,,mka120030,mohammad ahsan,Calculus II 
MATH,2420,001,2,6,5,4,4,8,1,2,6,,1,,4,,,,4,,"Patel, Jigarkumar S",,,,,,jsp061000,jigarkumar patel,Differential Equations with Applications 
MATH,2420,002,1,3,6,7,11,12,3,8,11,,3,,2,,,,2,,"Lazebnik, Kirill",,,,,,dal233919,,Differential Equations with Applications 
MATH,2420,003,4,14,8,4,7,4,4,9,9,,2,,3,,,,,,"Rachinskiy, Dmitry",,,,,,dxr124030,dmitry rachinskiy,Differential Equations with Applications 
MATH,2420,004,1,11,9,9,6,5,2,12,8,,,,2,,,,5,,"Makarenkov, Oleg",,,,,,oxm130230,oleg makarenkov,Differential Equations with Applications 
MATH,2420,501,2,7,8,9,8,9,4,4,7,,3,,2,,1,,2,,"Rachinskiy, Dmitry",,,,,,dxr124030,dmitry rachinskiy,Differential Equations with Applications 
MATH,2420,HN1,6,6,6,4,1,1,,,,,,,,,,,,,"Dabkowski, Mieczyslaw K","Hasija, Jyoti",,,,,mkd034000,mieczyslaw dabkowski,Differential Equations with Applications 
MATH,3310,001,1,,7,2,2,6,1,2,2,1,1,,1,,,,1,,"Dabkowski, Malgorzata A","Holan, Kevin J",,,,,mxd066000,malgorzata dabkowska,Theoretical Concepts of Calculus 
MATH,3310,002,4,10,10,8,1,4,3,,2,,,,,,,,1,,"Dabkowski, Malgorzata A","Holan, Kevin J",,,,,mxd066000,malgorzata dabkowska,Theoretical Concepts of Calculus 
MATH,3311,001,2,8,4,3,,1,2,,,,1,1,1,,,,,,"Dabkowski, Malgorzata A","Billah, Misha",,,,,mxd066000,malgorzata dabkowska,Abstract Algebra I 
MATH,3311,002,7,8,1,,,1,,1,,,,,1,,,,,,"Dabkowski, Malgorzata A","Harikumar, Rohin",,,,,mxd066000,malgorzata dabkowska,Abstract Algebra I 
MATH,3315,001,4,6,9,2,6,2,1,3,1,,1,,1,,,,5,,"Williams, Nathan F","Crane, Casey M",,,,,nxw170830,nathan williams,Discrete Mathematics and Combinatorics 
MATH,3323,001,3,3,5,8,4,,3,2,2,,1,,1,,,,3,,"Khan, Rizwanur","Hoang, Ngoc T","Tang, Ze Sen",,,,rxk230072,,Elementary Number Theory 
MATH,3351,001,7,10,,,16,,4,7,3,1,1,1,2,,1,,3,,"McKeown, Stephen","Hoang, Ngoc T",,,,,sxm190098,stephen mckeown,Advanced Calculus 
MATH,3351,501,6,4,,,14,,3,5,4,1,,3,1,,,,1,,"McKeown, Stephen","Hoang, Ngoc T",,,,,sxm190098,stephen mckeown,Advanced Calculus 
MATH,3379,001,9,2,1,2,2,,2,2,1,,1,1,1,,,,2,,"Arreche Aguayo, Carlos E","Chakraborty, Sayoni",,,,,cxa171230,carlos arreche,Complex Variables 
MATH,4301,001,10,6,2,2,3,4,4,4,7,3,6,2,,,1,,1,,"Ohsawa, Tomoki","Alabbadi, Ismail","Smith, Jared",,,,txo140730,tomoki ohsawa,Mathematical Analysis I 
MATH,4301,002,9,2,1,2,7,3,1,1,3,6,4,5,,,,,5,,"Ohsawa, Tomoki","Smith, Jared","Alabbadi, Ismail",,,,txo140730,tomoki ohsawa,Mathematical Analysis I 
MATH,4332,501,5,3,5,5,2,2,2,3,2,,,,,,,,1,,"Adabrah, Anani Komla","Taskin, Fariha",,,,,aaa130530,anani adabrah,Scientific Computing using Python 
MATH,4332,502,8,7,8,4,3,1,2,1,1,,,,,,,,1,,"Adabrah, Anani Komla","Taskin, Fariha",,,,,aaa130530,anani adabrah,Scientific Computing using Python 
MATH,4334,001,2,4,3,1,4,3,4,1,3,,1,,,,,,1,,"Biswas, Saikat","Sarkar, Soham",,,,,sxb230137,saikat biswas,Numerical Analysis 
MATH,4341,001,6,3,6,1,3,,,,1,4,,,1,,,,2,,"Tran, Anh T","Babu, Ivin",,,,,att140830,anh tran,Topology 
MATH,4355,001,,2,4,1,3,3,1,2,,1,1,,,,,,1,,"Ramakrishna, Viswanath","Nasreddine, Noura R",,,,,vish,viswanath ramakrishna,Methods of Applied Mathematics 
MATH,5301,501,,6,3,2,1,1,,1,,,,,,,,,,,"Makarenkov, Oleg",,,,,,oxm130230,oleg makarenkov,Elementary Analysis I 
MATH,5303,001,,31,4,3,,,,,,,,,,,,,,,"Eydelzon, Anatoly","Stack, Jason C",,,,,axe031000,anatoly eydelzon,Advanced Calculus and Linear Algebra 
MATH,6301,001,,5,5,9,,1,,,,,,,,,,,,,"Makarenkov, Oleg","Abbadi, Soufiane",,,,,oxm130230,oleg makarenkov,Real Analysis 
MATH,6311,001,,11,2,2,,,,,,,,,,,,,,,"Arreche Aguayo, Carlos E","Kudasinghe Patabendi Gedara He, Rachindra V",,,,,cxa171230,carlos arreche,Abstract Algebra I 
MATH,6312,001,,3,1,2,3,,,,,,,,,,,,1,,"Williams, Nathan F",,,,,,nxw170830,nathan williams,Combinatorics and Graph Theory 
MATH,6313,001,,19,1,1,,,,,,,,,,,,,1,,"Meng, Shixu",,,,,,dal567148,,Numerical Analysis 
MATH,6314,501,,7,2,2,,1,,,,,,,,,,,,,"Dabkowski, Mieczyslaw K",,,,,,mkd034000,mieczyslaw dabkowski,Algebraic Topology 
MATH,6315,001,,9,3,,1,2,,,,,,,,,,,1,,"Arnold, Maxim","Changani, Soham",,,,,mxa149530,maxim arnold,Ordinary Differential Equations 
MATH,6319,501,,5,4,7,,2,,,,,,,,,,,2,,"Ramakrishna, Viswanath",,,,,,vish,viswanath ramakrishna,Principles and Techniques in Applied Mathematics I 
MATH,6335,001,,16,,,,,,,,,,,,,,,,,"Bensoussan, Alain","Hasija, Jyoti",,,,,axb046100,,Machine Learning and Control Theory 
MATH,6345,001,,4,2,3,1,,,,,,,,,,,,,,"Cao, Yan",,,,,,yxc069200,yan cao,Mathematical Methods in Medicine and Biology 
MATH,6346,001,,8,8,6,7,1,,,,,,,,,,,,,"Cao, Yan","Nuwagira, Brighton",,,,,yxc069200,yan cao,Medical Image Analysis 
MECH,1100,0W1,95,59,39,31,30,13,5,10,7,3,1,1,6,,,,,,"Rios, Oziel","Thamban, P L Stephan","Njoku, Gideon","Rahimi, Hootan",,,oxr106020,oziel rios,Introduction to Mechanical Engineering I 
MECH,1208,0W1,21,36,26,15,10,12,4,5,2,1,3,,6,,,,2,,"Thamban, P L Stephan","Rayhan, Aritra","Akherati, Hossein",,,,stephan,p l stephan thamban,Introduction to Mechanical Engineering II 
MECH,2120,101,17,3,1,2,,,,,,,,,,,,,,,"Lu, Hongbing","Feng, Leshi",,,,,hxl101000,hongbing lu,Mechanics of Materials Laboratory 
MECH,2120,102,11,11,1,,1,,,,1,,,,,,,,,,"Lu, Hongbing","Chen, Huiluo",,,,,hxl101000,hongbing lu,Mechanics of Materials Laboratory 
MECH,2120,103,9,11,4,1,,,,,,,,,,,,,,,"Lu, Hongbing","Chen, Huiluo",,,,,hxl101000,hongbing lu,Mechanics of Materials Laboratory 
MECH,2120,105,14,5,1,3,,,,,1,,,,,,,,1,,"Lu, Hongbing","Hasan, Mohaimenul",,,,,hxl101000,hongbing lu,Mechanics of Materials Laboratory 
MECH,2310,001,14,9,,7,9,,1,16,,,3,,11,,,,9,,"Kumar, Golden","Akbar, Naheen Ibn",,,,,gxk180010,golden kumar,Statics 
MECH,2310,002,11,17,,9,15,,1,4,,1,2,,1,,1,,3,,"Armstrong, Connor D","Charles, Daniel",,,,,dal228242,,Statics 
MECH,2320,001,4,14,21,17,10,6,4,1,,1,,,,,,,,,"Zhou, Yue","Jamee, Tousif",,,,,yxz220024,,Mechanics of Materials 
MECH,2330,002,2,21,,11,7,,3,2,,,2,,,,,,,,"Ni, Xinchen","Abarca Jimenez, Maria Fernanda",,,,,xxn230001,xinchen ni,Dynamics 
MECH,3105,101,16,9,7,5,7,1,5,2,1,,2,3,6,,,,1,,"Rios, Oziel","Pabbala, Monish Yadav","Okyere, Yaa Afra-Serwaa","Hossain, Md. Sanower",,,oxr106020,oziel rios,Computer Aided Design Laboratory 
MECH,3105,102,4,8,7,9,11,5,7,3,7,,3,,9,,,,1,,"Rios, Oziel","Pabbala, Monish Yadav","Okyere, Yaa Afra-Serwaa","Hossain, Md. Sanower",,,oxr106020,oziel rios,Computer Aided Design Laboratory 
MECH,3115,101,3,8,9,2,,,,,,,,,,,,,,,"Jin, Yaqing","Adnan, Sakib",,,,,yxj190011,yaqing jin,Fluid Mechanics Laboratory 
MECH,3115,102,8,14,,,,,,,,,,,,,,,,,"Jin, Yaqing","Adnan, Sakib",,,,,yxj190011,yaqing jin,Fluid Mechanics Laboratory 
MECH,3115,103,14,2,4,1,,,,,,,,,,,,,,,"Jin, Yaqing","Adnan, Sakib",,,,,yxj190011,yaqing jin,Fluid Mechanics Laboratory 
MECH,3115,104,,15,3,3,1,,,,,,,,,,,,,,"Jin, Yaqing","Bizhan Pour, Ali",,,,,yxj190011,yaqing jin,Fluid Mechanics Laboratory 
MECH,3120,101,8,7,5,1,,,,1,,,,,,,,,,,"Hassanipour, Fatemeh","Gutierrez Pua, Lizeth D","Olapojoye, Abdullahi O",,,,fxh091000,fatemeh hassanipour,Heat Transfer Laboratory 
MECH,3120,102,8,8,3,1,2,1,,,,,,,,,,,1,,"Hassanipour, Fatemeh","Gutierrez Pua, Lizeth D","Olapojoye, Abdullahi O",,,,fxh091000,fatemeh hassanipour,Heat Transfer Laboratory 
MECH,3120,103,11,8,3,2,,,,,,,,,,,,,,,"Hassanipour, Fatemeh","Gutierrez Pua, Lizeth D","Olapojoye, Abdullahi O",,,,fxh091000,fatemeh hassanipour,Heat Transfer Laboratory 
MECH,3120,104,10,10,3,,1,,,,,,,,,,,,,,"Hassanipour, Fatemeh","Gutierrez Pua, Lizeth D","Olapojoye, Abdullahi O",,,,fxh091000,fatemeh hassanipour,Heat Transfer Laboratory 
MECH,3120,105,9,10,3,1,,,,,,,,,,,,,,,"Hassanipour, Fatemeh","Gutierrez Pua, Lizeth D","Olapojoye, Abdullahi O",,,,fxh091000,fatemeh hassanipour,Heat Transfer Laboratory 
MECH,3120,106,6,6,5,2,3,,,,,,,,,,,,,,"Hassanipour, Fatemeh","Gutierrez Pua, Lizeth D","Olapojoye, Abdullahi O",,,,fxh091000,fatemeh hassanipour,Heat Transfer Laboratory 
MECH,3150,101,,3,2,4,3,,2,,,,,,,,,,,,"Park, Wooram","Gostin, David S",,,,,wxp103020,wooram park,Kinematics and Dynamics Laboratory 
MECH,3150,102,,22,18,5,2,,,,,,,,,,,,,,"Park, Wooram","Gostin, David S",,,,,wxp103020,wooram park,
MECH,3300,001,1,9,8,6,4,2,4,2,2,,7,4,4,,,,5,,"Thamban, P L Stephan","Setayeshpour, Soroush",,,,,stephan,p l stephan thamban,Applied Engineering Mathematics 
MECH,3300,002,,12,1,4,11,1,5,14,5,,2,,2,,,,2,,"Gelb, Lev D","Akherati, Hossein","Zong, Yuwei",,,,ldg102020,lev gelb,Applied Engineering Mathematics 
MECH,3305,0W1,,5,12,4,8,3,4,3,1,2,,,1,,,,,,"Rios, Oziel","Pabbala, Monish Yadav","Okyere, Yaa Afra-Serwaa","Hossain, Md. Sanower",,,oxr106020,oziel rios,
MECH,3305,0W2,1,3,10,6,8,7,7,1,3,,1,,,,,,,,"Rios, Oziel","Pabbala, Monish Yadav","Okyere, Yaa Afra-Serwaa","Hossain, Md. Sanower",,,oxr106020,oziel rios,
MECH,3305,0W3,1,6,6,6,7,2,4,3,3,,1,,6,,,,,,"Fadda, Dani Z",,,,,,dzf091000,dani fadda,Computer Aided Design 
MECH,3310,001,4,10,10,10,8,3,2,,1,,1,,1,,,,,,"Xiong, Guoping","Mashhadian, Amirarsalan",,,,,gxx200001,guoping xiong,Thermodynamics 
MECH,3310,0H1,4,6,6,10,4,6,5,3,3,,,,1,,,,,,"Ouyang, Hui","Mashhadian, Amirarsalan",,,,,hxo150330,hui ouyang,Thermodynamics 
MECH,3315,001,18,23,8,4,4,2,1,,,,,,,,,,,,"Jin, Yaqing","Deng, Qianxi","Bizhan Pour, Ali",,,,yxj190011,yaqing jin,Fluid Mechanics 
MECH,3315,002,2,7,5,10,4,3,2,4,1,,,,,,,,1,,"Iungo, Giacomo Valerio",,,,,,ixg140830,giacomo iungo,Fluid Mechanics 
MECH,3315,003,11,3,8,6,5,4,2,4,1,,,1,,,,,,,"Liu, Zhen","Bizhan Pour, Ali",,,,,dal303211,zhen liu,Fluid Mechanics 
MECH,3320,001,2,1,8,4,2,4,7,4,3,,2,,2,,,,2,,"You, Seung M","Keewan, Ashraf Z",,,,,smy130030,seung you,Heat Transfer 
MECH,3340,001,,,,1,1,1,2,,2,,1,3,5,,,,,,"Zare, Armin",,,,,,axz190009,armin zare,System Dynamics Modeling and Analysis 
MECH,3340,003,1,2,5,1,3,3,4,2,6,,,,3,,,,,,"Zare, Armin",,,,,,axz190009,armin zare,System Dynamics Modeling and Analysis 
MECH,3350,001,3,10,10,22,11,6,6,8,2,,,,2,,,,,,"Park, Wooram","Chowdhury, Md Tareq","Mishra, Ipsita",,,,wxp103020,wooram park,Kinematics and Dynamics of Mechanical Systems 
MECH,3350,501,1,5,7,11,19,12,4,9,10,,,,1,,,,,,"Park, Wooram","Chowdhury, Md Tareq","Mishra, Ipsita",,,,wxp103020,wooram park,Kinematics and Dynamics of Mechanical Systems 
MECH,3351,001,5,2,4,3,4,4,1,2,4,,1,,3,,,,,,"Malik, Arif S","Hossain, Al-Mustasin A",,,,,axm154531,arif malik,Design of Mechanical Systems 
MECH,3351,002,6,15,,5,10,,3,7,,,,,,,,,1,,"Kumar, Golden","Hossain, Al-Mustasin A",,,,,gxk180010,golden kumar,Design of Mechanical Systems 
MECH,3360,001,,6,9,6,6,12,6,,1,,1,,4,,,,3,,"Minary-Jolandan, Majid","Hasan, Mohaimenul",,,,,mxm124631,majid minary,Introduction to Materials Science 
MECH,3381,001,4,11,6,9,4,4,,,1,,,,,,,,1,,"Li, Wei","Islam, Razaul",,,,,wxl190014,,Introduction to Manufacturing Processes 
MECH,3V95,001,,1,6,5,4,,,1,,,,,,,,,1,,"McCall, Kyle",,,,,,kxm210050,kyle mccall,Topics in Mechanical Engineering 
MECH,3V95,002,3,8,5,1,1,,,,,,,,,,,,1,,"Li, Wei",,,,,,wxl190014,,Topics in Mechanical Engineering 
MECH,4110,101,3,7,5,2,3,1,1,,,,,,,,,,,,"Koeln, Justin P","Gomez, Alexander M","Shaikh, Juned",,,,jpk170130,justin koeln,
MECH,4110,102,,6,5,3,5,,,1,2,,,,,,,,,,"Koeln, Justin P","Gomez, Alexander M","Shaikh, Juned",,,,jpk170130,,Systems and Controls Laboratory 
MECH,4110,103,2,12,5,1,1,1,,,1,,,,,,,,,,"Koeln, Justin P","Shaikh, Juned","Gomez, Alexander M",,,,jpk170130,,Systems and Controls Laboratory 
MECH,4110,104,3,8,4,2,3,2,,,,,,,,,,,,,"Koeln, Justin P","Gomez, Alexander M","Shaikh, Juned",,,,jpk170130,,Systems and Controls Laboratory 
MECH,4110,105,1,15,4,,1,2,1,1,,,,,,,,,,,"Koeln, Justin P","Shaikh, Juned","Gomez, Alexander M",,,,jpk170130,,Systems and Controls Laboratory 
MECH,4310,001,,3,2,11,5,1,5,6,7,,,,4,,,,1,,"Ruths, Justin","Vellucci, Alyssa M",,,,,jxr163730,justin ruths,Systems and Controls 
MECH,4310,003,5,13,9,12,9,4,,2,,1,1,,,,1,,1,,"Li, Yaoyu","Naseri, Mohammadamin",,,,,yxl115230,yaoyu li,Systems and Controls 
MECH,4310,004,1,2,1,8,,2,1,1,2,,,,3,,,,1,,"Ruths, Justin","Vellucci, Alyssa M",,,,,jxr163730,justin ruths,Systems and Controls 
MECH,4320,001,1,3,4,3,1,2,,3,,,,,,,,,,,"Leonardi, Stefano",,,,,,sxl139330,stefano leonardi,Applications of Computational Tools in Thermal Fluid Science 
MECH,4340,001,1,5,3,3,8,2,1,4,2,,,,,,,,,,"Park, Wooram","Gostin, David S",,,,,wxp103020,wooram park,Mechanical Vibrations 
MECH,4380,0W1,1,6,4,5,7,3,2,2,2,,,,1,,,,1,,"Fadda, Dani Z","Keewan, Ashraf Z",,,,,dzf091000,dani fadda,HVAC Systems 
MECH,4381,001,,29,27,35,23,3,,,1,,,,,,2,,1,,"Hart, Robert A","Olojede, Damilola R","Tjahjono, Nathaniel S",,,,rxh124630,robert hart,Senior Design Project I 
MECH,4382,001,,5,7,8,6,3,5,,1,,,,,,1,,,,"Hart, Robert A","Tjahjono, Nathaniel S","Olojede, Damilola R",,,,rxh124630,robert hart,Senior Design Project II 
MECH,4V95,003,,3,1,2,3,,,1,1,,,,,,,,,,"Qian, Dong",,,,,,dxq120430,dong qian,Topics in Mechanical Engineering 
MECH,4V95,004,2,4,5,1,,,,,,,,,,,,,,,"Zhou, Yue","Jamee, Tousif",,,,,yxz220024,,Topics in Mechanical Engineering 
MECH,4V95,0W1,,9,5,6,6,6,2,1,1,,2,,1,,,,3,,"Fadda, Dani Z",,,,,,dzf091000,dani fadda,Topics in Mechanical Engineering 
MECH,5300,001,,6,3,1,2,3,,1,,,,,,,,,,,"Su, Laisuo","Hu, Lifang",,,,,lxs230021,,Introduction to Materials Science 
MECH,6300,001,,3,4,1,3,1,,2,,,,,2,,,,,,"Moheimani, Seyed Omid Reza","Lai, Bryan",,,,,sxm154130,,Linear Systems 
MECH,6303,001,,15,4,2,1,1,,,,,,,,,,,,,"Li, Jiannan","Singh, Abhishek P",,,,,dal850562,,Computer Aided Design 
MECH,6303,002,,10,6,3,2,1,,,,,,,,,,,1,,"Tadesse, Yonas T","Singh, Abhishek P",,,,,ytt110030,yonas tadesse,Computer Aided Design 
MECH,6314,001,,5,3,,2,,,1,,,,,,,,,,,"Spong, Mark W",,,,,,mws081000,mark spong,Engineering Systems  Modeling and Simulation 
MECH,6318,001,,36,4,6,6,1,,,,,,,,,1,,,,"Zhang, Jie","Olojede, Damilola R",,,,,jxz156730,jie zhang,Engineering Optimization 
MECH,6350,002,,4,10,4,6,,,,,,,,,,,,1,,"Leem, Juyoung",,,,,,jxl230028,juyoung leem,Advanced Solid Mechanics 
MECH,6351,003,,15,3,3,1,1,1,1,,,,,,,,,,,"Qian, Dong",,,,,,dxq120430,dong qian,Finite Element Techniques I 
MECH,6367,001,,2,2,3,2,,,,,,,,,,,,1,,"Cho, Kyeongjae","Majumder, Haimanti",,,,,kxc067000,kyeongjae cho,Mechanical Properties of Materials 
MECH,6374,001,,13,1,,,,,1,,,,,,,,,1,,"Cui, Shuang",,,,,,sxc200064,shuang cui,Conductive and Radiative Heat Transfer 
MECH,6V29,001,,8,1,,1,,,,,,,,,,,,,,"Wang, Zejiang",,,,,,zxw240006,zejiang wang,Special Topics in Dynamic Systems and Control 
MECH,7000,001,,,,,,,,,,,,,,,,,,97,"White, Edward B",,,,,,dal102367,,Seminar in Mechanical Engineering 
MECH,7392,001,,16,4,,,,,,,,,,,,,,,,"Xu, Yanwen",,,,,,yxx230007,,Advanced Mathematics for Mechanical Engineers I 
MECH,7393,001,,7,3,,,,,,,,,,1,,,,,,"Xu, Yanwen",,,,,,yxx230007,,Advanced Mathematics for Mechanical Engineers II 
MECO,4303,001,3,6,2,1,,,,,,,,,2,,,,,,"Liang, Yingzhi","Dudhat, Shail M",,,,,dal725083,yingzhi liang,Decisions  Behavior  and Business Policy 
MECO,4352,001,,2,1,2,1,1,1,1,,,,,1,,,,,,"Blueshtein, Moran","Brady, Cameron","Motupalli, Sai Keerthi",,,,mxb135230,moran blueshtein,Business Econometrics 
MECO,6303,0W1,,12,2,10,9,3,3,5,,,,,,,,,1,,"Lewin, Peter","Konda, Ravi Kiran Reddy",,,,,plewin,peter lewin,Business Economics 
MECO,6303,501,,8,1,2,1,,,,,,,,,,,,1,,"Lewin, Peter",,,,,,plewin,peter lewin,Business Economics 
MECO,6303,MBC,,23,12,4,1,,,,,,,,,,,,,,"Zentner, Alejandro",,,,,,axz051000,alejandro zentner,
MECO,6303,MBP,,12,8,1,1,,,,,,,,,,,,,,"Zentner, Alejandro",,,,,,axz051000,alejandro zentner,
MECO,6303,XH1,,16,4,4,,1,,,,,,,,,,,1,,"Kiser, Stephen L",,,,,,slk012100,stephen kiser,
MECO,6345,001,,4,4,4,,,,,,,,,,,,,,,"Cheung, Hung Yui",,,,,,phc220001,paul cheung,Advanced Managerial Economics 
MILS,1111,001,,31,,,1,,,,,,,,,,,,1,,"Stevenson, Brian A",,,,,,bas240000,,Military Physical Conditioning 
MILS,1141,001,,6,,,3,,,,,,,,,,,,1,,"Stevenson, Brian A",,,,,,bas240000,,Foundations of Leadership 
MILS,180,002,,31,,,1,,,,,,,,,,,,1,,"Stevenson, Brian A",,,,,,bas240000,,Leadership Lab 
MILS,2241,001,11,,,,,,,,,,,,,,,,,,"Cisneros, Juan J",,,,,,dal153651,,Individual Team Development 
MILS,3341,001,,14,,,,,,,,,,,,,,,,,"Stevenson, Brian A",,,,,,bas240000,,Leadership I 
MIS,6009,001,,,,,,,,,,,,,,,,,,10,"Bellamy, Michelle",,,,,,mxb240062,michelle bellamy,
MIS,6009,091,,,,,,,,,,,,,,,,,,10,"Bellamy, Michelle",,,,,,mxb240062,michelle bellamy,
MIS,6308,001,,24,17,18,3,,,,,,,,,,,,,,"Srikanth, Kannan","Panyam, Ruchitha",,,,,kxs018700,,System Analysis and Project Management 
MIS,6308,002,,8,6,3,7,1,1,,,,,,,,,,,,"Baker, Jeffrey M","Parikh, Bhoomi Bharatkumar",,,,,dal616978,,System Analysis and Project Management 
MIS,6308,0W1,,21,9,7,22,,,,,,,,1,,,,,,"Raghunathan, Srinivasan","Baladhandayutham, Amitabha",,,,,sraghu,srinivasan raghunathan,System Analysis and Project Management 
MIS,6309,001,,19,10,9,5,,,,,,,,,,,,,,"Lahiri, Atanu","Das, Anamika",,,,,axl144730,atanu lahiri,Business Data Warehousing 
MIS,6309,0W1,,6,1,1,4,1,2,2,,,,,3,,,,,,"Islam, Naser","Charan, Mahip Singh",,,,,nxi110630,naser islam,Business Data Warehousing 
MIS,6313,501,,7,16,7,2,,,,,,,,,,,,,,"Mookerjee, Vijay S","Yang, Yunxuan M",,,,,vijaym,vijay mookerjee,Managing IT in the Analytics Age 
MIS,6313,5W1,,7,6,7,7,3,1,,,,,,,,,,,,"Hefley, William E","Charan, Mahip Singh",,,,,weh150130,william hefley,Managing IT in the Analytics Age 
MIS,6313,CH1,,19,2,,,,,,,,,,,,,,,,"Rhoades, Mike",,,,,,,mike rhoades,
MIS,6313,MBP,,9,12,1,,,,,,,,,,,,,,,"Mookerjee, Vijay S","Yang, Yunxuan M",,,,,vijaym,vijay mookerjee,
MIS,6320,0W1,,4,,,3,2,1,,,,,,,,,,,,"Cavusoglu, Huseyin","Li, Baorui",,,,,huseyin,huseyin cavusoglu,Database Foundations 
MIS,6326,501,,7,5,3,3,,,,,,,,1,,,,,,"Ryu, Young U",,,,,,ryoung,young ryu,Database Management 
MIS,6330,001,,28,14,10,4,,,,,,,,,,,,1,,"Lahiri, Atanu","Das, Anamika",,,,,axl144730,atanu lahiri,Cybersecurity Fundamentals 
MIS,6330,501,,29,12,5,8,,,,,,,,,,,,,,"Lahiri, Atanu","Das, Anamika",,,,,axl144730,atanu lahiri,Cybersecurity Fundamentals 
MIS,6337,501,,5,4,3,1,,,,,,,,,,,,,,"Mauriello, Joseph A",,,,,,jam151430,joseph mauriello,Information Technology Audit and Risk Management 
MIS,6344,002,,4,4,1,1,,,1,,,,,,,,,,,"Maru, Vatsal K","Gorre, Sravani",,,,,vkm220000,vatsal maru,Web Analytics 
MIS,6344,0W1,,8,6,6,5,,,,,,,,,,,,,,"Mehra, Amit","Yang, Yunxuan M",,,,,axm078200,amit mehra,Web Analytics 
MIS,6346,001,,7,4,4,3,,,,,,,,,,,,,,"El-Youssef, Rami","Mishra, Divyanshu",,,,,rxe200001,rami el youssef,Big Data 
MIS,6346,502,,16,11,3,2,,,,,,,,,,,,,,"El-khodari, Gasan E","Patali, Krithika N",,,,,gxe051000,gasan elkhodari,Big Data 
MIS,6347,001,,6,4,,1,,2,1,,,,,1,,1,,,,"Bradbury, Judd D","Chaudhuri, Ron",,,,,jdb101000,judd bradbury,AWS Cloud Analytics 
MIS,6349,001,,2,8,3,,,,,,,,,,,,,,,"Samant, Mandar","Dungdung, Rinisha Snehal",,,,,mss190002,,Digital Consulting Project 
MIS,6349,002,,5,8,11,10,,,,,,,,,,,,,,"Shroff, Tejas N","Arugunta, Sailendra Reddy",,,,,tns190000,tejas shroff,Digital Consulting Project 
MIS,6349,004,,13,6,2,1,1,,,,,,,,,,,,,"Garapaty, Ramesh S","Sharma, Sysha",,,,,dal510243,,Digital Consulting Project 
MIS,6356,002,,8,5,,,,,,,,,,,,,,,,"Zhang, Zhe","Ahmed, Haseeb",,,,,zxz145430,,Business Analytics With R 
MIS,6356,004,,2,2,4,2,,,,,,,,,,,,,,"Lee, Heeseung","Park, Juyeon",,,,,hxl220030,heeseung lee,Business Analytics With R 
MIS,6360,002,,12,5,1,4,1,1,2,,,,,,,,,1,,"Thouin, Mark F","Gunasekaran, Rajesh Yadav",,,,,mxt083000,mark thouin,Agile Project Management 
MIS,6363,002,,29,17,7,3,,1,,,,,,,,,,,,"Song, Liugen",,,,,,lxs190018,liugen song,Cloud Computing Fundamentals 
MIS,6363,S01,,10,13,9,4,,,,,,,,,,,,,,"Raheem, Abdul",,,,,,axr122430,abdul raheem,
MIS,6368,001,,4,1,1,2,1,1,,,,,,,,,,,,"Thomas, Thomas K","Kadian, Dhwani S",,,,,dal194962,,Applied Cybersecurity Analytics and Risk Management 
MIS,6369,0W1,,3,5,6,3,,,,,,,,,,,,1,,"Subramoniam, Ramesh","Bhuiyan, Meneka L",,,,,rxs179630,ramesh subramoniam,Supply Chain Software with SAP  Planning  AI  and Blockchain Innovations 
MIS,6378,001,,11,20,4,7,4,,,,,,,,,,,1,,"Thanawalla, Moyez","Polapalli, Thanmai",,,,,mst180005,moyez thanawalla,Customer Relationship Management with Salesforce 
MIS,6380,001,,23,4,7,2,,,,,,,,1,,,,,,"Bradbury, Judd D","Sarpangala, Karthik Raj",,,,,jdb101000,judd bradbury,Data Visualization 
MIS,6380,002,,17,2,8,12,1,4,4,,,,,1,,,,,,"Islam, Naser","Baladhandayutham, Amitabha",,,,,nxi110630,naser islam,Data Visualization 
MIS,6380,0W1,,15,4,5,4,1,2,2,,,,,,,,,1,,"Bradbury, Judd D",,,,,,jdb101000,judd bradbury,Data Visualization 
MIS,6380,SW1,,12,2,4,1,,1,3,,,,,,,,,,,"Bradbury, Judd D",,,,,,jdb101000,judd bradbury,
MIS,6382,001,,5,2,3,3,3,1,1,,,,,1,,,,,,"Mookerjee, Radha V","Liu, Hongzhi",,,,,rvm019000,radha mookerjee,Object Oriented Programming in Python 
MIS,6382,003,,9,9,11,6,5,,,,,,,,,,,,,"Neouchi, Rabih","Acharya, Manali D",,,,,rxn200012,rabih neouchi,Object Oriented Programming in Python 
MIS,6382,0W1,,18,12,4,2,4,1,1,,,,,4,,,,3,,"Mookerjee, Radha V","Liu, Hongzhi",,,,,rvm019000,radha mookerjee,Object Oriented Programming in Python 
MIS,6382,502,,12,9,6,5,2,,1,,,,,,,,,,,"Neouchi, Rabih","Acharya, Manali D",,,,,rxn200012,rabih neouchi,Object Oriented Programming in Python 
MIS,6382,503,,18,14,7,3,5,,1,,,,,,,,,,,"Maru, Vatsal K","Dibbadahalli Kumar, Chintan",,,,,vkm220000,vatsal maru,Object Oriented Programming in Python 
MIS,6384,001,,,7,9,5,3,,,,,,,,,,,1,,"Shroff, Tejas N","Arugunta, Sailendra Reddy",,,,,tns190000,tejas shroff,Preparing for Cybersecurity Threats 
MIS,6385,001,,16,3,,,,,,,,,,,,,,,,"Shekhar, Gaurav","Subramanian, Natesh",,,,,gxs150130,gaurav shekhar,Robotic Process Automation 
MIS,6389,001,,9,1,5,2,2,1,1,,,,,,,,,,,"Calisir, Engin","Singu, Geethika",,,,,exc030100,engin calisir,AWS Cloud Solution Architecture 
MIS,6392,0W1,,2,2,3,1,1,,,,,,,,,,,2,,"Mehra, Amit","Yang, Yunxuan M",,,,,axm078200,amit mehra,Causal Analytics and A B Testing 
MIS,6393,002,,13,20,4,6,1,,,,,,,,,,,,,"Bose, Ashim","Sreeramareddy, Keerthana",,,,,axb230208,ashim bose,Foundations of Digital Product Management 
MIS,6393,003,,19,11,2,5,,,,,,,,,,,,2,,"Bose, Ashim","Sreeramareddy, Keerthana",,,,,axb230208,ashim bose,Foundations of Digital Product Management 
MIS,6393,5W1,,16,11,1,3,,,,,,,,,,,,1,,"Bose, Ashim","Sreeramareddy, Keerthana",,,,,axb230208,ashim bose,Foundations of Digital Product Management 
MIS,6396,001,,10,4,1,2,,,,,,,,,,,,,,"Neal, Angela","Sharma, Sysha",,,,,aan052000,angela neal,User Experience Design 
MIS,6399,501,,12,5,2,,,,,,,,,1,,,,,,"Bose, Ashim","Srivastava, Rushil",,,,,axb230208,ashim bose,AI in Business 
MIS,6V98,001,,,,,,,,,,,,,1,,,,,53,"Bellamy, Michelle",,,,,,mxb240062,michelle bellamy,
MKT,3300,001,22,7,7,15,11,,,,,,,,1,,,,,,"Wang, Lingbo",,,,,,lxw210016,,Principles of Marketing 
MKT,3300,002,25,12,9,12,,,1,,,,,,,,,,,,"Madan, Anmol",,,,,,axm200248,anmol madan,Principles of Marketing 
MKT,3300,003,9,26,20,7,,,,,,,,,,,,,1,,"Kim, Seung Mok",,,,,,sxk200267,seung mok kim,Principles of Marketing 
MKT,3300,004,7,30,14,2,3,,,,,,,,,,,,,,"Egeland, Rita E",,,,,,rxb154430,rita bargerhuff egeland,Principles of Marketing 
MKT,3300,005,,5,,9,16,5,2,4,1,1,2,,1,,,,1,,"Rajaratnam, Daniel",,,,,,dxr143430,daniel rajaratnam,Principles of Marketing 
MKT,3300,006,,14,24,14,2,5,,,,,,,,,,,1,,"Park, Yeowoon",,,,,,yxp210025,,Principles of Marketing 
MKT,3300,007,17,24,10,5,2,1,,1,,,,,,,,,,,"Mamadehussene, Samir","Wang, Xuan",,,,,sxm200118,samir mamadehussene,Principles of Marketing 
MKT,3300,008,18,24,7,5,,5,,,,1,,,,,,,,,"Mamadehussene, Samir","Wang, Xuan",,,,,sxm200118,samir mamadehussene,Principles of Marketing 
MKT,3300,009,1,8,13,6,12,10,3,6,,1,1,,1,,,,,,"Wu, Fang","Akki, Gouri",,,,,fxw052000,fang wu,Principles of Marketing 
MKT,3300,010,,4,1,3,18,1,13,9,2,2,1,,,,,,,,"Rajaratnam, Daniel",,,,,,dxr143430,daniel rajaratnam,Principles of Marketing 
MKT,3300,011,,5,,6,16,,11,11,,4,2,,3,,,,2,,"Rajaratnam, Daniel",,,,,,dxr143430,daniel rajaratnam,Principles of Marketing 
MKT,3300,012,,3,9,7,11,9,3,3,2,,,,,,,,1,,"Kirk-Rolley, Lori",,,,,,lxk230030,lori kirk rolley,Principles of Marketing 
MKT,3300,013,6,12,11,19,8,5,,,,,,,,,,,,,"Lim, Taewook",,,,,,txl190020,taewook lim,Principles of Marketing 
MKT,3300,015,,5,1,6,9,4,9,3,1,8,3,,3,,,,1,,"Rajaratnam, Daniel",,,,,,dxr143430,daniel rajaratnam,Principles of Marketing 
MKT,3300,0W1,,9,10,8,18,6,1,3,,1,,,,,,,,,"Pahwa, Parneet","Miao, Jin",,,,,pxp030100,parneet pahwa,Principles of Marketing 
MKT,3300,0W2,,10,16,6,9,6,3,2,1,1,,,1,,,,1,,"Wu, Fang","Yellen, Anna",,,,,fxw052000,fang wu,Principles of Marketing 
MKT,3300,0W3,,10,16,9,8,8,3,3,,,,,,,,,,,"Wu, Fang","Yellen, Anna",,,,,fxw052000,fang wu,Principles of Marketing 
MKT,3300,501,8,28,16,4,2,1,,,,,,1,,,,,,,"Bigham, Paul E",,,,,,epb180001,ernest bigham,Principles of Marketing 
MKT,3300,502,,26,7,5,12,4,2,1,,,,,1,,,,1,,"Tirone, Guido",,,,,,gxt170001,guido tirone,Principles of Marketing 
MKT,3300,503,,6,,9,16,3,9,7,1,2,1,,3,,,,1,,"Rajaratnam, Daniel",,,,,,dxr143430,daniel rajaratnam,Principles of Marketing 
MKT,3320,001,,3,6,10,19,5,5,1,1,1,,2,2,,,,,,"Wu, Fang","Yellen, Anna",,,,,fxw052000,fang wu,Product and Brand Management 
MKT,3330,001,1,2,3,3,,4,1,1,,1,1,1,6,,,,1,,"Dale, Anita K",,,,,,akd240002,anita dale,Fundamentals of Professional Selling 
MKT,3330,002,1,6,,2,,3,,,,2,,,2,,,,,,"Dale, Anita K",,,,,,akd240002,anita dale,Fundamentals of Professional Selling 
MKT,3330,003,5,7,9,3,3,1,,,1,,,,,,,,1,,"Amirpour, Semiramis",,,,,,sxa130731,semiramis amirpour,Fundamentals of Professional Selling 
MKT,3330,004,2,3,9,,4,3,3,,,1,,,3,,,,2,,"Amirpour, Semiramis",,,,,,sxa130731,semiramis amirpour,Fundamentals of Professional Selling 
MKT,3330,005,,4,1,1,6,1,3,1,1,,1,1,2,,1,,1,,"Dale, Anita K",,,,,,akd240002,anita dale,Fundamentals of Professional Selling 
MKT,3330,006,3,6,9,,3,3,,,1,,,,,,,,4,,"Amirpour, Semiramis",,,,,,sxa130731,semiramis amirpour,Fundamentals of Professional Selling 
MKT,3336,001,,1,6,8,3,5,,1,,,,1,1,,,,,,"Matthews, David","Akki, Gouri",,,,,dal868969,,Retail Marketing 
MKT,3340,001,4,18,6,11,9,2,5,3,2,,,,,,,,,,"Zhang, Wensi","Zhang, Weiheng",,,,,wxz161430,wensi zhang,Marketing Research 
MKT,3340,501,6,22,18,5,6,1,,1,,,,,,,,,,,"Hudelot, Loretta",,,,,,lfh170000,loretta hudelot,Marketing Research 
MKT,3341,001,2,19,1,1,,,1,,,,,,,,,,,,"Dover, Howard F",,,,,,hfd021000,howard dover,AI Within the Sales Technology Landscape 
MKT,4090,091,,,,,,,,,,,,,,27,,,,,"Haworth, Julie B",,,,,,haworth,julie haworth,
MKT,4330,001,5,12,7,8,11,1,6,3,2,,,,,,,,,,"Reichmuth, Gary",,,,,,gar220001,,Digital and Internet Marketing 
MKT,4330,0W1,6,16,7,7,4,1,1,6,,,,,,,,,2,,"Edsel, Alexander D",,,,,,ade012000,alexander edsel,Digital and Internet Marketing 
MKT,4330,0W2,7,12,5,7,7,2,1,1,2,,,1,,,1,,,,"Edsel, Alexander D",,,,,,ade012000,alexander edsel,Digital and Internet Marketing 
MKT,4331,001,5,6,,1,1,,1,3,,1,1,,3,,,,1,,"Dover, Howard F",,,,,,hfd021000,howard dover,Digital Prospecting 
MKT,4331,002,3,8,3,1,4,1,2,5,,,1,,,,,,1,,"Dover, Howard F",,,,,,hfd021000,howard dover,Digital Prospecting 
MKT,4332,001,7,2,1,1,1,2,3,,,1,,,,,,,,,"Amirpour, Semiramis",,,,,,sxa130731,semiramis amirpour,Advanced Professional Sales 
MKT,4333,001,,3,7,2,5,,,,,,,,,,,,,,"Durow, Wesley","Nayyar, Rohan Rohit",,,,,wxd240005,wesley durrow,Retail Operations 
MKT,4334,001,4,16,8,14,11,1,1,1,,,,,,,,,,,"Pahwa, Parneet","Miao, Jin",,,,,pxp030100,parneet pahwa,Social Media Marketing 
MKT,4336,501,,4,16,11,4,2,3,,,,1,,,,,,,,"Durow, Wesley","Jaju, Vidhi Manish",,,,,wxd240005,wesley durrow,E-Retailing 
MKT,4337,001,6,27,8,3,3,,,,,,,,,,,,1,,"Haworth, Julie B","Pandey, Sanjana",,,,,haworth,julie haworth,Marketing Analytics 
MKT,4337,501,,3,10,18,10,2,,,,,,,,,,,,,"Jha, Jalaj",,,,,,jxj240018,jj jha,Marketing Analytics 
MKT,4339,501,2,8,10,7,1,5,,1,,,1,1,,,,,,,"Mohammadi, Behnam","Zhang, Weiheng",,,,,bxm180038,,AI-Driven Content Creation and Campaign Management 
MKT,4340,001,,2,4,3,6,5,1,,1,,,1,,,,,,,"Kirk-Rolley, Lori",,,,,,lxk230030,lori kirk rolley,Consumer Behavior 
MKT,4350,001,3,7,3,3,6,11,4,2,1,,2,,1,,,,4,,"Biswas, Abhijit","Garg, Shivani",,,,,axb019100,abhijit biswas,Principles of Advertising 
MKT,4360,001,1,25,24,2,2,,,,,,,,,,,,,,"Haworth, Julie B","Jaju, Vidhi Manish",,,,,haworth,julie haworth,Social Impact Marketing 
MKT,4360,002,4,12,17,15,4,2,,1,,,,,,,,,1,,"Matthews, David","Akki, Gouri",,,,,dal868969,,Social Impact Marketing 
MKT,4360,502,24,23,6,2,,,,,,,,,,,,,,,"Durow, Wesley","Jaju, Vidhi Manish",,,,,wxd240005,wesley durrow,Social Impact Marketing 
MKT,4360,503,5,14,18,3,5,1,1,2,,,,,,,,,1,,"Albrecht, Maria",,,,,,mxa180037,maria albrecht,Social Impact Marketing 
MKT,4395,001,7,16,24,1,,,,,,,,,,,,,,,"Durow, Wesley","Nayyar, Rohan Rohit",,,,,wxd240005,wesley durrow,Capstone Senior Project - Marketing 
MKT,4V90,093,,,,,,,,,,,,,,10,,,,,"Haworth, Julie B",,,,,,haworth,julie haworth,
MKT,6301,001,,7,,5,3,,1,1,,,,,1,,,,,,"Rajaratnam, Daniel",,,,,,dxr143430,daniel rajaratnam,Marketing Management 
MKT,6301,0W1,,10,13,7,5,1,2,1,,,,,1,,,,,,"Biswas, Abhijit","Ninawe, Rahul","Garg, Shivani",,,,axb019100,abhijit biswas,Marketing Management 
MKT,6301,0W2,,8,9,9,5,4,2,3,,,,,4,,1,,3,,"Biswas, Abhijit","Ninawe, Rahul",,,,,axb019100,abhijit biswas,Marketing Management 
MKT,6301,0W3,,27,6,8,7,,,,,,,,,,,,,,"Pahwa, Parneet","Miao, Jin",,,,,pxp030100,parneet pahwa,Marketing Management 
MKT,6301,MBC,,5,10,22,9,1,1,,,,,,,,,,,,"Rao, Ram C","Li, Peihan",,,,,rrao,ram rao,
MKT,6309,501,,8,1,5,8,,2,2,,,,,,,,,,,"Rajaratnam, Daniel",,,,,,dxr143430,daniel rajaratnam,Marketing Data Analysis and Research 
MKT,6310,001,,8,6,7,5,4,1,1,,,,,2,,,,,,"Biswas, Abhijit","Garg, Shivani",,,,,axb019100,abhijit biswas,Consumer Behavior Science and Practice 
MKT,6310,0W1,,2,5,6,2,,,,,,,,1,,,,,,"Biswas, Abhijit","Ninawe, Rahul","Garg, Shivani",,,,axb019100,abhijit biswas,Consumer Behavior Science and Practice 
MKT,6321,0W1,,20,2,3,14,2,,,,,,,1,,,,,,"Edsel, Alexander D",,,,,,ade012000,alexander edsel,Digital  AI  and Interactive Marketing 
MKT,6330,0W1,,5,8,12,5,6,2,,,,,,1,,,,,,"Biswas, Abhijit","Garg, Shivani","Ninawe, Rahul",,,,axb019100,abhijit biswas,Brand Management 
MKT,6336,001,,7,4,5,2,2,,,,,,,,,,,,,"Kuksov, Dmitri","Pain, Krishnendu",,,,,dgk120030,dmitri kuksov,Pricing Analytics 
MKT,6352,001,,4,,1,8,,1,4,,,,,,,,,,,"Tirone, Guido",,,,,,gxt170001,guido tirone,Marketing Web Analytics and Insights 
MKT,6352,0W1,,13,2,2,3,1,,,,,,,1,,,,,,"Tirone, Guido",,,,,,gxt170001,guido tirone,Marketing Web Analytics and Insights 
MKT,6364,501,,11,7,,,,,,,,,,,,,,,,"Mohammadi, Behnam","Zhang, Weiheng",,,,,bxm180038,,Artificial Intelligence in Marketing 
MKT,6374,0W1,,13,3,10,5,,,,,,,,,,,,,,"Edsel, Alexander D",,,,,,ade012000,alexander edsel,eCommerce and Marketing Automation 
MKT,6379,501,,16,12,5,1,,1,,,,,,,,2,,1,,"Mamadehussene, Samir",,,,,,sxm200118,samir mamadehussene,Marketing by Numbers 
MKT,6380,501,,2,1,4,3,2,,,,,,,,,,,,,"Nichols, Paul M",,,,,,pxn120030,paul nichols,Market Entry Strategies 
MSEN,5310,001,,2,5,3,1,,1,,,,,,,,,,,,"Toher, Cormac","Roy, Susmita",,,,,cxt210037,,Thermodynamics of Materials 
MSEN,6099,001,,,,,,,,,,,,,,,,,,28,"Young, Chadwin D",,,,,,cdy120030,chadwin young,Departmental Seminar 
MSEN,6319,001,,6,4,,4,,3,1,,,,,1,,,,,,"Fischetti, Massimo",,,,,,mvf100020,massimo fischetti,Quantum Mechanics for Materials Scientists 
MUSI,1306,001,11,7,3,2,5,3,1,,3,,,1,4,,,,,,"Read, Alison",,,,,,axr220130,,Understanding Music 
MUSI,1306,0H1,6,10,4,3,5,,,2,,1,1,,1,,,,3,,"Salisbury, Linda",,,,,,ljs130230,linda salisbury,Understanding Music 
MUSI,1306,0H2,8,9,5,8,2,1,1,,,,,1,1,,,,2,,"Salisbury, Linda",,,,,,ljs130230,linda salisbury,Understanding Music 
MUSI,1306,0W1,90,31,7,2,1,3,,2,,,,1,,,,,,,"Bennett, Jason","Kang, Kyul",,,,,jxb230049,,Understanding Music 
MUSI,1306,0W2,23,36,8,8,6,2,,1,3,1,,1,,,,,,,"Durbin, Kelly P","Ogunniran, Gideon O",,,,,kpdurbin,kelly durbin,Understanding Music 
MUSI,1306,5H1,10,14,,3,1,2,1,,1,,,,1,,,,4,,"Salisbury, Linda",,,,,,ljs130230,linda salisbury,Understanding Music 
MUSI,1306,HN1,13,8,8,,1,,,,,,,,,,,,,,"Rushing, Katrina C",,,,,,kxr220042,katrina rushing,Understanding Music 
MUSI,1306,HN2,13,10,,,,,,,,,,,,,,,,,"Parsoneault, Catherine J",,,,,,cxp160030,catherine parsoneault,Understanding Music 
MUSI,2113,501,,25,1,,,,,,,,,,,,,,,,"Gerard, Lori A",,,,,,lag091020,lori gerard,Pep Band 
MUSI,2315,001,,7,,,1,4,1,1,,,,,,,,,,,"Hodan, Daniel M",,,,,,dmh017000,daniel hodan,Guitar I 
MUSI,2315,002,9,3,1,,,,,,,,,1,,,,,1,,"Wilder, James E",,,,,,jew042000,james wilder,Guitar I 
MUSI,2315,501,5,3,1,,,,,,,,,,,,,,1,,"Corder, Vanessa",,,,,,vxc220036,vanessa corder,Guitar I 
MUSI,2317,001,7,,1,,1,,1,2,,,,,,,,,,,"Arutyunyan, Artem",,,,,,axa210132,artem arutyunyan,Piano I 
MUSI,2317,002,11,2,,,,,,,,,,,,,,,1,,"Oh, Domi",,,,,,dxo210002,domi oh,Piano I 
MUSI,2317,003,10,2,1,,1,,,,,,,,,,,,,,"Arutyunyan, Artem",,,,,,axa210132,artem arutyunyan,Piano I 
MUSI,2319,001,1,6,3,1,,,,,,,,,2,,,,2,,"Durbin, Kelly P",,,,,,kpdurbin,kelly durbin,Digital Music I 
MUSI,2319,002,3,5,,1,,,,,1,,1,,,,,,,,"Durbin, Kelly P",,,,,,kpdurbin,kelly durbin,Digital Music I 
MUSI,2321,001,19,18,6,2,,1,2,,,,,,,,,,,,"Kim, Min H",,,,,,mhk210001,,Music Cultures of the World 
MUSI,2321,002,21,14,,1,,,,,,,,,3,,,,,,"Kim, Min H",,,,,,mhk210001,,Music Cultures of the World 
MUSI,2322,001,5,8,1,2,2,2,2,3,2,,,,1,,,,1,,"Gerard, Lori A",,,,,,lag091020,lori gerard,Music in Western Civilization 
MUSI,2322,0W1,12,9,,1,2,,,1,,1,,,2,,,,1,,"Bennett, Rodger",,,,,,rxb180025,rodger bennett,Music in Western Civilization 
MUSI,2325,001,,15,,,,,,,,,,,,,,,,,"Riemer Bueckert, Nili S",,,,,,nxr190013,nili bueckert,Vocal Instruction I 
MUSI,2325,002,,12,,,,,,,,,,,,,,,,,"Riemer Bueckert, Nili S",,,,,,nxr190013,nili bueckert,Vocal Instruction I 
MUSI,2328,001,6,8,1,2,2,1,,,1,,1,,1,,,,1,,"Rushing, Katrina C",,,,,,kxr220042,katrina rushing,Music Theory I 
MUSI,2328,002,10,3,2,3,2,,,,,,1,,1,,,,,,"Rushing, Katrina C",,,,,,kxr220042,katrina rushing,Music Theory I 
MUSI,2329,001,8,6,,,,1,,,1,,,,,,,,,,"Rushing, Katrina C",,,,,,kxr220042,katrina rushing,Music Theory II 
MUSI,3112,001,,14,,,,,,,,,,,,,,,,,"Rodriguez, Robert X",,,,,,rxr014610,robert rodriguez,Advanced Orchestra Chamber Music Ensemble I 
MUSI,3118,501,,55,,,,,,,,,,,,,,,,,"Ming, Adron",,,,,,axm167231,adron ming,String Orchestra II 
MUSI,3120,501,,53,,,,,,,,,,,,,,,,,"Lapinski, Robert M",,,,,,rml180002,,Wind Ensemble II 
MUSI,3122,001,2,14,,,,,,,,,,,,,,,,,"Salisbury, Linda",,,,,,ljs130230,linda salisbury,Brass Ensemble I 
MUSI,3127,001,,59,2,1,5,3,,1,,,,,,,,,,,"Palant, Jonathan A",,,,,,jxp170230,jonathan palant,University Choir 
MUSI,3182,001,6,3,,,1,,,,,,,,,,,,,,"Oh, Domi",,,,,,dxo210002,domi oh,Collaborative Piano 
MUSI,3186,001,1,17,,1,1,,,,,,,,1,,,,,,"Durbin, Kelly P",,,,,,kpdurbin,kelly durbin,Jazz Ensemble II 
MUSI,3322,001,6,6,1,,1,,,2,,,,,1,,,,,,"Evans, Kathryn C",,,,,,kcevans,kathryn evans,Music in Historical Context 
MUSI,3328,001,7,1,1,,1,,,,,,1,,,,,,1,,"Rushing, Katrina C",,,,,,kxr220042,katrina rushing,Advanced Theory and Keyboard Skills 
MUSI,3388,001,8,2,2,,,1,,,,,,,,,,,1,,"Oh, Domi",,,,,,dxo210002,domi oh,Piano II 
MUSI,4185,001,,30,,1,,,,,,,,,,,,,,,"Palant, Jonathan A",,,,,,jxp170230,jonathan palant,Chamber Singers II 
MUSI,4344,001,,13,,,,,,,,,,,,,,,,,"Riemer Bueckert, Nili S",,,,,,nxr190013,nili bueckert,Opera Workshop 
NATS,1101,001,17,8,9,3,2,3,,,1,,1,,1,,,,1,,"Treter, Donald R",,,,,,drt150530,,Natural Sciences and Mathematics Freshman Seminar 
NATS,1101,002,20,13,9,1,,1,1,,1,,,,1,,,,,,"Treter, Donald R",,,,,,drt150530,,Natural Sciences and Mathematics Freshman Seminar 
NATS,1101,003,35,7,1,3,2,,1,,,,,,,,,,1,,"Biewer, Michael C",,,,,,biewerm,michael biewer,Natural Sciences and Mathematics Freshman Seminar 
NATS,1101,004,32,7,4,2,2,,1,,,,,,2,,,,,,"Biewer, Michael C",,,,,,biewerm,michael biewer,Natural Sciences and Mathematics Freshman Seminar 
NATS,1101,005,26,11,3,,4,1,,1,1,1,,,1,,,,,,"Kenney, Erica",,,,,,exk210007,,Natural Sciences and Mathematics Freshman Seminar 
NATS,1101,006,35,6,4,1,1,,1,,,1,,,1,,,,,,"Kenney, Erica",,,,,,exk210007,,Natural Sciences and Mathematics Freshman Seminar 
NATS,1101,007,25,15,,5,,,,,,,,,2,,,,,,"Zmiro, Dijana",,,,,,dxz140330,,Natural Sciences and Mathematics Freshman Seminar 
NATS,1101,008,24,15,,2,6,,,1,,,,,,,,,,,"Zmiro, Dijana",,,,,,dxz140330,,Natural Sciences and Mathematics Freshman Seminar 
NATS,1101,009,20,17,,2,4,1,1,3,,1,,,,,,,1,,"Meedel, Jennifer",,,,,,jxm168030,,Natural Sciences and Mathematics Freshman Seminar 
NATS,1101,010,26,13,1,1,1,,,1,,,2,,2,,,,,,"Meedel, Jennifer",,,,,,jxm168030,,Natural Sciences and Mathematics Freshman Seminar 
NATS,1101,011,31,15,,,2,,,1,,,,,,,,,,,"Elgin, Linda",,,,,,lxe120930,,Natural Sciences and Mathematics Freshman Seminar 
NATS,1101,012,30,16,,1,1,,,,,,,,,,,,,,"Elgin, Linda",,,,,,lxe120930,,Natural Sciences and Mathematics Freshman Seminar 
NATS,1101,015,22,13,,10,1,,,1,,,,,,,,,1,,"Polio, Jose J",,,,,,jjp210005,,Natural Sciences and Mathematics Freshman Seminar 
NATS,1101,016,16,19,,8,3,,,,,,1,,2,,,,,,"Polio, Jose J",,,,,,jjp210005,,Natural Sciences and Mathematics Freshman Seminar 
NATS,1101,017,33,8,,1,3,,,2,,,,,,,,,,,"Elgin, Linda",,,,,,lxe120930,,Natural Sciences and Mathematics Freshman Seminar 
NATS,1142,001,8,5,2,1,5,,1,,2,,,,1,,1,,,,"Lalani, Amin",,,,,,axl120130,amin lalani,UTeach STEP 1 
NATS,1142,002,18,3,,,1,,,,,,,,,,,,,,"Hennessy, Emily T",,,,,,eft031000,emily hennessy,UTeach STEP 1 
NATS,1142,003,16,3,,,,,,,,,,,,,,,,,"Hennessy, Emily T",,,,,,eft031000,emily hennessy,UTeach STEP 1 
NATS,1142,004,17,4,2,2,,,,,,,,,,,,,,,"Kirkland, Pamela I",,,,,,pik140130,pamela kirkland,UTeach STEP 1 
NATS,1142,005,15,2,1,,2,,,,,,,,,,,,,,"Kirkland, Pamela I",,,,,,pik140130,pamela kirkland,UTeach STEP 1 
NATS,1142,006,13,1,4,,,,,,,,,,,,,,,,"Gregory, Denise",,,,,,dxg200019,denise gregory,UTeach STEP 1 
NATS,1142,007,9,1,2,2,3,1,,1,1,,,,1,,,,,,"Martin, Jody",,,,,,jxm180032,,UTeach STEP 1 
NATS,1311,001,6,9,12,11,15,12,7,6,6,,,,,,,,4,,"Hairston, Marc R","Gogoi, Antareep",,,,,hairston,marc hairston,The Universe  and Everything Else 
NATS,2333,HN1,26,,1,,,1,,,,,,,1,,,,,,"Taylor, Stephanie M","Royal, Teleah P",,,,,smt031000,stephanie taylor,Energy  Water  and the Environment 
NATS,3341,001,21,1,1,1,,1,1,,1,,,1,,,,,2,,"Dorsey, Floyd Z",,,,,,fzd110020,floyd dorsey,Knowing and Learning in Mathematics and Science 
NATS,3341,002,17,4,1,3,2,,,,1,,1,,1,,,,1,,"Dorsey, Floyd Z",,,,,,fzd110020,floyd dorsey,Knowing and Learning in Mathematics and Science 
NATS,4100,051,,,,,,,,,,,,,,23,,2,,,"Krawietz, Paul",,,,,,pxk210042,,Professional Development in the Natural Sciences and Mathematics 
NATS,4341,002,,4,4,2,1,,,,,,,,,,,,,,"York, Megan K","Donaldson, Katherine E",,,,,mxy141130,megan york,Project-Based Instruction 
NATS,4390,001,3,,1,,1,2,3,,,,,1,1,,,,1,,"Hajeri, Vinita","Taylor, Stephanie M","Bejide, Adepeju",,,,vxh151030,vinita hajeri,Research Methods 
NSC,3344,001,3,7,2,,,,,,,,,,,,,,,,"Mundayoor, Saranya A","Qi, Shuang",,,,,sam220028,,Anatomy and Physiology of Speech and Hearing 
NSC,3361,001,25,27,23,15,16,16,24,25,46,,13,,9,,,,10,,"Miller, Van S",,,,,,vxm077000,van miller,Introduction to Neuroscience 
NSC,3361,002,4,7,7,2,5,4,4,5,10,,5,,4,,,,2,,"Taylor, Anna M","Porras, Abi",,,,,amt180004,anna taylor,Introduction to Neuroscience 
NSC,3361,003,11,17,17,3,10,14,7,4,2,3,1,,2,,,,3,,"Sultana, Rukhsana","Ashshareef, Salma",,,,,rxs170431,rukhsana sultana,Introduction to Neuroscience 
NSC,3361,004,1,2,5,1,2,5,2,8,4,5,1,2,5,,,,5,,"Parekh, Puja K",,,,,,pkp240000,puja parekh,Introduction to Neuroscience 
NSC,3361,005,5,13,17,16,5,15,4,3,5,2,,,3,,,,4,,"McWilliams, Steven P",,,,,,sxm127330,steven mcwilliams,Introduction to Neuroscience 
NSC,3361,006,10,22,7,9,4,,4,2,1,,,,,,,,1,,"Marks, William",,,,,,wxm180005,william marks,Introduction to Neuroscience 
NSC,3361,HN1,2,14,5,5,,,,1,,,,,1,,,,,,"LaDow, Eva S",,,,,,esl130130,eva ladow,Introduction to Neuroscience 
NSC,3361,HN2,7,11,3,2,3,1,,,,,,,1,,,,,,"LaDow, Eva S",,,,,,esl130130,eva ladow,Introduction to Neuroscience 
NSC,3361,HN3,7,12,1,,4,1,,2,,1,,,,,,,,,"LaDow, Eva S",,,,,,esl130130,eva ladow,Introduction to Neuroscience 
NSC,3370,101,,11,,,,,,1,,,,,,,,,,,"Taylor, Anna M",,,,,,amt180004,anna taylor,Introduction to Research Skills 
NSC,4098,004,,,,,,,,,,,,,,10,,,,,"Engineer, Crystal T",,,,,,novitski,crystal engineer,
NSC,4310,001,34,3,1,,2,,1,1,1,,1,,,,,,,,"Miller, Van S",,,,,,vxm077000,van miller,Principles of Pediatric Neurology 
NSC,4320,0W1,4,8,2,6,1,4,,,,1,1,,,,,,1,,"Oleksiak, Cecily",,,,,,cro140030,cecily oleksiak,Sleep and Sleep Disorders 
NSC,4350,001,10,,1,1,1,1,1,1,3,,1,,,,,,,,"Miller, Van S",,,,,,vxm077000,van miller,Medical Neuropathology 
NSC,4351,001,42,1,1,1,,,,,,,,,,,,,,,"Jahangiri, Faisal R",,,,,,frj190000,faisal jahangiri,Medical Neuroscience 
NSC,4351,002,9,7,1,1,1,,2,1,,,,,1,,,,,,"Miller, Van S",,,,,,vxm077000,van miller,Medical Neuroscience 
NSC,4352,001,16,13,10,2,2,3,,1,,,,,,,,,1,,"Zwierzchowski, Amy",,,,,,anz101020,amy zwierzchowski,Cellular Neuroscience 
NSC,4352,002,13,15,10,6,4,4,3,1,1,,,,2,,,,1,,"Raboune, Siham","Gayluak, Ynaluak J",,,,,sxr180071,siham raboune,Cellular Neuroscience 
NSC,4352,003,5,6,4,9,10,4,2,3,1,2,,1,2,,,,,,"McWilliams, Steven P",,,,,,sxm127330,steven mcwilliams,Cellular Neuroscience 
NSC,4352,HN1,6,12,2,3,,3,,,,,,,,,,,1,,"LaDow, Eva S",,,,,,esl130130,eva ladow,Cellular Neuroscience 
NSC,4353,101,8,5,1,1,,1,,,,,,,,,,,,,"Zwierzchowski, Amy","Watson, Katherine",,,,,anz101020,amy zwierzchowski,Neuroscience Laboratory Methods 
NSC,4353,102,7,2,5,2,,,,,,,,,,,,,,,"Marks, William","Campen, Catherine E",,,,,wxm180005,william marks,Neuroscience Laboratory Methods 
NSC,4353,103,,4,4,1,,1,1,,,,,,1,,,,2,,"Granja Vazquez, Rafael",,,,,,rxg144430,rafael granja vazquez,Neuroscience Laboratory Methods 
NSC,4353,104,1,2,7,1,2,2,,,,,,,1,,,,,,"Oleksiak, Cecily","Eshbaugh, Kaitlyn Q",,,,,cro140030,cecily oleksiak,Neuroscience Laboratory Methods 
NSC,4353,105,8,4,3,,1,,,,,,,,,,,,,,"Zwierzchowski, Amy","Mousavi, Seyedeh Leila",,,,,anz101020,amy zwierzchowski,Neuroscience Laboratory Methods 
NSC,4353,106,,,3,,2,4,1,,,,,,,,1,,3,,"Granja Vazquez, Rafael",,,,,,rxg144430,rafael granja vazquez,Neuroscience Laboratory Methods 
NSC,4353,107,1,7,4,1,1,,1,,,,,,1,,,,,,"Oleksiak, Cecily","Wu, Zhennuo",,,,,cro140030,cecily oleksiak,Neuroscience Laboratory Methods 
NSC,4353,108,4,5,5,,,1,,,,,,,,,,,1,,"Taylor, Anna M","Wang, Yile",,,,,amt180004,anna taylor,Neuroscience Laboratory Methods 
NSC,4354,001,5,18,19,13,15,15,9,2,2,4,,1,4,,,,,,"Raboune, Siham","Yang, Ke",,,,,sxr180071,siham raboune,Integrative Neuroscience 
NSC,4354,002,32,14,9,3,2,3,2,2,,1,2,,1,,,,1,,"Engineer, Crystal T","Gayluak, Ynaluak J",,,,,novitski,crystal engineer,Integrative Neuroscience 
NSC,4354,003,7,6,12,7,2,3,1,2,2,,,,1,,,,,,"Raboune, Siham",,,,,,sxr180071,siham raboune,Integrative Neuroscience 
NSC,4356,001,,38,,,25,,,12,,,2,,1,,,,8,,"Sultana, Rukhsana","Kim, Minsung",,,,,rxs170431,rukhsana sultana,Neurophysiology 
NSC,4356,002,,20,,6,13,,,4,,,,,,,,,6,,"Thorn, Catherine A",,,,,,cat170002,catherine thorn,Neurophysiology 
NSC,4359,501,,16,,,2,,,,,,,,,,,,,,"Rypma, Bart P","Deupree, Kristen A",,,,,bpr061000,bart rypma,Cognitive Neuroscience 
NSC,4362,001,,2,1,3,,2,,,,1,,,3,,,,,,"Nguyen, Lena H",,,,,,lxn220014,,Molecular Neuroscience 
NSC,4363,001,,63,,,1,,,,,,,,,,,,,,"Dussor, Gregory O","Porras, Abi",,,,,gxd141130,gregory dussor,Neuropharmacology 
NSC,4363,002,5,8,9,3,3,5,,2,,1,,,,,,,,,"Raboune, Siham",,,,,,sxr180071,siham raboune,Neuropharmacology 
NSC,4364,0W1,4,24,,,,,,,,,,,,,,,,,"Shareef, Safi Ullah",,,,,,sms170009,safiullah shareef,Journey into Medicine 
NSC,4366,001,,25,,,14,,,10,,,5,,3,,,,3,,"Solodkin, Ana J","Vahid, Maedeh",,,,,ajs190004,ana solodkin,Neuroanatomy 
NSC,4366,002,7,14,9,6,3,2,1,6,1,,7,,1,,,,,,"Taylor, Anna M","Yang, Ke",,,,,amt180004,anna taylor,Neuroanatomy 
NSC,4366,003,,11,,,15,,,6,,,3,,4,,,,,,"Granja Vazquez, Rafael",,,,,,rxg144430,rafael granja vazquez,Neuroanatomy 
NSC,4372,0W1,,24,2,6,9,1,1,,1,,,,2,,,,,,"Burton, Michael D",,,,,,mdb150330,michael burton,Neuroimmunology 
NSC,4373,0W1,25,31,19,5,,3,,,1,1,,,1,,1,,2,,"Marks, William","Kim, Minsung",,,,,wxm180005,william marks,Sensory Neuroscience 
NSC,4373,0W2,4,7,12,6,2,9,5,2,2,1,1,3,2,,,,2,,"Oleksiak, Cecily","Vahid, Maedeh",,,,,cro140030,cecily oleksiak,Sensory Neuroscience 
NSC,4382,0W1,64,12,2,2,,,,,,,,,,,,,,,"Jahangiri, Faisal R","Ashshareef, Salma",,,,,frj190000,faisal jahangiri,Neurobiology of Emotion 
NSC,4385,001,,5,,,4,,,4,,,,,3,,,,3,,"Kennedy, Kristen M",,,,,,kmk082000,kristen kennedy,Neuropsychology 
NSC,4388,001,9,9,4,3,,1,,,,,,,,,,,,,"McWilliams, Steven P",,,,,,sxm127330,steven mcwilliams,Medical Physiology 
NSC,4V90,002,13,12,10,,3,,,,,,,,,,,,,,"McWilliams, Steven P",,,,,,sxm127330,steven mcwilliams,Special Topics in Neuroscience 
NSC,4V90,003,16,4,,,,,,,,,,,,,,,,,"Zwierzchowski, Amy",,,,,,anz101020,amy zwierzchowski,Special Topics in Neuroscience 
NSC,4V90,0H1,15,1,,,,,,,,,,,,,,,,,"Kildebeck, Eric J","Oleksiak, Cecily",,,,,ejk018000,,Special Topics in Neuroscience 
NSC,4V95,001,,,,,,,,,,,,,,21,,,,,"Westmoreland, John",,,,,,dal188427,john westmoreland,Externship in Neuroscience 
NSC,4V98,005,,,,,,,,,,,,,,10,,,1,,"Gu, Zirong",,,,,,zxg230006,zirong gu,
NSC,4V98,020,,,,,,,,,,,,,,14,,,,,"Kroener, Sven",,,,,,sxk101000,sven kroener,
NSC,4V98,033,,,,,,,,,,,,,,16,,,,,"Thorn, Catherine A",,,,,,cat170002,catherine thorn,
NSC,4V98,059,,,,,,,,,,,,,,12,,,,,"Rodriguez, Christa M",,,,,,cmr067000,christa rodriguez,
OB,6152,XW1,,15,,,,,,,,,,,,,,,,,"Watts, Rebecca",,,,,,,rebecca watts,
OB,6248,CW1,,25,,,,,,,,,,,,,,,,,"Hicks, Robert F",,,,,,,robert hicks,
OB,6253,CW1,,,,,,,,,,,,,,,2,,,17,"Warner, Lizette",,,,,,,lizette warner,
OB,6301,001,,6,13,6,1,2,,,,,,,1,,,,,,"Hicks, Jeffrey N","Jadhav, Ankita K",,,,,jnh061000,jeffrey hicks,Organizational Behavior 
OB,6301,0W1,,35,11,2,2,3,1,,,,,,1,,,,1,,"Hasenhuttl, Maria","Hinze, Dawnielle C",,,,,h1562,maria hasenhuttl,Organizational Behavior 
OB,6301,0W2,,3,1,3,3,3,2,1,,,,,1,,,,,,"Hasenhuttl, Maria","Hinze, Dawnielle C",,,,,h1562,maria hasenhuttl,Organizational Behavior 
OB,6301,501,,15,19,6,3,4,1,2,,,,,,,1,,1,,"Hicks, Jeffrey N","Jadhav, Ankita K",,,,,jnh061000,jeffrey hicks,Organizational Behavior 
OB,6301,CW1,,28,4,2,,,,,,,,,,,,,1,,"Ghosh, Anne F",,,,,,,anne ghosh,
OB,6301,CW2,,27,2,,,,,,,,,,,,,,1,,"Bianco-Mathis, Virginia",,,,,,,virginia bianco mathis,
OB,6301,GW1,,11,13,1,,1,,2,,,,,2,,,,,,"Hicks, Jeffrey N",,,,,,jnh061000,jeffrey hicks,
OB,6301,MBC,,22,20,1,,1,,,,,,,,,,,,,"Hicks, Jeffrey N","Jadhav, Ankita K",,,,,jnh061000,jeffrey hicks,
OB,6301,XH1,,19,4,2,,,,,,,,,,,,,1,,"Hicks, Jeffrey N",,,,,,jnh061000,jeffrey hicks,
OB,6331,501,,10,1,,,,,,,,,,,,,,,,"Hasenhuttl, Maria",,,,,,h1562,maria hasenhuttl,Power and Politics in Organizations 
OB,6332,0W1,,30,9,,1,,1,,,,,,,,,,,,"Wu, Junfeng","Huang, He",,,,,jxw175430,junfeng wu,Negotiation and Dispute Resolution 
OB,6332,0W2,,27,11,,1,,,,,,,,,,,,1,,"Wu, Junfeng","Huang, He",,,,,jxw175430,junfeng wu,Negotiation and Dispute Resolution 
OB,6332,0W3,,20,2,,,,,,,,,,,,,,,,"Swindling, Linda B","Hinze, Dawnielle C",,,,,dal431729,linda swindling,Negotiation and Dispute Resolution 
OB,6332,501,,16,3,,,,,,,,,,,,,,,,"Swindling, Linda B","Hinze, Dawnielle C",,,,,dal431729,linda swindling,Negotiation and Dispute Resolution 
OB,6334,CW1,,17,8,3,2,1,,1,,,,,1,,,,,,"Latham, Van M",,,,,,,van latham,
OB,6348,CW1,,21,1,,,,,1,,,,,,,,,,,"Narro, Amber J",,,,,,,amber narro,
OB,6350,CW1,,17,4,1,2,,,1,,,,,,,,,,,"Hicks, Robert F",,,,,,,robert hicks,
OB,6352,CW1,,16,1,,2,,,,,,,,,,,,,,"Warner, Lizette",,,,,,,lizette warner,
OB,6357,CW1,,21,3,1,1,,,,,,,,,,,,,,"Rutigliano, Kimberly",,,,,,,kimberly rutigliano,
OB,6370,CW1,,9,,1,1,,,,,,,,,,,,1,,"Latham, Van M",,,,,,,van latham,
OB,6372,CW1,,8,,,1,,,,,,,,,,,,1,,"Latham, Van M",,,,,,,van latham,
OB,6377,CW1,,23,,,,,,,,,,,2,,,,,,"Plaisance Bryan, Suzette T",,,,,,,suzette plaisance bryan,
OB,6377,CW2,,21,,,1,,,,,,,,,,,,,,"Plaisance Bryan, Suzette T",,,,,,,suzette plaisance bryan,
OB,6378,CW1,,8,1,1,,1,,2,,,,,1,,,,,,"Albrecht, Dale J",,,,,,dja180003,dale albrecht,
OB,6379,CW1,,8,2,,1,1,,,,,,,,,,,1,,"Albrecht, Dale J",,,,,,dja180003,dale albrecht,
OB,6393,CW1,,27,2,,1,,,,,,,,,,,,,,"Norton, Larry W",,,,,,,larry norton,
OBHR,3310,001,15,15,16,4,6,3,2,1,,1,,,,,,,,,"Volpone, Sabrina D",,,,,,dal979454,,Organizational Behavior 
OBHR,3310,002,,8,8,7,5,7,6,7,,1,4,1,,,,,5,,"An, Constance","Abdul Kadhar, Nashwa",,,,,cfa220003,constance an,Organizational Behavior 
OBHR,3310,003,9,13,20,7,3,4,2,,,,,,,,,,,,"Kautz, Jason D","Kim, Hwayoung",,,,,jdk200000,jason kautz,Organizational Behavior 
OBHR,3310,004,14,25,9,6,5,1,,1,,1,,,1,,,,,,"Volpone, Sabrina D",,,,,,dal979454,,Organizational Behavior 
OBHR,3310,005,1,13,23,13,5,2,3,,,,,,,,,,,,"Kautz, Jason D","Kim, Hwayoung",,,,,jdk200000,jason kautz,Organizational Behavior 
OBHR,3310,501,,11,20,11,10,3,3,2,,,,,,,,,,,"Lee, Barbara H","Abdul Kadhar, Nashwa",,,,,bxl152330,barbara lee,Organizational Behavior 
OBHR,3310,502,1,3,16,15,10,13,2,,,,,,,,,,,,"Kautz, Jason D","Kim, Hwayoung",,,,,jdk200000,jason kautz,Organizational Behavior 
OBHR,3310,503,3,3,10,3,7,5,4,3,2,,2,1,,,,,4,,"An, Constance","Abdul Kadhar, Nashwa",,,,,cfa220003,constance an,Organizational Behavior 
OBHR,3310,504,,11,10,6,12,10,6,3,,,,,,,,,1,,"Lee, Barbara H","Abdul Kadhar, Nashwa",,,,,bxl152330,barbara lee,Organizational Behavior 
OBHR,3310,505,10,9,19,6,,4,1,,2,,1,,4,,,,,,"Ritchey, Jeremy S","Patil, Aditya",,,,,jsr091000,,Organizational Behavior 
OBHR,3310,506,7,5,11,1,3,2,,,,,,,4,,,,2,,"Ritchey, Jeremy S","Patil, Aditya",,,,,jsr091000,,Organizational Behavior 
OBHR,3330,001,1,6,14,12,13,7,4,2,1,,,,,,,,2,,"Chung, Hyesook","Zhou, Ye",,,,,hxc220020,hyesook chung,Human Resource Management in Business 
OBHR,3330,002,12,12,12,9,10,4,2,,,1,,,,,,,,,"Chung, Hyesook","Zhou, Ye",,,,,hxc220020,hyesook chung,Human Resource Management in Business 
OBHR,3330,003,6,20,1,5,11,1,,3,,,,1,,,,,,,"Morris, Mark","Wu, Bingyan",,,,,dal629291,mark morris,Human Resource Management in Business 
OBHR,3330,004,1,13,19,10,9,6,2,1,,,,1,,,,,1,,"Green, Rhonda R","Zhang, Huinan",,,,,rxg180032,rhonda green,Human Resource Management in Business 
OBHR,3330,005,1,9,10,21,6,8,3,1,,,,,1,,,,,,"Green, Rhonda R","Zhang, Huinan",,,,,rxg180032,rhonda green,Human Resource Management in Business 
OBHR,3330,006,3,12,3,7,12,7,7,3,1,,,1,2,,,,,,"Chung, Hyesook","Zhou, Ye",,,,,hxc220020,hyesook chung,Human Resource Management in Business 
OBHR,3330,501,3,11,22,10,13,9,3,3,1,1,1,,,,,,,,"Albrecht, Dale J","Zhang, Zelu",,,,,dja180003,dale albrecht,Human Resource Management in Business 
OBHR,3330,502,,6,11,12,11,13,2,2,2,1,1,,1,,,,1,,"Green, Rhonda R","Zhang, Huinan",,,,,rxg180032,rhonda green,Human Resource Management in Business 
OBHR,4331,501,1,4,8,8,6,2,2,,,,,1,1,,,,1,,"Albrecht, Dale J",,,,,,dja180003,dale albrecht,Compensation and Benefits Administration 
OBHR,4333,001,3,8,,1,4,1,,1,,,,,,,,,,,"Morris, Mark","Wu, Bingyan",,,,,dal629291,mark morris,Performance Management 
OBHR,4334,001,2,9,1,1,2,,,1,,,,,,,,,1,,"Morris, Mark","Wu, Bingyan",,,,,dal629291,mark morris,Talent Acquisition and Management 
OBHR,4335,501,4,10,,,1,,,,,,,,,,,,,,"Morris, Mark","Wu, Bingyan",,,,,dal629291,mark morris,Training and Development 
OBHR,4339,001,2,10,4,1,1,1,,,,,,,,,,,,,"Albrecht, Dale J",,,,,,dja180003,dale albrecht,People Technology Leadership and Artificial Intelligence 
OBHR,4352,001,21,15,4,1,2,,,,,,,,,,,,,,"Swindling, Linda B","Hinze, Dawnielle C",,,,,dal431729,linda swindling,Negotiation and Dispute Resolution 
OBHR,4352,002,15,13,2,1,,,,,,,,,,,,,,,"Swindling, Linda B","Hinze, Dawnielle C",,,,,dal431729,linda swindling,Negotiation and Dispute Resolution 
OBHR,4354,501,,3,16,3,4,3,,,,,,,,,,,,,"Stresow, Mario",,,,,,dal207427,,Leading Organizational Change 
OPRE,3310,001,11,13,15,6,4,5,3,1,1,,,,,,,,1,,"Alborz, Shawn",,,,,,sxa063000,shawn alborz,Supply Chain and Operations Management 
OPRE,3310,002,,5,3,1,14,4,,8,,,2,,,,,,1,,"Parks, David","Hassan, Mohammed Zumar Ali",,,,,dxp153830,david parks,Supply Chain and Operations Management 
OPRE,3310,003,5,8,12,14,8,10,2,,,,,,1,,,,,,"Ghosh, Pramit",,,,,,pxg200040,pramit ghosh,Supply Chain and Operations Management 
OPRE,3310,004,2,14,11,12,7,10,5,3,1,,1,,2,,,,1,,"Mirzaeian, Neda","Nguyen, Tri M",,,,,nxm220040,neda mirzaeian,Supply Chain and Operations Management 
OPRE,3310,005,6,17,,23,8,2,2,1,1,,,,,,,,,,"Qin, Qi","Yan, Tianyu",,,,,jxq240004,qi qin,Supply Chain and Operations Management 
OPRE,3310,006,6,11,5,12,9,8,2,2,3,,,,,,,,2,,"Wang, Mengxin","Ghosal, Shayak",,,,,mxw230006,menxing wang,Supply Chain and Operations Management 
OPRE,3310,007,6,11,6,11,9,8,2,2,2,,,,,,,,2,,"Wang, Mengxin",,,,,,mxw230006,menxing wang,Supply Chain and Operations Management 
OPRE,3310,008,1,9,5,3,7,7,,11,,,,,1,,,,2,,"Parks, David","Hassan, Mohammed Zumar Ali",,,,,dxp153830,david parks,Supply Chain and Operations Management 
OPRE,3310,009,6,9,7,3,10,9,6,6,2,2,,,,,,,,,"Kennedyd, Sarmann I","Bashorun, Hamidat","Dosapati, Shanmukha Sri Vaishnavi",,,,sik220001,sarmann kennedyd,Supply Chain and Operations Management 
OPRE,3310,010,3,10,10,5,8,4,9,5,3,,,1,,,,,2,,"Kennedyd, Sarmann I","Bashorun, Hamidat","Dosapati, Shanmukha Sri Vaishnavi",,,,sik220001,sarmann kennedyd,Supply Chain and Operations Management 
OPRE,3310,011,7,11,2,11,14,5,3,2,2,1,1,1,,,,,,,"Kennedyd, Sarmann I","Dosapati, Shanmukha Sri Vaishnavi","Bashorun, Hamidat",,,,sik220001,sarmann kennedyd,Supply Chain and Operations Management 
OPRE,3310,012,3,7,5,10,12,3,5,3,,1,2,3,2,,,,,,"Jayaraman, Vaidyanathan Vaidy","Nguyen, Tri M","Bambhroliya, Darshan Ghanshyambhai",,,,dal292297,vaidyanathan vaidy jayaraman,Supply Chain and Operations Management 
OPRE,3310,013,5,4,9,6,6,5,3,4,5,3,1,1,3,,,,3,,"Jayaraman, Vaidyanathan Vaidy","Nguyen, Tri M","Bambhroliya, Darshan Ghanshyambhai",,,,dal292297,vaidyanathan vaidy jayaraman,Supply Chain and Operations Management 
OPRE,3310,0W1,,19,,5,18,,7,6,,,3,,1,,1,,,,"Subramoniam, Ramesh","Gadam, Uday Sai Kiran Reddy",,,,,rxs179630,ramesh subramoniam,Supply Chain and Operations Management 
OPRE,3310,0W2,12,13,17,4,4,4,2,1,1,,,,,,,,,,"Alborz, Shawn",,,,,,sxa063000,shawn alborz,Supply Chain and Operations Management 
OPRE,3320,001,1,2,14,9,10,6,3,4,4,,1,,1,,,,,,"Fatehi, Soraya","Tran, Qui Anh",,,,,sxf200005,soraya fatehi,Integrated Supply Chain Management 
OPRE,3330,001,4,14,6,9,8,7,1,3,1,1,,1,,,,,2,,"Kennedyd, Sarmann I","Bashorun, Hamidat","Dosapati, Shanmukha Sri Vaishnavi",,,,sik220001,sarmann kennedyd,Project Management 
OPRE,3330,002,18,10,10,4,5,7,5,1,,,,,,,,,,,"Alborz, Shawn",,,,,,sxa063000,shawn alborz,Project Management 
OPRE,3330,0W1,14,6,15,7,4,4,5,2,1,1,,,1,,,,,,"Alborz, Shawn",,,,,,sxa063000,shawn alborz,Project Management 
OPRE,3330,0W2,16,7,16,8,4,6,3,1,1,,,,,,,,,,"Alborz, Shawn",,,,,,sxa063000,shawn alborz,Project Management 
OPRE,3330,0W3,9,9,9,7,6,4,2,1,,1,,,,,,,4,,"Alborz, Shawn",,,,,,sxa063000,shawn alborz,Project Management 
OPRE,3333,001,2,9,10,7,14,7,3,1,2,1,1,1,1,,,,,,"Whalen, Tristan G","Vanapalli, Venkata Bhadra Ganesh",,,,,tgw100020,tristan whalen,Quantitative Business Analysis 
OPRE,3333,002,4,13,8,12,6,3,6,5,1,,,,,,,,6,,"Whalen, Tristan G","Vanapalli, Venkata Bhadra Ganesh",,,,,tgw100020,tristan whalen,Quantitative Business Analysis 
OPRE,3333,003,11,13,3,3,4,2,6,3,7,1,,,2,,,,3,,"Farzaneh, Mohammad Amin",,,,,,mxf180000,,Quantitative Business Analysis 
OPRE,3333,004,1,18,6,5,2,7,4,3,5,2,1,,3,,,,4,,"Enayaty Ahangar, Negin","Patel, Nirmit Pradip",,,,,nxe180001,negin enayaty ahangar,Quantitative Business Analysis 
OPRE,3333,005,2,18,12,6,4,2,2,4,1,2,,,3,,,,3,,"Enayaty Ahangar, Negin","Patel, Nirmit Pradip",,,,,nxe180001,negin enayaty ahangar,Quantitative Business Analysis 
OPRE,3333,006,,13,10,6,11,7,7,,3,3,2,,,,,,1,,"Nguyen, Hien T","Gupta, Tanishqa",,,,,htn170130,hien nguyen,Quantitative Business Analysis 
OPRE,3333,007,9,8,7,10,12,9,3,,,,,,,,,,2,,"Shahsavand, Parisa",,,,,,pxs180098,parisa shahsavand,Quantitative Business Analysis 
OPRE,3333,0W1,1,14,9,6,6,5,7,3,1,,1,,4,,,,7,,"Enayaty Ahangar, Negin","Patel, Nirmit Pradip",,,,,nxe180001,negin enayaty ahangar,Quantitative Business Analysis 
OPRE,3333,0W2,11,11,7,6,9,2,5,6,,,2,,1,,,,2,,"Ahadi, Khatereh","Bao, Dan","Tran, Qui Anh",,,,kxa180010,khatereh ahadi,Quantitative Business Analysis 
OPRE,3333,501,6,9,13,4,6,5,,4,6,2,1,1,2,,,,2,,"Oguzman, Neslihan",,,,,,nxo170830,neslihan oguzman,Quantitative Business Analysis 
OPRE,3340,001,1,10,4,4,4,1,2,4,,3,,,4,,,,9,,"Enayaty Ahangar, Negin","Liu, Zhiyu",,,,,nxe180001,negin enayaty ahangar,Advanced Quantitative Business Methods 
OPRE,3340,002,4,8,2,6,2,2,1,,,,3,,5,,,,9,,"Enayaty Ahangar, Negin","Liu, Zhiyu",,,,,nxe180001,negin enayaty ahangar,Advanced Quantitative Business Methods 
OPRE,3360,001,9,13,8,18,5,7,5,,5,2,1,,1,,,,1,,"Chen, Qiuxia",,,,,,qxc180005,,Managerial Methods in Decision Making Under Uncertainty 
OPRE,3360,002,12,16,6,8,3,6,5,2,6,2,2,3,1,,,,2,,"Ramezani, Rasoul","Sasalatti, Akshata",,,,,rxr145930,rasoul ramezani,Managerial Methods in Decision Making Under Uncertainty 
OPRE,3360,003,1,9,12,8,11,7,4,9,,6,3,,2,,,,2,,"Bu, Like",,,,,,lxb190003,bu like,Managerial Methods in Decision Making Under Uncertainty 
OPRE,3360,004,5,6,4,5,16,5,6,7,6,4,3,,4,,,,,,"Wang, Yining","Liu, Zhiyu",,,,,yxw220006,yining wang,Managerial Methods in Decision Making Under Uncertainty 
OPRE,3360,005,3,25,,26,7,4,2,1,1,,1,1,,,,,3,,"Qin, Qi","Yan, Tianyu",,,,,jxq240004,qi qin,Managerial Methods in Decision Making Under Uncertainty 
OPRE,3360,006,10,6,5,7,3,15,5,8,2,6,3,2,,,,,1,,"Ramezani, Rasoul","Sasalatti, Akshata",,,,,rxr145930,rasoul ramezani,Managerial Methods in Decision Making Under Uncertainty 
OPRE,3360,007,10,4,7,6,7,16,5,4,4,3,2,4,,,,,3,,"Ramezani, Rasoul","Sasalatti, Akshata",,,,,rxr145930,rasoul ramezani,Managerial Methods in Decision Making Under Uncertainty 
OPRE,3360,008,,21,6,8,6,5,3,5,6,2,2,2,7,,,,1,,"Toptal, Aysegul","Ahmed, Abeer Muntaseem",,,,,axt083100,aysegul toptal,Managerial Methods in Decision Making Under Uncertainty 
OPRE,3360,009,2,16,9,1,6,5,4,6,2,4,2,3,10,,1,,2,,"Toptal, Aysegul","Ahmed, Abeer Muntaseem",,,,,axt083100,aysegul toptal,Managerial Methods in Decision Making Under Uncertainty 
OPRE,3360,010,9,8,2,4,8,8,9,6,4,1,3,,5,,,,7,,"Whalen, Tristan G","Vanapalli, Venkata Bhadra Ganesh",,,,,tgw100020,tristan whalen,Managerial Methods in Decision Making Under Uncertainty 
OPRE,3360,011,2,24,,27,6,5,,2,,,2,1,1,,,,2,,"Qin, Qi","Yan, Tianyu",,,,,jxq240004,qi qin,Managerial Methods in Decision Making Under Uncertainty 
OPRE,3360,012,13,9,8,10,7,7,4,10,,1,2,1,1,,,,1,,"Ahadi, Khatereh","Bao, Dan","Tran, Qui Anh",,,,kxa180010,khatereh ahadi,Managerial Methods in Decision Making Under Uncertainty 
OPRE,3360,013,7,4,7,9,12,9,4,8,3,1,2,1,2,,,,6,,"Whalen, Tristan G","Vanapalli, Venkata Bhadra Ganesh",,,,,tgw100020,tristan whalen,Managerial Methods in Decision Making Under Uncertainty 
OPRE,3360,014,4,4,10,3,2,7,2,,7,,1,5,1,,,,1,,"Oguzman, Neslihan",,,,,,nxo170830,neslihan oguzman,Managerial Methods in Decision Making Under Uncertainty 
OPRE,3360,0W1,6,19,14,6,6,9,5,5,1,2,,3,2,,,,,,"Brussolo, Monica E","Batra, Nirmanyu",,,,,meb049000,monica brussolo,Managerial Methods in Decision Making Under Uncertainty 
OPRE,3360,0W2,10,14,16,8,11,5,2,3,4,3,1,,2,,,,,,"Ahadi, Khatereh","Bao, Dan","Tran, Qui Anh",,,,kxa180010,khatereh ahadi,Managerial Methods in Decision Making Under Uncertainty 
OPRE,3360,0W3,4,9,14,6,11,11,7,4,2,2,2,1,2,,1,,1,,"Brussolo, Monica E","Batra, Nirmanyu",,,,,meb049000,monica brussolo,Managerial Methods in Decision Making Under Uncertainty 
OPRE,3360,501,15,9,11,4,7,6,2,12,,1,5,,,,,,1,,"Ahadi, Khatereh","Bao, Dan","Tran, Qui Anh",,,,kxa180010,khatereh ahadi,Managerial Methods in Decision Making Under Uncertainty 
OPRE,3370,001,,5,,2,7,,1,,,,,,,,,,,,"Subramoniam, Ramesh","Gadam, Uday Sai Kiran Reddy",,,,,rxs179630,ramesh subramoniam,Managing Sustainable Operations 
OPRE,4310,001,3,10,3,4,5,6,2,5,1,,1,1,2,,,,1,,"Ramanathan, Kannan","Tangella, Hiranmayi","Modi, Dishant V",,,,kxr087000,kannan ramanathan,Lean and Six Sigma Processes 
OPRE,4320,001,,3,1,1,5,7,4,9,3,3,,1,1,,,,4,,"Subramoniam, Ramesh","Bhuiyan, Meneka L",,,,,rxs179630,ramesh subramoniam,Supply Chain Information Systems  SAP  AI  and Blockchain Innovations 
OPRE,4330,501,2,8,3,3,11,5,4,2,1,,3,,1,,,,3,,"Frazelle, Andrew","Sharma, Rahul",,,,,aef180002,andrew frazelle,Global Logistics and Inventory Management 
OPRE,4340,0W1,8,8,7,7,11,6,8,5,2,,1,,,,,,,,"Hu, Bin","Satapathy, Asmita Bimal",,,,,bxh180009,bin hu,Purchasing and Sourcing Management 
OPRE,4345,001,,7,12,3,3,1,,,,,,,,,,,,,"Durow, Wesley","Nayyar, Rohan Rohit",,,,,wxd240005,wesley durrow,Retail Operations 
OPRE,4350,001,4,1,2,2,,3,,1,1,,,1,,,,,,,"Ramanathan, Kannan","Tangella, Hiranmayi","Modi, Dishant V",,,,kxr087000,kannan ramanathan,Spreadsheet Modeling and Analytics 
OPRE,4350,501,1,,3,2,2,3,1,1,1,,1,,,,,,1,,"Ramanathan, Kannan","Modi, Dishant V","Tangella, Hiranmayi",,,,kxr087000,kannan ramanathan,Spreadsheet Modeling and Analytics 
OPRE,4V91,001,,21,,1,3,,,,,,,,,,,,,,"Subramoniam, Ramesh","Gadam, Uday Sai Kiran Reddy",,,,,rxs179630,ramesh subramoniam,Seminar Series in Supply Chain Management 
OPRE,6301,001,,7,3,1,8,3,5,1,,,,,2,,,,,,"Sethi, Avanti P","Velivolu, Shily",,,,,asethi,awanti sethi,Statistics and Data Analysis 
OPRE,6301,002,,12,1,4,3,3,1,2,,,,,5,,1,,3,,"Leach, Sonia E","Brussolo, Monica E","Gupta, Tanishqa",,,,sel120030,sonia leach,Statistics and Data Analysis 
OPRE,6301,003,,5,4,6,3,5,10,4,,,,,2,,,,,,"Wang, Shouqiang","Guan, Xiaotong",,,,,sxw163830,shouqiang wang,Statistics and Data Analysis 
OPRE,6301,0W1,,13,6,8,2,4,3,7,,,,,8,,1,,6,,"Leach, Sonia E","Brussolo, Monica E","Gupta, Tanishqa",,,,sel120030,sonia leach,Statistics and Data Analysis 
OPRE,6301,AW1,,33,3,3,,,,,,,,,,,,,,,"Kim, Dohyeong",,,,,,dxk132530,dohyeong kim,
OPRE,6301,GW1,,4,1,2,3,1,,,,,,,1,,,,1,,"Bush, Rhonda L",,,,,,,rhonda bush,
OPRE,6301,MBC,,8,6,4,5,2,4,1,,,,,,,1,,,,"Wang, Shouqiang","Guan, Xiaotong",,,,,sxw163830,shouqiang wang,
OPRE,6301,MBP,,9,1,5,6,4,,,,,,,,,,,1,,"Sethi, Avanti P","Velivolu, Shily",,,,,,avanti sethi,
OPRE,6301,XW1,,18,2,3,1,,,,,,,,1,,,,1,,"Bush, Rhonda L",,,,,,,rhonda bush,
OPRE,6302,001,,10,10,12,3,3,2,1,,,,,,,1,,,,"Janakiraman, Ganesh","Marar, Abhijit",,,,,gxj091000,ganesh janakiraman,Operations Management 
OPRE,6302,002,,6,2,7,1,1,,,,,,,,,,,,,"Mirzaeian, Neda","Nguyen, Tri M",,,,,nxm220040,neda mirzaeian,Operations Management 
OPRE,6302,0W1,,15,6,14,6,1,1,,,,,,1,,,,,,"Wang, Guihua","Zhai, Shenghui",,,,,gxw130630,guihua wang,Operations Management 
OPRE,6302,501,,3,1,2,7,,2,2,,,,,4,,,,,,"Leach, Sonia E","Gupta, Tanishqa",,,,,sel120030,sonia leach,Operations Management 
OPRE,6302,AW1,,16,,,1,,,,,,,,,,1,,,,"Leach, Sonia E",,,,,,sel120030,sonia leach,
OPRE,6302,GW1,,12,6,3,1,1,,2,,,,,1,,,,,,"Ladipo, Anna",,,,,,,anna ladipo,
OPRE,6303,001,,14,3,9,7,6,3,1,,,,,1,,,,,,"Sethi, Avanti P","Bhat, Aakanksha Umesh",,,,,asethi,awanti sethi,Quantitative Foundations of Business 
OPRE,6303,0W1,,10,4,5,5,9,1,,,,,,7,,,,8,,"Sethi, Avanti P","Bhat, Aakanksha Umesh",,,,,asethi,awanti sethi,Quantitative Foundations of Business 
OPRE,6303,SW1,,5,,4,3,4,,,,,,,1,,,,,,"Sethi, Avanti P",,,,,,asethi,awanti sethi,Quantitative Foundations of Business 
OPRE,6332,001,,12,8,10,7,4,3,,,,,,,,,,,,"Rios Uribe, Ignacio A","Marar, Abhijit",,,,,iar200000,ignacio rios uribe,
OPRE,6332,002,,5,2,3,4,1,,1,,,,,,,,,1,,"Katok, Elena M","Hassan, Mohammed Zumar Ali","Batra, Vanshu",,,,emk120030,elena katok,Spreadsheet Modeling and Analytics 
OPRE,6332,0W1,,9,2,6,2,2,,6,,,,,3,,,,1,,"Ramanathan, Kannan","Modi, Dishant V","Tangella, Hiranmayi",,,,kxr087000,kannan ramanathan,Spreadsheet Modeling and Analytics 
OPRE,6332,501,,10,3,6,8,3,3,,,,,,,,,,2,,"Sethi, Avanti P","Bhat, Aakanksha Umesh",,,,,asethi,awanti sethi,Spreadsheet Modeling and Analytics 
OPRE,6332,5W1,,5,2,2,4,1,1,1,,,,,2,,1,,,,"Ramanathan, Kannan","Modi, Dishant V","Tangella, Hiranmayi",,,,kxr087000,kannan ramanathan,Spreadsheet Modeling and Analytics 
OPRE,6341,0W1,,30,15,15,3,3,,,,,,,2,,,,1,,"Honhon, Dorothee B","Roy, Koushik",,,,,dbh130130,dorothee honhon,Retail Operations 
OPRE,6359,001,,7,1,3,2,4,1,1,,,,,,,,,1,,"Sethi, Avanti P","Velivolu, Shily",,,,,asethi,awanti sethi,Advanced Statistics for Data Science 
OPRE,6359,0W1,,6,2,,,,,1,,,,,,,,,2,,"Ahadi, Khatereh","Gadiraju, Hariraja Akash",,,,,kxa180010,khatereh ahadi,Advanced Statistics for Data Science 
OPRE,6362,001,,9,3,4,,,,,,,,,1,,,,,,"Kennedyd, Sarmann I","Dosapati, Shanmukha Sri Vaishnavi","Bashorun, Hamidat",,,,sik220001,sarmann kennedyd,Project Management in Engineering and Operations 
OPRE,6362,0W1,,16,4,2,2,1,,,,,,,2,,,,,,"Alborz, Shawn",,,,,,sxa063000,shawn alborz,Project Management in Engineering and Operations 
OPRE,6364,001,,5,,3,1,,,2,,,,,,,,,,,"Ramanathan, Kannan","Tangella, Hiranmayi","Modi, Dishant V",,,,kxr087000,kannan ramanathan,Lean Six Sigma 
OPRE,6366,0W1,,5,2,3,1,,,1,,,,,4,,,,6,,"Leach, Sonia E","Bambhroliya, Darshan Ghanshyambhai",,,,,sel120030,sonia leach,Global Supply Chain Management 
OPRE,6369,0W1,,5,3,5,4,3,2,,,,,,,,,,1,,"Subramoniam, Ramesh","Bhuiyan, Meneka L",,,,,rxs179630,ramesh subramoniam,Supply Chain Software with SAP  Planning  AI  and Blockchain Innovations 
OPRE,6370,001,,14,7,7,11,4,3,2,,,,,2,,,,1,,"Frazelle, Andrew","Sharma, Rahul",,,,,aef180002,andrew frazelle,Global Logistics and Transportation 
OPRE,6371,001,,20,13,13,13,8,,,,,,,,,,,,,"Hu, Bin","Satapathy, Asmita Bimal",,,,,bxh180009,bin hu,Purchasing  Sourcing and Contract Management 
OPRE,6371,0W1,,7,7,2,3,5,,2,,,,,3,,,,5,,"Katok, Elena M","Hassan, Mohammed Zumar Ali",,,,,emk120030,elena katok,Purchasing  Sourcing and Contract Management 
OPRE,6372,GW1,,14,5,,,,,,,,,,,,,,,,"Cazares, Joseph",,,,,,,joseph cazares,
OPRE,6373,GW1,,8,6,1,1,1,,,,,,,1,,,,,,"Cazares, Joseph","Ladipo, Anna",,,,,,joseph cazares,
OPRE,6379,501,,12,12,4,5,2,,,,,,,,,,,,,"Rajamani, Divakar","Roy, Koushik",,,,,dxr020100,divakar rajamani,Product Lifecycle Management 
OPRE,6382,0W1,,8,7,,2,,1,,,,,,,,,,,,"Vicario, Joseph A","Divin, Diane T",,,,,jav170030,,Supply Chain Trade Compliance 
OPRE,6V98,001,,,,,,,,,,,,,,,,,,25,"Alborz, Shawn",,,,,,sxa063000,shawn alborz,
OPRE,7353,001,,4,5,1,2,,,,,,,,,,,,,,"Wang, Yining",,,,,,yxw220006,yining wang,Optimization 
PA,2325,001,,17,,,3,,,1,,,,,,,,,,,"Benavides, Abraham",,,,,,axb220062,,Introduction to Public and Nonprofit Management 
PA,3333,0W1,16,8,,1,,,3,,,,,,,,3,,,,"Mulumba Katchy, Josue",,,,,,jxm200025,,Human Resources Management  Leading a Diverse Workforce 
PA,3355,001,,5,6,5,,1,1,,1,,,,1,,,,,,"Parker, Kayla M",,,,,,kmp200000,,Introduction to the Nonprofit Sector 
PA,3380,0W1,,21,5,,,2,,,,,,,,,,,,,"Han, Chanyoung",,,,,,cxh220054,chanyoung han,Organizations  Theory and Behavior 
PA,4345,001,8,1,,,,1,,,1,,1,,,,,,,,"Lee, Moonsoo",,,,,,mxl210001,,Negotiation and Conflict Resolution 
PA,6311,5H1,,10,,,,,,,,,,,,,,,,,"McCaskill, John R",,,,,,jrm094020,john mccaskill,Public Management 
PA,6313,501,,15,,,,,,,,,,,1,,,,,,"McCaskill, John R",,,,,,jrm094020,john mccaskill,Public Policymaking and Institutions 
PA,6320,501,,17,,2,1,,,,,,,,,,,,1,,"Tura, Memduh",,,,,,mxt115230,,Organizational Theory 
PA,6321,001,,16,,,2,,,,,,,,,,,,,,"Benavides, Teodoro J",,,,,,tjb051000,teodoro benavides,Government Financial Management and Budgeting 
PA,6344,501,,10,,,,,,,,,,,,,,,,,"Benavides, Teodoro J",,,,,,tjb051000,teodoro benavides,Local Government Management 
PA,6345,001,,10,,,,1,,,,,,,,,,,,,"McCandless, Sean",,,,,,sxm230080,,Human Resources Management 
PA,6345,501,,9,,1,1,,,,,,,,,,,,,,"McCandless, Sean",,,,,,sxm230080,,Human Resources Management 
PA,6348,0W1,,11,,,1,,,,,,,,,,,,,,"Benavides, Teodoro J",,,,,,tjb051000,teodoro benavides,Navigating the Public Service Workplace 
PA,6382,501,,11,5,,,,,,,,,,,,,,,,"Russell Murray, Allison R",,,,,,axr210032,allison russell,Nonprofit Management 
PA,6387,0W1,,10,2,,1,,,,,,,,,,,,,,"Russell Murray, Allison R",,,,,,axr210032,allison russell,Strategic Planning for Nonprofit 
PA,7320,501,,10,,,,,,,,,,,,,,,,,"Sabharwal, Meghna","Zeraatpisheh, Abdollah",,,,,mxs095000,meghna sabharwal,Advanced Human Capital Research and Theory 
PA,7375,501,,9,1,,,,,,,,,,,,,,,,"Searing, Elizabeth A",,,,,,exs200001,elizabeth searing,Nonprofit Organizations  Theory and Practice 
PHIL,1301,001,,55,,,38,,2,15,,,1,,5,,,,3,,"Amato, Lawrence A",,,,,,laa062000,lawrence amato,Introduction to Philosophy 
PHIL,1301,002,1,5,3,5,3,2,2,2,3,,1,,1,,,,1,,"Campos, Laura Graciela",,,,,,lxc230018,laura campos,Introduction to Philosophy 
PHIL,1306,001,9,10,6,3,2,,,,,,,,,,,,,,"Ren, Songyao",,,,,,sxr210065,songyao ren,Introduction to Ethics 
PHIL,1306,002,3,4,4,,2,,3,1,1,,,,1,,,,,,"Campos, Laura Graciela",,,,,,lxc230018,laura campos,Introduction to Ethics 
PHIL,1307,001,,57,,4,28,,3,11,,,5,,5,,,,2,,"Amato, Lawrence A",,,,,,laa062000,lawrence amato,Introduction to Philosophy of Art 
PHIL,2303,001,4,1,3,4,4,1,2,2,2,,,,4,,,,1,,"Campos, Laura Graciela",,,,,,lxc230018,laura campos,Introduction to Logic 
PHIL,2303,0W1,4,2,3,3,5,1,1,1,,,1,,4,,,,4,,"Campos, Laura Graciela",,,,,,lxc230018,laura campos,Introduction to Logic 
PHIL,3321,001,12,3,,1,,,,1,,,,,1,,1,,,,"Ren, Songyao",,,,,,sxr210065,songyao ren,Philosophical Traditions I 
PHIL,3322,001,,8,6,3,2,1,5,,,,,,2,,,,2,,"Gonzalez Nunez, Humberto J",,,,,,hjg230001,,Ancient Philosophy 
PHIL,3328,001,4,3,3,3,,,,,1,,1,,,,,,1,,"Gossin, Pamela S",,,,,,psgossin,pamela gossin,History and Philosophy of Science and Medicine 
PHIL,3373,001,10,5,8,4,1,1,1,,,,,,,,,,,,"Tsou, Jonathan Y",,,,,,jxt220028,jonathan tsou,Philosophy of Mind 
PHIL,4331,001,,2,2,5,1,,,,,1,,,,,,,1,,"Bambach, Charles R",,,,,,cbambach,charles bambach,Philosophy and Poetry 
PHIL,4380,001,,15,,1,,,1,1,,,,,,,,,,,"Amato, Lawrence A",,,,,,laa062000,lawrence amato,Topics in Philosophy 
PHIL,6322,002,,8,1,1,,,,,,,,,,,,,,,"Bambach, Charles R",,,,,,cbambach,charles bambach,Continental Philosophy 
PHIN,1103,001,5,7,3,1,1,1,1,,,,,,,,,,,,"Lopez, Keira",,,,,,dal451163,,Beginning Tennis 
PHIN,1103,002,9,3,2,,,,1,,,,,,1,,,,1,,"Lopez, Keira",,,,,,dal451163,,Beginning Tennis 
PHIN,1120,001,,17,,,,,,1,,,,,,,,,2,,"Gold, Terry",,,,,,yogagold,terry gold,Beginning Yoga 
PHIN,1120,002,,18,,,,,,,,,,,,,,,1,,"Gold, Terry",,,,,,yogagold,terry gold,Beginning Yoga 
PHIN,1121,001,1,7,2,1,,,,,,,,,1,,,,1,,"Bell, John S",,,,,,jsb018200,john bell,Martial Arts and Self-Defense 
PHYS,1100,001,,,,,,,,,,,,,,40,,3,,,"Goncalves Pinheiro, Alexandre",,,,,,agp240000,alexandre pinheiro,The Fun of Physics 
PHYS,1101,101,2,22,2,,1,,1,,1,,,,,,,,,,"Khan, Amena L","Kadala, Roger H","Patel, Mahammed Suleman",,,,axk140130,amena khan,College Physics Laboratory I 
PHYS,1101,102,2,21,3,,2,,,,,,,,1,,,,,,"Khan, Amena L","Kadala, Roger H","Koirala, Babita",,,,axk140130,amena khan,College Physics Laboratory I 
PHYS,1101,103,18,10,,,,1,,1,,,,,,,,,,,"Khan, Amena L","Kadala, Roger H","Kapte, Isha Sunil",,,,axk140130,amena khan,College Physics Laboratory I 
PHYS,1101,104,,26,,,,1,,,,,,,1,,,,,,"Khan, Amena L","Kadala, Roger H","Heng, Jian",,,,axk140130,amena khan,College Physics Laboratory I 
PHYS,1101,105,18,9,,,,,,1,,,,,,,,,,,"Khan, Amena L","Kadala, Roger H","Kapte, Isha Sunil",,,,axk140130,amena khan,College Physics Laboratory I 
PHYS,1101,106,3,24,1,1,,,,,,,,,1,,,,,,"Khan, Amena L","Kadala, Roger H","McNally, Christina M",,,,axk140130,amena khan,College Physics Laboratory I 
PHYS,1101,107,8,20,,,1,,,,,,,,1,,,,,,"Khan, Amena L","Kadala, Roger H","Yadav, Priti",,,,axk140130,amena khan,College Physics Laboratory I 
PHYS,1101,601,11,15,1,,,,,,,,,,1,,,,,,"Khan, Amena L","Kadala, Roger H","Sapkota, Dipak",,,,axk140130,amena khan,College Physics Laboratory I 
PHYS,1102,101,5,17,3,1,,,,,,,,,,,,,,,"Mac Alevey, Paul J","Saleh, Lamya","Turjo, Mojibur Rahman",,,,paulmac,paul macalevey,College Physics Laboratory II 
PHYS,1102,102,4,22,,,,,,,,1,,,,,,,,,"Mac Alevey, Paul J","Saleh, Lamya","Palos, Rylee K",,,,paulmac,paul macalevey,College Physics Laboratory II 
PHYS,1102,103,11,17,,,1,,,,,,,,,,,,,,"Mac Alevey, Paul J","Saleh, Lamya","Sun, Baisong",,,,paulmac,paul macalevey,College Physics Laboratory II 
PHYS,1102,104,9,17,,,1,,,,,,,,,,,,,,"Mac Alevey, Paul J","Saleh, Lamya","Huang, Baoyue",,,,paulmac,paul macalevey,College Physics Laboratory II 
PHYS,1102,105,5,17,5,,,1,,,,,,,,,,,,,"Mac Alevey, Paul J","Saleh, Lamya","Turjo, Mojibur Rahman",,,,paulmac,paul macalevey,College Physics Laboratory II 
PHYS,1102,106,21,5,,,,,,,,,,,,,,,,,"Mac Alevey, Paul J","Saleh, Lamya","Kader, Md Joadul",,,,paulmac,paul macalevey,College Physics Laboratory II 
PHYS,1102,107,17,8,1,,,,,,1,,1,,,,,,,,"Mac Alevey, Paul J","Saleh, Lamya","Younes, Andrew",,,,paulmac,paul macalevey,College Physics Laboratory II 
PHYS,1102,108,3,23,,,,,,,,,,,,,,,,,"Mac Alevey, Paul J","Saleh, Lamya","Palos, Rylee K",,,,paulmac,paul macalevey,College Physics Laboratory II 
PHYS,1102,601,4,15,,,,,,,,,,,,,,,,,"Mac Alevey, Paul J","Saleh, Lamya","Kimmins, Ryan",,,,paulmac,paul macalevey,College Physics Laboratory II 
PHYS,1102,602,9,5,,,,,,,,,,,,,,,,,"Mac Alevey, Paul J","Saleh, Lamya","Shen, Haoyu",,,,paulmac,paul macalevey,College Physics Laboratory II 
PHYS,1301,001,16,16,16,11,13,10,12,6,7,4,2,4,3,,,,2,,"Penev, Kaloyan M","Smith, Aaron","Jafarzadeh, Seyed Javad",,,,kxp174430,kaloyan penev,College Physics I 
PHYS,1301,501,57,64,4,2,1,,,1,,,,,,,,,1,,"Goncalves Pinheiro, Alexandre","Khalid, Muhammad",,,,,agp240000,alexandre pinheiro,College Physics I 
PHYS,1302,001,28,26,17,6,19,9,7,8,,,,1,2,,,,6,,"Zhu, Qingyu","Vishwakarma, Prasoon",,,,,qxz230002,qingyu zhu,College Physics II 
PHYS,1302,002,55,36,4,5,10,5,,2,,3,1,1,,,,,6,,"Kadala, Roger H","Seifi, Melodee O",,,,,rxk220001,roger kadala,College Physics II 
PHYS,2125,101,,25,,3,,,,2,,,,,,,,,,,"Khan, Amena L","Kadala, Roger H","Srivastava, Anusha",,,,axk140130,amena khan,Physics Laboratory I 
PHYS,2125,102,12,14,1,,,,,1,,,,,,,,,,,"Khan, Amena L","Kadala, Roger H","Patel, Mahammed Suleman",,,,axk140130,amena khan,Physics Laboratory I 
PHYS,2125,103,7,20,,1,1,,,,,,,,,,,,,,"Khan, Amena L","Kadala, Roger H","Niloy, Md Shaid Hasan",,,,axk140130,amena khan,Physics Laboratory I 
PHYS,2125,104,6,13,3,1,,,,,,,1,,,,,,,,"Khan, Amena L","Kadala, Roger H","Ali, Akbar","Sun, Baisong",,,axk140130,amena khan,Physics Laboratory I 
PHYS,2125,105,5,18,3,2,,2,,,,,,,,,,,,,"Khan, Amena L","Kadala, Roger H","Niloy, Md Shaid Hasan",,,,axk140130,amena khan,Physics Laboratory I 
PHYS,2125,106,1,21,6,1,,,,,,,,,,,,,,,"Khan, Amena L","Kadala, Roger H","Scherm, David L",,,,axk140130,amena khan,Physics Laboratory I 
PHYS,2125,107,2,13,4,5,2,,1,,,,,,1,,,,,,"Khan, Amena L","Kadala, Roger H","Scherm, David L",,,,axk140130,amena khan,Physics Laboratory I 
PHYS,2125,108,8,17,3,,,1,,,1,,,,,,,,,,"Khan, Amena L","Kadala, Roger H","Crawford, John A",,,,axk140130,amena khan,Physics Laboratory I 
PHYS,2125,109,,23,,1,,1,1,,1,,,,,,,,,,"Khan, Amena L","Kadala, Roger H","McNally, Christina M",,,,axk140130,amena khan,Physics Laboratory I 
PHYS,2125,110,6,18,1,2,,,,,,,,,,,,,,,"Khan, Amena L","Kadala, Roger H","Heng, Jian",,,,axk140130,amena khan,Physics Laboratory I 
PHYS,2125,111,15,9,3,2,,,,,,,,,1,,,,,,"Khan, Amena L","Kadala, Roger H","Sapkota, Dipak",,,,axk140130,amena khan,Physics Laboratory I 
PHYS,2125,112,4,19,4,1,,2,,,,,,,,,,,,,"Khan, Amena L","Kadala, Roger H","Kajla, Rohit","Wu, Yuxiang",,,axk140130,amena khan,Physics Laboratory I 
PHYS,2125,113,6,16,2,2,,1,1,,,,,,1,,,,,,"Khan, Amena L","Kadala, Roger H","Ryan, Conor",,,,axk140130,amena khan,Physics Laboratory I 
PHYS,2125,114,6,17,1,3,1,,,,1,,,,,,,,,,"Khan, Amena L","Kadala, Roger H","Koirala, Babita",,,,axk140130,amena khan,Physics Laboratory I 
PHYS,2125,115,11,11,5,,1,1,,,,,,,1,,,,,,"Khan, Amena L","Kadala, Roger H","Yadav, Priti",,,,axk140130,amena khan,Physics Laboratory I 
PHYS,2125,116,15,8,2,2,,,,,,,,,1,,,,,,"Khan, Amena L","Kadala, Roger H","Kajla, Rohit",,,,axk140130,amena khan,Physics Laboratory I 
PHYS,2125,117,2,19,3,2,1,1,,,,,,,1,,,,1,,"Khan, Amena L","Kadala, Roger H","Rezvani, Sina",,,,axk140130,amena khan,Physics Laboratory I 
PHYS,2125,118,,9,1,1,1,,2,,1,,,,,,,,,,"Kadala, Roger H","Khan, Amena L","Ali, Akbar",,,,rxk220001,roger kadala,Physics Laboratory I 
PHYS,2125,601,1,17,2,4,,,,,,,,1,,,,,,,"Khan, Amena L","Kadala, Roger H","Rippentrop, Travis S",,,,axk140130,amena khan,Physics Laboratory I 
PHYS,2125,602,4,15,1,1,1,1,,,,,,,1,,,,,,"Khan, Amena L","Kadala, Roger H","Crawford, John A",,,,axk140130,amena khan,Physics Laboratory I 
PHYS,2126,101,15,9,3,1,1,,,,,,,,,,,,,,"Saleh, Lamya","Mac Alevey, Paul J","Patra, Rittik",,,,lxs190019,lamya saleh,Physics Laboratory II 
PHYS,2126,102,22,3,1,,,,1,1,1,,,,,,,,,,"Saleh, Lamya","Mac Alevey, Paul J","Imran, Tuhin Muhammad",,,,lxs190019,lamya saleh,Physics Laboratory II 
PHYS,2126,103,16,12,,,,,,,,,,,,,,,1,,"Saleh, Lamya","Mac Alevey, Paul J","Shrestha, Samyak",,,,lxs190019,lamya saleh,Physics Laboratory II 
PHYS,2126,104,9,14,1,1,1,1,,,,,,,,,,,,,"Saleh, Lamya","Mac Alevey, Paul J","Awoyinka, Tunde D",,,,lxs190019,lamya saleh,Physics Laboratory II 
PHYS,2126,105,22,7,1,,,,,,,,,,,,,,,,"Saleh, Lamya","Mac Alevey, Paul J","Ahmad, Faiz",,,,lxs190019,lamya saleh,Physics Laboratory II 
PHYS,2126,106,13,11,2,,2,1,,,,,,,,,,,,,"Saleh, Lamya","Mac Alevey, Paul J","Banna, Halima Khatun",,,,lxs190019,lamya saleh,Physics Laboratory II 
PHYS,2126,107,8,10,6,1,3,,1,,,,,,,,,,,,"Saleh, Lamya","Mac Alevey, Paul J","Shrestha, Samyak",,,,lxs190019,lamya saleh,Physics Laboratory II 
PHYS,2126,108,16,14,,,,,,,,,,,,,,,,,"Saleh, Lamya","Mac Alevey, Paul J","Kimmins, Ryan",,,,lxs190019,lamya saleh,Physics Laboratory II 
PHYS,2126,109,7,14,2,1,2,1,,,,,,,,,,,,,"Saleh, Lamya","Mac Alevey, Paul J","Gonzalez, Kristian E",,,,lxs190019,lamya saleh,Physics Laboratory II 
PHYS,2126,110,10,13,2,4,,1,,,,,,,,,,,,,"Saleh, Lamya","Mac Alevey, Paul J","Southerland, Nicholas G",,,,lxs190019,lamya saleh,Physics Laboratory II 
PHYS,2126,111,12,14,4,,,,,,,,,,,,,,,,"Saleh, Lamya","Mac Alevey, Paul J","Gonzalez, Kristian E",,,,lxs190019,lamya saleh,Physics Laboratory II 
PHYS,2126,112,,8,11,6,3,2,,,,,,,,,,,,,"Saleh, Lamya","Mac Alevey, Paul J","Hossain, Golam Martuza",,,,lxs190019,lamya saleh,Physics Laboratory II 
PHYS,2126,113,,13,9,3,,1,,,,,,,2,,,,1,,"Saleh, Lamya","Mac Alevey, Paul J","Hopkins, Robert",,,,lxs190019,lamya saleh,Physics Laboratory II 
PHYS,2126,114,13,16,1,,,,,,,,,,,,,,,,"Saleh, Lamya","Mac Alevey, Paul J","Li, Hengjian",,,,lxs190019,lamya saleh,Physics Laboratory II 
PHYS,2126,115,10,17,1,1,,1,,,,,,,,,,,,,"Saleh, Lamya","Mac Alevey, Paul J","Nadella, Sahithi",,,,lxs190019,lamya saleh,Physics Laboratory II 
PHYS,2126,116,23,4,1,1,,,,,,,,,1,,,,,,"Saleh, Lamya","Mac Alevey, Paul J","Ahmad, Faiz",,,,lxs190019,lamya saleh,Physics Laboratory II 
PHYS,2126,117,12,15,,,,,,,,,1,,1,,,,,,"Saleh, Lamya","Mac Alevey, Paul J","Imran, Tuhin Muhammad",,,,lxs190019,lamya saleh,Physics Laboratory II 
PHYS,2126,118,18,8,2,,1,,,1,,,,,,,,,,,"Saleh, Lamya","Mac Alevey, Paul J","Ruwali, Shisir",,,,lxs190019,lamya saleh,Physics Laboratory II 
PHYS,2126,119,1,17,10,,,,,,,,,,1,,,,,,"Saleh, Lamya","Mac Alevey, Paul J","Hossain, Golam Martuza",,,,lxs190019,lamya saleh,Physics Laboratory II 
PHYS,2126,120,3,15,6,5,1,,,,,,,,,,,,,,"Saleh, Lamya","Mac Alevey, Paul J","Srivastava, Anusha",,,,lxs190019,lamya saleh,Physics Laboratory II 
PHYS,2126,121,20,8,1,1,,,,,,,,,,,,,,,"Saleh, Lamya","Mac Alevey, Paul J","Kamble, Nisha Vinay",,,,lxs190019,lamya saleh,Physics Laboratory II 
PHYS,2126,122,11,13,1,,,,,,,,,,,,,,,,"Mac Alevey, Paul J","Saleh, Lamya","Banna, Halima Khatun",,,,paulmac,paul macalevey,Physics Laboratory II 
PHYS,2126,123,1,19,3,3,,,,,,,,,,,,,,,"Mac Alevey, Paul J","Saleh, Lamya","Dashti, Farbod",,,,paulmac,paul macalevey,Physics Laboratory II 
PHYS,2126,124,18,8,2,,,,,,,,,,,,,,,,"Mac Alevey, Paul J","Saleh, Lamya","Ruwali, Shisir",,,,paulmac,paul macalevey,Physics Laboratory II 
PHYS,2126,125,18,11,,,,,,,,1,,,,,,,,,"Mac Alevey, Paul J","Saleh, Lamya","Karavitis, John",,,,paulmac,paul macalevey,Physics Laboratory II 
PHYS,2126,602,1,5,7,1,,,,,,,,,1,,,,,,"Mac Alevey, Paul J","Saleh, Lamya","Hopkins, Robert",,,,paulmac,paul macalevey,Physics Laboratory II 
PHYS,2126,603,,8,11,7,,,,,,,,,,,,,,,"Mac Alevey, Paul J","Saleh, Lamya","Oyiboka, Victor C",,,,paulmac,paul macalevey,Physics Laboratory II 
PHYS,2126,604,5,15,3,,2,1,,,,,,,,,,,,,"Mac Alevey, Paul J","Saleh, Lamya","Dashti, Farbod",,,,paulmac,paul macalevey,Physics Laboratory II 
PHYS,2303,001,8,5,3,9,4,1,,3,1,,1,,,,,,2,,"Khan, Amena L","Awoyinka, Tunde D",,,,,axk140130,amena khan,Contemporary Physics 
PHYS,2325,001,43,48,27,13,32,12,18,19,9,4,3,3,9,,,,8,,"Ou, Zihao","Nadella, Sahithi","Kajla, Rohit",,,,zxo240000,zihao ou,Mechanics 
PHYS,2325,003,12,4,5,7,14,11,18,12,11,3,4,2,7,,,,23,,"Goeckner, Matthew J","Sooriyaarachchi, Vinu K",,,,,goeckner,matthew goeckner,Mechanics 
PHYS,2325,004,47,27,13,15,15,11,12,18,6,4,5,1,12,,,,9,,"Ishak-Boushaki, Mustapha","Bera, Avijit","Jafarzadeh, Seyed Javad",,,,mxi054000,mustapha ishak boushaki,Mechanics 
PHYS,2326,001,76,22,22,15,15,13,7,2,3,4,,1,4,,1,,14,,"Saleh, Lamya","Arabiat, Aya H",,,,,lxs190019,lamya saleh,Electromagnetism and Waves 
PHYS,2326,002,27,24,15,15,26,21,13,20,5,4,5,5,8,,,,4,,"Kwan, Yves Hon","Li, Hengjian","Rezvani, Sina",,,,dal244841,,Electromagnetism and Waves 
PHYS,2326,003,2,94,42,18,13,8,9,5,3,1,,1,1,,,,2,,"Gartstein, Yuri","Southerland, Nicholas G","Shen, Haoyu",,,,yxg037000,yuri gartstein,Electromagnetism and Waves 
PHYS,2326,004,11,48,28,36,42,41,10,4,4,,2,,2,,,,6,,"Lumata, Lloyd L","Younes, Andrew","Huang, Baoyue","Oyiboka, Victor C",,,lxl143230,lloyd lumata,Electromagnetism and Waves 
PHYS,3330,001,3,13,1,2,,1,1,1,,,,,,,,,,,"King, Lindsay J","Branham, Sarah K",,,,,lxk111430,lindsay king,Numerical Methods in Physics and Computational Techniques 
PHYS,3380,001,1,3,3,3,5,,,2,2,,1,,,,,,1,,"Anderson, Phillip C","Seifi, Melodee O",,,,,pca015000,philip anderson,Astronomy 
PHYS,3411,501,2,1,3,3,,5,4,2,,,,,,,,,1,,"Mac Alevey, Paul J","Ali, Akbar",,,,,paulmac,paul macalevey,Theoretical Physics 
PHYS,3416,001,5,,1,2,2,,2,3,1,,2,,3,,,,1,,"Malko, Anton","Smith, Sean S",,,,,avm074000,anton malko,Electricity and Magnetism 
PHYS,4301,001,,11,8,2,3,,,2,2,,1,,3,,,,,,"Gartstein, Yuri","Rippentrop, Travis S",,,,,yxg037000,yuri gartstein,Quantum Mechanics I 
PHYS,4340,001,2,6,,2,1,,,,,,,,1,,,,1,,"Zeng, Bei","Gupta, Arunaday",,,,,bxz230005,,Introduction to Quantum Information 
PHYS,4352,001,9,2,2,,2,2,,1,,,,,1,,,,,,"Vasko, Ivan","Khalid, Muhammad",,,,,ixv230013,,Concepts of Modern Physics 
PHYS,5301,001,,5,4,6,6,3,,,,,,,,,,,,,"Mac Alevey, Paul J","Kamble, Nisha Vinay","Kader, Md Joadul",,,,paulmac,paul macalevey,Mathematical Methods of Physics I 
PHYS,5311,001,,1,5,4,3,1,,,,,,,,,,,,,"Kesden, Michael H","Magadi Shivalingaiah, Meghraj",,,,,mhk130030,michael kesden,Classical Mechanics 
PHYS,5315,001,,13,1,,,1,,,,,,,,,,,,,"Lary, David J",,,,,,djl101000,david lary,Scientific Computing 
PHYS,5322,001,,2,2,4,2,,1,,,,,,,,,,,,"Zhang, Xiaojia","Lochridge, Matthew D",,,,,xxz220011,xiaojia zhang,Electromagnetism II 
PHYS,6300,001,,5,4,3,7,2,,,,,,,,,,,,,"Lee, Mark","Magadi Shivalingaiah, Meghraj",,,,,mxl101000,mark lee,Quantum Mechanics I 
PPOL,4305,001,2,4,4,,,2,,,,,,,,,,,,,"Clark, Amanda",,,,,,dal031693,,Policy Analysis  Theory  and Methods 
PPOL,4311,001,4,8,2,2,,2,,1,,,,,,,,,,,"Clark, Amanda",,,,,,dal031693,,Wicked Social Problems 
PPPE,6302,001,,8,3,5,1,,,,,,,,,,,,,,"Sobolev, Anton","Miller, Banks P",,,,,axs210104,anton sobolev,Conflict in Cyberspace 
PPPE,6302,501,,6,3,1,,,,,,,,,,,,,,,"Sobolev, Anton","Miller, Banks P",,,,,axs210104,anton sobolev,Conflict in Cyberspace 
PPPE,6303,001,,4,7,6,,,,,,,,,1,,,,1,,"Zhang, Pengfei","Tao, Jing",,,,,pxz220003,pengfei zhang,Cyber Security Policy 
PPPE,6310,501,,7,4,6,5,4,,,,,,,,,,,1,,"Fass, Simon M",,,,,,fass,simon fass,Research Design I 
PPPE,6352,501,,7,2,4,,,,,,,,,,,,,,,"Litzow, Erin","Essa, Deena Z",,,,,exl240015,erin litzow,World Political Economy 
PSCI,3301,001,,5,9,10,5,11,,,1,,,1,4,,,,3,,"Sharpe, Conrad M","Wang, Ariel A","Shah, Aashutosh",,,,dal601554,conrad sharpe,Political Theory 
PSCI,3301,HN1,6,5,6,3,1,1,,,,,,,,,,,,,"Dow, Douglas C",,,,,,dougdow,douglas dow,Political Theory 
PSCI,3303,501,2,18,8,7,8,,2,1,,2,,,4,,,,1,,"Gray, Thomas R","Kim, Pyung",,,,,txg171430,thomas gray,Civil Liberties 
PSCI,3310,501,18,5,4,3,1,,,,,,,,,,,,,,"Habib, Salman Bin",,,,,,sbh200000,salman bin habib,Managing Government Organizations 
PSCI,3325,001,,17,8,13,13,11,10,6,2,,1,,1,,,,,,"Lowry, Robert C","Bin Kamal, Md Khalid",,,,,rcl062000,robert lowry,American Public Policy 
PSCI,3350,001,3,4,7,5,14,6,3,5,2,1,,1,1,,,,,,"Park, Yeon Soo","Alfa, Victor L","Mamun, Md Abdullah Al",,,,dal602778,yeon soo park,Comparative Politics 
PSCI,4302,001,3,3,7,4,6,4,,3,,,1,,,,1,,,,"Mesquita Leal, Marcelo","Tompkins, Kayleigh S",,,,,mxl240026,marcelo mesquita leal,Data and Policy 
PSCI,4320,001,,10,3,7,9,2,2,2,,2,,2,,,,,4,,"Santoro, Lauren A","Pillai, Maitreyi M","Khan, Humza",,,,lar170530,lauren santoro,Political Psychology 
PSCI,4323,HN1,1,14,3,,,,,,,,,,,,,,,,"Roetzel Ossenfort, Natalie J",,,,,,njr120030,,Innocence Project of Texas 
PSCI,4324,001,8,,12,5,1,4,,1,,,,,,,,,,,"Cisneros Tersitsch, Marco Elias","Bi, Hanying",,,,,mxc230040,elias cisneros,Economics of Sustainability 
PSCI,4329,001,,14,9,9,14,12,5,8,,1,2,1,2,,,,4,,"Peinhardt, Clint W","Sarker, Poulami",,,,,cwp052000,clint peinhardt,Global Politics 
PSCI,4334,001,,37,6,9,3,4,,2,,,1,,,,,,2,,"Pinckney, Jonathan","Singh, Avinash K",,,,,jxp230022,jonathan pinckney,Approaches to Peace 
PSCI,4370,HN1,13,27,5,2,1,,,,,,,,,,,,,,"O'Leary, Derek K","Piazza, John","Guillory, Emmanual","Gordon, Waverly",,,,derek oleary,
PSCI,4372,HN1,,48,,,,,,,,,,,,,,,,,"Daly, John A","O'Leary, Derek K",,,,,jad105020,john daly,
PSCI,4373,HN1,28,19,1,,,,,,,,,,,,,,,,"Mbyirukira, Shema N","Conrado, Aaron","Nugent, Mary","Warbrick, Malcolm","O'Leary, Derek K",,,shema mbyirukira,
PSCI,4396,001,4,10,4,3,,,,,,,,,,,,,,,"Boots, Denise P","Adjadeh, John-Paul E",,,,,dpb062000,denise boots,Selected Topics in Government and Politics 
PSCI,4396,002,1,4,1,,4,1,,2,,,,,,,,,,,"Litzow, Erin","Essa, Deena Z",,,,,exl240015,erin litzow,Selected Topics in Government and Politics 
PSCI,4396,004,2,7,4,10,6,2,,,,,,,,,,,,,"Elmore, Naela",,,,,,nxm153530,,Selected Topics in Government and Politics 
PSCI,4396,005,8,4,,,,,,,,,,,,,,,,,"Islam, Maria",,,,,,mxi061000,,Selected Topics in Government and Politics 
PSCI,4396,006,3,6,6,,2,,,1,,,,,,,,,,,"Gray, Thomas R",,,,,,txg171430,thomas gray,Selected Topics in Government and Politics 
PSCI,4396,007,2,3,5,2,,1,1,,,1,,,,,,,,,"Bram, Curtis","Yin, Huiyan",,,,,cxb230007,curtis bram,Selected Topics in Government and Politics 
PSCI,4V66,501,23,,,,,,,,,,,,,,,,,,"Seagroves, Tony A",,,,,,tas064000,tony seagroves,Mock Trial 
PSCI,4V67,HN1,8,8,,,,,,,,,,,,,,,,,"Joiner, Joanne",,,,,,jxj220036,joanne joiner,Moot Court 
PSCI,4V76,HN1,40,7,,1,,,,,,,,,,,,,,,"Diascro, Jennifer A","O'Leary, Derek K",,,,,,jennifer diascro,
PSCI,6302,001,,6,4,2,2,,,,,,,,,,,,1,,"Sobolev, Anton","Miller, Banks P",,,,,axs210104,anton sobolev,Conflict in Cyberspace 
PSCI,6303,001,,7,5,4,2,,,1,,,,,,,,,,,"Zhang, Pengfei","Tao, Jing",,,,,pxz220003,pengfei zhang,Cyber Security Policy 
PSCI,6311,001,,9,2,1,,1,,,,,,,1,,,,1,,"Miller, Banks P",,,,,,bxm093000,banks miller,Proseminar in Law and Courts 
PSCI,6315,001,,6,6,1,1,1,,,,,,,,,,,,,"Howe, Nathaniel M",,,,,,nxh141030,nate howe,Legal Aspects of Cyber Security and Cyber Security Ethics 
PSCI,6316,001,,5,6,,1,,,,,,,,1,,,,1,,"Peinhardt, Clint W",,,,,,cwp052000,clint peinhardt,International Organizations 
PSCI,6350,001,,3,4,,3,2,,,,,,,,,,,1,,"Brandt, Patrick T",,,,,,pxb054000,patrick brandt,Logic  Methodology  and Scope of Political Science 
PSCI,6356,501,,4,10,4,,2,,,,,,,,,,,1,,"Pinckney, Jonathan",,,,,,jxp230022,jonathan pinckney,The Rise and Fall of Democracy 
PSY,2301,001,,30,29,15,17,7,5,4,4,2,,3,9,,,,3,,"Brody, Salena M","Macphail, Donald C",,,,,smb051000,salena brody,Introduction to Psychology 
PSY,2301,002,26,25,17,12,21,7,6,9,2,3,4,2,7,,,,2,,"Ybarra, Regina K","Smith, Emily J",,,,,rky190000,regina ybarra,Introduction to Psychology 
PSY,2301,003,32,58,31,31,37,21,19,21,13,8,4,6,10,,,,3,,"Sasson, Noah J","Foster, Sarah","Peacock, Dru D",,,,njs092000,noah sasson,Introduction to Psychology 
PSY,2301,005,7,20,15,10,12,13,4,5,8,6,4,3,15,,,,1,,"Ybarra, Regina K","Calderon, Rachel M",,,,,rky190000,regina ybarra,Introduction to Psychology 
PSY,2301,0W1,,28,28,23,22,20,6,9,3,3,5,5,11,,,,8,,"Brody, Salena M","Kim, Taesun",,,,,smb051000,salena brody,Introduction to Psychology 
PSY,2301,HN1,9,8,5,4,,1,,,1,,,,,,,,,,"Devdas, Neetha R",,,,,,nrd120030,neetha devdas,Introduction to Psychology 
PSY,2301,HN2,14,9,4,,1,,,,,,,,,,,,,,"Devdas, Neetha R",,,,,,nrd120030,neetha devdas,Introduction to Psychology 
PSY,2314,001,12,19,16,11,11,6,5,6,2,4,1,,7,,1,,1,,"Atchison, Kristin J","Wong, Galston K",,,,,kja042000,kristin atchison,Lifespan Development 
PSY,2317,001,8,12,5,6,2,1,1,3,1,1,1,,4,,1,,1,,"Atchison, Kristin J","Izurieta Munoz, Haydee S",,,,,kja042000,kristin atchison,Statistics for Psychology 
PSY,2317,002,20,11,11,7,4,5,3,,,,,1,1,,,,1,,"Ruggero, Camilo J","Wang, Bangjie",,,,,cjr230000,,Statistics for Psychology 
PSY,2317,0W1,,57,6,2,2,2,,,,1,,,,,,,,,"Fearon, Danielle","Behboudi, Mohammad Hossein",,,,,dxf220005,danielle fearon,Statistics for Psychology 
PSY,3310,001,,155,2,5,18,,,4,1,2,1,,4,,,,1,,"Timmons, Lisa N","Telidevara, Amrita Kaushik","Grant, Meridith G","Holub, Shayla C",,,lnk081000,lisa timmons,Child Development 
PSY,3331,001,13,15,6,3,13,6,5,3,1,2,,2,4,,1,,3,,"Park, Bo Kyung","Soleymani, Parisa",,,,,bxp200011,bo kyung park,Social Psychology 
PSY,3331,0H1,,48,16,7,18,13,3,11,1,3,,,5,,,,2,,"Huxtable-Jester, Karen J","Sanchez, Patricia Monique",,,,,kxh014900,karen huxtable jester,Social Psychology 
PSY,3332,001,1,30,10,7,14,9,,9,,4,2,,4,,,,,,"Holub, Shayla C",,,,,,sch052000,shayla holub,Social and Personality Development 
PSY,3336,001,2,9,3,4,3,1,,1,,,,,,,,,1,,"Atchison, Kristin J","Gutierrez, Alyssa M",,,,,kja042000,kristin atchison,Infancy 
PSY,3339,0H1,,10,2,3,9,4,5,6,2,4,1,,13,,,,3,,"Huxtable-Jester, Karen J","Sanchez, Patricia Monique",,,,,kxh014900,karen huxtable jester,Educational Psychology 
PSY,3342,001,,42,,,5,,,,,,,,1,,,,,,"Timmons, Lisa N","Zhan, Nalan","Grant, Meridith G","Holub, Shayla C",,,lnk081000,lisa timmons,Exceptional Children 
PSY,3352,001,4,6,11,10,9,9,2,8,7,3,3,6,8,,,,4,,"Skinner, Margaret","Prince, Erin","Zehtabi, Zahra",,,,mxs230054,margaret skinner,Biological Psychology 
PSY,3360,001,7,29,23,14,16,7,6,8,4,1,2,,2,,,,,,"Kent, Jerillyn","Kulkarni, Maitreyee",,,,,jxk210033,jerillyn kent,History of Psychology 
PSY,3361,001,31,30,8,7,10,1,5,7,2,3,1,3,,,,,2,,"Roark, Dana A","Andreo, Micaela",,,,,danar,dana roark,Cognitive Psychology 
PSY,3361,0W1,,33,11,13,9,5,6,4,1,1,,1,1,,,,1,,"Seaman, Kendra L","Eisenberg, LuLu A",,,,,kls190004,kendra seaman,Cognitive Psychology 
PSY,3362,001,,20,,2,12,,1,6,,,1,,1,,,,,,"Mills, Candice M","Quintero-Flores, Natalie B",,,,,cxm056000,candice mills,Cognitive Development 
PSY,3380,002,,4,5,5,2,,,,,,,,1,,,,1,,"Rodrigue, Karen M","Nguyen, Linh Thi D",,,,,kmr082000,karen rodrigue,Writing in Psychology 
PSY,3392,0H1,83,11,9,5,6,1,,2,,,,,1,,,,,,"Grant, Meridith G","Rodriguez, Stephanie",,,,,mga061000,meridith grant,Research Design and Analysis 
PSY,3392,0H2,73,13,9,3,7,1,1,2,1,,,1,4,,,,1,,"Grant, Meridith G","Coats, Ummi K","Rodriguez, Stephanie",,,,mga061000,meridith grant,Research Design and Analysis 
PSY,3393,001,,10,,,8,,,1,,,1,,,,,,1,,"Pesch, Annelise","Smitherman, Israel W",,,,,dal612255,,Experimental Projects in Psychology 
PSY,3393,002,3,4,4,2,3,2,1,,,1,,,1,,,,1,,"Basak, Chandramallika","Koch, Mia N",,,,,cxb116130,chandramallika basak,Experimental Projects in Psychology 
PSY,3393,003,5,2,2,1,2,6,,2,,,1,,2,,,,,,"Nelson Taylor, Jackie A","Gholap, Neha P",,,,,jan110030,jackie nelson,Experimental Projects in Psychology 
PSY,3393,004,5,10,3,,1,,,,1,,,,,,1,,1,,"Yoon, Leehyun","Lilly, Lauren H",,,,,lxy230006,leehyun yoon,Experimental Projects in Psychology 
PSY,3393,005,,12,1,2,6,,,1,,,,,,,,,,,"Fearon, Danielle","Brown, Tracy",,,,,dxf220005,danielle fearon,Experimental Projects in Psychology 
PSY,3393,006,11,6,2,,,,,,,,1,,1,,,,1,,"Shirvani, Forouz","Irani Helabad, Alireza",,,,,fxk024000,forouz shirvani,Experimental Projects in Psychology 
PSY,3393,501,,11,,2,,1,2,,2,1,,,1,,,,,,"Tillman, Gail D",,,,,,gtillman,gail tillman,Experimental Projects in Psychology 
PSY,4320,001,8,4,3,5,4,2,,1,,,2,,2,,,,2,,"Krawczyk, Daniel C",,,,,,dck061000,daniel krawczyk,Psychology of Reasoning 
PSY,4328,001,9,5,7,7,6,2,5,7,5,3,3,2,1,,,,5,,"Kane, Heidi S","Hsieh, Uan-Luen",,,,,hsk140330,heidi kane,Health Psychology 
PSY,4343,001,11,33,15,20,22,4,3,6,3,1,3,2,4,,,,1,,"Ybarra, Regina K","Krishan, Rushale",,,,,rky190000,regina ybarra,Adult Psychopathology 
PSY,4343,0W2,,54,57,35,24,10,2,7,5,1,1,,,,,,,,"Pinkham, Amy E","Gu, Pan",,,,,aep140430,amy pinkham,Adult Psychopathology 
PSY,4344,001,,17,6,10,15,6,2,5,2,2,,,,,,,,,"Damme, Katherine S","Padilla Cardoso, Mayra A",,,,,ksd240003,,Child Psychopathology 
PSY,4348,001,2,7,9,3,2,3,,2,,,,,1,,,,,,"Skinner, Margaret",,,,,,mxs230054,margaret skinner,Sleep and Mental Health 
PSY,4359,501,,14,,,12,,,,,,,,,,,,1,,"Rypma, Bart P","Deupree, Kristen A",,,,,bpr061000,bart rypma,Cognitive Neuroscience 
PSY,4385,001,,3,,,5,,,4,,,1,,3,,,,2,,"Kennedy, Kristen M",,,,,,kmk082000,kristen kennedy,Neuropsychology 
PSY,4389,001,2,,3,2,1,1,1,1,,,1,,,,1,,2,,"Ofen, Noa",,,,,,nxo230002,noa ofen,Developmental Cognitive Neuroscience 
PSY,4394,001,,,,,,,,,,,,,,30,,1,1,,"Choate, Michael J",,,,,,mchoate,michael choate,Internship in Psychology 
PSY,4V90,001,14,6,5,3,,,,2,,,,,,,,,1,,"Grimmer, Leslie A","Pierce, Corey E",,,,,lag190011,,Special Topics in Psychology 
PSY,4V90,003,4,8,3,1,3,1,,1,1,,,,,,,,,,"Ruggero, Jennifer L",,,,,,jlr230005,jennifer ruggero,Special Topics in Psychology 
PSYC,5312,001,,2,2,3,3,,,,,,,,,,,,,,"Fearon, Danielle","Leung, Carole",,,,,dxf220005,danielle fearon,Introductory Research Methods in Behavioral and Brain Sciences - Part I 
REAL,3305,001,2,1,,1,1,,2,1,3,2,1,,2,,,,2,,"Guttery, Randall","Chandio, Abdul R",,,,,rxg112530,randall guttery,Real Estate Principles 
REAL,3305,002,2,1,1,1,4,1,1,2,,,3,1,,,,,1,,"Guttery, Randall","Chandio, Abdul R",,,,,rxg112530,randall guttery,Real Estate Principles 
REAL,3305,501,,5,2,,3,1,,1,,,,,,,,,,,"Hedgecock, Blake",,,,,,bxh132030,blake hedgecock,Real Estate Principles 
REAL,4321,501,,4,4,,2,1,,6,1,,,,,,,,,,"Hedgecock, Blake",,,,,,bxh132030,blake hedgecock,Real Estate Law and Contracts 
REAL,6321,0W1,,20,,3,2,,,,,,,,,,,,,,"Lynch, Julie","Agarwal, Om",,,,,jxl180030,julie lynch,Introduction to Real Estate 
RELS,3351,001,10,2,,,,,,,,,,1,,,,,,,"Anjum, Zafar",,,,,,zxa110730,zafar anjum,Introduction to Islamic Culture 
RHET,1301,001,,16,,,,,,,,,,,1,,,,1,,"Reed, Wayne",,,,,,dal632622,,Rhetoric I 
RHET,1301,002,,16,1,,,,,,,,,,,,,,,,"Reed, Wayne",,,,,,dal632622,,Rhetoric I 
RHET,1301,003,,7,1,6,,,1,,,,,,1,,,,1,,"Bagley, Mary Carol",,,,,,dal782521,,Rhetoric I 
RHET,1301,004,2,4,2,2,3,1,,,2,,1,,1,,,,,,"Cox, Gavin L",,,,,,glc016100,gavin cox,Rhetoric I 
RHET,1301,005,4,2,2,4,3,2,,,,,,,,,,,,,"Bagley, Mary Carol",,,,,,dal782521,,Rhetoric I 
RHET,1301,006,1,6,3,1,3,1,,1,,1,,,1,,,,,,"Cox, Gavin L",,,,,,glc016100,gavin cox,Rhetoric I 
RHET,1301,007,,12,,1,2,,,2,,,,,,,,,,,"Reed, Wayne",,,,,,dal632622,,Rhetoric I 
RHET,1301,008,,16,1,,,,,,,,1,,,,,,,,"Reed, Wayne",,,,,,dal632622,,Rhetoric I 
RHET,1301,009,2,4,2,,4,,,1,,,,,1,,2,,,,"King, Carie S",,,,,,cxl085200,carie king,Rhetoric I 
RHET,1302,001,11,4,,1,1,,,,,,,,,,,,,,"Wang, Siting",,,,,,sxw230032,,Rhetoric 
RHET,1302,002,1,2,3,1,6,2,,1,,,,,2,,,,,,"Wakkad, Ayah H",,,,,,dal725891,,Rhetoric 
RHET,1302,003,7,5,5,,,,,,,,1,,,,,,,,"Wang, Siting",,,,,,sxw230032,,Rhetoric 
RHET,1302,004,5,3,5,,2,1,1,1,,,,,,,,,,,"Murphey, Samantha",,,,,,dal113902,,Rhetoric 
RHET,1302,005,13,1,1,,,,,,,,,,,,,,2,,"Simion, Raluca N",,,,,,rns230001,raluca simion,Rhetoric 
RHET,1302,006,,5,2,2,2,1,,,,,,,1,,,,1,,"Nusrat, Masrufa A",,,,,,man220000,masrufa nusrat,Rhetoric 
RHET,1302,007,10,4,1,1,1,,,,,,,,1,,,,,,"Burghelea, Clara I",,,,,,cib220000,clara burghelea,Rhetoric 
RHET,1302,008,2,4,3,,2,2,1,,1,,,,2,,,,,,"Martinez Herrera, Lilia E",,,,,,lem230001,,Rhetoric 
RHET,1302,009,14,2,1,,,,,,,,,,,,,,,,"Simion, Raluca N",,,,,,rns230001,raluca simion,Rhetoric 
RHET,1302,010,3,4,3,1,3,3,,1,,,,,,,,,,,"Murphey, Samantha",,,,,,dal113902,,Rhetoric 
RHET,1302,011,8,2,2,2,1,,,,,,,,,,,,,,"Burghelea, Clara I",,,,,,cib220000,clara burghelea,Rhetoric 
RHET,1302,012,,4,1,,2,2,2,,,,,,2,,,,1,,"Nusrat, Masrufa A",,,,,,man220000,masrufa nusrat,Rhetoric 
RHET,1302,013,1,3,2,1,2,2,2,,,,,,3,,,,,,"Wakkad, Ayah H",,,,,,dal725891,,Rhetoric 
RHET,1302,014,10,3,2,,,,,1,,,,,1,,,,,,"Arrabai, Mustafa M",,,,,,mma200002,mustafa arrabai,Rhetoric 
RHET,1302,015,5,6,2,2,1,1,,,,,,,,,,,,,"Hwang, Kyeongmin",,,,,,kxh220004,kyeongmin hwang,Rhetoric 
RHET,1302,016,1,3,3,1,1,1,1,,,,,,,,,,1,,"Feiz, Manzar",,,,,,mxf220012,manzar feiz,Rhetoric 
RHET,1302,017,9,5,,,2,,,,,,,,1,,,,,,"Arrabai, Mustafa M",,,,,,mma200002,mustafa arrabai,Rhetoric 
RHET,1302,018,9,1,5,1,,,,,,,,,,,,,,,"Hwang, Kyeongmin",,,,,,kxh220004,kyeongmin hwang,Rhetoric 
RHET,1302,019,2,4,3,3,1,1,,,,,,,,,,,,,"Feiz, Manzar",,,,,,mxf220012,manzar feiz,Rhetoric 
RHET,1302,021,4,5,2,1,2,1,,,1,,,,,,,,,,"Gu, Jiajia",,,,,,jxg200001,,Rhetoric 
RHET,1302,023,2,11,4,1,,,,,,,,,,,,,,,"Gu, Jiajia",,,,,,jxg200001,,Rhetoric 
RHET,1302,024,5,6,4,3,,,,,,,,,,,,,,,"Drott, Caitlin",,,,,,cxd230009,caitlin drott,Rhetoric 
RHET,1302,025,1,10,1,1,,,,,1,,,,1,,,,,,"Heidari, Marjan",,,,,,mxh200009,marjan heidari,Rhetoric 
RHET,1302,026,5,7,3,1,,,1,,,,,,,,,,,,"Priyadarshi, Abhipriya K",,,,,,akp230001,abhipriya priyadarshi,Rhetoric 
RHET,1302,027,10,7,,,,,,,,,,,,,,,,,"Drott, Caitlin",,,,,,cxd230009,caitlin drott,Rhetoric 
RHET,1302,028,1,10,,2,,,2,2,,,,,,,,,,,"Heidari, Marjan",,,,,,mxh200009,marjan heidari,Rhetoric 
RHET,1302,029,1,9,3,1,,3,,,,,,,1,,,,,,"Priyadarshi, Abhipriya K",,,,,,akp230001,abhipriya priyadarshi,Rhetoric 
RHET,1302,030,4,4,1,2,2,,1,,,,,,1,,,,3,,"Martinez Herrera, Lilia E",,,,,,lem230001,,Rhetoric 
RHET,1302,031,9,3,1,,1,,,,,,,,,,,,,,"Ham, Jeeah",,,,,,jxh220004,jeeah ham,Rhetoric 
RHET,1302,032,6,6,,1,,1,,2,1,,,,1,,,,,,"Momeni, Bahar",,,,,,bxm180023,bahareh momeniabdolabadi,Rhetoric 
RHET,1302,033,1,8,,3,,1,1,,,,,,4,,,,,,"D'Monte, Nikita",,,,,,nxd162730,nikita dmonte,Rhetoric 
RHET,1302,034,11,2,3,1,,,,1,,,,,,,,,,,"Ham, Jeeah",,,,,,jxh220004,jeeah ham,Rhetoric 
RHET,1302,035,4,5,3,2,2,,1,,,,,,,,,,1,,"Momeni, Bahar",,,,,,bxm180023,bahareh momeniabdolabadi,Rhetoric 
RHET,1302,036,3,3,1,3,1,,,,,,,,1,,,,,,"McLamore, Richard V",,,,,,dal260499,,Rhetoric 
RHET,1302,037,,5,5,1,3,1,,,2,,,,2,,,,,,"Huddle, John W",,,,,,dal944798,,Rhetoric 
RHET,1302,0H1,2,1,2,2,,2,1,1,1,2,,,,,,,2,,"Yu, Katherine",,,,,,kxy210004,katherine yu,Rhetoric 
RHET,1302,0H2,2,8,1,1,2,,1,1,,,,,,,,,1,,"Sidders, Tiffany",,,,,,txs220060,tiffany sidders,Rhetoric 
RHET,1302,0H3,1,3,,2,4,1,3,,,,1,,,,,,,,"Yu, Katherine",,,,,,kxy210004,katherine yu,Rhetoric 
RHET,1302,0H4,2,5,2,4,5,,,1,,,,,,,,,,,"Sidders, Tiffany",,,,,,txs220060,tiffany sidders,Rhetoric 
RHET,1302,0H5,1,8,2,,2,3,1,1,,,,,,,,,,,"Anwesha, Swati",,,,,,sax210000,swati anwesha,Rhetoric 
RHET,1302,0H6,,1,5,2,2,,1,2,,1,,,2,,1,,,,"Anwesha, Swati",,,,,,sax210000,swati anwesha,Rhetoric 
RHET,1302,0H7,,3,1,2,3,1,2,3,1,2,,,1,,,,,,"Siddiqui, Rifat R",,,,,,rrs210003,rifat siddiqui,Rhetoric 
RHET,1302,0H8,1,4,3,4,3,1,1,,,1,1,,,,,,,,"Siddiqui, Rifat R",,,,,,rrs210003,rifat siddiqui,Rhetoric 
RHET,1302,0H9,4,12,1,,,,,,,,,,,,,,,,"D'Monte, Nikita",,,,,,nxd162730,nikita dmonte,Rhetoric 
RHET,1302,501,1,4,4,1,1,,2,1,1,,,1,2,,,,,,"George, Tamara G",,,,,,dal820570,,Rhetoric 
RHET,1302,502,7,2,2,1,2,1,,,,,,2,,,,,,,"DeVaughn, Daniel",,,,,,dal124280,,Rhetoric 
RHET,1302,503,1,4,3,3,2,3,1,,,1,,,,,,,,,"George, Tamara G",,,,,,dal820570,,Rhetoric 
RHET,1302,504,7,1,1,2,3,,,,2,,,,1,,,,,,"Horner, Kimberly D",,,,,,kdh024000,kimberly horner,Rhetoric 
RHET,1302,505,2,3,2,1,5,1,1,,1,,,,1,,,,1,,"Huddle, John W",,,,,,dal944798,,Rhetoric 
RHET,1302,HN1,12,3,3,,,,,,,,,,,,,,1,,"Montgomery, Christina F",,,,,,cxm190022,christina montgomery,Rhetoric 
RHET,2302,0H1,7,5,2,,1,,,1,1,,,,,,,,1,,"Montgomery, Christina F",,,,,,cxm190022,christina montgomery,Intermediate Composition and Rhetoric 
RHET,2302,0H2,9,4,2,1,2,,,,,,,,1,,,,,,"Montgomery, Christina F",,,,,,cxm190022,christina montgomery,Intermediate Composition and Rhetoric 
RHET,4320,001,9,,,1,,,,,,,,,,,,,,,"Kelley, Erin L",,,,,,elk031000,erin kelley,Legal Research and Writing 
RHET,4320,0W1,5,4,3,1,,,1,,1,,,,,,,,,,"Kelley, Erin L",,,,,,elk031000,erin kelley,Legal Research and Writing 
RMIS,3370,001,,3,3,1,1,,,3,,,,,,,,,,,"Vicente, Ricardo","Dudhat, Shail M",,,,,dal277736,,Principles of Risk Management and Insurance 
RMIS,4331,001,1,,1,,1,4,2,1,5,,,,2,,,,2,,"Kaplan, Larry S",,,,,,lsk140130,larry kaplan,Business Liability Risk Management and Insurance 
SE,3162,051,10,,2,,1,,,1,,,,,,,,,,,"Cole, John P",,,,,,jxc064000,john cole,Professional Responsibility in Computer Science and Software Engineering 
SE,3162,052,14,1,2,3,2,1,,1,,,1,,,,,,,,"Cole, John P",,,,,,jxc064000,john cole,Professional Responsibility in Computer Science and Software Engineering 
SE,3162,091,2,5,2,4,1,,,,,,,,,,,,,,"Cole, John P",,,,,,jxc064000,john cole,Professional Responsibility in Computer Science and Software Engineering 
SE,3162,092,2,6,4,,5,3,1,2,,,,,,,,,,,"Cole, John P",,,,,,jxc064000,john cole,Professional Responsibility in Computer Science and Software Engineering 
SE,3306,001,6,12,6,20,10,4,6,3,2,,,,2,,,,,,"Satpute, Meghana N",,,,,,mns086000,meghana satpute,Mathematical Foundations of Software Engineering 
SE,3341,002,4,1,,2,1,2,,,1,,,,1,,,,,,"Chandra, Noirrit K","Kim, Jimi",,,,,nxc220031,noirrit chandra,Probability and Statistics in Computer Science and Software Engineering 
SE,3341,004,,,1,,6,,4,2,,,,1,,,,,,,"Guo, Huizhen","Pathirana, Menu H",,,,,hxg190020,huizhen guo,Probability and Statistics in Computer Science and Software Engineering 
SE,3341,006,,2,1,1,2,1,2,1,,,,,,,,,,,"Smiley, Octavious","Jannaty, Most Salma Y",,,,,oxs230011,octavious smiley,Probability and Statistics in Computer Science and Software Engineering 
SE,3345,008,1,2,1,5,1,1,,1,,,,,,,,,,,"Lin, Beiyu",,,,,,dal207602,,Data Structures and Foundations of Algorithmic Analysis 
SE,3345,503,1,1,1,,4,,,1,2,,,,,,,,,,"Khan, Kamran Z",,,,,,kkhan,ziaullah khan,Data Structures and Foundations of Algorithmic Analysis 
SE,3354,001,,1,3,3,1,2,,,,,,,,,,,,,"Nouroz Borazjany, Mehra",,,,,,mxn143230,mehra borazjany,Software Engineering 
SE,3354,007,,1,5,1,3,,1,1,,1,,1,,,,,,,"Hossain, Soneya Binta","Rivera Sanchez, Cynthia M",,,,,dal124668,,Software Engineering 
SE,3354,008,,3,2,1,3,,1,,,,,,,,,,,,"Maweu, Barbara",,,,,,bmk101020,barbara maweu,Software Engineering 
SE,3377,0W3,,3,2,2,1,2,1,,,,,,,,,,,,"Dollinger, Scott M",,,,,,smd013000,scott dollinger,Systems Programming in UNIX and Other Environments 
SE,4347,002,,4,2,1,,1,,1,,,,,1,,,,,,"Khan, Kamran Z","Bhavsar, Maitry","Koleoso, Oyindamola",,,,kkhan,ziaullah khan,Database Systems 
SE,4347,003,,2,1,2,1,4,,1,4,,,,,,,,,,"Davis, Chris I","Saha, Ramkrishna",,,,,cid021000,chris davis,Database Systems 
SE,4347,004,1,1,1,2,,,2,1,1,,,,,,,,1,,"Omer, Jalal S","Ononto, Akib J",,,,,jso016000,jalal omer,Database Systems 
SE,4347,008,,1,3,1,3,2,,,,,,,,,,,,,"Davis, Chris I","Zhang, Baoming",,,,,cid021000,chris davis,Database Systems 
SE,4348,501,,1,,1,1,1,,,3,,,1,1,,,,1,,"Gupta, Neeraj K","Li, Congzhou","Li, Xinpeng","Yang, Yi",,,nkg140130,neeraj gupta,Operating Systems Concepts 
SE,4348,502,,7,3,2,,,,1,,,,,,,,,,,"Salazar, Elmer E","Tang, Xulong","Zhao, Yichen",,,,ees101020,elmer salazar,Operating Systems Concepts 
SE,4348,503,,,1,,4,1,1,1,1,1,,,,,,,,,"Gupta, Neeraj K","Li, Congzhou","Li, Xinpeng","Yang, Yi",,,nkg140130,neeraj gupta,Operating Systems Concepts 
SE,4348,504,,1,2,2,3,1,1,,,,,,,,,,,,"Salazar, Elmer E","Zhao, Yichen",,,,,ees101020,elmer salazar,Operating Systems Concepts 
SE,4351,001,4,11,12,10,15,10,7,2,1,,1,,,,,,,,"Chung, Lawrence","Alshomar, Ahmad",,,,,chung,lawrence chung,Requirements Engineering 
SE,4352,001,2,18,8,7,23,9,2,3,,,1,,,,,,,,"Kumar, Pushpa S","Pratap, Ashish",,,,,pkumar,pushpa kumar,Software Architecture and Design 
SE,4367,001,4,2,4,6,6,8,8,10,7,5,,3,4,,,,,,"Paulk, Mark C","Hsu, Chih-Wei",,,,,mcp130030,mark paulk,Software Testing  Verification  Validation and Quality Assurance 
SE,4367,501,,1,2,1,6,4,1,3,4,1,1,,3,,,,,,"Paulk, Mark C","Hsu, Chih-Wei",,,,,mcp130030,mark paulk,Software Testing  Verification  Validation and Quality Assurance 
SE,4376,002,,1,2,1,4,1,1,3,,,,,,,,,,,"Paulk, Mark C","Farin, Mashiat Amin","Chen, Zizhao",,,,mcp130030,mark paulk,Object-Oriented Design 
SE,4381,001,4,17,27,32,26,13,7,5,3,1,,1,2,,,,1,,"Paulk, Mark C","Alve, Shahran Rahman","Koleoso, Oyindamola",,,,mcp130030,mark paulk,Software Project Planning and Management 
SE,4485,001,,54,,,,,,,,,,,,,,,,,"Wong, Weichen E","Chen, Zizhao","Hsu, Chih-Wei",,,,wew021000,weichen wong,Software Engineering Project 
SE,6329,501,,5,1,2,,5,1,4,,,,,3,,,,,,"Zalila-Wenkstern, Rym","Rivera Sanchez, Cynthia M",,,,,rmili,rym zalila wenkstern,Object-Oriented Software Engineering 
SE,6329,M01,,6,4,,1,,,,,,,,1,,,,,,"Nguyen, Tien N",,,,,,tnn160630,tien nguyen,
SE,6361,M01,,2,3,2,3,,,,,,,,2,,,,,,"Nouroz Borazjany, Mehra",,,,,,mxn143230,mehra nouroz borazjany,
SE,6362,001,,3,4,12,1,,,,,,,,,,,,,,"Chung, Lawrence","Alshomar, Ahmad",,,,,chung,lawrence chung,Advanced Software Architecture and Design 
SE,6367,M01,,11,,,,,,,,,,,,,,,,,"Wong, Weichen E","Chen, Zizhao","Hsu, Chih-Wei",,,,wew021000,weichen wong,
SGNL,1301,001,3,7,,1,1,,,,,,,,1,,,,1,,"Haslage, Christina R","Hatfield, Charles D",,,,,cxh074100,charles hatfield,Beginning American Sign Language I 
SOC,1301,001,2,21,8,6,6,4,2,1,1,,,,2,,,,1,,"Gavigan, Brenda B","Haque, Samiul",,,,,bxg210008,brenda gambol,Introduction to Sociology 
SOC,1301,002,10,11,11,4,6,3,,,,,,,,,,,1,,"Lanham, Carol C","Haque, Samiul",,,,,ccl054000,carol lanham,Introduction to Sociology 
SOC,1301,003,1,15,7,2,7,2,2,3,2,,,,,,,,,,"Gavigan, Brenda B","Haque, Samiul",,,,,bxg210008,brenda gambol,Introduction to Sociology 
SOC,1301,0W1,45,12,4,2,3,,2,,,,,,1,,,,,,"Asfaw, Sirak",,,,,,sxa154930,,Introduction to Sociology 
SOC,1301,0W2,,44,1,,2,,,,1,,,1,13,,1,,2,,"Potter, Jessica",,,,,,dal939072,,Introduction to Sociology 
SOC,1301,0W3,,34,6,6,4,3,4,3,2,2,2,1,3,,,,3,,"Potter, Jessica",,,,,,dal939072,,Introduction to Sociology 
SOC,1301,HN1,12,12,2,,,1,,,,,,,,,,,,,"Lanham, Carol C","Haque, Samiul",,,,,ccl054000,carol lanham,Introduction to Sociology 
SOC,2300,001,,8,1,4,1,1,1,,1,,,,1,,,,,,"Smith, Erin",,,,,,erins,erin smith,Introduction to Gender Studies 
SOC,2319,0W1,10,10,2,4,3,1,,2,,4,2,1,1,,,,,,"Dentice, Dianne","Skaggs, Sheryl L","Haque, Samiul",,,,dal075537,,Race and Ethnicity 
SOC,3342,0W1,31,21,10,3,1,2,,1,,,,,1,,,,,,"Asfaw, Sirak",,,,,,sxa154930,,The Life Cycle 
SOC,3382,501,9,3,,1,,,,,,,,,,,,,,,"McCaskill, John R",,,,,,jrm094020,john mccaskill,Sustainable Communities 
SOC,3390,001,10,6,,,,,,,,,,,1,,,,,,"Rios, Jeannine","Dunks, Richard",,,,,dal690687,,Community Health 
SOC,3391,0W1,43,6,2,1,2,,,1,,,1,,2,,,,,,"Dickey, Galen L","Dunks, Richard",,,,,gld190001,galen dickey laprocido,Environmental Health 
SOC,3392,001,21,9,6,1,1,1,,,,,1,,2,,,,,,"Dickey, Galen L",,,,,,gld190001,galen dickey laprocido,Women s Health Issues 
SOC,3394,0W1,46,4,2,,2,1,,,1,,1,,2,,,,,,"Rios, Jeannine","Dunks, Richard",,,,,dal690687,,Health Policy 
SOC,4302,001,,17,,,2,,,5,,,,,3,,,,2,,"McNeely, Andrew",,,,,,acm140130,,Class  Status  and Power 
SOC,4305,001,6,6,5,1,,5,2,1,2,,,,,,,,,,"Skaggs, Sheryl L","Haque, Samiul",,,,,slskaggs,sheryl skaggs,Applied Data Analysis 
SOC,4357,001,4,6,4,7,8,7,3,2,1,,,,,,,,1,,"Lanham, Carol C","Haque, Samiul",,,,,ccl054000,carol lanham,Drugs  Alcohol and Society 
SOC,4369,001,15,9,2,,,1,,2,,,,,1,,,,,,"Dickey, Galen L","Dunks, Richard",,,,,gld190001,galen dickey laprocido,Public Health and Society 
SOC,4369,0W1,6,55,6,7,5,4,3,1,3,1,1,1,4,,,,,,"Kwon, Soyoung","Dunks, Richard",,,,,sxk240162,,Public Health and Society 
SOC,4372,001,19,10,3,2,2,,,,,,,,1,,,,1,,"Rios, Jeannine","Dunks, Richard",,,,,dal690687,,Health and Illness 
SOC,4372,0W1,82,1,3,1,1,,,,,,,,1,,,,,,"Dickey, Galen L","Dunks, Richard",,,,,gld190001,galen dickey laprocido,Health and Illness 
SOC,4372,0W2,34,19,6,2,3,1,,,,,,,,,,,,,"Kalanzi, Dorothy",,,,,,dal115445,,Health and Illness 
SOC,4384,0W1,19,35,3,4,4,,,1,,1,3,1,4,,,,,,"Rios, Jeannine","Dunks, Richard",,,,,dal690687,,Social Epidemiology 
SOC,4385,0W1,47,15,10,1,1,3,,,,,1,,,,,,,,"Kalanzi, Dorothy",,,,,,dal115445,,Global Health and Society 
SOC,4385,HN1,3,8,5,1,1,1,,,,,,,1,,,,,,"Kim, Dohyeong","Choi, Sunghye",,,,,dxk132530,dohyeong kim,Global Health and Society 
SPAN,1311,001,2,5,1,,2,1,,1,,1,,,2,,,,,,"Rosello Moreno, Jimena Aldana",,,,,,dal794432,jimena aldana rosello moreno,Beginning Spanish I 
SPAN,1311,002,5,3,2,,,1,,1,,,,,,,,,1,,"Puentes, Yunet",,,,,,yxp190010,,Beginning Spanish I 
SPAN,1312,001,,2,3,1,2,,4,,,,,,,,,,,,"Alins Breda, Diego",,,,,,dxa230040,diego breda,Beginning Spanish II 
SPAN,1312,002,4,3,2,3,,1,,,,1,,,,,,,,,"Alins Breda, Diego",,,,,,dxa230040,diego breda,Beginning Spanish II 
SPAN,2311,001,5,4,2,,1,,,,,,,,1,,,,,,"Alins Breda, Diego",,,,,,dxa230040,diego breda,Intermediate Spanish I 
SPAN,2311,002,1,2,3,,2,1,,,,,,,1,,,,1,,"Alins Breda, Diego",,,,,,dxa230040,diego breda,Intermediate Spanish I 
SPAN,2312,001,1,2,2,,3,2,,1,,,,,,,,,,,"Rosello Moreno, Jimena Aldana",,,,,,dal794432,jimena aldana rosello moreno,Intermediate Spanish II 
SPAN,2312,002,5,1,2,1,,,,,,,,,,,,,1,,"Puentes, Yunet",,,,,,yxp190010,,Intermediate Spanish II 
SPAN,3311,001,7,7,3,1,,,,,,,,,,,,,,,"Camacho Guardado, Amalia Lorena",,,,,,lxc163230,amalia lorena camacho guardardo,Advanced Spanish I 
SPAN,3316,001,11,2,1,1,1,,1,,,,,,,,,,,,"Alins Breda, Diego",,,,,,dxa230040,diego breda,Spanish Culture 
SPAN,3330,001,11,5,2,,,1,,1,,,,,,,,,,,"Camacho Guardado, Amalia Lorena",,,,,,lxc163230,amalia lorena camacho guardardo,Medical Spanish 
SPAU,3301,001,19,21,10,11,10,4,3,4,3,,,,2,,,,1,,"Walsh, Diane G","Lewicki, Jane M",,,,,dxg022000,diane walsh,Communication Disorders 
SPAU,3303,001,,42,,,6,,,,,,1,,,,,,,,"Trail, Amy M","Olvera Hernandez, Michelle",,,,,amr171330,amy trail,Language Development 
SPAU,3304,001,3,3,9,1,3,3,3,2,1,,,,2,,,,1,,"Mosley, Cornetta","Sharma, Susmi",,,,,cxm220030,cornetta mosley,Communication Sciences 
SPAU,3305,001,,13,,,3,,,4,,,1,,,,,,,,"Trail, Amy M",,,,,,amr171330,amy trail,Language and Literacy Development 
SPAU,3305,002,,19,,,4,,,1,,,,,,,,,,,"Touchstone, Emily W",,,,,,exw010200,emily touchstone,Language and Literacy Development 
SPAU,3341,0W1,,32,9,5,,,,3,1,,,,3,,,,,,"Fowler-Brookman, Stephanie L","Rahimi Ghooradel, Farshid","Cokely, Carol G",,,,slr150030,,Audiology 
SPAU,3342,001,,9,,,1,,,,,,,,,,,,,,"Timmons, Lisa N","Zhan, Nalan","Grant, Meridith G","Holub, Shayla C",,,lnk081000,lisa timmons,Exceptional Children 
SPAU,3343,001,1,13,7,5,5,2,1,3,,1,,,1,,,,1,,"Mehta, Sonya","Sun, Minsi",,,,,sxm053100,sonya mehta,Phonetics and Phonology 
SPAU,3344,001,10,24,9,6,,,,,,,,,,,,,,,"Mundayoor, Saranya A","Qi, Shuang",,,,,sam220028,,Anatomy and Physiology of Speech and Hearing 
SPAU,3388,0H1,,,,,,,,,,,,,,35,,1,,,"Neale, Hannah D","Moustafa, Rana H",,,,,hxp121030,hannah pourchot neale,Clinical Observation in Speech-Language Pathology 
SPAU,3390,001,,,,,,,,,,,,,,18,,,,,"Neale, Hannah D",,,,,,hxp121030,hannah pourchot neale,Clinical Practicum in Speech-Language Pathology 
SPAU,4308,001,4,3,1,2,2,3,,1,,,,,,,,,1,,"Su, Lei",,,,,,lxs220031,pumpki lei su,Language Disorders in Children 
SPAU,4342,001,,20,,,5,,,1,,,,,1,,,,,,"Neale, Hannah D",,,,,,hxp121030,hannah pourchot neale,Assessment Procedures in Speech-Language Pathology 
SPAU,4395,001,1,2,1,2,3,2,,1,,,,,,,,,,,"Thibodeau, Linda K",,,,,,thib,linda thibodeau,Issues in the Management of Persons who are Hard of Hearing 
STAT,1342,001,13,11,6,9,3,1,1,3,5,,2,1,3,,,,8,,"Koshevnik, Yuly","Jannaty, Most Salma Y",,,,,yxk055000,yuly koshevnik,Statistical Decision Making 
STAT,3332,001,10,17,10,11,7,8,4,2,3,1,1,,1,,,,1,,"Estacio-Hiroms, Kemelli C","Hossain, Md Farhad",,,,,kxe160930,kemelli estacio hiroms,Statistics for Life Sciences 
STAT,3332,002,8,15,12,3,5,5,4,8,5,,2,3,4,,,,4,,"Jiang, Shengjie","Akter, Rozina",,,,,sxj220069,shengjie jiang,Statistics for Life Sciences 
STAT,3332,003,16,20,15,6,6,5,3,3,2,,1,,1,,,,,,"Estacio-Hiroms, Kemelli C","Tong, Ran",,,,,kxe160930,kemelli estacio hiroms,Statistics for Life Sciences 
STAT,3332,004,8,3,2,4,5,2,,4,1,2,1,,4,,,,3,,"Jiang, Shengjie","Oluwatade, Olamide M",,,,,sxj220069,shengjie jiang,Statistics for Life Sciences 
STAT,3355,001,11,28,9,9,3,2,1,,1,1,1,,1,,,,1,,"Smiley, Octavious","Kim, Jimi",,,,,oxs230011,octavious smiley,Introduction to Data Analysis 
STAT,3355,002,17,31,10,7,4,,1,1,,1,,,3,,,,,,"Smiley, Octavious","Kim, Jimi",,,,,oxs230011,octavious smiley,Introduction to Data Analysis 
STAT,3360,001,14,11,2,4,4,1,2,2,2,,1,1,1,,,,,,"Koshevnik, Yuly","Zhou, Changkai",,,,,yxk055000,yuly koshevnik,Probability and Statistics for Management and Economics 
STAT,4351,001,11,12,7,2,4,5,4,4,2,,,,1,,,,,,"Koshevnik, Yuly","Tong, Ran",,,,,yxk055000,yuly koshevnik,Probability 
STAT,4351,501,6,11,6,13,1,7,4,6,,,,,,,,,1,,"Wu, Nan","Tong, Ran",,,,,nxw220012,nan wu,Probability 
STAT,4352,001,2,2,2,6,3,1,1,4,1,,1,5,,,,,5,,"Efromovich, Sam","Shan, Luning",,,,,sxe062000,sam efromovich,Mathematical Statistics 
STAT,4354,001,2,1,4,4,3,,,,,,,,,,,,,,"Guo, Huizhen",,,,,,hxg190020,huizhen guo,Numerical and Statistical Computing 
STAT,4355,001,7,3,4,10,1,6,6,1,,1,1,,,,1,,,,"Tang, Chuan-Fa","He, Meng",,,,,cxt190011,chuan fa tang,Applied Linear Models 
STAT,4360,001,16,3,6,4,4,5,2,2,2,,,,,,,,2,,"Wang, Jiayi","Kaluduwage, Madhavi Dilshani Anuruddhika F",,,,,jxw220029,jiayi wang,Introduction to Statistical Learning 
STAT,4382,001,8,3,2,3,3,,,,,,,,,,,,1,,"Koshevnik, Yuly","Sim, Hyeonduk",,,,,yxk055000,yuly koshevnik,Stochastic Processes 
STAT,4475,001,7,11,,1,,,,,,,,,1,,,,,,"Estacio-Hiroms, Kemelli C","Mim, Nosrat Jahan",,,,,kxe160930,kemelli estacio hiroms,Capstone Project 
STAT,5351,001,,14,2,6,7,2,2,3,,,,,3,,,,1,,"Chen, Min","Yeboah, Thomas",,,,,mxc136030,min chen,Probability and Statistics I 
STAT,6331,001,,12,2,1,,,,,,,,,,,,,,,"Efromovich, Sam","Husain, Md Maidul",,,,,sxe062000,sam efromovich,Statistical Inference I 
STAT,6337,001,,6,4,3,4,3,4,3,,,,,3,,,,,,"Biswas, Swati","Husain, Md Maidul",,,,,sxb125731,swati biswas,Advanced Statistical Methods I 
STAT,6340,001,,20,6,6,10,2,4,,,,,,,,,,,,"Choudhary, Pankaj K","Kaluduwage, Madhavi Dilshani Anuruddhika F",,,,,pkc022000,pankaj choudhary,Statistical and Machine Learning 
STAT,6341,001,,11,3,,,,,,,,,,,,,,,,"Wei, Yun",,,,,,dal398196,,Numerical Linear Algebra and Statistical Computing 
STAT,6342,001,,21,,,,,,,,,,,,,,,,,"Tang, Xiwei","Zhao, Kun",,,,,dal295425,xiwei tang,Deep Learning 
STAT,6344,001,,7,5,,2,,,,,,,,,,,,,,"Wu, Nan",,,,,,nxw220012,nan wu,Probability Theory I 
STAT,7330,001,,8,1,1,1,,,,,,,,,,,,,,"Li, Qiwei",,,,,,qxl190009,qiwei li,Bayesian Data Analysis 
SYSM,6301,001,,8,11,6,1,,,,,,,,,,,,,,"Koganti, Ramakrishna","Joshi, Bela",,,,,rxk190037,,Systems Engineering  Architecture and Design 
SYSM,6304,501,,7,5,,,,,,,,,,,,,,,,"Koganti, Ramakrishna",,,,,,rxk190037,,Risk and Decision Analysis 
SYSM,6305,S01,,6,4,,,,,,,,,,,,,,,,"Kapoor, Bhanu",,,,,,bxk101000,bhanu kapoor,
SYSM,6325,S01,,9,4,2,,,,,,,,,,,,,,,"Koganti, Ramakrishna",,,,,,rxk190037,ramakrishna koganti,
SYSM,6313,S01,,12,1,,,,,,,,,,,,,,,,"Swindling, Linda B","Hinze, Dawnielle C",,,,,dal431729,linda swindling,
SYSM,6335,S01,,8,1,,,,,,,,,,,,,,1,,"Narayan, Ravishankar L",,,,,,rln130030,ravishankar narayan,
THEA,1310,001,36,,,,,,,,,,,,1,,,,,,"Hamzeh, Fatemeh",,,,,,fxh210001,fatemeh hamzeh,Understanding Theatre 
THEA,1310,002,29,7,1,1,,1,,,,,,,,,,,,,"Hixson, Maiza",,,,,,dal853117,maiza hixson,Understanding Theatre 
THEA,1310,003,4,11,12,7,5,1,,,,,,,,,,,,,"Enyaosah, Damian P",,,,,,dpe190000,,Understanding Theatre 
THEA,1310,004,9,5,,4,2,,1,,,,,,5,,,,1,,"Curchack, Fred",,,,,,curchack,fred curchack,Understanding Theatre 
THEA,1310,HN1,6,14,,2,,,,,,,,,,,,,,,"Hixson, Maiza",,,,,,dal853117,maiza hixson,Understanding Theatre 
THEA,1351,501,3,11,,1,2,,1,1,,,,,,,,,,,"Kempson, Sibyl",,,,,,dal169673,,Acting 1 
THEA,2372,001,,6,2,,3,,,,,,,,,,,,1,,"Lingo, Kathy P",,,,,,klingo,kathy lingo,Improvisation 
THEA,3310,591,,14,,,,,,,,,,,,,,,,,"Lingo, Kathy P",,,,,,klingo,kathy lingo,Theatre Performance Ensemble 
THEA,3320,001,2,6,1,,4,,,1,,,,,1,,,,,,"Lingo, Kathy P",,,,,,klingo,kathy lingo,Readers  Theater 
UNIV,2074,001,,,,,,,,,,,,,,136,,13,,,"Beauchamp, Hillary L",,,,,,,hillary beauchamp,
UNIV,2V96,001,,,,,,,,,,,,,,15,,,,,"Jackson, D'Ric A",,,,,,dxj101120,dric jackson,Special Topics I 
UNIV,2V96,002,,,,,,,,,,,,,,15,,,,,"Young, Chadwin D",,,,,,cdy120030,chadwin young,
UNIV,3074,001,,,,,,,,,,,,,,67,,5,,,"Beauchamp, Hillary L",,,,,,,hillary beauchamp,
UNIV,3112,001,,,,,,,,,,,,,,59,,,2,,"Luong, Thuy T",,,,,,ttl140130,,Research Practicum 
UNIV,3310,001,,,,,,,,,,,,,,19,,,,,"Gossin, Pamela S",,,,,,psgossin,pamela gossin,Community-Engaged Service Learning 
UNIV,4073,001,,,,,,,,,,,,,,43,,3,,,"Beauchamp, Hillary L",,,,,,,hillary beauchamp,
UNIV,4076,001,,,,,,,,,,,,,,27,,,,,"Thomas, John D",,,,,,jdt180001,john thomas,Advanced Student Leadership 
UNIV,4076,002,,,,,,,,,,,,,,19,,,,,"Thomas, John D",,,,,,jdt180001,john thomas,Advanced Student Leadership 
UNIV,4076,003,,,,,,,,,,,,,,32,,,,,"Thomas, John D",,,,,,jdt180001,john thomas,Advanced Student Leadership 
UNIV,4076,004,,,,,,,,,,,,,,22,,,,,"Thomas, John D",,,,,,jdt180001,john thomas,Advanced Student Leadership 
VIET,2310,001,4,3,1,,,,,,,,,,,,,,2,,"Nguyen, Thu Trang",,,,,,dal107899,,Vietnamese for Heritage Speakers 
VPAS,3340,001,1,3,3,1,2,1,2,2,1,1,,,1,,,,,,"Baker, Barbara L",,,,,,blb140430,barbara baker,Writing in the Arts 
VPAS,4389,001,2,5,2,2,3,1,,,,,,,,,,,,,"Baker, Barbara L",,,,,,blb140430,barbara baker,Theory and Practice of the Visual and Performing Arts 
VPAS,6310,001,,6,2,1,,,,,,,,,,,,,1,,"McLean, Adrienne L",,,,,,amclean,adrienne mclean,Introduction to Film Studies 
VPAS,6339,501,,12,,,,,,,,,,,,,,,,,"Pomara, John J",,,,,,pomara,john pomara,Painting Digital Imaging Video 
VPAS,6343,001,,10,,,,,,,,,,,,,,,,,"Curchack, Fred",,,,,,curchack,fred curchack,Essential Plays 
VPAS,6391,001,,10,,,,,,,,,,,,,,,,,"Randall, Steven",,,,,,svr200001,steven randall,Creativity  Visual Arts Workshop 
VPAS,6393,001,,6,2,1,1,,,,,,,,,,,,,,"Kim, Laura H",,,,,,lxh210006,laura hyunjee kim,Creativity  Time-Based Arts Workshop 
