Subject,Catalog Nbr,Section,A+,A,A-,B+,B,B-,C+,C,C-,D+,D,D-,F,P,CR,NC,I,W,Instructor 1,Instructor 2,Instructor 3,Instructor 4,Instructor 5,Instructor 6,instructor_id,instructor_name_normalized,title
ACCT,2301,1,7,4,7,4,7,13,9,5,3,1,,,5,,,,,2,"Zhang, Jieying","Zhang, Yang",,,,,jxz146230,jieying zhang,Introductory Financial Accounting 
ACCT,2301,2,6,8,12,4,8,7,9,5,1,2,,,3,,,,,2,"Zhang, Jieying","Zhang, Yang",,,,,jxz146230,jieying zhang,Introductory Financial Accounting 
ACCT,2301,3,5,16,3,8,3,8,6,3,6,4,,,1,,,,,4,"Zhang, Jieying","Zhang, Yang",,,,,jxz146230,jieying zhang,Introductory Financial Accounting 
ACCT,2301,4,,14,10,16,8,4,3,2,1,1,1,,1,,,,,6,"Ozel, Naim Bugra","Gu, Dongdi",,,,,nbo150030,naim ozel,Introductory Financial Accounting 
ACCT,2301,5,2,19,11,14,6,7,,1,2,,1,1,1,,,,,2,"Ozel, Naim Bugra","Gu, Dongdi",,,,,nbo150030,naim ozel,Introductory Financial Accounting 
ACCT,2301,6,2,14,8,13,10,8,,2,2,,1,1,2,,,,,4,"Ozel, Naim Bugra","Gu, Dongdi",,,,,nbo150030,naim ozel,Introductory Financial Accounting 
ACCT,2301,501,8,5,3,6,5,8,5,7,5,,6,1,7,,,,,2,"Zhou, Yibin","Yayvak, Berk",,,,,yxz066000,yibin zhou,Introductory Financial Accounting 
ACCT,2302,6,6,11,1,3,9,4,1,9,3,3,2,1,5,,,,,2,"Dai, Zhonglan","Zhou, Junfei",,,,,zxd051000,zhonglan dai,Introductory Management Accounting 
ACCT,2302,1,5,13,10,15,7,6,4,1,5,1,,1,,,,,,0,"Pereira Pinto, Jedson","Kim, Jongha",,,,,jpp200002,jedson pinto,Introductory Management Accounting 
ACCT,2302,2,2,5,14,9,11,11,4,4,3,1,2,1,1,,,,,0,"Pereira Pinto, Jedson","Kim, Jongha",,,,,jpp200002,jedson pinto,Introductory Management Accounting 
ACCT,2302,4,4,11,14,10,6,4,8,2,3,1,1,1,1,,,,,2,"Pereira Pinto, Jedson","Kim, Jongha",,,,,jpp200002,jedson pinto,Introductory Management Accounting 
ACCT,2302,7,3,14,8,5,9,5,4,4,4,2,4,,1,,,,,5,"Zolton, Kathy","Huang, Ziqi",,,,,kxz121730,kathy zolton,Introductory Management Accounting 
ACCT,2302,501,1,2,7,3,8,8,5,12,,5,2,3,6,,,,,8,"Hes, Christopher","Huang, Ziqi",,,,,cah041000,christopher hess,Introductory Management Accounting 
ACCT,2302,8,6,2,6,6,9,1,3,3,3,,2,,6,,,,,6,"Dai, Zhonglan","Zhou, Junfei",,,,,zxd051000,zhonglan dai,Introductory Management Accounting 
ACCT,2302,3,5,8,5,6,5,5,4,10,6,5,4,1,1,,,,,1,"Sinha, Kirti","Zhang, Ye",,,,,kxs190050,kirti sinha,Introductory Management Accounting 
ACCT,2302,5,4,12,4,4,10,9,5,7,3,2,1,3,3,,,,,0,"Sinha, Kirti","Zhang, Ye",,,,,kxs190050,kirti sinha,Introductory Management Accounting 
ACCT,3101,PPA,,,,,,,,,,,,,,,69,,,0,"Bortz, Tiffany A","Sam, Brittany R",,,,,tabortz,tiffany bortz,
ACCT,3312,1,6,9,10,8,5,2,4,1,1,,1,,,,,,,2,"Johnson, Jennifer G","Fisch, Jacob D",,,,,jxj091000,jennifer johnson,Introduction to Accounting Analytics 
ACCT,3322,1,2,12,1,3,4,2,,3,1,2,,1,4,,,,,1,"Goodrich, Mary Beth W","Zhang, Ye","Quinto, Christine D",,,,goodrich,mary beth goodrich,Integrated Accounting Information Systems 
ACCT,3331,501,,4,,,10,,2,8,,,2,,3,,,,,0,"Zhang, Yuan","Parupati, Sunil K",,,,,yxz122931,yuan zhang,Intermediate Financial Accounting I 
ACCT,3331,2,,9,,,7,,,12,3,,1,,6,,,,,3,"Zhang, Yuan","Parupati, Sunil K",,,,,yxz122931,yuan zhang,Intermediate Financial Accounting I 
ACCT,3331,1,,11,,,16,,1,12,,,3,,2,,,,,1,"Zhang, Yuan","Parupati, Sunil K",,,,,yxz122931,yuan zhang,Intermediate Financial Accounting I 
ACCT,3332,501,,6,,,9,,,9,,,3,,2,,,,,1,"Karnuta, Daniel","Gonzalez, Jacob E",,,,,dxk173030,daniel karnuta,Intermediate Financial Accounting II 
ACCT,3332,1,7,9,3,4,6,1,3,10,1,3,7,2,6,,,,,3,"Bortz, Tiffany A","Estevan, Ellery B",,,,,tabortz,tiffany bortz,Intermediate Financial Accounting II 
ACCT,3341,1,13,4,6,3,5,4,6,5,1,,1,,,,,,,0,"Sadka, Gil","Holstead, Cameron",,,,,gxs143630,gil sadka,Cost Management Systems 
ACCT,3341,501,4,4,6,5,4,6,2,8,3,,2,,1,,,,,0,"Sadka, Gil","Holstead, Cameron",,,,,gxs143630,gil sadka,Cost Management Systems 
ACCT,3341,2,7,7,6,8,5,3,4,3,2,,1,,1,,,,,0,"Sadka, Gil","Holstead, Cameron",,,,,gxs143630,gil sadka,Cost Management Systems 
ACCT,3350,501,6,9,4,3,14,10,5,1,,,1,,1,,,,,1,"Solcher, Steven J","Estevan, Ellery B",,,,,sjs107020,steven solcher,Fundamentals of Taxation 
ACCT,3350,PPA,8,6,7,7,17,3,9,6,1,,1,1,,,,,,0,"Gamino, John P",,,,,,jpg140630,john gamino,
ACCT,4301,501,3,2,3,3,6,8,3,2,2,,2,,,,,,,0,"Hagen, John","Sirsat, Disha",,,,,jch013200,john hagen,Database Systems 
ACCT,4334,1,,5,,,7,,1,6,1,,,,1,,,,,0,"Linsteadt, Chris C","Gotham, Albert J",,,,,ccl019000,chris linsteadt,Auditing 
ACCT,4334,501,,5,,,11,,,7,1,,4,,,,,,,0,"Linsteadt, Chris C","Gotham, Albert J",,,,,ccl019000,chris linsteadt,Auditing 
ACCT,4337,501,1,1,2,,2,,1,2,1,3,,,2,,,,,0,"Ballew, Gregory","Gonzalez, Jacob E",,,,,geb011100,gregory ballew,Business Valuation 
ACCT,4340,1,13,11,6,1,4,1,2,,1,2,2,1,1,,,,,1,"Johnson, Jennifer G","Fisch, Jacob D",,,,,jxj091000,jennifer johnson,Survey of Accounting Software 
ACCT,4342,PP1,7,4,6,4,1,1,,1,,,,,,,,,,0,"Johnson, Jennifer G","Fisch, Jacob D",,,,,jxj091000,jennifer johnson,
ACCT,4342,PP2,10,8,9,6,2,,,,,,,,,,,,,0,"Johnson, Jennifer G","Fisch, Jacob D",,,,,jxj091000,jennifer johnson,
ACCT,4342,501,6,9,7,4,3,4,6,4,2,2,,,3,,,,,0,"Johnson, Jennifer G","Fisch, Jacob D",,,,,jxj091000,jennifer johnson,Accounting Information Systems and Financial Reporting 
ACCT,6193,SS1,,32,,,45,,,1,,,,,1,,,,,0,"Betanzos, Christina L","Solcher, Steven J",,,,,clb120030,christina betanzos,
ACCT,6202,GW1,,18,4,,2,,,,,,,,,,,,,0,"Sadka, Gil","Holstead, Cameron",,,,,gxs143630,gil sadka,
ACCT,6202,XS1,,17,4,1,1,,,,,,,,,,,,,1,"Sadka, Gil","Holstead, Cameron",,,,,gxs143630,gil sadka,
ACCT,6202,501,,13,4,9,8,1,,1,,,,,,,,,,2,"Goodrich, Mary Beth W","Quinto, Christine D",,,,,goodrich,mary beth goodrich,Accounting for Managerial Decision Making and Control 
ACCT,6202,MBC,,26,8,4,3,1,,,,,,,,,,,,0,"Goodrich, Mary Beth W","Quinto, Christine D","Zhang, Ye",,,,goodrich,mary beth goodrich,
ACCT,6291,SS1,,29,,,44,,,5,,,,,,,,,,1,"Zolton, Kathy",,,,,,kxz121730,kathy zolton,
ACCT,6292,SS1,,38,,,33,,,6,,,,,,,,,,0,"Linsteadt, Chris C",,,,,,ccl019000,chris linsteadt,
ACCT,6301,5W1,,28,11,4,4,,,,,,,,,,,,1,0,"Solcher, Steven J","Estevan, Ellery B",,,,,sjs107020,steven solcher,Financial Accounting 
ACCT,6301,CH1,,22,1,,,,,,,,,,,,,,,0,"Barden, John P",,,,,,jpb063000,john barden,
ACCT,6301,501,,17,28,12,6,2,,,,,,,,,,,,0,"Frost, Sandra M","Gonzalez, Jacob E",,,,,sms151730,sandra frost,Financial Accounting 
ACCT,6305,1,,6,5,4,21,4,,3,,,,,,,,,,0,"Loumioti, Maria","He, Jiapeng",,,,,mxl175830,maria loumioti,Accounting for Managers 
ACCT,6305,2,,10,8,12,21,1,,2,,,,,,,,,,1,"Loumioti, Maria","He, Jiapeng",,,,,mxl175830,maria loumioti,Accounting for Managers 
ACCT,6305,501,,6,10,13,23,,,1,,,,,4,,,,,0,"Loumioti, Maria","He, Jiapeng",,,,,mxl175830,maria loumioti,Accounting for Managers 
ACCT,6313,0W1,,7,1,2,1,1,1,,,,,,,,,,,0,"Cavusoglu, Huseyin","Padhiar, Meet Vinod",,,,,huseyin,huseyin cavusoglu,Cybersecurity Fundamentals 
ACCT,6320,0W1,,2,4,2,,1,1,,,,,,1,,,,,1,"Cavusoglu, Huseyin","Zhu, Yan",,,,,huseyin,huseyin cavusoglu,Database Foundations 
ACCT,6330,501,,8,,1,3,,,3,,,,,1,,,,,0,"Cready, William M","Zhou, Junfei",,,,,wmc041000,william cready,Intermediate Financial Accounting I 
ACCT,6331,501,,3,4,4,2,,,2,,,,,2,,,,,0,"Janakiraman, Surya N","Parupati, Sunil K",,,,,suryaj,surya janakiraman,Cost Accounting  Foundations and Evolutions 
ACCT,6332,501,,6,,,5,,,5,,,,,2,,,,,2,"Zolton, Kathy","Huang, Ziqi",,,,,kxz121730,kathy zolton,Intermediate Financial Accounting II 
ACCT,6333,501,,14,,,9,,,7,,,,,4,,,,,2,"Zolton, Kathy","Huang, Ziqi",,,,,kxz121730,kathy zolton,Advanced Financial Reporting 
ACCT,6334,501,,10,,,3,1,,1,,,,,,,,,,0,"Linsteadt, Chris C","Gotham, Albert J",,,,,ccl019000,chris linsteadt,Auditing 
ACCT,6335,0W1,,18,15,12,9,6,4,,,,,,1,,,,,0,"Bortz, Tiffany A","Sam, Brittany R",,,,,tabortz,tiffany bortz,Ethics for Professional Accountants 
ACCT,6335,PP1,,12,5,3,3,,,1,,,,,,,,,,0,"Bortz, Tiffany A","Sam, Brittany R",,,,,tabortz,tiffany bortz,
ACCT,6335,PP2,,13,11,5,5,,,,,,,,,,,,,0,"Bortz, Tiffany A","Sam, Brittany R",,,,,tabortz,tiffany bortz,
ACCT,6336,501,,8,8,2,5,2,,,,,,,,,,,,0,"Mauriello, Joseph A",,,,,,jam151430,joseph mauriello,Information Technology Audit and Risk Management 
ACCT,6338,0W1,,7,2,3,12,3,,3,,,,,,,,,,0,"Goodrich, Mary Beth W","Zhang, Ye","Quinto, Christine D",,,,goodrich,mary beth goodrich,Accounting Systems Integration and Configuration 
ACCT,6344,0W1,,21,25,9,7,5,1,,,,,,,,,,,1,"Gurun, Umit G","Yayvak, Berk",,,,,ugg041000,umit gurun,Financial Statement Analysis 
ACCT,6345,PP1,,7,16,10,2,,,1,,,,,,,,,,0,"Janakiraman, Surya N","Parupati, Sunil K",,,,,suryaj,surya janakiraman,
ACCT,6353,501,,9,6,2,3,2,2,3,,,,,1,,,,,0,"Gamino, John P",,,,,,jpg140630,john gamino,Fundamentals of Taxation II 
ACCT,6356,PP1,,7,4,6,5,2,,,,,,,,,,,,0,"Gamino, John P",,,,,,jpg140630,john gamino,
ACCT,6374,1,,7,21,8,1,,,,,,,,,,,,,0,"Mauriello, Joseph A","Gotham, Albert J",,,,,jam151430,joseph mauriello,Advanced Data Analytics for Accountants and Auditors 
ACCT,6377,501,,5,4,5,3,1,3,,,,,,1,,,,,0,"Ballew, Gregory",,,,,,geb011100,gregory ballew,Corporate Governance 
ACCT,6380,501,,2,1,5,1,,1,,,,,,,,,,,0,"Mauriello, Joseph A","Gotham, Albert J",,,,,jam151430,joseph mauriello,Internal Audit 
ACCT,6384,S01,,13,2,1,,2,,,,,,,,,,,,0,"Kromer, Jeffrey R",,,,,,jrk013000,jeffrey kromer,
ACCT,6384,501,,30,3,3,,1,,1,,,,,2,,,,,1,"Kromer, Jeffrey R","Gonzalez, Jacob E",,,,,jrk013000,jeffrey kromer,Analytical Reviews Using Audit Software 
ACCT,6392,501,,8,4,4,3,2,,2,,,,,,,,,,0,"Mauriello, Joseph A",,,,,,jam151430,joseph mauriello,Advanced Auditing 
ACN,6313,1,,7,4,2,1,,,,,,,,,,,,,0,"Fearon, Danielle","Behboudi, Mohammad Hossein",,,,,dxf220005,danielle fearon,Research Methods in Behavioral and Brain Sciences - Part II 
ACN,6313,501,,9,5,4,2,,2,,,,,,,,,,,2,"Abdi, Herve","Moraglia, Luke E",,,,,herve,herve abdi,Research Methods in Behavioral and Brain Sciences - Part II 
ACN,6323,1,,12,1,,1,,,,,,,,,,,,,0,"Engineer, Crystal T",,,,,,novitski,crystal engineer,Neurophysiology 
ACN,6330,1,,10,6,5,3,,1,,,,,,,,,,,0,"Seaman, Kendra L",,,,,,kls190004,kendra seaman,Cognitive Science 
ACN,6332,501,,18,3,1,2,3,1,1,,,,,1,,,,,0,"Raman, Rachna",,,,,,rxr076000,rachna raman,Perception 
ACN,6333,1,,10,6,1,2,2,,2,,,,,,,,,,2,"Basak, Chandramallika",,,,,,cxb116130,chandramallika basak,Memory 
ACN,6338,1,,4,,,6,,,1,,,,,,,,,,1,"Kennedy, Kristen M","Glotfelty, Annette R",,,,,kmk082000,kristen kennedy,Functional Neuroanatomy 
ACN,6338,2,,14,,,10,,,,,,,,,,,,,0,"Sultana, Rukhsana",,,,,,rxs170431,rukhsana sultana,Functional Neuroanatomy 
ACN,6340,1,,8,4,1,1,,1,1,,,,,1,,,,,2,"Kim, Diana P",,,,,,dpk220003,diana kim,Cellular Neuroscience 
ACN,6342,0W1,,30,2,1,,1,,,,,,,,,,,,0,"Orrick, Erika D",,,,,,edo042000,erika orrick,Applied Human-Computer Interaction 
ACN,6374,0H1,,9,1,1,1,,,,,,,,,,,,,0,"Jahangiri, Faisal R",,,,,,frj190000,faisal jahangiri,Intraoperative Neurophysiological Monitoring 
ACN,7343,1,,17,2,1,1,,,,,,,,,,,,,0,"Thompson, Lucien T",,,,,,tres,lucien thompson,Neuropharmacology 
ACTS,4301,1,7,4,3,2,,1,3,2,2,,2,1,4,,,,,0,"Makhijani, Neha","Goel, Jaidev",,,,,nxm165130,neha makhijani,Long Term Actuarial Mathematics I 
ACTS,4302,1,,2,4,3,3,2,3,2,,3,2,,3,,,,,1,"Humphreys, Natalia","Goel, Jaidev",,,,,nah103020,natalia humphreys,Investment and Financial Markets 
ACTS,4305,1,1,,4,3,1,3,1,2,2,,,1,,,,,,0,"Humphreys, Natalia","Liu, Jingzhou",,,,,nah103020,natalia humphreys,Short Term Actuarial Mathematics II 
ACTS,4310,1,4,5,2,1,,2,,,,,,,,,,,,0,"Hong, Liang",,,,,,lxh019000,liang hong,Predictive Analytics 
AHST,1303,1,17,23,20,9,8,14,5,5,4,1,3,2,1,,,,,3,"McDonald, Jacquelyn D","Jafarpour, Zahra","Song, Haoyi",,,,jmd074000,jacquelyn mcdonald,Survey of Western Art History  Ancient to Medieval 
AHST,1303,2,26,14,22,11,10,11,6,3,1,2,,2,6,,,,,1,"McDonald, Jacquelyn D","Enyaosah, Damian P","Baigmoradi, Fatemeh",,,,jmd074000,jacquelyn mcdonald,Survey of Western Art History  Ancient to Medieval 
AHST,2331,0S1,,14,5,1,,,,,,,,,,,,,,0,"Rosen, Mark S",,,,,,mxr088000,mark rosen,Understanding Art 
AHST,2331,1,25,31,29,33,21,12,6,2,7,,1,1,6,,,,,1,"Rosen, Mark S","Barnes, Claudia","Esmail, Fatima N",,,,mxr088000,mark rosen,Understanding Art 
AHST,3320,1,24,9,11,2,3,,1,,2,,,,1,,,,,0,"Alibhai, AliAsgar H","Sahin, Merve",,,,,aha180002,ali alibhai,Art in Historical Context 
AHST,4342,1,,3,5,2,5,7,3,2,,,1,,1,,,,,0,"Thomas, Michael L",,,,,,mxt190021,,Topics in Art History 
AHST,6321,1,,9,,,,1,,,,,,,,,,,,0,"Alibhai, AliAsgar H",,,,,,aha180002,ali alibhai,Topics in Global Art Histories 
AMS,2300,2,,6,13,12,11,3,2,5,1,1,,,1,,,,,0,"Pogue, Neall W",,,,,,nxp174730,neall pogue,American Popular Culture 
AMS,2300,1,,6,11,10,13,3,3,1,3,1,,1,3,,,,,1,"Pogue, Neall W",,,,,,nxp174730,neall pogue,American Popular Culture 
AMS,2341,1,,23,19,13,8,,,,,,,,7,,,,,0,"Naqvi, Syed K",,,,,,skn180000,syed naqvi,American Studies for the Twenty-First Century 
AMS,2341,HN1,,7,2,2,1,,,,,,,,1,,,,,1,"Naqvi, Syed K",,,,,,skn180000,syed naqvi,American Studies for the Twenty-First Century 
AMS,3316,0W1,12,11,3,1,1,2,,2,2,1,1,,1,,,,,2,"Winstead, Elizabeth L",,,,,,lwm061000,elizabeth winstead,Interpersonal Communication 
AMS,3350,0W1,15,7,5,1,3,1,,,,,,,1,,,,1,1,"Winstead, Elizabeth L",,,,,,lwm061000,elizabeth winstead,Crisis Communication 
AMS,4300,5H1,4,5,2,2,4,3,1,1,,,,,,,,,,0,"Ross, Alyssa N",,,,,,anr161130,alyssa ross,Oral and Written Communication for the Classroom 
AMS,4304,1,,3,4,2,4,4,1,2,,,,,2,,,,,0,"Jaramillo, Anthony","Wright, David A",,,,,axj112730,anthony jaramillo,Communication in America 
AMS,4305,5H1,,5,1,1,1,1,,,,,,,3,,,,,0,"Cotton, Scott C",,,,,,sxc024200,scott cotton,World History for Teachers 
AMS,4360,1,,3,,,2,,,1,,,,,3,,,,,1,"Wissinger, Tonja",,,,,,twissin,tonja wissinger,Gender and Alcohol in America 
AMS,4379,1,6,2,,,,,,,,,,,2,,,,,0,"Cropps, Torrie",,,,,,txc210023,,Special Topics in American Studies 
ARAB,1311,2,5,3,4,2,,2,,,,,,,2,,,,,0,"Arrabai, Mustafa M",,,,,,mma200002,mustafa arrabai,Beginning Arabic I 
ARAB,1312,1,1,5,,,2,,,1,,,,,2,,,,,0,"Anjum, Zafar",,,,,,zxa110730,zafar anjum,Beginning Arabic II 
ARHM,2343,1,1,3,5,4,4,1,1,,,,1,,1,,,,,1,"Gossin, Pamela S",,,,,,psgossin,pamela gossin,Science and the Humanities 
ARHM,6310,1,,16,4,1,1,1,,,,,,,1,,,,,0,"Hill, Kimberly D","Greer, Erin E",,,,,kdh140430,kimberly hill,Team-Taught Interdisciplinary Seminar 
ARTS,1301,0W1,94,15,10,8,4,4,2,,1,,,,1,,,,,0,"Wilder, James E","Ghahari Kermani, Arash","Payne, Nicholas A",,,,jew042000,james wilder,Exploration of the Arts 
ARTS,1316,1,5,10,1,1,1,1,,,,,,,,,,,,0,"Min, Inki A",,,,,,iam140230,inki min,Drawing Foundations 
ARTS,1316,3,,9,5,1,2,1,,,,,,,1,,,,,0,"Travis, Audrey",,,,,,axt190092,,Drawing Foundations 
ARTS,1316,501,1,16,2,,,,,,,,,,,,,,,0,"Fridge, Brian D",,,,,,bdf081000,brian fridge,Drawing Foundations 
ARTS,1316,2,15,1,2,,,,,,,,,,,,,,,0,"Miranda, Jeffrey R",,,,,,jxm069000,jeffrey miranda,Drawing Foundations 
ARTS,2315,1,,8,3,1,,,,,,,,1,,,,,,0,"Cochran, Kristen N",,,,,,knc103020,kristen cochran,Topics in Visual Art 
ARTS,2316,1,,3,7,1,,2,,,,,,,2,,,,,2,"Ligon, Peter A",,,,,,pal140130,peter ligon,Painting Foundations 
ARTS,2316,501,12,4,,,,1,,,,,,,,,,,,0,"Egan, Trey T",,,,,,tte150130,trey egan,Painting Foundations 
ARTS,2348,1,5,5,7,,1,,,,,,,,1,,,,,0,"Reyes, Marcela",,,,,,mxr116430,marcela reyes,Digital Art 
ARTS,2350,1,1,2,,3,3,1,2,,,,,,2,,,,,3,"Copeland, Colette",,,,,,cxc132230,colette copeland,Photography  Design 
ARTS,2350,2,8,,1,1,2,,,,2,,,,3,,,,,1,"Lyon, Tara L",,,,,,tll190000,,Photography  Design 
ARTS,2380,1,8,3,,1,,,,,,,,,4,,,,,0,"Egan, Trey T",,,,,,tte150130,trey egan,Visual Design Foundations 
ARTS,2380,501,,11,1,2,1,1,,,,,,,2,,,,,0,"Curry, Val",,,,,,vxc110930,val curry,Visual Design Foundations 
ARTS,2381,1,,10,5,,,,,,,,,,,,,,,0,"Cochran, Kristen N",,,,,,knc103020,kristen cochran,Introduction to Sculpture 
ARTS,3315,1,1,6,,1,2,2,,,,,,,,,,,,0,"Curry, Val",,,,,,vxc110930,val curry,The Art of Tinkering  Creating at the intersection of Art  Science and Technology 
ARTS,3340,3,4,5,,2,,,,,,,,,,,,,,1,"Randall, Steven",,,,,,svr200001,steven randall,Topics in Studio Art 
ARTS,3340,2,2,5,,,1,,2,1,2,,,,,,,,,0,"Copeland, Colette",,,,,,cxc132230,colette copeland,Topics in Studio Art 
ARTS,3341,1,,17,,,1,,,,,,,,,,,,,0,"Shi, Carle",,,,,,cxs174230,carle shi,Chinese Calligraphy 
ARTS,3363,1,3,11,3,,1,,,,,,,,,,,,1,0,"Tady, Lorraine T",,,,,,ltt042000,lorraine tady,Typography  Technology  Image 
ARTS,3364,501,5,10,,,,,,,,,,,,,,,,0,"Williams, Thomas E",,,,,,tew210002,,Silkscreen Printmaking 
ARTS,3367,2,14,2,,,,,1,2,,,,,,,,,,0,"Miranda, Jeffrey R",,,,,,jxm069000,jeffrey miranda,Figure Drawing 
ARTS,3367,1,3,13,1,,,,,,,,,,,,,,,0,"Fridge, Brian D",,,,,,bdf081000,brian fridge,Figure Drawing 
ARTS,3368,1,8,6,4,,,,,,,,,,,,,,,0,"Reyes, Marcela",,,,,,mxr116430,marcela reyes,Mixed Media 
ARTS,3369,1,1,11,,,,1,,,,,,,,,,,,0,"Tady, Lorraine T",,,,,,ltt042000,lorraine tady,Intermediate Painting 
ARTS,3371,2,2,6,2,,,1,,,,,,,,,,,,0,"Durant, Stephanie D",,,,,,ddm043000,,Photography  Black White 
ARTS,3371,1,,3,4,,3,1,,,,,,,1,,,,,1,"Miller, Cynthia M",,,,,,cmm016900,cynthia miller,Photography  Black White 
ARTS,3372,1,2,11,3,,,,,,,,,,1,,,,,2,"Loving, Emily A",,,,,,exl097120,emily loving,Photography  Color Concepts 
ARTS,3373,1,2,10,,2,,1,,,,,,,,,,,,0,"Tady, Lorraine T",,,,,,ltt042000,lorraine tady,Printmaking 
ARTS,3376,1,,6,6,2,1,,,,,,,,,,,,,0,"Kim, Laura H",,,,,,lxh210006,laura hyunjee kim,Time-Based Art 
ARTS,3377,1,,3,9,4,,,1,,,,,,1,,,,1,0,"Palmer, Marcy A",,,,,,mxp070100,marcy palmer,Photography  Altered Image 
ARTS,3379,501,1,10,,,,,,,,,,,,,,,,1,"Loving, Emily A",,,,,,exl097120,emily loving,Photography  New Media 
ARTS,3383,1,3,14,,1,,,,,,,,,,,,,,0,"Williams, Thomas E",,,,,,tew210002,,Digital Drawing 
ARTS,4310,501,4,4,2,1,1,1,,,,,,,1,,,,,0,"Avram, Danielle M",,,,,,avram,danielle avram,Studies in Contemporary Exhibitions 
ARTS,4366,1,,9,4,2,,2,,,,,,,,,,,,0,"Travis, Audrey",,,,,,axt190092,,Advanced Drawing 
ARTS,4368,1,3,14,,,,,,,,,,,,,,,,0,"Pomara, John J",,,,,,pomara,john pomara,Advanced Visual Arts 
ARTS,4372,1,1,4,2,3,1,1,,,,1,,,,,,,,1,"Waligore, Marilyn",,,,,,waligore,marilyn waligore,Advanced Photography 
ATCM,2300,1,5,22,42,37,28,25,17,13,7,4,6,2,10,,,,,9,"Cooley, Heidi R","Acton, Logan H","Winter, Sabine","Gowda, Anupama","Ayodabo, Sunday J","Rahman, Mohammad K",hxc176430,heidi cooley,Introduction to TechnoCulture 
ATCM,2301,2,10,10,5,1,,,1,1,1,,,,1,,,,,0,"Simsek, Cansu Nur",,,,,,cxs180044,,Digital Art and Design Foundations 
ATCM,2301,4,,22,,,5,,,1,,,,,,,,,,2,"Fladager, Evan J",,,,,,ejf140030,evan fladager,Digital Art and Design Foundations 
ATCM,2301,5,6,2,4,4,6,1,3,,1,,,1,1,,,,,1,"Doust-Haghighi, Elham",,,,,,exd190010,elham doust haghighi,Digital Art and Design Foundations 
ATCM,2301,7,12,8,2,,3,1,,1,,,,2,1,,,,,0,"Ferreira de Souza, Leticia",,,,,,lxf161030,leticia ferreira de souza,Digital Art and Design Foundations 
ATCM,2301,1,,1,2,1,5,1,1,6,,1,1,1,6,,,,,1,"Marder, Amanda K",,,,,,akm150430,amanda marder,Digital Art and Design Foundations 
ATCM,2301,0W1,2,3,6,4,2,2,2,,2,,,,3,,,,,1,"Trosper, Elizabeth M","Zamaniderkani, Vajihe","De Leon, Jennifer M",,,,emt130130,elizabeth trosper,Digital Art and Design Foundations 
ATCM,2301,3,22,3,,,1,,,,,,,,3,,,,,0,"Banditrat, Emily",,,,,,exb200008,,Digital Art and Design Foundations 
ATCM,2301,6,8,7,6,3,1,2,1,1,,,,,,,,,,0,"Jaeggli, Erika",,,,,,exj220008,erika jaeggli,Digital Art and Design Foundations 
ATCM,2302,1,5,8,4,3,1,1,,1,1,,,,1,,,,,0,"Minnish, Roxanne W","Clement, Shonte M",,,,,rwm061000,roxanne minnish,Design I 
ATCM,2302,2,4,13,4,1,1,1,,,,,,,,,,,,1,"Minnish, Roxanne W","Ashouri, Shaghayegh",,,,,rwm061000,roxanne minnish,Design I 
ATCM,2302,0L3,5,11,2,1,3,,,1,,,,,1,,,,,1,"Minnish, Roxanne W","Gupta, Suvash",,,,,rwm061000,roxanne minnish,Design I 
ATCM,2302,3,10,7,3,6,1,,,,2,,1,,,,,,,0,"Ashkaboosi, Maryam",,,,,,mxa190061,maryam ashkaboosi,Design I 
ATCM,2302,0L1,3,4,1,5,1,1,3,2,2,2,1,2,3,,,,,0,"Beverly, Diamond E",,,,,,deb180004,diamond beverly,Design I 
ATCM,2302,0L2,4,4,5,3,,2,2,1,3,,,2,1,,,,,1,"Jones, Jazmine Q",,,,,,jqj130030,jazmine jones,Design I 
ATCM,2302,501,5,1,4,1,5,2,2,1,2,,1,1,4,,,,,0,"Gonzalez, Isi J",,,,,,ijg190000,isi gonzalez,Design I 
ATCM,2303,1,19,27,8,1,2,2,,1,,,,,,,,,,0,"Boyd, Elizabeth S","Chaudhary, Anisha",,,,,esp041000,elizabeth boyd,Project Management for Arts  Technology  and Emerging Communication I 
ATCM,2303,501,34,18,,1,6,,,1,,,,,,,,,,0,"Stewart, Michael C","Denner, Grace A",,,,,mxs128231,michael stewart,Project Management for Arts  Technology  and Emerging Communication I 
ATCM,2303,2,32,20,4,,2,,,,,,,,,,,,,1,"Ayres, Cameron M","Piantino, Raquel C",,,,,cma092020,cameron ayres,Project Management for Arts  Technology  and Emerging Communication I 
ATCM,2310,1,68,21,28,17,8,12,5,4,7,1,3,2,22,,,,,8,"Salter, Monika M","Lewis, Timothy M","Christopher, Timothy V","Khamsehnezhad, Mozhdeh","Kusupati, Anish C","Subochev, Andrei",mxs176131,monika salter,Animation and Game Fundamentals 
ATCM,2321,2,1,9,10,4,,1,,,,1,1,,3,,,,,0,"Rashid, Mohammed Mizanur",,,,,,mxr170004,,Reading Media Critically 
ATCM,2321,1,,1,6,5,6,7,2,,1,,1,,1,,,,,2,"Imaoka, Laura B","Whitlock, Kathryn",,,,,lxi170030,laura imaoka,Reading Media Critically 
ATCM,2322,1,,5,12,7,7,4,2,3,3,1,,,2,,,,,1,"Valkanova, Dora R","Rahman, Maruf",,,,,dxv220021,,Media Histories 
ATCM,2325,1,,22,,,2,1,2,,,,,,2,,,,,0,"Nguyen, Josef D",,,,,,jdn160330,josef nguyen,Introduction to Ethnic Studies 
ATCM,2330,0W1,1,3,3,5,2,2,1,2,2,1,,1,9,,,,,0,"Nielsen, Christina R","O'Neill, Cynthia M","Martinez Ochoa, Angelica Miriam M",,,,crn022000,christina nielsen,Digital Art and Social Practice 
ATCM,2330,0W2,1,4,4,3,4,5,1,3,2,1,,,1,,,,,0,"Nielsen, Christina R","Martinez Ochoa, Angelica Miriam M","O'Neill, Cynthia M",,,,crn022000,christina nielsen,Digital Art and Social Practice 
ATCM,2340,1,,45,,,33,,,14,,,2,,3,,,,,2,"Lester, Paul M","Haws, Tyler","Trotter, Caroline G",,,,pxl152030,paul lester,Visual Communication 
ATCM,2345,1,3,7,5,1,2,8,,,,,,1,3,,,,,0,"Gupta-Fitzgerald, Harold E",,,,,,hxf170830,hal fitzgerald,Principles of Digital Audio 
ATCM,2345,2,7,6,4,2,,1,1,1,2,,,1,4,,,,,1,"Gupta-Fitzgerald, Harold E",,,,,,hxf170830,hal fitzgerald,Principles of Digital Audio 
ATCM,2345,3,7,4,7,2,2,4,2,,1,,,,,,,,,0,"Marks, David",,,,,,dem160430,david marks,Principles of Digital Audio 
ATCM,2350,2,10,4,3,7,1,2,1,,2,,,,,,,,,0,"Trosper, Elizabeth M","Nair, Vinayak",,,,,emt130130,elizabeth trosper,Time-Based Media 
ATCM,2350,3,7,21,2,,,,,,,,,,,,,,,0,"Hoggatt, Zoey X",,,,,,zch150030,zoey hoggatt,Time-Based Media 
ATCM,2350,1,4,11,5,2,5,1,,,1,,,,,,,,,0,"Jones, Jazmine Q",,,,,,jqj130030,jazmine jones,Time-Based Media 
ATCM,2360,0W1,42,4,1,1,2,1,4,2,2,,,,,,,,,1,"Cox, Norman L",,,,,,nlc200001,norm cox,Design Histories 
ATCM,2375,1,2,82,3,2,3,,,1,1,,,,5,,,,,1,"Evans, Monica J","McClanahan, Sara N","Wu, Benjamin",,,,mevans,monica evans,History of Games 
ATCM,3301,1,,2,8,4,3,,,1,,,,,1,,,,,0,"Imaoka, Laura B","Hernandez, Luke A",,,,,lxi170030,laura imaoka,Writing for ATEC 
ATCM,3301,2,1,4,6,,1,2,2,1,1,,,1,,,,,,0,"Chowdhury, Nusrat Zahan",,,,,,nxc190022,,Writing for ATEC 
ATCM,3301,3,3,7,3,1,3,1,,1,,,,,,,,,,0,"Heaslip, Audra","Cole, Abby",,,,,axh027000,audra heaslip,Writing for ATEC 
ATCM,3301,4,3,8,3,,1,,1,1,,,1,,1,,,,,0,"Heaslip, Audra","Cole, Abby",,,,,axh027000,audra heaslip,Writing for ATEC 
ATCM,3301,5,1,4,1,5,1,1,,2,,,2,1,1,,,,,0,"Lee, Yueh-Jung",,,,,,yxl190076,,Writing for ATEC 
ATCM,3301,7,6,4,3,,,1,1,,,1,,,1,,,,,2,"Heaslip, Audra","Welwood, Samantha F",,,,,axh027000,audra heaslip,Writing for ATEC 
ATCM,3301,8,4,4,5,1,,3,,,,,,,1,,,,,1,"Heaslip, Audra","Welwood, Samantha F",,,,,axh027000,audra heaslip,Writing for ATEC 
ATCM,3301,501,8,6,2,1,1,,,,,,,,1,,,,,0,"Rheams, David C",,,,,,dcr093020,david rheams,Writing for ATEC 
ATCM,3305,1,1,1,7,7,3,3,1,1,1,2,1,1,1,,,,,0,"Caldwell, Bryon A",,,,,,bac190003,bryon caldwell,Computer Animation I 
ATCM,3305,501,,2,4,2,6,5,3,,3,,,,3,,,,,1,"McComber, Sean J",,,,,,sxm129130,sean mccomber,Computer Animation I 
ATCM,3306,1,1,5,7,3,5,3,1,2,1,,,,1,,,,,1,"Boyd, Elizabeth S",,,,,,esp041000,elizabeth boyd,Modeling and Texturing I 
ATCM,3306,2,,4,1,4,5,3,4,,2,1,1,,4,,,,,1,"Johnson, Casey A",,,,,,caj150430,casey johnson,Modeling and Texturing I 
ATCM,3306,3,1,5,4,1,4,1,2,1,3,1,,,6,,,,,1,"Salter, Monika M",,,,,,mxs176131,monika salter,Modeling and Texturing I 
ATCM,3307,1,1,2,8,4,5,4,2,,,,,,2,,,,,2,"McCord, Peter A",,,,,,pam062000,peter mccord,Lighting and Composition I 
ATCM,3307,2,,4,7,9,3,3,1,,,1,,,,,,,,2,"McCord, Peter A",,,,,,pam062000,peter mccord,Lighting and Composition I 
ATCM,3308,2,,1,3,6,5,1,,,,1,1,,9,,,,1,2,"Johnson, Casey A",,,,,,caj150430,casey johnson,Rigging I 
ATCM,3308,1,,1,2,4,4,4,4,1,1,,,,5,,,,,2,"Johnson, Casey A",,,,,,caj150430,casey johnson,Rigging I 
ATCM,3309,1,3,8,6,4,1,1,1,,,,,1,2,,,,,1,"Griffin, Troy",,,,,,txg121730,troy griffin,Visual Story I 
ATCM,3310,1,4,,3,,2,2,2,2,1,,,,1,,,,,1,"Lim, Fengjie",,,,,,fxl200000,fengjie lim,Procedural Animation 
ATCM,3311,1,2,2,4,,3,6,2,5,2,2,,,2,,,,,0,"Lim, Fengjie",,,,,,fxl200000,fengjie lim,Scripting for Animation 
ATCM,3311,2,,8,6,,5,2,2,,2,2,,,1,,,,,2,"Johnson, Casey A",,,,,,caj150430,casey johnson,Scripting for Animation 
ATCM,3315,1,11,11,3,,2,1,1,,,,,,1,,,,,0,"Veras de Souza, Christine",,,,,,cxv180000,christine veras de souza,Animation Studies 
ATCM,3320,1,,3,2,9,5,1,3,1,1,1,1,,1,,,,1,1,"Valkanova, Dora R",,,,,,dxv220021,,Critical Media Theories 
ATCM,3321,1,,6,5,3,3,1,1,3,1,1,2,,2,,,,1,0,"Valkanova, Dora R",,,,,,dxv220021,,Networked Identities 
ATCM,3331,1,2,9,4,6,5,1,,,1,,,,1,,,,,0,"Andic, Atanur","Knight, Kimberly A",,,,,axa180034,,Critical Making 
ATCM,3335,1,1,1,,,1,1,1,1,,,,,2,,,,,3,"Kane, Simon A",,,,,,sak043000,simon kane,Internet Studio II 
ATCM,3336,3,2,16,9,1,,1,,,,,,,,,,,,1,"McKinney, Mark",,,,,,mxm190029,mark mckinney,Design Research Methods 
ATCM,3336,2,6,14,2,,2,,,,,,,,,,,,,0,"McKinney, Mark",,,,,,mxm190029,mark mckinney,Design Research Methods 
ATCM,3336,1,3,2,9,4,3,,,1,1,,1,,,,,,,2,"McKinney, Mark",,,,,,mxm190029,mark mckinney,Design Research Methods 
ATCM,3337,1,7,11,3,3,1,2,,1,,,,,1,,,,1,0,"Wood, Harold G",,,,,,hgw021000,harold wood,Interaction Design I 
ATCM,3337,501,4,5,2,6,2,,,,1,3,,1,2,,,,,0,"Booker, Jason",,,,,,jxb220084,,Interaction Design I 
ATCM,3337,2,2,8,4,3,4,3,,1,,,,,2,,,,,2,"Starzer, Kenneth W",,,,,,kws042000,ken starzer,Interaction Design I 
ATCM,3337,3,7,7,4,1,4,,1,1,,,,,2,,,,,2,"Wood, Harold G",,,,,,hgw021000,harold wood,Interaction Design I 
ATCM,3338,1,7,9,6,2,1,1,,,,,,,4,,,,,0,"Griffin, Troy",,,,,,txg121730,troy griffin,Motion Graphics I 
ATCM,3338,2,7,10,8,1,,,,1,,,,,2,,,,,0,"Griffin, Troy",,,,,,txg121730,troy griffin,Motion Graphics I 
ATCM,3340,1,4,1,1,,1,,2,1,,,,,,,,,,0,"Cox, Norman L",,,,,,nlc200001,norm cox,Design II 
ATCM,3340,2,9,1,2,,1,2,,,,,,,,,,,,0,"Cox, Norman L",,,,,,nlc200001,norm cox,Design II 
ATCM,3340,3,7,3,2,2,1,5,1,1,2,1,,,3,,,,,0,"Cox, Norman L",,,,,,nlc200001,norm cox,Design II 
ATCM,3346,1,,10,9,1,1,2,,1,,,,1,2,,,,1,1,"Marks, David",,,,,,dem160430,david marks,Audio Productions Lab I 
ATCM,3350,0W2,6,7,5,4,2,2,1,,,2,,1,,,,,,0,"Hewitt, Sharon A","Ikebude, Chukwuemeka",,,,,sxh090220,sharon hewitt,Digital Video Production I 
ATCM,3350,0W1,5,3,2,4,5,,1,1,,,1,,5,,,,,1,"Hewitt, Sharon A","Ikebude, Chukwuemeka",,,,,sxh090220,sharon hewitt,Digital Video Production I 
ATCM,3350,501,,17,7,1,1,,,,,1,,1,1,,,,,0,"Kondas, Kyle S",,,,,,kyle304,kyle kondas,Digital Video Production I 
ATCM,3356,1,5,2,1,4,3,,,2,,,,,,,,,,1,"Scott, Andrew F","Asgharpour, Hadi",,,,,afs140330,andrew scott,Projection Mapping Lab 
ATCM,3365,1,6,4,9,6,1,2,1,1,,,,,,,,,,0,"Christopher, Timothy V",,,,,,khimbar,timothy christopher,Game Design I 
ATCM,3365,501,,8,13,3,2,1,,,2,,,1,,,,,,0,"Herold, Tyler A",,,,,,tar140030,tyler herold,Game Design I 
ATCM,3365,2,12,5,3,4,1,1,1,,1,,,,,,,,,1,"Christopher, Timothy V",,,,,,khimbar,timothy christopher,Game Design I 
ATCM,3366,1,6,6,9,3,3,,1,,2,,,,,,,,,0,"Wu, Hong-An",,,,,,hxw173930,hong wu,Game Studies I 
ATCM,3366,2,5,10,6,4,1,2,,,,,,,1,,,,,1,"Irby, Cameron L",,,,,,cli170000,,Game Studies I 
ATCM,3367,2,18,6,2,,,,,,1,,,,2,,,,,1,"Price, Jeffrey T",,,,,,jxp220037,jeff price,Level Design I 
ATCM,3367,1,,4,8,3,5,3,1,2,,,,,3,,,,,0,"Chandler, Adam W",,,,,,awc051000,adam chandler,Level Design I 
ATCM,3368,1,1,4,4,5,2,4,2,1,1,1,,,2,,,,,3,"Lim, Fengjie",,,,,,fxl200000,fengjie lim,Scripting for Games I 
ATCM,3368,2,1,8,5,3,2,5,,,,2,,,3,,,,,1,"Chandler, Adam W",,,,,,awc051000,adam chandler,Scripting for Games I 
ATCM,3370,1,9,10,4,2,3,,,1,,,,,,,,,1,0,"Lewis, Timothy M",,,,,,tml062000,timothy lewis,Virtual Environments I 
ATCM,3372,1,,12,,2,7,,1,5,,,2,,,,,,,0,"Gupta-Fitzgerald, Harold E",,,,,,hxf170830,hal fitzgerald,Sound Design for Games 
ATCM,3388,1,7,6,,,,,,,,,,,1,,,,1,0,"Fraley, James M","Hitt, Katherine A",,,,,jmf210007,james fraley,Attitudes and Behaviors 
ATCM,3388,501,9,4,,1,,1,,1,,,,,1,,,,,0,"Fraley, James M","Del Gallo, Rinaldo",,,,,jmf210007,james fraley,Attitudes and Behaviors 
ATCM,3388,2,15,2,4,,,1,,,1,,,,2,,,,,0,"Fraley, James M","Del Gallo, Rinaldo",,,,,jmf210007,james fraley,Attitudes and Behaviors 
ATCM,3388,3,8,6,5,3,,3,,,,,,,1,,,,,0,"Fraley, James M","Hitt, Katherine A",,,,,jmf210007,james fraley,Attitudes and Behaviors 
ATCM,4305,1,,2,1,3,2,6,3,1,,,,,1,,,,,0,"Caldwell, Bryon A",,,,,,bac190003,bryon caldwell,Computer Animation II 
ATCM,4306,1,,1,4,1,3,3,,1,4,,,,2,,,,,0,"Boyd, Elizabeth S",,,,,,esp041000,elizabeth boyd,Modeling and Texturing II 
ATCM,4306,2,3,10,3,5,4,,,,,,,,,,,,,0,"Fechter, Todd A",,,,,,taf051000,todd fechter,Modeling and Texturing II 
ATCM,4307,1,,1,9,5,4,,1,,,,,,,,,,,0,"McCord, Peter A",,,,,,pam062000,peter mccord,Lighting and Composition II 
ATCM,4310,501,,7,3,7,3,5,2,2,,,,,1,,,,,0,"Buxkamper, Adam M",,,,,,amb047000,,Motion Capture Animation 
ATCM,4312,1,,3,5,,5,2,1,,,1,,,,,,,,1,"Boyd, Elizabeth S",,,,,,esp041000,elizabeth boyd,Digital Sculpting 
ATCM,4313,1,,,3,3,2,5,1,1,2,,,,2,,,,,0,"Lim, Fengjie",,,,,,fxl200000,fengjie lim,Visual Effects 
ATCM,4314,101,3,1,6,4,2,,,1,2,,,,,,,,,1,"Salter, Monika M",,,,,,mxs176131,monika salter,Character Effects 
ATCM,4315,1,,,3,2,3,4,1,,,,,,,,,,,0,"McComber, Sean J",,,,,,sxm129130,sean mccomber,Computer Animation III 
ATCM,4316,1,,19,,,,,,,,,,,,,,,,0,"Johnson, Casey A",,,,,,caj150430,casey johnson,Animation Lab I 
ATCM,4316,2,,19,,,,,,,,,,,,,,,,0,"McCord, Peter A",,,,,,pam062000,peter mccord,Animation Lab I 
ATCM,4319,1,14,6,3,,,,,1,,,,,4,,,,,2,"Fechter, Todd A",,,,,,taf051000,todd fechter,Topics in Animation 
ATCM,4319,2,,8,1,2,,1,,,2,,,,2,,,,,1,"Salter, Monika M",,,,,,mxs176131,monika salter,Topics in Animation 
ATCM,4320,501,12,9,1,1,3,2,,1,,,,,1,,,,,0,"Rheams, David C",,,,,,dcr093020,david rheams,Political Economy of Digital Media 
ATCM,4322,1,5,13,,1,,,,,,,,,,,,,,0,"Banner, Olivia P",,,,,,opb140030,olivia banner,Disability  Technology  and Media 
ATCM,4332,1,1,5,5,,,1,,,,,,,,,,,,0,"Knight, Kimberly A","Shukla, Nishanshi A",,,,,kak102020,kim knight,Critical Media Studies Lab I 
ATCM,4337,1,2,8,14,2,2,,2,,,,,,,,,,,0,"Wood, Harold G",,,,,,hgw021000,harold wood,Interaction Design II 
ATCM,4337,2,4,3,6,4,6,5,1,1,,,,,,,,,,0,"Wood, Harold G",,,,,,hgw021000,harold wood,Interaction Design II 
ATCM,4338,1,,15,5,3,4,,1,1,,,1,,,,,,,0,"Farrar, Eric T",,,,,,etf091000,eric farrar,Motion Graphics II 
ATCM,4339,1,,16,,1,1,,,,,,,,,,,,,0,"Farrar, Eric T",,,,,,etf091000,eric farrar,Motion Graphics Lab 
ATCM,4340,1,,13,12,,3,,,,,,,,1,,,,,1,"Balsamo, Anne",,,,,,axb161831,anne balsamo,Strategic Design 
ATCM,4346,1,1,5,2,,1,3,1,,1,,,,1,,,,,0,"Marks, David",,,,,,dem160430,david marks,Audio Productions Lab II 
ATCM,4350,0W1,3,3,3,2,,1,1,2,2,1,1,1,1,,,,,3,"Hewitt, Sharon A",,,,,,sxh090220,sharon hewitt,Digital Video Production II 
ATCM,4350,0W2,4,2,6,3,3,1,,1,1,,,,3,,,,,1,"Hewitt, Sharon A",,,,,,sxh090220,sharon hewitt,Digital Video Production II 
ATCM,4364,3,3,6,,,,,,4,,,,,,,,,,0,"Gupta-Fitzgerald, Harold E",,,,,,hxf170830,hal fitzgerald,Topics in Design 
ATCM,4364,2,19,3,,,,,,,,,,,,,,,,1,"Marks, David",,,,,,dem160430,david marks,Topics in Design 
ATCM,4365,501,5,5,4,1,1,1,,1,,,,,,,,,,1,"Billingslea, Steven L",,,,,,slb073000,steven billingslea,Game Design II 
ATCM,4365,1,6,5,3,1,,1,,,,,,,1,,,,,1,"Christopher, Timothy V",,,,,,khimbar,timothy christopher,Game Design II 
ATCM,4370,102,9,4,7,,2,5,1,,1,,,,,,,,,1,"Lewis, Timothy M",,,,,,tml062000,timothy lewis,Virtual Environments II 
ATCM,4370,101,13,6,3,2,1,1,1,1,,,,,,,,,1,0,"Lewis, Timothy M",,,,,,tml062000,timothy lewis,Virtual Environments II 
ATCM,4374,1,4,6,3,1,1,,,,,,,,,,,,,0,"Chandler, Adam W",,,,,,awc051000,adam chandler,Interactives Lab 
ATCM,4377,2,17,3,1,,,,,,,,,,,,,,,0,"Chandler, Adam W",,,,,,awc051000,adam chandler,Game Production Lab II 
ATCM,4377,1,16,6,,,,,,,,,,,,,,,,0,"Lewis, Timothy M",,,,,,tml062000,timothy lewis,Game Production Lab II 
ATCM,4379,1,,20,,,,,,,,,,,,,,,,0,"Evans, Monica J",,,,,,mevans,monica evans,Topics in Games 
ATCM,4379,2,7,,2,2,,,,,,,1,2,2,,,,,2,"Price, Jeffrey T","Khatri, Hamida",,,,,jxp220037,jeff price,Topics in Games 
ATCM,4384,1,1,9,,,13,,,10,,,,,5,,,,,2,"Lester, Paul M","Zamaniderkani, Vajihe",,,,,pxl152030,paul lester,Ethics in New Media  Technology  and Communication 
ATCM,4384,2,,8,,,12,,,14,,,3,,1,,,,,2,"Lester, Paul M","Zamaniderkani, Vajihe",,,,,pxl152030,paul lester,Ethics in New Media  Technology  and Communication 
ATCM,4384,3,,8,,,11,,,10,,,5,,6,,,,,0,"Lester, Paul M","Zamaniderkani, Vajihe",,,,,pxl152030,paul lester,Ethics in New Media  Technology  and Communication 
ATCM,4397,3,3,5,6,4,3,,,1,1,,,,2,,,,,0,"Boyd, Elizabeth S",,,,,,esp041000,elizabeth boyd,Senior Seminar 
ATCM,4397,6,20,2,2,,,1,,,,,,,,,,,,0,"Gupta-Fitzgerald, Harold E",,,,,,hxf170830,hal fitzgerald,Senior Seminar 
ATCM,4397,2,7,2,,1,2,,,,,,,,,,,,,0,"Minnish, Roxanne W",,,,,,rwm061000,roxanne minnish,Senior Seminar 
ATCM,4397,5,2,4,,3,5,,1,,,,,,,,,,,0,"Trosper, Elizabeth M",,,,,,emt130130,elizabeth trosper,Senior Seminar 
ATCM,4397,1,3,11,6,2,2,,,,,,,,,,,,,0,"McKinney, Mark",,,,,,mxm190029,mark mckinney,Senior Seminar 
ATCM,4397,4,3,2,5,3,1,2,4,1,,,1,,2,,,,,0,"Caldwell, Bryon A",,,,,,bac190003,bryon caldwell,Senior Seminar 
ATCM,6000,1,,,,,,,,,,,,,,17,,,,0,"Roemer, Nils H",,,,,,nhr061000,nils roemer,ATEC Colloquium 
ATCM,6001,1,,,,,,,,,,,,,,14,,,,0,"Terry, Dean D",,,,,,dxt023000,,Graduate Critique Culture 
ATCM,6301,1,,15,,,,,,,,,,,,,,,,0,"Terry, Dean D",,,,,,dxt023000,,Aesthetics of Interactive Arts 
ATCM,6310,1,,6,4,,,,,,,,,,,,,,,0,"Caldwell, Bryon A",,,,,,bac190003,bryon caldwell,Animation Studio I 
ATCM,6318,1,,6,3,3,,,,,,,,,,,,,,0,"Veras de Souza, Christine",,,,,,cxv180000,christine veras de souza,Special Topics in Animation 
ATCM,6326,1,,11,,,,,,,,,,,,,,,,0,"Terry, Dean D",,,,,,dxt023000,,Research in Sound Design 
ATCM,6330,1,,9,,,1,,,,,,,,,,,,,0,"Burrough, Xtine L","MacDonald, Dale W",,,,,cxb153930,xtine burrough,Special Topics in Interactive Media 
ATCM,6376,1,,9,1,,,,,,,,,,,,,,,0,"Wu, Hong-An",,,,,,hxw173930,hong wu,Media and Cultural Studies Methods 
AUD,6113,1,,,,,,,,,,,,,,22,,,,0,"Cokely, Carol G",,,,,,cgc016200,,Grand Rounds 
AUD,6311,1,,10,,4,,,,,,,,,,,,,,0,"Clark, Jackie L","Crow, Sarah E",,,,,jclark,jackie clark,Diagnostic Audiology 
AUD,6318,1,,2,7,5,,,,,,,,,,,,,,0,"Warner-Czyz, Andrea D",,,,,,adw052000,andrea warner czyz,Pediatric Audiology 
AUD,7220,1,,8,2,2,,,1,,,,,,,,,,,0,"Lobarinas, Edward",,,,,,exl152130,,Tinnitus 
AUD,7228,1,,15,5,2,,,,,,,,,,,,,,0,"LePrell, Colleen G",,,,,,cgl150030,,Hearing Loss Prevention 
AUD,7321,1,,9,5,,,,,,,,,,,,,,,0,"Lobarinas, Edward",,,,,,exl152130,,Theories of Amplification 
AUD,7326,501,,13,,,,,,,,,,,,,,,,0,"Mueller, Amanda B",,,,,,aba016000,amanda mueller,Aural Habilitation of Children with Hearing Impairments 
AUD,7351,1,,7,4,2,,,,,,,,,,,,,,0,"Griffiths, Scott K",,,,,,skg180000,,Physiologic Assessment of Vestibular System 
AUD,7V82,1,,,,,,,,,,,,,,14,,,,0,"Mosley, Cornetta",,,,,,cxm220030,cornetta mosley,
BA,1310,3,4,1,9,2,4,5,5,11,2,,1,,,,,,,2,"Hyndman, Kyle B","Kohli, Raghav",,,,,tdp062000,kyle hyndman,Making Choices in Free Market Systems 
BA,1310,1,,8,3,2,10,3,3,7,2,,4,1,4,,,,,0,"Zhao, Xiaodan",,,,,,xxz210018,xiaodan zhao,Making Choices in Free Market Systems 
BA,1310,2,2,3,5,3,8,4,5,3,9,,1,,3,,,,,1,"Hyndman, Kyle B","Kohli, Raghav",,,,,tdp062000,kyle hyndman,Making Choices in Free Market Systems 
BA,1320,1,4,4,3,12,4,11,5,2,5,,,,4,,,,,3,"Blueshtein, Moran","Oyima-Antseleve, Ndackyssa","Aggarwal, Ashwaryah",,,,mxb135230,moran blueshtein,Business in a Global World 
BA,1320,2,6,3,7,6,13,6,12,4,,,,,,,,,,0,"Lewin, Peter","Hu, Jiawei",,,,,plewin,peter lewin,Business in a Global World 
BA,1320,501,1,7,12,6,10,7,7,6,,,,,,,,,,1,"Lewin, Peter","Hu, Jiawei",,,,,plewin,peter lewin,Business in a Global World 
BA,3300,1,,13,5,6,8,6,2,2,,,3,,3,,,,,2,"Liebowitz, Stanley J",,,,,,liebowit,stan liebowitz,Advanced Topics in Capitalism  Ideas and Challenges That Shape Our World 
BCOM,1300,1,1,2,4,2,5,6,,1,1,,,1,4,,,,,0,"Cooper, Austin",,,,,,acc150730,austin cooper,Introduction to Professionalism and Communication in Business 
BCOM,1300,2,,4,4,3,3,4,1,3,2,,,,5,,,,,0,"Cooper, Austin",,,,,,acc150730,austin cooper,Introduction to Professionalism and Communication in Business 
BCOM,3300,3,1,18,15,2,1,,,,1,,,1,1,,,,,0,"Jacobson Jordan, Tatia",,,,,,txj210006,tatia jordan,Professionalism and Communication in Business 
BCOM,3300,7,,,9,7,9,8,4,1,1,,,,1,,,,,0,"Watson, John M","Zhang, Jielin",,,,,jmw077000,john watson,Professionalism and Communication in Business 
BCOM,3300,8,,1,6,5,12,4,2,3,3,,,,4,,,,,0,"Watson, John M","Zhang, Jielin",,,,,jmw077000,john watson,Professionalism and Communication in Business 
BCOM,3300,9,,1,7,6,4,5,4,5,2,,,1,3,,,,,2,"Herman, Emily L",,,,,,exh220006,emily herman,Professionalism and Communication in Business 
BCOM,3300,502,,,,,1,2,1,4,,,1,1,9,,,,,0,"Steadham, Kyle S",,,,,,kss012400,kyle steadham,Professionalism and Communication in Business 
BCOM,3300,12,,,9,8,1,2,1,,1,,1,,1,,,,,2,"Godbey, William",,,,,,wrg032000,william godbey,Professionalism and Communication in Business 
BCOM,3300,501,3,3,7,6,2,1,1,2,3,,,,3,,,,,0,"Horner, Kimberly D",,,,,,kdh024000,kimberly horner,Professionalism and Communication in Business 
BCOM,3300,2,1,10,7,6,2,4,1,2,,1,,,2,,1,,,0,"Ali, Shazia",,,,,,shazia,ali shazia,Professionalism and Communication in Business 
BCOM,3300,1,,1,1,5,13,6,4,2,1,2,1,,2,,,,,0,"Watson, John M","Zhang, Jielin",,,,,jmw077000,john watson,Professionalism and Communication in Business 
BCOM,3300,6,,1,2,8,9,10,3,3,,,,,2,,,,,0,"Watson, John M","Zhang, Jielin",,,,,jmw077000,john watson,Professionalism and Communication in Business 
BCOM,3300,4,,2,6,6,3,7,1,3,2,1,,1,5,,,,,2,"Postolos, Christine A",,,,,,cxp220036,christine postolos,Professionalism and Communication in Business 
BCOM,3300,5,1,2,8,8,7,6,1,,1,1,,1,3,,,,,0,"de los Santos, Veronica A",,,,,,vxd171930,veronica de los santos,Professionalism and Communication in Business 
BCOM,3300,10,1,5,,5,6,5,3,7,4,,,,3,,,,,0,"Herman, Emily L",,,,,,exh220006,emily herman,Professionalism and Communication in Business 
BCOM,4300,1,1,4,8,2,8,6,2,2,4,,1,1,1,,,,,0,"McCrady, Victoria D","Aare, Sai Pranay Reddy",,,,,vdm130030,victoria mccrady,Managing Communications in Business 
BCOM,4300,2,3,6,6,4,8,2,4,2,3,1,,,,,,,,1,"McCrady, Victoria D","Aare, Sai Pranay Reddy",,,,,vdm130030,victoria mccrady,Managing Communications in Business 
BCOM,4300,8,,2,5,6,5,11,2,5,1,2,,,,,,,,1,"Fry, Jennifer L",,,,,,jlf130030,jennifer fry,Managing Communications in Business 
BCOM,4300,10,2,5,3,9,8,10,1,,1,,,,,,,,,1,"Blockley, Caylin",,,,,,cxb190014,caylin blockley,Managing Communications in Business 
BCOM,4300,13,,1,5,12,7,6,2,3,1,,1,,1,,,,,1,"Siddiqui, Farah",,,,,,fxs121830,farah siddiqui,Managing Communications in Business 
BCOM,4300,14,,2,1,1,17,1,2,12,2,,2,,,,,,,0,"Hornsby, Melanie",,,,,,mlh054000,melanie hornsby,Managing Communications in Business 
BCOM,4300,15,,4,4,4,2,11,7,4,2,,1,1,,,,,,0,"Stewart, Julie M","Agnihotri, Ajinkya A",,,,,jxs210043,julie stewart,Managing Communications in Business 
BCOM,4300,17,,3,5,7,10,5,3,3,2,1,,,,,,,,1,"Siddiqui, Farah",,,,,,fxs121830,farah siddiqui,Managing Communications in Business 
BCOM,4300,18,,2,2,1,18,5,,6,,,4,,2,,,,,0,"Hornsby, Melanie",,,,,,mlh054000,melanie hornsby,Managing Communications in Business 
BCOM,4300,3,,4,6,2,5,11,3,3,6,,1,,2,,,,,2,"Stewart, Julie M","Agnihotri, Ajinkya A",,,,,jxs210043,julie stewart,Managing Communications in Business 
BCOM,4300,4,,3,9,7,7,9,1,2,4,,,,1,,,,,2,"Stewart, Julie M","Agnihotri, Ajinkya A",,,,,jxs210043,julie stewart,Managing Communications in Business 
BCOM,4300,5,1,6,8,7,7,9,2,1,3,,,,1,,,,,0,"McCrady, Victoria D","Aare, Sai Pranay Reddy",,,,,vdm130030,victoria mccrady,Managing Communications in Business 
BCOM,4300,6,,2,9,4,4,12,5,3,1,,,,,,,,,5,"Harrison, Megan",,,,,,mkh160330,megan harrison,Managing Communications in Business 
BCOM,4300,7,,2,4,2,6,10,8,6,5,1,,1,,,,,,0,"Fry, Jennifer L",,,,,,jlf130030,jennifer fry,Managing Communications in Business 
BCOM,4300,9,1,4,7,4,7,12,5,3,,1,,,,,,,,1,"Blockley, Caylin",,,,,,cxb190014,caylin blockley,Managing Communications in Business 
BCOM,4300,11,,2,4,2,5,15,9,2,5,,1,,,,,,,0,"Harrison, Megan",,,,,,mkh160330,megan harrison,Managing Communications in Business 
BCOM,4300,16,6,3,1,5,8,11,6,4,,,,,1,,,,,0,"McCrady, Victoria D","Aare, Sai Pranay Reddy",,,,,vdm130030,victoria mccrady,Managing Communications in Business 
BCOM,4300,19,12,6,8,7,3,5,1,1,,,,1,,,,,1,0,"Loyless, Lauren",,,,,,lxl190018,lauren loyless,Managing Communications in Business 
BCOM,4300,HON,2,8,6,3,1,2,1,,,,,,,,,,,0,"Moore, Sarah E",,,,,,sem054000,sarah moore,
BCOM,4300,504,,,,,1,2,5,3,3,6,2,1,2,,,,,1,"Prudhomme-Coleman, Michelle",,,,,,mxp190035,michelle prudhomme coleman,Managing Communications in Business 
BCOM,4300,HO2,6,8,7,2,4,1,,,,,,,,,,,,0,"Moore, Sarah E",,,,,,sem054000,sarah moore,
BCOM,4300,503,,,,,2,3,4,11,7,4,,1,3,,,,,1,"Prudhomme-Coleman, Michelle",,,,,,mxp190035,michelle prudhomme coleman,Managing Communications in Business 
BCOM,4300,502,,1,2,4,2,5,7,2,5,5,2,,3,,,,,0,"Cox, Chauncey",,,,,,cxc200028,chauncey cox,Managing Communications in Business 
BCOM,4300,20,,,1,3,2,13,4,3,8,1,1,1,,,,,,1,"Stewart, Julie M","Agnihotri, Ajinkya A",,,,,jxs210043,julie stewart,Managing Communications in Business 
BCOM,4300,12,,1,5,1,7,9,3,3,4,,2,1,1,,,,,2,"Stewart, Julie M","Agnihotri, Ajinkya A",,,,,jxs210043,julie stewart,Managing Communications in Business 
BCOM,4300,501,,,4,9,5,7,2,3,6,2,,,1,,,,,0,"Alvarez, Manolo",,,,,,mxa134530,manolo alvarez,Managing Communications in Business 
BCOM,4300,21,1,4,3,6,9,6,6,4,2,1,1,,,,,,,0,"Moore, Sarah E",,,,,,sem054000,sarah moore,Managing Communications in Business 
BIOL,1318,1,,7,,,8,,,8,,,3,,3,,,,,0,"Maitra, Meenakshi",,,,,,mxm172731,meenakshi maitra,Human Genetics 
BIOL,2111,4,3,3,1,2,,2,4,1,,1,,,1,,,,,1,"Srikanth, Uma",,,,,,ukrish,uma srikanth,Introduction to Modern Biology Workshop I 
BIOL,2111,2,,2,,1,,,2,1,1,1,,,1,,,,1,0,"Srikanth, Uma",,,,,,ukrish,uma srikanth,Introduction to Modern Biology Workshop I 
BIOL,2111,5,2,,2,1,3,1,,,,1,,,,,,,,0,"Srikanth, Uma",,,,,,ukrish,uma srikanth,Introduction to Modern Biology Workshop I 
BIOL,2111,8,2,3,,1,1,1,,1,,2,,,1,,,,1,0,"Srikanth, Uma",,,,,,ukrish,uma srikanth,Introduction to Modern Biology Workshop I 
BIOL,2111,1,3,2,1,2,1,2,,1,2,1,1,1,,,,,,0,"Srikanth, Uma",,,,,,ukrish,uma srikanth,Introduction to Modern Biology Workshop I 
BIOL,2111,7,3,3,1,2,,,2,1,1,,3,,,,,,,1,"Srikanth, Uma",,,,,,ukrish,uma srikanth,Introduction to Modern Biology Workshop I 
BIOL,2111,9,2,1,2,,1,3,3,2,2,,1,,,,,,,0,"Srikanth, Uma",,,,,,ukrish,uma srikanth,Introduction to Modern Biology Workshop I 
BIOL,2112,1,8,4,6,6,,2,,,2,,,1,,,,,,1,"Wilson, Michelle M","Xia, Jing",,,,,mxw084000,michelle wilson,Introduction to Modern Biology Workshop II 
BIOL,2112,2,5,2,5,3,5,3,1,,1,,,1,1,,,,,3,"Wilson, Michelle M","Xia, Jing",,,,,mxw084000,michelle wilson,Introduction to Modern Biology Workshop II 
BIOL,2112,3,10,6,5,2,1,1,1,,1,,,,,,,,,3,"Wilson, Michelle M","Christensen, Priya M",,,,,mxw084000,michelle wilson,Introduction to Modern Biology Workshop II 
BIOL,2112,6,14,5,4,2,1,3,,,,,,1,,,,,,0,"Wilson, Michelle M","Xia, Jing",,,,,mxw084000,michelle wilson,Introduction to Modern Biology Workshop II 
BIOL,2112,7,11,7,4,1,1,1,1,1,1,1,,,1,,,,,0,"Wilson, Michelle M","Chase, Rebecca L",,,,,mxw084000,michelle wilson,Introduction to Modern Biology Workshop II 
BIOL,2112,9,9,5,7,3,,2,2,1,,,,,,,,,1,0,"Wilson, Michelle M","Christensen, Priya M",,,,,mxw084000,michelle wilson,Introduction to Modern Biology Workshop II 
BIOL,2112,10,4,3,6,5,3,5,,2,,,,2,,,,,,0,"Padmanabhan, Ramesh","Parupalli, Preethi",,,,,rxp104120,ramesh padmanabhan,Introduction to Modern Biology Workshop II 
BIOL,2112,12,8,3,8,2,2,5,,,1,,,,,,,,,1,"Padmanabhan, Ramesh","Evers, Anna N",,,,,rxp104120,ramesh padmanabhan,Introduction to Modern Biology Workshop II 
BIOL,2112,11,3,5,4,4,1,2,2,4,2,,1,,3,,,,,1,"Padmanabhan, Ramesh","Alemi, Parinazsadat",,,,,rxp104120,ramesh padmanabhan,Introduction to Modern Biology Workshop II 
BIOL,2112,14,9,7,7,2,1,,,1,1,1,,,2,,,,,1,"Padmanabhan, Ramesh","Parupalli, Preethi",,,,,rxp104120,ramesh padmanabhan,Introduction to Modern Biology Workshop II 
BIOL,2112,8,7,8,6,3,2,4,2,,2,,,,,,,,,0,"Wilson, Michelle M","Elhawary, Ezzeldin N",,,,,mxw084000,michelle wilson,Introduction to Modern Biology Workshop II 
BIOL,2112,5,10,7,4,3,2,1,1,1,3,1,,,,,,,,2,"Wilson, Michelle M","Elhawary, Ezzeldin N",,,,,mxw084000,michelle wilson,Introduction to Modern Biology Workshop II 
BIOL,2112,16,4,2,7,2,5,6,1,,1,,,,,,,,,1,"Padmanabhan, Ramesh","Thomas, Nathaniel",,,,,rxp104120,ramesh padmanabhan,Introduction to Modern Biology Workshop II 
BIOL,2112,13,4,5,5,3,2,2,2,2,2,1,1,,1,,,,,1,"Padmanabhan, Ramesh","Thomas, Nathaniel",,,,,rxp104120,ramesh padmanabhan,Introduction to Modern Biology Workshop II 
BIOL,2112,15,5,3,4,3,4,3,1,,2,,1,1,3,,,,,1,"Padmanabhan, Ramesh","Evers, Anna N",,,,,rxp104120,ramesh padmanabhan,Introduction to Modern Biology Workshop II 
BIOL,2112,17,4,3,5,4,1,4,1,,4,1,,1,3,,,,,0,"Padmanabhan, Ramesh","Alemi, Parinazsadat",,,,,rxp104120,ramesh padmanabhan,Introduction to Modern Biology Workshop II 
BIOL,2112,4,7,6,9,3,1,2,2,2,,,1,1,,,,,,1,"Wilson, Michelle M","Chase, Rebecca L",,,,,mxw084000,michelle wilson,Introduction to Modern Biology Workshop II 
BIOL,2281,301,2,11,2,4,2,1,,,1,,,,,,,,,0,"Pickett, Elizabeth A","Mittal, Shubham",,,,,eaw016100,elizabeth pickett,Introductory Biology Laboratory 
BIOL,2281,302,5,6,3,4,2,,1,2,,,,,,,,,,0,"Lin, Wen J","Tien, Hsin-Jung",,,,,wenju,wen ju lin,Introductory Biology Laboratory 
BIOL,2281,303,5,10,2,2,2,1,,,,,1,,,,,,,0,"Pickett, Elizabeth A","Arugonda, Ravali",,,,,eaw016100,elizabeth pickett,Introductory Biology Laboratory 
BIOL,2281,304,4,8,3,2,1,2,1,,,1,,,,,,,,1,"Lin, Wen J","Tien, Hsin-Jung",,,,,wenju,wen ju lin,Introductory Biology Laboratory 
BIOL,2281,306,3,5,3,2,4,2,2,1,1,,,,,,,,,0,"Pickett, Elizabeth A","Liu, Junyu",,,,,eaw016100,elizabeth pickett,Introductory Biology Laboratory 
BIOL,2281,309,5,9,5,2,1,1,,,,,,,,,,,,0,"Mehta, Iti","Basu, Ujjaini","Lin, Wen J",,,,ixm121430,iti mehta,Introductory Biology Laboratory 
BIOL,2281,311,,5,5,3,3,3,,2,1,,1,,,,,,,0,"Lin, Wen J","Mittal, Shubham","Miller, Edmund A",,,,wenju,wen ju lin,Introductory Biology Laboratory 
BIOL,2281,312,4,9,6,2,,1,,,,,,,1,,,,,0,"Pickett, Elizabeth A","Easterwood, Shayne",,,,,eaw016100,elizabeth pickett,Introductory Biology Laboratory 
BIOL,2281,314,6,4,2,6,3,1,,1,,,,,,,,,,0,"Lin, Wen J","Miller, Edmund A",,,,,wenju,wen ju lin,Introductory Biology Laboratory 
BIOL,2281,315,6,7,1,3,1,2,2,,1,,,,,,,,,0,"Mehta, Iti","Do, Hung P","Pickett, Elizabeth A",,,,ixm121430,iti mehta,Introductory Biology Laboratory 
BIOL,2281,316,2,3,6,2,4,3,1,1,,,,,,,,,,1,"Pickett, Elizabeth A","Arugonda, Ravali",,,,,eaw016100,elizabeth pickett,Introductory Biology Laboratory 
BIOL,2281,317,4,5,2,,3,3,1,,1,,,1,1,,,,,2,"Lin, Wen J","Dao, Alex",,,,,wenju,wen ju lin,Introductory Biology Laboratory 
BIOL,2281,319,2,7,2,6,1,4,1,,,,,,,,,,,0,"Pickett, Elizabeth A","Easterwood, Shayne",,,,,eaw016100,elizabeth pickett,Introductory Biology Laboratory 
BIOL,2281,307,2,6,4,4,4,1,,,1,,,,,,,,,0,"Mehta, Iti","Basu, Ujjaini","Lin, Wen J",,,,ixm121430,iti mehta,Introductory Biology Laboratory 
BIOL,2281,308,5,8,5,2,,,1,,1,,,,,,,,,0,"Huang, Yi","Miller, Edmund A",,,,,yxh220019,yi huang,Introductory Biology Laboratory 
BIOL,2281,313,5,9,2,2,1,1,,2,,,,,,,,,,0,"Mehta, Iti","Do, Hung P","Pickett, Elizabeth A",,,,ixm121430,iti mehta,Introductory Biology Laboratory 
BIOL,2281,318,1,6,4,4,1,,2,4,,,,,,,,,,0,"Lin, Wen J","Liu, Junyu",,,,,wenju,wen ju lin,Introductory Biology Laboratory 
BIOL,2311,1,19,16,7,11,8,10,12,8,6,6,5,1,3,,,,2,2,"Srikanth, Uma","Kwende, Sharon A","Maiti, Dibyo","Murali, Maithri",,,ukrish,uma srikanth,Introduction to Modern Biology I 
BIOL,2312,3,18,5,4,2,1,4,1,3,1,,1,1,1,,,,,3,"Wilson, Michelle M",,,,,,mxw084000,michelle wilson,Introduction to Modern Biology II 
BIOL,2312,1,63,45,46,24,12,15,9,2,9,2,,3,1,,,,1,7,"Wilson, Michelle M","Christensen, Priya M","Chase, Rebecca L","Elhawary, Ezzeldin N","Xia, Jing",,mxw084000,michelle wilson,Introduction to Modern Biology II 
BIOL,2312,2,41,31,46,25,19,27,7,9,13,3,3,4,12,,,,,6,"Padmanabhan, Ramesh","Wilson, Michelle M","Parupalli, Preethi","Thomas, Nathaniel","Alemi, Parinazsadat","Evers, Anna N",rxp104120,ramesh padmanabhan,Introduction to Modern Biology II 
BIOL,3101,2,,,,2,1,1,2,2,2,,,,,,,,,1,"De Jong, Jeff L",,,,,,dejong,jeff dejong,Classical and Molecular Genetics Workshop 
BIOL,3101,8,2,,2,2,2,,1,1,1,,,,,,,,,1,"De Jong, Jeff L","Afolami, Olufemi Ifeoluwa",,,,,dejong,jeff dejong,Classical and Molecular Genetics Workshop 
BIOL,3101,9,2,1,1,1,,1,,2,2,1,1,,,,,,,1,"De Jong, Jeff L",,,,,,dejong,jeff dejong,Classical and Molecular Genetics Workshop 
BIOL,3101,5,,4,1,2,3,2,2,,2,,1,,,,,,,1,"De Jong, Jeff L","Ali, Md Yousuf",,,,,dejong,jeff dejong,Classical and Molecular Genetics Workshop 
BIOL,3101,6,2,4,2,3,3,3,3,3,2,2,,,1,,,,,1,"De Jong, Jeff L","Afolami, Olufemi Ifeoluwa",,,,,dejong,jeff dejong,Classical and Molecular Genetics Workshop 
BIOL,3101,1,1,1,4,10,5,5,2,2,1,,,,,,,,,0,"De Jong, Jeff L",,,,,,dejong,jeff dejong,Classical and Molecular Genetics Workshop 
BIOL,3101,3,5,5,4,6,5,1,5,1,1,,1,,,,,,,0,"De Jong, Jeff L",,,,,,dejong,jeff dejong,Classical and Molecular Genetics Workshop 
BIOL,3102,2,8,9,2,3,,2,,2,1,2,2,2,,,,,,2,"Joshi, Purna A","Srikanth, Uma",,,,,pxj210010,purna joshi,Eukaryotic Molecular and Cell Biology Workshop 
BIOL,3102,4,11,7,4,2,1,2,1,1,,1,2,3,,,,,,0,"Joshi, Purna A","Srikanth, Uma",,,,,pxj210010,purna joshi,Eukaryotic Molecular and Cell Biology Workshop 
BIOL,3102,1,7,3,3,1,,,1,,,,1,,,,,,,0,"Srikanth, Uma","Joshi, Purna A",,,,,ukrish,uma srikanth,Eukaryotic Molecular and Cell Biology Workshop 
BIOL,3102,3,12,3,4,3,2,2,,2,1,,2,1,,,,,,0,"Srikanth, Uma","Joshi, Purna A",,,,,ukrish,uma srikanth,Eukaryotic Molecular and Cell Biology Workshop 
BIOL,3102,5,7,6,5,2,1,2,3,1,,1,2,2,,,,,,0,"Joshi, Purna A","Srikanth, Uma",,,,,pxj210010,purna joshi,Eukaryotic Molecular and Cell Biology Workshop 
BIOL,3102,6,8,5,3,2,1,2,2,3,3,3,1,1,,,,,,0,"Srikanth, Uma","Joshi, Purna A",,,,,ukrish,uma srikanth,Eukaryotic Molecular and Cell Biology Workshop 
BIOL,3161,4,4,4,4,4,5,5,4,3,2,2,1,2,,,,,,0,"Dodani, Sheel C","Boyd, Stefanie D","Jia, Lin","Gavva, Sandhya R","Stelling, Allison","Bonnand, Evan F",scd023000,sheel dodani,Biochemistry Workshop I 
BIOL,3161,9,1,3,6,5,2,3,1,4,5,2,2,,3,,,,,3,"Gavva, Sandhya R","Jia, Lin","Boyd, Stefanie D","Dodani, Sheel C","Stelling, Allison","Hossain, Md Liakat",sgavva,sandhya gavva,Biochemistry Workshop I 
BIOL,3161,5,1,,,2,,,,,,1,,,6,,,,,1,"Gavva, Sandhya R","Jia, Lin","Boyd, Stefanie D","Dodani, Sheel C","Stelling, Allison","Hossain, Md Liakat",sgavva,sandhya gavva,Biochemistry Workshop I 
BIOL,3161,7,,1,1,1,4,2,3,1,1,,1,,2,,,,,0,"Gavva, Sandhya R","Jia, Lin","Boyd, Stefanie D","Dodani, Sheel C","Stelling, Allison","Montalvillo, Fernando",sgavva,sandhya gavva,Biochemistry Workshop I 
BIOL,3161,3,1,3,2,1,3,1,2,4,1,,2,,4,,,,,1,"Jia, Lin","Gavva, Sandhya R","Boyd, Stefanie D","Dodani, Sheel C","Stelling, Allison","Akter, Zakia",lxj200008,lin jia,Biochemistry Workshop I 
BIOL,3161,1,2,2,1,2,3,3,1,3,2,4,1,,4,,,,,0,"Dodani, Sheel C","Boyd, Stefanie D","Jia, Lin","Gavva, Sandhya R","Stelling, Allison","Akter, Zakia",scd023000,sheel dodani,Biochemistry Workshop I 
BIOL,3161,8,,3,2,5,2,5,,4,6,1,,,1,,,,,2,"Gavva, Sandhya R","Jia, Lin","Boyd, Stefanie D","Dodani, Sheel C","Stelling, Allison","Montalvillo, Fernando",sgavva,sandhya gavva,Biochemistry Workshop I 
BIOL,3162,3,,5,1,1,7,5,3,4,3,,,1,,,,,,0,"Candas, Mehmet",,,,,,candas,mehmet candas,Biochemistry Workshop II 
BIOL,3162,4,2,6,7,7,4,2,3,4,3,,2,,,,,,,0,"Reitzer, Lawrence J",,,,,,reitzer,,Biochemistry Workshop II 
BIOL,3162,1,1,,2,5,1,2,1,1,1,1,,,,,,,,0,"Candas, Mehmet",,,,,,candas,mehmet candas,Biochemistry Workshop II 
BIOL,3162,7,1,3,5,4,4,4,5,,1,,1,,,,,,,0,"Candas, Mehmet",,,,,,candas,mehmet candas,Biochemistry Workshop II 
BIOL,3162,8,1,3,3,5,6,5,2,2,1,,,,,,,,,0,"Reitzer, Lawrence J",,,,,,reitzer,,Biochemistry Workshop II 
BIOL,3162,6,,2,4,4,6,4,4,4,1,1,,,,,,,,1,"Reitzer, Lawrence J",,,,,,reitzer,,Biochemistry Workshop II 
BIOL,3162,5,1,4,3,6,10,6,4,1,1,1,,1,,,,,,1,"Candas, Mehmet",,,,,,candas,mehmet candas,Biochemistry Workshop II 
BIOL,3203,101,4,8,2,7,1,,1,,,,,,1,,,,,0,"Boyd, Stefanie D","Wickramasinghe, Piumi B","Zaheen Khan, Fabiha",,,,sdb074000,stefanie boyd,Introduction to Microbiology Lab 
BIOL,3203,601,7,7,8,1,1,,,,,,,,,,,,,0,"Boyd, Stefanie D","Wickramasinghe, Piumi B","Zaheen Khan, Fabiha",,,,sdb074000,stefanie boyd,Introduction to Microbiology Lab 
BIOL,3301,1,12,15,14,27,19,13,15,11,11,6,3,,1,,,,,5,"De Jong, Jeff L",,,,,,dejong,jeff dejong,Classical and Molecular Genetics 
BIOL,3302,1,53,33,21,13,5,10,7,9,5,7,10,9,,,,,,2,"Srikanth, Uma","Joshi, Purna A","Yamauchi, Stephanie A","Maity, Subhajit","Patel, Umar J","Gomez, Jessica E",ukrish,uma srikanth,Eukaryotic Molecular and Cell Biology 
BIOL,3303,1,4,17,10,12,9,6,4,5,2,,,,,,,,,2,"Boyd, Stefanie D","Shipman, Braden M",,,,,sdb074000,stefanie boyd,Introduction to Microbiology 
BIOL,3318,1,34,24,12,7,1,3,1,3,2,1,,,1,,,,,0,"Henson, Uyen N",,,,,,unh130030,uyen henson,Forensic Biology 
BIOL,3320,1,3,1,2,1,2,,,,,,1,1,2,,,,,2,"Hajeri, Vinita","Swanson, Scott","Reyes, Jasper Q",,,,vxh151030,vinita hajeri,Applied Genetics 
BIOL,3320,2,1,4,3,1,1,,1,,,,,,2,,,,,2,"Hajeri, Vinita","Reyes, Jasper Q","Swanson, Scott",,,,vxh151030,vinita hajeri,Applied Genetics 
BIOL,3361,3,,4,2,2,3,2,1,2,2,3,1,,3,,,,,2,"Dodani, Sheel C","Gavva, Sandhya R","Bonnand, Evan F","Montalvillo, Fernando",,,scd023000,sheel dodani,Biochemistry I 
BIOL,3361,2,2,3,10,12,10,12,3,8,7,2,,,4,,,,,3,"Gavva, Sandhya R","Stelling, Allison","Bonnand, Evan F","Montalvillo, Fernando",,,sgavva,sandhya gavva,Biochemistry I 
BIOL,3361,1,6,9,5,5,6,7,7,4,7,3,3,2,14,,,,,1,"Jia, Lin","Boyd, Stefanie D",,,,,lxj200008,lin jia,Biochemistry I 
BIOL,3362,1,6,21,25,32,35,26,22,15,10,3,3,2,,,,,,2,"Candas, Mehmet","Reitzer, Lawrence J","Petter, Andrew T","Sunder Singh, Jacqulene Preethi","Soladogun, Adedamola S",,candas,mehmet candas,Biochemistry II 
BIOL,3370,1,16,5,3,2,2,,2,,2,,,1,3,,,,,0,"Wu, Zhuoru","Tiwari, Suman",,,,,zxw190014,,Exercise Physiology 
BIOL,3380,302,1,4,7,2,2,2,,,,2,1,,,,,,,1,"Rippel, Scott A","Falah, Rafah M",,,,,rippel,scott rippel,Biochemistry Laboratory 
BIOL,3380,304,7,2,3,2,1,,4,1,,,1,1,,,,,,0,"Maynard, Caitlin S","Rappazzo, Jacob M",,,,,cmb170830,,Biochemistry Laboratory 
BIOL,3380,306,1,2,5,2,3,3,1,,1,,1,2,1,,,,,0,"Maynard, Caitlin S","Rappazzo, Jacob M",,,,,cmb170830,,Biochemistry Laboratory 
BIOL,3380,307,5,6,1,,3,,1,,2,,1,,2,,,,,1,"Rippel, Scott A","Zhi, Jiahe",,,,,rippel,scott rippel,Biochemistry Laboratory 
BIOL,3380,309,2,1,2,1,3,6,2,,2,,1,,2,,,,,0,"Pan, Jing","Liu, Yihan",,,,,jxp134330,jing pan,Biochemistry Laboratory 
BIOL,3380,310,7,2,4,2,1,,3,2,,,1,,,,,,,0,"Maynard, Caitlin S","Zhi, Jiahe",,,,,cmb170830,,Biochemistry Laboratory 
BIOL,3380,305,,1,1,3,1,2,1,1,,,,3,,,,,,1,"Pan, Jing","Mazambani, Simbarashe",,,,,jxp134330,jing pan,Biochemistry Laboratory 
BIOL,3380,301,,2,3,3,,1,,1,2,1,2,,1,,,,,0,"Pan, Jing","Mazambani, Simbarashe",,,,,jxp134330,jing pan,Biochemistry Laboratory 
BIOL,3380,303,1,3,1,2,2,2,2,1,1,,,2,1,,,,,0,"Rippel, Scott A","Falah, Rafah M",,,,,rippel,scott rippel,Biochemistry Laboratory 
BIOL,3380,311,4,2,4,3,,4,1,1,1,1,,,,,,,,0,"Pan, Jing","Liu, Yihan",,,,,jxp134330,jing pan,Biochemistry Laboratory 
BIOL,3385,1,,11,2,1,5,,,5,,,3,,,,,,,0,"Murchison, David F",,,,,,dfm100020,david murchison,Medical Histology 
BIOL,3388,1,5,3,5,3,4,3,,1,2,2,,,,,,,,1,"Rippel, Scott A",,,,,,rippel,scott rippel,Honey Bee Biology 
BIOL,3455,801,8,3,4,1,2,1,1,2,3,,1,3,6,,,,,1,"Wu, Zhuoru","Ramirez, Ruben D","Gong, Hanling","Xu, Linyi",,,zxw190014,,Human Anatomy and Physiology with Lab I 
BIOL,3455,306,,,,1,1,1,,1,,1,4,,2,,,,,0,"Padmanabhan, Ramesh","Ramirez, Ruben D",,,,,rxp104120,ramesh padmanabhan,Human Anatomy and Physiology with Lab I 
BIOL,3455,305,1,,1,2,,,2,4,2,,2,1,1,,,,,0,"Padmanabhan, Ramesh","Ramirez, Ruben D",,,,,rxp104120,ramesh padmanabhan,Human Anatomy and Physiology with Lab I 
BIOL,3455,301,,,3,,,2,,4,1,2,1,,4,,,,,0,"Maitra, Meenakshi","Ramirez, Ruben D","Deese, Alexander R","Maity, Tuhina","Veera, Kavya",,mxm172731,meenakshi maitra,Human Anatomy and Physiology with Lab I 
BIOL,3455,307,,1,1,1,4,2,,,1,,2,,3,,,,1,1,"Maitra, Meenakshi","Ramirez, Ruben D",,,,,mxm172731,meenakshi maitra,Human Anatomy and Physiology with Lab I 
BIOL,3455,304,1,1,,1,1,3,4,5,1,2,1,1,7,,,,,0,"Maitra, Meenakshi","Ramirez, Ruben D",,,,,mxm172731,meenakshi maitra,Human Anatomy and Physiology with Lab I 
BIOL,3455,802,3,2,1,1,,4,2,3,3,1,,2,4,,,,,3,"Sarcar, Subha","Ramirez, Ruben D","Gong, Hanling",,,,sns064000,subha sarcar,Human Anatomy and Physiology with Lab I 
BIOL,3455,303,5,2,2,5,4,1,3,,2,1,,,7,,,,,0,"Wu, Zhuoru","Ramirez, Ruben D","Deese, Alexander R","Xu, Linyi",,,zxw190014,,Human Anatomy and Physiology with Lab I 
BIOL,3455,302,1,1,5,3,3,4,3,2,1,3,2,4,1,,,,,1,"Maitra, Meenakshi","Ramirez, Ruben D","Deese, Alexander R",,,,mxm172731,meenakshi maitra,Human Anatomy and Physiology with Lab I 
BIOL,3456,303,1,1,,4,4,3,1,1,,,,,1,,,,,0,"Sarcar, Subha","Yu, Wen-Ho","Balaji, Sharan Kumar",,,,sns064000,subha sarcar,Human Anatomy and Physiology with Lab II 
BIOL,3456,801,3,,2,1,1,1,3,3,,1,1,1,3,,,,,0,"Sarcar, Subha","Yu, Wen-Ho","Yaqub, Muneer O",,,,sns064000,subha sarcar,Human Anatomy and Physiology with Lab II 
BIOL,3456,305,1,5,4,4,2,4,1,3,,,1,,2,,,,,0,"Yu, Wen-Ho","Balaji, Sharan Kumar","Zhang, Nan",,,,why061000,wen ho yu,Human Anatomy and Physiology with Lab II 
BIOL,3456,304,6,4,5,5,2,2,1,2,1,2,,,1,,,,,0,"Yu, Wen-Ho","Balaji, Sharan Kumar","Zhang, Nan",,,,why061000,wen ho yu,Human Anatomy and Physiology with Lab II 
BIOL,3456,301,6,7,8,3,4,1,3,,1,,,,,,,,,0,"Yu, Wen-Ho","Balaji, Sharan Kumar","Zhang, Nan",,,,why061000,wen ho yu,Human Anatomy and Physiology with Lab II 
BIOL,3456,302,2,6,6,5,5,3,1,1,1,2,,,1,,,,,0,"Sarcar, Subha","Yu, Wen-Ho","Yaqub, Muneer O",,,,sns064000,subha sarcar,Human Anatomy and Physiology with Lab II 
BIOL,3520,301,3,7,5,4,4,1,,,,,,,,,,,,0,"Mehta, Iti","Dahl, Haley C","Bonde, Namrata Dinesh","Palmer, Kelli L",,,ixm121430,iti mehta,General Microbiology with Lab 
BIOL,4308,1,8,7,3,2,1,3,1,1,2,,,1,,,,,,0,"Maynard, Caitlin S",,,,,,cmb170830,,Developmental Biology 
BIOL,4310,1,5,10,16,23,12,12,7,7,2,2,,1,1,,,,,1,"Candas, Mehmet",,,,,,candas,mehmet candas,Cellular Microbiology 
BIOL,4330,1,4,10,,,,,,,1,,,,,,,,,0,"Zhang, Li","Berisha, Eranda","Salamat, Narges",,,,lxz075000,li zhang,Advanced Research in Molecular and Cell Biology 
BIOL,4345,1,,55,8,7,5,3,1,1,1,1,2,,2,,,,,1,"Wilson, Michelle M","Dong, Xintong","Ratevosyan, Richard","Zhabilov, Dannie",,,mxw084000,michelle wilson,Immunobiology 
BIOL,4350,501,,1,1,2,3,3,5,5,2,4,2,,5,,,,,1,"Ramirez, Ruben D",,,,,,rdr092000,ruben ramirez,Medical Microbiology 
BIOL,4357,1,17,4,3,3,,,,,,,,,,,,,,0,"Srikanth, Uma","Sapkota, Darshan","Shi, Zhan",,,,ukrish,uma srikanth,Molecular Neuropathology II 
BIOL,4360,1,6,5,2,1,2,,,,,,,,,,,,,0,"Pickett, Elizabeth A",,,,,,eaw016100,elizabeth pickett,Evolution and Development 
BIOL,4380,302,13,5,,2,1,,1,1,,,,,,,,,,0,"Sadat, Eva L","Zhang, Bei",,,,,exs190014,eva sadat,Cell and Molecular Biology Laboratory 
BIOL,4380,305,7,12,3,,,,,,1,,,,,,,,,0,"Huang, Yi","Sadat, Eva L","Dhar, Roopal",,,,yxh220019,yi huang,Cell and Molecular Biology Laboratory 
BIOL,4380,307,13,3,2,4,1,,,,,,,,,,,,,0,"Sadat, Eva L","Joshi, Ketki",,,,,exs190014,eva sadat,Cell and Molecular Biology Laboratory 
BIOL,4380,308,6,2,3,3,3,1,1,,,,,,,,,,,0,"Sadat, Eva L",,,,,,exs190014,eva sadat,Cell and Molecular Biology Laboratory 
BIOL,4380,303,5,2,6,2,1,2,1,,,,,,1,,,,,0,"Sadat, Eva L","Konakalla, Anisha Reddy",,,,,exs190014,eva sadat,Cell and Molecular Biology Laboratory 
BIOL,4380,301,11,5,1,2,,1,1,1,,,,,,,,,,0,"Sadat, Eva L",,,,,,exs190014,eva sadat,Cell and Molecular Biology Laboratory 
BIOL,4380,304,13,2,6,1,,,,,,,,,,,,,,0,"Huang, Yi","Sadat, Eva L","Shryock, Douglas G",,,,yxh220019,yi huang,Cell and Molecular Biology Laboratory 
BIOL,4380,306,11,6,4,,1,,,,,,,,,,,,,0,"Huang, Yi","Sadat, Eva L",,,,,yxh220019,yi huang,Cell and Molecular Biology Laboratory 
BIOL,4385,1,,13,3,1,6,1,1,3,2,,2,,,,,,,1,"Murchison, David F",,,,,,dfm100020,david murchison,Oral Histology and Embryology 
BIOL,4461,1,2,8,2,,10,,3,5,1,,3,,2,,,,,0,"Winkler, Duane D",,,,,,ddw130330,duane winkler,Biophysical Chemistry 
BIOL,5381,1,,34,,,6,,,2,,,,,,,,,,0,"Kim, Tae Hoon","Buyukkahraman, Gozde",,,,,txk142630,,Genomics 
BIOL,5410,1,,25,7,5,1,2,,1,,,,,,,,,,0,"DeNisco, Nicole J","Dillon, Nicholas","Cornelius, Samuel A",,,,njd160330,nicole de nisco,Biochemistry 
BIOL,5440,1,,10,6,12,8,,,,,,,,,,,,,0,"Delk, Nikki A",,,,,,nad140230,nikki delk,Cell Biology 
BIOL,6252,1,,,,,,,,,,,,,,11,,,,0,"Palmer, Kelli L","Xuan, Zhenyu","Kim, Tae Hoon",,,,txk142630,,Current Research in Molecular Biology 
BIOL,6385,1,,2,4,,1,1,,2,,,,,,,,,,1,"Zhang, Michael Q","Chen, Xingyu",,,,,mqz091000,michael zhang,Computational Biology 
BIOL,3V00,1,25,11,2,4,,1,,,,,,,1,,,,,0,"Sarcar, Subha","Dao, Alex",,,,,sns064000,subha sarcar,Topics in Biological Sciences 
BIOL,4V00,1,3,2,5,,,,,,,,,,,,,,,0,"Sanchez, Erica L",,,,,,exs220022,erica sanchez,Special Topics in Biology 
BIOL,6V02,1,,,,,,,,,,,,,,24,,,,0,"Jia, Lin",,,,,,lxj200008,lin jia,The Art of Scientific Presentation 
BIOL,6V29,1,,22,,,,,,,,,,,,,,,,0,"Palmer, Kelli L",,,,,,klp120030,kelli palmer,Topics in Molecular Biology 
BIS,2190,0W1,9,9,1,,,1,1,2,,,1,,,,,1,,2,"Dornback, Sarah","Edwards, Christopher W",,,,,sxd220144,sarah dornback,Library Research Skills 
BIS,2190,0W2,5,6,5,2,3,5,,1,,1,,,,,,,,0,"Dornback, Sarah","Henry, Loreen S",,,,,sxd220144,sarah dornback,Library Research Skills 
BIS,2190,0W3,9,12,4,3,,,,,1,,,,,,,,,0,"Henry, Loreen S","Dornback, Sarah",,,,,lsp014100,,Library Research Skills 
BIS,3320,0W2,,,1,1,1,2,,,,1,,,4,,,,,4,"Hudson, Jennifer M",,,,,,jxh100220,jennifer hudson,The Nature of Intellectual Inquiry 
BIS,3320,2,,3,5,,2,2,1,1,1,,2,,3,,,,,2,"Pogue, Neall W",,,,,,nxp174730,neall pogue,The Nature of Intellectual Inquiry 
BIS,3320,501,1,7,2,4,3,1,1,1,2,,,,,,,,,0,"Wright, David A",,,,,,wright,david wright,The Nature of Intellectual Inquiry 
BIS,3320,1,,1,4,3,7,1,3,1,1,,,,4,,,,,2,"Pogue, Neall W",,,,,,nxp174730,neall pogue,The Nature of Intellectual Inquiry 
BIS,3320,0W1,,2,1,2,,,3,3,1,,,1,8,,,,,8,"Hudson, Jennifer M",,,,,,jxh100220,jennifer hudson,The Nature of Intellectual Inquiry 
BIS,3320,3,7,13,6,2,2,,2,,,,,,,,,,,1,"Wright, David A",,,,,,wright,david wright,The Nature of Intellectual Inquiry 
BIS,4306,0W1,1,3,1,5,1,1,,2,1,,1,,3,,,,,2,"Simpson, Carrie M",,,,,,cms131030,carrie simpson,Strategies for Diversity in Education 
BLAW,2301,5,1,11,14,9,10,6,9,2,2,1,,,,,,,,0,"Sutton, Walter L","Gonzalez, Jacob E",,,,,wls015100,walter sutton,Business and Public Law 
BLAW,2301,1,,35,6,11,40,6,8,9,,3,2,,,,,,,0,"Polze, Matthew M",,,,,,mmp062000,matthew polze,Business and Public Law 
BLAW,2301,2,,45,10,7,28,11,12,6,1,,,,,,,,,0,"Polze, Matthew M",,,,,,mmp062000,matthew polze,Business and Public Law 
BLAW,2301,3,,45,3,11,35,15,8,1,1,1,,,,,,,,0,"Polze, Matthew M",,,,,,mmp062000,matthew polze,Business and Public Law 
BLAW,2301,4,24,12,3,4,13,10,6,7,3,1,,,,,,,,1,"Gamino, John P",,,,,,jpg140630,john gamino,Business and Public Law 
BLAW,2301,502,,14,6,10,10,9,7,9,5,,4,,12,,,,,1,"Betanzos, Christina L","Huang, Ziqi",,,,,clb120030,christina betanzos,Business and Public Law 
BLAW,2301,501,,18,11,9,10,10,10,9,8,,6,,6,,,,,1,"Betanzos, Christina L","Huang, Ziqi",,,,,clb120030,christina betanzos,Business and Public Law 
BLAW,4301,1,10,30,4,,,,,,,,,,1,,,,,1,"Molina, Stephen","Alborz, Shawn","Leal Valladares, Jorge A",,,,sxm163630,stephen molina,International Law 
BLAW,4310,HON,,26,,,,,,,,,,,,,,,,0,"Polze, Matthew M",,,,,,mmp062000,matthew polze,
BMEN,1208,301,2,6,1,2,4,1,1,2,,,,,,,,,,0,"Myers, Kathleen M","Nilavar, Anushree C","Wang, Miaomiao","Gautam, Anjila N",,,kxm156530,kathleen myers,Introduction to Bioengineering II 
BMEN,1208,302,,4,5,4,4,,1,,,,,,1,,,,,0,"Myers, Kathleen M","Nilavar, Anushree C","Wang, Miaomiao","Gautam, Anjila N",,,kxm156530,kathleen myers,Introduction to Bioengineering II 
BMEN,1208,3L1,2,2,4,1,,2,,,,,,,2,,,,,0,"Myers, Kathleen M","Nilavar, Anushree C","Wang, Miaomiao","Gautam, Anjila N",,,kxm156530,kathleen myers,Introduction to Bioengineering II 
BMEN,1208,303,4,1,6,2,,1,,,,,,,2,,,,,0,"Meyer, Clark A","Gautam, Anjila N","Wang, Miaomiao","Nilavar, Anushree C",,,cam140130,clark meyer,Introduction to Bioengineering II 
BMEN,1208,304,9,2,3,2,1,,1,,,,,,1,,,,,0,"Meyer, Clark A","Gautam, Anjila N","Wang, Miaomiao","Nilavar, Anushree C",,,cam140130,clark meyer,Introduction to Bioengineering II 
BMEN,1208,305,8,1,5,5,1,1,1,,,,,,,,,,,0,"Meyer, Clark A","Gautam, Anjila N","Wang, Miaomiao","Nilavar, Anushree C",,,cam140130,clark meyer,Introduction to Bioengineering II 
BMEN,1300,1,12,2,,3,4,,2,2,3,,,,1,,,,,0,"Ardestani Khoubrouy, Soudeh","Langmia, Belten L","Balaji, Kavya S",,,,sxa074200,soudeh khoubrouy,Introduction to Biomedical Engineering Computing 
BMEN,1300,2,9,2,1,1,3,3,1,3,2,,1,,,,,,,3,"Ardestani Khoubrouy, Soudeh","Langmia, Belten L","Balaji, Kavya S",,,,sxa074200,soudeh khoubrouy,Introduction to Biomedical Engineering Computing 
BMEN,3200,102,,23,,,1,,,,,,,,,,,,,0,"Rivera, Christian","Kubo, Soto","Stout, Angeloh M",,,,cxr210008,christian rivera,Biomedical Engineering Fundamentals and Design 
BMEN,3200,103,,8,,,1,,,1,,,,,,,,,,1,"Rivera, Christian","Stout, Angeloh M","Kubo, Soto",,,,cxr210008,christian rivera,Biomedical Engineering Fundamentals and Design 
BMEN,3200,101,,18,,,,,,,,,,,,,,,,0,"Rivera, Christian","Kang, Gu Eon","Stout, Angeloh M","Kubo, Soto",,,cxr210008,christian rivera,Biomedical Engineering Fundamentals and Design 
BMEN,3220,101,,6,,5,,2,1,1,,,,,1,,,,,0,"Ali, Tariq M","Sukumar, Suhashine","Bhide, Vedashree Umesh",,,,tma051000,tariq ali,Electrical and Electronic Circuits in Biomedical Engineering Lab 
BMEN,3220,102,3,5,,1,1,,3,1,,,,,3,,,,,0,"Ali, Tariq M","Sukumar, Suhashine","Bhide, Vedashree Umesh",,,,tma051000,tariq ali,Electrical and Electronic Circuits in Biomedical Engineering Lab 
BMEN,3302,501,3,4,,4,4,2,2,3,2,1,2,2,2,,,,1,0,"Ardestani Khoubrouy, Soudeh","Ramasubramanya, Annapoorna H",,,,,sxa074200,soudeh khoubrouy,Bioengineering Signals and Systems 
BMEN,3310,1,2,1,3,1,2,2,,4,,,,,,,,,,0,"Rivera, Christian","Glick, Andrew V",,,,,cxr210008,christian rivera,Fluid Mechanics and Transport Processes in Biomedical Engineering 
BMEN,3315,1,1,9,,3,8,2,3,11,2,,,,2,,,,,0,"Cogan, Stuart","Ramirez, Lucero",,,,,sxc149830,stuart cogan,Thermodynamics and Physical Chemistry in Biomedical Engineering 
BMEN,3320,1,2,4,1,5,4,2,2,1,,,,,6,,,,,0,"Ali, Tariq M","Sukumar, Suhashine",,,,,tma051000,tariq ali,Electrical and Electronic Circuits in Biomedical Engineering 
BMEN,3325,1,9,3,3,1,,,1,1,,,,,4,,,,,0,"Brown, Katherine G","Saberigarakani, Alireza",,,,,kgb170130,,Advanced Computational Tools for Biomedical Engineering 
BMEN,3331,1,9,9,3,4,5,2,3,3,2,,1,,,,,,,0,"Good, Levi B","Chaudhary, Sugandha",,,,,lbg170030,levi good,Cell and Molecular Engineering 
BMEN,3332,1,,2,4,1,1,,,,1,,,,2,,,,,0,"Hays, Seth A",,,,,,sxh129730,seth hays,Quantitative Physiology for Engineers 
BMEN,3332,2,1,3,1,,4,2,1,2,1,,,,1,,,,,0,"Sirsi, Shashank R","Chaudhary, Sugandha",,,,,srs151630,shashank sirsi,Quantitative Physiology for Engineers 
BMEN,3341,1,3,3,4,2,2,1,1,,1,,,1,2,,,,,0,"Myers, Kathleen M","Shihabeddin, Tarik",,,,,kxm156530,kathleen myers,Probability Theory and Statistics for Biomedical Engineers 
BMEN,3341,2,2,6,3,4,,2,1,1,,1,,,,,,,,0,"Myers, Kathleen M","Shihabeddin, Tarik",,,,,kxm156530,kathleen myers,Probability Theory and Statistics for Biomedical Engineers 
BMEN,3380,1,4,7,3,5,6,2,,2,1,,,,,,,,,0,"Good, Levi B","Molaei Imenabadi, Rouzbeh",,,,,lbg170030,levi good,Medical Imaging Systems and Methods 
BMEN,3399,2,8,3,2,4,5,,,,1,,,,1,,,,,0,"Kang, Gu Eon","Waldon, Ke'Vaughn T","Glick, Andrew V",,,,gxk210018,,Introductory Biomechanics 
BMEN,3399,1,13,8,5,,2,2,1,1,2,3,,1,1,,,,,1,"Rivera, Christian","Glick, Andrew V","Waldon, Ke'Vaughn T",,,,cxr210008,christian rivera,Introductory Biomechanics 
BMEN,4301,1,19,15,1,,1,1,,1,1,,,,,,,,,0,"Porter, Benjamin A",,,,,,bap061000,benjamin porter,Introduction to Medical Device Development 
BMEN,4310,501,22,11,4,4,3,4,5,4,1,,1,1,1,,,,,0,"Ardestani Khoubrouy, Soudeh","Pathak, Priyansh",,,,,sxa074200,soudeh khoubrouy,Feedback Systems in Biomedical Engineering 
BMEN,4360,1,21,33,12,10,4,3,1,2,1,,,,1,,,,,0,"Rodrigues, Danieli B","Guha, Sumedha","Kulkarni, Nikhil",,,,dxb127430,danieli b c rodrigues,Biomaterials and Medical Devices 
BMEN,4370,1,8,4,1,3,,1,,,,,1,,,,,,,0,"Brown, Katherine G","Kodali, Mounika Sai",,,,,kgb170130,,Biomedical Image Processing 
BMEN,4389,1,,10,6,8,1,1,,,,,,,,,,,,0,"Polk, Todd W",,,,,,twp017000,todd polk,Senior Design Project II 
BMEN,4389,3,,8,8,2,7,1,,1,,,,,,,,,,0,"Polk, Todd W",,,,,,twp017000,todd polk,Senior Design Project II 
BMEN,4389,2,,3,1,6,2,2,1,,,,,,,,,,,0,"Polk, Todd W",,,,,,twp017000,todd polk,Senior Design Project II 
BMEN,6338,1,,12,8,1,2,1,,,,,,,,,,,,0,"Porter, Benjamin A",,,,,,bap061000,benjamin porter,Six Sigma Yellow Belt for Biomedical Engineers 
BMEN,6342,1,,16,3,,,,,,,,,,,,,,,0,"Rodrigues, Danieli B",,,,,,dxb127430,danieli b c rodrigues,Biomaterials and Medical Devices 
BMEN,6366,1,,13,2,,4,,,,,,,,,,,,3,0,"Sirsi, Shashank R",,,,,,srs151630,shashank sirsi,Image-Guided Drug Delivery 
BMEN,6374,1,,14,6,1,1,,,,,,,,,,,,,1,"Dingal, Polimyr Caesar Dave P",,,,,,ppd210003,,Genes  Proteins and Cell Biology for Engineers 
BMEN,6382,1,,5,4,1,1,,,,,,,,,,,,,0,"Bleris, Leonidas",,,,,,lxb092000,leonidas bleris,Systems Biology 
BMEN,6394,0H1,,8,,1,2,,,,,,,,,,,,,0,"Ding, Yichen",,,,,,yxd200010,yichen ding,Medical Imaging Techniques and Image Processing 
BMEN,7088,1,,,,,,,,,,,,,,25,,,,0,"Rivera, Christian",,,,,,cxr210008,christian rivera,Departmental Seminar in Biomedical Engineering 
BMEN,7188,1,,17,,,,,,,,,,,,,,,,0,"Rivera, Christian",,,,,,cxr210008,christian rivera,Advanced Seminars in Biomedical Engineering 
BMEN,8188,1,,9,7,,,,,,,,,,,,,,,0,"Good, Levi B",,,,,,lbg170030,levi good,Advanced Seminars in Biomedical Engineering III 
BMEN,4V95,1,2,8,,1,2,1,,,,,,,,,,,,0,"Jones, Caroline",,,,,,cxj200007,caroline jones,Undergraduate Topics in Biomedical Engineering 
BMEN,6V87,5,,12,1,,,,,,,,,,,,,,,0,"Hill, Roger J",,,,,,rjh220000,roger hill,Special Topics in Biomedical Engineering 
BPS,4305,3,3,4,10,,4,4,3,2,,3,1,,1,,,,,1,"Markoczi, Livia","Akkaladevi, Pooja",,,,,lxm055000,livia markoczy,Strategic Management 
BPS,4305,4,1,11,12,7,2,1,2,,,,,,,,,,,0,"Lee, Jennifer","Lee, Minjung",,,,,jxl220041,jennifer lee,Strategic Management 
BPS,4305,501,3,9,12,11,5,1,2,1,1,,,,,,,,,0,"Lee, Jennifer","Lee, Minjung",,,,,jxl220041,jennifer lee,Strategic Management 
BPS,4305,2,3,10,21,18,9,8,1,2,1,,,,,,,,,1,"Markoczi, Livia","Akkaladevi, Pooja",,,,,lxm055000,livia markoczy,Strategic Management 
BPS,4395,2,,6,8,10,11,11,5,,,,,,,,,,,0,"Segelhorst, Jon P",,,,,,jps210007,,Capstone Senior Project - Business 
BPS,4395,3,,45,,,10,,,,,,,,,,,,,0,"Parks, David",,,,,,dxp153830,david parks,Capstone Senior Project - Business 
BPS,4395,6,,43,,2,10,,,,,,,,,,,,,0,"Henderson, Thomas C",,,,,,txh093000,tom henderson,Capstone Senior Project - Business 
BPS,4395,502,36,14,5,,,,,,,,,,,,,,,0,"Pandey, Naresh K",,,,,,nkp210001,naresh pandey,Capstone Senior Project - Business 
BPS,4395,1,,9,24,11,6,1,,2,,,,,,,,,,0,"An, Constance",,,,,,cfa220003,constance an,Capstone Senior Project - Business 
BPS,4395,501,29,15,7,3,,,,,,,,,,,,,,0,"Kitamura, Yuko",,,,,,yxk210025,yuko kitamura,Capstone Senior Project - Business 
BPS,6310,0W2,,12,2,2,,,1,3,,,,,1,,,,,0,"Kaplan, Marilyn R",,,,,,mkaplan,marilyn kaplan,Strategic Management 
BPS,6310,GW1,,5,13,6,,,,,,,,,,,,,,0,"Choi, Emily",,,,,,exc113230,emily choi,
BPS,6310,MBP,,14,11,1,,,,,,,,,,,,,,0,"Lin, Zhiang","Jiang, Rui",,,,,zlin,zhiang lin,
BPS,6310,0W1,,15,14,12,8,,,,,,,,,,,,,0,"Lin, Zhiang","Jiang, Rui",,,,,zlin,john zhiang lin,Strategic Management 
BPS,6332,CW1,,34,1,1,,,,,,,,,1,,,,,0,"Ghosh, Anne F",,,,,,,anne ghosh,
BPS,6360,501,,18,6,4,3,2,2,,,,,,,,,,,0,"Hicks, Jeffrey N","Frantz, Zachary A",,,,,jnh061000,jeffrey hicks,Management and Organizational Consulting  Theory and Practice 
BPS,6387,XS1,,13,,,5,,,2,,,,,,,,,,0,"Sachdeva, Deepak",,,,,,,deepak sachdeva,
BUAN,6311,S01,,2,2,8,3,,,,,,,,,,,,,0,"Scott, James",,,,,,jas076100,james scott,
BUAN,6312,3,,11,18,7,14,10,,,,,,,,,,,,0,"Joo, Joonhwi","Singh, Smita",,,,,jxj180020,joonhwi joo,Applied Econometrics and Time Series Analysis 
BUAN,6312,SW1,,2,,3,3,1,1,1,,,,,,,,,,1,"Blueshtein, Moran","Oyima-Antseleve, Ndackyssa",,,,,mxb135230,moran blueshtein,
BUAN,6312,S01,,5,3,3,2,1,2,3,,,,,,,,,,0,"Blueshtein, Moran","Oyima-Antseleve, Ndackyssa",,,,,mxb135230,moran blueshtein,
BUAN,6312,S02,,8,5,7,7,2,,,,,,,1,,,,,0,"Liu, Quanquan",,,,,,qxl220001,quanquan liu,
BUAN,6312,0W2,,6,6,5,4,7,3,5,,,,,1,,,,,1,"Blueshtein, Moran","Oyima-Antseleve, Ndackyssa",,,,,mxb135230,moran blueshtein,Applied Econometrics and Time Series Analysis 
BUAN,6312,0W1,,3,11,7,4,7,6,4,,,,,1,,,,,0,"Blueshtein, Moran","Oyima-Antseleve, Ndackyssa",,,,,mxb135230,moran blueshtein,Applied Econometrics and Time Series Analysis 
BUAN,6312,2,,12,8,8,3,8,1,5,,,,,2,,,,,1,"Blueshtein, Moran","Oyima-Antseleve, Ndackyssa",,,,,mxb135230,moran blueshtein,Applied Econometrics and Time Series Analysis 
BUAN,6312,1,,10,6,25,5,12,,,,,,,,,,,,0,"Joo, Joonhwi","Singh, Smita",,,,,jxj180020,joonhwi joo,Applied Econometrics and Time Series Analysis 
BUAN,6320,505,,44,16,3,1,,,1,,,,,,,,,,0,"Kamalzadeh, Hossein","Pal, Mayuri V",,,,,hxk210085,hossein kamalzadeh,Database Foundations for Business Analytics 
BUAN,6320,3,,45,20,4,1,,,,,,,,,,,,,0,"Kamalzadeh, Hossein","Sirsat, Disha",,,,,hxk210085,hossein kamalzadeh,Database Foundations for Business Analytics 
BUAN,6320,SW1,,5,6,3,1,,,,,,,,,,,,,1,"Mishra, Vivek",,,,,,vxm190016,vivek mishra,
BUAN,6320,504,,8,7,10,9,4,,,,,,,,,,,,0,"Saleh, Ahed F","Kaul, Karan",,,,,axs220309,ahed saleh,Database Foundations for Business Analytics 
BUAN,6320,S01,,35,5,1,,,,,,,,,,,,,,0,"Swamy, Venkat",,,,,,vxs220061,venkat swamy,
BUAN,6320,0W1,,18,4,6,4,4,5,3,,,,,1,,,,,1,"Cavusoglu, Huseyin","Zhu, Yan",,,,,huseyin,huseyin cavusoglu,Database Foundations for Business Analytics 
BUAN,6320,501,,29,13,6,6,3,,,,,,,,,,,,1,"Srikanth, Kannan","Anil Kumar, Athira",,,,,kxs018700,,Database Foundations for Business Analytics 
BUAN,6320,5,,12,13,14,10,5,,3,,,,,1,,,,,0,"Pandian, Thiru","Kaul, Karan",,,,,txp190010,thiru pandian,Database Foundations for Business Analytics 
BUAN,6320,1,,32,11,7,6,3,,1,,,,,,,,,,1,"Srikanth, Kannan","Anil Kumar, Athira",,,,,kxs018700,,Database Foundations for Business Analytics 
BUAN,6320,502,,18,26,15,3,,,1,,,,,,,,,,0,"Kaya, Cuneyd C","Sehgal, Shirin","Calisir, Engin",,,,cckaya,cuneyd kaya,Database Foundations for Business Analytics 
BUAN,6320,503,,25,34,3,3,,,1,,,,,,,,,,0,"Kaya, Cuneyd C","Sehgal, Shirin","Calisir, Engin",,,,cckaya,cuneyd kaya,Database Foundations for Business Analytics 
BUAN,6320,2,,23,13,13,9,8,1,1,,,,,,,,,,0,"El-khodari, Gasan E","Inturi, Amith",,,,,gxe051000,gasan elkhodari,Database Foundations for Business Analytics 
BUAN,6335,SW1,,24,17,3,1,2,2,1,,,,,,,,,,0,"Narayan, Ravishankar L",,,,,,rln130030,ravishankar narayan,
BUAN,6335,502,,16,12,13,12,1,,1,,,,,,,,,,0,"Khan, Masudal H","Anil Kumar, Athira",,,,,mhk190001,masudal khan,Organizing for Business Analytics Platforms 
BUAN,6335,501,,17,30,5,3,1,,1,,,,,,,,,,0,"Samant, Mandar","Nag, Nimit",,,,,mss190002,,Organizing for Business Analytics Platforms 
BUAN,6337,0W1,,10,10,10,6,4,,5,,,,,,,,,,0,"Subramanian, Upender","Madan, Anmol","Park, Yeowoon",,,,uxs092000,upender subramanian,Predictive Analytics for Data Science 
BUAN,6337,0W2,,5,12,10,7,7,3,1,,,,,,,,,,0,"Subramanian, Upender","Madan, Anmol","Park, Yeowoon",,,,uxs092000,upender subramanian,Predictive Analytics for Data Science 
BUAN,6337,6,,7,16,12,8,6,4,3,,,,,,,,,,0,"Subramanian, Upender","Madan, Anmol","Park, Yeowoon",,,,uxs092000,upender subramanian,Predictive Analytics for Data Science 
BUAN,6337,1,,14,7,20,16,1,,,,,,,,,,,,0,"Shahrokhi Tehrani, Shervin","Nozari, Salar",,,,,sst180003,shervin tehrani,Predictive Analytics for Data Science 
BUAN,6337,S01,,6,9,15,17,1,,,,,,,,,,,,1,"Shahrokhi Tehrani, Shervin","Nozari, Salar",,,,,,shervin shahrokhi tehrani,
BUAN,6337,4,,14,11,9,17,,,,,,,,,,,,,0,"Murthi, B P","Subramanian, Thyagarajan","Roshangarzadeh, Reza",,,,murthi,b p murthi,Predictive Analytics for Data Science 
BUAN,6337,2,,14,8,13,18,,,,,,,,,,,,,1,"Murthi, B P","Roshangarzadeh, Reza",,,,,murthi,b p murthi,Predictive Analytics for Data Science 
BUAN,6337,3,,13,9,14,18,,,,,,,,,,,,,0,"Murthi, B P","Subramanian, Thyagarajan",,,,,murthi,b p murthi,Predictive Analytics for Data Science 
BUAN,6337,5,,11,12,25,8,,,,,,,,,,,,,0,"Shahrokhi Tehrani, Shervin","Nozari, Salar",,,,,sst180003,shervin tehrani,Predictive Analytics for Data Science 
BUAN,6337,501,,14,13,21,8,1,,,,,,,,,,,,0,"Shahrokhi Tehrani, Shervin","Nozari, Salar",,,,,sst180003,shervin tehrani,Predictive Analytics for Data Science 
BUAN,6337,S02,,20,25,5,7,,1,1,,,,,,,,,,0,"Joo, Joonhwi",,,,,,jxj180020,joonhwi joo,
BUAN,6340,S01,,22,13,8,6,2,,,,,,,,,,,,0,"Parker, Jason A",,,,,,jap090020,jason parker,
BUAN,6340,SW1,,21,8,4,2,2,,,,,,,1,,,,,0,"Koju, Vijay",,,,,,vxk220074,vijay koju,
BUAN,6340,501,,34,2,2,2,,,,,,,,,,,,,0,"Paes, Antonio P","Shabad, Meghana",,,,,app210006,antonio paes,Programming for Data Science 
BUAN,6340,1,,20,8,5,9,2,,4,,,,,,,,,,1,"Lavastida, Thomas","Shabad, Meghana",,,,,txl220018,thomas lavastida,Programming for Data Science 
BUAN,6340,2,,47,11,3,3,,,,,,,,,,,,,0,"Parker, Jason A","Khairari, Anshul",,,,,jap090020,jason parker,Programming for Data Science 
BUAN,6340,3,,45,12,2,1,1,,1,,,,,,,,,,2,"Parker, Jason A","Khairari, Anshul",,,,,jap090020,jason parker,Programming for Data Science 
BUAN,6340,4,,14,12,21,12,3,1,1,,,,,,,,,,0,"Lavastida, Thomas","Shabad, Meghana",,,,,txl220018,thomas lavastida,Programming for Data Science 
BUAN,6341,2,,18,21,2,6,1,1,2,,,,,,,,,,0,"Parker, Jason A",,,,,,jap090020,jason parker,Applied Machine Learning 
BUAN,6341,1,,8,2,3,,1,,,,,,,,,,,,0,"Wu, Lidong","Veepuri, Yamini",,,,,lxw097120,lidong wu,Applied Machine Learning 
BUAN,6341,4,,6,8,3,,3,,,,,,,,,,,,0,"Wu, Lidong","Veepuri, Yamini",,,,,lxw097120,lidong wu,Applied Machine Learning 
BUAN,6341,SW1,,4,5,6,1,2,1,2,,,,,,,,,,1,"Smashnov, Uri",,,,,,uxs051000,uri smashnov,
BUAN,6341,0W1,,10,9,6,7,8,,,,,,,,,,,,2,"Smashnov, Uri","Ashok Kumar, Monika",,,,,uxs051000,uri smashnov,Applied Machine Learning 
BUAN,6341,3,,11,26,5,2,2,,1,,,,,,,,,,0,"Wu, Lidong","Veepuri, Yamini",,,,,lxw097120,lidong wu,Applied Machine Learning 
BUAN,6341,S01,,49,,,,,,,,,,,,,,,,0,"Zemoodeh, Amir",,,,,,axz120930,amir zemoodeh,
BUAN,6341,501,,16,24,7,4,,,,,,,,,,,,,0,"Koonjbearry, Karmaueer","Veepuri, Yamini",,,,,rkk220002,,Applied Machine Learning 
BUAN,6342,S01,,12,5,4,1,5,1,,,,,,,,,,,0,"Singh, Harpreet",,,,,,hxs104000,harpreet singh,
BUAN,6342,1,,10,3,10,14,2,3,,,,,,,,,,,1,"Singh, Harpreet",,,,,,hxs104000,harpreet singh,Applied Natural Language Processing 
BUAN,6342,501,,22,20,6,7,,,,,,,,,,,,,0,"El-khodari, Gasan E","Joseph, Shailender",,,,,gxe051000,gasan elkhodari,Applied Natural Language Processing 
BUAN,6344,501,,5,1,4,1,3,1,1,,,,,,,,,,0,"Maru, Vatsal K","Jain, Rashi",,,,,vkm220000,vatsal maru,Web Analytics 
BUAN,6344,S01,,16,,,1,,,,,,,,1,,,,,0,"Allison, Kyle",,,,,,,kyle allison,
BUAN,6344,0W1,,7,4,4,5,,,,,,,,,,,,,0,"Mehra, Amit","Jain, Rashi",,,,,axm078200,amit mehra,Web Analytics 
BUAN,6346,1,,13,9,13,11,,,,,,,,,,,,,0,"El-Youssef, Rami","Vyas, Amish",,,,,rxe200001,rami el youssef,Big Data 
BUAN,6346,S02,,9,5,6,5,,,,,,,,1,,,,,0,"El-khodari, Gasan E",,,,,,,gasan el khodari,
BUAN,6346,505,,13,7,8,3,4,,,,,,,,,,,,0,"El-khodari, Gasan E","Inturi, Amith",,,,,gxe051000,gasan elkhodari,Big Data 
BUAN,6346,0W1,,25,5,6,,,,,,,,,,,,,,0,"Perez, Jerry","Murali, Arunkarthik",,,,,jxp180019,jerry perez,Big Data 
BUAN,6346,501,,12,11,5,7,2,,,,,,,,,,,,0,"El-khodari, Gasan E","Inturi, Amith",,,,,gxe051000,gasan elkhodari,Big Data 
BUAN,6346,503,,23,9,3,2,1,1,,,,,,1,,,,,0,"Paes, Antonio P","Murali, Arunkarthik",,,,,app210006,antonio paes,Big Data 
BUAN,6346,2,,14,7,9,11,,,,,,,,,,,,,0,"El-Youssef, Rami","Vyas, Amish",,,,,rxe200001,rami el youssef,Big Data 
BUAN,6346,504,,17,14,9,3,,1,,,,,,,,,,,0,"Shadid, Waseem G","Pawar, Raybhan Sanjay",,,,,wgs230000,,Big Data 
BUAN,6346,S01,,20,14,13,,,,,,,,,,,,,,0,"Perez, Jerry",,,,,,jxp180019,jerry perez,
BUAN,6346,502,,18,11,11,7,,1,,,,,,,,,,,0,"Shadid, Waseem G","Pawar, Raybhan Sanjay",,,,,wgs230000,,Big Data 
BUAN,6356,0W1,,7,12,4,6,3,1,1,,,,,,,,,,1,"Parker, Jason A","Jasti, Gnaneshwar",,,,,jap090020,jason parker,Business Analytics With R 
BUAN,6356,SW1,,2,2,3,2,1,,,,,,,,,,,,0,"Patra, Subhra R",,,,,,srp220003,subhra patra,
BUAN,6356,502,,8,3,6,,2,,,,,,,,,,,,0,"Lee, Heeseung","Pal, Mayuri V",,,,,hxl220030,heeseung lee,Business Analytics With R 
BUAN,6356,501,,7,2,9,4,,,,,,,,1,,,,,0,"Lee, Heeseung","Pal, Mayuri V",,,,,hxl220030,heeseung lee,Business Analytics With R 
BUAN,6356,2,,7,8,2,5,2,2,,,,,,,,,,,0,"Shrivastava, Prakash C","Naikwade, Durgeshwari P",,,,,pcs130130,prakash shrivastava,Business Analytics With R 
BUAN,6356,5,,8,6,6,8,,,,,,,,,,,,,0,"Parker, Jason A","Jasti, Gnaneshwar",,,,,jap090020,jason parker,Business Analytics With R 
BUAN,6356,3,,14,9,10,,1,,,,,,,,,,,,0,"Sun, Shujing","Nag, Nimit",,,,,sxs200168,shujing sun,Business Analytics With R 
BUAN,6356,S01,,40,,1,,,,,,,,,,,,,,0,"Johnston, Walter L",,,,,,wlj031000,walter johnston,
BUAN,6356,4,,11,11,13,3,1,1,3,,,,,,,,,,0,"Sun, Shujing","Nag, Nimit",,,,,sxs200168,shujing sun,Business Analytics With R 
BUAN,6356,1,,18,1,11,3,2,3,10,,,,,1,,,,,0,"Chen, Jianqing","Yan, Zhen",,,,,jxc111031,jianqing chen,Business Analytics With R 
BUAN,6357,SW1,,9,2,,2,1,,,,,,,,,,,,1,"Johnston, Walter L",,,,,,wlj031000,walter johnston,
BUAN,6359,SW1,,7,3,,,1,,,,,,,,,,,,1,"Ahadi, Khatereh",,,,,,kxa180010,khatereh ahadi,
BUAN,6359,S01,,5,3,2,2,1,1,,,,,,,,,,,0,"Brussolo, Monica E",,,,,,meb049000,monica brussolo,
BUAN,6359,5W1,,9,3,5,4,1,,1,,,,,2,,,,,0,"Whalen, Tristan G","Patel, Jay A","Julakanti, Shiva Prasad Reddy",,,,tgw100020,tristan whalen,Advanced Statistics for Data Science 
BUAN,6359,S02,,6,6,5,7,1,2,2,,,,,,,,,,0,"Whalen, Tristan G",,,,,,tgw100020,tristan whalen,
BUAN,6359,501,,16,3,3,3,4,3,5,,,,,,,,,,0,"Ramezani, Rasoul","Pampalker, Shashank",,,,,rxr145930,rasoul ramezani,Advanced Statistics for Data Science 
BUAN,6359,1,,12,4,5,6,9,3,2,,,,,,,,,,0,"Toptal, Aysegul","Gandhi, Adeetya",,,,,axt083100,aysegul toptal,Advanced Statistics for Data Science 
BUAN,6359,2,,21,1,6,4,3,3,8,,,,,3,,,,,0,"Ramezani, Rasoul","Pampalker, Shashank",,,,,rxr145930,rasoul ramezani,Advanced Statistics for Data Science 
BUAN,6359,502,,18,6,10,4,6,2,2,,,,,3,,,,,0,"Enayaty Ahangar, Negin",,,,,,nxe180001,negin enayaty ahangar,Advanced Statistics for Data Science 
BUAN,6359,0W1,,15,6,4,18,7,,2,,,,,2,,,,,0,"Brussolo, Monica E","Damania, Krish",,,,,meb049000,monica brussolo,Advanced Statistics for Data Science 
BUAN,6382,501,,11,1,5,1,2,,2,,,,,,,,,,2,"Khafizov, Farid T","Naikwade, Durgeshwari P",,,,,ftk100020,farid khafizov,Applied Deep Learning 
BUAN,6383,1,,8,1,2,6,,,,,,,,,,,,,0,"Menon, Syam S","Sun, Kai",,,,,sxm021300,syam menon,Modeling for Business Analytics 
BUAN,6385,1,,34,5,3,,,5,4,,,,,,,,,,1,"Shekhar, Gaurav","Khairari, Anshul",,,,,gxs150130,gaurav shekhar,Robotic Process Automation 
BUAN,6392,0W1,,11,7,9,3,,,5,,,,,,,,,,0,"Mehra, Amit","Zhu, Yan",,,,,axm078200,amit mehra,Causal Analytics and A B Testing 
BUAN,6392,501,,14,6,3,4,4,3,2,,,,,2,,,,,3,"Koju, Vijay","Pal, Mayuri V",,,,,vxk220074,,Causal Analytics and A B Testing 
BUAN,6392,1,,13,15,17,5,,,,,,,,,,,,,0,"Mehra, Amit","Zhu, Yan",,,,,axm078200,amit mehra,Causal Analytics and A B Testing 
BUAN,6398,S01,,8,2,7,7,8,8,8,,,,,2,,,,,1,"Ramezani, Rasoul",,,,,,rxr145930,rasoul ramezani,
BUAN,6398,2,,41,14,8,4,2,2,,,,,,,,,,,0,"Whalen, Tristan G","Patel, Jay A","Julakanti, Shiva Prasad Reddy",,,,tgw100020,tristan whalen,Prescriptive Analytics 
BUAN,6398,4,,68,3,,2,,,,,,,,,,,,,0,"Nguyen, Hien T","Srivastava, Bhupesh K","Julakanti, Shiva Prasad Reddy",,,,htn170130,hien nguyen,Prescriptive Analytics 
BUAN,6398,1,,44,16,5,4,2,4,,,,,,,,,,,0,"Whalen, Tristan G","Patel, Jay A","Julakanti, Shiva Prasad Reddy",,,,tgw100020,tristan whalen,Prescriptive Analytics 
BUAN,6398,SW1,,18,1,11,2,3,2,1,,,,,,,,,,2,"Sethi, Avanti P","Mohapatra, Adyasha",,,,,,avanti sethi,
BUAN,6398,5,,22,5,11,13,4,1,1,,,,,1,,,,,1,"Wang, Yining",,,,,,yxw220006,yining wang,Prescriptive Analytics 
BUAN,6398,0W1,,23,4,19,2,3,6,2,,,,,1,,,,,0,"Sethi, Avanti P","Mohapatra, Adyasha",,,,,asethi,awanti sethi,Prescriptive Analytics 
BUAN,6398,501,,59,10,,1,,,,,,,,,,,,,0,"Nguyen, Hien T","Srivastava, Bhupesh K","Julakanti, Shiva Prasad Reddy",,,,htn170130,hien nguyen,Prescriptive Analytics 
BUAN,6398,3,,67,7,,,,,,,,,,,,,,,0,"Nguyen, Hien T","Srivastava, Bhupesh K","Julakanti, Shiva Prasad Reddy",,,,htn170130,hien nguyen,Prescriptive Analytics 
CE,1202,301,,,,,,,,,,,,,,,,,,17,"Cogan, Diana L","Kovalyov, Anton","Patel, Kashyap","Olee, Shakil Mahmud",,,dcc095020,diana cogan,Introduction to Electrical and Computer Engineering II 
CE,1202,302,,,,,,,,,,,,,,,,,,23,"Cogan, Diana L","Patel, Kashyap","Kovalyov, Anton","Olee, Shakil Mahmud",,,dcc095020,diana cogan,Introduction to Electrical and Computer Engineering II 
CE,1202,4,4,7,2,2,6,1,1,1,1,1,,2,1,,,,,1,"Cogan, Diana L",,,,,,dcc095020,diana cogan,Introduction to Electrical and Computer Engineering II 
CE,1202,2,6,5,2,4,7,1,1,4,2,3,,,4,,,,,3,"Cogan, Diana L",,,,,,dcc095020,diana cogan,Introduction to Electrical and Computer Engineering II 
CE,1202,3,1,1,3,2,1,,,1,,1,,,1,,,,,0,"Cogan, Diana L",,,,,,dcc095020,diana cogan,Introduction to Electrical and Computer Engineering II 
CE,1202,1,4,,3,3,2,3,1,,1,,1,1,2,,,,,1,"Cogan, Diana L",,,,,,dcc095020,diana cogan,Introduction to Electrical and Computer Engineering II 
CE,2310,302,,,,,,,,,,,,,,,,,,16,"Ahmed, Shaheen",,,,,,sxa176730,shaheen ahmed,Introduction to Digital Systems 
CE,2310,305,,,,,,,,,,,,,,,,,,18,"Ahmed, Shaheen",,,,,,sxa176730,shaheen ahmed,Introduction to Digital Systems 
CE,2310,1,1,7,6,,5,2,2,2,2,,3,,4,,,,,0,"Ahmed, Shaheen","Duraisamy Swamikannan, Lena","Ghaderi, Mohammad Hasan","Qi, Tianxi",,,sxa176730,shaheen ahmed,Introduction to Digital Systems 
CE,2310,501,1,,2,4,6,4,2,2,1,,6,,6,,,,,2,"Ahmed, Shaheen","Duraisamy Swamikannan, Lena","Ghaderi, Mohammad Hasan","Qi, Tianxi",,,sxa176730,shaheen ahmed,Introduction to Digital Systems 
CE,3161,91,1,2,1,7,2,1,,,,,,1,1,,,,,0,"Mezenner, Rabah","Tariq, Zaid Bin",,,,,rxm129730,rabah mezenner,Social Issues and Ethics in Engineering 
CE,3161,51,7,10,10,,1,1,,,,,,,,,,,,0,"Mezenner, Rabah","Tariq, Zaid Bin",,,,,rxm129730,rabah mezenner,Social Issues and Ethics in Engineering 
CE,3201,302,,,,,,,,,,,,,,,,,,11,"Nikoubin Boroujeni, Tooraj","Sankarraman, Sri Vignesh",,,,,txn190011,tooraj nikoubin,Electrical and Computer Engineering Fundamentals-I Laboratory 
CE,3201,2,1,10,5,1,2,,,,,,,,,,,,,1,"Nikoubin Boroujeni, Tooraj","Sankarraman, Sri Vignesh","Gao, Tianning","Parchamdar, Baharealsadat","Datta, Rajesh K",,txn190011,tooraj nikoubin,Electrical and Computer Engineering Fundamentals-I Laboratory 
CE,3201,1,3,20,4,2,,1,,,,,,,,,,,,0,"Nikoubin Boroujeni, Tooraj","Parchamdar, Baharealsadat","Sankarraman, Sri Vignesh","Gao, Tianning","Datta, Rajesh K",,txn190011,tooraj nikoubin,Electrical and Computer Engineering Fundamentals-I Laboratory 
CE,3202,1,,3,,,3,2,4,1,,,2,,,,,,,0,"Kiasaleh, Kamran","Ahmed, Shaheen","Apalak, Merve","Tayeb Naimi, Shideh",,,kamran,kamran kiasaleh,Electrical and Computer Engineering Fundamentals-II Laboratory 
CE,3202,2,3,2,3,,3,5,2,1,2,,1,,2,,,,,0,"Ahmed, Shaheen","Apalak, Merve","Tayeb Naimi, Shideh",,,,sxa176730,shaheen ahmed,Electrical and Computer Engineering Fundamentals-II Laboratory 
CE,3301,2,1,10,,3,8,,3,4,3,,,,2,,,,,0,"Lee, Gil S","Kim, Eunjin",,,,,gslee,gill lee,Electrical Network Analysis 
CE,3301,1,,4,,,3,,3,2,4,,,,2,,,,1,0,"Lee, Gil S","Kim, Eunjin",,,,,gslee,gill lee,Electrical Network Analysis 
CE,3303,1,1,4,2,6,2,8,5,3,3,2,1,1,3,,,,,3,"Kehtarnavaz, Nasser","Alam, Lamia",,,,,nxk019000,nasser kehtarnavaz,Discrete-Time Signals and Systems 
CE,3310,2,5,6,2,2,7,,,,,,,,,,,,,0,"Frensley, William","Muraleedharan Sudha, Athul",,,,,frensley,william frensley,Electronic Devices 
CE,3311,3,1,5,2,1,3,3,3,1,,,,,,,,,,1,"Lee, Hoi","Muraleedharan Sudha, Athul",,,,,hxl054000,hoi lee,Electronic Circuits 
CE,3311,2,3,6,3,2,2,3,2,1,1,,1,,,,,,,0,"Liu, Jin","Han, Weijie",,,,,jinliu,jin liu,Electronic Circuits 
CE,3311,1,,,,,1,,2,3,1,3,,,,,,,,0,"Chiu, Yun","Olee, Shakil Mahmud",,,,,yxc101000,yun chiu,Electronic Circuits 
CE,3320,1,3,1,5,1,3,3,3,1,2,3,,1,2,,,,,0,"Khoobroo, Amir","Fowler, Aric",,,,,axk144831,amir khoobroo,Digital Circuits 
CE,3320,2,,2,6,6,3,3,4,4,2,,,,,,,,,0,"Khoobroo, Amir","Si, Qilin",,,,,axk144831,amir khoobroo,Digital Circuits 
CE,3345,6,3,1,1,2,,,2,1,,,,,,,,,,0,"Feng, Ranran",,,,,,rxf090020,ranran feng,Data Structures and Introduction to Algorithmic Analysis 
CE,3354,502,2,2,1,1,1,,1,,1,,,,,,,,1,0,"Christiansen, Michael G",,,,,,mgc013000,michael christiansen,Software Engineering 
CE,4202,1,,10,,,8,,,1,,,,,,,,,,0,"Henderson, Rashaunda M","Medina, Oscar F","Abbas, Farhat",,,,rmh072000,rashaunda henderson,Electrical and Computer Engineering Laboratory in Circuits 
CE,4204,1,10,12,6,,1,,,1,,,,,,,,,,0,"Young, Chadwin D","Hossain Bhuiyan, Md Emran","Parvez, Mohammad Salman",,,,cdy120030,chadwin young,Electrical and Computer Engineering Laboratory in Devices 
CE,4304,1,,6,4,6,1,2,2,1,,,,,,,,,,0,"Swartz, William P","Munia, Munawara Saiyara","Kim, Jeonghwan",,,,wps100020,william swartz,Computer Architecture 
CE,4304,2,1,3,6,5,1,2,2,2,,,3,1,1,,,,,0,"Swartz, William P",,,,,,wps100020,william swartz,Computer Architecture 
CE,4337,502,,3,,6,,4,1,,1,,,,,,,,,0,"Salazar, Elmer E","Wang, Guanghua",,,,,ees101020,elmer salazar,Programming Language Paradigms 
CE,4348,501,4,7,4,5,12,11,4,3,2,,1,1,,,,,,2,"Pathak, Jogen K","Vasireddy, Siva Sai Nagender",,,,,jkp210004,jogen pathak,Operating Systems Concepts 
CE,4370,303,,,,,,,,,,,,,,,,,,11,"Pedram, Hossein",,,,,,hxp220048,hossein pedram,Embedded Systems 
CE,4370,305,,,,,,,,,,,,,,,,,,11,"Pedram, Hossein",,,,,,hxp220048,hossein pedram,Embedded Systems 
CE,4370,304,,,,,,,,,,,,,,,,,,12,"Pedram, Hossein",,,,,,hxp220048,hossein pedram,Embedded Systems 
CE,4370,306,,,,,,,,,,,,,,,,,,13,"Pedram, Hossein",,,,,,hxp220048,hossein pedram,Embedded Systems 
CE,4370,1,,,6,3,4,7,3,,1,,,,,,,,,0,"Pedram, Hossein",,,,,,hxp220048,hossein pedram,Embedded Systems 
CE,4370,2,,9,11,4,5,1,,4,,,1,,,,,,,1,"Pedram, Hossein",,,,,,hxp220048,hossein pedram,Embedded Systems 
CE,4388,1,,8,5,,,,,,,,,,,,,,,0,"Tacca, Marco",,,,,,mtacca,marco tacca,Senior Design Project I 
CE,4388,2,,10,4,,,,,,,,,,,,,,,0,"Skinner, Neal G",,,,,,skinner,neal skinner,Senior Design Project I 
CE,4389,1,2,6,2,,,,,,,,,,,,,,,0,"Skinner, Neal G",,,,,,skinner,neal skinner,Senior Design Project II 
CE,4389,4,,6,6,3,,,,,,,,,,,,,,0,"Tacca, Marco",,,,,,mtacca,marco tacca,Senior Design Project II 
CE,4389,5,1,11,1,,,,2,,,,,,,,,,,0,"Tacca, Marco","Skinner, Neal G",,,,,mtacca,marco tacca,Senior Design Project II 
CE,4389,3,1,5,2,1,,,2,,1,,,,,,,,,0,"Skinner, Neal G",,,,,,skinner,neal skinner,Senior Design Project II 
CE,6301,1,,19,1,,,1,,,,,,,,,,,,0,"Swartz, William P",,,,,,wps100020,william swartz,Advanced Digital Logic 
CE,6302,303,,,,,,,,,,,,,,,,,,11,"Nikoubin Boroujeni, Tooraj",,,,,,txn190011,tooraj nikoubin,Microprocessor and Embedded Systems 
CE,6302,302,,,,,,,,,,,,,,,,,,12,"Nikoubin Boroujeni, Tooraj",,,,,,txn190011,tooraj nikoubin,Microprocessor and Embedded Systems 
CE,6302,1,,20,11,2,3,,,,,,,,,,,,,0,"Nikoubin Boroujeni, Tooraj","Fowler, Aric","Vasileiou, Christos",,,,txn190011,tooraj nikoubin,Microprocessor and Embedded Systems 
CE,6303,1,,6,9,3,1,1,,,,,,,,,,,,0,"Nourani, Mehrdad","Kim, Jeonghwan",,,,,nourani,mehrdad nourani,Testing and Testable Design 
CE,6304,1,,7,7,4,,,,,,,,,1,,,,,0,"Basu, Kanad","Si, Qilin",,,,,kxb190012,kanad basu,Computer Architecture 
CE,6306,1,,10,2,3,,1,,,,,,,,,,,,0,"Bhatia, Dinesh K","Zhou, Dian","Gao, Tianning",,,,dinesh,dinesh bhatia,Application Specific Integrated Circuits Design 
CE,6308,1,,2,1,3,2,3,,,,,,,,,,,,0,"Bastani, Farokh B","Hatfield, Cody R",,,,,bastani,farokh bastani,Real-Time Systems 
CGS,2301,HN1,4,5,2,2,1,2,1,,,,,,,,,,,0,"O'Toole, Alice J",,,,,,otoole,alice otoole,Cognitive Science 
CGS,2301,0W2,51,12,5,4,1,4,,2,,1,,,12,,,,,1,"Hooge, Kimberley D",,,,,,koh170030,kimberley orsten hooge,Cognitive Science 
CGS,2301,0W1,52,13,10,3,1,3,2,,2,,,,8,,,,,0,"Hooge, Kimberley D",,,,,,koh170030,kimberley orsten hooge,Cognitive Science 
CGS,3342,501,,5,6,4,2,,,,,,,,,,,,,0,"Golden, Richard M","Sudheesh, Athul",,,,,golden,richard golden,Cognitive and Neural Modeling Laboratory 
CGS,3361,2,1,,1,,,,4,1,2,1,,,2,,,,,0,"Wig, Gagandeep S","Cortez, Jared I",,,,,gsw130130,gagan wig,Cognitive Psychology 
CGS,3361,1,6,2,,2,2,1,,,1,,,,,,,,,0,"Roark, Dana A","Wong, Galston K",,,,,danar,dana roark,Cognitive Psychology 
CGS,4320,1,3,2,,1,1,,1,,1,,,,,,,,,1,"Krawczyk, Daniel C",,,,,,dck061000,daniel krawczyk,Psychology of Reasoning 
CGS,4353,0W1,15,2,3,1,,,,,,,,,,,,,,0,"Orrick, Erika D",,,,,,edo042000,erika orrick,Human-Computer Interaction II 
CHEM,1111,101,2,5,8,4,3,3,1,1,,1,,,1,,,,,1,"Sra, Amandeep K","Martinez Garcia, Jonathan",,,,,aks057000,amandeep sra,General Chemistry Laboratory I 
CHEM,1111,105,1,5,6,3,1,3,1,2,2,,1,,4,,,,,1,"Qin, Yanping","Yamada, Kyohei",,,,,yxq083000,yanping qin,General Chemistry Laboratory I 
CHEM,1111,102,5,6,5,3,4,1,,,,1,1,,,,,,,2,"Sra, Amandeep K","Giri, Sachin",,,,,aks057000,amandeep sra,General Chemistry Laboratory I 
CHEM,1111,103,12,5,1,5,1,,,1,1,1,,,2,,,,,0,"Hashami, Zohreh","Giri, Sachin",,,,,zxh088000,zohreh hashami,General Chemistry Laboratory I 
CHEM,1111,104,8,5,2,4,,2,1,,1,1,,1,3,,,,,1,"Qin, Yanping","Yamada, Kyohei",,,,,yxq083000,yanping qin,General Chemistry Laboratory I 
CHEM,1112,101,9,9,4,3,2,1,,,,,1,,1,,,,,0,"Goux, Warren J","Becerra, Michelle T",,,,,wgoux,warren goux,General Chemistry Laboratory II 
CHEM,1112,102,11,8,4,2,,1,2,1,,1,,,,,,,,0,"Abeykoon, Nimali C","Mortensen, Marie L",,,,,nxa124430,nimali abeykoon,General Chemistry Laboratory II 
CHEM,1112,103,16,1,5,2,1,,1,,,,,1,,,,,,3,"Abeykoon, Nimali C","Martil De La Garza, Mauricio G",,,,,nxa124430,nimali abeykoon,General Chemistry Laboratory II 
CHEM,1112,104,15,6,4,,,1,,2,,,,,,,,,,2,"Goux, Warren J","Kim, Gyeongseo",,,,,wgoux,warren goux,General Chemistry Laboratory II 
CHEM,1112,105,15,5,4,3,,2,,,,,,,,,,,,1,"Qin, Yanping","Mortensen, Marie L",,,,,yxq083000,yanping qin,General Chemistry Laboratory II 
CHEM,1112,106,19,5,3,3,,,,,,,,,,,,,,0,"Qin, Yanping","Neal, Henry",,,,,yxq083000,yanping qin,General Chemistry Laboratory II 
CHEM,1112,107,19,4,3,2,2,,,,,,,,,,,,,0,"Hashami, Zohreh","Heidari, Sahar",,,,,zxh088000,zohreh hashami,General Chemistry Laboratory II 
CHEM,1112,108,15,6,1,2,1,3,,,,,,,1,,,,,1,"Hashami, Zohreh","Chatterjee, Shubham",,,,,zxh088000,zohreh hashami,General Chemistry Laboratory II 
CHEM,1112,109,18,5,1,2,2,2,,,,,,,,,,,,0,"Qin, Yanping","Darwin, Cary",,,,,yxq083000,yanping qin,General Chemistry Laboratory II 
CHEM,1112,110,16,11,1,1,,,,,,,1,,,,,,,0,"Anka, Fadwa H","Kumari, Ekanayake Mudiyanselage Ishara G",,,,,fha041000,fadwa anka,General Chemistry Laboratory II 
CHEM,1112,113,10,9,1,5,1,3,,,,,,,,,,,,1,"Abeykoon, Nimali C","Chatterjee, Shubham",,,,,nxa124430,nimali abeykoon,General Chemistry Laboratory II 
CHEM,1112,116,13,7,3,1,3,1,1,,,,,,,,,,,1,"Goux, Warren J","Neal, Henry",,,,,wgoux,warren goux,General Chemistry Laboratory II 
CHEM,1112,117,9,10,3,2,1,2,,1,1,,,1,,,,,,0,"Goux, Warren J","Dissanayake Mudiyanselage, Upeksha Chathurangi Dissanayak",,,,,wgoux,warren goux,General Chemistry Laboratory II 
CHEM,1112,118,13,11,3,1,1,,,,,,,,,,,,,1,"Gavva, Sandhya R","Martil De La Garza, Mauricio G",,,,,sgavva,sandhya gavva,General Chemistry Laboratory II 
CHEM,1112,119,17,8,1,,2,,,,,,1,,1,,,,,0,"Gavva, Sandhya R","Dissanayake Mudiyanselage, Upeksha Chathurangi Dissanayak",,,,,sgavva,sandhya gavva,General Chemistry Laboratory II 
CHEM,1112,120,14,7,2,,1,3,1,,,,1,,1,,,,,0,"Anka, Fadwa H","Sepasi, Zahra",,,,,fha041000,fadwa anka,General Chemistry Laboratory II 
CHEM,1112,121,19,4,2,1,1,,1,,,,,,2,,,,,0,"Abeykoon, Nimali C","Darwin, Cary",,,,,nxa124430,nimali abeykoon,General Chemistry Laboratory II 
CHEM,1112,122,13,8,5,,2,,,1,,,,,1,,,,,0,"Abeykoon, Nimali C","Polara, Sarthi",,,,,nxa124430,nimali abeykoon,General Chemistry Laboratory II 
CHEM,1112,123,7,9,5,2,1,,,3,1,,,,1,,,,,1,"Panapitiya, Nimanka P","Kim, Gyeongseo",,,,,npp081000,nimanka panapitiya,General Chemistry Laboratory II 
CHEM,1112,124,14,3,3,,3,1,,,1,1,,,1,,,,,3,"Qin, Yanping","Qasimi, Nazer Hossain",,,,,yxq083000,yanping qin,General Chemistry Laboratory II 
CHEM,1112,125,12,5,6,2,1,,1,,,,1,,2,,,,,0,"Qin, Yanping","Sunga, Sean Alec Lois B",,,,,yxq083000,yanping qin,General Chemistry Laboratory II 
CHEM,1112,127,12,9,3,4,1,,,,,,1,,,,,,,0,"Anka, Fadwa H","Sunga, Sean Alec Lois B",,,,,fha041000,fadwa anka,General Chemistry Laboratory II 
CHEM,1112,601,6,10,3,4,1,1,1,1,,,,,,,,,,0,"Sisk, Joshua R","Kumari, Ekanayake Mudiyanselage Ishara G",,,,,jrs106020,joshua sisk,General Chemistry Laboratory II 
CHEM,1112,111,16,8,3,1,,,,,1,,,,,,,,,0,"Anka, Fadwa H","Thanabalasingam, Kulatheepan",,,,,fha041000,fadwa anka,General Chemistry Laboratory II 
CHEM,1112,112,8,10,2,3,2,,2,,,,,,2,,,,,0,"Goux, Warren J","Becerra, Michelle T",,,,,wgoux,warren goux,General Chemistry Laboratory II 
CHEM,1112,114,15,9,2,2,,,,,,1,,,,,,,,0,"Abeykoon, Nimali C","Polara, Sarthi",,,,,nxa124430,nimali abeykoon,General Chemistry Laboratory II 
CHEM,1112,115,17,8,1,,1,1,1,,,,,,,,,,,0,"Qin, Yanping","Sepasi, Zahra",,,,,yxq083000,yanping qin,General Chemistry Laboratory II 
CHEM,1112,126,12,8,,3,1,1,,2,,,1,,1,,,,,0,"Anka, Fadwa H","Qasimi, Nazer Hossain",,,,,fha041000,fadwa anka,General Chemistry Laboratory II 
CHEM,1112,602,10,8,3,3,1,1,,1,,,,,2,,,,,0,"Sisk, Joshua R","Thanabalasingam, Kulatheepan",,,,,jrs106020,joshua sisk,General Chemistry Laboratory II 
CHEM,1116,HN1,6,22,,,,,,,,,,,,,,,,0,"Sibert, John W",,,,,,sibertj,john sibert,Honors Freshman Chemistry Laboratory II 
CHEM,1311,1,30,8,7,11,19,19,13,10,20,13,15,10,45,,,,1,18,"Sra, Amandeep K","Kumari, Sneha",,,,,aks057000,amandeep sra,General Chemistry I 
CHEM,1312,3,5,15,14,7,22,17,12,14,18,5,11,4,33,,,,,9,"Dieckmann, Gregg R",,,,,,dieckgr,gregg dieckmann,General Chemistry II 
CHEM,1312,5,4,8,4,14,21,16,11,20,26,10,3,7,34,,,,,8,"Abeykoon, Nimali C",,,,,,nxa124430,nimali abeykoon,General Chemistry II 
CHEM,1312,4,4,12,19,12,17,23,15,17,20,6,7,6,30,,,,,4,"Dieckmann, Gregg R",,,,,,dieckgr,gregg dieckmann,General Chemistry II 
CHEM,1312,1,17,25,11,11,19,17,13,16,23,8,4,5,20,,,,,6,"Taylor, Stephanie M",,,,,,smt031000,stephanie taylor,General Chemistry II 
CHEM,1312,2,13,34,17,23,15,27,10,14,12,7,5,4,14,,,,1,3,"Huang, Yu",,,,,,yxh091220,yu huang,General Chemistry II 
CHEM,1316,HN1,8,8,3,4,1,2,,2,,,,,,,,,,0,"Sibert, John W",,,,,,sibertj,john sibert,Honors Freshman Chemistry II 
CHEM,2233,0W1,200,44,3,1,,,,,,,,,,,,,,2,"Wijenayake, Sumudu N","Panapitiya, Nimanka P",,,,,snw081000,sumudu wijenayake,Introductory Organic Chemistry Laboratory 
CHEM,2233,1,86,27,3,2,,,,,,,,,,,,,,2,"Cortes, Sergio",,,,,,scortes,sergio cortes,Introductory Organic Chemistry Laboratory 
CHEM,2233,3,89,28,11,3,,,,,,,,,,,,,,2,"Tran, Daniel N",,,,,,dnt019000,daniel tran,Introductory Organic Chemistry Laboratory 
CHEM,2233,2,103,32,6,1,,,,,,,,,1,,,,,0,"Panapitiya, Nimanka P",,,,,,npp081000,nimanka panapitiya,Introductory Organic Chemistry Laboratory 
CHEM,2237,HN1,8,2,,,,,,,,,,,,,,,,0,"Thompson, Christina M","Al-Kharji, Noora M",,,,,cmt120030,christina thompson,Honors Organic Chemistry Laboratory 
CHEM,2323,1,10,11,1,5,5,4,1,1,12,8,4,,25,,,,1,4,"Novak, Bruce M","Beck, Erling",,,,,bxn111230,bruce novak,Introductory Organic Chemistry I 
CHEM,2323,2,5,7,5,2,6,4,3,3,8,7,7,,32,,,,,8,"Novak, Bruce M",,,,,,bxn111230,bruce novak,Introductory Organic Chemistry I 
CHEM,2324,1,12,15,8,2,5,3,2,3,,2,1,,,,,,,0,"Wijenayake, Sumudu N","Li, Baowen",,,,,snw081000,sumudu wijenayake,Introductory Organic Chemistry for Engineers 
CHEM,2325,2,26,37,10,14,11,12,10,9,5,6,2,,,,,,,3,"Tran, Daniel N",,,,,,dnt019000,daniel tran,Introductory Organic Chemistry II 
CHEM,2325,3,30,39,9,19,12,13,10,1,3,1,1,,5,,,,,2,"Panapitiya, Nimanka P","Lumata, Jenica",,,,,npp081000,nimanka panapitiya,Introductory Organic Chemistry II 
CHEM,2325,4,8,24,11,14,13,12,21,6,10,7,9,7,2,,,,,1,"Ahn, Jung-Mo","Mihranyan, Andranik",,,,,jxa041100,jung mo ahn,Introductory Organic Chemistry II 
CHEM,2325,5,4,8,9,9,4,8,6,13,5,8,8,,17,,,,,6,"Cortes, Sergio","Trashi, Orikeda",,,,,scortes,sergio cortes,Introductory Organic Chemistry II 
CHEM,2325,1,10,26,15,18,15,8,9,9,12,9,4,,5,,,,1,2,"Thompson, Christina M",,,,,,cmt120030,christina thompson,Introductory Organic Chemistry II 
CHEM,2328,HN1,2,4,3,1,1,1,,,,,,,,,,,,0,"Biewer, Michael C","Popa, Marius S",,,,,biewerm,michael biewer,Honors Organic Chemistry II 
CHEM,2401,2,1,3,,5,1,5,1,2,2,,,,,,,,,0,"Pantano, Paul","Borah, Kongkona",,,,,pantano,paul pantano,Introductory Quantitative Methods in Chemistry 
CHEM,2401,3,1,6,2,3,,1,1,,1,1,1,1,2,,,,,0,"Dissanayake, Dushanthi S","Umer, Arslan",,,,,dxd122030,dushanthi dissanayake,Introductory Quantitative Methods in Chemistry 
CHEM,2401,4,1,1,3,3,3,3,3,1,1,,,,,,,,,0,"Pantano, Paul","Cahill, Marshall C",,,,,pantano,paul pantano,Introductory Quantitative Methods in Chemistry 
CHEM,3321,1,4,4,,3,4,5,3,6,2,,2,,6,,,,,0,"Nielsen, Steven O","Aranda, Aidely",,,,,son051000,steven nielsen,Physical Chemistry I 
CHEM,3322,1,26,14,,5,1,,2,2,,,,,5,,,,,1,"Cisneros, Gerardo A","Tran, Ly T",,,,,gac210005,gerardo cisneros,Physical Chemistry II 
CHEM,3362,1,,2,2,,4,2,,1,1,,,,,,,,,0,"Candas, Mehmet","Reitzer, Lawrence J","Petter, Andrew T","Sunder Singh, Jacqulene Preethi","Soladogun, Adedamola S",,candas,mehmet candas,Biochemistry II 
CHEM,3471,1,,7,,1,1,,,,1,,,,1,,,,,1,"Smaldone, Ronald A",,,,,,ras120030,ronald smaldone,Advanced Chemical Synthesis Laboratory 
CHEM,3472,1,1,,1,2,,2,,1,1,,,1,4,,,,,0,"Qin, Yanping","Hasna Begam, Mohammed Nazar","Arche, Phillip Damien E","Arora, Niyati","Igie, Nosakhare F",,yxq083000,yanping qin,Instrumental Analysis 
CHEM,3472,2,2,5,3,2,2,,,,,,,,,,,,,0,"Hashami, Zohreh","Arora, Niyati","Arche, Phillip Damien E","Igie, Nosakhare F","Hasna Begam, Mohammed Nazar",,zxh088000,zohreh hashami,Instrumental Analysis 
CHEM,4335,1,1,4,2,4,3,5,1,1,1,,,,,,,,,0,"Ferraris, John P","Igie, Nosakhare F",,,,,ferraris,john ferraris,Polymer Chemistry 
CHEM,4473,1,1,7,3,1,2,,,,,,,,,,,,,0,"Huang, Yu","Beck, Erling","Hagge, Laurel M","Koirala, Shailendra","Mefferd, Branston E","Stelling, Allison",yxh091220,yu huang,Physical Measurements Laboratory 
CHEM,4473,2,1,,1,3,1,2,1,1,2,,2,,,,,,,0,"Goux, Warren J","Huang, Yu","Koirala, Shailendra","Beck, Erling","Mefferd, Branston E","Hagge, Laurel M",wgoux,warren goux,Physical Measurements Laboratory 
CHEM,5310,1,,2,2,3,3,,,,,,,,,,,,,1,"Toher, Cormac","Aremu, Oluwakayode O",,,,,cxt210037,,Introduction to Programming for Chemistry 
CHEM,6100,1,,,,,,,,,,,,,,105,,,,0,"Romiti, Filippo",,,,,,fxr220003,filippo romiti,Chemistry Department Seminar 
CHEM,6389,1,,4,13,1,,,,,,,,,,,,,,0,"Balkus, Kenneth J",,,,,,balkus,kenneth balkus,Scientific Literature and Communication Skills 
CHIN,1312,1,1,1,1,3,,1,1,,,,,1,1,,,,,0,"Ye, Lijing",,,,,,lxy200006,lijing ye,Beginning Chinese II 
CHIN,2311,1,5,1,1,,,1,,2,,,,,,,,,,0,"Chen, Bei",,,,,,bxc152730,bei chen,Intermediate Chinese I 
CHIN,2312,1,7,7,2,,,,1,2,,,,,,,,,,0,"Chen, Bei",,,,,,bxc152730,bei chen,Intermediate Chinese II 
CLDP,2314,1,,2,1,2,1,,3,3,,,,,3,,,,,0,"Atchison, Kristin J","Brown, Tracy",,,,,kja042000,kristin atchison,Lifespan Development 
CLDP,3303,1,,8,,3,11,,2,4,,,2,,1,,,,,4,"Maguire, Mandy J","Thomas, Abbey L",,,,,mjm053000,mandy maguire,Normal Language Development 
CLDP,3305,1,,71,,,15,,,1,,,,,1,,,,,2,"Touchstone, Emily W","Quintero-Flores, Natalie B",,,,,exw010200,emily touchstone,Language and Literacy Development 
CLDP,3310,0W1,,14,,,,,,,,,,,,,,,,0,"Bonner, Deborah","Gholap, Neha P",,,,,dbonner,deborah bonner,Child Development 
CLDP,3332,1,4,6,9,4,5,,4,5,1,1,,,1,,,,,0,"Drew, Linda M","Whitley, Melia L",,,,,lmd102020,linda drew,Social and Personality Development 
CLDP,3338,1,,5,2,3,4,3,3,1,1,1,,1,2,,,,,1,"Tang, Alva","Sierra, Francisco J",,,,,axt220069,alva tang,Adolescence 
CLDP,3339,0H1,,5,2,1,5,1,1,3,,,3,,1,,,,,4,"Huxtable-Jester, Karen J","Macphail, Donald C",,,,,kxh014900,karen huxtable jester,Educational Psychology 
CLDP,3342,501,,26,5,4,5,2,1,,,,1,1,,,,,,0,"Bonner, Deborah","Gholap, Neha P",,,,,dbonner,deborah bonner,Exceptional Children 
CLDP,3362,1,4,19,5,4,1,,3,2,,,,,2,,,,,3,"Atchison, Kristin J","Redig, Samantha L",,,,,kja042000,kristin atchison,Cognitive Development 
CLDP,3394,0H1,,7,,,6,,,1,,,,,,,,,,0,"Grant, Meridith G","Taylor, Mackenzie B",,,,,mga061000,meridith grant,Research and Evaluation Methods 
CLDP,3394,0H2,,4,,,7,,,3,,,,,1,,,,,0,"Grant, Meridith G","Taylor, Mackenzie B",,,,,mga061000,meridith grant,Research and Evaluation Methods 
CLDP,4308,1,,15,,,8,,,2,,,2,,,,,,,0,"Touchstone, Emily W",,,,,,exw010200,emily touchstone,Language Disorders in Children 
CLDP,4344,1,1,19,4,4,6,2,,,,,1,,,,,,,0,"Hunsley, Jana",,,,,,jxh220032,jana hunsley,Child Psychopathology 
CLDP,4V90,1,,15,3,4,6,1,,3,,,,,1,,,,,0,"Hunsley, Jana",,,,,,jxh220032,jana hunsley,Special Topics in Child Learning and Development 
COMD,5344,1,,9,,1,,,,,,,,,,,,,,0,"Klimkowski, Hillary E",,,,,,hxd121330,hillary klimkowski,Anatomy and Physiology of Speech and Hearing 
COMD,6221,1,,49,31,19,3,2,,,,,,,,,,,,0,"Shembel, Adrianna C",,,,,,acs200005,,Voice Disorders 
COMD,6240,1,,59,,,,,,,,,,,,,,,,0,"Touchstone, Emily W",,,,,,exw010200,emily touchstone,Professional Issues in Speech Language Pathology 
COMD,6307,1,,10,,,,,,,,,,,,,,,,0,"Maguire, Mandy J","Denicola-Prechtl, Kathleen M",,,,,mjm053000,mandy maguire,Language Acquisition 
COMD,6308,1,,27,,,2,,,,,,,,,,,,1,0,"Rich, Judith B",,,,,,jbm014600,,Assessment and Intervention of Language Impairments in Preschool and School-Age Children 
COMD,6320,1,,30,,,2,,,,,,,,,,,,,0,"Smith, Irma E","Dean, Lucinda L",,,,,ieg011000,,Motor Speech Disorders 
COMD,6377,1,,25,,,2,,,,,,,,,,,,,0,"Kenedi, A Helen I","Sale, Felicity F",,,,,kenedi,,Neurogenic Communication Disorders I 
COMD,6378,1,,78,,,1,,,,,,,,,,,,,0,"Dean, Lucinda L","Sale, Felicity F",,,,,lxl018300,,Neurogenic Communication Disorders II 
COMD,7208,1,,18,,,,,,,,,,,,,,,,0,"Brown, Allison T",,,,,,aet052000,,Pediatric Dysphagia 
COMD,7221,1,,54,,,4,,,,,,,,,,,,,0,"Carter, Jessica A",,,,,,jar032000,,Preschool Intervention 
COMD,7222,1,,63,,,3,,,,,,,,,,,,,0,"Touchstone, Emily W",,,,,,exw010200,emily touchstone,Therapy Strategies for School-Age Children 
COMD,7301,501,,23,,,2,,,,,,,,,,,,,0,"Rich, Judith B",,,,,,jbm014600,,Public School Methods 
COMD,7307,1,,32,,,2,,,,,,,,,,,,,0,"Kenedi, A Helen I",,,,,,kenedi,,Advanced Topics in Adult Dysphagia 
COMD,7325,0W1,,19,5,6,,,,,,,,,,,,,,0,"Fowler, Stephanie L",,,,,,slr150030,,Hearing and Deafness 
COMD,7336,1,,21,1,1,1,,1,,,,,,,,,,,0,"Rollins, Pamela R",,,,,,rollins,pam rollins,Social Communication in Early Childhood Disorders 
COMD,7384,501,,23,,,,,,,,,,,,,,,,0,"Lombardi, Christina L",,,,,,tinalee,,Augmentative Communication 
COMD,7V56,1,,13,5,3,1,,,,,,,,,,,,,0,"Kelly, Sarah A",,,,,,sak131030,sarah kelly,Bilingual Speech-Language Assessment and Intervention 
COMM,1311,2,,1,2,5,5,3,2,1,,2,,,2,,,,,1,"Baker, Barbara L",,,,,,blb140430,barbara baker,Survey of Oral and Technology-based Communication 
COMM,1311,3,,3,9,3,3,1,1,,1,,,,1,,,,,2,"Baker, Barbara L",,,,,,blb140430,barbara baker,Survey of Oral and Technology-based Communication 
COMM,1311,5,4,10,5,2,1,,,2,,,,,,,,,,0,"Arnold, Robert",,,,,,bxa161430,bob arnold,Survey of Oral and Technology-based Communication 
COMM,1311,6,3,9,6,3,2,,1,,,,,,,,,,,0,"Totusek, Patricia F",,,,,,pft140030,patricia totusek,Survey of Oral and Technology-based Communication 
COMM,1311,0H2,8,11,1,,,,1,2,,,,,1,,,,,0,"Davis, Letitia A",,,,,,laa104020,letitia davis,Survey of Oral and Technology-based Communication 
COMM,1311,0H3,,11,5,2,1,3,,1,1,,,,,,,,,0,"Templeton, Allison A",,,,,,aam141730,allison templeton,Survey of Oral and Technology-based Communication 
COMM,1311,0H4,6,7,4,3,1,,,,1,1,,,,,,,,1,"Templeton, Allison A",,,,,,aam141730,allison templeton,Survey of Oral and Technology-based Communication 
COMM,1311,0H5,1,8,7,3,2,1,,2,,,,,,,,,,0,"Templeton, Allison A",,,,,,aam141730,allison templeton,Survey of Oral and Technology-based Communication 
COMM,1311,0W6,16,4,1,1,1,,,,,,,,1,,,,,0,"Vazzi, Lisa",,,,,,lxv160630,lisa vazzi,Survey of Oral and Technology-based Communication 
COMM,1311,4,2,6,8,1,3,1,,,,,,,,,,,,0,"Arnold, Robert",,,,,,bxa161430,bob arnold,Survey of Oral and Technology-based Communication 
COMM,1311,0W7,9,8,,1,,1,,,,,,,1,,,,,1,"Vazzi, Lisa",,,,,,lxv160630,lisa vazzi,Survey of Oral and Technology-based Communication 
COMM,1311,0W3,1,1,3,4,2,1,2,1,1,,,,4,,,,,2,"Williams, Alecia N",,,,,,axw124630,alecia williams,Survey of Oral and Technology-based Communication 
COMM,1311,0W9,,,1,3,,3,,5,,,,,8,,,,,2,"Williams, Alecia N",,,,,,axw124630,alecia williams,Survey of Oral and Technology-based Communication 
COMM,1311,0H1,6,8,1,2,1,1,,2,1,,,,,,,,,1,"Davis, Letitia A",,,,,,laa104020,letitia davis,Survey of Oral and Technology-based Communication 
COMM,1311,0W1,1,13,3,2,2,,1,,,,1,,,,,,,0,"Totusek, Patricia F",,,,,,pft140030,patricia totusek,Survey of Oral and Technology-based Communication 
COMM,1311,0W2,1,9,4,2,4,1,,1,,1,,,,,,,,0,"Templeton, Allison A",,,,,,aam141730,allison templeton,Survey of Oral and Technology-based Communication 
COMM,1311,0W4,8,9,3,,2,,,,1,,,,,,,,,0,"Tanner, Lari J",,,,,,ljt130130,lari tanner,Survey of Oral and Technology-based Communication 
COMM,1311,0W5,10,5,3,,,2,,,,,,,1,,,,,2,"Tanner, Lari J",,,,,,ljt130130,lari tanner,Survey of Oral and Technology-based Communication 
COMM,1311,0W8,1,7,4,,2,3,,,1,,,1,3,,,,,1,"Nash, Michelle A",,,,,,man200000,,Survey of Oral and Technology-based Communication 
COMM,1311,1,10,23,12,13,4,4,4,,1,3,,,3,,,,,2,"Totusek, Patricia F","Gregory, Mona Y","Nash, Michelle A",,,,pft140030,patricia totusek,Survey of Oral and Technology-based Communication 
COMM,1315,0H3,8,5,1,1,4,,1,2,,1,1,,,,,,,0,"Skiles, Bradley W",,,,,,bws150030,bradley skiles,Public Speaking 
COMM,1315,0H5,3,2,3,1,,4,2,,1,,,,2,,,,,6,"Aranda, Johnson",,,,,,jxa190020,johnson aranda,Public Speaking 
COMM,1315,0H1,24,3,2,,,1,,,,,,,,,,,,0,"Saenz, Michael A",,,,,,mas130030,michael saenz,Public Speaking 
COMM,1315,0W1,7,11,1,,1,1,,,,,,,,,,,,1,"Cannon, Charles",,,,,,cxc190014,charles cannon,Public Speaking 
COMM,1315,0H4,15,,2,2,,,1,2,,,,,,,,,,1,"Skiles, Bradley W",,,,,,bws150030,bradley skiles,Public Speaking 
COMM,1315,0H6,1,9,5,3,1,1,,,,1,,1,,,,,,1,"Sluder, Jeanne",,,,,,jis081000,jeanne sluder,Public Speaking 
COMM,1315,0W2,10,7,4,1,1,,,,,,,,,,,,,0,"Cannon, Charles",,,,,,cxc190014,charles cannon,Public Speaking 
COMM,1315,0W3,,6,5,2,3,2,1,1,,,,,2,,,,,1,"Bromberg, Mike",,,,,,mxb210046,mike bromberg,Public Speaking 
COMM,1315,0W4,,,,2,3,6,,2,1,2,1,,5,,,,,1,"Bromberg, Mike",,,,,,mxb210046,mike bromberg,Public Speaking 
COMM,1315,0H2,19,6,,,1,,,,,,,,2,,,,,0,"Saenz, Michael A",,,,,,mas130030,michael saenz,Public Speaking 
COMM,3340,1,3,9,2,1,,,,,1,,,,,,,,,0,"Totusek, Patricia F",,,,,,pft140030,patricia totusek,Small Group Communication 
COMM,4305,0W1,1,7,7,3,,,1,,1,,,,1,,,,,0,"Schlobohm, Maribeth L",,,,,,mls077000,maribeth (betsy) schlobohm,Communications Law 
COMM,4371,1,8,4,,,1,1,,1,2,1,,1,1,,,,,0,"King, Carie S",,,,,,cxl085200,carie king,Communication and Professionalism 
CRIM,1301,0W1,,6,8,1,8,10,1,11,7,,2,3,6,,,,,2,"Harris, Michelle N","Puddy, Haley N",,,,,mnh200001,michelle harris,Introduction to Criminal Justice 
CRIM,1301,1,9,21,14,7,12,5,1,2,2,,1,,,,,,,1,"Vasquez, Arthur G","Islam, Mohammad Touhidul",,,,,agv100020,arthur vasquez,Introduction to Criminal Justice 
CRIM,1307,1,13,22,16,7,7,4,1,1,,,,,,,,,,1,"Hull, Kerrie Ann",,,,,,kxh210033,kerrie ann hull,Introduction to Crime and Criminology 
CRIM,1307,0W1,1,15,19,12,7,8,3,2,2,1,,1,4,,,,,2,"Manuel, Samantha A",,,,,,sam160130,samantha manuel,Introduction to Crime and Criminology 
CRIM,2306,0W1,10,21,12,2,5,1,1,2,,,2,,3,,,,,0,"Geibler, Robert",,,,,,rxg210036,robert geibler,Criminal Law 
CRIM,2313,0W1,3,13,8,7,7,3,5,4,1,3,2,1,4,,,,,2,"Gordon, Quinn T",,,,,,qtg140030,quinn gordon,Police and Society 
CRIM,2316,1,16,5,3,2,2,,1,1,,,,,3,,,,,0,"Corey, Jessica",,,,,,jxc190009,jessica corey,Corrections 
CRIM,2317,0W1,34,9,,,3,,2,1,,,3,,4,,,,,1,"Rodriguez, Diana C",,,,,,dcr200002,,Criminal Prosecution and Court Process 
CRIM,3300,0W1,4,32,13,4,11,1,4,,,,1,,3,,,,,0,"Worrall, John L","Puddy, Haley N",,,,,jlw064000,john worrall,Crime and Civil Liberties 
CRIM,3301,0W1,16,38,10,7,2,,,1,,,,,2,,,,,1,"Park, Yeonjae",,,,,,yxp190004,yeonjae park,Theories of Justice 
CRIM,3302,0W1,4,15,4,6,6,4,,3,,2,,1,6,,,,1,0,"Lee, Yeungjeom","Escobedo, Allison E",,,,,yxl210021,,Advanced Criminology 
CRIM,3303,1,5,12,7,4,2,1,2,1,,,,,2,,,,,0,"Hamer, Karen",,,,,,kxh200012,karen hamer,Advanced Criminal Justice 
CRIM,3304,1,,1,,,1,,2,2,3,,1,,,,,,,0,"Kovandzic, Tomislav V",,,,,,tvk071000,tomislav kovandzic,Research Methods in Crime and Justice Studies 
CRIM,3307,1,32,5,5,2,,1,,,,,,,1,,,,,1,"Vasquez, Arthur G","Islam, Mohammad Touhidul",,,,,agv100020,arthur vasquez,Immigration and Crime 
CRIM,3309,1,46,3,1,2,,,1,3,,,,,,,,,,3,"Wilds, Katherine M",,,,,,kmw160130,katherine wilds,Media and Crime 
CRIM,3310,1,19,11,13,10,9,,1,,1,,,1,1,,,,,1,"Vasquez, Arthur G","Islam, Mohammad Touhidul",,,,,agv100020,arthur vasquez,Youth Crime and Justice 
CRIM,3312,1,2,1,1,3,8,7,3,5,1,2,2,1,,,,,,0,"Jacobs, Bruce A","Escobedo, Allison E",,,,,baj034000,bruce jacobs,Drugs and Crime 
CRIM,3319,1,2,11,5,1,7,2,1,4,1,,3,,1,,,,,1,"Dore, Gaetan",,,,,,gxd190016,gaetan dore,Comparative Justice Systems 
CRIM,3323,0W1,,4,12,10,15,6,8,10,2,2,3,,4,,,,,1,"Kovandzic, Tomislav V","Wang, Wenyi",,,,,tvk071000,tomislav kovandzic,Violence and Gun Control 
CRIM,4311,0W1,4,4,14,4,3,2,3,,,,,,3,,,,,0,"Burton, Alexander","Hong, Sunmin",,,,,axb210254,alexander burton,Crime and Justice Policy 
CRIM,4322,0H1,,4,9,8,4,1,5,2,1,1,2,,3,,,,,0,"Vieraitis, Lynne M","Van Blarcum, Lauren N",,,,,lmv071000,lynne vieraitis,Senior Research Seminar 
CRIM,4396,1,33,11,5,1,1,1,,,,,,,2,,,,,0,"Vasquez, Arthur G","Islam, Mohammad Touhidul",,,,,agv100020,arthur vasquez,Selected Topics in Criminology 
CRIM,6308,1,,12,3,,,,,,,,,,,,,,,0,"Harris, Michelle N",,,,,,mnh200001,michelle harris,Victimology 
CRIM,6311,1,,5,1,2,2,,,,,,,,,,,,,2,"Vieraitis, Lynne M",,,,,,lmv071000,lynne vieraitis,Crime and Justice Policy 
CRIM,6315,1,,8,1,,,,1,,,,,,,,,,,0,"Jacobs, Bruce A",,,,,,baj034000,bruce jacobs,Violent Crime 
CRIM,7307,1,,8,5,,,,,,,,,,,,,,,0,"Krajewski, Andrew T",,,,,,axk210064,andrew krajewski,Measures and Correlates of Crime 
CRIM,7315,1,,9,1,,,,,,,,,,,,,,,0,"Lee, Yeungjeom",,,,,,yxl210021,,Evidence-Based Crime Prevention 
CRWT,2301,1,1,4,2,1,3,,,1,2,,,,,,,,,1,"Brazeal Garza, Lauren E",,,,,,lxb190011,lauren brazeal garza,Introduction to Creative Writing 
CRWT,2301,2,6,,4,1,2,1,,,,,,,,,,,,1,"Momeniabdolabadi, Bahareh",,,,,,bxm180023,bahareh momeniabdolabadi,Introduction to Creative Writing 
CRWT,2301,3,9,2,,,,,,,1,,,,,,,,,0,"Baker, Matthew W",,,,,,mwb190002,matthew baker,Introduction to Creative Writing 
CRWT,2301,501,1,4,1,,1,1,1,,,,1,,1,,,,,1,"Brazeal Garza, Lauren E",,,,,,lxb190011,lauren brazeal garza,Introduction to Creative Writing 
CRWT,2301,4,10,2,1,1,,,,,,,,,,,,,,0,"Baker, Matthew W",,,,,,mwb190002,matthew baker,Introduction to Creative Writing 
CRWT,2301,5,4,3,,,2,,,1,,,,,4,,,,,0,"Momeniabdolabadi, Bahareh",,,,,,bxm180023,bahareh momeniabdolabadi,Introduction to Creative Writing 
CRWT,3306,1,6,5,3,,,,,,,,,,,,,,,0,"Martinez, Manuel L",,,,,,mlm160630,manuel martinez,Fiction Workshop 
CRWT,3306,2,10,1,2,,,,,,,,,,,,,,,1,"Munoz-Hunt, Toni",,,,,,txm109120,toni munoz,Fiction Workshop 
CRWT,3308,501,1,3,9,3,1,,1,,,,,,,,,,,0,"Hepola, Sarah",,,,,,sxh220092,,Nonfiction Workshop 
CRWT,3330,501,,,3,4,1,,,,,,,,2,,,,,3,"Vincent, Shelby D",,,,,,sdv034000,shelby vincent,Translation Workshop 
CRWT,3351,501,7,8,,,,,,,,,,,,,,,,0,"Faizullah, Tarfia",,,,,,txf220014,,Poetry Workshop 
CRWT,3354,1,,11,1,2,,,,,,,,,1,,,,,0,"Goldberg, Paula",,,,,,pxg180023,paula goldberg,Screenwriting Workshop 
CRWT,4307,1,11,1,3,,,,,,,,,,,,,,,0,"Ogbaa, Maurine",,,,,,mxo210004,maurine ogbaa,Advanced Fiction Workshop 
CRWT,4355,501,,11,2,1,1,,,,,,,,,,,,,0,"Goldberg, Paula",,,,,,pxg180023,paula goldberg,Advanced Screenwriting Workshop 
CS,1134,102,38,,10,,6,,,3,,,1,,2,,,,,0,"Arnold, Gordon L","Veerasamy, Jeyakesavan",,,,,gxa120930,gordon arnold,Computer Science Laboratory 
CS,1134,101,33,23,,4,1,,,1,,1,,,2,,,,,1,"Karrah, Shyam S",,,,,,skarrah,shyam karrah,Computer Science Laboratory 
CS,1136,106,14,8,5,4,2,2,1,1,3,,,1,6,,,,,3,"Srinivasan, Srimathi",,,,,,sxs180206,srimathi srinivasan,Computer Science Laboratory 
CS,1136,108,9,14,6,5,6,3,2,1,4,3,,,11,,,,,2,"Thompson, Laurie A",,,,,,lthomp,laurie thompson,Computer Science Laboratory 
CS,1136,101,24,15,,8,9,,2,,1,,2,,7,,,,,5,"Karrah, Shyam S",,,,,,skarrah,shyam karrah,Computer Science Laboratory 
CS,1325,501,21,6,10,3,7,9,2,2,6,2,,1,6,,,,,4,"Srinivasan, Srimathi",,,,,,sxs180206,srimathi srinivasan,Introduction to Programming 
CS,1325,1,,12,7,14,9,10,9,11,10,2,5,,11,,,,,2,"Solanki, Nidhiben M",,,,,,nxs121130,nidhiben solanki,Introduction to Programming 
CS,1334,2,28,8,9,8,6,2,,1,,2,,,2,,,,,0,"Arnold, Gordon L","Veerasamy, Jeyakesavan",,,,,gxa120930,gordon arnold,Programming Fundamentals for Non-Majors 
CS,1334,1,17,21,2,5,11,1,4,4,1,,,,2,,,,,1,"Karrah, Shyam S",,,,,,skarrah,shyam karrah,Programming Fundamentals for Non-Majors 
CS,1335,2,2,12,6,12,8,5,2,1,1,1,2,,,,,,,0,"Narayanasami, Priya",,,,,,pxn173330,priya narayanasami,Computer Science I for Non-majors 
CS,1335,1,10,9,10,7,9,6,6,4,1,,,1,5,,,,,2,"Narayanasami, Priya",,,,,,pxn173330,priya narayanasami,Computer Science I for Non-majors 
CS,1336,6,11,9,11,7,4,5,1,5,5,2,2,3,10,,,,,3,"Srinivasan, Srimathi",,,,,,sxs180206,srimathi srinivasan,Programming Fundamentals 
CS,1336,1,9,15,1,2,11,2,6,14,2,3,,,6,,,,1,5,"Karrah, Shyam S",,,,,,skarrah,shyam karrah,Programming Fundamentals 
CS,1336,8,1,5,3,1,9,2,2,7,3,3,4,2,24,,,,,11,"Thompson, Laurie A",,,,,,lthomp,laurie thompson,Programming Fundamentals 
CS,1337,501,3,5,4,6,8,5,4,5,3,1,1,,2,,,,,3,"Le, Khiem V",,,,,,kvl140030,khiem le,Computer Science I 
CS,1337,4,3,7,5,5,6,5,4,2,,3,2,,1,,,,,8,"Le, Khiem V",,,,,,kvl140030,khiem le,Computer Science I 
CS,1337,9,9,20,17,11,9,3,1,2,1,,,,,,,,,0,"Dollinger, Scott M",,,,,,smd013000,scott dollinger,Computer Science I 
CS,1337,5,9,4,7,4,15,5,4,5,4,1,,3,14,,,,,2,"Razo-Razo, Miguel Angel",,,,,,mrazora,miguel razo,Computer Science I 
CS,1337,6,5,8,12,6,9,7,12,12,,,,,4,,,,,2,"Veerasamy, Jeyakesavan",,,,,,veerasam,jeyakesavan veerasamy,Computer Science I 
CS,1337,7,1,13,3,2,2,4,1,2,,,1,,5,,,,,9,"Smith, Jason W",,,,,,jws130830,jason smith,Computer Science I 
CS,1337,8,3,10,2,2,1,2,,7,1,,3,1,7,,,,,11,"Smith, Jason W",,,,,,jws130830,jason smith,Computer Science I 
CS,1337,10,8,13,3,3,12,7,2,8,1,1,2,,2,,,,1,3,"DeGroot, Doug",,,,,,dxd180020,doug degroot,Computer Science I 
CS,1337,1,8,18,11,10,8,3,4,2,2,,,,2,,,,,3,"Dollinger, Scott M",,,,,,smd013000,scott dollinger,Computer Science I 
CS,1337,3,13,3,9,8,2,4,,5,2,3,,4,15,,,,,3,"Srinivasan, Srimathi",,,,,,sxs180206,srimathi srinivasan,Computer Science I 
CS,1337,2,8,2,11,3,6,8,5,7,6,7,2,2,6,,,,,2,"Razo-Razo, Miguel Angel",,,,,,mrazora,miguel razo,Computer Science I 
CS,1337,12,21,11,7,4,10,5,2,5,,,4,,4,,,,,4,"DeGroot, Doug",,,,,,dxd180020,doug degroot,Computer Science I 
CS,1337,11,5,8,5,4,8,7,3,4,4,1,3,,5,,,,,21,"Le, Khiem V",,,,,,kvl140030,khiem le,Computer Science I 
CS,2305,505,3,6,6,4,11,4,4,9,,1,1,1,6,,,,,2,"Willson, James",,,,,,jkw053000,james willson,Discrete Mathematics for Computing I 
CS,2305,503,2,4,7,6,12,6,15,7,5,,1,2,,,,,,0,"Chin, Wei-Pang",,,,,,wxc180013,wei pang chin,Discrete Mathematics for Computing I 
CS,2305,5,18,38,5,3,5,,2,,,,,,,,,,,0,"Farage, Timothy P",,,,,,tfarage,timothy farage,Discrete Mathematics for Computing I 
CS,2305,4,2,8,6,8,14,9,10,9,2,,2,1,2,,,,,0,"Chin, Wei-Pang",,,,,,wxc180013,wei pang chin,Discrete Mathematics for Computing I 
CS,2305,1,10,5,6,7,6,6,7,5,5,3,6,2,8,,,,,2,"Ouyang, Jessica J",,,,,,jjo190001,jessica ouyang,Discrete Mathematics for Computing I 
CS,2305,2,,2,,4,8,8,8,14,10,1,4,2,6,,,,,6,"Ntafos, Simeon C",,,,,,ntafos,simeon ntafos,Discrete Mathematics for Computing I 
CS,2305,501,9,18,3,4,14,3,2,9,,2,3,,5,,,,,2,"Willson, James",,,,,,jkw053000,james willson,Discrete Mathematics for Computing I 
CS,2305,3,2,9,8,7,20,11,11,3,3,,1,1,5,,,,,2,"Teo, Ka Yaw",,,,,,kyt140130,ka teo,Discrete Mathematics for Computing I 
CS,2305,502,1,5,4,5,5,9,20,14,4,3,2,1,16,,,,,6,"Ntafos, Simeon C",,,,,,ntafos,simeon ntafos,Discrete Mathematics for Computing I 
CS,2336,3,18,23,8,5,7,5,,2,,1,,,1,,,,,1,"Ricks, Brian",,,,,,bwr031000,brian ricks,Computer Science II 
CS,2336,2,15,14,12,7,8,4,2,1,2,2,,,5,,,,,2,"Ricks, Brian",,,,,,bwr031000,brian ricks,Computer Science II 
CS,2336,1,2,11,2,1,7,3,1,4,,2,1,,11,,,,,15,"Smith, Jason W",,,,,,jws130830,jason smith,Computer Science II 
CS,2336,502,12,12,8,13,4,5,3,4,3,1,,,8,,,,,0,"Arnold, Gordon L","Nouroz Borazjany, Mehra",,,,,gxa120930,gordon arnold,Computer Science II 
CS,2337,1,7,12,7,2,7,3,6,2,,1,5,,5,,,,,1,"Arnold, Gordon L","Cole, John P",,,,,gxa120930,gordon arnold,Computer Science II 
CS,2340,3,14,7,5,7,8,5,5,,3,,2,,1,,,,,0,"Karami, Gity",,,,,,gxk180009,gity karami,Computer Architecture 
CS,2340,4,,13,8,2,6,4,6,7,1,,7,,5,,,,,1,"Nguyen, Nhut",,,,,,nhutnn,nhut nguyen,Computer Architecture 
CS,2340,1,,21,14,8,9,7,6,,3,,,,2,,,,,1,"Jaffal, Wafa",,,,,,wxj210000,wafa jaffal,Computer Architecture 
CS,2340,6,,26,6,11,15,7,4,1,,,,,1,,,,,0,"Jaffal, Wafa",,,,,,wxj210000,wafa jaffal,Computer Architecture 
CS,2340,HN1,3,10,4,2,1,,,,,,,,1,,,,,1,"Nguyen, Nhut",,,,,,nhutnn,nhut nguyen,Computer Architecture 
CS,2340,5,1,10,,3,7,2,,7,,,4,,10,,,,,16,"Cole, John P","Perry, Jonathan J",,,,,jxc064000,john cole,Computer Architecture 
CS,2340,501,3,14,,9,2,10,7,6,4,,5,,,,,,,0,"Nguyen, Nhut",,,,,,nhutnn,nhut nguyen,Computer Architecture 
CS,2340,502,12,13,19,2,2,5,4,3,1,1,,,,,,,,0,"Mazidi, Karen J",,,,,,kjm160430,karen mazidi,Computer Architecture 
CS,2340,2,5,12,3,2,6,5,2,5,5,6,9,,2,,,,,1,"Zhao, Yi",,,,,,zhao,yi zhao,Computer Architecture 
CS,3162,53,21,28,11,8,5,,2,1,,,1,,,,,,,0,"Min, Richard K",,,,,,rkm010300,richard min,Professional Responsibility in Computer Science and Software Engineering 
CS,3162,54,55,19,1,2,,,2,1,1,,,,,,,,,0,"Debroy, Vidroha",,,,,,vxd024000,vidroha debroy,Professional Responsibility in Computer Science and Software Engineering 
CS,3162,51,17,26,5,6,4,2,,,,,,,,,,,,0,"Min, Richard K",,,,,,rkm010300,richard min,Professional Responsibility in Computer Science and Software Engineering 
CS,3162,52,47,14,4,2,,,3,1,1,1,,,2,,,,,0,"Debroy, Vidroha",,,,,,vxd024000,vidroha debroy,Professional Responsibility in Computer Science and Software Engineering 
CS,3162,91,42,13,11,4,1,1,,1,,2,,1,2,,,,,0,"Debroy, Vidroha",,,,,,vxd024000,vidroha debroy,Professional Responsibility in Computer Science and Software Engineering 
CS,3162,92,38,16,6,5,2,2,,2,,,,1,4,,,,,2,"Debroy, Vidroha",,,,,,vxd024000,vidroha debroy,Professional Responsibility in Computer Science and Software Engineering 
CS,3162,93,43,7,15,5,5,1,1,,,,,,2,,,,,0,"Min, Richard K",,,,,,rkm010300,richard min,Professional Responsibility in Computer Science and Software Engineering 
CS,3305,3,4,8,4,10,8,2,5,2,2,1,1,,1,,,,,1,"Satpute, Meghana N",,,,,,mns086000,meghana satpute,Discrete Mathematics for Computing II 
CS,3305,1,4,17,7,8,8,3,3,17,,,1,2,3,,,,,7,"Jue, Jason P",,,,,,jjue,jason jue,Discrete Mathematics for Computing II 
CS,3305,2,11,14,17,14,13,9,6,11,,,,,,,,,,0,"Satpute, Meghana N",,,,,,mns086000,meghana satpute,Discrete Mathematics for Computing II 
CS,3305,5,10,15,12,16,27,4,8,2,1,,,,,,,,,0,"Satpute, Meghana N",,,,,,mns086000,meghana satpute,Discrete Mathematics for Computing II 
CS,3305,HON,7,13,8,2,1,,,,,,,,1,,,,,1,"Prakash, Ravi",,,,,,ravip,ravi prakash,Discrete Mathematics for Computing II 
CS,3305,501,9,11,7,4,9,2,1,10,,,3,1,9,,,,,1,"Willson, James",,,,,,jkw053000,james willson,Discrete Mathematics for Computing II 
CS,3305,6,10,6,17,13,4,8,4,6,,,,,1,,,,,2,"Chitturi, Bhadrachalam",,,,,,chalam,chitturi bhadrachalam,Discrete Mathematics for Computing II 
CS,3341,3,24,20,13,11,8,6,2,3,1,1,1,,,,,,,0,"Lutz, Kevin C","Kaluduwage, Madhavi Dilshani Anuruddhika F",,,,,kcl170000,kevin lutz,Probability and Statistics in Computer Science and Software Engineering 
CS,3341,4,1,5,8,8,13,14,11,6,8,7,5,1,2,,,,,1,"Guo, Huizhen","Anjum, Sharaf",,,,,hxg190020,huizhen guo,Probability and Statistics in Computer Science and Software Engineering 
CS,3341,2,13,25,15,12,13,6,6,6,1,,,,2,,,,,1,"Lutz, Kevin C","Li, Jiacheng",,,,,kcl170000,kevin lutz,Probability and Statistics in Computer Science and Software Engineering 
CS,3341,5,4,5,3,4,6,1,2,6,,2,1,1,3,,,,,0,"Jiang, Shengjie","Rajapakshage, Himasha Miurangi Wickramarathn",,,,,sxj220069,shengjie jiang,Probability and Statistics in Computer Science and Software Engineering 
CS,3341,501,1,8,5,6,11,13,6,10,5,1,5,1,9,,,,,2,"Guo, Huizhen","Ju, Xinxin",,,,,hxg190020,huizhen guo,Probability and Statistics in Computer Science and Software Engineering 
CS,3341,1,28,9,11,6,8,10,3,5,1,,1,1,5,,,,,0,"Jiang, Shengjie","Tong, Ran",,,,,sxj220069,shengjie jiang,Probability and Statistics in Computer Science and Software Engineering 
CS,3345,6,13,8,12,10,6,1,,2,1,2,,,1,,,,,0,"Feng, Ranran",,,,,,rxf090020,ranran feng,Data Structures and Introduction to Algorithmic Analysis 
CS,3345,502,10,19,7,7,10,3,,,,,,,,,,,,0,"Khan, Kamran Z","Wang, Guanghua","Kamal, Minhas",,,,kkhan,ziaullah khan,Data Structures and Introduction to Algorithmic Analysis 
CS,3345,503,20,6,6,9,3,5,,4,,,1,,1,,,,,2,"Mohamed, Omar","Omidi, Zahra",,,,,oxh210004,omar hamdy,Data Structures and Introduction to Algorithmic Analysis 
CS,3345,3,7,7,8,10,11,9,2,2,,,1,,2,,,,,0,"Satpute, Meghana N",,,,,,mns086000,meghana satpute,Data Structures and Introduction to Algorithmic Analysis 
CS,3345,1,7,12,10,6,8,3,7,3,2,,3,,,,,,,1,"Ozbirn, Greg A",,,,,,ozbirn,greg ozbirn,Data Structures and Introduction to Algorithmic Analysis 
CS,3345,5,3,10,8,9,3,10,3,2,1,,1,,3,,,,,1,"Feng, Ranran",,,,,,rxf090020,ranran feng,Data Structures and Introduction to Algorithmic Analysis 
CS,3345,7,,35,,,18,,,,,,,,1,,,,,0,"Belkoura, Mohamed Amine",,,,,,mxb135330,mohamed amine belkoura,Data Structures and Introduction to Algorithmic Analysis 
CS,3345,501,4,11,10,9,9,10,,,,,,,1,,,,,0,"Khan, Kamran Z","Wang, Guanghua","Kamal, Minhas",,,,kkhan,ziaullah khan,Data Structures and Introduction to Algorithmic Analysis 
CS,3345,4,6,11,10,7,4,8,3,1,,2,,,2,,,,,2,"Zhao, Yi",,,,,,zhao,yi zhao,Data Structures and Introduction to Algorithmic Analysis 
CS,3345,2,2,4,11,9,4,4,4,6,5,2,4,,2,,,,,3,"Zhao, Yi",,,,,,zhao,yi zhao,Data Structures and Introduction to Algorithmic Analysis 
CS,3354,3,1,12,7,3,11,1,1,1,,,,,,,,,,0,"Cankaya, Ebru","Guo, Hung-Jui",,,,,exc067000,ebru cankaya,Software Engineering 
CS,3354,502,9,,8,7,10,7,,2,3,1,,,,,,,,0,"Christiansen, Michael G",,,,,,mgc013000,michael christiansen,Software Engineering 
CS,3354,2,6,18,15,6,3,3,1,,,,,,,,,,,0,"Narayanasami, Priya",,,,,,pxn173330,priya narayanasami,Software Engineering 
CS,3354,501,11,11,5,4,3,7,4,2,,,3,,3,,,,,0,"Christiansen, Michael G",,,,,,mgc013000,michael christiansen,Software Engineering 
CS,3354,5,44,5,1,1,,1,1,1,,,,,,,,,,1,"Peterson, Erik A",,,,,,eap190004,erik peterson,Software Engineering 
CS,3354,7,33,11,8,5,1,,1,,,1,,,2,,,,,0,"Veerasamy, Jeyakesavan",,,,,,veerasam,jeyakesavan veerasamy,Software Engineering 
CS,3354,4,8,3,10,3,8,6,1,,2,1,1,2,3,,,,,2,"Nouroz Borazjany, Mehra",,,,,,mxn143230,mehra borazjany,Software Engineering 
CS,3354,1,1,11,11,5,13,5,6,2,,1,,,,,,,,0,"Paulk, Mark C",,,,,,mcp130030,mark paulk,Software Engineering 
CS,3377,503,,13,,5,25,,6,4,,,1,,3,,,,,3,"Belkoura, Mohamed Amine",,,,,,mxb135330,mohamed amine belkoura,Systems Programming in UNIX and Other Environments 
CS,3377,4,4,5,9,16,10,9,1,5,,,1,1,1,,,,,1,"Min, Richard K",,,,,,rkm010300,richard min,Systems Programming in UNIX and Other Environments 
CS,3377,2,27,23,13,2,1,1,1,,,,,,2,,,,,0,"Dollinger, Scott M",,,,,,smd013000,scott dollinger,Systems Programming in UNIX and Other Environments 
CS,3377,504,5,38,6,6,4,4,2,2,2,1,,,,,,,,1,"Peterson, Erik A",,,,,,eap190004,erik peterson,Systems Programming in UNIX and Other Environments 
CS,3377,3,16,12,10,6,2,7,1,13,,,3,1,3,,,,,0,"Veerasamy, Jeyakesavan",,,,,,veerasam,jeyakesavan veerasamy,Systems Programming in UNIX and Other Environments 
CS,3377,501,30,24,16,1,2,2,,3,,,1,,,,,,,0,"Dollinger, Scott M",,,,,,smd013000,scott dollinger,Systems Programming in UNIX and Other Environments 
CS,3377,506,1,20,9,6,8,4,2,2,1,3,3,3,5,,,,,4,"Alagar, Sridhar",,,,,,sxa173731,sridhar alagar,Systems Programming in UNIX and Other Environments 
CS,3377,507,13,14,17,7,8,3,2,6,,,,,4,,,,1,0,"Veerasamy, Jeyakesavan",,,,,,veerasam,jeyakesavan veerasamy,Systems Programming in UNIX and Other Environments 
CS,3377,505,2,15,8,2,7,6,6,6,1,1,2,2,8,,,,,10,"Alagar, Sridhar",,,,,,sxa173731,sridhar alagar,Systems Programming in UNIX and Other Environments 
CS,4141,101,16,2,1,1,,,,,,,,,,,,,,0,"Becker, Eric W","Hosseini, Seyyed Mohammadsaleh","Cai, Yuchen","Khargonkar, Ninad Arun","Ashtiani, Omeed E","Singh, Ranveer",ewb160130,eric becker,Digital Systems Laboratory 
CS,4141,102,9,4,1,2,2,2,,,,,,,,,,,,0,"Becker, Eric W","Cai, Yuchen","Singh, Ranveer","Ashtiani, Omeed E","Hosseini, Seyyed Mohammadsaleh","Khargonkar, Ninad Arun",ewb160130,eric becker,Digital Systems Laboratory 
CS,4141,103,10,5,2,3,,,,,,,,,,,,,,0,"Becker, Eric W","Cai, Yuchen","Singh, Ranveer","Hosseini, Seyyed Mohammadsaleh","Khargonkar, Ninad Arun","Ashtiani, Omeed E",ewb160130,eric becker,Digital Systems Laboratory 
CS,4141,104,5,7,2,4,2,,,,,,,,,,,,,0,"Becker, Eric W","Cai, Yuchen","Singh, Ranveer","Ashtiani, Omeed E","Hosseini, Seyyed Mohammadsaleh","Khargonkar, Ninad Arun",ewb160130,eric becker,Digital Systems Laboratory 
CS,4141,105,6,9,1,2,1,1,,,,,,,,,,,,0,"Becker, Eric W","Cai, Yuchen","Singh, Ranveer","Ashtiani, Omeed E","Hosseini, Seyyed Mohammadsaleh","Khargonkar, Ninad Arun",ewb160130,eric becker,Digital Systems Laboratory 
CS,4141,106,4,5,5,1,1,2,,,,2,,,,,,,,0,"Becker, Eric W","Cai, Yuchen","Singh, Ranveer","Ashtiani, Omeed E","Hosseini, Seyyed Mohammadsaleh","Khargonkar, Ninad Arun",ewb160130,eric becker,Digital Systems Laboratory 
CS,4141,107,7,8,2,2,,,1,,,,,,,,,,,0,"Becker, Eric W","Cai, Yuchen","Singh, Ranveer","Ashtiani, Omeed E","Hosseini, Seyyed Mohammadsaleh","Khargonkar, Ninad Arun",ewb160130,eric becker,Digital Systems Laboratory 
CS,4141,108,13,3,4,,,,,,,,,,,,,,,0,"Becker, Eric W","Cai, Yuchen","Singh, Ranveer","Ashtiani, Omeed E","Hosseini, Seyyed Mohammadsaleh","Khargonkar, Ninad Arun",ewb160130,eric becker,Digital Systems Laboratory 
CS,4141,109,8,5,3,2,1,,,,,,,,,,,,,1,"Becker, Eric W","Cai, Yuchen","Singh, Ranveer","Ashtiani, Omeed E","Hosseini, Seyyed Mohammadsaleh","Khargonkar, Ninad Arun",ewb160130,eric becker,Digital Systems Laboratory 
CS,4141,110,11,5,2,,2,,,,,,,,,,,,,0,"Becker, Eric W","Cai, Yuchen","Singh, Ranveer","Ashtiani, Omeed E","Hosseini, Seyyed Mohammadsaleh","Khargonkar, Ninad Arun",ewb160130,eric becker,Digital Systems Laboratory 
CS,4141,111,11,7,1,,,,,,1,,,,,,,,,0,"Becker, Eric W","Cai, Yuchen","Singh, Ranveer","Ashtiani, Omeed E","Hosseini, Seyyed Mohammadsaleh","Khargonkar, Ninad Arun",ewb160130,eric becker,Digital Systems Laboratory 
CS,4141,112,15,4,1,,,,,,,,,,,,,,,0,"Becker, Eric W","Cai, Yuchen","Singh, Ranveer","Ashtiani, Omeed E","Hosseini, Seyyed Mohammadsaleh","Khargonkar, Ninad Arun",ewb160130,eric becker,Digital Systems Laboratory 
CS,4141,113,8,6,1,1,2,,,1,1,,,,,,,,,0,"Becker, Eric W","Cai, Yuchen","Singh, Ranveer","Ashtiani, Omeed E","Hosseini, Seyyed Mohammadsaleh","Khargonkar, Ninad Arun",ewb160130,eric becker,Digital Systems Laboratory 
CS,4141,601,5,9,,2,1,,,2,,,,,1,,,,,0,"Becker, Eric W","Cai, Yuchen","Singh, Ranveer","Ashtiani, Omeed E","Hosseini, Seyyed Mohammadsaleh","Khargonkar, Ninad Arun",ewb160130,eric becker,Digital Systems Laboratory 
CS,4141,602,5,2,2,4,5,,1,,,,,,1,,,,,0,"Becker, Eric W","Cai, Yuchen","Singh, Ranveer","Ashtiani, Omeed E","Hosseini, Seyyed Mohammadsaleh","Khargonkar, Ninad Arun",ewb160130,eric becker,Digital Systems Laboratory 
CS,4141,603,9,4,1,3,,1,1,,,,,1,,,,,,0,"Becker, Eric W","Cai, Yuchen","Singh, Ranveer","Ashtiani, Omeed E","Hosseini, Seyyed Mohammadsaleh","Khargonkar, Ninad Arun",ewb160130,eric becker,Digital Systems Laboratory 
CS,4141,604,13,3,,1,1,,,,,,,,1,,,,,1,"Becker, Eric W","Cai, Yuchen","Singh, Ranveer","Ashtiani, Omeed E","Hosseini, Seyyed Mohammadsaleh","Khargonkar, Ninad Arun",ewb160130,eric becker,Digital Systems Laboratory 
CS,4141,605,9,5,1,2,,1,,1,,,,1,,,,,,0,"Becker, Eric W","Cai, Yuchen","Singh, Ranveer","Ashtiani, Omeed E","Hosseini, Seyyed Mohammadsaleh","Khargonkar, Ninad Arun",ewb160130,eric becker,Digital Systems Laboratory 
CS,4141,606,12,2,,4,,1,,,,1,,,,,,,,0,"Becker, Eric W","Cai, Yuchen","Singh, Ranveer","Ashtiani, Omeed E","Hosseini, Seyyed Mohammadsaleh","Khargonkar, Ninad Arun",ewb160130,eric becker,Digital Systems Laboratory 
CS,4141,607,1,4,2,3,4,4,1,,1,,,,,,,,,0,"Becker, Eric W","Cai, Yuchen","Singh, Ranveer","Ashtiani, Omeed E","Hosseini, Seyyed Mohammadsaleh","Khargonkar, Ninad Arun",ewb160130,eric becker,Digital Systems Laboratory 
CS,4141,608,2,4,1,2,4,3,1,1,1,,,1,,,,,,0,"Becker, Eric W","Cai, Yuchen","Singh, Ranveer","Ashtiani, Omeed E","Hosseini, Seyyed Mohammadsaleh","Khargonkar, Ninad Arun",ewb160130,eric becker,Digital Systems Laboratory 
CS,4141,609,9,6,1,1,2,,,,,,1,,,,,,,0,"Becker, Eric W","Khargonkar, Ninad Arun","Hosseini, Seyyed Mohammadsaleh","Ashtiani, Omeed E","Singh, Ranveer","Cai, Yuchen",ewb160130,eric becker,Digital Systems Laboratory 
CS,4141,610,2,5,2,3,4,2,,1,,,,,1,,,,,0,"Becker, Eric W","Cai, Yuchen","Singh, Ranveer","Ashtiani, Omeed E","Hosseini, Seyyed Mohammadsaleh","Khargonkar, Ninad Arun",ewb160130,eric becker,Digital Systems Laboratory 
CS,4141,HON,3,6,4,2,1,,1,1,,,,,1,,,,,0,"Becker, Eric W","Cai, Yuchen","Singh, Ranveer","Ashtiani, Omeed E","Hosseini, Seyyed Mohammadsaleh","Khargonkar, Ninad Arun",ewb160130,eric becker,Digital Systems Laboratory 
CS,4301,1,1,4,12,7,1,3,4,,3,1,,1,3,,,,,1,"Desmedt, Yvo G","Dhulipala, Hridya",,,,,ygd120030,yvo desmedt,Special Topics in Computer Science 
CS,4301,2,3,12,5,1,7,2,1,2,1,,,,4,,,,,3,"Jee, Kangkook",,,,,,kxj190011,kangkook jee,Special Topics in Computer Science 
CS,4332,1,73,5,,,,1,2,,,,,,1,,,,,0,"Feng, Ranran","Hossen, Md Helal","Yasmeen, Arowa",,,,rxf090020,ranran feng,Introduction to Programming Video Games 
CS,4337,502,5,10,7,6,9,8,2,1,3,1,1,,4,,,,,0,"Salazar, Elmer E","Wang, Guanghua",,,,,ees101020,elmer salazar,Programming Language Paradigms 
CS,4337,505,1,12,6,8,10,10,7,6,3,3,,,1,,,,,0,"Davis, Chris I","Rath, Avilash S",,,,,cid021000,chris davis,Programming Language Paradigms 
CS,4337,501,4,7,7,10,7,9,7,1,5,,2,,8,,,,,2,"Salazar, Elmer E","Wang, Guanghua","Rahman, Fariha Ishrat",,,,ees101020,elmer salazar,Programming Language Paradigms 
CS,4337,1,18,12,8,7,8,2,2,4,3,,3,,1,,,,,2,"Karami, Gity","Liu, Ximeng",,,,,gxk180009,gity karami,Programming Language Paradigms 
CS,4337,504,,12,8,9,10,15,6,2,6,3,,,,,,,1,0,"Davis, Chris I","Sidheekh, Sahil","Rath, Avilash S",,,,cid021000,chris davis,Programming Language Paradigms 
CS,4337,HON,4,9,6,1,,3,1,,,,,,1,,,,,0,"Davis, Chris I","Delaram, Zeinab",,,,,cid021000,chris davis,Programming Language Paradigms 
CS,4337,503,8,8,5,8,7,5,3,,2,1,,1,2,,,,,0,"Min, Richard K","Sidheekh, Sahil",,,,,rkm010300,richard min,Programming Language Paradigms 
CS,4337,506,4,13,6,13,7,6,8,,2,3,,,1,,,,1,1,"Davis, Chris I","Delaram, Zeinab",,,,,cid021000,chris davis,Programming Language Paradigms 
CS,4341,2,30,15,7,4,7,4,,3,,,5,,,,,,,0,"Mohamed, Omar","Omidi, Zahra",,,,,oxh210004,omar hamdy,Digital Logic and Computer Design 
CS,4341,1,,5,3,7,17,5,7,17,1,3,12,2,1,,,,,0,"Cankaya, Ebru","Dhulipala, Hridya","Golivand Darvishvand, Fateme",,,,exc067000,ebru cankaya,Digital Logic and Computer Design 
CS,4341,503,27,18,8,2,8,3,,7,,,3,,3,,,,1,0,"Mohamed, Omar","Omidi, Zahra",,,,,oxh210004,omar hamdy,Digital Logic and Computer Design 
CS,4341,HON,3,2,2,5,2,,,2,1,,1,,1,,,,,0,"Cankaya, Ebru",,,,,,exc067000,ebru cankaya,Digital Logic and Computer Design 
CS,4341,501,26,13,10,6,4,3,,9,,,5,,2,,,,,0,"Mohamed, Omar","Omidi, Zahra",,,,,oxh210004,omar hamdy,Digital Logic and Computer Design 
CS,4341,502,21,23,13,7,3,1,2,,3,,1,,3,,,,,1,"Becker, Eric W",,,,,,ewb160130,eric becker,Digital Logic and Computer Design 
CS,4341,3,19,12,11,9,4,10,1,4,4,,1,,3,,,,,1,"Karami, Gity","Golivand Darvishvand, Fateme",,,,,gxk180009,gity karami,Digital Logic and Computer Design 
CS,4347,2,3,3,12,9,16,12,3,1,,1,,,,,,,,0,"Yuruk, Nurcan",,,,,,nxy140530,nurcan yuruk,Database Systems 
CS,4347,3,25,19,8,1,3,,1,2,,1,,,,,,,,0,"Becker, Eric W","Birsan, Vlad I",,,,,ewb160130,eric becker,Database Systems 
CS,4347,1,29,19,6,2,3,,1,,,1,,,,,,,,0,"Becker, Eric W","Birsan, Vlad I",,,,,ewb160130,eric becker,Database Systems 
CS,4347,5,3,13,7,9,13,8,4,2,1,,1,,,,,,,0,"Kumar, Pushpa S","Birashk, Amin","Huang, Yongtao",,,,pkumar,pushpa kumar,Database Systems 
CS,4347,501,4,2,1,3,1,,1,1,,,,,,,,,,1,"Omer, Jalal S",,,,,,jso016000,jalal omer,Database Systems 
CS,4347,503,9,6,4,4,9,2,2,5,6,2,1,,1,,,,,0,"Omer, Jalal S",,,,,,jso016000,jalal omer,Database Systems 
CS,4347,4,3,11,3,7,18,4,4,5,2,,,,,,,,,0,"Kumar, Pushpa S","Birashk, Amin",,,,,pkumar,pushpa kumar,Database Systems 
CS,4347,6,10,9,9,18,3,6,,,1,,,,1,,,,,2,"Wu, Wei L","Li, Xiao","Wang, Wenting",,,,wxw020100,weili wu,Database Systems 
CS,4348,501,3,8,7,4,10,6,5,4,4,3,2,2,,,,,,3,"Ozbirn, Greg A","Bin Munir, Muhaimin","Pallapothula, Likhitha",,,,ozbirn,greg ozbirn,Operating Systems Concepts 
CS,4348,503,3,8,9,4,8,8,6,5,2,2,2,,4,,,,2,2,"Pathak, Jogen K","Vasireddy, Siva Sai Nagender",,,,,jkp210004,jogen pathak,Operating Systems Concepts 
CS,4348,2,,4,6,9,10,9,7,4,6,4,4,1,3,,,,,0,"Ozbirn, Greg A","Bin Munir, Muhaimin",,,,,ozbirn,greg ozbirn,Operating Systems Concepts 
CS,4348,1,6,8,11,9,11,10,4,3,4,,1,,,,,,,2,"Ozbirn, Greg A","Pallapothula, Likhitha",,,,,ozbirn,greg ozbirn,Operating Systems Concepts 
CS,4348,502,,2,,1,1,,,2,1,,4,,8,,,,,1,"Yen, I-Ling","Hatfield, Cody R",,,,,ilyen,yen i ling,Operating Systems Concepts 
CS,4348,4,5,20,21,2,4,3,,,,,,,1,,,,2,0,"Salazar, Elmer E","Dakshit, Sristi",,,,,ees101020,elmer salazar,Operating Systems Concepts 
CS,4348,3,14,19,18,1,4,2,,1,,1,1,,,,,,,0,"Salazar, Elmer E","Dakshit, Sristi","Mahmud, Saif Uddin",,,,ees101020,elmer salazar,Operating Systems Concepts 
CS,4348,5,31,20,1,11,,,,,,1,1,1,,,,,,0,"DeGroot, Doug","Lee, Yi-Hui","Lee, Jaeseong",,,,dxd180020,doug degroot,Operating Systems Concepts 
CS,4349,4,6,40,4,11,7,,,1,,,,,,,,,,1,"Du, Ding Z","Wang, Wenting",,,,,dxd056000,ding zhu du,Advanced Algorithm Design and Analysis 
CS,4349,6,10,8,6,13,6,6,8,7,3,1,1,,1,,,,,0,"Chitturi, Bhadrachalam",,,,,,chalam,chitturi bhadrachalam,Advanced Algorithm Design and Analysis 
CS,4349,5,9,19,20,16,4,2,1,,,,,,,,,,,1,"Erbatur, Serdar",,,,,,sxe190003,serdar erbatur,Advanced Algorithm Design and Analysis 
CS,4349,3,1,2,3,1,2,2,,2,1,,,,,,,,,0,"Chitturi, Bhadrachalam",,,,,,chalam,chitturi bhadrachalam,Advanced Algorithm Design and Analysis 
CS,4349,502,3,8,6,6,2,6,6,5,9,,3,1,1,,,,,3,"Chitturi, Bhadrachalam",,,,,,chalam,chitturi bhadrachalam,Advanced Algorithm Design and Analysis 
CS,4349,1,2,7,29,20,8,1,1,,,,,,,,,,,0,"Chida, Anjum","Singh, Harsh","Mahmud, Saif Uddin",,,,axc157030,anjum chida,Advanced Algorithm Design and Analysis 
CS,4349,2,3,16,23,15,10,1,,,,,,,,,,,,1,"Chida, Anjum","Singh, Harsh",,,,,axc157030,anjum chida,Advanced Algorithm Design and Analysis 
CS,4353,0W1,54,7,2,,,,,,,,,,,,,,,0,"Orrick, Erika D",,,,,,edo042000,erika orrick,Human-Computer Interaction II 
CS,4361,1,3,19,7,6,27,1,4,6,3,1,,,,,,,,0,"Kumar, Pushpa S","Allu, Sai Haneesh",,,,,pkumar,pushpa kumar,Computer Graphics 
CS,4365,1,5,14,12,9,6,9,9,7,6,,3,,7,,,,,3,"Ng, Yu Chung Vincent","Li, Shengjie",,,,,ycn041000,vincent ng,Artificial Intelligence 
CS,4365,HON,4,8,6,2,4,2,1,,1,,,,,,,,,0,"Ng, Yu Chung Vincent","Li, Shengjie","Kobayashi, Hideo",,,,ycn041000,vincent ng,Artificial Intelligence 
CS,4365,4,2,6,11,5,6,3,2,1,1,2,1,1,4,,,,1,3,"Guo, Yunhui","Xu, Ouyang",,,,,yxg220013,yunhui guo,Artificial Intelligence 
CS,4365,2,6,20,25,10,10,2,1,1,,,,,1,,,,1,1,"Chida, Anjum","Aggarwal, Alakh","Bansal, Rishita",,,,axc157030,anjum chida,Artificial Intelligence 
CS,4365,3,6,27,28,15,3,2,,,,,3,,,,,,,2,"Chida, Anjum","Yang, Wooseong",,,,,axc157030,anjum chida,Artificial Intelligence 
CS,4375,2,27,3,10,3,12,3,4,3,1,,2,,2,,,,,0,"Karami, Gity","Dakshit, Sagnik",,,,,gxk180009,gity karami,Introduction to Machine Learning 
CS,4375,3,4,13,1,9,8,2,6,3,4,4,4,,7,,,,,5,"Chen, Feng","Jiang, Kai",,,,,fxc190007,feng chen,Introduction to Machine Learning 
CS,4375,4,17,17,16,7,3,2,3,1,1,1,1,,,,,,,1,"Mazidi, Karen J","Xu, Ouyang",,,,,kjm160430,karen mazidi,Introduction to Machine Learning 
CS,4375,501,11,23,4,5,12,4,7,1,2,,,,,,,,,1,"Khan, Kamran Z","Kamal, Minhas",,,,,kkhan,ziaullah khan,Introduction to Machine Learning 
CS,4375,502,20,18,4,3,11,5,2,4,1,,1,,,,,,,1,"Khan, Kamran Z","Kamal, Minhas",,,,,kkhan,ziaullah khan,Introduction to Machine Learning 
CS,4375,503,16,19,11,9,7,4,2,,,,,,,,,,1,1,"Nagar, Anurag","Kobayashi, Hideo",,,,,axn112530,anurag nagar,Introduction to Machine Learning 
CS,4376,1,2,11,9,10,15,8,5,2,1,,2,,,,,,,0,"Paulk, Mark C","Alshomar, Ahmad",,,,,mcp130030,mark paulk,Object-Oriented Design 
CS,4376,2,4,6,14,16,19,11,7,4,1,,,,,,,,,0,"Paulk, Mark C","Abdeljaber, Luay","Chen, Zizhao",,,,mcp130030,mark paulk,Object-Oriented Design 
CS,4384,504,10,19,14,15,4,2,1,,,,,,,,,,,0,"Erbatur, Serdar",,,,,,sxe190003,serdar erbatur,Automata Theory 
CS,4384,501,10,10,10,5,14,7,7,4,3,4,1,1,3,,,,,1,"Willson, James","Perry, Jonathan J","Rathnasuriya, Ravishka S",,,,jkw053000,james willson,Automata Theory 
CS,4384,502,26,13,13,9,9,3,4,2,1,,,,,,,,,0,"Stallbohm, Zachary E","Maadugundu, Meghana Spurthi",,,,,zxs110030,zach stallbohm,Automata Theory 
CS,4384,503,11,32,23,7,4,1,1,,,,,1,,,,,,0,"Erbatur, Serdar",,,,,,sxe190003,serdar erbatur,Automata Theory 
CS,4384,1,56,26,6,2,,,,,,,,,,,,,,0,"Farage, Timothy P","Singhal, Yatharth",,,,,tfarage,timothy farage,Automata Theory 
CS,4384,HON,7,8,4,5,2,3,1,,,,,,,,,,,1,"Huynh, Dung T","Kimbrell, Keegan M",,,,,huynh,dung huynh,Automata Theory 
CS,4386,501,2,11,2,4,6,3,2,3,2,1,4,1,1,,,,,0,"Gupta, Neeraj K","Lee, Jaeseong",,,,,nkg140130,neeraj gupta,Compiler Design 
CS,4390,3,,10,1,10,11,10,3,6,2,1,,,1,,,,,1,"Solanki, Nidhiben M","Kimbrell, Keegan M",,,,,nxs121130,nidhiben solanki,Computer Networks 
CS,4390,4,,17,9,9,8,6,4,4,4,,,,2,,,,,0,"Solanki, Nidhiben M","Rathnasuriya, Ravishka S",,,,,nxs121130,nidhiben solanki,Computer Networks 
CS,4390,1,,35,21,5,3,,,,,,,,,,,,,0,"Farago, Andras","Mukherjee, Kunal",,,,,farago,andras farago,Computer Networks 
CS,4390,501,2,6,2,3,8,4,7,7,8,3,6,,2,,,,,0,"Cobb, Jorge A","Deniz, Omer Faruk",,,,,jcobb,jorge cobb,Computer Networks 
CS,4390,2,5,3,4,4,12,11,9,9,4,1,1,,1,,,,,1,"Le, Khiem V","Li, Congzhou",,,,,kvl140030,khiem le,Computer Networks 
CS,4391,1,28,25,12,3,1,1,3,3,,1,,,1,,,,,2,"Feng, Ranran",Jishnu J,"Guo, Hung-Jui","Rahman, Fariha Ishrat",,,rxf090020,ranran feng,Introduction to Computer Vision 
CS,4393,1,2,12,4,4,5,3,3,10,5,,5,,1,,,,,2,"Nguyen, Nhut",,,,,,nhutnn,nhut nguyen,Computer and Network Security 
CS,4395,1,32,21,15,8,4,5,1,1,2,,,1,,,,,,0,"Mazidi, Karen J","Alshomar, Ahmad","Pham, Truong Q",,,,kjm160430,karen mazidi,Human Language Technologies 
CS,4396,1,4,13,11,13,15,2,3,6,,3,1,,1,,,,,1,"Sarac, Kamil","Das, Souvik",,,,,kxs028100,kamil sarac,Networking Laboratory 
CS,4398,1,5,6,3,3,4,3,11,6,,,,,2,,,,,2,"Gupta, Neeraj K","Huang, Yongtao",,,,,nkg140130,neeraj gupta,Digital Forensics 
CS,4485,0W1,147,209,76,26,39,9,5,2,14,2,2,1,1,,,,,2,"Razo-Razo, Miguel Angel","Yuruk, Nurcan","Cole, John P","Nagar, Anurag","Alagar, Sridhar","Thompson, Laurie A",mrazora,miguel razo,Computer Science Project 
CS,5333,501,,5,2,5,5,1,3,4,,,,,,,,,,0,"Chin, Wei-Pang",,,,,,wxc180013,wei pang chin,Discrete Structures 
CS,5343,2,,29,7,2,14,8,4,2,,,,,2,,,,,1,"Gupta, Neeraj K",,,,,,nkg140130,neeraj gupta,Algorithm Analysis and Data Structures 
CS,5343,1,,31,5,6,19,3,3,3,,,,,3,,,,,0,"Gupta, Neeraj K",,,,,,nkg140130,neeraj gupta,Algorithm Analysis and Data Structures 
CS,5348,501,,5,1,2,2,,,,,,,,,,,,1,0,"Yen, I-Ling","Hatfield, Cody R",,,,,ilyen,yen i ling,Operating Systems Concepts 
CS,6301,1,,20,,,,,,,,,,,,,,,,0,"Ricks, Brian",,,,,,bwr031000,brian ricks,Special Topics in Computer Science 
CS,6301,4,,56,10,1,1,,,,,,,,,,,,,0,"Du, Xinya","Lee, Yi-Hui",,,,,xxd220001,xinya du,Special Topics in Computer Science 
CS,6301,3,,88,10,2,,,,,,,,,,,,,,0,"Alagar, Sridhar","Song, Zihe",,,,,sxa173731,sridhar alagar,Special Topics in Computer Science 
CS,6301,2,,104,1,4,1,,,,,,,,,,,,,0,"Thuraisingham, Bhavani M","Wang, Yigong",,,,,bxt043000,bhavani thuraisingham,Special Topics in Computer Science 
CS,6304,1,,1,2,10,,,,,,,,,,,,,,0,"Basu, Kanad","Si, Qilin",,,,,kxb190012,kanad basu,Computer Architecture 
CS,6305,1,,37,2,2,,,,,,,,,,,,,,0,"Cankaya, Ebru","Hossen, Md Helal",,,,,exc067000,ebru cankaya,Data Security and Privacy for Practitioners 
CS,6307,501,,15,9,1,,,,,,,,,,,,,,0,"Nagar, Anurag","Pham, Truong Q",,,,,axn112530,anurag nagar,Introduction to Big Data Management and Analytics for non CS-Majors 
CS,6308,501,,19,6,1,,1,,,,,,,,,,,,1,"Ricks, Brian","Li, Congzhou",,,,,bwr031000,brian ricks,Cyber Physical Systems and Critical Infrastructure Security for Practitioners 
CS,6313,2,,87,10,11,5,1,2,3,,,,,,,,,,0,"Chen, Min","Rahman, Nusma","Thomas, Yaga S",,,,mxc136030,min chen,Statistical Methods for Data Science 
CS,6313,1,,50,14,16,13,7,7,6,,,,,,,,,,0,"Chen, Min","Thomas, Yaga S","Rahman, Nusma",,,,mxc136030,min chen,Statistical Methods for Data Science 
CS,6314,501,,33,47,28,2,,,,,,,,,,,,,0,"Min, Richard K","Alshammary, Mitha H",,,,,rkm010300,richard min,Web Programming Languages 
CS,6319,1,,12,13,2,1,1,,,,,,,,,,,,0,"Raichel, Benjamin A","Malouf, Brian D",,,,,bar150630,benjamin raichel,Computational Geometry 
CS,6320,2,,20,28,10,2,,1,,,,,,1,,,,,0,"Harabagiu, Sanda M","Weinzierl, Maxwell A",,,,,sanda,sanda harabagiu,Natural Language Processing 
CS,6320,1,,20,3,7,12,7,,2,,,,,1,,,,,0,"Moldovan, Dan I","Li, Ruosen",,,,,moldovan,dan moldovan,Natural Language Processing 
CS,6322,1,,46,18,2,,1,,1,,,,,,,,,,0,"Harabagiu, Sanda M","Weinzierl, Maxwell A",,,,,sanda,sanda harabagiu,Information Retrieval 
CS,6324,1,,27,7,6,6,2,3,4,,,,,9,,,,,2,"Kim, Chung Hwan","Mohan, Sudharssan T","Mukherjee, Kunal",,,,cxk200010,,Information Security 
CS,6326,1,,14,6,2,15,1,,2,,,,,1,,,,,0,"Cole, John P","Perry, Jonathan J",,,,,jxc064000,john cole,Human Computer Interactions 
CS,6334,1,,51,16,7,8,7,7,3,,,,,,,,,,0,"Kim, Jin R","Singhal, Yatharth","Bhardwaj, Ayush",,,,jrk200002,jin ryong kim,Virtual Reality 
CS,6340,1,,11,4,2,1,,1,1,,,,,,,,,,0,"Haas, Zygmunt J",,,,,,zjh130030,zygmunt haas,Wireless Networks 
CS,6347,1,,19,,5,1,1,3,1,,,,,,,,,,8,"Ruozzi, Nicholas R","Abdeljaber, Luay",,,,,nrr150130,nicholas ruozzi,Statistical Methods in AI and Machine Learning 
CS,6348,1,,35,26,6,6,,,,,,,,1,,,,,0,"Kantarcioglu, Murat","Das, Souvik","Kadoi, Takemaru",,,,mxk055100,murat kantarcioglu,Data and Applications Security 
CS,6349,1,,29,25,12,3,6,,,,,,,,,,,,0,"Hao, Shuang","Guo, Hung-Jui",,,,,sxh178730,shuang hao,Network Security 
CS,6350,2,,43,34,3,,,,,,,,,,,,,,0,"Nagar, Anurag","Chung, Yu-Yen",,,,,axn112530,anurag nagar,Big Data Management and Analytics 
CS,6350,1,,28,45,22,11,1,,,,,,,,,,,,1,"Khan, Latifur R","Irtiza, Saquib",,,,,lkhan,latifur khan,Big Data Management and Analytics 
CS,6353,1,,43,9,3,2,,1,2,,,,,,,,,,0,"Wei, Shiyi","Soles, Dakota J",,,,,sxw174630,shiyi wei,Compiler Construction 
CS,6356,1,,27,7,,,,,,,,,,,,,,,0,"Marcus, Andrian","Miao, Miao",,,,,axm141731,andrian marcus,Software Maintenance  Evolution  and Re-Engineering 
CS,6359,1,,2,6,9,3,,,,,,,,1,,,,,0,"Nouroz Borazjany, Mehra",,,,,,mxn143230,mehra borazjany,Object-Oriented Analysis and Design 
CS,6359,2,,6,3,5,4,6,1,1,,,,,2,,,,,0,"Zalila-Wenkstern, Rym","Bansal, Rishita",,,,,rmili,rym zalila wenkstern,Object-Oriented Analysis and Design 
CS,6360,1,,33,14,17,6,3,1,,,,,,,,,,,1,"Yuruk, Nurcan",,,,,,nxy140530,nurcan yuruk,Database Design 
CS,6360,M01,,3,1,,6,1,,,,,,,,,,,,0,"Cole, John P",,,,,,jxc064000,john cole,
CS,6360,5,,26,1,5,5,5,2,3,,,,,,,,,,0,"Omer, Jalal S","Hsu, Chih-Wei","Wang, Zilong",,,,jso016000,jalal omer,Database Design 
CS,6360,2,,21,10,18,9,,,1,,,,,,,,,,0,"Wu, Wei L","Li, Xiao",,,,,wxw020100,weili wu,Database Design 
CS,6360,3,,30,8,9,10,4,3,4,,,,,1,,,,,1,"Omer, Jalal S","Hsu, Chih-Wei",,,,,jso016000,jalal omer,Database Design 
CS,6361,1,,1,11,8,11,1,,,,,,,,,,,,0,"Chung, Lawrence","Kolluri, Kirthy",,,,,chung,lawrence chung,Advanced Requirements Engineering 
CS,6363,4,,29,21,14,1,,,,,,,,,,,,,0,"Erbatur, Serdar",,,,,,sxe190003,serdar erbatur,Design and Analysis of Computer Algorithms 
CS,6363,501,,15,7,17,12,12,2,,,,,,,,,,,0,"Bereg, Sergey","Malouf, Brian D",,,,,sxb027100,sergey bereg,Design and Analysis of Computer Algorithms 
CS,6363,1,,14,9,5,4,2,,,,,,,2,,,,,1,"Huynh, Dung T","Chen, Tiantian",,,,,huynh,dung huynh,Design and Analysis of Computer Algorithms 
CS,6363,502,,20,4,10,7,,,1,,,,,,,,,,1,"Du, Ding Z","Chen, Tiantian",,,,,dxd056000,ding zhu du,Design and Analysis of Computer Algorithms 
CS,6363,3,,18,16,11,11,4,1,,,,,,3,,,,,0,"Fox, Kyle J","Aggarwal, Alakh",,,,,kjf170230,emily fox,Design and Analysis of Computer Algorithms 
CS,6364,1,,27,3,1,5,6,,,,,,,,,,,,0,"Moldovan, Dan I","Li, Ruosen",,,,,moldovan,dan moldovan,Artificial Intelligence 
CS,6364,2,,22,17,8,10,4,1,1,,,,,1,,,,,0,"Schweitzer, Haim","Dasgupta, Sopam",,,,,haim,haim schweitzer,Artificial Intelligence 
CS,6366,1,,16,5,,3,16,3,2,,,,,,,,,,13,"Guo, Xiaohu","Wang, Zilong",,,,,xxg061000,xiaohu guo,Computer Graphics 
CS,6367,1,,54,4,2,1,2,1,1,,,,,,,,,,0,"Wong, Weichen E","Chen, Zizhao","Li, Dongcheng","Hsu, Chih-Wei",,,wew021000,weichen wong,Software Testing  Validation and Verification 
CS,6371,1,,1,3,3,5,3,1,,,,,,2,,,,,2,"Hamlen, Kevin W",,,,,,kxh060100,kevin hamlen,Advanced Programming Languages 
CS,6374,1,,29,,10,3,2,,,,,,,,,,,,1,"Gupta, Gopal","Shah, Rutvij D",,,,,gupta,gopal gupta,Computational Logic 
CS,6375,2,,17,19,44,26,1,1,,,,,,,,,,12,0,"Natarajan, Sriraam","Prabhakar, Nikhilesh",,,,,sxn177430,sriraam natarajan,Machine Learning 
CS,6375,4,,13,4,3,2,5,,2,,,,,2,,,,,1,"Gogate, Vibhav G","Dakshit, Sagnik",,,,,vxg112130,vibhav gogate,Machine Learning 
CS,6375,3,,7,12,8,4,1,,,,,,,1,,,,,1,"Iyer, Rishabh K","Jiang, Kai",,,,,rki190000,rishabh iyer,Machine Learning 
CS,6375,6,,13,4,10,12,4,1,2,,,,,1,,,,,1,"Schweitzer, Haim","Dasgupta, Sopam",,,,,haim,haim schweitzer,Machine Learning 
CS,6378,1,,15,14,9,15,1,2,,,,,,1,,,,,1,"Prakash, Ravi","Miao, Miao",,,,,ravip,ravi prakash,Advanced Operating Systems 
CS,6380,1,,17,11,8,9,4,,1,,,,,1,,,,,2,"Mittal, Neeraj","Miao, Miao","Deniz, Omer Faruk",,,,nxm020100,neeraj mittal,Distributed Computing 
CS,6384,2,,51,7,1,1,,,,,,,,,,,,,0,"Xiang, Yu",Jishnu J,,,,,yxx210005,yu xiang,Computer Vision 
CS,6384,1,,95,4,,,,,,,,,,,,,,,1,"Tian, Yapeng","Deng, Shijian",,,,,yxt220013,yapeng tian,Computer Vision 
CS,6385,0W1,,69,3,2,1,1,,2,,,,,,,,,,0,"Farago, Andras","Garg, Priyanshi",,,,,farago,andras farago,Algorithmic Aspects of Telecommunication Networks 
CS,6396,1,,4,2,6,8,2,,,,,,,,,,,,0,"Bastani, Farokh B","Hatfield, Cody R",,,,,bastani,farokh bastani,Real-Time Systems 
CS,7301,1,,10,,,,,,,,,,,,,,,,0,"Prabhakaran, Balakrishnan",,,,,,praba,balakrishnan prabhakaran,Recent Advances in Computing 
DANC,1305,HN1,15,5,2,1,,1,,,,,,,1,,,,,0,"Saba, Monica M",,,,,,msaba,monica saba,Introduction to World Dance Forms 
DANC,1310,0H1,2,17,,1,5,1,1,2,1,,,,,,,,,0,"Saba, Monica M",,,,,,msaba,monica saba,Understanding Dance 
DANC,1310,2,15,22,,3,4,,,1,1,1,,,1,,,,,1,"Johnson, Melissa A",,,,,,maj140430,melissa johnson,Understanding Dance 
DANC,1310,1,6,16,,6,3,,3,4,,1,1,,7,,,,,0,"De Jesus, Marquita S",,,,,,msd053000,marquita jesus,Understanding Dance 
DANC,2321,1,12,5,,,,,,,,,,,,,,,,1,"Owens, Misty",,,,,,mxo122530,misty owens,Stretch  Conditioning  Alignment 
DANC,2332,1,8,4,,1,,1,,,,,,,,,,,,0,"Ewert-Pittman, Anna M",,,,,,ame190001,,Modern Dance 1 
DANC,2333,0H1,8,1,,,1,,,,,,,,,,,,,0,"Owens, Misty",,,,,,mxo122530,misty owens,Jazz Dance 1 
DANC,2334,1,11,,,1,2,,,,1,,,,2,,,,,1,"Johnson, Melissa A",,,,,,maj140430,melissa johnson,Ballet 1 
DANC,3336,0H1,17,1,,,,,,,,,,,,,,,,0,"Owens, Misty",,,,,,mxo122530,misty owens,Latin Social Dance 
ECON,2301,1,3,14,8,5,6,,4,5,,,1,1,,,,,,1,"Li, Ji",,,,,,jxl190007,ji li,Principles of Macroeconomics 
ECON,2301,2,9,25,8,13,23,5,7,18,8,2,4,,4,,,,,4,"Ketsler, Luba","Sadeghi, Ali",,,,,lxk010300,luba ketsler,Principles of Macroeconomics 
ECON,2301,501,1,5,7,6,8,3,1,1,1,,7,,3,,,,,0,"Bing, Yuanchen",,,,,,yxb190006,yuanchen bing,Principles of Macroeconomics 
ECON,2301,3,9,31,7,10,21,8,2,9,1,1,8,,5,,,,,2,"Ketsler, Luba","Yinusa, Jamiu A",,,,,lxk010300,luba ketsler,Principles of Macroeconomics 
ECON,2302,502,6,3,7,7,7,6,4,3,,,,,2,,,,,0,"Lu, Yundi",,,,,,yxl190042,,Principles of Microeconomics 
ECON,2302,3,,8,7,4,7,2,3,5,5,3,2,1,1,,,,,0,"Morgan, Lynn A",,,,,,lam180002,lynn morgan,Principles of Microeconomics 
ECON,2302,2,29,50,19,5,9,4,1,5,,,2,,1,,,,,0,"McElroy, Susan K","Mou, Hao","Hou, Shengting",,,,skm028000,susan mcelroy,Principles of Microeconomics 
ECON,2302,1,22,50,9,12,20,3,2,5,2,,1,,3,,,,,0,"McElroy, Susan K","Mou, Hao","Hou, Shengting",,,,skm028000,susan mcelroy,Principles of Microeconomics 
ECON,3310,1,3,3,1,,2,1,1,,1,,2,,3,,,,,0,"Hedlund, Sven",,,,,,jxh180030,jonas hedlund,Intermediate Microeconomic Theory 
ECON,3310,2,7,,1,4,2,2,,,1,1,1,1,3,,,,,2,"Hedlund, Sven",,,,,,jxh180030,jonas hedlund,Intermediate Microeconomic Theory 
ECON,3311,501,2,3,,3,2,,2,,1,,,,3,,,,,0,"Fu, Nan",,,,,,nxf190002,,Intermediate Macroeconomic Theory 
ECON,3311,1,,6,1,,2,2,1,1,1,,,,2,,,,1,1,"Sul, Donggyu",,,,,,dxs093000,donggyu sul,Intermediate Macroeconomic Theory 
ECON,3315,1,5,17,2,3,2,2,2,5,1,2,,2,1,,,,,0,"Beron, Kurt J","Clement, Nan Z",,,,,kberon,kurt beron,Sports Economics 
ECON,3330,1,8,14,8,8,15,4,4,7,,,1,,1,,,,,3,"Ketsler, Luba",,,,,,lxk010300,luba ketsler,Economics of Health 
ECON,3330,2,6,32,10,8,7,3,1,4,,,1,,2,,,,,0,"Ketsler, Luba",,,,,,lxk010300,luba ketsler,Economics of Health 
ECON,3338,1,,19,6,3,2,1,2,6,1,,,,1,,,,,0,"Burton, Anne M",,,,,,axb210050,anne burton,Economics of Crime 
ECON,4301,1,7,14,,,7,,4,6,1,,2,1,4,,1,,,1,"Siqueira, Kevin J","Yu, Yiqun",,,,,kjs064000,kevin siqueira,Game Theory 
ECON,4302,1,2,3,1,3,5,1,3,1,1,1,,,,,,,,1,"Giertz, Seth","Li, Zhuoqun",,,,,sxg154831,seth giertz,Urban and Regional Economics 
ECON,4320,1,4,8,7,1,5,,,2,1,,,,,,,,,1,"McElroy, Susan K","Mou, Hao","Hou, Shengting",,,,skm028000,susan mcelroy,Public Sector Economics 
ECON,4340,1,,20,,,,,,,,,,,,,,,,0,"Andrews, Rodney J","Arce, Daniel G",,,,,rja091000,rodney andrews,Labor Economics and Human Resources 
ECON,4345,1,8,5,1,,1,2,,6,,,,,1,,,,,0,"Miller, Darwin W",,,,,,dwm052000,darwin miller,Industrial Organization 
ECON,4351,1,2,10,2,,5,,,4,,1,2,,,,,,,0,"Grover, William C",,,,,,wcg071000,william grover,Mathematical Economics 
ECON,4355,1,5,5,5,3,1,,2,2,,2,,1,1,,,,,1,"Li, Dong","Islam, Azharul",,,,,dxl145430,dong li,Econometrics 
ECON,4381,501,2,17,4,2,7,1,1,2,,1,2,,1,,,,,1,"Grover, William C",,,,,,wcg071000,william grover,History of Economic Ideas 
ECON,4385,0H1,15,7,1,,,,1,,,,1,,,,,,,0,"Panovska, Irina B","Barua Soni, Prajyna P",,,,,ixp190001,irina panovska,Business and Economic Forecasting 
ECON,4396,1,3,2,4,3,1,,,,,,,,,,,,,0,"Zhang, Pengfei","Zhao, Xingyuan",,,,,pxz220003,pengfei zhang,Selected Topics in Economics 
ECON,5322,501,,3,,2,4,2,,,,,,,1,,,,,0,"Granados, Camilo",,,,,,cxg220001,,Macroeconomic Theory for Applications 
ECON,6306,501,,6,2,1,1,1,,,,,,,1,,,,,0,"Grover, William C",,,,,,wcg071000,william grover,Applied Econometrics 
ECON,6309,1,,7,2,3,1,1,,,,,,,,,,,,0,"Sul, Donggyu",,,,,,dxs093000,donggyu sul,Econometrics I 
ECON,7311,1,,9,,,,,,,,,,,,,,,,1,"Li, Dong",,,,,,dxl145430,dong li,Special Topics in Econometric and Spatial Analysis 
ECS,3390,1,,2,5,5,3,2,1,1,,,,,,,,,,0,"Crowder, Wade A",,,,,,wac010100,wade crowder,Professional and Technical Communication 
ECS,3390,4,4,4,3,,1,1,1,2,,,,1,1,,,,,1,"Glauser, Janece B",,,,,,jbg130030,janece glauser,Professional and Technical Communication 
ECS,3390,5,2,3,2,2,1,3,,,,,,,2,,,,,4,"Glauser, Janece B",,,,,,jbg130030,janece glauser,Professional and Technical Communication 
ECS,3390,6,1,13,2,,3,,,,,,,,,,,,,0,"Johnson, Janet L",,,,,,jlj065000,janet johnson,Professional and Technical Communication 
ECS,3390,8,2,5,4,3,1,,2,1,1,,,,,,,,,0,"Glauser, Janece B",,,,,,jbg130030,janece glauser,Professional and Technical Communication 
ECS,3390,9,2,14,1,,,,,1,,,,,,,,,,1,"Johnson, Janet L",,,,,,jlj065000,janet johnson,Professional and Technical Communication 
ECS,3390,10,3,5,1,,1,2,1,2,1,,,,3,,,,,0,"Glauser, Janece B",,,,,,jbg130030,janece glauser,Professional and Technical Communication 
ECS,3390,501,,9,5,1,2,1,1,,,,,,,,,,,0,"Coppersmith, Syd",,,,,,sxc123831,syd coppersmith,Professional and Technical Communication 
ECS,3390,502,,11,5,,1,,,,,,,,,,,,,2,"Scally, Deborah A",,,,,,das,deborah scally,Professional and Technical Communication 
ECS,3390,503,,9,2,2,3,1,1,,,,,,,,,,,1,"Scally, Deborah A",,,,,,das,deborah scally,Professional and Technical Communication 
ECS,3390,504,1,10,3,1,2,1,,,,,,,,,,,,1,"Coppersmith, Syd",,,,,,sxc123831,syd coppersmith,Professional and Technical Communication 
ECS,3390,0H2,6,10,1,1,,,,1,,,,,,,,,,0,"Montgomery, Christina F",,,,,,cxm190022,christina montgomery,Professional and Technical Communication 
ECS,3390,0H4,,8,4,1,1,,2,,1,2,,,,,,,,0,"Johnson, Janet L",,,,,,jlj065000,janet johnson,Professional and Technical Communication 
ECS,3390,0H5,9,4,2,2,1,,,,,,,,1,,,,,0,"Hartmann, Jonathan",,,,,,jxh190042,jonathan hartmann,Professional and Technical Communication 
ECS,3390,0H6,8,7,1,1,,,,,,,,,,,,,,2,"Hernandez-Katz, Melissa M",,,,,,mhkatz,melissa hernandez katz,Professional and Technical Communication 
ECS,3390,0H7,11,3,,1,1,,,,,,,1,1,,,,,1,"Montgomery, Christina F",,,,,,cxm190022,christina montgomery,Professional and Technical Communication 
ECS,3390,0H8,,13,4,,1,,,,,,,,,,,,,1,"Johnson, Janet L",,,,,,jlj065000,janet johnson,Professional and Technical Communication 
ECS,3390,0H9,7,6,3,,3,,,,,,,,,,,,,0,"Hartmann, Jonathan",,,,,,jxh190042,jonathan hartmann,Professional and Technical Communication 
ECS,3390,0W6,2,9,3,3,,,,1,,,,,1,,,,,0,"Schlobohm, Maribeth L",,,,,,mls077000,maribeth (betsy) schlobohm,Professional and Technical Communication 
ECS,3390,HN1,7,9,,,,,1,,,,,,2,,,,,0,"Johnson, Janet L",,,,,,jlj065000,janet johnson,Professional and Technical Communication 
ECS,3390,0W2,2,20,15,14,9,4,2,4,2,1,,,5,,,,,2,"Ryan, Christopher J",,,,,,cxr088000,christopher ryan,Professional and Technical Communication 
ECS,3390,5W1,5,29,16,6,10,1,6,1,,1,1,1,2,,,,,1,"Scally, Deborah A",,,,,,das,deborah scally,Professional and Technical Communication 
ECS,3390,0H1,,1,1,,,2,1,,1,,,,4,,,,,1,"Glauser, Janece B",,,,,,jbg130030,janece glauser,Professional and Technical Communication 
ECS,3390,0H3,3,3,3,1,4,2,,,,1,,,,,,,,0,"Glauser, Janece B",,,,,,jbg130030,janece glauser,Professional and Technical Communication 
ECS,3390,0W5,2,8,3,,2,1,,1,,,,,,,,,,0,"Schlobohm, Maribeth L",,,,,,mls077000,maribeth (betsy) schlobohm,Professional and Technical Communication 
ECS,3390,3,,2,2,1,6,2,,2,,,,,3,,,,,0,"Crowder, Wade A",,,,,,wac010100,wade crowder,Professional and Technical Communication 
ECS,3390,0W4,5,7,5,1,,,,,,,,,,,,,,0,"Schlobohm, Maribeth L",,,,,,mls077000,maribeth (betsy) schlobohm,Professional and Technical Communication 
ECS,3390,0S1,,11,2,3,1,,,,,,,,,,,,,1,"Ryan, Christopher J",,,,,,cxr088000,christopher ryan,Professional and Technical Communication 
ECS,3390,0W1,,7,15,9,13,12,3,5,1,,2,,10,,,,,1,"Ryan, Christopher J",,,,,,cxr088000,christopher ryan,Professional and Technical Communication 
ECS,3390,0W3,17,28,18,1,4,4,2,3,,,1,,,,,,,1,"Scally, Deborah A",,,,,,das,deborah scally,Professional and Technical Communication 
ED,3314,1,1,5,10,2,,2,1,,,,,,,,,,,0,"Gladden, Terri S",,,,,,tsg200001,terri gladden,The American Public School 
ED,3314,501,3,5,7,,4,3,,,1,,,,,,,,,0,"Gladden, Terri S",,,,,,tsg200001,terri gladden,The American Public School 
ED,3315,0W1,,27,,,1,,,1,,,,,1,,,,,0,"Leek, Patricia A",,,,,,santine,patricia leek,Children s Literature 
ED,3315,0W2,,21,2,3,1,,,1,1,,,,1,,,,,0,"Leek, Patricia A",,,,,,santine,patricia leek,Children s Literature 
ED,3339,1,,12,4,5,3,1,,1,2,,1,,1,,,,,0,"McNeel, Michele E",,,,,,mem210009,michele mcneel,Educational Psychology for Teachers 
ED,3340,501,7,4,3,1,3,2,,,1,,,1,1,,,,,0,"Le, Brenda",,,,,,bxl075000,,Math Concepts for Teachers 
ED,3342,1,,10,,,,,,,,,,,,,,,,0,"Parker, Teresa L",,,,,,tparker,teresa parker,Classroom Management Grades EC - 6 
ED,3345,0H1,,5,3,,1,1,,,,,,,,,,,,1,"McNeel, Michele E",,,,,,mem210009,michele mcneel,Art  Music  and Physical Development Grades EC - 6 
ED,3382,501,7,6,,1,1,,,,,,,,,,,,,0,"Michener, Nicole L",,,,,,nlm220000,,Curriculum and Instruction in Social Studies 
ED,4344,501,1,3,4,3,,,,,,,,,,,,,,0,"Huisman, Ingrid",,,,,,ibh013000,ingrid huisman,Mathematics Methods for Elementary Teachers 
ED,4351,501,8,,2,2,,2,,,,,,,,,,,,0,"Davis, Renee",,,,,,rrd160530,renee davis,ESL for K-12 Teachers 
ED,4351,1,17,5,1,1,,,,,1,,,,,,,,,0,"Davis, Renee",,,,,,rrd160530,renee davis,ESL for K-12 Teachers 
ED,4352,501,,2,5,2,6,2,,1,2,,1,,,,,,,0,"McNeel, Michele E",,,,,,mem210009,michele mcneel,Reading I  Learning to Read 
ED,4353,501,8,2,5,,1,,,1,,,,,1,,,,,0,"Brooks, Lori",,,,,,lxb180004,lori brooks,Reading in Secondary Content 
ED,4358,0W1,2,3,1,,4,2,1,,1,,1,,,,,,,1,"Root, Alexey W",,,,,,aroot,alexey root,Chess I  Using Chess in Schools 
ED,4359,0W1,1,2,2,,1,1,,1,1,,,,2,,,,,0,"Root, Alexey W",,,,,,aroot,alexey root,Chess II  Institutional and Cultural Contexts of Chess 
ED,4361,501,8,2,,,,,,,,,,,,,,,,0,"Friedman, Meredith K",,,,,,mxk116530,meredith friedman,Classroom Management Secondary 
ED,4363,0H1,1,7,1,2,2,,,,,,,,,,,,,0,"Leek, Patricia A",,,,,,santine,patricia leek,Reading II ELAR Methods 
ED,4372,5H1,12,3,5,,,,,,,,,,,,,,,0,"Mahmoud, Ramy A",,,,,,mahmoudr,ramy mahmoud,Educational Technology 
ED,4V95,0W1,4,1,2,,1,,,,,,1,,,,,,,1,"Simpson, Carrie M",,,,,,cms131030,carrie simpson,Special Topics in Education 
EE,1202,301,,,,,,,,,,,,,,,,,,13,"Cogan, Diana L","Kovalyov, Anton","Patel, Kashyap","Olee, Shakil Mahmud",,,dcc095020,diana cogan,Introduction to Electrical and Computer Engineering II 
EE,1202,2,5,1,,4,2,,,1,,1,,,4,,,,,0,"Cogan, Diana L",,,,,,dcc095020,diana cogan,Introduction to Electrical and Computer Engineering II 
EE,1202,4,6,4,4,2,4,2,1,3,,,1,1,1,,,,,1,"Cogan, Diana L",,,,,,dcc095020,diana cogan,Introduction to Electrical and Computer Engineering II 
EE,1202,3,2,2,1,3,1,2,,,2,,,,,,,,,1,"Cogan, Diana L",,,,,,dcc095020,diana cogan,Introduction to Electrical and Computer Engineering II 
EE,1202,1,3,1,1,,2,1,1,1,,2,1,,1,,,,,1,"Cogan, Diana L",,,,,,dcc095020,diana cogan,Introduction to Electrical and Computer Engineering II 
EE,2310,305,,,,,,,,,,,,,,,,,,12,"Ahmed, Shaheen",,,,,,sxa176730,shaheen ahmed,Introduction to Digital Systems 
EE,2310,302,,,,,,,,,,,,,,,,,,14,"Ahmed, Shaheen",,,,,,sxa176730,shaheen ahmed,Introduction to Digital Systems 
EE,2310,501,1,1,3,2,4,3,1,2,,,3,,2,,,,,1,"Ahmed, Shaheen","Duraisamy Swamikannan, Lena","Ghaderi, Mohammad Hasan","Qi, Tianxi",,,sxa176730,shaheen ahmed,Introduction to Digital Systems 
EE,2310,1,1,6,5,,4,1,2,1,3,,2,,,,,,,0,"Ahmed, Shaheen","Duraisamy Swamikannan, Lena","Ghaderi, Mohammad Hasan","Qi, Tianxi",,,sxa176730,shaheen ahmed,Introduction to Digital Systems 
EE,3161,91,,4,6,7,8,2,1,1,1,,,2,1,,,,,0,"Mezenner, Rabah","Tariq, Zaid Bin",,,,,rxm129730,rabah mezenner,Social Issues and Ethics in Engineering 
EE,3161,51,10,8,7,6,1,1,1,,,,,,,,,,,0,"Mezenner, Rabah","Tariq, Zaid Bin",,,,,rxm129730,rabah mezenner,Social Issues and Ethics in Engineering 
EE,3201,2,2,10,3,,,,,,,,1,,,,,,,0,"Nikoubin Boroujeni, Tooraj","Sankarraman, Sri Vignesh","Gao, Tianning","Parchamdar, Baharealsadat","Datta, Rajesh K",,txn190011,tooraj nikoubin,Electrical and Computer Engineering Fundamentals-I Laboratory 
EE,3201,1,2,19,1,,3,,,1,,,1,,,,,,,1,"Nikoubin Boroujeni, Tooraj","Parchamdar, Baharealsadat","Sankarraman, Sri Vignesh","Gao, Tianning","Datta, Rajesh K",,txn190011,tooraj nikoubin,Electrical and Computer Engineering Fundamentals-I Laboratory 
EE,3202,306,,,,,,,,,,,,,,,,,,13,"Ahmed, Shaheen",,,,,,sxa176730,shaheen ahmed,Electrical and Computer Engineering Fundamentals-II Laboratory 
EE,3202,1,,3,,3,3,4,1,1,1,,1,,,,,,,1,"Kiasaleh, Kamran","Ahmed, Shaheen","Apalak, Merve","Tayeb Naimi, Shideh",,,kamran,kamran kiasaleh,Electrical and Computer Engineering Fundamentals-II Laboratory 
EE,3202,2,2,9,5,,3,3,,2,3,,2,,3,,,,,0,"Ahmed, Shaheen","Apalak, Merve","Tayeb Naimi, Shideh",,,,sxa176730,shaheen ahmed,Electrical and Computer Engineering Fundamentals-II Laboratory 
EE,3301,2,,5,,6,5,,2,4,1,,,,2,,,,,0,"Lee, Gil S","Kim, Eunjin",,,,,gslee,gill lee,Electrical Network Analysis 
EE,3301,1,1,2,1,,5,,5,2,5,,,,2,,,,,0,"Lee, Gil S","Kim, Eunjin",,,,,gslee,gill lee,Electrical Network Analysis 
EE,3302,1,1,1,,1,1,1,2,2,,,,,2,,,,,0,"Busso Recabarren, Carlos A",,,,,,cxb093000,carlos busso,Signals and Systems 
EE,3302,501,1,,1,1,1,6,1,2,4,1,2,3,3,,,,,0,"Panahi, Issa M","Kovalyov, Anton",,,,,imp015000,issa panahi,Signals and Systems 
EE,3310,2,4,20,3,2,4,,,,,,,,,,,,,0,"Frensley, William","Muraleedharan Sudha, Athul",,,,,frensley,william frensley,Electronic Devices 
EE,3310,1,2,5,,2,1,2,,10,5,,,,7,,,,,1,"Lee, Gil S","Ahmed, Sabrina",,,,,gslee,gill lee,Electronic Devices 
EE,3311,2,3,2,6,4,5,1,1,1,1,,,,,,,,,0,"Liu, Jin","Han, Weijie",,,,,jinliu,jin liu,Electronic Circuits 
EE,3311,3,,11,4,6,3,2,1,1,,,,,,,,,,0,"Lee, Hoi","Muraleedharan Sudha, Athul",,,,,hxl054000,hoi lee,Electronic Circuits 
EE,3311,1,1,,2,,,1,5,3,,1,1,,1,,,,,0,"Chiu, Yun","Olee, Shakil Mahmud",,,,,yxc101000,yun chiu,Electronic Circuits 
EE,3320,2,1,2,5,2,4,5,3,5,1,,2,1,3,,,,,0,"Khoobroo, Amir","Si, Qilin",,,,,axk144831,amir khoobroo,Digital Circuits 
EE,3320,1,2,3,6,2,2,4,2,3,3,,3,,6,,,,,0,"Khoobroo, Amir","Fowler, Aric",,,,,axk144831,amir khoobroo,Digital Circuits 
EE,4202,301,,,,,,,,,,,,,,,,,,15,"Henderson, Rashaunda M",,,,,,rmh072000,rashaunda henderson,Electrical and Computer Engineering Laboratory in Circuits 
EE,4202,302,,,,,,,,,,,,,,,,,,15,"Henderson, Rashaunda M",,,,,,rmh072000,rashaunda henderson,Electrical and Computer Engineering Laboratory in Circuits 
EE,4202,1,,26,,,8,,,4,,,,,2,,,,,0,"Henderson, Rashaunda M","Medina, Oscar F","Abbas, Farhat",,,,rmh072000,rashaunda henderson,Electrical and Computer Engineering Laboratory in Circuits 
EE,4204,303,,,,,,,,,,,,,,,,,,17,"Young, Chadwin D",,,,,,cdy120030,chadwin young,Electrical and Computer Engineering Laboratory in Devices 
EE,4204,1,22,14,5,4,1,,,,,,,,,,,,,0,"Young, Chadwin D","Hossain Bhuiyan, Md Emran","Parvez, Mohammad Salman",,,,cdy120030,chadwin young,Electrical and Computer Engineering Laboratory in Devices 
EE,4301,1,,12,3,1,1,1,,,,,,,,,,,,0,"Mahbub, Ifana","Saha, Nabanita",,,,,ixm121830,ifana mahbub,Electromagnetic Engineering I 
EE,4301,501,,1,1,1,5,1,1,5,3,,3,,2,,,,,0,"Florence, James M","Saha, Nabanita",,,,,jmf130530,james florence,Electromagnetic Engineering I 
EE,4304,1,,3,2,3,2,1,1,2,1,,,,1,,,,,0,"Swartz, William P","Munia, Munawara Saiyara","Kim, Jeonghwan",,,,wps100020,william swartz,Computer Architecture 
EE,4304,2,1,1,4,,2,4,,1,1,,,,2,,,,,0,"Swartz, William P",,,,,,wps100020,william swartz,Computer Architecture 
EE,4310,2,,6,2,,6,,2,5,,1,3,1,4,,,,,0,"Melendez De La Hoz, Rosana M","Noushin, Tanzila",,,,,rmm210007,rosana melendez,Systems and Controls 
EE,4310,1,2,4,5,6,9,6,5,1,4,,3,,3,,,,,1,"Hilkert, James M","Noushin, Tanzila",,,,,jmh011500,james hilkert,Systems and Controls 
EE,4325,1,,4,10,7,10,1,5,1,,,,,1,,,,,2,"Sechen, Carl M","Jain, Apurva","Salimath, Vibhav Kumarswami",,,,cms057000,carl sechen,Introduction to VLSI Design 
EE,4331,1,9,28,3,,1,,,,,,,,2,,,,,0,"Tamil, Lakshman S",,,,,,laxman,lakshman tamil,Applied Machine Learning 
EE,4340,1,,2,,1,3,4,,,,2,,,1,,,,,0,"Chiu, Yun","Olee, Shakil Mahmud",,,,,yxc101000,yun chiu,Analog Integrated Circuit Analysis and Design 
EE,4342,1,,,3,2,8,,2,,1,,,,,,,,,0,"Park, Wooram","Singh, Abhishek P",,,,,wxp103020,wooram park,Introduction to Robotics 
EE,4360,1,,6,6,5,9,5,1,1,,,1,,1,,,,,2,"Minn, Hlaing","Uddin, Mohammed Belal",,,,,hxm025000,hlaing minn,Digital Communications 
EE,4367,1,,19,,3,4,,2,,1,,,,2,,,1,,0,"Fumagalli, Andrea","Rahim, Muhammad Ridwanur",,,,,andreaf,andrea fumagalli,Telecommunication Networks 
EE,4368,1,6,9,,1,1,,2,4,,,,,2,,,,,0,"Lehmann, Randall E","Medina, Oscar F",,,,,rel041000,randall lehmann,RF Circuit Design Principles 
EE,4368,2,7,19,1,,8,,,6,1,,1,,,,,,,0,"Lehmann, Randall E","Ramanathan, Shunmugapriya",,,,,rel041000,randall lehmann,RF Circuit Design Principles 
EE,4370,303,,,,,,,,,,,,,,,,,,11,"Pedram, Hossein",,,,,,hxp220048,hossein pedram,Embedded Systems 
EE,4370,305,,,,,,,,,,,,,,,,,,11,"Pedram, Hossein",,,,,,hxp220048,hossein pedram,Embedded Systems 
EE,4370,304,,,,,,,,,,,,,,,,,,12,"Pedram, Hossein",,,,,,hxp220048,hossein pedram,Embedded Systems 
EE,4370,302,,,,,,,,,,,,,,,,,,15,"Pedram, Hossein",,,,,,hxp220048,hossein pedram,Embedded Systems 
EE,4370,301,,,,,,,,,,,,,,,,,,16,"Pedram, Hossein",,,,,,hxp220048,hossein pedram,Embedded Systems 
EE,4370,2,,7,12,4,6,,,,1,,,,1,,,,,1,"Pedram, Hossein",,,,,,hxp220048,hossein pedram,Embedded Systems 
EE,4370,1,,8,7,8,7,8,,2,2,,,,,,,,,0,"Pedram, Hossein",,,,,,hxp220048,hossein pedram,Embedded Systems 
EE,4371,1,3,5,5,4,5,3,4,2,2,,2,,3,,,,,0,"Lee, Jeong-Bong",,,,,,jblee,jeong bong lee,Introduction to MEMS 
EE,4388,1,,17,2,,,,,,,,,,,,,,,0,"Tacca, Marco",,,,,,mtacca,marco tacca,Senior Design Project I 
EE,4388,2,,14,6,,,,,,,,,,,,,,,0,"Skinner, Neal G",,,,,,skinner,neal skinner,Senior Design Project I 
EE,4389,5,1,13,1,,,,,,,,,,,,,,,0,"Tacca, Marco","Skinner, Neal G",,,,,mtacca,marco tacca,Senior Design Project II 
EE,4389,4,1,11,7,1,,,,,,,,,,,,,,0,"Tacca, Marco",,,,,,mtacca,marco tacca,Senior Design Project II 
EE,4389,1,3,16,5,,,,1,,,,,,,,,,,0,"Skinner, Neal G",,,,,,skinner,neal skinner,Senior Design Project II 
EE,4389,3,3,9,2,,,,,1,,,,,,,,,,0,"Skinner, Neal G",,,,,,skinner,neal skinner,Senior Design Project II 
EE,4389,2,4,13,2,,,,,,,,,,1,,,,,0,"Skinner, Neal G",,,,,,skinner,neal skinner,Senior Design Project II 
EE,4V95,501,18,2,1,3,1,1,,2,1,,,,1,,,,,1,"Ghassemi, Mona","Ghaderi, Mohammad Hasan",,,,,mxg220059,,Undergraduate Topics in Electrical Engineering 
EECT,6326,1,,3,4,14,1,,,,,,,,,,,,1,0,"Lee, Hoi","Han, Weijie",,,,,hxl054000,hoi lee,Analog Integrated Circuit Design 
EEDG,6301,1,,29,,,1,,,,,,,,,,,,,0,"Swartz, William P",,,,,,wps100020,william swartz,Advanced Digital Logic 
EEDG,6302,302,,,,,,,,,,,,,,,,,,10,"Nikoubin Boroujeni, Tooraj",,,,,,txn190011,tooraj nikoubin,Microprocessor and Embedded Systems 
EEDG,6302,1,,14,8,1,1,,,,,,,,,,,,,0,"Nikoubin Boroujeni, Tooraj","Fowler, Aric","Vasileiou, Christos",,,,txn190011,tooraj nikoubin,Microprocessor and Embedded Systems 
EEDG,6303,1,,17,7,4,1,,1,,,,,,,,,,,0,"Nourani, Mehrdad","Kim, Jeonghwan",,,,,nourani,mehrdad nourani,Testing and Testable Design 
EEDG,6304,1,,6,2,3,,,,,,,,,,,,,,0,"Basu, Kanad","Si, Qilin",,,,,kxb190012,kanad basu,Computer Architecture 
EEDG,6306,1,,13,3,,,,,,,,,,,,,,,0,"Bhatia, Dinesh K","Zhou, Dian","Gao, Tianning",,,,dinesh,dinesh bhatia,Application Specific Integrated Circuits Design 
EEDG,7V81,1,,24,3,,1,1,,,,,,,,,,,,0,"Shamsi, Kaveh",,,,,,kxs200049,kaveh shamsi,Special Topics in Digital Systems 
EEMF,6321,1,,50,2,4,,,,,,,,,,,,,,0,"Frensley, William","Palit, Prithviraj",,,,,frensley,william frensley,Active Semiconductor Devices 
EEMF,6327,1,,8,,,2,,,,,,,,,,,,,0,"Young, Chadwin D","Shamsi, Zeshaan",,,,,cdy120030,chadwin young,Semiconductor Device Characterization 
EEPE,6357,1,,7,1,2,2,,1,,,,,,1,,,,,0,"Fahimi, Babak","Patel, Dhruvi D",,,,,bxf102000,babak fahimi,Control  Modeling and Simulation in Power Electronics 
EEPE,6398,1,,13,,1,1,,,1,,,,,2,,,,,1,"Gardner, Matthew","Daniar, Ahmad",,,,,mcg200004,matthew gardner,General Theory of Electric Machines 
EERF,6311,1,,4,4,,1,1,1,1,,,,,,,,,,0,"Saad, Ricardo E","Abbas, Farhat",,,,,rsaad,ricardo saad,RF and Microwave Circuits 
EERF,6330,1,,2,3,4,8,,,,,,,,,,,,,2,Kenneth K,"Guo, Haidong",,,,,kxo091000,kenneth,RF Integrated Circuit Design 
EERF,6355,1,,2,6,1,3,2,1,,,,,,,,,,,2,"Saad, Ricardo E","Guo, Haidong",,,,,rsaad,ricardo saad,RF and Microwave Amplifier Design 
EERF,6395,1,,6,3,4,3,1,,,,,,,,,,,,0,"Lehmann, Randall E","Abbas, Farhat",,,,,rel041000,randall lehmann,RF and Microwave Systems Engineering 
EESC,6352,1,,1,3,1,4,1,,,,,,,,,,,,0,"Minn, Hlaing",,,,,,hxm025000,hlaing minn,Digital Communication Systems 
EESC,6367,1,,12,10,6,5,2,,,,,,,1,,,,,0,"Kehtarnavaz, Nasser","Ni, Aoxin","Alam, Lamia",,,,nxk019000,nasser kehtarnavaz,Applied Digital Signal Processing 
EESC,6395,1,,27,,,2,,,,,,,,,,,,,0,"Tamil, Lakshman S",,,,,,laxman,lakshman tamil,Wireless Sensor Systems and Networks 
EESC,7V85,1,,5,5,1,,,,1,,,,,,,,,,0,"Sisman, Berrak","Du, Zongyang",,,,,bxs220043,berrak sisman,Special Topics in Signal Processing 
ENGR,2300,3,,1,2,2,6,1,1,3,,,,1,1,,,,,0,"Mezenner, Rabah","Tariq, Zaid Bin","Rosero Jacome, Karen G",,,,rxm129730,rabah mezenner,Linear Algebra for Engineers 
ENGR,2300,1,4,6,6,2,,3,1,,1,,1,,2,,,,,0,"Mezenner, Rabah","Helwa, Sherief M","Tariq, Zaid Bin",,,,rxm129730,rabah mezenner,Linear Algebra for Engineers 
ENGR,2300,2,7,5,3,1,1,3,,4,2,,,,,,,,,0,"Heins, Matthew S","Rosero Jacome, Karen G","Helwa, Sherief M",,,,msh130130,matthew heins,Linear Algebra for Engineers 
ENGR,2300,7,,4,4,4,5,2,2,2,1,1,,1,4,,,,,0,"Mezenner, Rabah","Mahmoud, Mohamed H",,,,,rxm129730,rabah mezenner,Linear Algebra for Engineers 
ENGR,2300,4,4,5,4,9,2,5,1,5,2,,,,2,,,,,0,"Heins, Matthew S","Patel, Dhruvi D","Helwa, Sherief M",,,,msh130130,matthew heins,Linear Algebra for Engineers 
ENGR,2300,5,8,9,10,9,1,3,2,1,,,,,,,,,,0,"Heins, Matthew S","Noor Shoudha, Shamman",,,,,msh130130,matthew heins,Linear Algebra for Engineers 
ENGR,2300,501,2,21,,3,8,,4,9,,,,,,,,,,0,"Ali, Mohammed Z","Vidal Salazar, Andrea",,,,,mohammed,ali mohammed,Linear Algebra for Engineers 
ENGR,2300,6,4,16,,4,10,,2,10,,,1,,,,,,,1,"Ali, Mohammed Z","Ahmed, Sabrina","Jena, Sritam",,,,mohammed,ali mohammed,Linear Algebra for Engineers 
ENGR,3300,3,1,11,,1,7,,4,4,6,1,6,,1,,,,,0,"Lee, Jung S","Xie, Hao","Gomathinayakam Latha, Aparaajitha",,,,jls032000,jung lee,Advanced Engineering Mathematics 
ENGR,3300,2,,4,,,10,1,1,15,9,,3,,1,,,,,1,"Lee, Jung S","Sezer, Mustafa Murat","Xie, Hao",,,,jls032000,jung lee,Advanced Engineering Mathematics 
ENGR,3300,1,,1,,,3,1,2,8,,,2,,,,,,,0,"Lee, Jung S","Rahim, Muhammad Ridwanur",,,,,jls032000,jung lee,Advanced Engineering Mathematics 
ENGR,3300,6,,4,,1,5,,1,4,4,,4,,2,,,,,1,"Florence, James M","Peng, Genchang",,,,,jmf130530,james florence,Advanced Engineering Mathematics 
ENGR,3300,501,,3,,,8,,2,8,1,,3,,1,,,,,0,"Lee, Jung S","Uddin, Mohammed Belal",,,,,jls032000,jung lee,Advanced Engineering Mathematics 
ENGR,3300,4,6,3,6,4,3,,3,2,5,,4,2,3,,,,,1,"Saad, Ricardo E","Upadhyay, Bhaskar R",,,,,rsaad,ricardo saad,Advanced Engineering Mathematics 
ENGR,3300,5,2,2,3,1,4,4,4,10,3,3,3,1,2,,,,,2,"Vandenberghe, William Gerard Hubert","Nam, Raphael D",,,,,wxv101020,william vandenberghe,Advanced Engineering Mathematics 
ENGR,3341,2,4,14,7,3,8,5,2,,1,,,,,,,,,0,"Saquib, Mohammad","Nayemuzzaman, Sk",,,,,saquib,mohammad saquib,Probability Theory and Statistics 
ENGR,3341,5,4,13,2,4,6,1,4,8,1,,,,,,,,,1,"Ali, Mohammed Z","Peng, Genchang",,,,,mohammed,ali mohammed,Probability Theory and Statistics 
ENGR,3341,6,3,3,2,3,1,2,3,2,3,,,4,,,,,,0,"Fonseka, John P","Hewawaduge, Dhanushki B",,,,,kjp,john fonseka,Probability Theory and Statistics 
ENGR,3341,3,1,3,3,1,3,2,1,2,1,,2,,7,,,,,1,"Nosratinia, Aria","Hewawaduge, Dhanushki B",,,,,aria,aria nosratinia,Probability Theory and Statistics 
ENGR,3341,1,,3,3,3,3,2,3,2,4,,2,1,2,,,,,2,"Fonseka, John P","Hewawaduge, Dhanushki B",,,,,kjp,john fonseka,Probability Theory and Statistics 
ENGR,3341,4,5,5,7,10,14,,1,1,,,,,,,,,,0,"Saquib, Mohammad","Nayemuzzaman, Sk",,,,,saquib,mohammad saquib,Probability Theory and Statistics 
ENGY,3301,1,,11,6,1,4,,5,,,,,,,,,,,1,"Sibley, Daniel C","Leal Valladares, Jorge A",,,,,dcs170002,daniel sibley,Managing Carbon Assets  Oil  Gas  and Coal 
ENGY,3302,1,,11,2,1,3,4,,,,,,,,,,,,0,"Molina, Stephen","Sibley, Daniel C","Leal Valladares, Jorge A",,,,sxm163630,stephen molina,Managing Power and Renewable Energy Assets  Sustainability 
ENTP,3301,5,2,7,10,12,3,5,5,2,,,,,,,,,,0,"Choi, Emily","Kanakamedala, Maanvitha",,,,,exc113230,emily choi,Innovation and Entrepreneurship 
ENTP,3301,0W2,,18,,,26,,,5,,,,,,,,,,1,"Pedigo, Madison F",,,,,,mfp013000,madison pedigo,Innovation and Entrepreneurship 
ENTP,3301,0W1,,19,,,28,,,4,,,,,,,,,,1,"Pedigo, Madison F",,,,,,mfp013000,madison pedigo,Innovation and Entrepreneurship 
ENTP,3301,4,2,15,30,8,4,3,,1,,,,,,,,,,0,"Nichols, Paul M",,,,,,pxn120030,paul nichols,Innovation and Entrepreneurship 
ENTP,3301,3,1,3,5,13,12,4,3,3,,,,,,,,,1,0,"Bhatti, Christopher",,,,,,cbhatti,christopher bhatti,Innovation and Entrepreneurship 
ENTP,3301,2,,4,24,7,5,5,,1,,,,,1,,,,,1,"Frazier, Leah",,,,,,lxf220000,leah frazier,Innovation and Entrepreneurship 
ENTP,3320,1,,3,3,2,1,1,,2,,,,,,,,,1,0,"Choi, Emily","Kanakamedala, Maanvitha",,,,,exc113230,emily choi,Start-up Launch I 
ENTP,3360,2,,2,,8,5,1,,4,,,,,1,,,,,0,"Park, Haemin","Gupte, Vaibhavi R",,,,,hxp174230,haemin park,Entrepreneurial Finance 
ENTP,4311,1,3,13,4,9,10,4,1,1,,,,,,,,,,0,"Otis, Kirk",,,,,,kjo230001,,Entrepreneurial Strategy and Business Models 
ENTP,4320,501,10,12,12,5,1,1,1,,,,,,,,,,,0,"Wright, Kimberly E",,,,,,kes054000,kimberly wright,Small Business Management 
ENTP,4340,501,,10,33,14,20,14,4,1,2,,,,,,,,,1,"Wright, Robert G","Fickel, Mary","Tan, Xiaowen",,,,rgw091000,robert wright,Social Sector Entrepreneurship and Community Engagement 
ENTP,6310,0W1,,3,5,2,,,,,,,,,,,,,,0,"Lin, Zhiang","Jiang, Rui",,,,,zlin,john zhiang lin,Strategic Management 
ENTP,6370,501,,2,14,13,15,6,,,,,,,,,,,,0,"Kimzey, Jackie R",,,,,,jxk092000,jackie kimzey,Innovation and Entrepreneurship 
ENTP,6370,502,,6,11,5,9,3,1,2,,,,,,,,,,0,"Evans, David",,,,,,dxe220017,,Innovation and Entrepreneurship 
ENTP,6370,0W1,,9,10,10,20,3,,2,,,,,,,,,,0,"Kimzey, Jackie R","Katakam, Divya Bala Sunaina",,,,,jxk092000,jackie kimzey,Innovation and Entrepreneurship 
ENTP,6375,502,,4,7,5,1,1,,,,,,,,,,,,0,"Nichols, Paul M",,,,,,pxn120030,paul nichols,Technology and New Product Development 
ENTP,6375,501,,6,7,5,9,3,,1,,,,,,,,,,0,"Shah, Rajiv R","Tan, Xiaowen",Vignesh,,,,rxs079000,rajiv shah,Technology and New Product Development 
ENTP,6390,501,,8,12,2,,,,,,,,,,,,,,0,"Nichols, Paul M",,,,,,pxn120030,paul nichols,Business Model Innovation 
ENTP,6394,XS1,,7,2,3,4,3,,1,,,,,,,,,,0,"Kimzey, Jackie R","Katakam, Divya Bala Sunaina",,,,,jxk092000,jackie kimzey,
ENTP,6398,501,,13,6,6,,1,,,,,,,,,,,,0,"Shah, Rajiv R",,,,,,rxs079000,rajiv shah,The Entrepreneurial Experience 
EPCS,2200,1,,69,20,17,7,,,,,,,,1,,,,,0,"Steele, Alec M",,,,,,ams180007,,Engineering Projects in Community Service 
EPCS,3200,1,,13,,,,,,,,,,,,,,,,0,"Steele, Alec M",,,,,,ams180007,,Engineering Projects in Community Service II 
EPPS,2301,2,3,4,11,1,2,1,,1,1,,2,,3,,,,,0,"Sanchez De La Rosa, Andres Ricardo",,,,,,axs180146,andres sanchez,Research Design in the Social and Policy Sciences 
EPPS,2301,0W1,7,4,4,4,3,3,7,3,3,4,2,3,8,,,,1,3,"Kosiewicz, Holly","Pillai, Maitreyi M",,,,,hxk200027,holly kosiewicz,Research Design in the Social and Policy Sciences 
EPPS,2301,1,7,21,9,5,4,3,5,7,2,,,,2,,,,,2,"Noe, Ricardo",,,,,,rxn200000,ricardo noe,Research Design in the Social and Policy Sciences 
EPPS,2302,3,11,5,3,,5,,2,,,,,,2,,,,,0,"Griffith, Daniel A","Wu, Yanan",,,,,dag054000,,Methods of Quantitative Analysis in the Social and Policy Sciences 
EPPS,2302,2,16,13,5,5,5,,,3,,,,1,1,,,,1,0,"Bray, Timothy M",,,,,,tmb021000,timothy bray,Methods of Quantitative Analysis in the Social and Policy Sciences 
EPPS,3100,1,,,,,,,,,,,,,,,15,1,,0,"Holmes, Jennifer S",,,,,,jholmes,jennifer holmes,Leading for Good 
EPPS,6313,501,,11,7,1,5,2,,,,,,,1,,,,,3,"Grover, William C",,,,,,wcg071000,william grover,Introduction to Quantitative Methods 
EPPS,6316,501,,15,2,2,11,,,,,,,,,,,,1,0,"Edgerton, Jared","Zengin, Abdullah Furkan",,,,,jxe220000,jared edgerton,Applied Regression 
EPPS,6323,1,,13,10,,1,1,,,,,,,,,,,,1,"Ho, Ka-Yiu","Chang, Gary",,,,,kxh022100,karl ho,Knowledge Mining 
EPPS,6326,501,,6,4,3,,3,1,,,,,,,,,,,0,"Tiefelsdorf, Michael R","Kim, Dongeun","Chowdhury, Yeamin Faria",,,,mrt052000,michael tiefelsdorf,Machine Learning for Socio-Economic and Geo-Referenced Data 
EPPS,6354,1,,5,7,1,1,,,1,,,,,,,,,,0,"Ho, Ka-Yiu","Chang, Gary",,,,,kxh022100,karl ho,Information Management 
EPPS,7316,1,,5,1,2,2,,,,,,,,1,,,,,0,"Brandt, Patrick T","Jeong, Dohyo",,,,,pxb054000,patrick brandt,Regression and Multivariate Analysis 
FILM,1303,1,17,10,3,2,,,,1,,,,,,,,,,0,"Mahan, Mazyar",,,,,,mxm200090,mazyar mahan,Transnational Film and Video 
FILM,1303,2,7,11,3,3,2,,2,1,,2,,,2,,,,1,0,"Almroani, Nouf Mfdhi H",,,,,,nma160130,nouf mfdhi almroani,Transnational Film and Video 
FILM,1303,3,18,7,4,1,3,,,1,,,,,,,,,,0,"Shafek, Amal S",,,,,,ass106020,amal shafek,Transnational Film and Video 
FILM,1303,4,6,13,4,4,3,,2,3,3,,,,1,,,,,0,"Ferreira de Souza, Leticia",,,,,,lxf161030,leticia ferreira de souza,Transnational Film and Video 
FILM,2332,1,16,12,3,3,1,1,,,,,,,1,,,,,1,"Oliver, Stephanie R",,,,,,sxo180009,stephanie oliver,Understanding Film 
FILM,2332,2,3,3,10,4,5,5,1,3,2,1,,,2,,,,,0,"Prakash, Arya",,,,,,axp200037,arya prakash,Understanding Film 
FILM,2332,3,10,6,12,4,1,1,1,,1,,,,2,,,,,1,"Wellborn, Brecken H",,,,,,bhw200001,brecken wellborn,Understanding Film 
FILM,2332,501,,3,4,7,9,13,10,4,5,,3,3,11,,,,,1,"Petty, John E","Khoshniat, Ahmad",,,,,jep140330,john petty,Understanding Film 
FILM,3321,1,5,10,11,7,2,3,,,,,,,1,,,,,1,"McLean, Adrienne L",,,,,,amclean,adrienne mclean,Film in Historical Context 
FILM,3342,1,,4,2,2,4,3,,3,,1,,,,,,,,1,"Petty, John E",,,,,,jep140330,john petty,Topics in Film 
FIN,3300,1,,18,,,14,,,6,,,5,,2,,,,,3,"Lynch, Julie","Narayanan, Shripriya",,,,,jxl180030,julie lynch,Personal Finance 
FIN,3305,501,,6,,,4,,,4,,,,,1,,,,,0,"Lynch, Julie","Narayanan, Shripriya",,,,,jxl180030,julie lynch,Real Estate Principles 
FIN,3305,2,,4,2,,2,3,2,3,2,1,3,1,2,,,,,1,"Guttery, Randall",,,,,,rxg112530,randall guttery,Real Estate Principles 
FIN,3305,1,,3,1,3,2,4,6,7,4,2,4,1,5,,,,,0,"Guttery, Randall",,,,,,rxg112530,randall guttery,Real Estate Principles 
FIN,3320,10,3,5,6,10,4,2,5,2,4,,,,1,,,,,3,"Guo, Shujian",,,,,,sxg180004,shujian guo,Business Finance 
FIN,3320,18,,12,4,7,4,4,,4,1,4,,,3,,,,,2,"Kaur, Dupinderjeet","Bhatia, Shivangi",,,,,dxk110730,dupinderjeet kaur,Business Finance 
FIN,3320,7,,12,9,11,10,5,,,,,,,1,,,,,0,"Reilly, Christopher P","Hamzeh, Alireza",,,,,cxr220013,christopher reilly,Business Finance 
FIN,3320,9,,15,,,19,,,13,,,,,1,,,,,0,"Li, Jun","Fan, Lin",,,,,jxl128031,jun li,Business Finance 
FIN,3320,501,1,1,2,1,6,5,4,10,4,4,2,1,7,,,,,0,"Joukov, Artem M",,,,,,amj210001,artem joukov,Business Finance 
FIN,3320,4,,15,,,14,,,20,,,,,,,,,,0,"Li, Jun","Fan, Lin",,,,,jxl128031,jun li,Business Finance 
FIN,3320,1,,16,6,6,9,6,3,6,7,,1,,,,,,,0,"Wang, Pingle","Bhanap, Shiv",,,,,pxw200007,pingle wang,Business Finance 
FIN,3320,13,4,2,2,4,1,2,2,1,1,4,3,10,4,,,,,4,"Gurun, Ayfer","Gupte, Vaibhavi R",,,,,axg119030,ayfer gurun,Business Finance 
FIN,3320,8,1,4,3,7,4,4,4,9,3,3,,,3,,,,,1,"Kelly, Matthew L",,,,,,mlk170130,matthew kelly,Business Finance 
FIN,3320,2,,12,5,5,7,4,3,3,6,,,,2,,,,,0,"Wang, Pingle","Bhanap, Shiv",,,,,pxw200007,pingle wang,Business Finance 
FIN,3320,3,,14,1,2,1,9,4,2,5,5,,,2,,,,,2,"Kaur, Dupinderjeet","Bhatia, Shivangi",,,,,dxk110730,dupinderjeet kaur,Business Finance 
FIN,3320,11,,5,12,6,9,10,,1,1,,,,,,,,,3,"Reilly, Christopher P","Hamzeh, Alireza",,,,,cxr220013,christopher reilly,Business Finance 
FIN,3320,20,1,8,4,15,10,4,7,,,,,,2,,,,,2,"Nguyen, Nam H",,,,,,nhn150030,nam nguyen,Business Finance 
FIN,3320,6,7,9,3,5,8,4,7,3,5,1,1,1,1,,,,,0,"Murray, Jennifer R","Singh, Smita",,,,,jrm160330,jennifer murray,Business Finance 
FIN,3320,HON,13,17,8,3,5,4,2,2,,,,,,,,,,1,"Murray, Jennifer R","Singh, Smita",,,,,jrm160330,jennifer murray,
FIN,3330,2,2,10,22,14,9,,3,,,,,,,,,,,0,"Haynes, Steven","Kapadia, Disha Pareshkumar",,,,,sxh102420,steven haynes,Personal Financial Planning 
FIN,3330,1,,10,,,23,,,5,,,1,,4,,,,,0,"Lynch, Julie","Narayanan, Shripriya",,,,,jxl180030,julie lynch,Personal Financial Planning 
FIN,3340,1,12,36,11,1,1,,,,,,,,,,,,,0,"Molina, Stephen","Noland, Jeffrey S","Leal Valladares, Jorge A",,,,jxn125330,jeff noland,Regulation of Business and Financial Markets 
FIN,3350,2,,8,4,10,7,2,,2,,,,,1,,,,,1,"Xia, Han",,,,,,hxx110930,han xia,Financial Markets and Institutions 
FIN,3350,1,,9,7,10,7,,4,3,,,2,,4,,,,,4,"Xia, Han",,,,,,hxx110930,han xia,Financial Markets and Institutions 
FIN,3360,1,,5,5,11,4,,,3,,,,,,,,,,0,"Park, Haemin","Gupte, Vaibhavi R",,,,,hxp174230,haemin park,Entrepreneurial Finance 
FIN,3360,2,,3,6,6,6,4,,7,,,,,,,,,,1,"Park, Haemin","Gupte, Vaibhavi R",,,,,hxp174230,haemin park,Entrepreneurial Finance 
FIN,3365,0W1,10,16,6,8,13,2,2,4,,,1,,,,,,,0,"DeCourcy, George A",,,,,,gad075000,george decourcy,Real Estate Finance and Principles 
FIN,3370,2,2,6,15,14,6,6,1,,,,,,,,,,,0,"Haynes, Steven",,,,,,sxh102420,steven haynes,Principles of Risk Management and Insurance 
FIN,3370,1,1,1,2,,1,3,1,2,1,2,2,,3,,,,,0,"Kaplan, Larry S",,,,,,lsk140130,larry kaplan,Principles of Risk Management and Insurance 
FIN,3380,2,,3,3,3,2,,3,1,1,,,,1,,,,1,0,"Gurun, Ayfer","Gupte, Vaibhavi R",,,,,axg119030,ayfer gurun,International Financial Management 
FIN,3380,1,1,3,6,5,4,5,6,4,4,4,1,3,1,,,,,0,"Gurun, Ayfer","Gupte, Vaibhavi R",,,,,axg119030,ayfer gurun,International Financial Management 
FIN,3390,1,6,3,4,4,4,3,3,,3,,,,,,,,,0,"El-Ashmawi, Amal H",,,,,,ahe013000,amal el ashmawi,Introduction to Financial Modeling 
FIN,3390,2,8,7,4,5,3,1,3,6,3,3,1,,1,,,,,0,"Nishi, Hirofumi","Bezawada, Krishna",,,,,hxn210016,,Introduction to Financial Modeling 
FIN,3390,3,7,7,2,6,3,4,4,4,1,1,5,1,3,,,,,1,"Nishi, Hirofumi","Bezawada, Krishna",,,,,hxn210016,,Introduction to Financial Modeling 
FIN,3390,4,,17,4,2,3,1,6,2,3,4,,,1,,,,,0,"Kaur, Dupinderjeet","Bhatia, Shivangi",,,,,dxk110730,dupinderjeet kaur,Introduction to Financial Modeling 
FIN,3395,1,,9,8,9,8,8,,,,,,,,,,,2,0,"Noland, Jeffrey S",,,,,,jxn125330,jeff noland,Financial Modeling and Valuation 
FIN,4300,501,4,2,5,1,1,2,1,1,,,,1,1,,,,,0,"Tang, Xiaoxiao","Kohli, Raghav",,,,,xxt180003,xiaoxiao tang,Investment Management 
FIN,4300,3,3,10,2,4,1,1,3,2,1,,,,,,,,,0,"Tang, Xiaoxiao","Kohli, Raghav",,,,,xxt180003,xiaoxiao tang,Investment Management 
FIN,4300,1,,6,14,13,7,3,,,1,,,,,,,,,0,"Khanapure, Revansiddha B","Samant, Prathamesh Sadashiv",,,,,rbk160130,revansiddha khanapure,Investment Management 
FIN,4300,2,4,5,10,14,10,2,1,1,,,,,,,,,,0,"Khanapure, Revansiddha B","Samant, Prathamesh Sadashiv",,,,,rbk160130,revansiddha khanapure,Investment Management 
FIN,4307,1,,5,4,5,4,5,,,,,,,,,,,,0,"Noland, Jeffrey S",,,,,,jxn125330,jeff noland,Private Equity 
FIN,4310,4,,,1,2,,1,1,1,3,,,1,,,,,,0,"Hasler, Michael","Hamzeh, Alireza",,,,,mxh190031,michael hasler,Intermediate Financial Management 
FIN,4310,3,2,1,2,5,1,2,1,6,8,,5,1,,,,,,1,"Hasler, Michael","Hamzeh, Alireza",,,,,mxh190031,michael hasler,Intermediate Financial Management 
FIN,4310,1,1,2,6,8,1,3,2,5,6,3,,2,,,,,,0,"Anderson, Frank W",,,,,,fwa012000,,Intermediate Financial Management 
FIN,4310,2,1,3,5,7,6,3,3,5,,,1,2,2,,,,,1,"Anderson, Frank W",,,,,,fwa012000,,Intermediate Financial Management 
FIN,4313,1,,25,3,,4,1,,3,,,,,1,,,,,0,"Sibley, Daniel C","Leal Valladares, Jorge A",,,,,dcs170002,daniel sibley,Energy Finance 
FIN,4321,501,,3,1,1,5,1,1,3,,,,,,,,,,1,"Hedgecock, Blake",,,,,,bxh132030,blake hedgecock,Real Estate Law and Contracts 
FIN,4332,1,,3,3,1,3,2,,,,,,,,,,,,0,"Haynes, Steven",,,,,,sxh102420,steven haynes,Commercial Property Risk Management and Insurance 
FIN,4333,1,,2,9,4,1,,,,1,,,,,,,,,0,"Haynes, Steven",,,,,,sxh102420,steven haynes,Enterprise Risk Management 
FIN,4338,1,6,9,11,5,3,,,,,,,,1,,,,,0,"Haynes, Steven",,,,,,sxh102420,steven haynes,Foundations of Risk Analytics and Applications 
FIN,4340,1,2,3,,2,5,3,,1,,,,,2,,,,,0,"Xiao, Wenjing",,,,,,swx170030,,Options and Futures Markets 
FIN,4345,501,3,16,8,1,4,2,,,,,1,,,,,,,0,"Ma, Liping","Kamte, Harshita G",,,,,lxm133730,liping ma,Financial Information and Analysis 
FIN,4380,1,8,17,11,5,4,1,,,,,,,1,,,,,0,"Ballew, Gregory","Agrawal, Ojasvi",,,,,geb011100,gregory ballew,Fund Management 
FIN,4390,1,,21,,,1,,,,,,,,,,,,,0,"Murray, Jennifer R","Singh, Smita",,,,,jrm160330,jennifer murray,Seminar Series in Finance 
FIN,6253,XS1,,7,5,2,3,,2,,,,,,,,,,,0,"Reichert, Carolyn A",,,,,,carolyn,carolyn reichert,
FIN,6301,0W1,,12,11,6,8,5,10,11,,,,,2,,,,,2,"Nishi, Hirofumi","Bezawada, Krishna",,,,,hxn210016,,Financial Management 
FIN,6301,GW1,,10,1,1,4,,1,1,,,,,,,,,,0,"Reichert, Carolyn A",,,,,,carolyn,carolyn reichert,
FIN,6301,AW1,,18,2,3,3,,,,,,,,,,,,,0,"Reichert, Carolyn A",,,,,,carolyn,carolyn reichert,
FIN,6301,501,,6,9,8,6,1,,,,,,,,,,,,0,"Nanda, Vikram K","Kurucak, Abdurrahman",,,,,vkn150030,vikram nanda,Financial Management 
FIN,6301,MBP,,10,2,4,6,4,2,1,,,,,,,,,1,0,"Reichert, Carolyn A",,,,,,carolyn,carolyn reichert,
FIN,6301,1,,10,13,11,8,5,,,,,,,,,,,1,3,"Nanda, Vikram K","Kurucak, Abdurrahman",,,,,vkn150030,vikram nanda,Financial Management 
FIN,6307,501,,7,4,2,5,2,2,,,,,,,,,,,0,"Ma, Liping","Kamte, Harshita G",,,,,lxm133730,liping ma,Mathematical Methods for Finance 
FIN,6307,0W1,,13,3,6,8,6,6,,,,,,,,,,1,2,"Ma, Liping","Kamte, Harshita G",,,,,lxm133730,liping ma,Mathematical Methods for Finance 
FIN,6308,0W1,,16,10,7,10,2,4,,,,,,,,,,,0,"Lewin, Peter",,,,,,plewin,peter lewin,Regulation of Business and Financial Markets 
FIN,6310,501,,23,16,11,2,2,1,,,,,,1,,,,,1,"Khanapure, Revansiddha B","Samant, Prathamesh Sadashiv",,,,,rbk160130,revansiddha khanapure,Investment Theory and Practice 
FIN,6314,501,,5,1,5,6,1,,,,,,,,,,,,0,"Xiao, Wenjing",,,,,,swx170030,,Fixed Income Securities 
FIN,6315,501,,3,8,,5,,,,,,,,,,,,,0,"Shah, Rajiv R","Agrawal, Ojasvi",,,,,rxs079000,rajiv shah,Entrepreneurial Finance 
FIN,6318,501,,9,7,2,9,,,1,,,,,,,,,,0,"Baranchuk, Nina","Wen, Yaxin",,,,,nxb043000,nina baranchuk,Analytics of Finance 
FIN,6321,5H1,,1,2,3,5,6,2,1,,,,,3,,,,,3,"Guttery, Randall",,,,,,rxg112530,randall guttery,Introduction to Real Estate 
FIN,6322,0W1,,28,5,5,7,3,1,,,,,,,,,,,0,"DeCourcy, George A",,,,,,gad075000,george decourcy,Real Estate Finance and Investment 
FIN,6325,501,,11,8,18,,1,,,,,,,,,,,,1,"Xia, Han",,,,,,hxx110930,han xia,Macroeconomics and Financial Markets 
FIN,6335,501,,24,11,4,3,,,,,,,,,,,,,0,"Sibley, Daniel C","Leal Valladares, Jorge A",,,,,dcs170002,daniel sibley,Energy Finance 
FIN,6336,501,,11,24,3,2,,,,,,,,,,,,,0,"Sibley, Daniel C","Leal Valladares, Jorge A",,,,,dcs170002,daniel sibley,Analysis of Financial Data in the Energy Industries 
FIN,6352,1,,5,8,6,2,2,4,1,,,,,,,,,,3,"Von Drathen, Christian","Newton-Denila, Olive C",,,,,cxv141430,christian von drathen,Financial Modeling For Valuation 
FIN,6352,501,,8,11,10,5,,,3,,,,,1,,,,,2,"Davis, Richard L",,,,,,rld170030,richard davis,Financial Modeling For Valuation 
FIN,6360,0W1,,13,14,11,12,,,,,,,,,,,,,0,"Zhao, Feng","Hu, Jiawei",,,,,fxz082000,feng zhao,Derivatives Markets 
FIN,6360,1,,9,10,6,7,2,1,7,,,,,1,,,,,0,"Kaur, Dupinderjeet","Bhatia, Shivangi",,,,,dxk110730,dupinderjeet kaur,Derivatives Markets 
FIN,6368,1,,9,14,4,,,,,,,,,,,,,,1,"Ma, Liping",,,,,,lxm133730,liping ma,Financial Information and Analysis 
FIN,6392,0W1,,6,6,5,13,2,2,,,,,,,,,,,0,"Zheng, Zhiqiang",,,,,,zxz062000,zhiqiang zheng,Financial Technology and Blockchain 
FIN,4V99,1,,15,,,,,,,,,,,,,,,,0,"Murray, Jennifer R",,,,,,jrm160330,jennifer murray,Special Topics in Finance 
FTEC,6312,F01,,,7,2,3,,,,,,,,,,,,1,0,"Scott, James",,,,,,jas076100,james scott,
FTEC,6314,F01,,,,,,,,,,,,,,,,,,14,"Bourji, Mohamad A",,,,,,,mohamad bourji,
FTEC,6331,F01,,11,3,4,2,,,,,,,,3,,,,1,0,"Haynes, Steven",,,,,,sxh102420,steven haynes,
FTEC,6334,F01,,21,,,,,,,,,,,1,,,,,0,"Zemoodeh, Amir",,,,,,axz120930,amir zemoodeh,
FTEC,6V99,F01,,7,2,2,,2,,,,,,,,,,,,0,"Ayres, Jeffrey A","Wang, Yi",,,,,jaa014500,jeffrey ayres,
GEOG,2302,1,,2,1,1,4,2,,3,1,,1,,1,,,,,1,"Cummings, Anthony R","Adeuga, Adewole M","Ahmed, Md. Nakir",,,,arc131030,anthony cummings,The Global Environment 
GEOG,3331,1,2,,4,1,3,2,1,,2,,,,1,,,,,0,"Rahman, Muhammad",,,,,,mtr018000,,Urban Growth and Structure 
GEOG,3359,1,8,2,2,4,1,2,1,1,,,,,,,,,,0,"Rahman, Muhammad","Davenport, Miranda J",,,,,mtr018000,,Human Migration and Mobility 
GEOG,3372,1,5,4,10,1,2,1,,,,1,,,1,,,,,0,"Rahman, Muhammad","Davenport, Miranda J",,,,,mtr018000,,Population and Development 
GEOS,1103,102,,4,3,1,1,,2,,,,1,,1,,,,,1,"Griffin, William R","Walker, Sara C",,,,,griffin,william griffin,Physical Geology Laboratory 
GEOS,1104,101,2,2,1,,2,,,2,,,,,1,,,,,0,"Pujana, Ignacio","East, Robert S",,,,,pujana,ignacio pujana,History of Earth and Life Laboratory 
GEOS,1303,1,2,4,6,2,4,3,2,3,2,2,4,3,10,,,,,1,"Pirouz, Mortaza","Bodur, Omer",,,,,mxp180004,mortaza pirouz,Physical Geology 
GEOS,1303,501,7,17,13,10,6,1,,,1,,1,1,,,,,,0,"Griffin, William R",,,,,,griffin,william griffin,Physical Geology 
GEOS,1303,0W1,52,91,31,17,21,16,7,4,10,2,1,3,12,,,,,6,"Pujana, Ignacio","Pirouz, Mortaza",,,,,pujana,ignacio pujana,Physical Geology 
GEOS,1304,1,,3,2,3,1,3,,,,,,,1,,,,,0,"Pujana, Ignacio","East, Robert S","Strain, Emily M",,,,pujana,ignacio pujana,History of Earth and Life 
GEOS,2302,1,,,,1,6,,,1,2,,,1,2,,,,,0,"Cummings, Anthony R","Adeuga, Adewole M","Ahmed, Md. Nakir",,,,arc131030,anthony cummings,The Global Environment 
GEOS,2310,0W1,4,19,3,5,17,6,4,6,3,,4,,3,,,,,3,"Brikowski, Thomas H","Sink, Katharine O",,,,,brikowi,tom brikowski,Environmental Geology 
GEOS,2409,1,1,4,3,3,,2,,2,1,,1,,1,,,,,1,"Griffin, William R","Willis, Siloa B",,,,,griffin,william griffin,Rocks and Minerals 
GEOS,3470,1,2,1,2,,1,2,1,1,,,,,1,,,,1,0,"Pirouz, Mortaza","Bodur, Omer","Moiz, Abdul",,,,mxp180004,mortaza pirouz,Structural Geology 
GEOS,4322,1,2,5,2,1,,1,3,,,,,,,,,,,0,"Sickmann, Zachary",,,,,,zxs220011,zachary sickmann,The Earth System 
GEOS,5308,1,,4,1,3,2,,,,,,,,,,,,,0,"Stern, Robert J",,,,,,rjstern,robert stern,Sustainable Energy 
GISC,3304,1,,5,,,,,1,1,,,2,,1,,,,,0,"Donegan, Connor","Kim, Eunhee",,,,,cxd161930,,Principles of Geospatial Information Sciences 
GISC,4325,501,,6,,1,1,2,1,1,,,,,,,,,,0,"Chastain, Bryan J","Gamarra Pacheco, Jose A",,,,,bjc062000,bryan chastain,Introduction to Remote Sensing 
GISC,4382,1,4,7,,,3,,3,,,,,,4,,,,,0,"Chun, Yongwan","Kulsum, Umme",,,,,yxc070300,,Applied Geographic Information Systems 
GISC,4385,1,2,5,3,,,,,,,,,,,,,,,1,"Gearey, Wayne",,,,,,wxg130930,wayne gearey,Advanced Applications in GIS 
GISC,4386,1,4,5,3,1,6,5,1,,,1,,,,,,,,2,"Cummings, Anthony R","Ahmed, Md. Nakir","Adeuga, Adewole M",,,,arc131030,anthony cummings,Global Change and Its Challenges 
GISC,6384,1,,15,1,,,,,,,,,,,,,,,0,"Qiu, Fang","Shi, Zheng",,,,,ffqiu,fang qiu,Advanced Geographic Information Systems 
GISC,7366,1,,8,,1,,,,1,,,,,,,,,,0,"Qiu, Fang","Lyu, Haitao",,,,,ffqiu,fang qiu,Applied Remote Sensing 
GOVT,2305,HN1,4,7,5,1,2,3,2,,,,,,,,,,,0,"Miller, Banks P",,,,,,bxm093000,banks miller,American National Government 
GOVT,2305,2,13,25,27,16,17,16,6,2,3,,,1,1,,,,,0,"Montgomery, Joshua P","Minoura, Haruna",,,,,jpm130430,joshua montgomery,American National Government 
GOVT,2305,1,7,24,46,25,13,6,5,3,5,1,,,6,,,,,2,"Johnson, Sara K","Si, Wen",,,,,skj170230,sara johnson,American National Government 
GOVT,2305,3,14,50,53,27,22,14,14,5,5,1,,3,5,,,,,0,"Montgomery, Joshua P","Minoura, Haruna",,,,,jpm130430,joshua montgomery,American National Government 
GOVT,2305,501,,7,37,48,38,33,10,13,15,4,3,3,5,,,,,3,"Muenks, Patrick",,,,,,pxm166330,patrick muenks,American National Government 
GOVT,2305,4,23,59,61,65,31,20,6,4,9,4,4,3,9,,,,,1,"Johnson, Sara K","Si, Wen",,,,,skj170230,sara johnson,American National Government 
GOVT,2306,HN1,,22,2,,,1,,,,,,,,,,,,0,"Elliott, Euel W","Scotch, Richard K","Shafiq, Sadman",,,,eelliott,euel elliott,State and Local Government 
GOVT,2306,HN2,,19,7,,,,,,,,,,,,,,,0,"Elliott, Euel W","Scotch, Richard K","Shafiq, Sadman",,,,eelliott,euel elliott,State and Local Government 
GOVT,2306,3,10,10,7,3,5,2,4,4,,,,,4,,,,,0,"Widner, Katie",,,,,,kxw200020,katie widner,State and Local Government 
GOVT,2306,501,43,116,54,20,21,18,7,4,4,,2,1,6,,,,,4,"Montgomery, Joshua P","Minoura, Haruna",,,,,jpm130430,joshua montgomery,State and Local Government 
GOVT,2306,1,7,14,28,12,10,11,7,7,2,3,2,2,4,,,,,3,"Santoro, Lauren A","Islam, Maria",,,,,lar170530,lauren santoro,State and Local Government 
GOVT,2306,6,15,33,28,23,14,10,2,2,1,3,2,1,3,,,,,1,"Johnson, Sara K","Si, Wen",,,,,skj170230,sara johnson,State and Local Government 
GOVT,2306,2,,34,61,49,26,29,9,11,7,4,1,2,10,,,,,4,"Muenks, Patrick",,,,,,pxm166330,patrick muenks,State and Local Government 
GOVT,2306,4,,72,68,46,19,19,3,7,3,3,2,3,6,,,,,0,"Elliott, Euel W","Shafiq, Sadman",,,,,eelliott,euel elliott,State and Local Government 
GOVT,2306,5,,79,98,51,23,24,9,3,2,4,1,,1,,,,,1,"Elliott, Euel W","Shafiq, Sadman",,,,,eelliott,euel elliott,State and Local Government 
GST,2300,1,,3,4,7,6,,,,,,1,,2,,,,1,0,"Werhnyak, Larissa",,,,,,lxw163630,larissa werhnyak,Introduction to Gender Studies 
GST,4360,1,1,3,,1,4,,,1,,,1,,1,,,,,0,"Wissinger, Tonja",,,,,,twissin,tonja wissinger,Gender and Alcohol in America 
HCS,6313,2,,6,6,2,1,,,,,,,,,,,,,0,"Ackerman, Robert A","Millward, Kennedy A",,,,,raa110030,robert ackerman,Research Methods in Behavioral and Brain Sciences - Part II 
HCS,7121,1,,,,,,,,,,,,,,37,,,,0,"Rennaker, Robert L",,,,,,rlr091000,robert rennaker,Graduate Seminar in Systems Neuroscience 
HCS,7325,1,,6,4,,,,,,,,,,,,,,,0,"Katz, William F","Assmann, Peter F","Goffman, Lisa A","Shembel, Adrianna C",,,wkatz,william katz,Seminar in Speech Science 
HCS,7355,5,,7,3,1,,,,,,,,,,,,,,0,"Warren, Stacie",,,,,,sxw220017,stacie warren,Seminar in Psychology 
HCS,7355,1,,13,2,3,,,,,,,,,,,,,,0,"Park, Jiyoung",,,,,,jxp176330,jiyoung park,Seminar in Psychology 
HDCD,6316,1,,12,,,,,,,,,,,,,,,,0,"Maese, Maria Amalia",,,,,,mxm124131,,Developmental Assessment 
HDCD,6320,1,,6,2,,3,,,,,,,,,,,,,0,"Holub, Shayla C",,,,,,sch052000,shayla holub,The Developing Child  Toddler and Preschool Years 
HDCD,6330,1,,15,,,1,,,,,,,,,,,,,0,"Hunsley, Jana",,,,,,jxh220032,jana hunsley,Families and Culture 
HDCD,6390,501,,14,,,,,,1,,,,,,,,,,0,"Herrin, Renee",,,,,,rmv015000,,Infant Mental Health 
HIST,1301,1,68,66,28,28,13,4,7,2,1,1,1,,10,,,,,4,"Hill, Kimberly D","Lakhani, Brenda L","Seidl-Staley, Ash J","Brown, Derek W","Edwards, Jeffery G",,kdh140430,kimberly hill,U S  History Survey to Civil War 
HIST,1302,1,30,33,53,47,32,35,10,10,10,5,4,6,22,,,,,3,"Schulze, Jeffrey M","Dunham, Daniel C","Cooper, Dalton W","Cai, Rebecca","Li, Ang","Armstrong, Jennifer J",jxs072200,jeffrey schulze,U S  History Survey from Civil War 
HIST,1302,3,,5,,3,2,4,1,,,,,3,8,,,,,3,"Schulze, Jeffrey M",,,,,,jxs072200,jeffrey schulze,U S  History Survey from Civil War 
HIST,1302,2,80,131,29,9,21,9,1,7,2,,2,2,4,,,,,2,"Stewart, Whitney N","Gee, Taylor N","Scalley, Michael W","Zhang, Yan","Shows, Gregory S","Takaloubighash, Maryam",wxs160630,whitney stewart,U S  History Survey from Civil War 
HIST,2341,1,,3,8,6,16,3,4,12,5,,2,2,7,,,,,2,"Farmer, J Michael",,,,,,jmf073000,michael farmer,East Asian Civilizations 
HIST,2341,HN1,,12,2,,,,,,1,,,,,,,,,0,"Farmer, J Michael",,,,,,jmf073000,michael farmer,East Asian Civilizations 
HIST,2350,1,2,8,4,4,11,3,1,1,,,,,4,,,,,2,"Kerner, Amy",,,,,,axk200088,amy kerner,Latin American Civilizations 
HIST,2360,1,,20,6,7,7,,3,1,,,,,2,,,,,2,"Channell, David F",,,,,,channell,david channell,European Civilizations 
HIST,2370,0W2,1,6,10,5,3,2,2,,1,,,,2,,,,1,0,"Pfister, Debra H",,,,,,dhpf,debra pfister,The Holocaust 
HIST,2370,0W1,,9,3,6,5,5,2,2,,,1,,3,,,,,2,"Simmons, Angie M",,,,,,axr048100,,The Holocaust 
HIST,2381,1,2,31,27,18,15,5,6,3,1,2,1,,5,,,,,3,"Ring, Natalie J","Evans, Stevesha M","Leon Dubon, Saul V",,,,njr041000,natalie ring,African-American History 
HIST,2384,1,83,107,11,5,14,2,3,2,2,,1,,5,,,,,1,"Fischer, Anne G","Ford, Angela","Murphy, Trisha","Akhighu, Odegua M",,,agf190000,anne fischer,U S  Women from Settlement to Present 
HIST,3301,1,2,2,3,1,2,,,,,,,,2,,,,,0,"Admiral, Rosemary G",,,,,,rxa170011,rosemary admiral,Historical Inquiry 
HIST,3301,501,,3,4,1,4,1,,,,,,,,,,,,0,"Wilson, Michael L",,,,,,mwilson,michael wilson,Historical Inquiry 
HIST,3305,501,3,8,8,1,3,,2,1,,,,,1,,,,1,0,"Pfister, Debra H",,,,,,dhpf,debra pfister,War and Genocide in the 20th Century 
HIST,3305,0W1,1,4,11,10,2,1,,,1,,,,1,,,,,2,"Pfister, Debra H",,,,,,dhpf,debra pfister,War and Genocide in the 20th Century 
HIST,3325,1,4,14,5,1,2,1,,,,,,,1,,,,,0,"Admiral, Rosemary G",,,,,,rxa170011,rosemary admiral,Middle Eastern Women s History 
HIST,3328,1,7,4,2,2,,3,3,1,1,,1,,1,,,,,0,"Tsou, Jonathan Y",,,,,,jxt220028,jonathan tsou,History and Philosophy of Science and Medicine 
HIST,3350,0S1,,2,,,,,,,,,,,,,,,,16,"Admiral, Rosemary G",,,,,,rxa170011,rosemary admiral,Topics in History 
HIST,3368,1,,5,5,2,2,2,3,,2,,1,,3,,,,,3,"Schulze, Jeffrey M",,,,,,jxs072200,jeffrey schulze,North American Environmental History 
HIST,3374,1,,7,3,5,4,3,2,,1,,,,2,,,,,0,"Channell, David F",,,,,,channell,david channell,American Technological Development 
HIST,3377,1,,1,1,5,4,3,1,1,1,,,,3,,,,,1,"Wickberg, Daniel B",,,,,,wickberg,daniel wickberg,American Intellectual History  Civil War to the Present 
HIST,3391,1,,15,4,,,2,,2,2,,,,1,,,,,0,"Rankin, Monica A",,,,,,mar046000,monica rankin,Modern Mexico 
HIST,4344,1,6,,6,2,3,,1,,,,,,1,,,,,0,"Pfister, Debra H",,,,,,dhpf,debra pfister,Topics in European History 
HIST,4358,501,,7,1,2,2,,2,1,,,1,,1,,,,,0,"Farmer, J Michael",,,,,,jmf073000,michael farmer,Topics in Asian History 
HIST,4366,501,3,5,,,3,1,,3,1,,,,1,,,,,0,"Stewart, Whitney N",,,,,,wxs160630,whitney stewart,Topics in Texas History 
HIST,4390,1,11,5,1,,,,,,,1,,,,,,,,0,"Schlereth, Eric R",,,,,,exs082000,eric schlereth,History Capstone Project 
HIST,6301,501,,4,4,3,,,,,,,,,,,,,,0,"Ring, Natalie J",,,,,,njr041000,natalie ring,Historiography 
HIST,6335,1,,8,1,,,,,,,,,,1,,,,,1,"Fischer, Anne G",,,,,,agf190000,anne fischer,U S  Women 
HIST,6341,501,,6,2,1,,,,,,,,,,,,,,2,"Wilson, Michael L",,,,,,mwilson,michael wilson,Thought  Culture  and Society in Europe 
HIST,6360,1,,8,2,4,,,,,,,,,,,,,,0,"Kerner, Amy",,,,,,axk200088,amy kerner,Latin American History 
HLTH,1100,1,,2,20,26,37,51,33,38,25,6,10,5,2,,,,,9,"Byrnes, Kathleen A",,,,,,kab019000,kathleen byrnes,Career Explorations for the Health Professions 
HLTH,1301,0W1,,7,10,2,5,1,2,,4,,,,2,,,,,1,"Baetge, Claire",,,,,,cxb170330,claire baetge,Introduction to Kinesiology 
HLTH,1301,0W2,1,2,6,3,8,4,3,2,1,,1,,2,,1,,1,2,"Baetge, Claire",,,,,,cxb170330,claire baetge,Introduction to Kinesiology 
HLTH,1322,0W1,,22,,5,5,,2,,,,1,,1,,1,,,1,"Mcbride, Rachael L",,,,,,rlp019100,rachael mcbride,Human Nutrition 
HLTH,1322,0W2,,22,,1,8,,,3,,,,,,,1,,,3,"Mcbride, Rachael L",,,,,,rlp019100,rachael mcbride,Human Nutrition 
HLTH,3101,0W3,,69,,,4,,,,,,,,,,,,,0,"Sandon, Lona",,,,,,lxs095000,lona sandon,Medical Terminology 
HLTH,3101,0W4,,68,,,4,,,,,,1,,1,,,,,0,"Sandon, Lona",,,,,,lxs095000,lona sandon,Medical Terminology 
HLTH,3101,0W1,,136,,,9,,,1,,,,,,,,,,0,"Sandon, Lona",,,,,,lxs095000,lona sandon,Medical Terminology 
HLTH,3101,0W2,,140,,,5,,,2,,,,,1,,,,,0,"Sandon, Lona",,,,,,lxs095000,lona sandon,Medical Terminology 
HLTH,3301,1,,,3,2,2,10,3,6,4,3,4,,2,,,,,1,"Byrnes, Kathleen A",,,,,,kab019000,kathleen byrnes,Issues in Geriatric Healthcare 
HLTH,3305,3,,42,26,6,1,1,,,,,,,,,,,,0,"Taylor, Donald E",,,,,,det190000,donald taylor,The U S  Healthcare System 
HLTH,3305,2,,4,3,1,3,2,3,2,3,,,,,,,,1,1,"Stark, Azadeh T",,,,,,ats160030,azadeh stark,The U S  Healthcare System 
HLTH,3305,1,2,4,1,6,6,6,1,,1,1,,,,,,,,0,"Stark, Azadeh T",,,,,,ats160030,azadeh stark,The U S  Healthcare System 
HLTH,3315,1,,3,21,15,28,19,13,6,10,2,1,3,1,,,,,0,"Byrnes, Kathleen A",,,,,,kab019000,kathleen byrnes,Issues in Patient Education 
HLTH,4108,1,22,9,3,,,,,,,,,,1,,,,,0,"Rainey, Anthony D",,,,,,doyen,anthony rainey,Verbal Reasoning and Writing for Pre-Health 
HLTH,4305,1,1,9,6,7,6,2,1,1,,,,,,,,,,0,"Stark, Azadeh T",,,,,,ats160030,azadeh stark,Public Health 
HLTH,4305,2,5,9,,3,4,2,4,3,1,1,2,,,,,,,0,"Stark, Azadeh T",,,,,,ats160030,azadeh stark,Public Health 
HLTH,4306,2,5,2,4,1,3,3,2,1,4,1,3,,1,,,,,0,"Savard, Ryan R",,,,,,rrs170330,ryan savard,Health and Sport 
HLTH,4306,1,6,7,6,6,2,4,2,1,1,3,1,1,,,,,,1,"Savard, Ryan R",,,,,,rrs170330,ryan savard,Health and Sport 
HLTH,4380,0W2,4,6,6,3,3,4,2,1,1,,,,1,,,,,4,"Henry, Loreen S","Dornback, Sarah",,,,,lsp014100,,Special Topics in Healthcare 
HLTH,4380,0W1,19,6,5,3,,,,1,,,,,,,,,,0,"Edwards, Christopher W","Dornback, Sarah",,,,,cwe011000,christopher edwards,Special Topics in Healthcare 
HMGT,3301,2,4,4,12,6,10,6,4,4,4,,1,1,,,,,,1,"Robb, Horace A",,,,,,hxr220017,horace robb,Introduction to Healthcare Management 
HMGT,3301,1,46,12,,,,,,,,,,,,,,,,0,"Aubrey, Lea E",,,,,,lec110030,lea aubrey,Introduction to Healthcare Management 
HMGT,3301,3,3,2,11,1,16,7,6,2,4,1,2,1,3,,,,,0,"Tesmer, Kristin M","Akkaladevi, Pooja",,,,,kmj063000,kristin tesmer,Introduction to Healthcare Management 
HMGT,3310,1,3,2,10,1,2,4,1,3,2,1,,,,,,,,0,"Tesmer, Kristin M","Akkaladevi, Pooja",,,,,kmj063000,kristin tesmer,Healthcare Regulatory Environment 
HMGT,3310,2,,3,10,6,3,6,2,3,1,,,1,,,,,,1,"Tesmer, Kristin M","Akkaladevi, Pooja",,,,,kmj063000,kristin tesmer,Healthcare Regulatory Environment 
HMGT,3311,2,,4,,,7,,1,2,4,,,,,,,,,0,"Karnuta, Daniel","Deng, Shu",,,,,dxk173030,daniel karnuta,Healthcare Financial Analysis 
HMGT,3311,1,,13,,,4,,,7,,,1,,,,,,,2,"Karnuta, Daniel","Deng, Shu",,,,,dxk173030,daniel karnuta,Healthcare Financial Analysis 
HMGT,3320,1,,13,,5,7,,2,11,,1,2,,1,,,,,2,"Karnuta, Daniel","Deng, Shu",,,,,dxk173030,daniel karnuta,Complex and Dynamic Healthcare Environment 
HMGT,4321,1,3,13,2,5,17,3,2,11,,,,,,,,,,1,"Moonesinghe, Mark S","Mavurapu, Umesh Reddy",,,,,msm160030,mark moonesinghe,Introduction to Healthcare Information Systems 
HMGT,4395,1,,33,,,6,,,2,,,,,,,,,,0,"Clinton, Shaun","Parks, David",,,,,sxc220228,,Capstone Senior Project - Healthcare Management 
HMGT,6311,501,,32,,4,8,,,,,,,,,,,,,0,"Karnuta, Daniel",,,,,,dxk173030,daniel karnuta,Healthcare Financial and Operations Accounting 
HMGT,6320,0W1,,41,,,19,,,,,,,,,,,,,0,"Thurgood, Keith L","Song, You-Xiang",,,,,klt160130,keith thurgood,The American Healthcare System 
HMGT,6320,501,,22,,,24,,,7,,,,,2,,,,,1,"Walton, James W",,,,,,jww160330,james walton,The American Healthcare System 
HMGT,6320,0W2,,51,,,7,,,,,,,,,,,,,1,"Thurgood, Keith L","Song, You-Xiang",,,,,klt160130,keith thurgood,The American Healthcare System 
HMGT,6323,501,,15,,,17,,,,,,,,,,,,,0,"Moonesinghe, Mark S","Jadhav, Mahesh M",,,,,msm160030,mark moonesinghe,Healthcare Informatics 
HMGT,6325,501,,11,8,13,1,2,,,,,,,,,,,,1,"Wang, Guihua","Menon, Aditya S",,,,,gxw130630,guihua wang,Healthcare Operations Management 
HMGT,6327,501,,22,1,,,,,,,,,,,,,,,1,"Stephens, Timothy G",,,,,,tgs170130,timothy stephens,Electronic Health Records Applications 
HMGT,6330,0W1,,8,13,6,10,3,1,1,,,,,,,,,1,1,"Drummond, Jeffery P",,,,,,jpd160230,jeffery drummond,Healthcare Law  Policy and Regulation 
HMGT,6331,CW1,,12,2,,,,,,,,,,1,,,,,1,"Jacob, Stephen B",,,,,,,stephen jacob,
HMGT,6331,CH1,,22,1,,,,,,,,,,,,,,,0,"Jacob, Stephen B",,,,,,,stephen jacob,
HMGT,6335,0W1,,4,1,3,1,2,,3,,,,,5,,,,,1,"Ramanathan, Kannan","Agrawal, Parth Vijay","Nuti, Sowjanya",,,,kxr087000,kannan ramanathan,Spreadsheet Modeling and Analytics 
HMGT,6335,0W2,,2,3,3,2,3,2,1,,,,,3,,,,,0,"Ramanathan, Kannan","Agrawal, Parth Vijay","Nuti, Sowjanya",,,,kxr087000,kannan ramanathan,Spreadsheet Modeling and Analytics 
HMGT,6340,501,,15,,,2,,,,,,,,,,,,,0,"Thurgood, Keith L","Quint-Bouzid, Marjorie","Song, You-Xiang",,,,klt160130,keith thurgood,Principles of Hospital Administration 
HMGT,6404,CH1,,22,,,,,,,,,,,,,,,1,0,"Kaiser, Robert C",,,,,,,robert kaiser,
HMGT,6404,AS1,,43,1,,,,,,,,,,,,,,,0,"Taylor, Donald E","Convery, Paul",,,,,det190000,donald taylor,
HMGT,6405,CH1,,25,,,,,,,,,,,1,,,,,0,"Kaiser, Robert C","Schneider, Joseph H",,,,,,robert kaiser,
HMGT,6405,AS1,,44,,,,,,,,,,,,,,,,0,"Taylor, Donald E","Schneider, Joseph H",,,,,det190000,donald taylor,
HONS,3103,HN1,2,10,2,1,,,,,,,,,,,,,,0,"Rippel, Scott A","Thompson, Christina M",,,,,rippel,scott rippel,Honey Bees and Society 
HONS,3104,HN1,4,9,,,,,,,,,,,,,,,,0,"Dow, Douglas C",,,,,,dougdow,douglas dow,Foreign Film   Political Culture 
HONS,3108,HN1,3,10,,,,,,,,,,,,,,,,0,"Prakash, Ravi",,,,,,ravip,ravi prakash,Internet and Public Policy 
HONS,3111,HN2,2,10,,,,,,,,,,,,,,,,0,"Thompson, Christina M",,,,,,cmt120030,christina thompson,Science Fiction 
HONS,3111,HN1,3,9,1,,,,,,,,,,,,,,,1,"Thompson, Christina M",,,,,,cmt120030,christina thompson,Science Fiction 
HONS,3199,HN5,,14,,,,,,,,,1,,,,,,,0,"Nguyen, Josef D",,,,,,jdn160330,josef nguyen,Collegium V Honors Readings 
HONS,3199,HN7,4,4,3,,2,1,,,,,,,,,,,,1,"Murphy, Jessica C",,,,,,jxm092000,jessica murphy,Collegium V Honors Readings 
HONS,3199,HN3,7,1,,,3,,,,,,,,1,,,,,0,"Amato, Lawrence A",,,,,,laa062000,lawrence amato,Collegium V Honors Readings 
HONS,3199,HN6,6,4,,,1,,,,,,,,1,,,,,0,"Veras de Souza, Christine",,,,,,cxv180000,christine veras de souza,Collegium V Honors Readings 
HONS,3199,HN2,,13,,,,,,,,,,,,,,,,0,"Stefan, Mihaela C",,,,,,mci071000,mihaela stefan,Collegium V Honors Readings 
HONS,3199,HN8,,13,,,,,,,,,,,,,,,,0,"Stone, Marvin J","Kratz, Dennis M",,,,,mjs150030,,Collegium V Honors Readings 
HONS,3199,H10,1,9,,1,1,,,2,,,,,,,,,,0,"Murchison, David F",,,,,,dfm100020,david murchison,Collegium V Honors Readings 
HONS,3199,H11,14,,,,,,,,,,,,,,,,,0,"Gassensmith, Jeremiah J",,,,,,jjg130230,jeremiah gassensmith,Collegium V Honors Readings 
HONS,3199,HN9,14,,,,,,,,,,,,,,,,,0,"Scotch, Richard K",,,,,,scotch,richard scotch,Collegium V Honors Readings 
HONS,3199,HN4,4,11,,,,,,,,,,,,,,,,1,"Wilson, Michael L",,,,,,mwilson,michael wilson,Collegium V Honors Readings 
HUMA,3351,1,3,10,,1,,,,,,,,,,,,,,0,"Anjum, Zafar",,,,,,zxa110730,zafar anjum,Introduction to Islamic Culture 
IMS,3310,6,,14,5,7,9,5,4,2,,,,,1,,,,,1,"Liu, Yilin",,,,,,yxl190091,yilin liu,International Business 
IMS,3310,7,,9,18,11,6,3,1,,,,,,,,,,,0,"Wang, Jiyu",,,,,,jxw180000,jiyu wang,International Business 
IMS,3310,8,,21,11,4,7,5,,,,,,,,,,,,0,"Zydorek, Hubert","Vora, Rushabh Uday",,,,,hxz120930,hubert zydorek,International Business 
IMS,3310,4,,18,18,15,6,1,,,2,,,,,,,,,0,"Shen, Jia",,,,,,jxs190079,jia shen,International Business 
IMS,3310,5,,9,2,10,10,3,3,9,,,4,1,5,,,,,4,"Henderson, Thomas C",,,,,,txh093000,tom henderson,International Business 
IMS,3310,11,,3,10,12,17,12,3,1,,,,1,1,,,,,0,"Tsang, Wing K","Deng, Shu",,,,,wkt071000,wing tsang,International Business 
IMS,3310,501,1,16,2,3,14,,1,10,,,7,,3,,,,,3,"Henderson, Thomas C",,,,,,txh093000,tom henderson,International Business 
IMS,3310,10,4,6,2,6,7,1,,2,1,,2,,6,,,,,7,"Levine, Shahal S","Kanakamedala, Maanvitha","Viveka Moorthy, Saranya",,,,ssl140530,sheen levine,International Business 
IMS,3310,9,5,7,4,9,5,3,4,4,,,,,1,,,,,4,"Levine, Shahal S","Kanakamedala, Maanvitha","Viveka Moorthy, Saranya",,,,ssl140530,sheen levine,International Business 
IMS,3310,2,,8,4,13,7,6,5,2,1,,,,,,,,,1,"Woldu, Habte G","Pandey, Vishvesh B",,,,,wolduh,habte woldu,International Business 
IMS,3310,502,,1,3,12,10,14,3,4,,,,,,,,,,0,"Tsang, Wing K","Deng, Shu",,,,,wkt071000,wing tsang,International Business 
IMS,3310,3,,7,3,17,10,11,5,3,,,,,1,,,,,1,"Woldu, Habte G","Pandey, Vishvesh B",,,,,wolduh,habte woldu,International Business 
IMS,4330,1,,4,7,7,11,1,1,,1,,,,1,,,,,1,"Zydorek, Hubert","Vora, Rushabh Uday",,,,,hxz120930,hubert zydorek,Global Human Resource Management 
IMS,4335,501,,9,24,26,19,17,9,8,3,,,,,,,,,2,"Wright, Robert G","Fickel, Mary","Tan, Xiaowen",,,,rgw091000,robert wright,Social Sector Entrepreneurship and Community Engagement 
IMS,4350,1,,8,4,2,2,,1,1,1,,,,,,,,,0,"Zydorek, Hubert","Vora, Rushabh Uday",,,,,hxz120930,hubert zydorek,Global Market Entry Strategies 
IMS,4373,501,,17,17,5,7,,,,,,,,1,,,,,0,"Zydorek, Hubert","Vora, Rushabh Uday",,,,,hxz120930,hubert zydorek,Global Strategy 
IMS,6254,X91,,13,,5,,,,,,,,,,,,,,0,"Foster Brady, Pamela",,,,,,,pamela foster brady,
IMS,6304,XS1,,14,4,4,1,,,,,,,,,,,,,1,"Kiser, Stephen L",,,,,,slk012100,stephen kiser,
IMS,6304,501,,7,8,14,10,6,,,,,,,,,,,,0,"Woldu, Habte G","Pandey, Vishvesh B",,,,,wolduh,habte woldu,International Business Management 
IMS,6304,0W1,,10,10,19,9,2,3,,,,,,,,,,,0,"Woldu, Habte G","Pandey, Vishvesh B",,,,,wolduh,habte woldu,International Business Management 
IMS,6345,GW1,,5,5,6,3,4,1,1,,,,,,,,,,0,"Solomon, Lawrence N",,,,,,,lawrence solomon,
IMS,6365,0W1,,11,23,13,5,4,1,,,,,,,,,,,2,"Woldu, Habte G","Pandey, Vishvesh B",,,,,wolduh,habte woldu,Cross-Cultural Management Analysis 
IMS,6381,5W1,,11,13,8,4,5,,,,,,,,,,,,0,"Skuza, Agnieszka","Katakam, Divya Bala Sunaina",,,,,axo027000,agnieszka olsztynska,Managing Global Teams 
IMS,3V92,0S1,,14,,,,,,,,,,,,,,,,0,"Zydorek, Hubert","Vora, Rushabh Uday",,,,,hxz120930,hubert zydorek,Regional Management Area Studies  Western Europe 
IMS,6V92,0S1,,26,,,,,,,,,,,,,,,,0,"Alborz, Shawn",,,,,,sxa063000,shawn alborz,Regional Area Studies  Western Europe 
IMS,6V92,0S2,,32,6,1,,,,,,,,,,,,,,0,"Powell, Monica S","Shatz, Lisa B",,,,,msp073000,monica powell,Regional Area Studies  Western Europe 
IPEC,4375,1,,2,4,,2,,,3,,,1,,2,,,,,1,"Fass, Simon M",,,,,,fass,simon fass,Benefit-Cost Analysis 
ISAH,2188,101,8,,,1,,,,,,,,,,,,,1,0,"Roberts, Jazzmyn C",,,,,,jcr210003,,Enrichment in the Arts and Humanities 
ISIS,3312,1,,3,,3,2,,2,5,,,3,,3,,,,,0,"Wissinger, Tonja",,,,,,twissin,tonja wissinger,Women in Management 
ISIS,3335,0W1,3,6,10,4,2,2,,,,,1,,1,,,,,1,"Rosa, Jonathan",,,,,,jxr172530,jonathan rosa,United States and East Asia 
ISIS,4303,1,,9,4,8,8,,1,,,,2,,3,,,,,0,"Werhnyak, Larissa",,,,,,lxw163630,larissa werhnyak,Business  Law and Culture 
ISIS,4310,1,27,2,,1,,,,,,,,,,,,,,0,"Aubrey, Lea E",,,,,,lec110030,lea aubrey,Health Strategy for Multicultural Populations 
ISNS,2359,1,1,13,14,9,11,3,1,4,,2,1,4,4,,,,,3,"Griffin, William R","Putri, Gabriella E",,,,,griffin,william griffin,Earthquakes and Volcanoes 
ISNS,2359,0W2,184,45,20,19,14,13,4,12,4,3,10,4,10,,,,,5,"Pirouz, Mortaza","Putri, Gabriella E",,,,,mxp180004,mortaza pirouz,Earthquakes and Volcanoes 
ISNS,2359,0W1,279,31,26,17,12,8,4,1,4,,1,3,4,,,,,4,"Pujana, Ignacio",,,,,,pujana,ignacio pujana,Earthquakes and Volcanoes 
ISNS,2366,1,2,2,5,5,5,,,5,,,1,1,,,,,,1,"McCauley, Steven",,,,,,sxm165131,steven mccauley,Global Climate Change 
ISNS,2367,0W2,50,146,59,29,25,12,6,6,1,1,3,1,8,,,,,4,"Pirouz, Mortaza","Chen, Yu",,,,,mxp180004,mortaza pirouz,The Oceans 
ISNS,2367,0W1,131,124,45,18,23,13,1,5,3,1,,6,7,,,,,4,"Pujana, Ignacio",,,,,,pujana,ignacio pujana,The Oceans 
ISNS,2368,1,6,6,6,7,12,6,2,5,1,2,,,4,,,,,2,"McCauley, Steven","Bhattacharjee, Koustubh",,,,,sxm165131,steven mccauley,Weather and Climate 
ISNS,3373,1,3,6,4,4,8,5,2,8,3,,,,,,,,,0,"Khan, Amena L","Fernando, Bharana A",,,,,axk140130,amena khan,Our Nearest Neighbors in the Sky 
ITSS,3300,505,,28,,4,9,4,6,1,,,4,,3,,,,,1,"Franson, Robert","Anil Kumar, Athira",,,,,rcf160130,robert franson,Information Technology for Business 
ITSS,3300,506,,27,6,7,11,5,,1,1,1,,,1,,,,,0,"Owens, Sean M","Malviya, Shwetal",,,,,smo150330,sean owens,Information Technology for Business 
ITSS,3300,7,,16,,12,20,10,,2,1,,1,,1,,,,,0,"Bose, Ranavir","Jasti, Gnaneshwar",,,,,rxb132730,ranavir bose,Information Technology for Business 
ITSS,3300,501,3,5,5,14,13,9,8,1,,,,,1,,,,,4,"Young, John G","George, Teffy Annie","Kaamra, Radhika",,,,jgy190000,john young,Information Technology for Business 
ITSS,3300,1,,10,24,16,5,6,,1,2,1,,,,,,,,0,"Bodeker, Alison J","Sehgal, Shirin",,,,,ajb190003,alison bodeker,Information Technology for Business 
ITSS,3300,5,,6,16,7,14,10,1,7,3,,1,,,,,,,0,"Stephens, Timothy G","Singla, Priyanka",,,,,tgs170130,timothy stephens,Information Technology for Business 
ITSS,3300,502,5,7,5,8,7,2,8,3,4,1,2,2,4,,,,,0,"Neal, Angela","Padhiar, Meet Vinod",,,,,aan052000,angela neal,Information Technology for Business 
ITSS,3300,3,2,8,9,12,8,7,5,3,2,2,,,1,,,,,0,"Hanifiafshar, Sharmin","Gudimella, Sai Divya",,,,,sxh200031,sharmin hanifiafshar,Information Technology for Business 
ITSS,3300,504,3,3,8,6,8,8,2,3,5,2,1,,8,,,,,2,"Hanifiafshar, Sharmin","Ashok Kumar, Monika",,,,,sxh200031,sharmin hanifiafshar,Information Technology for Business 
ITSS,3300,507,,,11,11,8,8,5,3,3,1,,2,5,,,,,2,"Bodeker, Alison J","Jadhav, Mahesh M",,,,,ajb190003,alison bodeker,Information Technology for Business 
ITSS,3300,4,,4,8,8,13,13,6,3,,1,,2,1,,,,,2,"Shrivastava, Prakash C",,,,,,pcs130130,prakash shrivastava,Information Technology for Business 
ITSS,3300,2,,5,5,13,16,11,4,4,2,1,,1,,,,,,1,"Shrivastava, Prakash C",,,,,,pcs130130,prakash shrivastava,Information Technology for Business 
ITSS,3300,6,,2,4,7,10,6,10,12,4,2,,,3,,,,1,2,"Shrivastava, Prakash C",,,,,,pcs130130,prakash shrivastava,Information Technology for Business 
ITSS,3300,503,,8,5,10,16,6,9,,2,,2,1,4,,,,,0,"Hansen, Atanas Y","Cai, Shuzhang",,,,,ayt061000,atanas hansen,Information Technology for Business 
ITSS,3300,8,,19,13,9,10,6,2,3,,,,,1,,,,,1,"Hansen, Atanas Y","Cai, Shuzhang",,,,,ayt061000,atanas hansen,Information Technology for Business 
ITSS,3300,HON,,27,16,17,14,2,,3,1,,2,,,,,,,0,"Stephens, Timothy G","Singla, Priyanka",,,,,tgs170130,timothy stephens,
ITSS,3311,501,4,3,6,6,7,4,7,4,,,1,,1,,,,,0,"Ozdemir, Dicle Yagmur",,,,,,dxo170430,dicle ozdemir,Introduction to Programming 
ITSS,3311,3,10,8,11,7,6,6,2,4,,2,,,1,,,,,2,"Tang, Ping",,,,,,pxt170008,ping tang,Introduction to Programming 
ITSS,3311,0W1,19,,12,13,7,3,1,,1,,,,1,,,,,2,"Khan, Masudal H","Pawar, Raybhan Sanjay",,,,,mhk190001,masudal khan,Introduction to Programming 
ITSS,3311,2,33,10,9,7,3,1,,,,,,,1,,,,,0,"Zhang, Hong",,,,,,hxz180033,hong zhang,Introduction to Programming 
ITSS,3311,1,6,9,6,7,5,5,7,5,2,,,2,,,,,,1,"Xie, Si",,,,,,sxx170008,si xie,Introduction to Programming 
ITSS,3312,1,4,5,8,4,15,7,4,7,,,,,1,,,,,1,"Ozdemir, Dicle Yagmur",,,,,,dxo170430,dicle ozdemir,Object-Oriented Programming 
ITSS,3312,501,3,34,10,5,2,2,,1,,,1,,1,,,,,0,"Luo, Ning",,,,,,nxl180000,ning luo,Object-Oriented Programming 
ITSS,3390,1,9,12,8,8,9,4,2,1,1,,1,1,1,,,,,2,"Neal, Angela","Padhiar, Meet Vinod",,,,,aan052000,angela neal,Web Design and Development for Business Applications 
ITSS,4300,1,,10,10,8,5,8,5,9,3,,2,,,,,,,0,"Pandian, Thiru","Lohia, Varun",,,,,txp190010,thiru pandian,Database Fundamentals 
ITSS,4300,0W1,,6,8,6,9,8,5,7,2,3,4,,,,,,,2,"Owens, Dawn M","Lohia, Varun",,,,,dmo130130,dawn owens,Database Fundamentals 
ITSS,4300,501,15,12,10,7,6,3,2,2,3,,1,,1,,,,,3,"Perry, Christopher","Lohia, Varun","Kaamra, Radhika",,,,cmp160130,christopher perry,Database Fundamentals 
ITSS,4301,501,1,4,3,1,2,3,2,,,,1,,,,,,,0,"Hagen, John","Sirsat, Disha",,,,,jch013200,john hagen,Database Systems 
ITSS,4330,501,5,10,8,7,11,6,6,4,2,,1,,,,,,,0,"Khan, Taimur A","Liu, Yihong",,,,,txk123530,taimur khan,Systems Analysis and Design 
ITSS,4330,1,,15,3,9,12,1,1,4,,,1,,,,,,,1,"Stephens, Timothy G","Paruchuri, Raga Rasagna",,,,,tgs170130,timothy stephens,Systems Analysis and Design 
ITSS,4330,2,,10,12,12,6,5,2,,1,,,,1,,,,,0,"Samant, Mandar","Sasivala Kantharaju, Mallikarjuna Swamy",,,,,mss190002,,Systems Analysis and Design 
ITSS,4340,1,,6,3,6,16,,2,8,1,1,1,,2,,,,,1,"Thompson, Luell O","Samal, Purnima",,,,,lot013000,luell thompson,
ITSS,4343,1,,,1,3,3,2,4,4,2,,,2,2,,,,,0,"Subramoniam, Ramesh","Patel, Afroz I",,,,,rxs179630,ramesh subramoniam,Integrated SCM Information Systems 
ITSS,4351,1,,25,9,8,7,4,,,3,1,2,,1,,,,,0,"Shekhar, Gaurav","Shanthakumara, Shukla H",,,,,gxs150130,gaurav shekhar,Foundations of Business Intelligence 
ITSS,4351,501,,9,9,11,10,3,4,1,,,,,1,,,,,0,"Baig, Juveria I","Singla, Priyanka",,,,,jxb129230,juveria baig,Foundations of Business Intelligence 
ITSS,4351,2,,7,8,20,4,10,2,,3,1,,,,,,,,0,"Pandian, Thiru","Vyas, Amish",,,,,txp190010,thiru pandian,Foundations of Business Intelligence 
ITSS,4352,2,,18,16,11,6,2,3,1,,,1,,1,,,,,1,"Maru, Vatsal K","Jain, Rashi",,,,,vkm220000,vatsal maru,Introduction to Web Analytics 
ITSS,4352,1,,9,12,10,15,7,4,1,1,,,,,,,,,0,"Maru, Vatsal K","Jain, Rashi",,,,,vkm220000,vatsal maru,Introduction to Web Analytics 
ITSS,4353,1,,3,9,7,14,7,8,2,,,,1,2,,,,,2,"Shrivastava, Prakash C","Naikwade, Durgeshwari P",,,,,pcs130130,prakash shrivastava,Business Analytics 
ITSS,4354,1,15,5,1,7,9,5,4,,,,,,3,,,,,0,"Bradbury, Judd D","Kunwar, Poorwa",,,,,jdb101000,judd bradbury,Advanced Big Data Analytics 
ITSS,4355,1,,5,15,9,5,5,2,1,,,,,,,,,,1,"Baig, Juveria I","Singla, Priyanka",,,,,jxb129230,juveria baig,Data Visualization 
ITSS,4360,1,6,10,16,7,2,11,3,1,3,1,,,,,,,,0,"Ginevich, Rostislav A","Sasivala Kantharaju, Mallikarjuna Swamy",,,,,rxg172930,rostislav ginevich,Network and Information Security 
ITSS,4360,501,,7,12,12,8,4,,3,,1,,,,,,,,1,"Thirumalai, Nambi D","Gudimella, Sai Divya",,,,,ndt180001,nambi thirumalai,Network and Information Security 
ITSS,4360,2,1,25,13,13,6,1,,,,,,,,,,,,0,"Howe, Nathaniel M","Gudimella, Sai Divya",,,,,nxh141030,nate howe,Network and Information Security 
ITSS,4362,501,3,7,8,7,12,9,6,4,3,,,,,,,,,1,"Khan, Taimur A","Liu, Yihong",,,,,txk123530,taimur khan,Cybersecurity Governance 
ITSS,4370,501,4,7,8,4,1,1,6,1,3,1,,,1,,,,,0,"Zareen, Ismat","George, Teffy Annie",,,,,ixz130130,ismat zareen,Information Technology Infrastructure 
ITSS,4370,1,,2,5,2,10,10,3,6,4,1,,1,3,,,,,4,"Hefley, William E","George, Teffy Annie",,,,,weh150130,william hefley,Information Technology Infrastructure 
ITSS,4370,502,5,7,7,8,15,4,6,5,1,,,,1,,,,,0,"Young, John G",,,,,,jgy190000,john young,Information Technology Infrastructure 
ITSS,4371,1,7,3,5,9,8,8,3,3,3,1,2,,,,,,,0,"Zareen, Ismat","Walia, Vishesh",,,,,ixz130130,ismat zareen,Cloud Computing with AWS 
ITSS,4380,1,15,23,,5,1,,,,,,,,3,,,,,0,"Wu, Lidong","Lohia, Varun",,,,,lxw097120,lidong wu,Advanced Database Management 
ITSS,4381,1,13,21,20,3,1,4,3,,,,,,,,,,,0,"Zhu, Wangsheng",,,,,,zxw180001,wangsheng zhu,Object Oriented Programming with Python 
ITSS,4381,501,,14,7,8,10,5,2,5,1,3,2,,,,,,,0,"Maru, Vatsal K","Jhunjhunwala, Shaiba",,,,,vkm220000,vatsal maru,Object Oriented Programming with Python 
ITSS,4382,1,,2,3,5,1,2,,,,,,,,,,,,0,"Wu, Lidong","Ashok Kumar, Monika",,,,,lxw097120,lidong wu,Applied Artificial Intelligence Machine Learning 
ITSS,4395,1,,42,,,9,,,,,,,,,,,,,0,"Parks, David",,,,,,dxp153830,david parks,Capstone Senior Project - Information Systems 
ITSS,4395,502,37,9,5,1,1,,,,,,,,,,,,,0,"Pandey, Naresh K",,,,,,nkp210001,naresh pandey,Capstone Senior Project - Information Systems 
ITSS,4V95,1,,3,4,3,,9,,1,2,1,,,1,,,,,1,"Pandian, Thiru","Ashok Kumar, Monika",,,,,txp190010,thiru pandian,Seminar Series in Information Systems 
JAPN,1311,1,3,4,4,2,1,2,1,1,,,,,,,,,,1,"Hoki, Chieko",,,,,,cxh190009,chieko hoki,Beginning Japanese I 
JAPN,1312,2,1,3,3,2,1,,,,,,,,,,,,,0,"Evans, Leonard W",,,,,,lwe210000,,Beginning Japanese II 
JAPN,2311,1,4,3,3,,1,,,1,,,,,,,,,,0,"Hoki, Chieko",,,,,,cxh190009,chieko hoki,Intermediate Japanese I 
JAPN,2312,1,1,,3,5,,,2,1,,,,,,,,,,0,"Hoki, Chieko",,,,,,cxh190009,chieko hoki,Intermediate Japanese II 
KORE,1311,2,7,6,2,4,1,3,,,,,,,,,1,,,0,"Jeong, Hyejeong",,,,,,hxj210002,hyejeong jeong,Beginning Korean I 
KORE,1311,1,5,5,8,,2,,,,,,,,,,,,,1,"Jeong, Hyejeong",,,,,,hxj210002,hyejeong jeong,Beginning Korean I 
KORE,1312,1,,3,4,1,3,2,,,,,,,1,,,,,3,"Bang, Hwaja",,,,,,hxb220034,,Beginning Korean II 
KORE,2311,1,,6,1,2,,1,,,,,,,,,,,,0,"Bang, Hwaja",,,,,,hxb220034,,Intermediate Korean I 
LIT,1301,HN1,10,6,,3,,,,,,,,,,,,,,0,"Brewer, Kenneth L",,,,,,klb092000,kenneth brewer,Introduction to Literature 
LIT,1301,1,19,11,5,23,12,7,3,1,1,,,,,,,,,1,"Ingrao, Peter J","Yang, Dawn D","D'Monte, Nikita",,,,jingrao,peter ingrao,Introduction to Literature 
LIT,1301,2,20,15,12,27,16,9,4,1,,,,1,3,,,,,0,"Ingrao, Peter J","D'Monte, Nikita","Yang, Dawn D",,,,jingrao,peter ingrao,Introduction to Literature 
LIT,2320,1,6,3,2,2,3,,1,,,,,,,,,,,0,"Brewer, Kenneth L",,,,,,klb092000,kenneth brewer,Survey A  Literature in English 
LIT,2331,4,,3,5,4,7,3,1,4,2,2,,1,3,,,,,0,"Cox, Gavin L",,,,,,glc016100,gavin cox,Introduction to World Literature 
LIT,2331,5,3,22,3,1,1,,,,1,,,1,3,,,,,0,"Almuthaybiri, Abdulaziz",,,,,,axa174232,,Introduction to World Literature 
LIT,2331,3,,2,4,4,4,1,,,,1,1,1,1,,,,,2,"Suller, Cristian Carlo L",,,,,,cls180002,cristian suller,Introduction to World Literature 
LIT,2331,501,7,5,1,1,1,,2,1,2,,,,1,,,,,2,"Sonnier, Jonathan D",,,,,,jsonnier,jonathan sonnier,Introduction to World Literature 
LIT,2331,2,2,5,4,3,,,,1,4,1,2,,2,,,,,4,"Aljararwa, Rasha",,,,,,rxa150230,rasha aljararwa,Introduction to World Literature 
LIT,2331,1,8,5,4,2,6,,,3,,,,,1,,,,,0,"Hasan, Syeda Nadia",,,,,,sxh190004,syeda hasan,Introduction to World Literature 
LIT,2350,1,4,8,2,,,,,1,,,,,,,,,,0,"Brewer, Kenneth L",,,,,,klb092000,kenneth brewer,Close Reading 
LIT,2350,2,,2,1,2,3,2,1,,,,,,1,,,,,0,"Cotter, Sean J",,,,,,sjc010100,sean cotter,Close Reading 
LIT,3300,1,2,6,3,,,1,,1,,,,,,,,,,0,"Riley, Kristin N",,,,,,knr091000,kristin riley,Western Literary Tradition 
LIT,3317,1,16,38,26,7,7,1,,3,2,,,,3,,,,,1,"Brewer, Kenneth L","Gu, Jiajia",,,,,klb092000,kenneth brewer,The Literature of Fantasy 
LIT,3319,1,,7,4,,2,1,,1,,,,,,,,,,0,"Riley, Kristin N",,,,,,knr091000,kristin riley,Contexts 
LIT,3319,501,11,,2,,,1,,,,,1,,1,,,,,0,"Ingrao, Peter J",,,,,,jingrao,peter ingrao,Contexts 
LIT,3319,2,1,1,4,4,,,,,,,,,1,,,,,1,"Gu, Ming D",,,,,,mdg073000,ming dong gu,Contexts 
LIT,3330,0W1,2,5,4,,2,2,1,4,2,,2,,2,,,,,0,"Allen, Janet",,,,,,jxa230004,,Linguistics 
LIT,3337,1,,1,2,4,1,2,1,,,,,1,1,,,,,0,"Cotter, Sean J",,,,,,sjc010100,sean cotter,Comparisons 
LIT,3338,1,,1,1,3,7,,,,,,,,2,,,,,1,"Brecheisen, Davis",,,,,,dxs200022,davis brecheisen,Literary Theory and Aesthetic Philosophy 
LIT,3339,1,2,8,4,,,,,1,,,,,,,,,,0,"Riley, Kristin N",,,,,,knr091000,kristin riley,Writing Literary Studies 
LIT,4329,1,,12,,2,,,,,,,,,1,,,,,0,"Wang, Mai",,,,,,mxw220014,mai wang,Single Author 
LIT,4329,2,8,2,3,,,,,,,,,,1,,,,,1,"Ingrao, Peter J",,,,,,jingrao,peter ingrao,Single Author 
LIT,6300,501,,5,1,1,1,,,,,,,,2,,,,,0,"Brecheisen, Davis",,,,,,dxs200022,davis brecheisen,Proseminar in Literary Studies 
LIT,6304,1,,8,1,,2,,,1,,,,,,,,,,0,"Wang, Mai",,,,,,mxw220014,mai wang,Literary Themes 
LIT,6315,1,,4,1,3,,,,,,,,,1,,,,,3,"Gu, Ming D",,,,,,mdg073000,ming dong gu,Literary and Critical Theory 
LIT,6320,1,,6,4,,,,,,,,,,,,,,,0,"Stone, Naomi S",,,,,,nxs190033,nomi stone,Poetry Workshop 
LIT,6321,1,,8,1,2,,,,,,,,,,,,,,0,"Ogbaa, Maurine",,,,,,mxo210004,maurine ogbaa,Fiction Workshop 
LIT,7300,501,,8,2,1,1,,,,,,,,,,,,,0,"Hatfield, Charles D",,,,,,cxh074100,charles hatfield,Academic Writing Workshop 
MAS,6102,97,,,,,,,,,,,,,2,58,,,,0,"Manoogian, Peter","Cirilo, Jason M","Mukherjee, Rahul","Mahindrakar, Anish A","Bohari, Murtuza H","Purohit, Chhayansh",jmc180002,jason cirilo,Professional Development 
MAS,6102,SW1,,,,,,,,,,,,,1,50,,,,0,"Kim, Tommy C","Anand, Chetana","Phalak, Aishwarya Mahesh",,,,,tommy kim,
MAS,6102,54,,,,,,,,,,,,,,63,,,,1,"Buquet, Richard","Bharadwaj, Aashay O","Vinez, Bradley A","Purohit, Chhayansh","Anand, Chetana","Safdar, Umair",rlb140930,,Professional Development 
MAS,6102,94,,,,,,,,,,,,,5,60,,,,0,"Holmes, Diane","Anand, Chetana","Bharadwaj, Aashay O","Keshaw, Vineet","Vinez, Bradley A","Safdar, Umair",dxh220014,,Professional Development 
MAS,6102,591,,,,,,,,,,,,,2,63,,,,0,"Nwabah, Ikechi C","Bohari, Murtuza H","Mahindrakar, Anish A","Singh, Ayush B","Jagapathi, Keerthi Reddy","Safdar, Umair",ixn042000,,Professional Development 
MAS,6102,92,,,,,,,,,,,,,2,64,,,,0,"Wilkerson, Cassandra","Jagapathi, Keerthi Reddy","Purohit, Chhayansh","Mukherjee, Rahul","Singh, Ayush B",,cxw170000,cassandra wilkerson,Professional Development 
MAS,6102,52,,,,,,,,,,,,,1,66,,,,0,"Wilkerson, Cassandra","Purohit, Chhayansh","Jagapathi, Keerthi Reddy","Bohari, Murtuza H","Mukherjee, Rahul",Rana Udayveer Singh,cxw170000,cassandra wilkerson,Professional Development 
MAS,6102,95,,,,,,,,,,,,,2,65,,,,0,"Razvi, Ali","Bharadwaj, Aashay O","Phalak, Aishwarya Mahesh","Bujade, Tejas Vinayakrao",Rana Udayveer Singh,,axr130231,,Professional Development 
MAS,6102,55,,,,,,,,,,,,,1,66,,,,1,"Razvi, Ali","Phalak, Aishwarya Mahesh","Bharadwaj, Aashay O","Mukherjee, Rahul","Singh, Ayush B",Rana Udayveer Singh,axr130231,,Professional Development 
MAS,6102,551,,,,,,,,,,,,,,67,,,,1,"Webb, Brett","Jagapathi, Keerthi Reddy","Bohari, Murtuza H","Singh, Ayush B","Mahindrakar, Anish A","Safdar, Umair",bcw012000,,Professional Development 
MATH,1306,1,4,5,4,2,4,3,2,1,2,,,,2,,,,,1,"Sutton, Julie","Hensley, Travis","Guo, Jing",,,,jxs158030,julie sutton,College Algebra for the Non-Scientist 
MATH,1306,2,4,4,3,4,6,5,1,1,,,,1,2,,,,,0,"Sutton, Julie","Hensley, Travis","Guo, Jing",,,,jxs158030,julie sutton,College Algebra for the Non-Scientist 
MATH,1314,3,3,1,4,3,4,3,2,4,3,3,1,,4,,,,,2,"Alvarado, Iris",,,,,,ila180000,iris alvarado,College Algebra 
MATH,1314,1,,4,5,7,,5,,4,2,1,2,2,15,,,,,1,"Alvarado, Iris",,,,,,ila180000,iris alvarado,College Algebra 
MATH,1314,2,1,4,5,5,4,3,8,1,2,1,3,2,9,,,,,0,"Alvarado, Iris",,,,,,ila180000,iris alvarado,College Algebra 
MATH,1316,1,2,1,3,1,2,2,3,1,1,,1,1,10,,,,,1,Nisha,"Martynova, Irina",,,,,nxn180012,,Trigonometry 
MATH,1316,2,2,4,1,4,1,1,4,5,,,3,2,2,,,,,5,"Martynova, Irina","Nehrubabu, Mithin",,,,,ixm140930,irina martynova,Trigonometry 
MATH,1325,2,1,5,2,2,10,3,1,6,9,3,,,5,,,,,1,"Mussa, Derege H",,,,,,dxm146130,derege mussa,Applied Calculus I 
MATH,1325,4,3,8,11,2,2,5,4,3,2,3,1,2,1,,,,,3,"Patel, Jigarkumar S",,,,,,jsp061000,jigarkumar patel,Applied Calculus I 
MATH,1325,6,,6,13,2,5,4,3,1,2,1,2,3,4,,,,,4,"Patel, Jigarkumar S",,,,,,jsp061000,jigarkumar patel,Applied Calculus I 
MATH,1325,7,1,1,2,4,2,1,6,4,3,5,4,2,6,,,,,4,"Koshevnik, Yuly","Zhou, Dilong",,,,,yxk055000,yuly koshevnik,Applied Calculus I 
MATH,1325,5,,,4,6,9,3,4,3,2,2,1,4,5,,,,,4,"Mussa, Derege H",,,,,,dxm146130,derege mussa,Applied Calculus I 
MATH,1325,1,,4,4,6,3,2,3,6,7,,2,4,5,,,,,2,"Kehoe, Joselle D",,,,,,jxk061000,joselle kehoe,Applied Calculus I 
MATH,1325,8,1,4,6,7,7,6,1,4,4,3,,1,1,,,,,3,"Kehoe, Joselle D",,,,,,jxk061000,joselle kehoe,Applied Calculus I 
MATH,1325,3,2,5,4,10,1,7,2,4,3,3,1,2,3,,,,,2,"Makhijani, Neha",,,,,,nxm165130,neha makhijani,Applied Calculus I 
MATH,1325,501,,6,6,3,4,7,9,4,1,1,1,2,2,,,,,3,"Makhijani, Neha",,,,,,nxm165130,neha makhijani,Applied Calculus I 
MATH,1326,8,2,,1,,5,1,,2,1,1,1,2,6,,,,,3,"Murza, Adrian C",,,,,,acm170730,adrian murza,Applied Calculus II 
MATH,1326,1,4,3,4,2,4,,1,5,2,1,,,1,,,,,1,"Foley, Manjula",,,,,,mxf091000,manjula samanmalee foley,Applied Calculus II 
MATH,1326,11,5,3,2,4,1,2,4,3,2,,1,,,,,,,2,"Rakotomalala, Diarisoa Mihaja Andriamanisa",,,,,,dmr150130,diarisoa rakotomalala,Applied Calculus II 
MATH,1326,9,2,4,,4,2,2,3,5,1,1,,1,3,,,,,3,"Murza, Adrian C",,,,,,acm170730,adrian murza,Applied Calculus II 
MATH,1326,501,3,2,2,2,1,4,1,4,3,1,2,1,4,,,,,1,"Mussa, Derege H",,,,,,dxm146130,derege mussa,Applied Calculus II 
MATH,1326,7,9,7,2,3,6,2,1,3,,,,,,,,,,2,"Mussa, Derege H",,,,,,dxm146130,derege mussa,Applied Calculus II 
MATH,1326,10,7,6,1,3,3,1,2,3,1,3,,,3,,,,,4,"Kehoe, Joselle D",,,,,,jxk061000,joselle kehoe,Applied Calculus II 
MATH,1326,3,5,5,,7,5,4,4,2,1,1,2,1,,,,,,1,"Foley, Manjula",,,,,,mxf091000,manjula samanmalee foley,Applied Calculus II 
MATH,1326,2,6,4,3,5,5,3,4,4,1,2,2,,1,,,,,0,"Kehoe, Joselle D",,,,,,jxk061000,joselle kehoe,Applied Calculus II 
MATH,1326,5,11,8,1,1,2,6,3,6,2,,,,,,,,,1,"Foley, Manjula",,,,,,mxf091000,manjula samanmalee foley,Applied Calculus II 
MATH,1326,4,7,6,1,7,2,3,5,5,1,2,,1,1,,,,,2,"Rakotomalala, Diarisoa Mihaja Andriamanisa",,,,,,dmr150130,diarisoa rakotomalala,Applied Calculus II 
MATH,1326,6,6,7,3,2,3,6,6,1,1,1,2,,3,,,,,2,"Rakotomalala, Diarisoa Mihaja Andriamanisa",,,,,,dmr150130,diarisoa rakotomalala,Applied Calculus II 
MATH,2306,1,4,2,1,,,,1,1,1,,,,,,,,,0,"Babbitt, Matthew W",,,,,,mwb180002,,Analytic Geometry 
MATH,2312,1,2,4,5,4,10,5,2,,2,1,4,1,6,,,,,2,"Martynova, Irina","Sechkin, Georgii",,,,,ixm140930,irina martynova,Precalculus 
MATH,2312,2,2,8,2,2,5,3,2,4,1,3,2,1,2,,,,,0,"Martynova, Irina","Ramarolahy, Rija Tonny Christian",,,,,ixm140930,irina martynova,Precalculus 
MATH,2312,4,,3,4,4,4,4,,3,2,2,2,1,11,,,,,2,"Rouf, Samiha C",,,,,,scr091020,samiha rouf,Precalculus 
MATH,2312,3,1,6,2,5,4,4,4,2,1,3,2,2,7,,,,,0,"Martynova, Irina","Goni, Hazera",,,,,ixm140930,irina martynova,Precalculus 
MATH,2333,1,6,6,5,5,6,3,3,1,,2,,2,2,,,,,1,"Rakotomalala, Diarisoa Mihaja Andriamanisa",,,,,,dmr150130,diarisoa rakotomalala,Matrices  Vectors  and Data 
MATH,2370,2,,2,1,,1,1,,1,1,,,1,6,,,,,1,"Garrett, Bentley T","Seiffert, Lucas",,,,,btg032000,bentley garrett,Introduction to Programming with MATLAB 
MATH,2370,1,1,4,,3,2,2,1,,3,,,1,1,,,,,0,"Garrett, Bentley T","Fatema, Saba",,,,,btg032000,bentley garrett,Introduction to Programming with MATLAB 
MATH,2413,2,,3,1,2,3,1,2,4,6,3,9,2,7,,,,,1,"Nguyen, Mylinh T",,,,,,mln018200,mylinh nguyen,Differential Calculus 
MATH,2413,8,,1,1,3,3,3,4,1,4,1,6,,14,,,,,3,"Murza, Adrian C",,,,,,acm170730,adrian murza,Differential Calculus 
MATH,2413,11,,,,2,2,1,1,2,8,2,2,1,4,,,,,1,"Sultana, Nasrin",,,,,,nxs190039,nasrin sultana,Differential Calculus 
MATH,2413,5,,,,2,2,2,2,1,5,2,1,,10,,,,,1,"Ding, Hui",,,,,,hxd162130,hui ding,Differential Calculus 
MATH,2413,10,3,2,1,,,,3,8,2,,,4,6,,,,,3,"Sultana, Nasrin",,,,,,nxs190039,nasrin sultana,Differential Calculus 
MATH,2413,3,1,1,,5,1,,5,2,3,,5,1,7,,,,,2,"Lou, Yifei",,,,,,yxl145331,yifei lou,Differential Calculus 
MATH,2413,1,,2,2,2,3,4,4,4,5,2,2,4,8,,,,1,0,"Sultana, Nasrin",,,,,,nxs190039,nasrin sultana,Differential Calculus 
MATH,2413,4,1,1,,1,2,1,3,,3,5,5,3,16,,,,1,1,"Lou, Yifei",,,,,,yxl145331,yifei lou,Differential Calculus 
MATH,2413,6,3,,4,,4,3,5,8,4,,3,1,6,,,,,2,"Sultana, Nasrin",,,,,,nxs190039,nasrin sultana,Differential Calculus 
MATH,2413,7,,,6,5,2,1,2,2,1,2,5,1,14,,,,,2,"Alvarado, Iris",,,,,,ila180000,iris alvarado,Differential Calculus 
MATH,2413,9,,1,3,,1,2,4,4,3,4,2,3,15,,,,,1,"Murza, Adrian C",,,,,,acm170730,adrian murza,Differential Calculus 
MATH,2414,6,3,3,,2,8,4,2,1,2,3,2,1,10,,,,,3,"Ahsan, Mohammad K",,,,,,mka120030,mohammad ahsan,Integral Calculus 
MATH,2414,11,1,2,7,4,4,8,3,3,2,1,2,1,6,,,,,0,"Nguyen, Mylinh T",,,,,,mln018200,mylinh nguyen,Integral Calculus 
MATH,2414,13,8,11,5,3,4,2,1,3,1,1,,1,4,,,,,0,"Duruoha, Adannah",,,,,,axd180037,adannah duruoha,Integral Calculus 
MATH,2414,14,8,4,2,2,6,3,6,4,1,,1,2,4,,,,,1,"Nguyen, Mylinh T",,,,,,mln018200,mylinh nguyen,Integral Calculus 
MATH,2414,16,1,6,4,4,4,3,6,2,4,2,4,,2,,,,2,0,"Aman, Kelly C",,,,,,kxa143530,kelly aman,Integral Calculus 
MATH,2414,18,4,3,6,6,4,3,3,2,1,4,1,2,4,,,,,1,"Duruoha, Adannah",,,,,,axd180037,adannah duruoha,Integral Calculus 
MATH,2414,20,,2,4,2,4,3,9,2,1,4,2,2,6,,,,,3,"Paudel, Ajaya B",,,,,,abp062000,ajaya paudel,Integral Calculus 
MATH,2414,9,2,1,,,2,1,2,,2,1,1,,6,,,,,1,"Liu, Runzhou",,,,,,rxl210013,runzhou liu,Integral Calculus 
MATH,2414,10,1,2,1,2,4,2,,,2,1,2,,6,,,,,0,"Liu, Runzhou",,,,,,rxl210013,runzhou liu,Integral Calculus 
MATH,2414,3,2,5,,5,,2,2,,2,1,,,4,,,,,1,"Ahsan, Mohammad K",,,,,,mka120030,mohammad ahsan,Integral Calculus 
MATH,2414,12,,3,2,1,,5,4,1,,2,1,1,4,,,,,1,"Liu, Runzhou",,,,,,rxl210013,runzhou liu,Integral Calculus 
MATH,2414,8,,,4,2,2,3,1,1,2,1,1,1,5,,,,,3,"Liu, Runzhou",,,,,,rxl210013,runzhou liu,Integral Calculus 
MATH,2414,4,2,4,1,1,1,1,6,1,3,4,,1,5,,,,,0,"Ahsan, Mohammad K",,,,,,mka120030,mohammad ahsan,Integral Calculus 
MATH,2414,22,1,3,1,2,4,1,5,3,1,3,1,1,7,,,,,1,"Paudel, Ajaya B",,,,,,abp062000,ajaya paudel,Integral Calculus 
MATH,2414,7,3,1,2,5,4,1,,5,3,2,1,2,4,,,,,2,"Ahsan, Mohammad K",,,,,,mka120030,mohammad ahsan,Integral Calculus 
MATH,2414,17,3,4,4,2,3,5,3,3,2,2,,1,7,,,,1,1,"Aman, Kelly C",,,,,,kxa143530,kelly aman,Integral Calculus 
MATH,2414,2,7,5,3,3,4,1,5,2,2,1,1,5,2,,,,,1,"Duruoha, Adannah",,,,,,axd180037,adannah duruoha,Integral Calculus 
MATH,2414,5,1,,1,3,4,3,5,1,4,1,1,1,11,,,,,6,"Dahal, Rabin",,,,,,rxd153030,rabin dahal,Integral Calculus 
MATH,2414,1,3,1,,4,2,5,4,1,7,3,1,1,7,,,,,4,"Paudel, Ajaya B",,,,,,abp062000,ajaya paudel,Integral Calculus 
MATH,2414,15,7,4,2,2,5,3,1,4,2,3,1,2,7,,,,,0,"Aman, Kelly C",,,,,,kxa143530,kelly aman,Integral Calculus 
MATH,2414,19,1,6,6,3,1,3,1,5,6,2,1,,8,,,,,0,"Paudel, Ajaya B",,,,,,abp062000,ajaya paudel,Integral Calculus 
MATH,2414,21,5,3,7,7,4,2,3,1,2,1,,,6,,,,,2,"Duruoha, Adannah",,,,,,axd180037,adannah duruoha,Integral Calculus 
MATH,2415,1,4,4,2,3,7,,3,3,3,,3,,7,,,,,1,"Coskunuzer, Baris","Zweck, John W",,,,,bxc190014,baris coskunuzer,Calculus of Several Variables 
MATH,2415,4,,3,1,,3,,2,4,,,2,,3,,,,,0,"Coskunuzer, Baris","Zweck, John W",,,,,bxc190014,baris coskunuzer,Calculus of Several Variables 
MATH,2415,2,2,8,2,2,9,1,,6,4,,,,2,,,,,2,"Akbar, Mohammad M",,,,,,mma110020,mohammad akbar,Calculus of Several Variables 
MATH,2415,3,4,7,5,4,7,3,3,1,1,,2,,,,,,,1,"Zweck, John W",,,,,,jwz120030,john zweck,Calculus of Several Variables 
MATH,2417,2,1,4,2,,1,5,2,1,,1,1,1,11,,,,,0,"Sinha Roy, Sushmita",,,,,,sxs170121,sushmita roy,Calculus I 
MATH,2417,3,1,2,2,,1,2,,,3,,1,,11,,,,,5,"Sinha Roy, Sushmita",,,,,,sxs170121,sushmita roy,Calculus I 
MATH,2417,1,5,1,2,4,1,,,4,1,,1,,7,,,,1,2,"Dahal, Rabin",,,,,,rxd153030,rabin dahal,Calculus I 
MATH,2417,4,1,,3,1,1,3,1,2,4,,1,,7,,,,,5,"Dahal, Rabin",,,,,,rxd153030,rabin dahal,Calculus I 
MATH,2418,HN1,3,8,7,2,,,,,2,1,,,,,,,1,0,"Ramakrishna, Viswanath","Hasija, Jyoti",,,,,vish,viswanath ramakrishna,Linear Algebra 
MATH,2418,3,13,8,7,2,,1,4,2,6,1,,1,3,,,,,1,"Ding, Hui",,,,,,hxd162130,hui ding,Linear Algebra 
MATH,2418,1,12,7,8,7,6,3,4,,3,1,,,2,,,,,3,"Adabrah, Anani Komla",,,,,,aaa130530,anani adabrah,Linear Algebra 
MATH,2418,6,17,8,3,8,5,3,3,2,3,2,,,1,,,,,1,"Adabrah, Anani Komla",,,,,,aaa130530,anani adabrah,Linear Algebra 
MATH,2418,7,11,7,3,4,3,5,3,4,5,3,1,3,4,,,,,0,"Miller, James W",,,,,,jwm170630,james miller,Linear Algebra 
MATH,2418,501,6,,5,2,4,2,4,2,,,,3,5,,,,,0,"Ding, Hui",,,,,,hxd162130,hui ding,Linear Algebra 
MATH,2418,502,3,8,3,4,4,1,6,4,,,1,1,9,,,,,0,"Pereira, Luis Felipe F",,,,,,lfp140030,luis pereira,Linear Algebra 
MATH,2418,2,12,5,4,4,9,,1,5,1,1,1,,4,,,,,0,"Pereira, Luis Felipe F",,,,,,lfp140030,luis pereira,Linear Algebra 
MATH,2418,8,12,6,3,6,2,3,2,1,6,1,2,1,1,,,,,1,"Adabrah, Anani Komla",,,,,,aaa130530,anani adabrah,Linear Algebra 
MATH,2418,4,7,5,9,2,5,4,4,2,5,5,2,,3,,,,,1,"Arnold, Maxim",,,,,,mxa149530,maxim arnold,Linear Algebra 
MATH,2418,5,7,3,4,5,6,4,4,2,3,1,1,3,8,,,,,4,"Ding, Hui",,,,,,hxd162130,hui ding,Linear Algebra 
MATH,2419,3,2,3,4,8,3,7,2,1,7,,1,,1,,,,,1,"Williams, Nathan F",,,,,,nxw170830,nathan williams,Calculus II 
MATH,2419,5,,1,3,5,4,3,4,3,11,,5,,,,,,,1,"Khoury, Raja N",,,,,,rnk180000,raja khoury,Calculus II 
MATH,2419,1,,2,1,,1,2,2,1,4,,2,,2,,,,,1,"Eydelzon, Anatoly",,,,,,axe031000,anatoly eydelzon,Calculus II 
MATH,2419,2,,4,4,3,1,3,2,6,9,,1,,2,,,,,1,"Eydelzon, Anatoly",,,,,,axe031000,anatoly eydelzon,Calculus II 
MATH,2419,4,1,4,4,6,2,4,3,4,8,,1,,1,,,,,0,"Eydelzon, Anatoly",,,,,,axe031000,anatoly eydelzon,Calculus II 
MATH,2420,1,3,3,2,7,4,3,5,8,2,,6,,,,,,,3,"Patel, Jigarkumar S",,,,,,jsp061000,jigarkumar patel,Differential Equations with Applications 
MATH,2420,2,7,5,2,2,7,7,6,3,5,,1,,,,,,,2,"Rachinskiy, Dmitry",,,,,,dxr124030,dmitry rachinskiy,Differential Equations with Applications 
MATH,2420,4,4,5,1,4,5,7,5,2,7,,4,,,,,,,3,"Makarenkov, Oleg",,,,,,oxm130230,oleg makarenkov,Differential Equations with Applications 
MATH,2420,3,8,5,6,1,5,6,4,6,4,,3,,,,,,,0,"Rachinskiy, Dmitry",,,,,,dxr124030,dmitry rachinskiy,Differential Equations with Applications 
MATH,3310,2,,6,4,2,4,4,1,,2,1,,,,,,,,0,"Dabkowski, Malgorzata A","Gettemy, Aidan R",,,,,mxd066000,malgorzata dabkowska,Theoretical Concepts of Calculus 
MATH,3310,1,1,6,10,8,3,,4,1,1,1,,1,1,,,,,0,"Dabkowski, Malgorzata A","Gettemy, Aidan R",,,,,mxd066000,malgorzata dabkowska,Theoretical Concepts of Calculus 
MATH,3311,2,1,4,1,,,1,,1,,1,,1,,,,,,0,"Dabkowski, Malgorzata A",,,,,,mxd066000,malgorzata dabkowska,Abstract Algebra I 
MATH,3311,1,,3,2,2,,2,1,2,,,,1,1,,,,,0,"Dabkowski, Malgorzata A",,,,,,mxd066000,malgorzata dabkowska,Abstract Algebra I 
MATH,3312,1,12,2,2,1,,,1,2,3,,1,1,2,,,,,4,"Arreche Aguayo, Carlos E","Meyer, Bradley D",,,,,cxa171230,carlos arreche,Abstract Algebra II 
MATH,3315,1,10,9,12,4,3,1,,2,,,,,,,,,,1,"Williams, Nathan F","Mitra, Arnaja",,,,,nxw170830,nathan williams,Discrete Mathematics and Combinatorics 
MATH,3351,1,3,7,,2,9,,1,5,4,,2,,2,,,,,2,"McKeown, Stephen","Murad, Mohammad Hassan",,,,,sxm190098,stephen mckeown,Advanced Calculus 
MATH,3351,2,2,11,11,6,2,3,,,1,,,,1,,,,1,1,"Krawcewicz, Wieslaw Z","Murad, Mohammad Hassan",,,,,wzk091000,wieslaw krawcewicz,Advanced Calculus 
MATH,3379,1,1,2,1,1,2,3,1,1,,,,,2,,,,,1,"Cao, Yan","Zagvozdkin, Andrei",,,,,yxc069200,yan cao,Complex Variables 
MATH,3379,2,1,4,3,3,1,,,2,1,,1,2,3,,,,,0,"Cao, Yan","Ahmed, Faisal",,,,,yxc069200,yan cao,Complex Variables 
MATH,3380,1,6,4,,1,2,,1,6,2,,1,,2,,,,,2,"McKeown, Stephen","Mitra, Arnaja",,,,,sxm190098,stephen mckeown,Differential Geometry 
MATH,4302,1,5,3,4,2,2,5,2,,,,,,1,,,,1,1,"Dabkowski, Mieczyslaw K","Rawat, Richa",,,,,mkd034000,mieczyslaw dabkowski,Mathematical Analysis II 
MATH,4302,2,9,6,,3,3,2,,2,3,,,,1,,,,,0,"Dabkowski, Mieczyslaw K","Rawat, Richa",,,,,mkd034000,mieczyslaw dabkowski,Mathematical Analysis II 
MATH,4332,501,27,1,6,3,3,,2,2,1,,1,,,,,,,0,"Adabrah, Anani Komla","Wasala Mudiyanselage, Indrajith K",,,,,aaa130530,anani adabrah,Scientific Computing using Python 
MATH,4334,1,3,3,1,2,,2,1,,4,,,1,1,,,,,1,"Garrett, Bentley T","Mrad, Preskella",,,,,btg032000,bentley garrett,Numerical Analysis 
MATH,4334,501,7,3,2,2,1,2,1,1,3,,,,3,,,,,1,"Garrett, Bentley T","Mrad, Preskella",,,,,btg032000,bentley garrett,Numerical Analysis 
MATH,4355,1,4,5,8,3,1,5,3,2,,,1,,1,,,,,4,"Ramakrishna, Viswanath","Hasija, Jyoti",,,,,vish,viswanath ramakrishna,Methods of Applied Mathematics 
MATH,4362,1,,6,3,2,4,2,,,,,2,,,,,,,1,"Turi, Janos","Malhotra, Sakshi",,,,,turi,janos turi,Partial Differential Equations 
MATH,5303,1,,9,1,2,,,,,,,,,,,,,,0,"Eydelzon, Anatoly",,,,,,axe031000,anatoly eydelzon,Advanced Calculus and Linear Algebra 
MATH,6302,501,,7,11,3,,,,,,,,,1,,,,,0,"Krawcewicz, Wieslaw Z","Zhang, Kan",,,,,wzk091000,wieslaw krawcewicz,Functional Analysis I 
MATH,6303,1,,8,8,3,1,1,1,1,,,,,,,,,,0,"Conlon, Ronan","Malhotra, Sakshi",,,,,rxc200021,ronan conlon,Theory of Complex Functions I 
MATH,6309,1,,4,4,4,2,2,,,,,,,,,,,,0,"Conlon, Ronan","Meyer, Bradley D",,,,,rxc200021,ronan conlon,Differential Geometry 
MATH,6312,1,,19,1,1,2,,,,,,,,,,,,,0,"Arreche Aguayo, Carlos E","Ahmed, Faisal",,,,,cxa171230,carlos arreche,Combinatorics and Graph Theory 
MATH,6321,1,,5,1,1,4,1,,,,,,,,,,,,0,"Turi, Janos",,,,,,turi,janos turi,Optimization 
MATH,6322,501,,8,7,1,2,1,,1,,,,,,,,,,0,"Ramakrishna, Viswanath","Ranpati Dewage, Manjula Mahesh K",,,,,vish,viswanath ramakrishna,Mathematical Foundations of Data Science 
MECH,1208,0W1,10,29,30,14,13,8,6,7,3,,,,3,,,,,2,"Fadda, Dani Z","Thamban, P L Stephan","Rios, Oziel","Ovy, S M Al Islam",,,dzf091000,dani fadda,Introduction to Mechanical Engineering II 
MECH,2120,105,7,9,3,1,,1,,,,,,,,,,,,1,"Lu, Hongbing","Keewan, Ashraf Z","Srivastava, Rajat",,,,hxl101000,hongbing lu,Mechanics of Materials Laboratory 
MECH,2120,101,1,4,4,,,1,,,,,,,,,,,,0,"Lu, Hongbing","Najafkhani Feijani, Fateme","Felicio Perruci, Gustavo","Srivastava, Rajat","Caselato Gandia, Guilherme","Keewan, Ashraf Z",hxl101000,hongbing lu,Mechanics of Materials Laboratory 
MECH,2120,102,15,5,,1,,,,,,,,,,,,,,0,"Lu, Hongbing","Felicio Perruci, Gustavo","Srivastava, Rajat",,,,hxl101000,hongbing lu,Mechanics of Materials Laboratory 
MECH,2120,103,8,5,5,,2,,,,,,,,1,,,,,0,"Lu, Hongbing","Srivastava, Rajat",,,,,hxl101000,hongbing lu,Mechanics of Materials Laboratory 
MECH,2120,104,1,4,3,4,3,2,1,,,,,,1,,,,,2,"Lu, Hongbing","Caselato Gandia, Guilherme","Srivastava, Rajat",,,,hxl101000,hongbing lu,Mechanics of Materials Laboratory 
MECH,2120,106,2,12,4,1,1,1,,,,,,,,,,,,0,"Lu, Hongbing","Srivastava, Rajat",,,,,hxl101000,hongbing lu,Mechanics of Materials Laboratory 
MECH,2310,1,1,10,5,3,14,14,12,10,4,1,2,1,4,,,,,2,"Murphy, Alexander",,,,,,axm210176,alexander murphy,Statics 
MECH,2320,2,3,3,8,4,11,3,5,2,,,,,1,,,,,3,"Ryu, ILL","Nguyen, Phu Cuong",,,,,ixr161130,,Mechanics of Materials 
MECH,2320,3,7,20,15,5,7,3,,,,,,,1,,,,,0,"Zhou, Yue","Hossain, Al-Mustasin A",,,,,yxz220024,,Mechanics of Materials 
MECH,2330,1,2,6,7,5,8,13,4,4,3,1,5,1,,,,,,1,"Thamban, P L Stephan","Miles, Drew",,,,,stephan,p l stephan thamban,Dynamics 
MECH,2330,2,,6,3,5,8,3,1,6,4,2,2,2,3,,,,,0,"Ganapathy, Karthik",,,,,,kxg161630,karthik ganapathy,Dynamics 
MECH,2340,1,,13,2,5,7,2,5,2,,1,1,,,,,,,0,"Hart, Robert A","Dony, Md Nur-A-Adam",,,,,rxh124630,robert hart,Circuits and Applied Electronics 
MECH,3105,102,13,18,8,9,12,6,2,1,2,2,1,2,,,,,,3,"Rios, Oziel","Lagria, Joshua Benedict M",,,,,oxr106020,oziel rios,Computer Aided Design Laboratory 
MECH,3105,101,10,5,7,,5,5,4,2,,1,,2,3,,,,,2,"Rios, Oziel","Lagria, Joshua Benedict M",,,,,oxr106020,oziel rios,Computer Aided Design Laboratory 
MECH,3115,102,4,16,4,,,,,,,,,,,,,,,0,"Jin, Yaqing","Charles, Daniel",,,,,yxj190011,yaqing jin,Fluid Mechanics Laboratory 
MECH,3115,106,,5,5,,,,,,,,,,,,,,,0,"Jin, Yaqing","Gong, Pengyao",,,,,yxj190011,yaqing jin,Fluid Mechanics Laboratory 
MECH,3115,105,,13,1,,,,,,,,,,,,,,,0,"Jin, Yaqing","Aju, Emmanuvel J",,,,,yxj190011,yaqing jin,Fluid Mechanics Laboratory 
MECH,3115,103,9,5,4,1,,,,,,,,,,,,,,0,"Jin, Yaqing","Charles, Daniel",,,,,yxj190011,yaqing jin,Fluid Mechanics Laboratory 
MECH,3115,101,18,,,4,,,,,,,,,,,,,,0,"Jin, Yaqing","Aju, Emmanuvel J",,,,,yxj190011,yaqing jin,Fluid Mechanics Laboratory 
MECH,3120,102,8,4,,8,2,,,,,,,,,,,,,0,"Hassanipour, Fatemeh","Olapojoye, Abdullahi O","Gutierrez Pua, Lizeth D",,,,fxh091000,fatemeh hassanipour,Heat Transfer Laboratory 
MECH,3120,103,15,5,,,,,,,,,,,,,,,,0,"Hassanipour, Fatemeh","Olapojoye, Abdullahi O","Gutierrez Pua, Lizeth D",,,,fxh091000,fatemeh hassanipour,Heat Transfer Laboratory 
MECH,3150,102,,4,7,7,,3,1,,,,,,,,,,,0,"Park, Wooram","Bailey, Karl W",,,,,wxp103020,wooram park,Kinematics and Dynamics Laboratory 
MECH,3150,101,,8,10,4,3,2,2,1,1,,,,,,,,,0,"Park, Wooram","Bailey, Karl W",,,,,wxp103020,wooram park,Kinematics and Dynamics Laboratory 
MECH,3150,104,,22,8,5,3,2,1,2,,,,,2,,,,,0,"Park, Wooram","Bailey, Karl W",,,,,wxp103020,wooram park,Kinematics and Dynamics Laboratory 
MECH,3305,0W1,12,22,18,16,16,8,8,6,6,2,2,3,2,,,,,5,"Rios, Oziel","Lagria, Joshua Benedict M",,,,,oxr106020,oziel rios,Computer Aided Design 
MECH,3310,2,2,4,6,2,9,5,11,5,11,,3,,1,,,,,1,"You, Seung M","Rukhsar, Aqsa",,,,,smy130030,seung you,Thermodynamics 
MECH,3310,1,7,2,6,6,8,6,3,4,4,,,1,,,,,,1,"Ouyang, Hui","Sapkota, Deepak",,,,,hxo150330,hui ouyang,Thermodynamics 
MECH,3315,1,1,2,5,8,4,8,12,9,6,3,1,,6,,,,,2,"Yousefi, Kianoosh",,,,,,kxy220011,kianoosh yousefi,Fluid Mechanics 
MECH,3320,2,12,6,9,4,5,4,1,,1,,1,,,,,,,0,"Cui, Shuang","Avhad, Roma",,,,,sxc200064,shuang cui,Heat Transfer 
MECH,3320,3,19,13,6,5,2,2,1,2,1,,,,,,,,,0,"Xiong, Guoping","Avhad, Roma",,,,,gxx200001,guoping xiong,Heat Transfer 
MECH,3340,1,2,11,11,8,10,6,4,8,,,,,,,,,,0,"Summers, Tyler H","Lingad, Michael V",,,,,ths150130,tyler summers,System Dynamics Modeling and Analysis 
MECH,3340,2,1,4,5,2,2,1,2,,2,,,2,1,,,,,1,"Zare, Armin","Abootorabi, Seyedalireza",,,,,axz190009,armin zare,System Dynamics Modeling and Analysis 
MECH,3350,1,5,8,5,4,7,15,2,1,7,,4,1,2,,,,,1,"Rios, Oziel","Li, Benquan",,,,,oxr106020,oziel rios,Kinematics and Dynamics of Mechanical Systems 
MECH,3351,1,,7,3,4,1,,,,,,,,2,,,,,0,"Zhang, Runyu",,,,,,rxz180009,,Design of Mechanical Systems 
MECH,3351,2,1,4,4,14,21,8,6,,,,,1,,,,,,0,"Bernal Montoya, Rodrigo A","Rincon Montenegro, Juan C",,,,,rab160530,rodrigo bernal,Design of Mechanical Systems 
MECH,3360,2,3,14,,2,13,,1,16,,,3,,8,,,,,1,"Kumar, Golden",,,,,,gxk180010,golden kumar,Introduction to Materials Science 
MECH,4110,104,1,3,1,2,,1,,3,2,,,,1,,,,,0,"Koeln, Justin P","Gostin, David S","Sakakini, Trent J","You, Shilin",,,jpk170130,,Systems and Controls Laboratory 
MECH,4110,106,1,5,1,1,3,2,1,1,1,,,,,,,,,0,"Koeln, Justin P","Gostin, David S","Sakakini, Trent J","You, Shilin",,,jpk170130,,Systems and Controls Laboratory 
MECH,4110,102,,9,,3,3,1,1,1,,,,,,,,,,0,"Koeln, Justin P","Gostin, David S","Sakakini, Trent J","You, Shilin",,,jpk170130,,Systems and Controls Laboratory 
MECH,4110,101,1,5,3,3,1,4,,,1,,,,1,,,,,0,"Koeln, Justin P","Gostin, David S","Sakakini, Trent J","You, Shilin",,,jpk170130,,Systems and Controls Laboratory 
MECH,4310,1,,2,2,,5,6,5,6,3,,2,,3,,,,,1,"Rotea, Mario A","Zhang, Yujie",,,,,mar091000,mario rotea,Systems and Controls 
MECH,4342,1,,8,1,3,10,7,1,2,,,,,1,,,,,1,"Park, Wooram","Singh, Abhishek P",,,,,wxp103020,wooram park,Introduction to Robotics 
MECH,4370,1,4,7,5,3,5,5,2,2,5,,,,,,,,,0,"Lee, Jeong-Bong",,,,,,jblee,jeong bong lee,Introduction to MEMS 
MECH,4380,1,,9,12,7,8,5,9,4,1,,,,,,,,,0,"Fadda, Dani Z","Zhang, Tingting",,,,,dzf091000,dani fadda,HVAC Systems 
MECH,4381,1,4,5,5,4,9,1,3,1,3,,,,,,,,,0,"Patel, Apurva R",,,,,,arp210010,apurva patel,Senior Design Project I 
MECH,4382,1,,42,37,27,24,11,7,1,,,,,,,,,,0,"Hart, Robert A","Tjahjono, Nathaniel S",,,,,rxh124630,robert hart,Senior Design Project II 
MECH,6300,1,,4,1,4,3,2,,,,,,,,,,,,0,"Abbas, Waseem",,,,,,wxa210006,waseem abbas,Linear Systems 
MECH,6309,1,,5,5,3,5,3,1,,,,,,,,,,,0,"Park, Wooram",,,,,,wxp103020,wooram park,Intermediate Dynamics 
MECH,6314,1,,2,2,3,1,3,1,2,,,,,,,,,,1,"Moheimani, Seyed Omid Reza","Velmurugan, Keerthana",,,,,sxm154130,,Engineering Systems  Modeling and Simulation 
MECH,6317,1,,7,5,,1,,,,,,,,,,,,,0,"Ruths, Justin","Velmurugan, Keerthana",,,,,jxr163730,justin ruths,Dynamics of Complex Networks and Systems 
MECH,6326,1,,14,2,2,5,1,,,,,,,1,,,,,0,"Koeln, Justin P",,,,,,jpk170130,,Optimal Control and Dynamic Programming 
MECH,6333,501,,44,4,3,1,,,2,,,,,1,,,,,1,"Malik, Arif S",,,,,,axm154531,arif malik,Materials Design and Manufacturing 
MECH,6334,1,,10,11,4,2,2,,2,,,,,,,,,,0,"Tadesse, Yonas T",,,,,,ytt110030,yonas tadesse,Smart Materials and Structures 
MECH,6372,1,,5,2,2,3,2,,,,,,,,,,,,0,"Leonardi, Stefano",,,,,,sxl139330,stefano leonardi,Turbulent Flows 
MECH,6373,1,,8,4,4,2,1,,1,,,,,,,,,,0,"You, Seung M",,,,,,smy130030,seung you,Convective Heat Transfer 
MECH,7393,1,,4,2,2,2,1,2,1,,,,,,,,,,0,"Thamban, P L Stephan",,,,,,stephan,p l stephan thamban,Advanced Mathematics for Mechanical Engineers II 
MECH,3V95,1,,2,6,4,9,6,4,3,2,,,,1,,,,,1,"McCall, Kyle","Hu, Lifang",,,,,kxm210050,kyle mccall,Topics in Mechanical Engineering 
MECH,4V95,5,1,4,5,8,5,2,1,,,,,,,,,,,1,"Tadesse, Yonas T","Matharu, Pawandeep S",,,,,ytt110030,yonas tadesse,Topics in Mechanical Engineering 
MECH,4V95,4,15,4,3,3,2,2,,,,,,,,,,,,0,"Miller, Kristin S",,,,,,ksm220003,kristin miller,Topics in Mechanical Engineering 
MECH,4V95,2,5,5,12,6,3,1,1,2,,,1,,,,,,,1,"Minary-Jolandan, Majid",,,,,,mxm124631,majid minary,Topics in Mechanical Engineering 
MECH,4V95,3,2,9,17,8,3,2,,,,,,,,,,,,3,"Li, Wei","Mysore Nagaraja, Kishore",,,,,wxl190014,,Topics in Mechanical Engineering 
MECH,6V49,5,,6,5,1,1,1,,,,,,,,,,,,0,"Tadesse, Yonas T","Matharu, Pawandeep S",,,,,ytt110030,yonas tadesse,Special Topics in Manufacturing and Design Innovation 
MECH,6V49,2,,6,10,3,,3,,,,,,,,,,,,0,"Minary-Jolandan, Majid",,,,,,mxm124631,majid minary,Special Topics in Manufacturing and Design Innovation 
MECH,6V49,3,,2,14,7,5,,,,,,,,,,,,,0,"Li, Wei","Mysore Nagaraja, Kishore",,,,,wxl190014,,Special Topics in Manufacturing and Design Innovation 
MECO,6303,1,,17,6,2,5,4,1,4,,,,,,,,,,0,"Liebowitz, Stanley J",,,,,,liebowit,stan liebowitz,Business Economics 
MECO,6303,GW1,,15,16,1,6,3,,,,,,,1,,,,,0,"Kiser, Stephen L",,,,,,slk012100,stephen kiser,
MECO,6303,0W1,,19,6,2,10,8,3,,,,,,,,,,,2,"Lewin, Peter",,,,,,plewin,peter lewin,Business Economics 
MECO,6350,1,,2,5,3,2,3,1,1,,,,,,,,,,0,"Hyndman, Kyle B",,,,,,tdp062000,kyle hyndman,Game Theory 
MECO,7313,1,,10,,,,,,,,,,,,,,,,0,"Zentner, Alejandro",,,,,,axz051000,alejandro zentner,Applied Econometrics 
MILS,180,101,,9,,,1,,,1,,,,,,,,,,0,,,,,,,,,
MIS,6308,1,,37,16,4,2,3,1,2,,,,,,,,,,0,"Swamy, Venkat","Malviya, Shwetal",,,,,vxs220061,venkat swamy,System Analysis and Project Management 
MIS,6308,0W2,,9,32,7,4,,,,,,,,,,,,,0,"Raghunathan, Srinivasan","Yan, Zhen",,,,,sraghu,srinivasan raghunathan,System Analysis and Project Management 
MIS,6308,0W1,,2,40,7,4,,,,,,,,,,,,,1,"Raghunathan, Srinivasan","Yan, Zhen",,,,,sraghu,srinivasan raghunathan,System Analysis and Project Management 
MIS,6308,501,,14,21,6,14,3,1,,,,,,,,,,,0,"Ezhil, Zivan P","Malviya, Shwetal",,,,,zxe220002,,System Analysis and Project Management 
MIS,6308,3,,40,17,2,,,,,,,,,,,,,,0,"Sivaramakrishnan, Sriram","Paruchuri, Raga Rasagna",,,,,sxs230045,sriram sivaramakrishnan,System Analysis and Project Management 
MIS,6308,2,,49,2,5,6,,,,,,,,,,,,,0,"Stephens, Timothy G","Paruchuri, Raga Rasagna",,,,,tgs170130,timothy stephens,System Analysis and Project Management 
MIS,6309,2,,20,11,14,3,1,,,,,,,2,,,,,0,"Islam, Naser","Magaji Sreenivas, Tejaswini",,,,,nxi110630,naser islam,Business Data Warehousing 
MIS,6309,502,,12,11,12,14,6,3,,,,,,,,,,,0,"Pandian, Thiru","Vyas, Amish","Sasivala Kantharaju, Mallikarjuna Swamy",,,,txp190010,thiru pandian,Business Data Warehousing 
MIS,6309,1,,23,16,16,4,,,,,,,,,,,,,0,"Islam, Naser","Magaji Sreenivas, Tejaswini",,,,,nxi110630,naser islam,Business Data Warehousing 
MIS,6309,501,,9,17,20,4,7,1,2,,,,,,,,,,0,"Islam, Naser","Magaji Sreenivas, Tejaswini",,,,,nxi110630,naser islam,Business Data Warehousing 
MIS,6313,0W1,,26,,,28,,,6,,,,,,,,,,0,"Sarkar, Sumit","Sun, Kai",,,,,sumit,sumit sarkar,Managing IT in the Analytics Age 
MIS,6313,XS1,,13,4,6,,,,1,,,,,,,,,,2,"Wiant, Russell",,,,,,,russell wiant,
MIS,6313,CH1,,29,,,,,,,,,,,,,,,,0,"Rhoades, Mike",,,,,,,mike rhoades,
MIS,6313,MBC,,15,11,2,4,1,,,,,,,,,,,,9,"Hefley, William E","George, Teffy Annie",,,,,weh150130,william hefley,
MIS,6317,501,,3,,,7,,,,,,,,,,,,,1,"Moonesinghe, Mark S","Jadhav, Mahesh M",,,,,msm160030,mark moonesinghe,Healthcare Informatics 
MIS,6319,0W1,,11,,,13,,,5,,,,,,,,,,2,"Thompson, Luell O","Samal, Purnima",,,,,lot013000,luell thompson,Intelligent Enterprise Systems with SAP 
MIS,6319,501,,13,,,13,,,15,,,,,,,,,,0,"Thompson, Luell O","Samal, Purnima",,,,,lot013000,luell thompson,Intelligent Enterprise Systems with SAP 
MIS,6320,0W1,,1,7,2,,2,2,1,,,,,,,,,,1,"Cavusoglu, Huseyin","Zhu, Yan",,,,,huseyin,huseyin cavusoglu,Database Foundations 
MIS,6324,0W1,,18,4,9,7,1,,,,,,,,,,,,2,"Menon, Syam S","Khairari, Anshul",,,,,sxm021300,syam menon,Business Analytics With SAS 
MIS,6326,1,,29,1,1,,,,,,,,,,,,,,0,"James, Velda","Kaul, Karan",,,,,vxj220020,,Data Management 
MIS,6326,0W1,,10,12,7,10,3,,,,,,,,,,,,0,"Ryu, Young U","Kaul, Karan",,,,,ryoung,young ryu,Data Management 
MIS,6330,0W1,,14,6,4,5,2,3,,,,,,,,,,,0,"Cavusoglu, Huseyin","Padhiar, Meet Vinod",,,,,huseyin,huseyin cavusoglu,Cybersecurity Fundamentals 
MIS,6330,0W2,,17,5,10,4,4,,,,,,,1,,,,,0,"Cavusoglu, Huseyin","Padhiar, Meet Vinod",,,,,huseyin,huseyin cavusoglu,Cybersecurity Fundamentals 
MIS,6330,1,,10,13,22,9,6,,1,,,,,,,,,,1,"Shroff, Tejas N","Gudimella, Sai Divya",,,,,tns190000,tejas shroff,Cybersecurity Fundamentals 
MIS,6332,5W1,,15,,,2,,,,,,,,,,,,,0,"Thompson, Luell O","Samal, Purnima",,,,,lot013000,luell thompson,Intelligent Enterprise Systems Configurations and Implementation with SAP 
MIS,6333,501,,12,30,22,9,1,2,,,,,,,,,,,0,"Shroff, Tejas N","Malviya, Shwetal",,,,,tns190000,tejas shroff,Digital Forensics and Incident Management 
MIS,6337,501,,6,5,3,2,6,,,,,,,,,,,,1,"Mauriello, Joseph A",,,,,,jam151430,joseph mauriello,Information Technology Audit and Risk Management 
MIS,6339,501,,13,,1,1,,1,,,,,,1,,,,,1,"Kromer, Jeffrey R","Gonzalez, Jacob E",,,,,jrk013000,jeffrey kromer,Analytical Reviews Using Audit Software 
MIS,6344,0W1,,10,5,3,8,,,,,,,,,,,,,0,"Mehra, Amit","Jain, Rashi",,,,,axm078200,amit mehra,Web Analytics 
MIS,6344,501,,15,11,8,6,1,1,4,,,,,,,,,,1,"Maru, Vatsal K","Jain, Rashi",,,,,vkm220000,vatsal maru,Web Analytics 
MIS,6346,1,,12,3,4,5,,,,,,,,,,,,,0,"El-Youssef, Rami","Vyas, Amish",,,,,rxe200001,rami el youssef,Big Data 
MIS,6346,504,,6,2,6,1,,,,,,,,,,,,,0,"Shadid, Waseem G","Pawar, Raybhan Sanjay",,,,,wgs230000,,Big Data 
MIS,6346,502,,6,5,4,1,,,,,,,,,,,,,0,"Shadid, Waseem G","Pawar, Raybhan Sanjay",,,,,wgs230000,,Big Data 
MIS,6346,503,,12,4,2,3,1,1,,,,,,,,,,,0,"Paes, Antonio P","Murali, Arunkarthik",,,,,app210006,antonio paes,Big Data 
MIS,6346,0W1,,13,6,4,,,,,,,,,,,,,,0,"Perez, Jerry","Murali, Arunkarthik",,,,,jxp180019,jerry perez,Big Data 
MIS,6346,2,,9,4,3,11,,,,,,,,,,,,,0,"El-Youssef, Rami","Vyas, Amish",,,,,rxe200001,rami el youssef,Big Data 
MIS,6346,505,,9,7,7,4,2,,,,,,,,,,,,0,"El-khodari, Gasan E","Inturi, Amith",,,,,gxe051000,gasan elkhodari,Big Data 
MIS,6346,501,,9,10,4,4,3,,,,,,,,,,,,0,"El-khodari, Gasan E","Inturi, Amith",,,,,gxe051000,gasan elkhodari,Big Data 
MIS,6349,501,,10,7,12,11,,,,,,,,,,,,,0,"Short, Kevin P","Kaamra, Radhika",,,,,kps170330,kevin short,Digital Consulting Project 
MIS,6349,2,,13,6,14,13,,,,,,,,,,,,,0,"Short, Kevin P","Kaamra, Radhika",,,,,kps170330,kevin short,Digital Consulting Project 
MIS,6349,1,,28,16,7,4,1,,,,,,,,,,,,1,"Shekhar, Gaurav","Shanthakumara, Shukla H",,,,,gxs150130,gaurav shekhar,Digital Consulting Project 
MIS,6356,0W1,,4,7,6,6,1,,,,,,,,,,,,1,"Parker, Jason A","Jasti, Gnaneshwar",,,,,jap090020,jason parker,Business Analytics With R 
MIS,6356,4,,6,3,2,2,,,,,,,,,,,,,0,"Sun, Shujing","Nag, Nimit",,,,,sxs200168,shujing sun,Business Analytics With R 
MIS,6356,1,,7,3,1,3,,,1,,,,,,,,,,0,"Chen, Jianqing","Yan, Zhen",,,,,jxc111031,jianqing chen,Business Analytics With R 
MIS,6356,3,,16,4,5,,,,,,,,,,,,,,0,"Sun, Shujing","Nag, Nimit",,,,,sxs200168,shujing sun,Business Analytics With R 
MIS,6356,5,,7,17,5,2,,,,,,,,,,,,,0,"Parker, Jason A","Jasti, Gnaneshwar",,,,,jap090020,jason parker,Business Analytics With R 
MIS,6360,1,,26,18,11,6,2,1,1,,,,,,,,,,0,"Thouin, Mark F","Bhaskara Halambi, Radhika",,,,,mxt083000,mark thouin,Agile Project Management 
MIS,6360,0W2,,17,19,7,6,2,1,,,,,,,,,,,1,"Thouin, Mark F","Bhaskara Halambi, Radhika",,,,,mxt083000,mark thouin,Agile Project Management 
MIS,6360,0W1,,17,15,11,4,3,4,,,,,,,,,,,0,"Thouin, Mark F","Bhaskara Halambi, Radhika",,,,,mxt083000,mark thouin,Agile Project Management 
MIS,6360,2,,24,15,14,1,1,2,2,,,,,,,,,,1,"Thouin, Mark F","Bhaskara Halambi, Radhika",,,,,mxt083000,mark thouin,Agile Project Management 
MIS,6363,2,,20,21,23,1,,,,,,,,,,,,,0,"El-Zaghah, Mohmmad N","Walia, Vishesh",,,,,mxe220028,mohmmad el zaghah,Cloud Computing Fundamentals 
MIS,6363,S01,,4,7,4,2,,,,,,,,,,,,,0,"Raheem, Abdul",,,,,,axr122430,abdul raheem,
MIS,6363,0W1,,35,6,1,6,2,4,,,,,,,,,,,0,"Calisir, Engin","Kukreja, Namrata",,,,,exc030100,engin calisir,Cloud Computing Fundamentals 
MIS,6363,1,,16,20,18,6,2,,,,,,,,,,,,1,"Song, Liugen",,,,,,lxs190018,liugen song,Cloud Computing Fundamentals 
MIS,6363,501,,21,19,23,,,1,,,,,,,,,,,0,"El-Zaghah, Mohmmad N","Walia, Vishesh",,,,,mxe220028,mohmmad el zaghah,Cloud Computing Fundamentals 
MIS,6373,501,,50,12,1,,,,,,,,,,,,,,0,"Ginevich, Rostislav A","Jasti, Gnaneshwar",,,,,rxg172930,rostislav ginevich,Social Media Business 
MIS,6375,502,,4,7,6,7,,,,,,,,,,,,,0,"Nichols, Paul M",,,,,,pxn120030,paul nichols,Technology and New Product Development 
MIS,6378,2,,45,,9,2,,,1,,,,,,,,,,0,"Thanawalla, Moyez","Sirsat, Disha",,,,,mst180005,moyez thanawalla,Customer Relationship Management with Salesforce 
MIS,6378,1,,37,,16,6,,,,,,,,,,,,,0,"Thanawalla, Moyez","Sirsat, Disha",,,,,mst180005,moyez thanawalla,Customer Relationship Management with Salesforce 
MIS,6380,SW1,,6,3,7,5,1,,,,,,,,,,,,0,"Islam, Naser",,,,,,nxi110630,naser islam,
MIS,6380,1,,13,10,18,5,4,,1,,,,,,,,,,0,"Bradbury, Judd D","Kunwar, Poorwa",,,,,jdb101000,judd bradbury,Data Visualization 
MIS,6380,3,,12,6,10,7,12,3,1,,,,,1,,,,,0,"Bradbury, Judd D","Kunwar, Poorwa",,,,,jdb101000,judd bradbury,Data Visualization 
MIS,6380,0W1,,16,8,8,7,5,3,4,,,,,1,,,,,0,"Bradbury, Judd D","Kunwar, Poorwa",,,,,jdb101000,judd bradbury,Data Visualization 
MIS,6380,4,,23,14,17,3,,4,,,,,,,,,,,0,"Islam, Naser","Bhujade, Siddhant",,,,,nxi110630,naser islam,Data Visualization 
MIS,6380,2,,8,16,27,6,1,2,1,,,,,1,,,,,0,"Islam, Naser","Bhujade, Siddhant",,,,,nxi110630,naser islam,Data Visualization 
MIS,6380,501,,17,13,20,8,1,,,,,,,2,,,,,1,"Islam, Naser","Bhujade, Siddhant",,,,,nxi110630,naser islam,Data Visualization 
MIS,6382,2,,13,10,7,9,8,5,6,,,,,2,,,,,0,"Wang, Hongchang","Jhunjhunwala, Shaiba",,,,,hxw140930,hongchang wang,Object Oriented Programming in Python 
MIS,6382,504,,32,13,7,7,1,,,,,,,,,,,,0,"Maru, Vatsal K","Jhunjhunwala, Shaiba",,,,,vkm220000,vatsal maru,Object Oriented Programming in Python 
MIS,6382,502,,9,3,6,3,5,,2,,,,,,,,,,1,"Neouchi, Rabih","Gummadam, Puneeth",,,,,rxn200012,rabih neouchi,Object Oriented Programming in Python 
MIS,6382,503,,14,1,2,7,6,3,3,,,,,,,,,,1,"Neouchi, Rabih","Gummadam, Puneeth",,,,,rxn200012,rabih neouchi,Object Oriented Programming in Python 
MIS,6382,501,,13,30,9,3,2,,1,,,,,,,,,,0,"Asgar, Talukdar S","Gummadam, Puneeth",,,,,tsa200000,talukdar asgar,Object Oriented Programming in Python 
MIS,6382,1,,14,8,8,10,8,7,4,,,,,,,,,,0,"Wang, Hongchang","Jhunjhunwala, Shaiba",,,,,hxw140930,hongchang wang,Object Oriented Programming in Python 
MIS,6385,1,,11,,,,1,2,,,,,,,,,,,0,"Shekhar, Gaurav","Khairari, Anshul",,,,,gxs150130,gaurav shekhar,Robotic Process Automation 
MIS,6386,1,,4,1,,1,4,,,,,,,,,,,,1,"Menon, Syam S","Sun, Kai",,,,,sxm021300,syam menon,Modeling for Business Analytics 
MIS,6389,502,,32,11,7,5,,,,,,,,,,,,,0,"Koonjbearry, Karmaueer","Murali, Arunkarthik",,,,,rkk220002,,AWS Cloud Solution Architecture 
MIS,6389,501,,24,15,5,7,3,4,,,,,,,,,,,0,"Calisir, Engin","Murali, Arunkarthik",,,,,exc030100,engin calisir,AWS Cloud Solution Architecture 
MIS,6392,0W1,,2,4,1,2,,,,,,,,,,,,,1,"Mehra, Amit","Zhu, Yan",,,,,axm078200,amit mehra,Causal Analytics and A B Testing 
MIS,6392,501,,4,3,,1,2,1,2,,,,,,,,,,0,"Koju, Vijay","Pal, Mayuri V",,,,,vxk220074,,Causal Analytics and A B Testing 
MIS,6393,3,,20,11,8,8,,,,,,,,,,,,,0,"Gondhalekar, Vasant","Kukreja, Namrata",,,,,vxg220085,vasant gondhalekar,Foundations of Digital Product Management 
MIS,6393,5,,4,15,10,13,6,,,,,,,,,,,,0,"Gondhalekar, Vasant","Kukreja, Namrata",,,,,vxg220085,vasant gondhalekar,Foundations of Digital Product Management 
MIS,6393,1,,18,15,18,6,,,,,,,,,,,,,0,"Lowe, Florence","Mavurapu, Umesh Reddy",,,,,fxl210009,florence lowe,Foundations of Digital Product Management 
MIS,6393,4,,14,29,9,6,,,,,,,,,,,,,0,"Lowe, Florence","Mavurapu, Umesh Reddy",,,,,fxl210009,florence lowe,Foundations of Digital Product Management 
MIS,6396,501,,7,4,5,6,6,1,4,,,,,1,,,,,7,"Hefley, William E","Jadhav, Mahesh M",,,,,weh150130,william hefley,User Experience Design 
MIS,6V99,501,,13,14,12,15,2,,,,,,,,,,,,0,"Song, Liugen",,,,,,lxs190018,liugen song,Special Topics in Management Information Systems 
MKT,3300,6,2,7,18,6,3,3,3,1,2,1,,1,1,,,,,0,"Meda, Edward","Madan, Anmol","Lu, Renjie",,,,exm150330,edward meda,Principles of Marketing 
MKT,3300,10,4,10,9,7,9,4,1,2,,,2,,,,,,,0,"Haseman, Charles T",,,,,,cxh180018,charles haseman,Principles of Marketing 
MKT,3300,11,,3,5,7,17,5,4,2,1,2,,,1,,,,,1,"Wu, Fang","Priyadarshni, Saheba",,,,,fxw052000,fang wu,Principles of Marketing 
MKT,3300,2,16,11,7,16,7,1,2,,,,,,,,,,,0,"Jameei Osgouei, Ata",,,,,,axj174330,ata osgouei,Principles of Marketing 
MKT,3300,8,5,11,11,5,8,4,1,5,2,,3,,1,,,,,4,"Haseman, Charles T",,,,,,cxh180018,charles haseman,Principles of Marketing 
MKT,3300,9,4,15,8,4,16,8,,5,,,,,1,,,,,0,"Haseman, Charles T",,,,,,cxh180018,charles haseman,Principles of Marketing 
MKT,3300,0.00E+00,,13,11,4,4,1,2,3,1,,,,4,,,,,0,"Meda, Edward","Madan, Anmol","Lu, Renjie",,,,exm150330,edward meda,
MKT,3300,4,4,8,5,11,9,3,6,,,,,,,,,,,0,"Corbin, Sonja C",,,,,,scc130530,sonja corbin,Principles of Marketing 
MKT,3300,501,3,8,14,10,4,4,1,,,,,1,,,,,,1,"Johnson, Quincy",,,,,,qfj061000,quincy johnson,Principles of Marketing 
MKT,3300,7,,9,15,4,6,2,3,,2,2,,,3,,,,,1,"Meda, Edward","Lu, Renjie","Madan, Anmol",,,,exm150330,edward meda,Principles of Marketing 
MKT,3300,0W1,,9,9,10,9,2,2,1,,4,,1,,,,,,0,"Pahwa, Parneet","Wang, Lingbo","Saha, Sreya",,,,pxp030100,parneet pahwa,Principles of Marketing 
MKT,3300,0W2,1,7,6,4,14,8,4,2,1,1,,1,,,,,,0,"Wu, Fang","Priyadarshni, Saheba",,,,,fxw052000,fang wu,Principles of Marketing 
MKT,3300,1,21,9,11,8,2,,,2,,1,,,,,,,,1,"Jameei Osgouei, Ata",,,,,,axj174330,ata osgouei,Principles of Marketing 
MKT,3300,3,3,19,12,5,7,2,1,2,1,1,,,1,,,,,1,"Meda, Edward","Madan, Anmol","Lu, Renjie",,,,exm150330,edward meda,Principles of Marketing 
MKT,3300,5,,9,12,5,6,5,2,9,3,1,1,,3,,,,,1,"Meda, Edward","Madan, Anmol","Lu, Renjie",,,,exm150330,edward meda,Principles of Marketing 
MKT,3300,13,,17,9,11,13,5,2,,,1,,,,,,,,0,"Pahwa, Parneet","Wang, Lingbo","Saha, Sreya",,,,pxp030100,parneet pahwa,Principles of Marketing 
MKT,3300,12,1,14,17,9,7,6,1,1,1,1,,1,1,,,,,2,"Meda, Edward","Madan, Anmol","Lu, Renjie",,,,exm150330,edward meda,Principles of Marketing 
MKT,3300,HON,12,37,21,4,1,2,1,,,,,,,,,,,0,"Egeland, Rita E",,,,,,rxb154430,rita egeland,
MKT,3320,2,,21,6,11,6,1,1,,1,,,,,,,,,1,"Wu, Fang","Wang, Lingbo",,,,,fxw052000,fang wu,Product and Brand Management 
MKT,3330,1,6,9,8,2,4,1,,,,1,1,1,,,,,,2,"Amirpour, Semiramis",,,,,,sxa130731,semiramis amirpour,Introduction to Professional Selling 
MKT,3330,3,9,11,10,1,,1,1,,1,,,,1,,,,,0,"Amirpour, Semiramis",,,,,,sxa130731,semiramis amirpour,Introduction to Professional Selling 
MKT,3330,2,9,11,9,1,1,,,1,1,,1,,,,,,,0,"Amirpour, Semiramis",,,,,,sxa130731,semiramis amirpour,Introduction to Professional Selling 
MKT,3330,4,8,8,8,1,2,2,1,2,,,,,2,,,,,0,"Amirpour, Semiramis",,,,,,sxa130731,semiramis amirpour,Introduction to Professional Selling 
MKT,3330,501,2,9,6,4,4,1,1,2,1,,,,3,,,,1,0,"Baig, Muhammad J",,,,,,mxb120231,muhammad baig,Introduction to Professional Selling 
MKT,3340,501,,17,14,9,3,5,3,2,,2,,,,,,,,0,"Haworth, Julie B","Jajoo, Mahesh",,,,,haworth,julie haworth,Marketing Research 
MKT,3340,1,,5,,10,17,7,11,4,1,1,1,,,,,,,0,"Rajaratnam, Daniel",,,,,,dxr143430,daniel rajaratnam,Marketing Research 
MKT,4330,0W1,5,3,7,6,4,6,,1,3,,1,3,1,,,,,2,"Edsel, Alexander D",,,,,,ade012000,alexander edsel,Digital and Internet Marketing 
MKT,4330,2,4,14,13,2,2,,,,,1,1,,2,,,,,1,"Clifton, Scott W",,,,,,sxc180077,scott clifton,Digital and Internet Marketing 
MKT,4330,0W2,2,6,9,3,5,7,1,2,1,3,,1,4,,,,,0,"Edsel, Alexander D",,,,,,ade012000,alexander edsel,Digital and Internet Marketing 
MKT,4331,1,2,9,1,1,7,8,3,5,8,,1,,2,,,,,1,"Dover, Howard F",,,,,,hfd021000,howard dover,Digital Prospecting 
MKT,4332,1,2,16,,,1,1,,,,,,1,1,,,,,0,"Dover, Howard F",,,,,,hfd021000,howard dover,Advanced Professional Sales 
MKT,4334,1,,14,10,21,5,5,2,,,1,,,,,,,,0,"Pahwa, Parneet","Wang, Lingbo","Saha, Sreya",,,,pxp030100,parneet pahwa,Social Media Marketing 
MKT,4335,1,3,3,4,,3,3,,2,,,,,1,,,,,1,"Haseman, Charles T",,,,,,cxh180018,charles haseman,Category Buying 
MKT,4336,501,2,6,4,2,4,3,2,3,,,1,,,,,,,1,"Haseman, Charles T",,,,,,cxh180018,charles haseman,E-Retailing 
MKT,4337,501,17,3,3,,1,2,1,1,1,,,,,,,,,0,"Saremi, Ehsan",,,,,,exs151030,ehsan saremi,Marketing Analytics 
MKT,4338,501,,23,,,18,,,1,,,1,,,,,,,0,"Dickinson, Keith H",,,,,,kxd084000,keith dickinson,Marketing Content Creation 
MKT,4339,501,4,11,16,5,3,1,,,,,,,,,,,,0,"Farquharson, Neil",,,,,,nxf051000,neil farquharson,Marketing Creative Skills and Testing 
MKT,4340,1,,17,13,,6,,,,,,,,,,,,,0,"Bigham, Paul E",,,,,,epb180001,ernest bigham,Consumer Behavior 
MKT,4350,1,,6,4,4,7,8,2,5,,,,,,,,,,0,"Biswas, Abhijit","Konte, Anuhya","Penumaka, Sai Srinivas Phaneendra",,,,axb019100,abhijit biswas,Advertising 
MKT,4360,1,8,43,5,3,,1,,,,,,,,,,,,0,"Haworth, Julie B","Battu, Godha R",,,,,haworth,julie haworth,Social Impact Marketing 
MKT,4360,502,2,22,15,3,7,3,1,4,,,,,1,,,,,1,"Farquharson, Neil",,,,,,nxf051000,neil farquharson,Social Impact Marketing 
MKT,4360,0W1,,26,17,8,3,2,3,,,,,,,,,,,0,"Haworth, Julie B","Battu, Godha R",,,,,haworth,julie haworth,Social Impact Marketing 
MKT,4395,1,,36,16,1,,,,,,,,,,,,,,0,"Egeland, Rita E",,,,,,rxb154430,rita bargerhuff egeland,Capstone Senior Project - Marketing 
MKT,6301,0W1,,16,9,5,13,1,,1,,,,,,,,,,0,"Pahwa, Parneet","Wang, Lingbo","Saha, Sreya",,,,pxp030100,parneet pahwa,Marketing Management 
MKT,6301,0W2,,12,5,4,17,4,1,,,,,,,,,,,2,"Kumar, Nanda S","Kim, Seung Mok",,,,,nkumar,nanda kumar,Marketing Management 
MKT,6301,GW2,,9,4,1,,,,,,,,,,,,,,1,"Albrecht, Maria",,,,,,mxa180037,maria albrecht,
MKT,6301,AW1,,23,,,,,,,,,,,,,,,,0,"Munch, James",,,,,,,james munch,
MKT,6301,GW1,,16,20,5,1,,1,,,,,,,,,,,0,"Albrecht, Maria",,,,,,mxa180037,maria albrecht,
MKT,6301,502,,17,2,12,4,9,,,,,,,,,,,,1,"Jain, Sanjay","Alavi, Seyyedeh Soogand",,,,,sxj164830,sanjay jain,Marketing Management 
MKT,6301,1,,14,4,11,8,3,1,9,,,,,,,,,1,0,"Rajaratnam, Daniel",,,,,,dxr143430,daniel rajaratnam,Marketing Management 
MKT,6301,501,,15,2,18,13,1,,2,,,,,,,,,,1,"Jain, Sanjay","Alavi, Seyyedeh Soogand",,,,,sxj164830,sanjay jain,Marketing Management 
MKT,6309,501,,9,3,12,6,,2,1,,,,,,,,,,1,"Rajaratnam, Daniel",,,,,,dxr143430,daniel rajaratnam,Marketing Data Analysis and Research 
MKT,6310,0W1,,6,9,13,10,4,4,,,,,,1,,,,,1,"Biswas, Abhijit",,,,,,axb019100,abhijit biswas,Consumer Behavior Science and Practice 
MKT,6321,0W1,,19,1,12,9,2,1,2,,,,,1,,,,,0,"Edsel, Alexander D",,,,,,ade012000,alexander edsel,Interactive and Digital Marketing 
MKT,6330,0W1,,3,7,10,10,9,4,2,,,,,1,,,,1,0,"Biswas, Abhijit",,,,,,axb019100,abhijit biswas,Brand Management 
MKT,6332,501,,7,8,5,11,8,2,1,,,,,1,,,,,0,"Biswas, Abhijit",,,,,,axb019100,abhijit biswas,Advertising and Promotional Strategy 
MKT,6334,1,,33,7,1,,,,,,,,,,,,,,0,"Dover, Howard F","Saha, Sreya",,,,,hfd021000,howard dover,Digital Sales Strategy 
MKT,6339,501,,8,3,22,17,1,3,,,,,,,,,,,0,"Rajaratnam, Daniel",,,,,,dxr143430,daniel rajaratnam,Capstone Marketing Decision Making 
MKT,6343,501,,13,7,19,4,1,,,,,,,,,,,1,0,"Xie, Ying","Alavi, Seyyedeh Soogand",,,,,yxx124930,ying xie,Social Media Marketing and Insights 
MKT,6344,GW1,,5,,3,3,,,,,,,,,,,,,0,"Reichmuth, Gary",,,,,,gar220001,gary reichmuth,
MKT,6345,1,,5,4,7,3,,,,,,,,,,,,1,0,"Murthi, B P",,,,,,murthi,b p murthi,Quantitative Marketing Decision-Making 
MKT,6352,501,,30,5,9,12,1,2,,,,,,1,,,,,0,"Tirone, Guido",,,,,,gxt170001,guido tirone,Marketing Web Analytics and Insights 
MKT,6352,0W1,,27,5,7,3,1,,1,,,,,,,,,,3,"Tirone, Guido",,,,,,gxt170001,guido tirone,Marketing Web Analytics and Insights 
MKT,6352,1,,13,7,15,18,1,3,1,,,,,,,,,,0,"Tirone, Guido",,,,,,gxt170001,guido tirone,Marketing Web Analytics and Insights 
MKT,6353,501,,11,5,5,4,4,,,,,,,,,,,,0,"Kumar, Nanda S","Kim, Seung Mok",,,,,nkumar,nanda kumar,Customer Analytics and Insights 
MSEN,5360,1,,2,,2,4,1,1,1,,,,,1,,,,,1,"Wallace, Robert M","Herrera Lara, Mariana",,,,,rmw031000,robert wallace,Materials Characterization 
MSEN,6324,1,,3,3,3,1,1,1,,,,,,1,,,,1,0,"Cho, Kyeongjae","Santos Fernandez, Regino",,,,,kxc067000,kyeongjae cho,Electronic  Optical and Magnetic Materials 
MSEN,6362,1,,5,2,2,1,,,,,,,,,,,,,0,"Kim, Moon J",,,,,,mjk034000,,Diffraction Science 
MUSI,1306,1,54,29,16,9,11,7,6,3,2,2,3,1,4,,,,,3,"Rushing, Katrina C","Bennett, Jason H","Akinwole, Oluwadare   (Dare)",,,,kxr220042,katrina rushing,Understanding Music 
MUSI,1306,0H2,14,9,,3,4,5,2,5,,,1,,3,,,,,1,"Salisbury, Linda",,,,,,ljs130230,linda salisbury,Understanding Music 
MUSI,1306,501,,39,2,1,2,2,,,1,,,,1,,,,,0,"Lapinski, Robert M",,,,,,rml180002,,Understanding Music 
MUSI,1306,0H1,12,16,,12,4,3,,,,,1,,,,,,,0,"Salisbury, Linda",,,,,,ljs130230,linda salisbury,Understanding Music 
MUSI,2113,501,,21,,,,,,,,,,,,,,,,1,"Gerard, Lori A",,,,,,lag091020,lori gerard,Pep Band 
MUSI,2127,1,,44,3,,1,2,,,,,,,,,,,,0,"Palant, Jonathan A",,,,,,jxp170230,jonathan palant,University Choir 
MUSI,2315,1,,13,1,4,,,,,,,,,,,,,,1,"Hodan, Daniel M",,,,,,dmh017000,daniel hodan,Guitar I 
MUSI,2315,501,,12,,5,,,,,,,,,,,,,,0,"Hodan, Daniel M",,,,,,dmh017000,daniel hodan,Guitar I 
MUSI,2315,2,12,4,2,,,,,,,,,,,,,,,0,"Wilder, James E",,,,,,jew042000,james wilder,Guitar I 
MUSI,2317,1,11,1,1,,1,1,,,,,,,,,,,,0,"Arutyunyan, Artem",,,,,,axa210132,artem arutyunyan,Piano I 
MUSI,2317,3,9,1,,,,,,,,,,,1,,,,,1,"Arutyunyan, Artem",,,,,,axa210132,artem arutyunyan,Piano I 
MUSI,2317,2,12,2,,,,,,,,,,,,,,,,0,"Oh, Domi",,,,,,dxo210002,domi oh,Piano I 
MUSI,2319,1,,13,1,,,,,,,,,,,,,,,0,"Durbin, Kelly P",,,,,,kpdurbin,kelly durbin,Digital Music I 
MUSI,2321,1,,31,,,6,,,2,,,4,,4,,,,,1,"Hernandez, Salvador",,,,,,sxh230009,salvador hernandez,Music Cultures of the World 
MUSI,2322,1,1,3,5,3,2,2,1,,2,4,,,5,,,,,2,"Gerard, Lori A",,,,,,lag091020,lori gerard,Music in Western Civilization 
MUSI,2322,0W1,16,9,,2,2,,,1,,,,,,,,,,0,"Bennett, Rodger",,,,,,rxb180025,rodger bennett,Music in Western Civilization 
MUSI,2325,1,,17,2,,,,,,,,,,,,,,,0,"Riemer Bueckert, Nili S",,,,,,nxr190013,nili bueckert,Vocal Instruction I 
MUSI,2328,2,9,9,,1,1,2,,,4,1,,,2,,,,,1,"Rushing, Katrina C",,,,,,kxr220042,katrina rushing,Music Theory I 
MUSI,2329,1,3,4,1,,1,,,,1,,,,,,,,,2,"Rushing, Katrina C",,,,,,kxr220042,katrina rushing,Music Theory II 
MUSI,3122,1,2,10,,,,,,,,,,,,,,,,0,"Salisbury, Linda",,,,,,ljs130230,linda salisbury,Brass Ensemble I 
MUSI,3325,1,3,6,2,1,,,,,1,,,,2,,,,,0,"Durbin, Kelly P",,,,,,kpdurbin,kelly durbin,Jazz History  Modern Jazz since BeBop 
MUSI,3327,1,2,6,3,1,1,1,,,,,,,,,,,,0,"Evans, Kathryn C",,,,,,kcevans,kathryn evans,Music in Modern Culture 
MUSI,3342,0W1,4,6,,,3,,,1,,,,,2,,,,,1,"Bennett, Rodger",,,,,,rxb180025,rodger bennett,Topics in Music 
MUSI,3380,501,7,3,1,,,,,,,,,,,,,,,0,"Corder, Vanessa",,,,,,vxc220036,vanessa corder,Guitar II 
MUSI,3382,1,,17,,,,,,,,,,,,,,,,0,"Riemer Bueckert, Nili S",,,,,,nxr190013,nili bueckert,Vocal Instruction II 
MUSI,3388,1,11,4,,,,,,,,,,,,,,,,0,"Oh, Domi",,,,,,dxo210002,domi oh,Piano II 
MUSI,4112,1,,12,,,,,,,,,,,,,,,,0,"Rodriguez, Robert X",,,,,,rxr014610,robert rodriguez,Advanced Orchestra Chamber Music Ensemble II 
MUSI,4118,501,,41,,,1,,,,,,,,,,,,,0,"Ming, Adron",,,,,,axm167231,adron ming,String Orchestra III 
MUSI,4120,501,,27,,,,,,,,,,,,,,,,0,"Lapinski, Robert M",,,,,,rml180002,,Wind Ensemble III 
MUSI,4185,1,,29,,,,,,,,,,,,,,,,0,"Palant, Jonathan A",,,,,,jxp170230,jonathan palant,Chamber Singers II 
MUSI,4186,1,,18,,,,,,,,,,,,,,,,0,"Durbin, Kelly P",,,,,,kpdurbin,kelly durbin,Jazz Ensemble III 
NATS,2333,1,25,3,,1,,,,,,1,,,,,,,,0,"Taylor, Stephanie M","Robinson, Kelly E",,,,,smt031000,stephanie taylor,Energy  Water  and the Environment 
NATS,3341,1,9,,3,,,,,,,,,,2,,,,,1,"Dorsey, Floyd Z",,,,,,fzd110020,floyd dorsey,Knowing and Learning in Mathematics and Science 
NATS,3343,2,1,3,4,2,1,,,,,,,,,,,,,0,"Gregory, Denise",,,,,,dxg200019,denise gregory,Classroom Interactions 
NATS,3343,1,,3,2,2,5,1,,1,,,1,,,,,,,0,"York, Megan K",,,,,,mxy141130,megan york,Classroom Interactions 
NATS,4141,501,,19,,1,,,,,,,,,,,,,,0,"Mcconnell, James S","Dorsey, Floyd Z",,,,,jsm019600,james mcconnell,UTeach Apprentice Teaching Seminar 
NATS,4341,1,,7,3,2,2,,,1,,,,,,,,,,0,"York, Megan K","Donaldson, Katherine E",,,,,mxy141130,megan york,Project-Based Instruction 
NATS,4390,1,1,5,1,2,,,,,,,,,1,,,,1,0,"Taylor, Stephanie M","Hajeri, Vinita","Saleh, Mohammad S",,,,smt031000,stephanie taylor,Research Methods 
NSC,3361,HN2,2,8,6,1,,,,,,,,,,,,,,0,"LaDow, Eva S",,,,,,esl130130,eva ladow,Introduction to Neuroscience 
NSC,3361,HN1,3,9,7,1,1,,1,,,,,,,,,,,0,"LaDow, Eva S",,,,,,esl130130,eva ladow,Introduction to Neuroscience 
NSC,3361,4,,1,4,2,2,10,2,6,4,,1,2,8,,,,,1,"McWilliams, Steven P",,,,,,sxm127330,steven mcwilliams,Introduction to Neuroscience 
NSC,3361,5,2,5,11,10,13,15,8,9,4,4,5,1,5,,,,,0,"McWilliams, Steven P","Wang, Bangjie",,,,,sxm127330,steven mcwilliams,Introduction to Neuroscience 
NSC,3361,2,5,15,29,13,7,6,8,3,3,2,,1,1,,,,,2,"Raboune, Siham","Kim, Hyun-Woong",,,,,sxr180071,siham raboune,Introduction to Neuroscience 
NSC,3361,6,37,10,7,8,7,1,2,7,1,2,2,4,11,,,,,2,"Kim, Diana P",,,,,,dpk220003,diana kim,Introduction to Neuroscience 
NSC,3361,1,36,9,17,17,11,6,12,21,31,,15,,7,,,,1,7,"Miller, Van S",,,,,,vxm077000,van miller,Introduction to Neuroscience 
NSC,4351,1,6,18,,3,2,,,,1,,,,1,,,,,0,"Miller, Van S",,,,,,vxm077000,van miller,Medical Neuroscience 
NSC,4352,2,17,8,6,3,2,,,,1,,,,,,,,,1,"Zwierzchowski, Amy",,,,,,anz101020,amy zwierzchowski,Cellular Neuroscience 
NSC,4352,1,22,9,18,16,4,2,3,4,5,9,3,1,15,,,,,5,"Kroener, Sven","Mendez, Skylar A",,,,,sxk101000,sven kroener,Cellular Neuroscience 
NSC,4353,109,11,,,,,1,,,1,,,,1,,,,,0,"Kim, Diana P","Krauth, Melissa",,,,,dpk220003,diana kim,Neuroscience Laboratory Methods 
NSC,4353,106,2,7,3,1,1,,,,1,,,,,,,,,0,"Raboune, Siham","Hudson, Rachael N",,,,,sxr180071,siham raboune,Neuroscience Laboratory Methods 
NSC,4353,103,4,5,,1,1,,,,,,,,,,,,,1,"Taylor, Anna M","Sherard, Glenn H",,,,,amt180004,anna taylor,Neuroscience Laboratory Methods 
NSC,4353,108,7,1,3,,,,,,1,,,,1,,,,,0,"Zwierzchowski, Amy","Hu, Ya-Yu",,,,,anz101020,amy zwierzchowski,Neuroscience Laboratory Methods 
NSC,4353,104,,4,6,1,2,1,,,,,,,,,,,,0,"Sultana, Rukhsana","Phillips, Chris D",,,,,rxs170431,rukhsana sultana,Neuroscience Laboratory Methods 
NSC,4353,105,4,3,4,2,,,1,,,,,,,,,,,0,"Taylor, Anna M","Rodriguez, Sierra R",,,,,amt180004,anna taylor,Neuroscience Laboratory Methods 
NSC,4353,107,,7,3,2,1,,,1,,,,,,,,,,0,"Raboune, Siham","Burklow, Jessica A",,,,,sxr180071,siham raboune,Neuroscience Laboratory Methods 
NSC,4354,2,28,5,4,2,6,2,3,3,3,,,3,3,,,,,2,"Kim, Diana P","Royer, Danielle M",,,,,dpk220003,diana kim,Integrative Neuroscience 
NSC,4354,1,3,21,15,10,7,9,4,1,3,2,1,1,2,,,,,3,"Raboune, Siham","Nguyen, Linh Thi D",,,,,sxr180071,siham raboune,Integrative Neuroscience 
NSC,4356,1,,14,,,4,,,,,,,,1,,,,1,1,"Sultana, Rukhsana",,,,,,rxs170431,rukhsana sultana,Neurophysiology 
NSC,4356,2,,88,,,9,1,,8,1,,,,2,,,,,0,"Rennaker, Robert L","Jauregui, Candy",,,,,rlr091000,robert rennaker,Neurophysiology 
NSC,4357,1,3,6,8,2,1,2,3,,6,,3,,,,,,,0,"Rodriguez, Christa M",,,,,,cmr067000,christa mcintyre rodriguez,Neurobiology of Learning and Memory 
NSC,4358,1,115,64,28,6,5,6,2,,1,,1,,,,,,,0,"Price, Theodore J","Alexander, Shevon","Hankerd, Kali","Sankaranarayanan, Ishwarya","Davis, Olivia C","Franco Enzastiga, Urzula M",tjp140130,theodore price,Neuroscience of Pain 
NSC,4359,1,1,4,11,6,6,3,2,1,2,,,,1,,,,,1,"Natu, Vaidehi S","Skolasinska, Paulina A",,,,,vsn061000,vaidehi natu,Cognitive Neuroscience 
NSC,4361,1,,20,,,7,,,1,,,4,,,,,,,1,"Shirazi, Vanessa J",,,,,,vxs210044,,Pathway Into Industrial Neuroscience 
NSC,4363,HN1,7,15,2,,,,,,,,,,,,,,,0,"LaDow, Eva S",,,,,,esl130130,eva ladow,Neuropharmacology 
NSC,4363,1,38,13,9,2,7,1,4,2,,,,,,,,,,0,"Zwierzchowski, Amy","Khowash, Oly",,,,,anz101020,amy zwierzchowski,Neuropharmacology 
NSC,4364,0W1,,42,,,1,,,,,,,,2,,,,,0,"Shareef, Safi Ullah",,,,,,sms170009,safiullah shareef,Journey into Medicine 
NSC,4366,2,14,3,6,,5,2,3,4,2,,4,,1,,,,,1,"Miller, Van S",,,,,,vxm077000,van miller,Neuroanatomy 
NSC,4366,1,12,18,11,13,8,10,8,4,5,,6,,6,,,,,3,"Taylor, Anna M",,,,,,amt180004,anna taylor,Neuroanatomy 
NSC,4371,1,3,8,5,1,2,1,,1,,,,,1,,,,,2,"Kilgard, Michael P",,,,,,kilgard,michael kilgard,Neural Plasticity 
NSC,4380,1,,16,,,8,,,6,,,2,,,,,,,2,"Solodkin, Ana J",,,,,,ajs190004,ana solodkin,Neurology of Cognition 
NSC,4381,1,,42,,,9,,,1,,,,,,,,,1,3,"Thorn, Catherine A",,,,,,cat170002,catherine thorn,Health Disparities in Neuroscience 
NSC,4382,0W1,40,32,18,2,3,,1,,,,,,,,,,,0,"Jahangiri, Faisal R","Lopez, Mikaela I",,,,,frj190000,faisal jahangiri,Neurobiology of Emotion 
NSC,4383,5H1,10,,,,,,,,,,,,,,,,,0,"Jahangiri, Faisal R",,,,,,frj190000,faisal jahangiri,Human Neurophysiology Lab 
NSC,4385,1,,17,,,15,,,4,,,2,,1,,,,,2,"Filbey, Francesca M",,,,,,fxf013100,francesca filbey,Neuropsychology 
NSC,4V90,1,,15,,,3,,,1,,,3,,,,,,,0,"Shirazi, Vanessa J",,,,,,vxs210044,,Special Topics in Neuroscience 
NSC,4V90,2,15,2,5,1,3,2,2,1,3,,,,,,,,,2,"Miller, Van S",,,,,,vxm077000,van miller,Special Topics in Neuroscience 
NSC,4V90,0W1,4,4,7,9,6,4,2,6,3,,5,,4,,,,,8,"Maqbool, Mohsin","Mahama-Rodriguez, Alia C",,,,,mxm210090,mohsin maqbool,Special Topics in Neuroscience 
OB,6248,CW1,,20,,,,,,,,,,,,,,,,0,"Hicks, Robert F",,,,,,,robert hicks,
OB,6249,CW1,,15,,,6,,,,,,,,,,,,,0,"Hicks, Robert F",,,,,,,robert hicks,
OB,6301,501,,14,16,8,5,6,4,2,,,,,,,,,,0,"Hicks, Jeffrey N","Frantz, Zachary A",,,,,jnh061000,jeffrey hicks,Organizational Behavior 
OB,6301,CH1,,28,,,,,,,,,,,,,,,,0,"Ghosh, Anne F",,,,,,,anne ghosh,
OB,6301,MBP,,21,4,2,2,,1,,,,,,,,,,,0,"Hasenhuttl, Maria",,,,,,h1562,maria hasenhuttl,
OB,6301,0W2,,18,12,4,1,1,2,,,,,,1,,,,,2,"Hasenhuttl, Maria",,,,,,h1562,maria hasenhuttl,Organizational Behavior 
OB,6301,1,,12,9,7,11,4,6,3,,,,,,,,,,0,"Skuza, Agnieszka","Katakam, Divya Bala Sunaina",,,,,axo027000,agnieszka olsztynska,Organizational Behavior 
OB,6301,0W3,,13,20,5,5,9,3,2,,,,,2,,,,,1,"Skuza, Agnieszka","Katakam, Divya Bala Sunaina",,,,,axo027000,agnieszka olsztynska,Organizational Behavior 
OB,6301,0W1,,43,14,7,8,2,1,1,,,,,,,,,,0,"Hasenhuttl, Maria","Teschner, Ryan S",,,,,h1562,maria hasenhuttl,Organizational Behavior 
OB,6332,0W1,,34,,,4,,,1,,,,,,,,,,0,"Ziegler, Laurie L","Teschner, Ryan S",,,,,ziegler,laurie ziegler,Negotiation and Dispute Resolution 
OB,6332,501,,44,2,1,,,,,,,,,,,,,,0,"Ziegler, Laurie L","Teschner, Ryan S",,,,,ziegler,laurie ziegler,Negotiation and Dispute Resolution 
OB,6332,MBP,,27,3,,2,,,,,,,,,,,,,0,"Ritchey, Kemberly A",,,,,,kar014400,kemberly ritchey,
OB,6332,1,,39,2,,3,,,,,,,,,,,,,0,"Ziegler, Laurie L","Teschner, Ryan S",,,,,ziegler,laurie ziegler,Negotiation and Dispute Resolution 
OB,6332,0W2,,39,,1,2,,1,1,,,,,,,,,,0,"Ziegler, Laurie L","Teschner, Ryan S",,,,,ziegler,laurie ziegler,Negotiation and Dispute Resolution 
OB,6334,GW1,,11,,,,,,,,,,,,,,,,0,"Thurgood, Keith L",,,,,,klt160130,keith thurgood,
OB,6342,CW1,,44,3,2,,1,,,,,,,,,,,,0,"Norton, Larry W",,,,,,,larry norton,
OB,6346,GW1,,13,,,,,,1,,,,,,,,,,0,"Thurgood, Keith L",,,,,,klt160130,keith thurgood,
OB,6346,CW1,,21,3,1,,,,,,,,,2,,,,,0,"Latham, Van M",,,,,,,van latham,
OB,6346,CW2,,19,5,6,1,,,,,,,,,,,,,1,"Latham, Van M",,,,,,,van latham,
OB,6350,CW1,,11,3,4,1,,1,,,,,,,,,,,0,"Hicks, Robert F",,,,,,,robert hicks,
OB,6351,CW1,,11,7,,2,1,,,,,,,,,,,,0,"Norton, Larry W",,,,,,,larry norton,
OB,6356,CW1,,14,4,1,2,1,2,,,,,,1,,,,,1,"Albrecht, Dale J",,,,,,dja180003,dale albrecht,
OBHR,3310,3,,13,16,14,11,2,1,1,1,,,1,,,,,,0,"Wu, Junfeng","Guo, Nan",,,,,jxw175430,junfeng wu,Organizational Behavior 
OBHR,3310,4,1,9,17,18,8,4,1,1,,,,,1,,,,,0,"Wu, Junfeng","Guo, Nan",,,,,jxw175430,junfeng wu,Organizational Behavior 
OBHR,3310,6,,6,11,8,6,15,6,2,6,2,1,,,,,,,2,"Skuza, Agnieszka","Garg, Suyash",,,,,axo027000,agnieszka olsztynska,Organizational Behavior 
OBHR,3310,2,,23,14,6,10,7,1,1,3,,,,1,,,,,0,"Hicks, Jeffrey N","Frantz, Zachary A",,,,,jnh061000,jeffrey hicks,Organizational Behavior 
OBHR,3310,HON,,13,17,8,6,6,1,,1,,,,,,,,,0,"Hicks, Jeffrey N","Frantz, Zachary A",,,,,jnh061000,jeffrey hicks,
OBHR,3310,5,1,10,19,13,8,1,1,3,1,,1,,,,,,,0,"Wu, Junfeng","Guo, Nan",,,,,jxw175430,junfeng wu,Organizational Behavior 
OBHR,3310,501,1,1,11,7,7,9,8,2,6,3,1,,1,,,,,1,"Skuza, Agnieszka","Garg, Suyash",,,,,axo027000,agnieszka olsztynska,Organizational Behavior 
OBHR,3310,1,,10,17,12,8,9,4,3,1,,,,,,,,,0,"Hicks, Jeffrey N","Frantz, Zachary A",,,,,jnh061000,jeffrey hicks,Organizational Behavior 
OBHR,3330,5,3,4,4,3,15,1,5,3,6,2,,,2,,,,,0,"Takeuchi, Riki","Frantz, Zachary A",,,,,rxt173730,riki takeuchi,Introduction to Human Resource Management 
OBHR,3330,7,10,5,9,8,10,6,4,4,,1,,,3,,,,,0,"Weekley, Jeffrey A","Lee, Minjung",,,,,jaw160330,jeff weekley,Introduction to Human Resource Management 
OBHR,3330,3,9,14,4,5,10,10,1,2,3,,2,2,1,,,,,0,"Chung, Hyesook","Lu, Renjie",,,,,hxc220020,hyesook chung,Introduction to Human Resource Management 
OBHR,3330,4,19,14,11,4,3,5,2,1,2,,1,,1,,,,,0,"Albrecht, Dale J","Jiang, Rui",,,,,dja180003,dale albrecht,Introduction to Human Resource Management 
OBHR,3330,8,19,8,15,2,6,3,2,2,,2,,1,2,,,,,1,"Albrecht, Dale J","Jiang, Rui",,,,,dja180003,dale albrecht,Introduction to Human Resource Management 
OBHR,3330,501,3,16,22,7,4,2,1,4,1,1,1,,1,,,,,0,"Meda, Edward","Lu, Renjie","Madan, Anmol",,,,exm150330,edward meda,Introduction to Human Resource Management 
OBHR,3330,503,5,4,14,2,7,3,2,3,1,,,,2,,,,,0,"Albrecht, Dale J","Jiang, Rui",,,,,dja180003,dale albrecht,Introduction to Human Resource Management 
OBHR,3330,2,5,6,8,6,4,7,5,8,9,,,,2,,,,,1,"Takeuchi, Riki","Frantz, Zachary A",,,,,rxt173730,riki takeuchi,Introduction to Human Resource Management 
OBHR,3330,1,14,12,6,7,11,5,2,2,,,,1,2,,,,,0,"Chung, Hyesook","Lu, Renjie",,,,,hxc220020,hyesook chung,Introduction to Human Resource Management 
OBHR,4310,1,14,22,8,1,11,,,1,,,,,2,,,,,0,"McNulty, Diane S","Barden, John P","Viveka Moorthy, Saranya",,,,dmcnulty,diane mcnulty,Business Ethics 
OBHR,4331,502,,2,10,3,5,1,1,1,,,,,,,,,,0,"McGraw-Baker, Lori",,,,,,lam012200,,Compensation and Benefits Administration 
OBHR,4333,1,4,4,6,1,4,2,2,,,1,,,1,,,,,0,"Albrecht, Dale J",,,,,,dja180003,dale albrecht,Performance Management 
OBHR,4334,1,3,2,4,,8,2,,3,,,,,,,,,,0,"Weekley, Jeffrey A","Lee, Minjung",,,,,jaw160330,jeff weekley,Talent Acquisition and Management 
OBHR,4335,1,2,11,7,9,2,1,,1,,,,,1,,,,,2,"Meda, Edward","Lu, Renjie",,,,,exm150330,edward meda,Training and Development 
OBHR,4352,2,5,5,8,4,5,2,2,3,,1,,,1,,,,,2,"Ritchey, Kemberly A",,,,,,kar014400,kemberly ritchey,Negotiation and Dispute Resolution 
OBHR,4354,1,2,14,12,6,,1,1,3,,,,,,,,,,1,"Meda, Edward","Lu, Renjie",,,,,exm150330,edward meda,Leading Organizational Change 
OBHR,4395,1,5,6,4,10,5,1,1,1,1,,,,1,,,,,0,"Weekley, Jeffrey A","Lee, Minjung",,,,,jaw160330,jeff weekley,Capstone Senior Project - Human Resource Management 
OPRE,3310,0W2,,4,,6,22,,6,9,,,3,,,,,,,0,"Subramoniam, Ramesh","Jonnalagadda, Venkata Laxmi Mrunalini",,,,,rxs179630,ramesh subramoniam,Operations Management 
OPRE,3310,1,15,12,7,10,2,4,4,2,1,1,1,,1,,,,,0,"Armaghan, Milad",,,,,,mxa135230,armaghan milad,Operations Management 
OPRE,3310,3,7,5,10,10,5,7,9,4,3,,,,,,,,,0,"Venkataraman, Ashwin","Wang, Zihan",,,,,axv190029,ashwin venkataraman,Operations Management 
OPRE,3310,6,,9,,3,24,,5,13,,,6,,,,,,,0,"Subramoniam, Ramesh","Jonnalagadda, Venkata Laxmi Mrunalini",,,,,rxs179630,ramesh subramoniam,Operations Management 
OPRE,3310,5,,36,,5,17,,1,4,,,,,,,,,,0,"Hogan, James W",,,,,,jwh085000,james hogan,Operations Management 
OPRE,3310,0W1,2,10,,7,19,,6,17,,,3,,1,,,,,1,"Deluke, Eugene",,,,,,gxd052000,eugene deluke,Operations Management 
OPRE,3310,8,13,19,15,7,6,3,2,1,3,,,,1,,,,,0,"Zhang, Minmin",,,,,,mxz180015,minmin zhang,Operations Management 
OPRE,3310,501,7,13,,4,14,,4,5,,,2,,,,,,,1,"Mozik, Vincent C",,,,,,vcm170130,vince mozik,Operations Management 
OPRE,3310,9,1,10,11,7,8,5,2,2,4,2,,2,1,,,,,2,"Mirzaeian, Neda","Celik, Beyza",,,,,nxm220040,neda mirzaeian,Operations Management 
OPRE,3310,7,3,8,8,9,6,6,6,4,4,,1,,1,,,,,2,"Venkataraman, Ashwin","Wang, Zihan",,,,,axv190029,ashwin venkataraman,Operations Management 
OPRE,3310,4,1,5,,3,21,,3,11,,,11,,8,,,,,1,"Hassanzadeh, Nozar","Abhishek Sridhar, .",,,,,nozarh,nozar hassanzadeh,Operations Management 
OPRE,3320,3,1,4,5,2,3,3,4,3,4,,1,,2,,,,,1,"Fatehi, Soraya","Qu, Zihao",,,,,sxf200005,soraya fatehi,Integrated Supply Chain Management 
OPRE,3330,1,7,6,5,8,7,9,1,,1,,,,1,,,,,0,"Kennedyd, Sarmann I","Doddasomanahally Rajanna, Rashmi","Pendyala, Sindhura",,,,sik220001,sarmann kennedyd,Project Management 
OPRE,3330,2,2,12,6,10,14,4,1,3,3,2,,,2,,,,,0,"Kennedyd, Sarmann I","Pendyala, Sindhura","Doddasomanahally Rajanna, Rashmi",,,,sik220001,sarmann kennedyd,Project Management 
OPRE,3333,3,4,16,7,19,8,9,2,5,8,,,,,,,,,1,"Enayaty Ahangar, Negin",,,,,,nxe180001,negin enayaty ahangar,Quantitative Business Analysis 
OPRE,3333,501,5,9,11,3,7,10,8,8,6,,3,4,3,,,,,0,"Sajjadi, Seyed R",,,,,,rxs179730,reza sajjadi,Quantitative Business Analysis 
OPRE,3333,1,10,10,10,5,8,4,1,4,7,2,,3,13,,,,,1,"Oguzman, Neslihan",,,,,,nxo170830,neslihan oguzman,Quantitative Business Analysis 
OPRE,3333,2,2,23,10,11,7,5,6,5,2,1,2,,3,,,,,1,"Enayaty Ahangar, Negin",,,,,,nxe180001,negin enayaty ahangar,Quantitative Business Analysis 
OPRE,3333,4,14,10,12,5,15,7,1,3,5,,3,1,2,,,,,0,"Oguzman, Neslihan",,,,,,nxo170830,neslihan oguzman,Quantitative Business Analysis 
OPRE,3333,5,19,14,5,7,11,4,1,3,5,1,4,,2,,,,,2,"Ahadi, Khatereh","Patel, Heet K",,,,,kxa180010,khatereh ahadi,Quantitative Business Analysis 
OPRE,3340,1,9,10,2,10,4,5,3,3,,1,3,,5,,,,,3,"Enayaty Ahangar, Negin",,,,,,nxe180001,negin enayaty ahangar,Advanced Business Quantitative Methods 
OPRE,3360,2,,6,12,8,8,10,13,4,,,,,7,,,,,2,"Toptal, Aysegul","Gandhi, Adeetya",,,,,axt083100,aysegul toptal,Managerial Methods in Decision Making Under Uncertainty 
OPRE,3360,5,18,16,10,9,4,6,1,1,2,,2,,,,,,,1,"Du, Haokun",,,,,,hxd180022,haokun du,Managerial Methods in Decision Making Under Uncertainty 
OPRE,3360,6,6,13,7,9,13,9,3,9,1,,,,,,,,,0,"Takasi, Venkanna Dora Goutham",,,,,,vgt170000,venkanna dora goutham takasi,Managerial Methods in Decision Making Under Uncertainty 
OPRE,3360,7,7,18,,11,20,6,5,1,,,,,,,,,,2,"Qi, Anyan","Ghosh, Pramit",,,,,axq140430,anyan qi,Managerial Methods in Decision Making Under Uncertainty 
OPRE,3360,502,10,11,10,14,9,3,3,3,3,,,1,3,,,,,0,"Kennedyd, Sarmann I","Pendyala, Sindhura","Doddasomanahally Rajanna, Rashmi",,,,sik220001,sarmann kennedyd,Managerial Methods in Decision Making Under Uncertainty 
OPRE,3360,0W1,6,14,7,7,11,9,6,3,4,1,1,1,,,,,,1,"Brussolo, Monica E","Damania, Krish",,,,,meb049000,monica brussolo,Managerial Methods in Decision Making Under Uncertainty 
OPRE,3360,3,4,8,8,6,7,8,3,4,3,1,,,1,,,,,3,"Liu, Quanquan","Yadav, Namit K",,,,,qxl220001,quanquan liu,Managerial Methods in Decision Making Under Uncertainty 
OPRE,3360,501,6,6,7,5,4,8,4,4,2,1,,,3,,,,5,4,"Liu, Quanquan","Yadav, Namit K",,,,,qxl220001,quanquan liu,Managerial Methods in Decision Making Under Uncertainty 
OPRE,3360,1,3,4,2,14,7,7,7,12,6,6,,,,,,,,1,"Woldu, Malgorzata",,,,,,mxw180018,malgorzata woldu,Managerial Methods in Decision Making Under Uncertainty 
OPRE,3360,4,6,11,8,7,10,7,6,5,2,1,,,1,,,,1,4,"Liu, Quanquan","Yadav, Namit K",,,,,qxl220001,quanquan liu,Managerial Methods in Decision Making Under Uncertainty 
OPRE,4310,1,1,1,4,3,3,4,2,,,1,1,,2,,,,,0,"Ramanathan, Kannan","Agrawal, Parth Vijay",,,,,kxr087000,kannan ramanathan,Lean and Six Sigma Processes 
OPRE,4320,1,1,1,3,3,5,7,3,5,1,2,,,,,,,,1,"Subramoniam, Ramesh","Patel, Afroz I",,,,,rxs179630,ramesh subramoniam,Integrated SCM Information Systems 
OPRE,4330,501,6,15,4,4,2,1,,1,1,,,,,,,,,0,"Widdifield, David S",,,,,,dsw180001,david widdifield,Global Logistics and Inventory Management 
OPRE,4340,501,3,3,2,3,4,1,2,,,,1,,,,,,,0,"Hu, Bin","Chen, Qiuxia",,,,,bxh180009,bin hu,Purchasing and Sourcing Management 
OPRE,4345,1,1,5,1,1,3,3,,1,1,,3,,,,,,,0,"Fatehi, Soraya","Qu, Zihao",,,,,sxf200005,soraya fatehi,Retail Operations 
OPRE,4350,1,5,5,4,4,5,4,2,2,,,,,2,,,,,2,"Sethi, Avanti P","Mohapatra, Adyasha",,,,,asethi,awanti sethi,Spreadsheet Modeling and Analytics 
OPRE,6301,1,,22,8,11,5,3,2,2,,,,,1,,,,,1,"Ahadi, Khatereh","Bharadwaj, Ashwin Manjunath",,,,,kxa180010,khatereh ahadi,Statistics and Data Analysis 
OPRE,6301,GW2,,14,5,2,7,,,,,,,,3,,,,,3,"Leach, Sonia E",,,,,,sel120030,sonia leach,
OPRE,6301,501,,13,3,6,6,8,3,3,,,,,2,,,,,3,"Sethi, Avanti P","Mohapatra, Adyasha",,,,,asethi,awanti sethi,Statistics and Data Analysis 
OPRE,6301,2,,13,5,4,7,5,8,4,,,,,9,,,,,0,"Toptal, Aysegul","Gandhi, Adeetya",,,,,axt083100,aysegul toptal,Statistics and Data Analysis 
OPRE,6301,3,,23,6,8,5,2,5,4,,,,,2,,,,,2,"Ahadi, Khatereh","Bharadwaj, Ashwin Manjunath",,,,,kxa180010,khatereh ahadi,Statistics and Data Analysis 
OPRE,6301,0W1,,18,16,5,4,6,3,3,,,,,3,,,,,2,"Leach, Sonia E","Gudipati, Sai Venkata Shreya",,,,,sel120030,sonia leach,Statistics and Data Analysis 
OPRE,6302,CW2,,,11,,,1,,,,,,,,,,,,0,"Hassanzadeh, Nozar",,,,,,nozarh,nozar hassanzadeh,
OPRE,6302,GW1,,,7,9,2,,,,,,,,,,,,,0,"Hassanzadeh, Nozar",,,,,,nozarh,nozar hassanzadeh,
OPRE,6302,XS1,,1,20,,,,,,,,,,,,,,,1,"Hassanzadeh, Nozar",,,,,,nozarh,nozar hassanzadeh,
OPRE,6302,CW1,,7,17,1,3,1,,,,,,,,,,,,0,"Hassanzadeh, Nozar",,,,,,nozarh,nozar hassanzadeh,
OPRE,6302,MBC,,20,11,5,3,3,,,,,,,,,,,,0,"Honhon, Dorothee B","Menon, Aditya S",,,,,dbh130130,dorothee honhon,
OPRE,6302,501,,11,9,26,4,,,,,,,,,,,,,0,"Mirzaeian, Neda","Celik, Beyza",,,,,nxm220040,neda mirzaeian,Operations Management 
OPRE,6302,1,,9,11,6,8,6,5,5,,,,,6,,,,,0,"Leach, Sonia E","Shehin, FNU",,,,,sel120030,sonia leach,Operations Management 
OPRE,6302,2,,15,7,5,5,6,8,6,,,,,4,,,,1,2,"Rajamani, Divakar","Batra, Nirmanyu",,,,,dxr020100,divakar rajamani,Operations Management 
OPRE,6302,0W1,,17,14,13,8,4,1,4,,,,,1,,,,,0,"Leach, Sonia E","Shehin, FNU",,,,,sel120030,sonia leach,Operations Management 
OPRE,6303,0W1,,9,,1,2,1,1,1,,,,,1,,,,,4,"Sethi, Avanti P","Mohapatra, Adyasha",,,,,asethi,awanti sethi,Quantitative Foundations of Business 
OPRE,6332,1,,21,13,14,15,5,2,1,,,,,,,,,,5,"Rios Uribe, Ignacio A","Ghosh, Pramit",,,,,iar200000,ignacio rios uribe,Spreadsheet Modeling and Analytics 
OPRE,6332,0W2,,18,9,8,3,2,1,2,,,,,6,,,,2,1,"Ramanathan, Kannan","Agrawal, Parth Vijay","Nuti, Sowjanya",,,,kxr087000,kannan ramanathan,Spreadsheet Modeling and Analytics 
OPRE,6332,0W1,,16,11,2,5,5,5,6,,,,,5,,,,,0,"Ramanathan, Kannan","Agrawal, Parth Vijay","Nuti, Sowjanya",,,,kxr087000,kannan ramanathan,Spreadsheet Modeling and Analytics 
OPRE,6332,501,,30,8,5,7,3,1,3,,,,,11,,,,,0,"Ramanathan, Kannan","Agrawal, Parth Vijay","Nuti, Sowjanya",,,,kxr087000,kannan ramanathan,Spreadsheet Modeling and Analytics 
OPRE,6332,2,,34,6,9,6,3,1,4,,,,,7,,,,,0,"Ramanathan, Kannan","Agrawal, Parth Vijay","Nuti, Sowjanya",,,,kxr087000,kannan ramanathan,Spreadsheet Modeling and Analytics 
OPRE,6341,5W1,,30,13,1,2,,,1,,,,,,,,,,1,"Widdifield, David S",,,,,,dsw180001,david widdifield,Retail Operations 
OPRE,6359,2,,4,,2,1,1,2,,,,,,,,,,,0,"Ramezani, Rasoul","Pampalker, Shashank",,,,,rxr145930,rasoul ramezani,Advanced Statistics for Data Science 
OPRE,6359,0W1,,4,,2,2,,,,,,,,1,,,,,1,"Brussolo, Monica E","Damania, Krish",,,,,meb049000,monica brussolo,Advanced Statistics for Data Science 
OPRE,6359,502,,6,3,3,3,1,,,,,,,,,,,,1,"Enayaty Ahangar, Negin",,,,,,nxe180001,negin enayaty ahangar,Advanced Statistics for Data Science 
OPRE,6359,5W1,,9,4,1,5,2,,,,,,,1,,,,,0,"Whalen, Tristan G","Patel, Jay A","Julakanti, Shiva Prasad Reddy",,,,tgw100020,tristan whalen,Advanced Statistics for Data Science 
OPRE,6359,501,,15,2,2,2,1,1,3,,,,,,,,,,0,"Ramezani, Rasoul","Pampalker, Shashank",,,,,rxr145930,rasoul ramezani,Advanced Statistics for Data Science 
OPRE,6359,1,,8,9,7,3,2,3,,,,,,2,,,,,0,"Toptal, Aysegul","Gandhi, Adeetya",,,,,axt083100,aysegul toptal,Advanced Statistics for Data Science 
OPRE,6362,502,,15,4,,2,1,,2,,,,,,,,,,0,"Kennedyd, Sarmann I","Pendyala, Sindhura","Doddasomanahally Rajanna, Rashmi",,,,sik220001,sarmann kennedyd,Project Management in Engineering and Operations 
OPRE,6362,501,,17,10,5,2,1,,1,,,,,,,,,,0,"Kennedyd, Sarmann I","Doddasomanahally Rajanna, Rashmi","Pendyala, Sindhura",,,,sik220001,sarmann kennedyd,Project Management in Engineering and Operations 
OPRE,6364,1,,9,1,4,4,5,,,,,,,,,,,3,0,"Ramanathan, Kannan","Agrawal, Parth Vijay",,,,,kxr087000,kannan ramanathan,Lean Six Sigma 
OPRE,6366,PW1,,10,1,1,,,,,,,,,,,,,,0,"Rajamani, Divakar",,,,,,dxr020100,divakar rajamani,
OPRE,6366,501,,16,7,10,11,8,4,7,,,,,4,,,,,0,"Leach, Sonia E","Gudipati, Sai Venkata Shreya",,,,,sel120030,sonia leach,Global Supply Chain Management 
OPRE,6366,0W1,,17,26,21,8,1,,1,,,,,,,,,,0,"Cakanyildirim, Metin","Qu, Zihao",,,,,metin,metin cakanyildirim,Global Supply Chain Management 
OPRE,6367,1,,31,,,,,,,,,,,,,,,,0,"Parks, David",,,,,,dxp153830,david parks,Capstone Projects in Supply Chain Management 
OPRE,6369,501,,12,36,10,6,1,,3,,,,,,,,,,1,"Subramoniam, Ramesh","Patel, Afroz I",,,,,rxs179630,ramesh subramoniam,Supply Chain Software with SAP 
OPRE,6370,PW1,,7,2,1,,1,,,,,,,,,,,,0,"Rajamani, Divakar",,,,,,dxr020100,divakar rajamani,
OPRE,6370,0W1,,7,9,12,4,2,3,,,,,,1,,,,,3,"Frazelle, Andrew","Wei, Jiarui",,,,,aef180002,andrew frazelle,Global Logistics and Transportation 
OPRE,6370,501,,59,10,5,5,,,,,,,,,,,,,0,"Sabri, Ehap H","Abhishek Sridhar, .",,,,,exs055000,ehap sabri,Global Logistics and Transportation 
OPRE,6371,PW1,,11,,2,1,,,,,,,,,,,,,0,"Hogan, James W","Rajamani, Divakar",,,,,jwh085000,james hogan,
OPRE,6371,501,,21,15,14,17,6,,,,,,,1,,,,,0,"Hu, Bin","Chen, Qiuxia",,,,,bxh180009,bin hu,Purchasing  Sourcing and Contract Management 
OPRE,6378,501,,49,17,8,4,1,,,,,,,,,,,,0,"Widdifield, David S",,,,,,dsw180001,david widdifield,Supply Chain Strategy 
OPRE,6379,0W1,,10,16,10,12,11,4,3,,,,,1,,,,,0,"Rajamani, Divakar","Batra, Nirmanyu",,,,,dxr020100,divakar rajamani,Product Lifecycle Management 
OPRE,6382,0W1,,39,3,,,1,,,,,,,,,,,,0,"Vicario, Joseph A","Divin, Diane T",,,,,jav170030,,Supply Chain Trade Compliance 
OPRE,6389,501,,5,4,3,2,1,,,,,,,,,,,,0,"Cakanyildirim, Metin","Qu, Zihao",,,,,metin,metin cakanyildirim,Managing Energy  Risk  Investment  Technology 
OPRE,6393,0W1,,5,2,4,1,1,1,,,,,,2,,,,,0,"Cavusoglu, Huseyin","Zhu, Yan",,,,,huseyin,huseyin cavusoglu,Database Foundations 
OPRE,7343,1,,3,4,3,3,,,,,,,,,,,,,1,"Venkataraman, Ashwin",,,,,,axv190029,ashwin venkataraman,Modern Machine Learning Methods 
OPRE,7351,0H1,,,,,,,,,,,,,,14,,,,0,"Sethi, Suresh P",,,,,,sethi,,Seminar in Operations Management 
PA,3333,0W1,,23,8,,1,2,1,1,1,,,1,,,,,,1,"Yoon, Youngseok",,,,,,yxy200007,youngseok yoon,Human Resources Management  Leading a Diverse Workforce 
PA,3378,0W1,,20,2,2,3,2,,,,,,,1,,,,,0,"Gorina, Evgenia",,,,,,exg131830,evgenia gorina,Public Finance and Economics 
PA,3380,0W1,6,6,3,1,1,1,1,,,,,,1,,,,,2,"Oh, Seongdeok",,,,,,sxo210002,,Organizations  Theory and Behavior 
PA,4345,1,5,1,5,1,1,1,2,,1,,,,1,,,,,0,"Egukawhore, Oghenekome",,,,,,oxe190001,oghenekomee egukawhore,Negotiation and Conflict Resolution 
PA,4355,1,,11,4,,,,2,,,,,,1,,,,,0,"Russell Murray, Allison R",,,,,,axr210032,allison russell,Managing Nonprofit Organizations 
PA,4370,1,9,,1,1,,,,,,,,,,,,,,0,"Sharma, Namrta",,,,,,nxs200001,namrta sharma,Leadership  Democracy  and Ethics 
PA,4396,0W1,28,10,3,1,2,2,,,,,,,1,,,,,0,"Maxwell, Sarah P",,,,,,spm092000,sarah maxwell,Topics in Public Administration 
PA,6311,5H1,,10,,,,,,,,,,,,,,,,1,"McCaskill, John R",,,,,,jrm094020,john mccaskill,Public Management 
PA,6315,0W1,,24,5,2,1,,,,,,,,,,,,,2,"Harrington, James","Parker, Kayla M",,,,,jxh134630,james harrington,Evaluating Program and Organizational Performance 
PA,6326,0.00E+00,,15,,,,,,,,,,,,,,,,0,"McCaskill, John R",,,,,,jrm094020,john mccaskill,
PA,6344,1,,9,,,,,,,,,,,,,,,,2,"Benavides, Teodoro J",,,,,,tjb051000,teodoro benavides,Local Government Management 
PA,6345,501,,16,,,,,,,,,,,,,,,,1,"Benavides, Abraham",,,,,,axb220062,,Human Resources Management 
PA,6382,0W1,,7,1,2,,1,,,,,,,,,,,,1,"Searing, Elizabeth A",,,,,,exs200001,elizabeth searing,Nonprofit Management 
PA,6386,501,,13,,,1,,,,,,,,,,,,,0,"Benavides, Abraham",,,,,,axb220062,,Diversity  Equity and Inclusion in Organizations 
PA,6389,0W1,,7,2,2,,,,,,,,,,,,,,0,"Russell Murray, Allison R",,,,,,axr210032,allison russell,Volunteer Management 
PA,6399,501,,14,,,,,,,,,,,,,,,,0,"Harrington, James",,,,,,jxh134630,james harrington,Capstone in Public Affairs 
PA,7360,501,,17,,1,,1,,,,,,,,,,,1,0,"Gorina, Evgenia",,,,,,exg131830,evgenia gorina,Advanced Fiscal and Budgetary Policy 
PHIL,1301,2,,24,,,12,,,3,,,,,,,,,,1,"Sampson, Eric",,,,,,exs190005,,Introduction to Philosophy 
PHIL,1301,1,,23,20,17,13,8,5,,4,2,1,3,11,,,,,6,"Bambach, Charles R","Turner, Joey A","Meyer, Zachary M",,,,cbambach,charles bambach,Introduction to Philosophy 
PHIL,1305,1,1,53,,,16,,,4,,1,2,,4,,,,,0,"Amato, Lawrence A","Neo, Joevenn",,,,,laa062000,lawrence amato,Introduction to Philosophy of Religion 
PHIL,1306,1,18,35,22,11,12,8,4,1,,1,,2,2,,,,1,1,"Ren, Songyao","Vecchio, Anthony","Bensinger, Justin F",,,,sxr210065,songyao ren,Introduction to Ethics 
PHIL,2303,1,12,2,,5,3,,3,7,2,,2,,6,,,,,5,"Escalante, Elizabeth R",,,,,,exe121230,elizabeth escalante,Introduction to Logic 
PHIL,2317,1,,24,,6,26,,2,12,,,5,,10,,,,,1,"Amato, Lawrence A","Tijani, Kehinde O",,,,,laa062000,lawrence amato,History of Philosophy II 
PHIL,3309,1,13,11,,1,3,,,,,,,,,,,,,1,"Amato, Lawrence A",,,,,,laa062000,lawrence amato,Philosophy of Technology 
PHIL,3328,1,2,2,2,,1,,3,,,,,,1,,,,,0,"Tsou, Jonathan Y",,,,,,jxt220028,jonathan tsou,History and Philosophy of Science and Medicine 
PHIL,4322,1,,9,2,,1,2,1,,,,1,,1,,1,,1,3,"Davies, Katherine",,,,,,kxd180013,,Philosophical Traditions II 
PHIL,4380,1,5,11,5,1,1,,,,,,,,1,,,,2,0,"Ren, Songyao",,,,,,sxr210065,songyao ren,Topics in Philosophy 
PHYS,1301,2,12,11,11,9,9,8,4,4,4,3,4,3,3,,,,,9,"Penev, Kaloyan M","Mahmud, Mohammad M",,,,,kxp174430,kaloyan penev,College Physics I 
PHYS,1301,1,15,63,27,24,27,13,5,11,7,8,4,1,2,,,,,9,"Khan, Amena L","Patra, Rittik","Khan, Junaid Saif",,,,axk140130,amena khan,College Physics I 
PHYS,1302,1,15,5,3,5,1,4,1,1,,2,,2,2,,,,,3,"Saleh, Lamya","Zhai, Zixin",,,,,lxs190019,lamya saleh,College Physics II 
PHYS,1302,501,15,33,9,12,14,4,15,17,12,4,5,2,1,,,,,2,"Sun, Kuei","Mahmud, Mohammad M",,,,,kxs147030,kuei sun,College Physics II 
PHYS,2125,101,1,27,1,,,1,,,,,,,,,,,,0,"Sun, Kuei","Khan, Amena L","Balagopal, Gokul",,,,kxs147030,kuei sun,Physics Laboratory I 
PHYS,2125,102,3,19,4,2,1,,,,,1,,,,,,,,0,"Sun, Kuei","Khan, Amena L","Bera, Avijit",,,,kxs147030,kuei sun,Physics Laboratory I 
PHYS,2125,103,3,25,,1,,1,,,,,,,,,,,,0,"Sun, Kuei","Khan, Amena L","Zhou, Long",,,,kxs147030,kuei sun,Physics Laboratory I 
PHYS,2125,104,6,24,,,,,,,,,,,,,,,,0,"Sun, Kuei","Khan, Amena L","Balagopal, Gokul",,,,kxs147030,kuei sun,Physics Laboratory I 
PHYS,2125,105,2,23,1,,,,,,,,,,2,,,,,2,"Sun, Kuei","Khan, Amena L","Sharon Felix, .",,,,kxs147030,kuei sun,Physics Laboratory I 
PHYS,2125,110,3,18,2,,3,1,1,1,,,,1,,,,,,0,"Sun, Kuei","Khan, Amena L","Zhou, Long",,,,kxs147030,kuei sun,Physics Laboratory I 
PHYS,2125,113,,27,3,,,,,,,,,,,,,,,0,"Sun, Kuei","Khan, Amena L","Romero, Angel E",,,,kxs147030,kuei sun,Physics Laboratory I 
PHYS,2125,114,5,21,2,,,,,,,,,,1,,,,,1,"Sun, Kuei","Khan, Amena L","Nguyen, Khoa",,,,kxs147030,kuei sun,Physics Laboratory I 
PHYS,2125,115,3,22,2,,,,1,,,1,,,1,,,,,0,"Sun, Kuei","Khan, Amena L",,,,,kxs147030,kuei sun,Physics Laboratory I 
PHYS,2125,116,2,23,1,3,1,,,,,,,,,,,,,0,"Sun, Kuei","Khan, Amena L","Khalid, Muhammad",,,,kxs147030,kuei sun,Physics Laboratory I 
PHYS,2125,117,3,21,3,2,,,,,,,,,,,,,,1,"Sun, Kuei","Khan, Amena L",,,,,kxs147030,kuei sun,Physics Laboratory I 
PHYS,2125,118,6,23,1,,,,,,,,,,,,,,,0,"Sun, Kuei","Khan, Amena L","Romero, Angel E",,,,kxs147030,kuei sun,Physics Laboratory I 
PHYS,2125,120,4,19,5,1,,,,,,,,,,,,,,1,"Sun, Kuei","Khan, Amena L","Gogoi, Antareep",,,,kxs147030,kuei sun,Physics Laboratory I 
PHYS,2125,124,1,21,5,2,,,,,,,,,1,,,,,0,"Sun, Kuei","Khan, Amena L","Shamma, Abeda Sultana",,,,kxs147030,kuei sun,Physics Laboratory I 
PHYS,2125,125,3,22,2,,1,,1,,,,,,,,,,,1,"Sun, Kuei","Khan, Amena L","Azhiri, Reza B",,,,kxs147030,kuei sun,Physics Laboratory I 
PHYS,2125,128,4,22,,1,,1,,,,,,1,,,,,,1,"Sun, Kuei","Khan, Amena L","Kajla, Rohit",,,,kxs147030,kuei sun,Physics Laboratory I 
PHYS,2125,129,2,26,1,1,,,,,,,,,,,,,,0,"Sun, Kuei","Khan, Amena L","Kajla, Rohit",,,,kxs147030,kuei sun,Physics Laboratory I 
PHYS,2125,130,3,26,,,,,,,,,,,,,,,,1,"Sun, Kuei","Khan, Amena L",,,,,kxs147030,kuei sun,Physics Laboratory I 
PHYS,2125,131,5,24,1,,,,,,,,,,,,,,,0,"Sun, Kuei","Khan, Amena L","Hathurusinghe Dewage, Prabuddha Madusanka",,,,kxs147030,kuei sun,Physics Laboratory I 
PHYS,2125,132,2,27,,1,,,,,,,,,,,,,,0,"Sun, Kuei","Khan, Amena L","Hathurusinghe Dewage, Prabuddha Madusanka",,,,kxs147030,kuei sun,Physics Laboratory I 
PHYS,2125,602,3,22,,,2,1,,,,,,,,,,,,2,"Sun, Kuei","Khan, Amena L",,,,,axk140130,amena khan,Physics Laboratory I 
PHYS,2125,601,3,18,2,2,3,,,,,,,,,,,,,3,"Sun, Kuei","Khan, Amena L",,,,,kxs147030,kuei sun,Physics Laboratory I 
PHYS,2125,604,,18,2,2,,,,,,,,,,,,,,1,"Sun, Kuei","Khan, Amena L","Mosadegh, Mahdi",,,,kxs147030,kuei sun,Physics Laboratory I 
PHYS,2125,607,4,17,,1,,,,,1,,,,,,,,,1,"Sun, Kuei","Khan, Amena L","Ali, Akbar",,,,kxs147030,kuei sun,Physics Laboratory I 
PHYS,2125,606,5,17,1,1,,1,1,,,,,,,,,,,0,"Sun, Kuei","Khan, Amena L","Mosadegh, Mahdi",,,,kxs147030,kuei sun,Physics Laboratory I 
PHYS,2125,608,3,20,2,,,,,,,,,,,,,,,1,"Sun, Kuei","Khan, Amena L","Jafarzadeh, Seyed Javad",,,,axk140130,amena khan,Physics Laboratory I 
PHYS,2125,136,3,16,2,2,,1,,,,,,,2,,,,,1,"Sun, Kuei","Khan, Amena L",,,,,kxs147030,kuei sun,Physics Laboratory I 
PHYS,2125,603,3,16,4,,,3,,,,,,,,,,,,1,"Sun, Kuei","Khan, Amena L","Dhale, Nikhil Uday",,,,axk140130,amena khan,Physics Laboratory I 
PHYS,2125,605,4,18,1,1,,,,,,,,,,,,,,3,"Sun, Kuei","Khan, Amena L",,,,,kxs147030,kuei sun,Physics Laboratory I 
PHYS,2125,106,4,21,1,,,,,,,,,,1,,,,,1,"Sun, Kuei","Khan, Amena L","Iqbal, Mazhar",,,,kxs147030,kuei sun,Physics Laboratory I 
PHYS,2125,108,3,19,3,2,,,,,,,,,,,,,,1,"Sun, Kuei","Khan, Amena L","Ryan, Conor",,,,kxs147030,kuei sun,Physics Laboratory I 
PHYS,2125,111,4,22,1,,,,,,,,,,,,,,,1,"Sun, Kuei","Khan, Amena L","Sharon Felix, .",,,,kxs147030,kuei sun,Physics Laboratory I 
PHYS,2125,133,2,19,3,1,1,,,,,,,,,,,,,2,"Sun, Kuei","Khan, Amena L","Nguyen, Khoa",,,,kxs147030,kuei sun,Physics Laboratory I 
PHYS,2125,107,2,21,2,1,1,,1,,,,,,,,,,,1,"Sun, Kuei","Khan, Amena L","Iqbal, Mazhar",,,,kxs147030,kuei sun,Physics Laboratory I 
PHYS,2125,109,2,19,2,,1,1,2,,,,,,,,,,,2,"Sun, Kuei","Khan, Amena L","Ali, Akbar",,,,kxs147030,kuei sun,Physics Laboratory I 
PHYS,2125,112,3,13,5,5,,1,,1,,,,,1,,,,,0,"Sun, Kuei","Khan, Amena L","Bera, Avijit",,,,kxs147030,kuei sun,Physics Laboratory I 
PHYS,2125,119,4,21,1,,1,1,,,,,,,,,,,,1,"Sun, Kuei","Khan, Amena L","Khalid, Muhammad",,,,kxs147030,kuei sun,Physics Laboratory I 
PHYS,2125,121,3,17,6,2,1,,,,,,,,,,,,,0,"Sun, Kuei","Khan, Amena L","Jafarzadeh, Seyed Javad",,,,kxs147030,kuei sun,Physics Laboratory I 
PHYS,2125,122,5,23,,,,,,,,,,,,,,,,1,"Sun, Kuei","Khan, Amena L","Shamma, Abeda Sultana",,,,kxs147030,kuei sun,Physics Laboratory I 
PHYS,2125,123,2,19,2,1,1,1,,,1,,,,,,,,,2,"Sun, Kuei","Khan, Amena L","Gogoi, Antareep",,,,kxs147030,kuei sun,Physics Laboratory I 
PHYS,2125,126,3,19,3,2,,,,,,,,,1,,,,,1,"Sun, Kuei","Khan, Amena L","Azhiri, Reza B",,,,axk140130,amena khan,Physics Laboratory I 
PHYS,2125,134,3,24,,1,,,,,,,,,,,,,,1,"Sun, Kuei","Khan, Amena L",,,,,kxs147030,kuei sun,Physics Laboratory I 
PHYS,2125,135,3,26,,,,,,,,,,,,,,,,0,"Sun, Kuei","Khan, Amena L",,,,,kxs147030,kuei sun,Physics Laboratory I 
PHYS,2126,102,17,8,2,,2,,,1,,,,,,,,,,0,"Mac Alevey, Paul J","Saleh, Lamya","Ameh, Emmanuel O",,,,paulmac,paul macalevey,Physics Laboratory II 
PHYS,2126,105,6,10,7,3,1,1,,1,1,,,,,,,,,0,"Mac Alevey, Paul J","Saleh, Lamya","Vishwakarma, Prasoon",,,,paulmac,paul macalevey,Physics Laboratory II 
PHYS,2126,106,7,18,3,1,1,,,,,,,,,,,,,0,"Mac Alevey, Paul J","Saleh, Lamya","Fluckey, Stephen P",,,,paulmac,paul macalevey,Physics Laboratory II 
PHYS,2126,109,7,14,6,,1,,,,,,,,,,,,,2,"Mac Alevey, Paul J","Saleh, Lamya","Bellow, Nash C",,,,paulmac,paul macalevey,Physics Laboratory II 
PHYS,2126,110,6,11,9,3,,,,,,,,,,,,,,1,"Mac Alevey, Paul J","Saleh, Lamya","Lochridge, Matthew D",,,,paulmac,paul macalevey,Physics Laboratory II 
PHYS,2126,114,14,13,,1,,,,,,,,,1,,,,,1,"Mac Alevey, Paul J","Saleh, Lamya","Ameh, Emmanuel O",,,,paulmac,paul macalevey,Physics Laboratory II 
PHYS,2126,115,,18,7,1,1,2,,,,,,,,,,,,1,"Mac Alevey, Paul J","Saleh, Lamya","Hosseini, Seyed Hossein",,,,paulmac,paul macalevey,Physics Laboratory II 
PHYS,2126,116,4,18,3,2,1,1,,,,,,,,,,,,1,"Mac Alevey, Paul J","Saleh, Lamya","Fluckey, Stephen P",,,,paulmac,paul macalevey,Physics Laboratory II 
PHYS,2126,117,2,15,7,2,,2,,1,,,,,,,,,,1,"Mac Alevey, Paul J","Saleh, Lamya","Bravo, Rainier Carlos B",,,,paulmac,paul macalevey,Physics Laboratory II 
PHYS,2126,120,2,10,8,3,,3,1,,,,,,2,,,,,1,"Mac Alevey, Paul J","Saleh, Lamya","Lochridge, Matthew D",,,,paulmac,paul macalevey,Physics Laboratory II 
PHYS,2126,121,17,9,,1,,1,,,,,,,1,,,,,1,"Mac Alevey, Paul J","Saleh, Lamya","Vishwakarma, Prasoon",,,,paulmac,paul macalevey,Physics Laboratory II 
PHYS,2126,103,11,13,1,1,,,,,,,,,,,,,,1,"Mac Alevey, Paul J","Saleh, Lamya","Magadi Shivalingaiah, Meghraj",,,,paulmac,paul macalevey,Physics Laboratory II 
PHYS,2126,108,10,6,3,3,,1,,,2,1,,1,,,,,,1,"Mac Alevey, Paul J","Saleh, Lamya","Bravo, Rainier Carlos B",,,,paulmac,paul macalevey,Physics Laboratory II 
PHYS,2126,122,13,11,,,,1,1,,,,,,2,,,,,0,"Mac Alevey, Paul J","Saleh, Lamya","Ruwali, Shisir",,,,paulmac,paul macalevey,Physics Laboratory II 
PHYS,2126,101,4,11,8,4,,1,,,,,,,,,,,,1,"Mac Alevey, Paul J","Saleh, Lamya","Schussler, Joshua A",,,,paulmac,paul macalevey,Physics Laboratory II 
PHYS,2126,104,5,14,6,1,,,1,,,,,,1,,,,,1,"Mac Alevey, Paul J","Saleh, Lamya","Bellow, Nash C",,,,paulmac,paul macalevey,Physics Laboratory II 
PHYS,2126,107,13,15,,,1,,,,,,,,,,,,,0,"Mac Alevey, Paul J","Saleh, Lamya","Ruwali, Shisir",,,,paulmac,paul macalevey,Physics Laboratory II 
PHYS,2126,111,11,14,1,,1,,1,,,,,,,,,,,1,"Mac Alevey, Paul J","Saleh, Lamya","Magadi Shivalingaiah, Meghraj",,,,paulmac,paul macalevey,Physics Laboratory II 
PHYS,2126,112,13,10,1,2,,,1,,,,,,1,,,,,1,"Mac Alevey, Paul J","Saleh, Lamya","Shrestha, Samyak",,,,paulmac,paul macalevey,Physics Laboratory II 
PHYS,2126,113,3,17,5,1,1,,,1,,,,,,,,,,1,"Mac Alevey, Paul J","Saleh, Lamya","Hosseini, Seyed Hossein",,,,paulmac,paul macalevey,Physics Laboratory II 
PHYS,2126,118,14,10,4,,1,,,,,,,,,,,,,0,"Mac Alevey, Paul J","Saleh, Lamya","Shrestha, Samyak",,,,paulmac,paul macalevey,Physics Laboratory II 
PHYS,2303,1,3,2,4,1,1,1,,,,,,,3,,,,,1,"Saleh, Lamya","Zhai, Zixin",,,,,lxs190019,lamya saleh,Contemporary Physics 
PHYS,2325,3,38,103,24,18,24,7,8,13,1,2,3,2,4,,,,,3,"Slinker, Jason D","Seifi, Melodee O",,,,,jds107020,jason slinker,Mechanics 
PHYS,2325,4,7,17,2,5,6,7,7,8,2,1,2,1,3,,,,,3,"Kadala, Roger H","Xie, Yunan",,,,,rxk220001,roger kadala,Mechanics 
PHYS,2325,2,13,12,15,14,5,9,6,5,4,3,2,5,12,,,,,7,"Shi, Xiaoyan",,,,,,xxs151730,xiaoyan shi,Mechanics 
PHYS,2325,5,15,15,15,11,18,25,18,15,,,8,,2,,,,,4,"Kolodrubetz, Michael H","Aker, Adam",,,,,mxk177330,michael kolodrubetz,Mechanics 
PHYS,2325,6,9,21,18,22,14,7,20,10,3,12,2,,4,,,,,5,"Zhang, Xiaojia","Zhao, Kehui",,,,,xxz220011,xiaojia zhang,Mechanics 
PHYS,2325,1,29,62,15,11,30,8,12,38,3,9,4,7,6,,,,,8,"Kadala, Roger H","Patra, Rittik","Khan, Junaid Saif","Xie, Yunan",,,rxk220001,roger kadala,Mechanics 
PHYS,2326,1,,27,,,22,,,34,,,2,,15,,,,,5,"Glosser, Robert","Bhattacharjee, Koustubh","Dunia, Michael R",,,,glosser,robert glosser,Electromagnetism and Waves 
PHYS,2326,2,29,28,15,20,14,22,10,2,3,,,,2,,,,,3,"Lumata, Lloyd L",,,,,,lxl143230,lloyd lumata,Electromagnetism and Waves 
PHYS,2326,501,40,14,9,26,11,19,15,26,6,3,4,9,17,,,,,15,"Akbar, Mohammad M","Modumudi, Sai Madhav",,,,,mma110020,mohammad akbar,Electromagnetism and Waves 
PHYS,3312,1,4,3,3,1,2,2,3,,2,,,,5,,,,1,1,"Kesden, Michael H","Schussler, Joshua A",,,,,mhk130030,michael kesden,Classical Mechanics 
PHYS,3411,1,3,1,4,3,2,3,2,3,1,2,1,,,,,,,1,"Mac Alevey, Paul J","Sooriyaarachchi, Vinu K",,,,,paulmac,paul macalevey,Theoretical Physics 
PHYS,3427,1,7,11,10,2,3,,1,,1,,,,,,,,,0,"Goeckner, Matthew J","Koirala, Pawan","Overzet, Lawrence J",,,,goeckner,matthew goeckner,Electronics with Laboratory 
PHYS,4302,1,1,7,5,3,1,2,1,2,,1,,1,2,,,,,0,"Gartstein, Yuri","Aker, Adam",,,,,yxg037000,yuri gartstein,Quantum Mechanics II 
PHYS,4311,1,6,12,,9,,4,1,2,,,,,3,,,,,0,"Lou, Xinchou","Zhou, Xiaohe",,,,,xinchou,,Thermodynamics and Statistical Mechanics 
PHYS,4328,1,3,5,1,3,2,1,2,2,1,,5,,2,,,,,0,"Malko, Anton","Marder, Andrew A",,,,,avm074000,anton malko,Optics 
PHYS,4373,101,,6,4,,,,,,,,,,,,,,,0,"Sun, Kuei","Wettasinghe, Ashan P",,,,,kxs147030,kuei sun,Physical Measurements Laboratory 
PHYS,4392,1,5,7,5,3,1,,,2,,,1,,1,,,,,0,"King, Lindsay J",,,,,,lxk111430,lindsay king,Extragalactic Astrophysics 
PHYS,5302,1,,5,4,2,3,,1,,,,,,1,,,,,0,"Mac Alevey, Paul J","Xie, Yunan",,,,,paulmac,paul macalevey,Mathematical Methods of Physics II 
PHYS,5313,1,,10,6,,,,,,,,,,,,,,,0,"Zhang, Fan","Dongre, Ninad Kailas",,,,,fxz140930,fan zhang,Statistical Physics 
PHYS,5320,1,,14,,,4,,,2,,,,,,,,,,0,"Chen, Lunjin","Wang, Qiyue",,,,,lxc134330,lunjin chen,Electromagnetism I 
PHYS,5336,1,,17,,2,1,,,,,,,,,,,,,0,"Lary, David J",,,,,,djl101000,david lary,Big Data and Machine Learning for Scientific Discovery 
PPOL,4311,1,3,2,3,1,,,,,1,,,1,1,,,,,0,"Bray, Timothy M",,,,,,tmb021000,timothy bray,Wicked Social Problems 
PPOL,4396,2,3,16,5,,1,1,,,,,,,,,,,,1,"Hanson-Defusco, Jessica E","Shi, Min",,,,,jxh210011,jessi defusco,Topics in Public Policy 
PPPE,6308,0W1,,14,2,,,,,,,,,,,,,,,0,"Saibene, Paola",,,,,,pxs210122,,Governance and Auditing Essentials for Cyber Security 
PPPE,6321,501,,5,3,3,6,,,,,,,,1,,,,,0,"Kim, Dohyeong",,,,,,dxk132530,dohyeong kim,Economics for Public Policy 
PPPE,6343,1,,14,1,,,,,,,,,,,,,,,1,"Hanson-Defusco, Jessica E",,,,,,jxh210011,jessi defusco,Global Health Policy 
PPPE,6V81,501,,9,,1,,,,,,,,,,,,,,2,"Pinson, Lauren",,,,,,lxp210009,,Special Topics in Political Economy 
PSCI,3303,HN1,6,8,8,2,,,,,,,,,,,,,,0,"Dow, Douglas C",,,,,,dougdow,douglas dow,Civil Liberties 
PSCI,3310,1,,39,3,,,2,,,,,,,,,,,,0,"McCaskill, John R",,,,,,jrm094020,john mccaskill,Managing Government Organizations 
PSCI,3322,1,23,15,24,21,11,11,5,8,4,,4,,2,,,,,1,"Miller, Banks P","Lee, Moonsoo","Shin, Hanna",,,,bxm093000,banks miller,Constitutional Law 
PSCI,3333,1,1,6,8,12,25,11,10,6,2,2,1,,5,,,,,1,"Stewart, Marianne C","Eaton, John M",,,,,mstewart,marianne stewart,Political Behavior 
PSCI,3350,1,6,23,8,6,9,6,3,3,2,,2,,2,,,,,0,"Elmore, Naela","Heintze, Dagmar",,,,,nxm153530,,Comparative Politics 
PSCI,3362,1,5,14,11,18,14,5,10,3,,2,,,5,,,,,0,"Muenks, Patrick","Briggs-Megafu, Tamnala E",,,,,pxm166330,patrick muenks,The American Political Institutions 
PSCI,4316,501,8,14,14,9,7,4,2,3,3,3,,1,3,,,,,1,"Cordell, Rebecca","Dao, Minh T",,,,,rxc190010,rebecca cordell,Civil War and Conflict Resolution 
PSCI,4318,1,6,10,10,4,4,5,,,,,,,,,,,,1,"Pinson, Lauren",,,,,,lxp210009,,Foreign Aid and Development 
PSCI,4326,1,2,13,8,9,15,6,3,4,2,2,3,,3,,,,,1,"Lowry, Robert C","Hollis, Camron",,,,,rcl062000,robert lowry,Political Parties and Interest Groups 
PSCI,4356,1,,14,11,5,8,5,,1,,,1,,,,,,,0,"Peinhardt, Clint W","Khan, Humza",,,,,cwp052000,clint peinhardt,International Political Economy 
PSCI,4360,1,1,10,9,4,9,7,3,5,,,5,,3,,,,,0,"Peinhardt, Clint W","Peressotti, Giuseppe",,,,,cwp052000,clint peinhardt,The Political Economy of Multinational Corporations 
PSCI,4364,1,20,12,5,1,3,1,1,3,,,,,,,,,,0,"Modjarrad, Shahin S",,,,,,ssm140230,shahin modjarrad,Civil Rights Law and Society 
PSCI,4370,HN1,24,17,2,,,,,,,,,,,,,,,0,"Chin, Michelle L","Amaya, John","Piazza, John","LaMura, Sandra","Guillory, Emmanual",,mlc140530,,Policy Making Process 
PSCI,4372,HN1,,43,,,,,,,,,,,,,,,,0,"Daly, John A","Chin, Michelle L",,,,,mlc140530,,Advocacy and Politics 
PSCI,4373,HN1,,43,,,,,,,,,,,,,,,,0,"Mbyirukira, Shema N","Chin, Michelle L","Conrado, Aaron","Reinemeyer, Anneliese","Nugent, Mary",,mlc140530,,Politics of National Memory 
PSCI,4396,HN1,1,15,3,,,,,,,,,,,,,,,0,"Roetzel Ossenfort, Natalie J",,,,,,njr120030,,Selected Topics in Government and Politics 
PSCI,4396,1,1,3,6,3,2,,,,,,,,,,,,,1,"Zhang, Pengfei","Zhao, Xingyuan",,,,,pxz220003,pengfei zhang,Selected Topics in Government and Politics 
PSCI,6306,501,,18,3,3,,,,1,,,,,,,,,,1,"Cordell, Rebecca",,,,,,rxc190010,rebecca cordell,Human Rights and International Law 
PSCI,6308,0W1,,23,1,,,,,,,,,,,,,,,0,"Saibene, Paola",,,,,,pxs210122,,Governance and Auditing Essentials for Cyber Security 
PSCI,6337,1,,9,4,,1,,,,,,,,,,,,,0,"Cheruvu, Sivaram",,,,,,sxc210048,sivaram cheruvu,Comparative Institutions 
PSCI,7380,1,,5,5,2,,,,1,,,,,,,,,,1,"Santoro, Lauren A",,,,,,lar170530,lauren santoro,Political Psychology 
PSCI,4V66,501,18,,,,,,,,,,,,,,,,,3,"Seagroves, Tony A",,,,,,tas064000,tony seagroves,Mock Trial 
PSCI,4V67,HN1,8,3,,,,,,,,,,,,,,,,0,"Joiner, Joanne",,,,,,jxj220036,joanne joiner,Moot Court 
PSY,2301,HN1,12,5,5,1,2,,,,,,,,,,,,,0,"Devdas, Neetha R",,,,,,nrd120030,neetha devdas,Introduction to Psychology 
PSY,2301,0W1,,44,37,20,20,11,6,3,3,1,1,,4,,,,,0,"Sasson, Noah J","Andreo, Micaela",,,,,njs092000,noah sasson,Introduction to Psychology 
PSY,2301,0W2,,63,24,15,16,3,2,2,1,,,1,,,,,,0,"Brody, Salena M","Sanchez, Patricia Monique",,,,,smb051000,salena brody,Introduction to Psychology 
PSY,2301,1,11,15,15,17,12,12,8,8,7,2,3,3,12,,,,,3,"Atchison, Kristin J","Brown, Tracy",,,,,kja042000,kristin atchison,Introduction to Psychology 
PSY,2301,2,,60,28,14,8,5,1,1,2,1,,,7,,,,,1,"Brody, Salena M","Hafiz, Mariam",,,,,smb051000,salena brody,Introduction to Psychology 
PSY,2314,1,3,14,14,12,17,5,12,9,4,4,8,2,6,,,,,2,"Atchison, Kristin J","Brown, Tracy",,,,,kja042000,kristin atchison,Lifespan Development 
PSY,2317,1,6,6,9,9,4,2,4,2,5,2,3,1,12,,,,,3,"Atchison, Kristin J","Knoch, Desiree'",,,,,kja042000,kristin atchison,Statistics for Psychology 
PSY,2317,0W1,,50,19,6,7,,2,,,,1,,3,,,,,0,"Fearon, Danielle","Platt, Kristen N",,,,,dxf220005,danielle fearon,Statistics for Psychology 
PSY,3100,1,7,7,,,,,,,,,,,,,,,,0,"Krawietz, Paul",,,,,,pxk210042,,Careers in Psychology 
PSY,3310,0W1,,90,,,13,,,3,,,,,,,,,,0,"Bonner, Deborah","Gholap, Neha P",,,,,dbonner,deborah bonner,Child Development 
PSY,3310,1,7,29,10,16,20,13,12,6,4,1,,1,2,,,,,1,"Nelson Taylor, Jackie A","Heinrich, Melissa D",,,,,jan110030,jackie nelson,Child Development 
PSY,3331,0W1,12,11,7,11,8,7,,4,3,1,,,1,,,,,1,"Park, Bo Kyung","Hsieh, Uan-Luen",,,,,bxp200011,bo kyung park,Social Psychology 
PSY,3331,1,4,7,5,6,7,7,5,10,9,,6,3,16,,,,1,7,"Kane, Heidi S","Han, Eun Jin",,,,,hsk140330,heidi kane,Social Psychology 
PSY,3331,2,9,13,19,10,9,7,4,3,1,3,4,,7,,,,,6,"Park, Bo Kyung","Zhu, Yiyi",,,,,bxp200011,bo kyung park,Social Psychology 
PSY,3331,0H1,,49,10,13,16,8,1,8,7,2,2,,10,,,,,3,"Huxtable-Jester, Karen J","Macphail, Donald C",,,,,kxh014900,karen huxtable jester,Social Psychology 
PSY,3332,1,1,7,3,3,8,8,4,9,1,,2,3,5,,,,,2,"Drew, Linda M","Whitley, Melia L",,,,,lmd102020,linda drew,Social and Personality Development 
PSY,3333,1,4,13,15,13,15,11,5,4,4,2,1,,6,,,,,3,"Ybarra, Regina K",,,,,,rky190000,regina ybarra,Approaches to Clinical Psychology 
PSY,3338,1,1,18,17,13,6,10,7,13,2,2,1,1,4,,,,,4,"Tang, Alva","Sierra, Francisco J",,,,,axt220069,alva tang,Adolescence 
PSY,3339,0H1,,18,8,8,11,9,4,13,5,2,1,,8,,,,,4,"Huxtable-Jester, Karen J","Macphail, Donald C",,,,,kxh014900,karen huxtable jester,Educational Psychology 
PSY,3342,501,,36,12,7,2,5,4,1,,,,,,,,,,2,"Bonner, Deborah","Gholap, Neha P",,,,,dbonner,deborah bonner,Exceptional Children 
PSY,3360,1,3,11,22,34,16,15,9,2,1,,1,,4,,,,,5,"Assmann, Peter F","Pattisapu, Candice N",,,,,assmann,peter assmann,Historical Perspectives on Psychology  Mind and Machines since 1600 
PSY,3361,2,6,4,8,7,14,11,13,7,13,2,8,3,8,,,,,4,"Wig, Gagandeep S","Cortez, Jared I",,,,,gsw130130,gagan wig,Cognitive Psychology 
PSY,3361,1,33,32,1,8,15,3,2,7,8,,3,1,,,,,1,0,"Roark, Dana A","Wong, Galston K",,,,,danar,dana roark,Cognitive Psychology 
PSY,3362,1,1,10,2,4,,3,1,,,1,2,,2,,,,,1,"Atchison, Kristin J","Redig, Samantha L",,,,,kja042000,kristin atchison,Cognitive Development 
PSY,3392,0W1,69,33,16,8,8,2,1,1,1,1,,,,,,,,0,"Grant, Meridith G","Latteri, Christopher W",,,,,mga061000,meridith grant,Research Design and Analysis 
PSY,3392,1,6,12,6,4,10,7,3,4,8,3,2,2,11,,,,2,3,"Lockhart, Jessica M","Gryder, Kieth",,,,,jml161330,jessica lockhart,Research Design and Analysis 
PSY,3393,0W1,2,9,9,,2,1,,,,,,,,,,,,0,"Shirvani, Forouz","Leung, Carole",,,,,fxk024000,forouz shirvani,Experimental Projects in Psychology 
PSY,3393,0W2,1,4,10,4,,2,2,,,,,,,,,,,1,"Shirvani, Forouz","Leung, Carole",,,,,fxk024000,forouz shirvani,Experimental Projects in Psychology 
PSY,3393,1,,6,,1,1,,,1,1,,2,,2,,,,2,3,"Dowling, Walter J","Holmes, Melanie C",,,,,jdowling,walter j dowling,Experimental Projects in Psychology 
PSY,3393,3,6,1,2,1,,1,,1,,,1,,3,,,,,3,"Lockhart, Jessica M","Lilly, Lauren H",,,,,jml161330,jessica lockhart,Experimental Projects in Psychology 
PSY,3393,501,,11,1,,1,2,,,,1,,2,2,,,,1,0,"Tillman, Gail D",,,,,,gtillman,gail tillman,Experimental Projects in Psychology 
PSY,3393,2,,9,6,3,1,2,,,,,,,1,,,,,0,"Fearon, Danielle","Jones, Desiree",,,,,dxf220005,danielle fearon,Experimental Projects in Psychology 
PSY,3393,4,,13,9,,1,,,,,,,,,,,,,0,"Fearon, Danielle","Jones, Desiree",,,,,dxf220005,danielle fearon,Experimental Projects in Psychology 
PSY,3393,5,,5,4,4,4,3,,2,,,,,1,,,,,0,"Ybarra, Regina K","Carrico, Sara M",,,,,rky190000,regina ybarra,Experimental Projects in Psychology 
PSY,4320,1,5,4,2,6,1,4,4,,2,,,,4,,,,,4,"Krawczyk, Daniel C",,,,,,dck061000,daniel krawczyk,Psychology of Reasoning 
PSY,4323,1,,7,8,7,5,1,7,5,2,,2,,1,,,,,3,"Park, Jiyoung",,,,,,jxp176330,jiyoung park,Cultural Diversity and Psychology 
PSY,4324,1,3,15,4,2,2,,1,3,,,,,,,,,,1,"Brody, Salena M",,,,,,smb051000,salena brody,The Psychology of Prejudice 
PSY,4326,1,4,6,4,,4,,,2,,,,,1,,,,,0,"Kent, Jerillyn",,,,,,jxk210033,jerillyn kent,Clinical Psychological Science 
PSY,4328,1,1,4,5,2,9,,7,4,5,1,,,3,,,,1,1,"Kane, Heidi S",,,,,,hsk140330,heidi kane,Health Psychology 
PSY,4331,1,5,11,5,5,9,1,4,1,1,2,,,2,,,,,0,"Poucher, Jesse W",,,,,,jwp082000,jesse poucher,Personality 
PSY,4343,HN1,8,15,2,,,,,,,,,,,,,,,0,"Devdas, Neetha R",,,,,,nrd120030,neetha devdas,Abnormal Psychology 
PSY,4343,1,4,27,23,9,10,5,3,4,1,2,,1,4,,,,,0,"Ybarra, Regina K","Gu, Pan",,,,,rky190000,regina ybarra,Abnormal Psychology 
PSY,4343,2,3,25,16,12,12,10,3,6,,1,1,,2,,,,,3,"Ybarra, Regina K","Gu, Pan",,,,,rky190000,regina ybarra,Abnormal Psychology 
PSY,4343,0W1,,29,23,25,26,21,12,12,5,2,,3,4,,,,1,5,"Pinkham, Amy E","Kulkarni, Maitreyee",,,,,aep140430,amy pinkham,Abnormal Psychology 
PSY,4344,1,,21,14,5,12,4,3,7,1,1,2,2,,,,,,0,"Hunsley, Jana",,,,,,jxh220032,jana hunsley,Child Psychopathology 
PSY,4346,0W1,95,28,6,7,2,3,,,1,,,1,2,,,,1,0,"Boynton, Catherine",,,,,,cxb120030,catherine boynton,Human Sexuality 
PSY,4352,1,1,6,5,4,4,2,1,1,,2,,,2,,,,,0,"Drew, Linda M",,,,,,lmd102020,linda drew,Emerging Adulthood Development 
PSY,4359,1,2,2,5,8,4,4,2,2,2,,,1,2,,,,,2,"Natu, Vaidehi S","Skolasinska, Paulina A",,,,,vsn061000,vaidehi natu,Cognitive Neuroscience 
PSY,4365,1,,24,,,9,,,1,,,2,,3,,,,,0,"Dowling, Walter J",,,,,,jdowling,walter j dowling,Psychology of Music 
PSY,4372,1,33,12,2,,,,,,,,,,,,,,,1,"Compton, Kristi L",,,,,,klc130130,kristi compton,Forensic Psychology 
PSY,4385,1,,10,,,9,1,,3,,,1,,2,,,,,1,"Filbey, Francesca M",,,,,,fxf013100,francesca filbey,Neuropsychology 
PSY,4386,1,1,2,1,3,6,5,4,3,1,1,2,,,,,,,2,"Basak, Chandramallika",,,,,,cxb116130,chandramallika basak,Adult Development and Aging 
PSY,4V90,1,,,4,1,2,4,,,,,,1,1,,,,,1,"Lee, Yune S",,,,,,ysl200000,,Special Topics in Psychology 
PSYC,6313,1,,6,3,1,,,,,,,,,,,,,,0,"Fearon, Danielle","Behboudi, Mohammad Hossein",,,,,dxf220005,danielle fearon,Research Methods in Behavioral and Brain Sciences - Part II 
PSYC,6352,1,,34,7,4,,2,1,1,,,,,,,,,,1,"Krawczyk, Daniel C",,,,,,dck061000,daniel krawczyk,Cognitive Psychology Essentials for Cyber Security 
REAL,3305,1,,1,2,1,,,1,1,2,2,,2,2,,,,,1,"Guttery, Randall",,,,,,rxg112530,randall guttery,Real Estate Principles 
REAL,3305,2,,1,,,1,4,4,1,1,,1,2,4,,,,,2,"Guttery, Randall",,,,,,rxg112530,randall guttery,Real Estate Principles 
REAL,6321,5H1,,1,1,3,1,3,1,2,,,,,1,,,,,0,"Guttery, Randall",,,,,,rxg112530,randall guttery,Introduction to Real Estate 
REAL,6322,0W1,,6,,3,2,,,,,,,,,,,,,2,"DeCourcy, George A",,,,,,gad075000,george decourcy,Real Estate Finance and Investment 
RELS,2316,1,2,9,1,2,,,1,,1,,,,,,,,,0,"Hering, Megan G",,,,,,mlg105020,megan gray,Introduction to Christianity 
RELS,3351,1,3,6,,3,1,,,1,,,,,,,,,,0,"Anjum, Zafar",,,,,,zxa110730,zafar anjum,Introduction to Islamic Culture 
RHET,1302,1,2,4,3,3,,,,1,,,,,1,,,,,2,"Cantrell-Sutor, Jennifer D",,,,,,jdc180002,jennifer cantrell sutor,Rhetoric 
RHET,1302,3,,1,1,,1,3,,,1,,,1,7,,,,,1,"Siddiqui, Rifat R",,,,,,rrs210003,rifat siddiqui,Rhetoric 
RHET,1302,5,,1,2,1,2,3,1,,2,,,,2,,,,,2,"Cates, Rosemond T",,,,,,rtc210000,rosemond cates,Rhetoric 
RHET,1302,7,1,3,,1,3,,1,1,,1,1,1,3,,,,,0,"Shabir, Junaid S",,,,,,jss220000,junaid shabir,Rhetoric 
RHET,1302,8,,5,1,1,1,2,,,,,,1,3,,,,,2,"Alhamoudi, Yousef",,,,,,yxa190000,yousef alhamoudi,Rhetoric 
RHET,1302,11,2,1,1,1,,1,2,,1,,,1,5,,,,,1,"Alhamoudi, Yousef",,,,,,yxa190000,yousef alhamoudi,Rhetoric 
RHET,1302,13,1,3,,,3,1,2,1,1,,,,4,,,,,0,"Feiz, Manzar",,,,,,mxf220012,manzar feiz,Rhetoric 
RHET,1302,14,2,6,2,4,2,,,,,,,,,,,,,0,"Morgan, George D",,,,,,gdm190002,george morgan,Rhetoric 
RHET,1302,15,4,2,1,3,1,1,,,1,,,,3,,,,,0,"Griffin, Janna L",,,,,,jlg130030,janna griffin,Rhetoric 
RHET,1302,16,,1,,1,,1,,1,2,,,,9,,,,,1,"Feiz, Manzar",,,,,,mxf220012,manzar feiz,Rhetoric 
RHET,1302,17,3,4,1,1,3,1,,,1,,,1,1,,,,,0,"Sahota, Kiran B",,,,,,kbs220000,kiran sahota,Rhetoric 
RHET,1302,18,3,3,,3,,1,,,,,,,6,,,,,0,"Griffin, Janna L",,,,,,jlg130030,janna griffin,Rhetoric 
RHET,1302,19,5,2,2,3,2,,,,,,,,1,,,,,1,"Sahota, Kiran B",,,,,,kbs220000,kiran sahota,Rhetoric 
RHET,1302,20,3,3,1,,1,2,,2,,1,,,3,,,,,0,"Ham, Jeeah",,,,,,jxh220004,jeeah ham,Rhetoric 
RHET,1302,22,6,,1,2,1,1,2,,,,,1,2,,,,,0,"Hill, Justin T",,,,,,jth190008,justin hill,Rhetoric 
RHET,1302,28,,10,2,,1,1,,,,,1,,,,,,,1,"Al-Rashid, Entidhar H",,,,,,eha170000,entidhar al rashid,Rhetoric 
RHET,1302,29,,3,,2,1,,,,2,1,1,1,3,,,,,2,"Yu, Katherine",,,,,,kxy210004,katherine yu,Rhetoric 
RHET,1302,31,,1,1,1,,3,,,1,2,,,3,,,,,4,"Yu, Katherine",,,,,,kxy210004,katherine yu,Rhetoric 
RHET,1302,32,,8,5,1,1,1,,,,,,,,,,,,0,"Mathur, Shivika",,,,,,sxm170012,shivika mathur,Rhetoric 
RHET,1302,35,,10,2,1,1,1,,,,,,,1,,,,,0,"Alsuhayyan, Ahmed",,,,,,axa175431,,Rhetoric 
RHET,1302,36,2,3,7,1,1,,,,,,1,,1,,,,,0,"Morgan, George D",,,,,,gdm190002,george morgan,Rhetoric 
RHET,1302,38,1,2,,1,1,1,3,1,,,,1,3,,,,,2,"Cakerice, John H",,,,,,jhc150430,john cakerice,Rhetoric 
RHET,1302,40,2,7,1,3,,,,,,1,,,1,,,,,1,"Anwesha, Swati",,,,,,sax210000,swati anwesha,Rhetoric 
RHET,1302,42,13,2,,,1,,,,,,,,,,,,,0,"Alem, Hosanna G",,,,,,hga140130,hosanna alem,Rhetoric 
RHET,1302,501,3,7,3,1,,,,,,,,1,1,,,,,0,"Balasa, Alexandra",,,,,,axb177630,alexandra balasa,Rhetoric 
RHET,1302,0H7,1,3,,1,3,,,1,2,,1,1,,,,,,3,"Brandow, Carmon",,,,,,cxb190000,carmon brandow,Rhetoric 
RHET,1302,9,,8,2,2,1,,,,,,,,1,,,,,5,"Aday, Isaac J",,,,,,ija180000,isaac aday,Rhetoric 
RHET,1302,26,1,9,3,4,1,1,,,,,,,,,,,,0,"Burghelea, Clara I",,,,,,cib220000,clara burghelea,Rhetoric 
RHET,1302,30,,11,4,2,,,,2,,,,,,,,,,0,"Al-Rashid, Entidhar H",,,,,,eha170000,entidhar al rashid,Rhetoric 
RHET,1302,33,2,8,2,2,,2,,,,,,2,,,,,,1,"Alsuhayyan, Ahmed",,,,,,axa175431,,Rhetoric 
RHET,1302,34,,3,5,2,2,2,,1,,1,,,3,,,,,0,"Mathur, Shivika",,,,,,sxm170012,shivika mathur,Rhetoric 
RHET,1302,37,11,1,,3,,,2,,,,,,2,,,,,0,"Laskey, Patrick J","King, Carie S",,,,,pjl190000,,Rhetoric 
RHET,1302,41,8,8,,1,1,,,,,,,,,,,,,1,"Alem, Hosanna G",,,,,,hga140130,hosanna alem,Rhetoric 
RHET,1302,0H3,5,7,2,3,,,,,1,,,,,,,,1,0,"Johnson, Kevin W",,,,,,kwj170030,kevin johnson,Rhetoric 
RHET,1302,44,,3,5,1,,,,1,,,,,4,,,,,0,"Nusrat, Masrufa A",,,,,,man220000,masrufa nusrat,Rhetoric 
RHET,1302,2,,,1,,2,,2,,,1,,,6,,,,,3,"Cates, Rosemond T",,,,,,rtc210000,rosemond cates,Rhetoric 
RHET,1302,4,3,5,3,2,,,,,,,1,,1,,,,,0,"Cantrell-Sutor, Jennifer D",,,,,,jdc180002,jennifer cantrell sutor,Rhetoric 
RHET,1302,6,,2,5,2,2,,,,,,1,,1,,,,,2,"Siddiqui, Rifat R",,,,,,rrs210003,rifat siddiqui,Rhetoric 
RHET,1302,10,,2,,3,2,,,,,,1,1,4,,,,,2,"Shabir, Junaid S",,,,,,jss220000,junaid shabir,Rhetoric 
RHET,1302,21,6,2,2,,,,,2,,,,,2,,,,,1,"Ham, Jeeah",,,,,,jxh220004,jeeah ham,Rhetoric 
RHET,1302,24,,2,1,,2,1,,,,,,,6,,,,,3,"Cakerice, John H",,,,,,jhc150430,john cakerice,Rhetoric 
RHET,1302,27,2,4,6,,3,,,,,,,,,,,,,0,"Treat, Richard D",,,,,,rdt210000,richard treat,Rhetoric 
RHET,1302,39,6,6,2,,1,,,,,,,,,,,,,0,"Anwesha, Swati",,,,,,sax210000,swati anwesha,Rhetoric 
RHET,1302,43,,,3,2,2,2,,1,,1,1,,2,,,,,1,"Nusrat, Masrufa A",,,,,,man220000,masrufa nusrat,Rhetoric 
RHET,1302,0H9,2,5,2,,1,1,2,2,,,,,,,,,,0,"Brandow, Carmon",,,,,,cxb190000,carmon brandow,Rhetoric 
RHET,1302,25,1,5,5,5,,,,,,,,,,,,,,1,"Burghelea, Clara I",,,,,,cib220000,clara burghelea,Rhetoric 
RHET,1302,45,10,2,1,,,,,,,,,,3,,,,,1,"Balasa, Alexandra",,,,,,axb177630,alexandra balasa,Rhetoric 
RHET,1302,0H4,,2,2,6,1,2,1,1,,,,,2,,,,,0,"Cranfill, Jennifer E",,,,,,jec090020,jennifer cranfill,Rhetoric 
RHET,1302,12,,8,3,,3,,,1,,,,,,,,,,3,"Aday, Isaac J",,,,,,ija180000,isaac aday,Rhetoric 
RHET,1302,23,11,5,,1,,,,,,,,,1,,,,,0,"Hill, Justin T",,,,,,jth190008,justin hill,Rhetoric 
RHET,1302,0H1,3,5,6,,,,,1,,,,,2,,,,1,0,"Johnson, Kevin W",,,,,,kwj170030,kevin johnson,Rhetoric 
RHET,1302,0H2,,2,3,3,2,1,,2,,,,,4,,,,,1,"Cranfill, Jennifer E",,,,,,jec090020,jennifer cranfill,Rhetoric 
RHET,1302,0H8,3,2,2,1,,2,1,,,1,2,1,2,,,,,1,"Laskey, Patrick J",,,,,,pjl190000,,Rhetoric 
RHET,2302,0H1,5,5,4,2,3,,,,,,,,1,,,,,0,"Montgomery, Christina F",,,,,,cxm190022,christina montgomery,Intermediate Composition and Rhetoric 
RHET,2302,0H2,9,4,2,1,2,,1,,,,,,1,,,,,1,"Montgomery, Christina F",,,,,,cxm190022,christina montgomery,Intermediate Composition and Rhetoric 
RMIS,3370,2,2,1,3,1,2,1,,,,,,,,,,,,0,"Haynes, Steven",,,,,,sxh102420,steven haynes,Principles of Risk Management and Insurance 
RMIS,3370,1,1,,,,,4,1,1,,1,,,2,,,,,0,"Kaplan, Larry S",,,,,,lsk140130,larry kaplan,Principles of Risk Management and Insurance 
RMIS,4332,1,,2,3,9,10,7,1,,2,,,,,,,,,0,"Haynes, Steven",,,,,,sxh102420,steven haynes,Commercial Property Risk Management and Insurance 
RMIS,4333,1,,2,4,2,,1,,1,1,,,,,,,,,0,"Haynes, Steven",,,,,,sxh102420,steven haynes,Enterprise Risk Management 
RMIS,4338,1,,6,4,4,5,3,,,,,,,1,,,,,0,"Haynes, Steven",,,,,,sxh102420,steven haynes,Foundations of Risk Analytics and Applications 
SE,2340,4,,1,2,1,,,1,,,,4,,,,,,,1,"Nguyen, Nhut",,,,,,nhutnn,nhut nguyen,Computer Architecture 
SE,2340,5,,1,1,1,1,,,,,,,,2,,,,1,4,"Cole, John P","Perry, Jonathan J",,,,,jxc064000,john cole,Computer Architecture 
SE,3162,92,7,1,1,,,,,,,,1,,,,,,,0,"Debroy, Vidroha",,,,,,vxd024000,vidroha debroy,Professional Responsibility in Computer Science and Software Engineering 
SE,3162,91,7,2,,,,,,,1,,,,,,,,,1,"Debroy, Vidroha",,,,,,vxd024000,vidroha debroy,Professional Responsibility in Computer Science and Software Engineering 
SE,3162,52,6,3,,,,1,,,,1,1,,,,,,,0,"Debroy, Vidroha",,,,,,vxd024000,vidroha debroy,Professional Responsibility in Computer Science and Software Engineering 
SE,3306,1,33,35,1,,,,,,,,,,2,,,,,1,"Farage, Timothy P",,,,,,tfarage,timothy farage,Mathematical Foundations of Software Engineering 
SE,3341,2,2,1,2,,3,1,3,1,,,,2,,,,,,0,"Lutz, Kevin C","Li, Jiacheng",,,,,kcl170000,kevin lutz,Probability and Statistics in Computer Science and Software Engineering 
SE,3341,3,3,1,2,5,6,1,,3,1,,,1,2,,,,,0,"Lutz, Kevin C","Kaluduwage, Madhavi Dilshani Anuruddhika F",,,,,kcl170000,kevin lutz,Probability and Statistics in Computer Science and Software Engineering 
SE,3341,4,1,2,1,1,2,2,2,1,,1,,,4,,,,,0,"Guo, Huizhen","Anjum, Sharaf",,,,,hxg190020,huizhen guo,Probability and Statistics in Computer Science and Software Engineering 
SE,3341,1,4,2,5,1,2,1,1,1,1,1,,,1,,,,,0,"Jiang, Shengjie","Tong, Ran",,,,,sxj220069,shengjie jiang,Probability and Statistics in Computer Science and Software Engineering 
SE,3345,502,2,2,4,1,,,,1,,,,,,,,,,0,"Khan, Kamran Z","Wang, Guanghua","Kamal, Minhas",,,,kkhan,ziaullah khan,Data Structures and Introduction to Algorithmic Analysis 
SE,3345,503,1,3,1,,,1,,1,,,2,,,,,,,1,"Mohamed, Omar","Omidi, Zahra",,,,,oxh210004,omar hamdy,Data Structures and Introduction to Algorithmic Analysis 
SE,3345,5,1,3,,3,,,2,,,1,,,,,,,,0,"Feng, Ranran",,,,,,rxf090020,ranran feng,Data Structures and Introduction to Algorithmic Analysis 
SE,3345,7,,4,,,4,,,,,,3,,1,,,,,0,"Belkoura, Mohamed Amine",,,,,,mxb135330,mohamed amine belkoura,Data Structures and Introduction to Algorithmic Analysis 
SE,3354,5,7,1,,1,,1,,,,,1,,,,,,,0,"Peterson, Erik A",,,,,,eap190004,erik peterson,Software Engineering 
SE,3354,501,1,1,5,,,,,1,1,2,,,,,,,,0,"Christiansen, Michael G",,,,,,mgc013000,michael christiansen,Software Engineering 
SE,3354,502,,2,2,1,4,2,1,1,,,,,,,,,,0,"Christiansen, Michael G",,,,,,mgc013000,michael christiansen,Software Engineering 
SE,3354,1,1,,,,3,4,,,,,2,,,,,,,0,"Paulk, Mark C",,,,,,mcp130030,mark paulk,Software Engineering 
SE,3354,4,3,,1,2,4,1,1,1,,,,,,,,,,0,"Nouroz Borazjany, Mehra",,,,,,mxn143230,mehra borazjany,Software Engineering 
SE,3377,503,,2,,2,2,,2,1,,,,,,,,,,1,"Belkoura, Mohamed Amine",,,,,,mxb135330,mohamed amine belkoura,Systems Programming in UNIX and Other Environments 
SE,3377,3,1,2,,1,2,3,,1,,,,,1,,,,,0,"Veerasamy, Jeyakesavan",,,,,,veerasam,jeyakesavan veerasamy,Systems Programming in UNIX and Other Environments 
SE,3377,2,4,6,2,,1,,,,,,1,,1,,,,,0,"Dollinger, Scott M",,,,,,smd013000,scott dollinger,Systems Programming in UNIX and Other Environments 
SE,4347,1,5,3,1,,1,,,,,,,,,,,,,0,"Becker, Eric W","Birsan, Vlad I",,,,,ewb160130,eric becker,Database Systems 
SE,4347,2,,1,3,2,1,1,1,,1,,,,,,,,,0,"Yuruk, Nurcan",,,,,,nxy140530,nurcan yuruk,Database Systems 
SE,4347,3,3,5,1,1,,,,,,,,,,,,,,0,"Becker, Eric W","Birsan, Vlad I",,,,,ewb160130,eric becker,Database Systems 
SE,4347,4,,2,2,1,3,,1,1,,,1,,,,,,,0,"Kumar, Pushpa S","Birashk, Amin",,,,,pkumar,pushpa kumar,Database Systems 
SE,4348,4,2,2,2,2,1,,,,,,,,,,,,,1,"Salazar, Elmer E","Dakshit, Sristi",,,,,ees101020,elmer salazar,Operating Systems Concepts 
SE,4348,501,,2,1,1,1,,,1,3,,,2,,,,,,0,"Ozbirn, Greg A","Bin Munir, Muhaimin","Pallapothula, Likhitha",,,,ozbirn,greg ozbirn,Operating Systems Concepts 
SE,4348,3,1,1,4,2,1,,1,,,,,,,,,,,0,"Salazar, Elmer E","Dakshit, Sristi","Mahmud, Saif Uddin",,,,ees101020,elmer salazar,Operating Systems Concepts 
SE,4351,1,9,38,18,5,5,2,1,,1,,,,,,,,,0,"Smith, Klyne","Hsu, Chih-Wei","Yasmeen, Arowa",,,,kxs180052,klyne smith,Requirements Engineering 
SE,4352,1,7,10,9,6,11,9,3,3,2,1,1,1,1,,,,2,1,"Christiansen, Michael G","Kolluri, Kirthy",,,,,mgc013000,michael christiansen,Software Architecture and Design 
SE,4367,1,17,24,,9,17,1,,3,,,,,3,,,,,1,"Yang, Wei","Chen, Simin",,,,,wxy180002,wei yang,Software Testing  Verification  Validation and Quality Assurance 
SE,4381,2,5,31,15,16,18,9,6,2,,1,1,,,,,,,0,"Paulk, Mark C","Alsarra, Sultan M",,,,,mcp130030,mark paulk,Software Project Planning and Management 
SE,4381,1,8,49,19,11,11,6,1,1,1,,1,,1,,,,,0,"Smith, Klyne","Liu, Ximeng","Zhou, Yisheng",,,,kxs180052,klyne smith,Software Project Planning and Management 
SE,4485,1,,77,,,,,,,,,,,,,,,,0,"Wong, Weichen E","Li, Dongcheng","Hsu, Chih-Wei","Chen, Zizhao",,,wew021000,weichen wong,Software Engineering Project 
SE,6361,1,,2,6,1,1,,,,,,,,,,,,,0,"Chung, Lawrence","Kolluri, Kirthy",,,,,chung,lawrence chung,Advanced Requirements Engineering 
SE,6362,M01,,9,2,1,,,,,,,,,,,,,,0,"Paulk, Mark C",,,,,,mcp130030,mark paulk,
SE,6387,1,,13,,,,,,,,,,,,,,,,0,"Zalila-Wenkstern, Rym",,,,,,rmili,rym zalila wenkstern,Advanced Software Engineering Project 
SMED,5304,501,,8,1,,1,,,,,,,,,,,,,0,"Urquhart, Mary L","Taylor, Stephanie M",,,,,smt031000,stephanie taylor,Research Methods in Science and Mathematics 
SOC,1301,1,27,1,2,4,,,3,,1,1,1,,,,,,,0,"Asfaw, Sirak",,,,,,sxa154930,,Introduction to Sociology 
SOC,1301,HN1,12,6,3,1,,,,,1,,,,,,,,,0,"Lanham, Carol C",,,,,,ccl054000,carol lanham,Introduction to Sociology 
SOC,1301,0W1,47,12,1,1,5,1,,3,,,,,1,,,,,3,"Dickey, Galen L","Elsafadi, Hoda O",,,,,gld190001,galen dickey laprocido,Introduction to Sociology 
SOC,2300,1,,9,3,3,8,2,,,,2,1,,4,,,,,0,"Werhnyak, Larissa",,,,,,lxw163630,larissa werhnyak,Introduction to Gender Studies 
SOC,2305,0W1,22,15,2,5,2,6,1,1,2,,2,1,,,,,,0,"Haque, Mohammed S",,,,,,msh180003,,Individual and Society 
SOC,3303,1,6,9,7,1,4,2,2,2,,,,,1,,,,2,0,"Lanham, Carol C",,,,,,ccl054000,carol lanham,Classical Social Theory 
SOC,3325,0W1,55,3,1,4,2,,,3,,,,,,,,,,0,"Asfaw, Sirak",,,,,,sxa154930,,Race and Ethnicity 
SOC,3363,1,1,2,3,1,8,1,4,3,,1,,,4,,,,,5,"Gavigan, Brenda B","Elsafadi, Hoda O",,,,,bxg210008,brenda gambol,Immigrants and Immigration in U S  Society 
SOC,3379,1,,16,,,3,,,1,,,,,,,,,,0,"Cline, Ravin R",,,,,,rrc170001,ravin cline,Diversity in the Public Sector 
SOC,4306,1,2,5,1,4,1,,1,,,,,,,,,,,1,"Skaggs, Sheryl L","Elsafadi, Hoda O",,,,,slskaggs,sheryl skaggs,Advanced Sociological Research 
SOC,4369,1,36,2,,,1,,,,,,,,1,,,,,0,"Dickey, Galen L",,,,,,gld190001,galen dickey laprocido,Public Health and Society 
SOC,4371,1,21,18,4,1,2,,,,,,,,,,,,,1,"Dickey, Galen L","Elsafadi, Hoda O",,,,,gld190001,galen dickey laprocido,Mental Health and Illness 
SOC,4372,0W1,62,16,6,3,,,,,2,,,,1,,,,,2,"Dickey, Galen L","Elsafadi, Hoda O",,,,,gld190001,galen dickey laprocido,Health and Illness 
SOC,4385,HN1,1,4,5,,,,,,,,,,,,,,,0,"Kim, Dohyeong","Hahm, Kristine J",,,,,dxk132530,dohyeong kim,Global Health and Society 
SOC,4396,0W1,102,24,5,7,3,3,8,3,1,,,1,5,,,,,1,"Maxwell, Sarah P",,,,,,spm092000,sarah maxwell,Selected Topics in Sociology 
SOC,6315,0W1,,6,3,1,,,,,,,,,,,,,,0,"Harrington, James","Parker, Kayla M",,,,,jxh134630,james harrington,Evaluating Program and Organizational Performance 
SPAN,1311,1,7,5,6,1,1,,,,,,,,2,,1,,,0,"Mooney, Angela",,,,,,axm220217,angela mooney,Beginning Spanish I 
SPAN,1312,1,10,3,3,,,,,,,,,,2,,,,,0,"Mooney, Angela",,,,,,axm220217,angela mooney,Beginning Spanish II 
SPAN,2311,1,9,3,,,,,,,,,,,2,,,,,1,"Mooney, Angela",,,,,,axm220217,angela mooney,Intermediate Spanish I 
SPAN,2312,1,8,5,1,2,,,,,,,,,1,,,,,0,"Camacho Guardado, Amalia Lorena",,,,,,lxc163230,amalia lorena camacho guardardo,Intermediate Spanish II 
SPAN,3311,1,11,6,2,2,,,,,,,,,,,,,,1,"Camacho Guardado, Amalia Lorena",,,,,,lxc163230,amalia lorena camacho guardardo,Advanced Spanish I 
SPAN,3312,1,6,7,4,1,,,,1,,,,,,,,,,0,"Camacho Guardado, Amalia Lorena",,,,,,lxc163230,amalia lorena camacho guardardo,Advanced Spanish II 
SPAN,3350,1,15,1,2,,,,,,,,,,2,,,,,0,"Mooney, Angela",,,,,,axm220217,angela mooney,Business Spanish 
SPAN,4364,1,6,1,1,,,1,1,2,1,,,,1,,,,,0,"Camacho Guardado, Amalia Lorena",,,,,,lxc163230,amalia lorena camacho guardardo,Advanced Spanish Culture 
SPAU,3301,1,28,35,3,2,2,,,,,,,,,,,,,0,"Aldridge, Michelle A",,,,,,aldridge,michelle aldridge,Communication Disorders 
SPAU,3303,1,6,16,,1,10,1,7,7,2,1,1,,5,,,,,2,"Maguire, Mandy J","Thomas, Abbey L",,,,,mjm053000,mandy maguire,Normal Language Development 
SPAU,3304,1,6,10,6,9,12,5,2,6,3,1,2,1,1,,,,,1,"Walsh, Diane G","Mosley, Cornetta","Qi, Shuang","Zang, Andie L",,,dxg022000,diane walsh,Communication Sciences 
SPAU,3304,2,2,7,1,4,5,4,2,4,,,,,1,,,,,1,"Mosley, Cornetta","Walsh, Diane G","Qi, Shuang","Zang, Andie L",,,cxm220030,cornetta mosley,Communication Sciences 
SPAU,3305,1,,28,,,9,,,2,,,,,,,,,,0,"Touchstone, Emily W","Quintero-Flores, Natalie B",,,,,exw010200,emily touchstone,Language and Literacy Development 
SPAU,3340,1,,58,,,6,,,1,,,,,1,,,,,0,"Neale, Hannah D",,,,,,hxp121030,hannah pourchot neale,Articulation Disorders 
SPAU,3341,2,5,7,5,9,4,6,2,,,,,,,,,,,0,"Jahn, Kelly N","Trevino, Monica",,,,,kxj210014,,Audiology 
SPAU,3342,501,,8,2,2,2,,,,,,,,,,,,,0,"Bonner, Deborah","Gholap, Neha P",,,,,dbonner,deborah bonner,Exceptional Children 
SPAU,3343,1,4,5,2,1,1,1,,1,,,,,,,,,1,1,"Katz, William F",,,,,,wkatz,william katz,Phonetics and Phonology 
SPAU,3344,1,,1,,4,4,1,,,,1,,,,,,,,1,"Klimkowski, Hillary E",,,,,,hxd121330,hillary klimkowski,Anatomy and Physiology of Speech and Hearing 
SPAU,3345,1,5,5,4,6,3,3,2,2,1,3,1,,4,,,,,2,"Walsh, Diane G",,,,,,dxg022000,diane walsh,Neural Basis of Communication 
SPAU,4308,1,,50,,,8,,,3,,,,,,,,,,1,"Touchstone, Emily W",,,,,,exw010200,emily touchstone,Language Disorders in Children 
SPAU,4386,1,1,,2,,,5,1,1,2,,,,1,,,,,0,"Basak, Chandramallika",,,,,,cxb116130,chandramallika basak,Adult Development and Aging 
SPAU,4394,1,13,8,1,2,2,,,1,1,1,,,1,,,,,0,"Klimkowski, Hillary E",,,,,,hxd121330,hillary klimkowski,Multicultural Aspects of Communication Disorders 
STAT,1342,1,16,3,3,5,6,2,7,8,4,,1,3,9,,,,,7,"Koshevnik, Yuly","Gammune, Dona Hasini V",,,,,yxk055000,yuly koshevnik,Statistical Decision Making 
STAT,2332,5,8,19,6,3,3,2,6,,,1,,,,,,,,1,"Wu, Yunan","Brakefield, Bryn M",,,,,yxw200032,yunan wu,Introductory Statistics for Life Sciences 
STAT,2332,6,15,8,5,5,4,1,,2,2,,2,,3,,,,,2,"Jiang, Shengjie","Uddin, Mohammad Afser",,,,,sxj220069,shengjie jiang,Introductory Statistics for Life Sciences 
STAT,2332,3,20,12,6,5,5,,,,1,1,,,,,,,,1,"Estacio-Hiroms, Kemelli","Wang, Tingfang",,,,,kxe160930,kemelli estacio hiroms,Introductory Statistics for Life Sciences 
STAT,2332,1,,8,5,4,2,3,7,1,1,1,2,,3,,1,,,0,"Guo, Huizhen","Feng, Xin",,,,,hxg190020,huizhen guo,Introductory Statistics for Life Sciences 
STAT,2332,2,11,3,3,3,5,4,2,3,4,1,,2,1,,,,,0,"Jiang, Shengjie","Jahan, Mahmuda",,,,,sxj220069,shengjie jiang,Introductory Statistics for Life Sciences 
STAT,2332,4,4,10,5,4,7,5,2,2,3,,,,3,,,,,0,"Guo, Huizhen","Yang, Jie",,,,,hxg190020,huizhen guo,Introductory Statistics for Life Sciences 
STAT,3355,1,15,3,20,5,18,5,12,12,,,3,,4,,,,,4,"Li, Qiwei","Kumara, Mananage Sanjaya M",,,,,qxl190009,qiwei li,Introduction to Data Analysis 
STAT,3360,1,15,13,2,6,5,2,4,,1,,,,1,,,,,1,"Koshevnik, Yuly","Shuvo, Farabi R",,,,,yxk055000,yuly koshevnik,Probability and Statistics for Management and Economics 
STAT,4351,1,5,9,7,4,,6,,3,1,,,,,,,,,1,"Wu, Nan","Kim, Sungbum",,,,,nxw220012,nan wu,Probability 
STAT,4352,501,2,,3,1,1,5,1,,1,,1,,,,,,,0,"Efromovich, Sam","Fuksman, Lirit",,,,,sxe062000,sam efromovich,Mathematical Statistics 
STAT,4352,1,19,10,4,10,5,4,3,4,3,1,,,2,,,,,1,"Wu, Yunan","Kim, Jimi",,,,,yxw200032,yunan wu,Mathematical Statistics 
STAT,4354,1,13,9,8,1,6,1,,2,,1,,,1,,,,,0,"Chiou, Sy Han","Kumara, Mananage Sanjaya M",,,,,sxc172931,sy han steven chiou,Numerical and Statistical Computing 
STAT,4355,1,11,10,6,5,2,1,1,3,,,,,3,,,,,2,"Tang, Chuan-Fa","Kenney, John F",,,,,cxt190011,chuan fa tang,Applied Linear Models 
STAT,4360,1,5,2,2,2,5,3,3,5,2,,1,2,2,,,,,1,"Wang, Jiayi","Wickramasinghe, Wickramasinghe M",,,,,jxw220029,jiayi wang,Introduction to Statistical Learning 
STAT,4382,1,9,12,3,2,5,8,1,2,4,,2,4,3,,,,,0,"Koshevnik, Yuly","Zhao, Kun",,,,,yxk055000,yuly koshevnik,Stochastic Processes 
STAT,4475,1,23,7,1,,,,,,,,,,,,,,,0,"Estacio-Hiroms, Kemelli","Wang, Tingfang",,,,,kxe160930,kemelli estacio hiroms,Capstone Project 
STAT,5352,1,,2,3,4,1,1,,4,,,,,1,,,,,0,"Chandra, Noirrit",,,,,,nxc220031,noirrit chandra,Probability and Statistics II 
STAT,5353,1,,12,2,5,1,2,2,1,,,,,1,,,,,0,"Chiou, Sy Han","Wasala Mudiyanselage, Indrajith K",,,,,sxc172931,sy han steven chiou,Probability and Statistics for Data Science and Bioinformatics 
STAT,6338,1,,9,7,9,2,1,,,,,,,,,,,,0,"Chen, Min","Ruberu, Thanthirige Lakshika M",,,,,mxc136030,min chen,Advanced Statistical Methods II 
STAT,6340,1,,13,2,2,4,7,,,,,,,,,,,,0,"Choudhary, Pankaj K","Wickramasinghe, Wickramasinghe M",,,,,pkc022000,pankaj choudhary,Statistical and Machine Learning 
STAT,6390,1,,11,2,,2,1,,,,,,,,,,,,0,"Choudhary, Pankaj K","Ruberu, Thanthirige Lakshika M",,,,,pkc022000,pankaj choudhary,Topics in Statistics - Level 6 
STAT,7330,1,,4,2,3,1,1,,,,,,,1,,,,,0,"Li, Qiwei",,,,,,qxl190009,qiwei li,Bayesian Data Analysis 
STAT,7336,501,,17,3,1,2,,,,,,,,,,,,,0,"Efromovich, Sam","Fuksman, Lirit",,,,,sxe062000,sam efromovich,Nonparametric Curve Estimation 
SYSM,6302,1,,,1,5,,,2,,,,,,,,,,,2,"Ruths, Justin","Velmurugan, Keerthana",,,,,jxr163730,justin ruths,Dynamics of Complex Networks and Systems 
SYSM,6302,S01,,15,,,,,,,,,,,,,,,,0,"Spong, Mark W",,,,,,mws081000,mark spong,
SYSM,6304,S01,,12,3,3,,,,,,,,,,,,,,0,"Koganti, Ramakrishna",,,,,,rxk190037,ramakrishna koganti,
SYSM,6311,S01,,,11,6,,,,,,,,,,,,,,0,"Hassanzadeh, Nozar",,,,,,nozarh,nozar hassanzadeh,
SYSM,6312,S01,,8,4,,2,,,,,,,,,,,,,0,"Sanderson, Scott R",,,,,,,scott sanderson,
SYSM,6325,501,,9,8,,,,,,,,,,,,,,,0,"Koganti, Ramakrishna",,,,,,rxk190037,,Requirements Design  Development  and Integration for Complex Systems 
SYSM,6V80,1,,9,3,6,1,,1,1,,,,,,,,,,0,"Reynolds, Samuel E",,,,,,ser180002,,Special Topics in Systems Engineering and Management 
THEA,1310,1,25,14,3,,3,2,,1,1,,,,,,,,,0,"Ferguson, Wesley A",,,,,,waf061000,wesley ferguson,Understanding Theatre 
THEA,1310,501,,49,,,,,,,,,,,,,,,,0,"Baig, Maryam",,,,,,baig,maryam baig,Understanding Theatre 
THEA,1310,2,24,17,4,1,,,1,,,,,,,,,,,1,"Ferguson, Wesley A",,,,,,waf061000,wesley ferguson,Understanding Theatre 
THEA,1310,3,40,4,3,,,,,,,,,,,,,,,1,"Hamzeh, Fatemeh",,,,,,fxh210001,fatemeh hamzeh,Understanding Theatre 
THEA,1351,1,7,3,7,,,1,,,,,,,,,,,,1,"Wensel, Laurence L",,,,,,llw180000,laurence wensel,Acting 1 
THEA,2372,1,3,6,3,,,,,,,,,,,,,,,1,"Lingo, Kathy P",,,,,,klingo,kathy lingo,Improvisation 
THEA,2372,2,8,1,1,1,1,1,1,,,,,,,,,,,0,"Lingo, Kathy P",,,,,,klingo,kathy lingo,Improvisation 
THEA,3326,1,2,3,4,,2,,1,,1,,,,1,,,,,0,"Trevino, Christopher L","Saba, Monica M",,,,,clt140330,christopher trevino,Musical Theatre Performance 
THEA,4372,501,3,4,5,1,,1,,,,,,,,,,,,0,"Lingo, Kathy P",,,,,,klingo,kathy lingo,Improvisation III 
UNIV,4074,1,,,,,,,,,,,,,,,32,,,0,"Thomas, John D",,,,,,jdt180001,john thomas,Student Leadership 
UNIV,4074,2,,,,,,,,,,,,,,,20,,,0,"Thomas, John D",,,,,,jdt180001,john thomas,Student Leadership 
UNIV,4074,3,,,,,,,,,,,,,,,27,,,0,"Thomas, John D",,,,,,jdt180001,john thomas,Student Leadership 
UNIV,2V96,1,,,,,,,,,,,,,,,11,,,0,"Jackson, D'Ric A",,,,,,dxj101120,dric jackson,Special Topics I 
VIET,2310,1,6,2,4,6,,,,,,,,,,,,,,0,"Phan, Trong",,,,,,txp230012,trong phan,Vietnamese for Heritage Speakers 
VPAS,3340,2,,4,3,4,2,1,,1,,2,,,2,,,,,0,"Baker, Barbara L",,,,,,blb140430,barbara baker,Writing in the Arts 
VPAS,4389,1,,12,4,,,1,,,,,,,,,,,,0,"Parsoneault, Catherine J",,,,,,cxp160030,catherine parsoneault,Theory and Practice of the Visual and Performing Arts 
VPAS,6330,1,,9,,,1,,,,,,,,,,,,,0,"Randall, Steven",,,,,,svr200001,steven randall,Studies in the Visual Arts 
VPAS,6339,501,,17,,,,,,,,,,,,,,,,0,"Pomara, John J",,,,,,pomara,john pomara,Painting Digital Imaging Video 
VPAS,6373,1,,3,1,2,1,,1,,,,,,1,,,,1,1,"McLean, Adrienne L",,,,,,amclean,adrienne mclean,Studies in Film  Television  and Digital Media 
VPAS,6393,1,,7,3,1,,,,,,,,,,,,,,0,"Kim, Laura H",,,,,,lxh210006,laura hyunjee kim,Creativity  Time-Based Arts Workshop 
VPAS,7360,1,,8,2,,,,1,,,,,,,,,,,0,"Warren, Shilyh J",,,,,,sjw120030,shilyh warren,Advanced Topics in Film  Television  and Digital Media 
