Subject,Catalog Number,Section,A+,A,A-,B+,B,B-,C+,C,C-,D+,D,D-,F,W Total,CR,I,NC,P,Instructor 1,Instructor 2,Instructor 3,Instructor 4,Instructor 5,Instructor 6,instructor_id,instructor_name_normalized,title
EERF,7V89,303,,,,,,,,,,,,,,0,,,,,"Heins, Matthew S",,,,,,msh130130,matthew heins,Special Topics in RF and Microwave Systems 
BMEN,1208,110,2,1,1,,1,,,3,,,,,,2,,,,,"Ardestani Khoubrouy, Soudeh","Jayanand, Kishan",,,,,sxa074200,soudeh khoubrouy,Introduction to Bioengineering II 
BMEN,1208,102,1,,2,1,2,1,1,1,,,,,,1,,,,,"Meyer, Clark A","Ravichandran, Arul Vigneswar",,,,,cam140130,clark meyer,Introduction to Bioengineering II 
SE,6387,MH1,,5,2,2,,,,,,,,,,1,,,,,"Gupta, Neeraj K",,,,,,nkg140130,neeraj gupta,
SE,4348,006,,3,,1,2,,,,2,,,,1,1,,,,,"Alagar, Sridhar","Wang, Huaduo",,,,,sxa173731,sridhar alagar,Operating Systems Concepts 
CHIN,2311,001,3,1,3,1,,,,,1,,,,,1,,,,,"Chen, Bei",,,,,,bxc152730,bei chen,Intermediate Chinese I 
PSCI,4396,HN2,3,3,2,1,,,,,,,,,,0,,,,,"Dow, Douglas C",,,,,,dougdow,douglas dow,Selected Topics in Government and Politics 
STAT,4355,001,,6,2,,,1,,,,,,,,1,,,,,"Ammann, Larry",,,,,,ammann,larry ammann,Applied Linear Models 
EE,3120,105,,7,,,2,,,,,,,,,1,,,,,"Zhou, Dian","Wang, Xianan","Wang, Yifan",,,,zhoud,dian zhou,Digital Circuits Laboratory 
BCOM,3310,5E1,,,1,1,1,1,1,2,1,,,,1,1,,,,,"McCuistion, Dennis",,,,,,dxm094000,dennis mccuistion,Business Communication 
ATCM,6357,001,,4,2,2,1,,,,,,,,,0,,1,,,"Nguyen, Josef D",,,,,,jdn160330,josef nguyen,Virtual Worlds and Communities 
ARTS,3369,001,,8,,,1,,,,,,,,,0,,1,,,"Tady, Lorraine T",,,,,,ltt042000,lorraine tady,Intermediate Painting 
ARTS,3379,501,,5,,,,,,2,,,1,,1,1,,,,,"Rushing, Rachel",,,,,,rxr180038,,Photography  New Media 
MATH,6390,001,,4,2,2,1,,,,,,,,,0,,,,,"Ohsawa, Tomoki",,,,,,txo140730,tomoki ohsawa,Topics in Mathematics - Level 6 
EESC,6353,001,,5,2,,2,1,,,,,,,,0,,,,,"Al-Dhahir, Naofal M","Marzban, Mohamed F",,,,,nxa028000,naofal al dhahir,Broadband Digital Communication 
BMEN,3150,104,5,2,,2,1,,,,,,,,,0,,,,,"Ali, Tariq M","Abraham, Alejandro",,,,,tma051000,tariq ali,Biomedical Engineering Laboratory 
NSC,3344,001,2,2,3,1,1,,,1,,,,,,0,,,,,"Mathew, Betty S","Doli, Evdoxia",,,,,bsm170230,betty mathew,Anatomy and Physiology of Speech and Hearing 
SYSM,6315,501,,1,6,1,1,,1,,,,,,,0,,,,,"Shah, Rajiv",,,,,,rxs079000,rajiv shah,The Entrepreneurial Experience 
ACTS,6303,501,,2,3,4,1,,,,,,,,,0,,,,,"Lu, Wenyi",,,,,,wxl153330,wenyi lu,Theory of Actuarial Models  Life Contingencies II 
EERF,6396,302,,3,3,1,2,1,,,,,,,,0,,,,,"Lehmann, Randall E","Gemsheim, Alex J",,,,,rel041000,randall lehmann,Microwave Design and Measurement 
GEOS,1104,101,,,,,2,,,6,2,,,,,0,,,,,"Pujana, Ignacio","Lee, Jaewook",,,,,pujana,ignacio pujana,History of Earth and Life Laboratory 
EERF,6396,303,,1,1,1,5,1,1,,,,,,,0,,,,,"Lehmann, Randall E","Gemsheim, Alex J",,,,,rel041000,randall lehmann,Microwave Design and Measurement 
HUSL,6378,001,,1,7,1,1,,,,,,,,,0,,,,,"Ozsvath, Zsuzsanna",,,,,,zozsvath,zsuzsanna ozsvath,Literature and the Holocaust 
BMEN,4389,004,1,1,4,2,1,,1,,,,,,,0,,,,,"Pacheco, Joe","Polk, Todd W",,,,,jxp142030,,Senior Design Project II 
CE,3110,102,1,1,1,,1,2,1,,2,,1,,,0,,,,,"Lee, Gil S","Ren, Jiajun",,,,,gslee,gill lee,Electronic Devices Laboratory 
BMEN,4389,002,,2,2,3,,2,,1,,,,,,0,,,,,"Polk, Todd W","Pacheco, Joe",,,,,twp017000,todd polk,Senior Design Project II 
FERM,6311,FS1,,2,4,2,2,,,,,,,,,0,,,,,"Scott, James A",,,,,,jas076100,james scott,
BMEN,7341,004,,3,4,1,2,,,,,,,,,0,,,,,"Porter, Benjamin A",,,,,,bap061000,benjamin porter,Biostatistics 
BMEN,1208,109,,4,2,2,2,,,,,,,,,0,,,,,"Ardestani Khoubrouy, Soudeh","Dolui, Swapnil",,,,,sxa074200,soudeh khoubrouy,Introduction to Bioengineering II 
EE,3110,102,,5,2,,2,,1,,,,,,,0,,,,,"Lee, Gil S","Ren, Jiajun",,,,,gslee,gill lee,Electronic Devices Laboratory 
EPCS,3100,001,,7,1,,1,,,1,,,,,,0,,,,,"Gans, Nicholas R",,,,,,nrg092000,nicholas gans,Engineering Project in Community Service II 
ENTP,4V00,001,,10,,,,,,,,,,,,0,,,,,"Chambers, Bryan D",,,,,,bdc160330,,Special Topics in Entrepreneurship 
BMEN,4389,003,,3,1,2,,2,2,,,,,,,0,,,,,"Polk, Todd W","Pacheco, Joe",,,,,twp017000,todd polk,Senior Design Project II 
HONS,3199,H12,,10,,,,,,,,,,,,0,,,,,"Harpham, Edward",,,,,,harpham,edward harpham,
SYSM,6337,SS1,,8,2,,,,,,,,,,,0,,,,,"Janakiraman, Surya","He, Jiapeng",,,,,suryaj,surya janakiraman,
STAT,7338,001,,10,,,,,,,,,,,,0,,,,,"Gel, Yulia",,,,,,yxg142030,yulia gel,Time Series Modeling and Filtering 
PPPE,6312,0W1,,5,4,1,,,,,,,,,,0,,,,,"Skaggs, Sheryl L",,,,,,slskaggs,sheryl skaggs,Social-Economic Theories 
MSEN,6383,501,,10,,,,,,,,,,,,0,,,,,"Kim, Jiyoung",,,,,,jxk041000,,Modern Physical Metallurgy 
CHEM,5341,001,,7,,,3,,,,,,,,,0,,,,,"Chan, Julia Y",,,,,,jyc130130,julia chan,Advanced Inorganic Chemistry I 
CE,3120,105,,7,,,2,,,1,,,,,,0,,,,,"Zhou, Dian","Wang, Xianan","Wang, Yifan",,,,zhoud,dian zhou,Digital Circuits Laboratory 
SE,4348,003,,1,,1,1,2,,2,,,,1,2,0,,,,,"Alagar, Sridhar","Guo, Jianxiong",,,,,sxa173731,sridhar alagar,Operating Systems Concepts 
MECH,3120,101,4,2,1,1,1,,,,,,,,1,0,,,,,"Hassanipour, Fatemeh","Zaherisarabi, Shadi","Jiang, Lin",,,,fxh091000,fatemeh hassanipour,Heat Transfer Laboratory 
FERM,6306,FS1,,7,2,1,,,,,,,,,,0,,,,,"Song, Kaisheng",,,,,,,kaisheng song,
ARTS,3379,002,,2,2,3,1,,,,,,,,2,0,,,,,"Palmer, Marcy A",,,,,,mxp070100,marcy palmer,Photography  New Media 
CE,3101,105,3,4,2,,,,,,,,,,1,0,,,,,"Heins, Matthew S","Li, Chen",,,,,msh130130,matthew heins,Electrical Network Analysis Laboratory 
GEOS,1103,102,1,1,1,1,2,2,1,,,,,,1,0,,,,,"Griffin, William R",,,,,,griffin,william griffin,Physical Geology Laboratory 
SE,4348,002,,1,3,,,1,2,,2,,,1,,0,,,,,"Ozbirn, Greg A",,,,,,ozbirn,greg ozbirn,Operating Systems Concepts 
OPRE,6367,PW1,,10,,,,,,,,,,,,0,,,,,"Szot, James","Rajamani, Divakar",,,,,,james szot,
EE,3101,105,4,4,,,,1,,,,,,1,,0,,,,,"Heins, Matthew S","Li, Chen",,,,,msh130130,matthew heins,Electrical Network Analysis Laboratory 
GEOS,3470,301,,,,,,,,,,,,,,0,,,,,"Pirouz, Mortaza","Johnson, Samuel P",,,,,mxp180004,mortaza pirouz,Structural Geology 
MATH,2414,347,,,,,,,,,,,,,,0,,,,,"Aman, Kelly",,,,,,kxa143530,kelly aman,Integral Calculus 
CE,4370,303,,,,,,,,,,,,,,0,,,,,"Carrion Schaefer, Benjamin",,,,,,bxc162630,benjamin carrion schaefer,Embedded Microprocessor Systems 
EE,1202,305,,,,,,,,,,,,,,0,,,,,"Cogan, Diana L","Shreedhar Bhat, Gautam","Du, Lixiong","Vankayalapati, Bhanu Teja","Mohamed, Ahmed M",,dcc095020,diana cogan,Introduction to Electrical Engineering II 
CE,1202,301,,,,,,,,,,,,,,0,,,,,"Cogan, Diana L","Shreedhar Bhat, Gautam","Du, Lixiong","Vankayalapati, Bhanu Teja","Chen, Pengyuan",,dcc095020,diana cogan,Introduction to Electrical Engineering II 
CHIN,2312,001,9,,,1,,,,,,,,,,1,,,,,"Shi, Shuai",,,,,,sxs180130,shuai shi,Intermediate Chinese II 
EE,4371,501,,,1,3,3,,2,,1,,,,,1,,,,,"Lee, Jeong-Bong",,,,,,jblee,jeong bong lee,Introduction to MEMS 
ACCT,4301,001,2,1,2,2,1,1,1,,,,,,,1,,,,,"Narayan, Ravishankar L","Banda, Sanjana",,,,,rln130030,ravishankar narayan,Database Systems 
MAS,6V08,001,,10,,,,,,,,,,,,0,,1,,,"Ozer, Ali O","Simsek, Ahmet S",,,,,oxo091000,ali ozer,Special Topics in Operations Research 
RHET,1302,507,,1,3,2,,,,,,1,,,3,1,,,,,"Manes, Christopher L",,,,,,clm036000,christopher manes,Rhetoric 
HUAS,7360,001,,8,1,1,,,,,,,,,,0,,1,,,"McLean, Adrienne L",,,,,,amclean,adrienne mclean,Advanced Topics in Film  Television  and Digital Media 
CE,3345,002,2,2,1,,3,3,,,,,,,,0,,,,,"Khan, Ziaullah",,,,,,kkhan,ziaullah khan,Data Structures and Introduction to Algorithmic Analysis 
EE,3120,103,,10,,,,,,,,,1,,,0,,,,,"Zhou, Dian","Wang, Yifan","Wang, Xianan",,,,zhoud,dian zhou,Digital Circuits Laboratory 
CE,3101,102,1,4,3,1,2,,,,,,,,,0,,,,,"Heins, Matthew S","Nahar, Lubaba M",,,,,msh130130,matthew heins,Electrical Network Analysis Laboratory 
ACN,7372,002,,9,2,,,,,,,,,,,0,,,,,"Krawczyk, Daniel C",,,,,,dck061000,daniel krawczyk,Seminar in Neuroscience 
CE,3345,001,,3,,,3,2,1,1,,,,,1,0,,,,,"Ozbirn, Greg A",,,,,,ozbirn,greg ozbirn,Data Structures and Introduction to Algorithmic Analysis 
SE,3345,002,2,,1,2,1,3,1,1,,,,,,0,,,,,"Khan, Ziaullah",,,,,,kkhan,ziaullah khan,Data Structures and Introduction to Algorithmic Analysis 
FERM,6331,FS1,,11,,,,,,,,,,,,0,,,,,"Zemoodeh, Amir",,,,,,axz120930,amir zemoodeh,
MECO,6312,003,,5,4,2,,,,,,,,,,0,,,,,"Joo, Joonhwi","Zhu, Yifan",,,,,jxj180020,joonhwi joo,Applied Econometrics and Time Series Analysis 
HUSL,6324,501,,10,,1,,,,,,,,,,0,,,,,"Greene, Kendra",,,,,,kxg180038,kendra greene,Creating Short Fictions 
SE,3345,003,,1,3,2,3,2,,,,,,,,0,,,,,"Chida, Anjum",,,,,,axc157030,anjum chida,Data Structures and Introduction to Algorithmic Analysis 
SE,3354,001,,3,2,1,2,1,,1,,,,,1,0,,,,,"Cankaya, Ebru C","Wang, Xiaoyu",,,,,exc067000,ebru cankaya,Software Engineering 
MECH,4110,105,,2,3,3,1,,1,,1,,,,,0,,,,,"Li, Yaoyu","Kumar, Devesh","Wu, Zhongyou","Li, Changyuan",,,yxl115230,yaoyu li,Systems and Controls Laboratory 
ED,3345,501,,6,2,,1,,,2,,,,,,0,,,,,"McNulty, Angela B",,,,,,mcnulty,,Art  Music  and Physical Development Grades EC - 6 
EECT,7327,001,,7,4,,,,,,,,,,,0,,,,,"Liu, Jin",,,,,,jinliu,jin liu,Data Converters 
EE,3111,103,5,1,2,2,,,,,1,,,,,0,,,,,"Lee, Hoi","Liang, Jingchen",,,,,hxl054000,hoi lee,Electronic Circuits Laboratory 
OPRE,6390,501,,6,,,5,,,,,,,,,0,,,,,"Thompson, Luell O","Pearam, Swetha S",,,,,lot013000,luell thompson,Enterprise Resource Planning 
ENTP,4335,0W2,2,1,3,,1,1,,1,,,,2,,0,,,,,"Edsel, Alexander D","Gupta, Ashna",,,,,ade012000,alexander edsel,Digital and Internet Marketing 
LIT,3339,501,,2,2,1,4,2,,,,,,,,0,,,,,"Greer, Erin",,,,,,exg180013,erin greer,Writing Literary Studies 
GEOS,3470,001,4,,2,2,1,1,,,1,,,,,0,,,,,"Pirouz, Mortaza","Johnson, Samuel P",,,,,mxp180004,mortaza pirouz,Structural Geology 
ENGY,3340,001,3,3,4,1,,,,,,,,,,0,,,,,"Molina, Stephen",,,,,,sxm163630,stephen molina,Energy Law and Contracts 
JAPN,3312,001,1,3,2,1,,1,,1,,,,1,1,0,,,,,"Kroska, Nami",,,,,,nxk167330,nami kroska,Advanced Japanese II 
SE,4348,001,,,,4,1,2,,2,1,,,,1,0,,,,,"Ozbirn, Greg A","Mi, Feng",,,,,ozbirn,greg ozbirn,Operating Systems Concepts 
EE,3101,104,,4,2,,1,,2,1,,,,1,,0,,,,,"Heins, Matthew S","Thakur, Sneha",,,,,msh130130,matthew heins,Electrical Network Analysis Laboratory 
CS,6301,003,,11,,,,,,,,,,,,0,,,,,"Thuraisingham, Bhavani",,,,,,bxt043000,bhavani thuraisingham,Special Topics in Computer Science 
RMIS,3370,002,,1,1,1,2,1,2,1,,,1,,1,0,,,,,"Kaplan, Larry S",,,,,,lsk140130,larry kaplan,Principles of Risk Management and Insurance 
COMD,7V82,0W1,,10,1,,,,,,,,,,,0,,,,,"Walsh, Diane G",,,,,,dxg022000,diane walsh,Special Topics in Communication Disorders 
PA,6344,501,,11,,,,,,,,,,,,0,,,,,"Benavides, Teodoro J",,,,,,tjb051000,teodoro benavides,Local Government Management 
ATCM,3381,001,,4,2,,1,1,,1,,1,,,1,0,,,,,"Drogos, Kristin L",,,,,,kld140230,kristen drogos,Media and Communication Research Methods II 
CE,6304,001,,,4,4,3,,,,,,,,,0,,,,,"Shakhakarmi, Niraj","Goswami, Pingakshya","Kong, Zelun",,,,nxs190009,,Computer Architecture 
FIN,4307,001,,11,,,,,,,,,,,,0,,,,,"Furst, Jack D",,,,,,jdf170030,jack furst,Private Equity 
ACTS,6305,501,,2,3,2,4,,,,,,,,,0,,,,,"Lu, Wenyi",,,,,,wxl153330,wenyi lu,Construction and Evaluation of Actuarial Models II 
OBHR,4336,001,3,2,3,,,1,,1,,,1,,,0,,,,,"Campbell, Michael",,,,,,mxc180034,,Labor and Employee Relations 
CE,3345,003,1,,4,3,1,1,,,,,,,1,0,,,,,"Chida, Anjum",,,,,,axc157030,anjum chida,Data Structures and Introduction to Algorithmic Analysis 
COMD,7384,501,,11,,,,,,,,,,,,0,,,,,"Lombardi, Christina L",,,,,,tinalee,,Augmentative Communication 
CE,3301,001,,3,1,,2,,1,2,,,1,,1,0,,,,,"Helms, Robert","Palit, Prithviraj",,,,,rxh033000,,Electrical Network Analysis 
BIOL,6344,001,,5,3,3,,,,,,,,,,0,,,,,"Du, Heng","Srikanth, Uma","Tian, Jing",,,,hxd131030,heng du,Molecular Neuropathology II 
ISIS,3309,001,1,2,2,1,1,,1,2,,,1,,,0,,,,,"Salter, Elizabeth",,,,,,emsalter,elizabeth salter,Dental Anthropology 
HONS,3112,HN1,6,3,,,,1,,,,,,,1,0,,,,,"Kaplan, Marilyn R",,,,,,mkaplan,marilyn kaplan,Contemporary Topics in Business 
BIS,3320,005,,1,2,2,5,,,,,,,,1,0,,,,,"Pogue, Neall W",,,,,,nxp174730,neall pogue,The Nature of Intellectual Inquiry 
EE,3120,101,,7,,,2,,,1,,,,,1,0,,,,,"Zhou, Dian","Wang, Xianan",,,,,zhoud,dian zhou,Digital Circuits Laboratory 
SCI,5338,5H1,,11,,,,,,,,,,,,0,,,,,"Taylor, Stephanie M",,,,,,smt031000,stephanie taylor,Conceptual Chemistry  The Atom and the Bridge from Physics to Biology 
REAL,3305,002,,1,,,3,2,,2,,,3,,,0,,,,,"Guttery, Randall",,,,,,rxg112530,randall guttery,Real Estate Principles 
FIN,6323,501,,3,3,2,3,,,,,,,,,0,,,,,"Crumpecker, Brad",,,,,,bxc122130,,Real Estate Market Analysis and Investment 
SE,6361,001,,3,4,1,3,,,,,,,,,0,,,,,"Chung, Lawrence","Ahn, Sung Soo",,,,,chung,lawrence chung,Advanced Requirements Engineering 
CHEM,4473,001,,1,1,1,2,1,,3,2,,,,,0,,,,,"Goux, Warren J","Welch, Raymond P","Calubaquib, Erika Joy",,,,wgoux,warren goux,Physical Measurements Laboratory 
OPRE,6368,PW1,,8,,,3,,,,,,,,,0,,,,,"Szot, James","Rajamani, Divakar",,,,,,james szot,
MKT,4336,501,6,1,2,2,,,,,,,,,,0,,,,,"Schofield, Joyce",,,,,,jxs170002,,E-Retailing 
HIST,6365,001,,5,1,1,4,,,,,,,,,0,,,,,"Rankin, Monica A",,,,,,mar046000,monica rankin,Mexican History 
COMD,7V86,001,,10,,,1,,,,,,,,,0,,,,,"Evans, Julia L",,,,,,jle130030,julia evans,Special Topics in Child Language 
RHET,4302,001,3,2,3,2,1,,,,,,,,,0,,,,,"King, Carie S",,,,,,cxl085200,carie king,Advanced Writing and Research 
DANC,2336,001,8,1,,,,,,,,,,,2,0,,,,,"Owens, Misty",,,,,,mxo122530,misty owens,Tap Dance 1 
CE,2305,501,,3,1,,4,,,2,,1,,,,0,,,,,"Farage, Timothy P",,,,,,tfarage,timothy farage,Discrete Mathematics for Computing I 
CE,3354,003,2,,1,,,1,1,4,,1,,,1,0,,,,,"Paulk, Mark C","Mousavi, Pooneh",,,,,mcp130030,mark paulk,Software Engineering 
THEA,3342,501,,10,,,1,,,,,,,,,0,,,,,"Lingo, Kathy A",,,,,,klingo,kathy lingo,Advanced Topics in Theatre 
BA,4V00,001,,9,2,,,,,,,,,,,0,,,,,"Lewin, Peter",,,,,,plewin,peter lewin,Special Topics 
SE,3345,501,,2,,,4,1,1,1,1,,,,1,0,,,,,"Khan, Ziaullah",,,,,,kkhan,ziaullah khan,Data Structures and Introduction to Algorithmic Analysis 
ARTS,3371,002,1,2,4,,,1,1,1,,,1,,,0,,,,,"Durant, Stephanie D",,,,,,ddm043000,,Photography  Black White 
HONS,3199,HN8,,11,,,,,,,,,,,,0,,,,,"Martinez, Manuel L",,,,,,mlm160630,manuel martinez,Collegium V Honors Readings 
CE,1202,802,,,,,,,,,,,,,,0,,,,,"Cogan, Diana L","Shreedhar Bhat, Gautam","Du, Lixiong","Mohamed, Ahmed M",,,dcc095020,diana cogan,Introduction to Electrical Engineering II 
EE,1202,801,,,,,,,,,,,,,,0,,,,,"Cogan, Diana L","Shreedhar Bhat, Gautam","Du, Lixiong","Mohamed, Ahmed M","Chen, Pengyuan",,dcc095020,diana cogan,Introduction to Electrical Engineering II 
SE,3377,0W1,,3,,2,3,,1,1,1,,,,,1,,,,,"Nguyen, Nhut",,,,,,nhutnn,nhut nguyen,C C  Programming in a UNIX Environment 
ACCT,6335,SW1,,5,,3,3,,,,,,,,,1,,,,,"Troutman, Amy B",,,,,,amybass,amy troutman,
MUSI,3325,001,1,3,1,2,2,,1,,,,,,1,1,,,,,"Durbin, Kelly",,,,,,kpdurbin,kelly durbin,Jazz History  Modern Jazz since BeBop 
FIN,4315,001,,4,4,2,1,,,,,,,,,0,,,,,"Hyndman, Kyle B",,,,,,tdp062000,kyle hyndman,Behavioral Economics and Finance 
ED,4345,501,4,5,1,1,,,,,,,,,,1,,,,,"Weiner, Michelle L",,,,,,mxw051000,michelle weiner,Social Studies Methods for Grades EC - 6 
NATS,3343,001,1,3,,1,3,1,,,1,,1,,,1,,,,,"McConnell, James S","Kirkland, Pamela I",,,,,jsm019600,james mcconnell,Classroom Interactions 
PA,2325,001,,7,2,1,1,,,,,,,,,1,,,,,"Goodman, Doug","Park, Yong Jun",,,,,dxg101000,doug goodman,Introduction to Public Service 
FIN,6353,501,,3,2,2,2,2,,,,,,,,1,,,,,"Day, Theodore","Kirk, Steven B",,,,,tday,theodore day,Financial Modeling for Investment Analysis 
MATH,3307,001,1,6,1,3,,,,,,,,,,1,,,,,"Andreescu, Titu",,,,,,txa051000,titu andreescu,Mathematical Problem Solving for Teachers 
SE,3377,502,,1,1,1,2,3,,,,,2,1,,1,,,,,"Perkins, Stephen J",,,,,,sxp127930,stephen perkins,C C  Programming in a UNIX Environment 
ATCM,4306,001,,1,2,3,3,,,1,,,,1,,1,,,,,"Boyd, Elizabeth",,,,,,esp041000,elizabeth boyd,Modeling and Texturing II 
BIOL,2111,006,2,,,1,2,3,,,1,,1,1,,1,,,,,"Srikanth, Uma",,,,,,ukrish,uma srikanth,Introduction to Modern Biology Workshop I 
ARTS,2380,501,2,6,1,,,1,,,,,,,2,0,,,,,"Carter, Rebecca S",,,,,,rsc150030,,Visual Design Foundations 
OPRE,6398,003,,9,,1,2,,,,,,,,,0,,,,,"Alimirzaei, Athena","Seripalli, Dilip Kumar",,,,,axa134231,athena alimirzaei,Prescriptive Analytics 
AUD,6V20,101,,12,,,,,,,,,,,,0,,,,,"Lobarinas, Edward","Clark, Jackie L","Trevino, Monica",,,,exl152130,,Laboratory Procedures in Audiology and Hearing Science 
ATCM,6301,001,,6,4,1,1,,,,,,,,,0,,,,,"Nadin, Mihai",,,,,,mxn044000,mihai nadin,Aesthetics of Interactive Arts 
CS,6382,001,,9,1,1,1,,,,,,,,,0,,,,,"Du, Ding Z","Gu, Shuyang",,,,,dxd056000,ding zhu du,Theory of Computation 
SYSM,6325,001,,12,,,,,,,,,,,,0,,,,,"Minden, Alixandre R",,,,,,arm130430,minden alixandre,Requirements Design  Development  and Integration for Complex Systems 
BIOL,3102,006,1,2,1,,,3,2,,2,1,,,,0,,,,,"Srikanth, Uma",,,,,,ukrish,uma srikanth,Eukaryotic Molecular and Cell Biology Workshop 
SYSM,6301,SS1,,10,2,,,,,,,,,,,0,,,,,"Minden, Alixandre R",,,,,,arm130430,alixandre minden,
ATCM,6388,001,,10,2,,,,,,,,,,,0,,,,,"Knight, Kim A",,,,,,kak102020,kim knight,Critical Making 
ACCT,6320,0W1,,4,3,1,3,1,,,,,,,,0,,,,,"Cavusoglu, Huseyin","Ozdemir, Dicle Yagmur",,,,,huseyin,huseyin cavusoglu,Database Foundations 
AUD,6318,001,,8,4,,,,,,,,,,,0,,,,,"Warner-Czyz, Andrea D",,,,,,adw052000,andrea warner czyz,Pediatric Audiology 
MSEN,6324,001,,3,,3,4,1,,1,,,,,,0,,,,,"Quevedo-Lopez, Manuel",,,,,,mxq071000,manuel quevedo lopez,Electronic  Optical and Magnetic Materials 
EE,3110,101,,7,1,2,1,,,1,,,,,,0,,,,,"Lee, Gil S","Choi, Ye I",,,,,gslee,gill lee,Electronic Devices Laboratory 
SMED,5304,501,,9,3,,,,,,,,,,,0,,,,,"Urquhart, Mary L","Taylor, Stephanie M","Stuart, Georgia K",,,,mlk023000,mary urquhart,Research Methods in Science and Mathematics 
ECON,3311,002,,4,,,,3,,3,,1,1,,,0,,,,,"Dumas, Lloyd","Cooper, Glen",,,,,ljdumas,lloyd dumas,Intermediate Macroeconomic Theory 
BMEN,1208,105,8,1,,,,,1,,1,,,1,,0,,,,,"Ardestani Khoubrouy, Soudeh","Ravichandran, Arul Vigneswar",,,,,sxa074200,soudeh khoubrouy,Introduction to Bioengineering II 
MECH,4382,010,,1,4,2,2,,1,2,,,,,,0,,,,,"Hart, Robert A","Gravell, Jamie D","Upasham, Sayali S",,,,rxh124630,robert hart,Senior Design Project II 
CRIM,6315,001,,7,3,2,,,,,,,,,,0,,,,,"Jacobs, Bruce A",,,,,,baj034000,bruce jacobs,Violent Crime 
FIN,6360,501,,4,3,,2,3,,,,,,,,0,,,,,"Kaur, Dupinderjeet",,,,,,dxk110730,dupinderjeet kaur,Derivatives Markets 
OPRE,6304,001,,4,7,,1,,,,,,,,,0,,,,,"Simsek, Ahmet S",,,,,,axs158032,ahmet simsek,Operations Analytics 
IMS,6371,PW1,,11,,,1,,,,,,,,,0,,,,,"Szot, James",,,,,,,james szot,
CHEM,1111,108,7,4,1,,,,,,,,,,,0,,,,,"Hashami, Zohreh","Pope, Mitchell A",,,,,zxh088000,zohreh hashami,General Chemistry Laboratory I 
ED,4372,5H2,2,1,6,2,,,,,,,,,1,0,,,,,"Christensen, Rhonda",,,,,,rxc180023,rhonda christensen,Educational Technology 
EEDG,6301,001,,1,5,1,3,2,,,,,,,,0,,,,,"Gulur, Nagendra","Si, Qilin",,,,,nxg190008,,Advanced Digital Logic 
REAL,6323,501,,2,1,3,4,1,,,,,,,1,0,,,,,"Crumpecker, Brad",,,,,,bxc122130,,Real Estate Market Analysis and Investment 
BMEN,3150,107,3,,1,4,,1,1,1,1,,,,,0,,,,,"Pacheco, Joe","Sanchez, Camilo A","Raut, Saurabh Vikas",,,,jxp142030,,Biomedical Engineering Laboratory 
FIN,4334,001,4,1,,,1,1,,,,1,1,,3,0,,,,,"Kaplan, Larry S",,,,,,lsk140130,larry kaplan,Insurance Law and Contracts 
CE,3111,104,2,6,2,1,,,,1,,,,,,0,,,,,"Lee, Hoi","Chen, Chen",,,,,hxl054000,hoi lee,Electronic Circuits Laboratory 
EEPE,7V91,001,,9,2,1,,,,,,,,,,0,,,,,"Akin, Bilal","Pu, Shi",,,,,bxa123330,bilal akin,Special Topics in Power Electronics 
MUSI,3122,001,2,10,,,,,,,,,,,,0,,,,,"Salisbury, Linda J",,,,,,ljs130230,linda salisbury,Brass Ensemble I 
ECON,6306,501,,10,2,,,,,,,,,,,0,,,,,"O'Brien, Daniel M","Choi, Soohyun",,,,,obri,daniel obrien,Applied Econometrics 
MSEN,5360,001,,2,1,2,4,3,,,,,,,,0,,,,,"Walker, Amy V",,,,,,axw092000,,Materials Characterization 
AUD,7321,001,,7,4,1,,,,,,,,,,0,,,,,"Lobarinas, Edward",,,,,,exl152130,,Theories of Amplification 
ED,4345,001,6,6,,,,,,,,,,,,0,,,,,"Haun, Julia T",,,,,,jlb018300,julia haun,Social Studies Methods for Grades EC - 6 
ATCM,4397,004,5,6,,,1,,,,,,,,,0,,,,,"Fitzgerald, Harold E",,,,,,hxf170830,hal fitzgerald,Senior Seminar 
MUSI,4186,001,6,4,1,,,,,,,1,,,,0,,,,,"Durbin, Kelly",,,,,,kpdurbin,kelly durbin,Jazz Ensemble III 
AMS,4305,501,,2,2,,2,1,,2,,,,,3,0,,,,,"Cotton, Scott C",,,,,,sxc024200,scott cotton,World History for Teachers 
BMEN,3150,103,3,3,,2,,,1,1,1,,,1,,0,,,,,"Ali, Tariq M","Farmer, Sophie E",,,,,tma051000,tariq ali,Biomedical Engineering Laboratory 
IMS,6370,PW1,,11,,,1,,,,,,,,,0,,,,,"Szot, James",,,,,,,james szot,
EE,3111,105,2,1,2,3,2,,1,,,1,,,,0,,,,,"Lee, Hoi","Cheng, Qi",,,,,hxl054000,hoi lee,Electronic Circuits Laboratory 
FIN,4332,501,,3,2,3,2,2,,,,,,,,0,,,,,"Richardson, Debra L",,,,,,dlr150330,debra richardson,Commercial Property Risk Management and Insurance 
AUD,6311,001,,7,4,,,,1,,,,,,,0,,,,,"Roeser, Ross J","Clark, Jackie L",,,,,roeser,,Diagnostic Audiology 
CHIN,1311,002,1,4,2,3,1,1,,,,,,,,0,,,,,"Shi, Shuai",,,,,,sxs180130,shuai shi,Beginning Chinese I 
EE,3111,104,3,5,1,1,1,,1,,,,,,,0,,,,,"Lee, Hoi","Chen, Chen",,,,,hxl054000,hoi lee,Electronic Circuits Laboratory 
PHYS,2126,603,7,4,,,,1,,,,,,,,0,,,,,"Macalevey, Paul J","Frazier, Gary A",,,,,paulmac,paul macalevey,Physics Laboratory II 
BMEN,6372,001,,7,5,,,,,,,,,,,0,,,,,"Kapoor, Bhanu",,,,,,bxk101000,bhanu kapoor,Engineering Systems  Modeling and Simulation 
GEOS,4322,001,1,1,2,1,3,1,,3,,,,,,0,,,,,"Manton, William I",,,,,,manton,william manton,The Earth System 
MATH,2414,342,,,,,,,,,,,,,,0,,,,,"Choi, Sl-ghi",,,,,,sxc173731,sl ghi choi,Integral Calculus 
MATH,2414,341,,,,,,,,,,,,,,0,,,,,"Westbury, Bruce W",,,,,,bww180001,bruce westbury,Integral Calculus 
MATH,2414,349,,,,,,,,,,,,,,0,,,,,"Aman, Kelly",,,,,,kxa143530,kelly aman,Integral Calculus 
HIST,3328,001,,2,1,,1,1,,1,,,1,,2,0,,,,,"Brown, Matthew",,,,,,mxb091000,matthew brown,History and Philosophy of Science and Medicine 
MATH,5302,001,,4,,1,,1,1,,,,,,3,3,,,,,"Zweck, John W",,,,,,jwz120030,john zweck,Elementary Analysis II 
CHEM,3361,002,1,2,,1,,2,,3,,,,,1,3,,,,,"Taylor, Stephanie M","Dey, Sanchareeka","Krishnamohan, Aishwarya","Soladogun, Adedamola S","Marco, Belle","Villones, Rhiza Lyne",smt031000,stephanie taylor,Biochemistry I 
BMEN,1208,103,1,4,,2,,3,,,,,,,1,2,,,,,"Levene, Stephen","Jayanand, Kishan","Dolui, Swapnil",,,,sdlevene,stephen levene,Introduction to Bioengineering II 
PPPE,6354,501,,6,5,1,,,,,,,,,,1,,,,,"Leaf, Murray J",,,,,,mjleaf,murray leaf,Theories and Issues of Development 
CS,6350,MS1,,12,,,,,,,,,,,,1,,,,,"Khan, Latifur R",,,,,,lkhan,latifur khan,
ACCT,6331,0W1,,3,,1,4,,,4,,,,,,1,,,,,"Cready, William M","Gencer, Nur Pinar",,,,,wmc041000,william cready,Cost Accounting 
ARTS,3311,001,2,1,1,,3,,2,2,,,,,1,1,,,,,"Copeland, Colette",,,,,,cxc132230,colette copeland,Contemporary Art Practices 
CE,3101,106,2,4,2,1,2,,,,,,,,1,1,,,,,"Heins, Matthew S","Nahar, Lubaba M",,,,,msh130130,matthew heins,Electrical Network Analysis Laboratory 
PHIL,3328,001,3,,1,,4,1,,2,1,,,,,1,,,,,"Brown, Matthew",,,,,,mxb091000,matthew brown,History and Philosophy of Science and Medicine 
HUSL,6308,501,,5,2,2,1,,2,,,,,,,0,,1,,,"Prieto, Rene",,,,,,rxp113230,rene prieto,Studies in Literary Forms and Genres 
MECH,3120,104,8,2,2,,,,,,,,,,,1,,,,,"Hassanipour, Fatemeh","Azarnoosh, Jamasp",,,,,fxh091000,fatemeh hassanipour,Heat Transfer Laboratory 
CS,6301,MS1,,5,2,3,1,,,,,,,,1,1,,,,,"Nguyen, Nhut",,,,,,nhutnn,nhut nguyen,
OPRE,6378,001,,10,2,1,,,,,,,,,,0,,,,,"Ozer, Ali O","Kucukgul, Can",,,,,oxo091000,ali ozer,Supply Chain Strategy 
ENTP,6394,XS1,,4,5,4,,,,,,,,,,0,,,,,"Kimzey, Jackie",,,,,,jxk092000,jackie kimzey,
BMEN,3150,102,3,3,2,3,1,,,,,,1,,,0,,,,,"Ali, Tariq M","Farmer, Sophie E",,,,,tma051000,tariq ali,Biomedical Engineering Laboratory 
MUSI,3382,001,2,3,2,,2,,,1,1,1,,,1,0,,,,,"Hughes, William K",,,,,,wkh150030,william hughes,Vocal Instruction II 
ED,4353,501,7,3,1,,,,,1,,,,,1,0,,,,,"Brooks, Lori L",,,,,,lxb180004,lori brooks,Reading in Secondary Content 
EECS,6331,002,,5,3,1,2,,,2,,,,,,0,,,,,"Moheimani, Seyed Omid Reza","Bing, Mallory A",,,,,sxm154130,,Linear Systems 
ENTP,3360,002,,1,2,1,,4,1,4,,,,,,0,,,,,"Park, Haemin","Wang, Jiyu",,,,,hxp174230,haemin park,Entrepreneurial Finance 
CE,3111,103,6,4,2,1,,,,,,,,,,0,,,,,"Lee, Hoi","Liang, Jingchen",,,,,hxl054000,hoi lee,Electronic Circuits Laboratory 
SOC,4396,002,,2,3,3,2,1,1,,,1,,,,0,,,,,"Boots, Denise P","Saucedo De La Fuente, David",,,,,dpb062000,denise boots,Selected Topics in Sociology 
ATCM,4319,001,,,1,1,2,2,2,1,2,,1,,1,0,,,,,"Salter, Monika",,,,,,mxs176131,monika salter,Topics in Animation 
FIN,6350,501,,4,3,2,1,,1,2,,,,,,0,,,,,"Baranchuk, Nina",,,,,,nxb043000,nina baranchuk,Advanced Corporate Finance 
MECO,7313,001,,5,2,5,1,,,,,,,,,0,,,,,"Murthi, B P","Kamatham, Sriharsha",,,,,murthi,b p murthi,Applied Econometrics 
BUAN,6347,501,,13,,,,,,,,,,,,0,,,,,"Perez, Jerry","Guha, Priyanka",,,,,jxp180019,jerry perez,Advanced Big Data Analytics 
DANC,2334,001,5,4,3,,,,,,,,,,1,0,,,,,"Johnson, Melissa A",,,,,,maj140430,melissa johnson,Ballet 1 
MIS,6343,001,,3,8,1,1,,,,,,,,,0,,,,,"Narasimhan, Prithi","Agrawal, Pulkit",,,,,pxn152330,prithi narasimhan,Advanced Cybersecurity Management 
MUSI,3388,001,3,7,1,1,,,,,,,,,1,0,,,,,"Medrick, Mary A",,,,,,mam017200,mary medrick,Piano II 
CE,4337,003,2,2,3,2,3,,,1,,,,,,0,,,,,"McMahan, Timothy","Fan, Zhenbao","De, Partha","Gour, Riti",,,txm173230,timothy mcmahan,Organization of Programming Languages 
FIN,7340,501,,4,2,5,1,1,,,,,,,,0,,,,,"Baranchuk, Nina",,,,,,nxb043000,nina baranchuk,Topics in Theoretical Corporate Finance 
SYSM,6328,SS1,,3,3,5,2,,,,,,,,,0,,,,,"Nguyen, Nhut",,,,,,nhutnn,nhut nguyen,
CE,3102,103,3,6,2,,,1,,,,,,,1,0,,,,,"Webb, Jennifer H","Azarang, Arian","Chandra Shekar, Ram Charan M",,,,jhw170130,jennifer webb,Signals and Systems Laboratory 
CRWT,2301,501,,7,2,2,1,,,,1,,,,,0,,,,,"Leverone, Julia",,,,,,jxl162631,julia leverone,Introductory Creative Writing 
CS,6301,504,,4,4,2,3,,,,,,,,,0,,,,,"Yen, I-Ling",,,,,,ilyen,yen i ling,Special Topics in Computer Science 
ECON,6306,503,,12,,,,,1,,,,,,,0,,,,,"Grover, William C",,,,,,wcg071000,william grover,Applied Econometrics 
PHYS,6301,001,,5,3,5,,,,,,,,,,0,,,,,"Zhang, Chuanwei",,,,,,cxz124830,chuanwei zhang,Quantum Mechanics II 
ARTS,3373,001,,8,,1,2,1,,,,,,,1,0,,,,,"Tady, Lorraine T",,,,,,ltt042000,lorraine tady,Printmaking 
MECO,6352,001,,9,1,1,2,,,,,,,,,0,,,,,"Ziegler, Laurie","Wijewardana, Galuge Hansani M",,,,,ziegler,laurie ziegler,Financial Negotiation and Dispute Resolution 
FIN,7330,001,,6,6,1,,,,,,,,,,0,,,,,"Tang, Xiaoxiao",,,,,,xxt180003,xiaoxiao tang,Topics in Theoretical Asset Pricing 
GISC,4317,001,,3,1,3,,,3,1,,,1,,1,0,,,,,"Chastain, Bryan J","Shi, Fan",,,,,bjc062000,bryan chastain,GeoComputation 
HDCD,6316,001,,10,2,,1,,,,,,,,,0,,,,,"Ewing, Donna M",,,,,,dme061000,donna ewing,Developmental Assessment 
HUAS,6339,501,,13,,,,,,,,,,,,0,,,,,"Pomara, John",,,,,,pomara,john pomara,Painting Digital Imaging Video 
LIT,2341,501,2,4,3,,1,2,,,,,,,1,0,,,,,"Tehan, Terin J",,,,,,txt125430,terin tehan,Literary Analysis 
ATCM,4312,001,,1,3,2,4,2,,,1,,,,,0,,,,,"Boyd, Elizabeth",,,,,,esp041000,elizabeth boyd,Digital Sculpting 
MIS,6346,002,,11,2,,,,,,,,,,,0,,,,,"Perez, Jerry","Guha, Priyanka",,,,,jxp180019,jerry perez,Big Data 
THEA,2372,002,,9,,1,,1,,,1,,,,1,0,,,,,"Lingo, Kathy A",,,,,,klingo,kathy lingo,Improvisation 
ACCT,6383,501,,5,1,1,5,1,,,,,,,,0,,,,,"Bracy, Dana","Walker, Jacob N",,,,,dxb016100,dana bracy,Fraud Examination 
HCS,6313,002,,9,,2,2,,,,,,,,,0,,,,,"Ackerman, Robert A","Austin, Kathryn A",,,,,raa110030,robert ackerman,Research Methods in Behavioral and Brain Sciences - Part II 
JAPN,2312,001,2,1,4,1,1,2,,,,,,1,1,0,,,,,"Kroska, Nami",,,,,,nxk167330,nami kroska,Intermediate Japanese II 
ENTP,6315,0W1,,2,2,5,2,1,,,,,,,1,0,,,,,"Pedigo, Madison F",,,,,,mfp013000,madison pedigo,Entrepreneurial Finance 
ARTS,2316,501,1,10,,,1,1,,,,,,,,0,,,,,"Egan, Trey T",,,,,,tte150130,trey egan,Painting Foundations 
BMEN,1208,108,,5,1,3,,1,2,1,,,,,,0,,,,,"Meyer, Clark A","Zhou, Ximing",,,,,cam140130,clark meyer,Introduction to Bioengineering II 
CE,3310,001,1,5,4,2,1,,,,,,,,,0,,,,,"Frensley, William",,,,,,frensley,william frensley,Electronic Devices 
EE,1202,304,,,,,,,,,,,,,,0,,,,,"Cogan, Diana L","Shreedhar Bhat, Gautam","Du, Lixiong","Mohamed, Ahmed M",,,dcc095020,diana cogan,Introduction to Electrical Engineering II 
MATH,2414,343,,,,,,,,,,,,,,0,,,,,"Choi, Sl-ghi",,,,,,sxc173731,sl ghi choi,Integral Calculus 
EE,1202,302,,,,,,,,,,,,,,0,,,,,"Cogan, Diana L","Shreedhar Bhat, Gautam","Du, Lixiong","Vankayalapati, Bhanu Teja","Chen, Pengyuan",,dcc095020,diana cogan,Introduction to Electrical Engineering II 
EE,1202,306,,,,,,,,,,,,,,0,,,,,"Cogan, Diana L","Shreedhar Bhat, Gautam","Du, Lixiong","Vankayalapati, Bhanu Teja","Mohamed, Ahmed M",,dcc095020,diana cogan,Introduction to Electrical Engineering II 
CE,6302,001,,,,,,,,,,,,,,0,,,,,"Bennett, Terrell R","Birjandtalab Golkhatm, Javad",,,,,trb052000,terrell bennett,Microprocessor Systems 
BMEN,1208,104,,,,2,3,2,,2,,,,,,5,,,,,"Levene, Stephen","Jayanand, Kishan","Dolui, Swapnil",,,,sdlevene,stephen levene,Introduction to Bioengineering II 
PHYS,2421,HN1,1,1,3,4,,1,,,,,,,,2,,2,,,"Izen, Joseph",,,,,,joe,joseph izen,Honors Physics I - Mechanics and Heat 
HONS,3199,HN3,,9,1,1,1,,,,,,,,,2,,,,,"Cotter, Sean J",,,,,,sjc010100,sean cotter,Collegium V Honors Readings 
ARTS,3315,001,6,3,2,,1,,,,,,,,,2,,,,,"Curry, Val",,,,,,vxc110930,val curry,The Art of Tinkering  Creating at the intersection of Art  Science and Technology 
MATH,2333,001,2,1,,1,,3,1,2,,,,,2,2,,,,,"Martynova, Irina",,,,,,ixm140930,irina martynova,Matrices  Vectors  and Their Application 
PHYS,5395,001,,5,3,1,1,,1,1,,,,,,0,,,,,"Ishak-Boushaki, Mustapha","Fong, Matthew",,,,,mxi054000,mustapha ishak boushaki,Cosmology 
EECT,6379,001,,3,5,,3,,,2,,,,,,1,,,,,"Ma, Dongsheng","Yan, Dong",,,,,dxm101000,dongsheng ma,Energy Harvesting  Storage and Powering for Microsystems 
BMEN,3150,105,2,1,3,,,4,1,1,,,,,1,1,,,,,"Winter, Patrick M","Abraham, Alejandro","Raut, Saurabh Vikas",,,,pxw151030,patrick winter,Biomedical Engineering Laboratory 
PA,6399,501,,13,,,,,,,,,,,,1,,,,,"Harrington, James","Abraham, Romeo",,,,,jxh134630,james harrington,Capstone in Public Affairs 
HONS,3199,H11,8,1,3,1,,,,,,,,,,1,,,,,"Marks, William",,,,,,wxm180005,william marks,Collegium V Honors Readings 
HUHI,6395,001,,8,4,1,,,,,,,,,,0,,1,,,"Bambach, Charles",,,,,,cbambach,charles bambach,Topics in the History of Ideas 
CRWT,3307,HN1,,13,,,,,,,,,,,,0,1,,,,"Watkins, Latoya S",,,,,,lws031000,latoya watkins,Creating Short Stories 
CRWT,3351,001,,9,1,,,1,1,,,,,,1,1,,,,,"Lyons, Elizabeth",,,,,,exl180020,,Creating Poetry 
ATCM,4315,001,,13,,,,,,,,,,,,1,,,,,"Hall, Phillip",,,,,,pxh151330,phillip hall,Computer Animation III 
HONS,3199,HN5,4,8,1,,,,,,,,,,,1,,,,,"LaDow, Eva S",,,,,,esl130130,eva ladow,Collegium V Honors Readings 
HUSL,7309,001,,5,5,3,,,,,,,,,,0,,1,,,"Hatfield, Charles D",,,,,,cxh074100,charles hatfield,Advanced Studies in Literary Movements 
DANC,3342,0H1,13,,,,,,,,,,,,,1,,,,,"Owens, Misty",,,,,,mxo122530,misty owens,Advanced Topics in Dance 
CHEM,4473,002,,1,3,1,,3,,1,2,1,,,1,0,,1,,,"Huang, Yu","Welch, Raymond P","Calubaquib, Erika Joy",,,,yxh091220,yu huang,Physical Measurements Laboratory 
CHEM,5361,001,,10,,,2,2,,,,,,,,0,,,,,"D'Arcy, Sheena",,,,,,sxd156730,sheena darcy,Advanced Biochemistry 
SPAN,1312,001,2,10,,,1,1,,,,,,,,0,,,,,"Leverone, Julia",,,,,,jxl162631,julia leverone,Beginning Spanish II 
ATCM,4346,001,,3,5,3,1,,,2,,,,,,0,,,,,"Marks, David E",,,,,,dem160430,david marks,Audio Productions Lab II 
AMS,2390,002,,3,3,3,1,1,1,2,,,,,,0,,,,,"Naqvi, Syed K",,,,,,skn180000,syed naqvi,Topics in American Studies 
BMEN,1208,107,4,2,1,2,3,1,,,,,,,1,0,,,,,"Meyer, Clark A","Li, Shichang",,,,,cam140130,clark meyer,Introduction to Bioengineering II 
ARTS,3371,001,,3,2,2,1,3,,,,,,,3,0,,,,,"Miller, Cynthia M",,,,,,cmm016900,cynthia miller,Photography  Black White 
OPRE,4360,501,,13,,,1,,,,,,,,,0,,,,,"Parks, David","Li, Hehe",,,,,dxp153830,david parks,Capstone Projects in Supply Chain Management 
ECON,7311,002,,5,5,4,,,,,,,,,,0,,,,,"Li, Dong","Hou, Aoyu",,,,,dxl145430,dong li,Special Topics in Econometric and Spatial Analysis 
MATH,1326,005,3,3,1,,1,,,2,1,1,,,2,0,,,,,"Mussa, Derege",,,,,,dxm146130,derege mussa,Applied Calculus II 
BMEN,3130,101,,2,3,2,1,2,1,3,,,,,,0,,,,,"Bian, Fang","Atmaramani, Rahul","Dhamu, Vikram Narayanan",,,,fxb180003,,Engineering Physiology Laboratory 
BMEN,7189,003,,11,3,,,,,,,,,,,0,,,,,"Romero-Ortega, Mario I",,,,,,mir140030,,Advanced Seminars in Biomedical Engineering II 
AUD,7326,501,,14,,,,,,,,,,,,0,,,,,"Thibodeau, Linda K",,,,,,thib,linda thibodeau,Aural Habilitation of Children with Hearing Impairments 
CE,1337,001,1,,,,2,3,1,3,1,,3,,,0,,,,,"Arnold, Gordon L",,,,,,gxa120930,gordon arnold,Computer Science I 
MUSI,2319,002,,5,3,,1,,,1,,,2,,2,0,,,,,"Durbin, Kelly",,,,,,kpdurbin,kelly durbin,Digital Music I 
CE,4389,002,,7,1,2,,3,,1,,,,,,0,,,,,"Hansen, John",,,,,,jxh052100,john hansen,Senior Design Project II 
AUD,7351,001,,14,,,,,,,,,,,,0,,,,,"Griffiths, Scott K","Escabi, Celia D",,,,,skg180000,,Physiologic Assessment of Vestibular System 
HONS,3104,HN1,3,8,3,,,,,,,,,,,0,,,,,"Dow, Douglas C",,,,,,dougdow,douglas dow,Foreign Film   Political Culture 
HIST,3376,001,,2,1,2,1,4,1,1,1,,,,1,0,,,,,"Wickberg, Daniel",,,,,,wickberg,daniel wickberg,American Intellectual History  Colonial to the Civil War 
LIT,3337,001,,2,,3,3,4,,2,,,,,,0,,,,,"Cotter, Sean J",,,,,,sjc010100,sean cotter,Comparisons 
ACCT,6331,001,,3,6,4,1,,,,,,,,,0,,,,,"Janakiraman, Surya","He, Jiapeng",,,,,suryaj,surya janakiraman,Cost Accounting 
MSEN,3302,001,,,4,5,5,,,,,,,,,0,,,,,"Auciello, Orlando H",,,,,,oha120030,orlando auciello,Microscopy  Spectroscopy  and Nanotech Instrumentation 
BMEN,6345,001,,10,2,,2,,,,,,,,,0,,,,,"Schmidtke, David W",,,,,,dws140430,david schmidtke,Self-Assembly of Biomaterials 
EPPS,6356,001,,10,,,4,,,,,,,,,0,,,,,"Ho, Karl",,,,,,kxh022100,karl ho,Data Visualization 
SPAN,1311,002,,1,4,1,1,3,,2,2,,,,,0,,,,,"Vincent, Shelby D",,,,,,sdv034000,shelby vincent,Beginning Spanish I 
JAPN,1312,001,7,2,1,1,,1,1,,,,,,1,0,,,,,"Allred, Michael K",,,,,,mka170830,michael allred,Beginning Japanese II 
SPAU,3342,501,3,3,2,2,1,,1,,,,1,,1,0,,,,,"Barfoot, John W","Peskova, Olga",,,,,jwb043000,john barfoot,Exceptional Children 
ATCM,4326,001,,1,3,3,5,,,,,,,,2,0,,,,,"Imaoka, Laura",,,,,,lxi170030,laura imaoka,Mediated Textuality 
REAL,4321,501,2,2,,1,3,2,,4,,,,,,0,,,,,"Hedgecock, Blake M",,,,,,bxh132030,blake hedgecock,Real Estate Law and Contracts 
BMEN,1208,101,2,3,3,,1,2,,2,,,,,1,0,,,,,"Meyer, Clark A","Li, Shichang",,,,,cam140130,clark meyer,Introduction to Bioengineering II 
ACCT,4342,PP1,1,5,3,2,1,,2,,,,,,,0,,,,,"Johnson, Jennifer","Farooqi, Shan A",,,,,jxj091000,jennifer johnson,Analysis and Design of Accounting Systems 
MIS,6346,501,,3,2,2,5,2,,,,,,,,0,,,,,"Cankaya, Hakki C","Tripathi, Aarohi",,,,,hcc072000,hakki cankaya,Big Data 
PSY,3393,501,1,1,7,2,1,2,,,,,,,,0,,,,,"Shirvani, Forouz","Agres, Phillip F",,,,,fxk024000,forouz shirvani,Experimental Projects in Psychology 
BMEN,1208,106,5,2,3,2,,1,1,,,,,,,0,,,,,"Ardestani Khoubrouy, Soudeh","Zhou, Ximing",,,,,sxa074200,soudeh khoubrouy,Introduction to Bioengineering II 
ECON,5322,501,,11,1,1,,,,1,,,,,,0,,,,,"Grover, William C",,,,,,wcg071000,william grover,Macroeconomic Theory for Applications 
BUAN,6356,005,,3,5,3,,1,,2,,,,,,0,,,,,"Chen, Jianqing","Banda, Sanjana",,,,,jxc111031,jianqing chen,Business Analytics With R 
SE,3162,052,,9,3,,1,,,,,,1,,,0,,,,,"Smith, Klyne",,,,,,kxs180052,klyne smith,Professional Responsibility in Computer Science and Software Engineering 
HONS,3101,HN1,1,11,2,,,,,,,,,,,0,,,,,"Harpham, Edward",,,,,,harpham,edward harpham,Medicine  Politics  and Philosophy 
CS,3354,HON,4,2,2,3,1,1,,1,,,,,,0,,,,,"Marcus, Andrian","Mousavi, Pooneh",,,,,axm141731,andrian marcus,Software Engineering 
COMM,4340,0H1,1,6,1,5,,,1,,,,,,,0,,,,,"Schlobohm, Maribeth L",,,,,,mls077000,maribeth (betsy) schlobohm,Small Group Communication 
SYSM,6327,001,,4,4,3,3,,,,,,,,,0,,,,,"Reynolds, Samuel E",,,,,,ser180002,,Systems Reliability 
BMEN,6382,001,,3,10,1,,,,,,,,,,0,,,,,"Bleris, Leonidas",,,,,,lxb092000,leonidas bleris,Systems Biology 
ATCM,3365,501,1,7,4,1,,1,,,,,,,,0,,,,,"Billingslea, Steven L",,,,,,slb073000,steven billingslea,Game Design I 
MATH,1314,003,,,,,2,5,2,1,,,,1,3,0,,,,,"McCary, Brady C",,,,,,bcm052000,brady mccary,College Algebra 
PA,6311,0W1,,11,,2,1,,,,,,,,,0,,,,,"Sabharwal, Meghna",,,,,,mxs095000,meghna sabharwal,Public Management 
HCS,7310,001,,8,1,2,1,1,1,,,,,,,0,,,,,"Wang, Jun",,,,,,jxw130130,jun wang,Advanced Research Methods 
GEOS,5387,001,,6,3,,3,1,,,,,,,1,0,,,,,"Ferguson, John F",,,,,,ferguson,john ferguson,Applied Geophysics 
EERF,6351,501,,14,,,,,,,,,,,,0,,,,,"Henderson, Rashaunda M",,,,,,rmh072000,rashaunda henderson,Computational Electromagnetics 
ARTS,3368,001,2,12,,,,,,,,,,,,0,,,,,"Brown-Pearn, Spencer S",,,,,,ssb062000,spencer brown pearn,Mixed Media 
HUSL,6309,501,,12,1,1,,,,,,,,,,0,,,,,"Martinez, Manuel L",,,,,,mlm160630,manuel martinez,Literary Movements 
BMEN,3150,106,1,1,4,,1,3,,1,,2,1,,,0,,,,,"Winter, Patrick M","Abraham, Alejandro","Raut, Saurabh Vikas",,,,pxw151030,patrick winter,Biomedical Engineering Laboratory 
HUMA,6300,501,,7,3,3,,1,,,,,,,,0,,,,,"Brown, Matthew",,,,,,mxb091000,matthew brown,Interdisciplinary Approaches to the Arts and Humanities 
EE,3120,107,6,1,,2,1,1,,,1,,,,2,0,,,,,"Khoobroo, Amir","Zaman, Monir M",,,,,axk144831,amir khoobroo,Digital Circuits Laboratory 
MATH,2413,323,,,,,,,,,,,,,,0,,,,,"Ding, Hui",,,,,,hxd162130,hui ding,Differential Calculus 
PHYS,3427,301,,,,,,,,,,,,,,0,,,,,"Frazier, Gary A",,,,,,gaf012000,gary frazier,Electronics with Laboratory 
MATH,2414,338,,,,,,,,,,,,,,0,,,,,"Westbury, Bruce W",,,,,,bww180001,bruce westbury,Integral Calculus 
MATH,2419,302,,,,,,,,,,,,,,0,,,,,"Miller, James W",,,,,,jwm170630,james miller,Calculus II 
IMS,3092,0S1,,,,,,,,,,,,,,0,15,,,,"Kaplan, Marilyn R",,,,,,mkaplan,marilyn kaplan,Regional Management Area Studies  Western Europe 
CE,1202,304,,,,,,,,,,,,,,0,,,,,"Cogan, Diana L","Shreedhar Bhat, Gautam","Du, Lixiong","Mohamed, Ahmed M",,,dcc095020,diana cogan,Introduction to Electrical Engineering II 
BIOL,6384,001,,,,,,,,,,,,,,0,,,,,"Candas, Mehmet","Liu, Li","Guo, Lan","Rughwani, Tripta","Chen, Hao",,candas,mehmet candas,Biotechnology Laboratory 
MATH,2414,348,,,,,,,,,,,,,,0,,,,,"Aman, Kelly",,,,,,kxa143530,kelly aman,Integral Calculus 
EE,1202,303,,,,,,,,,,,,,,0,,,,,"Cogan, Diana L","Shreedhar Bhat, Gautam","Du, Lixiong","Mohamed, Ahmed M","Chen, Pengyuan",,dcc095020,diana cogan,Introduction to Electrical Engineering II 
MATH,2414,326,,,,,,,,,,,,,,0,,,,,"Alvarado, Iris",,,,,,ila180000,iris alvarado,Integral Calculus 
MATH,2414,344,,,,,,,,,,,,,,0,,,,,"Choi, Sl-ghi","Hart, Russell A",,,,,sxc173731,sl ghi choi,Integral Calculus 
CE,1202,302,,,,,,,,,,,,,,0,,,,,"Cogan, Diana L","Shreedhar Bhat, Gautam","Du, Lixiong","Vankayalapati, Bhanu Teja","Chen, Pengyuan",,dcc095020,diana cogan,Introduction to Electrical Engineering II 
MATH,2414,316,,,,,,,,,,,,,,0,,,,,"Sauter, Alan D","Rajapaksha, Rajapaksha Mudalige S",,,,,ads014500,alan sauter,Integral Calculus 
CE,1202,303,,,,,,,,,,,,,,0,,,,,"Cogan, Diana L","Shreedhar Bhat, Gautam","Du, Lixiong","Mohamed, Ahmed M","Chen, Pengyuan",,dcc095020,diana cogan,Introduction to Electrical Engineering II 
NATS,3343,002,,5,1,3,2,1,,,,,,,,2,,1,,,"Dorsey, Floyd Z",,,,,,fzd110020,floyd dorsey,Classroom Interactions 
HCS,6315,001,,9,3,1,,,,,,,,,,0,,1,,,"Goffman, Lisa A",,,,,,lag160930,,Grant Writing for Researchers 
FIN,4303,001,,14,,,,,,,,,,,,0,,,,,"Furst, Jack D",,,,,,jdf170030,jack furst,Investment Strategies 
PPPE,6347,001,,5,3,3,2,,1,,,,,,,1,,,,,"Elliott, Euel W",,,,,,eelliott,euel elliott,Proseminar in Political Institutions and American Politics 
ACN,6348,501,,6,5,2,1,,,,,,,,,1,,,,,"Golden, Richard","Ryland, James W",,,,,golden,richard golden,Neural Net Mathematics 
CE,3310,002,2,1,,1,3,2,1,2,,1,,1,,1,,,,,"Coleman, James J","Chen, Jianfei",,,,,jjc130530,james coleman,Electronic Devices 
MUSI,2319,001,1,11,,,,,1,,,,,,1,1,,,,,"Durbin, Kelly",,,,,,kpdurbin,kelly durbin,Digital Music I 
HCS,6341,001,,7,1,3,1,1,,1,,,,,,0,,1,,,"Ploski, Jonathan E",,,,,,jep101000,jonathan ploski,Genes  Brain  and Behavior 
HONS,3199,HN1,3,7,3,,,,,1,,,,,,1,,,,,"Thompson, Christina M","Rippel, Scott A",,,,,cmt120030,christina thompson,Collegium V Honors Readings 
SPAN,2311,001,,5,4,2,,2,,,,,,,1,1,,,,,"Malouf, Maria",,,,,,mxm180084,,Intermediate Spanish I 
AMS,4300,001,,10,3,1,,,,,,,,,,1,,,,,"Parker, Teresa L",,,,,,tparker,teresa parker,Oral and Written Communication for the Classroom 
CHIN,1311,001,7,4,2,1,,,,,,,,,,1,,,,,"Chen, Bei",,,,,,bxc152730,bei chen,Beginning Chinese I 
OPRE,6301,PW1,,9,2,2,,,,1,,,,,,0,,1,,,"Wiorkowski, John",,,,,,wiorkow,john wiorkowski,
HUHI,6320,501,,5,4,3,1,,1,,,,,,,1,,,,,"Stewart, Whitney",,,,,,wxs160630,whitney stewart,Perceptions of the Past 
MECO,6355,001,,9,2,3,,,,,,,,,,0,,,,,"Bolton, Gary","Katok, Elena M",,,,,gxb122130,gary bolton,Deal Making Strategies 
MECH,4382,003,,2,5,3,1,,2,1,,,,,,1,,,,,"Hart, Robert A","Park, Wooram","Gravell, Jamie D","Upasham, Sayali S",,,rxh124630,robert hart,Senior Design Project II 
LIT,1301,501,,3,,,4,,,1,,,4,,2,1,,,,,"Walsh, Dennis P",,,,,,dpw031000,dennis walsh,Introduction to Literature 
EE,3110,103,,6,5,,2,1,1,,,,,,,0,,,,,"Lee, Gil S","Choi, Ye I",,,,,gslee,gill lee,Electronic Devices Laboratory 
CHEM,1111,109,4,4,,2,1,,,,,,1,,3,0,,,,,"Dissanayake, Dushanthi S","Morakabi, Katayoun",,,,,dxd122030,dushanthi dissanayake,General Chemistry Laboratory I 
CE,4389,001,,7,,,6,,1,,1,,,,,0,,,,,"Skinner, Neal G",,,,,,skinner,neal skinner,Senior Design Project II 
HONS,3199,HN2,,9,6,,,,,,,,,,,0,,,,,"Towner, Theresa",,,,,,tmtowner,theresa towner,Collegium V Honors Readings 
MECH,4382,009,,6,1,2,4,,,2,,,,,,0,,,,,"Hart, Robert A","Wilt, James C","Gravell, Jamie D","Upasham, Sayali S",,,rxh124630,robert hart,Senior Design Project II 
MECH,4382,004,,2,2,4,2,1,2,2,,,,,,0,,,,,"Hart, Robert A","Dai, Xianming","Gravell, Jamie D","Upasham, Sayali S",,,rxh124630,robert hart,Senior Design Project II 
SPAN,1311,001,4,8,3,,,,,,,,,,,0,,,,,"Leverone, Julia",,,,,,jxl162631,julia leverone,Beginning Spanish I 
LIT,3319,501,,2,4,3,4,,1,,,,,,1,0,,,,,"Greer, Erin",,,,,,exg180013,erin greer,Contexts 
AMS,2341,001,,4,2,,4,4,,1,,,,,,0,,,,,"Naqvi, Syed K",,,,,,skn180000,syed naqvi,American Studies for the Twenty-First Century 
MECH,4382,007,,5,3,2,2,2,1,,,,,,,0,,,,,"Hart, Robert A","Wilt, James C","Gravell, Jamie D","Upasham, Sayali S",,,rxh124630,robert hart,Senior Design Project II 
HONS,3115,HN1,,15,,,,,,,,,,,,0,,,,,"Thompson, Christina M",,,,,,cmt120030,christina thompson,Exploring Research at UT Dallas 
OB,6339,XS1,,7,6,2,,,,,,,,,,0,,,,,"Bolton, Gary",,,,,,gxb122130,gary bolton,
BPS,6255,XS1,,15,,,,,,,,,,,,0,,,,,"Strickland, Warren",,,,,,,warren strickland,
MECH,4382,006,,6,2,1,2,1,2,,1,,,,,0,,,,,"Hart, Robert A","Wilt, James C","Gravell, Jamie D","Upasham, Sayali S",,,rxh124630,robert hart,Senior Design Project II 
GEOS,3124,001,,5,1,2,2,,,2,1,2,,,,0,,,,,"Finkelman, Robert B",,,,,,rbf051000,robert finkelman,Energy  the Environment and Human Health 
CGS,3361,501,8,1,,1,3,1,,1,,,,,,0,,,,,"Roark, Dana A","Stouffer, Kari K",,,,,danar,dana roark,Cognitive Psychology 
EE,3120,104,,13,,,1,,,,,,,,1,0,,,,,"Zhou, Dian","Wang, Yifan",,,,,zhoud,dian zhou,Digital Circuits Laboratory 
HONS,3199,HN9,,7,8,,,,,,,,,,,0,,,,,"Brunell, Thomas","Seeligson, Michael B",,,,,tlb056000,thomas brunell,Collegium V Honors Readings 
ARTS,4366,001,4,11,,,,,,,,,,,,0,,,,,"Fridge, Brian D",,,,,,bdf081000,brian fridge,Advanced Drawing 
MECO,6312,002,,5,4,5,1,,,,,,,,,0,,,,,"Joo, Joonhwi","Zhu, Yifan",,,,,jxj180020,joonhwi joo,Applied Econometrics and Time Series Analysis 
BIOL,3357,001,1,7,5,1,1,,,,,,,,,0,,,,,"Hill, Brenna R",,,,,,brh140230,brenna hill,Mammalian Physiology with Lab 
PA,6313,001,,11,2,2,,,,,,,,,,0,,,,,"Goodman, Doug",,,,,,dxg101000,doug goodman,Public Policymaking and Institutions 
MECH,4382,001,,4,3,1,2,2,3,,,,,,,0,,,,,"Hart, Robert A","Fadda, Dani Z","Gravell, Jamie D","Upasham, Sayali S",,,rxh124630,robert hart,Senior Design Project II 
MECH,6313,001,,8,4,,2,1,,,,,,,,0,,,,,"Spong, Mark W",,,,,,mws081000,mark spong,Nonlinear Systems 
GISC,6317,001,,4,1,1,4,,2,1,,,,,2,0,,,,,"Chastain, Bryan J","Shi, Fan",,,,,bjc062000,bryan chastain,GIS Programming Fundamentals 
EE,3120,102,,15,,,,,,,,,,,,0,,,,,"Zhou, Dian","Wang, Yifan","Hu, Bo",,,,zhoud,dian zhou,Digital Circuits Laboratory 
IMS,6351,XS1,,14,1,,,,,,,,,,,0,,,,,"Foster Brady, Pamela",,,,,,,pamela foster brady,
BIOL,4360,001,2,3,1,2,3,2,,,,1,1,,,0,,,,,"Pickett, Elizabeth A",,,,,,eaw016100,elizabeth pickett,Evolution and Development 
ACN,6372,501,,11,,,4,,,,,,,,,0,,,,,"Dussor, Gregory O",,,,,,gxd141130,gregory dussor,The Neuroscience of Pain 
STAT,7345,501,,9,6,,,,,,,,,,,0,,,,,"Efromovich, Sam",,,,,,sxe062000,sam efromovich,Advanced Probability and Stochastic Processes 
OPRE,6302,CW1,,5,7,2,1,,,,,,,,,0,,,,,"Hassanzadeh, Nozar",,,,,,nozarh,nozar hassanzadeh,
MKT,6323,002,,6,,,6,3,,,,,,,,0,,,,,"Kumar, Nanda","Bhave, Ashutosh C",,,,,nkumar,nanda kumar,Database Marketing 
GEOS,3434,001,,2,6,4,3,,,,,,,,,0,,,,,"Pujana, Ignacio","Hetti Pathirannehelage, Diluni Ayeshika W","Xiong, Kai",,,,pujana,ignacio pujana,Paleobiology 
HONS,3199,H10,6,6,2,1,,,,,,,,,,0,,,,,"Bobilev, Anastasia",,,,,,axb180083,,Collegium V Honors Readings 
MATH,6322,501,,14,,1,,,,,,,,,,0,,,,,"Ramakrishna, Viswanath",,,,,,vish,viswanath ramakrishna,Mathematical Foundations of Data Science 
HONS,3199,HN6,,15,,,,,,,,,,,,0,,,,,"Farmer, J Michael",,,,,,jmf073000,michael farmer,Collegium V Honors Readings 
ED,3342,001,,13,1,,1,,,,,,,,,0,,,,,"Parker, Teresa L",,,,,,tparker,teresa parker,Classroom Management Grades EC - 6 
OB,6338,CH2,,14,1,,,,,,,,,,,0,,,,,"Behrendt, William","Rentschler, Margaret F",,,,,,william behrendt,
EE,3101,107,1,3,2,,1,,2,1,1,1,,,3,0,,,,,"Gu, Qing","Gharajeh, Abouzar",,,,,qxg160030,,Electrical Network Analysis Laboratory 
MECH,4382,002,,4,2,2,2,3,1,1,,,,,,0,,,,,"Hart, Robert A","Fadda, Dani Z","Gravell, Jamie D","Upasham, Sayali S",,,rxh124630,robert hart,Senior Design Project II 
BMEN,3150,101,2,5,2,2,1,,,1,,,1,,1,0,,,,,"Ali, Tariq M","Sanchez, Camilo A",,,,,tma051000,tariq ali,Biomedical Engineering Laboratory 
ATCM,3320,001,2,1,5,2,,2,1,,,1,,1,,0,,,,,"Llamas Rodriguez, Juan A",,,,,,jal171330,juan rodriguez,Critical Media Theories 
PSCI,6347,001,,3,7,4,,1,,,,,,,,0,,,,,"Elliott, Euel W",,,,,,eelliott,euel elliott,Proseminar in Political Institutions and American Politics 
NATS,4341,001,2,7,3,1,2,,,,,,,,,0,,,,,"York, Megan","Donaldson, Katherine E",,,,,mxy141130,megan york,Project-Based Instruction 
HONS,3111,HN1,6,6,2,,,,,1,,,,,,0,,,,,"Thompson, Christina M",,,,,,cmt120030,christina thompson,Science Fiction 
GISC,6381,501,,6,4,1,2,,,1,,,,,1,0,,,,,"Chun, Yongwan","Yu, Xiaohe",,,,,yxc070300,,Geographic Information Systems Fundamentals 
MECO,6303,001,,4,5,,3,2,,,,,,,1,0,,,,,"Liebowitz, Stan",,,,,,liebowit,stan liebowitz,Business Economics 
ACN,6346,001,,12,,,3,,,,,,,,,0,,,,,"Sultana, Rukhsana",,,,,,rxs170431,rukhsana sultana,Systems Neuroscience 
NSC,4353,101,5,1,,2,2,2,1,1,,1,,,,0,,,,,"McWilliams, Steven P","Driskill, Christopher M","Eroh, Justin T",,,,sxm127330,steven mcwilliams,Neuroscience Laboratory Methods 
PPOL,4396,002,1,6,2,3,1,1,,,,,,,1,0,,,,,"Boots, Denise P","Saucedo De La Fuente, David",,,,,dpb062000,denise boots,Topics in Public Policy 
HONS,3199,H13,,15,,,,,,,,,,,,0,,,,,"Earle, Doric E",,,,,,dee011000,doric earle,Collegium V Honors Readings 
OB,6337,CH2,,5,4,3,2,1,,,,,,,,0,,,,,"Latham, Van M","Behrendt, William",,,,,,van latham,
EE,3101,103,,11,1,1,1,,,,,,,,1,0,,,,,"Gu, Qing","Li, Zhitong",,,,,qxg160030,,Electrical Network Analysis Laboratory 
HONS,3199,HN7,6,4,3,,,2,,,,,,,,0,,,,,"Schwab, Robert",,,,,,rxs170230,,Collegium V Honors Readings 
ARTS,2381,001,,10,,,4,,,1,,,,,,0,,,,,"Trolli, Tabatha",,,,,,txt180022,,Introduction to Sculpture 
MECH,4382,005,,4,3,1,3,3,1,,,,,,,0,,,,,"Hart, Robert A","Gravell, Jamie D","Upasham, Sayali S",,,,rxh124630,robert hart,Senior Design Project II 
AUD,7182,001,,15,,,,,,,,,,,,0,,,,,"Cokely, Carol G",,,,,,cgc016200,,Issues in Mentoring and Counseling 
MECH,4382,008,,4,5,1,3,1,1,,,,,,,0,,,,,"Hart, Robert A","Wilt, James C","Gravell, Jamie D","Upasham, Sayali S",,,rxh124630,robert hart,Senior Design Project II 
ACCT,6202,GH1,,13,2,,,,,,,,,,,0,,,,,"Sadka, Gil","Fan, Zhongwen","Chu, Yu Fang",,,,gxs143630,gil sadka,
HONS,3108,HN1,,15,,,,,,,,,,,,0,,,,,"Prakash, Ravi",,,,,,ravip,ravi prakash,Internet and Public Policy 
MATH,2417,302,,,,,,,,,,,,,,0,,,,,"Ahsan, Mohammad K",,,,,,mka120030,mohammad ahsan,Calculus I 
MATH,2414,330,,,,,,,,,,,,,,0,,,,,"Anderson, Bill",,,,,,bxa180011,bill anderson,Integral Calculus 
MATH,2417,306,,,,,,,,,,,,,,0,,,,,"Makarenkov, Oleg",,,,,,oxm130230,oleg makarenkov,Calculus I 
EE,1202,802,,,,,,,,,,,,,,0,,,,,"Cogan, Diana L","Shreedhar Bhat, Gautam","Du, Lixiong","Mohamed, Ahmed M",,,dcc095020,diana cogan,Introduction to Electrical Engineering II 
MATH,2414,350,,,,,,,,,,,,,,0,,,,,"Aman, Kelly",,,,,,kxa143530,kelly aman,Integral Calculus 
MATH,2414,340,,,,,,,,,,,,,,0,,,,,"Westbury, Bruce W",,,,,,bww180001,bruce westbury,Integral Calculus 
MATH,2413,321,,,,,,,,,,,,,,0,,,,,"Ding, Hui",,,,,,hxd162130,hui ding,Differential Calculus 
CE,1202,306,,,,,,,,,,,,,,0,,,,,"Cogan, Diana L","Shreedhar Bhat, Gautam","Du, Lixiong","Vankayalapati, Bhanu Teja","Mohamed, Ahmed M",,dcc095020,diana cogan,Introduction to Electrical Engineering II 
MATH,2417,304,,,,,,,,,,,,,,0,,,,,"Ahsan, Mohammad K",,,,,,mka120030,mohammad ahsan,Calculus I 
MATH,2413,326,,,,,,,,,,,,,,0,,,,,"Nguyen, Mylinh T",,,,,,mln018200,mylinh nguyen,Differential Calculus 
MATH,2414,335,,,,,,,,,,,,,,0,,,,,"Rice, David",,,,,,dxr143630,david rice,Integral Calculus 
MATH,2414,331,,,,,,,,,,,,,,0,,,,,"Anderson, Bill",,,,,,bxa180011,bill anderson,Integral Calculus 
MATH,2418,315,,,,,,,,,,,,,,0,,,,,"Zhang, Yi",,,,,,yxz180069,yi zhang,Linear Algebra 
PHYS,3427,302,,,,,,,,,,,,,,0,,,,,"Frazier, Gary A",,,,,,gaf012000,gary frazier,Electronics with Laboratory 
MATH,2413,324,,,,,,,,,,,,,,0,,,,,"Ding, Hui",,,,,,hxd162130,hui ding,Differential Calculus 
MATH,2413,327,,,,,,,,,,,,,,0,,,,,"Nguyen, Mylinh T",,,,,,mln018200,mylinh nguyen,Differential Calculus 
HUHI,6323,001,,11,2,,,,,,,,,,,0,,3,,,"Channell, David",,,,,,channell,david channell,Space  Time  and Culture 
RHET,1302,029,,1,1,1,1,1,2,1,,1,1,1,3,1,,,,,"Sinckler, Robin",,,,,,rxs150131,robin sinckler,Rhetoric 
CS,4365,HON,,4,7,1,,,,1,,,1,,,2,,,,,"Ng, Yu Chung V",,,,,,ycn041000,vincent ng,Artificial Intelligence 
CS,6380,001,,6,3,5,,,,,,,,,,2,,,,,"Venkatesan, Subbarayan","Chung, Yu-Yen",,,,,venky,subbarayan venkatesan,Distributed Computing 
HLTH,1301,0W2,,4,,1,5,4,,,,,1,,,1,,,,,"Baetge, Claire",,,,,,cxb170330,claire baetge,Introduction to Kinesiology 
HUMA,1301,HN2,,8,4,2,,,,,1,,,,,0,,1,,,"Wilson, Michael",,,,,,mwilson,michael wilson,Exploration of the Humanities 
LIT,2329,001,9,,,3,1,,,,1,,,,1,1,,,,,"Starnaman, Sabrina",,,,,,sxs090100,sabrina starnaman,Introduction to Ethnic American Literature 
CE,3102,101,4,8,,2,1,,,,,,,,,1,,,,,"Webb, Jennifer H","Chandra Shekar, Ram Charan M","Shankar, Nikhil",,,,jhw170130,jennifer webb,Signals and Systems Laboratory 
DANC,2333,001,12,1,1,,,,,,,,,,1,1,,,,,"Owens, Misty",,,,,,mxo122530,misty owens,Jazz Dance 1 
MUSI,2328,002,5,6,,,3,,,1,,,,,,1,,,,,"Mcvay, Michael",,,,,,mjm031000,michael mcvay,Music Theory I 
SPAN,1312,002,1,6,3,1,1,1,,,1,,,,1,1,,,,,"Leverone, Julia",,,,,,jxl162631,julia leverone,Beginning Spanish II 
CLDP,3338,001,,3,2,2,2,2,,2,,,1,,1,1,,,,,"Santrock, John W","Spence, Melanie",,,,,santrock,john santrock,Adolescence 
ARTS,2316,001,2,1,2,2,3,3,,,,,,,2,1,,,,,"Ligon, Peter A",,,,,,pal140130,peter ligon,Painting Foundations 
ACCT,6301,PW1,,8,4,,1,2,,,,,,,,0,,1,,,"Solcher, Steven J","Keogh, Reagan D",,,,,sjs107020,steven solcher,
CS,5390,001,,3,2,3,6,1,,,,,,,,1,,,,,"Cobb, Jorge","Zhou, Shuang",,,,,jcobb,jorge cobb,Computer Networks 
EE,3120,106,4,2,3,1,,2,1,,1,,,,1,1,,,,,"Khoobroo, Amir","Zaman, Monir M",,,,,axk144831,amir khoobroo,Digital Circuits Laboratory 
PA,6382,001,,13,3,,,,,,,,,,,0,,,,,"Lee, Young-Joo","Upoma, Shahrin S",,,,,yxl093000,young joo lee,Nonprofit Management 
HDCD,6320,001,,6,1,1,7,,,1,,,,,,0,,,,,"Holub, Shayla C",,,,,,sch052000,shayla holub,The Developing Child  Toddler and Preschool Years 
MATH,6318,001,,7,,3,5,,,1,,,,,,0,,,,,"Minkoff, Susan E",,,,,,sem120030,susan minkoff,Numerical Analysis of Differential Equations 
SE,4347,006,1,1,3,3,5,1,1,,,,,1,,0,,,,,"Kumar, Pushpa S","Lu, Jing",,,,,pkumar,pushpa kumar,Database Systems 
OPRE,6389,501,,4,6,2,4,,,,,,,,,0,,,,,"Cakanyildirim, Metin","Shi, Lingling",,,,,metin,metin cakanyildirim,Managing Energy  Risk  Investment  Technology 
ARTS,4368,001,4,12,,,,,,,,,,,,0,,,,,"Pomara, John",,,,,,pomara,john pomara,Advanced Visual Arts 
MIS,6330,0W1,,7,3,2,1,2,1,,,,,,,0,,,,,"Cavusoglu, Huseyin","Ozdemir, Dicle Yagmur",,,,,huseyin,huseyin cavusoglu,Information Technology Security 
EE,3111,101,4,7,4,1,,,,,,,,,,0,,,,,"Lee, Hoi","Chen, Chen",,,,,hxl054000,hoi lee,Electronic Circuits Laboratory 
CHEM,6V19,501,,16,,,,,,,,,,,,0,,,,,"Nielsen, Steven",,,,,,son051000,steven nielsen,Special Topics in Physical Chemistry 
AMS,3322,001,1,3,5,3,2,2,,,,,,,,0,,,,,"Naqvi, Syed K",,,,,,skn180000,syed naqvi,American Ethnic Experience  Immigrants After 1945 
NSC,4353,104,2,4,4,,4,2,,,,,,,,0,,,,,"Sultana, Rukhsana","Inyang, Kufreobong E",,,,,rxs170431,rukhsana sultana,Neuroscience Laboratory Methods 
GISC,4325,001,3,4,3,,,3,1,1,1,,,,,0,,,,,"Dell, Brent",,,,,,bxd160430,brent dell,Introduction to Remote Sensing 
MATH,5303,001,,15,1,,,,,,,,,,,0,,,,,"Eydelzon, Anatoly",,,,,,axe031000,anatoly eydelzon,Advanced Calculus and Linear Algebra 
EESC,6360,001,,5,5,3,3,,,,,,,,,0,,,,,"Busso Recabarren, Carlos A","Hassan, Rana A",,,,,cxb093000,carlos busso,Digital Signal Processing I 
OPRE,6274,PS1,,13,2,,,1,,,,,,,,0,,,,,"Szot, James","Katz, Lothar","Turner, Gerald A","Goodman, Doug",,,,james szot,
OPRE,6373,PS1,,12,2,2,,,,,,,,,,0,,,,,"Szot, James","Goodman, Doug","LeBoeuf, Nicole T","Bassuk, Lawrence",,,,james szot,
NSC,4353,103,1,6,3,1,,2,1,1,,,,,1,0,,,,,"Raboune, Siham","Lackovic, Jacob",,,,,sxr180071,siham raboune,Neuroscience Laboratory Methods 
CS,6348,001,,8,2,1,4,,,,,,,,1,0,,,,,"Kantarcioglu, Murat","Dakshit, Sagnik",,,,,mxk055100,murat kantarcioglu,Data and Applications Security 
BCOM,3100,001,,12,2,,1,,,,1,,,,,0,,,,,"Berardi, Caryn S",,,,,,cds110030,caryn berardi,Professional Development 
BIOL,3102,001,3,,2,3,2,,,2,,,1,2,1,0,,,,,"Sarcar, Subha N",,,,,,sns064000,subha sarcar,Eukaryotic Molecular and Cell Biology Workshop 
MECO,6350,001,,7,3,6,,,,,,,,,,0,,,,,"Bolton, Gary","Han, Munhee",,,,,gxb122130,gary bolton,Game Theory 
ARTS,2350,001,,3,4,1,4,2,,2,,,,,,0,,,,,"Copeland, Colette",,,,,,cxc132230,colette copeland,Photography  Design 
FIN,4390,501,,5,2,2,4,1,1,,,,1,,,0,,,,,"Richardson, Debra L",,,,,,dlr150330,debra richardson,Seminar Series in Finance 
FIN,6352,502,,4,5,2,4,1,,,,,,,,0,,,,,"von Drathen, Christian","Hong, Yuan",,,,,cxv141430,christian von drathen,Financial Modeling For Corporate Analysis 
COMD,7392,001,,16,,,,,,,,,,,,0,,,,,"Dollaghan, Christine",,,,,,cxd062000,,Language Disorders and Reading Disabilities 
THEA,2372,001,,15,,1,,,,,,,,,,0,,,,,"Lingo, Kathy A",,,,,,klingo,kathy lingo,Improvisation 
NSC,4353,102,,8,6,2,,,,,,,,,,0,,,,,"Sultana, Rukhsana","Szabo-Pardi, Thomas A",,,,,rxs170431,rukhsana sultana,Neuroscience Laboratory Methods 
PSY,4393,001,,3,1,3,2,3,1,,,,,,3,0,,,,,"Ulatowska, Hanna K",,,,,,hanna,hanna ulatowska,Language in Culture and Society 
RMIS,4334,001,4,2,2,,,,2,,1,1,2,1,1,0,,,,,"Kaplan, Larry S",,,,,,lsk140130,larry kaplan,Insurance Law and Contracts 
ACCT,6377,001,,10,2,3,,1,,,,,,,,0,,,,,"McCuistion, Dennis",,,,,,dxm094000,dennis mccuistion,Corporate Governance 
MATH,3321,001,6,1,1,3,3,,1,,,,,,1,0,,,,,"Akbar, Mohammad M",,,,,,mma110020,mohammad akbar,Geometry 
MIS,6357,002,,16,,,,,,,,,,,,0,,,,,"Johnston, Walter L",,,,,,wlj031000,walter johnston,Advanced Business Analytics Using R 
ARTS,2380,001,3,5,1,1,,1,,2,1,,,,2,0,,,,,"Egan, Trey T",,,,,,tte150130,trey egan,Visual Design Foundations 
MKT,6323,001,,7,,5,1,3,,,,,,,,0,,,,,"Kumar, Nanda","Bhave, Ashutosh C",,,,,nkumar,nanda kumar,Database Marketing 
CRIM,4315,001,,5,4,3,1,1,,,,1,,,1,0,,,,,"Vieraitis, Lynne M","Sanford, Stephanie M",,,,,lmv071000,lynne vieraitis,Race  Ethnicity  and Justice 
GEOS,5375,501,,6,5,2,3,,,,,,,,,0,,,,,"Stern, Robert",,,,,,rjstern,robert stern,Tectonics 
PA,6342,0W1,,16,,,,,,,,,,,,0,,,,,"Benavides, Teodoro J",,,,,,tjb051000,teodoro benavides,Local Economic Development 
ARTS,4310,501,,3,3,1,8,,,1,,,,,,0,,,,,"Metz, Greg L",,,,,,glmetz,greg metz,Studies in Contemporary Exhibitions 
OPRE,6275,PS1,,11,3,1,1,,,,,,,,,0,,,,,"Szot, James","Rajamani, Divakar","Turner, Gerald A","LeBoeuf, Nicole T",,,,james szot,
ATCM,4307,001,,1,4,3,2,3,3,,,,,,,0,,,,,"McCord, Peter A",,,,,,pam062000,peter mccord,Lighting and Composition II 
ED,3345,001,,6,1,2,5,,,1,,,,,1,0,,,,,"McNulty, Angela B",,,,,,mcnulty,,Art  Music  and Physical Development Grades EC - 6 
MECH,3120,102,6,7,2,1,,,,,,,,,,0,,,,,"Hassanipour, Fatemeh","Jiang, Lin",,,,,fxh091000,fatemeh hassanipour,Heat Transfer Laboratory 
IMS,6091,0S1,,,,,,,,,,,,,,0,,,,17,"Woldu, Habte G","Dakshinamoorthy, Sowmika",,,,,wolduh,habte woldu,Regional Area Studies  Latin America 
HCS,7121,001,,,,,,,,,,,,,,0,,,,17,"Kroener, Sven",,,,,,sxk101000,sven kroener,Graduate Seminar in Systems Neuroscience 
MATH,2413,306,,,,,,,,,,,,,,0,,,,,"Cao, Yan",,,,,,yxc069200,yan cao,Differential Calculus 
MATH,2414,305,,,,,,,,,,,,,,0,,,,,"Duruoha, Adannah",,,,,,axd180037,adannah duruoha,Integral Calculus 
COMM,4360,001,2,5,2,1,2,,,,,,,,2,2,,1,,,"King, Carie S",,,,,,cxl085200,carie king,Communication Ethics 
BUAN,6356,004,,11,4,,,,,,,,,,,2,,,,,"Thouin, Mark","Singh, Tajinder",,,,,mxt083000,mark thouin,Business Analytics With R 
OPRE,6379,PW1,,9,2,3,1,,,,,,,,,1,,1,,,"Rajamani, Divakar",,,,,,dxr020100,divakar rajamani,
BIOL,3102,002,3,1,,1,2,3,3,1,,,1,1,,1,,,,,"Srikanth, Uma",,,,,,ukrish,uma srikanth,Eukaryotic Molecular and Cell Biology Workshop 
SPAN,3365,001,10,3,2,1,,,,,,,,,,1,,,,,"Camacho-Guardado, Lorena",,,,,,lxc163230,amalia lorena camacho guardardo,Advanced Spanish I 
GEOS,2302,001,2,1,1,2,3,1,,3,,,2,,1,1,,,,,"Cummings, Anthony R","Liau, Yan-Ting",,,,,arc131030,anthony cummings,The Global Environment 
MIS,6356,005,,5,3,3,4,1,,,,,,,,1,,,,,"Chen, Jianqing","Banda, Sanjana",,,,,jxc111031,jianqing chen,Business Analytics With R 
MIS,6356,001,,8,4,3,1,,,,,,,,,1,,,,,"Ge, Ling","Panthagani, Phanindra",,,,,lxg180006,,Business Analytics With R 
SE,3341,001,3,1,1,1,1,,3,2,,,,1,3,1,,,,,"Whalen, Tristan G","Zimmer, Kevin C",,,,,tgw100020,tristan whalen,Probability and Statistics in Computer Science and Software Engineering 
ACN,6313,501,,3,7,3,1,1,,1,,,,,,1,,,,,"Abdi, Herve","Yu, Ju-Chi",,,,,herve,herve abdi,Research Methods in Behavioral and Brain Sciences - Part II 
PPPE,6368,001,,6,6,3,,1,,,,,,,,1,,,,,"Bunte, Jonas B",,,,,,jbb130330,jonas bunte,Political Economy of Finance 
OPRE,6364,PS1,,11,3,2,,,,,,,,,,1,,,,,"Rajamani, Divakar",,,,,,dxr020100,divakar rajamani,
MECO,6303,GH1,,10,5,1,,1,,,,,,,,0,,,,,"Kiser, Stephen L",,,,,,slk012100,stephen kiser,
ACCT,6338,001,,8,2,1,5,1,,,,,,,,0,,,,,"Goodrich, Mary Beth W",,,,,,goodrich,mary beth goodrich,Accounting Systems Integration and Configuration 
EE,3110,104,,5,1,1,3,,,2,,,3,,2,0,,,,,"Lee, Gil S","Wang, Zhengyang",,,,,gslee,gill lee,Electronic Devices Laboratory 
CS,3354,003,,3,2,1,1,2,4,2,,,,2,,0,,,,,"Paulk, Mark C","Mousavi, Pooneh",,,,,mcp130030,mark paulk,Software Engineering 
HDCD,6390,001,,7,9,1,,,,,,,,,,0,,,,,"Baerwaldt, Natalie R",,,,,,nrb170000,,Infant Mental Health 
LIT,4329,001,,5,3,1,1,2,4,1,,,,,,0,,,,,"Cohen, Milton",,,,,,mcohen,milton cohen,Single Author 
CE,2336,501,3,4,2,6,2,,,,,,,,,0,,,,,"Khan, Ziaullah",,,,,,kkhan,ziaullah khan,Computer Science II 
OPRE,3310,5E1,3,3,,3,3,,1,3,,,1,,,0,,,,,"Sajjadi, Reza",,,,,,rxs179730,reza sajjadi,Operations Management 
ATCM,4379,001,1,3,13,,,,,,,,,,,0,,,,,"Lewis, Timothy M",,,,,,tml062000,timothy lewis,Topics in Games 
GEOG,2303,001,2,2,2,2,4,,2,1,,,,,2,0,,,,,"Vakulenko, Irina","Chen, Meifang",,,,,iav081000,irina vakulenko,People and Place  An Introduction to World Geographic Regions 
ECS,3390,0H7,2,4,5,1,2,,1,,1,1,,,,0,,,,,"Schlobohm, Maribeth L",,,,,,mls077000,maribeth (betsy) schlobohm,Professional and Technical Communication 
FIN,6301,GH1,,13,2,2,,,,,,,,,,0,,,,,"Reichert, Carolyn A",,,,,,carolyn,carolyn reichert,
BIOL,5381,001,,10,,,7,,,,,,,,,0,,,,,"Kim, Tae Hoon",,,,,,txk142630,,Genomics 
MECH,3120,103,10,4,,1,2,,,,,,,,,0,,,,,"Hassanipour, Fatemeh","Zaherisarabi, Shadi",,,,,fxh091000,fatemeh hassanipour,Heat Transfer Laboratory 
MUSI,2325,001,4,5,2,1,2,,,1,,,,1,1,0,,,,,"Hughes, William K",,,,,,wkh150030,william hughes,Vocal Instruction I 
CS,6301,001,,16,,1,,,,,,,,,,0,,,,,"Liu, Cong",,,,,,cxl137330,cong liu,Special Topics in Computer Science 
ATCM,3330,001,,4,2,3,1,1,2,,,1,,1,2,0,,,,,"Nielsen, Christina R",,,,,,crn022000,christina nielsen,Digital Art and Social Practice 
IMS,3310,012,,5,3,3,3,,3,,,,,,,0,,,,,"Zydorek, Hubert","Campos de Castro Ferreira, Leticia",,,,,hxz120930,hubert zydorek,International Business 
ACCT,6335,PP1,,13,,3,1,,,,,,,,,0,,,,,"Bortz, Tiffany A","Sarman, Patrick R",,,,,tabortz,tiffany bortz,Ethics for Professional Accountants 
SPAN,4364,001,13,3,1,,,,,,,,,,,0,,,,,"Camacho-Guardado, Lorena",,,,,,lxc163230,amalia lorena camacho guardardo,Advanced Spanish Culture 
PSYC,6313,001,,6,3,1,3,1,1,2,,,,,,0,,,,,"Juhn, Nancy H","Meldrum, Shelia",,,,,njuhn,nancy juhn,Research Methods in Behavioral and Brain Sciences - Part II 
PHYS,5302,501,,5,,8,2,2,,,,,,,,0,,,,,"Macalevey, Paul J","Kramer, Aaron A",,,,,paulmac,paul macalevey,Mathematical Methods of Physics II 
ENVR,2302,001,2,3,,3,4,,2,1,1,,1,,,0,,,,,"Cummings, Anthony R","Liau, Yan-Ting",,,,,arc131030,anthony cummings,The Global Environment 
CE,3311,001,1,2,,2,2,4,,3,1,,1,,1,0,,,,,"Lee, Gil S","Ren, Jiajun",,,,,gslee,gill lee,Electronic Circuits 
REAL,3305,001,1,2,1,1,,,3,3,1,1,2,1,1,0,,,,,"DeCourcy, George A",,,,,,gad075000,george decourcy,Real Estate Principles 
MATH,2420,003,,2,,,2,2,,4,4,,3,,,0,,,,,"Krawcewicz, Wieslaw Z",,,,,,wzk091000,wieslaw krawcewicz,Differential Equations with Applications 
FIN,4321,501,1,2,,,9,,1,3,,,,,1,0,,,,,"Hedgecock, Blake M",,,,,,bxh132030,blake hedgecock,Real Estate Law and Contracts 
RHET,1302,0H4,5,6,3,,1,,,,1,,,1,,0,,,,,"Hamilton, Cristen",,,,,,cch073000,cristen hamilton,Rhetoric 
CRWT,2301,002,,8,3,3,1,1,,1,,,,,,0,,,,,"DiNuzzo, Brian",,,,,,bxd141330,brian dinuzzo,Introductory Creative Writing 
CE,3302,002,1,,2,1,3,1,,5,4,,,,,0,,,,,"Kehtarnavaz, Nasser","Wei, Haoran",,,,,nxk019000,nasser kehtarnavaz,Signals and Systems 
ECON,6309,001,,9,3,5,,,,,,,,,,0,,,,,"Sul, Donggyu","Kwak, Jihun",,,,,dxs093000,donggyu sul,Econometrics I 
OPRE,6301,005,,8,2,2,,3,1,,,,,,1,0,,,,,"Toptal, Aysegul","Farajbakhsh Mamaghani, Fariba",,,,,axt083100,aysegul toptal,Statistics and Data Analysis 
CS,6367,001,,8,3,,1,1,1,3,,,,,,0,,,,,"Zhang, Lingming","Chen, Lingchao",,,,,lxz144130,lingming zhang,Software Testing  Validation and Verification 
COMM,1311,0W8,,2,2,3,3,2,1,,1,,,,3,0,,,,,"Carlson, Eric B",,,,,,ebc051000,eric carlson,
PSY,3100,501,7,8,,,,,,,,,,,2,0,,,,,"Choate, Michael J",,,,,,mchoate,michael choate,Careers in Psychology 
AUD,6306,001,,5,9,2,1,,,,,,,,,0,,,,,"Assmann, Peter",,,,,,assmann,peter assmann,Speech Science 
NSC,4353,105,4,1,2,5,4,1,,,,,,,,0,,,,,"Taylor, Anna M","Garner, Katherine M",,,,,amt180004,anna taylor,Neuroscience Laboratory Methods 
MKT,6329,501,,4,3,3,5,2,,,,,,,,0,,,,,"Bruce, Norris I","Roshangarzadeh, Reza","Kumar, Sumeet",,,,nxb018100,norris bruce,New Product Development 
ECON,6306,502,,12,,,5,,,,,,,,,0,,,,,"O'Brien, Daniel M","Choi, Soohyun",,,,,obri,daniel obrien,Applied Econometrics 
ATCM,3309,001,,4,5,,5,,1,1,,,,,1,0,,,,,"McComber, Sean",,,,,,sxm129130,sean mccomber,Pre-Production Design I 
CHIN,1312,001,8,4,1,2,1,,,,,,1,,,0,,,,,"Chen, Bei",,,,,,bxc152730,bei chen,Beginning Chinese II 
ATCM,4316,002,,17,,,,,,,,,,,,0,,,,,"Oropallo, Kara I",,,,,,kio160030,kara oropallo,Animation Lab I 
CRWT,3307,002,,8,6,2,,,,,,1,,,,0,,,,,"Greene, Kendra",,,,,,kxg180038,kendra greene,Creating Short Stories 
OPRE,7351,001,,,,,,,,,,,,,,0,,1,,17,"Sethi, Suresh",,,,,,sethi,,Seminar in Operations Management 
MATH,2417,310,,,,,,,,,,,,,,0,,,,,"Makarenkov, Oleg",,,,,,oxm130230,oleg makarenkov,Calculus I 
MATH,2414,329,,,,,,,,,,,,,,0,,,,,"Anderson, Bill",,,,,,bxa180011,bill anderson,Integral Calculus 
MATH,2414,309,,,,,,,,,,,,,,0,,,,,"Garrett, Bentley T",,,,,,btg032000,bentley garrett,Integral Calculus 
MATH,2414,332,,,,,,,,,,,,,,0,,,,,"Rice, David",,,,,,dxr143630,david rice,Integral Calculus 
MATH,2413,319,,,,,,,,,,,,,,0,,,,,"Alvarado, Iris",,,,,,ila180000,iris alvarado,Differential Calculus 
MATH,2413,301,,,,,,,,,,,,,,0,,,,,"Cao, Yan",,,,,,yxc069200,yan cao,Differential Calculus 
MATH,2413,316,,,,,,,,,,,,,,0,,,,,"Choi, Sl-ghi",,,,,,sxc173731,sl ghi choi,Differential Calculus 
MATH,2414,315,,,,,,,,,,,,,,0,,,,,"Sauter, Alan D","Ko, Eunmi",,,,,ads014500,alan sauter,Integral Calculus 
CE,4370,301,,,,,,,,,,,,,,0,,,,,"Carrion Schaefer, Benjamin",,,,,,bxc162630,benjamin carrion schaefer,Embedded Microprocessor Systems 
MATH,2414,314,,,,,,,,,,,,,,0,,,,,"Sauter, Alan D","Katbamna, Dhara D",,,,,ads014500,alan sauter,Integral Calculus 
MATH,2414,306,,,,,,,,,,,,,,0,,,,,"Duruoha, Adannah",,,,,,axd180037,adannah duruoha,Integral Calculus 
MATH,2414,803,,,,,,,,,,,,,,0,,,,,"Aman, Kelly",,,,,,kxa143530,kelly aman,Integral Calculus 
MATH,2414,334,,,,,,,,,,,,,,0,,,,,"Rice, David",,,,,,dxr143630,david rice,Integral Calculus 
CE,1202,801,,,,,,,,,,,,,,0,,,,,"Cogan, Diana L","Shreedhar Bhat, Gautam","Du, Lixiong","Mohamed, Ahmed M","Chen, Pengyuan",,dcc095020,diana cogan,Introduction to Electrical Engineering II 
MATH,2414,804,,,,,,,,,,,,,,0,,,,,"Sauter, Alan D","Rouf, Samiha C",,,,,ads014500,alan sauter,Integral Calculus 
MATH,2414,346,,,,,,,,,,,,,,0,,,,,"Choi, Sl-ghi",,,,,,sxc173731,sl ghi choi,Integral Calculus 
MATH,2413,303,,,,,,,,,,,,,,0,,,,,"Alvarado, Iris",,,,,,ila180000,iris alvarado,Differential Calculus 
MATH,2414,337,,,,,,,,,,,,,,0,,,,,"Westbury, Bruce W",,,,,,bww180001,bruce westbury,Integral Calculus 
MATH,2418,316,,,,,,,,,,,,,,0,,,,,"Zhang, Yi",,,,,,yxz180069,yi zhang,Linear Algebra 
MATH,2413,318,,,,,,,,,,,,,,0,,,,,"Alvarado, Iris",,,,,,ila180000,iris alvarado,Differential Calculus 
ATCM,4365,002,,5,2,,1,1,,1,,,,,4,4,,,,,"Christopher, Timothy V",,,,,,khimbar,timothy christopher,Game Design II 
RHET,1302,019,,3,3,2,4,2,1,,,,,,,1,,2,,,"Balasa, Alexandra",,,,,,axb177630,alexandra balasa,Rhetoric 
EPPS,7316,001,,5,4,2,3,1,,,,,,,,2,,,,,"Brandt, Patrick","Lux, Ryan J",,,,,pxb054000,patrick brandt,Regression and Multivariate Analysis 
COMM,1311,5W3,,,2,1,2,4,,1,1,,,,5,0,,2,,,"Baker, Barbara L",,,,,,blb140430,barbara baker,
RHET,1302,010,,11,3,1,,,,,1,,,,,1,,,,,"Al-Rashid, Entidhar H",,,,,,eha170000,entidhar al rashid,Rhetoric 
AP,3340,001,,7,3,3,1,,,,,,,2,,1,,1,,,"Goode, Dianne H",,,,,,dgoode,dianne goode,Writing in the Arts 
MUSI,2317,001,2,11,1,,,1,,,,,,,1,2,,,,,"Medrick, Mary A",,,,,,mam017200,mary medrick,Piano I 
CS,6301,007,,6,8,1,,1,,,,,,,,1,,1,,,"Yang, Wei","Li, Xiaodi",,,,,wxy180002,wei yang,Special Topics in Computer Science 
ARTS,1316,005,3,2,7,,1,1,1,,1,,,,1,1,,,,,"Booker, Rebecca M",,,,,,pdb041000,,Drawing Foundations 
HUSL,6330,001,,9,5,2,,,,,,,,,1,1,,,,,"Gossin, Pamela",,,,,,psgossin,pamela gossin,Studies in Literature and the Other Arts 
PPPE,6321,501,,6,2,7,1,1,,,,,,,,1,,,,,"Kim, Dohyeong",,,,,,dxk132530,dohyeong kim,Economics for Public Policy 
SOC,4306,001,2,4,4,1,2,1,1,1,,,,,1,1,,,,,"Simoni, Zachary",,,,,,zrs160030,zachary simoni,Advanced Sociological Research 
ATCM,4345,001,3,12,2,,,,,,,,,,,0,,1,,,"Terry, Dean",,,,,,dxt023000,,Digital Audio Processing 
ED,3340,501,3,2,1,1,2,4,2,2,,,,,,0,,1,,,"Haun, Julia T",,,,,,jlb018300,julia haun,Math Concepts for Teachers 
RHET,1302,030,1,3,7,2,2,,,,,,,,2,0,,1,,,"Crawford, Rachel",,,,,,rxc161430,rachel crawford,Rhetoric 
MUSI,2328,001,4,3,1,1,4,2,,1,,,,,1,1,,,,,"Mcvay, Michael",,,,,,mjm031000,michael mcvay,Music Theory I 
ACN,6333,001,,10,1,2,3,,,1,,,,,,1,,,,,"Basak, Chandramallika",,,,,,cxb116130,chandramallika basak,Memory 
RHET,1302,0H8,2,7,2,2,,1,1,1,,,,,1,1,,,,,"Hamilton, Cristen",,,,,,cch073000,cristen hamilton,Rhetoric 
BIOL,3161,004,3,2,2,2,1,1,,1,2,,2,1,,1,,,,,"Marsh, Robert",,,,,,rmarsh,robert marsh,Biochemistry Workshop I 
ED,4344,501,,,7,6,4,,,,,,,,,1,,,,,"Huisman, Ingrid",,,,,,ibh013000,ingrid huisman,Mathematics Methods for Elementary Teachers 
NATS,4141,501,2,12,1,,2,,,,,,,,,1,,,,,"Gammons Jr, Billy G","McConnell, James S",,,,,bgg021000,,UTeach Apprentice Teaching Seminar 
MKT,4350,001,1,3,2,3,4,3,2,,,,,,,0,,,,,"Biswas, Abhijit","Kulkarni, Chinmayi S","Kumar, Sumeet",,,,axb019100,abhijit biswas,Advertising 
ECS,3390,0H3,1,1,2,3,4,,1,,2,,1,,3,0,,,,,"King, Carie S",,,,,,cxl085200,carie king,Professional and Technical Communication 
ECS,3390,009,,10,5,1,,2,,,,,,,,0,,,,,"Mohsene, Laura L",,,,,,olive,laura mohsene,Professional and Technical Communication 
MKT,3330,001,5,1,4,1,2,1,,,1,,,1,2,0,,,,,"Amirpour, Semiramis",,,,,,sxa130731,semiramis amirpour,Introduction to Professional Selling 
ARTS,1316,002,,6,11,1,,,,,,,,,,0,,,,,"Mazurek, Michael R",,,,,,mrm141130,michael mazurek,Drawing Foundations 
ACCT,6367,501,,7,5,3,2,1,,,,,,,,0,,,,,"Gamino, John P",,,,,,jpg140630,john gamino,Multijurisdictional Taxation 
RHET,1302,013,1,13,,1,1,,,,1,,,,1,0,,,,,"Al-Rashid, Entidhar H",,,,,,eha170000,entidhar al rashid,Rhetoric 
THEA,3342,001,1,14,2,1,,,,,,,,,,0,,,,,"Hibbs, Shelby A",,,,,,sah140730,shelby hibbs,Advanced Topics in Theatre 
NATS,4390,001,3,3,2,3,3,1,,1,1,,,1,,0,,,,,"Taylor, Stephanie M","Hajeri, Vinita","Gallardo, Johnny","Stuart, Georgia K","Dozier, Preston D",,smt031000,stephanie taylor,Research Methods 
BMEN,4389,001,,9,4,2,1,1,,1,,,,,,0,,,,,"Polk, Todd W","Pacheco, Joe",,,,,twp017000,todd polk,Senior Design Project II 
EERF,7V89,001,,9,5,3,1,,,,,,,,,0,,,,,"Heins, Matthew S","Fang, Lei",,,,,msh130130,matthew heins,Special Topics in RF and Microwave Systems 
MKT,6337,001,,1,4,10,3,,,,,,,,,0,,,,,"Murthi, B P","Kamatham, Sriharsha",,,,,murthi,b p murthi,Predictive Analytics Using SAS 
PSCI,6319,001,,2,5,8,1,2,,,,,,,,0,,,,,"Diehl, Paul",,,,,,pxd153230,paul diehl,Proseminar in International Relations 
ACCT,3100,501,8,4,1,1,1,1,,,1,,1,,,0,,,,,"Newcomb, Rebecca G",,,,,,rgn100020,rebecca newcomb,Professional Development 
CS,6328,501,,18,,,,,,,,,,,,0,,,,,"Fishwick, Paul",,,,,,pxf130430,paul fishwick,Modeling and Simulation 
SE,3340,002,1,2,3,1,,3,1,,3,2,,,2,0,,,,,"Mazidi, Karen J",,,,,,kjm160430,karen mazidi,Computer Architecture 
HIST,4345,001,1,6,3,6,1,,,,1,,,,,0,,,,,"Ring, Natalie",,,,,,njr041000,natalie ring,Origins of the Jim Crow South 
PHYS,2303,001,2,2,3,4,3,1,1,1,,,,,1,0,,,,,"Khan, Amena","Stoikos, Evangelos",,,,,axk140130,amena khan,Contemporary Physics 
MIS,6332,501,,17,,,1,,,,,,,,,0,,,,,"Thompson, Luell O",,,,,,lot013000,luell thompson,ERP Configurations and Implementation 
EERF,6311,001,,10,2,2,2,2,,,,,,,,0,,,,,"Saad, Ricardo E","Ghosh, Suprovo",,,,,rsaad,ricardo saad,RF and Microwave Circuits 
RHET,1302,0H1,2,7,3,3,2,1,,,,,,,,0,,,,,"Riley, Kristin N",,,,,,knr091000,kristin riley,Rhetoric 
GISC,6384,001,,11,2,3,1,,,,,,,,1,0,,,,,"Qiu, Fang","Shah, Muna",,,,,ffqiu,fang qiu,Advanced Geographic Information Systems 
RHET,1302,0H3,6,6,,,4,,,,,1,1,,,0,,,,,"Riley, Kristin N",,,,,,knr091000,kristin riley,Rhetoric 
BMEN,3130,104,,11,4,3,,,,,,,,,,0,,,,,"Shihabeddin, Tarik","Dhamu, Vikram Narayanan",,,,,tzs170130,,Engineering Physiology Laboratory 
ACCT,6353,PP1,,7,6,4,1,,,,,,,,,0,,,,,"Solcher, Steven J","Keogh, Reagan D",,,,,sjs107020,steven solcher,Fundamentals of Taxation II 
CE,4388,001,,9,5,,4,,,,,,,,,0,,,,,"Tacca, Marco",,,,,,mtacca,marco tacca,Senior Design Project I 
MECH,3120,105,9,6,3,,,,,,,,,,,0,,,,,"Hassanipour, Fatemeh","Jiang, Lin",,,,,fxh091000,fatemeh hassanipour,Heat Transfer Laboratory 
ATCM,2335,504,,12,,2,,,1,,1,,1,,1,0,,,,,"Stewart, Michael C",,,,,,mxs128231,michael stewart,Internet Studio I 
HCS,7371,001,,16,2,,,,,,,,,,,0,,,,,"Moller, Aage R",,,,,,amoller,aage moller,Neuroplasticity and Disorders of the Nervous System 
SPAN,2312,001,7,2,8,1,,,,,,,,,,0,,,,,"Camacho-Guardado, Lorena",,,,,,lxc163230,amalia lorena camacho guardardo,Intermediate Spanish II 
BIOL,3320,002,6,5,1,1,3,2,,,,,,,,0,,,,,"Hajeri, Vinita","Gallardo, Johnny","Dozier, Preston D",,,,vxh151030,vinita hajeri,Applied Genetics 
FIN,6322,501,,10,3,3,1,1,,,,,,,,0,,,,,"DeCourcy, George A",,,,,,gad075000,george decourcy,Real Estate Finance and Investment 
ECS,3390,5H4,3,5,2,2,2,,1,1,,,1,,1,0,,,,,"Scally, Deborah A",,,,,,das,deborah scally,Professional and Technical Communication 
RHET,1302,007,,7,2,3,3,1,1,,,1,,,,0,,,,,"Ma, Ying",,,,,,yxm171930,ying ma,Rhetoric 
PHYS,4373,101,,14,3,1,,,,,,,,,,0,,,,,"Sun, Kuei","Maisberger, Matthew C",,,,,kxs147030,kuei sun,Physical Measurements Laboratory 
ECS,3390,014,,11,1,2,1,1,1,,,,,,1,0,,,,,"Glauser, Janece B",,,,,,jbg130030,janece glauser,Professional and Technical Communication 
PHYS,2125,137,3,11,2,1,,,,,,,,,1,0,,,,,"Sun, Kuei","Hathurusinghe Dewage, Prabuddha Madusanka",,,,,kxs147030,kuei sun,Physics Laboratory I 
PHYS,2126,604,10,6,,2,,,,,,,,,,0,,,,,"Macalevey, Paul J","Frazier, Gary A","Cailide, Christopher G",,,,paulmac,paul macalevey,Physics Laboratory II 
PHYS,2125,610,4,11,2,,1,,,,,,,,,0,,,,,"Sun, Kuei",,,,,,kxs147030,kuei sun,Physics Laboratory I 
ARTS,3379,001,,11,6,,,,,,,,,,1,0,,,,,"Loving, Emily",,,,,,exl097120,emily loving,Photography  New Media 
RHET,1302,506,1,4,5,1,2,,,1,,,,1,3,0,,,,,"Berry, Tracey R",,,,,,txb112130,tracey berry,Rhetoric 
CRWT,2301,001,,10,2,2,1,1,1,,,1,,,,0,,,,,"Lyons, Elizabeth",,,,,,exl180020,,Introductory Creative Writing 
ARTS,1316,006,1,9,,1,2,,2,1,,,,,2,0,,,,,"Ishii, Sara T",,,,,,isnii,,Drawing Foundations 
MUSI,4185,001,,18,,,,,,,,,,,,0,,,,,"Palant, Jonathan",,,,,,jxp170230,jonathan palant,Chamber Singers II 
RHET,1302,0H5,7,2,4,,2,,1,2,,,,,,0,,,,,"Riley, Kristin N",,,,,,knr091000,kristin riley,Rhetoric 
MKT,6301,GH1,,18,,,,,,,,,,,,0,,,,,"Albrecht, Maria",,,,,,mxa180037,maria albrecht,
ARTS,1316,501,,6,,1,11,,,,,,,,,0,,,,,"Lacy, Mary E",,,,,,mel024000,mary lacy,Drawing Foundations 
IPEC,4304,001,5,8,2,2,,,,1,,,,,,0,,,,,"Palao Mendizabal, Agustin","Islam, Iftekhairul",,,,,axp121731,agustin mendizabal,Political Economy of Latin America 
EESC,6361,501,,3,4,3,2,1,1,4,,,,,,0,,,,,"Panahi, Issa","Shankar, Nikhil",,,,,imp015000,issa panahi,Digital Signal Processing II 
PSY,3393,503,4,3,3,2,1,,2,,,,,,3,0,,,,,"Shirvani, Forouz","Han, Liang",,,,,fxk024000,forouz shirvani,Experimental Projects in Psychology 
RHET,1302,0H7,7,8,2,,,,,,,,,,1,0,,,,,"Riley, Kristin N",,,,,,knr091000,kristin riley,Rhetoric 
RHET,1302,002,5,5,5,,,,2,,1,,,,,0,,,,,"Saeidfar, Ghazal",,,,,,gxs153630,ghazal saeidfar,Rhetoric 
ACCT,6377,501,,7,7,1,1,1,1,,,,,,,0,,,,,"McCuistion, Dennis",,,,,,dxm094000,dennis mccuistion,Corporate Governance 
PHYS,5336,001,,16,,,2,,,,,,,,,0,,,,,"Lary, David J",,,,,,djl101000,david lary,Big Data and Machine Learning for Scientific Discovery 
BMEN,3130,105,,7,4,4,2,,1,,,,,,,0,,,,,"Myers, Kathleen","Bian, Fang","Atmaramani, Rahul",,,,kxm156530,kathleen myers,Engineering Physiology Laboratory 
FIN,6315,0W1,,6,3,4,3,1,,1,,,,,,0,,,,,"Pedigo, Madison F",,,,,,mfp013000,madison pedigo,Entrepreneurial Finance 
HONS,3199,HN4,2,11,5,,,,,,,,,,,0,,,,,"Wilson, Michael",,,,,,mwilson,michael wilson,Collegium V Honors Readings 
MECH,7392,001,,5,5,2,3,1,1,,,,,,1,0,,,,,"Thamban, P.L.Stephan","Garimella, Martand Mayukh",,,,,stephan,p l stephan thamban,Advanced Mathematics for Mechanical Engineers I 
MATH,2417,301,,,,,,,,,,,,,,0,,,,,"Ahsan, Mohammad K",,,,,,mka120030,mohammad ahsan,Calculus I 
MATH,2413,317,,,,,,,,,,,,,,0,,,,,"Alvarado, Iris",,,,,,ila180000,iris alvarado,Differential Calculus 
MATH,2413,315,,,,,,,,,,,,,,0,,,,,"Choi, Sl-ghi",,,,,,sxc173731,sl ghi choi,Differential Calculus 
MATH,2413,308,,,,,,,,,,,,,,0,,,,,"Cao, Yan",,,,,,yxc069200,yan cao,Differential Calculus 
MATH,2413,310,,,,,,,,,,,,,,0,,,,,"Martynova, Irina",,,,,,ixm140930,irina martynova,Differential Calculus 
MATH,2414,320,,,,,,,,,,,,,,0,,,,,"Nguyen, Mylinh T",,,,,,mln018200,mylinh nguyen,Integral Calculus 
MATH,2414,801,,,,,,,,,,,,,,0,,,,,"Lewis, David L","Helal, Md Abu",,,,,dlewis,,Integral Calculus 
MATH,2414,319,,,,,,,,,,,,,,0,,,,,"Nguyen, Mylinh T",,,,,,mln018200,mylinh nguyen,Integral Calculus 
MATH,2413,309,,,,,,,,,,,,,,0,,,,,"Martynova, Irina",,,,,,ixm140930,irina martynova,Differential Calculus 
MATH,2413,302,,,,,,,,,,,,,,0,,,,,"Martynova, Irina",,,,,,ixm140930,irina martynova,Differential Calculus 
MATH,2413,311,,,,,,,,,,,,,,0,,,,,"Martynova, Irina",,,,,,ixm140930,irina martynova,Differential Calculus 
MATH,2414,313,,,,,,,,,,,,,,0,,,,,"Garrett, Bentley T",,,,,,btg032000,bentley garrett,Integral Calculus 
MATH,2414,339,,,,,,,,,,,,,,0,,,,,"Westbury, Bruce W",,,,,,bww180001,bruce westbury,Integral Calculus 
MATH,2413,307,,,,,,,,,,,,,,0,,,,,"Cao, Yan",,,,,,yxc069200,yan cao,Differential Calculus 
MATH,2417,305,,,,,,,,,,,,,,0,,,,,"Makarenkov, Oleg",,,,,,oxm130230,oleg makarenkov,Calculus I 
MATH,2413,313,,,,,,,,,,,,,,0,,,,,"Choi, Sl-ghi",,,,,,sxc173731,sl ghi choi,Differential Calculus 
MATH,2413,314,,,,,,,,,,,,,,0,,,,,"Choi, Sl-ghi",,,,,,sxc173731,sl ghi choi,Differential Calculus 
MATH,2414,802,,,,,,,,,,,,,,0,,,,,"Garrett, Bentley T",,,,,,btg032000,bentley garrett,Integral Calculus 
MATH,2414,333,,,,,,,,,,,,,,0,,,,,"Rice, David",,,,,,dxr143630,david rice,Integral Calculus 
MATH,2414,322,,,,,,,,,,,,,,0,,,,,"Alvarado, Iris",,,,,,ila180000,iris alvarado,Integral Calculus 
MATH,2413,304,,,,,,,,,,,,,,0,,,,,"Ding, Hui",,,,,,hxd162130,hui ding,Differential Calculus 
MATH,2417,303,,,,,,,,,,,,,,0,,,,,"Ahsan, Mohammad K",,,,,,mka120030,mohammad ahsan,Calculus I 
MATH,2414,336,,,,,,,,,,,,,,0,,,,,"Rice, David",,,,,,dxr143630,david rice,Integral Calculus 
MATH,2414,310,,,,,,,,,,,,,,0,,,,,"Garrett, Bentley T","Cao, Cong",,,,,btg032000,bentley garrett,Integral Calculus 
MATH,2413,312,,,,,,,,,,,,,,0,,,,,"Martynova, Irina",,,,,,ixm140930,irina martynova,Differential Calculus 
MATH,2413,322,,,,,,,,,,,,,,0,,,,,"Ding, Hui",,,,,,hxd162130,hui ding,Differential Calculus 
MATH,2417,311,,,,,,,,,,,,,,0,,,,,"Ahsan, Mohammad K",,,,,,mka120030,mohammad ahsan,Calculus I 
UNIV,2V96,001,,,,,,,,,,,,,,0,18,,1,,"Jackson, D'ric A",,,,,,,dric jackson,
MATH,2414,325,,,,,,,,,,,,,,0,,,,,"Alvarado, Iris",,,,,,ila180000,iris alvarado,Integral Calculus 
MATH,2413,305,,,,,,,,,,,,,,0,,,,,"Cao, Yan",,,,,,yxc069200,yan cao,Differential Calculus 
MATH,2420,306,,,,,,,,,,,,,,0,,,,,"Krawcewicz, Wieslaw Z",,,,,,wzk091000,wieslaw krawcewicz,Differential Equations with Applications 
HUHI,6334,001,,14,1,,,,,,,,,,,0,,4,,,"Roemer, Nils H",,,,,,nhr061000,nils roemer,Exploring Urban Cultures 
RHET,1302,027,,2,1,,2,2,,1,,3,,,4,3,,,,,"Sinckler, Robin",,,,,,rxs150131,robin sinckler,Rhetoric 
ATCM,4365,001,,3,2,4,6,1,,,,,,,,3,,,,,"Lewis, Timothy M",,,,,,tml062000,timothy lewis,Game Design II 
ACN,6312,001,,4,2,1,1,2,1,4,,,,,1,3,,,,,"Juhn, Nancy H","Pongpipat, Ekarin E",,,,,njuhn,nancy juhn,Research Methods in Behavioral and Brain Sciences - Part I 
SOC,2300,001,,3,1,4,2,2,1,1,1,,,,1,3,,,,,"Werhnyak, Larissa",,,,,,lxw163630,larissa werhnyak,Introduction to Gender Studies 
ECS,3390,003,,2,6,6,2,,1,,,,,,,2,,,,,"Ryan, Christopher J",,,,,,cxr088000,christopher ryan,Professional and Technical Communication 
ECS,3390,0H2,1,2,3,2,2,1,3,,,,1,,2,2,,,,,"King, Carie S",,,,,,cxl085200,carie king,Professional and Technical Communication 
RHET,1302,502,,2,1,1,6,6,,,,,,,1,2,,,,,"Manes, Christopher L",,,,,,clm036000,christopher manes,Rhetoric 
ARTS,2350,002,,,10,6,1,,,,,,,,,2,,,,,"Palmer, Marcy A",,,,,,mxp070100,marcy palmer,Photography  Design 
THEA,3372,001,,14,,1,,,,1,1,,,,,2,,,,,"Lingo, Kathy A",,,,,,klingo,kathy lingo,Advanced Improvisation 
LIT,4329,002,,14,2,1,,,,,,,,,,1,,,,,"Towner, Theresa",,,,,,tmtowner,theresa towner,Single Author 
ARTS,3372,001,1,6,4,1,1,,,1,,,,1,2,2,,,,,"Durant, Stephanie D",,,,,,ddm043000,,Photography  Color Concepts 
ARTS,1301,HN1,7,7,1,,2,,,,,,,,,2,,,,,"Waligore, Marilyn A",,,,,,waligore,marilyn waligore,Exploration of the Arts 
ATCM,3310,001,3,7,1,1,,,1,1,1,1,,,1,2,,,,,"Kitagawa, Midori",,,,,,mxk047100,,Procedural Animation 
SPAN,2311,002,1,7,7,,,1,,,,,,,1,2,,,,,"Malouf, Maria",,,,,,mxm180084,,Intermediate Spanish I 
CRWT,3307,001,4,11,1,,1,,,,,,,,,2,,,,,"Martinez, Manuel L",,,,,,mlm160630,manuel martinez,Creating Short Stories 
RHET,1302,012,,3,5,2,1,1,,1,1,,,,3,0,,2,,,"Balasa, Alexandra",,,,,,axb177630,alexandra balasa,Rhetoric 
EE,3102,102,3,5,1,4,2,1,,1,,,,,1,1,,,,,"Webb, Jennifer H","Shankar, Nikhil","Azarang, Arian",,,,jhw170130,jennifer webb,Signals and Systems Laboratory 
RHET,1302,0H2,,6,2,1,5,,,,1,,,1,2,1,,,,,"Hamilton, Cristen",,,,,,cch073000,cristen hamilton,Rhetoric 
ED,4351,501,9,6,3,,,,,,,,,,,0,,1,,,"Davis, Renee",,,,,,rrd160530,renee davis,ESL for K-12 Teachers 
ECS,3390,016,,13,,3,1,,,,,,,,1,1,,,,,"Glauser, Janece B",,,,,,jbg130030,janece glauser,Professional and Technical Communication 
RHET,1302,504,,14,1,2,,,1,,,,,,,0,,,,,"Kirk, Kristina E",,,,,,kek160430,kristina kirk,Rhetoric 
ECS,3390,5H2,,3,3,2,1,3,3,,1,1,1,,,1,,,,,"Libby, Lee L",,,,,,llibby,lee libby,Professional and Technical Communication 
ECS,3390,005,,,4,3,3,5,1,1,,,,,1,0,,,,,"Crowder, Wade A",,,,,,wac010100,wade crowder,Professional and Technical Communication 
ECS,3390,5H5,,10,1,,4,1,,2,,,,,,1,,,,,"Scally, Deborah A",,,,,,das,deborah scally,Professional and Technical Communication 
ECS,3390,0H9,,11,4,2,1,,,,,,,,,1,,,,,"Hernandez-Katz, Melissa M",,,,,,mhkatz,melissa hernandez katz,Professional and Technical Communication 
CS,4141,107,14,2,1,1,,,,,,,,,,1,,,,,"Becker, Eric W","Shah, Trusit Sandipbhai","Adebiyi, Abdulmateen A",,,,ewb160130,eric becker,Digital Systems Laboratory 
RHET,1302,033,,13,,2,1,,,,,,,,2,0,,,,,"Kirk, Kristina E",,,,,,kek160430,kristina kirk,Rhetoric 
BUAN,6346,502,,7,3,5,2,1,,,,,,,,1,,,,,"Smashnov, Uri","Tripathi, Aarohi",,,,,uxs051000,uri smashnov,Big Data 
ECS,3390,0H5,4,2,4,2,2,1,1,,1,1,,,,1,,,,,"Schlobohm, Maribeth L",,,,,,mls077000,maribeth (betsy) schlobohm,Professional and Technical Communication 
RHET,1302,001,2,2,4,2,1,2,2,1,1,,,,1,1,,,,,"Ocasio-Russe, Lizbette",,,,,,lxo160130,lizbette ocasio russe,Rhetoric 
RHET,1302,031,2,4,3,1,1,3,,,1,1,,,2,0,,,,,"Shierry, Addison",,,,,,axs084500,addison shierry,Rhetoric 
ATCM,3369,002,,18,,,,,,,,,,,,1,,,,,"Andreen, Michael T",,,,,,mta072000,michael andreen,Games and Narrative I 
THEA,4301,501,3,9,,2,2,,,,2,,,,,1,,,,,"Curchack, Fred",,,,,,curchack,fred curchack,Acting for Film and Video 
MECH,6324,001,,5,1,4,1,,2,3,,,,,2,1,,,,,"Gregg, Robert D","Jafarzadeh, Mohsen",,,,,rdg130030,robert gregg,Robot Control 
RHET,1302,003,4,2,5,3,1,,,,1,,,,2,1,,,,,"Field, Amanda C",,,,,,axl151930,amanda field,Rhetoric 
RHET,1302,004,,6,9,,,,1,,,,,,2,0,,,,,"Ma, Ying",,,,,,yxm171930,ying ma,Rhetoric 
RHET,1302,017,,8,3,3,3,,,1,,,,,,0,,1,,,"King, Alana",,,,,,axk173530,alana king,Rhetoric 
RHET,1302,032,,8,5,1,3,,,1,,,,,,1,,,,,"Johnson, Kevin W",,,,,,kwj170030,kevin johnson,Rhetoric 
RHET,1302,505,,,,1,2,2,1,3,,,,,9,1,,,,,"Jimenez, Jose",,,,,,jxj105220,jose jimenez justiniano,Rhetoric 
AMS,3302,001,,3,4,5,3,,1,1,,,,,1,0,1,,,,"Werhnyak, Larissa",,,,,,lxw163630,larissa werhnyak,American Cultures 
BPS,4305,502,,,2,4,3,5,2,1,1,,,,,1,,,,,"Levine, Sheen S","Liao, Xin",,,,,ssl140530,sheen levine,Strategic Management 
MUSI,2317,003,4,10,,,3,,,1,,,,,,1,,,,,"Parsoneault, Catherine",,,,,,cxp160030,catherine parsoneault,Piano I 
RHET,1302,037,4,,4,2,2,2,,1,,,,,3,1,,,,,"Derdeyn, LeeAnn",,,,,,lxd091000,leeann derdeyn,Rhetoric 
RHET,1302,023,2,5,2,2,2,2,1,,1,,,,1,1,,,,,"Bovda, Alisa Y",,,,,,ayb091020,alisa bovda,Rhetoric 
RHET,1302,018,2,5,,2,3,,4,,2,,,,,1,,,,,"King, Alana",,,,,,axk173530,alana king,Rhetoric 
ATCM,4397,007,,18,,,,,,,,,,,,1,,,,,"Andreen, Michael T",,,,,,mta072000,michael andreen,Senior Seminar 
RHET,1302,025,6,7,2,,,,,2,1,,,,,0,,1,,,"Barber, Philip",,,,,,pxb173630,philip barber,Rhetoric 
MIS,6346,001,,5,2,6,2,2,1,,,,,,,0,,,,,"Bradbury, Judd D","Kulkarni, Aniket S","Muntha, Sainath",,,,jdb101000,judd bradbury,Big Data 
ECS,3390,012,,11,1,2,1,,,1,,1,,,1,1,,,,,"Glauser, Janece B",,,,,,jbg130030,janece glauser,Professional and Technical Communication 
SYSM,6302,SS1,,11,5,,2,,,,,,,,,1,,,,,"Spong, Mark W",,,,,,mws081000,mark spong,
ATCM,4376,001,,4,13,,,,,1,,,,,,1,,,,,"Chandler, Adam W",,,,,,awc051000,adam chandler,Game Production Lab I 
RHET,1302,0H6,,7,4,,4,1,,,,1,,,1,1,,,,,"Hamilton, Cristen",,,,,,cch073000,cristen hamilton,Rhetoric 
ED,4352,001,,7,2,1,4,,,1,1,,,1,1,1,,,,,"McNulty, Angela B",,,,,,mcnulty,,Reading I  Learning to Read 
COMM,1311,0W7,8,4,2,3,,,,,1,,,,,0,,,,,"Gregory, Mona Y",,,,,,myg140030,mona gregory,
HMGT,4380,001,,5,5,2,3,,2,1,,,,,,1,,,,,"Berrett, Britt R","Kaplan, Marilyn R","Janakiraman, Sreenath",,,,brb051000,britt berret,Capstone in Healthcare Management 
RHET,1302,503,,11,6,1,,,,,,,,,1,0,,,,,"Johnson, Kevin W",,,,,,kwj170030,kevin johnson,Rhetoric 
ECS,3390,011,,11,3,2,2,,,,1,,,,,0,,,,,"Mohsene, Laura L",,,,,,olive,laura mohsene,Professional and Technical Communication 
CS,6390,001,,4,3,2,5,5,,,,,,,,0,,,,,"Haas, Zygmunt J",,,,,,zjh130030,zygmunt haas,Advanced Computer Networks 
ARTS,3367,001,,8,,1,10,,,,,,,,,0,,,,,"Lacy, Mary E",,,,,,mel024000,mary lacy,Figure Drawing 
ED,4361,501,,13,4,,1,1,,,,,,,,0,,,,,"Pollock, Laurie L",,,,,,lly062000,laurie youngblood pollock,Classroom Management Secondary 
EE,3150,102,,2,5,3,2,3,1,1,,,,,2,0,,,,,"Ahmed, Shaheen","Apalak, Merve",,,,,sxa176730,shaheen ahmed,Communications Systems Laboratory 
ARTS,3340,001,4,15,,,,,,,,,,,,0,,,,,"Brown-Pearn, Spencer S",,,,,,ssb062000,spencer brown pearn,Topics in Studio Art 
ECS,3390,001,1,5,1,4,3,3,,,1,1,,,,0,,,,,"Moore, Lindsay E",,,,,,lem150330,lindsay moore,Professional and Technical Communication 
ATCM,4316,001,,19,,,,,,,,,,,,0,,,,,"Hall, Phillip",,,,,,pxh151330,phillip hall,Animation Lab I 
ECS,3390,013,,12,,2,1,1,2,1,,,,,,0,,,,,"Glauser, Janece B",,,,,,jbg130030,janece glauser,Professional and Technical Communication 
RHET,1302,016,1,6,2,2,1,1,,,1,,1,,4,0,,,,,"Wright, Adam M",,,,,,amw140430,adam wright,Rhetoric 
EEPE,6357,001,,5,11,3,,,,,,,,,,0,,,,,"Gohil, Ghanshyamsinh","Gandluru, Veerabharathchandrareddy",,,,,gxg172530,ghanshyamsinh gohil,Control  Modeling and Simulation in Power Electronics 
SPAU,4393,001,,6,,2,4,1,5,1,,,,,,0,,,,,"Ulatowska, Hanna K",,,,,,hanna,hanna ulatowska,Language in Culture and Society 
RHET,1302,021,,5,7,7,,,,,,,,,,0,,,,,"Aljararwa, Rasha",,,,,,rxa150230,rasha aljararwa,Rhetoric 
ECS,3390,5H6,,14,,,2,,,,,,1,1,1,0,,,,,"Scally, Deborah A",,,,,,das,deborah scally,Professional and Technical Communication 
MUSI,2315,002,14,1,1,,,,,,,,,,3,0,,,,,"Wilder, James E",,,,,,jew042000,james wilder,Guitar I 
RHET,1302,015,1,9,4,3,1,,1,,,,,,,0,,,,,"Berry, Tracey R",,,,,,txb112130,tracey berry,Rhetoric 
OB,6340,GW1,,4,3,5,7,,,,,,,,,0,,,,,"Solomon, Lawrence N",,,,,,,lawrence solomon,
RHET,1302,008,,5,4,3,,1,1,1,,,,,4,0,,,,,"Snyder, Sarah E",,,,,,sxs162031,sarah snyder,Rhetoric 
CS,4141,108,12,4,,2,,,,,,,,,1,0,,,,,"Becker, Eric W","Adebiyi, Abdulmateen A","Shah, Trusit Sandipbhai",,,,ewb160130,eric becker,Digital Systems Laboratory 
MECH,6373,001,,3,5,6,3,1,,1,,,,,,0,,,,,"You, Seung M",,,,,,smy130030,seung you,Convective Heat Transfer 
RHET,1302,028,9,4,1,,,1,1,,,,,,3,0,,,,,"Barber, Philip",,,,,,pxb173630,philip barber,Rhetoric 
ECS,3390,502,,14,4,,1,,,,,,,,,0,,,,,"Coppersmith, Syd",,,,,,sxc123831,syd coppersmith,Professional and Technical Communication 
ARTS,3363,001,1,3,9,,1,1,,2,,,,,2,0,,,,,"Tady, Lorraine T",,,,,,ltt042000,lorraine tady,Typography  Technology  Image 
MECH,6314,001,,9,9,1,,,,,,,,,,0,,,,,"Kapoor, Bhanu",,,,,,bxk101000,bhanu kapoor,Engineering Systems  Modeling and Simulation 
CS,4141,102,12,7,,,,,,,,,,,,0,,,,,"Becker, Eric W","Shah, Trusit Sandipbhai","Adebiyi, Abdulmateen A",,,,ewb160130,eric becker,Digital Systems Laboratory 
RHET,1302,034,1,6,3,1,2,2,1,,,,,,3,0,,,,,"Lyons, David L",,,,,,dll101020,david lyons,Rhetoric 
ECS,3390,5H3,,11,2,,4,,,1,,,,,1,0,,,,,"Scally, Deborah A",,,,,,das,deborah scally,Professional and Technical Communication 
EE,3150,101,2,,1,3,4,1,5,,,1,1,1,,0,,,,,"Ahmed, Shaheen","Apalak, Merve",,,,,sxa176730,shaheen ahmed,Communications Systems Laboratory 
BMEN,6342,001,,19,,,,,,,,,,,,0,,,,,"Rodrigues, Danieli B",,,,,,dxb127430,danieli b c rodrigues,Biomaterials and Medical Devices 
ECS,3390,002,2,5,,4,2,3,1,1,,,1,,,0,,,,,"Moore, Lindsay E",,,,,,lem150330,lindsay moore,Professional and Technical Communication 
ECS,3390,HN1,1,14,3,1,,,,,,,,,,0,,,,,"Ryan, Christopher J",,,,,,cxr088000,christopher ryan,Professional and Technical Communication 
MUSI,2317,002,1,15,,1,1,,,,,,,,1,0,,,,,"Medrick, Mary A",,,,,,mam017200,mary medrick,Piano I 
ECS,3390,5H7,,5,6,2,2,,1,,1,1,,,1,0,,,,,"Coleman, Amanda R",,,,,,axc173630,,Professional and Technical Communication 
CS,4141,601,16,3,,,,,,,,,,,,0,,,,,"Becker, Eric W","Shah, Trusit Sandipbhai","Adebiyi, Abdulmateen A",,,,ewb160130,eric becker,Digital Systems Laboratory 
RHET,1302,036,,,3,,2,1,3,,1,1,1,,7,0,,,,,"Jimenez, Jose",,,,,,jxj105220,jose jimenez justiniano,Rhetoric 
CRIM,4323,0H1,,16,,,1,,,1,,,,,1,0,,,,,"Wheeler, Andrew",,,,,,axw161530,,Communities and Crime 
ECS,3390,004,3,8,2,5,,,,,,,,,1,0,,,,,"Moore, Lindsay E",,,,,,lem150330,lindsay moore,Professional and Technical Communication 
BIOL,6351,001,,5,1,2,10,,,1,,,,,,0,,,,,"Burr, John G",,,,,,burr,john burr,Cellular and Molecular Biology of the Immune System 
ARTS,3372,501,,5,10,1,1,,,,,,,,2,0,,,,,"Loving, Emily",,,,,,exl097120,emily loving,Photography  Color Concepts 
ECS,3390,0H1,1,8,3,2,1,1,1,2,,,,,,0,,,,,"Schlobohm, Maribeth L",,,,,,mls077000,maribeth (betsy) schlobohm,Professional and Technical Communication 
MECH,6300,002,,3,9,1,1,3,,,,,,,2,0,,,,,"Moheimani, Seyed Omid Reza","Bing, Mallory A",,,,,sxm154130,,Linear Systems 
RHET,1302,005,5,5,2,1,1,,,2,,,,2,1,0,,,,,"Saeidfar, Ghazal",,,,,,gxs153630,ghazal saeidfar,Rhetoric 
ARTS,1316,001,9,8,1,,1,,,,,,,,,0,,,,,"Min, Inki A",,,,,,iam140230,inki min,Drawing Foundations 
ECS,3390,006,,3,9,1,5,1,,,,,,,,0,,,,,"Ryan, Christopher J",,,,,,cxr088000,christopher ryan,Professional and Technical Communication 
MUSI,2315,501,,12,4,2,,1,,,,,,,,0,,,,,"Hodan, Daniel M",,,,,,dmh017000,daniel hodan,Guitar I 
ENTP,6352,GW1,,12,7,,,,,,,,,,,0,,,,,"Ghosh, Jay K",,,,,,,jay ghosh,
ECS,3390,504,4,7,4,,2,,,,,,1,,1,0,,,,,"Nichols, Allene R",,,,,,allenen,allene nichols,Professional and Technical Communication 
RHET,1302,011,,12,1,3,1,,1,,,,,,1,0,,,,,"Snyder, Sarah E",,,,,,sxs162031,sarah snyder,Rhetoric 
RHET,1302,035,3,11,2,1,,,,,,,,,2,0,,,,,"Sengupta, Karl",,,,,,kss140330,karl sengupta,Rhetoric 
BMEN,3130,103,,7,6,4,2,,,,,,,,,0,,,,,"Shihabeddin, Tarik","Atmaramani, Rahul",,,,,tzs170130,,Engineering Physiology Laboratory 
RHET,1302,014,4,2,2,4,3,1,,,,,,1,2,0,,,,,"Wright, Adam M",,,,,,amw140430,adam wright,Rhetoric 
ED,3382,501,3,6,6,3,,,,,,,,,1,0,,,,,"Schlosser, Polly",,,,,,pxs091000,polly schlosser,Curriculum and Instruction in Social Studies 
ECS,3390,0H6,,9,5,3,,,1,1,,,,,,0,,,,,"Hernandez-Katz, Melissa M",,,,,,mhkatz,melissa hernandez katz,Professional and Technical Communication 
ARTS,1316,003,6,4,2,2,,3,,,1,,,,1,0,,,,,"Booker, Rebecca M",,,,,,pdb041000,,Drawing Foundations 
ARTS,1316,004,,6,8,3,2,,,,,,,,,0,,,,,"Mazurek, Michael R",,,,,,mrm141130,michael mazurek,Drawing Foundations 
ATCM,4319,003,5,3,3,2,1,1,1,,,,2,1,,0,,,,,"Camacho, Christopher J",,,,,,cjc043000,christopher camacho,Topics in Animation 
BMEN,6V87,002,,19,,,,,,,,,,,,0,,,,,"Porter, Benjamin A",,,,,,bap061000,benjamin porter,Special Topics in Biomedical Engineering 
IMS,6V93,0S1,,19,,,,,,,,,,,,0,,,,,"Hefley, William E",,,,,,weh150130,william hefley,Regional Area Studies  Asia 
ECS,3390,5H1,,3,3,1,5,2,1,2,1,,,,1,0,,,,,"Libby, Lee L",,,,,,llibby,lee libby,Professional and Technical Communication 
BIOL,3320,001,6,1,2,2,3,4,,,,1,,,,0,,,,,"Hajeri, Vinita","Gallardo, Johnny","Dozier, Preston D",,,,vxh151030,vinita hajeri,Applied Genetics 
ECS,3390,015,,13,3,1,,1,,,,,,,1,0,,,,,"Glauser, Janece B",,,,,,jbg130030,janece glauser,Professional and Technical Communication 
ECS,3390,007,,6,6,4,,2,,,,,,,1,0,,,,,"Moore, Lindsay E",,,,,,lem150330,lindsay moore,Professional and Technical Communication 
ECS,3390,505,,7,3,2,1,1,2,2,,,,1,,0,,,,,"Nichols, Allene R",,,,,,allenen,allene nichols,Professional and Technical Communication 
ECS,3390,010,,11,4,3,,1,,,,,,,,0,,,,,"Mohsene, Laura L",,,,,,olive,laura mohsene,Professional and Technical Communication 
RHET,1302,022,,10,6,1,,,,,,,,,2,0,,,,,"Aljararwa, Rasha",,,,,,rxa150230,rasha aljararwa,Rhetoric 
MUSI,2315,001,1,9,5,,,2,,,2,,,,,0,,,,,"Hodan, Daniel M",,,,,,dmh017000,daniel hodan,Guitar I 
ECS,3390,008,,3,5,4,1,3,1,2,,,,,,0,,,,,"Crowder, Wade A",,,,,,wac010100,wade crowder,Professional and Technical Communication 
PHYS,5313,001,,9,6,4,,,,,,,,,,0,,,,,"Zhang, Fan","Cheung, Patrick K",,,,,fxz140930,fan zhang,Statistical Physics 
EE,3101,101,,3,7,1,4,2,1,,,,,1,,0,,,,,"Gu, Qing","Li, Xi",,,,,qxg160030,,Electrical Network Analysis Laboratory 
OPRE,6359,501,,7,5,5,2,,,,,,,,,0,,,,,"Brussolo, Monica E","Qu, Zihao",,,,,meb049000,monica brussolo,Statistics for Data Science 
ECS,3390,0H8,,11,4,2,,,,1,1,,,,,0,,,,,"Hernandez-Katz, Melissa M",,,,,,mhkatz,melissa hernandez katz,Professional and Technical Communication 
ARTS,3341,001,,16,,,3,,,,,,,,,0,,,,,"Shi, Carle",,,,,,cxs174230,carle shi,Chinese Calligraphy 
OPRE,6250,GW1,,3,8,4,3,,,1,,,,,,0,,,,,"Hassanzadeh, Nozar",,,,,,nozarh,nozar hassanzadeh,
ATCM,3369,001,,17,,,,,,1,,,1,,,0,,,,,"Andreen, Michael T",,,,,,mta072000,michael andreen,Games and Narrative I 
RHET,1302,006,2,6,1,2,3,1,,1,1,,1,,1,0,,,,,"Johnson, Ryan L",,,,,,rlj160230,ryan johnson,Rhetoric 
RHET,1302,026,1,6,2,1,3,1,2,1,1,,,1,,0,,,,,"Bovda, Alisa Y",,,,,,ayb091020,alisa bovda,Rhetoric 
BLAW,4310,HON,,11,1,1,3,1,2,,,,,,,0,,,,,"Polze, Matthew M",,,,,,mmp062000,matthew polze,Current Issues in Business and Law 
RHET,1302,009,1,6,3,1,3,2,,1,2,,,,,0,,,,,"Johnson, Ryan L",,,,,,rlj160230,ryan johnson,Rhetoric 
ECS,3390,503,,15,3,,1,,,,,,,,,0,,,,,"Coppersmith, Syd",,,,,,sxc123831,syd coppersmith,Professional and Technical Communication 
MATH,1306,002,2,2,5,,2,1,3,2,1,1,,,,0,,,,,"Sutton, Julie",,,,,,jxs158030,julie sutton,College Algebra for the Non-Scientist 
ECS,3390,501,,7,5,2,1,1,,,1,1,,,1,0,,,,,"Mohsene, Laura L",,,,,,olive,laura mohsene,Professional and Technical Communication 
ARTS,3367,501,13,5,1,,,,,,,,,,,0,,,,,"Miranda, Jeffrey",,,,,,jxm069000,jeffrey miranda,Figure Drawing 
COMD,7172,001,,,,,,,,,,,,,,0,,,,20,"Lougeay, Janice",,,,,,lougeay,janice lougeay,
MATH,2414,328,,,,,,,,,,,,,,0,,,,,"Anderson, Bill",,,,,,bxa180011,bill anderson,Integral Calculus 
MATH,2414,317,,,,,,,,,,,,,,0,,,,,"Sauter, Alan D","Sapkota, Nirjal",,,,,ads014500,alan sauter,Integral Calculus 
MATH,2414,311,,,,,,,,,,,,,,0,,,,,"Garrett, Bentley T",,,,,,btg032000,bentley garrett,Integral Calculus 
MATH,2414,312,,,,,,,,,,,,,,0,,,,,"Garrett, Bentley T",,,,,,btg032000,bentley garrett,Integral Calculus 
MATH,2420,310,,,,,,,,,,,,,,0,,,,,"Rachinskiy, Dmitry",,,,,,dxr124030,dmitry rachinskiy,Differential Equations with Applications 
MATH,2414,327,,,,,,,,,,,,,,0,,,,,"Anderson, Bill",,,,,,bxa180011,bill anderson,Integral Calculus 
MATH,2414,307,,,,,,,,,,,,,,0,,,,,"Duruoha, Adannah",,,,,,axd180037,adannah duruoha,Integral Calculus 
MATH,2414,301,,,,,,,,,,,,,,0,,,,,"Lewis, David L","Alfaro, Jose F",,,,,dlewis,,Integral Calculus 
MATH,2414,318,,,,,,,,,,,,,,0,,,,,"Nguyen, Mylinh T",,,,,,mln018200,mylinh nguyen,Integral Calculus 
MATH,2414,321,,,,,,,,,,,,,,0,,,,,"Nguyen, Mylinh T",,,,,,mln018200,mylinh nguyen,Integral Calculus 
MATH,2414,308,,,,,,,,,,,,,,0,,,,,"Duruoha, Adannah",,,,,,axd180037,adannah duruoha,Integral Calculus 
MATH,2414,323,,,,,,,,,,,,,,0,,,,,"Alvarado, Iris",,,,,,ila180000,iris alvarado,Integral Calculus 
MATH,2419,301,,,,,,,,,,,,,,0,,,,,"Miller, James W",,,,,,jwm170630,james miller,Calculus II 
BIOL,3V84,PAC,,,,,,,,,,,,,,0,20,,,,"Gonzalez, Cristina M",,,,,,cxg042000,cristina gonzalez,Clinical Medicine IV 
MATH,2414,304,,,,,,,,,,,,,,0,,,,,"Lewis, David L","Caseria, Brendan J",,,,,dlewis,,Integral Calculus 
MATH,2414,303,,,,,,,,,,,,,,0,,,,,"Lewis, David L","Ruberu, Thanthirige Lakshika M",,,,,dlewis,,Integral Calculus 
MATH,2414,302,,,,,,,,,,,,,,0,,,,,"Lewis, David L","Annan, Augustine",,,,,dlewis,,Integral Calculus 
CE,4370,302,,,,,,,,,,,,,,0,,,,,"Carrion Schaefer, Benjamin",,,,,,bxc162630,benjamin carrion schaefer,Embedded Microprocessor Systems 
MATH,2414,324,,,,,,,,,,,,,,0,,,,,"Alvarado, Iris",,,,,,ila180000,iris alvarado,Integral Calculus 
PSCI,4V66,501,5,10,,,1,,,,,,,,,1,,,,,"Seagroves, Tony A",,,,,,tas064000,tony seagroves,Mock Trial 
MATH,1316,001,1,3,,2,,1,,1,4,,,1,5,1,,1,,,"Sutton, Julie",,,,,,jxs158030,julie sutton,Trigonometry 
NSC,4367,001,3,,,1,1,3,4,3,,,,,3,1,,1,,,"Miller, Van S",,,,,,vxm077000,van miller,Developmental Neurobiology 
CHEM,2401,002,1,5,4,2,3,1,1,1,,,,,,2,,,,,"Pantano, Paul","Remy, Ashele K",,,,,pantano,paul pantano,Introductory Quantitative Methods in Chemistry 
IPEC,4309,001,10,2,3,3,1,,,,,,,,,1,,,,,"Bray, Timothy M",,,,,,tmb021000,timothy bray,Urban Development 
SPAU,4342,001,1,9,4,,3,,,1,,,1,,,1,,,,,"Kaplan, Karen",,,,,,kkaplan,karen kaplan,Assessment Procedures in Speech-Language Pathology 
CHEM,2401,004,3,3,1,2,5,2,2,1,,,,,,0,,1,,,"Pantano, Paul","Perera, Alahendra Arachchige Sachini .",,,,,pantano,paul pantano,Introductory Quantitative Methods in Chemistry 
THEA,1351,501,1,16,2,,,,,,,,,,,1,,,,,"Hennigan, Edward B",,,,,,ebh062000,edward hennigan,Acting 1 
ATCM,4397,002,,16,,,3,,,,,,,,,0,,,,,"Salter, Monika",,,,,,mxs176131,monika salter,Senior Seminar 
CS,4141,602,12,4,3,,,,,,,,,,,1,,,,,"Becker, Eric W","Adebiyi, Abdulmateen A","Shah, Trusit Sandipbhai",,,,ewb160130,eric becker,Digital Systems Laboratory 
MECH,3115,102,12,1,2,3,,1,,,,,,,,1,,,,,"Ouyang, Hui","LeClear, Johnathon D",,,,,hxo150330,hui ouyang,Fluid Mechanics Laboratory 
HIST,2341,001,,1,3,2,3,1,3,2,2,1,,1,,1,,,,,"Farmer, J Michael","Dunham, Daniel C",,,,,jmf073000,michael farmer,East Asian History 
CS,4141,105,14,2,2,2,,,,,,,,,,0,,,,,"Becker, Eric W","Shah, Trusit Sandipbhai","Adebiyi, Abdulmateen A",,,,ewb160130,eric becker,Digital Systems Laboratory 
REAL,3305,003,,6,,,4,2,,3,2,,2,,1,0,,,,,"Guttery, Randall",,,,,,rxg112530,randall guttery,Real Estate Principles 
BMEN,7342,001,,8,8,2,,,,1,,,,,1,0,,,,,"Case, Allison B",,,,,,abc130530,allison case,Design of Experiments 
CHEM,2401,001,1,2,7,2,2,2,,2,,,,1,1,0,,,,,"Dissanayake, Dushanthi S","Tian, Yafen",,,,,dxd122030,dushanthi dissanayake,Introductory Quantitative Methods in Chemistry 
COMM,1311,0W9,9,8,1,1,1,,,,,,,,,0,,,,,"Vazzi, Lisa",,,,,,lxv160630,lisa vazzi,
CHEM,2401,003,,3,3,4,1,2,1,2,,,1,,3,0,,,,,"Sra, Amandeep K","Karunaweera, Chamaal",,,,,aks057000,amandeep sra,Introductory Quantitative Methods in Chemistry 
CS,4141,101,18,2,,,,,,,,,,,,0,,,,,"Becker, Eric W","Shah, Trusit Sandipbhai","Adebiyi, Abdulmateen A",,,,ewb160130,eric becker,Digital Systems Laboratory 
CE,4337,501,6,4,5,3,,,1,1,,,,,,0,,,,,"McMahan, Timothy","Desai, Takshak",,,,,txm173230,timothy mcmahan,Organization of Programming Languages 
ATCM,4397,005,3,4,1,3,4,3,,1,,,,,1,0,,,,,"Lewis, Timothy M",,,,,,tml062000,timothy lewis,Senior Seminar 
ITSS,4330,501,,1,2,3,7,4,1,2,,,,,,0,,,,,"Islam, Naser","Srivastava, Smriti",,,,,nxi110630,naser islam,Systems Analysis and Design 
EE,3150,104,6,3,2,1,3,3,,,1,1,,,,0,,,,,"Ahmed, Shaheen","Taherkhani, Nima",,,,,sxa176730,shaheen ahmed,Communications Systems Laboratory 
CS,6301,011,,13,4,2,1,,,,,,,,,0,,,,,"Wei, Shiyi",,,,,,sxw174630,shiyi wei,Special Topics in Computer Science 
OB,6332,001,,14,,1,5,,,,,,,,,0,,,,,"Ziegler, Laurie","Wijewardana, Galuge Hansani M",,,,,ziegler,laurie ziegler,Negotiation and Dispute Resolution 
EE,3111,102,7,10,2,,,,,,,,1,,,0,,,,,"Lee, Hoi","Liang, Jingchen",,,,,hxl054000,hoi lee,Electronic Circuits Laboratory 
COMM,1311,5W7,4,7,2,5,2,,,,,,,,,0,,,,,"Templeton, Allison A",,,,,,aam141730,allison templeton,
AMS,2300,HN1,,6,2,4,2,4,,1,,,,,1,0,,,,,"Smith, Erin",,,,,,erins,erin smith,American Popular Culture 
MECH,3115,105,11,9,,,,,,,,,,,,0,,,,,"Ouyang, Hui","LeClear, Sani","Nikfarjam, Hamed",,,,hxo150330,hui ouyang,Fluid Mechanics Laboratory 
IMS,4373,501,,2,8,3,3,3,1,,,,,,,0,,,,,"Lee, Seunghyun","Lee, Minjung",,,,,sxl029100,,Global Strategy 
CS,4141,104,16,,,,2,,1,,1,,,,,0,,,,,"Becker, Eric W","Shah, Trusit Sandipbhai","Adebiyi, Abdulmateen A",,,,ewb160130,eric becker,Digital Systems Laboratory 
ATCM,4330,001,,,5,6,6,2,,1,,,,,,0,,,,,"Cooley, Heidi",,,,,,hxc176430,heidi cooley,Culture Jamming 
ATCM,4305,001,,20,,,,,,,,,,,,0,,,,,"Hall, Phillip",,,,,,pxh151330,phillip hall,Computer Animation II 
CS,6360,MS1,,13,4,1,,,,1,,,,,1,0,,,,,"Raghavachari, Balaji",,,,,,rbk,balaji raghavachari,
ENGR,2300,HON,3,2,,6,4,,1,1,1,,1,,1,0,,,,,"Busso Recabarren, Carlos A","Huliyar Sridhara Murthy, Kusha Sridhar",,,,,cxb093000,carlos busso,Linear Algebra for Engineers 
EE,3150,103,1,5,3,2,3,1,,,2,,2,,1,0,,,,,"Ahmed, Shaheen","Taherkhani, Nima",,,,,sxa176730,shaheen ahmed,Communications Systems Laboratory 
OPRE,4320,001,,1,3,3,5,2,2,3,1,,,,,0,,,,,"Subramoniam, Ramesh","Musale, Vaibhav Vijay",,,,,rxs179630,ramesh subramoniam,Integrated SCM Information Systems 
ACCT,6384,SH1,,9,6,4,1,,,,,,,,,0,,,,,"Kromer, Jeffrey",,,,,,jrk013000,jeffrey kromer,
BUAN,6357,003,,6,6,4,3,1,,,,,,,,0,,,,,"Chatterjee, Sourav","Mittal, Piyush",,,,,sxc180075,sourav chatterjee,Advanced Business Analytics Using R 
CS,4141,103,19,,,,,,,,,,,,1,0,,,,,"Becker, Eric W","Adebiyi, Abdulmateen A","Shah, Trusit Sandipbhai",,,,ewb160130,eric becker,Digital Systems Laboratory 
MECH,3115,101,8,12,,,,,,,,,,,,0,,,,,"Ouyang, Hui","LeClear, Johnathon D","Nikfarjam, Hamed",,,,hxo150330,hui ouyang,Fluid Mechanics Laboratory 
MECH,3115,106,9,7,3,1,,,,,,,,,,0,,,,,"Ouyang, Hui","LeClear, Johnathon D",,,,,hxo150330,hui ouyang,Fluid Mechanics Laboratory 
CS,4141,HON,18,2,,,,,,,,,,,,0,,,,,"Page, Ivor","Adebiyi, Abdulmateen A",,,,,ivor,ivor page,Digital Systems Laboratory 
OPRE,6370,501,,15,3,1,,1,,,,,,,,0,,,,,"Sabri, Ehap H","Khandelwal, Kumar Manglam",,,,,exs055000,ehap sabri,Global Logistics and Transportation 
THEA,2350,001,17,1,1,1,,,,,,,,,,0,,,,,"Sanders, Christine",,,,,,cxs180032,christine sanders,Voice for the Actor 
PHYS,2126,601,4,8,2,2,1,2,,,,,,,1,0,,,,,"Macalevey, Paul J","Frazier, Gary A","Kakani, Vivek M",,,,paulmac,paul macalevey,Physics Laboratory II 
MECH,3115,103,14,2,4,,,,,,,,,,,0,,,,,"Ouyang, Hui","LeClear, Sani",,,,,hxo150330,hui ouyang,Fluid Mechanics Laboratory 
JAPN,1312,002,3,5,10,2,,,,,,,,,,0,,,,,"Allred, Michael K",,,,,,mka170830,michael allred,Beginning Japanese II 
CS,4141,106,17,1,,,,,1,1,,,,,,0,,,,,"Becker, Eric W","Adebiyi, Abdulmateen A","Shah, Trusit Sandipbhai",,,,ewb160130,eric becker,Digital Systems Laboratory 
BMEN,6373,001,,12,3,3,2,,,,,,,,,0,,,,,"Case, Allison B","Hays, Seth A",,,,,abc130530,allison case,Anatomy and Human Physiology for Engineers 
MECH,3115,104,13,1,2,3,1,,,,,,,,,0,,,,,"Ouyang, Hui","LeClear, Sani",,,,,hxo150330,hui ouyang,Fluid Mechanics Laboratory 
MIS,6319,0W1,,9,,,11,,,,,,,,,0,,,,,"Thompson, Luell O",,,,,,lot013000,luell thompson,Enterprise Resource Planning 
CLDP,3310,501,,10,2,6,2,,,,,,,,,0,,,,,"Bonner, Deborah L","Fowler, Mariah L",,,,,dbonner,deborah bonner,Child Development 
SE,6362,MS1,,6,3,2,3,1,2,1,,,,,2,0,,,,,"Paulk, Mark C",,,,,,mcp130030,mark paulk,
FIN,3380,002,1,2,6,2,4,,3,1,,,,,1,0,,,,,"Gurun, Ayfer",,,,,,axg119030,ayfer gurun,International Financial Management 
SYSM,6311,SS1,,18,1,1,,,,,,,,,,0,,,,,"Szot, James",,,,,,,james szot,
BIOL,6V02,001,,,,,,,,,,,,,,0,,,,21,"Kim, Jung-Whan",,,,,,jxk132330,jung whan (jay) kim,The Art of Scientific Presentation 
CE,1202,305,,,,,,,,,,,,,,0,,,,,"Cogan, Diana L","Shreedhar Bhat, Gautam","Du, Lixiong","Vankayalapati, Bhanu Teja","Mohamed, Ahmed M",,dcc095020,diana cogan,Introduction to Electrical Engineering II 
EE,1202,301,,,,,,,,,,,,,,0,,,,,"Cogan, Diana L","Shreedhar Bhat, Gautam","Du, Lixiong","Vankayalapati, Bhanu Teja","Chen, Pengyuan",,dcc095020,diana cogan,Introduction to Electrical Engineering II 
BUAN,6V99,001,,10,1,5,1,,,,,,,,,0,,,,,"Khan, Ziaullah","Sandilya, Nimish K",,,,,kkhan,ziaullah khan,Special Topics in Business Analytics 
BIS,3320,004,,4,,3,2,1,2,1,2,,1,,1,4,,,,,"Pogue, Neall W",,,,,,nxp174730,neall pogue,The Nature of Intellectual Inquiry 
CS,6374,001,,11,4,2,,,1,,,,,,1,1,,1,,,"Gupta, Gopal","Salazar, Elmer E",,,,,gupta,gopal gupta,Computational Logic 
CS,6366,001,,12,3,2,,1,,,,,,,1,2,,,,,"Guo, Xiaohu","Wang, Yeqi",,,,,xxg061000,xiaohu guo,Computer Graphics 
CS,4384,HON,8,3,2,2,1,3,,,,,1,,,1,,,,,"Pervin, William J",,,,,,pervin,william pervin,Automata Theory 
HIST,3324,001,,6,5,7,1,1,,,,,,,,1,,,,,"Wilson, Michael",,,,,,mwilson,michael wilson,Women in Modern European Society 
ED,4353,001,7,5,3,2,,1,,,2,,,,,0,,1,,,"Ahmed, Emelia",,,,,,eea190000,,Reading in Secondary Content 
PSY,3393,502,,16,2,,,,,1,1,,,,,0,,1,,,"Tillman, Gail D","Mizener, Brendon J",,,,,gtillman,gail tillman,Experimental Projects in Psychology 
SOC,4385,HN1,5,14,1,,,,,,,,,,,1,,,,,"Kim, Dohyeong",,,,,,dxk132530,dohyeong kim,Health and Illness in Global and Cross-national Perspective 
COMM,1311,0W5,4,4,1,4,2,1,,1,1,1,,1,,1,,,,,"Honea, Emily",,,,,,exh150830,emily honea,
PHYS,2125,609,7,6,1,2,3,,,,,,,,1,1,,,,,"Sun, Kuei","Rady, Nader",,,,,kxs147030,kuei sun,Physics Laboratory I 
BIOL,3380,308,,,2,2,1,2,3,4,3,,1,1,1,1,,,,,"Pan, Jing","Groover, Isaac A",,,,,jxp134330,jing pan,Biochemistry Laboratory 
ED,4357,002,,11,6,1,1,,,,,,,,1,1,,,,,"Leek, Patricia A",,,,,,santine,patricia leek,Diagnostic Reading 
MIS,6346,502,,3,2,4,4,5,1,1,,,,,,1,,,,,"Smashnov, Uri","Tripathi, Aarohi",,,,,uxs051000,uri smashnov,Big Data 
COMM,1311,0W6,2,3,3,2,2,4,1,,,,,,3,1,,,,,"Honea, Emily",,,,,,exh150830,emily honea,
PSCI,4396,HN1,5,14,2,,,,,,,,,,,0,,,,,"Roetzel, Natalie J",,,,,,njr120030,,Selected Topics in Government and Politics 
BPS,6310,501,,15,1,1,3,,,1,,,,,,0,,,,,"Carraher, Shawn M",,,,,,smc130730,shawn carraher,Strategic Management 
ATCM,4337,001,3,6,8,1,,,1,1,,,,,1,0,,,,,"Nazir, Cassini",,,,,,cassini,cassini nazir,Interaction Design II 
BIOL,3380,301,2,6,5,3,,1,1,1,1,,1,,,0,,,,,"Pan, Jing","Groover, Isaac A",,,,,jxp134330,jing pan,Biochemistry Laboratory 
IMS,6351,GS1,,18,3,,,,,,,,,,,0,,,,,"Foster Brady, Pamela",,,,,,,pamela foster brady,
FIN,3305,001,5,2,,4,4,,2,1,1,2,,,,0,,,,,"DeCourcy, George A",,,,,,gad075000,george decourcy,Real Estate Principles 
BUAN,6356,002,,11,5,3,1,1,,,,,,,,0,,,,,"Parker, Jason A","Mathur, Nitish",,,,,jap090020,jason parker,Business Analytics With R 
PA,3378,001,1,9,1,4,4,2,,,,,,,,0,,,,,"Gorina, Evgenia","Rabbi, Md. Fazle",,,,,exg131830,evgenia gorina,Public Finance and Economics 
MECH,4381,001,,6,5,2,4,3,,1,,,,,,0,,,,,"Hart, Robert A","Gravell, Jamie D","Koeln, Justin P",,,,rxh124630,robert hart,Senior Design Project I 
SMED,5302,501,,20,1,,,,,,,,,,,0,,,,,"Hennessy, Emily T",,,,,,eft031000,emily hennessy,Teaching and Learning of Science and Mathematics 
FIN,6310,501,,7,6,6,1,,,,,,,,1,0,,,,,"Khanapure, Revansiddha B","Hong, Yuan",,,,,rbk160130,revansiddha khanapure,Investment Theory and Practice 
PA,6320,501,,20,1,,,,,,,,,,,0,,,,,"McCaskill, John R",,,,,,jrm094020,john mccaskill,Organizational Theory 
HIST,4376,001,,6,10,1,1,1,1,1,,,,,,0,,,,,"Admiral, Rosemary",,,,,,rxa170011,rosemary admiral,Topics in History 
EECT,6325,001,,5,7,6,3,,,,,,,,,0,,,,,"Friedman, Joseph S","Hu, Xuan",,,,,jsf160330,joseph friedman,VLSI Design 
MIS,6383,501,,9,10,1,,1,,,,,,,,0,,,,,"Narayan, Ravishankar L","Banda, Sanjana",,,,,rln130030,ravishankar narayan,Programming Approaches for Data Management 
ATCM,3330,002,,2,1,5,5,2,3,1,1,,1,,,0,,,,,"Nielsen, Christina R",,,,,,crn022000,christina nielsen,Digital Art and Social Practice 
BIOL,3380,302,1,2,4,2,2,3,2,2,2,1,,,,0,,,,,"Rippel, Scott A","Tiruchendurai Suryan, Saai Anugraha",,,,,rippel,scott rippel,Biochemistry Laboratory 
GISC,4326,001,2,2,5,1,2,,2,3,1,1,1,1,,0,,,,,"Chun, Yongwan","Yu, Xiaohe",,,,,yxc070300,,Cartography and GeoVisualization 
ED,4351,001,9,7,4,,,,,,,,1,,,0,,,,,"Davis, Renee",,,,,,rrd160530,renee davis,ESL for K-12 Teachers 
BUAN,6356,502,,12,3,4,2,,,,,,,,,0,,,,,"Ge, Ling","Panthagani, Phanindra",,,,,lxg180006,,Business Analytics With R 
COMM,1311,5W5,7,7,2,,2,1,,,1,,,,1,0,,,,,"Gregory, Mona Y",,,,,,myg140030,mona gregory,
CS,6322,001,,18,2,,1,,,,,,,,,0,,,,,"Harabagiu, Sanda M","Maldonado, Ramon Manuel Martinez",,,,,sanda,sanda harabagiu,Information Retrieval 
COMM,1311,5W4,2,5,1,2,1,3,1,1,,1,,,4,0,,,,,"Baynham, Karen M",,,,,,contemp,karen baynham,
MKT,6337,003,,5,4,9,3,,,,,,,,,0,,,,,"Murthi, B P","Kamatham, Sriharsha",,,,,murthi,b p murthi,Predictive Analytics Using SAS 
IMS,3100,001,2,7,5,3,1,,2,,1,,,,,0,,,,,"Sluder, Jeanne",,,,,,jis081000,jeanne sluder,Professional Development 
EE,3301,001,,7,,,4,1,2,3,,,1,,3,0,,,,,"Helms, Robert","Palit, Prithviraj",,,,,rxh033000,,Electrical Network Analysis 
MAS,6102,SS1,,,,,,,,,,,,,,0,,,,22,"Powell, Monica S",,,,,,,monica powell,
MATH,2418,398,,,,,,,,,,,,,,0,,,,,"Arnold, Maxim",,,,,,mxa149530,maxim arnold,Linear Algebra 
MIS,6326,0W1,,7,4,4,5,,,,,,,,,2,,,,,"Ryu, Young","Kumar, Jitendra",,,,,ryoung,young ryu,Data Management 
LIT,3323,501,,10,,,7,,,1,,,2,,,2,,,,,"Walsh, Dennis P",,,,,,dpw031000,dennis walsh,The American Renaissance 1820-1865 
MATH,2418,HN1,4,3,4,1,4,1,,,1,,,,2,2,,,,,"Arnold, Maxim","Kravetc, Pavel",,,,,mxa149530,maxim arnold,Linear Algebra 
EPPS,6316,501,,8,4,3,5,1,,,,,,,,0,,1,,,"D'Orazio, Vito","Kingsolver, Austin W",,,,,vxd152030,vito dorazio,Applied Regression 
NATS,3341,001,5,8,4,,1,1,,,,,,,2,1,,,,,"Dingrando, Laurel P","Martin, Jody",,,,,lpd015000,laurel dingrando,Knowing and Learning in Mathematics and Science 
COMM,1311,0W3,1,14,2,1,1,2,,,,,,,,1,,,,,"Templeton, Allison A",,,,,,aam141730,allison templeton,
BIOL,2281,308,9,5,2,2,3,,,,,,,,,1,,,,,"Hill, Brenna R","Buyukkahraman, Gozde",,,,,brh140230,brenna hill,Introductory Biology Laboratory 
BIOL,3380,307,,2,6,3,3,2,1,,,,1,1,2,1,,,,,"Rippel, Scott A","Hulyalkar, Neha V",,,,,rippel,scott rippel,Biochemistry Laboratory 
STAT,5352,001,,11,4,,3,3,,,,,,,,1,,,,,"Shin, Sunyoung",,,,,,sxs177233,sunyoung shin,Probability and Statistics II 
CLDP,4308,001,,10,,,7,,,3,,,,,1,1,,,,,"Touchstone, Emily W","Boone, Melissa N",,,,,exw010200,emily touchstone,Language Disorders in Children 
PSY,3393,002,1,3,8,1,4,4,,,,,,,,1,,,,,"Park, Jiyoung","Himes, Lyndahl M",,,,,jxp176330,jiyoung park,Experimental Projects in Psychology 
BIOL,2281,301,2,2,5,2,4,2,,2,1,,,1,,1,,,,,"Pickett, Elizabeth A","Easterwood, Shayne",,,,,eaw016100,elizabeth pickett,Introductory Biology Laboratory 
ED,4359,0W1,2,7,5,1,2,,1,,,1,,,2,1,,,,,"Root, Alexey",,,,,,aroot,alexey root,Chess II  Institutional and Cultural Contexts of Chess 
CLDP,3310,001,,8,6,1,4,,1,1,,,,,,1,,,,,"Nelson Taylor, Jackie A","Villarreal, Deyaun L",,,,,jan110030,jackie nelson,Child Development 
CRWT,3330,001,,3,7,2,2,4,2,,1,,,,,1,,,,,"Vincent, Shelby D",,,,,,sdv034000,shelby vincent,Translation Workshop 
MATH,6311,001,,18,2,1,,,,,,,,,,1,,,,,"Williams, Nathan",,,,,,nxw170830,nathan williams,Abstract Algebra I 
COMD,7V56,001,,22,,,,,,,,,,,,0,,,,,"Rojas-Villarreal, Raul",,,,,,rxr105520,raul rojas villarreal,Bilingual Speech-Language Assessment and Intervention 
BIOL,2281,306,2,4,6,3,3,,1,,3,,,,,0,,,,,"Lin, Wen J","Gadhvi, Jashkaran G",,,,,wenju,wen ju lin,Introductory Biology Laboratory 
DANC,2332,001,8,5,2,,2,1,,,1,1,,,2,0,,,,,"Matzke, Sarah",,,,,,sxm180132,,Modern Dance 1 
FILM,3342,501,,3,1,2,5,2,4,2,2,,,,1,0,,,,,"Petty, John E",,,,,,jep140330,john petty,Topics in Film 
CE,4389,003,,12,2,8,,,,,,,,,,0,,,,,"Tacca, Marco",,,,,,mtacca,marco tacca,Senior Design Project II 
ACN,6342,0W1,,13,5,1,1,,1,,,,,,1,0,,,,,"Orrick, Erika D",,,,,,edo042000,erika orrick,Human Computer Interactions II 
COMM,1311,0W1,5,5,4,,2,1,3,,,1,,,1,0,,,,,"Baynham, Karen M",,,,,,contemp,karen baynham,
FIN,6335,501,,20,2,,,,,,,,,,,0,,,,,"Sibley, Daniel C",,,,,,dcs170002,daniel sibley,Energy Finance 
MECO,6303,PS1,,4,1,1,10,3,,3,,,,,,0,,,,,"Lewin, Peter","Ogunjobi, Olufunke A",,,,,plewin,peter lewin,
BIOL,3380,303,,1,12,2,2,2,,,1,,1,,1,0,,,,,"Rippel, Scott A","Tiruchendurai Suryan, Saai Anugraha",,,,,rippel,scott rippel,Biochemistry Laboratory 
ACN,7343,001,,14,,2,5,,,,,,,,1,0,,,,,"Thompson, Lucien",,,,,,tres,lucien thompson,Neuropharmacology 
BIOL,3380,306,1,3,8,2,4,3,,,,,,,1,0,,,,,"Bian, Fang","Thomas-Jardin, Shayna E",,,,,fxb180003,,Biochemistry Laboratory 
HMGT,6340,501,,14,5,2,1,,,,,,,,,0,,,,,"Berrett, Britt R","Janakiraman, Sreenath",,,,,brb051000,britt berret,Principles of Hospital Administration 
BIOL,3380,305,2,2,6,4,1,1,4,1,1,,,,,0,,,,,"Pan, Jing","Thomas-Jardin, Shayna E",,,,,jxp134330,jing pan,Biochemistry Laboratory 
ATCM,3337,501,1,6,7,7,,,,,,,,,1,0,,,,,"Nazir, Cassini",,,,,,cassini,cassini nazir,Interaction Design I 
ACCT,6382,501,,10,7,4,1,,,,,,,,,0,,,,,"Mauriello, Joseph A","Braughton, Caleb M","Wong, Angie M",,,,jam151430,joseph mauriello,Advanced Internal Auditing 
ED,3314,501,6,3,2,2,7,,,1,1,,,,,0,,,,,"Fagg, Sharon",,,,,,sxf044000,sharon fagg,The American Public School 
BIOL,2281,302,4,5,5,1,2,2,,1,2,,,,,0,,,,,"Pickett, Elizabeth A","Moore, Dalton E",,,,,eaw016100,elizabeth pickett,Introductory Biology Laboratory 
ISIS,3312,001,,3,,,10,2,1,2,,,3,,1,0,,,,,"Wissinger, Tonja",,,,,,twissin,tonja wissinger,Women in Management 
COMM,1311,5W2,1,5,2,3,4,3,1,,2,,,,1,0,,,,,"Templeton, Allison A",,,,,,aam141730,allison templeton,
BIOL,3380,304,2,3,6,3,2,2,,1,,1,,,2,0,,,,,"Pan, Jing","Hulyalkar, Neha V",,,,,jxp134330,jing pan,Biochemistry Laboratory 
BIOL,4380,302,,7,2,4,5,2,1,1,,,,,,0,,,,,"Borovkov, Irina G","Nowak, Chance M","Brathaban, Nivetha",,,,ixb053000,irina borovkov,Cell and Molecular Biology Laboratory 
ATCM,3335,001,4,1,4,1,1,3,2,2,,1,,,3,0,,,,,"Kane, Simon A",,,,,,sak043000,simon kane,Internet Studio II 
GEOG,3331,501,1,7,2,5,4,3,,,,,,,,0,,,,,"Vakulenko, Irina","Venigalla, Lasya",,,,,iav081000,irina vakulenko,Urban Growth and Structure 
FIN,6301,AW1,,14,4,3,1,,,,,,,,,0,,,,,"Reichert, Carolyn A",,,,,,carolyn,carolyn reichert,
BIOL,4380,305,,4,6,1,4,2,1,1,3,,,,,0,,,,,"Borovkov, Irina G","Wei, Hong",,,,,ixb053000,irina borovkov,Cell and Molecular Biology Laboratory 
ACCT,6305,002,,16,,1,5,,,,,,,,,0,,,,,"Loumioti, Maria","Hou, Liya",,,,,mxl175830,maria loumioti,Accounting for Managers 
COMM,1315,0H2,16,3,1,,1,,,,1,,,,,0,,,,,"Saenz, Michael A",,,,,,mas130030,michael saenz,Public Speaking 
BIOL,2281,312,5,3,5,1,2,2,1,1,,,1,,1,0,,,,,"Pickett, Elizabeth A","Udhayakumar, Bhavatharini",,,,,eaw016100,elizabeth pickett,Introductory Biology Laboratory 
MECH,3320,001,3,4,3,5,3,1,1,2,,,,,,0,,,,,"Dai, Xianming",,,,,,xxd161630,xianming dai,Heat Transfer 
CS,6301,006,,15,6,,1,,,,,,,,,0,,,,,"Du, Ding Z",,,,,,dxd056000,ding zhu du,Special Topics in Computer Science 
OPRE,4310,001,2,3,2,2,6,1,1,,2,,,,3,0,,,,,"Ramanathan, Kannan","Li, Changpei","Chou, Cheng-Chih",,,,kxr087000,kannan ramanathan,Lean and Six Sigma Processes 
ATCM,2300,205,,,,,,,,,,,,,,0,,,,,"Balsamo, Anne","Bell, Elizabeth A","Ramakrishnan, Sharathchandra",,,,axb161831,anne balsamo,Introduction to TechnoCulture 
MECH,4381,201,,,,,,,,,,,,,,0,,,,,"Hart, Robert A","Gravell, Jamie D",,,,,rxh124630,robert hart,Senior Design Project I 
CS,6326,001,,4,,,9,,,,,,,,,0,,1,,,"Cole, John","Shahbazi, Nima",,,,,jxc064000,john cole,Human Computer Interactions 
CS,1335,001,1,3,,2,3,3,,1,1,,3,,2,4,,,,,"Narayanasami, Priya",,,,,,pxn173330,priya narayanasami,Computer Science I for Non-majors 
BUAN,6341,501,,7,1,5,4,3,,,,,,,,2,,,,,"Sabir, Muhammad F","Sandilya, Nimish K",,,,,mfs170430,muhammad sabir,Applied Machine Learning 
MATH,1326,501,1,1,,2,1,,4,2,1,4,1,1,3,2,,,,,"Paudel, Ajaya B",,,,,,abp062000,ajaya paudel,Applied Calculus II 
MATH,4362,001,,7,3,,4,3,1,1,1,,,,1,2,,,,,"Turi, Janos",,,,,,turi,janos turi,Partial Differential Equations 
PSY,3393,001,,13,,,5,,,3,,,,,,1,,,,,"Meltzer, Mitchell A","Zhao, Yuguang",,,,,mam089100,mitchell meltzer,Experimental Projects in Psychology 
BIOL,2281,311,3,8,3,,,4,1,1,1,,1,,,1,,,,,"Pickett, Elizabeth A","Udhayakumar, Bhavatharini",,,,,eaw016100,elizabeth pickett,Introductory Biology Laboratory 
ECON,2302,HN1,,10,6,2,2,2,,,,,,,,1,,,,,"Grover, William C","Jeoun, Paul",,,,,wcg071000,william grover,Principles of Microeconomics 
PA,6315,501,,17,5,,,,,,,,,,,0,,1,,,"Harrington, James","Park, Yong Jun",,,,,jxh134630,james harrington,Evaluating Program and Organizational Performance 
GEOG,2302,001,3,2,,2,2,3,1,2,,,2,1,4,1,,,,,"Cummings, Anthony R","Liau, Yan-Ting",,,,,arc131030,anthony cummings,The Global Environment 
BIOL,2281,803,2,3,6,3,5,2,,,,1,,,,1,,,,,"Hill, Brenna R","Do, Hung P",,,,,brh140230,brenna hill,Introductory Biology Laboratory 
MECH,6342,001,,11,6,3,2,,,,,,,,,1,,,,,"Zhang, Jie",,,,,,jxz156730,jie zhang,Renewable Energy Systems Design and Optimization 
BIOL,2281,802,1,6,2,2,6,1,2,1,1,,,,,1,,,,,"Mehta, Iti","Saini, Ankur",,,,,ixm121430,iti mehta,Introductory Biology Laboratory 
MECH,6372,001,,8,2,2,5,3,2,,,,,,,1,,,,,"Leonardi, Stefano",,,,,,sxl139330,stefano leonardi,Turbulent Flows 
COMM,1311,5W1,,9,2,3,5,2,1,,,,,,,1,,,,,"Totusek, Patricia F",,,,,,pft140030,patricia totusek,
MATH,6302,501,,5,4,4,5,3,,1,,,,,,0,,1,,,"Krawcewicz, Wieslaw Z",,,,,,wzk091000,wieslaw krawcewicz,Functional Analysis I 
MKT,4332,001,4,10,,2,4,,,2,,,,,,1,,,,,"Dover, Howard F",,,,,,hfd021000,howard dover,Advanced Personal Selling 
CHEM,2125,107,13,7,2,,,,,,,,,,,1,,,,,"Wijenayake, Sumudu N","Wang, Hanghang",,,,,snw081000,sumudu wijenayake,Introductory Organic Chemistry Laboratory II 
HIST,4359,002,8,3,2,2,5,,,,,,,,2,1,,,,,"Roemer, Nils H","Valente, Sarah d","Gonzalez Corona, Pedro Jose",,,,nhr061000,nils roemer,Topics in Latin American History 
FIN,4300,002,4,5,2,1,2,1,2,,2,,1,1,1,1,,,,,"Tang, Xiaoxiao","Han, Munhee",,,,,xxt180003,xiaoxiao tang,Investment Management 
PHYS,2125,133,,17,1,1,,,,1,,,,,2,1,,,,,"Sun, Kuei","Mahmud, Mohammad M",,,,,kxs147030,kuei sun,Physics Laboratory I 
BIOL,2281,313,1,6,4,4,3,3,1,,,,,,,1,,,,,"Lin, Wen J","Saini, Ankur",,,,,wenju,wen ju lin,Introductory Biology Laboratory 
ACCT,4337,001,2,3,2,7,2,4,,,2,,,,,1,,,,,"Richards, James R",,,,,,jrr013500,james richards,Business Valuation 
HMGT,3311,002,,7,3,3,1,,3,2,2,,,,1,1,,,,,"Karnuta, Daniel",,,,,,dxk173030,daniel karnuta,Healthcare Accounting 
BUAN,6398,0W1,,7,1,1,5,7,,,,,,,1,1,,,,,"Kuo, Ching-Chung","Takasi, Venkanna Dora Goutham",,,,,cxk162830,,Prescriptive Analytics 
ACCT,6202,CH1,,22,,,1,,,,,,,,,0,,,,,"Sadka, Gil","Chu, Yu Fang","Fan, Zhongwen",,,,gxs143630,gil sadka,
CGS,2301,HN1,10,3,6,,1,2,,1,,,,,,0,,,,,"O'Toole, Alice J",,,,,,otoole,alice otoole,Cognitive Science 
CS,4384,002,5,1,2,3,,3,,2,2,3,,1,1,0,,,,,"Malik, Hemant","Wang, Yeqi",,,,,hxm142630,hemant malik,Automata Theory 
PSY,4344,001,3,9,2,1,5,,,1,,,,,2,0,,,,,"Ward, Felicia",,,,,,few160030,felicia ward,Child Psychopathology 
CHEM,5355,001,,13,,5,1,1,1,2,,,,,,0,,,,,"Zheng, Jie",,,,,,jxz087000,jie zheng,Analytical Techniques I 
BIOL,2281,305,4,10,4,1,,3,1,,,,,,,0,,,,,"Hill, Brenna R","Xia, Jing",,,,,brh140230,brenna hill,Introductory Biology Laboratory 
EERF,6395,001,,5,3,4,5,2,2,1,,,,,1,0,,,,,"Lehmann, Randall E","Li, Sen",,,,,rel041000,randall lehmann,RF and Microwave Systems Engineering 
PHIL,1301,HN1,,11,7,3,1,,,,1,,,,,0,,,,,"Bambach, Charles",,,,,,cbambach,charles bambach,Introduction to Philosophy 
BIOL,2281,310,3,5,9,2,3,,1,,,,,,,0,,,,,"Mehta, Iti","Ratevosyan, Richard",,,,,ixm121430,iti mehta,Introductory Biology Laboratory 
MKT,6301,CW1,,23,,,,,,,,,,,,0,,,,,"Munch, James",,,,,,,james munch,
PSY,4359,001,1,3,5,1,4,2,3,,,1,1,,2,0,,,,,"Rodrigue, Karen M","Gonen, Chen",,,,,kmr082000,karen rodrigue,Cognitive Neuroscience 
MIS,6204,591,,9,2,4,5,,1,,,,,,2,0,,,,,"Hefley, William E","Ozdemir, Dicle Yagmur",,,,,weh150130,william hefley,Information Technology for Management 
MECH,2120,105,7,3,5,5,2,,,,,,,,1,0,,,,,"Minary-Jolandan, Majid","Feng, Cheng",,,,,mxm124631,majid minary,Mechanics of Materials Laboratory 
SOC,1301,HN1,5,16,2,,,,,,,,,,,0,,,,,"Skaggs, Sheryl L","Burger, Charis M",,,,,slskaggs,sheryl skaggs,Introduction to Sociology 
BIOL,2281,801,1,1,7,,4,4,2,,2,1,,,1,0,,,,,"Mehta, Iti","Ratevosyan, Richard",,,,,ixm121430,iti mehta,Introductory Biology Laboratory 
PSY,3393,003,9,8,5,1,,,,,,,,,,0,,,,,"Schwark, Gayle","Parsons, Julie A",,,,,gxs180015,gayle schwark,Experimental Projects in Psychology 
BUAN,6357,501,,7,4,6,4,2,,,,,,,,0,,,,,"Chatterjee, Sourav","Mittal, Piyush",,,,,sxc180075,sourav chatterjee,Advanced Business Analytics Using R 
OPRE,6362,0W2,,6,7,3,4,3,,,,,,,,0,,,,,"Alborz, Shawn","Wang, Hao",,,,,sxa063000,shawn alborz,Project Management in Engineering and Operations 
GEOG,3370,501,1,4,4,3,3,2,1,2,,,2,,1,0,,,,,"Vakulenko, Irina","Venigalla, Lasya",,,,,iav081000,irina vakulenko,The Global Economy 
COMM,1311,501,3,9,4,4,1,1,1,,,,,,,0,,,,,"Skiles, Bradley W",,,,,,bws150030,bradley skiles,Survey of Oral and Technology-based Communication 
BIOL,2281,309,1,5,4,5,2,4,1,1,,,,,,0,,,,,"Lin, Wen J","Xia, Jing",,,,,wenju,wen ju lin,Introductory Biology Laboratory 
BIOL,2281,314,2,3,7,5,1,2,,2,1,,,,,0,,,,,"Mehta, Iti","Shashikanth Raj Urs, Karthik Urs Bangalore",,,,,ixm121430,iti mehta,Introductory Biology Laboratory 
CHEM,2128,HN1,16,6,1,,,,,,,,,,,0,,,,,"Thompson, Christina M","Hernandez, Jayoh A",,,,,cmt120030,christina thompson,Honors Organic Chemistry Laboratory II 
BIOL,2281,303,1,1,5,5,3,4,,3,1,,,,,0,,,,,"Pickett, Elizabeth A","Easterwood, Shayne",,,,,eaw016100,elizabeth pickett,Introductory Biology Laboratory 
ED,4358,0W1,7,6,2,,4,1,,2,,,,,1,0,,,,,"Root, Alexey",,,,,,aroot,alexey root,Chess I  Using Chess in Schools 
MIS,6316,0W1,,8,4,4,2,4,,,,,,,1,0,,,,,"Menon, Syam","Kumar, Jitendra",,,,,sxm021300,syam menon,Data Communications 
BIOL,3102,005,,2,3,2,4,4,3,4,,1,,,,0,,,,,"Sarcar, Subha N",,,,,,sns064000,subha sarcar,Eukaryotic Molecular and Cell Biology Workshop 
CS,3354,501,,4,4,4,6,4,1,,,,,,,0,,,,,"Christiansen, Michael G","Torabi, Behnam",,,,,mgc013000,michael christiansen,Software Engineering 
EESC,6352,001,,4,4,9,3,3,,,,,,,,0,,,,,"Minn, Hlaing","Abdelgelil, Mahmoud E",,,,,hxm025000,hlaing minn,Digital Communication Systems 
BIOL,2281,315,,3,3,4,3,4,,,2,,,,4,0,,,,,"Adams, Hannah M","Moore, Dalton E",,,,,hma073000,,Introductory Biology Laboratory 
CHEM,3362,001,,3,2,6,3,,1,1,1,1,3,,2,0,,,,,"Candas, Mehmet","Reitzer, Lawrence","McDill, Parker M","Sudarshan, Sushmita","Daescu, Kelly J","Song, Ming",candas,mehmet candas,Biochemistry II 
ATCM,4395,502,,10,,1,6,,3,1,2,,,,,0,,,,,"Stewart, Michael C","Owens, Samantha L",,,,,mxs128231,michael stewart,Advanced Topics in Arts  Technology  and Emerging Media 
BPS,6360,501,,11,5,2,5,,,,,,,,,0,,,,,"Hicks, Jeffrey N",,,,,,jnh061000,jeffrey hicks,Management and Organizational Consulting  Theory and Practice 
BIOL,2281,307,1,4,4,2,6,2,,2,,1,,,1,0,,,,,"Lin, Wen J","Gadhvi, Jashkaran G",,,,,wenju,wen ju lin,Introductory Biology Laboratory 
MATH,2414,022,2,1,1,1,1,1,3,6,2,1,,1,3,0,,,,,"Rice, David",,,,,,dxr143630,david rice,Integral Calculus 
BMEN,3399,002,3,2,3,1,,,2,4,2,1,1,1,3,0,,,,,"Meyer, Clark A","Rabe, Kaitlin G",,,,,cam140130,clark meyer,Introductory Biomechanics 
CHEM,2125,112,14,,8,,1,,,,,,,,,0,,,,,"Tran, Daniel N","Tajik Asl, Masoumeh",,,,,dnt019000,daniel tran,Introductory Organic Chemistry Laboratory II 
MECH,2120,104,2,5,12,3,1,,,,,,,,,0,,,,,"Minary-Jolandan, Majid","Cao, Dongyang",,,,,mxm124631,majid minary,Mechanics of Materials Laboratory 
BIOL,4380,303,,4,3,6,4,,1,2,1,1,,,1,0,,,,,"Borovkov, Irina G","Devaki, Bharath",,,,,ixb053000,irina borovkov,Cell and Molecular Biology Laboratory 
IMS,6204,PS1,,6,1,8,5,2,1,,,,,,,0,,,,,"Dalgic, Tevfik",,,,,,tdalgic,tevfik dalgic,
BIOL,2281,304,5,2,4,1,6,2,1,,1,1,,,,0,,,,,"Lin, Wen J","Buyukkahraman, Gozde",,,,,wenju,wen ju lin,Introductory Biology Laboratory 
BIOL,3520,001,,,,,,,,,,,,,,0,,,,,"Mehta, Iti",,,,,,ixm121430,iti mehta,General Microbiology with Lab 
MATH,2419,398,,,,,,,,,,,,,,0,,,,,"Ramakrishna, Viswanath",,,,,,vish,viswanath ramakrishna,Calculus II 
MATH,2413,320,,,,,,,,,,,,,,0,,,,,"Alvarado, Iris",,,,,,ila180000,iris alvarado,Differential Calculus 
MATH,2419,314,,,,,,,,,,,,,,0,,,,,"Eydelzon, Anatoly",,,,,,axe031000,anatoly eydelzon,Calculus II 
ATCM,2300,203,,,,,,,,,,,,,,0,,,,,"Balsamo, Anne","Bell, Elizabeth A","Paiva Homsi, Murilo",,,,axb161831,anne balsamo,Introduction to TechnoCulture 
EE,1202,003,2,4,1,1,2,2,2,1,1,,1,,3,4,,,,,"Cogan, Diana L",,,,,,dcc095020,diana cogan,Introduction to Electrical Engineering II 
PSY,3393,004,,15,,1,3,,,,,,2,,,3,,,,,"Dowling, Walter J","Gunal, Mehmet",,,,,jdowling,walter j dowling,Experimental Projects in Psychology 
ATCM,4397,001,,14,,,8,,,,,,,,,0,,,,,"Lester, Paul",,,,,,pxl152030,paul lester,Senior Seminar 
COMM,1311,014,7,5,3,,,1,1,4,,,1,,,2,,,,,"Krishnaswamy, Nandini",,,,,,nxk176230,,Survey of Oral and Technology-based Communication 
COMM,1311,504,1,3,9,1,3,2,1,1,1,,,,,2,,,,,"Juarez, Veronica",,,,,,vxj161430,veronica juarez,Survey of Oral and Technology-based Communication 
MECH,2120,106,5,8,3,2,1,1,,,,,1,,1,2,,,,,"Minary-Jolandan, Majid","Feng, Cheng",,,,,mxm124631,majid minary,Mechanics of Materials Laboratory 
COMM,1311,0W2,5,4,7,,2,1,1,,,,,,2,2,,,,,"Templeton, Allison A",,,,,,aam141730,allison templeton,
DANC,2321,001,7,5,3,1,1,1,,2,1,,,,1,2,,,,,"Hanlon, Michele J",,,,,,mhanlon,,Stretch  Conditioning  Alignment 
CLDP,3339,001,,7,3,,2,1,,4,1,,,,4,1,,,,,"Huxtable-Jester, Karen J",,,,,,kxh014900,karen huxtable jester,Educational Psychology 
COMM,1311,002,,5,3,3,3,3,2,,1,,,,2,2,,,,,"Baker, Barbara L",,,,,,blb140430,barbara baker,Survey of Oral and Technology-based Communication 
GISC,4386,001,4,2,,3,3,3,2,2,,,,,4,1,,,,,"Cummings, Anthony R","Liau, Yan-Ting",,,,,arc131030,anthony cummings,Global Change and Its Challenges 
MECH,2120,102,13,7,1,1,,1,,,,,,,,1,,,,,"Minary-Jolandan, Majid","Zhang, Runyu",,,,,mxm124631,majid minary,Mechanics of Materials Laboratory 
ATCM,2320,001,,1,5,4,8,1,2,1,,,,,1,1,,,,,"Imaoka, Laura",,,,,,lxi170030,laura imaoka,Critical Media Research Foundations 
GEOS,2409,001,,,,,1,3,12,,3,,1,1,2,1,,,,,"Manton, William I",,,,,,manton,william manton,Rocks and Minerals 
FIN,4340,001,,4,4,8,4,3,,,,,,,,1,,,,,"Zhao, Feng","Lee, Pil-Seng",,,,,fxz082000,feng zhao,Options and Futures Markets 
COMM,1311,010,11,2,6,1,1,,,,,,1,,1,1,,,,,"Moss, Daniel J",,,,,,djm161130,daniel moss,Survey of Oral and Technology-based Communication 
EPPS,7304,501,,17,5,1,,,,,,,,,,1,,,,,"Palao Mendizabal, Agustin",,,,,,axp121731,agustin mendizabal,Cost-Benefit Analysis 
COMM,1311,006,3,13,3,3,1,,,,,,,,,1,,,,,"Totusek, Patricia F",,,,,,pft140030,patricia totusek,Survey of Oral and Technology-based Communication 
CE,3301,501,,4,,,6,,,10,,,1,,2,1,,,,,"Pitz, Jeanne","Taherkhani, Nima","Kumar, Saurabh","Nourmohamadi, Hesam",,,jxp133430,jeanne pitz,Electrical Network Analysis 
EPPS,7371,001,,16,5,2,,,,,,,,,,0,,,,,"Clarke, Harold D",,,,,,hclarke,harold clarke,Time Series Analysis II 
HLTH,4380,0W2,,4,2,1,1,2,5,1,1,1,1,2,2,1,,,,,"Isham, Stephanie",,,,,,sisham,,Special Topics in Healthcare 
PSY,3355,001,4,1,,4,8,,3,1,,,,,2,1,,,,,"Grohman, Magdalena G",,,,,,mgg092000,magdalena grohman,Psychology of Creativity 
COMM,1311,503,2,10,2,1,2,1,,,,1,1,1,2,1,,,,,"Juarez, Veronica",,,,,,vxj161430,veronica juarez,Survey of Oral and Technology-based Communication 
MKT,3330,501,4,8,2,,3,2,1,1,1,,,,1,0,,1,,,"Gafford, Jerome M",,,,,,jmg171130,jerome gafford,Introduction to Professional Selling 
COMM,1315,0H1,13,4,2,1,,,,1,,,,,2,1,,,,,"Saenz, Michael A",,,,,,mas130030,michael saenz,Public Speaking 
MECH,4110,103,6,4,3,7,1,1,,,,,,,1,1,,,,,"Li, Yaoyu","Kumar, Devesh","Wu, Zhongyou","Li, Changyuan",,,yxl115230,yaoyu li,Systems and Controls Laboratory 
MATH,2417,004,1,,1,1,,1,4,2,1,1,3,,8,1,,,,,"Ahsan, Mohammad K",,,,,,mka120030,mohammad ahsan,Calculus I 
COMM,1311,001,,1,5,2,6,4,3,1,,,2,,,0,,,,,"Baker, Barbara L",,,,,,blb140430,barbara baker,Survey of Oral and Technology-based Communication 
SE,3341,004,8,1,1,3,,1,2,1,2,1,1,2,1,0,,,,,"Whalen, Tristan G","Lutz, Kevin C",,,,,tgw100020,tristan whalen,Probability and Statistics in Computer Science and Software Engineering 
BIOL,3102,004,2,3,4,2,1,3,1,2,4,1,1,,,0,,,,,"Srikanth, Uma",,,,,,ukrish,uma srikanth,Eukaryotic Molecular and Cell Biology Workshop 
MECH,4110,102,,5,12,5,1,,1,,,,,,,0,,,,,"Li, Yaoyu","Kumar, Devesh","Wu, Zhongyou","Li, Changyuan",,,yxl115230,yaoyu li,Systems and Controls Laboratory 
ACCT,6365,501,,1,6,9,3,2,2,1,,,,,,0,,,,,"Cheng, Samuel","Nguyen, Kevin K",,,,,sxc109021,samuel cheng,Governmental and Not-For-Profit Accounting 
ATCM,3372,002,7,1,5,1,5,,1,2,,,,,2,0,,,,,"Fitzgerald, Harold E",,,,,,hxf170830,hal fitzgerald,Sound Design for Animation and Games 
MECH,2120,101,14,2,4,1,,,,,,,,,3,0,,,,,"Minary-Jolandan, Majid","Bian, Ning",,,,,mxm124631,majid minary,Mechanics of Materials Laboratory 
CHEM,2125,604,7,9,8,,,,,,,,,,,0,,,,,"Wijenayake, Sumudu N","Siddiki, A K M Nur Alam",,,,,snw081000,sumudu wijenayake,Introductory Organic Chemistry Laboratory II 
COMM,1311,008,17,4,1,1,,,,1,,,,,,0,,,,,"Vazzi, Lisa",,,,,,lxv160630,lisa vazzi,Survey of Oral and Technology-based Communication 
OB,6337,CH1,,13,5,2,3,1,,,,,,,,0,,,,,"Latham, Van M","Behrendt, William",,,,,,van latham,
FIN,6310,SS1,,5,13,5,,,,1,,,,,,0,,,,,"Zhang, Huibing",,,,,,hxz054000,huibing zhang,
MATH,2419,HN1,8,15,,1,,,,,,,,,,0,,,,,"Ramakrishna, Viswanath","Yu, Shi",,,,,vish,viswanath ramakrishna,Calculus II 
EE,3310,002,2,3,3,2,2,2,3,3,3,,1,,,0,,,,,"Coleman, James J","Chen, Jianfei",,,,,jjc130530,james coleman,Electronic Devices 
COMM,1311,011,21,2,,1,,,,,,,,,,0,,,,,"Moss, Daniel J",,,,,,djm161130,daniel moss,Survey of Oral and Technology-based Communication 
BIOL,4380,304,1,4,3,6,1,,3,3,1,,1,,1,0,,,,,"Borovkov, Irina G","Brathaban, Nivetha",,,,,ixb053000,irina borovkov,Cell and Molecular Biology Laboratory 
FIN,6392,SS1,,6,6,5,7,,,,,,,,,0,,,,,"Li, Jun",,,,,,jxl128031,jun li,
COMM,1311,012,20,2,,,1,1,,,,,,,,0,,,,,"Tanner, Lari J",,,,,,ljt130130,lari tanner,Survey of Oral and Technology-based Communication 
ITSS,3100,001,7,5,,3,4,2,,2,,,,,1,0,,,,,"Newcomb, Rebecca G",,,,,,rgn100020,rebecca newcomb,Professional Development 
EE,4389,003,2,14,1,5,1,,1,,,,,,,0,,,,,"Tacca, Marco",,,,,,mtacca,marco tacca,Senior Design Project II 
COMM,1311,009,19,,,1,2,,,,,,,,2,0,,,,,"Hanson, Jocyln Y",,,,,,jyh140230,jocyln hanson,Survey of Oral and Technology-based Communication 
LIT,2331,001,14,5,1,,2,,,2,,,,,,0,,,,,"Boyer, Kent L",,,,,,klb140030,kent boyer,Masterpieces of World Literature 
EERF,6330,001,,4,4,4,7,5,,,,,,,,0,,,,,Kenneth,"Ghosh, Suprovo",,,,,kxo091000,kenneth,RF Integrated Circuit Design 
ED,4363,001,,4,6,3,8,2,,,1,,,,,0,,,,,"Leek, Patricia A",,,,,,santine,patricia leek,Reading II ELAR Methods 
COMM,1311,0W4,11,3,5,1,2,1,,,,,,,1,0,,,,,"Tanner, Lari J",,,,,,ljt130130,lari tanner,
FIN,6350,SS1,,6,5,2,4,2,2,3,,,,,,0,,,,,"Baranchuk, Nina",,,,,,nxb043000,nina baranchuk,
CE,3320,001,3,1,2,,3,5,5,1,1,,,,3,0,,,,,"Bhatia, Dinesh","Shahshahani, Masoud",,,,,dinesh,dinesh bhatia,Digital Circuits 
ACCT,6380,501,,5,4,7,5,3,,,,,,,,0,,,,,"Mauriello, Joseph A","Braughton, Caleb M","Wong, Angie M",,,,jam151430,joseph mauriello,Internal Audit 
ECON,3310,002,4,2,1,1,2,4,4,2,1,,,,3,0,,,,,"Hedlund, Jonas","Zhang, Jinglun",,,,,jxh180030,jonas hedlund,Intermediate Microeconomic Theory 
COMM,1311,5H1,4,8,6,1,,,,1,1,,,1,2,0,,,,,"Skiles, Bradley W",,,,,,bws150030,bradley skiles,Survey of Oral and Technology-based Communication 
CE,3311,002,1,5,2,3,5,,,2,2,2,1,,1,0,,,,,"Liu, Jin","Xiong, Jiu",,,,,jinliu,jin liu,Electronic Circuits 
FIN,6314,SS1,,3,5,7,8,1,,,,,,,,0,,,,,"Zhao, Feng","Lee, Pil-Seng",,,,,fxz082000,feng zhao,
CS,4341,HON,1,5,6,4,2,2,1,,1,,1,,1,0,,,,,"Page, Ivor","Kong, Zelun",,,,,ivor,ivor page,Digital Logic and Computer Design 
OB,6338,CH1,,16,4,2,1,1,,,,,,,,0,,,,,"Behrendt, William","Rentschler, Margaret F",,,,,,william behrendt,
ED,4352,002,,6,6,3,6,1,,2,,,,,,0,,,,,"McNulty, Angela B",,,,,,mcnulty,,Reading I  Learning to Read 
GOVT,2306,HN2,,18,6,,,,,,,,,,,0,,,,,"Elliott, Euel W","Scotch, Richard","Latiolais, Jasmine R","Johnson, Sara K",,,eelliott,euel elliott,State and Local Government 
COMM,1311,007,14,3,4,2,,,,,,,,,1,0,,,,,"Hanson, Jocyln Y",,,,,,jyh140230,jocyln hanson,Survey of Oral and Technology-based Communication 
ACCT,6305,0W1,,3,5,8,5,2,,1,,,,,,0,,,,,"Janakiraman, Surya","He, Jiapeng",,,,,suryaj,surya janakiraman,Accounting for Managers 
BIOL,3520,301,5,8,4,4,2,1,,,,,,,,0,,,,,"Mehta, Iti","Ebrahimzadeh Pirshahid, Tahmineh","Dahl, Haley C","Rajendran, Divya","Avadhanam, Nymisha",,ixm121430,iti mehta,General Microbiology with Lab 
STAT,5353,001,,10,4,2,1,1,3,3,,,,,,0,,,,,"Chiou, Sy Han","Alfaro, Jose F",,,,,sxc172931,sy han steven chiou,Probability and Statistics for Data Science and Bioinformatics 
CLDP,3394,001,,16,,,8,,,,,,,,,0,,,,,"Grant, Meridith G",,,,,,mga061000,meridith grant,Research and Evaluation Methods 
MECH,4110,104,,17,6,1,,,,,,,,,,0,,,,,"Li, Yaoyu","Kumar, Devesh","Wu, Zhongyou","Li, Changyuan",,,yxl115230,yaoyu li,Systems and Controls Laboratory 
COMM,1311,004,5,9,4,1,,2,1,,1,,1,,,0,,,,,"Arnold, Bob",,,,,,bxa161430,bob arnold,Survey of Oral and Technology-based Communication 
COMM,1311,013,7,4,4,1,1,1,2,1,,1,1,,1,0,,,,,"Krishnaswamy, Nandini",,,,,,nxk176230,,Survey of Oral and Technology-based Communication 
ACCT,6202,501,,7,3,4,4,4,1,1,,,,,,0,,,,,"Janakiraman, Surya","He, Jiapeng",,,,,suryaj,surya janakiraman,Managerial Accounting 
MECH,2120,103,3,12,4,2,,3,,,,,,,,0,,,,,"Minary-Jolandan, Majid","Chen, Huiluo",,,,,mxm124631,majid minary,Mechanics of Materials Laboratory 
MIS,6356,501,,5,6,9,3,,1,,,,,,,0,,,,,"Parker, Jason A","Mathur, Nitish","Parla, Karthik Reddy",,,,jap090020,jason parker,Business Analytics With R 
MECH,4110,101,1,9,6,5,2,1,,,,,,,,0,,,,,"Li, Yaoyu","Kumar, Devesh","Wu, Zhongyou","Li, Changyuan",,,yxl115230,yaoyu li,Systems and Controls Laboratory 
COMM,1311,003,11,5,4,1,,1,1,,,,,,1,0,,,,,"Totusek, Patricia F",,,,,,pft140030,patricia totusek,Survey of Oral and Technology-based Communication 
BMEN,3370,001,2,8,4,2,7,1,,,,,,,,0,,,,,"Polk, Todd W","Lam, Danny V",,,,,twp017000,todd polk,Digital Circuits 
HMGT,6327,501,,18,5,,1,,,,,,,,,0,,,,,"Dick, Rhonda",,,,,,rxd180026,,Electronic Health Records Applications 
COMM,1311,005,6,7,8,1,2,,,,,,,,,0,,,,,"Arnold, Bob",,,,,,bxa161430,bob arnold,Survey of Oral and Technology-based Communication 
BUAN,6341,003,,7,5,3,5,3,,1,,,,,,0,,,,,"Sabir, Muhammad F","Sandilya, Nimish K",,,,,mfs170430,muhammad sabir,Applied Machine Learning 
MATH,2419,307,,,,,,,,,,,,,,0,,,,,"Eydelzon, Anatoly",,,,,,axe031000,anatoly eydelzon,Calculus II 
ATCM,2300,201,,,,,,,,,,,,,,0,,,,,"Balsamo, Anne","Bell, Elizabeth A","Wilson, David N",,,,axb161831,anne balsamo,Introduction to TechnoCulture 
ATCM,2300,206,,,,,,,,,,,,,,0,,,,,"Balsamo, Anne","Bell, Elizabeth A","Remington, William A",,,,axb161831,anne balsamo,Introduction to TechnoCulture 
LIT,2331,002,4,6,3,4,1,2,,,,,,,1,4,,,,,"Hunt, Shamim",,,,,,sxh034100,,Masterpieces of World Literature 
OPRE,6303,0W1,,9,4,4,,,,1,,,,,3,4,,,,,"Sethi, Awanti","Sethi, Shravik P",,,,,asethi,awanti sethi,Quantitative Foundations of Business 
MATH,6309,001,,8,6,2,4,1,,1,,,,,,3,,,,,"Tran, Anh T",,,,,,att140830,anh tran,Differential Geometry 
ATCM,3308,002,,,4,1,2,2,2,2,,,3,3,3,3,,,,,"Johnson, Casey A",,,,,,caj150430,casey johnson,Rigging I 
CHEM,4335,001,3,3,7,2,4,1,2,,,,,,,2,,,,,"Yang, Duck J",,,,,,djy031000,duck yang,Polymer Chemistry 
BIOL,3161,002,5,2,1,2,,2,,1,1,3,2,2,2,2,,,,,"Marsh, Robert",,,,,,rmarsh,robert marsh,Biochemistry Workshop I 
PHYS,5320,001,,8,,,14,,,1,,,,,,0,,2,,,"Anderson, Phillip C","Zewdie, Gebreab K",,,,,pca015000,philip anderson,Electromagnetism I 
LIT,3316,HN1,2,4,12,3,,1,,1,,,,,,0,2,,,,"Gossin, Pamela","Hairston, Marc R",,,,,psgossin,pamela gossin,The Literature of Science Fiction 
BIOL,3161,005,1,5,1,1,2,3,3,2,,1,,3,1,2,,,,,"Taylor, Stephanie M",,,,,,smt031000,stephanie taylor,Biochemistry Workshop I 
HIST,3301,001,,2,5,3,3,6,1,2,1,,,,,2,,,,,"Farmer, J Michael","Admiral, Rosemary","Dunham, Daniel C",,,,jmf073000,michael farmer,Historical Inquiry 
BPS,4305,007,,1,,2,6,4,5,3,,1,1,,,2,,,,,"Levine, Sheen S","Liao, Xin",,,,,ssl140530,sheen levine,Strategic Management 
FIN,6368,001,,6,9,7,2,,,,,,,,,1,,,,,"Ma, Liping","Guo, Shujian",,,,,lxm133730,liping ma,Financial Information and Analysis 
LIT,2331,501,,11,4,2,2,,1,2,,,,,2,1,,,,,"Stout, Patricia J",,,,,,pjs140230,,Masterpieces of World Literature 
PA,4340,001,,9,5,3,5,2,,,,,,,,0,,1,,,"Kiel, Lowell D",,,,,,dkiel,,Creating High Performance Organizations 
CHEM,1111,106,8,9,,1,1,1,,,2,,,,2,1,,,,,"Hashami, Zohreh","Shahrivarkevishahi, Arezoo",,,,,zxh088000,zohreh hashami,General Chemistry Laboratory I 
ATCM,3346,001,1,8,12,3,,,,,,,,,,1,,,,,"Marks, David E",,,,,,dem160430,david marks,Audio Productions Lab I 
MKT,6301,AW1,,24,,,,,,,,,,,,1,,,,,"Munch, James",,,,,,,james munch,
CE,3301,002,,1,3,2,4,2,3,4,3,,,,2,1,,,,,"Chiu, Yun",,,,,,yxc101000,yun chiu,Electrical Network Analysis 
PSY,4377,001,8,13,2,,1,,,,,,,,,0,,1,,,"Stilwell, John Q",,,,,,stilwell,john stilwell,Conflict Resolution 
LIT,2331,003,1,12,6,3,,1,1,,,,,,,1,,,,,"Siddiqui, Farah",,,,,,fxs121830,farah siddiqui,Masterpieces of World Literature 
MATH,4355,501,9,5,5,,1,2,,1,,,,,1,1,,,,,"Ramakrishna, Viswanath","Bal, Sabindra Singh",,,,,vish,viswanath ramakrishna,Methods of Applied Mathematics 
ENTP,4311,001,,10,,,9,,,6,,,,,,0,,,,,"Shah, Rajiv","Wang, Congying",,,,,rxs079000,rajiv shah,Entrepreneurial Strategy and Business Models 
FIN,4390,001,,25,,,,,,,,,,,,0,,,,,"Manzi, Jeff","Treece, Gregory A",,,,,jxm158130,jeffrey manzi,Seminar Series in Finance 
MECH,6341,001,,9,12,3,1,,,,,,,,,0,,,,,"Hu, Wenchuang","Liu, Jinbo",,,,,wxh051000,wenchuang hu,Lithography and Nanofabrication 
OPRE,6302,XS1,,2,15,8,,,,,,,,,,0,,,,,"Hassanzadeh, Nozar",,,,,,nozarh,nozar hassanzadeh,
OPRE,6371,0W1,,4,9,4,4,2,,2,,,,,,0,,,,,"Katok, Elena M","Bothra, Shreyansh Arunkumar",,,,,emk120030,elena katok,Purchasing  Sourcing and Contract Management 
NSC,3361,HN1,4,17,2,2,,,,,,,,,,0,,,,,"LaDow, Eva S",,,,,,esl130130,eva ladow,Introduction to Neuroscience 
EE,3301,002,,2,,5,2,2,5,5,2,,,,2,0,,,,,"Chiu, Yun",,,,,,yxc101000,yun chiu,Electrical Network Analysis 
PSY,2301,HN2,10,11,2,1,,1,,,,,,,,0,,,,,"Devdas, Neetha R",,,,,,nrd120030,neetha devdas,Introduction to Psychology 
GOVT,2306,HN1,2,5,11,6,1,,,,,,,,,0,,,,,"Dow, Douglas C",,,,,,dougdow,douglas dow,State and Local Government 
CGS,3342,501,3,9,8,2,1,2,,,,,,,,0,,,,,"Golden, Richard","Ryland, James W",,,,,golden,richard golden,Cognitive and Neural Modeling Laboratory 
FIN,6330,501,,7,8,8,2,,,,,,,,,0,,,,,"Hyndman, Kyle B",,,,,,tdp062000,kyle hyndman,Behavioral Finance 
NSC,4352,HN1,8,11,3,3,,,,,,,,,,0,,,,,"LaDow, Eva S",,,,,,esl130130,eva ladow,Cellular Neuroscience 
MECO,6303,XS1,,5,10,3,3,4,,,,,,,,0,,,,,"Kiser, Stephen L",,,,,,slk012100,stephen kiser,
HUMA,1301,HN1,1,22,1,1,,,,,,,,,,0,,,,,"Towner, Theresa",,,,,,tmtowner,theresa towner,Exploration of the Humanities 
ACN,6395,001,,9,,,14,,,2,,,,,,0,,,,,"Wig, Gagandeep S",,,,,,gsw130130,gagan wig,Cognitive Psychology 
MIS,6204,XS1,,24,,,1,,,,,,,,,0,,,,,"Nietubicz, Richard A",,,,,,,richard nietubicz,
MECH,6367,001,,21,2,1,,,,1,,,,,,0,,,,,"Qian, Dong","Wang, Yang",,,,,dxq120430,dong qian,Mechanical Properties of Materials 
NSC,3361,HN2,2,12,7,3,,,,1,,,,,,0,,,,,"Rodriguez, Christa M",,,,,,cmr067000,christa mcintyre rodriguez,Introduction to Neuroscience 
ACCT,6202,XS1,,22,,,3,,,,,,,,,0,,,,,"Sadka, Gil","Fan, Zhongwen","Chu, Yu Fang",,,,gxs143630,gil sadka,
BIOL,3101,004,,2,1,1,1,9,4,6,,,,1,,0,,,,,"Dejong, Jeff L",,,,,,dejong,jeff dejong,Classical and Molecular Genetics Workshop 
PSY,2301,HN1,12,12,1,,,,,,,,,,,0,,,,,"Gentsch, Joanna K",,,,,,jgentsch,joanna gentsch,Introduction to Psychology 
ACCT,4336,001,2,3,6,2,3,6,1,1,1,,,,,0,,,,,"Bowen, Richard M","Walker, Jacob N",,,,,rxb073100,richard bowen,Financial Statement Analysis 
RMIS,4332,501,1,6,2,7,2,4,2,1,,,,,,0,,,,,"Richardson, Debra L",,,,,,dlr150330,debra richardson,Commercial Property Risk Management and Insurance 
ATCM,4310,001,1,7,6,6,1,2,1,,,,,,1,0,,,,,"Kitagawa, Midori",,,,,,mxk047100,,Motion Capture Animation 
MATH,2420,305,,,,,,,,,,,,,,0,,,,,"Krawcewicz, Wieslaw Z",,,,,,wzk091000,wieslaw krawcewicz,Differential Equations with Applications 
ATCM,2300,202,,,,,,,,,,,,,,0,,,,,"Balsamo, Anne","Bell, Elizabeth A","Ferreira de Souza, Leticia",,,,axb161831,anne balsamo,Introduction to TechnoCulture 
CHEM,3472,002,,2,5,3,3,1,2,,,2,1,,3,4,,,,,"Qin, Yanping","Castro, Fabian","Lumata, Jenica","Wunch, Melissa A",,,yxq083000,yanping qin,Instrumental Analysis 
CS,4337,002,1,2,3,3,4,1,1,2,,1,1,1,2,4,,,,,"Min, Richard K","Varanasi, Sarat Chandra",,,,,rkm010300,richard min,Organization of Programming Languages 
BIS,3320,003,,4,,3,3,,1,4,1,,1,,5,4,,,,,"Wissinger, Tonja",,,,,,twissin,tonja wissinger,The Nature of Intellectual Inquiry 
MATH,1326,012,4,,3,3,1,1,1,4,1,1,1,,3,3,,,,,"Mussa, Derege",,,,,,dxm146130,derege mussa,Applied Calculus II 
CHEM,1112,128,6,9,,2,2,,2,,1,,1,,1,2,,,,,"Dissanayake, Dushanthi S","Morakabi, Katayoun",,,,,dxd122030,dushanthi dissanayake,General Chemistry Laboratory II 
COMM,3342,001,2,15,2,2,1,1,1,,,,,,,0,,,,,"Totusek, Patricia F",,,,,,pft140030,patricia totusek,Advanced Topics in Communication 
BIOL,3102,003,1,3,3,3,,1,6,2,1,2,2,,,2,,,,,"Sarcar, Subha N",,,,,,sns064000,subha sarcar,Eukaryotic Molecular and Cell Biology Workshop 
ACCT,6332,501,,11,,,8,,,5,,,,,1,0,,1,,,"Zolton, Kathy","Anwer, Jordan J",,,,,kxz121730,kathy zolton,Intermediate Financial Accounting II 
FIN,3360,001,,3,4,4,4,5,1,3,,,,,1,1,,,,,"Park, Haemin","Wang, Jiyu",,,,,hxp174230,haemin park,Entrepreneurial Finance 
CHEM,1112,115,,,9,3,6,3,1,1,2,,,,,0,,1,,,"Namal Arachchilage, Chamni U","Graham, Robert L",,,,,cuj140030,,General Chemistry Laboratory II 
PSCI,4307,001,,6,9,6,2,,,1,,,,,1,1,,,,,"Brandt, Patrick","Lux, Ryan J",,,,,pxb054000,patrick brandt,Predicting Politics 
CE,3302,501,2,2,1,1,1,3,4,4,1,,3,,3,1,,,,,"Park, Jae Mo","Vankayalapati, Bhanu Teja","Wang, Zhengyang",,,,jxp170001,jae park,Signals and Systems 
HLTH,1322,0W2,,7,6,2,2,3,2,,,,2,,1,1,,,,,"Day, Lora N",,,,,,lnd092000,lora day,Human Nutrition 
MATH,1326,004,1,2,2,1,3,2,3,3,,3,2,,3,1,,,,,"Mussa, Derege",,,,,,dxm146130,derege mussa,Applied Calculus II 
CHEM,3472,003,,1,5,,5,1,2,3,1,,1,2,4,1,,,,,"Qin, Yanping","Castro, Fabian","Lumata, Jenica","Wunch, Melissa A",,,yxq083000,yanping qin,Instrumental Analysis 
OB,6332,0W1,,17,1,2,5,,1,,,,,,,0,,,,,"Ziegler, Laurie","Wijewardana, Galuge Hansani M",,,,,ziegler,laurie ziegler,Negotiation and Dispute Resolution 
ATCM,4395,501,,2,9,8,2,1,,1,2,,,,1,0,,,,,"Bennett, Jessica B","Enam, Victor J",,,,,jbb180002,,Advanced Topics in Arts  Technology  and Emerging Media 
LIT,3332,501,8,4,2,4,2,,1,3,1,,,,1,0,,,,,"Lambert, Thomas M",,,,,,tml017100,thomas lambert,English Syntax and Mechanical Structure 
CS,6349,001,,19,6,,1,,,,,,,,,0,,,,,"Hao, Shuang","Karki, Dipendra",,,,,sxh178730,shuang hao,Network Security 
ECON,4320,001,5,6,3,4,1,2,2,1,1,,,,1,0,,,,,"Giertz, Seth","Ramezani, Rasoul",,,,,sxg154831,seth giertz,Public Sector Economics 
PSY,3362,001,3,3,,1,11,1,,5,,,1,1,,0,,,,,"Mills, Candice M","Pattisapu, Candice N",,,,,cxm056000,candice mills,Cognitive Development 
BCOM,3100,002,14,3,3,1,3,,2,,,,,,,0,,,,,"Watson, John M",,,,,,jmw077000,john watson,Professional Development 
MECH,6347,501,,6,,6,8,3,3,,,,,,,0,,,,,"Pourkamali, Siavash","Abbasalipour, Amin",,,,,sxp124631,siavash pourkamali,Introduction to MEMS 
FIN,3305,002,2,5,,,10,2,,3,2,,2,,,0,,,,,"Guttery, Randall",,,,,,rxg112530,randall guttery,Real Estate Principles 
EPPS,2302,002,6,4,2,1,2,4,,1,1,,,,5,0,,,,,"Kim, Dohyeong","Hubbard, Sean P",,,,,dxk132530,dohyeong kim,Methods of Quantitative Analysis in the Social and Policy Sciences 
MUSI,2322,001,1,6,4,1,3,,2,1,,1,2,2,3,0,,,,,"Gerard, Lori A",,,,,,lag091020,lori gerard,Music in Western Civilization 
AUD,6113,001,,,,,,,,,,,,,,0,,,,27,"Roeser, Ross J",,,,,,roeser,,Grand Rounds 
BIS,3320,002,1,6,7,1,1,3,1,1,,,,2,,4,,,,,"Hudson, Jennifer M",,,,,,jxh100220,jennifer hudson,The Nature of Intellectual Inquiry 
ATCM,2355,001,2,6,1,5,6,,,,,,,,3,4,,,,,"Scott, Andrew F",,,,,,afs140330,andrew scott,Survey of Digital Fabrication 
BIOL,3455,801,7,1,4,2,4,2,1,,1,,,1,,4,,,,,"Ramirez, Ruben D",,,,,,rdr092000,ruben ramirez,Human Anatomy and Physiology with Lab I 
ENTP,6398,501,,10,7,7,,,,,,,,,,1,,,,,"Shah, Rajiv",,,,,,rxs079000,rajiv shah,The Entrepreneurial Experience 
MATH,1325,007,,2,1,1,5,7,1,1,3,,1,2,1,2,,,,,"Norwood, John",,,,,,jxn142530,john norwood,Applied Calculus I 
ATCM,3367,001,,1,5,4,4,3,1,1,2,,,,4,2,,,,,"Chandler, Adam W",,,,,,awc051000,adam chandler,Level Design I 
OBHR,4310,001,10,5,2,1,,3,,,,,,1,3,2,,,,,"Kaplan, Marilyn R",,,,,,mkaplan,marilyn kaplan,Business Ethics 
CHEM,3361,001,2,2,1,4,3,3,,,1,3,1,2,3,2,,,,,"Spiro, Stephen","Marsh, Robert","Krishnamohan, Aishwarya","Villones, Rhiza Lyne","Soladogun, Adedamola S","Marco, Belle",sxs067400,stephen spiro,Biochemistry I 
HIST,3390,001,4,5,6,1,5,1,,,,1,,,2,2,,,,,"Hill, Kimberly D",,,,,,kdh140430,kimberly hill,Twentieth Century African-American History 
ARHM,3342,001,,5,4,1,5,3,1,,,,,,6,2,,,,,"Wickberg, Daniel",,,,,,wickberg,daniel wickberg,Advanced Interdisciplinary Studies in the Arts and Humanities 
MATH,1326,007,1,2,5,2,1,1,1,3,,,1,1,7,2,,,,,"Estacio-Hiroms, Kemelli","Zhang, Huan",,,,,kxe160930,kemelli estacio hiroms,Applied Calculus II 
MATH,1316,002,2,3,,2,2,,1,5,2,,,2,6,2,,,,,"Sutton, Julie",,,,,,jxs158030,julie sutton,Trigonometry 
PHYS,2125,132,3,12,3,2,,,2,2,,,,,2,0,,,,,"Sun, Kuei","Zanders, Alan P",,,,,kxs147030,kuei sun,Physics Laboratory I 
MATH,6321,001,,7,4,1,6,7,,,,,,,1,1,,,,,"Turi, Janos",,,,,,turi,janos turi,Optimization 
MKT,3330,002,6,3,1,3,5,2,1,1,2,,,1,1,0,,1,,,"Amirpour, Semiramis",,,,,,sxa130731,semiramis amirpour,Introduction to Professional Selling 
BPS,4305,002,,9,,5,7,,3,1,,1,,,,1,,,,,"Chasteen, Larry H","Bai, Xiaoou",,,,,chasteen,larry chasteen,Strategic Management 
PHYS,3411,001,4,4,3,5,4,1,1,2,,,,1,1,1,,,,,"Macalevey, Paul J","Fox, Logan K",,,,,paulmac,paul macalevey,Theoretical Physics 
MIS,6333,001,,4,10,7,3,2,,,,,,,,0,,,,,"Ahmed, Zulfi S","Zhao, Jinglin",,,,,zsa170330,zulfi ahmed,Digital Forensics and Incident Management 
EE,4304,001,,1,2,2,2,2,6,3,6,,1,,1,1,,,,,"Ikram, Muhammad Z","Hu, Xuan",,,,,mzi041000,muhammad ikram,Computer Architecture 
CHEM,2125,108,12,11,3,,,,,,,,,,,1,,,,,"Shah, Shailesh N","Hernandez, Jayoh A",,,,,sns170230,shailesh shah,Introductory Organic Chemistry Laboratory II 
MKT,6V99,501,,13,7,4,3,,,,,,,,,0,,,,,"Tirone, Guido",,,,,,gxt170001,guido tirone,Special Topics in Marketing 
ACCT,6388,001,,19,4,3,,,1,,,,,,,0,,,,,"Goodrich, Mary Beth W",,,,,,goodrich,mary beth goodrich,Accounting Communications 
ATCM,2345,002,3,5,5,,,1,1,1,4,,,,7,0,,,,,"Fitzgerald, Harold E",,,,,,hxf170830,hal fitzgerald,Sound Design 
PHYS,2126,114,2,17,7,1,,,,,,,,,,0,,,,,"Macalevey, Paul J","Frazier, Gary A","Espinoza, Salvador",,,,paulmac,paul macalevey,Physics Laboratory II 
OPRE,6302,501,,8,2,3,5,3,3,2,,,,,1,0,,,,,"Leach, Sonia E","Hosseinabadi Farahani, Mehdi",,,,,sel120030,sonia leach,Operations Management 
ED,3315,001,,15,8,,1,1,1,1,,,,,,0,,,,,"Leek, Patricia A",,,,,,santine,patricia leek,Children s Literature 
MIS,6380,003,,11,6,6,3,1,,,,,,,,0,,,,,"Islam, Naser","Sandilya, Nimish K",,,,,nxi110630,naser islam,Data Visualization 
ENTP,3301,001,,6,5,8,6,2,,,,,,,,0,,,,,"Nichols, Paul M",,,,,,pxn120030,paul nichols,Innovation and Entrepreneurship 
MKT,3300,502,,11,7,4,5,,,,,,,,,0,,,,,"Li, Xiaolin","Kasaian, Keyvan",,,,,xxl157230,xiaolin li,Principles of Marketing 
SPAU,4367,001,7,13,,3,3,,,,,,1,,,0,,,,,"Kaplan, Karen",,,,,,kkaplan,karen kaplan,Development and Design of Therapeutic Resources 
BIS,3320,501,9,6,1,1,5,,1,3,,,,,1,0,,,,,"Wright, David A",,,,,,wright,david wright,The Nature of Intellectual Inquiry 
ENTP,6378,0W1,,12,14,,,1,,,,,,,,0,,,,,"Kimzey, Jackie","Purohit, Apoorva",,,,,jxk092000,jackie kimzey,Managing the Emerging Enterprise 
BUAN,6346,003,,7,8,4,6,2,,,,,,,,0,,,,,"Bradbury, Judd D","Kulkarni, Aniket S","Muntha, Sainath",,,,jdb101000,judd bradbury,Big Data 
FIN,3100,501,9,7,3,1,2,,1,2,,,1,,1,0,,,,,"Ahlberg, Mehrzad",,,,,,mxa087100,mehrzad ahlberg,Professional Development 
MATH,2451,302,,,,,,,,,,,,,,0,,,,,"Hooshyar, Mohammad",,,,,,ali,mohammad hooshyar,Multivariable Calculus with Applications 
MATH,2419,311,,,,,,,,,,,,,,0,,,,,"Eydelzon, Anatoly",,,,,,axe031000,anatoly eydelzon,Calculus II 
MATH,2451,301,,,,,,,,,,,,,,0,,,,,"Hooshyar, Mohammad",,,,,,ali,mohammad hooshyar,Multivariable Calculus with Applications 
MATH,2419,313,,,,,,,,,,,,,,0,,,,,"Eydelzon, Anatoly",,,,,,axe031000,anatoly eydelzon,Calculus II 
CHEM,1112,129,6,5,3,4,1,1,,1,1,,,,3,3,,,,,"Abeykoon, Nimali C","Alberto, Kevin A",,,,,nxa124430,nimali abeykoon,General Chemistry Laboratory II 
EPPS,2302,501,1,10,1,3,5,,,2,,,,,3,3,,,,,"Grover, William C","Fass, Simon",,,,,wcg071000,william grover,Methods of Quantitative Analysis in the Social and Policy Sciences 
MIS,6380,0W1,,8,5,2,4,3,3,,,,,,,3,,,,,"Bradbury, Judd D","Kulkarni, Aniket S","Muntha, Sainath",,,,jdb101000,judd bradbury,Data Visualization 
EE,1202,004,6,3,6,1,3,,1,2,1,,,,3,2,,,,,"Cogan, Diana L",,,,,,dcc095020,diana cogan,Introduction to Electrical Engineering II 
MATH,1325,001,1,1,3,2,,5,2,1,6,1,2,,2,1,,1,,,"Kehoe, Joselle",,,,,,jxk061000,joselle kehoe,Applied Calculus I 
COMM,4370,001,,10,8,4,,2,1,1,,,,,,0,,,,,"Hernandez-Katz, Melissa M",,,,,,mhkatz,melissa hernandez katz,Communication and Leadership 
MATH,2312,003,1,1,,1,8,4,1,2,1,,,,7,2,,,,,"Adabrah, Anani Komla",,,,,,aaa130530,anani adabrah,Precalculus 
PHYS,2126,602,4,10,7,5,,,,,,,,,,2,,,,,"Macalevey, Paul J","Frazier, Gary A","Mueller, David H",,,,paulmac,paul macalevey,Physics Laboratory II 
PHYS,2126,112,11,11,3,1,,,,,,,,,,2,,,,,"Macalevey, Paul J","Frazier, Gary A","Chinthak Murali, .",,,,paulmac,paul macalevey,Physics Laboratory II 
GST,4325,001,10,5,4,5,,,1,,,1,1,,,0,,,,,"Duquaine-Watson, Jill M",,,,,,jmw087000,jillian duquaine watson,Motherhood and the Technological Womb 
ACCT,6334,SS1,,9,,,16,,,2,,,,,,1,,,,,"Linsteadt, Chris C",,,,,,ccl019000,chris linsteadt,
ACCT,6332,SS1,,7,4,6,4,3,2,1,,,,,,1,,,,,"Zhang, Jieying","Holstead, Cameron","Fan, Zhongwen",,,,jxz146230,jieying zhang,
MKT,3330,004,8,3,1,1,4,3,1,2,2,,1,,1,1,,,,,"Amirpour, Semiramis",,,,,,sxa130731,semiramis amirpour,Introduction to Professional Selling 
BIOL,3101,010,1,3,4,,8,3,3,1,2,,1,,1,1,,,,,"Dejong, Jeff L",,,,,,dejong,jeff dejong,Classical and Molecular Genetics Workshop 
ATCM,3336,501,6,11,3,3,2,2,,,,,,,,0,,1,,,"Hubbard, Diana",,,,,,dxh180015,,Design Research Methods 
PHYS,2125,608,5,16,2,3,1,,,,,,,,,1,,,,,"Sun, Kuei","Agashe, Anish N",,,,,kxs147030,kuei sun,Physics Laboratory I 
CE,1202,003,1,,1,6,5,2,1,2,2,,1,,6,1,,,,,"Cogan, Diana L",,,,,,dcc095020,diana cogan,Introduction to Electrical Engineering II 
CHEM,2123,601,5,17,4,1,,,,,,,,,,1,,,,,"Shah, Shailesh N","Lin, Jason",,,,,sns170230,shailesh shah,Introductory Organic Chemistry Laboratory I 
CHEM,2125,119,15,9,2,1,,,,,,,,,,1,,,,,"Shah, Shailesh N","Ji, Ke",,,,,sns170230,shailesh shah,Introductory Organic Chemistry Laboratory II 
CE,3320,002,2,1,3,1,2,7,2,3,3,1,1,1,,1,,,,,"Khoobroo, Amir","Goswami, Pingakshya",,,,,axk144831,amir khoobroo,Digital Circuits 
CHEM,2123,105,19,7,1,,,,,,,,,,,1,,,,,"Panapitiya, Nimanka P","Ma, Ziyuan",,,,,npp081000,nimanka panapitiya,Introductory Organic Chemistry Laboratory I 
ATCM,4397,008,1,5,4,7,5,1,1,3,,,,,,1,,,,,"Schich, Maximilian",,,,,,mxs135130,maximilian schich,Senior Seminar 
MIS,6382,002,,7,7,8,2,2,,,,,,,1,1,,,,,"Mookerjee, Radha","Lokkur, Ashwin P",,,,,rvm019000,radha mookerjee,Object Oriented Programming in Python 
HIST,3327,501,,2,4,11,2,4,,,1,,,1,2,1,,,,,"Dennis, Patrick W",,,,,,pdennis,patrick dennis,Perspectives on Science 
PHYS,2125,109,3,24,,1,,,,,,,,,,0,,,,,"Sun, Kuei","Ali, Saif",,,,,kxs147030,kuei sun,Physics Laboratory I 
CHEM,2125,105,4,15,8,1,,,,,,,,,,0,,,,,"Tran, Daniel N","Wang, Hanghang",,,,,dnt019000,daniel tran,Introductory Organic Chemistry Laboratory II 
BIOL,2111,002,2,1,1,2,1,5,2,3,4,1,1,4,1,0,,,,,"Srikanth, Uma",,,,,,ukrish,uma srikanth,Introduction to Modern Biology Workshop I 
PHYS,2126,105,8,17,2,1,,,,,,,,,,0,,,,,"Macalevey, Paul J","Frazier, Gary A","Zhang, Yichao",,,,paulmac,paul macalevey,Physics Laboratory II 
HLTH,3306,001,3,2,,6,8,,3,4,,,2,,,0,,,,,"Salter, Elizabeth",,,,,,emsalter,elizabeth salter,Gender in Healthcare 
FIN,4345,501,4,7,7,6,2,2,,,,,,,,0,,,,,"Ayres, Jeffrey A",,,,,,jaa014500,,Financial Information and Analysis 
CS,6301,008,,14,11,2,1,,,,,,,,,0,,,,,"Chandrasekaran, Ramaswamy","Gour, Riti",,,,,chandra,ramaswamy chandrasekaran,Special Topics in Computer Science 
ACTS,4304,001,,4,6,6,6,3,1,1,,,,1,,0,,,,,"Humphreys, Natalia A",,,,,,nah103020,natalia humphreys,Construction and Evaluation of Actuarial Models 
AUD,7228,001,,11,6,2,4,2,2,1,,,,,,0,,,,,"Le Prell, Colleen G",,,,,,cgl150030,,Hearing Loss Prevention 
PHYS,2126,118,15,12,1,,,,,,,,,,,0,,,,,"Macalevey, Paul J","Frazier, Gary A","Bukowski, Aaron",,,,paulmac,paul macalevey,Physics Laboratory II 
HMGT,6332,CH1,,15,3,3,5,,,2,,,,,,0,,,,,"Ramanathan, Kannan","Chou, Cheng-Chih",,,,,kxr087000,kannan ramanathan,
MUSI,4120,501,,28,,,,,,,,,,,,0,,,,,"Hustis, Gregory J",,,,,,gjh120030,,Wind Ensemble III 
ATCM,3340,002,3,4,7,2,6,6,,,,,,,,0,,,,,"Wood, Harold G",,,,,,hgw021000,harold wood,Design II 
CHEM,2328,HN1,3,8,5,3,2,2,,4,,,1,,,0,,,,,"Biewer, Michael C",,,,,,biewerm,michael biewer,Honors Organic Chemistry II 
AP,3300,001,2,14,5,1,2,,1,1,,,,,2,0,,,,,"Medrick, Mary A",,,,,,mam017200,mary medrick,Elements of Art and Performance 
CS,1325,002,1,2,3,1,3,3,3,1,2,2,2,2,3,0,,,,,"Thompson, Laurie A",,,,,,lthomp,laurie thompson,Introduction to Programming 
STAT,6338,001,,7,7,5,7,2,,,,,,,,0,,,,,"Chen, Min","Chakraborty, Dipnil",,,,,mxc136030,min chen,Advanced Statistical Methods II 
CS,6307,501,,25,3,,,,,,,,,,,0,,,,,"Nagar, Anurag","Lin, Yu",,,,,axn112530,anurag nagar,Introduction to Big Data Management and Analytics for non CS-Majors 
BIOL,3101,007,,1,4,2,1,10,6,1,,1,1,,1,0,,,,,"Campbell, Zachary",,,,,,zxc153030,zachary campbell,Classical and Molecular Genetics Workshop 
ITSS,4330,001,,4,3,7,10,2,,2,,,,,,0,,,,,"Islam, Naser","Srivastava, Smriti",,,,,nxi110630,naser islam,Systems Analysis and Design 
HUMA,1301,213,,,,,,,,,,,,,,0,,,,,"Ingrao, Peter J",,,,,,jingrao,peter ingrao,Exploration of the Humanities 
MATH,2420,302,,,,,,,,,,,,,,0,,,,,"Paudel, Ajaya B",,,,,,abp062000,ajaya paudel,Differential Equations with Applications 
HUMA,1301,205,,,,,,,,,,,,,,0,,,,,"Ingrao, Peter J",,,,,,jingrao,peter ingrao,Exploration of the Humanities 
HUMA,1301,216,,,,,,,,,,,,,,0,,,,,"Ingrao, Peter J",,,,,,jingrao,peter ingrao,Exploration of the Humanities 
HUMA,1301,202,,,,,,,,,,,,,,0,,,,,"Ingrao, Peter J",,,,,,jingrao,peter ingrao,Exploration of the Humanities 
HUMA,1301,212,,,,,,,,,,,,,,0,,,,,"Ingrao, Peter J",,,,,,jingrao,peter ingrao,Exploration of the Humanities 
MATH,2420,308,,,,,,,,,,,,,,0,,,,,"Rachinskiy, Dmitry",,,,,,dxr124030,dmitry rachinskiy,Differential Equations with Applications 
MATH,2418,310,,,,,,,,,,,,,,0,,,,,"Pereira, Luis Felipe F",,,,,,lfp140030,luis pereira,Linear Algebra 
MATH,2420,303,,,,,,,,,,,,,,0,,,,,"Paudel, Ajaya B",,,,,,abp062000,ajaya paudel,Differential Equations with Applications 
BIOL,3455,802,1,,3,1,4,4,2,1,1,2,3,1,1,5,,,,,"Ramirez, Ruben D",,,,,,rdr092000,ruben ramirez,Human Anatomy and Physiology with Lab I 
ACCT,6333,0W1,,10,,,8,,,5,,,,,3,3,,,,,"Zolton, Kathy","Nguyen, Kevin K",,,,,kxz121730,kathy zolton,Advanced Financial Reporting 
PHYS,2125,104,3,20,2,1,,1,,,,,,,,2,,,,,"Sun, Kuei","Zheng, Peng Peng",,,,,kxs147030,kuei sun,Physics Laboratory I 
PSCI,4396,001,,4,6,2,4,4,2,1,1,,2,,1,2,,,,,"Hadley, Travis",,,,,,txh180023,travis hadley,Selected Topics in Government and Politics 
BIOL,3455,302,,1,3,1,4,2,4,,3,3,1,3,2,2,,,,,"Ramirez, Ruben D","Maitra, Meenakshi",,,,,rdr092000,ruben ramirez,Human Anatomy and Physiology with Lab I 
ATCM,2345,001,6,8,3,3,2,4,,,1,,,,,2,,,,,"Fitzgerald, Harold E",,,,,,hxf170830,hal fitzgerald,Sound Design 
ARHM,3342,003,2,11,3,4,2,,3,,,,,1,1,2,,,,,"Evans, Kathryn C",,,,,,kcevans,kathryn evans,Advanced Interdisciplinary Studies in the Arts and Humanities 
CE,1202,001,6,4,4,2,5,,2,2,,,,,2,2,,,,,"Cogan, Diana L",,,,,,dcc095020,diana cogan,Introduction to Electrical Engineering II 
CHEM,1112,137,,7,3,1,3,2,3,1,,,1,,6,2,,,,,"Abeykoon, Nimali C","Page, Kierstin",,,,,nxa124430,nimali abeykoon,General Chemistry Laboratory II 
CS,6320,002,,18,3,2,4,1,,,,,,,,1,,,,,"Harabagiu, Sanda M","Maldonado, Ramon Manuel Martinez",,,,,sanda,sanda harabagiu,Natural Language Processing 
PHYS,2125,130,2,25,1,,,,,,,,,,,1,,,,,"Sun, Kuei","Zhao, Xinyu",,,,,kxs147030,kuei sun,Physics Laboratory I 
CHEM,1111,103,8,8,4,2,2,,1,1,1,,,,1,1,,,,,"Hashami, Zohreh","Mills, Kira R",,,,,zxh088000,zohreh hashami,General Chemistry Laboratory I 
ATCM,2301,502,,,6,7,2,5,1,3,2,,1,,1,1,,,,,"Veras de Souza, Christine","Alzate, Catalina",,,,,cxv180000,christine veras de souza,Computer Imaging 
CLDP,3343,001,,19,,,7,,,1,,,,,1,1,,,,,"Grant, Meridith G",,,,,,mga061000,meridith grant,Children in a Changing World 
PHYS,2125,607,,19,7,,1,,,,,,,,1,1,,,,,"Sun, Kuei","Anable, Daniel",,,,,kxs147030,kuei sun,Physics Laboratory I 
CHEM,1112,114,,8,6,5,1,2,1,1,1,,,,3,1,,,,,"Abeykoon, Nimali C","Franciskovich, Matthew R",,,,,nxa124430,nimali abeykoon,General Chemistry Laboratory II 
PHYS,2126,111,7,14,2,3,,,,1,,,,,1,1,,,,,"Macalevey, Paul J","Frazier, Gary A","Espinoza, Salvador",,,,paulmac,paul macalevey,Physics Laboratory II 
FIN,3320,0E1,1,,5,,3,6,4,6,1,,,,2,1,,,,,"Richards, James R",,,,,,jrr013500,james richards,Business Finance 
MKT,6321,0W1,,12,2,6,7,1,,,,,,,,1,,,,,"Edsel, Alexander D",,,,,,ade012000,alexander edsel,Interactive and Digital Marketing 
ISIS,4303,001,,6,2,3,10,2,1,,,1,,,3,1,,,,,"Werhnyak, Larissa",,,,,,lxw163630,larissa werhnyak,Business  Law and Culture 
CS,3305,007,3,1,2,3,5,2,4,4,,,1,,3,1,,,,,"Feng, Ranran",,,,,,rxf090020,ranran feng,Discrete Mathematics for Computing II 
ARAB,1311,001,12,13,,2,,,,,,,,,1,1,,,,,"Anjum, Zafar",,,,,,zxa110730,zafar anjum,Beginning Arabic I 
ATCM,3308,001,2,5,2,1,4,4,1,2,1,,1,,5,1,,,,,"Camacho, Christopher J",,,,,,cjc043000,christopher camacho,Rigging I 
CHEM,1112,122,4,20,2,1,1,,,,,,,,,1,,,,,"Tran, Daniel N","Abeyrathna, Nisansala S",,,,,dnt019000,daniel tran,General Chemistry Laboratory II 
MKT,3330,003,7,4,8,,3,1,,1,2,,,1,1,1,,,,,"Gafford, Jerome M",,,,,,jmg171130,jerome gafford,Introduction to Professional Selling 
ATCM,3385,001,,3,5,7,8,1,1,2,1,,,,,1,,,,,"Drogos, Kristin L",,,,,,kld140230,kristen drogos,Social Networks 
CHEM,2123,103,10,10,1,4,,,,2,,,,,1,1,,,,,"Cortes, Sergio J","Tague, Daniel W",,,,,scortes,sergio cortes,Introductory Organic Chemistry Laboratory I 
PHYS,2126,102,12,8,7,1,,,,,,,,,,1,,,,,"Macalevey, Paul J","Frazier, Gary A","Chinthak Murali, .",,,,paulmac,paul macalevey,Physics Laboratory II 
ATCM,3338,001,10,9,4,,1,2,,1,1,,,,,0,,1,,,"Camacho, Christopher J","Nguyen, Tuoc K",,,,,cjc043000,christopher camacho,Motion Graphics I 
MKT,3330,005,4,11,5,1,4,,,3,,,,,,0,,,,,"Gafford, Jerome M",,,,,,jmg171130,jerome gafford,Introduction to Professional Selling 
ATCM,4350,001,19,3,2,,2,1,,,2,,,,,0,,,,,"Hewitt, Sharon","Mejia, Paulina M",,,,,sxh090220,sharon hewitt,Digital Video Production II 
ATCM,2322,001,,3,6,10,5,2,2,,1,,,,,0,,,,,"Sung, Wendy",,,,,,wxs172630,wendy sung,Media History 
PHYS,2125,124,8,18,2,1,,,,,,,,,,0,,,,,"Sun, Kuei","Anable, Daniel",,,,,kxs147030,kuei sun,Physics Laboratory I 
CHEM,2125,118,9,16,3,,1,,,,,,,,,0,,,,,"Lin, Jason","Diwakara Mohottalalage, Shashini Devika D",,,,,jxl140030,,Introductory Organic Chemistry Laboratory II 
FIN,6308,0W1,,7,2,7,9,3,1,,,,,,,0,,,,,"Lewin, Peter","Ogunjobi, Olufunke A",,,,,plewin,peter lewin,Regulation of Business and Financial Markets 
CHEM,1112,107,6,12,5,2,3,1,,,,,,,,0,,,,,"Dissanayake, Dushanthi S","Ahrari, Samira",,,,,dxd122030,dushanthi dissanayake,General Chemistry Laboratory II 
PHYS,2126,103,11,12,4,,,,,,1,,,,1,0,,,,,"Macalevey, Paul J","Frazier, Gary A","Zhang, Yichao",,,,paulmac,paul macalevey,Physics Laboratory II 
ITSS,4354,001,2,3,4,8,3,5,3,,1,,,,,0,,,,,"Rao, Mukund","Mathur, Nitish",,,,,mxr170008,mukund rao,Advanced Big Data Analytics 
BIOL,2111,004,5,3,2,2,2,2,5,2,3,,2,1,,0,,,,,"Srikanth, Uma",,,,,,ukrish,uma srikanth,Introduction to Modern Biology Workshop I 
IMS,6314,0W1,,12,10,7,,,,,,,,,,0,,,,,"Dalgic, Tevfik",,,,,,tdalgic,tevfik dalgic,Global E-Business Marketing 
ATCM,3305,002,,29,,,,,,,,,,,,0,,,,,"Hall, Phillip",,,,,,pxh151330,phillip hall,Computer Animation I 
PHYS,2125,106,5,19,2,,1,,,,,,,,2,0,,,,,"Sun, Kuei","Zhou, Xiaohe",,,,,kxs147030,kuei sun,Physics Laboratory I 
PHYS,2125,105,12,16,,1,,,,,,,,,,0,,,,,"Sun, Kuei","Mishra, Aditya K",,,,,kxs147030,kuei sun,Physics Laboratory I 
CHEM,1112,102,2,15,5,3,2,,,1,,,,,1,0,,,,,"Abeykoon, Nimali C","Mortensen, Marie L",,,,,nxa124430,nimali abeykoon,General Chemistry Laboratory II 
ATCM,2301,005,2,4,11,1,6,2,2,,,,1,,,0,,,,,"Nielsen, Christina R","Alzate, Catalina",,,,,crn022000,christina nielsen,Computer Imaging 
ATCM,2302,002,3,10,5,4,1,1,,1,1,,3,,,0,,,,,"Minnish, Roxanne W","Brtis, Chelsea L",,,,,rwm061000,roxanne minnish,Design I 
CHEM,1112,130,5,16,5,1,,1,,1,,,,,,0,,,,,"Hashami, Zohreh","Firouzi, Hamid Reza",,,,,zxh088000,zohreh hashami,General Chemistry Laboratory II 
ATCM,2301,002,1,7,12,4,3,,,1,,,,,1,0,,,,,"Christopher, Daedra","Alzate, Catalina",,,,,dxe093020,daedra christopher,Computer Imaging 
PHYS,2125,103,1,15,11,,1,1,,,,,,,,0,,,,,"Sun, Kuei","Dhale, Nikhil",,,,,kxs147030,kuei sun,Physics Laboratory I 
PHYS,2125,121,3,22,,1,,,2,,1,,,,,0,,,,,"Sun, Kuei","Feizi, Wirya",,,,,kxs147030,kuei sun,Physics Laboratory I 
LIT,3300,001,,13,4,4,2,4,,2,,,,,,0,,,,,"Kratz, Dennis M",,,,,,dkratz,dennis kratz,Western Literary Tradition 
ATCM,3366,501,4,3,6,4,3,2,1,1,,,,,5,0,,,,,"Koknar, Cenk",,,,,,cxk151530,,Game Studies I 
BIOL,2350,002,8,9,1,3,5,1,1,,,,,,1,0,,,,,"Sapozhnikov, Ilya",,,,,,isapoz,ilya sapozhnikov,Biological Basis of Health and Disease 
CS,4337,HON,9,7,7,4,2,,,,,,,,,0,,,,,"Davis, Chris I","Fisher, Dakota J",,,,,cid021000,chris davis,Organization of Programming Languages 
EE,3102,101,9,12,5,,1,,1,1,,,,,,0,,,,,"Webb, Jennifer H","Chandra Shekar, Ram Charan M","Shankar, Nikhil",,,,jhw170130,jennifer webb,Signals and Systems Laboratory 
ACN,6332,001,,27,,,1,,,,,,,,1,0,,,,,"Dowling, Walter J",,,,,,jdowling,walter j dowling,Perception 
ATCM,3366,001,,11,2,4,4,1,1,1,1,1,2,,1,0,,,,,"Nguyen, Josef D",,,,,,jdn160330,josef nguyen,Game Studies I 
ATCM,3350,001,3,6,10,4,1,,4,,,,1,,,0,,,,,"Hewitt, Sharon","Mejia, Paulina M",,,,,sxh090220,sharon hewitt,Digital Video Production I 
CS,6359,002,,26,2,,,,,1,,,,,,0,,,,,"Nguyen, Tien N",,,,,,tnn160630,tien nguyen,Object-Oriented Analysis and Design 
NSC,3345,001,3,9,2,2,5,2,4,1,,1,,,,0,,,,,"Walsh, Diane G","Hiebert, Lindsey A",,,,,dxg022000,diane walsh,Neural Basis of Communication 
PHYS,2125,120,2,24,1,,,1,,,,,,,1,0,,,,,"Sun, Kuei","Fernando, Bharana A",,,,,kxs147030,kuei sun,Physics Laboratory I 
MIS,6346,003,,8,9,9,1,2,,,,,,,,0,,,,,"Bradbury, Judd D","Kulkarni, Aniket S","Muntha, Sainath",,,,jdb101000,judd bradbury,Big Data 
CHEM,2125,101,8,14,7,,,,,,,,,,,0,,,,,"Wijenayake, Sumudu N","Tajik Asl, Masoumeh",,,,,snw081000,sumudu wijenayake,Introductory Organic Chemistry Laboratory II 
CHEM,2123,106,4,19,5,,1,,,,,,,,,0,,,,,"Shah, Shailesh N","Ma, Ziyuan",,,,,sns170230,shailesh shah,Introductory Organic Chemistry Laboratory I 
ATCM,3365,002,,,,7,14,3,4,1,,,,,,0,,,,,"Mallory, Stephen R",,,,,,srm140030,stephen mallory,Game Design I 
CHEM,1112,111,13,11,2,1,2,,,,,,,,,0,,,,,"Huang, Yu","Ahrari, Samira",,,,,yxh091220,yu huang,General Chemistry Laboratory II 
ECON,4351,001,6,12,3,3,5,,,,,,,,,0,,,,,"O'Brien, Daniel M",,,,,,obri,daniel obrien,Mathematical Economics 
ACCT,6350,SS1,,13,2,4,,6,4,,,,,,,0,,,,,"Gamino, John P",,,,,,jpg140630,john gamino,
CHEM,1111,102,,6,2,3,7,1,1,2,2,,,,5,0,,,,,"Hashami, Zohreh","Graham, Robert L",,,,,zxh088000,zohreh hashami,General Chemistry Laboratory I 
PHYS,2125,111,2,21,5,1,,,,,,,,,,0,,,,,"Sun, Kuei","Dhale, Nikhil",,,,,kxs147030,kuei sun,Physics Laboratory I 
ATCM,3340,501,3,15,7,1,1,1,,,,,1,,,0,,,,,"Wood, Harold G",,,,,,hgw021000,harold wood,Design II 
PHYS,2125,114,13,15,,,1,,,,,,,,,0,,,,,"Sun, Kuei","Ferguson, Sarah W",,,,,kxs147030,kuei sun,Physics Laboratory I 
CHEM,2125,115,9,13,7,,,,,,,,,,,0,,,,,"Shah, Shailesh N","Diwakara Mohottalalage, Shashini Devika D",,,,,sns170230,shailesh shah,Introductory Organic Chemistry Laboratory II 
MATH,2415,304,,,,,,,,,,,,,,0,,,,,"Makhijani, Neha",,,,,,nxm165130,neha makhijani,Calculus of Several Variables 
HUMA,1301,214,,,,,,,,,,,,,,0,,,,,"Ingrao, Peter J",,,,,,jingrao,peter ingrao,Exploration of the Humanities 
MATH,2419,303,,,,,,,,,,,,,,0,,,,,"Miller, James W",,,,,,jwm170630,james miller,Calculus II 
MATH,2415,302,,,,,,,,,,,,,,0,,,,,"Makhijani, Neha",,,,,,nxm165130,neha makhijani,Calculus of Several Variables 
MATH,2415,307,,,,,,,,,,,,,,0,,,,,"Zweck, John W",,,,,,jwz120030,john zweck,Calculus of Several Variables 
HUMA,1301,204,,,,,,,,,,,,,,0,,,,,"Ingrao, Peter J",,,,,,jingrao,peter ingrao,Exploration of the Humanities 
MATH,2419,305,,,,,,,,,,,,,,0,,,,,"Miller, James W",,,,,,jwm170630,james miller,Calculus II 
MATH,2418,303,,,,,,,,,,,,,,0,,,,,"Dahal, Rabin",,,,,,rxd153030,rabin dahal,Linear Algebra 
MATH,2419,306,,,,,,,,,,,,,,0,,,,,"Eydelzon, Anatoly",,,,,,axe031000,anatoly eydelzon,Calculus II 
HUMA,1301,201,,,,,,,,,,,,,,0,,,,,"Ingrao, Peter J",,,,,,jingrao,peter ingrao,Exploration of the Humanities 
HUMA,1301,211,,,,,,,,,,,,,,0,,,,,"Ingrao, Peter J",,,,,,jingrao,peter ingrao,Exploration of the Humanities 
HUMA,1301,215,,,,,,,,,,,,,,0,,,,,"Ingrao, Peter J",,,,,,jingrao,peter ingrao,Exploration of the Humanities 
MATH,2451,303,,,,,,,,,,,,,,0,,,,,"Hooshyar, Mohammad",,,,,,ali,mohammad hooshyar,Multivariable Calculus with Applications 
HUMA,1301,206,,,,,,,,,,,,,,0,,,,,"Ingrao, Peter J",,,,,,jingrao,peter ingrao,Exploration of the Humanities 
MATH,2415,303,,,,,,,,,,,,,,0,,,,,"Makhijani, Neha",,,,,,nxm165130,neha makhijani,Calculus of Several Variables 
MATH,2420,307,,,,,,,,,,,,,,0,,,,,"Rachinskiy, Dmitry",,,,,,dxr124030,dmitry rachinskiy,Differential Equations with Applications 
HUMA,1301,203,,,,,,,,,,,,,,0,,,,,"Ingrao, Peter J",,,,,,jingrao,peter ingrao,Exploration of the Humanities 
HUMA,1301,208,,,,,,,,,,,,,,0,,,,,"Ingrao, Peter J",,,,,,jingrao,peter ingrao,Exploration of the Humanities 
MATH,2419,304,,,,,,,,,,,,,,0,,,,,"Miller, James W",,,,,,jwm170630,james miller,Calculus II 
MATH,2420,304,,,,,,,,,,,,,,0,,,,,"Krawcewicz, Wieslaw Z",,,,,,wzk091000,wieslaw krawcewicz,Differential Equations with Applications 
HUMA,1301,209,,,,,,,,,,,,,,0,,,,,"Ingrao, Peter J",,,,,,jingrao,peter ingrao,Exploration of the Humanities 
HUMA,1301,207,,,,,,,,,,,,,,0,,,,,"Ingrao, Peter J",,,,,,jingrao,peter ingrao,Exploration of the Humanities 
MATH,2419,308,,,,,,,,,,,,,,0,,,,,"Eydelzon, Anatoly",,,,,,axe031000,anatoly eydelzon,Calculus II 
MATH,2418,301,,,,,,,,,,,,,,0,,,,,"Dahal, Rabin",,,,,,rxd153030,rabin dahal,Linear Algebra 
MATH,2415,308,,,,,,,,,,,,,,0,,,,,"Zweck, John W",,,,,,jwz120030,john zweck,Calculus of Several Variables 
MATH,2420,301,,,,,,,,,,,,,,0,,,,,"Paudel, Ajaya B",,,,,,abp062000,ajaya paudel,Differential Equations with Applications 
HUMA,1301,218,,,,,,,,,,,,,,0,,,,,"Ingrao, Peter J",,,,,,jingrao,peter ingrao,Exploration of the Humanities 
HUMA,1301,217,,,,,,,,,,,,,,0,,,,,"Ingrao, Peter J",,,,,,jingrao,peter ingrao,Exploration of the Humanities 
MATH,2413,325,,,,,,,,,,,,,,0,,,,,"Nguyen, Mylinh T",,,,,,mln018200,mylinh nguyen,Differential Calculus 
HUMA,1301,210,,,,,,,,,,,,,,0,,,,,"Ingrao, Peter J",,,,,,jingrao,peter ingrao,Exploration of the Humanities 
MATH,2418,302,,,,,,,,,,,,,,0,,,,,"Dahal, Rabin",,,,,,rxd153030,rabin dahal,Linear Algebra 
ATCM,3311,001,,3,1,1,3,2,1,2,1,1,3,1,3,8,,,,,"Johnson, Casey A",,,,,,caj150430,casey johnson,Tools Development for Arts  Technology  and Emerging Communication 
BIOL,3455,305,2,1,1,1,,6,1,2,,2,3,1,2,8,,,,,"Sarcar, Subha N","Ramirez, Ruben D","Langley, Lyndsey E",,,,sns064000,subha sarcar,Human Anatomy and Physiology with Lab I 
ATCM,3306,002,,,,,7,2,1,4,2,2,,2,3,7,,,,,"Johnson, Casey A",,,,,,caj150430,casey johnson,Modeling and Texturing I 
BIOL,3101,002,,1,1,2,6,4,5,,6,,1,,,4,,,,,"Dejong, Jeff L",,,,,,dejong,jeff dejong,Classical and Molecular Genetics Workshop 
PHYS,2126,107,4,15,4,,3,,,,,,,,,4,,,,,"Macalevey, Paul J","Frazier, Gary A","Wang, Qiyue",,,,paulmac,paul macalevey,Physics Laboratory II 
PHYS,2125,125,6,12,4,3,,1,,,,,,,1,2,,,,,"Sun, Kuei","Rady, Nader",,,,,kxs147030,kuei sun,Physics Laboratory I 
BIS,4306,0W1,6,6,5,1,3,2,1,1,,,1,,1,2,1,,,,"Simpson, Carrie M",,,,,,cms131030,carrie simpson,Strategies for Diversity in Education 
ATCM,2335,502,1,6,2,1,4,3,4,3,,,,,3,2,1,,,,"Chiu, Yu-Kwong",,,,,,yxc161331,yu kwong chiu,Internet Studio I 
CHEM,1111,107,6,9,,,2,2,3,,,,1,1,3,3,,,,,"Hashami, Zohreh","Firouzi, Hamid Reza",,,,,zxh088000,zohreh hashami,General Chemistry Laboratory I 
BIOL,3455,303,1,4,1,4,1,3,4,2,3,1,,1,2,3,,,,,"Ramirez, Ruben D","Maitra, Meenakshi",,,,,rdr092000,ruben ramirez,Human Anatomy and Physiology with Lab I 
CHEM,1111,104,5,7,4,2,3,1,,3,,,,,2,3,,,,,"Dissanayake, Dushanthi S","Franciskovich, Matthew R",,,,,dxd122030,dushanthi dissanayake,General Chemistry Laboratory I 
CE,1202,002,4,4,2,1,3,1,,2,2,1,1,,7,2,,,,,"Cogan, Diana L",,,,,,dcc095020,diana cogan,Introduction to Electrical Engineering II 
PHYS,2125,108,,28,,,,,,,,,,,,2,,,,,"Sun, Kuei","Dhawan, Ruchika",,,,,kxs147030,kuei sun,Physics Laboratory I 
CS,1337,008,2,6,2,2,3,1,,3,,,1,1,7,2,,,,,"Smith, Jason W",,,,,,jws130830,jason smith,Computer Science I 
PHYS,4302,001,1,12,3,3,4,1,,3,,,1,,,1,,,,,"Gartstein, Yuri","Fox, Logan K",,,,,yxg037000,yuri gartstein,Quantum Mechanics II 
CHEM,1112,118,3,15,6,2,1,,1,,,,,,,2,,,,,"Tran, Daniel N","Firouzi, Hamid Reza",,,,,dnt019000,daniel tran,General Chemistry Laboratory II 
ATCM,3368,001,2,6,2,6,3,,1,,1,,1,1,5,2,,,,,"Chandler, Adam W",,,,,,awc051000,adam chandler,Scripting for Games I 
CHEM,2123,102,9,16,1,,,1,,,,,,,1,2,,,,,"Shah, Shailesh N","Ma, Ziyuan","Lin, Jason",,,,sns170230,shailesh shah,Introductory Organic Chemistry Laboratory I 
ATCM,3306,001,1,2,3,4,1,4,4,1,1,2,,2,3,2,,,,,"Boyd, Elizabeth",,,,,,esp041000,elizabeth boyd,Modeling and Texturing I 
CHEM,1112,105,7,13,5,1,1,,,,1,,,,,2,,,,,"Abeykoon, Nimali C","Mortensen, Marie L",,,,,nxa124430,nimali abeykoon,General Chemistry Laboratory II 
CHEM,1112,125,7,17,3,1,,,,,,,,,,2,,,,,"Youn, Jonghae",,,,,,jxy140930,,General Chemistry Laboratory II 
CHEM,1112,104,19,5,2,1,,,,,,,,,1,2,,,,,"Hashami, Zohreh","Ahrari, Samira",,,,,zxh088000,zohreh hashami,General Chemistry Laboratory II 
ATCM,2335,503,9,8,3,,2,3,1,,,,,1,1,1,,1,,,"Starzer, Kenneth W",,,,,,kws042000,ken starzer,Internet Studio I 
CHEM,1112,121,18,2,2,1,,,,,2,1,,,2,2,,,,,"Tran, Daniel N","Shahrivarkevishahi, Arezoo",,,,,dnt019000,daniel tran,General Chemistry Laboratory II 
ECON,4360,001,2,7,2,1,4,,2,4,1,1,3,1,,2,,,,,"Siqueira, Kevin J","DeVore, Collin D",,,,,kjs064000,kevin siqueira,International Trade 
ATCM,3307,001,,1,3,9,2,7,1,1,1,1,,1,1,2,,,,,"McCord, Peter A",,,,,,pam062000,peter mccord,Lighting and Composition I 
ARHM,3342,002,8,8,1,1,3,3,1,,1,,,,2,1,,,,,"Starnaman, Sabrina",,,,,,sxs090100,sabrina starnaman,Advanced Interdisciplinary Studies in the Arts and Humanities 
CHEM,2125,603,10,16,2,1,,,,,,,,,,1,,,,,"Shah, Shailesh N","Lin, Jason",,,,,sns170230,shailesh shah,Introductory Organic Chemistry Laboratory II 
PHYS,2125,126,18,8,1,1,,,,,,1,,,,1,,,,,"Sun, Kuei","Sharon Felix, .",,,,,kxs147030,kuei sun,Physics Laboratory I 
ATCM,3350,002,6,7,9,6,,,1,,,,,,,1,,,,,"Hewitt, Sharon","Mejia, Paulina M",,,,,sxh090220,sharon hewitt,Digital Video Production I 
BIOL,3161,001,3,3,3,2,3,4,,2,2,1,3,,3,1,,,,,"Spiro, Stephen",,,,,,sxs067400,stephen spiro,Biochemistry Workshop I 
OB,6351,CW1,,17,8,1,1,2,,,,,,,,1,,,,,"Hicks, Robert",,,,,,,robert hicks,
CHEM,1112,103,1,21,1,1,2,2,,1,,,,,,1,,,,,"Namal Arachchilage, Chamni U",,,,,,cuj140030,,General Chemistry Laboratory II 
CHEM,1112,119,2,11,8,3,3,1,,1,,,,,,1,,,,,"Hashami, Zohreh","Mortensen, Marie L",,,,,zxh088000,zohreh hashami,General Chemistry Laboratory II 
CHEM,2125,102,6,14,4,4,1,,,,,,,,,1,,,,,"Tran, Daniel N","Tague, Daniel W",,,,,dnt019000,daniel tran,Introductory Organic Chemistry Laboratory II 
OB,6249,CW1,,29,,,,,,,,,,,,1,,,,,"Hicks, Robert",,,,,,,robert hicks,
ATCM,3370,001,,5,8,5,4,5,1,,,,,1,,1,,,,,"Lewis, Timothy M",,,,,,tml062000,timothy lewis,Virtual Environments I 
PHYS,2125,117,2,20,2,3,1,1,,,,,,,,1,,,,,"Sun, Kuei","Feizi, Wirya",,,,,kxs147030,kuei sun,Physics Laboratory I 
BIOL,3388,001,3,7,6,3,1,5,2,,2,,,,,1,,,,,"Rippel, Scott A",,,,,,rippel,scott rippel,Honey Bee Biology 
BIOL,2111,005,2,1,3,,4,6,2,2,3,2,3,,1,1,,,,,"Srikanth, Uma",,,,,,ukrish,uma srikanth,Introduction to Modern Biology Workshop I 
PHYS,2125,131,5,23,,,,,,,,,,,1,1,,,,,"Sun, Kuei","Zhou, Xiaohe",,,,,kxs147030,kuei sun,Physics Laboratory I 
PHYS,2125,113,15,12,,,1,,,,,,,,1,1,,,,,"Sun, Kuei","Ferguson, Sarah W",,,,,kxs147030,kuei sun,Physics Laboratory I 
PHYS,2126,113,2,14,11,2,,,,,,,,,,1,,,,,"Macalevey, Paul J","Frazier, Gary A","Hussain, Shadhin",,,,paulmac,paul macalevey,Physics Laboratory II 
NATS,2333,001,7,13,6,1,,1,,,,,,,1,1,,,,,"Taylor, Stephanie M","Martin, Jody",,,,,smt031000,stephanie taylor,Energy  Water  and the Environment 
CHEM,1112,132,7,13,4,2,1,1,,,,,,1,,1,,,,,"Abeykoon, Nimali C","Alberto, Kevin A",,,,,nxa124430,nimali abeykoon,General Chemistry Laboratory II 
PHYS,2125,116,9,18,1,,,,1,,,,,,,1,,,,,"Sun, Kuei","Khashami, Fatemeh",,,,,kxs147030,kuei sun,Physics Laboratory I 
ATCM,3338,002,,4,6,2,2,6,2,1,,,,2,4,1,,,,,"Chandler, Adam W","Desai, Wajiha Y",,,,,awc051000,adam chandler,Motion Graphics I 
MIS,6320,0W1,,5,5,7,6,5,1,,,,,,,1,,,,,"Cavusoglu, Huseyin","Ozdemir, Dicle Yagmur",,,,,huseyin,huseyin cavusoglu,Database Foundations 
ATCM,3301,502,,3,3,5,7,6,,3,1,,,,1,1,,,,,"Rheams, David C",,,,,,dcr093020,david rheams,Digital Content Design 
BIOL,3455,301,5,2,3,4,2,3,5,1,2,1,,1,,1,,,,,"Maitra, Meenakshi","Ramirez, Ruben D",,,,,mxm172731,meenakshi maitra,Human Anatomy and Physiology with Lab I 
CHEM,1112,136,2,9,7,5,3,1,,,,,,,2,1,,,,,"Dissanayake, Dushanthi S","Mills, Kira R",,,,,dxd122030,dushanthi dissanayake,General Chemistry Laboratory II 
MATH,3380,001,3,5,5,5,1,2,1,2,2,2,,,1,1,,,,,"Tran, Anh T","Khan, Md Arafat H",,,,,att140830,anh tran,Differential Geometry 
ACCT,6330,501,,6,2,6,8,,2,3,,,,,2,0,,,,,"Pang, Wenjin","Keogh, Reagan D",,,,,wxp042000,wenjin pang,Intermediate Financial Accounting I 
CHEM,2125,111,5,11,11,2,,,,,,,,,,1,,,,,"Shah, Shailesh N","Wang, Hanghang",,,,,sns170230,shailesh shah,Introductory Organic Chemistry Laboratory II 
ATCM,2301,006,4,5,7,2,3,2,2,,,2,,1,1,0,,,,,"Bernfeld, Luke S","Alzate, Catalina",,,,,lxb124130,,Computer Imaging 
CHEM,1112,101,12,11,2,,1,,,1,,,,,2,1,,,,,"Hashami, Zohreh","Malekpour, Soheil",,,,,zxh088000,zohreh hashami,General Chemistry Laboratory II 
CHEM,1112,131,16,10,,2,1,,,,,,,,,1,,,,,"Tran, Daniel N","Pope, Mitchell A",,,,,dnt019000,daniel tran,General Chemistry Laboratory II 
CHEM,2125,110,6,10,10,1,2,,,,,,,,,1,,,,,"Tran, Daniel N","Tajik Asl, Masoumeh",,,,,dnt019000,daniel tran,Introductory Organic Chemistry Laboratory II 
CHEM,1112,124,2,11,4,4,4,1,1,1,1,,,,,1,,,,,"Dissanayake, Dushanthi S","Khan, Amber",,,,,dxd122030,dushanthi dissanayake,General Chemistry Laboratory II 
CHEM,1112,116,3,17,4,1,2,,,,,,,2,,1,,,,,"Hashami, Zohreh","Page, Kierstin",,,,,zxh088000,zohreh hashami,General Chemistry Laboratory II 
CLDP,4344,001,2,8,9,4,,2,3,1,,,,,,1,,,,,"Ward, Felicia",,,,,,few160030,felicia ward,Child Psychopathology 
CHEM,1116,HN1,8,20,,1,,,,,,,,,,0,,1,,,"Sibert, John W",,,,,,sibertj,john sibert,Honors Freshman Chemistry Laboratory II 
GEOG,3372,001,,2,6,7,9,2,1,1,1,,,,,1,,,,,"Vakulenko, Irina","Venigalla, Lasya",,,,,iav081000,irina vakulenko,Population and Development 
PHYS,2125,110,7,22,,,,,,,,,,,,1,,,,,"Sun, Kuei","Talebi, Shawhin",,,,,kxs147030,kuei sun,Physics Laboratory I 
MUSI,2322,002,5,5,,2,3,,2,4,,1,3,,4,1,,,,,"Bennett, Rodger",,,,,,rxb180025,rodger bennett,Music in Western Civilization 
ECON,4355,001,3,3,3,3,3,4,1,1,2,2,1,3,,0,,,,,"Li, Dong","Hou, Aoyu",,,,,dxl145430,dong li,Econometrics 
MATH,2414,021,1,1,3,1,,4,5,6,4,,,1,3,1,,,,,"Choi, Sl-ghi",,,,,,sxc173731,sl ghi choi,Integral Calculus 
CHEM,1112,110,,4,14,4,2,4,1,,,,,,,1,,,,,"Abeykoon, Nimali C","Khan, Amber",,,,,nxa124430,nimali abeykoon,General Chemistry Laboratory II 
ATCM,3305,001,,,3,,6,6,1,4,5,,1,1,2,1,,,,,"Camacho, Christopher J",,,,,,cjc043000,christopher camacho,Computer Animation I 
PHYS,2125,606,5,20,1,1,,1,,,,,,1,,1,,,,,"Sun, Kuei","Rahmanian Koshkaki, Saeed",,,,,kxs147030,kuei sun,Physics Laboratory I 
PHYS,2126,116,7,11,8,2,1,,,,,,,,,1,,,,,"Macalevey, Paul J","Frazier, Gary A","Hussain, Shadhin",,,,paulmac,paul macalevey,Physics Laboratory II 
CHEM,1316,HN1,4,13,6,,5,1,,,,,,,,0,,1,,,"Sibert, John W",,,,,,sibertj,john sibert,Honors Freshman Chemistry II 
ATCM,2335,501,5,3,9,4,1,1,1,1,1,,,1,2,1,,,,,"Keralis, Spencer D",,,,,,sdk180006,,Internet Studio I 
BIS,3190,0W2,13,6,5,,,2,1,,2,,,,,1,,,,,"Edwards, Christopher W","Robinson, Katie L",,,,,cwe011000,christopher edwards,Library Research Skills 
PHYS,2126,106,14,13,,,,,,,,,,,2,1,,,,,"Macalevey, Paul J","Frazier, Gary A","Koirala, Pawan",,,,paulmac,paul macalevey,Physics Laboratory II 
PHYS,2125,107,7,18,2,1,,,,1,,,,,,1,,,,,"Sun, Kuei","Wang, Qing",,,,,kxs147030,kuei sun,Physics Laboratory I 
CHEM,1112,120,4,11,3,5,4,1,,,1,,,,,1,,,,,"Abeykoon, Nimali C","Abeyrathna, Nisansala S",,,,,nxa124430,nimali abeykoon,General Chemistry Laboratory II 
ATCM,2302,003,9,6,5,,,3,2,1,1,,,,2,1,,,,,"Minnish, Roxanne W","Brtis, Chelsea L",,,,,rwm061000,roxanne minnish,Design I 
MKT,3330,006,14,6,3,2,2,1,1,,,1,,,,0,,,,,"Amirpour, Semiramis",,,,,,sxa130731,semiramis amirpour,Introduction to Professional Selling 
PHYS,2126,117,12,14,2,1,,,,,,,,,1,0,,,,,"Macalevey, Paul J","Frazier, Gary A","Wang, Qiyue",,,,paulmac,paul macalevey,Physics Laboratory II 
PHYS,2126,101,5,20,3,2,,,,,,,,,,0,,,,,"Macalevey, Paul J","Frazier, Gary A","Mueller, David H",,,,paulmac,paul macalevey,Physics Laboratory II 
CHEM,2125,116,12,14,2,1,,,,,,,,1,,0,,,,,"Shah, Shailesh N","Ji, Ke",,,,,sns170230,shailesh shah,Introductory Organic Chemistry Laboratory II 
CHEM,1112,112,10,16,2,,1,,,,,,,,1,0,,,,,"Abeykoon, Nimali C","Faisal, Tahmid",,,,,nxa124430,nimali abeykoon,General Chemistry Laboratory II 
PSY,4324,001,2,10,8,3,1,5,1,,,,,,,0,,,,,"Brody, Salena M",,,,,,smb051000,salena brody,The Psychology of Prejudice 
ED,4372,5H1,13,7,5,,2,2,,1,,,,,,0,,,,,"Mahmoud, Ramy A",,,,,,mahmoudr,ramy mahmoud,Educational Technology 
PHYS,2125,112,14,15,,,,,,,1,,,,,0,,,,,"Sun, Kuei","Talebi, Shawhin",,,,,kxs147030,kuei sun,Physics Laboratory I 
PHYS,2125,603,8,17,2,1,2,,,,,,,,,0,,,,,"Sun, Kuei","Hathurusinghe Dewage, Prabuddha Madusanka",,,,,kxs147030,kuei sun,Physics Laboratory I 
AMS,2300,001,1,5,4,6,3,1,4,3,1,,1,1,,0,,,,,"Pogue, Neall W",,,,,,nxp174730,neall pogue,American Popular Culture 
CHEM,2123,101,10,14,6,,,,,,,,,,,0,,,,,"Shah, Shailesh N","Ma, Ziyuan",,,,,sns170230,shailesh shah,Introductory Organic Chemistry Laboratory I 
PHYS,2126,104,11,13,5,,,1,,,,,,,,0,,,,,"Macalevey, Paul J","Frazier, Gary A","Parajuli, Santosh",,,,paulmac,paul macalevey,Physics Laboratory II 
PHYS,2125,601,5,21,2,1,1,,,,,,,,,0,,,,,"Sun, Kuei","Wang, Qing",,,,,kxs147030,kuei sun,Physics Laboratory I 
PHYS,2125,115,2,27,,,1,,,,,,,,,0,,,,,"Sun, Kuei","Fernando, Bharana A",,,,,kxs147030,kuei sun,Physics Laboratory I 
PHYS,2125,101,13,16,,,,1,,,,,,,,0,,,,,"Sun, Kuei","Ali, Saif",,,,,kxs147030,kuei sun,Physics Laboratory I 
PHYS,2126,109,19,7,2,1,,,,,,,,,1,0,,,,,"Macalevey, Paul J","Frazier, Gary A","Parajuli, Santosh",,,,paulmac,paul macalevey,Physics Laboratory II 
FIN,6301,CW1,,11,8,8,3,,,,,,,,,0,,,,,"Ghai, Rajesh",,,,,,rxg170730,rajesh ghai,
PHYS,2125,604,12,16,1,1,,,,,,,,,,0,,,,,"Sun, Kuei","Sharon Felix, .",,,,,kxs147030,kuei sun,Physics Laboratory I 
DANC,1310,0H1,1,19,4,2,2,2,,,,,,,,0,,,,,"Owens, Misty",,,,,,mxo122530,misty owens,Understanding Dance 
PHYS,2125,127,11,17,1,,,1,,,,,,,,0,,,,,"Sun, Kuei","Khashami, Fatemeh",,,,,kxs147030,kuei sun,Physics Laboratory I 
CHEM,1112,127,3,13,3,4,3,2,,,1,,1,,,0,,,,,"Tran, Daniel N","Youn, Jonghae",,,,,dnt019000,daniel tran,General Chemistry Laboratory II 
ATCM,3340,003,,12,9,2,5,1,,1,,,,,,0,,,,,"Wood, Harold G",,,,,,hgw021000,harold wood,Design II 
HIST,3392,001,1,2,5,2,4,6,2,2,3,,1,1,1,0,,,,,"Schulze, Jeffrey",,,,,,jxs072200,jeffrey schulze,U S - Mexico Borderlands 
ATCM,3365,001,,1,9,6,9,3,,1,,1,,,,0,,,,,"Christopher, Daedra",,,,,,dxe093020,daedra christopher,Game Design I 
ED,3315,002,,14,5,1,6,3,,1,,,,,,0,,,,,"Leek, Patricia A",,,,,,santine,patricia leek,Children s Literature 
PHYS,2126,115,17,9,2,1,,,,1,,,,,,0,,,,,"Macalevey, Paul J","Frazier, Gary A","Bukowski, Aaron",,,,paulmac,paul macalevey,Physics Laboratory II 
ATCM,3301,503,1,7,4,3,1,2,2,1,3,1,1,1,3,0,,,,,"Keralis, Spencer D",,,,,,sdk180006,,Digital Content Design 
BA,3100,002,,26,1,1,,1,,,,,1,,,0,,,,,"Berardi, Caryn S",,,,,,cds110030,caryn berardi,Professional Development 
EE,1202,002,2,6,5,2,2,1,2,1,3,,,1,5,0,,,,,"Cogan, Diana L",,,,,,dcc095020,diana cogan,Introduction to Electrical Engineering II 
CHEM,1112,117,11,12,3,2,,,,,1,,,,1,0,,,,,"Abeykoon, Nimali C","Abeyrathna, Nisansala S",,,,,nxa124430,nimali abeykoon,General Chemistry Laboratory II 
PHYS,2125,122,4,22,1,1,,2,,,,,,,,0,,,,,"Sun, Kuei","Agashe, Anish N",,,,,kxs147030,kuei sun,Physics Laboratory I 
FIN,4313,001,11,9,7,2,1,,,,,,,,,0,,,,,"Molina, Stephen",,,,,,sxm163630,stephen molina,Energy Finance 
HMGT,3100,001,14,5,4,1,3,1,,,,,,1,1,0,,,,,"Newcomb, Rebecca G",,,,,,rgn100020,rebecca newcomb,Professional Development 
FIN,6352,501,,10,3,4,7,3,,2,,,,,1,0,,,,,"Springate, David J",,,,,,spring8,david springate,Financial Modeling For Corporate Analysis 
ISIS,4V89,001,6,15,6,2,1,,,,,,,,,0,,,,,"Aubrey, Lea E",,,,,,lec110030,lea aubrey,Special Topics in Interdisciplinary Studies 
PHYS,2125,102,14,14,2,,,,,,,,,,,0,,,,,"Sun, Kuei","Rahmanian Koshkaki, Saeed",,,,,kxs147030,kuei sun,Physics Laboratory I 
HLTH,4108,001,20,7,2,,,,,,,,,,1,0,,,,,"Rainey, Anthony D",,,,,,doyen,anthony rainey,Verbal Reasoning and Writing for Pre-Health 
ATCM,2301,001,1,4,8,7,4,2,2,,1,,,1,,0,,,,,"Christopher, Daedra","Alzate, Catalina",,,,,dxe093020,daedra christopher,Computer Imaging 
PHYS,2126,110,21,7,1,,,1,,,,,,,,0,,,,,"Macalevey, Paul J","Frazier, Gary A","Cailide, Christopher G",,,,paulmac,paul macalevey,Physics Laboratory II 
BIOL,4350,001,,3,3,7,6,3,3,1,1,1,,1,1,0,,,,,"Ramirez, Ruben D",,,,,,rdr092000,ruben ramirez,Medical Microbiology 
CHEM,1112,106,3,14,5,3,2,2,,,1,,,,,0,,,,,"Tran, Daniel N","Namal Arachchilage, Chamni U",,,,,dnt019000,daniel tran,General Chemistry Laboratory II 
ATCM,3366,002,,16,3,,1,4,,,2,1,,1,2,0,,,,,"Wu, Hong An",,,,,,hxw173930,hong wu,Game Studies I 
PHYS,2125,129,6,20,1,2,1,,,,,,,,,0,,,,,"Sun, Kuei","Zheng, Peng Peng",,,,,kxs147030,kuei sun,Physics Laboratory I 
ATCM,2301,501,,1,12,5,3,4,2,1,1,,,,1,0,,,,,"Veras de Souza, Christine","Alzate, Catalina",,,,,cxv180000,christine veras de souza,Computer Imaging 
PHYS,2125,605,12,17,,,,,,,,,1,,,0,,,,,"Sun, Kuei","Javed, Umar",,,,,kxs147030,kuei sun,Physics Laboratory I 
ATCM,3307,002,,2,4,6,7,5,1,1,1,,,,3,0,,,,,"McCord, Peter A",,,,,,pam062000,peter mccord,Lighting and Composition I 
MIS,6323,001,,16,4,8,2,,,,,,,,,0,,,,,"Tang, Shaojie","Choudhary, Aarzoo",,,,,sxt146930,shaojie tang,Object Oriented Programming in Java 
CHEM,2125,104,17,12,1,,,,,,,,,,,0,,,,,"Cortes, Sergio J","Siddiki, A K M Nur Alam",,,,,scortes,sergio cortes,Introductory Organic Chemistry Laboratory II 
OBHR,3310,5E1,,1,9,3,9,4,2,,2,,,,,0,,,,,"Ritchey, Kemberly A",,,,,,kar014400,kemberly ritchey,Organizational Behavior 
CHEM,1112,109,7,12,,7,2,1,,1,,,,,,0,,,,,"Qin, Yanping","Morakabi, Katayoun",,,,,yxq083000,yanping qin,General Chemistry Laboratory II 
HUMA,3351,001,7,22,,,,,,1,,,,,,0,,,,,"Anjum, Zafar",,,,,,zxa110730,zafar anjum,Introduction to Islamic Culture 
CHEM,2123,104,16,11,3,,,,,,,,,,,0,,,,,"Cortes, Sergio J","Tague, Daniel W",,,,,scortes,sergio cortes,Introductory Organic Chemistry Laboratory I 
CHEM,2125,601,12,11,7,,,,,,,,,,,0,,,,,"Cortes, Sergio J","Bhadran, Abhi",,,,,scortes,sergio cortes,Introductory Organic Chemistry Laboratory II 
ATCM,3340,001,2,19,4,2,2,1,,,,,,,,0,,,,,"Wood, Harold G",,,,,,hgw021000,harold wood,Design II 
CHEM,1112,133,7,18,5,,,,,,,,,,,0,,,,,"Tran, Daniel N","Mills, Kira R",,,,,dnt019000,daniel tran,General Chemistry Laboratory II 
PHYS,2126,108,10,16,4,,,,,,,,,,,0,,,,,"Macalevey, Paul J","Frazier, Gary A","Solanki, Rahulkumar",,,,paulmac,paul macalevey,Physics Laboratory II 
ATCM,4330,002,,3,6,4,7,3,3,1,1,,,,2,0,,,,,"Burrough, Xtine","Asgharpour, Maedeh",,,,,cxb153930,xtine burrough,Culture Jamming 
PHYS,2125,118,10,16,1,1,,1,,1,,,,,,0,,,,,"Sun, Kuei","Zhao, Xinyu",,,,,kxs147030,kuei sun,Physics Laboratory I 
ATCM,3365,003,,2,14,7,1,1,1,2,2,,,,,0,,,,,"Christopher, Daedra",,,,,,dxe093020,daedra christopher,Game Design I 
BIS,4306,0W2,1,6,3,2,3,,2,1,3,,,,9,0,,,,,"Simpson, Carrie M",,,,,,cms131030,carrie simpson,Strategies for Diversity in Education 
CHEM,1112,126,9,19,,1,1,,,,,,,,,0,,,,,"Huang, Yu","Faisal, Tahmid",,,,,yxh091220,yu huang,General Chemistry Laboratory II 
ATCM,2302,004,,1,8,6,6,1,1,,1,1,1,,4,0,,,,,"Veras de Souza, Christine","Brtis, Chelsea L",,,,,cxv180000,christine veras de souza,Design I 
CHEM,2125,117,19,6,5,,,,,,,,,,,0,,,,,"Wijenayake, Sumudu N","Diwakara Mohottalalage, Shashini Devika D",,,,,snw081000,sumudu wijenayake,Introductory Organic Chemistry Laboratory II 
CHEM,1112,113,4,14,5,2,1,1,,,1,,,,2,0,,,,,"Hashami, Zohreh","Page, Kierstin",,,,,zxh088000,zohreh hashami,General Chemistry Laboratory II 
CHEM,2125,605,13,11,6,,,,,,,,,,,0,,,,,"Cortes, Sergio J","Bhadran, Abhi",,,,,scortes,sergio cortes,Introductory Organic Chemistry Laboratory II 
COMD,6320,001,,29,,,1,,,,,,,,,0,,,,,"Smith, Irma E","Dean, Lucinda L",,,,,ieg011000,,Motor Speech Disorders 
PHYS,2125,123,16,12,2,,,,,,,,,,,0,,,,,"Sun, Kuei","Javed, Umar",,,,,kxs147030,kuei sun,Physics Laboratory I 
HMGT,6331,CH1,,26,1,3,,,,,,,,,,0,,,,,"Jacob, Stephen",,,,,,,stephen jacob,
EE,4389,001,,18,5,3,3,,,,,,,,1,0,,,,,"Skinner, Neal G",,,,,,skinner,neal skinner,Senior Design Project II 
CHEM,2125,106,7,14,8,1,,,,,,,,,,0,,,,,"Shah, Shailesh N","Hernandez, Jayoh A",,,,,sns170230,shailesh shah,Introductory Organic Chemistry Laboratory II 
CHEM,1112,108,1,16,6,2,3,1,,,,,,,1,0,,,,,"Abeykoon, Nimali C","Franciskovich, Matthew R",,,,,nxa124430,nimali abeykoon,General Chemistry Laboratory II 
MUSI,3322,001,2,10,3,1,6,1,1,5,1,,,,,0,,,,,"Evans, Kathryn C",,,,,,kcevans,kathryn evans,Music in Historical Context 
CHEM,1112,134,7,17,5,,,,,,,,,,1,0,,,,,"Dissanayake, Dushanthi S","Pope, Mitchell A",,,,,dxd122030,dushanthi dissanayake,General Chemistry Laboratory II 
FIN,6356,501,,6,8,6,3,2,4,1,,,,,,0,,,,,"Davis, Richard L",,,,,,rld170030,richard davis,Mergers and Acquisitions 
ATCM,2321,001,,2,4,9,8,4,2,,1,,,,,0,,,,,"Imaoka, Laura",,,,,,lxi170030,laura imaoka,Reading Media Critically 
CHEM,2125,113,10,13,4,2,,1,,,,,,,,0,,,,,"Shah, Shailesh N","Diwakara Mohottalalage, Shashini Devika D",,,,,sns170230,shailesh shah,Introductory Organic Chemistry Laboratory II 
PHYS,2125,119,8,22,,,,,,,,,,,,0,,,,,"Sun, Kuei","Mahmud, Mohammad M",,,,,kxs147030,kuei sun,Physics Laboratory I 
MKT,3300,5E1,2,7,7,5,5,3,,,1,,,,,0,,,,,"Meda, Edward","Tsai, Lin",,,,,exm150330,edward meda,Principles of Marketing 
MKT,6309,501,,17,5,6,2,,,,,,,,,0,,,,,"Li, Xiaolin","Kasaian, Keyvan",,,,,xxl157230,xiaolin li,Marketing Research 
PHYS,2125,602,2,22,2,1,1,,,,,1,,,1,0,,,,,"Sun, Kuei","Mishra, Aditya K",,,,,kxs147030,kuei sun,Physics Laboratory I 
CHEM,2125,109,10,15,3,1,1,,,,,,,,,0,,,,,"Wijenayake, Sumudu N","Tajik Asl, Masoumeh",,,,,snw081000,sumudu wijenayake,Introductory Organic Chemistry Laboratory II 
MKT,3330,502,4,7,7,2,5,1,1,1,,,,1,1,0,,,,,"Gafford, Jerome M",,,,,,jmg171130,jerome gafford,Introduction to Professional Selling 
LIT,2350,001,2,5,10,3,1,2,1,1,1,1,,,3,0,,,,,"Barnes, Ashley",,,,,,axb162631,ashley barnes,Close Reading 
COMD,6377,001,,28,,,2,,,,,,,,,0,,,,,"Kenedi, Helen","Sale, Felicity F",,,,,kenedi,,Neurogenic Communication Disorders I 
ATCM,3350,501,5,9,6,4,2,2,,1,1,,,,,0,,,,,"Hewitt, Sharon","Mejia, Paulina M",,,,,sxh090220,sharon hewitt,Digital Video Production I 
CHEM,1112,123,14,14,,1,,1,,,,,,,,0,,,,,"Qin, Yanping","Faisal, Tahmid",,,,,yxq083000,yanping qin,General Chemistry Laboratory II 
ATCM,3337,001,1,14,5,4,2,4,,,,,,,,0,,,,,"Nazir, Cassini",,,,,,cassini,cassini nazir,Interaction Design I 
CHEM,2125,103,18,10,2,,,,,,,,,,,0,,,,,"Cortes, Sergio J","Siddiki, A K M Nur Alam",,,,,scortes,sergio cortes,Introductory Organic Chemistry Laboratory II 
DANC,1310,0H2,1,16,5,1,3,1,,2,,,,,1,0,,,,,"Saba, Monica",,,,,,msaba,monica saba,Understanding Dance 
CRIM,4322,5H1,,8,7,6,4,2,,1,1,,,,1,0,,,,,"Worrall, John L","Riddell, Jordan R",,,,,jlw064000,john worrall,Senior Research Seminar 
CHEM,2125,602,2,17,8,2,1,,,,,,,,,0,,,,,"Panapitiya, Nimanka P","Bhadran, Abhi",,,,,npp081000,nimanka panapitiya,Introductory Organic Chemistry Laboratory II 
PHYS,2125,136,6,11,5,1,,3,1,1,,,,,2,0,,,,,"Sun, Kuei","Zanders, Alan P",,,,,kxs147030,kuei sun,Physics Laboratory I 
ATCM,4380,001,1,6,9,8,1,2,1,,2,,,,,0,,,,,"Lee, Angela M",,,,,,aml140530,angela lee,Communication  Media  and Information Technology 
CHEM,1112,135,14,9,4,,1,,,1,,,,,1,0,,,,,"Abeykoon, Nimali C","Youn, Jonghae",,,,,nxa124430,nimali abeykoon,General Chemistry Laboratory II 
COMD,7207,001,,19,,,1,,,,,,,,,0,,,,11,"Kenedi, Helen",,,,,,kenedi,,Advanced Topics in Dysphagia 
MATH,2418,308,,,,,,,,,,,,,,0,,,,,"Arnold, Maxim",,,,,,mxa149530,maxim arnold,Linear Algebra 
MATH,2415,305,,,,,,,,,,,,,,0,,,,,"Makhijani, Neha",,,,,,nxm165130,neha makhijani,Calculus of Several Variables 
MATH,2418,313,,,,,,,,,,,,,,0,,,,,"Zhang, Yi",,,,,,yxz180069,yi zhang,Linear Algebra 
MATH,2415,301,,,,,,,,,,,,,,0,,,,,"Makhijani, Neha",,,,,,nxm165130,neha makhijani,Calculus of Several Variables 
MATH,2418,309,,,,,,,,,,,,,,0,,,,,"Pereira, Luis Felipe F",,,,,,lfp140030,luis pereira,Linear Algebra 
MATH,2415,306,,,,,,,,,,,,,,0,,,,,"Zweck, John W",,,,,,jwz120030,john zweck,Calculus of Several Variables 
MATH,2418,305,,,,,,,,,,,,,,0,,,,,"Arnold, Maxim",,,,,,mxa149530,maxim arnold,Linear Algebra 
BIOL,3161,008,,8,2,1,4,3,,3,1,1,1,1,2,3,,1,,,"Taylor, Stephanie M",,,,,,smt031000,stephanie taylor,Biochemistry Workshop I 
ACN,6373,001,,6,6,9,6,,,,,,,,,3,,,,,"Moller, Aage R",,,,,,amoller,aage moller,Intraoperative Neurophysiological Monitoring 
ACN,6338,001,,6,,,18,,,3,,,,,1,3,,,,,"Kennedy, Kristen M","Miranda, Giuseppe G",,,,,kmk082000,kristen kennedy,Functional Neuroanatomy 
BIOL,2111,003,3,1,2,3,5,1,4,5,3,,1,,,2,,1,,,"Srikanth, Uma",,,,,,ukrish,uma srikanth,Introduction to Modern Biology Workshop I 
CS,4386,001,3,4,3,3,4,4,1,1,,,2,,3,3,,,,,"Gupta, Neeraj K","Fisher, Dakota J",,,,,nkg140130,neeraj gupta,Compiler Design 
BIOL,3455,306,,1,5,3,1,1,,4,,2,1,3,7,3,,,,,"Ramirez, Ruben D","Sarcar, Subha N","Karkar, Akash V","Ma, Timothy",,,rdr092000,ruben ramirez,Human Anatomy and Physiology with Lab I 
EE,3102,103,12,5,3,3,2,,1,1,,,,,2,2,,,,,"Webb, Jennifer H","Azarang, Arian","Chandra Shekar, Ram Charan M",,,,jhw170130,jennifer webb,Signals and Systems Laboratory 
PHYS,3427,001,11,11,2,,3,1,1,,,,,,,2,,,,,"Frazier, Gary A",,,,,,gaf012000,gary frazier,Electronics with Laboratory 
IMS,6365,0W1,,15,2,7,4,1,,1,,,,,,1,,,,,"Woldu, Habte G","Dakshinamoorthy, Sowmika",,,,,wolduh,habte woldu,Cross-Culture Communication and Management 
CS,3354,007,2,2,2,2,6,4,1,5,1,,1,2,2,1,,,,,"Marcus, Andrian","Mousavi, Pooneh",,,,,axm141731,andrian marcus,Software Engineering 
LIT,3330,001,4,7,5,4,3,4,1,1,,,,,1,1,,,,,"Lambert, Thomas M",,,,,,tml017100,thomas lambert,Linguistics 
ACCT,4342,501,4,3,4,6,4,3,2,2,1,,,,1,1,,,,,"Hagen, John C","Farooqi, Shan A",,,,,jch013200,john hagen,Analysis and Design of Accounting Systems 
ENTP,3320,001,,7,1,6,11,4,,1,,,,,,1,,,,,"Wright, Robert G",,,,,,rgw091000,robert wright,Start-up Launch I 
ATCM,2302,501,10,4,2,2,2,,3,1,2,,1,,3,1,,,,,"Li, Mary A","Brtis, Chelsea L",,,,,mae057000,mary effler li,Design I 
ATCM,2301,003,5,7,10,2,4,,,1,1,,,,,1,,,,,"Christopher, Daedra","Alzate, Catalina",,,,,dxe093020,daedra christopher,Computer Imaging 
BUAN,6337,0W1,,6,7,7,8,1,,1,,,,,,1,,,,,"Subramanian, Upender","Bhave, Ashutosh C",,,,,uxs092000,upender subramanian,Predictive Analytics Using SAS 
ISIS,3335,001,5,6,6,6,1,4,,,,,,,3,0,,,,,"Rosa, Jonathan",,,,,,jxr172530,jonathan rosa,United States and East Asia 
BCOM,4350,501,,6,5,8,8,4,,,,,,,,0,,,,,"Lookadoo, Kathryn","Tanabe, Takuma",,,,,kxl164330,kathryn lookadoo,Advanced Business Communication 
OB,6301,PS1,,9,14,2,4,,1,1,,,,,,0,,,,,"Hicks, Jeffrey N",,,,,,jnh061000,jeffrey hicks,
ATCM,3301,501,4,11,9,2,2,,,2,1,,,,,0,,,,,"Patino, Stephen D",,,,,,sxp180102,stephen patino,Digital Content Design 
CS,6301,503,,10,5,5,4,3,3,,,,,,1,0,,,,,"Redfern, Arthur","Mohammadpour, Somayeh",,,,,axr180074,arthur redfern,Special Topics in Computer Science 
BIOL,2350,001,8,14,,1,6,,1,1,,,,,,0,,,,,"Sapozhnikov, Ilya",,,,,,isapoz,ilya sapozhnikov,Biological Basis of Health and Disease 
OPRE,6355,001,,8,7,13,3,,,,,,,,,0,,,,,"Bolton, Gary","Katok, Elena M",,,,,gxb122130,gary bolton,Deal Making Strategies 
NSC,4351,002,3,13,5,2,3,2,1,1,,,1,,,0,,,,,"Miller, Van S",,,,,,vxm077000,van miller,Medical Neuroscience 
ACCT,6332,001,,13,,,6,,,9,,,,,3,0,,,,,"Zolton, Kathy","Anwer, Jordan J",,,,,kxz121730,kathy zolton,Intermediate Financial Accounting II 
ITSS,4300,002,2,2,4,4,7,6,2,1,2,1,,,,0,,,,,"Calisir, Engin","Velugati, Jayanth Reddy",,,,,exc030100,engin calisir,Database Fundamentals 
ATCM,3301,002,10,11,8,,2,,,,,,,,,0,,,,,"Patino, Stephen D",,,,,,sxp180102,stephen patino,Digital Content Design 
OPRE,6301,SS1,,25,5,1,,,,,,,,,,0,,,,,"Sethi, Awanti",,,,,,asethi,awanti sethi,
ATCM,2302,006,10,12,1,1,4,1,,1,1,,,,,0,,,,,"Minnish, Roxanne W","Brtis, Chelsea L",,,,,rwm061000,roxanne minnish,Design I 
PHYS,4328,001,1,4,5,5,3,4,3,4,,,2,,,0,,,,,"Malko, Anton V","Stoikos, Evangelos",,,,,avm074000,anton malko,Optics 
ATCM,2321,002,,2,5,7,9,4,2,2,,,,,,0,,,,,"Imaoka, Laura","Barr, Ivey B",,,,,lxi170030,laura imaoka,Reading Media Critically 
ATCM,4338,001,4,7,4,4,4,5,,1,,,,,2,0,,,,,"Farrar, Eric T",,,,,,etf091000,eric farrar,Motion Graphics II 
EE,3310,001,8,13,7,3,,,,,,,,,,0,,,,,"Frensley, William",,,,,,frensley,william frensley,Electronic Devices 
BIOL,3456,301,2,10,2,1,3,3,5,1,1,3,,,,0,,,,,"Yu, Wen H",,,,,,why061000,wen ho yu,Human Anatomy and Physiology with Lab II 
MATH,1314,001,1,2,1,2,2,3,3,2,2,2,1,,10,0,,,,,"McCary, Brady C",,,,,,bcm052000,brady mccary,College Algebra 
MATH,2418,304,,,,,,,,,,,,,,0,,,,,"Dahal, Rabin",,,,,,rxd153030,rabin dahal,Linear Algebra 
MATH,2418,306,,,,,,,,,,,,,,0,,,,,"Arnold, Maxim",,,,,,mxa149530,maxim arnold,Linear Algebra 
MATH,2418,314,,,,,,,,,,,,,,0,,,,,"Zhang, Yi",,,,,,yxz180069,yi zhang,Linear Algebra 
MATH,2418,311,,,,,,,,,,,,,,0,,,,,"Pereira, Luis Felipe F",,,,,,lfp140030,luis pereira,Linear Algebra 
MATH,2418,312,,,,,,,,,,,,,,0,,,,,"Pereira, Luis Felipe F",,,,,,lfp140030,luis pereira,Linear Algebra 
MATH,2418,307,,,,,,,,,,,,,,0,,,,,"Arnold, Maxim",,,,,,mxa149530,maxim arnold,Linear Algebra 
MATH,2414,019,1,3,,,1,1,8,3,2,,2,,8,3,,,,,"Westbury, Bruce W",,,,,,bww180001,bruce westbury,Integral Calculus 
BMEN,2320,001,1,3,4,2,6,3,1,4,,,,,5,3,,,,,"Ren, Yao","Li, Wentao",,,,,yxr180008,yao ren,Statics 
HLTH,3305,002,,5,7,2,6,4,1,3,1,,,,1,2,,,,,"Stark, Azadeh T",,,,,,ats160030,azadeh stark,The U S  Healthcare System 
CS,4347,002,4,4,6,5,5,1,1,2,2,,,,,2,,,,,"Christiansen, Michael G","Chen, Simin",,,,,mgc013000,michael christiansen,Database Systems 
BIOL,3455,304,3,6,2,3,2,4,,1,4,4,,1,,2,,,,,"Maitra, Meenakshi","Ramirez, Ruben D",,,,,mxm172731,meenakshi maitra,Human Anatomy and Physiology with Lab I 
ITSS,4380,501,3,11,3,2,6,2,3,,,,,,1,1,,,,,"Owens, Dawn M","Singh, Tajinder",,,,,dmo130130,dawn owens,Advanced Database Management 
MATH,3312,001,4,4,2,3,3,2,2,4,3,2,2,,,1,,,,,"Arreche, Carlos","Goodson, Scott W",,,,,cxa171230,carlos arreche,Abstract Algebra II 
BUAN,6346,501,,2,10,3,8,1,6,,,,,,1,1,,,,,"Cankaya, Hakki C","Tripathi, Aarohi",,,,,hcc072000,hakki cankaya,Big Data 
OBHR,3310,003,2,2,4,7,7,3,2,2,1,,,,1,1,,,,,"Jun, Sora","Kim, Kyun",,,,,sxj177030,,Organizational Behavior 
MIS,6356,004,,5,19,3,4,,,,,,,,,1,,,,,"Thouin, Mark","Singh, Tajinder",,,,,mxt083000,mark thouin,Business Analytics With R 
BIOL,3456,303,2,5,4,10,2,1,3,1,,,1,,2,0,1,,,,"Yu, Wen H",,,,,,why061000,wen ho yu,Human Anatomy and Physiology with Lab II 
BIOL,5440,001,,11,10,5,4,,,1,,,,,,1,,,,,"Delk, Nikki A",,,,,,nad140230,nikki delk,Cell Biology 
PSY,3338,001,,13,4,3,2,3,2,,3,,,,1,1,,,,,"Santrock, John W","Spence, Melanie",,,,,santrock,john santrock,Adolescence 
BIOL,3456,304,,11,10,3,4,,2,,,,,1,,1,,,,,"Hill, Brenna R","Yu, Wen H","Dagupati, Venkatesh",,,,brh140230,brenna hill,Human Anatomy and Physiology with Lab II 
BIOL,3456,302,3,6,8,4,3,2,1,1,2,,,1,,0,,1,,,"Yu, Wen H",,,,,,why061000,wen ho yu,Human Anatomy and Physiology with Lab II 
BIOL,3456,801,3,8,4,2,5,5,,3,,1,,,1,0,,,,,"Sarcar, Subha N","Yu, Wen H","Venkitapathi, Sundharamani","Li, Yibo",,,sns064000,subha sarcar,Human Anatomy and Physiology with Lab II 
EE,3350,002,,10,4,2,2,8,1,2,1,,1,1,,0,,,,,"Torlak, Murat","Baral, Ashwin Bhobani",,,,,torlak,murat torlak,Communications Systems 
MIS,6334,001,,10,6,5,7,4,,,,,,,,0,,,,,"Menon, Syam","Kumar, Jitendra",,,,,sxm021300,syam menon,Advanced Business Analytics With SAS 
BIS,3190,0W1,12,10,5,2,,,,,2,,1,,,0,,,,,"Edwards, Christopher W","Robinson, Katie L",,,,,cwe011000,christopher edwards,Library Research Skills 
CS,1337,001,,6,,1,4,4,2,5,,1,4,1,4,0,,,,,"Arnold, Gordon L",,,,,,gxa120930,gordon arnold,Computer Science I 
PSY,3332,501,,3,3,2,9,5,,5,1,1,1,,2,0,,,,,"Shoaib, Amber","Smith, Olivia",,,,,axs190010,amber shoaib,Social and Personality Development 
BIOL,3162,007,2,7,2,3,2,5,1,3,3,2,1,,1,0,,,,,"Candas, Mehmet",,,,,,candas,mehmet candas,Biochemistry Workshop II 
HIST,3387,501,4,11,,2,7,,,1,,,2,,5,0,,,,,"Bocchine, Kristin",,,,,,kxb180022,,World History from 1500 
GST,2300,001,,12,1,4,5,2,1,4,,,1,,2,0,,,,,"Werhnyak, Larissa",,,,,,lxw163630,larissa werhnyak,Introduction to Gender Studies 
ACCT,3341,501,5,7,4,6,2,4,,3,1,,,,,0,,,,,"Sadka, Gil","Fan, Zhongwen","Chu, Yu Fang",,,,gxs143630,gil sadka,Cost Management Systems 
NSC,4366,002,3,5,10,4,3,4,1,,,1,1,,,0,,,,,"McWilliams, Steven P",,,,,,sxm127330,steven mcwilliams,Neuroanatomy 
PA,4345,001,,2,5,9,5,1,2,,,3,1,1,3,0,,,,,"Cohen, Galia",,,,,,gxc097120,galia cohen,Negotiation and Conflict Resolution 
ACCT,6343,0W1,,15,,,15,,,2,,,,,,0,,,,,"Johnson, Jennifer","Farooqi, Shan A",,,,,jxj091000,jennifer johnson,Accounting Information Systems 
MIS,6337,501,,10,9,5,5,2,,1,,,,,,0,,,,,"Mauriello, Joseph A","Braughton, Caleb M",,,,,jam151430,joseph mauriello,Information Technology Audit and Risk Management 
MUSI,4118,501,,32,,,,,,,,,,,,0,,,,,"Ming, Adron",,,,,,axm167231,adron ming,String Orchestra III 
ACCT,6305,501,,24,,2,6,,,,,,,,,0,,,,,"Loumioti, Maria","Hou, Liya",,,,,mxl175830,maria loumioti,Accounting for Managers 
MKT,4380,002,,11,9,5,6,,1,,,,,,,0,,,,,"Wu, Fang","Qian, Kun",,,,,fxw052000,fang wu,Capstone Course in Marketing 
ATCM,2302,502,6,10,6,1,2,1,1,,,,2,,3,0,,,,,"Li, Mary A","Brtis, Chelsea L",,,,,mae057000,mary effler li,Design I 
CS,6301,002,,9,11,7,3,1,,,,,,,1,0,,,,,"Raichel, Benjamin A",,,,,,bar150630,benjamin raichel,
ATCM,2301,004,,6,4,4,5,3,3,3,,,1,1,2,0,,,,,"Nielsen, Christina R","Alzate, Catalina",,,,,crn022000,christina nielsen,Computer Imaging 
BIOL,3161,007,3,,1,3,6,3,,3,2,3,2,,2,4,,1,,,"Taylor, Stephanie M",,,,,,smt031000,stephanie taylor,Biochemistry Workshop I 
CS,4348,002,,2,4,3,3,3,4,3,1,,2,2,3,3,,,,,"Ozbirn, Greg A",,,,,,ozbirn,greg ozbirn,Operating Systems Concepts 
SOC,2305,0W1,8,14,,,7,,,,,,,,1,3,,,,,"Malek-Ahmadi, John H",,,,,,jhm110020,john malek ahmadi,Individual and Society 
OB,6350,CW1,,14,12,4,,,1,,,,,,,0,,2,,,"Hicks, Robert","Thomas, Pam",,,,,,robert hicks,
ACCT,3332,501,,4,,3,6,,2,3,1,2,7,2,1,2,,,,,"Bortz, Tiffany A","Sarman, Patrick R",,,,,tabortz,tiffany bortz,Intermediate Financial Accounting II 
FIN,3350,501,,8,8,4,4,,3,2,,,,2,,2,,,,,"Xia, Han (Victor)",,,,,,hxx110930,han xia,Financial Markets and Institutions 
CS,3340,503,,7,9,5,3,,1,2,,,1,,3,2,,,,,"Nguyen, Nhut",,,,,,nhutnn,nhut nguyen,Computer Architecture 
MECH,3105,103,7,7,3,8,2,1,,,3,,1,,,1,,,,,"Rios, Oziel","Sadeh, Sepehr",,,,,oxr106020,oziel rios,Computer Aided Design Laboratory 
BPS,4305,008,3,1,7,8,3,3,3,,2,1,1,,,1,,,,,"Miller, Toyah L","Welbourne Eleazar, Miranda J",,,,,tlm140330,toyah miller,Strategic Management 
MATH,4302,001,4,9,1,8,2,2,1,3,,1,1,,,1,,,,,"Dabkowski, Mieczyslaw K","Rakotomalala, Diarisoa Mihaja Andriamanisa",,,,,mkd034000,mieczyslaw dabkowski,Mathematical Analysis II 
ACCT,6350,501,,10,3,7,5,2,1,3,,,,,1,1,,,,,"Wilson, William H",,,,,,whw041000,william wilson,Fundamentals of Taxation I 
CRIM,4311,0W1,,7,4,4,7,2,6,,1,,,,1,1,,,,,"Narvey, Chelsey",,,,,,cxn151330,chelsey narvey,Crime and Justice Policy 
ITSS,4300,501,,11,4,2,4,2,2,3,3,,,,1,1,,,,,"Thomas, Sunela","Zhao, Jinglin",,,,,sxt167730,sunela thomas,Database Fundamentals 
ECON,3330,501,,8,9,3,3,7,1,1,,,,,,0,,,,,"Earle, Doric E",,,,,,dee011000,doric earle,Economics of Health 
ACCT,6305,001,,23,,3,4,1,,,,,,,1,1,,,,,"Loumioti, Maria","Hou, Liya",,,,,mxl175830,maria loumioti,Accounting for Managers 
ITSS,4390,001,,7,11,5,7,1,2,,,,,,,0,,,,,"Owens, Dawn M",,,,,,dmo130130,dawn owens,Information Systems Capstone 
MIS,6326,501,,12,7,5,9,,,,,,,,,0,,,,,"Ryu, Young",,,,,,ryoung,young ryu,Data Management 
PSCI,4356,001,1,5,4,7,8,2,3,1,,1,,,1,0,,,,,"Peinhardt, Clint W","Akarte, Prajakti V",,,,,cwp052000,clint peinhardt,International Political Economy 
EE,4360,001,1,5,4,7,10,3,,1,1,,1,,,0,,,,,"Minn, Hlaing","Han, Dong",,,,,hxm025000,hlaing minn,Digital Communications 
ACCT,6336,501,,16,3,5,6,3,,,,,,,,0,,,,,"Mauriello, Joseph A","Braughton, Caleb M",,,,,jam151430,joseph mauriello,Information Technology Audit and Risk Management 
MIS,6309,002,,9,10,8,4,1,1,,,,,,,0,,,,,"Islam, Naser","Velugati, Jayanth Reddy",,,,,nxi110630,naser islam,Business Data Warehousing 
OB,6248,CW1,,29,,,4,,,,,,,,,0,,,,,"Hicks, Robert",,,,,,,robert hicks,
BIOL,4385,001,1,25,,1,4,1,,1,,,,,,0,,,,,"Murchison, David F",,,,,,dfm100020,david murchison,Oral Histology and Embryology 
CS,3305,HON,1,5,7,9,6,4,,1,,,,,,0,,,,,"Prakash, Ravi",,,,,,ravip,ravi prakash,Discrete Mathematics for Computing II 
CS,6301,505,,16,17,,,,,,,,,,,0,,,,,"Culver, Timothy L","Tran, Trung Hieu","Munia, Munawara Saiyara",,,,tlc130230,timothy culver,
BIOL,4461,001,1,7,,2,9,1,3,4,,,3,,3,0,,,,,"Winkler, Duane D",,,,,,ddw130330,duane winkler,Biophysical Chemistry 
BUAN,6356,001,,12,13,6,2,,,,,,,,,0,,,,,"Ge, Ling","Panthagani, Phanindra",,,,,lxg180006,,Business Analytics With R 
MKT,3340,001,,8,2,6,9,2,2,2,,,1,,1,0,,,,,"Rajaratnam, Daniel",,,,,,dxr143430,daniel rajaratnam,Marketing Research 
ATCM,2302,005,4,18,4,1,2,3,,,,,,1,,0,,,,,"Minnish, Roxanne W","Brtis, Chelsea L",,,,,rwm061000,roxanne minnish,Design I 
PSCI,4360,001,,21,7,1,2,,1,,,,,,1,0,,,,,"Cavallo De Oliveira, Paulo Marcio",,,,,,pxc151630,,The Political Economy of Multinational Corporations 
BIS,3190,0H1,7,10,,8,2,2,,2,,,,,2,0,,,,,"Edwards, Christopher W","Robinson, Katie L",,,,,cwe011000,christopher edwards,Library Research Skills 
FIN,3365,001,3,4,3,7,7,4,,4,1,,,,,0,,,,,"DeCourcy, George A",,,,,,gad075000,george decourcy,Real Estate Finance and Principles 
HLTH,3310,002,3,9,6,3,5,2,2,,,1,1,,1,0,,,,,"Duquaine-Watson, Jill M",,,,,,jmw087000,jillian duquaine watson,Health Care Issues  Global Perspectives 
MECO,6303,002,,12,3,9,4,5,,,,,,,,0,,,,,"Lewin, Peter","Ogunjobi, Olufunke A",,,,,plewin,peter lewin,Business Economics 
BIOL,5410,001,,8,11,2,8,3,,,,,,,,1,,,,1,"De Nisco, Nicole J","Kim, Jung-Whan","Gerold, Haleigh",,,,njd160330,nicole de nisco,Biochemistry 
FIN,4300,001,,4,7,6,9,5,,,,,,,,3,,,,,"Khanapure, Revansiddha B","Hong, Yuan",,,,,rbk160130,revansiddha khanapure,Investment Management 
ACCT,6384,501,,28,,,1,,,1,,,,,1,2,,1,,,"Kromer, Jeffrey",,,,,,jrk013000,jeffrey kromer,Analytical Reviews Using Audit Software 
MATH,1306,001,8,2,2,3,6,4,2,1,2,1,,1,,2,,,,,"Sutton, Julie",,,,,,jxs158030,julie sutton,College Algebra for the Non-Scientist 
BCOM,4350,011,7,18,5,1,1,,,,,,,,,2,,,,,"Jacocks, Cara W",,,,,,cwj180000,,Advanced Business Communication 
CS,4348,004,2,6,6,8,1,3,2,1,1,,1,1,,2,,,,,"Mittal, Neeraj","Dhoked, Sahil",,,,,nxm020100,neeraj mittal,Operating Systems Concepts 
MATH,2414,016,1,1,,5,1,4,4,3,4,2,,,7,2,,,,,"Anderson, Bill",,,,,,bxa180011,bill anderson,Integral Calculus 
EERF,6355,001,,11,6,3,8,4,,,,,,,,0,,,,,"Saad, Ricardo E","Li, Sen",,,,,rsaad,ricardo saad,RF and Microwave Amplifier Design 
PA,3379,001,11,10,5,1,3,1,,,,1,,,1,1,,,,,"Arguelles, Ariel",,,,,,axa152731,ariel arguelles,Diversity in the Public Sector 
ACCT,6388,0W1,,24,3,1,2,1,,1,,,,,1,1,,,,,"Goodrich, Mary Beth W",,,,,,goodrich,mary beth goodrich,Accounting Communications 
HMGT,6321,501,,14,8,4,1,2,2,1,,,,,1,0,,1,,,"Ramanathan, Kannan",,,,,,kxr087000,kannan ramanathan,Strategic Leadership of Healthcare Organizations 
ACCT,6353,501,,10,4,7,2,4,1,4,,,,,1,1,,,,,"Gamino, John P",,,,,,jpg140630,john gamino,Fundamentals of Taxation II 
MATH,2413,009,1,2,1,1,2,5,1,4,6,1,3,,6,1,,,,,"Ding, Hui",,,,,,hxd162130,hui ding,Differential Calculus 
OBHR,3310,005,2,3,4,6,8,5,2,2,1,,,,1,0,,,,,"Jun, Sora","Kim, Kyun",,,,,sxj177030,,Organizational Behavior 
LIT,2320,001,7,16,3,1,1,2,,1,,,,,3,0,,,,,"Brewer, Kenneth L",,,,,,klb092000,kenneth brewer,Survey A  Literature in English 
MIS,6346,004,,33,1,,,,,,,,,,,0,,,,,"Elkhodari, Gasan","Guha, Priyanka",,,,,gxe051000,gasan elkhodari,Big Data 
CS,3340,HN1,6,10,9,4,3,,,,1,,,,1,0,,,,,"Page, Ivor",,,,,,ivor,ivor page,Computer Architecture 
MATH,2414,013,3,5,5,5,2,4,3,1,2,,2,,2,0,,,,,"Alvarado, Iris",,,,,,ila180000,iris alvarado,Integral Calculus 
ACCT,3341,002,2,6,7,6,3,5,1,1,2,,,1,,0,,,,,"Sadka, Gil","Fan, Zhongwen","Chu, Yu Fang",,,,gxs143630,gil sadka,Cost Management Systems 
CS,4347,003,13,9,5,4,2,1,,,,,,,,0,,,,,"Becker, Eric W","Dong, Hailiang","Gu, Shuyang",,,,ewb160130,eric becker,Database Systems 
HLTH,4305,001,4,2,3,6,4,2,4,2,1,,,3,3,0,,,,,"Stark, Azadeh T",,,,,,ats160030,azadeh stark,Public Health 
LIT,1301,003,1,5,15,5,4,,,,,,,,4,0,,,,,"Hatfield, Charles D",,,,,,cxh074100,charles hatfield,Introduction to Literature 
PSY,3324,001,4,5,8,2,9,1,3,,1,1,,,,0,,,,,"Prager, Karen",,,,,,kprager,karen prager,Psychology of Gender 
BUAN,6320,001,,10,6,7,5,5,1,,,,,,,0,,,,,"Narayan, Ravishankar L","Banda, Sanjana",,,,,rln130030,ravishankar narayan,Database Foundations for Business Analytics 
ACCT,6320,SS1,,10,11,2,3,,1,,,,,,,8,,,,,"Scott, James A","Gungor, Ahmet B",,,,,jas076100,james scott,
MIS,6309,0W1,,9,6,5,,6,1,2,,,,,,2,,,,,"Bradbury, Judd D","Kulkarni, Aniket S","Muntha, Sainath",,,,jdb101000,judd bradbury,Business Data Warehousing 
HLTH,1301,0W1,,8,5,2,8,2,,3,2,,,,,5,,,,,"Baetge, Claire",,,,,,cxb170330,claire baetge,Introduction to Kinesiology 
MATH,2417,002,1,2,2,2,1,5,2,4,3,,1,,7,5,,,,,"Ahsan, Mohammad K",,,,,,mka120030,mohammad ahsan,Calculus I 
IMS,6204,551,,8,5,8,9,2,,1,,,,,,2,,,,,"Woldu, Habte G","Dakshinamoorthy, Sowmika",,,,,wolduh,habte woldu,Global Business 
ENTP,3301,003,,8,,,18,,,4,,,1,,2,2,,,,,"Guengerich, Steven","Kresevic Minaya, Boris B",,,,,sxg172931,steven guengerich,Innovation and Entrepreneurship 
STAT,3360,001,3,10,4,3,4,2,2,3,,,,1,1,2,,,,,"Koshevnik, Yuly","Chen, Ying","Cao, Cong",,,,yxk055000,yuly koshevnik,Probability and Statistics for Management and Economics 
FIN,3360,002,,5,5,2,7,9,1,4,,,1,,,1,,,,,"Park, Haemin","Wang, Jiyu",,,,,hxp174230,haemin park,Entrepreneurial Finance 
MKT,6301,002,,8,7,8,9,2,,,,,,,,1,,,,,"Jain, Sanjay","Subramanian, Thyagarajan",,,,,sxj164830,sanjay jain,Marketing Management 
EE,1202,001,9,8,1,1,7,4,1,1,1,,,,1,1,,,,,"Cogan, Diana L",,,,,,dcc095020,diana cogan,Introduction to Electrical Engineering II 
CS,1335,003,4,3,7,2,4,2,,,4,2,,2,4,1,,,,,"Veerasamy, Jeyakesavan",,,,,,veerasam,jeyakesavan veerasamy,Computer Science I for Non-majors 
BUAN,6312,0W1,,6,3,13,4,3,3,1,,,,,1,1,,,,,"Blueshtein, Moran","Oyima-Antseleve, Ndackyssa",,,,,mxb135230,moran blueshtein,Applied Econometrics and Time Series Analysis 
CS,1324,002,4,2,5,2,4,5,2,2,1,1,1,,5,0,,1,,,"Paulk, Mark C",,,,,,mcp130030,mark paulk,Introduction to Programming for Biomedical Engineers 
ENTP,3301,501,,4,8,4,10,4,3,1,,,,,,0,,1,,,"Choi, Emily","Wang, Jiyu",,,,,exc113230,emily choi,Innovation and Entrepreneurship 
MKT,4370,001,6,10,8,2,2,3,1,1,1,,,,,0,,1,,,"Egeland, Rita E",,,,,,rxb154430,rita bargerhuff egeland,Marketing Projects 
CS,3345,007,4,3,6,6,6,4,3,1,,,1,,,1,,,,,"Ozbirn, Greg A",,,,,,ozbirn,greg ozbirn,Data Structures and Introduction to Algorithmic Analysis 
BIOL,3162,006,2,4,1,5,7,4,2,4,2,,2,,2,0,,,,,"Reitzer, Lawrence",,,,,,reitzer,,Biochemistry Workshop II 
HMGT,6330,0W1,,6,8,6,9,6,,,,,,,,0,,,,,"Drummond, Jeffery P",,,,,,jpd160230,jeffery drummond,Healthcare Law  Policy and Regulation 
PSY,3322,001,,20,,,11,,,3,,,1,,,0,,,,,"Small, Trillion N",,,,,,txs174730,trillion small,Psychology of Adjustment 
ECON,3337,001,2,16,4,4,6,,,1,,,2,,,0,,,,,"McElroy, Susan","Nguyen, Hien T","Zhang, Licheng",,,,skm028000,susan mcelroy,Economics of Poverty and Inequality 
CS,6301,005,,35,,,,,,,,,,,,0,,,,,"Thuraisingham, Bhavani","Bahojb Imani, Maryam",,,,,bxt043000,bhavani thuraisingham,Special Topics in Computer Science 
BUAN,6341,0W1,,14,17,2,1,,,1,,,,,,0,,,,,"Sohaee, Nassim","Prasad, Pooja",,,,,nxs045000,nassim sohaee,Applied Machine Learning 
CS,3340,003,,9,3,5,7,3,3,5,,,,,,0,,,,,"Nguyen, Nhut",,,,,,nhutnn,nhut nguyen,Computer Architecture 
HIST,4344,501,10,8,8,4,3,1,,1,,,,,,0,,,,,"Pfister, Debra H",,,,,,dhpf,debra pfister,Topics in European History 
EECT,6326,001,,5,9,9,11,1,,,,,,,,0,,,,,"Lee, Hoi","Cheng, Qi",,,,,hxl054000,hoi lee,Analog Integrated Circuit Design 
BUAN,6341,005,,10,5,6,9,5,,,,,,,,0,,,,,"Zhang, Yingjie","Zhao, Jinglin",,,,,yxz180067,yingjie zhang,Applied Machine Learning 
COMD,7336,001,,33,1,1,,,,,,,,,,0,,,,,"Rollins, Pamela R",,,,,,rollins,pam rollins,Social Communication in Early Childhood Disorders 
AMS,2341,002,1,6,9,5,8,4,,1,,,,1,,0,,,,,"Naqvi, Syed K",,,,,,skn180000,syed naqvi,American Studies for the Twenty-First Century 
ECON,4336,001,,7,4,1,5,7,2,3,2,,3,,1,0,,,,,"Dumas, Lloyd","Cooper, Glen",,,,,ljdumas,lloyd dumas,Environmental Economic Theory and Policy 
PHYS,4392,001,6,13,,4,9,,,,,,1,,2,0,,,,,"King, Lindsay J","Fong, Matthew",,,,,lxk111430,lindsay king,Extragalactic Astrophysics 
ACCT,3331,002,,4,5,1,4,,8,6,2,1,,1,3,0,,,,,"Zhou, Yibin","Tatiparti, Venu Madhav",,,,,yxz066000,yibin zhou,Intermediate Financial Accounting I 
MECH,1208,301,,,,,,,,,,,,,,0,,,,,"Fadda, Dani Z","Mueller, Matthew W","Hatamleh, Mohammad I","Bay, Joel T",,,dzf091000,dani fadda,Introduction to Mechanical Engineering II 
BIOL,3161,003,3,6,3,2,,3,,4,5,2,,3,1,4,,,,,"Spiro, Stephen",,,,,,sxs067400,stephen spiro,Biochemistry Workshop I 
EE,2310,501,15,2,2,2,2,2,2,,,1,1,1,3,3,,,,,"Dodge, Nathan B",,,,,,dodge,nathan dodge,Introduction to Digital Systems 
CS,4301,001,,15,,,10,,,4,,,2,,2,2,,1,,,"Goodrum, Richard A","Haque, Wasif A",,,,,rag150330,richard goodrum,Special Topics in Computer Science 
MKT,4330,0W2,2,3,6,5,6,3,1,1,2,,1,3,,1,,2,,,"Edsel, Alexander D","Gupta, Ashna",,,,,ade012000,alexander edsel,Digital and Internet Marketing 
BPS,6310,0W1,,32,2,,,,,,,,,,,2,,,,,"Kaplan, Marilyn R",,,,,,mkaplan,marilyn kaplan,Strategic Management 
ACCT,3350,501,2,3,9,8,5,3,1,3,,,,,,2,,,,,"Solcher, Steven J","Keogh, Reagan D",,,,,sjs107020,steven solcher,Fundamentals of Taxation 
HMGT,6404,AH6,,23,11,1,,,,,,,,,,1,,,,,"Convery, Paul","Kaiser, Robert C",,,,,,paul convery,
CE,1202,004,3,5,3,1,3,2,3,3,3,3,1,1,4,0,,1,,,"Cogan, Diana L",,,,,,dcc095020,diana cogan,Introduction to Electrical Engineering II 
OPRE,3333,001,9,3,1,2,7,3,1,3,1,,1,,4,1,,,,,"Enayaty Ahangar, Negin","Cha, Junwoo",,,,,nxe180001,negin enayaty ahangar,Quantitative Business Analysis 
BMEN,3380,001,1,15,11,2,2,2,,1,,,,,1,1,,,,,"Winter, Patrick M","Ozdemir, Ipek",,,,,pxw151030,patrick winter,Medical Imaging Systems and Methods 
MATH,1314,002,,,3,4,1,4,1,5,2,2,,2,11,1,,,,,"McCary, Brady C",,,,,,bcm052000,brady mccary,College Algebra 
PSY,3342,501,6,5,7,3,6,4,3,,1,,,,,1,,,,,"Barfoot, John W","Peskova, Olga",,,,,jwb043000,john barfoot,Exceptional Children 
CS,4349,502,,9,,,11,,,12,,,,,3,0,,1,,,"Goodrum, Richard A","Haque, Wasif A",,,,,rag150330,richard goodrum,Advanced Algorithm Design and Analysis 
MATH,4302,002,1,9,5,2,5,2,6,1,1,1,1,1,,1,,,,,"Dabkowski, Mieczyslaw K","Rakotomalala, Diarisoa Mihaja Andriamanisa",,,,,mkd034000,mieczyslaw dabkowski,Mathematical Analysis II 
OPRE,6301,003,,16,7,3,2,2,2,2,,,,,1,1,,,,,"Toptal, Aysegul","Farajbakhsh Mamaghani, Fariba",,,,,axt083100,aysegul toptal,Statistics and Data Analysis 
BIOL,1318,001,,8,,,10,,,12,,,4,,1,1,,,,,"Maitra, Meenakshi",,,,,,mxm172731,meenakshi maitra,Human Genetics 
BUAN,6357,001,,32,,2,1,,,,,,,,,1,,,,,"Johnston, Walter L",,,,,,wlj031000,walter johnston,Advanced Business Analytics Using R 
CS,4348,005,,10,,1,2,2,3,5,4,4,2,1,1,1,,,,,"Venkatesan, Subbarayan","Gokhale, Shreyas S",,,,,venky,subbarayan venkatesan,Operating Systems Concepts 
CS,3162,093,3,15,5,2,2,2,3,2,1,,,,,1,,,,,"Chin, Wei-Pang",,,,,,wxc180013,wei pang chin,Professional Responsibility in Computer Science and Software Engineering 
ACCT,6333,501,,13,,,15,,,8,,,,,,0,,,,,"Zolton, Kathy","Nguyen, Kevin K",,,,,kxz121730,kathy zolton,Advanced Financial Reporting 
CE,4390,002,3,8,3,2,9,2,2,3,3,1,,,,0,,,,,"Gupta, Neeraj K","Ayhan, Sadi",,,,,nkg140130,neeraj gupta,Computer Networks 
MECH,3305,003,13,14,2,2,4,1,,,,,,,,0,,,,,"Tadesse, Yonas T","Karami, Farzad",,,,,ytt110030,yonas tadesse,Computer Aided Design 
EE,3311,002,4,9,2,4,4,1,,3,3,2,3,,1,0,,,,,"Liu, Jin","Xiong, Jiu",,,,,jinliu,jin liu,Electronic Circuits 
FIN,3370,001,5,6,8,3,3,1,3,2,3,2,,,,0,,,,,"Richardson, Debra L",,,,,,dlr150330,debra richardson,Principles of Risk Management and Insurance 
ED,3314,001,7,10,6,,6,2,,3,,,1,,1,0,,,,,"Fagg, Sharon",,,,,,sxf044000,sharon fagg,The American Public School 
MAS,6V03,MBC,,36,,,,,,,,,,,,0,,,,,"Hazzard, Charles F","Redlinger, Lawrence",,,,,cxh056000,charles hazzard,
BA,3100,001,3,18,5,3,1,3,1,,,1,,,1,0,,,,,"Smallwood, Margaret G","Wang, Ming",,,,,meg012400,margaret smallwood,Professional Development 
BPS,4305,001,,4,,4,11,,5,12,,,,,,0,,,,,"Chasteen, Larry H","Bai, Xiaoou",,,,,chasteen,larry chasteen,Strategic Management 
CS,3162,052,,27,5,2,1,1,,,,,,,,0,,,,,"Smith, Klyne",,,,,,kxs180052,klyne smith,Professional Responsibility in Computer Science and Software Engineering 
CRIM,4337,501,5,6,6,3,5,1,1,5,1,1,1,,1,0,,,,,"McKay, Brian",,,,,,bxm131530,brian mckay,Landmark Supreme Court Cases 
CS,1337,015,3,3,3,5,2,1,,3,4,,,1,8,4,,,,,"Le, Khiem V",,,,,,kvl140030,khiem le,Computer Science I 
ECON,3312,001,2,8,2,,7,2,,3,6,,,,4,2,,,,,"Valcarcel, Victor J","Lupa, Micah P",,,,,vjv150130,victor valcarcel,Money and Banking 
MATH,2420,002,1,4,6,5,2,2,4,3,5,,2,,,2,,,,,"Paudel, Ajaya B",,,,,,abp062000,ajaya paudel,Differential Equations with Applications 
EPPS,6313,501,,23,,10,1,1,,,,,,,,1,,1,,,"Maskaly, Jonathan","Yim, Haneul",,,,,jxm166430,jonathan maskaly,Introduction to Quantitative Methods 
CS,6375,005,,16,8,9,2,,,,,,,,,1,,1,,,"Natarajan, Sriraam","Li, Changbin",,,,,sxn177430,sriraam natarajan,Machine Learning 
PSY,3392,501,3,3,2,3,7,7,5,1,1,1,,1,2,1,,,,,"Raman, Rachna","Mehta, Sonya",,,,,rxr076000,rachna raman,Research Design and Analysis 
EPCS,2100,002,,26,1,1,6,1,,1,,,,,,1,,,,,"Bennett, Terrell R",,,,,,trb052000,terrell bennett,Engineering Project in Community Service 
CS,4376,001,3,6,2,4,6,4,3,3,1,3,,,1,0,,1,,,"Paulk, Mark C","Sarwat, Maliha",,,,,mcp130030,mark paulk,Object-Oriented Programming Systems 
OPRE,3310,005,7,15,1,1,6,,,6,,,1,,,0,,,,,"Egan, Terence J",,,,,,tje130130,terence egan,Operations Management 
MATH,2418,007,10,4,2,3,4,4,1,2,1,1,1,3,1,0,,,,,"Dahal, Rabin",,,,,,rxd153030,rabin dahal,Linear Algebra 
BIOL,3162,008,,6,3,4,12,5,2,3,1,,,,1,0,,,,,"Reitzer, Lawrence",,,,,,reitzer,,Biochemistry Workshop II 
BUAN,6312,002,,11,10,15,1,,,,,,,,,0,,,,,"Joo, Joonhwi","Zhu, Yifan",,,,,jxj180020,joonhwi joo,Applied Econometrics and Time Series Analysis 
NSC,4351,001,19,10,5,3,,,,,,,,,,0,,,,,"Shareef, Safiullah M",,,,,,sms170009,safiullah shareef,Medical Neuroscience 
ITSS,4343,001,1,2,2,1,8,6,6,7,3,,1,,,0,,,,,"Subramoniam, Ramesh","Musale, Vaibhav Vijay",,,,,rxs179630,ramesh subramoniam,Integrated SCM Information Systems 
CS,6334,001,,23,9,4,1,,,,,,,,,0,,,,,"McMahan, Ryan P","Hu, Xinyu",,,,,rpm120130,ryan mcmahan,Virtual Reality 
BIOL,3162,005,1,6,1,6,10,4,4,1,,2,1,,1,0,,,,,"Candas, Mehmet",,,,,,candas,mehmet candas,Biochemistry Workshop II 
BMEN,4V95,002,23,6,2,1,,1,1,,2,,,,1,0,,,,,"Porter, Benjamin A",,,,,,bap061000,benjamin porter,Undergraduate Topics in Biomedical Engineering 
CS,4347,004,3,10,7,7,4,1,2,2,1,,,,,0,,,,,"Kumar, Pushpa S","Gour, Riti","Yan, Siwen",,,,pkumar,pushpa kumar,Database Systems 
ACCT,6334,501,,16,,,14,,,7,,,,,,0,,,,,"Linsteadt, Chris C",,,,,,ccl019000,chris linsteadt,Auditing 
OPRE,4330,501,23,11,,2,,,1,,,,,,,0,,,,,"Widdifield, David S","Bothra, Shreyansh Arunkumar",,,,,dsw180001,david widdifield,Logistics and Inventory Management 
OB,6301,MBP,,35,,,1,,,,,,,,1,0,,,,,"Hasenhuttl, Maria",,,,,,h1562,maria hasenhuttl,Organizational Behavior 
BMEN,3399,001,1,7,7,2,3,6,2,2,2,2,1,1,1,0,,,,,"Varner, Victor","Chakraborty, Somdutta",,,,,vxv162230,victor varner,Introductory Biomechanics 
COMD,6308,001,,31,,4,2,,,,,,,,,0,,,,,"Van Kleeck, Anne E",,,,,,avk042000,,Assessment and Intervention of Language Impairments in Preschool and School-Age Children 
BIOL,3101,006,,2,4,5,12,1,5,6,2,,,,,0,,,,,"Dejong, Jeff L",,,,,,dejong,jeff dejong,Classical and Molecular Genetics Workshop 
EERF,6396,001,,,,,,,,,,,,,,0,,,,,"Lehmann, Randall E","Gemsheim, Alex J",,,,,rel041000,randall lehmann,Microwave Design and Measurement 
BIOL,3161,006,3,6,,1,3,2,4,3,3,2,1,1,4,5,,,,,"Taylor, Stephanie M",,,,,,smt031000,stephanie taylor,Biochemistry Workshop I 
PHIL,3324,501,10,6,2,2,5,1,1,5,1,,,,2,3,,,,,"Amato, Lawrence A",,,,,,laa062000,lawrence amato,19th and 20th Century Philosophy 
BIOL,3162,002,1,5,3,6,7,,3,6,1,1,,,3,1,,1,,,"Reitzer, Lawrence",,,,,,reitzer,,Biochemistry Workshop II 
FIN,3305,003,,5,1,,9,2,,15,1,,,,3,2,,,,,"Guttery, Randall",,,,,,rxg112530,randall guttery,Real Estate Principles 
PSCI,3310,501,,23,8,2,1,1,1,,,,,,,2,,,,,"McCaskill, John R","Rabbi, Md. Fazle",,,,,jrm094020,john mccaskill,Managing Government Organizations 
CS,1337,009,,14,1,2,12,,,4,,,2,,2,1,,,,,"Cole, John",,,,,,jxc064000,john cole,Computer Science I 
MECH,3305,002,2,5,4,9,4,2,2,3,2,,2,,2,1,,,,,"Rios, Oziel","Hatamleh, Mohammad I",,,,,oxr106020,oziel rios,Computer Aided Design 
OPRE,6301,006,,12,5,3,8,5,1,2,,,,,1,1,,,,,"Brussolo, Monica E","Qu, Zihao",,,,,meb049000,monica brussolo,Statistics and Data Analysis 
MECH,2330,003,2,4,3,2,7,3,4,1,3,1,2,1,4,1,,,,,"Thamban, P.L.Stephan","Garimella, Martand Mayukh",,,,,stephan,p l stephan thamban,Dynamics 
CS,6360,004,,17,14,3,2,1,,,,,,,,0,,1,,,"Wu, Wei L","Ghosh, Smita",,,,,wxw020100,weili wu,Database Design 
BIOL,3162,001,,8,6,2,6,3,3,1,2,2,2,,2,1,,,,,"Candas, Mehmet",,,,,,candas,mehmet candas,Biochemistry Workshop II 
OPRE,6341,001,,21,9,4,2,,,1,,,,,,0,,1,,,"Honhon, Dorothee B","Khandelwal, Kumar Manglam",,,,,dbh130130,dorothee honhon,Retail Operations 
HMGT,6403,AH6,,30,2,2,,,,3,,,,,,1,,,,,"Barden, John P","McCracken, John",,,,,jpb063000,john barden,
MATH,3311,001,4,7,5,3,3,2,3,3,1,,,,6,1,,,,,"Dabkowska, Malgorzata A","Albelo-Cortes, Josean",,,,,mxd066000,malgorzata dabkowska,Abstract Algebra I 
BMEN,3350,002,5,1,4,2,9,5,1,4,3,,1,,2,1,,,,,"Brown, Katherine G","Kazemimoghadam, Mahdieh",,,,,kgb170130,,Biomedical Component and System Design 
OPRE,6369,001,,17,,14,7,,,,,,,,,0,,,,,"Subramoniam, Ramesh","Musale, Vaibhav Vijay",,,,,rxs179630,ramesh subramoniam,Supply Chain Software 
ENTP,3301,004,,4,6,5,17,5,,1,,,,,,0,,,,,"Wright, Robert G",,,,,,rgw091000,robert wright,Innovation and Entrepreneurship 
MKT,3300,501,,8,11,6,3,2,3,2,,,2,,1,0,,,,,"Farquharson, Neil",,,,,,nxf051000,neil farquharson,Principles of Marketing 
ENTP,3301,002,2,6,9,6,10,1,2,2,,,,,,0,,,,,"Choi, Emily","Wang, Jiyu",,,,,exc113230,emily choi,Innovation and Entrepreneurship 
CS,6375,002,,30,5,3,,,,,,,,,,0,,,,,"Chida, Anjum","Li, Changbin",,,,,axc157030,anjum chida,Machine Learning 
OB,6301,501,,13,2,2,19,1,,1,,,,,,0,,,,,"Richard, Orlando","Eun, Jihyun",,,,,pretty,orlando richard,Organizational Behavior 
FIN,6301,501,,9,13,11,2,3,,,,,,,,0,,,,,"Nanda, Vikram K",,,,,,vkn150030,vikram nanda,Financial Management 
EE,4368,002,,14,,,16,,,2,2,,3,,1,0,,,,,"Henderson, Rashaunda M","Fang, Lei","Pu, Shi",,,,rmh072000,rashaunda henderson,RF Circuit Design Principles 
MUSI,2127,001,,36,2,,,,,,,,,,,0,,,,,"Palant, Jonathan",,,,,,jxp170230,jonathan palant,University Choir 
BCOM,3100,003,9,10,3,7,3,3,2,,,,,,1,0,,,,,"Walton, Michaella",,,,,,mrw170730,,Professional Development 
BUAN,6398,004,,19,,3,8,,2,6,,,,,,0,,,,,"Alimirzaei, Athena","Mallavarapu, Vijay K",,,,,axa134231,athena alimirzaei,Prescriptive Analytics 
CE,2310,001,20,4,,1,2,2,,2,,,1,1,5,0,,,,,"Dodge, Nathan B",,,,,,dodge,nathan dodge,Introduction to Digital Systems 
BUAN,6346,004,,37,1,,,,,,,,,,,0,,,,,"Elkhodari, Gasan","Guha, Priyanka",,,,,gxe051000,gasan elkhodari,Big Data 
CS,6347,001,,18,4,9,5,,1,,,,,,1,0,,,,,"Ruozzi, Nicholas R","Shams, Shahab",,,,,nrr150130,nicholas ruozzi,Statistical Methods in AI and Machine Learning 
BIOL,3162,003,1,7,1,3,7,6,5,2,2,1,1,,2,0,,,,,"Candas, Mehmet",,,,,,candas,mehmet candas,Biochemistry Workshop II 
MATH,2417,001,2,5,1,,,2,2,2,2,2,1,4,8,8,,,,,"Ahsan, Mohammad K",,,,,,mka120030,mohammad ahsan,Calculus I 
ENGR,2300,501,3,5,6,5,3,3,1,1,2,1,1,,,2,,6,,,"Tan, Chin-Tuan","Marzban, Mohamed F",,,,,cxt163030,chin tuan tan,Linear Algebra for Engineers 
OB,6342,CW1,,17,9,5,1,,,,,,,,,3,,4,,,"Norton, Larry",,,,,,,larry norton,
EPPS,2302,003,5,3,8,5,2,3,3,,1,,3,,3,3,,,,,"Palao Mendizabal, Agustin","Fass, Simon","Islam, Iftekhairul",,,,axp121731,agustin mendizabal,Methods of Quantitative Analysis in the Social and Policy Sciences 
ITSS,3311,501,6,2,1,1,3,4,3,1,10,1,,,4,3,,,,,"Srinivasan, Srimathi","Kumar, Jitendra",,,,,sxs180206,srimathi srinivasan,Introduction to Programming 
HMGT,3311,001,5,6,4,4,9,,3,4,,,2,,,2,,,,,"Barden, John P","Anwer, Jordan J",,,,,jpb063000,john barden,Healthcare Accounting 
BPS,4305,501,15,6,3,1,5,2,3,1,,,1,,,2,,,,,"Carraher, Shawn M",,,,,,smc130730,shawn carraher,Strategic Management 
PHIL,4324,001,1,13,8,5,3,3,,,,,,,4,1,,,,,"Davies, Katherine",,,,,,kxd180013,,Social and Political Philosophy 
SPAU,3343,001,2,11,6,4,3,1,4,1,1,1,2,,2,1,,,,,"Katz, William","Eppes, Anna A",,,,,wkatz,william katz,Phonetics 
PSY,4325,001,3,22,,4,8,,,,1,,,,,1,,,,,"Cook, Jill B",,,,,,jbc140430,jill cook,Death and Dying 
BCOM,4350,009,7,27,2,1,1,,,,,,,,,1,,,,,"Lawson, Kristen A","Agarwal, Mohit",,,,,kal110030,kristen lawson,Advanced Business Communication 
AMS,3350,0W1,16,13,4,,2,1,,1,,,,,1,1,,,,,"Winstead, Elizabeth L",,,,,,lwm061000,elizabeth winstead,Crisis Communication 
NSC,4357,001,1,10,4,4,3,4,4,1,3,1,1,1,1,0,,1,,,"Rodriguez, Christa M",,,,,,cmr067000,christa mcintyre rodriguez,Neurobiology of Learning and Memory 
HLTH,4380,0W1,6,10,2,3,8,2,2,2,,1,,,2,1,,,,,"Isham, Stephanie",,,,,,sisham,,Special Topics in Healthcare 
ACCT,3331,501,1,7,3,6,8,4,4,4,,,1,,,0,,1,,,"Yehuda, Nir","Zhou, Xiaolu",,,,,nxy130530,nir yehuda,Intermediate Financial Accounting I 
BUAN,6320,502,,7,8,11,6,5,1,,,,,,,1,,,,,"Scott, James A","Grover, Akshay",,,,,jas076100,james scott,Database Foundations for Business Analytics 
MECH,3305,0W1,3,10,9,7,5,3,1,,,,,,,1,,,,,"Fadda, Dani Z","Karami, Farzad",,,,,dzf091000,dani fadda,Computer Aided Design 
ATCM,4384,001,,17,,,16,,,4,,,1,,,1,,,,,"Lester, Paul",,,,,,pxl152030,paul lester,Ethics in New Media  Technology  and Communication 
BIOL,2111,007,5,8,1,2,4,3,3,3,2,2,1,4,,0,,1,,,"Srikanth, Uma",,,,,,ukrish,uma srikanth,Introduction to Modern Biology Workshop I 
BCOM,4350,002,,6,10,8,7,2,2,1,1,,,,1,1,,,,,"Watson, John M","Boudon, Eric",,,,,jmw077000,john watson,Advanced Business Communication 
CS,6313,001,,16,2,8,5,3,4,,,,,,1,0,,,,,"Chen, Min","Roy, Akash",,,,,mxc136030,min chen,Statistical Methods for Data Science 
MECH,3105,102,7,7,5,6,8,3,1,1,,,,,1,0,,,,,"Rios, Oziel","Sadeh, Sepehr",,,,,oxr106020,oziel rios,Computer Aided Design Laboratory 
CS,6360,001,,16,14,4,3,1,,1,,,,,,0,,,,,"Davis, Chris I","Desai, Kevin P",,,,,cid021000,chris davis,Database Design 
CS,6324,001,,31,2,2,3,,,1,,,,,,0,,,,,"Valente, Junia d","Benton, Samuel D",,,,,jdv052000,junia d valente,Information Security 
NSC,3361,002,9,6,2,4,3,1,3,3,7,,1,,,0,,,,,"Taylor, Anna M",,,,,,amt180004,anna taylor,Introduction to Neuroscience 
MATH,3311,002,11,6,6,4,2,2,4,,2,1,,1,,0,,,,,"Dabkowska, Malgorzata A","Adabrah, Anani Komla",,,,,mxd066000,malgorzata dabkowska,Abstract Algebra I 
BCOM,4350,008,3,23,7,3,2,1,,,,,,,,0,,,,,"Lawson, Kristen A","Agarwal, Mohit",,,,,kal110030,kristen lawson,Advanced Business Communication 
OBHR,4352,001,7,13,6,4,2,4,1,1,1,,,,,0,,,,,"Ritchey, Kemberly A",,,,,,kar014400,kemberly ritchey,Negotiation and Dispute Resolution 
FIN,3370,002,9,7,5,3,,4,4,2,1,2,1,,1,0,,,,,"Kaplan, Larry S",,,,,,lsk140130,larry kaplan,Principles of Risk Management and Insurance 
BCOM,4350,006,,6,24,5,1,1,1,1,,,,,,0,,,,,"Moore, Sarah E","Tanabe, Takuma",,,,,sem054000,sarah moore,Advanced Business Communication 
BIOL,3162,004,1,2,3,1,11,4,3,4,2,2,3,,3,0,,,,,"Reitzer, Lawrence",,,,,,reitzer,,Biochemistry Workshop II 
ATCM,3388,001,,12,7,6,12,1,1,,,,,,,0,,,,,"Lee, Angela M",,,,,,aml140530,angela lee,Attitudes and Behaviors 
BCOM,4350,004,1,5,17,8,6,1,,1,,,,,,0,,,,,"Moore, Sarah E","Tanabe, Takuma",,,,,sem054000,sarah moore,Advanced Business Communication 
OBHR,4352,002,2,11,7,4,8,4,,2,,,,1,,0,,,,,"Ritchey, Kemberly A",,,,,,kar014400,kemberly ritchey,Negotiation and Dispute Resolution 
LIT,3326,001,22,6,6,1,3,1,,,,,,,,0,,,,,"Ingrao, Peter J",,,,,,jingrao,peter ingrao,The Literature of the American South 
MECH,3315,002,,6,3,5,4,6,3,4,4,,1,2,1,0,,,,,"Anderson, William C","Wang, Chao",,,,,wca140030,william anderson,Fluid Mechanics 
COMD,7V91,001,,39,,,,,,,,,,,,0,,,,1,"Touchstone, Emily W","Melamed, Tina",,,,,exw010200,emily touchstone,Methods in Communication Disorders 
ATCM,2300,208,,,,,,,,,,,,,,0,,,,,"Landers, Sean M",,,,,,sml160330,,Introduction to TechnoCulture 
MECH,1208,303,,,,,,,,,,,,,,0,,,,,"Rios, Oziel","Bay, Joel T","Hatamleh, Mohammad I","Mueller, Matthew W",,,oxr106020,oziel rios,Introduction to Mechanical Engineering II 
BIOL,2111,008,2,4,4,2,5,4,5,2,2,1,1,2,2,4,,,,,"Srikanth, Uma",,,,,,ukrish,uma srikanth,Introduction to Modern Biology Workshop I 
PHYS,4311,001,7,5,3,7,3,3,2,2,1,1,,,2,3,,,,,"Lv, Bing",,,,,,bxl152230,bing lv,Thermodynamics and Statistical Mechanics 
CS,2336,003,2,8,5,4,5,1,1,5,1,1,2,,2,3,,,,,"Oladimeji, Ebenezer A",,,,,,eao015100,ebenezer oladimeji,Computer Science II 
MATH,2414,017,1,3,2,5,1,7,9,5,2,,,,2,3,,,,,"Rice, David",,,,,,dxr143630,david rice,Integral Calculus 
MIS,6382,501,,11,12,7,3,3,1,1,,,,,,2,,,,,"Mookerjee, Radha","Lokkur, Ashwin P",,,,,rvm019000,radha mookerjee,Object Oriented Programming in Python 
BCOM,4350,502,,3,3,6,12,8,,3,3,,,,,2,,,,,"Steadham, Kyle S",,,,,,kss012400,kyle steadham,Advanced Business Communication 
HIST,2384,001,11,16,5,5,,,,,,,,,2,0,,1,,,"Klimchock, Carolee",,,,,,cxk180016,carolee klimchock,U S  Women from Settlement to Present 
LIT,3320,001,,5,3,5,6,6,4,1,1,,2,2,4,1,,,,,"Cohen, Milton",,,,,,mcohen,milton cohen,Shakespeare 
ENGR,3300,006,1,4,2,8,4,4,4,3,4,3,1,,1,1,,,,,"VanDenberghe, William","Thakur, Sneha",,,,,wxv101020,william vandenberghe,Advanced Engineering Mathematics 
PSCI,4302,001,1,7,10,4,5,1,1,2,,4,,,4,1,,,,,"D'Orazio, Vito","Kingsolver, Austin W",,,,,vxd152030,vito dorazio,Data and Policy 
ENGR,3300,003,2,10,,2,6,1,,7,2,,8,,1,1,,,,,"Lee, Jung S","Si, Qilin",,,,,jls032000,jung lee,Advanced Engineering Mathematics 
ATCM,4384,002,,16,,,10,,,13,,,,,,0,,,,,"Lester, Paul",,,,,,pxl152030,paul lester,Ethics in New Media  Technology  and Communication 
SOC,3303,001,6,6,8,4,3,4,1,1,2,,2,,2,1,,,,,"Lanham, Carol C",,,,,,ccl054000,carol lanham,Classical Social Theory 
MECH,6333,501,,16,7,3,7,6,,,,,,,,1,,,,,"Malik, Arif","Yu, Haoliang",,,,,axm154531,arif malik,Materials Design and Manufacturing 
MECH,3105,101,7,10,4,2,4,5,2,3,,,,1,1,1,,,,,"Rios, Oziel","Sadeh, Sepehr",,,,,oxr106020,oziel rios,Computer Aided Design Laboratory 
MECH,3150,102,,11,12,8,4,1,,,3,,,,,1,,,,,"Park, Wooram","Ahsan, Faraz",,,,,wxp103020,wooram park,Kinematics and Dynamics Laboratory 
BCOM,4350,003,,23,10,2,4,,1,,,,,,,0,,,,,"Smallwood, Margaret G","Wang, Ming",,,,,meg012400,margaret smallwood,Advanced Business Communication 
BUAN,6337,001,,18,8,10,4,,,,,,,,,0,,,,,"Murthi, B P","Kamatham, Sriharsha",,,,,murthi,b p murthi,Predictive Analytics Using SAS 
EE,3311,001,2,6,,1,9,2,,7,4,,6,,3,0,,,,,"Lee, Gil S","Ren, Jiajun",,,,,gslee,gill lee,Electronic Circuits 
FIN,6301,MBP,,15,8,1,11,2,2,1,,,,,,0,,,,,"Reichert, Carolyn A",,,,,,carolyn,carolyn reichert,
BCOM,4350,007,,10,11,11,4,1,1,2,,,,,,0,,,,,"Watson, John M","Boudon, Eric",,,,,jmw077000,john watson,Advanced Business Communication 
AMS,3316,0W1,24,7,5,1,1,,,,,,,,2,0,,,,,"Winstead, Elizabeth L",,,,,,lwm061000,elizabeth winstead,Interpersonal Communication 
OBHR,3310,HON,5,26,4,5,,,,,,,,,,0,,,,,"Hazzard, Charles F","Moneke, Lotanna U",,,,,cxh056000,charles hazzard,Organizational Behavior 
CS,3162,091,9,18,2,3,2,2,1,1,1,,,,1,0,,,,,"Smith, Klyne",,,,,,kxs180052,klyne smith,Professional Responsibility in Computer Science and Software Engineering 
LIT,3339,001,2,21,9,3,3,,,,,,,,2,0,,,,,"Brewer, Kenneth L",,,,,,klb092000,kenneth brewer,Writing Literary Studies 
ECON,3315,501,6,8,11,4,4,1,1,3,,1,,,1,0,,,,,"Beron, Kurt","Han, Minyu",,,,,kberon,kurt beron,Sports Economics 
FIN,3100,001,11,16,4,1,2,1,1,1,2,,1,,,0,,,,,"Walton, Michaella",,,,,,mrw170730,,Professional Development 
BIOL,2112,005,6,3,9,5,5,4,2,3,2,,,,1,0,,,,,"Wilson, Michelle","Yetkin, Celal E",,,,,mxw084000,michelle wilson,Introduction to Modern Biology Workshop II 
GEOS,1303,0W2,8,14,6,1,1,2,,2,,,3,,3,0,,,,,"Shilpakar, Prabin","Newman, Jordan W",,,,,pxs077000,prabin shilpakar,Physical Geology 
ITSS,4340,001,,7,8,5,7,3,6,2,,,1,1,,0,,,,,"Thompson, Luell O","Pearam, Swetha S",,,,,lot013000,luell thompson,Enterprise Resource Planning 
NSC,4356,001,,22,,,11,,,7,,,,,,0,,,,,"Thorn, Catherine A",,,,,,cat170002,catherine thorn,Neurophysiology 
PA,3333,0W1,22,9,4,2,2,,1,,,,,,,0,,,,,"Hoang, Trang T",,,,,,tth130030,,Human Resources Management  Leading a Diverse Workforce 
CS,4390,002,1,8,3,3,4,4,4,2,3,1,4,2,1,0,,,,,"Gupta, Neeraj K","Ayhan, Sadi",,,,,nkg140130,neeraj gupta,Computer Networks 
ECON,4340,001,5,12,2,2,5,6,,5,2,,,,1,0,,,,,"Andrews, Rodney J","Montenegro Arana, Sebastian",,,,,rja091000,rodney andrews,Labor Economics and Human Resources 
MECH,3150,101,2,11,9,10,4,,1,,3,,,,,0,,,,,"Park, Wooram","Ahsan, Faraz",,,,,wxp103020,wooram park,Kinematics and Dynamics Laboratory 
AHST,3322,001,,23,4,2,5,2,3,1,,,,,,0,,,,,"Terranova, Charissa",,,,,,cxt074100,charissa terranova,Modern Architecture 
BCOM,4350,005,2,11,12,10,3,,1,,1,,,,,0,,,,,"Moore, Sarah E","Tanabe, Takuma",,,,,sem054000,sarah moore,Advanced Business Communication 
ITSS,3100,002,,12,8,8,6,2,1,2,,,1,,,0,,,,,"Sluder, Jeanne",,,,,,jis081000,jeanne sluder,Professional Development 
EE,4310,501,,16,,3,8,,2,5,,1,2,,3,0,,,,,"Skinner, Neal G","Zhang, Yujie","Qiu, Yuning",,,,skinner,neal skinner,Systems and Controls 
BCOM,4350,010,,10,10,10,1,3,3,,,,,,3,0,,,,,"Watson, John M","Boudon, Eric",,,,,jmw077000,john watson,Advanced Business Communication 
ACCT,3100,001,4,22,10,1,3,,,,,,,,,0,,,,,"Moore, Sarah E","Tanabe, Takuma",,,,,sem054000,sarah moore,Professional Development 
MECH,3150,103,2,13,15,7,1,,,,2,,,,,0,,,,,"Park, Wooram","Ahsan, Faraz",,,,,wxp103020,wooram park,Kinematics and Dynamics Laboratory 
FIN,3100,002,5,32,1,2,,,,,,,,,,0,,,,,"Berardi, Caryn S",,,,,,cds110030,caryn berardi,Professional Development 
ACCT,6202,MBP,,16,8,7,2,2,4,1,,,,,,0,,,,,"Janakiraman, Surya","He, Jiapeng",,,,,suryaj,surya janakiraman,
BCOM,4350,001,,2,14,9,8,4,1,,,,,,2,0,,,,,"Watson, John M","Boudon, Eric",,,,,jmw077000,john watson,Advanced Business Communication 
EPCS,2100,001,,22,3,3,11,,,1,,,,,,0,,,,,"Bennett, Terrell R",,,,,,trb052000,terrell bennett,Engineering Project in Community Service 
CS,6315,501,,36,,,,,,2,,,,,2,0,,,,,"Ates, Keven L",,,,,,atescomp,keven ates,Semantic Web 
CS,2336,005,6,10,2,1,4,1,,5,1,,2,,6,2,,1,,,"Vogel, Don G",,,,,,dgv130030,don vogel,Computer Science II 
OPRE,6364,001,,24,9,3,1,1,1,,,,,,,1,,,,,"Ramanathan, Kannan",,,,,,kxr087000,kannan ramanathan,Lean Six Sigma 
CS,3345,503,,3,6,7,7,4,5,1,2,1,2,1,1,1,,,,,"Stallbohm, Zachary E",,,,,,zxs110030,zach stallbohm,Data Structures and Introduction to Algorithmic Analysis 
EPPS,2301,002,,2,4,3,7,5,4,2,6,1,2,1,3,1,,,,,"Carr, Cory K",,,,,,ckc150230,,Research Design in the Social and Policy Sciences 
CS,4396,001,3,9,9,6,6,2,,2,,,,,3,1,,,,,"Sarac, Kamil","Samiei, Aliehsan",,,,,kxs028100,kamil sarac,Networking Laboratory 
CS,4384,502,4,10,4,2,8,4,1,2,,1,1,1,2,1,,,,,"Willson, James K","Zhang, Linrui",,,,,jkw053000,james willson,Automata Theory 
MKT,4331,001,2,9,6,1,9,1,2,2,1,1,2,1,3,1,,,,,"Dover, Howard F",,,,,,hfd021000,howard dover,Digital Prospecting 
ENGR,3341,005,6,1,2,5,2,4,4,2,2,,2,,10,1,,,,,"Nosratinia, Aria","Hassan, Rana A",,,,,aria,aria nosratinia,Probability Theory and Statistics 
SOC,4375,001,1,20,4,1,4,4,3,,,,1,,2,1,,,,,"Skaggs, Sheryl L","Burger, Charis M",,,,,slskaggs,sheryl skaggs,Gender and Work 
OPRE,6379,501,,11,7,7,10,4,,,,,,,1,1,,,,,"Rajamani, Divakar","Basavaraju, Shashank",,,,,dxr020100,divakar rajamani,Product Lifecycle Management 
MIS,6324,001,,9,6,14,8,3,,1,,,,,,0,,,,,"Chen, Jianqing","Sandilya, Nimish K",,,,,jxc111031,jianqing chen,Business Analytics With SAS 
HMGT,6402,AS1,,40,,1,,,,,,,,,,0,,,,,"Barden, John P","McCracken, John",,,,,jpb063000,john barden,
OPRE,6302,0W1,,20,7,13,1,,,,,,,,,0,,,,,"Dawande, Milind","Manchiraju, Chandrasekhar Seetharama",,,,,milind,milind dawande,Operations Management 
SPAU,3303,001,6,12,,5,10,,5,2,,1,,,,0,,,,,"Maguire, Mandy","Yuan, Haiying",,,,,mjm053000,mandy maguire,Normal Language Development 
ACCT,3350,002,7,3,2,3,11,1,1,5,2,,3,,3,0,,,,,"Gamino, John P",,,,,,jpg140630,john gamino,Fundamentals of Taxation 
MATH,2312,002,3,5,3,2,1,3,3,1,3,1,1,1,14,0,,,,,"Aman, Kelly",,,,,,kxa143530,kelly aman,Precalculus 
FIN,3380,001,7,4,6,9,6,2,1,2,1,2,,1,,0,,,,,"Gurun, Ayfer",,,,,,axg119030,ayfer gurun,International Financial Management 
BIOL,2112,010,3,11,10,1,3,6,2,2,3,,,,,0,,,,,"Wilson, Michelle","Smith, Patrick R",,,,,mxw084000,michelle wilson,Introduction to Modern Biology Workshop II 
FIN,6314,0W1,,11,5,6,16,2,,1,,,,,,0,,,,,"Manzi, Jeff",,,,,,jxm158130,jeffrey manzi,Fixed Income Securities 
MIS,6356,002,,14,12,9,4,2,,,,,,,,0,,,,,"Parker, Jason A","Mathur, Nitish",,,,,jap090020,jason parker,Business Analytics With R 
FIN,3300,001,,10,,,17,,,10,,,2,,,1,,2,,,"Lynch, Julie",,,,,,jxl180030,julie lynch,Personal Finance 
IPEC,4302,001,7,9,10,4,1,2,2,2,1,,,,2,2,,,,,"Bunte, Jonas B","Taden, John",,,,,jbb130330,jonas bunte,Political Economy of Developing Countries 
HIST,4330,001,,12,10,6,5,2,,1,1,,,,3,1,,,,,"Roemer, Nils H","Ozsvath, Zsuzsanna","Patterson, David",,,,nhr061000,nils roemer,The Holocaust 
ENTP,4320,501,,,4,9,20,7,,,,,,,1,0,,1,,,"Wright, Robert G",,,,,,rgw091000,robert wright,Small Business Management 
BIOL,2111,001,1,3,4,1,7,4,3,9,,3,2,4,,1,,,,,"Srikanth, Uma",,,,,,ukrish,uma srikanth,Introduction to Modern Biology Workshop I 
NSC,4359,001,2,8,10,5,4,3,2,4,,2,,,1,0,,1,,,"Rodrigue, Karen M","Gonen, Chen",,,,,kmr082000,karen rodrigue,Cognitive Neuroscience 
CS,1136,105,9,4,4,3,4,1,,1,1,,3,,11,1,,,,,"Vogel, Don G","Perkins, Stephen J",,,,,dgv130030,don vogel,Computer Science Laboratory 
BIOL,2112,002,5,4,6,6,9,5,2,,,2,1,,1,1,,,,,"Wilson, Michelle","Cao, Lian",,,,,mxw084000,michelle wilson,Introduction to Modern Biology Workshop II 
MKT,4330,0W1,7,8,5,6,6,,3,3,,,2,1,,1,,,,,"Edsel, Alexander D","Gupta, Ashna",,,,,ade012000,alexander edsel,Digital and Internet Marketing 
MATH,2415,002,1,2,4,,8,2,7,10,,,2,,5,1,,,,,"Zweck, John W",,,,,,jwz120030,john zweck,Calculus of Several Variables 
MKT,3100,001,4,12,13,5,2,,2,2,1,,,,,1,,,,,"Moore, Sarah E","Tanabe, Takuma",,,,,sem054000,sarah moore,Professional Development 
ACCT,6353,502,,4,7,6,6,4,2,11,,,,,1,0,,1,,,"Gamino, John P",,,,,,jpg140630,john gamino,Fundamentals of Taxation II 
ACTS,4301,001,5,4,3,4,6,6,3,3,2,1,2,1,2,0,,,,,"Humphreys, Natalia A",,,,,,nah103020,natalia humphreys,Principles of Actuarial Models  Life Contingencies I 
ITSS,4390,002,,23,11,5,1,2,,,,,,,,0,,,,,"Owens, Dawn M",,,,,,dmo130130,dawn owens,Information Systems Capstone 
MECH,2330,001,,6,1,3,7,1,8,4,,5,5,,2,0,,,,,"Thamban, P.L.Stephan","Gleason, Glenn H",,,,,stephan,p l stephan thamban,Dynamics 
BIOL,2112,011,2,10,9,2,6,4,4,1,2,,1,,1,0,,,,,"Wilson, Michelle","Sivakolundu, Dinesh Keran",,,,,mxw084000,michelle wilson,Introduction to Modern Biology Workshop II 
CS,6320,001,,5,15,7,8,5,1,,,,,,1,0,,,,,"Moldovan, Dan I","Zhang, Linrui",,,,,moldovan,dan moldovan,Natural Language Processing 
BCOM,4350,HON,4,35,1,1,1,,,,,,,,,0,,,,,"Lawson, Kristen A","Boudon, Eric",,,,,kal110030,kristen lawson,Advanced Business Communication 
ENGR,3300,004,1,8,,1,9,1,3,9,4,,4,,2,0,,,,,"Lee, Jung S","Zhang, Yunjie",,,,,jls032000,jung lee,Advanced Engineering Mathematics 
OPRE,6366,501,,8,5,11,10,5,2,1,,,,,,0,,,,,"Leach, Sonia E","Zhang, Wen",,,,,sel120030,sonia leach,Global Supply Chain Management 
MKT,6352,0W1,,19,3,7,10,1,,2,,,,,,0,,,,,"Tirone, Guido",,,,,,gxt170001,guido tirone,Marketing Web Analytics and Insights 
FIN,6301,502,,18,12,7,3,2,,,,,,,,0,,,,,"Nanda, Vikram K",,,,,,vkn150030,vikram nanda,Financial Management 
ACCT,3350,001,6,2,5,4,6,5,4,3,,1,1,1,4,0,,,,,"Gamino, John P",,,,,,jpg140630,john gamino,Fundamentals of Taxation 
MKT,6332,501,,12,5,6,10,5,2,1,,,,,1,0,,,,,"Biswas, Abhijit","Kulkarni, Chinmayi S","Kumar, Sumeet",,,,axb019100,abhijit biswas,Advertising and Promotional Strategy 
CS,6364,001,,7,9,7,12,4,2,1,,,,,,0,,,,,"Moldovan, Dan I","Dakle, Parag Pravin",,,,,moldovan,dan moldovan,Artificial Intelligence 
EE,3350,001,1,13,7,4,4,3,,5,3,,1,,1,0,,,,,"Torlak, Murat","Baral, Ashwin Bhobani",,,,,torlak,murat torlak,Communications Systems 
OBHR,4360,001,1,7,7,6,13,2,2,2,,,,,2,0,,,,,"Weekley, Jeff A","Wijewardana, Galuge Hansani M",,,,,jaw160330,jeff weekley,Capstone in Organizational Behavior 
ACCT,6344,501,,21,1,10,7,2,1,,,,,,,0,,,,,"Gurun, Umit","Gencer, Nur Pinar",,,,,ugg041000,umit gurun,Financial Statement Analysis 
MECH,1208,304,,,,,,,,,,,,,,0,,,,,"Rios, Oziel","Bay, Joel T","Hatamleh, Mohammad I","Mueller, Matthew W",,,oxr106020,oziel rios,Introduction to Mechanical Engineering II 
NSC,4372,001,1,4,3,5,12,2,1,7,,1,1,1,,5,,,,,"Burton, Michael D",,,,,,mdb150330,michael burton,Neuroimmunology 
BCOM,3310,004,2,8,13,5,5,1,3,1,1,,,,1,3,,,,,"Walton, Michaella",,,,,,mrw170730,,Business Communication 
CS,1337,011,3,7,7,1,5,3,3,,4,,,1,6,3,,,,,"Le, Khiem V",,,,,,kvl140030,khiem le,Computer Science I 
ISNS,3373,001,5,4,5,5,4,8,2,5,,1,,,2,2,,,,,"Khan, Amena",,,,,,axk140130,amena khan,Our Nearest Neighbors in the Sky 
ACCT,4334,501,,9,,,15,2,,8,1,,4,,2,2,,,,,"Linsteadt, Chris C",,,,,,ccl019000,chris linsteadt,Auditing 
PA,3380,0W1,12,10,7,4,,,2,,1,2,,,4,1,,,,,"Zvobgo, Varaidzo",,,,,,vxz160130,varaidzo zvobgo,Organizations  Theory and Behavior 
SPAU,3305,001,,34,,,6,,,1,,,1,,,1,,,,,"Touchstone, Emily W","Thomas, Abbey L",,,,,exw010200,emily touchstone,Language and Literacy Development 
HMGT,6323,0W1,,17,13,5,4,2,,,,,,,1,1,,,,,"Ayvaci, Mehmet U","Ozdemir, Dicle Yagmur",,,,,mua120030,mehmet ayvaci,Healthcare Informatics 
OPRE,3360,010,4,4,2,7,3,5,,3,,1,3,5,5,1,,,,,"Toptal, Aysegul","Farajbakhsh Mamaghani, Fariba",,,,,axt083100,aysegul toptal,Managerial Methods in Decision Making Under Uncertainty 
ITSS,4351,002,,6,8,4,8,4,3,6,1,,1,1,,1,,,,,"Shekhar, Gaurav","Agrawal, Pulkit",,,,,gxs150130,gaurav shekhar,Foundations of Business Intelligence 
ACCT,4334,001,,9,,,14,,,16,1,,2,,,1,,,,,"Linsteadt, Chris C",,,,,,ccl019000,chris linsteadt,Auditing 
STAT,6340,001,,25,4,5,3,5,,,,,,,,0,,,,,"Choudhary, Pankaj K","Islambekov, Umar",,,,,pkc022000,pankaj choudhary,Statistical and Machine Learning 
CRIM,2306,0W1,,7,12,8,3,3,2,1,3,1,,,2,1,,,,,"Parker, John",,,,,,jxp172430,,Criminal Law 
EE,3302,501,3,3,5,3,7,2,3,6,2,,3,,5,1,,,,,"Park, Jae Mo","Vankayalapati, Bhanu Teja","Wang, Zhengyang",,,,jxp170001,jae park,Signals and Systems 
ECON,3310,001,10,9,3,,4,,5,2,1,,3,,5,1,,,,,"Andrews, Rodney J","Montenegro Arana, Sebastian",,,,,rja091000,rodney andrews,Intermediate Microeconomic Theory 
CS,6378,001,,6,4,19,8,3,2,,,,,,,1,,,,,"Prakash, Ravi","Samiei, Aliehsan",,,,,ravip,ravi prakash,Advanced Operating Systems 
OPRE,6362,0W1,,10,13,7,10,3,,,,,,,,0,,,,,"Alborz, Shawn","Wang, Hao",,,,,sxa063000,shawn alborz,Project Management in Engineering and Operations 
BUAN,6357,002,,37,,4,2,,,,,,,,,0,,,,,"Johnston, Walter L",,,,,,wlj031000,walter johnston,Advanced Business Analytics Using R 
OPRE,6332,0W1,,16,8,6,7,3,1,2,,,,,,0,,,,,"Ramanathan, Kannan","Li, Changpei","Chou, Cheng-Chih",,,,kxr087000,kannan ramanathan,Spreadsheet Modeling and Analytics 
FIN,4310,501,,6,3,4,8,10,4,,3,1,1,1,2,0,,,,,"Anderson, Frank W",,,,,,fwa012000,,Intermediate Financial Management 
MIS,6344,002,,10,13,9,7,4,,,,,,,,0,,,,,"Mehra, Amit","Agarwala, Neeraj",,,,,axm078200,amit mehra,Web Analytics 
CE,4304,001,2,4,3,4,7,2,5,3,10,,,,3,0,,,,,"Ikram, Muhammad Z","Hu, Xuan",,,,,mzi041000,muhammad ikram,Computer Architecture 
BUAN,6356,501,,18,14,7,4,,,,,,,,,0,,,,,"Parker, Jason A","Mathur, Nitish","Parla, Karthik Reddy",,,,jap090020,jason parker,Business Analytics With R 
MATH,2417,003,4,2,4,2,1,3,3,,4,3,,1,11,6,,,,,"Makarenkov, Oleg",,,,,,oxm130230,oleg makarenkov,Calculus I 
FIN,6318,501,,9,7,5,11,3,,4,,,,,,5,,,,,"Day, Theodore","Kirk, Steven B",,,,,tday,theodore day,Analytics of Finance 
ECON,2302,502,4,6,2,7,6,4,3,2,2,,1,2,,3,,2,,,"Yue, Wanwan",,,,,,wxy150730,wanwan yue,Principles of Microeconomics 
ACCT,6301,0W1,,11,7,6,7,6,3,,,,,,,4,,,,,"Ali, Ashiq","Sandhu, Gurvinder",,,,,axa042200,ashiq ali,Financial Accounting 
CS,1337,007,2,8,,4,7,3,1,2,3,1,1,1,7,4,,,,,"Smith, Jason W",,,,,,jws130830,jason smith,Computer Science I 
FIN,3390,501,4,5,,4,2,3,2,3,7,,2,5,4,3,,,,,"El-Ashmawi, Amal H","Altammam, Ali A",,,,,ahe013000,amal el ashmawi,Introduction to Financial Modeling 
BIS,3320,001,1,11,15,5,1,3,1,1,2,,,,1,3,,,,,"Hudson, Jennifer M",,,,,,jxh100220,jennifer hudson,The Nature of Intellectual Inquiry 
CE,2310,501,10,6,3,3,2,4,3,4,,1,,1,4,3,,,,,"Dodge, Nathan B",,,,,,dodge,nathan dodge,Introduction to Digital Systems 
MATH,4334,001,2,10,,1,9,,,6,2,,3,,8,3,,,,,"Minkoff, Susan E",,,,,,sem120030,susan minkoff,Numerical Analysis 
ACCT,3331,003,,3,1,10,5,6,7,8,,,1,,,2,,1,,,"Yehuda, Nir","Zhou, Xiaolu",,,,,nxy130530,nir yehuda,Intermediate Financial Accounting I 
EE,4325,001,,7,8,9,10,5,1,1,,,1,,,2,,,,,"Sechen, Carl","Xu, Xiangyu",,,,,cms057000,carl sechen,Introduction to VLSI Design 
FIN,3390,003,10,6,,2,2,4,3,2,3,,2,4,4,2,,,,,"El-Ashmawi, Amal H","Altammam, Ali A",,,,,ahe013000,amal el ashmawi,Introduction to Financial Modeling 
OPRE,6332,0W2,,13,10,7,7,1,2,2,,,,,,2,,,,,"Ramanathan, Kannan","Li, Changpei","Chou, Cheng-Chih",,,,kxr087000,kannan ramanathan,Spreadsheet Modeling and Analytics 
ENGR,3300,002,,4,2,1,7,2,,14,7,,2,,3,2,,,,,"Florence, James M","Nourmohamadi, Hesam",,,,,jmf130530,james florence,Advanced Engineering Mathematics 
PHIL,3309,501,15,11,3,4,4,,3,1,,,,,1,2,,,,,"Amato, Lawrence A",,,,,,laa062000,lawrence amato,Philosophy of Technology 
CS,4337,004,18,6,1,1,2,5,,4,1,,2,,2,2,,,,,"Karami, Gity","Varanasi, Sarat Chandra",,,,,gxk180009,gity karami,Organization of Programming Languages 
BCOM,3310,013,3,3,8,5,7,5,1,4,4,,,,2,2,,,,,"Marchant, Joe T",,,,,,jtm014200,joe marchant,Business Communication 
BIOL,2112,003,4,15,8,3,3,4,1,1,3,,1,,,1,,,,,"Wilson, Michelle","Sivakolundu, Dinesh Keran",,,,,mxw084000,michelle wilson,Introduction to Modern Biology Workshop II 
BIOL,3355,001,25,12,2,1,1,,,2,,,,,,1,,,,,"Sapozhnikov, Ilya",,,,,,isapoz,ilya sapozhnikov,Clinical Pathophysiology 
BUAN,6320,002,,9,10,14,6,3,1,,,,,,,1,,,,,"Scott, James A","Grover, Akshay",,,,,jas076100,james scott,Database Foundations for Business Analytics 
MATH,2419,002,1,3,5,5,8,2,,2,5,2,2,,8,1,,,,,"Eydelzon, Anatoly",,,,,,axe031000,anatoly eydelzon,Calculus II 
ENGR,3300,001,,7,,,12,,1,6,3,,12,,2,1,,,,,"Lee, Jung S","Zhang, Tianliang","Si, Qilin",,,,jls032000,jung lee,Advanced Engineering Mathematics 
MATH,2414,020,4,2,1,3,3,4,7,5,4,4,,,6,1,,,,,"Duruoha, Adannah",,,,,,axd180037,adannah duruoha,Integral Calculus 
FIN,3350,001,,10,7,5,6,5,7,,1,,,,2,1,,,,,"Xia, Han (Victor)",,,,,,hxx110930,han xia,Financial Markets and Institutions 
BIOL,3101,003,,1,6,1,6,6,5,8,5,2,2,1,,1,,,,,"Campbell, Zachary",,,,,,zxc153030,zachary campbell,Classical and Molecular Genetics Workshop 
ENGR,2300,002,4,31,1,3,1,,,3,,,,,,1,,,,,"Ali, Mohammed Z","Dai, Yucheng","Mitra, Arkadeep",,,,mohammed,ali mohammed,Linear Algebra for Engineers 
BCOM,3310,012,,21,10,5,3,3,,1,,,,,,1,,,,,"Lawson, Kristen A","Boudon, Eric",,,,,kal110030,kristen lawson,Business Communication 
BCOM,3200,003,8,13,9,5,2,1,,2,1,,,,2,1,,,,,"Ahlberg, Mehrzad",,,,,,mxa087100,mehrzad ahlberg,Introduction to Business and Professional Development 
ENGR,2300,004,,24,4,5,5,3,1,1,,,,,1,0,,,,,"Tamil, Lakshman",,,,,,laxman,lakshman tamil,Linear Algebra for Engineers 
CS,5348,002,,18,11,7,7,1,,,,,,,,0,,,,,"Christiansen, Michael G","Eltigani Osman Abaker, Mohamedelfatih","Salazar, Elmer E",,,,mgc013000,michael christiansen,Operating Systems Concepts 
CS,5343,501,,16,6,6,10,1,1,3,,,,,1,0,,,,,"Gupta, Neeraj K",,,,,,nkg140130,neeraj gupta,Algorithm Analysis and Data Structures 
OB,6332,501,,35,5,,4,,,,,,,,,0,,,,,"Ziegler, Laurie","Wijewardana, Galuge Hansani M",,,,,ziegler,laurie ziegler,Negotiation and Dispute Resolution 
CS,3162,092,8,21,6,3,2,1,,1,1,,,,1,0,,,,,"Smith, Klyne",,,,,,kxs180052,klyne smith,Professional Responsibility in Computer Science and Software Engineering 
MECH,3350,501,,9,3,9,10,5,3,3,1,,,,1,0,,,,,"Park, Wooram","Yu, Haoliang","Park, Sungju",,,,wxp103020,wooram park,Kinematics and Dynamics of Mechanical Systems 
ENGR,2300,003,5,17,1,1,13,,1,4,2,,,,,0,,,,,"Ali, Mohammed Z","Upadhyay, Bhaskar R",,,,,mohammed,ali mohammed,Linear Algebra for Engineers 
ENGR,2300,001,5,28,2,2,4,,,3,,,,,,0,,,,,"Ali, Mohammed Z","Mitra, Arkadeep",,,,,mohammed,ali mohammed,Linear Algebra for Engineers 
OPRE,6301,001,,14,8,6,7,7,,1,,,,,1,0,,,,,"Brussolo, Monica E","Mallavarapu, Vijay K",,,,,meb049000,monica brussolo,Statistics and Data Analysis 
ENGR,2300,005,2,14,3,4,10,1,1,6,1,,,,2,0,,,,,"Heins, Matthew S","Wang, Jianda",,,,,msh130130,matthew heins,Linear Algebra for Engineers 
MIS,6302,0W1,,36,6,2,,,,,,,,,,0,,,,,"Majumdar, Sumit K","Mehta, Sameer",,,,,skm021100,sumit majumdar,Managing Digital Strategy 
CS,4361,001,3,13,5,4,8,1,4,2,1,,1,,2,0,,,,,"Kumar, Pushpa S","Zhang, Chenxu",,,,,pkumar,pushpa kumar,Computer Graphics 
ITSS,3300,001,2,5,8,5,4,2,3,2,1,1,2,1,8,0,,,,,"Haseman, Charles","Zhu, Wangsheng",,,,,cxh180018,charles haseman,Information Technology for Business 
MAS,6102,051,,,,,,,,,,,,,,5,,,,40,"Johnson, Neil","Chen, Lixuan","Rajpal, Kuldeep",,,,nxj121730,neil johnson,Professional Development 
COMD,7208,501,,38,2,,2,,,,,,,,,0,,,,3,"Tidwell, Allison E",,,,,,aet052000,,Pediatric Dysphagia 
CS,4348,006,2,7,5,4,6,5,2,5,1,,1,2,2,3,,,,,"Alagar, Sridhar","Wang, Huaduo",,,,,sxa173731,sridhar alagar,Operating Systems Concepts 
MATH,2413,010,1,1,3,,2,4,1,8,4,,6,,12,3,,,,,"Ding, Hui",,,,,,hxd162130,hui ding,Differential Calculus 
HIST,4359,001,,14,3,4,10,3,1,2,,,1,1,3,3,,,,,"Rankin, Monica A",,,,,,mar046000,monica rankin,Topics in Latin American History 
HIST,4344,001,20,5,7,2,4,,,1,,,,,3,1,,,,,"Pfister, Debra H",,,,,,dhpf,debra pfister,Topics in European History 
MATH,2413,001,1,3,4,3,2,3,3,6,5,2,2,,8,3,,,,,"Cao, Yan",,,,,,yxc069200,yan cao,Differential Calculus 
SPAU,3341,001,,12,6,8,7,3,2,4,,1,,,,0,,2,,,"Griffiths, Scott K","Wiseman, Kathryn",,,,,skg180000,,Audiology 
CS,1337,002,14,5,,4,3,1,,1,3,2,1,1,8,2,,,,,"Razo Razo, Miguel A",,,,,,mrazora,miguel razo,Computer Science I 
FIN,4310,002,3,1,3,5,3,9,5,4,5,,3,,2,2,,,,,"Anderson, Frank W",,,,,,fwa012000,,Intermediate Financial Management 
BA,1320,001,,7,5,11,9,7,,3,,,,,1,1,,1,,,"Blueshtein, Moran","Oyima-Antseleve, Ndackyssa",,,,,mxb135230,moran blueshtein,Business in a Global World 
STAT,3360,002,6,10,4,3,6,,3,,2,,2,,8,1,,,,,"Koshevnik, Yuly","Chen, Ying","Cao, Cong",,,,yxk055000,yuly koshevnik,Probability and Statistics for Management and Economics 
ECON,3311,001,,5,2,13,9,7,5,3,,,,,,1,,,,,"Sul, Donggyu",,,,,,dxs093000,donggyu sul,Intermediate Macroeconomic Theory 
BCOM,3310,015,15,11,9,2,2,2,2,,,,,,1,0,,,,,"de los Santos, Veronica",,,,,,vxd171930,veronica de los santos,Business Communication 
BCOM,3310,005,3,8,18,6,4,5,,,,,,,,1,,,,,"McCrady, Victoria D","Boudon, Eric",,,,,vdm130030,victoria mccrady,Business Communication 
MKT,4338,501,18,19,,,3,,,2,,,2,,,1,,,,,"Dickinson, Keith",,,,,,kxd084000,keith dickinson,Marketing Content Creation 
BCOM,3310,502,18,11,5,5,1,,,2,,,2,,,1,,,,,"Layne, Raini M",,,,,,rml081000,raini layne,Business Communication 
HLTH,1322,0W3,,8,4,7,13,1,2,2,2,,2,,3,1,,,,,"McBride, Rachael L",,,,,,rlp019100,rachael mcbride,Human Nutrition 
BCOM,3310,001,2,6,10,6,11,1,3,2,1,,1,,1,1,,,,,"Lookadoo, Kathryn","Tanabe, Takuma",,,,,kxl164330,kathryn lookadoo,Business Communication 
BCOM,3310,008,6,19,11,3,4,,1,,,,,,,1,,,,,"Smallwood, Margaret G","Wang, Ming",,,,,meg012400,margaret smallwood,Business Communication 
BCOM,3310,007,2,27,12,1,,1,,,,,,1,,1,,,,,"Smallwood, Margaret G","Wang, Ming",,,,,meg012400,margaret smallwood,Business Communication 
OBHR,4331,501,5,5,10,8,12,4,,,,,,,,1,,,,,"Sims, Gene",,,,,,gxs180019,gene sims,Compensation and Benefits Administration 
CS,3162,591,31,9,2,1,,,,,,,,,1,1,,,,,"DeGroot, Doug",,,,,,dxd180020,doug degroot,Professional Responsibility in Computer Science and Software Engineering 
BCOM,3310,003,21,16,1,1,3,1,1,,,,,,1,0,,,,,"Fry, Jennifer L",,,,,,jlf130030,jennifer fry,Business Communication 
CS,6363,005,,14,12,7,4,4,1,,,,,,3,0,,,,,"Fox, Kyle J","Lu, Jiashuai",,,,,kjf170230,emily fox,Design and Analysis of Computer Algorithms 
BCOM,3310,002,2,8,11,6,4,3,4,1,2,,1,,3,0,,,,,"Lookadoo, Kathryn","Tanabe, Takuma",,,,,kxl164330,kathryn lookadoo,Business Communication 
PHYS,3312,001,1,9,5,6,12,4,1,3,2,,,,2,0,,,,,"Kesden, Michael H","Solanki, Rahulkumar",,,,,mhk130030,michael kesden,Classical Mechanics 
BCOM,3310,501,9,18,11,5,,,1,,1,,,,,0,,,,,"de los Santos, Veronica",,,,,,vxd171930,veronica de los santos,Business Communication 
EE,4388,001,,31,10,,4,,,,,,,,,0,,,,,"Tacca, Marco",,,,,,mtacca,marco tacca,Senior Design Project I 
CS,1337,003,27,10,2,1,4,,,1,,,,,,0,,,,,"DeGroot, Doug",,,,,,dxd180020,doug degroot,Computer Science I 
BIOL,3355,501,24,16,4,,1,,,,,,,,,0,,,,,"Sapozhnikov, Ilya",,,,,,isapoz,ilya sapozhnikov,Clinical Pathophysiology 
CS,3354,005,4,5,6,10,8,4,2,3,2,,,,1,0,,,,,"Nouroz Borazjany, Mehra","Fan, Zhenbao",,,,,mxn143230,mehra borazjany,Software Engineering 
ECON,4301,001,4,10,2,1,8,3,4,4,1,2,1,3,2,0,,,,,"Siqueira, Kevin J","DeVore, Collin D",,,,,kjs064000,kevin siqueira,Game Theory 
BCOM,3310,009,3,8,13,10,5,2,1,1,1,,,1,,0,,,,,"Sluder, Jeanne",,,,,,jis081000,jeanne sluder,Business Communication 
BCOM,3310,006,4,14,11,6,5,3,2,,,,,,,0,,,,,"McCrady, Victoria D","Boudon, Eric",,,,,vdm130030,victoria mccrady,Business Communication 
FIN,3320,011,5,2,5,15,8,7,3,,,,,,,0,,,,,"Wang, Hui",,,,,,hxw141630,hui wang,Business Finance 
MATH,1325,501,2,4,11,5,3,4,4,4,1,1,1,,5,0,,,,,"Li, Changsong",,,,,,cxl109120,changsong li,Applied Calculus I 
BCOM,3310,014,4,21,13,2,2,1,,,1,,,,1,0,,,,,"Moore, Sarah E","Tanabe, Takuma",,,,,sem054000,sarah moore,Business Communication 
EE,4367,501,1,4,,8,12,13,3,3,1,,,,,0,,,,,"Fumagalli, Andrea",,,,,,andreaf,andrea fumagalli,Telecommunication Networks 
MKT,3300,002,11,12,5,7,1,6,1,1,1,,,,,0,,,,,"Kulkarni, Madhura",,,,,,mxk170005,madhura kulkarni,Principles of Marketing 
BIOL,3101,005,,1,6,11,8,4,7,4,1,1,1,1,,0,,,,,"Campbell, Zachary",,,,,,zxc153030,zachary campbell,Classical and Molecular Genetics Workshop 
BCOM,3310,011,,18,12,6,2,1,2,,4,,,,,0,,,,,"Lookadoo, Kathryn","Tanabe, Takuma",,,,,kxl164330,kathryn lookadoo,Business Communication 
FIN,4300,004,1,3,11,17,8,5,,,,,,,,0,,,,,"Khanapure, Revansiddha B","Hong, Yuan",,,,,rbk160130,revansiddha khanapure,Investment Management 
MKT,6339,501,,15,5,11,14,,,,,,,,,0,,,,,"Subramanian, Upender","Bhave, Ashutosh C",,,,,uxs092000,upender subramanian,Capstone Marketing Decision Making 
CS,4398,001,,14,6,5,16,2,2,,,,,,,0,,,,,"Cankaya, Ebru C","Chappidi, Sruthi","Yu, Xinyue",,,,exc067000,ebru cankaya,Digital Forensics 
CS,6375,004,,19,20,5,,,,,,,,,1,0,,,,,"Kunapuli, Gautam",,,,,,gxk170007,gautam kunapuli,Machine Learning 
BCOM,3310,010,3,18,10,4,4,3,,,2,,1,,,0,,,,,"Sluder, Jeanne",,,,,,jis081000,jeanne sluder,Business Communication 
FIN,3320,005,,8,3,,4,6,,8,5,,3,3,1,5,,,,,"Cordell, David M","Abondo Otounga, Tomy Shelby J",,,,,dmc012300,david cordell,Business Finance 
MATH,1326,002,7,4,6,5,1,3,2,1,3,1,4,1,4,4,,,,,"Lewis, David L",,,,,,dlewis,,Applied Calculus II 
OB,6346,CW1,,34,8,,1,,,,,,,,,1,,2,,,"Latham, Van M",,,,,,,van latham,
MATH,2414,006,2,3,12,6,4,2,3,3,4,,,1,3,3,,,,,"Aman, Kelly",,,,,,kxa143530,kelly aman,Integral Calculus 
PHIL,3320,501,1,23,8,5,2,1,1,,,,2,,,3,,,,,"Davies, Katherine",,,,,,kxd180013,,Medical Ethics 
MATH,1326,009,11,7,,6,7,2,3,3,1,,,,4,2,,,,,"Foley, Manjula",,,,,,mxf091000,manjula samanmalee foley,Applied Calculus II 
MATH,2414,014,7,8,7,3,5,1,3,3,3,,1,,3,2,,,,,"Nguyen, Mylinh T",,,,,,mln018200,mylinh nguyen,Integral Calculus 
BIOL,2112,006,6,12,7,4,8,5,,,2,,,,,2,,,,,"Wilson, Michelle","Salamat, Narges",,,,,mxw084000,michelle wilson,Introduction to Modern Biology Workshop II 
FIN,3320,002,2,8,5,6,6,6,1,2,1,1,3,2,1,2,,,,,"Cordell, David M","Abondo Otounga, Tomy Shelby J",,,,,dmc012300,david cordell,Business Finance 
MATH,2414,002,9,4,3,2,4,3,3,3,3,5,,,5,2,,,,,"Lewis, David L",,,,,,dlewis,,Integral Calculus 
MECH,4330,501,7,,5,5,6,9,3,1,4,,1,,3,2,,,,,"Iungo, Giacomo Valerio","Puccioni, Matteo",,,,,ixg140830,giacomo iungo,Intermediate Fluid Mechanics 
MATH,2414,018,2,4,6,4,2,5,7,3,3,,2,2,5,1,,,,,"Westbury, Bruce W",,,,,,bww180001,bruce westbury,Integral Calculus 
MKT,4340,001,4,8,14,8,3,7,1,,,,,,,1,,,,,"Corbin, Sonja C",,,,,,scc130530,sonja corbin,Consumer Behavior 
CLDP,3362,001,1,15,,1,16,1,2,8,1,,,,,1,,,,,"Mills, Candice M","Pattisapu, Candice N",,,,,cxm056000,candice mills,Cognitive Development 
BIOL,3101,001,,2,5,11,10,10,,3,,3,1,,,1,,,,,"Campbell, Zachary",,,,,,zxc153030,zachary campbell,Classical and Molecular Genetics Workshop 
BIOL,2112,009,3,6,10,6,6,3,2,3,2,2,,1,1,1,,,,,"Wilson, Michelle","Salamat, Narges",,,,,mxw084000,michelle wilson,Introduction to Modern Biology Workshop II 
MKT,6330,0W1,,17,11,11,5,,,1,,,,,,1,,,,,"Biswas, Abhijit","Kumar, Sumeet",,,,,axb019100,abhijit biswas,Brand Management 
BIOL,2112,008,6,10,8,7,1,7,3,2,1,,1,,,0,,,,,"Wilson, Michelle","Cody, Kelly L",,,,,mxw084000,michelle wilson,Introduction to Modern Biology Workshop II 
MKT,3300,008,1,10,7,2,3,4,4,9,3,,2,,1,0,,,,,"Haruvy, Ernan E","Liao, Chenxi",,,,,eeh017200,ernan haruvy,Principles of Marketing 
MKT,6301,503,,12,8,16,9,1,,,,,,,,0,,,,,"Bruce, Norris I","Roshangarzadeh, Reza","Kumar, Sumeet",,,,nxb018100,norris bruce,Marketing Management 
OPRE,6302,002,,6,6,5,14,9,3,1,,,,,2,0,,,,,"Leach, Sonia E","Hosseinabadi Farahani, Mehdi",,,,,sel120030,sonia leach,Operations Management 
BIOL,2112,004,1,10,12,3,4,7,3,1,2,3,,,,0,,,,,"Wilson, Michelle","Yetkin, Celal E",,,,,mxw084000,michelle wilson,Introduction to Modern Biology Workshop II 
MIS,6309,501,,14,10,14,4,3,1,,,,,,,0,,,,,"Islam, Naser","Velugati, Jayanth Reddy",,,,,nxi110630,naser islam,Business Data Warehousing 
BIOL,2112,001,5,6,11,6,6,5,1,2,1,2,1,,,0,,,,,"Wilson, Michelle","Cao, Lian",,,,,mxw084000,michelle wilson,Introduction to Modern Biology Workshop II 
EEMF,6321,501,,37,2,3,3,1,,,,,,,,0,,,,,"Frensley, William",,,,,,frensley,william frensley,Active Semiconductor Devices 
CS,6301,010,,43,2,1,,,,,,,,,,0,,,,,"Kunapuli, Gautam","Yan, Siwen",,,,,gxk170007,gautam kunapuli,Special Topics in Computer Science 
BIOL,2112,007,,8,7,9,10,4,1,2,4,,,,1,0,,,,,"Wilson, Michelle","Cody, Kelly L",,,,,mxw084000,michelle wilson,Introduction to Modern Biology Workshop II 
MKT,4330,001,4,10,11,8,5,3,2,2,,,,1,,0,,,,,"Pacyna, Sandra",,,,,,sxp158130,sandra pacyna,Digital and Internet Marketing 
ACCT,6335,501,,8,5,14,6,3,4,4,,,,,2,0,,,,,"Swaim, Stephanie R","Walker, Jacob N",,,,,srp065000,stephanie poindexter swaim,Ethics for Professional Accountants 
ENTP,6370,0W1,,6,7,9,17,4,,3,,,,,,0,,,,,"Kimzey, Jackie","Purohit, Apoorva",,,,,jxk092000,jackie kimzey,Innovation and Entrepreneurship 
MATH,1326,011,8,9,6,3,4,4,4,3,3,,1,,1,0,,,,,"Foley, Manjula",,,,,,mxf091000,manjula samanmalee foley,Applied Calculus II 
CLDP,3342,501,5,17,5,9,5,3,1,1,,,,,,0,,,,,"Barfoot, John W","Peskova, Olga",,,,,jwb043000,john barfoot,Exceptional Children 
BPS,4305,503,14,11,4,1,,5,1,2,,,6,,2,0,,,,,"Carraher, Shawn M",,,,,,smc130730,shawn carraher,Strategic Management 
MAS,6105,0W1,,,,,,,,,,,,,1,3,,,,43,"Sluder, Jeanne","Smallwood, Margaret G",,,,,jis081000,jeanne sluder,Communications for Management 
ENGR,2300,502,13,6,4,6,1,1,1,1,2,,,,6,6,,,,,"Ahmed, Shaheen","Tokgoz, Serkan","Sheikhlari, Sepehr",,,,sxa176730,shaheen ahmed,Linear Algebra for Engineers 
MATH,2413,008,,,2,3,4,8,5,4,3,3,1,1,7,6,,,,,"Alvarado, Iris",,,,,,ila180000,iris alvarado,Differential Calculus 
MATH,2414,010,2,5,7,,4,2,5,10,2,,2,,4,4,,,,,"Sauter, Alan D",,,,,,ads014500,alan sauter,Integral Calculus 
NSC,4362,001,2,12,7,6,3,,1,7,1,,2,,2,4,,,,,"Ploski, Jonathan E",,,,,,jep101000,jonathan ploski,Molecular Neuroscience 
MATH,1326,003,4,1,3,5,4,3,6,3,1,3,,2,9,3,,,,,"Estacio-Hiroms, Kemelli","Hervert Hernandez, Esau A",,,,,kxe160930,kemelli estacio hiroms,Applied Calculus II 
MATH,2414,001,4,6,3,4,3,4,1,3,3,3,2,2,6,3,,,,,"Lewis, David L",,,,,,dlewis,,Integral Calculus 
MATH,3310,001,4,13,4,5,4,4,1,1,3,,,,6,2,,,,,"Dabkowska, Malgorzata A","Hart, Russell A",,,,,mxd066000,malgorzata dabkowska,Theoretical Concepts of Calculus 
CS,1337,010,29,6,2,2,2,,1,1,,,,,2,2,,,,,"DeGroot, Doug",,,,,,dxd180020,doug degroot,Computer Science I 
CS,1136,601,18,7,3,4,1,2,,2,2,,3,,3,2,,,,,"Vogel, Don G","Perkins, Stephen J",,,,,dgv130030,don vogel,Computer Science Laboratory 
BCOM,3200,501,6,8,6,4,8,5,,4,1,,,,3,2,,,,,"Bruce, Elizabeth J",,,,,,ejb072000,elizabeth bruce,Introduction to Business and Professional Development 
MATH,2414,007,4,2,12,5,7,2,5,1,1,2,1,1,2,2,,,,,"Garrett, Bentley T",,,,,,btg032000,bentley garrett,Integral Calculus 
MKT,3300,009,1,7,6,8,8,1,7,3,2,,,,2,2,,,,,"Haruvy, Ernan E","Liao, Chenxi",,,,,eeh017200,ernan haruvy,Principles of Marketing 
MATH,1325,003,1,3,5,4,4,6,6,3,3,1,1,1,7,2,,,,,"Kehoe, Joselle",,,,,,jxk061000,joselle kehoe,Applied Calculus I 
MATH,1325,004,3,5,5,,4,10,4,2,3,,1,1,7,2,,,,,"Stanford, Paul H",,,,,,phs031000,paul stanford,Applied Calculus I 
THEA,1310,501,,42,,,4,,,,,,,,,1,,,,,"Baig, Maryam O",,,,,,baig,maryam baig,Understanding Theatre 
BUAN,6312,003,,13,23,8,2,,,,,,,,,1,,,,,"Joo, Joonhwi","Zhu, Yifan",,,,,jxj180020,joonhwi joo,Applied Econometrics and Time Series Analysis 
ECON,4330,001,1,14,6,9,4,8,2,,1,,,1,,1,,,,,"Giertz, Seth","Ramezani, Rasoul",,,,,sxg154831,seth giertz,Law and Economics 
OBHR,3310,004,2,3,7,8,10,6,3,3,2,1,,,1,1,,,,,"Jun, Sora","Kim, Kyun",,,,,sxj177030,,Organizational Behavior 
MATH,1326,013,11,7,5,4,3,3,1,1,5,,2,,4,1,,,,,"Foley, Manjula",,,,,,mxf091000,manjula samanmalee foley,Applied Calculus II 
BUAN,6312,004,,6,12,12,10,3,1,2,,,,,,1,,,,,"Blueshtein, Moran","Oyima-Antseleve, Ndackyssa",,,,,mxb135230,moran blueshtein,Applied Econometrics and Time Series Analysis 
PSY,4352,001,11,10,8,7,4,3,,1,,,,,2,1,,,,,"Drew, Linda M",,,,,,lmd102020,linda drew,Emerging Adulthood Development 
MKT,3300,010,,32,8,2,3,1,,,,,,,,1,,,,,"Chiong, Khai X",,,,,,kxc173030,khai chiong,Principles of Marketing 
BMEN,4V95,001,,13,12,3,11,2,1,3,1,,,,,1,,,,,"Cogan, Stuart","Sunil Kumar Jain, Sanjana",,,,,sxc149830,stuart cogan,Undergraduate Topics in Biomedical Engineering 
MATH,2418,002,10,5,3,3,8,2,1,4,3,3,1,1,2,1,,,,,"Dahal, Rabin",,,,,,rxd153030,rabin dahal,Linear Algebra 
MIS,6V99,003,,18,11,12,2,1,,2,,,,,,0,,,,,"Sohaee, Nassim","Mittal, Piyush",,,,,nxs045000,nassim sohaee,Special Topics in Management Information Systems 
MATH,2414,004,3,9,2,6,7,2,7,3,2,,4,2,,0,,,,,"Garrett, Bentley T",,,,,,btg032000,bentley garrett,Integral Calculus 
MUSI,1306,003,11,28,2,5,1,,,,,,,,,0,,,,,"Salisbury, Linda J",,,,,,ljs130230,linda salisbury,Understanding Music 
FIN,3340,001,14,17,7,4,2,2,,,1,,,,,0,,,,,"Molina, Stephen",,,,,,sxm163630,stephen molina,Regulation of Business and Financial Markets 
MATH,2414,009,2,3,5,6,5,9,2,7,2,2,,1,3,0,,,,,"Sauter, Alan D",,,,,,ads014500,alan sauter,Integral Calculus 
FIN,3320,008,5,9,5,3,7,6,5,2,4,,1,,,0,,,,,"Peabody, Stephen D","Zhang, Tian",,,,,sdp093020,,Business Finance 
ARHM,2340,001,14,7,,11,8,,4,2,,,,,1,0,,,,,"Grohman, Magdalena G",,,,,,mgg092000,magdalena grohman,Creativity 
MATH,2414,015,2,8,2,1,6,1,6,10,7,1,1,,2,0,,,,,"Anderson, Bill",,,,,,bxa180011,bill anderson,Integral Calculus 
IMS,3310,007,1,12,10,6,2,3,7,6,,,,,,0,,,,,"Qian, Cuili","Liao, Xin",,,,,cxq170330,cuili qian,International Business 
ATCM,2303,005,,12,14,9,10,,,,1,,1,,,0,,,,,"Johnson, Casey A","Enam, Victor J",,,,,caj150430,casey johnson,Project Management for Arts  Technology  and Emerging Communication I 
HMGT,6410,AS1,,47,,,,,,,,,,,,0,,,,,"McCracken, John","Deegan, Michael","Convery, Paul",,,,,john mccracken,
MATH,2413,007,1,,2,2,3,3,9,5,9,3,,1,9,0,,,,,"Alvarado, Iris",,,,,,ila180000,iris alvarado,Differential Calculus 
CS,3162,051,,38,4,1,4,,,,,,,,,0,,,,,"Smith, Klyne","Tian, Zijing",,,,,kxs180052,klyne smith,Professional Responsibility in Computer Science and Software Engineering 
MATH,1325,002,4,5,11,2,3,4,5,6,1,,2,1,3,0,,,,,"Stanford, Paul H",,,,,,phs031000,paul stanford,Applied Calculus I 
EE,3301,501,,6,,,17,,,12,,,8,,4,0,,,,,"Pitz, Jeanne","Taherkhani, Nima","Kumar, Saurabh","Nourmohamadi, Hesam",,,jxp133430,jeanne pitz,Electrical Network Analysis 
FIN,6307,501,,9,7,4,7,10,4,5,,,,,1,0,,,,,"Ma, Liping","Guo, Shujian",,,,,lxm133730,liping ma,Mathematical Methods for Finance 
CS,3345,002,10,7,10,6,4,3,3,3,,,,,1,0,,,,,"Khan, Ziaullah",,,,,,kkhan,ziaullah khan,Data Structures and Introduction to Algorithmic Analysis 
MUSI,1306,502,14,13,7,3,2,3,1,,1,,,,3,0,,,,,"Wilder, James E",,,,,,jew042000,james wilder,Understanding Music 
MECH,1208,302,,,,,,,,,,,,,,0,,,,,"Rios, Oziel","Bay, Joel T","Hatamleh, Mohammad I","Mueller, Matthew W",,,oxr106020,oziel rios,Introduction to Mechanical Engineering II 
MECH,1208,305,,,,,,,,,,,,,,0,,,,,"Fadda, Dani Z","Mueller, Matthew W","Hatamleh, Mohammad I","Bay, Joel T",,,dzf091000,dani fadda,Introduction to Mechanical Engineering II 
BCOM,3200,002,6,6,11,6,8,1,1,1,1,,1,,1,5,,,,,"Bruce, Elizabeth J",,,,,,ejb072000,elizabeth bruce,Introduction to Business and Professional Development 
MATH,1326,001,5,5,5,2,,6,4,4,4,1,2,,5,5,,,,,"Lewis, David L",,,,,,dlewis,,Applied Calculus II 
CS,4348,003,1,8,6,6,8,5,2,2,,1,1,1,2,5,,,,,"Alagar, Sridhar","Guo, Jianxiong",,,,,sxa173731,sridhar alagar,Operating Systems Concepts 
MATH,2414,003,5,4,4,4,3,2,2,5,8,,1,,5,5,,,,,"Duruoha, Adannah",,,,,,axd180037,adannah duruoha,Integral Calculus 
CS,1337,004,,18,,1,14,,,9,,,,,2,4,,,,,"Cole, John",,,,,,jxc064000,john cole,Computer Science I 
ENGR,3300,502,,8,,1,5,,1,10,6,,10,,3,4,,,,,"Lee, Jung S","Zhang, Yunjie",,,,,jls032000,jung lee,Advanced Engineering Mathematics 
MUSI,1306,004,,11,14,7,2,4,2,1,,1,2,,1,2,,1,,,"Palant, Jonathan",,,,,,jxp170230,jonathan palant,Understanding Music 
CS,5348,003,,11,8,8,11,3,,3,,,,,1,3,,,,,"Yen, I-Ling","Zeng, Wenxi",,,,,ilyen,yen i ling,Operating Systems Concepts 
MATH,2414,005,2,6,2,9,5,6,4,2,4,,1,1,3,3,,,,,"Aman, Kelly",,,,,,kxa143530,kelly aman,Integral Calculus 
BMEN,4360,001,,12,,,21,,,6,,,2,,5,2,,,,,"Ware, Taylor H","Arteaga, Alexandra",,,,,thw090020,,Biomaterials and Medical Devices 
FILM,3321,001,5,17,8,11,2,1,1,,1,,,,,0,,2,,,"McLean, Adrienne L",,,,,,amclean,adrienne mclean,Film in Historical Context 
MATH,2413,003,,3,3,6,5,5,3,2,5,3,1,,10,2,,,,,"Martynova, Irina",,,,,,ixm140930,irina martynova,Differential Calculus 
ED,3339,001,16,15,8,4,2,1,,,,,,,,2,,,,,"Nelson, Robert E",,,,,,ren011000,robert nelson,Educational Psychology for Teachers 
FIN,3320,007,2,7,3,2,14,2,1,8,2,1,4,,,2,,,,,"Peabody, Stephen D","Zhang, Tian",,,,,sdp093020,,Business Finance 
OBHR,3310,002,3,9,9,3,10,3,4,4,1,,,,,2,,,,,"Ritchey, David B",,,,,,davidr,david ritchey,Organizational Behavior 
MATH,2413,005,,1,3,3,1,4,2,5,1,8,1,2,15,2,,,,,"Martynova, Irina",,,,,,ixm140930,irina martynova,Differential Calculus 
CS,1136,104,12,9,5,3,2,2,1,2,1,,3,,6,2,,,,,"Vogel, Don G","Perkins, Stephen J",,,,,dgv130030,don vogel,Computer Science Laboratory 
MATH,2413,006,1,,3,2,4,2,4,3,6,1,2,2,16,2,,,,,"Choi, Sl-ghi",,,,,,sxc173731,sl ghi choi,Differential Calculus 
MATH,2414,008,5,4,2,1,5,5,4,4,6,3,,2,5,2,,,,,"Garrett, Bentley T",,,,,,btg032000,bentley garrett,Integral Calculus 
MIS,6308,0W1,,19,6,12,8,1,,,,,,,,2,,,,,"Raghunathan, Srinivasan","Singh, Tajinder",,,,,sraghu,srinivasan raghunathan,System Analysis and Project Management 
MATH,2413,002,2,3,3,6,3,1,4,4,4,2,2,1,12,1,,,,,"Cao, Yan",,,,,,yxc069200,yan cao,Differential Calculus 
SOC,4384,0W1,16,18,6,2,1,2,,1,1,,,,,1,,,,,"Simoni, Zachary","Burger, Charis M",,,,,zrs160030,zachary simoni,Social Epidemiology 
MATH,2413,011,5,2,2,7,4,7,6,1,3,1,2,1,6,1,,,,,"Nguyen, Mylinh T",,,,,,mln018200,mylinh nguyen,Differential Calculus 
MATH,2413,004,2,2,4,6,6,2,5,6,3,2,1,,8,1,,,,,"Martynova, Irina",,,,,,ixm140930,irina martynova,Differential Calculus 
MATH,2414,012,2,6,6,4,1,5,5,3,8,,1,1,5,1,,,,,"Alvarado, Iris",,,,,,ila180000,iris alvarado,Integral Calculus 
ENGR,3341,008,,14,6,9,9,3,5,,,,1,,,1,,,,,"Saquib, Mohammad","Hasan, Md Imrul",,,,,saquib,mohammad saquib,Probability Theory and Statistics 
PSCI,4372,HN1,,47,,,,,,,,,,,,1,,,,,"Daly, John A","Chin, Michelle L",,,,,jad105020,,Advocacy and Politics 
FIN,3320,006,1,4,3,1,14,3,2,7,4,,4,,4,1,,,,,"Peabody, Stephen D","Zhang, Tian",,,,,sdp093020,,Business Finance 
IMS,3310,502,,1,5,6,12,14,5,1,2,,,,1,1,,,,,"Tsang, Wing K","Balaji, Pavithra","Bai, Xiaoou",,,,wkt071000,wing tsang,International Business 
MATH,1325,006,4,5,8,5,3,5,3,4,1,1,,,8,1,,,,,"Li, Changsong",,,,,,cxl109120,changsong li,Applied Calculus I 
MATH,2414,011,3,6,4,9,7,4,5,3,1,1,1,,3,1,,,,,"Nguyen, Mylinh T",,,,,,mln018200,mylinh nguyen,Integral Calculus 
PSCI,4370,HN1,8,35,3,1,,,,,,,,,,1,,,,,"Chin, Michelle L","Harpham, Edward",,,,,mlc140530,,Policy Making Process 
PSCI,4373,HN1,,47,,,,,,,,,,,,1,,,,,"Swerdlow, Joel L","Chin, Michelle L",,,,,jls059000,,Politics of National Memory 
BUAN,6337,003,,13,7,20,7,,,,,,,,,1,,,,,"Murthi, B P","Kamatham, Sriharsha",,,,,murthi,b p murthi,Predictive Analytics Using SAS 
MKT,6301,0W1,,15,5,5,17,5,,,,,,,,1,,,,,"Pahwa, Parneet",,,,,,pxp030100,parneet pahwa,Marketing Management 
SOC,1301,501,,9,8,9,6,4,2,3,2,2,,,2,1,,,,,"Cohen, Galia",,,,,,gxc097120,galia cohen,Introduction to Sociology 
ATCM,2303,004,1,22,11,10,1,1,,,1,,,,,1,,,,,"Oropallo, Kara I","Owens, Samantha L",,,,,kio160030,kara oropallo,Project Management for Arts  Technology  and Emerging Communication I 
MATH,1326,008,12,6,11,5,4,,2,1,2,,,,4,1,,,,,"Foley, Manjula",,,,,,mxf091000,manjula samanmalee foley,Applied Calculus II 
ENTP,6370,501,,11,16,10,8,2,,1,,,,,,0,,,,,"Kimzey, Jackie",,,,,,jxk092000,jackie kimzey,Innovation and Entrepreneurship 
MATH,2312,001,4,5,4,2,8,3,2,6,,3,2,,9,0,,,,,"Aman, Kelly",,,,,,kxa143530,kelly aman,Precalculus 
FIN,3200,501,7,15,8,4,7,1,1,3,,,,,2,0,,,,,"Smallwood, James E",,,,,,jes094020,james smallwood,Introduction to Business and Professional Development 
MATH,1325,005,11,12,12,1,2,3,,1,2,1,,,3,0,,,,,"Li, Changsong",,,,,,cxl109120,changsong li,Applied Calculus I 
BA,3200,001,2,23,11,7,2,2,,,,,,,1,0,,,,,"Smallwood, Margaret G","Wang, Ming",,,,,meg012400,margaret smallwood,Introduction to Business and Professional Development 
BPS,4305,003,7,8,9,7,3,4,2,2,5,,,,1,0,,,,,"Markoczi, Livia",,,,,,lxm055000,livia markoczy,Strategic Management 
OBHR,3310,001,3,10,11,5,8,2,5,3,1,,,,,0,,,,,"Ritchey, David B",,,,,,davidr,david ritchey,Organizational Behavior 
ATCM,2303,003,,20,17,5,3,1,,2,,,,,,0,,,,,"Oropallo, Kara I","Owens, Samantha L","Enam, Victor J",,,,kio160030,kara oropallo,Project Management for Arts  Technology  and Emerging Communication I 
ATCM,2303,002,4,6,10,10,3,8,4,1,1,,,,1,0,,,,,"Salter, Monika","Enam, Victor J","Oropallo, Kara I",,,,mxs176131,monika salter,Project Management for Arts  Technology  and Emerging Communication I 
MKT,4334,001,9,23,8,2,,3,,,2,,,,1,0,,,,,"Johnson, Quincy F",,,,,,qfj061000,quincy johnson,Social Media Marketing 
BLAW,2301,005,,22,11,6,5,,3,1,,,,,,0,,,,,"Sutton, Walter L",,,,,,wls015100,walter sutton,Business and Public Law 
PSY,4328,001,3,5,2,4,5,6,7,6,3,3,3,,1,0,,,,,"Kane, Heidi S",,,,,,hsk140330,heidi kane,Health Psychology 
EE,4368,001,10,18,3,2,6,2,2,3,1,,,,1,0,,,,,"Lehmann, Randall E","Fonseka, Sebastian P",,,,,rel041000,randall lehmann,RF Circuit Design Principles 
BPS,4305,004,5,7,11,5,5,8,4,,2,1,,,,0,,,,,"Markoczi, Livia",,,,,,lxm055000,livia markoczy,Strategic Management 
HIST,1302,008,3,14,5,5,8,3,4,2,,,4,,,0,,,,,"Varghese, Shawn",,,,,,sxv140730,shawn varghese,U S  History Survey from Civil War 
PSY,4372,001,27,20,1,,,,,,,,,,,0,,,,,"Compton, Kristi L",,,,,,klc130130,kristi compton,Forensic Psychology 
ATCM,2303,001,8,17,11,3,4,1,3,,,,,,1,0,,,,,"McCord, Peter A","Owens, Samantha L",,,,,pam062000,peter mccord,Project Management for Arts  Technology  and Emerging Communication I 
OBHR,3330,001,4,11,11,7,5,4,1,3,1,,1,,,0,,,,,"Ritchey, David B",,,,,,davidr,david ritchey,Introduction to Human Resource Management 
IMS,3310,011,3,10,14,7,6,3,1,1,,1,2,,,0,,,,,"Kaur, Vaneet","Woldu, Habte G",,,,,vxk180029,vaneet kaur,International Business 
CS,2305,003,1,,,1,3,1,3,7,4,6,5,2,10,6,,,,,"Ntafos, Simeon",,,,,,ntafos,simeon ntafos,Discrete Mathematics for Computing I 
FIN,3320,003,4,5,7,,5,6,3,5,2,,1,4,2,5,,,,,"Cordell, David M","Abondo Otounga, Tomy Shelby J",,,,,dmc012300,david cordell,Business Finance 
FIN,3320,010,6,3,3,3,1,10,2,4,6,1,2,,3,5,,,,,"Kaur, Dupinderjeet",,,,,,dxk110730,dupinderjeet kaur,Business Finance 
EE,2310,001,18,2,2,2,5,3,3,,1,4,,,5,4,,,,,"Dodge, Nathan B",,,,,,dodge,nathan dodge,Introduction to Digital Systems 
IMS,3310,005,,10,13,7,10,3,2,1,,,1,,,2,,,,,"Zydorek, Hubert","Campos de Castro Ferreira, Leticia",,,,,hxz120930,hubert zydorek,International Business 
OBHR,3330,502,3,8,6,6,5,6,10,3,,,,,,2,,,,,"Takeuchi, Riki","Guo, Nan",,,,,rxt173730,riki takeuchi,Introduction to Human Resource Management 
IMS,3310,009,1,12,,6,13,2,1,8,,2,1,,1,2,,,,,"Henderson, Tom",,,,,,txh093000,tom henderson,International Business 
EPPS,2301,003,10,3,5,3,5,3,1,3,5,1,1,1,6,2,,,,,"Parker, Misty D",,,,,,mxp045000,misty parker,Research Design in the Social and Policy Sciences 
ACCT,6344,0W1,,22,,9,13,2,1,,,,,,,2,,,,,"Gurun, Umit","Gencer, Nur Pinar",,,,,ugg041000,umit gurun,Financial Statement Analysis 
EE,4330,001,5,9,10,10,6,5,,,,,,,3,1,,,,,"Hu, Wenchuang","Liu, Jinbo",,,,,wxh051000,wenchuang hu,Integrated Circuit Technology 
OBHR,3330,004,4,2,8,10,9,1,7,7,,,,,,1,,,,,"Takeuchi, Riki","Guo, Nan",,,,,rxt173730,riki takeuchi,Introduction to Human Resource Management 
IMS,3310,503,,10,,8,6,1,8,5,,3,2,2,3,1,,,,,"Henderson, Tom",,,,,,txh093000,tom henderson,International Business 
NSC,4354,002,7,11,9,6,2,3,6,1,1,,1,,1,1,,,,,"Raboune, Siham",,,,,,sxr180071,siham raboune,Integrative Neuroscience 
SPAU,3301,001,29,16,,1,,1,1,,,,,,,1,,,,,"Aldridge, Michelle A",,,,,,aldridge,michelle aldridge,Communication Disorders 
CS,5333,001,,10,3,7,22,4,1,1,,,,,,1,,,,,"Cobb, Jorge",,,,,,jcobb,jorge cobb,Discrete Structures 
OPRE,6301,002,,15,6,7,9,6,3,1,,,,,1,0,,1,,,"Brussolo, Monica E","Qu, Zihao",,,,,meb049000,monica brussolo,Statistics and Data Analysis 
ACCT,3200,501,9,17,6,8,2,1,,3,,,1,,1,1,,,,,"Smallwood, James E",,,,,,jes094020,james smallwood,Introduction to Business and Professional Development 
MECH,2330,002,2,4,7,2,5,5,1,11,1,1,3,3,3,1,,,,,"Thamban, P.L.Stephan","Garimella, Martand Mayukh",,,,,stephan,p l stephan thamban,Dynamics 
IMS,3310,008,,6,6,10,14,3,2,7,,,,,,1,,,,,"Qian, Cuili","Liao, Xin",,,,,cxq170330,cuili qian,International Business 
IMS,3310,010,,5,11,6,10,10,5,1,,,,,,1,,,,,"Zydorek, Hubert","Campos de Castro Ferreira, Leticia",,,,,hxz120930,hubert zydorek,International Business 
CS,1336,004,2,4,4,6,3,1,3,4,3,1,1,3,13,1,,,,,"Thompson, Laurie A",,,,,,lthomp,laurie thompson,Programming Fundamentals 
MKT,3300,0W1,,15,6,6,13,6,,2,,,,,,0,1,,,,"Pahwa, Parneet",,,,,,pxp030100,parneet pahwa,Principles of Marketing 
MUSI,1306,001,15,15,5,3,2,1,3,2,,,,1,2,0,,,,,"Jones, Eric",,,,,,exj180003,eric jones,Understanding Music 
BUAN,6341,002,,27,16,6,,,,,,,,,,0,,,,,"Sohaee, Nassim","Prasad, Pooja",,,,,nxs045000,nassim sohaee,Applied Machine Learning 
MKT,6301,0W2,,13,11,14,4,5,,2,,,,,,0,,,,,"Biswas, Abhijit","Kulkarni, Chinmayi S","Kumar, Sumeet",,,,axb019100,abhijit biswas,Marketing Management 
MKT,6310,0W1,,20,5,15,6,2,1,,,,,,,0,,,,,"Biswas, Abhijit","Kumar, Sumeet",,,,,axb019100,abhijit biswas,Consumer Behavior 
DANC,1310,001,10,32,4,1,2,,,,,,,,,0,,,,,"Johnson, Melissa A",,,,,,maj140430,melissa johnson,Understanding Dance 
BCOM,3200,001,27,8,4,2,5,1,1,,,,,,1,0,,,,,"Ahlberg, Mehrzad",,,,,,mxa087100,mehrzad ahlberg,Introduction to Business and Professional Development 
MKT,3300,005,3,20,5,10,4,2,2,2,1,,,,,0,,,,,"Corbin, Sonja C",,,,,,scc130530,sonja corbin,Principles of Marketing 
ITSS,4V95,001,38,10,1,,,,,,,,,,,0,,,,,"Khan, Taimur A","Zhu, Wangsheng",,,,,txk123530,taimur khan,Seminar Series in Information Systems 
MKT,4380,001,6,18,20,4,1,,,,,,,,,0,,,,,"Haworth, Julie B",,,,,,haworth,julie haworth,Capstone Course in Marketing 
MKT,3300,004,10,5,8,6,5,13,2,,,,,,,0,,,,,"Pahwa, Parneet","Saremi, Ehsan","Qian, Kun",,,,pxp030100,parneet pahwa,Principles of Marketing 
CS,1337,005,2,15,5,2,10,1,1,8,2,,1,,2,0,,,,,"Simmons, Christopher S",,,,,,css180002,christopher simmons,Computer Science I 
MUSI,1306,002,18,13,7,1,4,2,2,1,1,,,,,0,,,,,"Jones, Eric",,,,,,exj180003,eric jones,Understanding Music 
BUAN,6337,501,,7,14,12,4,8,4,,,,,,,0,,,,,"Tehrani, Shervin S","Jameei Osgouei, Ata","Kasaian, Keyvan",,,,sst180003,shervin tehrani,Predictive Analytics Using SAS 
OB,6301,MBC,,26,22,1,,,,,,,,,,0,,,,,"Hicks, Jeffrey N",,,,,,jnh061000,jeffrey hicks,
ACCT,3322,001,4,11,5,7,10,2,3,2,,,,,5,0,,,,,"Goodrich, Mary Beth W",,,,,,goodrich,mary beth goodrich,Integrated Accounting Information Systems 
THEA,1310,002,38,9,,1,1,,,,,,,,,0,,,,,"Sanders, Christine",,,,,,cxs180032,christine sanders,Understanding Theatre 
ACCT,6202,MBC,,22,8,6,5,4,4,,,,,,,0,,,,,"Janakiraman, Surya","He, Jiapeng",,,,,suryaj,surya janakiraman,
OBHR,3310,501,,23,14,7,3,2,,,,,,,,0,,,,,"Hicks, Jeffrey N",,,,,,jnh061000,jeffrey hicks,Organizational Behavior 
MKT,3300,003,10,10,8,9,5,6,1,,,,,,,0,,,,,"Pahwa, Parneet","Saremi, Ehsan","Qian, Kun",,,,pxp030100,parneet pahwa,Principles of Marketing 
CE,4370,001,,4,6,7,14,8,9,1,,,,,,0,,,,,"Carrion Schaefer, Benjamin","Nguyen, Van Thuan",,,,,bxc162630,benjamin carrion schaefer,Embedded Microprocessor Systems 
OBHR,3330,002,11,10,14,9,1,1,1,2,,,,,,0,,,,,"Ritchey, David B",,,,,,davidr,david ritchey,Introduction to Human Resource Management 
ITSS,3200,001,21,17,5,3,,1,,1,,,,,1,0,,,,,"Fry, Jennifer L",,,,,,jlf130030,jennifer fry,Introduction to Business and Professional Development 
IMS,3310,006,,14,4,9,13,3,2,3,1,,,,,0,,,,,"Zydorek, Hubert","Campos de Castro Ferreira, Leticia",,,,,hxz120930,hubert zydorek,International Business 
ACCT,4340,001,17,12,6,9,2,,1,,1,,1,,,0,,,,,"Johnson, Jennifer","Farooqi, Shan A",,,,,jxj091000,jennifer johnson,Survey of Accounting Software 
MUSI,1306,005,9,23,5,9,2,,,1,,,,,,0,,,,,"Salisbury, Linda J",,,,,,ljs130230,linda salisbury,Understanding Music 
GEOS,1303,501,3,3,4,5,5,7,3,5,5,1,5,1,2,0,,,,,"Griffin, William R","Sink, Katharine O",,,,,griffin,william griffin,Physical Geology 
THEA,1310,001,6,26,5,4,1,,2,2,,1,,,2,0,,,,,"Ketchum, Mary A",,,,,,mak180021,mary ketchum,Understanding Theatre 
IMS,3310,001,,1,8,6,19,14,,1,,,,,,0,,,,,"Tsang, Wing K","Bai, Xiaoou","Balaji, Pavithra",,,,wkt071000,wing tsang,International Business 
OPRE,6302,MBC,,13,16,9,7,4,,,,,,,,0,,,,,"Rajamani, Divakar","Hosseinabadi Farahani, Mehdi",,,,,dxr020100,divakar rajamani,
ITSS,4330,002,41,5,2,,1,,,,,,,,,0,,,,,"Khan, Taimur A","Zhu, Wangsheng",,,,,txk123530,taimur khan,Systems Analysis and Design 
FIN,6301,0W1,,13,,2,12,3,,5,,,,,8,7,,,,,"Day, Theodore",,,,,,tday,theodore day,Financial Management 
CS,4384,001,7,3,6,4,12,3,3,3,1,1,1,,,6,,,,,"Huynh, Dung T","Mohammadpour, Somayeh",,,,,huynh,dung huynh,Automata Theory 
ENTP,4340,501,3,8,8,10,8,4,3,,,,,,,6,,,,,"Miller, Toyah L","Welbourne Eleazar, Miranda J",,,,,tlm140330,toyah miller,Social Sector Engagement and Community Outreach 
AHST,3315,001,11,7,3,4,5,1,7,3,,1,,1,4,3,,,,,"Goode, Dianne H",,,,,,dgoode,dianne goode,The Art of the Renaissance 
CS,1336,005,8,12,3,4,3,2,2,6,1,,2,1,3,3,,,,,"Narayanasami, Priya",,,,,,pxn173330,priya narayanasami,Programming Fundamentals 
ENGR,2300,006,5,8,12,8,4,2,2,1,1,,1,,3,3,,,,,"Webb, Jennifer H","Vankayalapati, Bhanu Teja",,,,,jhw170130,jennifer webb,Linear Algebra for Engineers 
IMS,6204,0W1,,8,13,18,7,1,,1,,,,,,2,,,,,"Woldu, Habte G","Dakshinamoorthy, Sowmika",,,,,wolduh,habte woldu,Global Business 
GEOS,2310,001,1,18,5,4,7,4,2,2,2,1,2,,1,1,,,,,"Brikowski, Tom","Peiris, Inoka M","Nichols, Naomi Ty Asha P",,,,brikowi,tom brikowski,Environmental Geology 
CS,5343,502,,21,6,7,7,3,1,1,,,,,3,1,,,,,"Gupta, Neeraj K",,,,,,nkg140130,neeraj gupta,
MIS,6204,0W1,,13,,,26,,,10,,,,,1,0,,,,,"Sarkar, Sumit","Srivastava, Smriti",,,,,sumit,sumit sarkar,Information Technology for Management 
COMD,7301,501,,50,,,,,,,,,,,,0,,,,,"Rich, Judith B",,,,,,jbm014600,,Public School Methods 
ITSS,4370,0W1,12,11,6,9,11,1,,,,,,,,0,,,,,"Majumdar, Sumit K","Mehta, Sameer",,,,,skm021100,sumit majumdar,Information Technology Infrastructure Management 
CS,1136,102,22,10,2,2,4,,2,2,1,,2,,3,0,,,,,"Vogel, Don G","Perkins, Stephen J",,,,,dgv130030,don vogel,Computer Science Laboratory 
CS,4301,002,,28,2,,12,,,5,,,1,,2,0,,,,,"Cole, John","Shahbazi, Nima",,,,,jxc064000,john cole,Special Topics in Computer Science 
OB,6301,0W2,,39,,,9,,,1,,,,,1,0,,,,,"Hasenhuttl, Maria","Kim, Kyun",,,,,h1562,maria hasenhuttl,Organizational Behavior 
HMGT,4321,501,,29,5,5,7,1,1,1,1,,,,,0,,,,,"Moonesinghe, Mark S",,,,,,msm160030,mark moonesinghe,Introduction to Healthcare Information Systems 
CS,1325,003,6,2,2,4,1,3,2,5,6,,3,1,10,6,,,,,"Shields, Charles O",,,,,,cshields,charles shields,Introduction to Programming 
ACCT,6301,501,,22,,1,22,,,4,,,,,,2,,,,,"Karnuta, Daniel","Keogh, Reagan D",,,,,dxk173030,daniel karnuta,Financial Accounting 
CS,6364,501,,20,11,12,2,2,,,,,,,2,2,,,,,"Min, Richard K","Dakle, Parag Pravin",,,,,rkm010300,richard min,Artificial Intelligence 
MIS,6326,001,,20,7,8,12,,,3,,,,,,1,,,,,"Ryu, Young",,,,,,ryoung,young ryu,Data Management 
SE,4352,001,8,7,13,7,6,1,,5,,1,1,,1,0,,1,,,"Christiansen, Michael G","Torabi, Behnam",,,,,mgc013000,michael christiansen,Software Architecture and Design 
ITSS,4360,001,4,4,6,20,10,4,,2,1,,,,,0,,,,,"Thirumalai, Nambi","Gungor, Ahmet B",,,,,ndt180001,nambi thirumalai,Network and Information Security 
CS,1336,002,2,7,5,4,9,5,6,4,2,1,1,2,3,0,,,,,"Alagar, Sridhar",,,,,,sxa173731,sridhar alagar,Programming Fundamentals 
OB,6301,0W1,,46,,,4,,,1,,,,,,0,,,,,"Hasenhuttl, Maria","Kim, Kyun",,,,,h1562,maria hasenhuttl,Organizational Behavior 
MECO,6303,0W1,,14,7,20,4,4,1,,,,,,1,0,,,,,"Lewin, Peter","Ogunjobi, Olufunke A",,,,,plewin,peter lewin,Business Economics 
FIN,3390,002,5,9,,8,4,6,5,4,4,,,3,3,0,,,,,"El-Ashmawi, Amal H","Altammam, Ali A",,,,,ahe013000,amal el ashmawi,Introduction to Financial Modeling 
SE,4351,001,5,23,13,2,6,1,,1,,,,,,0,,,,,"Smith, Klyne","Wang, Haoliang",,,,,kxs180052,klyne smith,Requirements Engineering 
CS,1325,001,2,3,5,6,3,6,3,4,8,2,2,1,4,3,,,,,"Shields, Charles O",,,,,,cshields,charles shields,Introduction to Programming 
CS,1336,503,,8,3,3,6,2,2,5,3,6,3,1,8,2,,,,,"Shields, Charles O",,,,,,cshields,charles shields,Programming Fundamentals 
HMGT,3301,002,4,25,6,6,2,2,1,3,,,,,1,2,,,,,"Berrett, Britt R","Janakiraman, Sreenath",,,,,brb051000,britt berret,Introduction to Healthcare Management 
BPS,4305,0W1,,8,,7,21,,5,4,,1,4,,1,1,,,,,"Chasteen, Larry H","Bai, Xiaoou",,,,,chasteen,larry chasteen,Strategic Management 
EE,3320,002,3,4,5,2,4,4,3,4,9,2,5,1,5,1,,,,,"Khoobroo, Amir","Goswami, Pingakshya",,,,,axk144831,amir khoobroo,Digital Circuits 
OPRE,3320,001,,18,,16,11,,1,1,,1,,,3,1,,,,,"Mozik, Vince C",,,,,,vcm170130,vince mozik,Supply Chain Management 
ACCT,6373,501,,42,,,10,,,,,,,,,0,,,,,"Karnuta, Daniel","Keogh, Reagan D",,,,,dxk173030,daniel karnuta,Advanced External Auditing 
CS,3162,551,4,42,,1,3,,,2,,,,,,0,,,,,"DeGroot, Doug",,,,,,dxd180020,doug degroot,Professional Responsibility in Computer Science and Software Engineering 
MIS,6319,501,,31,,,20,,,1,,,,,,0,,,,,"Thompson, Luell O","Pearam, Swetha S",,,,,lot013000,luell thompson,Enterprise Resource Planning 
OPRE,6367,001,,52,,,,,,,,,,,,0,,,,,"Parks, David",,,,,,dxp153830,david parks,Capstone Projects in Supply Chain Management 
MIS,6380,002,,9,13,8,7,12,3,,,,,,,0,,,,,"Bradbury, Judd D","Kulkarni, Aniket S","Muntha, Sainath",,,,jdb101000,judd bradbury,Data Visualization 
OBHR,4354,001,4,16,17,8,4,,2,,,,,,1,0,,,,,"Meda, Edward","Tsai, Lin",,,,,exm150330,edward meda,Leading Organizational Change 
FIN,3390,001,6,6,,9,4,6,6,4,3,,3,2,3,0,,,,,"El-Ashmawi, Amal H","Altammam, Ali A",,,,,ahe013000,amal el ashmawi,Introduction to Financial Modeling 
PSCI,4396,002,7,19,7,10,4,,2,,1,,,,2,0,,,,,"Boots, Denise P","Saucedo De La Fuente, David",,,,,dpb062000,denise boots,Selected Topics in Government and Politics 
CS,1337,013,13,10,10,3,2,2,1,1,1,,1,,3,6,,,,,"Vogel, Don G",,,,,,dgv130030,don vogel,Computer Science I 
EE,3302,002,1,4,1,6,5,2,9,8,5,,6,,3,3,,,,,"Kehtarnavaz, Nasser","Wei, Haoran",,,,,nxk019000,nasser kehtarnavaz,Signals and Systems 
ENGR,3341,002,,11,10,8,11,5,3,1,1,,2,,,1,,,,,"Saquib, Mohammad","Hasan, Md Imrul",,,,,saquib,mohammad saquib,Probability Theory and Statistics 
CS,4341,003,,7,,,15,,,20,,,3,,7,1,,,,,"Goodrum, Richard A",,,,,,rag150330,richard goodrum,Digital Logic and Computer Design 
ACCT,6335,PP2,,37,11,4,1,,,,,,,,,0,,,,,"Bortz, Tiffany A","Sarman, Patrick R",,,,,tabortz,tiffany bortz,Ethics for Professional Accountants 
ACCT,6353,PP2,,9,26,12,6,,,,,,,,,0,,,,,"Solcher, Steven J","Keogh, Reagan D",,,,,sjs107020,steven solcher,Fundamentals of Taxation II 
BUAN,6346,001,,13,16,6,10,6,,1,,,,,1,0,,,,,"Bradbury, Judd D","Kulkarni, Aniket S","Muntha, Sainath",,,,jdb101000,judd bradbury,Big Data 
MIS,6344,001,,19,8,14,7,5,,,,,,,,0,,,,,"Mehra, Amit","Agarwala, Neeraj",,,,,axm078200,amit mehra,Web Analytics 
BUAN,6337,002,,8,16,8,9,8,4,,,,,,,0,,,,,"Tehrani, Shervin S","Jameei Osgouei, Ata","Kasaian, Keyvan",,,,sst180003,shervin tehrani,Predictive Analytics Using SAS 
CS,3345,003,2,10,17,14,6,2,,,,,,,2,0,,,,,"Chida, Anjum",,,,,,axc157030,anjum chida,Data Structures and Introduction to Algorithmic Analysis 
HLTH,4305,002,,3,9,12,7,5,9,3,2,1,,,1,2,,,,,"Stark, Azadeh T",,,,,,ats160030,azadeh stark,Public Health 
CS,3345,001,2,8,12,5,7,6,7,2,1,,,,2,0,,,,,"Ozbirn, Greg A",,,,,,ozbirn,greg ozbirn,Data Structures and Introduction to Algorithmic Analysis 
OPRE,6301,0W1,,13,8,12,6,9,2,1,,,,,1,2,,,,,"Leach, Sonia E","Zhang, Wen",,,,,sel120030,sonia leach,Statistics and Data Analysis 
MKT,6301,501,,7,5,15,17,1,5,2,,,,,,2,,,,,"Bruce, Norris I","Roshangarzadeh, Reza","Kumar, Sumeet",,,,nxb018100,norris bruce,Marketing Management 
ACCT,4342,PP2,7,10,11,17,2,4,,1,,1,,,,1,,,,,"Johnson, Jennifer","Farooqi, Shan A",,,,,jxj091000,jennifer johnson,Analysis and Design of Accounting Systems 
ITSS,4351,001,,9,9,8,12,7,1,5,,1,,1,,1,,,,,"Shekhar, Gaurav","Agrawal, Pulkit",,,,,gxs150130,gaurav shekhar,Foundations of Business Intelligence 
ENGR,3341,006,9,12,3,3,4,6,4,1,3,,,,8,1,,,,,"Myers, Kathleen","Winter, Patrick M","Quayum, Ayon",,,,kxm156530,kathleen myers,Probability Theory and Statistics 
MIS,6344,003,,18,12,8,9,5,,1,,,,,,1,,,,,"Mehra, Amit","Agarwala, Neeraj",,,,,axm078200,amit mehra,Web Analytics 
MECO,6303,501,,4,21,6,7,6,5,4,,,,,,0,,,,,"Kiser, Stephen L",,,,,,slk012100,stephen kiser,Business Economics 
MIS,6330,501,,35,9,7,2,,,,,,,,,0,,,,,"Howe, Nate","Choudhary, Aarzoo",,,,,nxh141030,nate howe,Information Technology Security 
OB,6301,001,,46,,,5,,,1,,,,,1,1,,,,,"Hasenhuttl, Maria",,,,,,h1562,maria hasenhuttl,Organizational Behavior 
ATCM,2305,001,21,17,5,2,3,2,1,1,1,,,,1,0,,,,,"Fechter, Todd A","Jennings, Christopher M",,,,,taf051000,todd fechter,Computer Animation Processes 
BMEN,3315,501,3,19,5,5,9,1,1,8,2,,,,1,0,,,,,"Cogan, Stuart","Chakraborty, Bitan",,,,,sxc149830,stuart cogan,Thermodynamics and Physical Chemistry in Biomedical Engineering 
CLDP,3305,001,,40,,,13,,,1,,,,,,0,,,,,"Touchstone, Emily W","Thomas, Abbey L",,,,,exw010200,emily touchstone,Language and Literacy Development 
OPRE,6332,501,,23,8,8,4,5,3,1,,,,,2,0,,,,,"Ramanathan, Kannan","Li, Changpei","Chou, Cheng-Chih",,,,kxr087000,kannan ramanathan,Spreadsheet Modeling and Analytics 
CLDP,3303,001,3,17,,5,11,1,2,9,,1,1,,2,3,,,,,"Maguire, Mandy","Yuan, Haiying",,,,,mjm053000,mandy maguire,Normal Language Development 
OPRE,3333,501,7,9,5,8,2,6,2,4,8,,,,1,3,,,,,"Ahadi, Khatereh","Egbedi, Jeffrey C",,,,,kxa180010,khatereh ahadi,Quantitative Business Analysis 
CS,4337,501,7,13,15,4,5,4,2,,,2,,,2,1,,,,,"McMahan, Timothy","Desai, Takshak",,,,,txm173230,timothy mcmahan,Organization of Programming Languages 
EESC,6395,001,,34,15,3,2,,,,,,,,,1,,,,,"Tamil, Lakshman",,,,,,laxman,lakshman tamil,Wireless Sensor Systems and Networks 
ENGR,3341,003,,14,2,2,12,5,,11,2,,3,,3,1,,,,,"Gelb, Lev D","Noor Shoudha, Shamman",,,,,ldg102020,lev gelb,Probability Theory and Statistics 
CRIM,3302,001,1,15,11,6,7,3,4,3,2,1,1,,,1,,,,,"Leeper Piquero, Nicole","Derlic, Dragana",,,,,nxl112230,nicole piquero,Advanced Criminology 
OPRE,3360,009,7,5,6,7,9,7,2,6,,1,3,,1,1,,,,,"Toptal, Aysegul","Farajbakhsh Mamaghani, Fariba",,,,,axt083100,aysegul toptal,Managerial Methods in Decision Making Under Uncertainty 
OPRE,3310,004,6,14,1,2,21,,,7,,,,,3,1,,,,,"Kohankie, Robert W",,,,,,rwk130030,robert kohankie,Operations Management 
ITSS,3311,002,18,14,8,8,4,,1,1,,,,1,,0,,,,,"Tunc, Murat M",,,,,,mmt150230,murat tunc,Introduction to Programming 
CS,3360,002,13,6,11,8,6,3,,,4,,2,,2,0,,,,,"Feng, Ranran","Zhang, Chenxu","Vellingiri, Shanthi",,,,rxf090020,ranran feng,Computer Graphics for Artists and Designers 
UTD,EXCM,001,,,,,,,,,,,,,,0,,,,,,,,,,,,,
ENGR,3300,007,,3,5,1,11,6,,15,6,,3,1,2,3,,,,,"Florence, James M","Gandluru, Veerabharathchandrareddy",,,,,jmf130530,james florence,Advanced Engineering Mathematics 
CS,3377,0W1,,12,8,5,8,10,,1,1,,3,,5,3,,,,,"Nguyen, Nhut",,,,,,nhutnn,nhut nguyen,C C  Programming in a UNIX Environment 
ENGR,3300,005,11,3,,1,4,4,1,4,9,,1,5,11,2,,,,,"Saad, Ricardo E","Tokgoz, Serkan","Samadian, Azadeh",,,,rsaad,ricardo saad,Advanced Engineering Mathematics 
ENGR,3341,007,2,4,6,5,5,5,3,6,4,3,6,2,3,2,,,,,"Myers, Kathleen","Winter, Patrick M","Quayum, Ayon",,,,kxm156530,kathleen myers,Probability Theory and Statistics 
ENGR,3341,001,,10,2,3,11,5,,12,4,2,4,,1,2,,,,,"Gelb, Lev D","Noor Shoudha, Shamman",,,,,ldg102020,lev gelb,Probability Theory and Statistics 
HLTH,4306,001,2,6,8,,9,5,9,2,7,2,1,1,3,1,,,,,"Savard, Ryan R",,,,,,rrs170330,ryan savard,Health and Sport 
BMEN,4V95,003,5,5,6,5,8,5,5,1,4,,4,4,3,1,,,,,"Ardestani Khoubrouy, Soudeh","Hedden, Brian",,,,,sxa074200,soudeh khoubrouy,Undergraduate Topics in Biomedical Engineering 
MECH,2320,002,1,9,10,10,10,10,2,1,,,,,2,1,,,,,"Ryu, III","Nguyen, Cuong P",,,,,ixr161130,,Mechanics of Materials 
CS,1134,102,39,4,1,3,,,1,2,,1,,,4,1,,,,,"Doore, Karen L",,,,,,kld054000,karen doore,Computer Science Laboratory 
MKT,3300,012,,11,3,12,9,3,3,7,3,1,1,3,,0,,,,,"Wu, Fang","Qian, Kun",,,,,fxw052000,fang wu,Principles of Marketing 
CS,3354,001,,26,8,7,10,,4,,,,,,1,0,,,,,"Cankaya, Ebru C","Wang, Xiaoyu",,,,,exc067000,ebru cankaya,Software Engineering 
ITSS,4360,501,4,12,11,14,6,6,2,1,,,,,,0,,,,,"Howe, Nate","Choudhary, Aarzoo",,,,,nxh141030,nate howe,Network and Information Security 
EE,4310,001,,18,,5,15,4,3,4,2,,1,,4,0,,,,,"Skinner, Neal G","Zhang, Yujie","Qiu, Yuning",,,,skinner,neal skinner,Systems and Controls 
FIN,6325,001,,23,10,12,11,,,,,,,,,0,,,,,"Xia, Han (Victor)",,,,,,hxx110930,han xia,Macroeconomics and Financial Markets 
BUAN,6340,003,,27,10,12,7,,,,,,,,,0,,,,,"Ge, Ling","Panthagani, Phanindra",,,,,lxg180006,,Programming for Data Science 
CS,3354,004,33,17,2,,2,,1,1,,,,,,0,,,,,"Cankaya, Ebru C","Ashtiani, Omeed E",,,,,exc067000,ebru cankaya,Software Engineering 
SE,3306,001,28,10,3,2,4,1,1,1,,,1,,3,3,,,,,"Belavadi, Vibha Chandramouli",,,,,,vxb141530,,Mathematical Foundations of Software Engineering 
BIOL,3370,001,10,14,6,8,5,6,2,1,1,,1,,1,2,,,,,"Hill, Brenna R",,,,,,brh140230,brenna hill,Exercise Physiology 
MKT,3300,001,,7,3,4,10,11,5,8,4,1,1,,1,2,,,,,"Wu, Fang","Qian, Kun","Roshangarzadeh, Reza",,,,fxw052000,fang wu,Principles of Marketing 
MATH,3310,002,12,13,6,5,4,4,4,3,2,,1,1,1,1,,,,,"Dabkowska, Malgorzata A","Burnett, Joseph V",,,,,mxd066000,malgorzata dabkowska,Theoretical Concepts of Calculus 
EE,3320,001,2,12,13,9,4,3,6,1,2,2,,,2,1,,,,,"Bhatia, Dinesh","Shahshahani, Masoud",,,,,dinesh,dinesh bhatia,Digital Circuits 
ITSS,3300,501,4,24,10,4,4,3,1,1,,,,,5,1,,,,,"Fuller, Tony F","Tang, Ping",,,,,tff170130,tony fuller,Information Technology for Business 
COMD,6240,001,,57,,,,,,,,,,,,0,,,,,"Touchstone, Emily W",,,,,,exw010200,emily touchstone,Professional Issues in Speech Language Pathology 
MKT,3340,501,4,22,11,6,6,3,2,3,,,,,,0,,,,,"Hudelot, Loretta F",,,,,,lfh170000,loretta hudelot,Marketing Research 
CS,3340,002,5,7,8,7,5,5,6,6,3,3,,1,1,0,,,,,"Mazidi, Karen J",,,,,,kjm160430,karen mazidi,Computer Architecture 
MATH,3379,001,3,12,8,7,8,2,3,3,2,3,2,,4,0,,,,,"Hooshyar, Mohammad","Dabkowski, Mieczyslaw K",,,,,ali,mohammad hooshyar,Complex Variables 
MECH,3350,001,,11,7,7,10,9,5,5,3,,,,,0,,,,,"Park, Wooram","Yu, Haoliang","Park, Sungju",,,,wxp103020,wooram park,Kinematics and Dynamics of Mechanical Systems 
MIS,6380,001,,10,12,6,17,7,2,3,,,,,,0,,,,,"Bradbury, Judd D","Kulkarni, Aniket S","Muntha, Sainath",,,,jdb101000,judd bradbury,Data Visualization 
HMGT,3301,003,14,23,5,4,5,3,,2,1,,,,,0,,,,,"Walton, James W",,,,,,jww160330,james walton,Introduction to Healthcare Management 
MECH,3310,001,8,5,7,15,13,1,3,2,,,1,,2,0,,,,,"Ouyang, Hui","Sarma, Jyotirmoy",,,,,hxo150330,hui ouyang,Thermodynamics 
ACCT,3101,PPA,,,,,,,,,,,,,,1,57,,,,"Bortz, Tiffany A","Sarman, Patrick R",,,,,tabortz,tiffany bortz,Professional Program in Accounting Lyceum 
OPRE,3310,501,1,6,5,2,6,4,5,12,4,1,6,1,,5,,,,,"Kuo, Ching-Chung","Takasi, Venkanna Dora Goutham",,,,,cxk162830,,Operations Management 
HLTH,1322,0W1,,8,7,6,10,8,1,5,2,,4,,3,3,1,,,,"Day, Lora N",,,,,,lnd092000,lora day,Human Nutrition 
HMGT,3301,001,,11,17,6,6,6,4,2,,1,1,,1,3,,,,,"Fleming, Forney F","Khelani, Tarun M",,,,,fwf081000,forney fleming,Introduction to Healthcare Management 
ITSS,3300,008,4,18,5,5,3,4,4,1,,2,,1,9,2,,,,,"Hansen, Atanas Y","Zhu, Wangsheng",,,,,ayt061000,atanas hansen,Information Technology for Business 
CS,1337,012,23,8,9,1,8,4,,1,1,1,,,,2,,,,,"McMahan, Timothy",,,,,,txm173230,timothy mcmahan,Computer Science I 
BUAN,6398,001,,18,1,9,23,1,,5,,,,,,1,,,,,"Alimirzaei, Athena","Seripalli, Dilip Kumar",,,,,axa134231,athena alimirzaei,Prescriptive Analytics 
BUAN,6337,004,,20,1,5,24,,,7,,,,,,1,,,,,"Grigsby, Mike",,,,,,mxg153330,mike grigsby,Predictive Analytics Using SAS 
CS,1334,002,3,17,4,7,13,1,2,3,,1,1,,5,1,,,,,"Arnold, Gordon L",,,,,,gxa120930,gordon arnold,Programming Fundamentals for Non-Majors 
OBHR,3310,006,22,21,7,6,,1,,,,,,,,1,,,,,"Boncoeur, Olivier D",,,,,,odb160030,,Organizational Behavior 
CS,6360,003,,14,19,9,11,3,1,,,,,,,1,,,,,"Davis, Chris I","Karki, Dipendra",,,,,cid021000,chris davis,Database Design 
IMS,3310,013,,7,2,3,12,15,3,14,,,,,1,1,,,,,"Qian, Cuili","Liao, Xin",,,,,cxq170330,cuili qian,International Business 
CS,4347,005,7,24,13,5,3,1,2,1,,,,,1,1,,,,,"Wu, Wei L","Ghosh, Smita",,,,,wxw020100,weili wu,Database Systems 
CS,6363,003,,23,9,25,1,,,,,,,,,0,,,,,"Bereg, Sergey","Dong, Zheng",,,,,sxb027100,sergey bereg,Design and Analysis of Computer Algorithms 
BUAN,6398,003,,25,1,9,16,1,2,4,,,,,,0,,,,,"Alimirzaei, Athena","Seripalli, Dilip Kumar",,,,,axa134231,athena alimirzaei,Prescriptive Analytics 
CE,4348,001,,10,,,34,,,14,,,,,,0,,,,,"Goodrum, Richard A","Yu, Xinyue","Chappidi, Sruthi",,,,rag150330,richard goodrum,Operating Systems Concepts 
ACCT,3341,001,5,8,14,11,7,7,1,4,,,1,,,0,,,,,"Sadka, Gil","Chu, Yu Fang","Fan, Zhongwen",,,,gxs143630,gil sadka,Cost Management Systems 
CS,3345,501,8,8,4,5,8,6,16,,2,,,,1,0,,,,,"Khan, Ziaullah",,,,,,kkhan,ziaullah khan,Data Structures and Introduction to Algorithmic Analysis 
MKT,6352,001,,26,7,8,13,4,,,,,,,,0,,,,,"Tirone, Guido",,,,,,gxt170001,guido tirone,Marketing Web Analytics and Insights 
CS,2336,501,17,8,11,14,2,3,2,,1,,,,,0,,,,,"Khan, Ziaullah",,,,,,kkhan,ziaullah khan,Computer Science II 
FIN,6360,001,,9,8,14,26,1,,,,,,,,0,,,,,"Zhao, Feng","Lee, Pil-Seng",,,,,fxz082000,feng zhao,Derivatives Markets 
SOC,3325,0W1,18,24,,6,7,,1,1,,,,,1,0,,,,,"Malek-Ahmadi, John H",,,,,,jhm110020,john malek ahmadi,Race and Ethnicity 
MECH,2310,001,,2,3,3,13,5,4,12,1,1,3,,11,0,,,,,"Blanchard, Andrew","Gleason, Glenn H",,,,,ablanch,,Statics 
BUAN,6312,001,,8,11,11,11,13,3,,,,,,1,0,,,,,"Blueshtein, Moran","Oyima-Antseleve, Ndackyssa",,,,,mxb135230,moran blueshtein,Applied Econometrics and Time Series Analysis 
FIN,3320,014,1,8,7,3,10,2,1,17,3,,3,,1,3,,,,,"Manzi, Jeff",,,,,,jxm158130,jeffrey manzi,Business Finance 
CS,2336,004,23,4,5,3,2,1,1,2,2,2,2,,9,3,,,,,"Nouroz Borazjany, Mehra",,,,,,mxn143230,mehra borazjany,Computer Science II 
ACCT,2302,006,6,5,3,10,8,5,,13,,1,4,2,,2,,,,,"Dai, Zhonglan","Li, Chenchen",,,,,zxd051000,zhonglan dai,Introductory Management Accounting 
MKT,3320,001,1,12,17,7,3,7,2,,1,,1,1,5,2,,,,,"Haworth, Julie B",,,,,,haworth,julie haworth,Product and Brand Management 
FIN,3320,004,6,4,9,5,9,7,10,2,,2,1,2,,2,,,,,"Rupp, Anin D",,,,,,adr150030,anin rupp,Business Finance 
FIN,3320,009,1,9,2,4,11,4,5,7,5,2,2,2,3,2,,,,,"Ma, Liping","Guo, Shujian",,,,,lxm133730,liping ma,Business Finance 
HMGT,3301,004,6,28,9,7,4,2,,1,,,,,,2,,,,,"Berrett, Britt R","Janakiraman, Sreenath",,,,,brb051000,britt berret,Introduction to Healthcare Management 
CS,3305,003,13,8,4,1,10,5,2,9,2,1,1,,2,1,,,,,"Feng, Ranran",,,,,,rxf090020,ranran feng,Discrete Mathematics for Computing II 
FIN,3320,013,,9,1,2,10,6,1,20,1,1,2,2,3,1,,,,,"Manzi, Jeff",,,,,,jxm158130,jeffrey manzi,Business Finance 
CRIM,3312,001,3,8,9,7,10,1,7,7,3,1,2,,,1,,,,,"Jacobs, Bruce A",,,,,,baj034000,bruce jacobs,Drugs and Crime 
OBHR,3330,501,4,7,4,,17,10,6,5,1,,,,4,1,,,,,"Weekley, Jeff A","Wijewardana, Galuge Hansani M",,,,,jaw160330,jeff weekley,Introduction to Human Resource Management 
CS,4348,001,3,6,9,6,7,11,4,4,3,2,1,1,1,1,,,,,"Ozbirn, Greg A","Mi, Feng",,,,,ozbirn,greg ozbirn,Operating Systems Concepts 
MATH,2419,005,2,2,3,3,5,3,5,4,17,2,3,,9,1,,,,,"Eydelzon, Anatoly",,,,,,axe031000,anatoly eydelzon,Calculus II 
FIN,3320,001,8,4,9,4,10,7,4,4,1,4,1,1,1,1,,,,,"Murray, Jennifer R",,,,,,jrm160330,jennifer murray,Business Finance 
MATH,2419,007,,4,3,3,4,10,3,6,9,1,1,1,13,1,,,,,"Eydelzon, Anatoly",,,,,,axe031000,anatoly eydelzon,Calculus II 
CS,1136,101,32,8,3,2,5,1,1,1,,,4,,1,1,,,,,"Vogel, Don G","Perkins, Stephen J",,,,,dgv130030,don vogel,Computer Science Laboratory 
MECH,4380,001,2,6,7,11,16,6,3,2,3,1,1,,,1,,,,,"Hassanipour, Fatemeh","Azarnoosh, Jamasp",,,,,fxh091000,fatemeh hassanipour,HVAC Systems 
FIN,4310,001,2,9,8,7,9,9,10,,3,1,,,1,0,,,,,"Anderson, Frank W",,,,,,fwa012000,,Intermediate Financial Management 
FIN,3330,002,8,25,,7,11,,3,1,,1,2,,1,0,,,,,"Chapman, Juliann G","Kim, Kyuri",,,,,jgc160130,juliann chapman,Personal Financial Planning 
ITSS,3300,502,,39,6,5,4,1,1,2,,,,,1,0,,,,,"Owens, Sean M","Luo, Ning",,,,,smo150330,sean owens,Information Technology for Business 
HMGT,3310,501,17,14,16,4,4,1,,1,,2,,,,0,,,,,"Tesmer, Kristin M",,,,,,kmj063000,kristin tesmer,Healthcare Regulatory Environment 
CS,4390,003,3,2,5,8,7,12,7,6,2,2,3,,2,0,,,,,"Le, Khiem V","Zhou, Shuang",,,,,kvl140030,khiem le,Computer Networks 
OBHR,3330,003,9,17,11,13,3,3,,,1,,,,2,0,,,,,"Meda, Edward","Tsai, Lin",,,,,exm150330,edward meda,Introduction to Human Resource Management 
OBHR,3330,005,2,5,9,9,17,7,4,3,1,1,,,1,0,,,,,"Weekley, Jeff A","Wijewardana, Galuge Hansani M",,,,,jaw160330,jeff weekley,Introduction to Human Resource Management 
MKT,3300,006,4,16,8,12,10,,6,3,,,,,,0,,,,,"Pacyna, Sandra",,,,,,sxp158130,sandra pacyna,Principles of Marketing 
CS,4347,006,2,21,7,5,14,4,2,2,1,,1,,,0,,,,,"Kumar, Pushpa S","Lu, Jing",,,,,pkumar,pushpa kumar,Database Systems 
FIN,3320,016,1,3,2,2,11,5,6,10,6,3,3,,4,4,,,,,"Murray, Jennifer R",,,,,,jrm160330,jennifer murray,Business Finance 
PSCI,4314,001,2,13,11,10,8,4,3,4,1,,,,1,3,,,,,"Ho, Karl",,,,,,kxh022100,karl ho,Political Economy of East Asia 
CS,3305,006,,14,8,8,8,7,3,2,,3,,,4,3,,,,,"Ishigaki, Genya","Salazar, Elmer E",,,,,gxi160230,genya ishigaki,Discrete Mathematics for Computing II 
STAT,3355,001,8,18,6,3,8,3,2,3,,,,,6,3,,,,,"Ammann, Larry",,,,,,ammann,larry ammann,Data Analysis for Statisticians and Actuaries 
OPRE,3333,003,15,5,3,5,7,3,4,3,4,,,2,6,3,,,,,"Enayaty Ahangar, Negin","Cha, Junwoo",,,,,nxe180001,negin enayaty ahangar,Quantitative Business Analysis 
CS,4375,002,18,11,5,12,9,,,1,,,,1,1,2,,,,,"Khan, Ziaullah","Li, Xiaodi",,,,,kkhan,ziaullah khan,Introduction to Machine Learning 
CS,6375,001,,42,10,3,1,,,,,,,,2,2,,,,,"Chida, Anjum",,,,,,axc157030,anjum chida,Machine Learning 
OPRE,6301,502,,21,6,7,9,6,4,1,,,,,4,2,,,,,"Sethi, Awanti","Sethi, Shravik P",,,,,asethi,awanti sethi,Statistics and Data Analysis 
CS,3377,0W4,5,21,13,8,10,,,,,,,,1,2,,,,,"Kapoor, Bhanu",,,,,,bxk101000,bhanu kapoor,C C  Programming in a UNIX Environment 
MECH,2320,001,5,4,10,10,12,9,2,2,1,,1,,2,2,,,,,"Bernal Montoya, Rodrigo A","Waliullah, Mohammad","Yi, Lu",,,,rab160530,rodrigo bernal,Mechanics of Materials 
IMS,3310,002,,8,,6,14,4,4,7,1,3,,2,9,1,,1,,,"Henderson, Tom",,,,,,txh093000,tom henderson,International Business 
MECH,4310,001,,12,7,4,10,6,3,4,8,,2,,3,1,,,,,"Summers, Tyler H","Narayan, Meenakshi",,,,,ths150130,tyler summers,Systems and Controls 
MATH,2418,004,6,8,4,5,5,2,4,8,4,4,2,2,5,1,,,,,"Pereira, Luis Felipe F",,,,,,lfp140030,luis pereira,Linear Algebra 
CS,3354,006,6,37,7,5,2,2,,,,,,,,1,,,,,"Smith, Klyne","Tian, Zijing",,,,,kxs180052,klyne smith,Software Engineering 
ITSS,3311,001,6,23,19,4,3,2,,,,,1,,1,0,1,,,,"Hosseini, Leila",,,,,,lxh132430,leila hosseini,Introduction to Programming 
ACCT,2302,007,11,6,8,6,1,7,6,3,5,2,2,1,1,0,,1,,,"Swaim, Stephanie R","Walker, Jacob N",,,,,srp065000,stephanie poindexter swaim,Introductory Management Accounting 
ISNS,2368,001,3,3,4,4,9,10,4,3,9,2,3,,5,1,,,,,"McCauley, Steven","Garcia Quintero, Cristhian J","Dhawan, Ruchika",,,,sxm165131,steven mccauley,Weather and Climate 
CS,4375,001,21,8,7,7,4,3,2,1,,,3,,3,1,,,,,"Karami, Gity","Komaragiri, Vasundhara",,,,,gxk180009,gity karami,Introduction to Machine Learning 
FIN,3330,001,10,33,,2,12,,,1,,,1,,,1,,,,,"Chapman, Juliann G","Kim, Kyuri",,,,,jgc160130,juliann chapman,Personal Financial Planning 
FIN,3320,012,1,15,3,1,19,,5,8,1,1,3,,2,1,,,,,"Manzi, Jeff",,,,,,jxm158130,jeffrey manzi,Business Finance 
OPRE,6302,003,,20,18,5,6,4,5,1,,,,,,1,,,,,"Honhon, Dorothee B","Khandelwal, Kumar Manglam",,,,,dbh130130,dorothee honhon,Operations Management 
IMS,3310,004,1,8,10,13,9,12,4,,,,1,,1,1,,,,,"Woldu, Habte G","Dakshinamoorthy, Sowmika",,,,,wolduh,habte woldu,International Business 
SOC,1301,0W1,,29,,,18,,,8,,,1,,3,1,,,,,"Cheun, Jacquelyn J",,,,,,jjc150830,jacquelyn cheun,Introduction to Sociology 
MECH,3320,002,6,4,12,9,10,9,5,2,1,,,,1,1,,,,,"Qin, Zhenpeng","Syeda, Afreen",,,,,zxq140530,zhenpeng qin,Heat Transfer 
MATH,2415,001,,9,2,9,8,3,6,7,1,,9,,5,1,,,,,"Makhijani, Neha",,,,,,nxm165130,neha makhijani,Calculus of Several Variables 
ITSS,4300,001,,10,4,9,14,10,8,4,,,,,,1,,,,,"Arora, Vivek","Lokkur, Ashwin P",,,,,vxa081000,vivek arora,Database Fundamentals 
FIN,3320,015,,19,1,3,16,3,2,9,1,1,3,,1,0,,1,,,"Manzi, Jeff",,,,,,jxm158130,jeffrey manzi,Business Finance 
ITSS,4370,501,4,14,18,9,5,6,3,1,,,,,,0,,,,,"Fuller, Tony F","Mehta, Sameer",,,,,tff170130,tony fuller,Information Technology Infrastructure Management 
OPRE,3310,002,,18,,10,21,,3,8,,,,,,0,,,,,"Hogan, James W","Purohit, Apoorva",,,,,jwh085000,james hogan,Operations Management 
CS,6363,004,,15,9,31,5,,,,,,,,,0,,,,,"Raghavachari, Balaji","Lin, Yu",,,,,rbk,balaji raghavachari,Design and Analysis of Computer Algorithms 
IMS,3310,003,5,11,15,8,10,6,2,2,1,,,,,0,,,,,"Kim, Dong Shin",,,,,,dxk152130,dong kim,International Business 
MKT,3300,011,9,23,16,7,4,,,,,,,,1,0,,,,,"Zihagh, Fereshteh",,,,,,fxz140530,fereshteh zihagh,Principles of Marketing 
ITSS,3300,009,2,40,7,3,6,1,,,,,1,,,0,,,,,"Owens, Sean M","Luo, Ning",,,,,smo150330,sean owens,Information Technology for Business 
ITSS,3300,006,1,12,6,7,15,1,4,10,1,,2,,1,0,,,,,"Short, Kevin P","Tang, Ping",,,,,kps170330,kevin short,Information Technology for Business 
OBHR,3310,007,,24,22,5,4,1,1,1,1,,1,,,0,,,,,"Hicks, Jeffrey N",,,,,,jnh061000,jeffrey hicks,Organizational Behavior 
MATH,2418,005,9,7,8,4,9,6,2,5,3,2,4,,1,0,,,,,"Dahal, Rabin",,,,,,rxd153030,rabin dahal,Linear Algebra 
CS,1336,001,15,4,15,4,4,2,,,3,,4,4,5,0,,,,,"Karrah, Shyam S",,,,,,skarrah,shyam karrah,Programming Fundamentals 
ITSS,3300,005,,14,5,6,14,,6,10,3,,1,,1,0,,,,,"Short, Kevin P","Tang, Ping",,,,,kps170330,kevin short,Information Technology for Business 
MKT,3300,007,2,8,3,10,,14,15,,5,,,3,,0,,,,,"Lim, Bo Ram",,,,,,bxl131330,bo ram lim,Principles of Marketing 
CS,6363,001,,17,13,15,10,5,,,,,,,,0,,,,,"Chandrasekaran, Ramaswamy","De, Partha",,,,,chandra,ramaswamy chandrasekaran,Design and Analysis of Computer Algorithms 
COMD,7221,001,,59,,,1,,,,,,,,,0,,,,,"Carter, Jessica A","Fazel, Vedad",,,,,jar032000,,Preschool Intervention 
CS,3340,005,18,9,12,7,2,2,,3,2,,2,,3,0,,,,,"Karami, Gity",,,,,,gxk180009,gity karami,Computer Architecture 
CS,3377,0W3,6,16,11,12,12,2,,1,,,,,,0,,,,,"Kapoor, Bhanu",,,,,,bxk101000,bhanu kapoor,C C  Programming in a UNIX Environment 
FIN,3330,003,8,29,,4,10,,2,3,,3,1,,,0,,,,,"Chapman, Juliann G","Kim, Kyuri",,,,,jgc160130,juliann chapman,Personal Financial Planning 
FIN,3330,004,10,21,,7,12,,1,4,,1,2,,2,0,,,,,"Chapman, Juliann G","Kim, Kyuri",,,,,jgc160130,juliann chapman,Personal Financial Planning 
BUAN,6346,002,,57,2,1,,,,,,,,,,0,,,,,"Perez, Jerry","Guha, Priyanka",,,,,jxp180019,jerry perez,Big Data 
ACCT,3331,001,6,5,12,9,9,5,10,1,,,1,,2,0,,,,,"Yehuda, Nir","Zhou, Xiaolu",,,,,nxy130530,nir yehuda,Intermediate Financial Accounting I 
IMS,3310,501,2,11,18,11,10,5,2,1,,,,,,0,,,,,"Kaur, Vaneet","Woldu, Habte G",,,,,vxk180029,vaneet kaur,International Business 
ACCT,2302,004,8,6,5,7,8,7,5,7,2,,2,,2,2,,,,,"Dai, Zhonglan","Li, Chenchen",,,,,zxd051000,zhonglan dai,Introductory Management Accounting 
OPRE,6301,501,,29,5,9,8,4,2,,,,,,3,1,,,,,"Sethi, Awanti","Sethi, Shravik P",,,,,asethi,awanti sethi,Statistics and Data Analysis 
HMGT,6320,501,,38,12,6,3,,,,,,,,1,0,,,,,"Fleming, Forney F",,,,,,fwf081000,forney fleming,The American Healthcare System 
BUAN,6398,002,,29,,4,14,2,1,10,,,,,,1,,,,,"Alimirzaei, Athena","Seripalli, Dilip Kumar",,,,,axa134231,athena alimirzaei,Prescriptive Analytics 
MECH,3315,001,,6,10,19,6,7,9,3,1,,,,,0,,,,,"Leonardi, Stefano","Ciri, Umberto",,,,,sxl139330,stefano leonardi,Fluid Mechanics 
MECH,3320,003,3,19,8,13,10,4,2,,1,,1,,,0,,,,,"Ouyang, Hui","Sitaula, Karuna",,,,,hxo150330,hui ouyang,Heat Transfer 
MATH,2370,001,14,5,4,8,2,2,2,2,2,4,1,4,6,6,,,,,"McCary, Brady C","Babbitt, Matthew W",,,,,bcm052000,brady mccary,Introduction to Programming with MATLAB 
CS,2305,501,10,11,4,3,9,3,2,10,,2,3,1,1,3,,,,,"Farage, Timothy P",,,,,,tfarage,timothy farage,Discrete Mathematics for Computing I 
CS,3377,0W2,5,5,10,11,3,3,9,2,2,,4,2,3,3,,,,,"Min, Richard K",,,,,,rkm010300,richard min,C C  Programming in a UNIX Environment 
ITSS,3300,503,7,47,2,,,1,,2,,,,,1,2,,,,,"Savoie, Michael J","Tang, Ping",,,,,msavoie,michael savoie,Information Technology for Business 
SE,4485,001,,60,,,1,,,,,,,,,1,,,,,"Wong, Weichen E",,,,,,wew021000,weichen wong,Software Engineering Project 
ITSS,3300,003,8,29,13,4,2,1,1,1,,,1,,1,1,,,,,"Varma, Rashmi","Luo, Ning","Haseman, Charles",,,,rxv180014,rashmi varma,Information Technology for Business 
CS,4337,003,17,11,10,3,6,5,2,,4,,3,,,1,,,,,"McMahan, Timothy","Fan, Zhenbao","De, Partha","Gour, Riti",,,txm173230,timothy mcmahan,Organization of Programming Languages 
EE,4301,501,,4,1,5,11,2,6,22,5,,3,1,2,0,,,,,"Florence, James M","Chen, Jianfei",,,,,jmf130530,james florence,Electromagnetic Engineering I 
MATH,2420,001,1,4,1,7,6,5,2,11,15,,10,,,0,,,,,"Paudel, Ajaya B",,,,,,abp062000,ajaya paudel,Differential Equations with Applications 
ITSS,3312,001,13,9,8,5,4,8,1,5,4,1,1,1,2,0,,,,,"Sun, Geng",,,,,,gxs122530,geng sun,Object-Oriented Programming 
CS,3340,501,3,3,7,6,10,9,6,4,7,2,1,2,2,0,,,,,"Mazidi, Karen J",,,,,,kjm160430,karen mazidi,Computer Architecture 
ITSS,3300,004,8,21,14,6,4,3,,,1,,2,1,2,0,,,,,"Varma, Rashmi","Luo, Ning","Haseman, Charles",,,,rxv180014,rashmi varma,Information Technology for Business 
OPRE,6332,001,,33,6,13,6,2,1,1,,,,,,0,,,,,"Ramanathan, Kannan","Li, Changpei","Chou, Cheng-Chih",,,,kxr087000,kannan ramanathan,Spreadsheet Modeling and Analytics 
PSCI,3301,001,2,5,4,13,14,6,3,2,2,,2,,3,7,,,,,"Lowe, Evan","Salvador, Estefania F","Sanchez De La Rosa, Andres Ricardo",,,,exl171930,evan lowe,Political Theory 
CS,2336,502,1,11,3,8,12,6,2,7,,,2,1,7,3,,,,,"Belkoura, Mohamed Amine",,,,,,mxb135330,mohamed amine belkoura,Computer Science II 
OPRE,3333,007,9,9,9,12,5,4,4,4,4,,,,,3,,,,,"Ahadi, Khatereh","Egbedi, Jeffrey C",,,,,kxa180010,khatereh ahadi,Quantitative Business Analysis 
STAT,1342,001,9,11,6,7,9,3,3,3,4,,3,1,2,2,,,,,"Koshevnik, Yuly","Zhou, Qinyi",,,,,yxk055000,yuly koshevnik,Statistical Decision Making 
ACCT,2301,001,1,4,,4,5,12,6,10,7,5,,,7,2,,,,,"Zhang, Jieying","Holstead, Cameron",,,,,jxz146230,jieying zhang,Introductory Financial Accounting 
CLDP,3332,501,,17,4,1,16,7,3,9,,1,2,,1,2,,,,,"Shoaib, Amber","Smith, Olivia",,,,,axs190010,amber shoaib,Social and Personality Development 
ITSS,3312,501,8,7,11,14,16,2,3,,,,,,1,1,,,,,"Bao, Chenzhang",,,,,,cxb121930,,Object-Oriented Programming 
SE,4381,001,,7,13,13,14,7,6,2,,,,,,1,,,,,"Straach, Janell","Wang, Haoliang","Maweu, Barbara M",,,,jxs017800,janell straach,Software Project Planning and Management 
ITSS,3300,010,3,22,16,9,1,4,1,,1,,1,1,3,1,,,,,"Beauchamp, Joe P","Xie, Si",,,,,jpb016300,joe beauchamp,Information Technology for Business 
ACCT,4342,001,2,3,12,10,11,7,6,6,4,1,,,,1,,,,,"Johnson, Jennifer","Farooqi, Shan A",,,,,jxj091000,jennifer johnson,Analysis and Design of Accounting Systems 
ITSS,3300,002,2,22,10,8,4,6,2,2,1,1,1,,3,1,,,,,"Haseman, Charles","Zhu, Wangsheng",,,,,cxh180018,charles haseman,Information Technology for Business 
ITSS,3390,001,4,14,21,14,6,2,1,,,,,,,1,,,,,"Arora, Vivek","Lokkur, Ashwin P",,,,,vxa081000,vivek arora,Web Design and Development for Business Applications 
ITSS,3300,011,7,21,8,5,12,6,1,2,,,,,1,0,,,,,"Stephens, Timothy G","Xie, Si",,,,,tgs170130,timothy stephens,Information Technology for Business 
ITSS,3300,0W1,21,22,11,3,3,,,1,,1,,,1,0,,,,,"Thouin, Mark","Choudhary, Aarzoo",,,,,mxt083000,mark thouin,Information Technology for Business 
ITSS,3300,007,8,21,11,3,7,4,5,3,,,1,,,0,,,,,"Stephens, Timothy G","Xie, Si",,,,,tgs170130,timothy stephens,Information Technology for Business 
MIS,6382,001,,57,5,1,,,,,,,,,,0,,,,,"Sohaee, Nassim","Mittal, Piyush",,,,,nxs045000,nassim sohaee,Object Oriented Programming in Python 
BUAN,6398,501,,23,,3,25,2,3,7,,,,,,0,,,,,"Alimirzaei, Athena","Mallavarapu, Vijay K",,,,,axa134231,athena alimirzaei,Prescriptive Analytics 
ACCT,3332,001,3,8,4,5,6,4,8,2,3,3,10,1,2,5,,,,,"Bortz, Tiffany A","Sarman, Patrick R",,,,,tabortz,tiffany bortz,Intermediate Financial Accounting II 
STAT,4352,501,9,2,4,8,5,17,,6,3,,3,2,1,4,,,,,"Efromovich, Sam",,,,,,sxe062000,sam efromovich,Mathematical Statistics 
CS,4353,001,21,13,6,8,3,2,3,3,2,,1,,,2,,,,,"McMahan, Ryan P","Hu, Xinyu",,,,,rpm120130,ryan mcmahan,Human Computer Interactions II 
MATH,2419,006,2,4,7,9,5,5,2,5,6,,1,1,15,2,,,,,"Miller, James W",,,,,,jwm170630,james miller,Calculus II 
CRIM,3301,001,11,41,5,,2,4,,,,,,,,1,,,,,"Shih, Meng Ru",,,,,,mxs158030,ru shih meng,Theories of Justice 
OPRE,3310,001,17,15,5,4,9,6,2,2,1,,,,2,1,,,,,"Feng, Zhichao",,,,,,zxf140830,,Operations Management 
CRIM,3303,001,27,24,6,1,1,2,,1,,,,,1,1,,,,,"Polk, Elmer O","Kanvinde, Vrishali",,,,,peo091000,elmer polk,Advanced Criminal Justice 
ACCT,2302,005,12,10,4,3,11,3,4,7,3,6,1,,,0,,,,,"Li, Meng","Kale, Devendra",,,,,mxl120531,meng li,Introductory Management Accounting 
ACCT,2301,005,8,5,2,6,10,9,4,9,8,,1,,2,0,,,,,"Zhang, Jieying","Holstead, Cameron",,,,,jxz146230,jieying zhang,Introductory Financial Accounting 
PSY,2317,501,4,9,5,7,5,7,4,5,5,1,3,2,7,0,,,,,"Schwark, Gayle","Taylor, Mackenzie B","Sands, Kaitlin R",,,,gxs180015,gayle schwark,Statistics for Psychology 
CS,3341,001,18,8,5,1,5,5,6,2,3,5,2,2,2,0,,,,,"Whalen, Tristan G","Zimmer, Kevin C",,,,,tgw100020,tristan whalen,Probability and Statistics in Computer Science and Software Engineering 
ACCT,2302,003,5,10,4,7,9,3,4,9,,3,2,1,2,6,,,,,"Dai, Zhonglan","Li, Chenchen",,,,,zxd051000,zhonglan dai,Introductory Management Accounting 
MATH,2418,003,1,2,5,4,2,4,4,4,3,2,5,2,22,5,,,,,"Arnold, Maxim",,,,,,mxa149530,maxim arnold,Linear Algebra 
CRIM,1301,0W1,,9,12,7,3,10,3,1,3,1,,2,11,3,,,,,"Cohen, Galia","Han, Sungil",,,,,gxc097120,galia cohen,Introduction to Criminal Justice 
PSCI,4364,001,25,14,7,3,4,7,1,,,,,,1,3,,,,,"Modjarrad, Shahin S",,,,,,ssm140230,shahin modjarrad,Civil Rights Law and Society 
ACCT,2302,501,1,4,5,7,12,2,2,11,1,7,2,2,6,2,,1,,,"Hes, Christopher A","Walker, Jacob N",,,,,cah041000,christopher hess,Introductory Management Accounting 
MATH,2418,501,2,4,6,3,5,1,1,6,6,3,5,1,20,2,,,,,"Pereira, Luis Felipe F",,,,,,lfp140030,luis pereira,Linear Algebra 
MATH,2420,005,3,2,4,10,3,9,9,4,10,,9,,,2,,,,,"Rachinskiy, Dmitry",,,,,,dxr124030,dmitry rachinskiy,Differential Equations with Applications 
OPRE,6301,007,,22,8,9,10,6,3,2,,,,,3,2,,,,,"Sethi, Awanti","Sethi, Shravik P",,,,,asethi,awanti sethi,Statistics and Data Analysis 
OBHR,4333,501,7,20,7,9,7,4,4,2,1,1,1,,1,1,,,,,"Ritchey, David B",,,,,,davidr,david ritchey,Performance Management 
BMEN,3350,001,7,9,7,12,7,2,7,2,1,,,,10,1,,,,,"Ali, Tariq M","Godakhindi, Varsha S",,,,,tma051000,tariq ali,Biomedical Component and System Design 
BUAN,6340,004,,33,12,12,6,1,,,,,,,,0,,,,,"Ge, Ling","Panthagani, Phanindra",,,,,lxg180006,,Programming for Data Science 
CS,2305,001,8,13,15,6,7,7,3,2,2,,,,2,0,,,,,"Moeini, Hessam",,,,,,hxm141530,hessam moeini,Discrete Mathematics for Computing I 
ACCT,2302,002,5,5,4,4,16,7,6,6,7,4,1,,,0,,,,,"Li, Meng","Kale, Devendra",,,,,mxl120531,meng li,Introductory Management Accounting 
MECH,4360,001,7,28,,7,8,4,,9,1,1,,,,0,,,,,"Voit, Walter E","Joshi-Imre, Alexandra",,,,,wev012000,walter voit,Introduction to Nanostructured Materials 
CS,6384,001,,25,12,12,13,3,,,,,,,,0,,,,,"Schweitzer, Haim","Wan, Guihong","He, Baokun",,,,haim,haim schweitzer,Computer Vision 
CS,6301,502,,20,45,,,,,,,,,,,0,,,,,"Culver, Timothy L","Tran, Trung Hieu","Munia, Munawara Saiyara",,,,tlc130230,timothy culver,
ACCT,2302,001,,5,9,6,7,2,9,7,5,9,6,,,0,,,,,"Li, Meng","Kale, Devendra",,,,,mxl120531,meng li,Introductory Management Accounting 
PSY,2317,001,,14,3,5,8,3,6,8,2,2,3,2,6,4,,,,,"Juhn, Nancy H","Carson, Kevin J",,,,,njuhn,nancy juhn,Statistics for Psychology 
SE,4367,001,3,17,4,4,9,5,5,4,1,3,3,1,7,0,,,,,"Paulk, Mark C","Ahn, Sung Soo",,,,,mcp130030,mark paulk,Software Testing  Verification  Validation and Quality Assurance 
CS,4347,001,7,19,12,12,6,4,,3,,,1,,2,0,,,,,"Becker, Eric W","Dong, Hailiang",,,,,ewb160130,eric becker,Database Systems 
HIST,2301,501,1,14,1,2,12,3,1,14,,1,6,1,10,0,,,,,"Volanto, Keith J","Scalley, Michael W",,,,,kjv062000,keith volanto,History of Texas 
CS,3340,001,4,10,4,12,3,3,7,5,8,,1,2,2,6,,,,,"Zhang, Kang",,,,,,kzhang,kang zhang,Computer Architecture 
CS,3377,502,14,9,13,8,5,2,1,2,3,,1,1,3,5,,,,,"Perkins, Stephen J",,,,,,sxp127930,stephen perkins,C C  Programming in a UNIX Environment 
MATH,2418,001,17,9,5,7,3,11,2,3,3,,2,,2,3,,,,,"Dahal, Rabin",,,,,,rxd153030,rabin dahal,Linear Algebra 
SOC,3333,001,23,12,14,7,1,5,,1,2,1,,,,1,,,,,"Alexander, Bobby","Burger, Charis M",,,,,bcalex,bobby alexander,Religion in Society 
MIS,6360,001,,29,22,8,4,2,,,,,,,1,1,,,,,"Thouin, Mark","Pearam, Swetha S",,,,,mxt083000,mark thouin,Agile Project Management 
BUAN,6340,002,,51,1,13,2,,,,,,,,,0,,,,,"Parker, Jason A","Parla, Karthik Reddy",,,,,jap090020,jason parker,Programming for Data Science 
BUAN,6341,001,,35,22,6,2,2,,,,,,,,0,,,,,"Sohaee, Nassim","Prasad, Pooja",,,,,nxs045000,nassim sohaee,Applied Machine Learning 
MKT,3300,HON,17,22,19,3,4,2,,,,,,,,0,,,,,"Egeland, Rita E",,,,,,rxb154430,rita bargerhuff egeland,Principles of Marketing 
ACCT,2301,501,7,3,2,2,6,4,4,8,3,2,8,,11,8,,,,,"Bowen, Richard M","Walker, Jacob N",,,,,rxb073100,richard bowen,Introductory Financial Accounting 
HLTH,3310,001,1,10,18,6,12,7,3,,3,1,,,1,0,,,,,"Duquaine-Watson, Jill M",,,,,,jmw087000,jillian duquaine watson,Health Care Issues  Global Perspectives 
MATH,2418,006,4,7,8,4,7,5,5,7,2,6,3,2,3,4,,1,,,"Zhang, Yi",,,,,,yxz180069,yi zhang,Linear Algebra 
CS,2305,506,1,12,10,11,4,6,2,2,7,1,3,3,2,4,,,,,"Chin, Wei-Pang",,,,,,wxc180013,wei pang chin,Discrete Mathematics for Computing I 
CS,2305,002,10,12,3,2,9,4,2,14,2,,3,2,2,3,,,,,"Farage, Timothy P",,,,,,tfarage,timothy farage,Discrete Mathematics for Computing I 
CS,2305,503,5,14,14,11,4,6,1,3,3,,,1,4,2,,,,,"Pinheiro Goncalves Ju, Ronaldo",,,,,,rxp152830,,Discrete Mathematics for Computing I 
MECH,3360,001,7,11,,7,13,,6,16,,1,2,,4,1,,,,,"Kumar, Golden","Azhiri, Reza B",,,,,gxk180010,golden kumar,Introduction to Materials Science 
MECH,4370,501,4,7,4,7,11,9,12,7,6,,,,,1,,,,,"Lee, Jeong-Bong",,,,,,jblee,jeong bong lee,Introduction to MEMS 
BUAN,6320,501,,18,8,19,14,7,1,,,,,,,1,,,,,"Scott, James A","Grover, Akshay",,,,,jas076100,james scott,Database Foundations for Business Analytics 
OPRE,3330,001,,56,11,,,,,,,,,,,1,,,,,"Janke, Scott M","Basavaraju, Shashank",,,,,smj160830,scott janke,Project Management 
PHIL,1301,002,9,17,14,6,9,4,3,,,1,2,,2,1,,,,,"Amato, Lawrence A","Fields, Kollin E",,,,,laa062000,lawrence amato,Introduction to Philosophy 
CS,4337,502,2,18,4,5,15,6,4,10,1,2,,,,1,,,,,"Oladimeji, Ebenezer A","Hosseini, Seyyed Mohammadsaleh",,,,,eao015100,ebenezer oladimeji,Organization of Programming Languages 
CS,2305,502,7,26,6,4,2,4,3,4,4,1,4,,2,0,,1,,,"Willson, James K",,,,,,jkw053000,james willson,Discrete Mathematics for Computing I 
ITSS,4352,001,3,11,20,7,13,9,5,,,,,,,0,,,,,"Singh, Harpreet","Velugati, Jayanth Reddy",,,,,hxs104000,harpreet singh,Introduction to Web Analytics 
CS,6384,002,,27,11,15,14,1,,,,,,,,0,,,,,"Schweitzer, Haim","Wan, Guihong","He, Baokun",,,,haim,haim schweitzer,Computer Vision 
OPRE,6371,501,,12,21,7,21,2,,4,,,,,1,0,,,,,"Katok, Elena M","Bothra, Shreyansh Arunkumar",,,,,emk120030,elena katok,Purchasing  Sourcing and Contract Management 
ACCT,2301,002,,10,5,12,5,12,6,8,6,1,1,,2,0,,,,,"Zhang, Jieying","Holstead, Cameron",,,,,jxz146230,jieying zhang,Introductory Financial Accounting 
PSY,4373,501,9,15,11,3,7,7,3,4,4,2,1,,2,0,,,,,"Hafer, Donald G",,,,,,haferd,donald hafer,Psychological Assessment 
BMEN,4389,201,,,,,,,,,,,,,,0,,,,,"Polk, Todd W","Pacheco, Joe","Upasham, Sayali S",,,,twp017000,todd polk,Senior Design Project II 
PSY,2317,002,,9,5,5,4,8,11,4,2,1,4,2,10,4,,,,,"Juhn, Nancy H","Carson, Kevin J","Zhang, Ziwei",,,,njuhn,nancy juhn,Statistics for Psychology 
MATH,2415,004,3,5,3,6,6,3,5,11,,,12,,12,3,,,,,"Makhijani, Neha",,,,,,nxm165130,neha makhijani,Calculus of Several Variables 
CS,3305,001,6,7,9,12,13,6,6,2,2,,1,,2,3,,,,,"Feng, Ranran",,,,,,rxf090020,ranran feng,Discrete Mathematics for Computing II 
ACCT,2301,004,11,5,6,6,8,5,7,4,3,2,3,1,6,2,,,,,"Files, Rebecca L","Tatiparti, Venu Madhav",,,,,rlf092000,rebecca files,Introductory Financial Accounting 
PHIL,1301,001,5,17,9,8,6,7,3,3,2,1,2,,5,1,,,,,"Amato, Lawrence A","del Bosque, Isai",,,,,laa062000,lawrence amato,Introduction to Philosophy 
CS,6320,003,,8,25,20,6,7,2,,,,,,,1,,,,,"Balakrishna, Mithun","Patel, Dhruvkumar R",,,,,mxb026000,mithun balakrishnan,Natural Language Processing 
ITSS,4353,001,35,31,3,,,,,,,,,,,0,,,,,"Rao, Mukund","Mathur, Nitish",,,,,mxr170008,mukund rao,Business Analytics 
CS,4391,001,5,9,8,14,11,8,7,1,1,,1,,4,0,,,,,"Maung, Crystal","He, Baokun","Wan, Guihong",,,,ktm016100,crystal maung,Introduction to Computer Vision 
CS,6375,003,,39,24,6,,,,,,,,,,0,,,,,"Nagar, Anurag","Hu, Yibo",,,,,axn112530,anurag nagar,Machine Learning 
ACCT,3332,PPA,3,18,10,4,10,6,4,8,3,,1,2,,0,,,,,"Bortz, Tiffany A","Sarman, Patrick R",,,,,tabortz,tiffany bortz,Intermediate Financial Accounting II 
CRIM,3307,0W1,,45,,,10,,,10,,,2,,2,0,,,,,"Noyes, Michael",,,,,,mxn143130,michael noyes,Immigration and Crime 
ACCT,2301,003,6,6,2,6,8,6,10,5,2,6,,2,3,8,,,,,"Zhou, Yibin","Tatiparti, Venu Madhav",,,,,yxz066000,yibin zhou,Introductory Financial Accounting 
CS,3340,502,3,6,7,1,13,7,4,9,3,2,,4,8,3,,,,,"Mazidi, Karen J",,,,,,kjm160430,karen mazidi,Computer Architecture 
PSY,4331,001,2,11,14,10,8,2,4,8,2,2,2,,2,1,,2,,,"Prager, Karen",,,,,,kprager,karen prager,Personality 
CS,4384,503,,9,13,6,4,6,6,9,3,1,2,2,7,2,,,,,"Shields, Charles O","Zi, Yuxin",,,,,cshields,charles shields,Automata Theory 
HLTH,3301,001,,,8,7,11,13,8,6,7,5,2,1,,2,,,,,"Byrnes, Kathleen A",,,,,,kab019000,kathleen byrnes,Issues in Geriatric Healthcare 
CS,4337,001,1,5,8,6,8,7,4,9,8,7,3,3,,1,,,,,"Davis, Chris I","Lozano Carrillo, Juan Camilo",,,,,cid021000,chris davis,Organization of Programming Languages 
CRIM,2317,0W1,30,18,6,3,5,3,2,1,,,,1,,0,1,,,,"Polk, Elmer O","Huskey, Michael",,,,,peo091000,elmer polk,Criminal Prosecution and Court Process 
MECH,3310,002,11,9,7,12,18,3,5,3,1,,,,,1,,,,,"Ouyang, Hui","Sarma, Jyotirmoy",,,,,hxo150330,hui ouyang,Thermodynamics 
NSC,4363,001,18,17,4,8,5,4,5,6,,1,1,,,1,,,,,"Thompson, Lucien","Avona, Amanda D",,,,,tres,lucien thompson,Neuropharmacology 
ITSS,4352,002,,23,18,10,13,5,,,,,,,,1,,,,,"Mehra, Amit","Agarwala, Neeraj",,,,,axm078200,amit mehra,Introduction to Web Analytics 
PSY,4346,001,3,7,,12,21,,6,8,,6,3,,3,1,,,,,"Reid, Jon K",,,,,,jkr150330,jon reid,Human Sexuality 
CS,6350,002,,38,29,3,,,,,,,,,,0,,,,,"Nagar, Anurag","Shams, Shahab","Chung, Yu-Yen",,,,axn112530,anurag nagar,Big Data Management and Analytics 
PSY,4343,501,,41,,,25,,,4,,,,,,0,,,,,"Small, Trillion N",,,,,,txs174730,trillion small,Abnormal Psychology 
CS,6360,002,,26,15,16,5,4,2,2,,,,,,0,,,,,"Yuruk, Nurcan","Haque, Mirazul",,,,,nxy140530,nurcan yuruk,Database Design 
CS,4393,001,,15,10,14,7,3,12,1,4,2,2,,,0,,,,,"Nguyen, Nhut","Chappidi, Sruthi","Chen, Simin","Tran, Trung Hieu","Yu, Xinyue",,nhutnn,nhut nguyen,Computer and Network Security 
MIS,6308,001,,12,27,22,4,4,,1,,,,,,0,,,,,"Narasimhan, Prithi","Agrawal, Pulkit",,,,,pxn152330,prithi narasimhan,System Analysis and Project Management 
CS,3377,501,8,11,12,13,3,4,5,4,3,,,,4,4,,,,,"Perkins, Stephen J",,,,,,sxp127930,stephen perkins,C C  Programming in a UNIX Environment 
CS,1136,103,23,9,3,4,5,7,1,2,4,,3,,8,2,,,,,"Vogel, Don G","Perkins, Stephen J",,,,,dgv130030,don vogel,Computer Science Laboratory 
CS,4349,001,,3,5,4,16,4,13,12,5,4,2,,1,2,,,,,"Daescu, Ovidiu","Weinzierl, Maxwell A",,,,,daescu,ovidiu daescu,Advanced Algorithm Design and Analysis 
MATH,2420,004,8,3,6,12,6,7,11,7,6,,3,,,2,,,,,"Rachinskiy, Dmitry",,,,,,dxr124030,dmitry rachinskiy,Differential Equations with Applications 
CHEM,2324,001,13,23,8,11,7,4,1,,,,,,3,1,,,,,"Wijenayake, Sumudu N",,,,,,snw081000,sumudu wijenayake,Introductory Organic Chemistry for Engineers 
CS,3345,004,4,19,20,17,5,4,,,,,1,,1,0,,,,,"Chida, Anjum",,,,,,axc157030,anjum chida,Data Structures and Introduction to Algorithmic Analysis 
MATH,2419,001,2,3,7,9,10,5,3,8,10,1,1,3,3,5,,2,,,"Miller, James W",,,,,,jwm170630,james miller,Calculus II 
CS,4375,501,,4,6,7,10,6,7,4,8,,3,3,10,4,,,,,"Mazidi, Karen J","Sahoo, Pracheta",,,,,kjm160430,karen mazidi,Introduction to Machine Learning 
MATH,2415,003,6,12,3,7,17,4,2,5,,,8,,5,3,,,,,"Makhijani, Neha",,,,,,nxm165130,neha makhijani,Calculus of Several Variables 
NSC,3361,003,2,8,20,7,10,6,4,4,2,2,1,3,2,1,,,,,"Raboune, Siham","Alghamdi, Saad A",,,,,sxr180071,siham raboune,Introduction to Neuroscience 
CS,1335,002,4,19,4,9,17,4,5,6,,,1,,2,1,,,,,"Doore, Karen L",,,,,,kld054000,karen doore,Computer Science I for Non-majors 
OPRE,3360,502,,7,11,19,14,5,6,3,3,1,,,2,1,,,,,"Simsek, Ahmet S","Kim, Taehoon",,,,,axs158032,ahmet simsek,Managerial Methods in Decision Making Under Uncertainty 
OPRE,6302,001,,16,15,28,13,,,,,,,,,0,,,,,"Janakiraman, Ganesh","Manchiraju, Chandrasekhar Seetharama",,,,,gxj091000,ganesh janakiraman,Operations Management 
MECH,3351,001,3,17,5,8,18,5,3,5,2,,5,,1,0,,,,,"Griffith, Daniel T","Wang, Yang",,,,,dtg170130,daniel griffith,Design of Mechanical Systems 
SPAU,4308,001,,43,,,20,,,6,,,3,,,0,,,,,"Touchstone, Emily W","Boone, Melissa N",,,,,exw010200,emily touchstone,Language Disorders in Children 
CS,2305,004,1,9,15,6,11,8,4,4,4,1,2,,4,4,,,,,"Chin, Wei-Pang",,,,,,wxc180013,wei pang chin,Discrete Mathematics for Computing I 
AMS,2300,002,1,15,14,9,11,5,7,,2,2,1,1,1,4,,,,,"Pogue, Neall W",,,,,,nxp174730,neall pogue,American Popular Culture 
CS,2305,005,1,13,13,9,8,7,2,5,7,,,2,3,3,,,,,"Chin, Wei-Pang",,,,,,wxc180013,wei pang chin,Discrete Mathematics for Computing I 
OPRE,3333,006,10,23,9,5,9,4,3,2,4,,1,,1,2,,,,,"Oguzman, Neslihan","Armaghan, Milad",,,,,nxo170830,neslihan oguzman,Quantitative Business Analysis 
OPRE,3310,007,1,5,9,4,10,7,6,16,6,,7,,,2,,,,,"Parks, David","Li, Hehe",,,,,dxp153830,david parks,Operations Management 
CRIM,4396,0W1,,47,,,19,,,2,,,,,3,2,,,,,"Taylor, Robert W","Yim, Haneul",,,,,rwt092000,robert taylor,Selected Topics in Criminology 
OPRE,3360,501,9,8,10,13,12,11,3,,3,,,,2,2,,,,,"Naseri Taheri, Mohammad","Liu, Ritchie",,,,,mxn121930,mohammad naseri,Managerial Methods in Decision Making Under Uncertainty 
HLTH,3101,0W4,,67,,,3,,,1,,,,,1,1,,,,,"Sandon, Lona",,,,,,lxs095000,lona sandon,Medical Terminology 
BMEN,3330,001,6,19,8,9,5,5,3,8,7,,,1,2,0,,,,,"Sirsi, Shashank R","Quarton, Tyler G",,,,,srs151630,shashank sirsi,Engineering Physiology of the Human Body 
CS,4349,002,2,4,4,18,8,5,5,1,2,1,,2,10,12,,,,,"Raghavachari, Balaji","Enoch, Julian",,,,,rbk,balaji raghavachari,Advanced Algorithm Design and Analysis 
CS,4365,001,2,15,9,11,8,8,,3,1,1,,1,9,6,,,,,"Ng, Yu Chung V",,,,,,ycn041000,vincent ng,Artificial Intelligence 
OPRE,3360,001,12,5,5,5,10,8,4,4,,2,9,1,5,4,,,,,"Woldu, Malgorzata","Kshatriya, Ankitsingh O",,,,,mxw180018,malgorzata woldu,Managerial Methods in Decision Making Under Uncertainty 
OPRE,3310,008,2,17,6,10,16,9,3,3,3,2,,,1,2,,,,,"ye, Shengqi","Li, Hehe",,,,,sxy143530,shengqi ye,Operations Management 
OPRE,3310,003,3,9,2,2,26,4,8,10,,2,4,1,1,2,,,,,"Kuo, Ching-Chung","Takasi, Venkanna Dora Goutham",,,,,cxk162830,,Operations Management 
CS,4384,501,9,8,8,6,7,6,9,8,4,2,1,1,4,1,,,,,"Willson, James K","Fang, Zhou",,,,,jkw053000,james willson,Automata Theory 
HLTH,3305,001,3,4,5,14,9,10,4,10,5,2,5,,2,1,,,,,"Stark, Azadeh T",,,,,,ats160030,azadeh stark,The U S  Healthcare System 
ECON,3330,002,8,16,16,6,13,2,1,5,1,,,,5,1,,,,,"Ketsler, Luba","Colunga Ramos, Luis Fernando",,,,,lxk010300,luba ketsler,Economics of Health 
MIS,6373,501,,24,46,3,,,,,,,,,,1,,,,,"Ginevich, Rostislav","Agrawal, Pulkit",,,,,rxg172930,rostislav ginevich,Social Media Business 
OPRE,3360,008,12,8,7,8,4,6,10,9,3,1,2,,3,1,,,,,"Ahadi, Khatereh","Egbedi, Jeffrey C",,,,,kxa180010,khatereh ahadi,Managerial Methods in Decision Making Under Uncertainty 
SPAU,3344,001,15,16,12,9,5,5,5,2,,2,1,1,,1,,,,,"Mathew, Betty S","Doli, Evdoxia",,,,,bsm170230,betty mathew,Anatomy and Physiology of Speech and Hearing 
OPRE,3310,006,42,22,,7,2,,1,,,,,,,0,,,,,"Widdifield, David S","Bothra, Shreyansh Arunkumar",,,,,dsw180001,david widdifield,Operations Management 
PSY,4346,002,12,30,20,7,3,,1,1,,,,,,0,,,,,"Gentsch, Joanna K",,,,,,jgentsch,joanna gentsch,Human Sexuality 
CS,4341,001,8,22,2,12,15,7,3,1,3,1,,,,0,,,,,"Cankaya, Ebru C",,,,,,exc067000,ebru cankaya,Digital Logic and Computer Design 
OPRE,4340,001,3,9,1,4,36,2,6,11,,,,,2,0,,,,,"Kuo, Ching-Chung","Takasi, Venkanna Dora Goutham",,,,,cxk162830,,Purchasing and Sourcing Management 
CS,3305,502,7,23,8,6,7,5,7,4,2,2,1,,2,0,,,,,"Willson, James K",,,,,,jkw053000,james willson,Discrete Mathematics for Computing II 
OPRE,3360,005,6,15,19,3,12,11,,3,3,,,1,1,0,,,,,"Oguzman, Neslihan","Armaghan, Milad",,,,,nxo170830,neslihan oguzman,Managerial Methods in Decision Making Under Uncertainty 
BUAN,6340,501,,54,,9,7,,,,,,,,,5,,,,,"Parker, Jason A",,,,,,jap090020,jason parker,Programming for Data Science 
OPRE,3310,009,3,6,12,9,19,7,4,6,2,1,1,1,,4,,,,,"Subramoniam, Ramesh","Musale, Vaibhav Vijay",,,,,rxs179630,ramesh subramoniam,Operations Management 
ECON,3330,001,7,18,11,12,16,2,1,3,1,,,,2,1,1,,,,"Ketsler, Luba","Colunga Ramos, Luis Fernando",,,,,lxk010300,luba ketsler,Economics of Health 
OPRE,3360,006,9,10,6,12,14,8,4,4,5,,,,1,2,,,,,"Naseri Taheri, Mohammad","Liu, Ritchie",,,,,mxn121930,mohammad naseri,Managerial Methods in Decision Making Under Uncertainty 
CS,1134,101,45,15,1,2,1,2,1,1,1,2,2,,1,1,,,,,"Doore, Karen L",,,,,,kld054000,karen doore,Computer Science Laboratory 
CS,1334,001,4,22,12,3,14,5,2,3,1,3,2,,3,1,,,,,"Arnold, Gordon L",,,,,,gxa120930,gordon arnold,Programming Fundamentals for Non-Majors 
CS,1336,003,4,7,16,6,4,15,3,3,8,1,2,,5,1,,,,,"Srinivasan, Srimathi",,,,,,sxs180206,srimathi srinivasan,Programming Fundamentals 
CS,3305,501,40,17,2,1,5,2,3,3,,,1,,,1,,,,,"Farage, Timothy P",,,,,,tfarage,timothy farage,Discrete Mathematics for Computing II 
CRIM,3319,0W1,,11,7,7,14,12,8,2,1,2,,4,6,1,,,,,"Hayslip, Melissa P",,,,,,mpb150030,melissa hayslip,Comparative Justice Systems 
OPRE,3360,004,9,7,5,10,6,9,7,10,6,,1,2,2,1,,,,,"Enayaty Ahangar, Negin","Cha, Junwoo",,,,,nxe180001,negin enayaty ahangar,Managerial Methods in Decision Making Under Uncertainty 
MECH,3351,002,4,4,22,24,10,7,,2,,1,,,,1,,,,,"Bernal Montoya, Rodrigo A","Waliullah, Mohammad",,,,,rab160530,rodrigo bernal,Design of Mechanical Systems 
CS,4341,002,14,24,7,13,4,2,,10,,,,,,1,,,,,"Becker, Eric W",,,,,,ewb160130,eric becker,Digital Logic and Computer Design 
OPRE,6366,001,,13,14,18,16,6,5,2,,,,,1,0,,,,,"Leach, Sonia E","Zhang, Wen",,,,,sel120030,sonia leach,Global Supply Chain Management 
SOC,1301,001,2,19,16,11,9,10,4,,2,,,1,1,0,,,,,"Simoni, Zachary","Burger, Charis M",,,,,zrs160030,zachary simoni,Introduction to Sociology 
CRIM,3300,0W1,,13,10,11,15,6,6,3,2,,2,1,6,0,,,,,"Worrall, John L","Riddell, Jordan R",,,,,jlw064000,john worrall,Crime and Civil Liberties 
OPRE,3360,003,9,9,11,10,11,8,5,3,4,,1,1,3,0,,,,,"Enayaty Ahangar, Negin","Cha, Junwoo",,,,,nxe180001,negin enayaty ahangar,Managerial Methods in Decision Making Under Uncertainty 
CRIM,3310,001,46,21,2,1,,3,,,,,,,2,0,,,,,"Polk, Elmer O","Huskey, Michael",,,,,peo091000,elmer polk,Youth Crime and Justice 
CS,4352,0W1,46,2,8,4,3,2,1,,4,,,,2,4,,,,,"Orrick, Erika D","Guo, Jinghui",,,,,edo042000,erika orrick,Human Computer Interactions I 
ATCM,2365,001,3,32,,16,11,,5,3,,,,,6,0,,,,,"Andreen, Michael T","Murray, Jack A",,,,,mta072000,michael andreen,Game Design Fundamentals 
CHEM,6100,001,,,,,,,,,,,,,,1,,,,76,"Dodani, Sheel C",,,,,,scd023000,sheel dodani,Chemistry Department Seminar 
CS,2335,001,5,18,6,6,17,,2,7,2,1,2,1,6,4,,,,,"Doore, Karen L",,,,,,kld054000,karen doore,Computer Science II for Non-majors 
PSY,3339,001,,13,6,3,10,2,4,11,4,4,2,,14,2,,2,,,"Huxtable-Jester, Karen J",,,,,,kxh014900,karen huxtable jester,Educational Psychology 
CS,2335,002,10,14,8,5,11,4,2,12,3,,1,,6,2,,,,,"Doore, Karen L",,,,,,kld054000,karen doore,Computer Science II for Non-majors 
ISNS,2359,001,6,12,15,7,16,2,6,5,2,1,3,,2,1,,,,,"Griffin, William R","Zhang, Mengli","Akatakpo, Solomon O",,,,griffin,william griffin,Earthquakes and Volcanoes 
OPRE,3333,002,6,5,8,14,10,9,5,6,1,3,7,,1,4,,,,,"Lee, Chungseung",,,,,,cxl143430,,Quantitative Business Analysis 
OPRE,3360,002,16,8,8,11,11,7,4,5,3,,1,1,2,2,,,,,"Ahadi, Khatereh","Egbedi, Jeffrey C",,,,,kxa180010,khatereh ahadi,Managerial Methods in Decision Making Under Uncertainty 
OPRE,6370,001,,65,6,4,4,,,,,,,,,0,,,,,"Sabri, Ehap H","Khandelwal, Kumar Manglam",,,,,exs055000,ehap sabri,Global Logistics and Transportation 
CS,6314,001,,46,19,9,1,2,1,1,,,,,,0,,,,,"Yuruk, Nurcan","Kaur, Navdeep",,,,,nxy140530,nurcan yuruk,Web Programming Languages 
PSCI,3362,001,5,9,8,2,9,9,4,7,5,1,4,1,10,5,,,,,"Brunell, Thomas","Eaton, John M",,,,,tlb056000,thomas brunell,The American Political Institutions 
COMD,6378,001,,77,,,3,,,,,,,,,0,,,,,"Dean, Lucinda L","Sale, Felicity F",,,,,lxl018300,,Neurogenic Communication Disorders II 
CS,6314,501,,69,10,,1,,,,,,,,,0,,,,,"McMahan, Timothy","Li, Yi",,,,,txm173230,timothy mcmahan,Web Programming Languages 
OPRE,3360,007,9,32,7,15,10,3,,3,,,1,,,0,,,,,"Chen, Jiayu",,,,,,jxc144030,jiayu chen,Managerial Methods in Decision Making Under Uncertainty 
CS,6314,002,,53,17,6,4,,,,,,,,,0,,,,,"Yuruk, Nurcan","Yu, Shimeng","Maldonado, Ramon Manuel Martinez",,,,nxy140530,nurcan yuruk,Web Programming Languages 
CRIM,1307,0W1,1,36,15,7,12,2,1,3,,,1,,2,0,,,,,"Kovandzic, Tomislav","Derlic, Dragana",,,,,tvk071000,tomislav kovandzic,Introduction to Crime and Criminology 
PSCI,3333,001,3,11,7,19,18,9,3,,1,1,,,7,2,,,,,"Stewart, Marianne","Sun, Zeyu",,,,,mstewart,marianne stewart,Political Behavior 
HLTH,3101,0W3,,75,,,6,,,1,,,,,,0,,,,,"Sandon, Lona",,,,,,lxs095000,lona sandon,Medical Terminology 
BIOL,4310,001,6,21,19,10,10,7,6,2,,,1,,,0,,,,,"Candas, Mehmet",,,,,,candas,mehmet candas,Cellular Microbiology 
MECH,4310,002,,14,8,16,11,13,9,3,5,,2,,1,0,,1,,,"Li, Yaoyu","Shah, Shrey H",,,,,yxl115230,yaoyu li,Systems and Controls 
CS,6313,501,,79,2,,2,,,,,,,,,0,,,,,"Akcora, Cuneyt G","Komaragiri, Vasundhara","Ozdayi, Mustafa S",,,,cxa123230,,Statistical Methods for Data Science 
BLAW,2301,501,,10,3,7,10,17,10,9,3,,8,,5,2,,,,,"Betanzos, Christina L",,,,,,clb120030,christina betanzos,Business and Public Law 
MAS,6102,003,,,,,,,,,,,,,,1,,,,85,"Wilkerson, Cassandra","Chen, Lixuan","Rajpal, Kuldeep",,,,cxw170000,cassandra wilkerson,Professional Development 
EPPS,2301,001,4,7,7,8,7,9,4,10,6,1,1,1,7,14,,,,,"Hicks, Donald","Glover, Nathan R",,,,,dahicks,donald hicks,Research Design in the Social and Policy Sciences 
HUMA,1301,003,,13,9,5,9,6,10,7,5,,,,19,3,,,,,"Mortensen, Joan","Thomas, Kathryn E",,,,,jmorten,joan mortensen,Exploration of the Humanities 
MATH,2451,001,23,21,15,8,2,6,1,2,1,,,1,4,2,,,,,"Hooshyar, Mohammad","Ramakrishna, Viswanath",,,,,ali,mohammad hooshyar,Multivariable Calculus with Applications 
HIST,1302,004,17,23,13,13,9,1,1,1,2,,,1,3,2,,,,,"Klimchock, Carolee","Michaelsen, Rebekka A",,,,,cxk180016,carolee klimchock,U S  History Survey from Civil War 
PHIL,1301,003,,,7,2,6,5,6,12,11,4,10,3,18,3,,,,,"Hasler, Carl","Armentrout, Kenneth C",,,,,cxh165030,carl hasler,Introduction to Philosophy 
FILM,2332,501,1,8,9,7,6,13,7,8,9,2,5,2,3,8,,,,,"Oliver, Stephanie R","Al-Habashneh, Eman Bahjat",,,,,sxo180009,stephanie oliver,Understanding Film 
LIT,3317,501,16,7,5,14,7,14,9,4,2,,,,5,5,,,,,"Starnaman, Sabrina","D'Monte, Nikita",,,,,sxs090100,sabrina starnaman,The Literature of Fantasy 
PHIL,1301,004,,1,7,4,11,25,4,9,5,5,1,1,11,4,,,,,"Hasler, Carl","Bensinger, Justin F",,,,,cxh165030,carl hasler,Introduction to Philosophy 
HIST,1301,002,10,23,,6,16,,3,6,,3,2,,16,3,,,,,"Folsom, Bradley N","Klimpel, Ellen J",,,,,bxf180006,,U S  History Survey to Civil War 
HIST,1301,003,16,36,2,8,10,,4,5,1,,,,5,1,,,,,"Pettengill, Ryan S","Jacobs, Janet K",,,,,rsp120030,ryan pettengill,U S  History Survey to Civil War 
HIST,1301,001,1,10,14,10,15,6,10,5,2,2,5,,8,0,,,,,"Lester, Carole N","Yates, Kathryn L",,,,,cxl116430,carole lester,U S  History Survey to Civil War 
STAT,4382,001,5,6,7,2,2,8,4,9,8,,8,10,15,4,,1,,,"Koshevnik, Yuly","Bu, Yashi",,,,,yxk055000,yuly koshevnik,Stochastic Processes 
HIST,1302,006,,6,6,12,17,11,8,11,5,4,5,1,2,0,,,,,"Johnson, Yvonne","Goldmann, Kerry",,,,,yxj172130,yvonne johnson,U S  History Survey from Civil War 
ECON,2301,002,,23,10,29,9,7,2,2,,,,,6,1,,,,,"Chen, Zhengyang",,,,,,zxc151030,zhengyang chen,Principles of Macroeconomics 
NSC,4354,001,5,15,17,10,11,8,9,7,2,,2,1,1,1,,,,,"Raboune, Siham","Brougher, Jackson J",,,,,sxr180071,siham raboune,Integrative Neuroscience 
HIST,1302,003,2,24,24,15,10,2,,3,,,2,,6,1,,,,,"Klimchock, Carolee","Ssali, Madiina",,,,,cxk180016,carolee klimchock,U S  History Survey from Civil War 
ECON,2302,003,6,16,9,14,20,9,8,2,1,1,2,1,,0,,,,,"Ahmadi, Maryam",,,,,,mxa143930,maryam ahmadi,Principles of Microeconomics 
BLAW,2301,001,,9,6,9,19,10,8,6,10,,5,,7,0,,,,,"Betanzos, Christina L",,,,,,clb120030,christina betanzos,Business and Public Law 
BIOL,3361,001,12,12,8,4,3,8,,7,10,4,6,4,6,6,,,,,"Spiro, Stephen","Marsh, Robert","Krishnamohan, Aishwarya","Villones, Rhiza Lyne","Soladogun, Adedamola S","Marco, Belle",sxs067400,stephen spiro,Biochemistry I 
BLAW,2301,004,,14,6,8,14,4,9,4,6,1,4,1,14,5,,,,,"Polze, Matthew M","Anwer, Jordan J",,,,,mmp062000,matthew polze,Business and Public Law 
BLAW,2301,003,,16,7,10,18,4,5,1,8,1,3,,14,3,,,,,"Polze, Matthew M","Anwer, Jordan J",,,,,mmp062000,matthew polze,Business and Public Law 
HIST,1302,005,,5,9,11,16,11,9,8,3,5,4,1,6,2,,,,,"Johnson, Yvonne","Hoosein, Nausheen",,,,,yxj172130,yvonne johnson,U S  History Survey from Civil War 
BLAW,2301,002,,19,6,11,13,2,9,3,10,,4,1,11,1,,,,,"Polze, Matthew M","Anwer, Jordan J",,,,,mmp062000,matthew polze,Business and Public Law 
BLAW,2301,006,,16,6,6,8,12,7,10,10,,6,,8,1,,,,,"Betanzos, Christina L",,,,,,clb120030,christina betanzos,Business and Public Law 
HIST,3374,001,,20,10,9,14,14,5,2,6,2,,,7,0,,1,,,"Channell, David",,,,,,channell,david channell,American Technological Development 
BIOL,4380,001,,,,,,,,,,,,,,0,,,,,"Borovkov, Irina G","Nowak, Chance M","Brathaban, Nivetha","Wei, Hong","Devaki, Bharath",,ixb053000,irina borovkov,Cell and Molecular Biology Laboratory 
NSC,3361,004,6,8,11,8,13,5,13,9,10,,2,,5,3,,,,,"Taylor, Anna M","dos Santos, Natalia Lucia",,,,,amt180004,anna taylor,Introduction to Neuroscience 
PSY,3392,001,5,11,20,9,15,4,6,7,2,6,2,,3,3,,,,,"Grant, Meridith G","Terry, Courtney",,,,,mga061000,meridith grant,Research Design and Analysis 
PSY,3392,002,4,14,10,13,15,11,10,9,2,1,2,,1,1,,,,,"Grant, Meridith G","Poudel, Sonali",,,,,mga061000,meridith grant,Research Design and Analysis 
ECON,2301,003,3,18,2,7,13,1,4,20,4,1,6,2,11,1,,,,,"Ketsler, Luba","Shi, Tianjian","Li, Yanting",,,,lxk010300,luba ketsler,Principles of Macroeconomics 
ECON,2302,001,15,27,15,9,15,3,4,2,1,,,,2,0,,,,,"McElroy, Susan","Nguyen, Hien T","Zhang, Licheng",,,,skm028000,susan mcelroy,Principles of Microeconomics 
ARTS,1301,002,5,17,27,7,11,15,,2,,,,1,6,1,,,,,"DeWitte, Debra J","Guyot, Natacha",,,,,djd011500,debra dewitte,Exploration of the Arts 
ACCT,6292,SS1,,41,,,46,1,1,3,,,,,,2,,,,,"Linsteadt, Chris C",,,,,,ccl019000,chris linsteadt,
ECON,2302,002,28,27,8,12,8,1,1,2,2,,2,,2,1,,,,,"McElroy, Susan","Nguyen, Hien T","Zhang, Licheng",,,,skm028000,susan mcelroy,Principles of Microeconomics 
CRIM,1301,001,34,29,8,,7,7,1,2,2,,,1,2,1,,,,,"Polk, Elmer O","Kanvinde, Vrishali",,,,,peo091000,elmer polk,Introduction to Criminal Justice 
MAS,6102,002,,,,,,,,,,,,,3,1,,,,91,"Brookshire, Susan","Chen, Lixuan","Rajpal, Kuldeep",,,,sxb170130,,Professional Development 
CS,6301,004,,89,5,,,,,,,,,,,1,,,,,"Nagar, Anurag","Shams, Shahab","Wang, Yigong",,,,axn112530,anurag nagar,Special Topics in Computer Science 
NSC,4V90,001,,80,8,2,1,,2,,1,,,,,0,,,,,"Moller, Aage R","Zuppichini, Mark D",,,,,amoller,aage moller,Special Topics in Neuroscience 
CS,3341,004,22,14,7,10,8,5,5,5,4,1,4,,10,1,,,,,"Whalen, Tristan G","Lutz, Kevin C",,,,,tgw100020,tristan whalen,Probability and Statistics in Computer Science and Software Engineering 
PSY,3331,001,5,10,8,8,10,10,5,13,9,5,,3,9,1,,,,,"Kane, Heidi S","Wu, Sining",,,,,hsk140330,heidi kane,Social Psychology 
NSC,4356,002,,50,,,28,,,16,,,3,,,0,,,,,"Sultana, Rukhsana","Abdelkarim, Dema H",,,,,rxs170431,rukhsana sultana,Neurophysiology 
FILM,2332,001,,4,6,8,11,17,5,7,9,4,4,6,12,4,,,,,"Petty, John E","Peck, Jenna",,,,,jep140330,john petty,Understanding Film 
MAS,6V09,SS1,,77,,,14,,,3,,,,,,4,,,,,"Johnson, Jennifer",,,,,,jxj091000,jennifer johnson,
ARTS,1301,001,3,25,28,7,7,3,2,6,3,,2,,9,0,,,,,"DeWitte, Debra J","McClure, Lindsey K",,,,,djd011500,debra dewitte,Exploration of the Arts 
ACCT,6194,SS1,,66,,,25,,,6,,,,,,2,,,,,"Johnson, Jennifer",,,,,,jxj091000,jennifer johnson,
BA,1100,301,,,,,,,,,,,,,,0,,,,,"Henderson, Tom",,,,,,txh093000,tom henderson,Business Basics 
SPAU,3345,001,12,19,4,6,23,4,10,11,,1,5,,2,3,,,,,"Walsh, Diane G","Hiebert, Lindsey A",,,,,dxg022000,diane walsh,Neural Basis of Communication 
BA,1100,001,,39,4,1,9,,,5,,,1,1,40,0,,,,,"Henderson, Tom",,,,,,txh093000,tom henderson,Business Basics 
ACCT,6291,SS1,,75,,,16,,,1,,,,,,10,,,,,"Zolton, Kathy",,,,,,kxz121730,kathy zolton,
PSY,2314,001,5,32,13,11,11,8,7,4,3,,4,,1,4,,,,,"Santrock, John W","Ralph, Yvonne K",,,,,santrock,john santrock,Lifespan Development 
PSCI,4348,001,25,49,12,4,5,2,1,1,,,,,3,1,,,,,"Larue, Patrick",,,,,,pxl111020,patrick larue,Terrorism 
BIOL,3361,002,6,16,4,5,13,8,7,9,5,6,4,5,5,11,,2,,,"Taylor, Stephanie M","Dey, Sanchareeka","Krishnamohan, Aishwarya","Soladogun, Adedamola S","Marco, Belle","Villones, Rhiza Lyne",smt031000,stephanie taylor,Biochemistry I 
MECH,4110,201,,,,,,,,,,,,,,0,,,,,"Li, Yaoyu","Kumar, Devesh","Wu, Zhongyou","Li, Changyuan",,,yxl115230,yaoyu li,Systems and Controls Laboratory 
BIOL,4345,001,2,28,11,13,23,12,4,6,,,4,,,3,,1,,,"Burr, John G",,,,,,burr,john burr,Immunobiology 
CS,3341,002,43,40,14,5,3,1,,1,1,,,,1,1,,,,,"Gel, Yulia","Soliman, Marwah M",,,,,yxg142030,yulia gel,Probability and Statistics in Computer Science and Software Engineering 
PSY,3310,501,,45,17,13,12,5,5,6,3,1,,3,,0,,,,,"Bonner, Deborah L","Fowler, Mariah L",,,,,dbonner,deborah bonner,Child Development 
CS,3341,003,28,8,10,7,8,9,8,6,5,3,4,3,11,0,,,,,"Whalen, Tristan G","Ruberu, Thanthirige Lakshika M",,,,,tgw100020,tristan whalen,Probability and Statistics in Computer Science and Software Engineering 
COMD,6222,001,,110,,,2,,,,,,,,,0,,,,,"Lougeay, Janice",,,,,,lougeay,,Stuttering 
BIOL,2281,002,,,,,,,,,,,,,,0,,,,,"Lin, Wen J","Mehta, Iti","Hill, Brenna R","Pickett, Elizabeth A","Do, Hung P",,wenju,wen ju lin,Introductory Biology Laboratory 
CHEM,3322,001,5,11,10,8,12,17,10,10,6,3,8,5,7,2,,,,,"Nielsen, Steven","Ranathunga, Dineli T",,,,,son051000,steven nielsen,Physical Chemistry II 
PSY,3361,501,38,21,6,10,15,2,5,9,1,,1,,4,2,,,,,"Roark, Dana A","Stouffer, Kari K",,,,,danar,dana roark,Cognitive Psychology 
CS,6350,001,,33,32,32,17,,,,,,,,1,0,,,,,"Khan, Latifur R","Bahojb Imani, Maryam","Skorupa Parolin, Erick",,,,lkhan,latifur khan,Big Data Management and Analytics 
BIOL,3318,001,34,30,23,6,11,5,4,,,,1,,,1,,,,,"Henson, Uyen N",,,,,,unh130030,uyen henson,Forensic Biology 
ECS,3361,004,1,6,21,17,25,14,15,10,2,2,,,2,2,,,,,"Wilt, James C",,,,,,jcw140130,james wilt,Social Issues and Ethics in Computer Science and Engineering 
STAT,2332,002,36,16,10,7,11,5,11,3,8,4,,1,3,3,,,,,"Shin, Sunyoung","Yuan, Xiaochen",,,,,sxs177233,sunyoung shin,Introductory Statistics for Life Sciences 
BIOL,3302,001,10,11,13,11,9,14,15,11,7,5,5,3,1,3,,,,,"Sarcar, Subha N","Srikanth, Uma","Tandon, Neha Ramesh","Nawas, Afshan Fathima","Bhat, Vandita D",,sns064000,subha sarcar,Eukaryotic Molecular and Cell Biology 
ECS,3361,501,,15,21,24,27,10,8,3,2,5,,,1,2,,,,,"Wilt, James C",,,,,,jcw140130,james wilt,Social Issues and Ethics in Computer Science and Engineering 
ECS,3361,002,7,33,22,22,20,3,4,4,1,,1,,,1,,,,,"Mezenner, Rabah",,,,,,rxm129730,rabah mezenner,Social Issues and Ethics in Computer Science and Engineering 
ECS,3361,003,4,28,24,22,20,7,6,3,1,2,1,,,0,,,,,"Mezenner, Rabah",,,,,,rxm129730,rabah mezenner,Social Issues and Ethics in Computer Science and Engineering 
ECS,3361,001,7,32,24,25,12,10,4,2,,1,,,1,0,,,,,"Mezenner, Rabah",,,,,,rxm129730,rabah mezenner,Social Issues and Ethics in Computer Science and Engineering 
AHST,1303,002,5,19,9,10,6,8,6,11,7,5,4,2,13,13,,,,,"Goode, Dianne H","Kennington, Harper R",,,,,dgoode,dianne goode,Survey of Western Art History  Ancient to Medieval 
AHST,1303,001,9,19,9,17,12,10,6,9,5,4,1,2,7,9,,1,,,"Goode, Dianne H","Dunbar, Amanda R",,,,,dgoode,dianne goode,Survey of Western Art History  Ancient to Medieval 
STAT,2332,003,36,18,17,15,12,2,3,6,4,2,3,1,,1,,,,,"Estacio-Hiroms, Kemelli","Rajapaksha, Rajapaksha Mudalige S",,,,,kxe160930,kemelli estacio hiroms,Introductory Statistics for Life Sciences 
NSC,4366,001,13,18,12,6,9,11,10,5,3,,19,,10,5,,1,,,"Taylor, Anna M","Rakic, Jelena",,,,,amt180004,anna taylor,Neuroanatomy 
CHEM,2325,004,4,16,6,12,12,14,11,7,6,9,9,,11,4,,1,,,"Cortes, Sergio J",,,,,,scortes,sergio cortes,Introductory Organic Chemistry II 
GOVT,2306,003,5,13,6,9,12,13,3,8,14,4,4,10,18,3,,,,,"Hadley, Travis","Mutesi, Mireille",,,,,txh180023,travis hadley,State and Local Government 
PSY,3360,001,23,7,21,14,21,9,10,4,1,2,3,,5,2,,,,,"Assmann, Peter","Gryder, Kieth",,,,,assmann,peter assmann,Historical Perspectives on Psychology  Mind and Machines since 1600 
SOC,4372,001,15,47,31,11,9,3,2,5,,,,,,1,,,,,"Scotch, Richard","Zaychik, Danielle",,,,,scotch,richard scotch,Health and Illness 
PSCI,3322,001,6,5,10,13,8,21,9,8,10,,7,,5,23,,,,,"Miller, Banks","Gathman, Adrienne E",,,,,bxm093000,banks miller,Constitutional Law 
GOVT,2305,002,3,8,18,10,28,10,11,13,8,3,5,1,6,2,,,,,"Gray, Thomas","Gutierrez Mannix, Carlos Daniel",,,,,txg171430,thomas gray,American National Government 
PSY,3331,501,,32,12,12,19,7,6,15,5,5,6,,5,3,,1,,,"Huxtable-Jester, Karen J","Zhu, Yiyi",,,,,kxh014900,karen huxtable jester,Social Psychology 
PSY,2301,003,16,16,14,15,10,16,9,7,5,4,2,2,10,2,,,,,"Brody, Salena M","Cavazos, Jacqueline G",,,,,smb051000,salena brody,Introduction to Psychology 
HLTH,3315,001,,1,14,14,24,30,12,13,13,1,4,1,,1,,,,,"Byrnes, Kathleen A",,,,,,kab019000,kathleen byrnes,Issues in Patient Education 
PSY,2301,002,,49,14,17,16,6,10,6,3,2,,3,1,1,,,,,"Sasson, Noah J","Helfers, Samantha",,,,,njs092000,noah sasson,Introduction to Psychology 
PSY,2301,004,,30,14,17,11,15,9,10,5,7,,4,2,5,,,,,"Sasson, Noah J","Helfers, Samantha",,,,,njs092000,noah sasson,Introduction to Psychology 
ECON,2301,001,4,23,4,9,29,6,8,18,4,1,7,2,12,2,,,,,"Ketsler, Luba","Shi, Tianjian","Li, Yanting",,,,lxk010300,luba ketsler,Principles of Macroeconomics 
PSY,2301,001,16,17,23,11,9,12,6,11,3,3,1,3,11,4,,,,,"Brody, Salena M","Knoch, Desiree'",,,,,smb051000,salena brody,Introduction to Psychology 
PHYS,2325,004,30,18,9,24,18,9,8,8,,,,,3,3,,,,,"Zakhidov, Anvar A","Cherepanov, Stanislav M",,,,,zakhidov,anvar zakhidov,Mechanics 
SPAU,3304,001,11,17,13,9,22,19,10,7,6,4,7,1,2,2,,,,,"Walsh, Diane G","Evans, Delaney L",,,,,dxg022000,diane walsh,Communication Sciences 
SPAU,3340,001,51,64,2,6,3,,1,1,,1,,,1,0,,,,,"Aldridge, Michelle A",,,,,,aldridge,michelle aldridge,Articulation Disorders 
CHEM,2323,001,10,13,7,9,11,11,11,11,14,6,8,,14,6,,,,,"Lee, Jiyong",,,,,,jxl127631,jiyong lee,Introductory Organic Chemistry I 
ISNS,2367,0W1,49,49,6,8,14,,1,1,2,1,,2,1,0,,,,,"Pujana, Ignacio",,,,,,pujana,ignacio pujana,The Oceans 
ISNS,2367,0W2,53,33,13,11,6,8,,3,2,1,,3,,2,,,,,"Pujana, Ignacio",,,,,,pujana,ignacio pujana,The Oceans 
CHEM,2323,002,14,33,14,22,11,11,8,6,5,4,5,,4,6,,,,,"Thompson, Christina M",,,,,,cmt120030,christina thompson,Introductory Organic Chemistry I 
CHEM,2325,002,13,30,12,16,16,17,7,5,6,7,2,,8,3,,,,,"Stefan, Mihaela C",,,,,,mci071000,mihaela stefan,Introductory Organic Chemistry II 
CHEM,2325,005,12,25,6,14,14,19,16,12,3,4,6,7,4,1,,,,,"Ahn, Jung-Mo",,,,,,jxa041100,jung mo ahn,Introductory Organic Chemistry II 
CHEM,2325,001,10,33,5,13,14,14,9,6,12,8,5,,10,5,,,,,"Panapitiya, Nimanka P",,,,,,npp081000,nimanka panapitiya,Introductory Organic Chemistry II 
GOVT,2306,002,,13,14,10,28,15,5,25,7,5,6,3,10,3,,,,,"Larue, Patrick","Dzanie, Raphael K","Lodhi, Zahra",,,,pxl111020,patrick larue,State and Local Government 
CHEM,2325,003,17,34,9,26,12,7,9,5,6,5,5,,6,4,,,,,"Panapitiya, Nimanka P",,,,,,npp081000,nimanka panapitiya,Introductory Organic Chemistry II 
STAT,2332,001,25,23,15,23,19,7,5,11,7,1,4,,3,2,,,,,"Estacio-Hiroms, Kemelli","de Silva, Galappaththige Sajith R","Yuan, Xiaochen",,,,kxe160930,kemelli estacio hiroms,Introductory Statistics for Life Sciences 
PHYS,2326,001,1,40,11,11,13,16,12,8,12,3,4,5,10,0,,,,,"Da Silveira Rodrigues, Fabiano","Choi, Miyoung","Timms, Christopher I",,,,fxd121030,fabiano rodrigues,Electromagnetism and Waves 
MECH,4382,201,,,,,,,,,,,,,,0,,,,,"Hart, Robert A","Gravell, Jamie D","Upasham, Sayali S",,,,rxh124630,robert hart,Senior Design Project II 
HLTH,3101,0W2,,132,,,10,,,3,,,1,,2,2,,,,,"Sandon, Lona",,,,,,lxs095000,lona sandon,Medical Terminology 
HLTH,3101,0W1,,135,,,10,,,1,,,2,,1,1,,,,,"Sandon, Lona",,,,,,lxs095000,lona sandon,Medical Terminology 
AHST,2331,001,16,53,13,5,13,7,2,13,2,2,2,2,13,8,,,,,"Terranova, Charissa","Anderson, Linda K","Brunetti, Francesca","Alanis Perez, Alan Isaac",,,cxt074100,charissa terranova,Understanding Art 
PSY,3310,001,,34,21,20,22,16,8,9,6,4,1,2,10,0,,,,,"Nelson Taylor, Jackie A","Villarreal, Deyaun L",,,,,jan110030,jackie nelson,Child Development 
BIOL,3456,001,,,,,,,,,,,,,,0,,,,,"Yu, Wen H","Venkitapathi, Sundharamani","Li, Yibo",,,,why061000,wen ho yu,Human Anatomy and Physiology with Lab II 
ATCM,2300,001,,64,33,14,23,2,5,9,1,,1,,8,2,,1,,,"Balsamo, Anne",,,,,,axb161831,anne balsamo,Introduction to TechnoCulture 
GOVT,2306,501,4,4,11,6,15,19,13,12,19,14,13,6,18,10,,,,,"Hadley, Travis","Zengin, Abdullah Furkan",,,,,txh180023,travis hadley,State and Local Government 
BIOL,3380,001,,,,,,,,,,,,,,0,,,,,"Rippel, Scott A","Pan, Jing","Bian, Fang","Groover, Isaac A","Thomas-Jardin, Shayna E","Tiruchendurai Suryan, Saai Anugraha",rippel,scott rippel,Biochemistry Laboratory 
NSC,4352,001,33,10,25,18,14,9,18,5,9,7,7,3,11,4,,,,,"Kroener, Sven",,,,,,sxk101000,sven kroener,Cellular Neuroscience 
HIST,1302,001,,11,38,15,20,21,10,12,5,4,1,2,33,3,,1,,,"Schulze, Jeffrey","Williams, Harold T","K. Khiabani, Elham C",,,,jxs072200,jeffrey schulze,U S  History Survey from Civil War 
NSC,4358,001,12,63,53,17,14,6,3,2,,,1,1,1,4,,,,,"Price, Theodore J","Wangzhou, Andi",,,,,tjp140130,theodore price,Neuroscience of Pain 
HIST,1302,002,,2,24,15,27,34,17,12,12,5,5,4,16,4,,,,,"Schulze, Jeffrey","Hirshberg, Jeffrey","Lopez, Clara Marsela",,,,jxs072200,jeffrey schulze,U S  History Survey from Civil War 
HIST,1302,007,15,81,20,8,21,8,4,7,2,1,1,1,5,4,,,,,"Stewart, Whitney","Davis, Lauren R","Esmail, Fatima N",,,,wxs160630,whitney stewart,U S  History Survey from Civil War 
PSY,4343,001,61,69,17,13,9,4,,2,1,,,,1,2,,,,,"Schwark, Gayle","Adelson, Megan J",,,,,gxs180015,gayle schwark,Abnormal Psychology 
CHEM,1312,001,2,18,8,7,26,8,1,11,19,6,6,20,41,15,,,,,"Gavva, Sandhya R",,,,,,sgavva,sandhya gavva,General Chemistry II 
PHYS,2325,501,3,12,54,35,19,25,13,3,5,6,3,4,5,5,,,,,"Penev, Kaloyan","Romero, Angel E",,,,,kxp174430,kaloyan penev,Mechanics 
CHEM,1312,002,,18,9,2,18,9,11,19,15,1,15,18,57,16,,1,,,"Gavva, Sandhya R",,,,,,sgavva,sandhya gavva,General Chemistry II 
MECH,1208,001,12,49,46,41,36,9,7,3,2,1,4,,5,0,,,,,"Fadda, Dani Z","Rios, Oziel","Bay, Joel T","Hatamleh, Mohammad I","Mueller, Matthew W",,dzf091000,dani fadda,Introduction to Mechanical Engineering II 
GEOS,1303,0W1,136,30,12,6,10,6,1,5,3,,1,2,2,4,,,,,"Pujana, Ignacio",,,,,,pujana,ignacio pujana,Physical Geology 
BIOL,2312,002,32,52,38,27,28,15,8,8,11,5,3,,1,4,,,,,"Wilson, Michelle",,,,,,mxw084000,michelle wilson,Introduction to Modern Biology II 
BIOL,3455,501,,,,,,,,,,,,,,0,,,,,"Ramirez, Ruben D","Zhang, Bei","Karkar, Akash V","Langley, Lyndsey E","Ma, Timothy","Petter, Andrew T",rdr092000,ruben ramirez,Human Anatomy and Physiology with Lab I 
PHYS,2325,001,7,29,41,35,34,25,15,17,7,,15,,13,6,,,,,"Kolodrubetz, Michael","Wettasinghe, Ashan P",,,,,mxk177330,michael kolodrubetz,Mechanics 
GOVT,2306,005,5,15,13,26,34,30,27,26,12,5,16,3,25,8,,,,,"Lowry, Robert C","Das, Soham","Rhyu, Kyunghee",,,,rcl062000,robert lowry,State and Local Government 
PHYS,2325,002,53,30,24,49,23,20,7,11,4,2,5,3,5,10,,,,,"Goeckner, Matthew","Bhattacharjee, Koustubh",,,,,goeckner,matthew goeckner,Mechanics 
CHEM,1311,001,15,25,10,17,26,26,17,22,22,10,9,14,25,12,,,,,"Sra, Amandeep K","Shahrivarkevishahi, Arezoo",,,,,aks057000,amandeep sra,General Chemistry I 
BIOL,2311,001,22,21,17,14,29,28,24,26,18,9,12,16,4,9,,1,,,"Srikanth, Uma","Sankaranarayanan, Ishwarya","Upreti, Chahat","Ray, Ashvini","Balconi-Lamica, Patricia M",,ukrish,uma srikanth,Introduction to Modern Biology I 
PHYS,2325,003,36,129,17,8,15,11,12,9,6,,1,1,2,2,,,,,"Slinker, Jason D","Jha, Sauraj",,,,,jds107020,jason slinker,Mechanics 
PHYS,1301,001,,119,,,59,,,44,,,11,,10,8,,,,,"Stoneback, Russell A","Xie, Weihua","Asaadzade, Asiye",,,,rstoneba,,College Physics I 
PHYS,1302,001,95,32,26,28,16,11,6,6,4,3,4,2,12,7,,,,,"Shi, Xiaoyan","Kakani, Vivek M","Xu, Xiaotao",,,,xxs151730,xiaoyan shi,College Physics II 
PHYS,2326,501,20,45,,16,40,13,25,16,16,,34,,15,13,,,,,"Glosser, Robert","Choi, Miyoung",,,,,glosser,robert glosser,Electromagnetism and Waves 
CHEM,1312,004,6,27,28,20,19,18,16,25,27,8,5,8,39,7,,,,,"Dieckmann, Gregg","Alberto, Kevin A","Khan, Amber",,,,dieckgr,gregg dieckmann,General Chemistry II 
BIOL,2312,001,9,43,59,25,33,39,13,9,11,4,2,1,4,1,,,,,"Wilson, Michelle","Cao, Lian","Salamat, Narges","Sivakolundu, Dinesh Keran","Smith, Patrick R","Yetkin, Celal E",mxw084000,michelle wilson,Introduction to Modern Biology II 
CHEM,1312,005,6,21,25,19,24,24,16,22,33,13,18,8,19,6,,,,,"Huang, Yu",,,,,,yxh091220,yu huang,General Chemistry II 
CHEM,1312,003,8,30,18,19,26,23,15,24,29,15,8,9,25,5,,,,,"Dieckmann, Gregg","Alberto, Kevin A","Khan, Amber",,,,dieckgr,gregg dieckmann,General Chemistry II 
CS,4485,001,41,126,51,21,8,5,1,,,,,1,,0,,,,,"Razo Razo, Miguel A","Veerasamy, Jeyakesavan",,,,,mrazora,miguel razo,Computer Science Project 
ISNS,2359,0W2,17,89,40,21,32,12,9,12,6,,4,,10,5,,,,,"Shilpakar, Prabin","Haque, Ziaul",,,,,pxs077000,prabin shilpakar,Earthquakes and Volcanoes 
ISNS,2359,0W1,26,101,46,27,23,11,5,6,2,,5,,6,1,,,,,"Shilpakar, Prabin","Haque, Ziaul",,,,,pxs077000,prabin shilpakar,Earthquakes and Volcanoes 
HUMA,1301,002,154,21,16,30,23,6,6,1,1,1,1,3,2,2,,,,,"Ingrao, Peter J","Zawng, Ze","Spencer, Brandy D","Escalante, Elizabeth R","Suller, Cristian Carlo L",,jingrao,peter ingrao,Exploration of the Humanities 
HUMA,1301,001,176,22,13,20,15,12,3,2,,,,2,,3,,,,,"Ingrao, Peter J","Griffin, Janna L","Koo, So Y","Mei, Kehan","Altree, Margaux B",,jingrao,peter ingrao,Exploration of the Humanities 
BIOL,3362,001,9,41,17,25,60,30,23,22,12,9,7,,13,1,,1,,,"Candas, Mehmet","Reitzer, Lawrence","McDill, Parker M","Sudarshan, Sushmita","Daescu, Kelly J","Song, Ming",candas,mehmet candas,Biochemistry II 
GOVT,2305,003,4,15,15,13,42,28,17,41,16,12,25,5,53,5,,,,,"Larue, Patrick","Dzanie, Raphael K","Lodhi, Zahra",,,,pxl111020,patrick larue,American National Government 
BIOL,3301,001,1,13,32,36,56,49,36,29,15,6,8,3,2,8,,,,,"Dejong, Jeff L","Campbell, Zachary","Kunder, Nikesh Prakash","Shukla, Tarjani","Jiang, Xianli","Ullrich, Morgan S",dejong,jeff dejong,Classical and Molecular Genetics 
NSC,3361,001,16,34,31,17,23,25,21,23,47,20,7,10,12,9,,,,,"McWilliams, Steven P","Eroh, Justin T",,,,,sxm127330,steven mcwilliams,Introduction to Neuroscience 
HLTH,1100,001,,18,112,15,77,40,9,14,4,,3,,,3,,,,,"Byrnes, Kathleen A",,,,,,kab019000,kathleen byrnes,Career Explorations for the Health Professions 
BIOL,2281,001,,,,,,,,,,,,,,0,,,,,"Hill, Brenna R","Pickett, Elizabeth A","Mehta, Iti","Lin, Wen J","Shashikanth Raj Urs, Karthik Urs Bangalore",,brh140230,brenna hill,Introductory Biology Laboratory 
GOVT,2306,004,83,83,51,25,15,15,6,1,8,,,5,5,2,,,,,"Lowe, Evan","Sanchez De La Rosa, Andres Ricardo","Salvador, Estefania F",,,,exl171930,evan lowe,State and Local Government 
GOVT,2305,001,12,36,63,42,26,39,21,18,16,5,1,7,10,4,,,,,"Lowe, Evan","Sanchez De La Rosa, Andres Ricardo","Salvador, Estefania F",,,,exl171930,evan lowe,American National Government 
GOVT,2306,001,,56,65,41,37,37,18,11,12,4,6,3,7,3,,,,,"Elliott, Euel W","Latiolais, Jasmine R","Johnson, Sara K",,,,eelliott,euel elliott,State and Local Government 
