Subject,Catalog Nbr,Section,A+,A,A-,B+,B,B-,C+,C,C-,D+,D,D-,F,CR,I,NC,W,P,Instructor 1,Instructor 2,Instructor 3,Instructor 4,Instructor 5,Instructor 6,instructor_id,instructor_name_normalized,title
ACCT,2301,001,2,7,5,8,8,7,3,6,1,3,3,,9,,,,1,,"Zhang, Jieying","Ozel, Naim Bugra","Tazhibayev, Galymzhan","Banik, Dipta",,,jxz146230,jieying zhang,Introductory Financial Accounting 
ACCT,2301,002,4,9,8,9,4,9,9,6,2,3,3,1,,,,,,,"Ozel, Naim Bugra","Zhang, Jieying","Tazhibayev, Galymzhan","Banik, Dipta",,,nbo150030,naim ozel,Introductory Financial Accounting 
ACCT,2301,003,9,9,4,6,4,5,12,3,1,3,1,,4,,,,3,,"Ozel, Naim Bugra","Zhang, Jieying","Tazhibayev, Galymzhan","Banik, Dipta",,,nbo150030,naim ozel,Introductory Financial Accounting 
ACCT,2301,004,5,9,7,8,3,11,10,4,2,1,2,,3,,,,2,,"Ozel, Naim Bugra","Zhang, Jieying","Tazhibayev, Galymzhan","Banik, Dipta",,,nbo150030,naim ozel,Introductory Financial Accounting 
ACCT,2301,005,7,5,5,6,8,6,4,3,6,5,,2,6,,,,3,,"Ozel, Naim Bugra","Zhang, Jieying","Tazhibayev, Galymzhan","Banik, Dipta",,,nbo150030,naim ozel,Introductory Financial Accounting 
ACCT,2301,006,3,4,8,10,2,4,4,6,6,6,4,4,2,,,,3,,"Ozel, Naim Bugra","Zhang, Jieying","Tazhibayev, Galymzhan","Banik, Dipta",,,nbo150030,naim ozel,Introductory Financial Accounting 
ACCT,2301,007,14,6,6,4,2,5,,,,,,,1,,,,2,,"Liu, Ruichao",,,,,,rxl200023,,Introductory Financial Accounting 
ACCT,2301,501,7,3,4,7,3,2,3,2,,,1,,5,,,,2,,"Chen, Hangu",,,,,,hxc200040,hangu chen,Introductory Financial Accounting 
ACCT,2301,HON,17,11,5,5,7,5,2,7,,,1,1,2,,,,1,,"Bortz, Tiffany A","Goel, Simran",,,,,tabortz,tiffany bortz,Introductory Financial Accounting 
ACCT,2302,001,22,3,5,11,2,4,1,2,1,,5,2,,,,,2,,"Kim, Tae Wook","Ai, Lanru",,,,,txk230025,tae kim,Introductory Management Accounting 
ACCT,2302,002,2,4,6,8,10,4,10,5,2,5,,,4,,,,,,"Sinha, Kirti","Kwon, Yeongmin",,,,,kxs190050,kirti sinha,Introductory Management Accounting 
ACCT,2302,003,3,7,9,4,4,11,6,5,2,2,4,1,1,,,,1,,"Sinha, Kirti","Kwon, Yeongmin",,,,,kxs190050,kirti sinha,Introductory Management Accounting 
ACCT,2302,004,2,5,1,4,6,1,3,7,7,2,5,,11,,,,5,,"Dai, Zhonglan","Zhou, Junfei",,,,,zxd051000,zhonglan dai,Introductory Management Accounting 
ACCT,2302,005,1,7,5,8,8,8,6,7,2,2,2,,3,,,,1,,"Sinha, Kirti","Kwon, Yeongmin",,,,,kxs190050,kirti sinha,Introductory Management Accounting 
ACCT,2302,006,20,10,7,1,8,4,,5,2,,1,,1,,,,1,,"Zolton, Kathy","Shivaani, MV",,,,,kxz121730,kathy zolton,Introductory Management Accounting 
ACCT,2302,007,22,2,10,13,1,3,,1,1,,,4,,,,,1,,"Kim, Tae Wook","Ai, Lanru",,,,,txk230025,tae kim,Introductory Management Accounting 
ACCT,2302,008,1,6,,1,6,,4,4,2,1,6,,9,,,,6,,"Dai, Zhonglan","Zhou, Junfei",,,,,zxd051000,zhonglan dai,Introductory Management Accounting 
ACCT,2302,009,2,7,1,4,5,6,5,8,,,3,2,6,,,,4,,"Dai, Zhonglan","Zhou, Junfei",,,,,zxd051000,zhonglan dai,Introductory Management Accounting 
ACCT,2302,010,6,3,7,8,5,5,6,5,4,1,2,,4,,,,1,,"Janakiraman, Surya N","Ai, Lanru",,,,,suryaj,surya janakiraman,Introductory Management Accounting 
ACCT,2302,501,8,9,5,5,8,3,6,6,1,3,1,2,,,,,,,"Pereira Pinto, Jedson","Kim, Jongha",,,,,jpp200002,jedson pinto,Introductory Management Accounting 
ACCT,3312,001,35,5,5,4,5,3,1,,,,,,1,,,,1,,"Pereira Pinto, Jedson","Kim, Jongha",,,,,jpp200002,jedson pinto,Fundamentals of Accounting Analytics 
ACCT,3312,002,16,4,3,16,6,5,4,3,1,,,2,,,,,,,"Pereira Pinto, Jedson","Kim, Jongha",,,,,jpp200002,jedson pinto,Fundamentals of Accounting Analytics 
ACCT,3322,001,2,11,5,2,10,4,2,2,2,,2,,2,,,,1,,"Goodrich, Mary Beth W","Patne, Saylee Pramod",,,,,goodrich,mary beth goodrich,Accounting Transaction Processing and Control 
ACCT,3331,001,6,7,2,2,5,5,3,8,3,,2,2,,,,,1,,"Zhou, Yibin","Mariano, Dylan N",,,,,yxz066000,yibin zhou,Intermediate Financial Accounting I 
ACCT,3331,002,7,6,6,10,5,2,4,5,2,1,,,,,,,,,"Zhou, Yibin","Mariano, Dylan N",,,,,yxz066000,yibin zhou,Intermediate Financial Accounting I 
ACCT,3331,501,2,2,4,4,6,5,4,6,,,,,2,,,,3,,"Solcher, Steven J","Mariano, Dylan N",,,,,sjs107020,steven solcher,Intermediate Financial Accounting I 
ACCT,3332,001,5,9,2,5,8,1,3,5,1,5,5,6,3,,,,8,,"Bortz, Tiffany A","Goel, Simran",,,,,tabortz,tiffany bortz,Intermediate Financial Accounting II 
ACCT,3332,501,,1,1,2,6,7,4,2,1,,3,,2,,,,3,,"Cheng, Samuel",,,,,,sxc109021,samuel cheng,Intermediate Financial Accounting II 
ACCT,3341,001,6,5,5,7,7,6,2,4,6,,,,,,,,,,"Sadka, Gil","Parupati, Sunil K",,,,,gxs143630,gil sadka,Cost Management Systems 
ACCT,3341,501,3,5,4,8,12,7,1,2,4,,,,2,,,,,,"Sadka, Gil","Parupati, Sunil K",,,,,gxs143630,gil sadka,Cost Management Systems 
ACCT,3341,PPA,8,2,5,15,8,3,4,1,,,,,,,,,,,"Sadka, Gil","Parupati, Sunil K",,,,,gxs143630,gil sadka,
ACCT,3350,501,1,5,12,11,9,9,5,5,2,,,,,,,,1,,"Frost, Sandra M","Mariano, Dylan N",,,,,sms151730,sandra frost,Fundamentals of Taxation 
ACCT,3350,PPA,4,2,4,7,13,10,9,14,4,1,4,,1,,,,,,"Gamino, John P",,,,,,jpg140630,john gamino,
ACCT,4301,501,3,4,5,7,11,6,4,3,2,1,,,,,,,1,,"Hagen, John","Shelke, Abhishek Anil",,,,,jch013200,john hagen,Database Systems 
ACCT,4334,501,2,3,3,3,4,9,1,5,7,1,1,1,,,,,1,,"Hes, Christopher","Goel, Simran",,,,,cah041000,christopher hess,Auditing 
ACCT,4337,501,2,7,4,5,8,5,3,3,,2,1,,1,,,,1,,"Ballew, Gregory","Radhakrishnan, Shivani",,,,,geb011100,gregory ballew,Business Valuation 
ACCT,4340,001,14,8,3,3,4,2,,2,,1,,,2,,,,,,"Johnson, Jennifer G","Surani, Sanya R",,,,,jxj091000,jennifer johnson,Survey of Accounting Software 
ACCT,4342,501,6,7,16,11,5,4,8,2,1,,,,,,,,1,,"Johnson, Jennifer G","Surani, Sanya R",,,,,jxj091000,jennifer johnson,Accounting Information Systems and Financial Reporting 
ACCT,4342,PP1,10,12,6,6,2,2,,,,,,,,,,,,,"Johnson, Jennifer G","Surani, Sanya R",,,,,jxj091000,jennifer johnson,
ACCT,4342,PP2,8,12,10,4,3,,1,,,,,,,,,,,,"Johnson, Jennifer G","Surani, Sanya R",,,,,jxj091000,jennifer johnson,
ACCT,4V80,003,,,,,,,,,,,,,,13,,,,,"Bortz, Tiffany A","Radhakrishnan, Shivani",,,,,tabortz,tiffany bortz,
ACCT,4V80,PPA,,,,,,,,,,,,,,69,,,,,"Bortz, Tiffany A","Radhakrishnan, Shivani",,,,,tabortz,tiffany bortz,
ACCT,6202,501,,22,,4,8,,2,5,,,,,2,,,,1,,"Zolton, Kathy","Shivaani, MV",,,,,kxz121730,kathy zolton,Accounting for Managerial Decision Making and Control 
ACCT,6202,GW1,,11,5,4,,,,,,,,,1,,1,,,,"Sadka, Gil",,,,,,gxs143630,gil sadka,
ACCT,6202,MBC,,28,,4,7,,2,1,,,,,,,2,,,,"Zolton, Kathy","Shivaani, MV",,,,,kxz121730,kathy zolton,
ACCT,6202,MBP,,17,,4,3,,1,1,,,,,,,,,,,"Zolton, Kathy","Shivaani, MV",,,,,kxz121730,kathy zolton,
ACCT,6202,XH1,,10,3,3,1,,,1,,,,,,,,,,,"Sadka, Gil",,,,,,gxs143630,gil sadka,
ACCT,6292,S91,,43,,,24,,,4,,,,,,,,,,,"Mauriello, Joseph A",,,,,,jam151430,joseph mauriello,
ACCT,6293,S51,,37,,,34,,,,,,,,,,,,1,,"Betanzos, Christina L","Solcher, Steven J",,,,,clb120030,christina betanzos,
ACCT,6301,501,,7,11,13,13,5,3,,,,,,3,,,,3,,"Ali, Ashiq","Kwon, Yeongmin",,,,,axa042200,ashiq ali,Financial Accounting 
ACCT,6301,5W1,,17,17,9,2,,,,,,,,,,,,2,,"Solcher, Steven J","Mariano, Dylan N",,,,,sjs107020,steven solcher,Financial Accounting 
ACCT,6301,CH1,,19,,,1,,,,,,,,,,,,,,"Barden, John P",,,,,,jpb063000,john barden,
ACCT,6305,001,,20,,,4,,,3,,,,,,,,,2,,"Loumioti, Maria","Shivaani, MV",,,,,mxl175830,maria loumioti,Accounting for Managers 
ACCT,6305,002,,9,,,4,,,1,,,,,,,,,,,"Loumioti, Maria","Shivaani, MV",,,,,mxl175830,maria loumioti,Accounting for Managers 
ACCT,6305,501,,6,,,3,,,1,,,,,,,,,2,,"Loumioti, Maria","Shivaani, MV",,,,,mxl175830,maria loumioti,Accounting for Managers 
ACCT,6313,0W1,,10,2,3,3,,,1,,,,,,,,,,,"Cavusoglu, Huseyin","Li, Baorui",,,,,huseyin,huseyin cavusoglu,Cybersecurity Fundamentals 
ACCT,6330,0W1,,13,,3,16,,,14,,,,,1,,,,4,,"Cready, William M","Yayvak, Berk",,,,,wmc041000,william cready,Intermediate Financial Accounting I 
ACCT,6331,5W1,,7,9,6,6,3,2,1,,,,,,,,,1,,"Janakiraman, Surya N","Ai, Lanru",,,,,suryaj,surya janakiraman,Cost Accounting with Integrated Data Analytics 
ACCT,6332,501,,17,,,8,,1,6,,,,,1,,,,1,,"Zolton, Kathy","Shivaani, MV",,,,,kxz121730,kathy zolton,Intermediate Financial Accounting II 
ACCT,6333,0W1,,10,,,3,,,2,,,,,1,,,,,,"Zolton, Kathy","Shivaani, MV",,,,,kxz121730,kathy zolton,Advanced Financial Reporting 
ACCT,6334,S01,,5,2,2,,,,,,,,,,,,,1,,"Hes, Christopher","Goel, Simran",,,,,cah041000,christopher hes,
ACCT,6335,0W1,,18,13,10,7,3,,4,,,,,,,,,,,"Bortz, Tiffany A","Radhakrishnan, Shivani",,,,,tabortz,tiffany bortz,Ethics for Professional Accountants 
ACCT,6335,PP1,,16,6,9,5,,,,,,,,,,,,,,"Bortz, Tiffany A","Radhakrishnan, Shivani",,,,,tabortz,tiffany bortz,
ACCT,6335,PP2,,17,5,6,6,,,,,,,,,,,,,,"Bortz, Tiffany A","Radhakrishnan, Shivani",,,,,tabortz,tiffany bortz,
ACCT,6336,001,,19,14,10,8,2,,,,,,,,,,,1,,"Mauriello, Joseph A",,,,,,jam151430,joseph mauriello,Information Technology Audit and Risk Management 
ACCT,6338,0W1,,5,1,2,5,,,,,,,,,,,,3,,"Goodrich, Mary Beth W","Patne, Saylee Pramod",,,,,goodrich,mary beth goodrich,Advanced Accounting Systems Integration and Configuration 
ACCT,6344,0W1,,10,12,12,21,,,,,,,,,,,,1,,"Gurun, Umit G","Yayvak, Berk",,,,,ugg041000,umit gurun,Financial Statement Analysis 
ACCT,6349,0W1,,9,6,,,,,,,,,,,,,,,,"Majumdar, Sumit K","Yang, Yunxuan M",,,,,skm021100,sumit majumdar,Managing Digital Strategy 
ACCT,6350,501,,10,12,4,7,1,,1,,,,,,,,,,,"Frost, Sandra M","Mariano, Dylan N",,,,,sms151730,sandra frost,Fundamentals of Taxation I 
ACCT,6353,501,,7,8,7,1,1,,,,,,,,,,,2,,"Solcher, Steven J","Mariano, Dylan N",,,,,sjs107020,steven solcher,Fundamentals of Taxation II 
ACCT,6353,PP1,,7,16,9,2,,,,,,,,,,,,,,"Solcher, Steven J","Mariano, Dylan N",,,,,sjs107020,steven solcher,
ACCT,6356,501,,34,,,,,,,,,,,,,,,,,"Gamino, John P",,,,,,jpg140630,john gamino,Tax Research 
ACCT,6356,PP1,,26,4,4,,2,,,,,,,,,,,,,"Gamino, John P",,,,,,jpg140630,john gamino,
ACCT,6374,501,,23,23,23,2,,,,,,,,,,,,,,"Mauriello, Joseph A",,,,,,jam151430,joseph mauriello,Advanced Data Analytics for Accountants and Auditors 
ACCT,6380,501,,6,8,9,3,,,,,,,,,,,,,,"Mauriello, Joseph A",,,,,,jam151430,joseph mauriello,Internal Audit 
ACCT,6384,501,,34,6,2,1,,2,1,,,,,,,,,,,"Kromer, Jeffrey R",,,,,,jrk013000,jeffrey kromer,Analytical Reviews Using Audit Software 
ACCT,6384,S01,,8,,,1,,,,,,,,,,,,1,,"Kromer, Jeffrey R",,,,,,jrk013000,jeffrey kromer,
ACCT,6388,0W1,,23,10,2,1,,,1,,,,,,,,,1,,"Goodrich, Mary Beth W","Patne, Saylee Pramod",,,,,goodrich,mary beth goodrich,Accounting Communications 
ACCT,6V98,001,,,,,,,,,,,,,,,,,,11,"King, Mary G","Janakiraman, Surya N",,,,,,mary king,
ACN,5313,001,,5,4,2,3,1,1,,,,,,,,,,2,,"Fearon, Danielle","Latteri, Christopher W",,,,,dxf220005,danielle fearon,Introductory Research Methods in Behavioral and Brain Sciences - Part II 
ACN,6323,001,,17,2,,,,,,,,,,,,,,,,"Engineer, Crystal T",,,,,,novitski,crystal engineer,Neurophysiology 
ACN,6330,001,,7,5,,2,1,,,,,,,,,,,,,"Seaman, Kendra L",,,,,,kls190004,kendra seaman,Cognitive Science 
ACN,6331,001,,9,1,1,1,1,,,,,,,,,,,,,"Mills, Candice M",,,,,,cxm056000,candice mills,Cognitive Development 
ACN,6332,001,,20,1,1,,,1,,,,,,,,,,,,"Raman, Rachna",,,,,,rxr076000,rachna raman,Perception 
ACN,6338,002,,8,,,4,,,2,,,,,1,,,,,,"Sultana, Rukhsana",,,,,,rxs170431,rukhsana sultana,Functional Neuroanatomy 
ACN,6340,001,,10,,1,,,,,,,,,,,,,,,"Gu, Zirong",,,,,,zxg230006,zirong gu,Cellular Neuroscience 
ACN,6342,001,,10,2,,,,,,,,,,,,,,,,"Orrick, Erika D",,,,,,edo042000,erika orrick,Applied Human-Computer Interaction 
ACN,6346,001,,5,,,7,,,2,,,,,,,,,2,,"Thorn, Catherine A",,,,,,cat170002,catherine thorn,Systems Neuroscience 
ACN,6354,501,,22,,,,,,,,,,,,,,,,,"Estevez, Leonardo",,,,,,lwe071000,leonardo estevez,Quantitative Usability Engineering  Mixed Reality 
ACN,6374,0H1,,17,,,,,,,,,,,,,,,1,,"Jahangiri, Faisal R",,,,,,frj190000,faisal jahangiri,Intraoperative Neurophysiological Monitoring 
ACN,6375,0H1,,8,,1,,,,,,,,,,,,,1,,"Jahangiri, Faisal R",,,,,,frj190000,faisal jahangiri,IONM Special Topics 
ACN,6390,001,,17,1,2,,1,,1,,,,,,,,,,,"McWilliams, Steven P",,,,,,sxm127330,steven mcwilliams,Forensic Neuroscience 
ACN,6V71,013,,,,,,,,,,,,,,,,,,12,"Golden, Richard M",,,,,,golden,richard golden,
ACN,6V72,013,,,,,,,,,,,,,,,,,1,10,"Golden, Richard M",,,,,,golden,richard golden,Research Internship 
ACN,6V81,0W1,,16,1,,,,,,,,,,,,,,1,,"Maqbool, Mohsin",,,,,,mxm210090,mohsin maqbool,Special Topics in Applied Cognition and Neuroscience 
ACN,7383,001,,9,,,2,,,,,,,,,,1,,,,"Rodrigue, Karen M",,,,,,kmr082000,karen rodrigue,Neuropathology and Behavior 
ACTS,4301,001,5,2,1,1,,2,1,4,1,1,,1,1,,,,,,"Makhijani, Neha","Thomas, Yaga S",,,,,nxm165130,neha makhijani,Long Term Actuarial Mathematics I 
ACTS,4305,001,1,1,1,2,1,3,,2,2,1,1,1,1,,,,,,"Humphreys, Natalia","Liu, Jingzhou","Kim, Jimi",,,,nah103020,natalia humphreys,Short Term Actuarial Mathematics II 
ACTS,4308,001,1,5,,,1,1,,,,2,,,4,,,,,,"Makhijani, Neha",,,,,,nxm165130,neha makhijani,Actuarial Financial Mathematics 
ACTS,4310,001,8,2,,2,2,3,,,,,,,,,,,,,"Hong, Liang","Kaluduwage, Madhavi Dilshani Anuruddhika F",,,,,lxh019000,liang hong,Predictive Analytics 
ACTS,4311,001,2,1,3,1,,2,6,1,,1,,,1,,,,,,"Humphreys, Natalia","Liu, Jingzhou",,,,,nah103020,natalia humphreys,Theory of Credibility 
AHST,1303,001,27,25,20,12,2,6,2,5,4,2,1,,3,,,,2,,"McDonald, Jacquelyn D","Khoshniat, Ahmad","Morgan, George D",,,,jmd074000,jacquelyn mcdonald,Survey of Western Art History  Ancient to Medieval 
AHST,1303,002,18,12,16,5,4,4,5,,,,1,2,2,,,,2,,"McDonald, Jacquelyn D","Harper, Joseph E","Dolatyari, Mahdi",,,,jmd074000,jacquelyn mcdonald,Survey of Western Art History  Ancient to Medieval 
AHST,2331,001,31,19,13,5,3,3,1,1,,,,,2,,,,,,"Alibhai, AliAsgar H","Razzaque, Farzana A","Esmail, Fatima N",,,,aha180002,ali alibhai,Understanding Art 
AHST,2331,002,,1,1,,3,3,,2,,,,,2,,,,1,,"Terranova, Charissa N",,,,,,cxt074100,charissa terranova,Understanding Art 
AHST,3316,001,2,7,10,6,,,,1,,,,,,,,,1,,"Rosen, Mark S",,,,,,mxr088000,mark rosen,Baroque Art and Architecture 
AHTC,2120,001,1,2,1,1,4,1,,,,,,,1,,,,,,"Lynch, Jennifer W",,,,,,jwl230003,,Careers Exploration in the Arts  Humanities  and Technology 
AMS,2300,001,18,6,3,1,,,,1,1,,,,1,,,,,,"Hammonds, Kyle",,,,,,kxh230016,kyle hammonds,American Popular Culture 
AMS,2300,002,29,7,1,,,,,,,,,,1,,,,,,"Lusk, Marc L",,,,,,mxl121730,marc lusk,American Popular Culture 
AMS,2341,001,1,15,25,15,9,1,1,,,,,,1,,,,,,"Naqvi, Syed K",,,,,,skn180000,syed naqvi,American Studies for the Twenty-First Century 
AMS,2341,002,,7,2,4,1,1,,,,,,,,,,,,,"Naqvi, Syed K",,,,,,skn180000,syed naqvi,American Studies for the Twenty-First Century 
AMS,3302,001,,3,1,,3,1,,,,,,,2,,,,,,"Werhnyak, Larissa",,,,,,lxw163630,larissa werhnyak,American Cultures 
AMS,3316,0W1,8,12,3,2,2,4,,2,,,,,,,,,2,,"Winstead, Elizabeth L",,,,,,lwm061000,elizabeth winstead,Interpersonal Communication 
AMS,3350,0W1,12,6,6,1,2,1,,1,,,1,,4,,,,4,,"Winstead, Elizabeth L",,,,,,lwm061000,elizabeth winstead,Crisis Communication 
AMS,4300,5H1,3,2,3,1,1,2,,,,,,,,,,,,,"Ross, Alyssa N",,,,,,anr161130,alyssa ross,Oral and Written Communication for the Classroom 
AMS,4379,001,4,,4,2,1,,1,1,1,,,,2,,,,,,"Jones, June A",,,,,,jaj230010,june jones,Special Topics in American Studies 
ANGM,2303,001,25,18,14,5,4,3,,1,,,,,,,,,,,"Grieshaber, Amy","Ahr, Allanah G","Piantino, Raquel C",,,,axg230118,amy grieshaber,Project Management for Arts  Technology  and Emerging Communication I 
ANGM,2303,002,1,5,29,27,16,10,1,,2,1,,,,,,,,,"Cade, Joanna R","Quiroz Fernandez, Daniel Santiago","Kerr, Rachel T",,,,dal636079,,Project Management for Arts  Technology  and Emerging Communication I 
ANGM,2305,0W2,26,17,9,6,5,4,7,2,3,2,1,1,6,,,,10,,"Lim, Fengjie","Cressman, Benjamin I","Lam, Vy",,,,fxl200000,fengjie lim,Programming for Digital Arts 
ANGM,2309,0W1,1,15,19,7,23,9,5,8,2,,,,7,,,,3,,"Fechter, Todd A","Prado, Jordan B",,,,,taf051000,todd fechter,Drawing for Animation 
ANGM,2309,0W2,6,7,8,10,26,7,8,8,6,1,2,,7,,,,4,,"Griffin, Troy","Khamsehnezhad, Mozhdeh",,,,,txg121730,troy griffin,Drawing for Animation 
ANGM,2310,0H1,51,18,19,10,8,5,3,2,4,1,1,,19,,2,,7,,"Lewis, Timothy M","Kusupati, Anish C","Cabrera, Michael A","Plueger, Michael F","Kim, Da Hyun","Abri, Zeinab",tml062000,timothy lewis,Animation and Game Fundamentals 
ANGM,2325,001,16,17,20,15,10,6,4,3,,,3,2,4,,,,1,,"Caldwell, Bryon A","Subochev, Andrei","Gutierrez, Joseph W",,,,bac190003,bryon caldwell,History of Visual Effects 
ANGM,2345,001,7,3,7,,4,3,,1,2,,,2,1,,,,,,"Gupta-Fitzgerald, Harold E",,,,,,hxf170830,hal fitzgerald,Introduction to Audio Production 
ANGM,2345,002,3,4,7,4,3,2,,1,1,,,,2,,,,3,,"Gupta-Fitzgerald, Harold E",,,,,,hxf170830,hal fitzgerald,Introduction to Audio Production 
ANGM,2345,003,4,6,5,1,2,,,1,1,,1,1,4,,,,1,,"Marks, David",,,,,,dem160430,david marks,Introduction to Audio Production 
ANGM,2345,004,6,4,5,1,5,1,2,,,,,,3,,,,2,,"Marks, David",,,,,,dem160430,david marks,Introduction to Audio Production 
ANGM,2375,001,,90,2,,3,,1,2,,,,,3,,,,,,"Evans, Monica J","Shi, Lintai","Bess, Michael C",,,,mevans,monica evans,History of Games 
ANGM,3304,001,4,5,4,1,1,,,,,,,1,,,,,3,,"Gardner, Frederick",,,,,,fxg230003,frederick gardner,Character Design 
ANGM,3305,501,2,4,4,2,3,7,1,3,,1,1,,1,,,,1,,"Wheeler, Jonathan M",,,,,,jmw230002,jonathan wheeler,Computer Animation I 
ANGM,3305,502,,5,10,2,2,3,1,,2,,,,4,,,,1,,"Krystallis, Constantine",,,,,,dal450894,,Computer Animation I 
ANGM,3306,001,2,3,8,5,2,,,2,1,1,2,,1,,,,1,,"Khamnouane, Singkham",,,,,,ssk013000,singkham khamnouane,Modeling and Texturing I 
ANGM,3306,002,1,5,10,4,3,,1,2,1,1,1,,1,,,,,,"Khamnouane, Singkham",,,,,,ssk013000,singkham khamnouane,Modeling and Texturing I 
ANGM,3306,003,3,,5,5,3,3,2,1,,1,2,,1,,,,2,,"Salter, Monika M",,,,,,mxs176131,monika salter,Modeling and Texturing I 
ANGM,3306,501,7,4,3,3,1,2,2,1,1,1,,1,4,,,,,,"Carey, Joshua S",,,,,,dal540711,joshua carey,Modeling and Texturing I 
ANGM,3307,001,,5,10,7,3,1,,1,,,,,1,,,,1,,"McCord, Peter A",,,,,,pam062000,peter mccord,Lighting and Composition I 
ANGM,3307,002,,3,8,1,2,7,1,,1,,,2,3,,,,1,,"McCord, Peter A",,,,,,pam062000,peter mccord,Lighting and Composition I 
ANGM,3308,001,,9,3,2,1,,1,1,1,1,,,6,,,,3,,"Carey, Joshua S",,,,,,dal540711,joshua carey,Rigging I 
ANGM,3308,002,,11,3,4,3,2,,,,,,,3,,,,2,,"Carey, Joshua S",,,,,,dal540711,joshua carey,Rigging I 
ANGM,3310,001,1,2,3,1,4,7,2,1,,,,1,6,,,,2,,"Lim, Fengjie",,,,,,fxl200000,fengjie lim,Introduction to Proceduralism 
ANGM,3311,001,,2,3,1,5,2,2,1,1,,1,,1,,,,,,"Johnson, Casey A",,,,,,caj150430,casey johnson,Scripting for Animation 
ANGM,3311,002,,5,3,2,4,1,,1,,,1,,2,,,,,,"Johnson, Casey A",,,,,,caj150430,casey johnson,Scripting for Animation 
ANGM,3313,001,1,3,2,1,3,1,1,1,,,1,3,,,,,,,"Gardner, Frederick",,,,,,fxg230003,frederick gardner,2D Animation 
ANGM,3313,002,,3,7,2,3,3,1,,,,,,,,,,,,"McComber, Sean J",,,,,,sxm129130,sean mccomber,2D Animation 
ANGM,3314,001,2,3,1,,1,2,3,,,,,1,,,,,1,,"Gardner, Frederick",,,,,,fxg230003,frederick gardner,Background Design 
ANGM,3315,001,4,4,6,6,1,6,1,1,,1,,,,,,,,,"Grieshaber, Amy",,,,,,axg230118,amy grieshaber,Animation Studies 
ANGM,3315,002,8,7,9,,1,1,1,1,,,,,1,,,,1,,"Veras de Souza, Christine",,,,,,cxv180000,christine veras de souza,Animation Studies 
ANGM,3315,0S1,7,12,3,1,,,,,,,,,,,,,1,,"Veras de Souza, Christine",,,,,,cxv180000,christine veras de souza,Animation Studies 
ANGM,3320,001,3,5,3,1,1,,,1,1,,,1,2,,,,,,"Salter, Monika M",,,,,,mxs176131,monika salter,Stop Motion Animation 
ANGM,3321,002,,18,,,,,,,,,,,,,,,,,"Polson, Tod",,,,,,dal315709,,Life Drawing 
ANGM,3330,001,15,,2,,,1,,,,,,,,,,,,,"McCord, Peter A",,,,,,pam062000,peter mccord,3D Print Lab 
ANGM,3338,001,6,1,11,2,3,4,2,,,,,,1,,,,,,"Griffin, Troy","Clarke-Gaar, Alissa C",,,,,txg121730,troy griffin,Motion Design I 
ANGM,3338,501,12,2,4,,1,,,,3,,,1,3,,,,1,,"Chaudhary, Anisha",,,,,,axc145530,,Motion Design I 
ANGM,3365,001,16,7,3,1,,,,1,,,,1,,,,,,,"Christopher, Timothy V","Schoonover, Richard",,,,,khimbar,timothy christopher,Game Design I 
ANGM,3365,501,5,12,,3,1,4,,2,,2,,,,,,,,,"Stewart, Michael C",,,,,,mxs128231,michael stewart,Game Design I 
ANGM,3366,001,6,4,12,3,1,,1,,,1,,,,,,,,,"Murray, Jack A",,,,,,jam130530,jack murray,Game Studies I 
ANGM,3366,002,11,3,6,1,1,3,2,2,1,,,,1,,,,,,"Irby, Cameron L",,,,,,cli170000,,Game Studies I 
ANGM,3367,001,,1,6,7,7,3,1,1,,,1,1,1,,,,,,"Villegas, Randall V",,,,,,rvv150130,,Level Design I 
ANGM,3367,002,,3,6,7,2,1,5,2,1,,,,2,,,,,,"Villegas, Randall V",,,,,,rvv150130,,Level Design I 
ANGM,3368,001,7,6,4,,5,1,,1,,1,2,,1,,,,1,,"Murray, Jack A",,,,,,jam130530,jack murray,Scripting for Games I 
ANGM,3368,0W1,2,4,3,2,3,4,4,,1,2,,1,1,,,,3,,"Chandler, Adam W",,,,,,awc051000,adam chandler,Scripting for Games I 
ANGM,3370,501,5,14,3,1,1,1,1,,,,1,1,1,,,,,,"Obuobi, Samra",,,,,,sxo170530,samra obuobi,Virtual Environments I 
ANGM,3372,001,9,4,1,3,2,4,2,,,,,,4,,,,,,"Gupta-Fitzgerald, Harold E",,,,,,hxf170830,hal fitzgerald,Sound Design for Games 
ANGM,3373,101,13,3,,,,,,,,,,,,,,,,,"Marks, David",,,,,,dem160430,david marks,Field Audio Recording Techniques 
ANGM,3381,001,14,6,1,2,1,1,,,,,,,2,,,,,,"Ayres, Cameron M",,,,,,cma092020,cameron ayres,Augmented Reality 
ANGM,4305,001,,,5,3,3,2,1,3,1,,1,,,,,,,,"Caldwell, Bryon A",,,,,,bac190003,bryon caldwell,Computer Animation II 
ANGM,4305,501,1,2,4,1,3,2,1,,1,,,,1,,,,1,,"Manriquez, Robert J",,,,,,rjm107020,,Computer Animation II 
ANGM,4306,001,,4,4,,4,2,1,,1,,,1,,,,,,,"Khamnouane, Singkham",,,,,,ssk013000,singkham khamnouane,Modeling and Texturing II 
ANGM,4307,001,,,8,8,5,,,,1,,,,,,,,2,,"McCord, Peter A",,,,,,pam062000,peter mccord,Lighting and Composition II 
ANGM,4308,001,4,6,3,2,,,,,,,,1,,,,,,,"Carey, Joshua S",,,,,,dal540711,joshua carey,Rigging II 
ANGM,4309,001,,5,4,8,2,,,,,,,,,,,,,,"Lumley, Stephen G",,,,,,dal139224,,Storyboarding 
ANGM,4310,501,,14,4,11,,,,,,,,,,,,,,,"Buxkamper, Adam M",,,,,,amb047000,,Motion Capture Animation 
ANGM,4312,001,1,6,2,2,2,2,,1,1,,,1,,,,,,,"Khamnouane, Singkham",,,,,,ssk013000,singkham khamnouane,Digital Sculpting 
ANGM,4313,001,1,1,1,,2,4,1,,1,1,,,1,,,,3,,"Lim, Fengjie",,,,,,fxl200000,fengjie lim,Digital Effects 
ANGM,4314,101,1,1,4,,3,2,2,,1,1,,,1,,,,1,,"Salter, Monika M",,,,,,mxs176131,monika salter,Character Effects 
ANGM,4315,001,,,4,2,9,3,,,,,1,,,,,,,,"Caldwell, Bryon A",,,,,,bac190003,bryon caldwell,Computer Animation III 
ANGM,4316,001,,21,,,,,,,,,,,,,,,,,"Salter, Monika M",,,,,,mxs176131,monika salter,Animation Lab I 
ANGM,4316,002,,19,,,,,,,,,,,,,,,,,"Johnson, Casey A",,,,,,caj150430,casey johnson,Animation Lab I 
ANGM,4319,002,1,5,1,,1,1,1,,2,1,,,2,,,,,,"Griffin, Troy",,,,,,txg121730,troy griffin,Topics in Animation 
ANGM,4319,003,3,3,2,2,,1,,,2,1,,,2,,,,,,"Grieshaber, Amy","Akalkotkar, Uma G",,,,,axg230118,amy grieshaber,Topics in Animation 
ANGM,4319,004,1,4,5,,,,2,3,,1,,,,,,,,,"Grieshaber, Amy",,,,,,axg230118,amy grieshaber,Topics in Animation 
ANGM,4320,001,3,5,4,1,1,,,,,,,,,,,,,,"Fechter, Todd A",,,,,,taf051000,todd fechter,2D Animation Lab 
ANGM,4323,001,,1,2,2,4,2,2,3,1,,,,,,,,1,,"Johnson, Casey A",,,,,,caj150430,casey johnson,Real Time Texturing 
ANGM,4338,001,,13,2,3,2,4,,2,1,,1,,1,,,,,,"Farrar, Eric T",,,,,,etf091000,eric farrar,Motion Design II 
ANGM,4346,001,8,3,1,,1,,,,,,,1,1,,,,,,"Marks, David",,,,,,dem160430,david marks,Audio Productions Lab II 
ANGM,4347,001,7,1,2,1,2,1,,,1,,,,1,,,,,,"Gupta-Fitzgerald, Harold E",,,,,,hxf170830,hal fitzgerald,Recording Studio Techniques II 
ANGM,4365,001,10,1,2,1,,2,,1,1,,,,1,,,,,,"Christopher, Timothy V",,,,,,khimbar,timothy christopher,Game Design II 
ANGM,4365,002,9,2,3,1,,1,,,1,,,,,,,,2,,"Christopher, Timothy V",,,,,,khimbar,timothy christopher,Game Design II 
ANGM,4367,001,1,1,1,4,6,2,1,,1,,,,1,,,,1,,"Villegas, Randall V",,,,,,rvv150130,,Level Design II 
ANGM,4369,001,,14,,,1,,,,,,,,,,,,,,"Evans, Monica J",,,,,,mevans,monica evans,Games and Narrative II 
ANGM,4370,101,4,,3,3,4,1,1,,1,,,,2,,,,,,"Lewis, Timothy M",,,,,,tml062000,timothy lewis,Virtual Environments II 
ANGM,4370,102,3,5,2,2,,2,1,1,1,,,,,,,,,,"Lewis, Timothy M",,,,,,tml062000,timothy lewis,Virtual Environments II 
ANGM,4374,001,4,4,3,5,1,1,2,,,,,1,1,,,,,,"Chandler, Adam W",,,,,,awc051000,adam chandler,Mobile Game Development 
ANGM,4377,001,18,1,,,,,,,,,,,,,,,,,"Lewis, Timothy M",,,,,,tml062000,timothy lewis,Game Production Lab II 
ANGM,4377,002,16,3,,,,,,,,,,,,,,,,,"Chandler, Adam W",,,,,,awc051000,adam chandler,Game Production Lab II 
ANGM,4379,001,3,9,8,,1,,,,,,,2,1,,,,,,"Price, Jeffrey T",,,,,,jxp220037,jeff price,Topics in Games 
ANGM,4379,002,4,,,1,1,,2,,1,,,,1,,,,,,"Price, Jeffrey T",,,,,,jxp220037,jeff price,Topics in Games 
ANGM,4379,004,,12,3,,,,,,,,,,,,,,,,"Polson, Tod",,,,,,dal315709,,Topics in Games 
ANGM,6307,001,,8,2,,1,,,,,,,,,,,,,,"Farrar, Eric T",,,,,,etf091000,eric farrar,Design in Motion 
ANGM,6335,001,,10,,,,,,,,,,,,,,,,,"Christopher, Timothy V",,,,,,khimbar,timothy christopher,Game Design and Development 
ARAB,1311,001,2,3,3,3,2,,,,,,,,1,,,,,,"Anjum, Zafar",,,,,,zxa110730,zafar anjum,Beginning Arabic I 
ARTS,1301,0W1,98,17,8,6,4,2,,2,1,,2,,,,,,,,"Bennett, Jason","Kang, Kyul","Ford, Angela","Daneshvarkashkooli, Marjan",,,jxb230049,,Exploration of the Arts 
ARTS,1316,001,1,2,2,4,3,3,2,,,,,,,,,,,,"Higgins-Stirrup, Brynn",,,,,,bxh230012,brynn higgins stirrup,Drawing Foundations 
ARTS,1316,002,10,6,1,1,,,,,,,,,,,,,1,,"Takaloubighash, Maryam",,,,,,mxt210063,,Drawing Foundations 
ARTS,1316,501,4,3,5,1,,1,,,,,,,,,,,,,"Fridge, Brian D",,,,,,bdf081000,brian fridge,Drawing Foundations 
ARTS,1316,502,3,2,1,3,1,,,1,,,,,,,,,,,"Jafarpour, Zahra",,,,,,zxj220003,zahra jafarpour,Drawing Foundations 
ARTS,2316,001,5,11,,1,,,,,,,,,,,,,,,"Song, Haoyi",,,,,,hxs210095,,Painting Foundations 
ARTS,2316,002,4,7,1,2,,,,1,,,,,,,,,,,"Akinwole, Oluwadare   (Dare)",,,,,,oxa220001,,Painting Foundations 
ARTS,2316,003,7,3,4,2,1,1,,,,,,,,,,,1,,"Egan, Trey T",,,,,,tte150130,trey egan,Painting Foundations 
ARTS,2318,001,2,5,2,,,,,,,,,1,3,,,,,,"Vega Mora, Brenda G",,,,,,bgv230000,,Mobile Photography 
ARTS,2348,001,4,14,,,,,,,,,,,,,,,,,"Williams, Thomas E",,,,,,tew210002,,Digital Art 
ARTS,2350,001,,5,7,2,2,1,,,,,,,1,,,,,,"Allen, Lauren",,,,,,dal175081,,Photography  Design 
ARTS,2380,001,5,3,3,,,,,,,1,,,3,,,,1,,"Egan, Trey T",,,,,,tte150130,trey egan,Visual Design Foundations 
ARTS,2381,001,3,5,2,,,,,,,,,,,,,,,,"Cochran, Kristen N",,,,,,knc103020,kristen cochran,Introduction to Sculpture 
ARTS,2381,501,10,,,,,,,,,,,,,,,,,,"Ghahari Kermani, Arash",,,,,,axg200028,arash ghahari kermani,Introduction to Sculpture 
ARTS,3311,001,1,4,4,1,1,1,,,1,,,,,,,,,,"Copeland, Colette",,,,,,cxc132230,colette copeland,Contemporary Art Practices 
ARTS,3315,001,9,,,,,,,,,,,,,,,,1,,"Curry, Val",,,,,,vxc110930,val curry,The Art of Tinkering  Creating at the intersection of Art  Science and Technology 
ARTS,3341,001,,14,,,,,,1,,,,,,,,,,,"Shi, Carle",,,,,,cxs174230,carle shi,Chinese Calligraphy 
ARTS,3363,001,2,7,3,1,,,1,,,,,,1,,,,,,"Tady, Lorraine T",,,,,,ltt042000,lorraine tady,Typography  Technology  Image 
ARTS,3364,501,1,8,,,,,,,1,,,,,,,,,,"Williams, Thomas E",,,,,,tew210002,,Silkscreen Printmaking 
ARTS,3367,001,,2,6,4,2,2,1,1,,,,,,,,,,,"Higgins-Stirrup, Brynn",,,,,,bxh230012,brynn higgins stirrup,Figure Drawing 
ARTS,3368,001,6,4,,,,,,,,,,,,,,,,,"Reyes, Marcela",,,,,,mxr116430,marcela reyes,Mixed Media 
ARTS,3369,001,,10,,1,1,,,,,,,,,,,,,,"Tady, Lorraine T",,,,,,ltt042000,lorraine tady,Intermediate Painting 
ARTS,3371,002,2,7,1,,2,,1,1,,,,,,,,,,,"Durant, Stephanie D",,,,,,ddm043000,,Photography  Black White 
ARTS,3372,001,,8,,1,,,,2,,,,,2,,,,,,"Loving, Emily A",,,,,,exl097120,emily loving,Photography  Color Concepts 
ARTS,3375,001,5,5,,,,,,,,,,,,,,,,,"Randall, Steven",,,,,,svr200001,steven randall,Sculpture 
ARTS,3377,0H1,,2,5,2,2,1,,1,,,,,2,,,,,,"Palmer, Marcy A",,,,,,mxp070100,marcy palmer,Photography  Altered Image 
ARTS,3379,0W1,,17,,,,2,,,,,,,,,,,,,"Loving, Emily A",,,,,,exl097120,emily loving,Photography  New Media 
ARTS,3383,001,1,1,8,3,1,2,,1,,,,,2,,,,,,"Higgins-Stirrup, Brynn",,,,,,bxh230012,brynn higgins stirrup,Digital Drawing 
ARTS,4310,001,6,1,2,1,,,,,,1,,,,,,,,,"Avram, Danielle M",,,,,,avram,danielle avram,Studies in Contemporary Exhibitions 
ARTS,4366,001,3,3,6,2,1,2,,1,,,,,,,,,,,"Higgins-Stirrup, Brynn",,,,,,bxh230012,brynn higgins stirrup,Advanced Drawing 
ARTS,4368,001,9,10,,,,,,,,,,,,,,,,,"Pomara, John J",,,,,,pomara,john pomara,Advanced Visual Arts 
ARTS,4372,001,,10,7,3,,,,,,,,,,,,,,,"Waligore, Marilyn",,,,,,waligore,marilyn waligore,Advanced Photography 
ATCM,2301,001,4,8,3,3,3,3,1,1,1,,1,,1,,,,,,"Ashkaboosi, Maryam",,,,,,mxa190061,maryam ashkaboosi,Digital Art and Design Foundations 
ATCM,2301,002,3,4,5,5,2,4,1,,1,,,,3,,,,1,,"Vo, Baotran N",,,,,,bnv230000,baotran vo,Digital Art and Design Foundations 
ATCM,2301,003,2,5,7,2,3,,3,,,,,,3,,,,1,,"Zamaniderkani, Vajihe",,,,,,vxz220002,vajihe zamaniderkani,Digital Art and Design Foundations 
ATCM,2301,0W1,4,7,4,1,,3,1,1,,,,,1,,,,1,,"Trosper, Elizabeth M","Chan, Stephany T","Duong, Tu Anh",,,,emt130130,elizabeth trosper,Digital Art and Design Foundations 
ATCM,2301,503,1,3,6,3,,1,,,,,,1,3,,,,2,,"Asgharpour, Hadi",,,,,,hxa220001,hadi asgharpour,Digital Art and Design Foundations 
ATCM,2302,001,1,2,6,3,2,2,2,,,,1,2,4,,,,,,"Marder, Amanda K","Vahed Khoshknab, Tina",,,,,akm150430,amanda marder,Design I 
ATCM,2302,002,6,7,3,4,5,1,,,,,,,2,,,,2,,"Behr, Kris",,,,,,dal658363,kris behr,Design I 
ATCM,2302,003,1,2,4,,,,,2,2,,,,3,,,,,,"Marder, Amanda K","Vahed Khoshknab, Tina",,,,,akm150430,amanda marder,Design I 
ATCM,2302,004,1,3,1,2,2,1,1,,3,,2,1,1,,,,1,,"Marder, Amanda K","Vahed Khoshknab, Tina",,,,,akm150430,amanda marder,Design I 
ATCM,2302,007,4,6,2,2,3,2,1,1,1,,,,,,,,,,"Ashouri, Shaghayegh",,,,,,sxa210030,shaghayegh ashouri,Design I 
ATCM,2302,501,5,,2,1,,,,1,,,,,,,,,1,,"Ashkaboosi, Maryam",,,,,,mxa190061,maryam ashkaboosi,Design I 
ATCM,2321,001,,2,5,2,3,1,2,1,,,,,2,,,,,,"Imaoka, Laura B","Haborak, Fiona K",,,,,lxi170030,laura imaoka,Reading Media Critically 
ATCM,2321,002,,1,8,,2,4,2,,,,,,2,,,,,,"Whitlock, Kathryn",,,,,,kgw150030,,Reading Media Critically 
ATCM,2321,003,2,4,5,1,3,3,1,,1,,,,,,,,,,"Vo, Angelene H",,,,,,ahv210000,angelene vo,Reading Media Critically 
ATCM,2322,001,9,9,12,10,1,4,1,1,,,,,,,,,,,"Fraley, James M","Costa De Souza, Flavia","Nguyen, Thi Kim Cuong",,,,jmf210007,james fraley,Media Histories 
ATCM,2325,001,16,2,5,1,2,1,,2,,,,1,,,,,,,"Heaslip, Audra",,,,,,axh027000,audra heaslip,Introduction to Ethnic Studies 
ATCM,2330,001,6,4,1,1,2,,1,1,,,,,1,,,,,,"Welwood, Samantha F",,,,,,slg200000,,Digital Art and Social Practice 
ATCM,2330,002,2,3,1,2,2,1,,1,1,,,,3,,,,,,"Ayodabo, Sunday J",,,,,,sja220000,,Digital Art and Social Practice 
ATCM,2330,0W1,1,,1,2,1,3,1,2,,1,2,,1,,,,1,,"Nielsen, Christina R","Sassner, Sabine",,,,,crn022000,christina nielsen,Digital Art and Social Practice 
ATCM,2335,001,6,11,4,1,3,,2,,,,,,2,,,,,,"Burrough, Xtine L",,,,,,cxb153930,xtine burrough,Internet Studio I 
ATCM,2335,002,5,5,6,3,1,4,1,1,2,,1,,,,,,1,,"Starzer, Kenneth W",,,,,,kws042000,ken starzer,Internet Studio I 
ATCM,2340,001,9,33,20,10,5,1,2,3,7,1,1,,6,,1,,,,"Johnson, Janet L","Cole, Abby","Guo, Yu",,,,jlj065000,janet johnson,Visual Communication 
ATCM,2340,0S1,1,10,4,,2,,,,,,,,,,,,,,"Gooch, John C",,,,,,jcg053000,john gooch,Visual Communication 
ATCM,2350,001,11,9,5,3,,1,,,,,,,,,1,,,,"Yu, Yiding",,,,,,yxy180033,yiding yu,Time-Based Media 
ATCM,2350,002,12,7,,,4,,,1,,,2,,,,,,2,,"Trosper, Elizabeth M","Johnson, Olga A",,,,,emt130130,elizabeth trosper,Time-Based Media 
ATCM,2350,501,8,4,,9,1,,4,2,,,,,,,,,,,"Bhatia, Parul",,,,,,pxb091000,,Time-Based Media 
ATCM,2355,001,1,1,3,,1,1,,2,,,2,1,7,,,,5,,"Marder, Amanda K",,,,,,akm150430,amanda marder,Survey of Digital Fabrication 
ATCM,2360,0W1,32,4,3,7,1,5,2,,2,,,,1,,,,1,,"Cox, Norman L",,,,,,nlc200001,norm cox,Design Histories 
ATCM,3301,001,3,3,2,1,,1,1,,2,,,1,1,,,,,,"Heaslip, Audra",,,,,,axh027000,audra heaslip,Writing for ATEC 
ATCM,3301,002,5,3,1,1,,1,,,,,,,1,,,,,,"Heaslip, Audra",,,,,,axh027000,audra heaslip,Writing for ATEC 
ATCM,3301,003,2,3,2,,,2,1,1,,,,,2,,,,,,"Rahman, Mohammad K",,,,,,mkr200003,mohammad rahman,Writing for ATEC 
ATCM,3301,004,8,4,,,,1,,,,,,1,,,,,,,"Heaslip, Audra","Wang, Qi",,,,,axh027000,audra heaslip,Writing for ATEC 
ATCM,3301,005,2,1,3,1,1,3,1,,1,,1,,,,,,,,"Hernandez, Luke A",,,,,,lah190004,,Writing for ATEC 
ATCM,3301,501,2,1,4,1,,1,,1,,,,1,2,,,,,,"Pietsch, Samuel R",,,,,,srp130330,,Writing for ATEC 
ATCM,3320,501,10,4,3,,3,1,2,1,1,,,,1,,,,1,,"Rheams, David C",,,,,,dcr093020,david rheams,Critical Media Theories 
ATCM,3321,001,14,5,7,,1,,,1,2,,,,,,,,,,"Fraley, James M","Amartey, Belinda",,,,,jmf210007,james fraley,Networked Identities 
ATCM,3326,0H1,6,5,1,2,1,1,,1,1,,,,1,,,,,,"Nielsen, Christina R",,,,,,crn022000,christina nielsen,Emerging Media Arts 
ATCM,3331,001,,5,12,,1,2,1,1,1,1,2,1,1,,,,,,"Cooley, Heidi R","Rahman, Maruf",,,,,hxc176430,heidi cooley,Critical Making 
ATCM,3336,001,,4,2,3,,,2,,,1,,,,,,,,,"Miller, Elisa K",,,,,,dal938034,elisa miller,Design Research Methods 
ATCM,3336,002,3,9,4,6,2,2,,,1,,,,2,,,,1,,"Miller, Elisa K","McKinney, Mark",,,,,dal938034,elisa miller,Design Research Methods 
ATCM,3336,003,,6,5,4,3,1,1,,,,,,2,,,,,,"Miller, Elisa K","McKinney, Mark",,,,,dal938034,elisa miller,Design Research Methods 
ATCM,3337,001,,2,5,11,,,1,,,,,,1,,,,,,"Kim, Jung Woo",,,,,,,jung woo kim,
ATCM,3337,002,,1,2,5,2,1,,,,,,,,,,,,,"Kim, Jung Woo",,,,,,dal187617,jung woo kim,Interaction Design I 
ATCM,3337,0W1,15,7,1,2,3,1,,,,,,,1,,,,,,"Wood, Harold G",,,,,,hgw021000,harold wood,Interaction Design I 
ATCM,3337,0W2,14,12,1,,1,,,,,,,,1,,,,,,"Wood, Harold G",,,,,,hgw021000,harold wood,Interaction Design I 
ATCM,3340,001,7,1,,1,1,1,1,,,,1,,2,,,,,,"Cox, Norman L",,,,,,nlc200001,norm cox,Design II 
ATCM,3340,002,16,4,3,1,,2,,1,1,,,,,,,,,,"Cox, Norman L",,,,,,nlc200001,norm cox,Design II 
ATCM,3340,003,21,,2,1,1,2,,,,,1,,,,,,,,"Cox, Norman L",,,,,,nlc200001,norm cox,Design II 
ATCM,3350,0H1,4,1,4,3,1,2,,1,2,,1,2,4,,,,,,"Hewitt, Sharon A",,,,,,sxh090220,sharon hewitt,Digital Video Production I 
ATCM,3350,0H2,4,3,3,,2,2,,,,,1,,,,,,,,"Rojas Ponce, Diana S",,,,,,dsr240003,,Digital Video Production I 
ATCM,3350,0W1,1,3,10,,1,2,4,1,,,,1,5,,,,,,"Hewitt, Sharon A",,,,,,sxh090220,sharon hewitt,Digital Video Production I 
ATCM,3356,501,6,4,2,,2,,,,,,,,3,,,,,,"Scott, Andrew F",,,,,,afs140330,andrew scott,Projection Mapping Lab 
ATCM,3388,001,3,7,7,3,6,2,,,,,,1,1,,,,,,"Fraley, James M",,,,,,jmf210007,james fraley,Social Influence and Persuasive Design 
ATCM,4337,0W1,15,6,3,2,2,1,,,,,,,,,,,,,"Wood, Harold G",,,,,,hgw021000,harold wood,Interaction Design II 
ATCM,4337,0W2,25,1,3,1,,,,,,,,,,,,,,,"Wood, Harold G",,,,,,hgw021000,harold wood,Interaction Design II 
ATCM,4340,001,5,13,5,2,2,1,,2,,,,,,,,,,,"McKinney, Mark",,,,,,mxm190029,mark mckinney,Strategic Design 
ATCM,4340,002,6,7,4,2,5,,,3,,,,,2,,,,1,,"McKinney, Mark",,,,,,mxm190029,mark mckinney,Strategic Design 
ATCM,4341,001,,20,6,,,,,,,,,,,,,,,,"McKinney, Mark",,,,,,mxm190029,mark mckinney,Applied Experience Design 
ATCM,4341,501,,17,6,1,,,,,,,,,,,,,1,,"McKinney, Mark",,,,,,mxm190029,mark mckinney,Applied Experience Design 
ATCM,4345,001,,10,,,,1,,,,,,,3,,,,,,"Terry, Dean D",,,,,,dxt023000,dean terry,
ATCM,4350,0W1,2,3,1,1,3,,,,1,,1,,2,,,,,,"Hewitt, Sharon A",,,,,,sxh090220,sharon hewitt,Digital Video Production II 
ATCM,4350,0W2,1,2,1,4,2,,2,,,1,,1,2,,,,1,,"Hewitt, Sharon A",,,,,,sxh090220,sharon hewitt,Digital Video Production II 
ATCM,4384,0H1,22,15,1,,,,,,,,,,1,,,,,,"Sen Gupta, Karl S",,,,,,kss140330,karl sengupta,Ethics in New Media  Technology  and Communication 
ATCM,4384,0H2,,5,4,7,5,2,4,4,2,2,,,4,,,,,,"Johnson, Janet L",,,,,,jlj065000,janet johnson,Ethics in New Media  Technology  and Communication 
ATCM,4384,0W1,2,9,14,3,2,2,1,1,2,1,1,1,1,,,,,,"Johnson, Janet L",,,,,,jlj065000,janet johnson,Ethics in New Media  Technology  and Communication 
ATCM,4397,001,,11,9,1,2,,1,,,,,,1,,,,,,"Chandler, Adam W",,,,,,awc051000,adam chandler,Senior Seminar 
ATCM,4397,002,8,,1,4,,2,2,,,,,,,,,,,,"Griffin, Troy",,,,,,txg121730,troy griffin,Senior Seminar 
ATCM,4397,004,2,13,1,1,1,,,1,,,,,,,,,,,"Miller, Elisa K",,,,,,dal938034,elisa miller,Senior Seminar 
ATCM,4397,0W1,6,7,9,,3,1,,,,,,,,,,,,,"Cade, Joanna R",,,,,,dal636079,,Senior Seminar 
ATCM,6326,001,,9,1,,,,,,,,,,,,,,,,"Terry, Dean D",,,,,,dxt023000,,Sound Art 
AUD,6113,001,,,,,,,,,,,,,,,,,,11,"Cokely, Carol G",,,,,,cgc016200,,Grand Rounds 
AUD,6311,001,,2,7,4,,,1,,,,,,,,,,,,"Hu, Bohua","Woodford, Allison S",,,,,dal226012,,Diagnostic Audiology 
AUD,6318,001,,2,6,2,2,1,1,,,,,,,,,,,,"Warner-Czyz, Andrea D",,,,,,adw052000,andrea warner czyz,Pediatric Audiology 
AUD,7228,501,,4,2,5,1,,,,,,,,,,,,,,"LePrell, Colleen G",,,,,,cgl150030,,Hearing Loss Prevention 
AUD,7250,001,,10,2,,,,,,,,,,,,,,,,"Cokely, Carol G",,,,,,cgc016200,,Issues in Mentoring and Counseling 
AUD,7324,001,,5,8,1,1,,,,,,,,,,,,,,"Warner-Czyz, Andrea D","Crow, Sarah E",,,,,adw052000,andrea warner czyz,Seminar in Cochlear Implants and Technology for Persons Who are Deaf or Hard of Hearing 
AUD,7326,501,,6,9,,,,,,,,,,,,,,,,"Thibodeau, Linda K",,,,,,thib,linda thibodeau,Aural Habilitation of Children with Hearing Impairments 
AUD,7327,001,,12,,,2,,,,,,,,,,,,,,"Clark, Jackie L","Wiegand-Shahani, Braden",,,,,jclark,jackie clark,Evaluation and Fitting of Amplification Systems 
AUD,7351,001,,10,4,1,,,,,,,,,,,,,,,"Gohmert, Andrea K",,,,,,akg170530,andrea gohmert,Physiologic Assessment of Vestibular System 
AUD,7V80,067,,,,,,,,,,,,,,,1,,,13,"Mosley, Cornetta",,,,,,cxm220030,cornetta mosley,
AUD,7V80,070,,,,,,,,,,,,,,,,,,15,"Clark, Jackie L",,,,,,jclark,jackie clark,
AUD,7V80,086,,,,,,,,,,,,,,,,,,11,"Fowler-Brookman, Stephanie L",,,,,,,stephanie fowler brookman,
AUD,7V82,001,,,,,,,,,,,,,,,,,,11,"Lee, Yune S",,,,,,ysl200000,,Special Topics in Hearing Science and Audiology 
AUD,8V97,064,,,,,,,,,,,,,,,,,,13,"Cokely, Carol G",,,,,,cgc016200,carol cokely,
BA,1310,001,1,2,7,7,12,6,8,10,3,,,,1,,,,,,"Hyndman, Kyle B","Chopra, Salaka",,,,,tdp062000,kyle hyndman,Making Choices in Free Market Systems 
BA,1310,002,1,5,7,2,6,10,5,7,4,4,,2,3,,,,1,,"Hyndman, Kyle B","Chopra, Salaka",,,,,tdp062000,kyle hyndman,Making Choices in Free Market Systems 
BA,1320,001,1,8,7,8,11,3,4,7,4,,,,,,,,,,"Zhao, Xiaodan",,,,,,xxz210018,xiaodan zhao,Business in a Global World 
BA,1320,002,4,13,31,3,1,5,,,,,,,,,,,,,"Lewin, Peter","Konda, Ravi Kiran Reddy",,,,,plewin,peter lewin,Business in a Global World 
BA,1320,003,1,11,7,7,17,2,2,6,1,1,,,,,,,1,,"Zhao, Xiaodan",,,,,,xxz210018,xiaodan zhao,Business in a Global World 
BA,1320,004,2,8,8,11,6,9,5,2,,,4,,1,,,,,,"Blueshtein, Moran","Goyal, Tarini",,,,,mxb135230,moran blueshtein,Business in a Global World 
BA,1320,0S1,22,,2,,1,,,,,,,,,,,,,,"Cordova, Denise",,,,,,dxc230038,denise cordova,Business in a Global World 
BA,1320,501,,13,23,6,4,7,1,,,,,,1,,,,1,,"Lewin, Peter","Konda, Ravi Kiran Reddy",,,,,plewin,peter lewin,Business in a Global World 
BA,3300,001,1,9,13,8,8,5,3,1,,,,,,,,,,,"Zhou, Junya",,,,,,jxz230016,junya zhou,Advanced Topics in Capitalism  Ideas and Challenges That Shape Our World 
BA,3300,002,,9,3,12,11,6,1,,,,,,1,,,,1,,"Liang, Yingzhi","Chopra, Salaka",,,,,dal725083,yingzhi liang,Advanced Topics in Capitalism  Ideas and Challenges That Shape Our World 
BA,3300,003,,11,12,17,12,1,,,,,,,,,,,3,,"Liang, Yingzhi","Chopra, Salaka",,,,,dal725083,yingzhi liang,Advanced Topics in Capitalism  Ideas and Challenges That Shape Our World 
BA,3300,501,1,7,4,10,9,2,1,,,,,,1,,,,,,"Zhou, Junya",,,,,,jxz230016,junya zhou,Advanced Topics in Capitalism  Ideas and Challenges That Shape Our World 
BA,3350,001,,10,,4,4,,,,,,,,,,,,,,"Subramoniam, Ramesh",,,,,,rxs179630,ramesh subramoniam,Defining Research for Knowledge and Innovation 
BA,4090,001,,,,,,,,,,,,,,10,,,,,"Henderson, Thomas C",,,,,,,thomas henderson,
BA,4090,002,,,,,,,,,,,,,,17,,,2,,"Dam, Van C",,,,,,,van dam,
BA,4090,091,,,,,,,,,,,,,,26,,,,,"Henderson, Thomas C",,,,,,,thomas henderson,
BA,4090,092,,,,,,,,,,,,,,46,,1,,,"Dam, Van C",,,,,,,van dam,
BA,4095,0W1,,,,,,,,,,,,,,176,,,,,"Owens, Dawn M","Granger, Angela L",,,,,dmo130130,dawn owens,
BA,4095,0W2,,,,,,,,,,,,,,97,1,2,,,"Owens, Dawn M","Granger, Angela L",,,,,dmo130130,dawn owens,
BA,4V90,003,,,,,,,,,,,,,,14,,,,,"Henderson, Thomas C",,,,,,,thomas henderson,
BA,4V90,093,,,,,,,,,,,,,,23,,,,,"Henderson, Thomas C",,,,,,,thomas henderson,
BA,4V98,001,,,,,,,,,,,,,,12,,,1,,"Skuza, Agnieszka","Akarte, Prajakti V",,,,,axo027000,agnieszka olsztynska,Career Development Project 
BCOM,1300,001,5,5,6,6,3,2,1,1,1,3,,1,3,,,,,,"Berardi, Caryn S",,,,,,cds110030,caryn berardi,Professional Communication 
BCOM,3300,001,,5,10,8,7,2,5,,,,,,2,,,,,,"Watson, John M","Raviprolu, Jishnu V",,,,,jmw077000,john watson,Business Communication 
BCOM,3300,002,3,6,11,7,7,3,1,1,2,,1,1,2,,,,,,"de los Santos, Veronica A",,,,,,vxd171930,veronica de los santos,Business Communication 
BCOM,3300,003,,38,,,4,,,,,,1,,,,,,,,"Hornsby, Melanie",,,,,,mlh054000,melanie hornsby,Business Communication 
BCOM,3300,004,2,7,6,12,6,5,2,1,1,1,1,,1,,,,,,"Herman, Emily L",,,,,,exh220006,emily herman,Business Communication 
BCOM,3300,005,,1,7,4,5,8,3,2,8,,1,,4,,,,1,,"Gilliland, Michaella W",,,,,,mrw170730,,Business Communication 
BCOM,3300,006,,11,6,9,7,2,2,,,,,,2,,,,,,"Watson, John M","Raviprolu, Jishnu V",,,,,jmw077000,john watson,Business Communication 
BCOM,3300,007,,9,6,7,9,2,4,1,,,,,1,,,,,,"Watson, John M","Raviprolu, Jishnu V",,,,,jmw077000,john watson,Business Communication 
BCOM,3300,008,,8,13,5,7,3,,,,,,,2,,,,,,"Watson, John M","Raviprolu, Jishnu V",,,,,jmw077000,john watson,Business Communication 
BCOM,3300,009,,5,8,8,10,5,4,,,,,,,,,,,,"Pitchford, Bethany","Bhimisetty, Maria P",,,,,bxp230018,bethany pitchford,Business Communication 
BCOM,3300,502,7,14,11,2,5,2,1,2,,,,,,,,,,,"Moore, Jason",,,,,,jxm230056,jason moore,Business Communication 
BCOM,4300,001,3,3,7,5,5,5,2,3,2,,1,,2,,,,,,"Pitchford, Bethany","Bhimisetty, Maria P",,,,,bxp230018,bethany pitchford,Advanced Professional Communication 
BCOM,4300,002,13,18,7,4,4,,2,,,,,,,,,,,,"Cordova, Denise",,,,,,dxc230038,denise cordova,Advanced Professional Communication 
BCOM,4300,003,4,5,3,13,7,6,1,,,,1,,,,,,,,"Stewart, Julie M","Patel, Nirmit Pradip",,,,,jxs210043,julie stewart,Advanced Professional Communication 
BCOM,4300,004,4,4,6,11,7,3,2,2,,,1,,,,,,,,"Stewart, Julie M","Patel, Nirmit Pradip",,,,,jxs210043,julie stewart,Advanced Professional Communication 
BCOM,4300,005,1,2,10,11,8,5,1,1,1,,,,1,,,,1,,"Fry, Jennifer L",,,,,,jlf130030,jennifer fry,Advanced Professional Communication 
BCOM,4300,006,6,9,6,7,5,4,,1,,,,,1,,,,,,"Olshansky, David",,,,,,dal506539,,Advanced Professional Communication 
BCOM,4300,007,,1,12,8,6,9,4,,,,,,,,,,,,"Pitchford, Bethany","Bhimisetty, Maria P",,,,,bxp230018,bethany pitchford,Advanced Professional Communication 
BCOM,4300,008,4,9,9,10,5,4,,,1,,,,,,,,,,"Blockley, Caylin",,,,,,cxb190014,caylin blockley,Advanced Professional Communication 
BCOM,4300,009,10,9,11,5,2,3,,,,,,,,,,,,,"Moore, Sarah E","Patel, Nirmit Pradip",,,,,sem054000,sarah moore,Advanced Professional Communication 
BCOM,4300,010,,5,11,6,11,3,2,,,,,,,,,,1,,"Moore, Jason",,,,,,jxm230056,jason moore,Advanced Professional Communication 
BCOM,4300,011,,1,3,3,11,8,4,4,4,1,,,1,,,,,,"Pitchford, Bethany","Bhimisetty, Maria P",,,,,bxp230018,bethany pitchford,Advanced Professional Communication 
BCOM,4300,012,1,1,4,5,9,8,6,2,2,,1,,1,,,,,,"Herman, Emily L",,,,,,exh220006,emily herman,Advanced Professional Communication 
BCOM,4300,014,,35,,,1,,,,,,,,3,,,,1,,"Hornsby, Melanie",,,,,,mlh054000,melanie hornsby,Advanced Professional Communication 
BCOM,4300,015,4,4,8,11,4,6,2,,,,,,1,,,,,,"Stewart, Julie M","Patel, Nirmit Pradip",,,,,jxs210043,julie stewart,Advanced Professional Communication 
BCOM,4300,016,,6,4,8,11,5,,2,2,,1,,,,,,1,,"Fry, Jennifer L",,,,,,jlf130030,jennifer fry,Advanced Professional Communication 
BCOM,4300,017,1,12,13,6,4,1,1,1,1,,,,,,,,,,"Moore, Sarah E","Patel, Nirmit Pradip",,,,,sem054000,sarah moore,Advanced Professional Communication 
BCOM,4300,018,1,7,17,6,3,3,,1,,,,1,,,,,,,"Ali, Shazia",,,,,,shazia,ali shazia,Advanced Professional Communication 
BCOM,4300,020,10,2,6,10,9,2,,,,1,,,,,,,,,"Stewart, Julie M","Patel, Nirmit Pradip",,,,,jxs210043,julie stewart,Advanced Professional Communication 
BCOM,4300,021,4,8,13,4,6,3,,1,1,,,,,,,,,,"Moore, Sarah E","Patel, Nirmit Pradip",,,,,sem054000,sarah moore,Advanced Professional Communication 
BCOM,4300,501,2,9,14,5,7,2,,,,,1,,,,,,,,"Ali, Shazia",,,,,,shazia,ali shazia,Advanced Professional Communication 
BCOM,4300,503,1,6,11,5,5,4,2,3,,,,,1,,,,,,"Horner, Kimberly D",,,,,,kdh024000,kimberly horner,Advanced Professional Communication 
BCOM,4300,504,2,10,19,2,4,1,,1,2,,,,,,,,,,"Olshansky, Alexander",,,,,,axo037000,,Advanced Professional Communication 
BCOM,4300,506,,8,10,2,4,7,,,4,,,,1,,,,,,"Blockley, Caylin",,,,,,cxb190014,caylin blockley,Advanced Professional Communication 
BCOM,4300,HO2,1,8,11,4,,1,,,,,,,,,,,,,"Lookadoo, Kathryn","Raviprolu, Jishnu V",,,,,kxl164330,kathryn lookadoo,
BCOM,4300,HON,,9,6,4,3,1,,,,,,,,,,,,,"Lookadoo, Kathryn","Raviprolu, Jishnu V",,,,,kxl164330,kathryn lookadoo,
BIOL,1318,001,,5,,,11,,,12,,,4,,,,,,1,,"Maitra, Meenakshi",,,,,,mxm172731,meenakshi maitra,Human Genetics 
BIOL,2111,501,14,17,20,13,13,8,7,3,3,3,11,3,5,,,,,,"Srikanth, Uma",,,,,,ukrish,uma srikanth,Introduction to Modern Biology Workshop I 
BIOL,2112,501,57,55,40,24,19,18,8,10,6,1,6,2,1,,,,,,"Wilson, Michelle M",,,,,,mxw084000,michelle wilson,Introduction to Modern Biology Workshop II 
BIOL,2112,502,23,39,52,32,24,22,16,7,12,4,5,3,6,,,,1,,"Padmanabhan, Ramesh","Anand, Rithika","Sirimanna, Ridma H","Ning, Dun",,,rxp104120,ramesh padmanabhan,Introduction to Modern Biology Workshop II 
BIOL,2112,503,17,21,16,11,12,13,7,15,6,11,7,2,11,,,,,,"Mazambani, Simbarashe",,,,,,sxm170074,simbarashe mazambani,Introduction to Modern Biology Workshop II 
BIOL,2281,301,4,9,3,3,2,1,,2,,,,,,,,,,,"Pickett, Elizabeth A","Berisha, Eranda",,,,,eaw016100,elizabeth pickett,Introductory Biology Laboratory 
BIOL,2281,302,2,5,4,5,1,2,2,,,,,,2,,,,,,"Salamat, Narges","Tien, Hsin-Jung",,,,,nxs158730,narges salamat,Introductory Biology Laboratory 
BIOL,2281,303,1,6,2,2,2,3,1,2,,,,,,,,,1,,"Salamat, Narges","Tien, Hsin-Jung",,,,,nxs158730,narges salamat,Introductory Biology Laboratory 
BIOL,2281,304,1,6,3,2,3,2,1,3,2,,,,,,,,,,"Mishra, Ritu","Huang, Yi","Khuwaja, Waris Muhammad",,,,yxh220019,yi huang,Introductory Biology Laboratory 
BIOL,2281,305,1,4,2,4,1,1,2,2,3,2,1,,,,,,,,"Salamat, Narges","Bailey, Juanita A",,,,,nxs158730,narges salamat,Introductory Biology Laboratory 
BIOL,2281,306,3,4,3,3,1,2,,1,2,,1,,,,,,,,"Pickett, Elizabeth A","Amin, Hibah",,,,,eaw016100,elizabeth pickett,Introductory Biology Laboratory 
BIOL,2281,307,1,2,4,8,2,1,1,,1,,,,1,,,,2,,"Davenport, Anne","Griffin, Caylah",,,,,axd240011,anne davenport,Introductory Biology Laboratory 
BIOL,2281,308,1,6,4,7,2,1,,,2,,,,,,,,,,"Salamat, Narges","Balasundarasekar, Bhavani",,,,,nxs158730,narges salamat,Introductory Biology Laboratory 
BIOL,2281,309,4,10,3,1,1,,2,2,,,,,,,,,,,"Davenport, Anne","Gomez, Jessica E",,,,,axd240011,anne davenport,Introductory Biology Laboratory 
BIOL,2281,310,3,8,2,3,2,3,,1,,,,,1,,,,,,"Chadha, Tejpreet K","Liu, Junyu",,,,,dal576407,tejpreet chadha,Introductory Biology Laboratory 
BIOL,2281,311,,4,5,3,3,,4,,2,2,,,,,,,,,"Esparza, Matthew A","Huang, Yi","Berisha, Eranda",,,,yxh220019,yi huang,Introductory Biology Laboratory 
BIOL,2281,312,1,14,,2,2,2,1,,,,,,,,,,,,"Chadha, Tejpreet K","Gomez, Jessica E",,,,,dal576407,tejpreet chadha,Introductory Biology Laboratory 
BIOL,2281,313,,11,7,2,,1,1,,,1,,,,,,,,,"Davenport, Anne","Nelson, Ashlianne A",,,,,axd240011,anne davenport,Introductory Biology Laboratory 
BIOL,2281,314,4,5,5,6,2,,,,,,,,,,,,,,"Esparza, Matthew A","Huang, Yi","Bailey, Juanita A",,,,yxh220019,yi huang,Introductory Biology Laboratory 
BIOL,2281,315,5,7,3,1,,3,1,1,,,,1,1,,,,,,"Davenport, Anne","Saenz, Ceejay N",,,,,axd240011,anne davenport,Introductory Biology Laboratory 
BIOL,2281,316,,3,,4,3,4,3,1,1,1,,1,2,,,,,,"Salamat, Narges","Amin, Hibah",,,,,nxs158730,narges salamat,Introductory Biology Laboratory 
BIOL,2281,317,2,5,3,1,5,,2,1,3,,,1,,,,,,,"Esparza, Matthew A","Huang, Yi","Balasundarasekar, Bhavani",,,,yxh220019,yi huang,Introductory Biology Laboratory 
BIOL,2281,318,2,4,4,4,1,4,,2,,,1,1,,,,,,,"Esparza, Matthew A","Huang, Yi","Nelson, Ashlianne A",,,,yxh220019,yi huang,Introductory Biology Laboratory 
BIOL,2281,320,,1,1,1,3,4,4,2,2,1,,1,3,,,,,,"Davenport, Anne","Griffin, Caylah",,,,,axd240011,anne davenport,Introductory Biology Laboratory 
BIOL,2281,321,,4,4,4,,5,2,,,2,1,,1,,,,,,"Mishra, Ritu","Huang, Yi","Khuwaja, Waris Muhammad",,,,yxh220019,yi huang,Introductory Biology Laboratory 
BIOL,2281,801,4,8,4,2,2,1,1,,,,,,,,,,1,,"Chadha, Tejpreet K","Liu, Junyu",,,,,dal576407,tejpreet chadha,Introductory Biology Laboratory 
BIOL,2281,802,,4,3,5,1,5,,1,1,,1,,,,,,1,,"Salamat, Narges","Saenz, Ceejay N",,,,,nxs158730,narges salamat,Introductory Biology Laboratory 
BIOL,2311,001,14,17,20,13,13,8,7,3,3,3,11,3,5,,,,2,,"Srikanth, Uma","Kwende, Sharon A","Chacon Castro, Maria Del Carmen",,,,ukrish,uma srikanth,Introduction to Modern Biology I 
BIOL,2312,001,57,55,40,24,19,18,8,10,6,1,6,2,1,,,,1,,"Wilson, Michelle M","Balaji, Sharan Kumar","Camp, John M","Noorani, Maha N","Yamauchi, Stephanie A",,mxw084000,michelle wilson,Introduction to Modern Biology II 
BIOL,2312,002,23,39,52,32,24,22,16,7,12,4,5,3,6,,,,5,,"Padmanabhan, Ramesh","Sirimanna, Ridma H","Anand, Rithika","Ning, Dun",,,rxp104120,ramesh padmanabhan,Introduction to Modern Biology II 
BIOL,2312,003,17,21,16,11,12,13,7,15,6,12,7,2,10,,,,1,,"Mazambani, Simbarashe","Ramirez Vazquez, Sara E","Thomas, Nathaniel",,,,sxm170074,simbarashe mazambani,Introduction to Modern Biology II 
BIOL,3203,101,18,5,,,,,,,,,,,,,,,,,"Gomez, Amy Jo M","Flores, Justin M",,,,,amh240001,amy macbey gomez,Introduction to Microbiology Lab 
BIOL,3203,102,16,6,2,,,,,,,,,,,,,,,,"Sadat, Eva L","Dalvi, Hrishikesh H",,,,,exs190014,eva sadat,Introduction to Microbiology Lab 
BIOL,3203,103,15,5,1,,2,,,,,,,,,,,,,,"Gomez, Amy Jo M","Sadat, Eva L","Hisam, Fatima",,,,amh240001,amy macbey gomez,Introduction to Microbiology Lab 
BIOL,3203,104,17,4,2,,1,,,,,,,,,,,,,,"Dhar, Roopal","Christensen, Priya M",,,,,rxd200002,,Introduction to Microbiology Lab 
BIOL,3303,001,,115,1,1,1,,,,,,1,,,,,,1,,"Sanchez, Erica L","Uppuluri, Aparna","Senu, Ebenezer","Zaheen Khan, Fabiha",,,exs220022,erica sanchez,Introduction to Microbiology 
BIOL,3303,002,10,41,23,13,8,10,2,2,3,,1,,2,,,,,,"Chadha, Tejpreet K","Zaheen Khan, Fabiha","Alvarez, Leilani",,,,dal576407,tejpreet chadha,Introduction to Microbiology 
BIOL,3318,001,32,16,24,14,8,4,2,,1,,1,,,,,,2,,"Barber, Kathleen B","Evers, Anna N","Hari Prasad, Vineeth",,,,dal311023,kathleen barber,Forensic Biology 
BIOL,3320,001,3,4,4,2,1,1,1,,,,,,,,,,,,"Hajeri, Vinita","Walisundara, Walisundara M",,,,,vxh151030,vinita hajeri,Applied Genetics 
BIOL,3320,002,3,5,1,3,1,1,,,,,,1,,,,,,,"Hajeri, Vinita","Walisundara, Walisundara M",,,,,vxh151030,vinita hajeri,Applied Genetics 
BIOL,3325,001,39,14,4,1,,1,,,,,,,,,,,,,"Sarcar, Subha","Dao, Alex",,,,,sns064000,subha sarcar,Drug Development to Clinical Trials 
BIOL,3337,001,,7,2,1,1,,,,,,,,,,,,1,,"Hong, Tian","Xu, Linyi",,,,,txh240018,,Bioinformatics 
BIOL,3355,HN1,13,4,1,,,,,,,,,,,,,,,,"Painter, Jennifer S",,,,,,dal966738,,Clinical Pathophysiology 
BIOL,3370,001,6,6,11,,3,3,4,8,1,2,1,3,3,,,,3,,"Wu, Zhuoru","Tiwari, Suman",,,,,zxw190014,,Exercise Physiology 
BIOL,3380,301,10,2,3,5,1,,1,,,,,,,,,,,,"Mazambani, Simbarashe","Rappazzo, Jacob M",,,,,sxm170074,simbarashe mazambani,Biochemistry Laboratory 
BIOL,3380,302,2,2,2,2,1,5,,1,1,1,1,,,,,,,,"Zhabilov, Dannie","Pan, Jing","Shi, Zhan",,,,dxz190003,,Biochemistry Laboratory 
BIOL,3380,303,2,1,2,3,4,2,5,,2,,,,,,,,1,,"Falah, Rafah M","Pan, Jing","Rappazzo, Jacob M",,,,rmf200001,,Biochemistry Laboratory 
BIOL,3380,304,3,4,9,1,1,1,2,,,,,,,,,,,,"Mazambani, Simbarashe","Zhi, Jiahe",,,,,sxm170074,simbarashe mazambani,Biochemistry Laboratory 
BIOL,3380,305,2,1,,2,5,6,1,,1,,1,,,,,,1,,"Mazambani, Simbarashe","Shi, Zhan",,,,,sxm170074,simbarashe mazambani,Biochemistry Laboratory 
BIOL,3380,306,3,4,2,,1,3,3,,2,1,,,,,,,,,"Pan, Jing","Patel, Umar J",,,,,jxp134330,jing pan,Biochemistry Laboratory 
BIOL,3380,307,1,1,2,,1,1,,1,2,2,,3,,,,,2,,"Srinivasan, Bhooma","Pan, Jing","Liu, Yihan",,,,dal884217,,Biochemistry Laboratory 
BIOL,3380,309,3,4,5,1,2,3,1,,,,,,,,,,1,,"Pan, Jing","Patel, Umar J","Liu, Yihan",,,,jxp134330,jing pan,Biochemistry Laboratory 
BIOL,3380,311,5,4,2,4,1,3,1,,2,,,,,,,,,,"Pan, Jing","Patel, Umar J",,,,,jxp134330,jing pan,Biochemistry Laboratory 
BIOL,3385,001,1,6,5,,7,1,1,4,1,1,,,1,,,,2,,"Murchison, David F",,,,,,dfm100020,david murchison,Medical Histology 
BIOL,3401,001,42,65,47,43,32,16,9,6,4,2,1,1,,,1,,15,,"Pan, Jing","Srikanth, Uma","Afolami, Olufemi Ifeoluwa","Maiti, Dibyo","Lalami, Hamza","Suresh, Prarthana",jxp134330,jing pan,Genetics 
BIOL,3402,001,26,32,22,35,7,7,7,4,6,8,3,2,,,,,,,"Joshi, Purna A","Sapkota, Darshan","Elhawary, Ezzeldin N","Maity, Subhajit",,,pxj210010,purna joshi,Molecular and Cell Biology 
BIOL,3455,301,1,,1,3,2,4,,2,1,,1,,5,,,,4,,"Maitra, Meenakshi","Winn, Emma A","Veera, Kavya",,,,mxm172731,meenakshi maitra,Human Anatomy and Physiology with Lab I 
BIOL,3455,302,,1,2,4,3,4,,,6,2,1,1,1,,,,5,,"Maitra, Meenakshi","Veera, Kavya",,,,,mxm172731,meenakshi maitra,Human Anatomy and Physiology with Lab I 
BIOL,3455,303,2,4,6,4,3,4,3,4,2,1,,1,,,,,1,,"Wu, Zhuoru","Gong, Hanling","Tiwari, Suman",,,,zxw190014,,Human Anatomy and Physiology with Lab I 
BIOL,3455,305,1,1,3,1,3,4,2,,3,2,,2,4,,,,5,,"Padmanabhan, Ramesh",,,,,,rxp104120,ramesh padmanabhan,Human Anatomy and Physiology with Lab I 
BIOL,3455,306,3,,5,7,5,3,3,3,1,,2,,4,,,,,,"Cheshire, Andy","Wu, Zhuoru","Langley, Lyndsey",,,,dal515348,andy cheshire,Human Anatomy and Physiology with Lab I 
BIOL,3455,307,3,5,4,3,3,2,6,1,1,,1,,1,,,,3,,"Cheshire, Andy","Wu, Zhuoru","Langley, Lyndsey",,,,dal515348,andy cheshire,Human Anatomy and Physiology with Lab I 
BIOL,3455,801,1,5,4,6,5,6,2,2,2,,1,,,,,,,,"Wu, Zhuoru","Gong, Hanling","Tiwari, Suman",,,,zxw190014,,Human Anatomy and Physiology with Lab I 
BIOL,3455,802,2,5,5,5,4,4,,1,2,,1,1,1,,,,1,,"Cheshire, Andy","Wu, Zhuoru","Langley, Lyndsey","Winn, Emma A",,,dal515348,andy cheshire,Human Anatomy and Physiology with Lab I 
BIOL,3456,301,3,7,2,6,3,2,,2,2,1,1,1,,,,,,,"Yu, Wen-Ho","Spence, Lindsay J","Zhang, Nan",,,,why061000,wen ho yu,Human Anatomy and Physiology with Lab II 
BIOL,3456,302,2,8,4,5,2,2,4,,,,1,,1,,,,1,,"Sarcar, Subha","Balaji, Sharan Kumar","Spence, Lindsay J",,,,sns064000,subha sarcar,Human Anatomy and Physiology with Lab II 
BIOL,3456,303,4,3,1,5,4,4,1,3,,,,2,1,,,,1,,"Yu, Wen-Ho","Spence, Lindsay J","Zhang, Nan",,,,why061000,wen ho yu,Human Anatomy and Physiology with Lab II 
BIOL,3456,304,6,3,2,3,5,1,1,,3,,2,1,,,,,3,,"Yu, Wen-Ho","Spence, Lindsay J","Zhang, Nan",,,,why061000,wen ho yu,Human Anatomy and Physiology with Lab II 
BIOL,3456,801,1,3,3,4,3,,1,2,,1,,,1,,,,,,"Sarcar, Subha","Balaji, Sharan Kumar","Spence, Lindsay J",,,,sns064000,subha sarcar,Human Anatomy and Physiology with Lab II 
BIOL,3461,001,4,37,9,5,12,4,3,3,,,,,,,,,,,"Gavva, Sandhya R","Wicherts, Dylan M",,,,,sgavva,sandhya gavva,Biochemistry I 
BIOL,3461,002,4,7,4,3,5,2,3,3,2,3,,,1,,,,2,,"Dodani, Sheel C","D'Arcy, Sheena M","Vs, Sushma","Sibert, John","Wicherts, Dylan M",,scd023000,sheel dodani,Biochemistry I 
BIOL,3461,003,9,8,16,10,9,12,4,7,5,1,5,2,7,,1,,,,"Boyd, Stefanie D","Estrada, Bryan J","Yaqub, Muneer O",,,,sdb074000,stefanie boyd,Biochemistry I 
BIOL,3462,001,3,27,19,11,28,25,17,11,8,8,,1,,,,,1,,"Candas, Mehmet","Reitzer, Lawrence J","Petter, Andrew T","Maity, Tuhina",,,candas,mehmet candas,Biochemistry II 
BIOL,3V00,001,6,8,6,2,7,3,2,2,2,,1,,1,,,,,,"Boyd, Stefanie D",,,,,,sdb074000,stefanie boyd,Topics in Biological Sciences 
BIOL,3V00,002,18,6,2,1,1,1,1,,,,,,,,,,,,"Gomez, Amy Jo M","Arugonda, Ravali",,,,,amh240001,amy macbey gomez,Topics in Biological Sciences 
BIOL,4302,021,1,9,,,,,,,,,,,,,,,,,"Mazambani, Simbarashe",,,,,,sxm170074,simbarashe mazambani,
BIOL,4302,027,7,3,,,,,,,,,,,,,,,,,"Yu, Wen-Ho",,,,,,,wen ho yu,
BIOL,4302,028,2,8,,,,,,,,,,,,,,,,,"Srikanth, Uma",,,,,,ukrish,uma srikanth,
BIOL,4302,060,,20,,,,,,,,,,,,,,,,,"Wilson, Michelle M",,,,,,mxw084000,michelle wilson,
BIOL,4302,066,15,,,,,,,,,,,,,,,,,,"Padmanabhan, Ramesh",,,,,,rxp104120,ramesh padmanabhan,
BIOL,4302,078,1,21,,,,,,,,,,,,,,,,,"Pickett, Elizabeth A",,,,,,eaw016100,elizabeth pickett,
BIOL,4302,102,2,10,,,,,,,,,,,,,,,,,"Wu, Zhuoru",,,,,,zxw190014,zhuoru wu,
BIOL,4305,0S1,8,5,5,1,,,,,,,,,,,,,1,,"Morcos Gonzalez, Alonso",,,,,,afg150230,,Molecular Evolution 
BIOL,4310,001,1,10,8,17,7,12,6,1,,,,,2,,,,1,,"Candas, Mehmet",,,,,,candas,mehmet candas,Cellular Microbiology 
BIOL,4345,001,,77,7,11,4,3,1,2,1,,,,1,,,,,,"Wilson, Michelle M","Parupalli, Preethi","Hossain, Md Liakat",,,,mxw084000,michelle wilson,Immunobiology 
BIOL,4360,001,9,3,2,1,3,,,,,,,,,,,,,,"Pickett, Elizabeth A",,,,,,eaw016100,elizabeth pickett,Evolution and Development 
BIOL,4366,001,4,4,1,3,1,1,3,,,,2,,,,,,1,,"Zhang, Li",,,,,,lxz075000,li zhang,Molecular Biology of Cancer 
BIOL,4380,301,9,7,3,2,1,,1,,,,,,,,,,,,"Sadat, Eva L","Gomez, Amy Jo M","Aleman, Jayden",,,,exs190014,eva sadat,Cell and Molecular Biology Laboratory 
BIOL,4380,302,9,9,1,3,2,,,,,,,,,,,,,,"Sadat, Eva L","Gomez, Amy Jo M","Joshi, Ketki",,,,exs190014,eva sadat,Cell and Molecular Biology Laboratory 
BIOL,4380,303,7,6,1,3,,1,,2,,,,,,,,,,,"Sadat, Eva L","Gomez, Amy Jo M","Konakalla, Anisha Reddy",,,,exs190014,eva sadat,Cell and Molecular Biology Laboratory 
BIOL,4380,305,8,6,,4,3,,1,,1,,,,,,,,,,"Gomez, Amy Jo M","Sadat, Eva L","Shryock, Douglas G",,,,amh240001,amy macbey gomez,Cell and Molecular Biology Laboratory 
BIOL,4380,306,8,8,4,1,,1,1,,,,,,,,,,,,"Gomez, Amy Jo M","Sadat, Eva L","Le, Alyssa",,,,amh240001,amy macbey gomez,Cell and Molecular Biology Laboratory 
BIOL,4385,001,,12,1,3,14,,,4,1,,1,,,,,,,,"Murchison, David F",,,,,,dfm100020,david murchison,Oral Histology and Embryology 
BIOL,4461,001,1,3,3,,2,3,2,1,1,,1,1,2,,,,,,"Boyd, Stefanie D",,,,,,sdb074000,stefanie boyd,Biophysical Chemistry 
BIOL,5370,001,,8,4,2,,,,,,,,,,,,,,,"Candas, Mehmet",,,,,,candas,mehmet candas,Host-Pathogen Interactions 
BIOL,5381,001,,37,,,8,,,,,,,,,,,,1,,"Kim, Tae Hoon","Briggs, Alyssa A",,,,,txk142630,,Genomics 
BIOL,5410,001,,49,1,,,,,,,,,,,,,,1,,"Palmer, Kelli L","Dillon, Nicholas","Ratna, Tahira Amdid",,,,klp120030,kelli palmer,Biochemistry 
BIOL,5440,001,,15,,,15,1,,4,,,,,,,,,1,,"Shindo, Yuki","Sin, Jon J",,,,,yxs240025,,Cell Biology 
BIOL,6351,001,,11,,1,,,1,,,,,,,,,,,,"Dong, Xintong",,,,,,xxd220000, xintong xintong dong,Cellular and Molecular Biology of the Immune System 
BIOL,6370,001,,9,,,4,,,1,,,,,,,,,,,"Kim, Brandon J",,,,,,dal882867,,Microbial Genetics 
BIOL,6385,001,,,2,3,3,1,1,,,,,,,,,,1,,"Zhang, Michael Q","Chandratre, Khyati R",,,,,mqz091000,michael zhang,Computational Biology 
BIOL,6V00,001,,2,7,3,,,,,,,,,,,,,,,"Jia, Lin",,,,,,lxj200008,lin jia,Topics in Biological Sciences 
BIOL,6V00,002,,9,,,2,,1,4,,,,,,,,,,,"Voit, Eberhard O",,,,,,eov230000,eberhard voit,Topics in Biological Sciences 
BIOL,6V02,001,,,,,,,,,,,,,,,,,1,20,"Voit, Eberhard O",,,,,,eov230000,eberhard voit,The Art of Scientific Presentation 
BIS,2190,0W1,8,5,4,2,2,2,1,,1,,1,,2,,,,,,"Dornback, Sarah",,,,,,sxd220144,sarah dornback,Library Research Skills 
BIS,2190,0W2,6,5,3,4,3,2,,2,2,1,1,1,,,,,,,"Gillo, Sabrina F",,,,,,dal105191,,Library Research Skills 
BIS,2190,0W3,19,7,,1,,,1,,,1,,,,,,,,,"Henry, Loreen S",,,,,,lsp014100,,Library Research Skills 
BIS,3320,001,15,11,1,,1,,,,,,,,,,,,,,"Lusk, Marc L",,,,,,mxl121730,marc lusk,The Nature of Intellectual Inquiry 
BIS,3320,002,12,7,4,,1,,,,,,,,,,,,,,"Lusk, Marc L",,,,,,mxl121730,marc lusk,The Nature of Intellectual Inquiry 
BIS,3320,003,4,10,12,5,,,,,2,,,,2,,,,,,"Wright, David A",,,,,,wright,david wright,The Nature of Intellectual Inquiry 
BIS,3320,004,10,5,5,1,2,2,1,,,,1,,3,,,,,,"Hammonds, Kyle",,,,,,kxh230016,kyle hammonds,The Nature of Intellectual Inquiry 
BIS,3320,005,2,1,1,2,1,2,2,1,,,1,,4,,,,,,"Jones, June A",,,,,,jaj230010,june jones,The Nature of Intellectual Inquiry 
BIS,3320,006,,,5,,,,,,2,,,,3,,,,1,,"Jones, June A",,,,,,jaj230010,june jones,The Nature of Intellectual Inquiry 
BIS,3320,0W1,2,2,3,3,1,1,1,1,,,,,,,,,,,"Jones, June A",,,,,,jaj230010,june jones,The Nature of Intellectual Inquiry 
BIS,4306,0W1,4,5,6,4,1,2,1,3,2,,,,,,,,,,"Simpson, Carrie M",,,,,,cms131030,carrie simpson,Strategies for Diversity in Education 
BLAW,2301,001,,60,3,,5,1,1,,,,,,,,,,,,"Polze, Matthew M",,,,,,mmp062000,matthew polze,Business and Public Law 
BLAW,2301,002,,56,4,5,4,,,,,,1,,,,,,,,"Polze, Matthew M",,,,,,mmp062000,matthew polze,Business and Public Law 
BLAW,2301,003,,66,3,2,1,1,,,,,,,1,,,,,,"Polze, Matthew M",,,,,,mmp062000,matthew polze,Business and Public Law 
BLAW,2301,004,2,11,2,15,13,10,4,5,1,2,2,2,2,,,,2,,"Gamino, John P",,,,,,jpg140630,john gamino,Business and Public Law 
BLAW,2301,005,,23,11,10,6,4,3,4,2,,,,,,,,2,,"Sutton, Walter L",,,,,,wls015100,walter sutton,Business and Public Law 
BLAW,2301,006,1,15,13,7,10,7,1,2,1,1,,,1,,,,,,"Baloul, Mirna A",,,,,,mxb230052,mirna baloul,Business and Public Law 
BLAW,2301,501,,5,5,6,7,7,4,7,6,,5,,9,,,,4,,"Betanzos, Christina L","Surani, Sanya R",,,,,clb120030,christina betanzos,Business and Public Law 
BLAW,2301,502,,9,6,6,9,14,7,7,7,,7,,1,,,,1,,"Betanzos, Christina L","Surani, Sanya R",,,,,clb120030,christina betanzos,Business and Public Law 
BLAW,2301,503,,8,4,5,4,9,10,2,14,,3,,4,,,,1,,"Betanzos, Christina L","Surani, Sanya R",,,,,clb120030,christina betanzos,Business and Public Law 
BLAW,3301,001,17,6,5,2,,,1,1,,1,1,1,1,,,,2,,"Green, Rhonda R","Frias, Noel E",,,,,rxg180032,rhonda green,Employment Law 
BLAW,4301,001,,19,20,8,,,,,,,,,,,,,,,"Sutton, Walter L",,,,,,wls015100,walter sutton,International Law 
BLAW,4305,001,4,5,3,2,4,3,1,1,,,,,,,,,,,"Baloul, Mirna A",,,,,,mxb230052,mirna baloul,Introduction to Patent Law 
BLAW,4310,HON,,22,,,1,,,,,,,,,,,,,,"Polze, Matthew M",,,,,,mmp062000,matthew polze,
BMEN,1208,301,4,2,1,,1,,1,,,,,,,,1,,,,"Myers, Kathleen M","Trevino, Paulina I","Rahmani, Fatemeh","Ghaderi, Mohammadaref",,,kxm156530,kathleen myers,Introduction to Bioengineering II 
BMEN,1208,303,1,2,7,3,4,,,,,,,,1,,,,,,"Meyer, Clark A",,,,,,cam140130,clark meyer,Introduction to Bioengineering II 
BMEN,1208,304,1,6,6,2,4,1,,1,,,,,1,,,,,,"Meyer, Clark A",,,,,,cam140130,clark meyer,Introduction to Bioengineering II 
BMEN,1208,305,,8,6,2,2,3,,,,,,,1,,,,,,"Meyer, Clark A",,,,,,cam140130,clark meyer,Introduction to Bioengineering II 
BMEN,1208,3L1,,7,5,1,,,1,1,,,,,1,,,,,,"Myers, Kathleen M","Trevino, Paulina I","Rahmani, Fatemeh","Ghaderi, Mohammadaref",,,kxm156530,kathleen myers,Introduction to Bioengineering II 
BMEN,1208,3L2,,6,1,3,4,,,,,,,1,,,,,,,"Myers, Kathleen M","Trevino, Paulina I","Rahmani, Fatemeh","Ghaderi, Mohammadaref",,,kxm156530,kathleen myers,Introduction to Bioengineering II 
BMEN,1300,001,9,3,1,2,4,2,3,1,1,,1,,4,,,,1,,"Good, Levi B","Giddaluru, Santhosh Gowtham",,,,,lbg170030,levi good,Introduction to Biomedical Engineering Computing 
BMEN,2320,001,5,2,3,8,2,4,2,,1,,,,2,,,,,,"Kang, Gu Eon","Feng, Xu","Sanjuan Bermudez, Angelica",,,,gxk210018,,Statics 
BMEN,3200,001,,58,,1,,2,,,,,,,,,,,,,"Rivera, Christian","Addo, Juliet J","Neifert, Connor","Carnes, Connor K",,,cxr210008,christian rivera,Biomedical Engineering Fundamentals and Design 
BMEN,3220,101,5,4,3,3,1,,,,,,,,,,,,,,"Ali, Tariq M","Deatherage, Joseph L",,,,,tma051000,tariq ali,Electrical and Electronic Circuits in Biomedical Engineering Lab 
BMEN,3220,102,4,7,3,,,1,,,1,,,,1,,,,,,"Ali, Tariq M","Mabbun, Kaye M",,,,,tma051000,tariq ali,Electrical and Electronic Circuits in Biomedical Engineering Lab 
BMEN,3302,501,4,6,9,3,5,2,5,,,,,,,,,,,,"Shihab, Rafiul Hossain","Nguyen, Victor V",,,,,dal246100,rafiul hossain shihab,Bioengineering Signals and Systems 
BMEN,3315,001,9,11,1,4,3,2,,3,,,,,1,,,,,,"Gao, Yongsheng","Neema, Naomie M",,,,,yxg230018,,Thermodynamics and Physical Chemistry in Biomedical Engineering 
BMEN,3320,001,4,5,3,6,2,4,4,3,,,,,6,,,,1,,"Ali, Tariq M","Patra, Rittik",,,,,tma051000,tariq ali,Electrical and Electronic Circuits in Biomedical Engineering 
BMEN,3325,001,8,5,3,3,2,,,,,,,,,,,,,,"Brown, Katherine G",,,,,,kgb170130,,Advanced Computational Tools for Biomedical Engineering 
BMEN,3331,001,7,13,12,9,4,4,4,,3,,1,,,,,,2,,"Cao, Chen","Neema, Naomie M","Vahdat Azad, Farhan",,,,cxc230073,chen cao,Cell and Molecular Engineering 
BMEN,3332,001,8,13,5,2,8,2,2,,,,,,,,,,,,"Hays, Seth A","Eslami, Sorour",,,,,sxh129730,seth hays,Quantitative Physiology for Engineers 
BMEN,3341,001,8,9,8,3,4,4,,1,,1,,,,,,,,,"Myers, Kathleen M","Nikpey Sheikhani, Marjan","Zhou, Zikun",,,,kxm156530,kathleen myers,Probability Theory and Statistics for Biomedical Engineers 
BMEN,3341,002,5,15,5,7,8,2,3,,,,,,,,,,,,"Myers, Kathleen M","Nikpey Sheikhani, Marjan","Zhou, Zikun",,,,kxm156530,kathleen myers,Probability Theory and Statistics for Biomedical Engineers 
BMEN,3380,001,3,4,3,2,4,,3,,2,,,,,,,,1,,"Good, Levi B",,,,,,lbg170030,levi good,Medical Imaging Systems and Methods 
BMEN,3399,001,6,5,5,1,2,,2,,,,,1,3,,,,2,,"Varner, Victor","Sanjuan Bermudez, Angelica",,,,,vxv162230,victor varner,Introductory Biomechanics 
BMEN,3399,002,6,10,9,8,8,1,2,2,,,,,,,1,,,,"Kang, Gu Eon","Zamani, Elham",,,,,gxk210018,,Introductory Biomechanics 
BMEN,4310,501,5,55,1,,,,,,,,,,2,,,,,,"Li, You","Pandala, Niharika","Dhakal, Rasik",,,,yxl230040,you li,Feedback Systems in Biomedical Engineering 
BMEN,4341,003,6,20,3,4,,,,1,,,,,,,,,,,"Jones, Caroline","Prajapati, Krishna",,,,,cxj200007,caroline jones,Immunoengineering 
BMEN,4355,001,1,7,3,1,3,2,,,,,,,3,,,,,,"Meyer, Clark A","Warren, Jeremy L",,,,,cam140130,clark meyer,Finite Element Analysis in Biomedical Engineering 
BMEN,4360,001,9,33,9,5,2,1,1,,,,,,2,,,,,,"Rodrigues, Danieli B","Guha, Sumedha","Prajapati, Krishna",,,,dxb127430,danieli b c rodrigues,Biomaterials and Medical Devices 
BMEN,4370,001,5,3,5,1,4,,,1,,,,,,,,,,,"Fei, Baowei",,,,,,bxf180002,,Biomedical Image Processing 
BMEN,4389,001,,9,8,2,4,,1,,,,,,,,,,,,"Polk, Todd W","Tjahjono, Nathaniel S",,,,,twp017000,todd polk,Senior Design Project II 
BMEN,4389,002,,5,4,1,2,1,,1,1,,,,,,,,,,"Polk, Todd W","Tjahjono, Nathaniel S",,,,,twp017000,todd polk,Senior Design Project II 
BMEN,4389,003,,10,8,3,2,2,,,,,,,,,,,,,"Polk, Todd W","Tjahjono, Nathaniel S",,,,,twp017000,todd polk,Senior Design Project II 
BMEN,6330,001,,22,,1,,,,,,,,,,,,,1,,"Hill, Roger J",,,,,,rjh220000,roger hill,Introduction to Medical Device Product Development 
BMEN,6342,001,,17,2,,,,,,,,,,,,,,,,"Rodrigues, Danieli B",,,,,,dxb127430,danieli b c rodrigues,Biomaterials and Medical Devices 
BMEN,6345,001,,10,2,,,,,,,,,,,,,,,,"Obaid, Girgis A",,,,,,gxo190002,girgis obaid,Self-Assembly of Biomaterials 
BMEN,6368,001,,14,,2,1,,,,,,,,,,,,1,,"Obaid, Girgis A",,,,,,gxo190002,girgis obaid,Cancer Therapy  Design  Development and Imaging 
BMEN,6374,001,,10,7,2,3,,,,,,,,,,,,2,,"Dingal, Polimyr Caesar Dave P",,,,,,ppd210003,,Genes  Proteins and Cell Biology for Engineers 
BMEN,6382,001,,12,4,2,1,,,,,,,,,,,,,,"Bleris, Leonidas",,,,,,lxb092000,leonidas bleris,Systems Biology 
BMEN,6392,001,,9,,2,1,,,,,,,,,,,,,,"Kim, Brian N",,,,,,bnk230001,brian kim,Bioinstrumentation and Systems 
BMEN,6394,0H1,,6,6,,,,,,,,,,,,,,1,,"Ding, Yichen",,,,,,yxd200010,yichen ding,Medical Imaging Techniques and Image Processing 
BMEN,6V40,013,,9,,,1,,,,,,,,,,,,,,"Porter, Benjamin A",,,,,,bap061000,benjamin porter,
BMEN,6V87,501,,11,2,,,1,,,,,,,,,,,,,"Brown, Katherine G",,,,,,kgb170130,,Special Topics in Biomedical Engineering 
BMEN,7088,001,,,,,,,,,,,,,,,,,,39,"Shihab, Rafiul Hossain",,,,,,dal246100,rafiul hossain shihab,Departmental Seminar in Biomedical Engineering 
BMEN,7188,001,,28,,,,,,,,,,,,,,,1,,"Shihab, Rafiul Hossain",,,,,,dal246100,rafiul hossain shihab,Advanced Seminars in Biomedical Engineering 
BMEN,8188,001,,16,,,,,,,,,,,,,,,,,"Meyer, Clark A",,,,,,cam140130,clark meyer,Advanced Seminars in Biomedical Engineering III 
BPS,4305,001,,3,7,4,4,4,,1,,,,1,,,,,,,"West, Nicole","Yan, Xinyu",,,,,nxw230005,nicole west,Strategic Management 
BPS,4305,002,2,6,9,10,12,9,3,1,1,1,,,,,,,1,,"West, Nicole","Yan, Xinyu",,,,,nxw230005,nicole west,Strategic Management 
BPS,4305,003,4,4,3,8,1,4,1,,3,1,,,,,,,,,"West, Nicole","Yan, Xinyu",,,,,nxw230005,nicole west,Strategic Management 
BPS,4305,501,1,1,1,3,1,,1,,3,3,,1,,,,,,,"Xia, Jun","Guo, Suifang",,,,,jxx132030,jun xia,Strategic Management 
BPS,4395,001,5,28,9,2,1,3,,,,,,,,,,,2,,"Kheirandish, Ali",,,,,,axk095320,ali kheirandish,Capstone Senior Project - Business 
BPS,4395,002,,7,21,12,6,1,,1,,,,,,,,,,,"Segelhorst, Jon P",,,,,,jps210007,,Capstone Senior Project - Business 
BPS,4395,003,,51,,,,,,,,,,,,,,,,,"Parks, David","Bhoi, Riddhi V",,,,,dxp153830,david parks,Capstone Senior Project - Business 
BPS,4395,004,4,24,18,2,2,,,,,,,,,,,,,,"Velayudham, Senthilnatha",,,,,,sxv230155,,Capstone Senior Project - Business 
BPS,4395,005,12,17,9,4,2,4,,,,,,,,,,,,,"Goodrich, Mary Beth W","Patne, Saylee Pramod",,,,,goodrich,mary beth goodrich,Capstone Senior Project - Business 
BPS,4395,006,5,16,20,8,1,,,,,,,,,,,,,,"Harrison, Megan",,,,,,mkh160330,megan harrison,Capstone Senior Project - Business 
BPS,4395,007,6,26,8,,,5,5,,,,,,,,,,,,"Haddad, Nicole",,,,,,dal821138,nicole haddad,Capstone Senior Project - Business 
BPS,4395,008,1,49,,,,,,,,,,,,,,,,,"Henderson, Thomas C",,,,,,txh093000,tom henderson,Capstone Senior Project - Business 
BPS,4395,009,14,14,13,6,1,1,,,,,,,,,,,,,"Penton, Kimia",,,,,,kpenton,kimia penton,Capstone Senior Project - Business 
BPS,4395,501,,1,8,3,4,3,11,4,3,4,1,1,4,,,,1,,"Chandrasekharan, Sunil",,,,,,dal729168,,Capstone Senior Project - Business 
BPS,4395,502,8,15,13,10,3,1,,,,,,,,,,,,,"Kumar, Arun",,,,,,dal340664,arun kumar,Capstone Senior Project - Business 
BPS,6310,0W1,,32,8,4,6,,1,,,,,,,,,,,,"Xia, Jun","Guo, Suifang",,,,,jxx132030,jun xia,Strategic Management 
BPS,6310,501,,9,,,8,,,,,,,,,,,,1,,"Dess, Gregory G","Huang, He",,,,,ggd021000,gregory dess,Strategic Management 
BPS,6310,GW1,,14,5,2,,,,1,,,,,,,,,,,"Choi, Emily",,,,,,exc113230,emily choi,
BPS,6310,MBP,,16,9,1,,,,,,,,,,,,,,,"Lin, Zhiang","Jiang, Rui",,,,,zlin,zhiang lin,
BPS,6332,CW1,,22,4,,,,,,,,,,,,,,,,"Ghosh, Anne F",,,,,,,anne ghosh,
BPS,6332,CW2,,14,,1,,,,,,,,,,,,,,,"Plaisance Bryan, Suzette T",,,,,,,suzette plaisance bryan,
BPS,6360,501,,3,2,2,1,,1,,,,,,1,,,,,,"Hicks, Jeffrey N","Londhe, Chitra",,,,,jnh061000,jeffrey hicks,Management and Organizational Consulting  Theory and Practice 
BPS,6387,XH1,,5,11,3,,,,,,,,,,,,,,,"Sachdeva, Deepak",,,,,,,deepak sachdeva,
BUAN,4320,501,6,13,17,9,2,,,,,,,,,,,,1,,"Wu, Lidong","Ahmed, Asim",,,,,lxw097120,lidong wu,Database Fundamentals for Analytics 
BUAN,4350,001,1,4,3,2,3,2,2,1,,,,,2,,,,1,,"Sethi, Avanti P","Shinde, Pratiksha D",,,,,asethi,awanti sethi,Spreadsheet Modeling and Analytics 
BUAN,4373,001,7,2,4,2,2,3,,3,,3,1,1,2,,,,,,"Ramezani, Rasoul","Marar, Abhijit",,,,,rxr145930,rasoul ramezani,Data Science for Business Applications 
BUAN,6009,001,,,,,,,,,,,,,,,,,,11,"Thomas, Sunela S","Shekhar, Gaurav",,,,,sxt167730,sunela thomas,
BUAN,6312,001,,5,7,10,7,4,3,1,,,,,,,,,,,"Scott, Jonathan","Kim, Haeun",,,,,jxs230065,,Applied Econometrics and Time Series Analysis 
BUAN,6312,003,,8,19,13,12,4,1,1,,,,,,,,,,,"Scott, Jonathan","Kim, Haeun",,,,,jxs230065,,Applied Econometrics and Time Series Analysis 
BUAN,6312,0W1,,2,9,8,6,6,3,2,,,,,,,,,1,,"Blueshtein, Moran","Goyal, Tarini",,,,,mxb135230,moran blueshtein,Applied Econometrics and Time Series Analysis 
BUAN,6312,501,,4,3,1,1,2,1,1,,,,,,,,,,,"Blueshtein, Moran","Goyal, Tarini",,,,,mxb135230,moran blueshtein,Applied Econometrics and Time Series Analysis 
BUAN,6312,S02,,21,5,19,7,5,5,1,,,,,,,,,,,"Chudik, Alexander",,,,,,axc180061,alexander chudik,
BUAN,6312,SW1,,8,1,1,3,1,,1,,,,,1,,,,1,,"Blueshtein, Moran",,,,,,mxb135230,moran blueshtein,
BUAN,6320,001,,23,14,16,3,,,,,,,,,,,,,,"Srikanth, Kannan","Kadam, Trupti Amarnath",,,,,kxs018700,,Database Foundations for Business Analytics 
BUAN,6320,002,,26,28,3,8,2,,1,,,,,,,,,,,"El-khodari, Gasan E","Kadam, Ashlesha Sanjay",,,,,gxe051000,gasan elkhodari,Database Foundations for Business Analytics 
BUAN,6320,0W1,,11,7,11,7,,,,,,,,1,,,,,,"Ryu, Young U","Li, Baorui",,,,,ryoung,young ryu,Database Foundations for Business Analytics 
BUAN,6320,501,,25,19,13,5,,,,,,,,,,,,1,,"Srikanth, Kannan","Kadam, Trupti Amarnath",,,,,kxs018700,,Database Foundations for Business Analytics 
BUAN,6320,502,,6,2,2,2,,,,,,,,,,,,,,"Kaya, Cuneyd C","Acharya, Pratiksha Bhaskar",,,,,cckaya,cuneyd kaya,Database Foundations for Business Analytics 
BUAN,6320,503,,8,10,7,2,,,,,,,,,,,,1,,"Kaya, Cuneyd C","Acharya, Pratiksha Bhaskar",,,,,cckaya,cuneyd kaya,Database Foundations for Business Analytics 
BUAN,6320,S01,,13,9,6,4,3,,,,,,,1,,,,,,"Pandian, Thiru",,,,,,txp190010,thiru pandian,
BUAN,6320,SW1,,12,5,6,1,,,2,,,,,1,,,,,,"Ryu, Young U",,,,,,ryoung,young ryu,
BUAN,6333,001,,9,10,7,7,,,,,,,,1,,,,,,"Neouchi, Rabih","Parmar, Hitarth J",,,,,rxn200012,rabih neouchi,Foundations of Programming for Business Analytics 
BUAN,6335,501,,6,29,10,3,,,,,,,,,,,,,,"Samant, Mandar","Kaushik, Shantanu",,,,,mss190002,,Organizing for Business Analytics Platforms 
BUAN,6335,502,,3,31,13,1,,,,,,,,,,,,,,"Samant, Mandar","Kaushik, Shantanu",,,,,mss190002,,Organizing for Business Analytics Platforms 
BUAN,6335,SW1,,10,4,5,1,2,,,,,,,,,,,,,"Narayan, Ravishankar L",,,,,,rln130030,ravishankar narayan,
BUAN,6337,001,,13,10,17,8,3,,,,,,,,,,,,,"Joo, Joonhwi","Kim, Seung Mok",,,,,jxj180020,joonhwi joo,Predictive Analytics for Data Science 
BUAN,6337,002,,13,17,21,5,1,,,,,,,,,,,,,"Kim, Tongil","Zhang, Weiheng",,,,,txk200012,,Predictive Analytics for Data Science 
BUAN,6337,003,,15,16,6,17,2,,,,,,,,,,,,,"Kim, Tongil","Zhang, Weiheng",,,,,txk200012,,Predictive Analytics for Data Science 
BUAN,6337,004,,9,7,9,6,3,,,,,,,,,,,,,"Joo, Joonhwi","Kim, Seung Mok",,,,,jxj180020,joonhwi joo,Predictive Analytics for Data Science 
BUAN,6337,0W1,,11,8,2,5,3,,3,,,,,,,,,1,,"Subramanian, Upender","Pain, Krishnendu",,,,,uxs092000,upender subramanian,Predictive Analytics for Data Science 
BUAN,6337,S01,,11,11,13,5,,,,,,,,,,,,,,"Shahrokhi Tehrani, Shervin",,,,,,,shervin shahrokhi tehrani,
BUAN,6337,S02,,26,14,6,3,1,,1,,,,,2,,,,,,"Allison, Kyle",,,,,,,kyle allison,
BUAN,6340,002,,8,,2,1,1,,1,,,,,,,,,,,"Lavastida, Thomas","Mudunuri, Devamsh Varma",,,,,txl220018,thomas lavastida,Programming for Data Science 
BUAN,6340,S01,,6,2,4,,,,,,,,,,,,,,,"Smashnov, Uri",,,,,,uxs051000,uri smashnov,
BUAN,6340,SW1,,13,4,5,,,,,,,,,2,,,,1,,"Koju, Vijay",,,,,,vxk220074,vijay koju,
BUAN,6341,002,,5,6,6,6,2,,,,,,,,,,,,,"Cao, Ziyi","Zhu, Yan",,,,,zxc230012,,Applied Machine Learning 
BUAN,6341,003,,13,15,11,8,,,,,,,,,,,,,,"Cao, Ziyi","Zhu, Yan",,,,,zxc230012,,Applied Machine Learning 
BUAN,6341,501,,3,2,4,2,,,,,,,,,,,,,,"Cao, Ziyi","Zhu, Yan",,,,,zxc230012,,Applied Machine Learning 
BUAN,6341,S01,,24,11,6,8,5,4,2,,,,,,,,,,,"Zemoodeh, Amir",,,,,,axz120930,amir zemoodeh,
BUAN,6341,SW1,,3,3,3,3,1,,1,,,,,,,,,2,,"Smashnov, Uri",,,,,,uxs051000,uri smashnov,
BUAN,6342,001,,2,2,2,2,1,,1,,,,,,,,,,,"Singh, Harpreet","Joseph, Shailender",,,,,hxs104000,harpreet singh,Applied Natural Language Processing 
BUAN,6342,501,,11,11,9,,,,,,,,,,,,,,,"El-khodari, Gasan E","Joseph, Shailender",,,,,gxe051000,gasan elkhodari,Applied Natural Language Processing 
BUAN,6344,501,,3,3,4,1,1,1,3,,,,,,,,,,,"Maru, Vatsal K","Atmakuri, Dheeraj",,,,,vkm220000,vatsal maru,Web Analytics 
BUAN,6344,S01,,6,4,1,2,,,1,,,,,1,,,,,,"Allison, Kyle",,,,,,,kyle allison,
BUAN,6346,001,,15,12,5,4,,,,,,,,,,,,,,"El-Youssef, Rami","Bhole, Nikita Chandrakiran",,,,,rxe200001,rami el youssef,Big Data 
BUAN,6346,002,,16,10,9,2,1,,,,,,,,,,,,,"El-khodari, Gasan E","Kadam, Ashlesha Sanjay",,,,,gxe051000,gasan elkhodari,Big Data 
BUAN,6346,501,,16,12,7,2,2,,,,,,,,,,,,,"El-khodari, Gasan E","Kadam, Ashlesha Sanjay",,,,,gxe051000,gasan elkhodari,Big Data 
BUAN,6346,505,,3,3,4,1,1,,,,,,,1,,,,,,"Shadid, Waseem G","Bhole, Nikita Chandrakiran",,,,,wgs230000,,Big Data 
BUAN,6346,S01,,10,8,4,3,4,,2,,,,,,,,,,,"Paes, Antonio P",,,,,,app210006,antonio paes,
BUAN,6346,SW1,,23,18,5,9,,,,,,,,,,,,,,"El-khodari, Gasan E","Perez, Jerry",,,,,,gasan el khodari,
BUAN,6356,002,,7,4,4,4,2,,1,,,,,,,,,,,"Sun, Shujing","Jethe Bhanushali, Mrudula S",,,,,sxs200168,shujing sun,Business Analytics With R 
BUAN,6356,003,,9,3,2,1,1,,1,,,,,,,,,,,"Sun, Shujing","Jethe Bhanushali, Mrudula S",,,,,sxs200168,shujing sun,Business Analytics With R 
BUAN,6356,501,,13,8,11,1,5,,,,,,,,,,,,,"Lee, Heeseung","Khan, Afnan Anwar",,,,,hxl220030,heeseung lee,Business Analytics With R 
BUAN,6356,502,,9,8,6,11,3,1,,,,,,,,,,,,"Lee, Heeseung","Khan, Afnan Anwar",,,,,hxl220030,heeseung lee,Business Analytics With R 
BUAN,6356,S01,,6,5,2,3,2,,1,,,,,1,,,,,,"Shrivastava, Prakash C",,,,,,pcs130130,prakash shrivastava,
BUAN,6356,SW1,,28,3,2,,,,,,,,,,,,,2,,"Johnston, Walter L",,,,,,wlj031000,walter johnston,
BUAN,6357,SW1,,26,13,1,3,3,,,,,,,,,,,,,"Johnston, Walter L",,,,,,wlj031000,walter johnston,
BUAN,6359,001,,7,1,2,5,2,7,4,,,,,4,,,,,,"Toptal, Aysegul","Agarwal, Naman",,,,,axt083100,aysegul toptal,Advanced Statistics for Data Science 
BUAN,6359,0W1,,10,,3,1,1,1,3,,,,,1,,,,4,,"Ahadi, Khatereh","Gatne, Sushmita Sunil","Singh, Manjot",,,,kxa180010,khatereh ahadi,Advanced Statistics for Data Science 
BUAN,6359,501,,11,3,10,3,3,4,5,,,,,2,,,,,,"Sethi, Avanti P","Grover, Siddhartha",,,,,asethi,awanti sethi,Advanced Statistics for Data Science 
BUAN,6359,5W1,,5,3,7,6,1,1,,,,,,2,,,,,,"Sethi, Avanti P","Grover, Siddhartha",,,,,asethi,awanti sethi,Advanced Statistics for Data Science 
BUAN,6359,S01,,8,5,2,5,1,2,1,,,,,,,,,,,"Brussolo, Monica E",,,,,,meb049000,monica brussolo,
BUAN,6359,S02,,8,3,1,3,,1,1,,,,,2,,,,,,"Whalen, Tristan G",,,,,,tgw100020,tristan whalen,
BUAN,6359,SW1,,5,2,3,1,1,1,1,,,,,1,,,,1,,"Brussolo, Monica E",,,,,,meb049000,monica brussolo,
BUAN,6382,501,,15,16,8,4,,,,,,,,,,,,,,"El-Youssef, Rami","Ghosh, Debapratim",,,,,rxe200001,rami el youssef,Applied Deep Learning 
BUAN,6382,S01,,2,19,3,,,,,,,,,,,,,,,"Kamalzadeh, Hossein",,,,,,hxk210085,hossein kamalzadeh,
BUAN,6382,SW1,,1,12,1,1,,,,,,,,,,,,1,,"Kamalzadeh, Hossein",,,,,,hxk210085,hossein kamalzadeh,
BUAN,6383,001,,4,1,3,3,,1,,,,,,1,,,,,,"Menon, Syam S","Ghosh, Debapratim",,,,,sxm021300,syam menon,Modeling for Business Analytics 
BUAN,6390,001,,6,28,19,5,,,,,,,,,,,,,,"Samant, Mandar",,,,,,mss190002,,Analytics Practicum 
BUAN,6390,002,,9,36,12,1,1,,,,,,,,,,,1,,"Samant, Mandar",,,,,,mss190002,,Analytics Practicum 
BUAN,6390,003,,20,28,7,4,,,,,,,,1,,,,,,"Dean, Brian","Jain, Kushagra",,,,,bjd210004,,Analytics Practicum 
BUAN,6390,501,,11,23,7,3,3,1,,,,,,,,,,,,"Thomas, Sunela S","Bhole, Nikita Chandrakiran",,,,,sxt167730,sunela thomas,Analytics Practicum 
BUAN,6390,S01,,9,24,10,3,,,1,,,,,,,,,,,"Samant, Mandar",,,,,,mss190002,mandar samant,
BUAN,6390,S02,,22,3,,,,,,,,,,,,,,1,,"Alvarez, Jose",,,,,,jaa010600,jose alvarez,
BUAN,6392,001,,9,8,7,4,1,1,,,,,,,,,,,,"Mehra, Amit","Chen, Luoying",,,,,axm078200,amit mehra,Causal Analytics and A B Testing 
BUAN,6392,0W1,,3,6,4,2,,,,,,,,,,,,,,"Mehra, Amit","Chen, Luoying",,,,,axm078200,amit mehra,Causal Analytics and A B Testing 
BUAN,6398,001,,11,4,6,6,6,1,2,,,,,,,,,,,"Nguyen, Hien T","Gupta, Anuj",,,,,htn170130,hien nguyen,Prescriptive Analytics 
BUAN,6398,002,,24,7,8,11,3,3,4,,,,,7,,,,1,,"Whalen, Tristan G","Ninan, Patrick G",,,,,tgw100020,tristan whalen,Prescriptive Analytics 
BUAN,6398,003,,5,3,5,2,7,1,,,,,,3,,,,,,"Nguyen, Hien T","Gupta, Anuj",,,,,htn170130,hien nguyen,Prescriptive Analytics 
BUAN,6398,0W1,,15,10,3,8,3,6,1,,,,,1,,,,,,"Whalen, Tristan G","Ninan, Patrick G",,,,,tgw100020,tristan whalen,Prescriptive Analytics 
BUAN,6398,501,,7,9,6,8,6,1,4,,,,,1,,,,,,"Nguyen, Hien T","Gupta, Anuj",,,,,htn170130,hien nguyen,Prescriptive Analytics 
BUAN,6398,S01,,18,1,3,4,6,2,2,,,,,,,,,,,"Ramezani, Rasoul",,,,,,rxr145930,rasoul ramezani,
BUAN,6398,SW1,,4,2,3,3,2,,1,,,,,,,,,1,,"Ramezani, Rasoul",,,,,,rxr145930,rasoul ramezani,
BUAN,6V98,001,,,,,,,,,,,,,,,,,,67,"Thomas, Sunela S",,,,,,sxt167730,sunela thomas,
BUAN,6V98,S03,,,,,,,,,,,,,,,,,,12,"Shekhar, Gaurav",,,,,,gxs150130,gaurav shekhar,
BUAN,6V99,001,,14,2,,,,,,,,,,,,,,,,"Bose, Ashim","Khan, Afnan Anwar",,,,,axb230208,ashim bose,Special Topics in Business Analytics 
BUAN,6V99,501,,6,4,4,5,2,,2,,,,,,,,,,,"Singh, Harpreet","Joseph, Shailender",,,,,hxs104000,harpreet singh,Special Topics in Business Analytics 
CE,1202,001,7,5,,5,4,3,3,1,2,,1,,,,,,,,"Abulaiha, Haifa","Dhole, Sameer R","Nayemuzzaman, Sk","Ahmed, Shakil","Abedin Khan, Mushfiqul",,dal859024,haifa abdulaiha,Introduction to Electrical and Computer Engineering II 
CE,1202,002,7,9,5,1,4,1,1,,1,,1,,1,,,,1,,"Abulaiha, Haifa","Abedin Khan, Mushfiqul","Dhole, Sameer R","Nayemuzzaman, Sk","Ahmed, Shakil",,dal859024,haifa abdulaiha,Introduction to Electrical and Computer Engineering II 
CE,1202,003,3,4,8,3,3,3,3,3,1,,1,,2,,,,1,,"Abulaiha, Haifa","Dhole, Sameer R","Nayemuzzaman, Sk","Ahmed, Shakil","Abedin Khan, Mushfiqul",,dal859024,haifa abdulaiha,Introduction to Electrical and Computer Engineering II 
CE,1202,004,7,8,8,4,3,,,,,,,,,,,,,,"Abulaiha, Haifa","Dhole, Sameer R","Nayemuzzaman, Sk","Ahmed, Shakil","Abedin Khan, Mushfiqul",,dal859024,haifa abdulaiha,Introduction to Electrical and Computer Engineering II 
CE,1337,003,,2,2,2,2,,,,,,,,3,,,,2,,"Darbari, Parisa",,,,,,dal776869,parisa darbari,Computer Science I 
CE,1337,008,,2,1,4,1,,,,,,,,,,,,2,,"Srivastava, Aditya",,,,,,axs142531,aditya srivastava,Computer Science I 
CE,1337,0W1,3,3,1,2,1,1,,,,,,,,,,,1,,"Dollinger, Scott M",,,,,,smd013000,scott dollinger,Computer Science I 
CE,2301,001,1,,1,3,3,1,,1,3,,2,,,,,,,,"Lee, Gil S","Neelapureddy, Uttam Reddy",,,,,gslee,gill lee,Electrical Network Analysis 
CE,2301,002,,,1,2,1,7,2,2,2,,3,1,,,,,,,"Chiu, Yun","kamal, Miriyala p",,,,,yxc101000,yun chiu,Electrical Network Analysis 
CE,2301,501,1,1,1,,4,5,1,2,3,,2,2,,,,,1,,"Chiu, Yun","Chitale, Akshay A",,,,,yxc101000,yun chiu,Electrical Network Analysis 
CE,2305,002,,5,,,4,1,,1,,,,,,,,,,,"Jue, Jason P","Truong, Nhat V",,,,,jjue,jason jue,Discrete Mathematics for Computing I 
CE,2310,001,10,10,2,3,4,,4,,2,,3,,2,,,,,,"Ahmed, Shaheen","Habibi Dehsheikhi, Mostafa","Eroglu, Omer",,,,sxa176730,shaheen ahmed,Introduction to Digital Systems 
CE,2310,501,6,10,3,,7,3,1,1,1,,2,,2,,,,,,"Ahmed, Shaheen","Habibi Dehsheikhi, Mostafa","Eroglu, Omer",,,,sxa176730,shaheen ahmed,Introduction to Digital Systems 
CE,3161,051,,12,9,6,2,3,,,,,,,,,,,,,"Mezenner, Rabah","Islam, Farzana",,,,,rxm129730,rabah mezenner,Social Issues and Ethics in Engineering 
CE,3161,091,2,6,8,7,3,2,1,,,1,1,1,2,,,,1,,"Mezenner, Rabah","Islam, Farzana",,,,,rxm129730,rabah mezenner,Social Issues and Ethics in Engineering 
CE,3201,001,1,15,3,,2,1,,,,,2,,,,,,,,"Nikoubin Boroujeni, Tooraj","Hashemi Esmaeilabad, Seyed Saeed","Duraisamy Swamikannan, Lena","Abbasnia, Alma","Jain, Dipali D","Sarker, Nayan",txn190011,tooraj nikoubin,Electrical and Computer Engineering Fundamentals-I Laboratory 
CE,3201,002,3,27,2,,,,,,1,,1,,,,,,1,,"Nikoubin Boroujeni, Tooraj","Duraisamy Swamikannan, Lena","Abbasnia, Alma","Jain, Dipali D","Sarker, Nayan",,txn190011,tooraj nikoubin,Electrical and Computer Engineering Fundamentals-I Laboratory 
CE,3202,001,,4,1,4,2,,,2,1,,,,2,,,,,,"Kiasaleh, Kamran","Tayeb Naimi, Shideh","Mahbub, Mohammed Nahiyan",,,,kamran,kamran kiasaleh,Electrical and Computer Engineering Fundamentals-II Laboratory 
CE,3202,002,2,3,6,7,2,3,1,1,,,,,1,,,,,,"Ahmed, Shaheen","Tayeb Naimi, Shideh","Mahbub, Mohammed Nahiyan","Uddin, Mohammed Belal",,,sxa176730,shaheen ahmed,Electrical and Computer Engineering Fundamentals-II Laboratory 
CE,3303,001,4,3,3,3,5,8,7,1,,5,3,1,3,,,,1,,"Kehtarnavaz, Nasser","Tasnim, Nafisa Zarrin",,,,,nxk019000,nasser kehtarnavaz,Discrete-Time Signals and Systems 
CE,3311,002,3,2,3,5,,4,1,1,3,,,,1,,,,1,,"Liu, Jin","Shen, Shilong",,,,,jinliu,jin liu,Electronic Circuits 
CE,3311,003,,3,,6,6,4,2,,,,,,,,,,1,,"Lee, Hoi","Koech, Mercy C",,,,,hxl054000,hoi lee,Electronic Circuits 
CE,3320,001,7,8,3,3,2,5,4,,1,,,,1,,,,,,"Pedram, Hossein","Kazemikia, Danial",,,,,hxp220048,hossein pedram,Digital Circuits 
CE,3320,002,3,3,5,1,3,2,2,3,3,,1,,,,1,,4,,"Bhatia, Dinesh K","Balsara, Poras T","Parchamdar, Baharealsadat",,,,dinesh,dinesh bhatia,Digital Circuits 
CE,3345,003,,4,3,1,,,,1,1,,,,1,,,,,,"Alagar, Sridhar",,,,,,sxa173731,sridhar alagar,Data Structures and Introduction to Algorithmic Analysis 
CE,3345,501,2,1,1,3,,1,,1,,,1,,,,,,1,,"Hamdy, Omar Mohamed",,,,,,oxh210004,omar hamdy,Data Structures and Introduction to Algorithmic Analysis 
CE,3354,003,,6,4,,,,,,,,,,,,,,,,"Feng, Ranran",,,,,,rxf090020,ranran feng,Software Engineering 
CE,4204,001,10,12,6,,,1,,,,,,,,,,,,,"Young, Chadwin D","Neelapureddy, Uttam Reddy","Parvez, Mohammad Salman","Daneshnazar, Milad",,,cdy120030,chadwin young,Electrical and Computer Engineering Laboratory in Devices 
CE,4304,001,,10,2,2,6,3,,,,,,,2,,,,,,"Swartz, William P","Kontarinis, Apostolos",,,,,wps100020,william swartz,Computer Architecture 
CE,4304,002,3,12,5,1,4,4,,1,,,,,2,,,,,,"Swartz, William P","Kontarinis, Apostolos",,,,,wps100020,william swartz,Computer Architecture 
CE,4331,001,,16,2,,,,,,,,,,,,,,,,"Tamil, Lakshman S","Sonawane, Akshay Bhagwan",,,,,laxman,lakshman tamil,Applied Machine Learning 
CE,4348,501,4,21,12,7,8,1,2,2,,1,,1,5,,,,,,"Peterson, Erik A",,,,,,eap190004,erik peterson,Operating Systems Concepts 
CE,4370,001,6,6,10,1,3,2,,1,,,,1,1,,,,,,"Pedram, Hossein","Delaram, Zeinab","Ahmed, Sabrina",,,,hxp220048,hossein pedram,Embedded Systems 
CE,4370,002,1,23,2,,1,1,,1,,,,,2,,,,,,"Swartz, William P","Ezechukwu, Dismas N","Delaram, Zeinab",,,,wps100020,william swartz,Embedded Systems 
CE,4388,001,,4,6,1,1,1,,,,,,,,,,,,,"Tacca, Marco",,,,,,mtacca,marco tacca,Senior Design Project I 
CE,4388,002,,13,2,1,,,,,,,,,,,,,,,"Skinner, Neal G",,,,,,skinner,neal skinner,Senior Design Project I 
CE,4389,001,1,12,1,,,,,,1,,,,,,,,,,"Skinner, Neal G",,,,,,skinner,neal skinner,Senior Design Project II 
CE,4389,004,4,9,,,,,,,,,,,,,,,,,"Tacca, Marco",,,,,,mtacca,marco tacca,Senior Design Project II 
CE,4389,005,2,11,1,,1,,,,,,,,,,,,,,"Tacca, Marco",,,,,,mtacca,marco tacca,Senior Design Project II 
CE,6302,001,,16,5,1,3,,,,,,,,,,,,,,"Nikoubin Boroujeni, Tooraj","Hashemi Esmaeilabad, Seyed Saeed",,,,,txn190011,tooraj nikoubin,Embedded Systems 
CE,6303,001,,1,5,6,1,1,1,3,,,,,,,,,1,,"Nourani, Mehrdad",,,,,,nourani,mehrdad nourani,Testing and Testable Design 
CE,6304,001,,11,2,1,2,,,,,,,,,,,,,,"Pedram, Hossein","Daneshnazar, Milad",,,,,hxp220048,hossein pedram,Computer Architecture 
CE,6306,001,,9,4,3,,,,2,,,,,,,,,,,"Wang, Alice","Wick, Lucas M",,,,,axw230018,alice wang,Application Specific Integrated Circuits Design 
CE,6320,001,,16,8,7,3,,,,,,,,,,,,1,,"Basu, Kanad","Choudhury, Navnil",,,,,kxb190012,kanad basu,Applied Data Structures and Algorithms 
CGS,2301,001,1,1,2,10,12,7,5,2,,,3,2,,,,,3,,"Guo, Jiahui","Smith, Emily J",,,,,jxg230022,jiahui guo,Cognitive Science 
CGS,2301,HN1,3,2,,,2,,,2,1,,,,,,,,,,"O'Toole, Alice J",,,,,,otoole,alice otoole,Cognitive Science 
CGS,3342,001,3,4,7,12,7,1,,,,,,,1,,1,,,,"Golden, Richard M","Sudheesh, Athul",,,,,golden,richard golden,Cognitive and Neural Modeling Laboratory 
CGS,3361,001,8,2,,1,3,,,,,,,,,,,,,,"Roark, Dana A","Andreo, Micaela",,,,,danar,dana roark,Cognitive Psychology 
CGS,3361,0W1,,6,1,,1,,,1,,1,,,1,,,,,,"Seaman, Kendra L","Rodriguez, Stephanie",,,,,kls190004,kendra seaman,Cognitive Psychology 
CGS,4320,001,,6,,2,2,,,,1,,,,,,,,,,"Krawczyk, Daniel C",,,,,,dck061000,daniel krawczyk,Psychology of Reasoning 
CGS,4321,001,25,,1,,2,,,,,,,,,,,,,,"Estevez, Leonardo",,,,,,lwe071000,leonardo estevez,Quantitative UX Research 
CGS,4352,001,12,6,4,,2,,,,,,,,,,,,,,"Orrick, Erika D",,,,,,edo042000,erika orrick,Introduction to Human-Computer Interaction 
CHEM,1111,101,17,4,5,1,,,,,,,1,,,,,,,,"Sra, Amandeep K","Ghafari, Mozhdeh",,,,,aks057000,amandeep sra,General Chemistry Laboratory I 
CHEM,1111,102,7,7,5,,3,1,,1,,,,,3,,,,,,"Anka, Fadwa H","Umer, Arslan",,,,,fha041000,fadwa anka,General Chemistry Laboratory I 
CHEM,1111,103,9,7,2,1,2,2,,1,1,1,,,3,,,,1,,"Anka, Fadwa H","Umer, Arslan",,,,,fha041000,fadwa anka,General Chemistry Laboratory I 
CHEM,1111,104,15,8,,1,,,,,,,,,1,,,,1,,"Sra, Amandeep K","Ghafari, Mozhdeh",,,,,aks057000,amandeep sra,General Chemistry Laboratory I 
CHEM,1111,105,7,3,6,2,,4,,1,1,,1,1,3,,,,,,"Anka, Fadwa H","Brown, Monet R",,,,,fha041000,fadwa anka,General Chemistry Laboratory I 
CHEM,1111,106,7,9,4,,2,1,,,,1,,,2,,,,,,"Anka, Fadwa H","Brown, Monet R",,,,,fha041000,fadwa anka,General Chemistry Laboratory I 
CHEM,1112,101,11,10,2,3,,1,,1,,,,,,,,,,,"Tripathi, Kiran","Mustafa, Md.",,,,,kxt190015,kiran tripathi,General Chemistry Laboratory II 
CHEM,1112,102,23,4,,2,,,,,,1,,,,,,,,,"Khan, Saba","Antany, Damary S",,,,,sxk240061,saba khan,General Chemistry Laboratory II 
CHEM,1112,103,17,8,,3,,,,,,,1,,,,,,,,"Abeykoon, Nimali C","Chakrabarty, Sumon",,,,,nxa124430,nimali abeykoon,General Chemistry Laboratory II 
CHEM,1112,104,18,7,2,2,,1,,,,,,,,,,,,,"Qin, Yanping","Jayasuriya, Danidu M",,,,,yxq083000,yanping qin,General Chemistry Laboratory II 
CHEM,1112,105,12,9,3,5,,,,,,,,,,,,,,,"Qin, Yanping","Fernando, Shehan H",,,,,yxq083000,yanping qin,General Chemistry Laboratory II 
CHEM,1112,106,20,5,,3,,,,,,,,,1,,,,1,,"Abeykoon, Nimali C","Chakrabarty, Sumon",,,,,nxa124430,nimali abeykoon,General Chemistry Laboratory II 
CHEM,1112,107,19,8,,1,,,1,1,,,,,,,,,,,"Qin, Yanping","Borah, Kongkona",,,,,yxq083000,yanping qin,General Chemistry Laboratory II 
CHEM,1112,108,15,8,2,2,1,,1,1,,,,,,,,,,,"Huang, Yu","Farris, Wilson L",,,,,yxh091220,yu huang,General Chemistry Laboratory II 
CHEM,1112,109,16,11,2,1,,,,,,,,,,,,,,,"Abeykoon, Nimali C","Shende, Prapti M",,,,,nxa124430,nimali abeykoon,General Chemistry Laboratory II 
CHEM,1112,110,13,10,4,2,,,,,,,,,,,,,,,"Tripathi, Kiran","Budhathoki, Prakriti",,,,,kxt190015,kiran tripathi,General Chemistry Laboratory II 
CHEM,1112,111,19,6,1,1,,1,,,,,,,,,,,2,,"Khan, Saba","Najjari, Aryan",,,,,sxk240061,saba khan,General Chemistry Laboratory II 
CHEM,1112,112,19,5,2,1,1,,,1,,,,,,,,,,,"Abeykoon, Nimali C","Paul, Saptarshi",,,,,nxa124430,nimali abeykoon,General Chemistry Laboratory II 
CHEM,1112,113,16,9,3,,,,1,1,,,,,,,,,,,"Qin, Yanping","Budhathoki, Prakriti",,,,,yxq083000,yanping qin,General Chemistry Laboratory II 
CHEM,1112,114,18,6,2,,,2,1,,,,,,1,,,,,,"Qin, Yanping","Mustafa, Md.",,,,,yxq083000,yanping qin,General Chemistry Laboratory II 
CHEM,1112,115,16,10,1,,3,,,,,,,,,,,,,,"Gavva, Sandhya R","Paul, Saptarshi",,,,,sgavva,sandhya gavva,General Chemistry Laboratory II 
CHEM,1112,116,18,6,3,,,,,,,,,,1,,,,,,"Qin, Yanping","Hoot, Robert E",,,,,yxq083000,yanping qin,General Chemistry Laboratory II 
CHEM,1112,117,16,5,3,1,1,,,1,,1,,,,,,,1,,"Huang, Yu","Najjari, Aryan",,,,,yxh091220,yu huang,General Chemistry Laboratory II 
CHEM,1112,118,16,4,3,3,2,,,1,,,,,,,,,,,"Gavva, Sandhya R","Borah, Kongkona",,,,,sgavva,sandhya gavva,General Chemistry Laboratory II 
CHEM,1112,119,17,6,,3,1,1,1,,,,,,,,,,,,"Qin, Yanping","Shende, Prapti M",,,,,yxq083000,yanping qin,General Chemistry Laboratory II 
CHEM,1112,120,12,10,2,1,4,1,,,,,,,,,,,,,"Huang, Yu","Farris, Wilson L",,,,,yxh091220,yu huang,General Chemistry Laboratory II 
CHEM,1112,121,13,11,3,,2,,,,,,1,,,,,,,,"Dissanayake, Dushanthi S","Hoot, Robert E",,,,,dxd122030,dushanthi dissanayake,General Chemistry Laboratory II 
CHEM,1112,122,11,8,2,3,2,1,1,,2,,,,,,,,,,"Anka, Fadwa H","Vu, Mai P",,,,,fha041000,fadwa anka,General Chemistry Laboratory II 
CHEM,1112,123,16,8,2,,1,,,1,,,1,,,,,,,,"Hashami, Zohreh","Hu, Saizhen",,,,,zxh088000,zohreh hashami,General Chemistry Laboratory II 
CHEM,1112,124,20,4,1,2,,1,1,1,,,,,,,,,,,"Dissanayake, Dushanthi S","Antany, Damary S",,,,,dxd122030,dushanthi dissanayake,General Chemistry Laboratory II 
CHEM,1112,601,12,11,,2,1,2,,1,,,,,1,,,,,,"Sisk, Joshua R","Tran, Bailey B",,,,,jrs106020,joshua sisk,General Chemistry Laboratory II 
CHEM,1112,602,12,11,2,1,1,,,1,,,,,,,,,,,"Sisk, Joshua R","Saini, Piyush",,,,,jrs106020,joshua sisk,General Chemistry Laboratory II 
CHEM,1112,603,16,9,1,,2,,,1,,,,,,,,,,,"Sisk, Joshua R","Tran, Bailey B",,,,,jrs106020,joshua sisk,General Chemistry Laboratory II 
CHEM,1112,604,5,17,4,1,,,,,1,,,,1,,,,,,"Sisk, Joshua R","Saini, Piyush",,,,,jrs106020,joshua sisk,General Chemistry Laboratory II 
CHEM,1112,605,14,12,,,1,,2,1,,,,,,,,,,,"Gavva, Sandhya R","Hu, Saizhen",,,,,sgavva,sandhya gavva,General Chemistry Laboratory II 
CHEM,1112,606,12,10,4,1,1,,,,,,,,1,,,,,,"Gavva, Sandhya R","Fernando, Shehan H",,,,,sgavva,sandhya gavva,General Chemistry Laboratory II 
CHEM,1112,607,7,13,3,1,1,,2,1,,,,,,,,,,,"Qin, Yanping","Mustafa, Md.","Jayasuriya, Danidu M",,,,yxq083000,yanping qin,General Chemistry Laboratory II 
CHEM,1116,HN1,5,17,,,,,,,,,,,,,,,,,"Sibert, John W",,,,,,sibertj,john sibert,Honors Freshman Chemistry Laboratory II 
CHEM,1311,001,24,27,22,16,31,33,12,28,30,13,6,4,34,,,,12,,"Sra, Amandeep K","Chattopadhyay, Anwita",,,,,aks057000,amandeep sra,General Chemistry I 
CHEM,1312,001,16,41,26,24,33,21,10,18,14,7,8,5,12,,,,4,,"Taylor, Stephanie M","Li, Andy",,,,,smt031000,stephanie taylor,General Chemistry II 
CHEM,1312,002,8,27,15,15,25,19,18,24,31,4,12,7,27,,1,,5,,"Abeykoon, Nimali C",,,,,,nxa124430,nimali abeykoon,General Chemistry II 
CHEM,1312,003,6,23,26,12,19,23,14,23,30,10,8,3,27,,,,15,,"Dieckmann, Gregg R",,,,,,dieckgr,gregg dieckmann,General Chemistry II 
CHEM,1312,004,6,23,21,14,20,23,26,30,33,11,7,10,33,,,,12,,"Dieckmann, Gregg R",,,,,,dieckgr,gregg dieckmann,General Chemistry II 
CHEM,1316,HN1,6,8,1,3,2,2,,,,,,,,,,,,,"Sibert, John W",,,,,,sibertj,john sibert,Honors Freshman Chemistry II 
CHEM,2233,301,12,10,1,,,,1,,,,,,,,,,,,"Cortes, Sergio","Osborn, Emily",,,,,scortes,sergio cortes,Introductory Organic Chemistry Laboratory 
CHEM,2233,302,10,12,1,,1,,,,,,,,,,,,,,"Tran, Daniel N","Agamendran, Nithish",,,,,dnt019000,daniel tran,Introductory Organic Chemistry Laboratory 
CHEM,2233,303,5,13,5,1,,,,,,,,,,,,,,,"Farvid, Seyedmajid","Amini-Harandi, Zahra",,,,,sxf240002,seyedmajid farvid,Introductory Organic Chemistry Laboratory 
CHEM,2233,304,17,6,,,,,,,,,,,,,,,1,,"Panapitiya, Nimanka P","Koti, Neelima",,,,,npp081000,nimanka panapitiya,Introductory Organic Chemistry Laboratory 
CHEM,2233,305,18,6,,,,,,,,,,,,,,,,,"Farvid, Seyedmajid","Yan, Qing",,,,,sxf240002,seyedmajid farvid,Introductory Organic Chemistry Laboratory 
CHEM,2233,306,24,,,,,,,,,,,,,,,,,,"Tripathi, Kiran","Koti, Neelima",,,,,kxt190015,kiran tripathi,Introductory Organic Chemistry Laboratory 
CHEM,2233,307,14,10,,,,,,,,,,,,,,,,,"Panapitiya, Nimanka P","Pal, Aakash",,,,,npp081000,nimanka panapitiya,Introductory Organic Chemistry Laboratory 
CHEM,2233,308,21,2,,,,,,,,,,,,,,,,,"Wijenayake, Sumudu N","Benitez, Francisco",,,,,snw081000,sumudu wijenayake,Introductory Organic Chemistry Laboratory 
CHEM,2233,309,12,9,2,1,,,,,,,,,,,,,,,"Cortes, Sergio","Walimuni Mudiyanselage, Chamila Sandaruwan B",,,,,scortes,sergio cortes,Introductory Organic Chemistry Laboratory 
CHEM,2233,310,8,13,1,,1,1,,,,,,,,,,,,,"Khan, Saba","Baird, Marriah",,,,,sxk240061,saba khan,Introductory Organic Chemistry Laboratory 
CHEM,2233,311,12,6,2,3,1,,,,,,,,,,,,,,"Wijenayake, Sumudu N","Pal, Aakash",,,,,snw081000,sumudu wijenayake,Introductory Organic Chemistry Laboratory 
CHEM,2233,312,20,3,,1,,,,,,,,,,,,,,,"Wijenayake, Sumudu N","Baird, Marriah",,,,,snw081000,sumudu wijenayake,Introductory Organic Chemistry Laboratory 
CHEM,2233,313,18,5,,,1,,,,,,,,,,,,,,"Wijenayake, Sumudu N","Benitez, Francisco",,,,,snw081000,sumudu wijenayake,Introductory Organic Chemistry Laboratory 
CHEM,2233,314,21,3,,,,,,,,,,,,,,,,,"Panapitiya, Nimanka P","Agamendran, Nithish",,,,,npp081000,nimanka panapitiya,Introductory Organic Chemistry Laboratory 
CHEM,2233,315,20,2,2,,,,,,,,,,,,,,,,"Ge, Jing","Amini-Harandi, Zahra",,,,,jxg220039,,Introductory Organic Chemistry Laboratory 
CHEM,2233,316,5,12,6,1,,,,,,,,,,,,,,,"Dissanayake, Dushanthi S","Liyana Withanage, Nadeesha Tharangani",,,,,dxd122030,dushanthi dissanayake,Introductory Organic Chemistry Laboratory 
CHEM,2233,317,16,8,,,,,,,,,,,,,,,,,"Huang, Yu","Adams, Derik A",,,,,yxh091220,yu huang,Introductory Organic Chemistry Laboratory 
CHEM,2233,318,19,4,,,1,,,,,,,,,,,,,,"Dissanayake, Dushanthi S","Mahulkar, Pranav S",,,,,dxd122030,dushanthi dissanayake,Introductory Organic Chemistry Laboratory 
CHEM,2233,319,12,12,,,,,,,,,,,,,,,,,"Cortes, Sergio","Adams, Derik A",,,,,scortes,sergio cortes,Introductory Organic Chemistry Laboratory 
CHEM,2233,320,9,12,2,1,,,,,,,,,,,,,,,"Dissanayake, Dushanthi S","Liyana Withanage, Nadeesha Tharangani",,,,,dxd122030,dushanthi dissanayake,Introductory Organic Chemistry Laboratory 
CHEM,2233,321,10,8,1,1,1,,,,,,,,,,,,1,,"Khan, Saba","Walimuni Mudiyanselage, Chamila Sandaruwan B",,,,,sxk240061,saba khan,Introductory Organic Chemistry Laboratory 
CHEM,2233,322,18,6,,,,,,,,,,,,,,,,,"Farvid, Seyedmajid","Mahulkar, Pranav S",,,,,sxf240002,seyedmajid farvid,Introductory Organic Chemistry Laboratory 
CHEM,2233,323,17,7,,,,,,,,,,,,,,,,,"Cortes, Sergio","Maharana, Priyanka",,,,,scortes,sergio cortes,Introductory Organic Chemistry Laboratory 
CHEM,2233,324,14,8,2,,,,,,,,,,,,,,,,"Tran, Daniel N","Qasimi, Esmail",,,,,dnt019000,daniel tran,Introductory Organic Chemistry Laboratory 
CHEM,2233,325,14,9,,,,,,,,,,,,,,,,,"Cortes, Sergio","Osborn, Emily",,,,,scortes,sergio cortes,Introductory Organic Chemistry Laboratory 
CHEM,2233,326,24,,,,,,,,,,,,,,,,,,"Farvid, Seyedmajid","Qasimi, Esmail",,,,,sxf240002,seyedmajid farvid,Introductory Organic Chemistry Laboratory 
CHEM,2233,801,24,,,,,,,,,,,,,,,,,,"Ge, Jing","Yan, Qing",,,,,jxg220039,,Introductory Organic Chemistry Laboratory 
CHEM,2233,802,24,,,,,,,,,,,,,,,,,,"Tripathi, Kiran","Maharana, Priyanka",,,,,kxt190015,kiran tripathi,Introductory Organic Chemistry Laboratory 
CHEM,2237,HN1,5,6,1,,,,,,,,,,,,,,,,"Thompson, Christina M","Ayers, Lyndsay C",,,,,cmt120030,christina thompson,Honors Organic Chemistry Laboratory 
CHEM,2323,001,30,8,1,13,4,10,3,5,11,11,7,,14,,2,,10,,"Novak, Bruce M",,,,,,bxn111230,bruce novak,Introductory Organic Chemistry I 
CHEM,2323,002,19,14,9,8,8,11,11,6,15,8,7,,18,,,,10,,"Novak, Bruce M",,,,,,bxn111230,bruce novak,Introductory Organic Chemistry I 
CHEM,2324,001,12,15,3,2,6,1,6,4,4,,,,2,,,,,,"Wijenayake, Sumudu N","Deo, Nitish Kumar",,,,,snw081000,sumudu wijenayake,Introductory Organic Chemistry for Engineers 
CHEM,2325,001,17,24,13,14,10,10,8,8,12,10,5,,11,,,,2,,"Thompson, Christina M",,,,,,cmt120030,christina thompson,Introductory Organic Chemistry II 
CHEM,2325,002,18,23,15,16,14,7,10,8,8,5,4,,9,,,,7,,"Tran, Daniel N","Li, Baowen",,,,,dnt019000,daniel tran,Introductory Organic Chemistry II 
CHEM,2325,003,21,51,12,13,6,9,6,8,8,1,4,,2,,,,4,,"Panapitiya, Nimanka P","Stefan, Mihaela C","Ge, Jing","Deo, Nitish Kumar",,,npp081000,nimanka panapitiya,Introductory Organic Chemistry II 
CHEM,2325,004,5,17,8,12,14,18,18,12,13,7,5,5,5,,,,6,,"Ahn, Jung-Mo","Neal, Henry",,,,,jxa041100,jung mo ahn,Introductory Organic Chemistry II 
CHEM,2325,005,36,21,6,11,6,6,4,6,3,6,5,,12,,,,14,,"Romiti, Filippo","Pradhan, Subham",,,,,fxr220003,filippo romiti,Introductory Organic Chemistry II 
CHEM,2328,HN1,2,8,,2,2,1,1,,1,,,,,,,,,,"Biewer, Michael C",,,,,,biewerm,michael biewer,Honors Organic Chemistry II 
CHEM,2401,001,5,4,3,2,1,2,,1,,2,,,,,,,,,"Dissanayake, Dushanthi S","Darwin, Cary",,,,,dxd122030,dushanthi dissanayake,Introductory Quantitative Methods in Chemistry 
CHEM,2401,002,2,3,4,1,1,2,1,4,1,,,,,,,,1,,"Pantano, Paul",,,,,,pantano,paul pantano,Introductory Quantitative Methods in Chemistry 
CHEM,2401,003,,3,4,4,2,1,,4,1,,,,,,,,,,"Pantano, Paul",,,,,,pantano,paul pantano,Introductory Quantitative Methods in Chemistry 
CHEM,3321,001,,18,,,11,,,4,,,1,,1,,,,1,,"Murza, Adrian C",,,,,,acm170730,adrian murza,Physical Chemistry I 
CHEM,3322,001,4,2,,3,5,5,3,4,,,1,,4,,,,,,"Nielsen, Steven O","Tran, Ly T",,,,,son051000,steven nielsen,Physical Chemistry II 
CHEM,3461,002,2,2,2,2,2,1,1,1,,,,,1,,,,2,,"Dodani, Sheel C","D'Arcy, Sheena M","Vs, Sushma","Sibert, John","Wicherts, Dylan M",,scd023000,sheel dodani,Biochemistry I 
CHEM,3461,003,3,,6,2,1,2,,3,1,,,1,1,,,,1,,"Boyd, Stefanie D","Estrada, Bryan J","Yaqub, Muneer O",,,,sdb074000,stefanie boyd,Biochemistry I 
CHEM,3462,001,,2,1,3,3,2,1,,,,,,,,,,,,"Candas, Mehmet","Reitzer, Lawrence J","Petter, Andrew T","Maity, Tuhina",,,candas,mehmet candas,Biochemistry II 
CHEM,3471,001,1,1,1,5,1,1,,,,,,,1,,,,,,"Gassensmith, Jeremiah J","Gaspar, Miguel A","Wang, Ziqi",,,,jjg130230,jeremiah gassensmith,Advanced Chemical Synthesis Laboratory 
CHEM,3472,002,1,1,3,1,2,2,,3,,,1,,2,,,,,,"Hashami, Zohreh","Shohag, S M Anyet Ullah","Hasna Begam, Mohammed Nazar","Igie, Nosakhare F","Subramanian, Yaamini",,zxh088000,zohreh hashami,Instrumental Analysis 
CHEM,3472,003,2,8,2,1,1,2,,2,,,,,,,,,,,"Hashami, Zohreh","Subramanian, Yaamini","Shohag, S M Anyet Ullah","Hasna Begam, Mohammed Nazar","Igie, Nosakhare F",,zxh088000,zohreh hashami,Instrumental Analysis 
CHEM,4335,001,2,4,5,5,1,1,,,,,,,,,,,1,,"Ferraris, John P","Stefan, Mihaela C","Naseiro, Connor B",,,,ferraris,john ferraris,Polymer Chemistry 
CHEM,4370,001,6,3,1,1,,2,,,,,,,,,,,,,"Wriedt, Mario",,,,,,mxw230016,,Carbon Capture and Sequestration 
CHEM,4473,002,3,4,1,,1,1,,,,,,1,,,,,,,"Huang, Yu","Beck, Erling","Brand, Emily J","Kim, Hyunseo",,,yxh091220,yu huang,Physical Measurements Laboratory 
CHEM,5330,001,,3,4,3,,,,,,,,,,,,,1,,"Delaney, Connor P","De Aquino Veras, Sophia",,,,,cpd230000,,Organometallic Chemistry 
CHEM,5370,001,,9,,,,,,,,,,,1,,,,1,,"Wriedt, Mario",,,,,,mxw230016,,Carbon Capture and Sequestration 
CHEM,6100,001,,,,,,,,,,,,,,,,,,113,"Romiti, Filippo",,,,,,fxr220003,filippo romiti,Chemistry Department Seminar 
CHEM,6369,001,,14,1,,,,,,,,,,,,,,,,"Meloni, Gabriele",,,,,,gxm152330,gabriele meloni,Bioinorganic Chemistry 
CHEM,6389,001,,15,9,2,,,,2,,,,,1,,,,1,,"Balkus, Kenneth J",,,,,,balkus,kenneth balkus,Scientific Literature and Communication Skills 
CHEM,6V79,001,,9,2,1,,,,,,,,,,,,,,,"Stefan, Mihaela C","Jiang, Ziwen",,,,,mci071000,mihaela stefan,Special Topics in Materials Chemistry 
CHEM,8V91,024,,,,,,,,,,,,,,,,,,12,"Stefan, Mihaela C",,,,,,mci071000,mihaela stefan,
CHEM,8V91,046,,,,,,,,,,,,,,,,,,12,"Fasan, Rudi",,,,,,,rudi fasan,
CHIN,1311,001,13,3,,1,,,,,,,,,,,,,1,,"Chen, Bei",,,,,,bxc152730,bei chen,Beginning Chinese I 
CHIN,1312,001,12,,1,1,,4,,,,,,,,,,,,,"Chen, Bei",,,,,,bxc152730,bei chen,Beginning Chinese II 
CHIN,2311,001,10,1,1,,,,,1,,,,,,,,,,,"Chen, Bei",,,,,,bxc152730,bei chen,Intermediate Chinese I 
CHIN,2312,001,12,2,,,,,,,,,,,1,,,,,,"Chen, Bei",,,,,,bxc152730,bei chen,Intermediate Chinese II 
CLDP,3303,001,,18,,,4,,,,,,,,,,,,,,"Trail, Amy M","Lewicki, Jane M",,,,,amr171330,amy trail,Normal Language Development 
CLDP,3310,0W1,,11,,,,,,,,,,,,,,,,,"Bonner, Deborah","Redig, Samantha L",,,,,dbonner,deborah bonner,Child Development 
CLDP,3332,001,1,21,3,1,,3,,1,,,,1,1,,,,,,"Holub, Shayla C","Gutierrez, Alyssa M",,,,,sch052000,shayla holub,Social and Personality Development 
CLDP,3338,001,,3,3,,5,1,,1,,,,,,,,,1,,"Tang, Alva","Kim, Taesun",,,,,axt220069,alva tang,Adolescence 
CLDP,3342,501,3,5,,5,3,,1,,,,,,,,,,,,"Bonner, Deborah","Wang, Bangjie",,,,,dbonner,deborah bonner,Exceptional Children 
CLDP,3362,001,8,8,9,3,3,,,,,,,,1,,,,,,"Atchison, Kristin J","Prince, Erin",,,,,kja042000,kristin atchison,Cognitive Development 
CLDP,3394,0H1,,8,,,4,,,1,,,,,,,,,,,"Grant, Meridith G","Sierra, Francisco J",,,,,mga061000,meridith grant,Research and Evaluation Methods 
CLDP,4344,001,5,9,3,,2,1,1,2,1,,,,,,,,,,"Timmons, Lisa N","Wilder, Siri",,,,,lnk081000,lisa timmons,Child Psychopathology 
COMD,6111,0W1,,,,,,,,,,,,,,,,,,14,"Aldridge, Michelle A",,,,,,aldridge,michelle aldridge,Articulation and Phonological Disorders 
COMD,6221,001,,55,32,5,6,3,,1,,,,,,,,,1,,"Shembel, Adrianna C",,,,,,acs200005,,Voice Disorders 
COMD,6240,001,,56,,,,,,,,,,,,,,,,,"Touchstone, Emily W",,,,,,exw010200,emily touchstone,Professional Issues in Speech Language Pathology 
COMD,6308,001,,29,,,1,,,,,,,,,,,,,,"Rich, Judith B",,,,,,jbm014600,,Assessment and Intervention of Language Impairments in Preschool and School-Age Children 
COMD,6320,001,,34,,,,,,,,,,,,,,,,,"Smith, Irma E","Aldridge, Michelle A",,,,,ieg011000,,Motor Speech Disorders 
COMD,6330,001,,,,,,,,,,,,,,,,,,11,"Carter, Jessica A",,,,,,jar032000,jessica carter,
COMD,6330,007,,,,,,,,,,,,,,,,,,10,"Sale, Felicity F",,,,,,ffs013000,felicity sale,
COMD,6330,009,,,,,,,,,,,,,,,,,,10,"Aldridge, Michelle A",,,,,,aldridge,michelle aldridge,
COMD,6330,065,,,,,,,,,,,,,,,,,,10,"Aldridge, Michelle A",,,,,,aldridge,michelle aldridge,
COMD,6330,069,,,,,,,,,,,,,,,,,,10,"Kenedi, A Helen I",,,,,,,a helen kenedi,
COMD,6330,144,,,,,,,,,,,,,,,,,,11,"Walsh, Diane G",,,,,,dxg022000,diane walsh,
COMD,6377,001,,17,,,4,,,,,,,,,,,,,,"Kenedi, A Helen I","Sale, Felicity F",,,,,kenedi,,Neurogenic Communication Disorders I 
COMD,6378,001,,71,,,8,,,,,,,,,,,,,,"Klimkowski, Hillary E","Sale, Felicity F",,,,,hxd121330,hillary klimkowski,Neurogenic Communication Disorders II 
COMD,7098,001,,,,,,,,,,,,,,,,,,81,"Touchstone, Emily W",,,,,,exw010200,emily touchstone,
COMD,7219,001,,51,,,,,,,,,,,,,,,,,"Touchstone, Emily W",,,,,,exw010200,emily touchstone,Birth-To-Three 
COMD,7221,001,,51,,,6,,,,,,,,,,,,,,"Carter, Jessica A",,,,,,jar032000,,Preschool Intervention 
COMD,7301,501,,19,,,,,,,,,,,,,,,,,"Rich, Judith B",,,,,,jbm014600,,Public School Methods 
COMD,7307,001,,47,,,,,,,,,,,,,,,,,"Kenedi, A Helen I",,,,,,kenedi,,Advanced Topics in Adult Dysphagia 
COMD,7325,0W1,,4,7,1,,1,,,,,,,,,,,,,"Mosley, Cornetta",,,,,,cxm220030,cornetta mosley,Hearing and Deafness 
COMD,7336,001,,29,1,1,,1,,,,,,,,,,,,,"Rollins, Pamela R",,,,,,rollins,pam rollins,Social Communication in Early Childhood Disorders 
COMD,7384,501,,31,,,,,,,,,,,,,,,,,"Lombardi, Christina L",,,,,,tinalee,,Augmentative Communication 
COMM,1311,001,2,15,14,8,10,2,5,1,1,,,1,3,,,,,,"Totusek, Patricia F",,,,,,pft140030,patricia totusek,Introduction to Communication Studies 
COMM,1311,002,7,3,4,3,1,1,1,,1,,,,,,,,1,,"Moss, Daniel J",,,,,,djm161130,daniel moss,Introduction to Communication Studies 
COMM,1311,003,6,9,2,2,1,,,,,,,,2,,,,,,"Sova, Melodee L",,,,,,mls230004,melodee sova,Introduction to Communication Studies 
COMM,1311,004,5,9,7,1,1,,,,,,,,,,,,,,"Totusek, Patricia F",,,,,,pft140030,patricia totusek,Introduction to Communication Studies 
COMM,1311,0H1,5,5,4,1,,,2,,,1,,,1,,,,,,"Sova, Melodee L",,,,,,mls230004,melodee sova,Introduction to Communication Studies 
COMM,1311,0H2,2,7,3,,6,1,1,,1,,,,2,,,,1,,"Sova, Melodee L",,,,,,mls230004,melodee sova,Introduction to Communication Studies 
COMM,1311,0H3,15,1,1,1,1,1,,,,,,,2,,,,2,,"Mckee-Williams, Candie D",,,,,,cdm230002,candie mckee williams,Introduction to Communication Studies 
COMM,1311,0H4,7,5,4,2,3,1,1,,,,1,,,,,,,,"Tanner, Lari J",,,,,,ljt130130,lari tanner,Introduction to Communication Studies 
COMM,1311,0H5,1,8,4,3,5,1,,,1,,,,1,,,,,,"Tanner, Lari J",,,,,,ljt130130,lari tanner,Introduction to Communication Studies 
COMM,1311,0W1,8,8,4,,1,,1,,,,,1,,,,,1,,"Templeton, Allison A",,,,,,aam141730,allison templeton,Introduction to Communication Studies 
COMM,1311,0W2,1,9,2,2,3,3,,1,,1,,,1,,,,,,"Templeton, Allison A",,,,,,aam141730,allison templeton,Introduction to Communication Studies 
COMM,1311,0W3,8,9,2,1,1,2,,,,,,,1,,,,,,"Sova, Melodee L",,,,,,mls230004,melodee sova,Introduction to Communication Studies 
COMM,1311,0W4,4,9,1,1,2,1,,,1,,,,1,,,,4,,"Williams, Alecia N",,,,,,axw124630,alecia williams,Introduction to Communication Studies 
COMM,1311,0W5,2,7,5,3,1,1,,2,1,,,,,,,,2,,"Williams, Alecia N",,,,,,axw124630,alecia williams,Introduction to Communication Studies 
COMM,1311,0W6,9,8,,1,,1,1,2,,,,,,,,,1,,"Moss, Daniel J",,,,,,djm161130,daniel moss,Introduction to Communication Studies 
COMM,1311,0W7,3,11,3,1,,3,,1,,,,,1,,,,,,"Fraley, James M",,,,,,jmf210007,james fraley,Introduction to Communication Studies 
COMM,1311,0W8,2,14,1,1,1,,1,,,,,,4,,,,,,"McCown, Gregory S",,,,,,dal165786,,Introduction to Communication Studies 
COMM,1311,0W9,8,7,4,1,2,,,,1,,,,,,,,1,,"Sova, Melodee L",,,,,,mls230004,melodee sova,Introduction to Communication Studies 
COMM,1311,5W1,6,6,5,2,1,1,,,1,,,,2,,,,,,"Fraley, James M",,,,,,jmf210007,james fraley,Introduction to Communication Studies 
COMM,1315,001,1,3,1,1,6,3,3,1,1,,1,,1,,,,2,,"Baker, Barbara L",,,,,,blb140430,barbara baker,Public Speaking 
COMM,1315,002,,3,2,,6,1,1,2,1,,,,1,,,,,,"Baker, Barbara L",,,,,,blb140430,barbara baker,Public Speaking 
COMM,1315,0H1,20,2,,,,,1,,,,,,,,,,1,,"Saenz, Michael A",,,,,,mas130030,michael saenz,Public Speaking 
COMM,1315,0H2,3,4,5,2,1,2,1,1,1,,,1,1,,,,,,"Farr, Natalie D",,,,,,dal751884,,Public Speaking 
COMM,1315,0H3,,5,8,3,1,,,,2,,,,2,,,,2,,"Gonzales, Sarah",,,,,,dal326310,,Public Speaking 
COMM,1315,0H5,1,9,1,1,1,1,4,1,2,1,,,,,,,,,"Farr, Natalie D",,,,,,dal751884,,Public Speaking 
COMM,1315,0H6,2,4,4,4,4,,1,1,,1,,,,,,,1,,"Templeton, Allison A",,,,,,aam141730,allison templeton,Public Speaking 
COMM,1315,0H7,5,9,3,1,1,1,,2,,,,,2,,,,,,"Templeton, Allison A",,,,,,aam141730,allison templeton,Public Speaking 
COMM,1315,0W1,7,9,1,2,,,1,,,,,,,,,,1,,"Cannon, Charles",,,,,,cxc190014,charles cannon,Public Speaking 
COMM,1315,0W2,9,10,2,,1,,,,,,,,1,,,,,,"Cannon, Charles",,,,,,cxc190014,charles cannon,Public Speaking 
COMM,1315,0W3,,3,2,1,9,,1,1,2,1,,,1,,,,1,,"Bromberg, Mike",,,,,,mxb210046,mike bromberg,Public Speaking 
COMM,1315,0W4,,,3,5,2,5,1,2,2,,,,2,,,,1,,"Bromberg, Mike",,,,,,mxb210046,mike bromberg,Public Speaking 
COMM,1315,HN1,,25,,,,,,,,,,,,,,,,,"Herndon, Scott A",,,,,,sxh021200,scott herndon,Public Speaking 
COMM,2314,001,1,3,,,4,2,,2,,,,,2,,,,1,,"Sova, Melodee L",,,,,,mls230004,melodee sova,Oral Interpretation 
COMM,3302,001,2,12,1,1,,,,,,,,,1,,,,1,,"Mckee-Williams, Candie D",,,,,,cdm230002,candie mckee williams,Graphics and Images in Professional Communication 
COMM,4305,0W1,5,11,2,2,1,,,,,,,,,,,,,,"Schlobohm, Maribeth L",,,,,,mls077000,maribeth (betsy) schlobohm,Communications Law 
COMM,4360,001,,4,2,2,2,,1,,,,,,,,,,1,,"King, Carie S",,,,,,cxl085200,carie king,Communication Ethics 
CRIM,1301,001,19,15,5,6,1,4,4,,1,,,,2,,,,,,"Hong, Sunmin",,,,,,sxh220001,,Introduction to Criminal Justice 
CRIM,1301,0W1,12,25,11,4,4,1,1,3,1,,1,,2,,,,,,"Karmakar, Anasuya",,,,,,axk220350,anasuya karmakar,Introduction to Criminal Justice 
CRIM,1307,001,22,38,4,,2,,1,,,,,,,,,,,,"Mcchriston, Marvin",,,,,,mxm230053,,Introduction to Crime and Criminology 
CRIM,1307,0W1,46,18,6,3,3,,1,,,,2,,1,,,,,,"Vasquez, Arthur G","Jiru, Gurmessa B",,,,,agv100020,arthur vasquez,Introduction to Crime and Criminology 
CRIM,2306,501,3,16,,2,2,,,4,,,,,,,,,,,"Duke, Clifford",,,,,,cxd230042,,Criminal Law 
CRIM,2313,001,11,3,1,4,1,1,1,,1,,,,1,,,,,,"Getty, Ryan M",,,,,,rmg075000,,Police and Society 
CRIM,2316,001,,6,4,8,7,4,3,1,,,1,,1,,,,,,"Escobedo, Allison E",,,,,,aeh220002,allison escobedo,Corrections 
CRIM,2317,0W1,,43,6,1,4,,,5,2,,,1,2,,,,,,"Papageorgiou, Anthony J",,,,,,ajp220004,,Criminal Prosecution and Court Process 
CRIM,3300,0W1,9,32,5,7,7,4,3,3,1,1,,,,,,,,,"Worrall, John L","Gross, Meeghan A",,,,,jlw064000,john worrall,Crime and Civil Liberties 
CRIM,3301,0W1,49,6,3,1,2,,1,,,,,,1,,,,1,,"Getty, Ryan M",,,,,,rmg075000,,Theories of Justice 
CRIM,3302,0W1,4,21,9,4,1,1,,2,,1,1,,1,,,,1,,"Lee, Yeungjeom","Lee, Insang",,,,,yxl210021,,Advanced Criminology 
CRIM,3303,0W1,34,11,11,,,,,1,,,,,,,,,,,"Vasquez, Arthur G","Jiru, Gurmessa B",,,,,agv100020,arthur vasquez,Advanced Criminal Justice 
CRIM,3307,001,28,1,8,3,3,,,,,,,,,,,,,,"Vasquez, Arthur G","Jiru, Gurmessa B",,,,,agv100020,arthur vasquez,Immigration and Crime 
CRIM,3310,001,30,4,5,3,3,2,,,,,,,1,,,,,,"Vasquez, Arthur G","Jiru, Gurmessa B",,,,,agv100020,arthur vasquez,Youth Crime and Justice 
CRIM,3312,001,7,15,3,,,2,,,,,,,1,,,,,,"Olszewski, Hailey",,,,,,hxo230001,,Drugs and Crime 
CRIM,3319,0W1,22,15,2,4,2,1,1,,,,,,,,,,2,,"Getty, Ryan M","Chidozie, Eustace",,,,,rmg075000,,Comparative Justice Systems 
CRIM,3324,001,4,19,2,5,3,,1,1,,,,2,1,,,,,,"Wang, Wenyi",,,,,,wxw220000,,Gender  Crime  and Justice 
CRIM,4311,0W1,,5,4,5,4,1,2,2,2,,,,,,,,,,"Lee, Jaebom",,,,,,jxl230009,,Crime and Justice Policy 
CRIM,4322,001,,23,7,4,4,,1,3,,,,,3,,,,,,"Krajewski, Andrew T","Hull, Kerrie Ann","Yoon, Minyeong",,,,axk210064,andrew krajewski,Senior Research Seminar 
CRIM,4337,501,1,1,3,,3,3,2,,1,1,,,,,,,,,"McKay, Brian W",,,,,,bxm131530,brian mckay,Landmark Supreme Court Cases 
CRIM,4396,0W1,2,13,7,1,7,2,1,,1,1,,,,,,,2,,"Boots, Denise P","Adjadeh, John-Paul E",,,,,dpb062000,denise boots,Selected Topics in Criminology 
CRIM,4396,0W2,4,10,4,4,1,2,,3,,,,,1,,,,1,,"Manuel, Samantha A",,,,,,sam160130,samantha manuel,Selected Topics in Criminology 
CRIM,6311,501,,11,2,,,1,,,,,,,,,,,,,"Vieraitis, Lynne M",,,,,,lmv071000,lynne vieraitis,Crime and Justice Policy 
CRIM,6381,501,,18,1,,,,,,,,,,,,,,,,"Love, Tony",,,,,,txl230017,,Special Topics in Criminology 
CRWT,2301,001,,1,5,4,2,2,1,1,1,1,,,,,,,,,"Bhatt, Jenny",,,,,,jxb230007,jenny bhatt,Introduction to Creative Writing 
CRWT,2301,002,13,3,1,1,,1,,,,,,,,,,,,,"Baker, Matthew W",,,,,,mwb190002,matthew baker,Introduction to Creative Writing 
CRWT,2301,003,,7,2,2,1,2,1,,,,1,,1,,,,1,,"Bhatt, Jenny",,,,,,jxb230007,jenny bhatt,Introduction to Creative Writing 
CRWT,2301,004,10,9,,,,,,,,,,,,,,,,,"Baker, Matthew W",,,,,,mwb190002,matthew baker,Introduction to Creative Writing 
CRWT,2301,005,4,3,6,1,,,,,,,,,1,,,,1,,"Cranfill, Jennifer E","Murphey, Samantha",,,,,jec090020,jennifer cranfill,Introduction to Creative Writing 
CRWT,2301,006,3,1,5,4,,,,,,,,,,,,,2,,"Cranfill, Jennifer E","Brazeal, Lauren",,,,,jec090020,jennifer cranfill,Introduction to Creative Writing 
CRWT,2301,007,,14,,1,1,1,,,,,,,1,,,,1,,"Goldstein, Laura E",,,,,,leg130330,laura goldstein,Introduction to Creative Writing 
CRWT,2301,008,9,,1,,,,,1,,,,1,,,,,,,"Pena, Daniel",,,,,,dal627188,,Introduction to Creative Writing 
CRWT,2301,501,12,2,1,,,,,,1,,,,3,,,,,,"Pena, Daniel",,,,,,dal627188,,Introduction to Creative Writing 
CRWT,3306,001,,13,,,,,,,,,,,,,,,1,,"Ogbaa, Maurine",,,,,,mxo210004,maurine ogbaa,Fiction Workshop 
CRWT,3306,002,1,12,2,,,,,,,,,,,,,,,,"Martinez, Manuel L",,,,,,mlm160630,manuel martinez,Fiction Workshop 
CRWT,3308,001,,10,1,,,1,,,,,,,,,,,,,"VanWormer, Gretchen",,,,,,gxv230008,gretchen vanwormer,Creative Nonfiction Workshop 
CRWT,3330,501,,,3,2,2,3,,,,,,,,,,,1,,"Vincent, Shelby D",,,,,,sdv034000,shelby vincent,Translation Workshop 
CRWT,3351,001,2,6,4,2,,,,1,,,,,,,,,,,"Stone, Naomi S",,,,,,nxs190033,nomi stone,Poetry Workshop 
CRWT,3354,501,,9,3,2,,,,,,,,,,,,,1,,"Goldberg, Paula",,,,,,pxg180023,paula goldberg,Screenwriting Workshop 
CRWT,3354,502,,11,2,1,,,,,,,,,,,,,,,"Goldberg, Paula",,,,,,pxg180023,paula goldberg,Screenwriting Workshop 
CRWT,4370,001,1,2,3,3,1,,,,,,,,,,,,,,"Gray, Janelle N",,,,,,jxg210011,janelle gray,Advanced Topics in Creative Writing 
CS,1325,001,25,4,8,2,2,2,4,2,4,3,1,1,10,,,,18,,"Razo-Razo, Miguel Angel",,,,,,mrazora,miguel razo,Introduction to Programming 
CS,1325,002,,10,8,12,15,9,7,12,5,2,2,,10,,,,5,,"Solanki, Nidhiben M",,,,,,nxs121130,nidhiben solanki,Introduction to Programming 
CS,1337,001,3,3,15,8,8,6,8,12,,,,,1,,,,8,,"Narayanasami, Priya",,,,,,pxn173330,priya narayanasami,Computer Science I 
CS,1337,002,7,4,6,3,5,5,1,2,1,2,1,3,4,,,,2,,"Srinivasan, Srimathi",,,,,,sxs180206,srimathi srinivasan,Computer Science I 
CS,1337,003,1,7,8,7,3,2,2,,1,,,,4,,,,3,,"Darbari, Parisa",,,,,,dal776869,parisa darbari,Computer Science I 
CS,1337,004,5,7,,16,16,,9,3,,9,2,,3,,,,3,,"Karrah, Shyam S",,,,,,skarrah,shyam karrah,Computer Science I 
CS,1337,005,16,6,8,5,6,9,2,6,1,5,,,3,,,,6,,"Srinivasan, Srimathi",,,,,,sxs180206,srimathi srinivasan,Computer Science I 
CS,1337,006,1,9,8,9,14,8,4,4,2,1,,,3,,,,5,,"Arnold, Gordon L",,,,,,gxa120930,gordon arnold,Computer Science I 
CS,1337,007,3,9,4,3,7,5,1,4,1,2,2,1,6,,,,6,,"Smith, Jason W",,,,,,jws130830,jason smith,Computer Science I 
CS,1337,008,10,18,8,6,7,2,1,6,2,,,,5,,,,4,,"Srivastava, Aditya",,,,,,axs142531,aditya srivastava,Computer Science I 
CS,1337,009,6,8,,16,11,,10,6,,2,5,,4,,,,3,,"Karrah, Shyam S",,,,,,skarrah,shyam karrah,Computer Science I 
CS,1337,010,3,10,7,,6,3,4,1,,,3,2,4,,,,4,,"Smith, Jason W",,,,,,jws130830,jason smith,Computer Science I 
CS,1337,0W1,10,21,10,9,4,2,3,3,,,1,,2,,,,1,,"Dollinger, Scott M",,,,,,smd013000,scott dollinger,Computer Science I 
CS,1337,0W2,17,27,10,4,5,4,2,,1,,,,3,,,,,,"Dollinger, Scott M",,,,,,smd013000,scott dollinger,Computer Science I 
CS,1436,001,,1,2,1,7,2,3,7,8,2,2,2,13,,,,,,"Thompson, Laurie A",,,,,,lthomp,laurie thompson,Programming Fundamentals 
CS,1436,002,3,6,5,1,3,2,3,7,5,2,7,3,17,,,,1,,"Thompson, Laurie A",,,,,,lthomp,laurie thompson,Programming Fundamentals 
CS,1436,003,2,7,2,6,6,3,5,7,,1,4,,19,,1,,3,,"Willson, James",,,,,,jkw053000,james willson,Programming Fundamentals 
CS,2305,001,1,10,9,10,46,18,7,11,1,1,5,,1,,,,3,,"Ouyang, Jessica J","Truong, Nhat V",,,,,jjo190001,jessica ouyang,Discrete Mathematics for Computing I 
CS,2305,002,3,17,31,24,32,14,2,6,1,,,,,,,,3,,"Jue, Jason P","Truong, Nhat V",,,,,jjue,jason jue,Discrete Mathematics for Computing I 
CS,2305,004,2,17,12,16,44,11,6,12,4,1,,2,4,,,,1,,"Bereg, Sergey","Truong, Nhat V",,,,,sxb027100,sergey bereg,Discrete Mathematics for Computing I 
CS,2305,005,3,25,15,22,55,9,6,1,,1,1,,1,,,,2,,"Gibney, Daniel J",,,,,,djg230002,daniel gibney,Discrete Mathematics for Computing I 
CS,2336,001,8,10,4,10,4,8,2,4,1,1,,,2,,,,,,"Ricks, Brian",,,,,,bwr031000,brian ricks,Computer Science II 
CS,2336,003,7,19,3,3,4,5,3,3,,,,,3,,,,2,,"Ricks, Brian",,,,,,bwr031000,brian ricks,Computer Science II 
CS,2336,005,3,3,1,2,6,3,1,7,2,,3,,5,,,,6,,"Smith, Jason W",,,,,,jws130830,jason smith,Computer Science II 
CS,2336,007,7,9,2,,3,5,5,3,2,1,1,2,6,,,,,,"Veerasamy, Jeyakesavan",,,,,,veerasam,jeyakesavan veerasamy,Computer Science II 
CS,2336,008,2,7,5,3,10,3,2,3,1,1,,,6,,,,,,"Srivastava, Aditya",,,,,,axs142531,aditya srivastava,Computer Science II 
CS,2336,501,,7,1,2,4,1,3,1,,,,,,,,,1,,"Sims, David I",,,,,,dxs190044,dave sims,Computer Science II 
CS,2337,501,,7,9,7,9,8,3,5,2,2,,,4,,,,5,,"DeGroot, Doug","Arnold, Gordon L",,,,,dxd180020,doug degroot,Computer Science II 
CS,2340,001,4,3,4,4,7,3,9,6,5,4,,,11,,,,5,,"Wang, Alice","Zhang, Jinheng",,,,,axw230018,alice wang,Computer Architecture 
CS,2340,003,15,5,6,4,5,5,4,4,2,1,4,,19,,,,,,"Wang, Alice","Zhang, Jinheng",,,,,axw230018,alice wang,Computer Architecture 
CS,2340,004,,1,,3,,1,,2,,,2,1,2,,,,5,,"Desmedt, Yvo G","Zhang, Jinheng",,,,,ygd120030,yvo desmedt,Computer Architecture 
CS,2340,005,,9,5,18,1,11,9,4,7,7,1,,2,,,,1,,"Jaffal, Wafa","Zhang, Jinheng",,,,,wxj210000,wafa jaffal,Computer Architecture 
CS,2340,006,6,4,5,2,7,3,3,4,3,4,5,,21,,,,2,,"Wang, Alice","Zhang, Jinheng",,,,,axw230018,alice wang,Computer Architecture 
CS,2340,007,,8,8,8,10,16,9,7,,4,,,,,,,2,,"Jaffal, Wafa","Zhang, Jinheng",,,,,wxj210000,wafa jaffal,Computer Architecture 
CS,2340,008,,8,8,6,2,,,1,1,5,2,,2,,,,,,"Nguyen, Nhut","Zhang, Jinheng",,,,,nhutnn,nhut nguyen,Computer Architecture 
CS,2340,HN1,4,10,2,8,3,1,,1,1,,,,,,,,,,"Nguyen, Nhut","Zhang, Jinheng",,,,,nhutnn,nhut nguyen,Computer Architecture 
CS,3162,051,,60,42,24,15,6,4,7,,,1,,,,,,,,"Cole, John P",,,,,,jxc064000,john cole,Professional Responsibility in Computer Science and Software Engineering 
CS,3162,052,,43,42,27,20,3,4,4,,,,,1,,1,,,,"Cole, John P",,,,,,jxc064000,john cole,Professional Responsibility in Computer Science and Software Engineering 
CS,3162,091,12,48,33,22,18,4,2,5,4,,4,,2,,,,1,,"Cole, John P",,,,,,jxc064000,john cole,Professional Responsibility in Computer Science and Software Engineering 
CS,3162,092,4,33,26,19,33,15,5,6,,,2,,4,,,,,,"Cole, John P",,,,,,jxc064000,john cole,Professional Responsibility in Computer Science and Software Engineering 
CS,3341,001,7,21,,12,23,,24,5,,1,,,2,,,,,,"Smiley, Octavious","Thomas, Yaga S",,,,,oxs230011,octavious smiley,Probability and Statistics in Computer Science and Software Engineering 
CS,3341,002,,3,4,10,12,11,6,4,7,2,4,,7,,,,2,,"Guo, Huizhen","Jannaty, Most Salma Y",,,,,hxg190020,huizhen guo,Probability and Statistics in Computer Science and Software Engineering 
CS,3341,003,1,6,10,11,7,4,17,14,6,1,6,,4,,,,1,,"Guo, Huizhen","Jannaty, Most Salma Y",,,,,hxg190020,huizhen guo,Probability and Statistics in Computer Science and Software Engineering 
CS,3341,004,,5,9,9,11,8,8,20,10,3,4,,11,,,,2,,"Guo, Huizhen","Jannaty, Most Salma Y",,,,,hxg190020,huizhen guo,Probability and Statistics in Computer Science and Software Engineering 
CS,3341,005,16,2,3,11,14,10,7,8,8,6,5,2,10,,,,1,,"Jiang, Shengjie","Husain, Md Maidul",,,,,sxj220069,shengjie jiang,Probability and Statistics in Computer Science and Software Engineering 
CS,3341,006,2,9,,4,9,,10,2,,3,1,,2,,1,,,,"Smiley, Octavious","Zhao, Kun",,,,,oxs230011,octavious smiley,Probability and Statistics in Computer Science and Software Engineering 
CS,3341,501,2,7,,,4,,8,,,1,,,,,,,,,"Smiley, Octavious","Zhao, Kun",,,,,oxs230011,octavious smiley,Probability and Statistics in Computer Science and Software Engineering 
CS,3345,001,1,2,11,7,6,4,1,2,,3,,,2,,,,1,,"Desmedt, Yvo G",,,,,,ygd120030,yvo desmedt,Data Structures and Introduction to Algorithmic Analysis 
CS,3345,002,5,21,1,18,12,3,1,3,1,,,,,,,,,,"Satpute, Meghana N",,,,,,mns086000,meghana satpute,Data Structures and Introduction to Algorithmic Analysis 
CS,3345,003,9,15,2,7,3,1,,2,11,1,2,1,2,,,,3,,"Alagar, Sridhar",,,,,,sxa173731,sridhar alagar,Data Structures and Introduction to Algorithmic Analysis 
CS,3345,005,16,19,4,8,8,3,,6,,,1,,2,,,,2,,"Hamdy, Omar Mohamed",,,,,,oxh210004,omar hamdy,Data Structures and Introduction to Algorithmic Analysis 
CS,3345,006,2,4,1,6,15,3,3,3,,1,4,,1,,1,,,,"Chappidi, Sruthi",,,,,,sxc105920,sruthi chappidi,Data Structures and Introduction to Algorithmic Analysis 
CS,3345,007,7,19,6,15,8,2,1,3,1,,,,,,,,,,"Satpute, Meghana N",,,,,,mns086000,meghana satpute,Data Structures and Introduction to Algorithmic Analysis 
CS,3345,008,4,11,,10,13,,2,12,,2,,,1,,1,,1,,"Darbari, Parisa",,,,,,dal776869,parisa darbari,Data Structures and Introduction to Algorithmic Analysis 
CS,3345,009,,7,9,4,6,5,6,6,3,3,7,,3,,,,1,,"Zhao, Yi","Xu, Ruoyu",,,,,zhao,yi zhao,Data Structures and Introduction to Algorithmic Analysis 
CS,3345,501,19,9,8,5,7,5,,11,,,,,,,,,2,,"Hamdy, Omar Mohamed",,,,,,oxh210004,omar hamdy,Data Structures and Introduction to Algorithmic Analysis 
CS,3345,502,4,22,11,12,8,5,,4,,,,,,,,,,,"Khan, Kamran Z",,,,,,kkhan,ziaullah khan,Data Structures and Introduction to Algorithmic Analysis 
CS,3345,504,2,16,14,14,12,6,,3,,,,,,,,,1,,"Khan, Kamran Z",,,,,,kkhan,ziaullah khan,Data Structures and Introduction to Algorithmic Analysis 
CS,3354,001,30,14,21,1,,,,,,,,,1,,1,,,,"Nguyen, Tien N",,,,,,tnn160630,tien nguyen,Software Engineering 
CS,3354,002,22,25,14,3,1,2,1,,,,,,,,,,,,"Srinivasan, Srimathi",,,,,,sxs180206,srimathi srinivasan,Software Engineering 
CS,3354,003,4,21,18,8,4,1,,,1,,1,,,,,,,,"Feng, Ranran",,,,,,rxf090020,ranran feng,Software Engineering 
CS,3354,004,5,20,12,10,4,1,,,,,,,1,,,,,,"Feng, Ranran",,,,,,rxf090020,ranran feng,Software Engineering 
CS,3354,005,13,21,11,10,5,3,,1,1,,,,2,,,,,,"Narayanasami, Priya",,,,,,pxn173330,priya narayanasami,Software Engineering 
CS,3354,006,5,10,17,13,8,5,6,1,1,,,,,,1,,,,"Nouroz Borazjany, Mehra",,,,,,mxn143230,mehra borazjany,Software Engineering 
CS,3354,007,10,22,14,5,2,4,1,1,1,,,,1,,,,,,"Narayanasami, Priya",,,,,,pxn173330,priya narayanasami,Software Engineering 
CS,3354,008,4,19,6,8,13,1,1,8,,,,,3,,,,1,,"Chappidi, Sruthi",,,,,,sxc105920,sruthi chappidi,Software Engineering 
CS,3354,010,5,15,8,3,9,3,,3,,1,,,1,,,,1,,"Chappidi, Sruthi",,,,,,sxc105920,sruthi chappidi,Software Engineering 
CS,3354,HON,12,11,12,,,,,,,,,,,,,,,,"Nguyen, Tien N",,,,,,tnn160630,tien nguyen,Software Engineering 
CS,3377,001,7,23,5,4,25,,5,8,1,1,2,1,,,,,1,,"Belkoura, Mohamed Amine",,,,,,mxb135330,mohamed amine belkoura,Systems Programming in UNIX and Other Environments 
CS,3377,002,6,5,7,11,7,9,8,6,1,2,1,1,1,,,,2,,"Min, Richard K",,,,,,rkm010300,richard min,Systems Programming in UNIX and Other Environments 
CS,3377,003,6,21,20,9,8,5,,1,2,,1,1,2,,,,1,,"Alagar, Sridhar",,,,,,sxa173731,sridhar alagar,Systems Programming in UNIX and Other Environments 
CS,3377,004,2,3,2,4,6,6,9,12,8,5,1,,2,,,,1,,"Min, Richard K",,,,,,rkm010300,richard min,Systems Programming in UNIX and Other Environments 
CS,3377,005,3,10,10,11,10,11,6,6,2,1,1,4,,,,,4,,"Veerasamy, Jeyakesavan",,,,,,veerasam,jeyakesavan veerasamy,Systems Programming in UNIX and Other Environments 
CS,3377,006,20,11,14,10,8,2,3,6,1,1,,2,,,,,5,,"Veerasamy, Jeyakesavan",,,,,,veerasam,jeyakesavan veerasamy,Systems Programming in UNIX and Other Environments 
CS,3377,0W1,26,26,8,6,5,,,1,,,,,,,,,,,"Dollinger, Scott M",,,,,,smd013000,scott dollinger,
CS,3377,502,,21,,9,18,,5,12,2,,8,,6,,,,1,,"Belkoura, Mohamed Amine",,,,,,mxb135330,mohamed amine belkoura,Systems Programming in UNIX and Other Environments 
CS,3377,5W1,26,19,12,4,4,1,2,3,1,,,,2,,,,1,,"Dollinger, Scott M",,,,,,smd013000,scott dollinger,Systems Programming in UNIX and Other Environments 
CS,4141,101,3,7,8,,1,,,,1,,,,,,,,,,"Becker, Eric W","Pham, To Kim Bao",,,,,ewb160130,eric becker,Digital Systems Laboratory 
CS,4141,102,5,6,3,3,1,,,,,,,,,,,,,,"Becker, Eric W","Pham, To Kim Bao",,,,,ewb160130,eric becker,Digital Systems Laboratory 
CS,4141,103,13,4,1,,1,,,,1,,,,,,,,,,"Becker, Eric W","Asante-Asare, David P",,,,,ewb160130,eric becker,Digital Systems Laboratory 
CS,4141,104,4,4,3,1,4,1,1,,,,,1,,,,,,,"Becker, Eric W","Liu, Ziqi",,,,,ewb160130,eric becker,Digital Systems Laboratory 
CS,4141,105,10,3,2,,2,2,1,,,,,,,,,,,,"Becker, Eric W","Liu, Ziqi",,,,,ewb160130,eric becker,Digital Systems Laboratory 
CS,4141,106,1,10,3,3,1,1,,,,,,,1,,,,,,"Becker, Eric W","Pham, To Kim Bao",,,,,ewb160130,eric becker,Digital Systems Laboratory 
CS,4141,107,3,7,6,1,,,,1,,,,,1,,,,,,"Becker, Eric W","Pham, To Kim Bao",,,,,ewb160130,eric becker,Digital Systems Laboratory 
CS,4141,108,5,9,3,3,,,,,,,,,,,,,,,"Becker, Eric W","Asante-Asare, David P",,,,,ewb160130,eric becker,Digital Systems Laboratory 
CS,4141,109,7,10,3,,,,,,,,,,,,,,,,"Becker, Eric W","Liu, Ziqi",,,,,ewb160130,eric becker,Digital Systems Laboratory 
CS,4141,110,6,7,2,2,1,,,,,1,,,,,,,,,"Becker, Eric W","Yan, Shuo",,,,,ewb160130,eric becker,Digital Systems Laboratory 
CS,4141,111,7,9,3,,,1,,,,,,,,,,,,,"Becker, Eric W","Yan, Shuo",,,,,ewb160130,eric becker,Digital Systems Laboratory 
CS,4141,112,15,5,,,,,,,,,,,,,,,,,"Becker, Eric W","Zhang, Qifan",,,,,ewb160130,eric becker,Digital Systems Laboratory 
CS,4141,113,12,7,1,,,,,,,,,,,,,,,,"Becker, Eric W","Zhang, Qifan",,,,,ewb160130,eric becker,Digital Systems Laboratory 
CS,4141,114,6,6,2,3,1,,,1,,,,,,,,,,,"Becker, Eric W","Pham, To Kim Bao",,,,,ewb160130,eric becker,Digital Systems Laboratory 
CS,4141,115,11,5,1,1,,,1,,,,,,,,,,,,"Becker, Eric W","Yan, Shuo",,,,,ewb160130,eric becker,Digital Systems Laboratory 
CS,4141,116,14,1,1,1,1,1,,,,,,,,,,,,,"Becker, Eric W","Zhang, Qifan",,,,,ewb160130,eric becker,Digital Systems Laboratory 
CS,4141,117,11,5,,,1,1,1,,,,,,,,,,,,"Becker, Eric W","Zhang, Qifan",,,,,ewb160130,eric becker,Digital Systems Laboratory 
CS,4141,118,10,5,3,2,,,,,,,,,,,,,,,"Becker, Eric W","Liu, Ziqi",,,,,ewb160130,eric becker,Digital Systems Laboratory 
CS,4141,601,5,7,6,,,1,,,1,,,,,,,,,,"Becker, Eric W","Asante-Asare, David P",,,,,ewb160130,eric becker,Digital Systems Laboratory 
CS,4141,602,8,1,2,,4,3,2,,,,,,,,,,,,"Becker, Eric W","Song, Xiaoyu",,,,,ewb160130,eric becker,Digital Systems Laboratory 
CS,4141,603,9,4,3,,,1,,1,1,,,,,,,,,,"Becker, Eric W","Asante-Asare, David P",,,,,ewb160130,eric becker,Digital Systems Laboratory 
CS,4141,604,11,1,,1,2,,,,1,1,,,,,,,,,"Becker, Eric W","Song, Xiaoyu",,,,,ewb160130,eric becker,Digital Systems Laboratory 
CS,4141,605,2,4,3,2,,,,,,,,,,,,,,,"Becker, Eric W","Yan, Shuo",,,,,ewb160130,eric becker,Digital Systems Laboratory 
CS,4141,606,4,6,3,4,3,,,,,,,,,,,,,,"Becker, Eric W","Yan, Shuo",,,,,ewb160130,eric becker,Digital Systems Laboratory 
CS,4141,607,9,3,,1,2,1,,2,,,1,,,,,,,,"Becker, Eric W","Song, Xiaoyu",,,,,ewb160130,eric becker,Digital Systems Laboratory 
CS,4141,608,5,3,6,3,1,1,,,,,,,,,,,,,"Becker, Eric W","Asante-Asare, David P",,,,,ewb160130,eric becker,Digital Systems Laboratory 
CS,4141,609,9,5,3,,1,,,,,,,,1,,,,,,"Becker, Eric W","Song, Xiaoyu",,,,,ewb160130,eric becker,Digital Systems Laboratory 
CS,4141,610,3,9,2,1,,,,,,,1,,1,,,,,,"Becker, Eric W","Liu, Ziqi",,,,,ewb160130,eric becker,Digital Systems Laboratory 
CS,4301,001,5,10,12,7,4,2,2,,,,,,2,,,,12,,"Fox, Emily K",,,,,,kjf170230,emily fox,Special Topics in Computer Science 
CS,4301,003,2,3,5,,4,,3,,,1,1,,3,,,,1,,"Gupta, Gopal","Kimbrell, Keegan M",,,,,gupta,gopal gupta,
CS,4332,001,,58,15,3,3,4,2,3,,,,,3,,,,1,,"Alghofaili, Rawan","Tang, Xulong",,,,,rxa230065,rawan alghofaili,Introduction to Programming Video Games 
CS,4334,001,1,2,1,,3,1,,1,,,,,1,,,,,,"Biswas, Saikat","Sarkar, Soham",,,,,sxb230137,saikat biswas,Numerical Analysis 
CS,4337,001,2,18,6,6,10,5,5,3,4,2,7,,6,,,,5,,"Zhao, Yi","Saha, Pritom K",,,,,zhao,yi zhao,Programming Language Paradigms 
CS,4337,002,4,12,3,6,15,7,11,8,4,4,4,,4,,,,2,,"Zhao, Yi","Tenali, Pranuthi",,,,,zhao,yi zhao,Programming Language Paradigms 
CS,4337,003,19,10,9,10,5,10,5,4,5,,5,,1,,,,1,,"Karami, Gity","Siddiqui, S. M. Tahmid",,,,,gxk180009,gity karami,Programming Language Paradigms 
CS,4337,004,12,11,6,13,9,2,5,4,7,1,1,1,7,,,,4,,"Omer, Jalal S","Guo, Jinghui",,,,,jso016000,jalal omer,Programming Language Paradigms 
CS,4337,005,1,7,14,24,18,3,1,1,,1,,,,,,,3,,"Salazar, Elmer E","Li, Tingxi",,,,,ees101020,elmer salazar,Programming Language Paradigms 
CS,4337,006,1,12,13,5,11,11,9,10,8,2,,,1,,,,1,,"Davis, Chris I","Xu, Zexin",,,,,cid021000,chris davis,Programming Language Paradigms 
CS,4337,007,10,11,16,7,13,9,6,2,5,,1,,2,,,,2,,"Karami, Gity","Saadatfar, Rozhin",,,,,gxk180009,gity karami,Programming Language Paradigms 
CS,4337,HON,,12,1,,,,,,,,,,,,,,,,"Davis, Chris I",,,,,,cid021000,chris davis,Programming Language Paradigms 
CS,4341,001,7,11,3,10,11,8,,19,4,,14,,11,,,,1,,"DeGroot, Doug","Wang, Alice","Ahmed, Sabbir",,,,dxd180020,doug degroot,Digital Logic and Computer Design 
CS,4341,002,,24,7,11,4,9,,24,,,4,,4,,1,,2,,"Li, Bingzhe","Sensintaffar, Alex H",,,,,bxl230006,bingzhe li,Digital Logic and Computer Design 
CS,4341,003,24,15,9,6,8,7,,9,,,7,,5,,,,,,"Hamdy, Omar Mohamed",,,,,,oxh210004,omar hamdy,Digital Logic and Computer Design 
CS,4341,004,13,9,14,5,4,7,2,2,9,,2,,3,,,,,,"DeGroot, Doug","Karami, Gity","Omidi, Zahra",,,,dxd180020,doug degroot,Digital Logic and Computer Design 
CS,4341,005,13,12,23,10,8,10,9,4,5,,2,,1,,,,1,,"Karami, Gity","Khatami, Alireza",,,,,gxk180009,gity karami,Digital Logic and Computer Design 
CS,4341,006,26,10,20,9,5,11,1,7,4,2,,,,,1,,3,,"Becker, Eric W","Pham, To Kim Bao","Mao, Ruiyu",,,,ewb160130,eric becker,Digital Logic and Computer Design 
CS,4341,HON,,5,2,1,3,,,,,,,,1,,,,,,"Cankaya, Ebru",,,,,,exc067000,ebru cankaya,Digital Logic and Computer Design 
CS,4347,001,13,12,6,7,14,3,2,7,2,,6,,1,,,,,,"Omer, Jalal S","Patel, Smit Soneshbhai",,,,,jso016000,jalal omer,Database Systems 
CS,4347,002,12,19,6,8,17,5,2,,,,,,,,1,,1,,"Wu, Wei L","Wang, Guanghua",,,,,wxw020100,weili wu,Database Systems 
CS,4347,003,11,10,6,5,13,6,6,4,,2,3,1,,,,,1,,"Omer, Jalal S","Patel, Smit Soneshbhai","Dakshit, Sristi",,,,jso016000,jalal omer,Database Systems 
CS,4347,004,3,29,5,12,20,2,2,,,,,,,,,,,,"Kumar, Pushpa S","Rathnasuriya, Ravishka S","Dakshit, Sristi",,,,pkumar,pushpa kumar,Database Systems 
CS,4347,005,12,18,20,9,8,4,,,,,,,,,,,1,,"Wang, Xinda","Li, Youpeng",,,,,xxw230005,xinda wang,Database Systems 
CS,4347,006,3,29,4,6,25,3,2,,,,,,,,,,,,"Kumar, Pushpa S","Pratap, Ashish",,,,,pkumar,pushpa kumar,Database Systems 
CS,4347,501,,8,14,9,6,7,8,6,5,3,,,,,2,,1,,"Davis, Chris I","Saha, Ramkrishna",,,,,cid021000,chris davis,Database Systems 
CS,4347,502,3,35,13,13,17,3,,7,,,,,5,,,,,,"Khan, Kamran Z","Zhang, Baoming",,,,,kkhan,ziaullah khan,Database Systems 
CS,4348,001,13,33,5,9,4,2,2,,1,,,,,,,,1,,"Peterson, Erik A",,,,,,eap190004,erik peterson,Operating Systems Concepts 
CS,4348,002,,13,6,7,5,8,1,,1,,,,3,,,,5,,"Yen, I-Ling","Miao, Miao",,,,,ilyen,yen i ling,Operating Systems Concepts 
CS,4348,003,8,21,16,6,6,1,2,1,,,1,,,,,,3,,"Salazar, Elmer E","Lee, Yi-Hui","Miao, Miao",,,,ees101020,elmer salazar,Operating Systems Concepts 
CS,4348,004,7,8,8,5,6,6,2,2,1,,1,,2,,,,7,,"Mittal, Neeraj","Hatfield, Cody R",,,,,nxm020100,neeraj mittal,Operating Systems Concepts 
CS,4348,501,14,25,10,9,6,2,1,,,,,1,2,,,,1,,"Salazar, Elmer E","Averill, Matthew C",,,,,ees101020,elmer salazar,Operating Systems Concepts 
CS,4348,503,11,2,6,9,4,5,6,4,2,4,,2,5,,,,1,,"Perry, Jonathan J",,,,,,jjp160630,,Operating Systems Concepts 
CS,4349,001,3,8,7,11,16,20,3,12,3,2,5,3,1,,,,3,,"Willson, James","Aggarwal, Alakh",,,,,jkw053000,james willson,Advanced Algorithm Design and Analysis 
CS,4349,002,1,7,6,6,10,12,12,15,11,7,2,2,,,,,2,,"Willson, James","Aggarwal, Alakh",,,,,jkw053000,james willson,Advanced Algorithm Design and Analysis 
CS,4349,003,5,23,12,12,10,7,5,3,,,,,,,,,2,,"Du, Ding Z","Zhou, Yisheng",,,,,dxd056000,ding zhu du,Advanced Algorithm Design and Analysis 
CS,4349,004,6,16,7,18,8,8,9,2,6,5,6,1,3,,,,5,,"Chitturi, Bhadrachalam",,,,,,chalam,chitturi bhadrachalam,Advanced Algorithm Design and Analysis 
CS,4349,005,5,19,16,13,18,13,9,1,2,,1,,1,,,,2,,"Erbatur, Serdar",,,,,,sxe190003,serdar erbatur,Advanced Algorithm Design and Analysis 
CS,4349,006,2,15,4,8,12,5,10,9,,2,1,2,2,,,,3,,"Chitturi, Bhadrachalam",,,,,,chalam,chitturi bhadrachalam,Advanced Algorithm Design and Analysis 
CS,4349,007,3,6,,3,9,,4,9,,,1,,4,,,,1,,"Darbari, Parisa","Hossain, Md Billal",,,,,dal776869,parisa darbari,Advanced Algorithm Design and Analysis 
CS,4352,001,7,11,4,,1,1,,,,,,,,,,,,,"Orrick, Erika D",,,,,,edo042000,erika orrick,Introduction to Human-Computer Interaction 
CS,4361,001,7,19,12,11,12,8,5,4,,,,,,,,,2,,"Kumar, Pushpa S","Allu, Sai Haneesh",,,,,pkumar,pushpa kumar,Computer Graphics 
CS,4365,001,10,9,6,6,4,1,1,3,,,1,,3,,,,5,,"Harabagiu, Sanda M","Weinzierl, Maxwell A","Ailneni, Rakshitha Rao",,,,sanda,sanda harabagiu,Artificial Intelligence 
CS,4365,002,4,7,12,9,7,7,8,5,3,,,,3,,,,4,,"Ng, Yu Chung Vincent","Li, Shengjie",,,,,ycn041000,vincent ng,Artificial Intelligence 
CS,4365,003,6,12,8,7,15,6,7,6,1,2,3,1,1,,,,2,,"Gogate, Vibhav G","Malhotra, Brij Gulsharan",,,,,vxg112130,vibhav gogate,Artificial Intelligence 
CS,4365,004,7,35,21,10,5,4,2,,,1,,,1,,,,,,"Birsan, Vlad I","Rong, Xiaokai","Zokhidov, Anvar",,,,vib220000,,Artificial Intelligence 
CS,4365,501,5,11,9,13,9,3,2,2,2,,,,5,,,,1,,"Schweitzer, Haim","Mao, Wei","Song, Zihe",,,,haim,haim schweitzer,Artificial Intelligence 
CS,4365,HON,1,6,,,2,2,,,,,,,,,,,,,"Ng, Yu Chung Vincent","Li, Shengjie",,,,,ycn041000,vincent ng,Artificial Intelligence 
CS,4375,001,,15,19,16,14,7,,,,,,,,,2,,3,,"Natarajan, Sriraam","Golivand Darvishvand, Fateme",,,,,sxn177430,sriraam natarajan,Introduction to Machine Learning 
CS,4375,002,15,41,7,2,3,2,,,,,1,,,,,,1,,"Chen, Feng","Zhang, Yifan",,,,,fxc190007,feng chen,Introduction to Machine Learning 
CS,4375,003,,7,19,26,27,7,3,2,,,,1,1,,,,3,,"Iyer, Rishabh K","Pham, Truong Q",,,,,rki190000,rishabh iyer,Introduction to Machine Learning 
CS,4375,004,4,16,8,5,14,15,,5,1,3,3,1,2,,1,,10,,"Rahman, Tahrima","Zhang, Yue",,,,,txr110830,tahrima rahman,Introduction to Machine Learning 
CS,4375,501,17,14,10,10,27,6,,6,2,1,1,1,,,,,3,,"Skorupa Parolin, Erick","Ailneni, Rakshitha Rao","Lee, Yi-Hui",,,,exs172930,,Introduction to Machine Learning 
CS,4376,001,,,7,8,17,12,15,10,5,2,3,1,,,,,1,,"Paulk, Mark C","Hsu, Chih-Wei","Zhao, Ziyi",,,,mcp130030,mark paulk,Object-Oriented Design 
CS,4376,002,6,5,8,9,16,6,10,13,2,3,,,1,,,,1,,"Paulk, Mark C","Hsu, Chih-Wei","Zhao, Ziyi",,,,mcp130030,mark paulk,Object-Oriented Design 
CS,4384,001,4,8,13,7,4,6,8,10,18,12,4,3,3,,,,3,,"Chitturi, Bhadrachalam",,,,,,chalam,chitturi bhadrachalam,Automata Theory 
CS,4384,002,,3,2,7,14,8,8,9,13,11,6,4,9,,,,4,,"Ntafos, Simeon C","Birashk, Amin","Bansal, Rishita",,,,ntafos,simeon ntafos,Automata Theory 
CS,4384,003,4,12,8,15,17,12,11,3,,,1,,1,,,,,,"Erbatur, Serdar",,,,,,sxe190003,serdar erbatur,Automata Theory 
CS,4384,004,10,16,26,10,11,18,8,2,2,,,,,,,,2,,"Erbatur, Serdar",,,,,,sxe190003,serdar erbatur,Automata Theory 
CS,4384,501,1,60,13,11,10,,,,,,,,,,,,,,"Stallbohm, Zachary E","Nguyen, Khoi P",,,,,zxs110030,zach stallbohm,Automata Theory 
CS,4384,502,,,,2,1,7,2,3,3,1,3,4,4,,1,,,,"Ntafos, Simeon C","Bansal, Rishita","Birashk, Amin",,,,ntafos,simeon ntafos,Automata Theory 
CS,4384,HON,6,8,5,6,4,1,1,,,,,,,,,,1,,"Huynh, Dung T","Kimbrell, Keegan M",,,,,huynh,dung huynh,Automata Theory 
CS,4386,501,3,4,3,3,5,2,2,1,,2,1,,4,,,,2,,"Gupta, Neeraj K","Lee, Jaeseong",,,,,nkg140130,neeraj gupta,Compiler Design 
CS,4390,001,2,17,16,18,16,10,1,1,,,,,,,2,,,,"Solanki, Nidhiben M","Miah, Md Sanaullah",,,,,nxs121130,nidhiben solanki,Computer Networks 
CS,4390,002,3,2,3,7,9,7,2,9,11,5,5,5,2,,,,3,,"Haas, Zygmunt J","Li, Congzhou","Mulka, Sai Tharun Reddy",,,,zjh130030,zygmunt haas,Computer Networks 
CS,4390,003,,7,9,10,11,8,8,2,2,,,,,,,,2,,"Solanki, Nidhiben M","Sakib, Md Nazmus",,,,,nxs121130,nidhiben solanki,Computer Networks 
CS,4390,004,2,,8,2,5,9,9,5,9,5,4,,4,,,,2,,"Ding, Yi","Kumar, Hiranya Garbha","Mohan, Sudharssan T",,,,yxd230004,yi ding,Computer Networks 
CS,4390,005,,4,7,6,7,8,10,7,5,3,2,6,5,,,,2,,"Haas, Zygmunt J","Mulka, Sai Tharun Reddy","Li, Congzhou",,,,zjh130030,zygmunt haas,Computer Networks 
CS,4391,001,,10,3,4,17,8,5,6,,2,1,,2,,,,,,"Xiang, Yu",Jishnu J,,,,,yxx210005,yu xiang,
CS,4391,002,18,25,3,3,2,,1,2,1,,2,,2,,,,,,"Feng, Ranran",,,,,,rxf090020,ranran feng,Introduction to Computer Vision 
CS,4393,001,1,8,2,3,2,4,5,,,,,,,,,,,,"Nguyen, Nhut","Omidi, Zahra",,,,,nhutnn,nhut nguyen,Computer and Network Security 
CS,4395,002,46,30,8,5,4,2,,1,,,,,,,,,,,"Du, Xinya","Li, Ruosen",,,,,xxd220001,xinya du,Human Language Technologies 
CS,4396,001,,7,16,4,7,1,4,2,2,1,2,,1,,,,2,,"Sarac, Kamil","Mohan, Sudharssan T",,,,,kxs028100,kamil sarac,Networking Laboratory 
CS,4398,001,4,3,6,1,1,4,1,1,1,,1,1,4,,,,2,,"Gupta, Neeraj K","Nik Khah, Arman",,,,,nkg140130,neeraj gupta,
CS,4459,001,2,27,5,9,8,5,3,2,2,,,,1,,,,7,,"Jee, Kangkook",,,,,,kxj190011,kangkook jee,Cyber Attack and Defense Laboratory 
CS,4485,0W1,221,217,113,12,12,5,4,1,,,,,1,,,,1,,"Razo-Razo, Miguel Angel","Alagar, Sridhar","Salih, Raed M","Becker, Eric W","Sarac, Selim","Cole, John P",mrazora,miguel razo,Computer Science Project 
CS,5333,001,,2,1,1,4,1,2,1,,,,,,,,,,,"Cobb, Jorge A",,,,,,jcobb,jorge cobb,Discrete Structures 
CS,5343,001,,5,3,12,8,5,1,3,,,,,7,,,,4,,"Gupta, Neeraj K",,,,,,nkg140130,neeraj gupta,Algorithm Analysis and Data Structures 
CS,5348,004,,8,6,1,,,,,,,,,,,,,1,,"Mittal, Neeraj","Hatfield, Cody R",,,,,nxm020100,neeraj mittal,Operating Systems Concepts 
CS,5V81,001,,10,,,,,,,,,,,,,,,,,"Sarac, Kamil",,,,,,kxs028100,kamil sarac,Special Topics in Computer Science 
CS,6301,001,,41,9,4,1,,,,,,,,,,,,1,,"Nemec, Andrew S","Huffstutler, Jackson B",,,,,dal957114,andrew nemec,Special Topics in Computer Science 
CS,6301,M01,,9,3,1,2,,,,,,,,,,,,,,"Nguyen, Nhut","Omidi, Zahra",,,,,nhutnn,nhut nguyen,
CS,6301,M02,,13,,,2,,,,,,,,,,,,,,"Davis, Chris I",,,,,,cid021000,chris davis,
CS,6304,001,,4,3,,5,2,,,,,,,,,,,,,"Pedram, Hossein","Daneshnazar, Milad",,,,,hxp220048,hossein pedram,Computer Architecture 
CS,6305,501,,26,2,1,1,1,,1,,,,,1,,,,,,"Cankaya, Ebru","Wang, Yuxiao",,,,,exc067000,ebru cankaya,Data Security and Privacy for Practitioners 
CS,6307,501,,18,19,2,,,,,,,,,,,,,,,"Nagar, Anurag","Vyas, Akshay",,,,,axn112530,anurag nagar,Introduction to Big Data Management and Analytics for non CS-Majors 
CS,6308,501,,34,6,1,2,1,,,,,,,1,,,,,,"Ricks, Brian","Bansal, Rishita",,,,,bwr031000,brian ricks,Cyber Physical Systems and Critical Infrastructure Security for Practitioners 
CS,6313,001,,6,8,3,4,5,,1,,,,,,,,,1,,"Tang, Xiwei","Wang, Tingfang",,,,,dal295425,xiwei tang,Statistical Methods for Data Science 
CS,6314,501,,22,27,15,1,,,,,,,,,,,,,,"Min, Richard K","Jiang, Kai",,,,,rkm010300,richard min,Web Programming Languages 
CS,6319,001,,12,13,2,3,3,,1,,,,,,,,,,,"Raichel, Benjamin A","Hossain, Md Billal",,,,,bar150630,benjamin raichel,Computational Geometry 
CS,6320,001,,158,,,1,,,,,,,,,,,,,,"Erekhinskaya, Tatiana N","He, Kaiyu",,,,,txe110230,tatiana erekhinskaya,Natural Language Processing 
CS,6320,002,,35,3,1,,,,,,,,,,,,,1,,"Chen, Zhiyu","Zhang, Mian",,,,,zxc230011,zhiyu chen,Natural Language Processing 
CS,6322,001,,36,18,9,8,3,3,,,,,,,,,,1,,"Harabagiu, Sanda M","Weinzierl, Maxwell A",,,,,sanda,sanda harabagiu,Information Retrieval 
CS,6324,001,,34,12,10,7,6,1,,,,,,1,,,,4,,"Kim, Chung Hwan","Mukherjee, Kunal",,,,,cxk200010,,Information Security 
CS,6334,001,,40,6,5,3,2,7,,,,,,1,,,,3,,"Kim, Jin Ryong","Singhal, Yatharth","Pratap, Ashish",,,,jrk200002,jin ryong kim,Virtual Reality 
CS,6347,001,,41,5,4,7,1,,2,,,,,,,,,,,"Ruozzi, Nicholas R","Vyas, Akshay",,,,,nrr150130,nicholas ruozzi,Statistical Methods in AI and Machine Learning 
CS,6348,001,,74,4,1,5,,,,,,,,1,,,,1,,"Cankaya, Ebru",,,,,,exc067000,ebru cankaya,Data and Applications Security 
CS,6349,501,,51,29,14,6,,,,,,,,,,,,,,"Hao, Shuang","Zhao, Yichen",,,,,sxh178730,shuang hao,Network Security 
CS,6350,001,,50,25,12,3,,,,,,,,,,,,,,"Nagar, Anurag","Ononto, Akib J",,,,,axn112530,anurag nagar,Big Data Management and Analytics 
CS,6350,002,,35,26,5,3,,,,,,,,,,,,,,"Nagar, Anurag","Yang, Haoyuan",,,,,axn112530,anurag nagar,Big Data Management and Analytics 
CS,6352,001,,4,3,2,4,,,,,,,,,,,,1,,"Jue, Jason P",,,,,,jjue,jason jue,Performance of Computer Systems and Networks 
CS,6353,001,,30,4,4,3,,2,3,,,,,,,,,1,,"Wei, Shiyi","Lee, Jaeseong",,,,,sxw174630,shiyi wei,Compiler Construction 
CS,6356,001,,41,2,3,,,,,,,,,,,,,,,"Wei, Shiyi","Rivera Sanchez, Cynthia M",,,,,sxw174630,shiyi wei,Software Maintenance  Evolution  and Re-Engineering 
CS,6360,002,,46,19,3,5,4,2,,,,,,,,,,1,,"Wu, Wei L","Wang, Guanghua","Mao, Dongyu",,,,wxw020100,weili wu,Database Design 
CS,6360,M01,,4,4,3,,,,,,,,,,,,,,,"Kumar, Pushpa S",,,,,,pkumar,pushpa kumar,
CS,6363,001,,23,19,8,7,3,1,,,,,,,,,,,,"Huynh, Dung T","Kamal, Minhas","Su, Ke",,,,huynh,dung huynh,Design and Analysis of Computer Algorithms 
CS,6363,501,,18,8,9,8,6,6,,,,,,,,,,1,,"Bereg, Sergey","Rong, Xiaokai",,,,,sxb027100,sergey bereg,Design and Analysis of Computer Algorithms 
CS,6363,502,,16,14,6,17,,2,,,,,,1,,,,2,,"Du, Ding Z","Su, Ke",,,,,dxd056000,ding zhu du,Design and Analysis of Computer Algorithms 
CS,6364,001,,53,14,3,10,2,5,2,,,,,,,,,,,"Schweitzer, Haim","Mao, Wei","Song, Zihe",,,,haim,haim schweitzer,Artificial Intelligence 
CS,6366,001,,10,3,1,2,,,,,,,,1,,,,1,,"Guo, Xiaohu","Wang, Ningna",,,,,xxg061000,xiaohu guo,Computer Graphics 
CS,6367,001,,7,6,6,,1,,,,,,,,,,,,,"Nouroz Borazjany, Mehra","Wei, Songtao",,,,,mxn143230,mehra borazjany,Software Testing  Validation and Verification 
CS,6375,001,,33,11,7,2,,,2,,,,,,,,,2,,"Yang, Wei","Rathnasuriya, Ravishka S",,,,,wxy180002,wei yang,Machine Learning 
CS,6375,002,,59,19,6,2,1,,,,,,,2,,,,,,"Maung, Crystal","Xu, Ouyang",,,,,ktm016100,crystal maung,Machine Learning 
CS,6378,001,,13,16,7,10,1,,,,,,,,,,,2,,"Prakash, Ravi","Nik Khah, Arman",,,,,ravip,ravi prakash,Advanced Operating Systems 
CS,6384,001,,22,26,23,26,8,2,1,,,,,,,,,,,"Tian, Yapeng","Vasireddy, Siva Sai Nagender","Kumar, Hiranya Garbha",,,,yxt220013,yapeng tian,Computer Vision 
CS,6384,003,,13,,,1,,,,,,,,,,,,,,"Guo, Yunhui",,,,,,yxg220013,yunhui guo,Computer Vision 
CS,7301,001,,15,,,,,,,,,,,,,,,,,"Prakash, Ravi",,,,,,ravip,ravi prakash,Recent Advances in Computing 
CS,7301,501,,23,,,,,,,,,,,,,,,,,"Khan, Latifur R",,,,,,lkhan,latifur khan,Recent Advances in Computing 
DANC,1305,001,6,10,,,4,,,,,2,,,2,,,,,,"Duplantier, Hayley J",,,,,,hjd230000,hayley duplantier,Introduction to World Dance Forms 
DANC,1305,0W1,11,25,3,,3,1,1,1,,,,,1,,,,1,,"Saba, Monica M",,,,,,msaba,monica saba,Introduction to World Dance Forms 
DANC,1310,0H1,29,11,,,2,,,1,,,,,2,,,,1,,"De Jesus, Marquita S",,,,,,msd053000,marquita jesus,Understanding Dance 
DANC,1310,0H2,22,13,,2,1,,1,,1,,,,,,,,,,"Mabus, Jennifer",,,,,,dal123207,jennifer mabus,Understanding Dance 
DANC,1310,0W1,16,16,6,1,4,2,1,,,,,,1,,,,1,,"Callon, Cheryl",,,,,,cxc230038,,Understanding Dance 
DANC,1310,HN1,5,13,2,3,,1,,1,,,,,,,,,,,"Saba, Monica M",,,,,,msaba,monica saba,Understanding Dance 
DANC,2321,001,19,,,,,,,,,,,,,,,,,,"Mabus, Jennifer",,,,,,dal123207,jennifer mabus,Stretch  Conditioning  Alignment 
DANC,2331,001,7,2,,,,,1,1,,,,,,,,,,,"Bai, Xuejing",,,,,,xxb230001,xuejing bai,Dance Technique 1 
DANC,2331,002,3,3,2,1,2,,,,1,,,1,,,,,,,"Saba, Monica M",,,,,,msaba,monica saba,Dance Technique 1 
DANC,2332,001,2,2,,2,3,1,,,,,,,,,,,,,"Saba, Monica M",,,,,,msaba,monica saba,Modern Dance 1 
DANC,2334,001,6,6,1,,1,2,,,,,,1,,,,,,,"Saba, Monica M",,,,,,msaba,monica saba,Ballet 1 
DANC,3334,001,13,1,,,,,,,,,,,,,,,,,"Johnson, Melissa A",,,,,,maj140430,melissa johnson,Jazz Dance 2 
DANC,3347,001,9,1,1,,,,,,,,,,,,,,1,,"Johnson, Melissa A",,,,,,maj140430,melissa johnson,Dance Composition 
DBUA,7414,S01,,10,1,,,,,,,,,,,,,,,,"Murthi, B P","Peng, Mike W","Radhakrishnan, Suresh","Janakiraman, Ganesh","Sarkar, Sumit","Zhang, Huibing",murthi,b murthi,
DBUA,7416,S01,,3,3,2,2,,,,,,,,,,,,1,,"Mehra, Amit","Zhang, Hong",,,,,axm078200,amit mehra,
DBUA,7417,S01,,6,1,3,,,,,,,,,,,,,,,"Siegenthaler, Simon",,,,,,sxs177933,simon siegenthaler,
ECON,2301,001,2,1,3,3,8,2,4,6,7,1,4,,4,,,,2,,"Islam, Azharul",,,,,,axi190001,azharul islam,Principles of Macroeconomics 
ECON,2301,002,9,13,5,2,24,4,4,15,2,1,5,1,11,,,,2,,"Ketsler, Luba","Chen, Meizhen",,,,,lxk010300,luba ketsler,Principles of Macroeconomics 
ECON,2301,003,12,30,11,5,14,6,5,16,2,1,4,1,4,,,,2,,"Ketsler, Luba","Jones, Brandon S",,,,,lxk010300,luba ketsler,Principles of Macroeconomics 
ECON,2301,004,3,6,4,7,10,8,3,5,2,1,,1,4,,,,1,,"Yue, Wanwan","Ansari, Reza",,,,,wxy150730,wanwan yue,Principles of Macroeconomics 
ECON,2301,501,7,1,2,1,,1,,6,,,5,,5,,,,2,,"Barua Soni, Prajyna P",,,,,,ppb190000,,Principles of Macroeconomics 
ECON,2301,502,8,14,6,10,14,13,7,8,3,1,3,3,4,,,,5,,"Yue, Wanwan","Ansari, Reza",,,,,wxy150730,wanwan yue,Principles of Macroeconomics 
ECON,2302,001,7,15,12,10,14,12,6,9,1,2,1,1,1,,,,4,,"Yue, Wanwan","Javadi, Milad",,,,,wxy150730,wanwan yue,Principles of Microeconomics 
ECON,2302,002,1,3,1,2,14,3,1,5,2,,1,1,3,,,,4,,"Grover, William C","Jones, Steven J",,,,,wcg071000,william grover,Principles of Microeconomics 
ECON,2302,003,3,17,8,3,22,12,6,13,,,4,,1,,,,3,,"Miller, Darwin W","Ma, Yuan",,,,,dwm052000,darwin miller,Principles of Microeconomics 
ECON,2302,004,2,5,6,5,5,4,4,1,,,,1,2,,,,2,,"Etebari, Maryam A",,,,,,mxa143930,maryam ahmadi,Principles of Microeconomics 
ECON,2302,501,8,7,6,4,10,5,4,8,3,6,4,3,5,,,,1,,"Yue, Wanwan","Javadi, Milad",,,,,wxy150730,wanwan yue,Principles of Microeconomics 
ECON,2302,502,1,2,2,2,7,3,4,3,4,1,1,1,2,,,,1,,"Etebari, Maryam A",,,,,,mxa143930,maryam ahmadi,Principles of Microeconomics 
ECON,3310,001,4,2,3,2,4,,,,4,,3,1,3,,,,2,,"Hedlund, Sven","Ma, Yuan","Tasnim, Ayesha",,,,jxh180030,jonas hedlund,Intermediate Microeconomic Theory 
ECON,3310,501,3,3,2,4,3,,1,1,,,,,1,,,,2,,"Burton, Anne M","Hu, Taowen",,,,,axb210050,anne burton,Intermediate Microeconomic Theory 
ECON,3311,001,,9,2,2,8,8,4,5,1,2,,,1,,,,2,,"Granados, Camilo","Yu, Yiqun",,,,,cxg220001,,Intermediate Macroeconomic Theory 
ECON,3315,001,9,8,1,6,7,,2,1,,3,,,2,,,,,,"Beron, Kurt J","Kaufman, Jonathan A",,,,,kberon,kurt beron,Sports Economics 
ECON,3330,001,14,23,12,3,18,,,1,1,,,,1,,,,,,"Ketsler, Luba",,,,,,lxk010300,luba ketsler,Economics of Health 
ECON,3330,002,4,33,2,3,10,2,4,5,1,1,,,1,,,,1,,"Ketsler, Luba",,,,,,lxk010300,luba ketsler,Economics of Health 
ECON,3396,001,,3,3,2,5,6,4,3,2,,1,,,,,,1,,"Burton, Anne M",,,,,,axb210050,anne burton,Special Topics in Economics 
ECON,3396,0S2,,9,2,1,1,,,,,,,,,,,,,,"Giertz, Seth","Li, Zhuoqun",,,,,sxg154831,seth giertz,Special Topics in Economics 
ECON,4301,001,4,7,2,2,2,2,2,1,1,1,3,,,,,,1,,"Siqueira, Kevin J","Jin, Tong",,,,,kjs064000,kevin siqueira,Game Theory 
ECON,4302,001,1,2,2,1,5,7,1,,,,,,,,,,,,"Giertz, Seth","Li, Zhuoqun",,,,,sxg154831,seth giertz,Urban and Regional Economics 
ECON,4320,001,,5,3,6,7,5,,2,,,,,,,,,1,,"Murdoch, James C",,,,,,murdoch,james murdoch,Public Sector Economics 
ECON,4325,001,,4,4,4,5,3,1,1,,,,,,,,,,,"Zhang, Pengfei","Shin, Hanna",,,,,pxz220003,pengfei zhang,Digital Economics and the Law 
ECON,4334,501,1,6,3,9,,,,,,,,,,,,,,,"Etebari, Maryam A",,,,,,mxa143930,maryam ahmadi,Experimental Economics 
ECON,4351,001,2,7,3,2,5,2,,4,,,3,1,,,,,,,"Grover, William C",,,,,,wcg071000,william grover,Mathematical Economics 
ECON,4355,001,7,4,4,,2,,4,,,1,,,,,,,1,,"Li, Dong","Mou, Hao",,,,,dxl145430,dong li,Econometrics 
ECON,4382,001,,3,4,3,4,3,3,1,1,3,1,,2,,,,1,,"Granados, Camilo","Yu, Yiqun",,,,,cxg220001,,International Finance 
ECON,4385,0H1,13,11,2,1,1,,,,,,,,1,,,,,,"Panovska, Irina B","Johra, Fatema Tuj",,,,,ixp190001,irina panovska,Business and Economic Forecasting 
ECON,4396,001,1,5,1,2,1,,,2,,,,,,,,,,,"Litzow, Erin","Essa, Deena Z",,,,,exl240015,erin litzow,Selected Topics in Economics 
ECON,6309,001,,7,6,4,,,,,,,,,,,,,,,"Sul, Donggyu","Pandey, Abhishek",,,,,dxs093000,donggyu sul,Econometrics I 
ECON,7304,501,,8,4,,,1,,,,,,,,,,,1,,"Hedlund, Sven",,,,,,jxh180030,jonas hedlund,Information Economics and Mechanism Design 
ECS,1192,005,,9,,,,,,,,,,,,,,,1,,"Ruths, Justin",,,,,,jxr163730,justin ruths,Research  Inquiry  Design Experience 
ECS,2192,002,,8,,,,,,,,,,,,,,,2,,"Summers, Joshua D",,,,,,jxs200065,joshua summers,Research  Inquiry  Design Experience 
ECS,2192,018,4,4,6,,1,,,,,,,,,,,,,,"Kumar, Pavan P","Summers, Joshua D",,,,,ppk210001,,Research  Inquiry  Design Experience 
ECS,2390,001,,1,,,4,3,1,3,2,1,,1,2,,,,,,"Crowder, Wade A",,,,,,wac010100,wade crowder,Professional and Technical Communication 
ECS,2390,002,,1,,,8,2,4,,,,,,2,,,,1,,"Crowder, Wade A",,,,,,wac010100,wade crowder,Professional and Technical Communication 
ECS,2390,003,,1,,1,2,3,3,1,,1,,1,1,,,,1,,"Crowder, Wade A",,,,,,wac010100,wade crowder,Professional and Technical Communication 
ECS,2390,004,,,1,1,2,6,2,2,,2,,,2,,,,,,"Crowder, Wade A",,,,,,wac010100,wade crowder,Professional and Technical Communication 
ECS,2390,005,18,1,,,,,,,,,,,,,,,,,"Davis, Letitia A",,,,,,laa104020,letitia davis,Professional and Technical Communication 
ECS,2390,006,8,3,4,,,2,,,,,,,1,,,,1,,"Hernandez-Katz, Melissa M",,,,,,mhkatz,melissa hernandez katz,Professional and Technical Communication 
ECS,2390,007,6,7,2,2,1,,,1,,,,,,,,,,,"Glauser, Janece B",,,,,,jbg130030,janece glauser,Professional and Technical Communication 
ECS,2390,008,4,8,1,3,1,,,,1,,,,,,,,1,,"Glauser, Janece B",,,,,,jbg130030,janece glauser,Professional and Technical Communication 
ECS,2390,009,4,11,2,1,,,,1,,,,,,,,,,,"Mckee-Williams, Candie D",,,,,,cdm230002,candie mckee williams,Professional and Technical Communication 
ECS,2390,010,10,3,1,,3,,1,,,,,1,,,,,,,"Skiles, Bradley W",,,,,,bws150030,bradley skiles,Professional and Technical Communication 
ECS,2390,011,3,14,,2,,,,,,,,,,,,,,,"Mckee-Williams, Candie D",,,,,,cdm230002,candie mckee williams,Professional and Technical Communication 
ECS,2390,012,7,7,1,1,2,,,,,,,,,,,,,,"Glauser, Janece B",,,,,,jbg130030,janece glauser,Professional and Technical Communication 
ECS,2390,013,19,,,,,,,,,,,,,,,,,,"Henderson, Lacey J",,,,,,ljh220001,lacey henderson,Professional and Technical Communication 
ECS,2390,014,,,2,8,2,2,1,1,,,,1,1,,,,,,"Mathur, Shivika",,,,,,sxm170012,shivika mathur,Professional and Technical Communication 
ECS,2390,015,,,,11,4,,2,1,,,,,1,,,,,,"Mathur, Shivika",,,,,,sxm170012,shivika mathur,Professional and Technical Communication 
ECS,2390,016,,6,6,2,2,2,,,,,,,1,,,,,,"Siddiqui, Farah",,,,,,fxs121830,farah siddiqui,Professional and Technical Communication 
ECS,2390,017,,5,7,2,,,,1,1,,1,1,1,,,,,,"Siddiqui, Farah",,,,,,fxs121830,farah siddiqui,Professional and Technical Communication 
ECS,2390,018,9,5,3,1,1,,,,,,,,,,,,,,"Montgomery, Christina F",,,,,,cxm190022,christina montgomery,Professional and Technical Communication 
ECS,2390,019,4,2,4,2,4,1,1,,1,,,,,,,,,,"Johnson, Janet L",,,,,,jlj065000,janet johnson,Professional and Technical Communication 
ECS,2390,020,1,30,12,2,17,1,3,3,1,,,,7,,,,3,,"Scally, Deborah A",,,,,,das,deborah scally,Professional and Technical Communication 
ECS,2390,0H1,7,6,3,1,1,,,,,,,,1,,,,,,"Johnson, Janet L",,,,,,jlj065000,janet johnson,Professional and Technical Communication 
ECS,2390,0H3,5,9,3,2,,,,,,,,,,,,,,,"Hartmann, Jonathan",,,,,,jxh190042,jonathan hartmann,Professional and Technical Communication 
ECS,2390,0H4,10,5,1,1,1,1,,,,,,,,,,,,,"Hernandez-Katz, Melissa M",,,,,,mhkatz,melissa hernandez katz,Professional and Technical Communication 
ECS,2390,0H5,6,8,2,,1,,,,,,,,,,,,1,,"Hartmann, Jonathan",,,,,,jxh190042,jonathan hartmann,Professional and Technical Communication 
ECS,2390,0H6,12,2,2,2,,,,,,,,,,,,,1,,"Hernandez-Katz, Melissa M",,,,,,mhkatz,melissa hernandez katz,Professional and Technical Communication 
ECS,2390,0H7,2,12,,1,1,,,1,,1,,,,,,,1,,"Mckee-Williams, Candie D",,,,,,cdm230002,candie mckee williams,Professional and Technical Communication 
ECS,2390,0H8,9,4,,2,1,1,,2,,,,,,,,,,,"Glauser, Janece B",,,,,,jbg130030,janece glauser,Professional and Technical Communication 
ECS,2390,0H9,6,5,3,1,,1,,1,,,,,,,,,1,,"Glauser, Janece B",,,,,,jbg130030,janece glauser,Professional and Technical Communication 
ECS,2390,0S1,2,12,4,,,,,,,,,,,,,,1,,"Ryan, Christopher J",,,,,,cxr088000,christopher ryan,Professional and Technical Communication 
ECS,2390,0S2,18,1,,,1,,,,,,,,,,,,,,"Montgomery, Christina F",,,,,,cxm190022,christina montgomery,Professional and Technical Communication 
ECS,2390,0W1,,22,21,9,14,1,5,2,3,,,,1,,,,1,,"Ryan, Christopher J",,,,,,cxr088000,christopher ryan,Professional and Technical Communication 
ECS,2390,0W2,1,30,20,10,8,3,1,1,,,2,,3,,,,1,,"Ryan, Christopher J",,,,,,cxr088000,christopher ryan,Professional and Technical Communication 
ECS,2390,0W3,9,46,10,4,5,,,2,,,1,,3,,,,,,"Scally, Deborah A",,,,,,das,deborah scally,Professional and Technical Communication 
ECS,2390,0W4,5,8,3,1,2,,,,,,,,,,,,,,"Schlobohm, Maribeth L",,,,,,mls077000,maribeth (betsy) schlobohm,Professional and Technical Communication 
ECS,2390,0W5,1,8,3,3,,2,,,1,,,,,,,,1,,"Schlobohm, Maribeth L",,,,,,mls077000,maribeth (betsy) schlobohm,Professional and Technical Communication 
ECS,2390,0W6,6,6,3,2,1,,,,,,,,2,,,,,,"Rheams, David C",,,,,,dcr093020,david rheams,Professional and Technical Communication 
ECS,2390,0W7,9,26,15,11,6,5,1,,4,,,,2,,,,,,"Ryan, Christopher J",,,,,,cxr088000,christopher ryan,Professional and Technical Communication 
ECS,2390,0W8,10,4,3,,1,,,,,,,,1,,,,,,"Montgomery, Christina F",,,,,,cxm190022,christina montgomery,Professional and Technical Communication 
ECS,2390,0W9,11,5,3,,,,,,,,,,,,,,,,"Montgomery, Christina F",,,,,,cxm190022,christina montgomery,Professional and Technical Communication 
ECS,2390,501,1,11,4,1,1,,,,,,,,1,,,,,,"Scally, Deborah A",,,,,,das,deborah scally,Professional and Technical Communication 
ECS,2390,502,1,14,1,,1,,1,,,,,,1,,,,,,"Scally, Deborah A",,,,,,das,deborah scally,Professional and Technical Communication 
ECS,2390,503,3,5,4,2,3,1,,,,,,,,,,,1,,"Moore, Lindsay E",,,,,,lem150330,lindsay moore,Professional and Technical Communication 
ECS,2390,504,,2,3,6,2,2,2,,,,,,,,,,,,"Moore, Lindsay E",,,,,,lem150330,lindsay moore,Professional and Technical Communication 
ECS,2390,505,3,8,,3,2,,,,1,,,,2,,,,,,"Scally, Deborah A",,,,,,das,deborah scally,Professional and Technical Communication 
ECS,2390,HN1,8,8,2,1,,,,,,,,,,,,,,,"Hernandez-Katz, Melissa M",,,,,,mhkatz,melissa hernandez katz,Professional and Technical Communication 
ECSC,4V78,001,,,,,,,,,,,,,,17,,,,,"Stewart, Mary Ann C",,,,,,mas051000,,Engineering and Computer Science Internship 
ECSC,5177,001,,,,,,,,,,,,,,,,,,43,"Stewart, Mary Ann C",,,,,,mas051000,,CS IPP Assignment 
ECSC,5179,001,,,,,,,,,,,,,,,,,,25,"Stewart, Mary Ann C",,,,,,mas051000,,ENG IPP Assignment 
ED,3314,501,7,1,1,1,2,,,,,,,,,,,,,,"Riddick, Danielle L",,,,,,dal772625,,The American Public School 
ED,3315,0W1,,8,,1,1,,1,,,,,,,,,,,,"Leek, Patricia A",,,,,,santine,patricia leek,Children s Literature 
ED,3315,0W2,,11,,1,,,,,,,,,,,,,,,"Leek, Patricia A",,,,,,santine,patricia leek,Children s Literature 
ED,3339,0H2,,6,4,,2,1,,,,,,,1,,,,,,"McNeel, Michele E",,,,,,mem210009,michele mcneel,Educational Psychology for Teachers 
ED,3340,501,4,4,,1,1,,,1,,,,,,,,,,,"Le, Brenda",,,,,,bxl075000,,Math Concepts for Teachers 
ED,3342,0H1,1,4,9,1,1,,,,,,,,,,,,,,"Ashmore, Barbara A",,,,,,baa067000,barbara ashmore,Classroom Management Grades EC - 6 
ED,3345,0H1,,10,2,,1,,,,1,,,,2,,,,,,"McNeel, Michele E",,,,,,mem210009,michele mcneel,Art  Music  and Physical Development Grades EC - 6 
ED,3382,501,12,2,1,2,,,,,,,,,,,,,,,"Michener, Nicole L",,,,,,nlm220000,,Curriculum and Instruction in Social Studies 
ED,4301,0W1,3,4,5,4,2,,1,1,,,,,,,,,,,"Simpson, Carrie M",,,,,,cms131030,carrie simpson,Exceptional Populations 
ED,4343,5H1,8,5,1,,,2,,,,,,,,,,,,,"Hennessy, Emily T",,,,,,eft031000,emily hennessy,Science Methods for Grades EC - 6 
ED,4344,501,,9,7,5,4,,,,,,,,,,,,,,"Huisman, Ingrid",,,,,,ibh013000,ingrid huisman,Mathematics Methods for Elementary Teachers 
ED,4345,501,,13,4,3,,,,,,,,,,,,,,,"Weiner, Michelle L",,,,,,mxw051000,michelle weiner,Social Studies Methods for Grades EC - 6 
ED,4351,001,16,3,6,2,2,,,,,,,,,,,,,,"Davis, Renee",,,,,,rrd160530,renee davis,ESL for K-12 Teachers 
ED,4351,501,5,4,2,1,1,,,,,,,,,,,,,,"Davis, Renee",,,,,,rrd160530,renee davis,ESL for K-12 Teachers 
ED,4352,501,,1,2,2,9,1,2,,2,,,1,,,,,,,"McNeel, Michele E",,,,,,mem210009,michele mcneel,Reading I  Learning to Read 
ED,4353,501,12,2,1,1,,,,,,,,,,,1,,,,"Brooks, Lori",,,,,,lxb180004,lori brooks,Reading in Secondary Content 
ED,4357,001,,14,3,,2,,,,,,,1,,,,,,,"Leek, Patricia A",,,,,,santine,patricia leek,Diagnostic Reading 
ED,4361,501,1,4,3,,1,1,,,,,,1,1,,,,,,"Friedman, Meredith K",,,,,,mxk116530,meredith friedman,Classroom Management Secondary 
ED,4363,001,,21,,2,,,,,,1,,,,,,,,,"Leek, Patricia A",,,,,,santine,patricia leek,Reading II ELAR Methods 
ED,4372,5H1,7,4,4,1,1,,,1,1,,1,,,,,,,,"Mahmoud, Ramy A",,,,,,mahmoudr,ramy mahmoud,Educational Technology 
EE,1202,001,4,6,1,1,6,4,3,,1,,,,,,,,,,"Abulaiha, Haifa","Dhole, Sameer R","Nayemuzzaman, Sk","Ahmed, Shakil","Abedin Khan, Mushfiqul",,dal859024,haifa abdulaiha,Introduction to Electrical and Computer Engineering II 
EE,1202,002,12,9,2,1,9,,2,,,,,,2,,,,1,,"Abulaiha, Haifa","Abedin Khan, Mushfiqul","Dhole, Sameer R","Nayemuzzaman, Sk","Ahmed, Shakil",,dal859024,haifa abdulaiha,Introduction to Electrical and Computer Engineering II 
EE,1202,003,5,6,2,4,3,1,2,1,,,,,1,,,,,,"Abulaiha, Haifa","Dhole, Sameer R","Nayemuzzaman, Sk","Ahmed, Shakil","Abedin Khan, Mushfiqul",,dal859024,haifa abdulaiha,Introduction to Electrical and Computer Engineering II 
EE,1202,004,7,9,4,3,1,4,2,3,1,,,,,,,,,,"Abulaiha, Haifa","Dhole, Sameer R","Nayemuzzaman, Sk","Ahmed, Shakil","Abedin Khan, Mushfiqul",,dal859024,haifa abdulaiha,Introduction to Electrical and Computer Engineering II 
EE,2301,001,2,3,4,8,3,1,,2,1,,,,,,,,,,"Lee, Gil S","Neelapureddy, Uttam Reddy",,,,,gslee,gill lee,Electrical Network Analysis 
EE,2301,002,,,,1,1,3,3,,1,,1,,,,,,1,,"Chiu, Yun","kamal, Miriyala p",,,,,yxc101000,yun chiu,Electrical Network Analysis 
EE,2301,501,,,2,3,2,7,1,6,5,,5,,,,,,1,,"Chiu, Yun","Chitale, Akshay A",,,,,yxc101000,yun chiu,Electrical Network Analysis 
EE,2310,001,13,14,5,7,6,,5,2,1,,2,,2,,,,,,"Ahmed, Shaheen","Habibi Dehsheikhi, Mostafa","Eroglu, Omer",,,,sxa176730,shaheen ahmed,Introduction to Digital Systems 
EE,2310,501,7,3,5,2,3,5,1,1,1,,2,,3,,,,,,"Ahmed, Shaheen","Habibi Dehsheikhi, Mostafa","Eroglu, Omer",,,,sxa176730,shaheen ahmed,Introduction to Digital Systems 
EE,3161,051,,17,5,7,6,,,1,,,,,,,,,,,"Mezenner, Rabah","Islam, Farzana",,,,,rxm129730,rabah mezenner,Social Issues and Ethics in Engineering 
EE,3161,091,3,,6,6,11,4,2,,,,,,,,,,,,"Mezenner, Rabah","Islam, Farzana",,,,,rxm129730,rabah mezenner,Social Issues and Ethics in Engineering 
EE,3201,001,2,28,5,2,,1,,,1,,,,,,,,,,"Nikoubin Boroujeni, Tooraj","Hashemi Esmaeilabad, Seyed Saeed","Duraisamy Swamikannan, Lena","Abbasnia, Alma","Jain, Dipali D","Sarker, Nayan",txn190011,tooraj nikoubin,Electrical and Computer Engineering Fundamentals-I Laboratory 
EE,3201,002,2,20,6,2,3,,,,1,,1,,,,,,1,,"Nikoubin Boroujeni, Tooraj","Duraisamy Swamikannan, Lena","Abbasnia, Alma","Jain, Dipali D","Sarker, Nayan",,txn190011,tooraj nikoubin,Electrical and Computer Engineering Fundamentals-I Laboratory 
EE,3202,001,,5,2,2,2,2,,2,4,,,,4,,,,,,"Kiasaleh, Kamran","Tayeb Naimi, Shideh","Mahbub, Mohammed Nahiyan",,,,kamran,kamran kiasaleh,Electrical and Computer Engineering Fundamentals-II Laboratory 
EE,3202,002,6,7,5,5,4,2,1,1,,,2,,,,,,1,,"Ahmed, Shaheen","Tayeb Naimi, Shideh","Mahbub, Mohammed Nahiyan","Uddin, Mohammed Belal",,,sxa176730,shaheen ahmed,Electrical and Computer Engineering Fundamentals-II Laboratory 
EE,3302,501,1,2,2,5,1,2,6,5,2,7,6,1,2,,,,2,,"Panahi, Issa M","Miftah, Samit S",,,,,imp015000,issa panahi,Signals and Systems 
EE,3310,001,,18,7,7,7,6,1,3,2,,1,,,,,,1,,"Tinker, Mark T","Koech, Mercy C","Fahad, Mohammad",,,,mtinker,mark tinker,Electronic Devices 
EE,3310,002,,7,1,1,12,1,,16,,,2,1,5,,,,4,,"Overzet, Lawrence J","Tayab, Sahanah","Fahad, Mohammad",,,,overzet,lawrence overzet,Electronic Devices 
EE,3311,002,3,2,3,9,3,,1,1,5,,1,,1,,,,,,"Liu, Jin","Shen, Shilong",,,,,jinliu,jin liu,Electronic Circuits 
EE,3311,003,1,2,5,6,16,2,3,1,,,,,,,,,,,"Lee, Hoi","Koech, Mercy C",,,,,hxl054000,hoi lee,Electronic Circuits 
EE,3320,001,10,12,9,4,1,1,2,,1,,,,,,,,,,"Pedram, Hossein","Kazemikia, Danial",,,,,hxp220048,hossein pedram,Digital Circuits 
EE,3320,002,3,5,4,3,2,3,2,7,2,,,,2,,1,,4,,"Bhatia, Dinesh K","Balsara, Poras T","Parchamdar, Baharealsadat",,,,dinesh,dinesh bhatia,Digital Circuits 
EE,4204,001,18,23,4,1,,2,,1,,,,,1,,,,1,,"Young, Chadwin D","Neelapureddy, Uttam Reddy","Parvez, Mohammad Salman","Daneshnazar, Milad",,,cdy120030,chadwin young,Electrical and Computer Engineering Laboratory in Devices 
EE,4205,001,3,15,3,2,2,,,1,1,,,,,,,,,,"Akin, Bilal","Sezer, Mustafa Murat","Eissa, Sherif M",,,,bxa123330,bilal akin,Electrical and Computer Engineering Laboratory in Power Electronics and Energy Systems 
EE,4301,001,1,6,1,3,6,1,3,1,,1,,,1,,,,,,"Heins, Matthew S","Afsari, Parisa",,,,,msh130130,matthew heins,Electromagnetic Engineering I 
EE,4301,002,5,7,7,2,5,1,2,2,1,,1,,1,,,,1,,"Mahbub, Ifana","Patwary, Adnan B",,,,,ixm121830,ifana mahbub,Electromagnetic Engineering I 
EE,4303,001,7,8,3,4,3,,,,,,,,,,,,,,"Ghassemi, Mona","Chowdhury, Saikat",,,,,mxg220059,,Fundamentals of Power Systems 
EE,4304,002,,5,3,,1,2,,,,,,,1,,,,,,"Swartz, William P","Kontarinis, Apostolos",,,,,wps100020,william swartz,Computer Architecture 
EE,4310,001,2,1,,,3,3,,1,,,5,,2,,1,,3,,"Ramani, Ramanathan","Srivastava, Amisha",,,,,dal733326,,Systems and Controls 
EE,4310,002,4,14,7,7,5,6,4,3,,,4,,2,,,,,,"Mezenner, Rabah","Mote, Pravin C",,,,,rxm129730,rabah mezenner,Systems and Controls 
EE,4325,001,,9,6,8,2,6,6,3,1,,1,,3,,,,2,,"Sechen, Carl M","Karanika, Athanasia",,,,,cms057000,carl sechen,Introduction to VLSI Design 
EE,4331,001,,18,5,6,,,,,,,,,,,,,1,,"Tamil, Lakshman S","Sonawane, Akshay Bhagwan",,,,,laxman,lakshman tamil,Applied Machine Learning 
EE,4340,001,5,14,,3,8,,4,1,3,,,,1,,,,,,"Liu, Jin","Showrov, Md Shadman Sakib",,,,,jinliu,jin liu,Analog Integrated Circuit Analysis and Design 
EE,4342,001,,2,1,2,3,1,,3,,,,,,,,,,,"Park, Wooram",,,,,,wxp103020,wooram park,Introduction to Robotics 
EE,4367,001,,24,,7,2,7,1,,1,,,,,,,,,,"Fumagalli, Andrea","Rahim, Muhammad Ridwanur",,,,,andreaf,andrea fumagalli,Telecommunication Networks 
EE,4368,001,1,9,1,1,8,,,3,2,,,,,,,,1,,"Lehmann, Randall E","Khan, Salek A",,,,,rel041000,randall lehmann,RF Circuit Design Principles 
EE,4368,002,3,12,1,1,5,,,2,2,,,,,,,,,,"Lehmann, Randall E","Murshed, Abu H",,,,,rel041000,randall lehmann,RF Circuit Design Principles 
EE,4370,001,10,9,7,2,4,3,1,,1,,,1,,,,,,,"Pedram, Hossein","Delaram, Zeinab","Ahmed, Sabrina",,,,hxp220048,hossein pedram,Embedded Systems 
EE,4370,002,2,25,1,,3,1,,1,1,,,,1,,,,1,,"Swartz, William P","Ezechukwu, Dismas N","Delaram, Zeinab",,,,wps100020,william swartz,Embedded Systems 
EE,4388,001,,15,1,1,,,,,,,,,,,,,,,"Tacca, Marco",,,,,,mtacca,marco tacca,Senior Design Project I 
EE,4388,002,,10,4,,1,1,,,,,,,,,,,,,"Skinner, Neal G",,,,,,skinner,neal skinner,Senior Design Project I 
EE,4389,001,1,13,2,,,1,,,1,,,,,,,,,,"Skinner, Neal G",,,,,,skinner,neal skinner,Senior Design Project II 
EE,4389,004,2,11,2,,,,1,,,,,,,,,,,,"Tacca, Marco",,,,,,mtacca,marco tacca,Senior Design Project II 
EE,4389,005,1,12,1,,1,,,,,,,,,,,,,,"Tacca, Marco",,,,,,mtacca,marco tacca,Senior Design Project II 
EECT,6325,001,,7,,5,1,4,1,2,,,,,,,,,,,"Friedman, Joseph S","Qi, Tianxi",,,,,jsf160330,joseph friedman,VLSI Design 
EECT,6326,001,,8,2,7,1,2,,,,,,,,,,,,,"Lee, Hoi","Yao, Yifan",,,,,hxl054000,hoi lee,Analog Integrated Circuit Design 
EECT,7325,0W1,,7,2,6,1,1,,,,,,,,,,,,,"Sechen, Carl M","Feng, Jinkun",,,,,cms057000,carl sechen,Advanced VLSI Design 
EEDG,6301,001,,8,2,,2,,,,,,,,,,,,,,"Swartz, William P","Menon, Anand",,,,,wps100020,william swartz,Advanced Digital Logic 
EEDG,6302,001,,11,1,1,1,1,,,,,,,,,,,,,"Nikoubin Boroujeni, Tooraj","Hashemi Esmaeilabad, Seyed Saeed",,,,,txn190011,tooraj nikoubin,Embedded Systems 
EEDG,6303,001,,1,7,2,1,3,1,2,,,,,,,,,,,"Nourani, Mehrdad",,,,,,nourani,mehrdad nourani,Testing and Testable Design 
EEDG,6304,001,,6,2,1,,1,,,,,,,,,,,,,"Pedram, Hossein","Daneshnazar, Milad",,,,,hxp220048,hossein pedram,Computer Architecture 
EEDG,6306,001,,12,9,,,,,,,,,,,,,,,,"Wang, Alice","Wick, Lucas M",,,,,axw230018,alice wang,Application Specific Integrated Circuits Design 
EEDG,7V81,001,,27,,,1,,,,,,,,,,,,,,"Shamsi, Kaveh",,,,,,kxs200049,kaveh shamsi,Special Topics in Digital Systems 
EEGR,8V70,011,,,,,,,,,,,,,,,,,,15,"Hansen, John H",,,,,,jxh052100,john hansen,
EEGR,8V70,021,,,,,,,,,,,,,,,,,,14,"Fahimi, Babak",,,,,,bxf102000,babak fahimi,
EEGR,8V70,104,,,,,,,,,,,,,,,,,,11,"Ghassemi, Mona",,,,,,mxg220059,mona ghassemi,
EEMF,6321,001,,10,,,,,,,,,,,,,,,,,"Dutta, Sourav",,,,,,sxd230095,,Active Semiconductor Devices 
EEPE,6357,001,,25,3,1,,2,1,,,,,,,,,,,,"Fahimi, Babak","Rafiei, Vahid",,,,,bxf102000,babak fahimi,Control  Modeling and Simulation in Power Electronics 
EEPE,6398,001,,13,3,,1,,,1,,,,,,,,,,,"Gardner, Matthew",,,,,,mcg200004,matthew gardner,General Theory of Electric Machines 
EERF,6311,001,,8,2,3,1,1,,,,,,,,,,,1,,"Saad, Ricardo E","Sah, Pallav Kumar",,,,,rsaad,ricardo saad,RF and Microwave Circuits 
EERF,6330,001,,2,4,4,3,1,1,,,,,,,,,,,,Kenneth K,"Lee, Suhwan",,,,,kxo091000,kenneth,RF Integrated Circuit Design 
EERF,6351,001,,4,1,1,3,1,,,,,,,,,,,,,"Henderson, Rashaunda M",,,,,,rmh072000,rashaunda henderson,Computational Electromagnetics 
EERF,6355,001,,5,2,3,,1,,,,,,,,,,,,,"Saad, Ricardo E","Lin, Jia-Cong",,,,,rsaad,ricardo saad,RF and Microwave Amplifier Design 
EERF,6393,001,,5,4,4,1,,1,,,,,,,,,,,,"Heins, Matthew S",,,,,,msh130130,matthew heins,Microwave Power Amplifiers 
EERF,6395,001,,6,1,,2,,,1,,,,,,,,,,,"Lehmann, Randall E",,,,,,rel041000,randall lehmann,RF and Microwave Systems Engineering 
EESC,6363,001,,3,5,1,1,,,1,,,,,1,,,,,,"Kehtarnavaz, Nasser","Tasnim, Nafisa Zarrin",,,,,nxk019000,nasser kehtarnavaz,Digital Image Processing 
EESC,6395,001,,23,,,,,,,,,,,,,,,,,"Tamil, Lakshman S",,,,,,laxman,lakshman tamil,Wireless Sensor Systems and Networks 
ENGR,2300,001,,10,,,17,,,8,,,2,,1,,,,2,,"Lee, Jung S","Efe, Lutfu E","Jena, Sritam","Patil, Padmapriya","Bahaloo Horeh, Ehsan",,jls032000,jung lee,Linear Algebra for Engineers 
ENGR,2300,002,1,9,,1,12,,,14,4,,3,1,,,,,3,,"Lee, Jung S","Jena, Sritam","Patil, Padmapriya",,,,jls032000,jung lee,Linear Algebra for Engineers 
ENGR,2300,003,1,,2,9,12,4,2,6,3,1,,,1,,,,,,"Mezenner, Rabah","Rana, Lila",,,,,rxm129730,rabah mezenner,Linear Algebra for Engineers 
ENGR,2300,004,7,12,8,4,3,1,5,2,,,,,1,,,,,,"Heins, Matthew S","Shabab, Sarjana",,,,,msh130130,matthew heins,Linear Algebra for Engineers 
ENGR,2300,005,2,23,1,1,8,4,1,1,,,,,,,,,1,,"Ali, Mohammed Z","Rahman, Md Yekra","Guo, Bin",,,,mohammed,ali mohammed,Linear Algebra for Engineers 
ENGR,2300,006,1,24,2,3,12,,1,5,,,,,,,,,1,,"Ali, Mohammed Z","Guo, Bin","Rahman, Md Yekra",,,,mohammed,ali mohammed,Linear Algebra for Engineers 
ENGR,2300,007,2,3,5,4,1,5,2,7,6,,,2,7,,,,2,,"Khoobroo, Amir","Zahedi Moghaddam, Javad",,,,,axk144831,amir khoobroo,Linear Algebra for Engineers 
ENGR,2300,008,,,2,4,10,7,4,4,1,3,1,1,2,,,,1,,"Mezenner, Rabah","Tayab, Sahanah","Mote, Pravin C",,,,rxm129730,rabah mezenner,Linear Algebra for Engineers 
ENGR,2300,009,5,4,4,3,1,3,3,3,1,,,1,11,,,,5,,"Khoobroo, Amir","Bahaloo Horeh, Ehsan","Efe, Lutfu E",,,,axk144831,amir khoobroo,Linear Algebra for Engineers 
ENGR,3300,001,,5,,,15,,,12,5,,6,,,,,,1,,"Lee, Jung S","Tang, Liwen","Sonawane, Akshay Bhagwan",,,,jls032000,jung lee,Advanced Engineering Mathematics 
ENGR,3300,002,,11,,1,23,,1,4,3,,2,,,,,,,,"Lee, Jung S","Tang, Liwen","Sonawane, Akshay Bhagwan",,,,jls032000,jung lee,Advanced Engineering Mathematics 
ENGR,3300,003,3,8,2,3,2,8,1,2,2,2,4,1,2,,,,1,,"Thamban, P L Stephan","Adnan, Sakib","Bhattacharyya, Abhishek",,,,stephan,p l stephan thamban,Advanced Engineering Mathematics 
ENGR,3300,004,12,5,5,3,4,1,2,2,1,1,3,2,1,,,,3,,"Saad, Ricardo E","Rafiei, Vahid","Uddin, Mohammed Belal",,,,rsaad,ricardo saad,Advanced Engineering Mathematics 
ENGR,3300,005,,6,4,2,8,5,1,6,5,,2,2,4,,,,1,,"Vandenberghe, William Gerard Hubert","Baikadi, Pranay Kumar Reddy",,,,,wxv101020,william vandenberghe,Advanced Engineering Mathematics 
ENGR,3300,501,7,5,8,3,2,6,6,3,3,,,,1,,,,,,"Shihab, Rafiul Hossain","Reza, Sakib",,,,,dal246100,rafiul hossain shihab,Advanced Engineering Mathematics 
ENGR,3341,001,3,19,3,8,10,3,2,1,2,,,4,1,,,,2,,"Fonseka, John P","Hewawaduge, Dhanushki B",,,,,kjp,john fonseka,Probability Theory and Statistics 
ENGR,3341,002,2,11,6,8,14,6,1,2,1,,,,,,,,,,"Saquib, Mohammad","Qazi, Srijeet S",,,,,saquib,mohammad saquib,Probability Theory and Statistics 
ENGR,3341,004,6,10,6,3,11,5,1,1,,,1,,,,,,,,"Saquib, Mohammad","Qazi, Srijeet S",,,,,saquib,mohammad saquib,Probability Theory and Statistics 
ENGR,3341,005,2,11,,2,12,,3,13,,,1,,,,,,,,"Ali, Mohammed Z","Hewawaduge, Dhanushki B",,,,,mohammed,ali mohammed,Probability Theory and Statistics 
ENGR,3341,0H1,,6,,4,4,4,3,8,2,1,2,,4,,,,2,,"Gelb, Lev D","Hu, Lifang",,,,,ldg102020,lev gelb,Probability Theory and Statistics 
ENGY,3301,001,,10,10,1,2,,,,,,,,,,,,,,"Sibley, Daniel C","Thota, Saranya",,,,,dcs170002,daniel sibley,Managing Carbon Assets  Oil  Gas  and Coal 
ENGY,3302,001,2,2,2,4,2,,,,,,,,,,,,,,"Frank, Kevin",,,,,,kcf150330,,Managing Power and Renewable Energy Assets  Sustainability 
ENGY,4313,001,,10,4,2,,,,,,,,,,,,,1,,"Sibley, Daniel C","Thota, Saranya",,,,,dcs170002,daniel sibley,Energy Finance 
ENTP,3301,001,1,3,8,5,4,4,,,,,,,,,,,,,"Chen, Qingqing","Tan, Xiaowen",,,,,qxc230004,qingqing chen,Innovation and Entrepreneurship 
ENTP,3301,002,1,2,4,6,8,10,3,2,1,1,,,1,,,,,,"Chen, Qingqing","Tan, Xiaowen",,,,,qxc230004,qingqing chen,Innovation and Entrepreneurship 
ENTP,3301,004,,,2,2,9,3,2,3,1,,1,,,,,,,,"Kimzey, Jackie R",,,,,,jxk092000,jackie kimzey,Innovation and Entrepreneurship 
ENTP,3301,005,2,1,5,1,6,4,2,2,3,,1,,1,,,,,,"Chen, Qingqing","Tan, Xiaowen",,,,,qxc230004,qingqing chen,Innovation and Entrepreneurship 
ENTP,3301,0W1,,23,,,22,,,3,,,,,,,,,,,"Pedigo, Madison F",,,,,,mfp013000,madison pedigo,Innovation and Entrepreneurship 
ENTP,3301,0W2,,10,,,39,,,,,,,,,,,,,,"Pedigo, Madison F",,,,,,mfp013000,madison pedigo,Innovation and Entrepreneurship 
ENTP,3301,501,1,9,12,13,6,1,2,,,1,,,,,,,,,"Nichols, Paul M",,,,,,pxn120030,paul nichols,Innovation and Entrepreneurship 
ENTP,3320,001,4,,2,2,2,,1,,,,1,,,,,,,,"Hoang, Brian",,,,,,bqh150030,,Start-up Launch I 
ENTP,4311,001,,13,23,12,2,2,3,,,,,,,,,,,,"Marcus-Rehtmeyer, Carol","Frias, Noel E",,,,,cxm230023,carol marcus rehtmeyer,Entrepreneurial Strategy and Business Models 
ENTP,4320,501,2,14,33,4,2,3,1,,,,,,,,,,,,"Wright, Kimberly E",,,,,,kes054000,kimberly wright,Small Business Management 
ENTP,4340,501,,4,23,15,6,11,5,,1,,,,,,,,,,"Wright, Robert G","Fickel, Mary","Jadhav, Ankita K",,,,rgw091000,robert wright,Social Sector Entrepreneurship and Community Engagement 
ENTP,4399,001,2,5,,2,1,,,,,,,,,,,,,,"Kumar, Pavan P",,,,,,ppk210001,,Lean Innovation for Public Services 
ENTP,6370,0W1,,14,10,4,10,2,1,5,,,,,1,,,,,,"Kimzey, Jackie R","Huang, Zhangfan",,,,,jxk092000,jackie kimzey,Innovation and Entrepreneurship 
ENTP,6370,501,,5,4,2,5,,,1,,,,,,,,,,,"Evans, David",,,,,,dxe220017,,Innovation and Entrepreneurship 
ENTP,6370,502,,7,1,6,3,4,1,,,,,,,,,,,,"Nichols, Paul M",,,,,,pxn120030,paul nichols,Innovation and Entrepreneurship 
ENTP,6375,001,,1,7,3,,3,,,,,,,,,,,,,"Lee, Seunghyun","Tan, Xiaowen",,,,,sxl029100,,Technology and New Product Development 
ENTP,6375,501,,5,3,3,2,1,,,,,,,,,,,,,"Shah, Rajiv R","Venkumahanti, Rachana S","Chavez Flores, Bruno A",,,,rxs079000,rajiv shah,Technology and New Product Development 
ENTP,6378,001,,5,1,3,1,,,,,,,,,,1,,,,"Malhotra, Vineet",,,,,,dal105496,,Scaling New Ventures 
ENTP,6390,501,,7,3,7,2,1,,,,,,,,,1,,1,,"Nichols, Paul M",,,,,,pxn120030,paul nichols,Business Model Innovation 
ENTP,6394,XH1,,6,5,2,6,,,,,,,,,,,,,,"Kimzey, Jackie R","Huang, Zhangfan",,,,,jxk092000,jackie kimzey,
ENTP,6398,501,,4,4,1,2,,,,,,,,,,,,,,"Shah, Rajiv R",,,,,,rxs079000,rajiv shah,The Corporate Entrepreneurial Experience 
ENTP,6V99,001,,8,5,8,3,1,,,,,,,,,,,,,"Sundararajan, Gowrishankar",,,,,,gxs230030,gowrishankar sundararajan,Special Topics in Entrepreneurship 
ENVR,2302,001,5,,2,1,,3,,,,1,1,,1,,,,,,"Adeuga, Adewole M",,,,,,ama200023,adewole adeuga,The Global Environment 
ENVR,2302,0W1,24,13,8,3,2,2,2,2,,3,,,3,,,,1,,"Ahmed, Md. Nakir","Aboagye, Nicholas",,,,,mxa200006,md nakir ahmed,The Global Environment 
EPCS,2200,001,,28,15,5,3,4,,3,1,,1,,,,,,,,"Aird, Jeanie A",,,,,,jaa140030,jeanie aird,Engineering Projects in Community Service 
EPCS,2200,002,,30,19,4,2,1,,,,1,1,1,,,,,,,"Aird, Jeanie A",,,,,,jaa140030,jeanie aird,Engineering Projects in Community Service 
EPCS,3200,001,,7,4,1,1,,,,,,,,,,,,,,"Aird, Jeanie A",,,,,,jaa140030,jeanie aird,Engineering Projects in Community Service II 
EPCS,3200,002,,12,2,1,,,,,,,,,,,,,1,,"Aird, Jeanie A",,,,,,jaa140030,jeanie aird,Engineering Projects in Community Service II 
EPPS,2301,001,16,6,3,2,1,1,1,,1,,,,5,,,,,,"Parijat, Nabila",,,,,,nxp200017,nabila parijat,Research Design in the Social and Policy Sciences 
EPPS,2301,002,,2,9,3,4,2,1,2,1,,1,,1,,,,1,,"Zhang, Pengfei","Hahm, Kristine J",,,,,pxz220003,pengfei zhang,Research Design in the Social and Policy Sciences 
EPPS,2301,0W1,15,8,9,6,9,7,6,4,3,,,,4,,,,4,,"Kosiewicz, Holly","Hoque, Rafsanul",,,,,hxk200027,holly kosiewicz,Research Design in the Social and Policy Sciences 
EPPS,2302,001,4,7,5,5,2,2,2,,,,,1,1,,,,,,"Brunell, Thomas L","Thakar, Rahul A","Islam, Maria",,,,tlb056000,thomas brunell,Methods of Quantitative Analysis in the Social and Policy Sciences 
EPPS,2302,002,9,8,2,3,2,,,2,2,,,2,1,,,,,,"Bray, Timothy M","Kim, Pyung",,,,,tmb021000,timothy bray,Methods of Quantitative Analysis in the Social and Policy Sciences 
EPPS,2302,003,8,5,2,2,2,,1,,,,,,,,,,,,"Bray, Timothy M","Kim, Pyung",,,,,tmb021000,timothy bray,Methods of Quantitative Analysis in the Social and Policy Sciences 
EPPS,2307,001,1,1,4,6,,2,1,2,,,,,,,,,2,,"Rahman, Muhammad T","Stout, Brennan J","Sonet, M Shahriar",,,,mtr018000,,Digital Earth 
EPPS,2307,002,3,1,,3,1,1,,1,,2,1,,2,,,,2,,"Rahman, Muhammad T","Stout, Brennan J","Sonet, M Shahriar",,,,mtr018000,,Digital Earth 
EPPS,6313,501,,9,1,5,6,,,1,,,,,,,,,2,,"Grover, William C",,,,,,wcg071000,william grover,Introduction to Quantitative Methods 
EPPS,6316,501,,23,7,2,2,,,,,,,,,,,,,,"Krajewski, Andrew T","Yoon, Minyeong","Hull, Kerrie Ann",,,,axk210064,andrew krajewski,Applied Regression 
EPPS,6323,001,,7,3,,2,,,,,,,,,,,,3,,"Ho, Ka-Yiu","Zhao, Xingyuan",,,,,kxh022100,karl ho,Knowledge Mining 
EPPS,6326,501,,8,3,1,,,,1,,,,,,,,,1,,"Tiefelsdorf, Michael R","Lee, Changho","Chowdhury, Yeamin Faria",,,,mrt052000,michael tiefelsdorf,Machine Learning for Socio-Economic and Geo-Referenced Data 
EPPS,6346,001,,9,1,2,,,,,,,,,1,,,,1,,"Gavigan, Brenda B","Haque, Samiul",,,,,bxg210008,brenda gambol,Qualitative Research Methods 
EPPS,6354,001,,9,3,,,,,,,,,,,,,,2,,"Ho, Ka-Yiu","Dao, Minh T",,,,,kxh022100,karl ho,Information Management 
EPPS,7316,001,,6,4,4,,,,,,,,,,,,,,,"Brandt, Patrick T","Jeong, Dohyo",,,,,pxb054000,patrick brandt,Regression and Multivariate Analysis 
FILM,1303,001,10,17,3,5,4,,2,1,,,1,,1,,,,,,"Warren, Shilyh J","Alake, Olaoluwa J",,,,,sjw120030,shilyh warren,Transnational Film and Video 
FILM,1303,002,33,3,,1,1,,,1,,,,,,,,,,,"Martinez Ochoa, Angelica M",,,,,,amm180028,,Transnational Film and Video 
FILM,1303,003,29,6,1,1,,,,,,,,,2,,,,,,"Martinez Ochoa, Angelica M",,,,,,amm180028,,Transnational Film and Video 
FILM,1303,004,3,9,10,6,2,2,,,2,,,,2,,,,1,,"Okwulogu, Maureen",,,,,,mxo190005,maureen okwulogu,Transnational Film and Video 
FILM,2332,001,3,17,11,2,4,1,,,,,1,,1,,,,,,"Cooper, Dalton W",,,,,,dwc200005,dalton cooper,Understanding Film 
FILM,2332,002,17,14,5,,1,,,,,,,,1,,,,1,,"Mahan, Mazyar",,,,,,mxm200090,mazyar mahan,Understanding Film 
FILM,2332,003,19,8,6,,2,1,,2,,,,,1,,,,,,"Wellborn, Brecken H",,,,,,bhw200001,brecken wellborn,Understanding Film 
FILM,2332,004,13,11,5,1,3,1,,1,,,,2,2,,,,,,"Shows, Gregory S",,,,,,gss034000,,Understanding Film 
FILM,2332,005,,11,6,5,4,4,1,1,,,,,,,,,5,,"Ivey, Tinamarie",,,,,,txi210000,tinamarie ivey,Understanding Film 
FILM,2332,0W1,2,23,2,6,3,,3,1,3,1,2,,,,,,3,,"Miles, Caitlin M","Faali, Amine","Hay, Celia",,,,dal714266,caitlin miles,Understanding Film 
FILM,2332,0W2,6,20,4,2,4,1,1,2,1,2,1,,1,,,,1,,"Miles, Caitlin M","Faali, Amine","Hay, Celia",,,,dal714266,caitlin miles,Understanding Film 
FILM,3321,001,4,3,1,2,3,,1,,,,,,1,,,,,,"McLean, Adrienne L",,,,,,amclean,adrienne mclean,Film in Historical Context 
FILM,3326,001,5,2,2,2,,1,,1,,,,,,,,,,,"Prakash, Arya",,,,,,axp200037,arya prakash,World Cinema 
FILM,3342,001,,6,3,,2,,,,,,,,,,,,,,"Berger, Hanno",,,,,,hxb230023,hanno berger,Topics in Film 
FIN,3300,001,,3,8,8,8,6,6,6,6,3,2,,,,,,,,"He, Jianyao",,,,,,jxh180061,,Personal Finance 
FIN,3300,002,,13,4,6,7,7,2,3,,1,,1,1,,,,,,"Varas Greene, Luis Felipe","Ghorbani, Elham",,,,,dal110693,,Personal Finance 
FIN,3300,0W1,,39,,,12,,,2,,,1,,,,,,,,"Lynch, Julie","Khan, Aariz R",,,,,jxl180030,julie lynch,Personal Finance 
FIN,3305,001,3,10,9,6,1,2,2,2,2,,,,1,,,,,,"Lowrance, Daniel S",,,,,,dsl230000,daniel lowrance,Real Estate Principles 
FIN,3305,002,6,14,16,6,3,1,2,,6,,,,1,,,,,,"Lowrance, Daniel S",,,,,,dsl230000,daniel lowrance,Real Estate Principles 
FIN,3320,001,1,6,6,13,17,5,1,,2,,,,3,,,,2,,"Khanapure, Revansiddha B","Bakka, Divya Reddy",,,,,rbk160130,revansiddha khanapure,Business Finance 
FIN,3320,002,,12,4,5,7,4,2,9,,,2,,,,,,3,,"Wang, Pingle","Shah, Dhwani Upnishkumar",,,,,pxw200007,pingle wang,Business Finance 
FIN,3320,003,12,7,8,6,7,3,3,4,2,1,2,2,,,,,,,"Mace, Christopher","Wu, Jie",,,,,cxm200014,christopher mace,Business Finance 
FIN,3320,004,,16,10,8,5,6,,1,2,,,,,,,,1,,"Li, Jun","Fan, Lin",,,,,jxl128031,jun li,Business Finance 
FIN,3320,005,,6,7,4,2,1,2,1,2,1,1,,1,,,,4,,"El-Ashmawi, Amal H",,,,,,ahe013000,amal el ashmawi,Business Finance 
FIN,3320,006,,3,15,7,10,8,1,3,3,,,,1,,,,5,,"Khanapure, Revansiddha B","Bakka, Divya Reddy",,,,,rbk160130,revansiddha khanapure,Business Finance 
FIN,3320,007,11,11,1,2,2,1,5,2,5,1,,,3,,,,3,,"Kurucak, Umit J",,,,,,axk179330,umit kurucak,Business Finance 
FIN,3320,008,3,11,8,5,9,5,,4,1,,,1,,,,,,,"Xiao, Wenjing","Jarugu, Rajeshwar",,,,,swx170030,,Business Finance 
FIN,3320,009,2,18,2,5,2,4,4,4,2,,,,,,,,2,,"Harit, Tuhin",,,,,,txh180026,tuhin harit,Business Finance 
FIN,3320,010,1,11,11,16,10,,,,,,,,,,,,,,"Nguyen, Nam H",,,,,,nhn150030,nam nguyen,Business Finance 
FIN,3320,011,,9,8,4,8,9,,,,,,,1,,,,1,,"Reilly, Christopher P","Zhong, Yaxin",,,,,cxr220013,christopher reilly,Business Finance 
FIN,3320,012,,12,8,7,9,5,3,2,,,2,,1,,,,,,"Reilly, Christopher P","Zhong, Yaxin",,,,,cxr220013,christopher reilly,Business Finance 
FIN,3320,013,2,1,,3,3,2,3,2,2,3,1,1,2,,1,,2,,"Gurun, Ayfer","Shah, Shubham Ajaykumar",,,,,axg119030,ayfer gurun,Business Finance 
FIN,3320,015,14,3,9,8,11,2,2,2,1,2,2,,,,,,,,"Mace, Christopher","Wu, Jie",,,,,cxm200014,christopher mace,Business Finance 
FIN,3320,016,8,1,6,4,7,5,5,5,2,,,,1,,,,2,,"Liu, Jiabin","Bachani, Girish V",,,,,gxb151730,girish bachani,Business Finance 
FIN,3320,017,,11,5,6,1,3,,3,,,1,,2,,,,,,"Li, Jun","Fan, Lin",,,,,jxl128031,jun li,Business Finance 
FIN,3320,501,1,4,3,6,5,9,,,1,,,1,,,,,4,,"Xiao, Wenjing","Jarugu, Rajeshwar",,,,,swx170030,,Business Finance 
FIN,3320,502,1,4,5,9,9,4,1,,,,,,,,,,,,"Nguyen, Nam H",,,,,,nhn150030,nam nguyen,Business Finance 
FIN,3320,503,,15,,5,4,5,,9,2,,3,,,,,,5,,"Wang, Pingle","Shah, Dhwani Upnishkumar",,,,,pxw200007,pingle wang,Business Finance 
FIN,3320,504,1,4,1,2,3,2,2,1,,1,,,,,,,1,,"Kurucak, Umit J",,,,,,axk179330,umit kurucak,Business Finance 
FIN,3320,HON,,22,2,2,4,4,1,,,,,,,,,,1,,"Wang, Pingle","Shah, Dhwani Upnishkumar",,,,,pxw200007,pingle wang,
FIN,3340,001,2,32,11,5,9,1,,,,,,,,,,,,,"Lewin, Peter","Konda, Ravi Kiran Reddy",,,,,plewin,peter lewin,Regulation of Business and Financial Markets 
FIN,3350,001,,13,6,5,7,2,2,6,,,2,1,2,,,,,,"Xia, Han","Mei, Zhiming",,,,,hxx110930,han xia,Financial Markets and Institutions 
FIN,3350,002,,7,4,6,4,3,,3,,,,2,1,,,,1,,"Xia, Han","Mei, Zhiming",,,,,hxx110930,han xia,Financial Markets and Institutions 
FIN,3358,001,,2,3,1,2,1,,,1,2,,,3,,,,1,,"Lowrance, Daniel S",,,,,,dsl230000,daniel lowrance,Real Estate Markets and Investments 
FIN,3360,001,,4,4,3,6,2,3,3,,,,,,,,,,,"Park, Haemin","Shah, Shubham Ajaykumar",,,,,hxp174230,haemin park,Entrepreneurial Finance 
FIN,3360,002,,2,6,3,10,14,8,3,,,1,,,,,,,,"Park, Haemin","Shah, Shubham Ajaykumar",,,,,hxp174230,haemin park,Entrepreneurial Finance 
FIN,3365,001,1,1,5,1,2,,1,,,,,,,,,,1,,"Zale, Daniel B",,,,,,dxz230002,daniel zale,Real Estate Finance and Principles 
FIN,3370,001,9,12,12,6,4,,1,1,,1,,,2,,,,1,,"Ravindran, Kannoo","Perum, Mounika",,,,,dal839044,kannoo ravindran,Principles of Risk Management and Insurance 
FIN,3370,002,1,4,3,5,4,3,4,2,3,,,,4,,,,1,,"Kaplan, Larry S",,,,,,lsk140130,larry kaplan,Principles of Risk Management and Insurance 
FIN,3380,001,1,4,3,7,9,5,5,3,,1,1,1,1,,1,,,,"Gurun, Ayfer","Shah, Shubham Ajaykumar",,,,,axg119030,ayfer gurun,International Financial Management 
FIN,3380,002,1,,1,1,4,5,3,1,,3,1,,1,,,,1,,"Gurun, Ayfer","Shah, Shubham Ajaykumar",,,,,axg119030,ayfer gurun,International Financial Management 
FIN,3390,001,7,3,9,3,2,4,3,2,4,5,,,7,,,,,,"Kaur, Dupinderjeet","Rane, Manas Mukesh","Dudhat, Shail M",,,,dxk110730,dupinderjeet kaur,Introduction to Financial Modeling 
FIN,3390,002,10,5,5,4,2,4,3,2,4,5,,,2,,,,1,,"Kaur, Dupinderjeet","Rane, Manas Mukesh",,,,,dxk110730,dupinderjeet kaur,Introduction to Financial Modeling 
FIN,3390,003,18,2,2,5,5,2,2,4,2,,,2,4,,,,1,,"Nishi, Hirofumi","Nakkeeran, Aravindhan",,,,,hxn210016,,Introduction to Financial Modeling 
FIN,3390,004,8,5,4,3,2,7,2,2,3,4,,,4,,,,,,"Kaur, Dupinderjeet","Rane, Manas Mukesh",,,,,dxk110730,dupinderjeet kaur,Introduction to Financial Modeling 
FIN,3390,501,6,3,3,5,7,4,5,4,2,1,,,7,,,,,,"Nishi, Hirofumi","Nakkeeran, Aravindhan",,,,,hxn210016,,Introduction to Financial Modeling 
FIN,3395,501,,15,12,10,12,10,,,,,,,,,,,1,,"Noland, Jeffrey S",,,,,,jxn125330,jeff noland,Financial Modeling and Valuation 
FIN,4080,091,,,,,,,,,,,,,,27,,,,,"Nishi, Hirofumi",,,,,,hxn210016,hirofumi nishi,
FIN,4300,001,5,3,7,4,7,9,7,1,5,1,4,2,1,,,,3,,"Tang, Xiaoxiao","Chai, Maoyuan","Sadeghi, Ali",,,,xxt180003,xiaoxiao tang,Investment Management 
FIN,4300,002,2,3,10,20,8,3,,1,,,,,,,,,1,,"Khanapure, Revansiddha B","Bakka, Divya Reddy",,,,,rbk160130,revansiddha khanapure,Investment Management 
FIN,4300,003,7,7,5,8,3,6,6,,2,,1,,2,,,,1,,"Tang, Xiaoxiao","Chai, Maoyuan","Sadeghi, Ali",,,,xxt180003,xiaoxiao tang,Investment Management 
FIN,4300,501,6,4,5,5,4,6,2,5,,2,2,2,,,,,2,,"Tang, Xiaoxiao","Chai, Maoyuan","Sadeghi, Ali",,,,xxt180003,xiaoxiao tang,Investment Management 
FIN,4303,001,1,7,9,7,2,4,4,3,1,,1,,1,,,,,,"Ballew, Gregory","Budhwani, Rifat Umid",,,,,geb011100,gregory ballew,Investment Strategies 
FIN,4307,001,3,7,5,3,8,,,4,,,,,,,,,,,"Xiao, Wenjing","Jarugu, Rajeshwar",,,,,swx170030,,Private Equity 
FIN,4310,001,,3,2,3,3,1,2,1,,,3,2,4,,,,,,"Zhong, Hongda","Zhang, Qiyan",,,,,hxz230006,hongda zhong,Intermediate Financial Management 
FIN,4310,002,,3,3,3,3,4,1,2,1,,3,,3,,,,,,"Zhong, Hongda","Zhang, Qiyan",,,,,hxz230006,hongda zhong,Intermediate Financial Management 
FIN,4310,003,1,2,4,4,3,1,3,1,2,,3,4,4,,,,1,,"Zhong, Hongda","Zhang, Qiyan",,,,,hxz230006,hongda zhong,Intermediate Financial Management 
FIN,4310,004,2,6,7,4,6,8,7,3,,,,,1,,,,3,,"Harit, Tuhin",,,,,,txh180026,tuhin harit,Intermediate Financial Management 
FIN,4332,001,,2,4,8,7,7,,1,,,,,,,,,,,"Haynes, Steven",,,,,,sxh102420,steven haynes,Commercial Property Risk Management and Insurance 
FIN,4333,001,,5,6,3,,,,,,,,,,,,,1,,"Haynes, Steven",,,,,,sxh102420,steven haynes,Enterprise Risk Management 
FIN,4334,001,1,1,1,1,,,,,1,,,,5,,,,,,"Kaplan, Larry S",,,,,,lsk140130,larry kaplan,Insurance Law and Contracts 
FIN,4337,501,3,5,4,,1,2,,1,,,,,,,,,,,"Ballew, Gregory","Radhakrishnan, Shivani",,,,,geb011100,gregory ballew,Business Valuation 
FIN,4338,001,,7,15,4,3,3,,,,1,,,,,,,,,"Ravindran, Kannoo","Perum, Mounika",,,,,dal839044,kannoo ravindran,Foundations of Risk Analytics and Applications 
FIN,4340,001,2,11,5,8,5,,,1,,,,,,,,,1,,"Zhao, Feng","Hu, Jiawei",,,,,fxz082000,feng zhao,Options and Futures Markets 
FIN,4345,001,2,15,12,4,7,3,2,1,,1,,,,,,,,,"Ma, Liping","Soni, Raj P",,,,,lxm133730,liping ma,Financial Information and Analysis 
FIN,4354,001,1,4,16,6,3,,,,,,1,,,,,,,,"Haynes, Steven","Abdul Haq, Zaid",,,,,sxh102420,steven haynes,Cybersecurity Risk Management 
FIN,4390,001,31,12,,1,,,,,,,,,,,,,,,"Ravindran, Kannoo",,,,,,dal839044,kannoo ravindran,Seminar Series in Finance 
FIN,4395,001,,6,4,5,,1,,2,,,,,2,,,,,,"Rebello, Michael J",,,,,,mjr071000,michael rebello,Capstone Senior Project - Finance 
FIN,4395,002,4,5,2,,6,4,1,1,,3,,,1,,,,,,"Baranchuk, Nina",,,,,,nxb043000,nina baranchuk,Capstone Senior Project - Finance 
FIN,4395,003,2,2,6,3,2,1,1,,,,,,,,,,,,"Baranchuk, Nina",,,,,,nxb043000,nina baranchuk,Capstone Senior Project - Finance 
FIN,4V80,003,,,,,,,,,,,,,,22,,,,,"Nishi, Hirofumi",,,,,,hxn210016,hirofumi nishi,
FIN,4V80,093,,,,,,,,,,,,,,18,,,,,"Nishi, Hirofumi",,,,,,hxn210016,hirofumi nishi,
FIN,6301,001,,7,13,12,8,4,,,,,,,,,,,,,"Nanda, Vikram K","Sadeghi, Ali",,,,,vkn150030,vikram nanda,Financial Management 
FIN,6301,0W1,,24,13,5,6,1,4,4,,,,,5,,,,4,,"Nishi, Hirofumi","Nakkeeran, Aravindhan",,,,,hxn210016,,Financial Management 
FIN,6301,AW1,,19,2,2,,1,,1,,,,,1,,,,1,,"Reichert, Carolyn A",,,,,,carolyn,carolyn reichert,
FIN,6301,GW1,,10,,2,1,,,,,,,,1,,,,,,"Reichert, Carolyn A",,,,,,carolyn,carolyn reichert,
FIN,6301,MBP,,9,5,3,4,2,2,1,,,,,,,,,,,"Reichert, Carolyn A",,,,,,carolyn,carolyn reichert,
FIN,6307,0W1,,12,8,3,8,6,,2,,,,,1,,,,,,"Ma, Liping","Soni, Raj P",,,,,lxm133730,liping ma,Mathematical Methods for Finance 
FIN,6307,501,,6,7,3,1,1,,,,,,,1,,,,1,,"Ma, Liping","Soni, Raj P",,,,,lxm133730,liping ma,Mathematical Methods for Finance 
FIN,6308,0W1,,13,8,3,6,3,2,,,,,,,,,,,,"Lewin, Peter","Konda, Ravi Kiran Reddy",,,,,plewin,peter lewin,Regulation of Business and Financial Markets 
FIN,6310,001,,6,7,5,2,,,,,,,,,,,,1,,"Nanda, Vikram K","Sadeghi, Ali",,,,,vkn150030,vikram nanda,Investment Theory and Practice 
FIN,6318,501,,4,5,1,2,2,,1,,,,,1,,,,3,,"Baranchuk, Nina","Keith, Jackson K","Sadeghi, Ali",,,,nxb043000,nina baranchuk,Analytics of Finance 
FIN,6321,0W1,,20,2,,3,,1,1,,,,,,,,,1,,"Lynch, Julie","Khan, Aariz R",,,,,jxl180030,julie lynch,Introduction to Real Estate 
FIN,6321,0W2,,31,2,1,2,,,,,,,,,,,,,,"Lynch, Julie","Khan, Aariz R",,,,,jxl180030,julie lynch,Introduction to Real Estate 
FIN,6325,501,,9,5,5,4,1,,,,,,,,,,,,,"Xia, Han","Mei, Zhiming",,,,,hxx110930,han xia,Macroeconomics and Financial Markets 
FIN,6335,501,,54,14,2,,1,,,,,,,,,,,1,,"Sibley, Daniel C",,,,,,dcs170002,daniel sibley,Energy Finance 
FIN,6336,501,,24,12,3,1,,,,,,,,,,,,,,"Sibley, Daniel C",,,,,,dcs170002,daniel sibley,Analysis of Financial Data in the Energy Industries 
FIN,6352,501,,9,1,7,7,8,1,3,,,,,,,1,,2,,"Varas Greene, Luis Felipe","Ghorbani, Elham",,,,,dal110693,,Financial Modeling for Valuation 
FIN,6353,501,,10,28,12,2,4,1,2,,,,,,,,,1,,"Zhang, Huibing","Hu, Jiawei",,,,,hxz054000,huibing harold zhang,Financial Modeling for Investment Analysis 
FIN,6360,001,,31,7,2,,2,,,,,,,,,,,,,"Kaur, Dupinderjeet","Rane, Manas Mukesh",,,,,dxk110730,dupinderjeet kaur,Derivatives Markets 
FIN,6360,0W1,,9,4,4,1,,,,,,,,,,,,,,"Zhao, Feng","Hu, Jiawei",,,,,fxz082000,feng zhao,Derivatives Markets 
FIN,6368,001,,8,5,2,1,,,,,,,,,,,,1,,"Ma, Liping","Soni, Raj P",,,,,lxm133730,liping ma,Financial Information and Analysis 
FIN,6392,0W1,,3,4,3,3,,,1,,,,,,,,,,,"Zheng, Zhiqiang",,,,,,zxz062000,zhiqiang zheng,Financial Technology and Blockchain 
FIN,6V98,001,,,,,,,,,,,,,,,,,,20,"Reichert, Carolyn A",,,,,,carolyn,carolyn reichert,
FTEC,6311,F01,,5,5,2,,,,,,,,,,,,,,,"Scott, James",,,,,,jas076100,james scott,
FTEC,6314,F01,,11,,,6,,,,,,,,,,,,,,"Bourji, Mohamad A",,,,,,,mohamad bourji,
FTEC,6V98,F01,,,,,,,,,,,,,,,,,,10,"Kieschnick, Robert L",,,,,,rkiesch,robert kieschnick,
FTEC,6V99,F01,,7,4,3,1,1,,,,,,,,,,,,,"Song, Liugen",,,,,,lxs190018,liugen song,
FTEC,6V99,F02,,6,2,4,,,,,,,,,,,,,,,"Sanderson, Scott R","Ayres, Jeffrey A",,,,,,scott sanderson,
FTEC,6V99,F04,,4,2,6,,,,,,,,,,,,,,,"Haynes, Steven",,,,,,sxh102420,steven haynes,
FTEC,6V99,F05,,11,,,1,,,,,,,,,,,,,,"Zemoodeh, Amir",,,,,,axz120930,amir zemoodeh,
GEOG,2302,0W1,13,7,5,3,2,,4,1,,1,,1,3,,,,,,"Ahmed, Md. Nakir","Aboagye, Nicholas",,,,,mxa200006,md nakir ahmed,The Global Environment 
GEOG,2303,001,11,,,,1,1,,,,,,,3,,,,,,"Conway, Crystal M",,,,,,cmc210002,crystal conway,World Regional Geography 
GEOG,2303,0W1,,4,13,9,5,6,4,7,3,,,1,4,,,,2,,"Davenport, Miranda J","Osondu, Stanley E",,,,,mjd140030,miranda davenport,World Regional Geography 
GEOG,3372,001,5,2,6,5,1,1,2,,,,,,1,,,,,,"Rahman, Muhammad T","Rahman, Mahbubur",,,,,mtr018000,,Population and Development 
GEOS,1303,0W1,75,70,17,21,18,14,6,8,2,3,3,,13,,1,,1,,"Pujana, Ignacio","Griffin, William R",,,,,pujana,ignacio pujana,Physical Geology 
GEOS,1303,501,16,5,4,,,,,1,2,,1,,,,,,,,"Griffin, William R","Mone, Arajoo J",,,,,griffin,william griffin,Physical Geology 
GEOS,2302,001,4,,,2,1,,,1,,,,1,,,1,,,,"Adeuga, Adewole M",,,,,,ama200023,adewole adeuga,The Global Environment 
GEOS,2302,0W1,7,8,2,5,2,2,2,1,,1,,,6,,,,1,,"Ahmed, Md. Nakir","Aboagye, Nicholas",,,,,mxa200006,md nakir ahmed,The Global Environment 
GEOS,2307,001,2,1,3,4,1,5,2,1,,2,,,1,,,,,,"Rahman, Muhammad T","Stout, Brennan J","Sonet, M Shahriar",,,,mtr018000,,Digital Earth 
GEOS,2310,0W1,3,8,1,3,5,4,,3,,,2,,1,,,,2,,"Brikowski, Thomas H","Karimi, Fatemeh",,,,,brikowi,tom brikowski,Environmental Geology 
GEOS,3000,0S1,,,,,,,,,,,,,,12,,,,,"Sickmann, Zachary",,,,,,zxs220011,zachary sickmann,
GEOS,3310,001,2,1,3,1,1,2,,,,,,,,,,,,,"Igonin, Nadine","Castillo Taborda, Emmanuel David",,,,,nxi230006,,Environmental Geophysics 
GEOS,3434,001,3,7,2,1,3,,,3,,,,,1,,1,,,,"Pujana, Ignacio","Dodds, Henry R",,,,,pujana,ignacio pujana,Paleobiology 
GEOS,3470,001,3,1,4,1,,3,3,2,,,1,1,1,,,,,,"Pirouz, Mortaza","Abayomi, Ayodele A","Ahmad, Muhammad M",,,,mxp180004,mortaza pirouz,Structural Geology 
GEOS,4322,001,6,6,2,2,,,1,,,,,,,,,,,,"Sickmann, Zachary",,,,,,zxs220011,zachary sickmann,The Earth System 
GEOS,4390,001,6,3,2,1,1,,,,,,,,2,,1,,,,"Yurchenko, Inessa","Abayomi, Ayodele A",,,,,ixy220003,,Communication in Earth Sciences 
GEOS,5305,001,,15,,,,,,,,,,,,,,,,,"Waite, Lowell",,,,,,lxw180012,,Petroleum Geosciences 
GEOS,5314,001,,8,,2,1,2,,,,,,,,,,,,,"Brikowski, Thomas H","Mesbah, Niloofar",,,,,brikowi,tom brikowski,Climate Change Resilience and Adaptation 
GISC,2307,001,1,,2,2,1,1,,1,,,,1,,,,,1,,"Rahman, Muhammad T","Stout, Brennan J","Sonet, M Shahriar",,,,mtr018000,,Digital Earth 
GISC,2309,001,,9,,,1,,,1,,,,,1,,,,,,"Gamarra Pacheco, Jose A",,,,,,jag220006,jose gamarra pacheco,Principles of Geospatial Information Sciences 
GISC,4386,001,2,1,6,3,1,,,,,,,,,,,,,,"Rahman, Muhammad T","Rahman, Mahbubur",,,,,mtr018000,,Climate Change and Sustainable Solutions 
GISC,6323,501,,3,4,1,2,,,,,,,,,,,,,,"Tiefelsdorf, Michael R","Lee, Changho","Chowdhury, Yeamin Faria",,,,mrt052000,michael tiefelsdorf,Machine Learning for Socio-Economic and Geo-Referenced Data 
GISC,6328,001,,19,1,1,,1,,,,,,,,,,,,,"Qiu, Fang","Chen, Hao",,,,,ffqiu,fang qiu,Drone and Remote Sensing 
GISC,6384,001,,16,,1,,,,,,,,,1,,,,,,"Qiu, Fang","Tian, Shuang",,,,,ffqiu,fang qiu,Advanced Geographic Information Systems 
GOVT,2305,001,23,88,36,20,11,8,4,3,2,,,1,5,,,,,,"Park, Yeon Soo","Tao, Jing",,,,,dal602778,yeon soo park,American National Government 
GOVT,2305,002,11,43,32,17,14,3,2,2,1,1,,,,,,,1,,"Park, Yeon Soo","Tao, Jing",,,,,dal602778,yeon soo park,American National Government 
GOVT,2305,003,,8,6,15,,7,5,4,,6,2,,2,,,,2,,"Sharpe, Conrad M","Wang, Ariel A","Shafiq, Sadman",,,,dal601554,conrad sharpe,American National Government 
GOVT,2305,004,6,37,30,70,,46,15,16,,26,5,3,10,,,,6,,"Sharpe, Conrad M","Wang, Ariel A","Shafiq, Sadman",,,,dal601554,conrad sharpe,American National Government 
GOVT,2305,501,6,10,11,35,,6,7,6,,4,3,3,7,,,,2,,"Sharpe, Conrad M","Wang, Ariel A","Shafiq, Sadman",,,,dal601554,conrad sharpe,American National Government 
GOVT,2305,HN1,17,1,3,3,,,,,,,,,,,,,,,"Miller, Banks P","Widner, Katie",,,,,bxm093000,banks miller,American National Government 
GOVT,2306,001,,91,70,24,23,11,3,9,2,2,,2,5,,,,1,,"Santoro, Lauren A","Sarker, Poulami",,,,,lar170530,lauren santoro,State and Local Government 
GOVT,2306,002,,260,34,5,,,,,,1,,,,,,,,,"Elliott, Euel W","Hughes, Ethan",,,,,eelliott,euel elliott,State and Local Government 
GOVT,2306,003,1,4,8,9,5,4,2,2,1,1,,,2,,,,,,"Bram, Curtis","Cincotta, Mamie G",,,,,cxb230007,curtis bram,State and Local Government 
GOVT,2306,004,5,23,44,25,26,18,8,8,4,1,1,2,9,,,,,,"Medhi, Kashmiri","Yin, Huiyan",,,,,kxm190003,kashmiri medhi,State and Local Government 
GOVT,2306,005,7,27,61,27,20,19,6,6,3,2,,1,11,,,,2,,"Medhi, Kashmiri","Singh, Avinash K",,,,,kxm190003,kashmiri medhi,State and Local Government 
GOVT,2306,006,,253,35,1,1,1,,,4,,,1,,,,,,,"Elliott, Euel W","Hughes, Ethan",,,,,eelliott,euel elliott,State and Local Government 
GOVT,2306,501,5,94,59,26,10,11,5,3,5,3,1,2,3,,,,2,,"Park, Yeon Soo","Chowdhry, Shivani",,,,,dal602778,yeon soo park,State and Local Government 
GOVT,2306,HN1,,17,5,2,1,,,,,,,,,,,,,,"Elliott, Euel W","Scotch, Richard K","Hughes, Ethan",,,,eelliott,euel elliott,State and Local Government 
GOVT,2306,HN2,8,10,4,,,1,,,,,,,,,,,,,"Montgomery, Joshua P",,,,,,jpm130430,joshua montgomery,State and Local Government 
GOVT,2306,HN3,16,6,1,,,,,,,1,,,,,,,,,"Montgomery, Joshua P",,,,,,jpm130430,joshua montgomery,State and Local Government 
GOVT,2306,HN4,15,7,2,1,,,,,,,,,,,,,,,"Montgomery, Joshua P",,,,,,jpm130430,joshua montgomery,State and Local Government 
GOVT,2306,HN5,10,4,,1,1,1,,,1,1,,,,,,,,,"Montgomery, Joshua P",,,,,,jpm130430,joshua montgomery,State and Local Government 
GST,2300,001,,6,7,10,2,1,,,,,,,2,,,,,,"Werhnyak, Larissa",,,,,,lxw163630,larissa werhnyak,Introduction to Gender Studies 
HCS,6313,002,,5,5,1,3,,,1,,,,,,,,,,,"Ackerman, Robert A","Foster, Sarah",,,,,raa110030,robert ackerman,Intermediate Research Methods in Behavioral and Brain Sciences - Part II 
HCS,6315,001,,10,2,2,1,,,,,,,,,,,,,,"Kolber, Benedict J",,,,,,bjk200001,benedict kolber,Scientific and Grant Writing 
HCS,6317,001,,9,,,,,,,,,,,,,,,1,,"Yoon, Leehyun",,,,,,lxy230006,leehyun yoon,Research Methods in Psychology 
HCS,6319,001,,8,2,,,,,,,,,,,,,,,,"Jahn, Kelly N",,,,,,kxj210014,,Scientific Writing 
HCS,6338,001,,13,,,6,,,,,,,,,,,,,,"Kennedy, Kristen M","Sherard, Glenn H",,,,,kmk082000,kristen kennedy,Functional Neuroanatomy 
HCS,6346,001,,5,,,5,,,1,,,,,,,,,,,"Thorn, Catherine A",,,,,,cat170002,catherine thorn,Systems Neuroscience 
HCS,7121,001,,,,,,,,,,,,,1,,,,,49,"Sadler, Katelyn E",,,,,,kes220000,,Graduate Seminar in Systems Neuroscience 
HDCD,6390,001,,12,1,,,,,,,,,,,,,,,,"Aviles, Natalie",,,,,,nrb170000,,Infant Mental Health 
HDCD,6V20,001,,,,,,,,,,,,,,,,,,10,"Aviles, Natalie",,,,,,nrb170000,,Practicum Internship in Early Childhood Disorders 
HIST,1301,001,7,33,50,30,27,20,8,8,7,3,6,1,17,,,,10,,"Schulze, Jeffrey M","Armstrong, Jennifer J","Tijani, Kehinde O","Turner, Joey A","Leon Dubon, Saul V","Bengaro, Sabro",jxs072200,jeffrey schulze,U S  History Survey to Civil War 
HIST,1302,001,13,31,45,42,39,26,5,7,7,1,2,2,9,,,,6,,"Schulze, Jeffrey M","Armstrong, Jennifer J","Tijani, Kehinde O","Leon Dubon, Saul V","Turner, Joey A",,jxs072200,jeffrey schulze,U S  History Survey from Civil War 
HIST,1302,002,46,46,53,16,23,26,5,3,5,,1,,8,,,,2,,"Flippen, John B","Sadeghi, Maryam","Seidl-Staley, Ash J","Simmons, Angie M","Zhang, Shengxin",,jbf230002,john flippen,U S  History Survey from Civil War 
HIST,1302,501,28,31,,4,1,,,,,,1,,3,,,,1,,"Pettengill, Ryan S","Kalkanli, Ogulcan",,,,,rsp120030,ryan pettengill,U S  History Survey from Civil War 
HIST,2330,001,21,50,43,25,29,17,11,12,8,2,1,5,7,,,,5,,"Ring, Natalie J","Lakhani, Brenda L","Cummings, Clayton","Weirich, Kaitlyn A","Vecchio, Anthony",,njr041000,natalie ring,Themes and Ideas in American History 
HIST,2330,002,,3,3,,4,4,3,2,2,,2,,2,,,,5,,"Wickberg, Daniel B",,,,,,wickberg,daniel wickberg,Themes and Ideas in American History 
HIST,2341,001,,7,10,12,15,7,3,6,1,1,2,,2,,,,1,,"Farmer, J Michael",,,,,,jmf073000,michael farmer,East Asian Civilizations 
HIST,2341,HN1,,15,6,2,2,1,,1,,,,,1,,,,,,"Farmer, J Michael",,,,,,jmf073000,michael farmer,East Asian Civilizations 
HIST,2350,001,,11,4,1,6,1,2,3,1,1,2,,4,,,,2,,"Rankin, Monica A",,,,,,mar046000,monica rankin,Latin American Civilizations 
HIST,2381,001,19,32,24,16,9,3,9,3,,1,,1,2,,,,,,"Hill, Kimberly D","Rufino, Maria E","Hill, Travis B",,,,kdh140430,kimberly hill,African-American History 
HIST,3301,501,,8,4,,1,,,,,,,,1,,1,,1,,"Wilson, Michael L",,,,,,mwilson,michael wilson,Historical Inquiry 
HIST,3305,0W1,,6,13,1,3,,,1,,1,,,,,,,,,"Pfister, Debra H",,,,,,dhpf,debra pfister,War and Genocide in the 20th Century 
HIST,3305,501,1,4,7,2,,1,,1,,,,,2,,,,1,,"Pfister, Debra H",,,,,,dhpf,debra pfister,War and Genocide in the 20th Century 
HIST,3310,001,1,4,,1,5,1,,,,,1,,,,,,,,"Li, En",,,,,,exl230012,en li,Modern East Asia 
HIST,3315,001,2,4,1,,3,1,,1,,,,1,1,,,,,,"Li, En",,,,,,exl230012,en li,Modern China 
HIST,3320,001,6,15,4,2,,1,,,,,,,,,1,,,,"Wilson, Michael L",,,,,,mwilson,michael wilson,Modern Europe 
HIST,3328,001,4,3,3,1,,2,1,1,,,,,,,,,,,"Tsou, Jonathan Y",,,,,,jxt220028,jonathan tsou,History and Philosophy of Science and Medicine 
HIST,3346,001,4,9,4,5,1,1,,,,,,,1,,,,,,"Admiral, Rosemary G",,,,,,rxa170011,rosemary admiral,Medieval Islamic World 
HIST,3350,001,1,6,2,,1,,,,,,,,3,,,,1,,"Wright, Ben",,,,,,bxw151330,ben wright,Topics in History 
HIST,4323,001,,4,,,3,3,,1,,,,,2,,,,2,,"Farmer, J Michael",,,,,,jmf073000,michael farmer,Topics in Premodern Asian History 
HIST,4377,001,,9,2,,2,,,1,,,,1,1,,,,1,,"Schlereth, Eric R",,,,,,exs082000,eric schlereth,Topics in Early American History 
HIST,4381,001,2,4,,2,2,,,2,1,,,,1,,,,,,"Hill, Kimberly D",,,,,,kdh140430,kimberly hill,Topics in Comparative History 
HIST,4390,001,,3,6,2,2,,3,,,,,,1,,,,,,"Wickberg, Daniel B",,,,,,wickberg,daniel wickberg,History Capstone Project 
HIST,6339,001,,8,1,1,,,,,,,,,,,,,,,"Wright, Ben",,,,,,bxw151330,ben wright,North American History 
HIST,6342,001,,11,,1,,,,,,,,,,,,,,,"Patterson, David A",,,,,,dxp103120,david patterson,The Holocaust 
HLTH,1100,001,,16,48,45,42,30,22,8,7,1,2,,5,,,,11,,"Byrnes, Kathleen A",,,,,,kab019000,kathleen byrnes,Career Explorations for the Health Professions 
HLTH,1301,001,3,6,8,,,2,,,,,,,,,,,,,"Goudy, Leah S",,,,,,lsg240000,leah goudy,Introduction to Kinesiology 
HLTH,1301,002,2,12,12,7,1,1,,,,,,,,,,,,,"Goudy, Leah S",,,,,,lsg240000,leah goudy,Introduction to Kinesiology 
HLTH,1301,0W1,4,6,5,1,,,,,,,,,,,,,,,"Goudy, Leah S",,,,,,lsg240000,leah goudy,Introduction to Kinesiology 
HLTH,1322,0W1,,38,,1,1,,,,,,,,,,,,,,"Mcbride, Rachael L",,,,,,rlp019100,rachael mcbride,Human Nutrition 
HLTH,1322,0W2,,34,,,5,,,1,,,,,1,,,,,,"Mcbride, Rachael L",,,,,,rlp019100,rachael mcbride,Human Nutrition 
HLTH,3101,0W1,,145,,,2,,,1,,,,,1,,,,,,"Sandon, Lona",,,,,,lxs095000,lona sandon,Medical Terminology 
HLTH,3101,0W2,,145,,,3,,,,,,1,,,,,,,,"Sandon, Lona",,,,,,lxs095000,lona sandon,Medical Terminology 
HLTH,3101,0W3,,74,,,1,,,,,,,,,,,,,,"Sandon, Lona",,,,,,lxs095000,lona sandon,Medical Terminology 
HLTH,3101,0W4,,66,,,5,,,,,,,,,,,,,,"Sandon, Lona",,,,,,lxs095000,lona sandon,Medical Terminology 
HLTH,3301,001,,1,4,2,1,6,1,3,6,,2,,1,,,,,,"Byrnes, Kathleen A",,,,,,kab019000,kathleen byrnes,Issues in Geriatric Healthcare 
HLTH,3305,001,1,1,3,6,8,3,3,,1,,,,,,,,1,,"Stark, Azadeh T",,,,,,ats160030,azadeh stark,The U S  Healthcare System 
HLTH,3305,002,,5,3,2,7,4,4,3,,,,,,,,,,,"Stark, Azadeh T",,,,,,ats160030,azadeh stark,The U S  Healthcare System 
HLTH,3305,003,37,14,3,1,,,,,,,,,,,,,,,"Goudy, Leah S",,,,,,lsg240000,leah goudy,The U S  Healthcare System 
HLTH,3315,001,,3,15,11,11,15,8,6,11,2,3,1,3,,1,,2,,"Byrnes, Kathleen A",,,,,,kab019000,kathleen byrnes,Issues in Patient Education 
HLTH,4108,001,20,7,4,3,1,,,2,,,,,,,,,,,"Rainey, Anthony D",,,,,,doyen,anthony rainey,Verbal Reasoning and Writing for Pre-Health 
HLTH,4304,001,,34,11,7,,1,,,,,,,1,,,,,,"Byrnes, Kathleen A",,,,,,kab019000,kathleen byrnes,Health Professions Internship 
HLTH,4304,002,,15,,,1,,,1,,,,,,,,,1,,"Krawietz, Paul",,,,,,pxk210042,paul krawietz,
HLTH,4304,501,,25,7,2,,1,,,,,,,,,,,,,"Askew, Victoria",,,,,,vxa180018,victoria askew,Health Professions Internship 
HLTH,4305,001,,1,2,7,5,4,3,2,1,2,,,1,,,,,,"Stark, Azadeh T",,,,,,ats160030,azadeh stark,Public Health 
HLTH,4305,002,1,2,6,7,6,4,3,2,2,,1,1,1,,,,,,"Stark, Azadeh T",,,,,,ats160030,azadeh stark,Public Health 
HLTH,4306,001,1,1,3,4,4,4,1,1,1,,,1,3,,,,,,"Savard, Ryan R",,,,,,rrs170330,ryan savard,Health and Sport 
HLTH,4306,002,,,,,3,2,2,1,5,,,,2,,,,,,"Savard, Ryan R",,,,,,rrs170330,ryan savard,Health and Sport 
HLTH,4310,0W1,20,7,2,,,,1,,,,,,,,,,,,"Edwards, Christopher W",,,,,,cwe011000,christopher edwards,Information Literacy and Information Resources for Health Care 
HLTH,4310,0W2,8,5,2,3,1,1,2,2,,,1,,,,,,2,,"Dornback, Sarah",,,,,,sxd220144,sarah dornback,Information Literacy and Information Resources for Health Care 
HLTH,4380,001,5,3,3,1,,,,,,,,,,,,,,,"Goudy, Leah S",,,,,,lsg240000,leah goudy,Special Topics in Healthcare 
HLTH,4V01,001,,13,1,,2,,,,,,,,,,,,,,"Byrnes, Kathleen A",,,,,,kab019000,kathleen byrnes,
HMGT,3301,001,8,30,15,2,5,,,,,,,,,,,,,,"Robb, Horace A",,,,,,hxr220017,horace robb,Introduction to Healthcare Management 
HMGT,3301,002,26,21,5,1,,,,,,,,,1,,,,,,"Malaise, Michael",,,,,,mhm130430,michael malaise,Introduction to Healthcare Management 
HMGT,3301,003,6,23,14,2,1,2,,,,,,,,,,,,,"Robb, Horace A","Gopaljoshi, Supriya Joshi",,,,,hxr220017,horace robb,Introduction to Healthcare Management 
HMGT,3310,001,1,3,10,7,5,3,,1,1,1,,,,,,,1,,"Bryan, Mary C",,,,,,cxb230057,mary bryan,Healthcare Regulatory Environment 
HMGT,3310,002,4,7,7,1,2,2,3,,,,,,,,,,,,"Bryan, Mary C",,,,,,cxb230057,mary bryan,Healthcare Regulatory Environment 
HMGT,3311,001,1,10,,1,9,,,5,1,1,2,,1,,,,1,,"Karnuta, Daniel","Reddy, Aishwarya",,,,,dxk173030,daniel karnuta,Healthcare Financial Analysis 
HMGT,3311,002,,5,,,2,,,3,,,1,,1,,,,,,"Karnuta, Daniel","Reddy, Aishwarya",,,,,dxk173030,daniel karnuta,Healthcare Financial Analysis 
HMGT,3320,001,,5,,,3,,1,5,,,,,,,,,,,"Karnuta, Daniel","Reddy, Aishwarya",,,,,dxk173030,daniel karnuta,Economics of Healthcare Environment 
HMGT,3320,002,,8,,,8,,1,6,,,2,,,,,,1,,"Karnuta, Daniel","Reddy, Aishwarya",,,,,dxk173030,daniel karnuta,Economics of Healthcare Environment 
HMGT,4321,001,1,16,,,26,,,5,,,,,,,,,,,"Nedbal, Joseph","Kolhe, Lalit K",,,,,jan160230,joe nedbal,Introduction to Healthcare Information Systems 
HMGT,6311,0W1,,18,,3,3,,,,,,,,,,,,,,"Karnuta, Daniel","Lu, Renjie","Reddy, Aishwarya",,,,dxk173030,daniel karnuta,Healthcare Financial and Operations Accounting 
HMGT,6320,0W1,,43,7,4,3,3,,,,,,,,,,,,,"Thurgood, Keith L","Reddy, Aishwarya","Patole, Ria E",,,,klt160130,keith thurgood,The American Healthcare System 
HMGT,6320,0W2,,45,8,2,2,1,,2,,,,,,,,,1,,"Thurgood, Keith L","Reddy, Aishwarya","Patole, Ria E",,,,klt160130,keith thurgood,The American Healthcare System 
HMGT,6320,0W3,,50,5,3,1,,,,,,,,1,,,,,,"Thurgood, Keith L","Patole, Ria E","Reddy, Aishwarya",,,,klt160130,keith thurgood,The American Healthcare System 
HMGT,6320,501,,25,7,,,,,,,,,,,,,,,,"Warren, DeVontae",,,,,,dal638834,,The American Healthcare System 
HMGT,6321,0W1,,2,3,2,1,1,2,5,,,,,4,,1,,,,"Ramanathan, Kannan","Modi, Dishant V",,,,,kxr087000,kannan ramanathan,Strategic Leadership of Healthcare Organizations 
HMGT,6323,0W1,,13,10,11,,,,,,,,,,,,,1,,"Ayvaci, Mehmet U","Wei, Ning",,,,,mua120030,mehmet ayvaci,Healthcare Informatics 
HMGT,6324,502,,8,2,,,,,,,,,,,,,,,,"Swindling, Linda B","Salehi Heidari, Samira",,,,,dal431729,linda swindling,Healthcare Negotiation and Dispute Resolution 
HMGT,6325,501,,5,1,6,,,,,,,,,1,,,,,,"Wang, Guihua","Tahergandomabadi, Mohammadmahdi",,,,,gxw130630,guihua wang,Healthcare Operations Management 
HMGT,6327,501,,30,1,,,,,,,,,,,,,,,,"Stephens, Timothy G",,,,,,tgs170130,timothy stephens,Electronic Health Records Applications 
HMGT,6330,0W1,,6,11,3,4,,,,,,,,,,,,1,,"Drummond, Jeffery P",,,,,,jpd160230,jeffery drummond,Healthcare Law  Policy and Regulation 
HMGT,6331,501,,10,5,5,3,,,,,,,,,,,,,,"Malaise, Michael",,,,,,mhm130430,michael malaise,Healthcare Economics 
HMGT,6331,CW1,,12,1,1,,,,,,,,,,,,,,,"Jacob, Stephen B",,,,,,,stephen jacob,
HMGT,6332,0W1,,5,3,4,3,2,4,3,,,,,1,,,,,,"Ramanathan, Kannan",,,,,,kxr087000,kannan ramanathan,Quality Improvement in Healthcare  Six Sigma and Beyond 
HMGT,6404,AH1,,45,,,,,,,,,,,,,,,,,"Taylor, Donald E","Convery, Paul",,,,,det190000,donald taylor,
HMGT,6410,AH1,,41,3,,,,,,,,,,,,,,,,"Taylor, Donald E","Convery, Paul",,,,,det190000,donald taylor,
HONS,3102,HN1,,14,,,1,,,,,,,,,,,,,,"Towner, Theresa M",,,,,,tmtowner,theresa towner,William Faulkner s Short Stories 
HONS,3103,HN1,2,12,,,,,,,,,,,,,,,1,,"Rippel, Scott A","Thompson, Christina M",,,,,rippel,scott rippel,Honey Bees and Society 
HONS,3104,HN1,6,7,1,1,,,,,,,,,,,,,,,"Dow, Douglas C",,,,,,dougdow,douglas dow,Foreign Film   Political Culture 
HONS,3108,HN1,6,5,1,1,,,,,,,,,,,,,,,"Prakash, Ravi",,,,,,ravip,ravi prakash,Internet and Public Policy 
HONS,3110,HN1,4,10,,,,,,,,,,,,,,,,,"LaDow, Eva S",,,,,,esl130130,eva ladow,The Addicted Brain 
HONS,3111,HN1,2,11,,1,,,,,,,,,,,,,,,"Thompson, Christina M",,,,,,cmt120030,christina thompson,Science Fiction 
HONS,3116,HN1,1,13,,,,1,,,,,,,,,,,,,"Murchison, David F",,,,,,dfm100020,david murchison,Excellence 
HONS,3118,HN1,6,12,,,,,,,,,,,,,,,,,"Wilson, Michael L",,,,,,mwilson,michael wilson,Sherlock Holmes 
HONS,3120,HN1,11,1,,,,,,,,,,,,,,,,,"Amato, Lawrence A",,,,,,laa062000,lawrence amato,Society Against the State 
HONS,3122,HN1,5,6,2,,,,,,,,,,1,,,,,,"Skinner, Donal C",,,,,,dcs220007,,Love  Death  and Hormones 
HONS,3122,HN2,6,9,,,,,,,,,,,,,,,,,"Skinner, Donal C",,,,,,dcs220007,,Love  Death  and Hormones 
HONS,3199,HN1,,14,,,,,,,,,,,,,,,,,"Stefan, Mihaela C",,,,,,mci071000,mihaela stefan,Collegium V Honors Readings 
HONS,3199,HN2,16,,,,,,,,,,,,,,,,,,"Butler, Kristina L",,,,,,kxb230025,,Collegium V Honors Readings 
HONS,3199,HN3,,10,,,,,,,,,,,,,,,,,"Burrough, Xtine L",,,,,,cxb153930,xtine burrough,Collegium V Honors Readings 
HONS,3199,HN4,9,2,2,,,,,,,,,,,,,,,,"Painter, Jennifer S",,,,,,dal966738,,Collegium V Honors Readings 
HONS,3199,HN5,,12,1,,,1,,,,,,,,,,,,,"Krajewski, Andrew T",,,,,,axk210064,andrew krajewski,Collegium V Honors Readings 
HONS,3199,HN6,8,,1,2,,,,1,,,,,,,,,2,,"Kavanaugh, Wendi L",,,,,,wlk010100,,Collegium V Honors Readings 
HONS,3199,HN7,1,14,,,,,,,,,,,,,,,,,"Dow, Douglas C",,,,,,dougdow,douglas dow,Collegium V Honors Readings 
HONS,3199,HN8,,15,,,,,,,,,,,,,,,,,"Russell Murray, Allison R",,,,,,axr210032,allison russell,Collegium V Honors Readings 
HONS,3199,HW1,4,7,,,,,,,,,,,,,,,1,,"De Olivares, Karen L",,,,,,kxd124130,,Collegium V Honors Readings 
HONS,3V00,HS1,6,15,,,,,,,,,,,,,,,,,"Skinner, Donal C","Painter, Jennifer S",,,,,dcs220007,,Special Topics 
HUMA,1301,001,13,7,4,2,,,,1,,,,,2,,,,1,,"Fisher, Katie M",,,,,,kmf170000,,Exploration of the Humanities 
IMS,3310,001,1,22,1,11,17,,1,,1,2,,,,,,,3,,"Henderson, Thomas C",,,,,,txh093000,tom henderson,International Business 
IMS,3310,002,,4,9,9,14,9,5,3,1,1,1,1,3,,,,,,"Woldu, Habte G","Acharya, Vishruth","Gopaljoshi, Supriya Joshi",,,,wolduh,habte woldu,International Business 
IMS,3310,003,,7,10,12,11,3,5,3,2,1,1,1,5,,,,,,"Woldu, Habte G","Acharya, Vishruth","Gopaljoshi, Supriya Joshi",,,,wolduh,habte woldu,International Business 
IMS,3310,004,5,19,25,6,1,1,1,,,,,,1,,,,,,"Shen, Jia",,,,,,jxs190079,jia shen,International Business 
IMS,3310,005,1,13,17,13,10,4,1,1,1,,,2,,,,,,,"Song, You-Xiang",,,,,,yxs190035,,International Business 
IMS,3310,006,37,27,1,,,,,,,,,,,,,,,,"Garg, Suyash",,,,,,sxg180150,suyash garg,International Business 
IMS,3310,007,39,24,,,,,,,,,,,,,,,,,"Garg, Suyash",,,,,,sxg180150,suyash garg,International Business 
IMS,3310,008,3,11,14,7,10,8,3,4,3,1,,,,,,,1,,"Skuza, Agnieszka","Venkumahanti, Rachana S",,,,,axo027000,agnieszka olsztynska,International Business 
IMS,3310,009,,6,19,15,13,8,1,3,,,,,,,,,,,"Liu, Yilin",,,,,,yxl190091,yilin liu,International Business 
IMS,3310,010,2,14,7,12,22,,1,2,3,,,,1,,,,1,,"Henderson, Thomas C",,,,,,txh093000,tom henderson,International Business 
IMS,3310,011,,3,10,14,13,11,4,4,1,,1,,2,,,,,,"Tsang, Wing K","Yan, Xinyu",,,,,wkt071000,wing tsang,International Business 
IMS,3310,501,,16,4,16,17,1,,1,,1,2,,2,,,,,,"Henderson, Thomas C","Salehi Heidari, Samira",,,,,txh093000,tom henderson,International Business 
IMS,3310,502,,5,9,5,14,20,3,3,2,1,,,1,,,,,,"Tsang, Wing K","Yan, Xinyu",,,,,wkt071000,wing tsang,International Business 
IMS,3V91,0S2,,13,,1,,,,,,,,,,,,,,,"Zydorek, Hubert","Piatov, Oleg",,,,,hxz120930,hubert zydorek,Regional Management Area Studies  Latin America 
IMS,3V92,0S1,,22,,,,,,,,,,,,,,,,,"Alborz, Shawn",,,,,,sxa063000,shawn alborz,Regional Management Area Studies  Western Europe 
IMS,4330,001,,,4,5,7,5,3,,3,,1,,,,,,,,"Zydorek, Hubert","Piatov, Oleg",,,,,hxz120930,hubert zydorek,Global Human Resource Management 
IMS,4335,501,,1,16,12,10,8,6,1,,,,,1,,,,,,"Wright, Robert G","Fickel, Mary","Jadhav, Ankita K",,,,rgw091000,robert wright,Social Sector Entrepreneurship and Community Engagement 
IMS,4340,0W1,,5,3,2,4,2,1,2,,,,,,,,,,,"Skuza, Agnieszka","Venkumahanti, Rachana S",,,,,axo027000,agnieszka olsztynska,Leading and Managing Globally 
IMS,4350,001,,18,4,3,1,,,,,,,,,,,,,,"Zydorek, Hubert","Piatov, Oleg",,,,,hxz120930,hubert zydorek,Global Market Entry Strategies 
IMS,4373,501,5,2,6,3,5,6,3,,3,3,,1,,,,,,,"Van Eeden, Adriaan",,,,,,dal258233,van beveren,Global Strategy 
IMS,6304,0W1,,12,23,10,6,1,1,,,,,,1,,,,1,,"Woldu, Habte G","Acharya, Vishruth",,,,,wolduh,habte woldu,International Business Management 
IMS,6304,XH1,,10,5,2,1,,,,,,,,,,,,,,"Kiser, Stephen L",,,,,,slk012100,stephen kiser,
IMS,6351,XS1,,19,1,,,,,,,,,,,,,,,,"Sharma, Neeru M","Watts, Rebecca",,,,,nms210001,neeru sharma,
IMS,6365,0W1,,17,16,8,2,1,,,,,,,1,,,,,,"Woldu, Habte G","Acharya, Vishruth",,,,,wolduh,habte woldu,Cross-Cultural Management Analysis 
IMS,6365,CW1,,30,3,1,,,,,,,,,,,,,,,"Woldu, Habte G","Acharya, Vishruth",,,,,wolduh,habte woldu,
IMS,6373,501,,1,6,2,2,,1,,,,,,,,,,1,,"Subramaniyan, Anbu M",,,,,,dal372887,anbu subramaniyan,Data Analytics for International Business 
IMS,6381,5W1,,4,6,4,1,2,1,,,,,,,,,,,,"Skuza, Agnieszka","Venkumahanti, Rachana S",,,,,axo027000,agnieszka olsztynska,Managing Global Teams 
IMS,6V93,0S1,,19,4,1,,,,,,,,,,,,,,,"Shatz, Lisa B",,,,,,lxs084100,lisa shatz,Regional Area Studies  Asia 
ISIS,3312,001,2,1,,2,2,,1,4,,,,,1,,,,,,"Wissinger, Tonja",,,,,,twissin,tonja wissinger,Women in Management 
ISIS,3334,501,5,2,2,1,1,2,,,,,,,1,,,,,,"Jones, June A",,,,,,jaj230010,june jones,Environment in America 
ISIS,4310,0W1,,24,,,1,,,,,,,,,,,,,,"Aubrey, Lea E",,,,,,lec110030,lea aubrey,Health Strategy for Multicultural Populations 
ISIS,4V89,001,11,5,2,,,,,1,,,,,,,,,,,"Lusk, Marc L",,,,,,mxl121730,marc lusk,Special Topics in Interdisciplinary Studies 
ISIS,4V89,002,10,2,,,,3,,,,,,,1,,,,,,"Hammonds, Kyle",,,,,,kxh230016,kyle hammonds,Special Topics in Interdisciplinary Studies 
ISIS,4V89,HN1,3,4,2,,,,,,,,,,,,,,1,,"Smith, Erin",,,,,,erins,erin smith,Special Topics in Interdisciplinary Studies 
ISNS,2359,001,8,11,3,1,3,3,2,1,1,1,1,,1,,,,,,"Griffin, William R","Putri, Gabriella E",,,,,griffin,william griffin,Earthquakes and Volcanoes 
ISNS,2359,0W1,112,26,26,14,11,6,6,5,5,,2,1,5,,,,2,,"Pirouz, Mortaza","Ahmad, Muhammad M",,,,,mxp180004,mortaza pirouz,
ISNS,2359,0W2,108,33,28,15,7,9,6,2,4,,,2,6,,,,6,,"Pirouz, Mortaza","Huang, Chongpeng",,,,,mxp180004,mortaza pirouz,
ISNS,2359,0W3,101,16,19,4,7,6,7,4,5,1,1,,10,,,,,,"Pirouz, Mortaza","Putri, Gabriella E",,,,,mxp180004,mortaza pirouz,Earthquakes and Volcanoes 
ISNS,2366,001,1,2,1,,4,2,1,1,,,,,,,,,,,"McCauley, Steven",,,,,,sxm165131,steven mccauley,Global Climate Change 
ISNS,2367,0W1,125,148,46,28,23,4,4,6,2,1,2,1,4,,,,,,"Pujana, Ignacio","Griffin, William R",,,,,pujana,ignacio pujana,The Oceans 
ISNS,2367,0W2,125,117,54,18,33,16,2,6,2,2,2,2,6,,,,6,,"Stern, Robert J",,,,,,rjstern,robert stern,The Oceans 
ISNS,2367,0W3,44,57,27,12,18,5,3,10,2,2,3,1,4,,,,6,,"Pujana, Ignacio","Griffin, William R",,,,,pujana,ignacio pujana,The Oceans 
ISNS,2368,001,3,5,3,4,14,7,3,5,,1,1,2,3,,,,,,"McCauley, Steven",,,,,,sxm165131,steven mccauley,Weather and Climate 
ISNS,3373,001,3,6,2,3,4,,1,,,,,,,,,,1,,"Khan, Amena L","Seifi, Melodee O",,,,,axk140130,amena khan,Our Nearest Neighbors in the Sky 
ITSS,3300,001,5,3,11,14,7,10,3,3,3,,,3,2,,,,,,"Ceverha, Paul W","Sasalatti, Akshata",,,,,pwc230000,paul ceverha,Information Technology for Business 
ITSS,3300,002,,5,11,8,18,8,5,1,1,,2,2,2,,,,1,,"Shrivastava, Prakash C","Agarwal, Manan Manoj",,,,,pcs130130,prakash shrivastava,Information Technology for Business 
ITSS,3300,003,,12,3,8,11,7,7,4,3,2,3,,5,,,,,,"Pai, Radhakrishna S","Nedunchezhiyan Kanmani, Senthamil Selvi",,,,,dal430092,radhakrishna pai,Information Technology for Business 
ITSS,3300,004,,3,4,12,6,12,5,8,,5,,2,2,,,,3,,"Shrivastava, Prakash C","Agarwal, Manan Manoj",,,,,pcs130130,prakash shrivastava,Information Technology for Business 
ITSS,3300,005,4,19,11,7,9,5,4,2,1,,1,,1,,,,1,,"Stephens, Timothy G","Jethe Bhanushali, Mrudula S",,,,,tgs170130,timothy stephens,Information Technology for Business 
ITSS,3300,006,,23,12,7,9,8,3,1,,,,,1,,,,,,"Owens, Sean M","Mokkapati Sridhar, Karthik",,,,,smo150330,sean owens,Information Technology for Business 
ITSS,3300,007,,6,7,6,10,12,4,10,3,,,,1,,,,4,,"An, Constance","Jethe Bhanushali, Mrudula S",,,,,cfa220003,constance an,Information Technology for Business 
ITSS,3300,501,3,4,7,5,11,9,6,7,1,3,2,,1,,,,,,"Young, John G",,,,,,jgy190000,john young,Information Technology for Business 
ITSS,3300,502,,8,7,10,7,7,2,3,,,2,,2,,,,,,"Hanifiafshar, Sharmin","Batra, Vanshu",,,,,sxh200031,sharmin hanifiafshar,Information Technology for Business 
ITSS,3300,503,,13,11,7,18,7,1,3,1,,,,,,,,3,,"Hansen, Atanas Y",Garima,,,,,ayt061000,atanas hansen,Information Technology for Business 
ITSS,3300,504,18,12,11,5,4,1,1,,1,1,,,1,,,,1,,"Chen, Zenan","Gunasekaran, Rajesh Yadav",,,,,zxc240000,zenan chen,Information Technology for Business 
ITSS,3300,505,10,16,14,11,,2,3,4,,,,,1,,,,,,"Gao, Ruijiang","Shelke, Abhishek Anil",,,,,dal901462,,Information Technology for Business 
ITSS,3300,507,16,14,9,9,1,4,5,,,,1,1,2,,,,2,,"Chen, Zenan","Gunasekaran, Rajesh Yadav",,,,,zxc240000,zenan chen,Information Technology for Business 
ITSS,3300,508,3,12,11,20,,9,4,2,,,1,,2,,,,1,,"Gao, Ruijiang","Shelke, Abhishek Anil",,,,,dal901462,,Information Technology for Business 
ITSS,3300,HON,2,30,13,12,9,2,,1,1,,1,,1,,,,,,"Stephens, Timothy G","Rangala, Sai Nikhel",,,,,tgs170130,timothy stephens,
ITSS,3311,001,,6,6,3,7,3,9,4,1,,1,,2,,,,3,,"Sundararajan, Gowrishankar","Nnaji, Chinedu U",,,,,gxs230030,gowrishankar sundararajan,Introduction to Programming 
ITSS,3311,002,21,12,9,4,3,5,3,2,,,,,,,,,4,,"Aksoy, Ozgur",,,,,,oxa190009,ozgur aksoy,Introduction to Programming 
ITSS,3311,003,11,11,8,7,5,5,5,1,4,1,,1,,,,,1,,"Bellamy, Michelle","Nnaji, Chinedu U",,,,,mxb240062,,Introduction to Programming 
ITSS,3311,004,11,13,5,5,4,4,1,5,1,1,,,,,,,,,"Franson, Robert","Mudunuri, Devamsh Varma",,,,,rcf160130,robert franson,Introduction to Programming 
ITSS,3311,0W1,3,7,8,6,8,7,3,3,,,1,,1,,,,3,,"Short, Kevin P","Nnaji, Chinedu U",,,,,kps170330,kevin short,Introduction to Programming 
ITSS,3311,501,7,,17,7,8,6,12,4,,,,,,,,,1,,"Khan, Masudal H","Dixit, Shalini",,,,,mhk190001,masudal khan,Introduction to Programming 
ITSS,3311,502,8,8,4,7,9,3,2,2,1,,,1,6,,,,1,,"Franson, Robert","Mudunuri, Devamsh Varma",,,,,rcf160130,robert franson,Introduction to Programming 
ITSS,3312,501,3,45,7,,3,,1,,,,,,,,,,,,"Shrivastava, Aparna A","Rangala, Sai Nikhel",,,,,axs123832,,Object-Oriented Programming 
ITSS,3390,001,2,3,11,3,7,4,11,3,4,,2,1,3,,,,,,"Neal, Angela","Dixit, Shalini",,,,,aan052000,angela neal,Web Design and Development for Business Applications 
ITSS,4090,001,,,,,,,,,,,,,,26,,,,,"Stephens, Timothy G",,,,,,tgs170130,timothy stephens,
ITSS,4090,091,,,,,,,,,,,,,,57,,,,,"Stephens, Timothy G",,,,,,tgs170130,timothy stephens,
ITSS,4300,001,,7,12,8,14,6,6,4,2,,,,,,,,1,,"Pai, Radhakrishna S","Nedunchezhiyan Kanmani, Senthamil Selvi",,,,,dal430092,radhakrishna pai,Database Fundamentals 
ITSS,4300,002,1,36,2,12,2,3,,,,,,,,,,,1,,"Wu, Lidong","Ahmed, Asim",,,,,lxw097120,lidong wu,Database Fundamentals 
ITSS,4300,501,1,9,13,19,6,6,4,1,2,1,,1,,,,,2,,"Ceverha, Paul W","Sasalatti, Akshata",,,,,pwc230000,paul ceverha,Database Fundamentals 
ITSS,4300,503,3,25,2,12,5,2,,,,,,,,,,,,,"Wu, Lidong","Ahmed, Asim",,,,,lxw097120,lidong wu,Database Fundamentals 
ITSS,4301,501,2,3,,3,1,,1,,,,,,,,,,,,"Hagen, John","Shelke, Abhishek Anil",,,,,jch013200,john hagen,Database Systems 
ITSS,4330,001,3,3,12,11,6,8,7,7,3,,1,,,,,,,,"Baker, Jeffrey M","Batra, Vanshu",,,,,dal616978,,Systems Analysis and Design 
ITSS,4330,002,21,25,15,2,,,,,,,,,,,,,,,"Baig, Juveria I","Acharya, Pratiksha Bhaskar",,,,,jxb129230,juveria baig,Systems Analysis and Design 
ITSS,4330,003,2,4,14,9,12,5,4,4,2,2,1,,,,,,4,,"Baker, Jeffrey M",Garima,,,,,dal616978,,Systems Analysis and Design 
ITSS,4330,501,2,7,9,16,10,6,6,3,1,,1,,,,,,1,,"Khan, Taimur A","Jain, Kushagra",,,,,txk123530,taimur khan,Systems Analysis and Design 
ITSS,4340,001,2,8,7,8,13,2,4,1,,,,,1,,,,,,"Thompson, Luell O","Gondkar, Piyush Anil",,,,,lot013000,luell thompson,Enterprise Resource Planning 
ITSS,4343,001,,,1,,4,4,3,,,1,1,3,1,,,,,,"Subramoniam, Ramesh","Udata, Bhaskara Ravi Teja",,,,,rxs179630,ramesh subramoniam,Integrated SCM Information Systems 
ITSS,4351,001,,39,10,7,5,1,1,1,,,,,,,,,,,"Stephens, Timothy G","Rangala, Sai Nikhel",,,,,tgs170130,timothy stephens,Foundations of Business Intelligence 
ITSS,4351,002,,5,17,14,9,16,,,,,,,1,,,,,,"Pandian, Thiru","Khare, Aakanksha Shekhar",,,,,txp190010,thiru pandian,Foundations of Business Intelligence 
ITSS,4351,003,,7,2,2,14,12,1,2,1,,2,,,,,,1,,"Pandian, Thiru","Kaushik, Shantanu",,,,,txp190010,thiru pandian,Foundations of Business Intelligence 
ITSS,4351,501,,2,12,18,10,7,3,2,1,,,,,,,,1,,"Scott, James","Kadukuntla, Abhilash R",,,,,jas076100,james scott,Foundations of Business Intelligence 
ITSS,4351,502,11,19,15,10,,,,,,,,,,,,,,,"Baig, Juveria I","Acharya, Pratiksha Bhaskar",,,,,jxb129230,juveria baig,Foundations of Business Intelligence 
ITSS,4352,001,,8,15,14,13,5,5,1,1,,,,,,,,1,,"Maru, Vatsal K","Malu, Swar",,,,,vkm220000,vatsal maru,Introduction to Web Analytics 
ITSS,4352,002,1,4,13,21,14,4,2,2,1,,,,,,,,2,,"Maru, Vatsal K","Malu, Swar",,,,,vkm220000,vatsal maru,Introduction to Web Analytics 
ITSS,4352,003,,6,12,9,11,5,4,2,2,2,,,2,,,,,,"Maru, Vatsal K","Malu, Swar",,,,,vkm220000,vatsal maru,Introduction to Web Analytics 
ITSS,4353,001,,4,9,12,16,7,8,2,,,1,,,,,,,,"Akarte, Prajakti V","Mokkapati Sridhar, Karthik",,,,,pva150330,prajakti akarte,Business Analytics 
ITSS,4353,003,,6,7,2,7,5,1,7,1,1,1,,1,,,,2,,"Shrivastava, Prakash C","Agarwal, Manan Manoj",,,,,pcs130130,prakash shrivastava,Business Analytics 
ITSS,4354,001,17,9,2,6,9,7,4,1,,1,,,,,,,,,"Bradbury, Judd D","Patel, Sakshi Jayesh",,,,,jdb101000,judd bradbury,Advanced Big Data Analytics 
ITSS,4355,001,,5,9,20,16,8,,,,,1,,,,,,,,"Akarte, Prajakti V","Mokkapati Sridhar, Karthik",,,,,pva150330,prajakti akarte,Data Visualization 
ITSS,4355,002,5,4,4,4,8,6,3,1,2,,,,,,,,1,,"Bradbury, Judd D","Patel, Sakshi Jayesh",,,,,jdb101000,judd bradbury,Data Visualization 
ITSS,4356,001,,10,9,2,14,5,4,6,5,3,1,,,,,,,,"Hansen, Atanas Y",Garima,,,,,ayt061000,atanas hansen,Data Governance 
ITSS,4360,001,16,9,6,9,4,5,3,,4,1,,,1,,,,5,,"Islam, Mohammad A","Katoch, Akanksha",,,,,mai230002,mohammad islam,Network and Information Security 
ITSS,4360,002,23,26,8,6,3,,,,,,,,,,,,,,"Howe, Nathaniel M",,,,,,nxh141030,nate howe,Network and Information Security 
ITSS,4360,501,,3,9,2,16,8,2,1,,,1,2,,,,,,,"Thirumalai, Nambi D","Kolhe, Lalit K",,,,,ndt180001,nambi thirumalai,Network and Information Security 
ITSS,4360,502,,6,8,11,14,11,4,2,,,,,,,,,,,"More, Satish P",,,,,,spm240001,satish more,Network and Information Security 
ITSS,4361,001,18,8,5,11,6,6,2,3,,1,1,,1,,,,1,,"Islam, Mohammad A","Katoch, Akanksha",,,,,mai230002,mohammad islam,Information Technology Cybersecurity 
ITSS,4362,501,6,16,11,13,5,4,2,1,1,,,,1,,,,,,"Khan, Taimur A","Jain, Kushagra",,,,,txk123530,taimur khan,Cybersecurity Governance 
ITSS,4370,0W1,5,21,16,10,,,,,,,,,,,,,,,"Majumdar, Sumit K","Yang, Yunxuan M",,,,,skm021100,sumit majumdar,Information Technology Infrastructure 
ITSS,4370,0W2,10,6,10,10,5,10,,,,,,,,,,,,,"Majumdar, Sumit K","Yang, Yunxuan M",,,,,skm021100,sumit majumdar,Information Technology Infrastructure 
ITSS,4370,0W3,,18,26,7,,,,,,,,,,,,,,,"Majumdar, Sumit K","Yang, Yunxuan M",,,,,skm021100,sumit majumdar,Information Technology Infrastructure 
ITSS,4370,501,,1,8,,5,4,,2,2,,,1,,,,,,,"Bodeker, Alison J","Jain, Kushagra",,,,,ajb190003,alison bodeker,Information Technology Infrastructure 
ITSS,4370,502,12,,12,15,9,2,5,1,,2,,,1,,,,1,,"Khan, Masudal H","Dixit, Shalini",,,,,mhk190001,masudal khan,Information Technology Infrastructure 
ITSS,4371,001,4,14,13,12,9,2,3,,1,,,,1,,,,,,"Young, John G",,,,,,jgy190000,john young,Cloud Computing with AWS 
ITSS,4380,001,8,8,22,13,5,3,,,,,,,1,,,,,,"Wu, Lidong","Shah, Dhruv R",,,,,lxw097120,lidong wu,Advanced Database Management 
ITSS,4381,001,14,23,9,9,5,2,,,,,,,,,,,1,,"Cai, Shuzhang",,,,,,sxc200125,shuzhang cai,Object Oriented Programming with Python 
ITSS,4381,501,,14,12,8,9,5,5,,1,1,,,2,,,,1,,"Lavastida, Thomas","Mudunuri, Devamsh Varma",,,,,txl220018,thomas lavastida,Object Oriented Programming with Python 
ITSS,4381,502,13,15,10,13,6,1,,,,,,,,,,,,,"Zhang, Hong",,,,,,hxz180033,hong zhang,Object Oriented Programming with Python 
ITSS,4382,001,1,20,17,16,,2,,2,,,,,,,,,1,,"Wu, Lidong","Shah, Dhruv R",,,,,lxw097120,lidong wu,Applied Artificial Intelligence Machine Learning 
ITSS,4395,001,,4,20,3,7,12,2,,,,,,,,,,1,,"Mecca, Gerald A",,,,,,dal506405,,Capstone Senior Project - Information Systems 
ITSS,4395,002,20,19,9,2,,,,,,,,,,,,,,,"Stogsdill, Robert",,,,,,rws180002,robert stogsdill,Capstone Senior Project - Information Systems 
ITSS,4V95,001,1,4,7,7,5,5,2,1,1,,,,,,,,,,"Pandian, Thiru","Khare, Aakanksha Shekhar",,,,,txp190010,thiru pandian,Seminar Series in Information Systems 
ITSS,4V95,002,27,12,6,,,,,,,,,,,,,,,,"Feagans, Frank A","Sasalatti, Akshata",,,,,fxf151230,frank feagans,Seminar Series in Information Systems 
ITSS,4V95,501,1,6,19,10,5,,,1,,,,,,,,,,,"Ginevich, Rostislav A","Ahmed, Asim",,,,,rxg172930,rostislav ginevich,Seminar Series in Information Systems 
JAPN,1311,001,,2,1,3,1,6,,,3,,1,,,,,,1,,"Hoki, Chieko",,,,,,cxh190009,chieko hoki,Beginning Japanese I 
JAPN,1311,002,5,2,1,1,,,1,1,1,,,,3,,,,4,,"Spangler, Katsumi",,,,,,dal705495,,Beginning Japanese I 
JAPN,1312,002,3,3,2,,1,,,2,,,,,,,,,1,,"Spangler, Katsumi",,,,,,dal705495,,Beginning Japanese II 
JAPN,2311,001,3,2,5,,,3,,1,,,,,,,,,,,"Hoki, Chieko",,,,,,cxh190009,chieko hoki,Intermediate Japanese I 
KORE,1311,002,6,4,,1,3,,,,1,,,,,,,,2,,"Jeong, Hyejeong",,,,,,hxj210002,hyejeong jeong,Beginning Korean I 
KORE,2312,001,8,,1,1,,,,,,,,,,,,,,,"Seon, Heewon",,,,,,dal339584,heewon seon,Intermediate Korean II 
LIT,1301,001,37,11,6,17,11,9,2,2,,1,,,1,,,,1,,"Ingrao, Peter J","Daneshvarkashkooli, Marjan","Olivas, Inez C","Martinez, Lilia E",,,jingrao,peter ingrao,Introduction to Literature 
LIT,1301,002,49,21,6,21,9,5,2,,,,,,1,,,,3,,"Ingrao, Peter J","Olivas, Inez C","Daneshvarkashkooli, Marjan","Martinez, Lilia E",,,jingrao,peter ingrao,Introduction to Literature 
LIT,1301,003,53,18,9,16,12,4,2,1,,,,,1,,,,,,"Ingrao, Peter J","Olivas, Inez C","Daneshvarkashkooli, Marjan","Martinez, Lilia E",,,jingrao,peter ingrao,Introduction to Literature 
LIT,1311,001,5,21,13,3,2,,1,2,2,1,1,,6,,,,,,"Nikravesh, Negeen","Simion, Raluca N",,,,,dal454758,,The Art of Fiction 
LIT,1315,001,36,10,4,3,8,6,,,,1,1,1,6,,,,1,,"Brazeal, Lauren",,,,,,lxb190011,lauren brazeal garza,The Art of Poetry 
LIT,2321,001,3,2,4,4,,,1,,,,,,2,,,,,,"Prieto, Rene",,,,,,rxp113230,rene prieto,Survey B  Literature in Translation 
LIT,2329,001,5,6,1,,4,3,,2,,1,,,1,,,,,,"Wang, Mai",,,,,,mxw220014,mai wang,Introduction to Ethnic American Literature 
LIT,2331,001,1,7,,1,4,2,,,,,1,,1,,,,1,,"Siddiqui, Rifat R",,,,,,rrs210003,rifat siddiqui,Introduction to World Literature 
LIT,2331,002,16,13,2,,1,,1,,,,,,1,,,,1,,"Ham, Jeeah",,,,,,jxh220004,jeeah ham,Introduction to World Literature 
LIT,2331,003,14,7,2,1,,1,,2,1,,,,,,,,,,"Sahota, Kiran B",,,,,,kbs220000,kiran sahota,Introduction to World Literature 
LIT,2331,004,2,7,3,1,,1,1,,1,1,1,,3,,,,2,,"Brandow, Carmon",,,,,,cxb190000,carmon brandow,Introduction to World Literature 
LIT,2350,001,3,1,,1,3,2,,1,1,,,,2,,,,,,"Barnes, Ashley",,,,,,axb162631,ashley barnes,Close Reading 
LIT,2350,002,,4,3,1,2,,,,,,1,,2,,,,,,"Nikravesh, Negeen",,,,,,dal454758,,Close Reading 
LIT,3300,001,2,6,2,,3,2,,,,,,,,,,,,,"Prieto, Rene",,,,,,rxp113230,rene prieto,Western Literary Tradition 
LIT,3319,001,,11,1,,1,,1,,,,,,,,,,,,"Patterson, David A",,,,,,dxp103120,david patterson,Contexts 
LIT,3319,002,2,9,3,,1,,1,,,,,,2,,,,,,"Kratz, Dennis M",,,,,,dkratz,dennis kratz,Contexts 
LIT,3319,003,4,12,,,,,,,,,,1,1,,,,,,"Riley, Kristin N",,,,,,knr091000,kristin riley,Contexts 
LIT,3330,501,4,9,2,3,,1,1,,,,,,,,,,,,"Saunders, Joy",,,,,,jxs230049,joy saunders,Linguistics 
LIT,3337,001,,14,2,2,,,,,,,,,,,,,,,"VanWormer, Gretchen",,,,,,gxv230008,gretchen vanwormer,Comparisons 
LIT,3338,001,,4,2,2,1,,,,,1,,,1,,,,,,"Brecheisen, Davis",,,,,,dxs200022,davis brecheisen,Literary Theory and Aesthetic Philosophy 
LIT,3339,0H1,1,7,4,,,1,,,1,,,,,,,,,,"Riley, Kristin N",,,,,,knr091000,kristin riley,Writing Literary Studies 
LIT,3339,0H2,2,4,1,1,,1,,1,1,,,,1,,,,,,"Riley, Kristin N",,,,,,knr091000,kristin riley,Writing Literary Studies 
LIT,4329,001,,12,,1,1,,,,,,,,1,,,,,,"Towner, Theresa M",,,,,,tmtowner,theresa towner,Single Author 
LIT,4329,002,7,6,2,,,,,,,,,,,,,,,,"Ingrao, Peter J",,,,,,jingrao,peter ingrao,Single Author 
LIT,4348,501,2,5,1,1,,,,1,,,,,,,,,,,"Saunders, Joy",,,,,,jxs230049,joy saunders,Topics in Literature 
LIT,4390,001,2,8,2,3,,,,2,,,,,,,,,,,"Nikravesh, Negeen",,,,,,dal454758,,Capstone 
LIT,6309,001,,10,,,,,,,,,,,,,,,,,"Ogbaa, Maurine",,,,,,mxo210004,maurine ogbaa,Literary Periods and Movements 
LIT,6315,001,,5,3,2,,,,,,,,,,,,,,,"Gu, Ming D",,,,,,mdg073000,ming dong gu,Literary and Critical Theory 
LIT,6320,001,,9,1,,,,,,,,,,,,,,,,"Stone, Naomi S",,,,,,nxs190033,nomi stone,Poetry Workshop 
LIT,6321,001,,11,,,,,,,,,,,,,,,,,"Martinez, Manuel L",,,,,,mlm160630,manuel martinez,Fiction Workshop 
LIT,6372,501,,7,3,,,,,,,,,,,,1,,,,"Smith, Erin",,,,,,erins,erin smith,Literature  Culture  and Society 
MAS,6102,051,,,,,,,,,,,,,,,,,3,62,"Siri, Brenda","Bagul, Aditi Kailas","Balagopal, Bhavana","Patel, Aryan",,,bks230001,brenda siri,Professional Development 
MAS,6102,052,,,,,,,,,,,,,4,,,,1,59,"Wilkerson, Cassandra","Agarwal, Vineet Vinod","Agarwal, Sejal Sanjay","Patel, Aryan",,,cxw170000,cassandra wilkerson,Professional Development 
MAS,6102,053,,,,,,,,,,,,,,,,,3,37,"Razvi, Ali","Balagopal, Bhavana","Muthuraman, Athithyaa",,,,axr130231,,Professional Development 
MAS,6102,0W1,,,,,,,,,,,,,,,,,,14,"Chen, Tiffany",,,,,,txc180006,,Professional Development 
MAS,6102,551,,,,,,,,,,,,,,,,,1,36,"Miller, Elizabeth M","Shahid, Sarah","Moregaonkar, Chaitanya S","Bagul, Aditi Kailas",,,emm010200,elizabeth miller,Professional Development 
MAS,6102,552,,,,,,,,,,,,,,,,,1,59,"Wise, Alex G","Banwait, Jasmeen","Agarwal, Vineet Vinod","Elbanna, Kareem M",,,agw091020,,Professional Development 
MAS,6102,S51,,,,,,,,,,,,,1,,,,4,38,"Kim, Tommy C","Elbanna, Kareem M","Sonare, Mugdha R",,,,,tommy kim,
MAS,6V98,001,,,,,,,,,,,,,,,,,,15,"Fierst, John","Widdifield, David S",,,,,,john fierst,
MATH,1306,001,1,1,2,2,3,1,1,1,2,1,,1,2,,,,,,"Sutton, Julie","Ahmed, Ishtiaque",,,,,jxs158030,julie sutton,College Algebra for the Non-Scientist 
MATH,1306,002,1,3,4,3,5,,2,3,3,,2,1,1,,,,,,"Sutton, Julie","Ahmed, Ishtiaque",,,,,jxs158030,julie sutton,College Algebra for the Non-Scientist 
MATH,1314,001,4,7,5,2,2,3,1,3,,,,,,,,,1,,"Alvarado, Iris",,,,,,ila180000,iris alvarado,College Algebra 
MATH,1314,002,3,2,6,,5,1,,4,1,,,1,4,,,,1,,"Alvarado, Iris",,,,,,ila180000,iris alvarado,College Algebra 
MATH,1314,003,5,2,4,1,2,,2,5,4,1,,,1,,,,2,,"Alvarado, Iris",,,,,,ila180000,iris alvarado,College Algebra 
MATH,1316,001,,2,1,1,2,5,2,1,1,,,2,7,,,,4,,"Sutton, Julie","Royal, Teleah P",,,,,jxs158030,julie sutton,Trigonometry 
MATH,1316,002,2,3,5,,5,9,1,1,3,,1,1,5,,1,,8,,"Alvarado, Iris",,,,,,ila180000,iris alvarado,Trigonometry 
MATH,1325,001,4,1,6,4,3,2,7,4,5,2,1,,3,,,,2,,"Rakotomalala, Diarisoa Mihaja Andriamanisa",,,,,,dmr150130,diarisoa rakotomalala,Applied Calculus I 
MATH,1325,002,2,4,2,3,3,2,5,3,4,2,1,3,4,,,,3,,"Patel, Jigarkumar S",,,,,,jsp061000,jigarkumar patel,Applied Calculus I 
MATH,1325,003,2,4,6,,5,7,2,8,4,2,2,,,,,,1,,"Rakotomalala, Diarisoa Mihaja Andriamanisa",,,,,,dmr150130,diarisoa rakotomalala,Applied Calculus I 
MATH,1325,004,2,5,6,3,1,3,2,8,3,,3,1,4,,,,3,,"Patel, Jigarkumar S",,,,,,jsp061000,jigarkumar patel,Applied Calculus I 
MATH,1325,005,3,7,10,5,5,5,1,1,2,3,2,1,3,,,,,,"Makhijani, Neha",,,,,,nxm165130,neha makhijani,Applied Calculus I 
MATH,1325,006,,,5,2,4,3,5,5,4,2,3,,4,,,,6,,"Ghanem, Ziad G",,,,,,zgg190000,,Applied Calculus I 
MATH,1325,007,,2,4,,3,13,3,6,4,2,1,1,2,,,,1,,"Rakotomalala, Diarisoa Mihaja Andriamanisa",,,,,,dmr150130,diarisoa rakotomalala,Applied Calculus I 
MATH,1325,501,,1,5,,1,3,7,4,5,6,3,,6,,,,2,,"Patel, Jigarkumar S",,,,,,jsp061000,jigarkumar patel,Applied Calculus I 
MATH,1325,502,,,,3,2,5,1,8,4,1,5,2,8,,,,5,,"Murad, Mohammad Hassan",,,,,,mxm190101,,Applied Calculus I 
MATH,1326,001,1,9,1,1,7,3,,9,6,,,,2,,,,4,,"Foley, Manjula",,,,,,mxf091000,manjula samanmalee foley,Applied Calculus II 
MATH,1326,002,6,12,,3,9,1,1,2,3,,,,3,,,,2,,"Foley, Manjula",,,,,,mxf091000,manjula samanmalee foley,Applied Calculus II 
MATH,1326,003,2,14,2,,9,3,2,4,3,1,,1,2,,,,,,"Foley, Manjula",,,,,,mxf091000,manjula samanmalee foley,Applied Calculus II 
MATH,1326,004,2,6,4,3,10,,1,5,6,,1,,2,,,,2,,"Kehoe, Joselle D",,,,,,jxk061000,joselle kehoe,Applied Calculus II 
MATH,1326,005,1,6,2,,8,2,,7,5,1,,2,3,,,,5,,"Kehoe, Joselle D",,,,,,jxk061000,joselle kehoe,Applied Calculus II 
MATH,1326,006,5,2,4,3,6,2,1,2,6,1,,,1,,,,6,,"Akbar, Mohammad M",,,,,,mma110020,mohammad akbar,Applied Calculus II 
MATH,1326,007,2,17,2,1,7,5,,5,2,,1,,1,,,,,,"Kehoe, Joselle D",,,,,,jxk061000,joselle kehoe,Applied Calculus II 
MATH,1326,008,,6,3,1,1,2,1,3,4,,,,9,,,,11,,"Kehoe, Joselle D",,,,,,jxk061000,joselle kehoe,Applied Calculus II 
MATH,1326,009,2,8,3,,5,2,2,6,4,,1,,6,,,,3,,"Mussa, Derege H",,,,,,dxm146130,derege mussa,Applied Calculus II 
MATH,1326,010,,2,2,,6,1,1,6,3,1,,,3,,1,,6,,"Mussa, Derege H",,,,,,dxm146130,derege mussa,Applied Calculus II 
MATH,1326,501,,3,1,1,2,,,1,6,1,,,2,,,,1,,"Mussa, Derege H",,,,,,dxm146130,derege mussa,Applied Calculus II 
MATH,2312,001,2,3,5,1,6,1,6,2,4,1,2,1,2,,,,1,,"Martynova, Irina","Dash, Protima",,,,,ixm140930,irina martynova,Precalculus 
MATH,2312,002,,3,1,2,4,,3,1,,,,,2,,,,,,"Martynova, Irina","Halim, Mohammad Abdul",,,,,ixm140930,irina martynova,Precalculus 
MATH,2312,003,3,4,3,4,7,6,1,2,1,2,,,3,,,,,,"Martynova, Irina","Cash, Cole S",,,,,ixm140930,irina martynova,Precalculus 
MATH,2312,004,,3,6,6,5,1,4,2,2,1,1,,7,,,,,,"Martynova, Irina","Cash, Cole S",,,,,ixm140930,irina martynova,Precalculus 
MATH,2333,001,7,3,5,4,4,1,4,3,,1,1,2,7,,,,4,,"Rakotomalala, Diarisoa Mihaja Andriamanisa","Smith, Jared",,,,,dmr150130,diarisoa rakotomalala,Matrices  Vectors  and Data 
MATH,2370,001,4,3,1,,1,1,1,1,3,,3,1,5,,,,1,,"Garrett, Bentley T","Fatema, Saba",,,,,btg032000,bentley garrett,Introduction to Programming with MATLAB 
MATH,2413,001,2,2,2,5,5,2,6,2,2,2,1,1,6,,,,2,,"Dahal, Rabin",,,,,,rxd153030,rabin dahal,Differential Calculus 
MATH,2413,002,,1,,1,6,2,3,4,4,3,1,2,12,,,,,,"Eydelzon, Anatoly",,,,,,axe031000,anatoly eydelzon,Differential Calculus 
MATH,2413,003,1,3,3,1,6,2,6,4,1,,2,3,5,,,,3,,"Dahal, Rabin",,,,,,rxd153030,rabin dahal,Differential Calculus 
MATH,2413,004,,2,,2,4,3,5,4,4,1,1,1,8,,,,4,,"Eydelzon, Anatoly",,,,,,axe031000,anatoly eydelzon,Differential Calculus 
MATH,2413,005,1,,,1,1,,4,2,4,2,1,1,10,,,,,,"Eydelzon, Anatoly",,,,,,axe031000,anatoly eydelzon,Differential Calculus 
MATH,2413,006,1,1,2,,3,2,4,6,2,1,1,2,9,,,,,,"Ding, Hui",,,,,,hxd162130,hui ding,Differential Calculus 
MATH,2413,007,5,4,2,5,7,1,5,4,1,,1,,3,,,,1,,"Duruoha, Adannah",,,,,,axd180037,adannah duruoha,Differential Calculus 
MATH,2413,008,1,2,2,2,5,5,4,2,2,2,1,2,5,,,,4,,"Duruoha, Adannah",,,,,,axd180037,adannah duruoha,Differential Calculus 
MATH,2413,009,2,2,4,5,6,6,5,2,2,,1,,2,,,,2,,"Duruoha, Adannah",,,,,,axd180037,adannah duruoha,Differential Calculus 
MATH,2413,011,1,1,1,4,6,2,2,5,3,2,1,1,4,,,,4,,"Dahal, Rabin",,,,,,rxd153030,rabin dahal,Differential Calculus 
MATH,2414,001,1,5,3,7,4,3,1,4,1,2,1,1,5,,,,,,"Duruoha, Adannah",,,,,,axd180037,adannah duruoha,Integral Calculus 
MATH,2414,002,1,2,4,8,2,2,4,3,2,2,2,,7,,,,1,,"Conlon, Ronan","Aman, Kelly C",,,,,rxc200021,ronan conlon,Integral Calculus 
MATH,2414,003,2,4,10,3,1,2,2,2,5,,,1,6,,,,2,,"Aman, Kelly C",,,,,,kxa143530,kelly aman,Integral Calculus 
MATH,2414,004,6,2,7,2,5,2,,7,2,1,1,,4,,,,,,"Aman, Kelly C",,,,,,kxa143530,kelly aman,Integral Calculus 
MATH,2414,005,,1,8,1,2,3,4,4,4,3,1,,8,,,,1,,"Garrett, Bentley T",,,,,,btg032000,bentley garrett,Integral Calculus 
MATH,2414,006,2,1,7,6,4,2,3,2,3,,3,1,6,,,,,,"Garrett, Bentley T",,,,,,btg032000,bentley garrett,Integral Calculus 
MATH,2414,007,1,9,6,2,7,2,3,3,1,1,1,1,1,,,,,,"Aman, Kelly C",,,,,,kxa143530,kelly aman,Integral Calculus 
MATH,2414,008,1,5,3,7,2,3,1,4,2,3,1,,8,,,,,,"Garrett, Bentley T",,,,,,btg032000,bentley garrett,Integral Calculus 
MATH,2414,009,1,2,1,1,5,2,3,3,3,6,,1,9,,,,1,,"Liu, Runzhou",,,,,,rxl210013,runzhou liu,Integral Calculus 
MATH,2414,010,3,4,5,1,5,2,3,5,4,1,2,,4,,,,1,,"Sultana, Nasrin",,,,,,nxs190039,nasrin sultana,Integral Calculus 
MATH,2414,011,3,5,4,2,6,2,5,3,3,1,,,6,,,,,,"Sultana, Nasrin",,,,,,nxs190039,nasrin sultana,Integral Calculus 
MATH,2414,012,3,3,2,2,5,2,5,3,4,1,3,2,3,,,,1,,"Sultana, Nasrin",,,,,,nxs190039,nasrin sultana,Integral Calculus 
MATH,2414,013,3,5,5,4,3,5,3,2,3,1,2,1,3,,,,,,"Sultana, Nasrin",,,,,,nxs190039,nasrin sultana,Integral Calculus 
MATH,2414,014,1,1,,,3,3,2,4,5,2,3,1,14,,,,1,,"Ding, Hui",,,,,,hxd162130,hui ding,Integral Calculus 
MATH,2414,015,,3,6,3,5,3,5,4,2,1,2,,5,,,,,,"Nguyen, Mylinh T",,,,,,mln018200,mylinh nguyen,Integral Calculus 
MATH,2414,016,2,,1,1,2,,3,3,3,2,2,6,8,,,,,,"Ding, Hui",,,,,,hxd162130,hui ding,Integral Calculus 
MATH,2414,017,1,1,1,,2,3,2,2,1,,1,3,11,,,,3,,"Ding, Hui",,,,,,hxd162130,hui ding,Integral Calculus 
MATH,2414,018,1,2,1,1,6,3,1,6,5,1,1,,11,,,,1,,"Liu, Runzhou",,,,,,rxl210013,runzhou liu,Integral Calculus 
MATH,2414,019,1,1,1,5,6,2,3,2,3,2,2,1,8,,,,1,,"Liu, Runzhou",,,,,,rxl210013,runzhou liu,Integral Calculus 
MATH,2414,020,,1,1,3,2,3,6,3,2,1,1,2,11,,,,,,"Liu, Runzhou",,,,,,rxl210013,runzhou liu,Integral Calculus 
MATH,2414,021,3,6,3,2,9,1,1,3,1,,2,1,6,,,,,,"Nguyen, Mylinh T",,,,,,mln018200,mylinh nguyen,Integral Calculus 
MATH,2414,022,1,6,6,4,3,2,1,4,2,2,,,7,,,,2,,"Nguyen, Mylinh T",,,,,,mln018200,mylinh nguyen,Integral Calculus 
MATH,2415,001,3,9,9,7,8,12,8,6,4,,,,5,,1,,3,,"Wu, Cheyu J",,,,,,cxw153530,cheyu wu,Calculus of Several Variables 
MATH,2415,002,2,7,8,6,5,9,5,4,,,,,3,,,,1,,"Wu, Cheyu J",,,,,,cxw153530,cheyu wu,Calculus of Several Variables 
MATH,2415,003,3,6,4,8,6,3,7,5,,,,,2,,,,3,,"Khan, Rizwanur",,,,,,rxk230072,,Calculus of Several Variables 
MATH,2415,004,5,9,6,5,12,4,5,2,,,,,2,,,,,,"Coskunuzer, Baris",,,,,,bxc190014,baris coskunuzer,Calculus of Several Variables 
MATH,2417,001,2,,1,2,1,1,,4,3,,3,1,4,,,,4,,"Paudel, Ajaya B",,,,,,abp062000,ajaya paudel,Calculus I 
MATH,2417,002,3,3,1,1,1,3,1,2,4,1,2,2,5,,,,1,,"Ohsawa, Tomoki","Abbadi, Soufiane",,,,,txo140730,tomoki ohsawa,Calculus I 
MATH,2417,003,3,1,,1,2,,2,1,2,1,1,,5,,,,1,,"Paudel, Ajaya B",,,,,,abp062000,ajaya paudel,Calculus I 
MATH,2417,004,1,1,,3,3,3,3,5,4,,1,1,4,,,,1,,"Ohsawa, Tomoki","Abbadi, Soufiane",,,,,txo140730,tomoki ohsawa,Calculus I 
MATH,2418,001,13,7,9,5,6,5,3,4,1,3,1,1,6,,,,8,,"Murza, Adrian C",,,,,,acm170730,adrian murza,Linear Algebra 
MATH,2418,002,9,5,7,7,9,3,6,1,3,2,1,,12,,,,7,,"Adabrah, Anani Komla",,,,,,aaa130530,anani adabrah,Linear Algebra 
MATH,2418,003,5,8,5,4,5,8,3,1,,,2,,4,,,,3,,"Wu, Cheyu J",,,,,,cxw153530,cheyu wu,Linear Algebra 
MATH,2418,004,12,1,4,3,,6,5,1,3,,,,7,,,,5,,"Murza, Adrian C",,,,,,acm170730,adrian murza,Linear Algebra 
MATH,2418,005,13,8,7,6,6,6,2,7,2,3,1,1,5,,,,3,,"Murza, Adrian C",,,,,,acm170730,adrian murza,Linear Algebra 
MATH,2418,006,6,6,4,7,5,6,5,5,1,4,,1,8,,,,7,,"Wu, Cheyu J",,,,,,cxw153530,cheyu wu,Linear Algebra 
MATH,2418,007,11,4,7,6,5,6,4,1,2,,2,5,9,,,,8,,"Adabrah, Anani Komla",,,,,,aaa130530,anani adabrah,Linear Algebra 
MATH,2418,008,17,13,6,4,3,,3,5,3,2,,1,6,,,,6,,"Murza, Adrian C",,,,,,acm170730,adrian murza,Linear Algebra 
MATH,2418,501,5,3,,7,1,4,9,7,2,,1,1,8,,,,4,,"Arnold, Maxim",,,,,,mxa149530,maxim arnold,Linear Algebra 
MATH,2418,502,1,4,3,3,5,9,3,4,4,3,1,,8,,,,12,,"Miller, James W",,,,,,jwm170630,james miller,Linear Algebra 
MATH,2418,HN1,3,7,4,2,1,1,,,1,1,,,1,,,,,,"Ramakrishna, Viswanath","Ranpati Dewage, Manjula Mahesh K",,,,,vish,viswanath ramakrishna,Linear Algebra 
MATH,2419,001,7,3,4,2,4,2,3,3,2,1,,,1,,,,,,"Ahsan, Mohammad K",,,,,,mka120030,mohammad ahsan,Calculus II 
MATH,2419,002,6,4,6,2,5,5,2,5,,,1,,5,,,,2,,"Ahsan, Mohammad K",,,,,,mka120030,mohammad ahsan,Calculus II 
MATH,2419,003,7,3,1,4,3,3,3,4,3,2,3,2,3,,,,2,,"Ahsan, Mohammad K",,,,,,mka120030,mohammad ahsan,Calculus II 
MATH,2419,004,9,5,7,6,6,1,5,,2,1,1,,,,,,2,,"Ahsan, Mohammad K",,,,,,mka120030,mohammad ahsan,Calculus II 
MATH,2419,HN1,7,2,1,1,1,,,,,,,,,,1,,,,"Arreche Aguayo, Carlos E","Das, Richik",,,,,cxa171230,carlos arreche,Calculus II 
MATH,2420,001,,4,2,2,2,2,1,7,8,1,,1,3,,,,2,,"Biswas, Saikat",,,,,,sxb230137,saikat biswas,Differential Equations with Applications 
MATH,2420,002,7,6,9,1,6,5,1,3,1,,,,1,,,,3,,"Paudel, Ajaya B",,,,,,abp062000,ajaya paudel,Differential Equations with Applications 
MATH,2420,003,1,7,3,9,3,,3,5,4,,,,5,,,,3,,"Paudel, Ajaya B",,,,,,abp062000,ajaya paudel,Differential Equations with Applications 
MATH,2420,004,,4,1,10,7,,8,4,1,3,,,2,,,,5,,"Biswas, Saikat",,,,,,sxb230137,saikat biswas,Differential Equations with Applications 
MATH,3310,001,4,17,13,2,2,1,2,1,,1,,,2,,,,,,"Dabkowski, Malgorzata A","Smith, Jared",,,,,mxd066000,malgorzata dabkowska,Theoretical Concepts of Calculus 
MATH,3310,002,3,17,6,2,4,5,,1,1,,,,,,,,1,,"Dabkowski, Malgorzata A","Smith, Jared",,,,,mxd066000,malgorzata dabkowska,Theoretical Concepts of Calculus 
MATH,3311,001,2,4,3,4,1,,2,,,,,,1,,,,,,"Dabkowski, Malgorzata A","Billah, Misha",,,,,mxd066000,malgorzata dabkowska,Abstract Algebra I 
MATH,3311,002,4,2,3,3,3,,,,,1,,,,,,,,,"Dabkowski, Malgorzata A","Billah, Misha",,,,,mxd066000,malgorzata dabkowska,Abstract Algebra I 
MATH,3312,001,4,2,1,,2,2,,,,,,,1,,,,1,,"Arreche Aguayo, Carlos E",,,,,,cxa171230,carlos arreche,Abstract Algebra II 
MATH,3315,001,3,5,7,5,1,,1,,,,,,5,,,,,,"Williams, Nathan F","Crane, Casey M",,,,,nxw170830,nathan williams,Discrete Mathematics and Combinatorics 
MATH,3321,501,4,3,1,,,,,,,,,,1,,,,1,,"Akbar, Mohammad M",,,,,,mma110020,mohammad akbar,Geometry 
MATH,3351,001,11,4,,2,10,2,1,6,1,2,1,2,2,,,,1,,"McKeown, Stephen","Liu, Jingzhou",,,,,sxm190098,stephen mckeown,Advanced Calculus 
MATH,3351,002,,2,6,12,6,7,8,3,2,,,,1,,,,,,"Biswas, Saikat","Liu, Jingzhou",,,,,sxb230137,saikat biswas,Advanced Calculus 
MATH,3379,001,4,5,2,2,1,3,,2,,,,,6,,,,,,"Dahal, Rabin",,,,,,rxd153030,rabin dahal,Complex Variables 
MATH,3380,001,4,5,,,3,,,1,,,4,2,2,,,,,,"McKeown, Stephen","Babu, Ivin",,,,,sxm190098,stephen mckeown,Differential Geometry 
MATH,4302,001,3,4,3,3,2,2,2,4,2,,,,,,,,,,"Dabkowski, Mieczyslaw K","Sarkar, Soham",,,,,mkd034000,mieczyslaw dabkowski,Mathematical Analysis II 
MATH,4332,501,24,1,9,11,8,9,7,2,,1,,,1,,,,2,,"Adabrah, Anani Komla","Kaluduwage, Madhavi Dilshani Anuruddhika F",,,,,aaa130530,anani adabrah,Scientific Computing using Python 
MATH,4334,001,4,9,6,1,3,2,1,,1,,,,1,,,,1,,"Biswas, Saikat","Sarkar, Soham",,,,,sxb230137,saikat biswas,Numerical Analysis 
MATH,4355,001,2,5,3,4,2,4,,4,1,,,1,1,,,,1,,"Ramakrishna, Viswanath","Ranpati Dewage, Manjula Mahesh K",,,,,vish,viswanath ramakrishna,Methods of Applied Mathematics 
MATH,4362,001,2,4,1,,3,,1,,,,,,,,,,,,"Lazebnik, Kirill",,,,,,dal233919,,Partial Differential Equations 
MATH,6302,501,,6,2,8,1,1,,,,,,,,,,,,,"Rachinskiy, Dmitry","Crane, Casey M",,,,,dxr124030,dmitry rachinskiy,Functional Analysis I 
MATH,6303,001,,1,9,7,1,,,,,,,,,,,,,,"Conlon, Ronan","Dabkowski, Mieczyslaw K",,,,,rxc200021,ronan conlon,Theory of Complex Functions I 
MATH,6309,001,,3,1,2,3,2,1,2,,,,,1,,,,2,,"Tran, Anh T","Babu, Ivin",,,,,att140830,anh tran,Differential Geometry 
MATH,6312,001,,39,4,3,1,,,,,,,,,,,,1,,"Arreche Aguayo, Carlos E","Billah, Misha",,,,,cxa171230,carlos arreche,Combinatorics and Graph Theory 
MATH,6318,001,,6,2,5,2,,,,,,,,,,,,,,"Pereira, Luis Felipe F","Zhou, Dilong",,,,,lfp140030,luis pereira,Numerical Analysis of Differential Equations 
MATH,6321,001,,5,7,8,7,2,,,,,,,,,,,,,"Cao, Yan","Zhou, Dilong",,,,,yxc069200,yan cao,Optimization 
MATH,6322,501,,10,3,2,2,1,,,,,,,,,,,,,"Wu, Nan","Fatema, Saba",,,,,nxw220012,nan wu,Mathematical Foundations of Data Science 
MATH,7318,001,,9,1,,,,,,,,,,,,,,1,,"Bensoussan, Alain","Hasija, Jyoti",,,,,axb046100,,Stochastic Dynamic Programming 
MECH,1208,0W1,13,108,30,11,10,2,1,2,3,,1,1,1,,,,1,,"Fadda, Dani Z","Thamban, P L Stephan","Kayum, Md Abdul","Jamee, Tousif",,,dzf091000,dani fadda,Introduction to Mechanical Engineering II 
MECH,2120,101,9,11,1,1,,2,,,,,,,,,,,,,"Lu, Hongbing","Hasan, Mohaimenul","Tayefeh Kazemi, Minoo",,,,hxl101000,hongbing lu,Mechanics of Materials Laboratory 
MECH,2120,102,16,4,,,,,,,,,,,2,,,,,,"Lu, Hongbing","Hasan, Mohaimenul",,,,,hxl101000,hongbing lu,Mechanics of Materials Laboratory 
MECH,2120,103,20,3,,,,,,,,,,,1,,,,,,"Lu, Hongbing","Hasan, Mohaimenul",,,,,hxl101000,hongbing lu,Mechanics of Materials Laboratory 
MECH,2120,104,5,13,1,3,,,,,,,,,,,,,2,,"Lu, Hongbing","Jain, Rishika",,,,,hxl101000,hongbing lu,Mechanics of Materials Laboratory 
MECH,2120,105,9,9,2,,,,,,,,,,,,,,,,"Lu, Hongbing","Tayefeh Kazemi, Minoo",,,,,hxl101000,hongbing lu,Mechanics of Materials Laboratory 
MECH,2310,001,,4,1,1,4,4,2,7,5,1,2,2,,,,,2,,"Thamban, P L Stephan","Nandigama, Purna Sai Pavan Kalyan",,,,,stephan,p l stephan thamban,Statics 
MECH,2310,002,2,4,4,10,2,2,9,3,1,3,3,1,2,,,,1,,"Thamban, P L Stephan","Nandigama, Purna Sai Pavan Kalyan",,,,,stephan,p l stephan thamban,Statics 
MECH,2320,001,2,6,5,6,13,11,4,5,7,,,,,,,,1,,"Leem, Juyoung","Charles, Daniel",,,,,jxl230028,juyoung leem,Mechanics of Materials 
MECH,2320,002,2,3,1,2,,1,1,5,4,,1,,9,,,,4,,"D'Souza, Nandika A","Kumar, Pavan P",,,,,nad240000,nandika dsouza,Mechanics of Materials 
MECH,2330,001,1,14,2,3,6,4,4,2,4,1,4,,1,,,,1,,"Thamban, P L Stephan","Miles, Drew",,,,,stephan,p l stephan thamban,Dynamics 
MECH,2330,002,,18,,25,6,,1,1,,,,,,,,,,,"Ni, Xinchen","Ban, Mingyang",,,,,xxn230001,xinchen ni,Dynamics 
MECH,2340,001,,17,7,6,3,1,2,1,1,1,,1,,,,,,,"Hart, Robert A","Chen, Justin",,,,,rxh124630,robert hart,Circuits and Applied Electronics 
MECH,3105,101,,20,7,8,9,3,4,2,3,,,,2,,,,,,"Rios, Oziel","Kulkarni, Rituja S","Adebayo, Oredola A",,,,oxr106020,oziel rios,Computer Aided Design Laboratory 
MECH,3105,102,1,23,8,4,6,2,3,1,1,,2,,6,,,,1,,"Rios, Oziel","Adebayo, Oredola A","Kulkarni, Rituja S",,,,oxr106020,oziel rios,Computer Aided Design Laboratory 
MECH,3115,101,4,8,9,3,,,,,,,,,,,,,,,"Jin, Yaqing","Gong, Pengyao",,,,,yxj190011,yaqing jin,Fluid Mechanics Laboratory 
MECH,3115,102,,11,8,3,1,1,,,,,,,,,,,,,"Jin, Yaqing","Gong, Pengyao",,,,,yxj190011,yaqing jin,Fluid Mechanics Laboratory 
MECH,3115,103,14,8,1,,,,,,,,,,,,,,,,"Jin, Yaqing","Zani, Md. Rafsan",,,,,yxj190011,yaqing jin,Fluid Mechanics Laboratory 
MECH,3115,104,14,6,4,,,,,,,,,,,,,,,,"Jin, Yaqing","Zani, Md. Rafsan",,,,,yxj190011,yaqing jin,Fluid Mechanics Laboratory 
MECH,3115,105,5,5,5,,,,,,,,,,,,,,,,"Jin, Yaqing","Adnan, Sakib",,,,,yxj190011,yaqing jin,Fluid Mechanics Laboratory 
MECH,3120,101,4,11,3,3,1,,,,,,,,,,,,,,"Hassanipour, Fatemeh","Gutierrez Pua, Lizeth D","Olapojoye, Abdullahi O",,,,fxh091000,fatemeh hassanipour,Heat Transfer Laboratory 
MECH,3120,102,8,7,3,3,1,,,,,,,,,,,,,,"Hassanipour, Fatemeh","Gutierrez Pua, Lizeth D","Olapojoye, Abdullahi O",,,,fxh091000,fatemeh hassanipour,Heat Transfer Laboratory 
MECH,3120,103,3,6,3,4,,1,,1,,,,,,,,,,,"Hassanipour, Fatemeh","Gutierrez Pua, Lizeth D","Olapojoye, Abdullahi O",,,,fxh091000,fatemeh hassanipour,Heat Transfer Laboratory 
MECH,3150,101,3,24,6,10,6,3,1,,,,,,,,,,,,"Park, Wooram","Bizhan Pour, Ali",,,,,wxp103020,wooram park,Kinematics and Dynamics Laboratory 
MECH,3150,102,10,17,14,14,3,2,3,,1,,,,,,,,,,"Park, Wooram","Bizhan Pour, Ali",,,,,wxp103020,wooram park,Kinematics and Dynamics Laboratory 
MECH,3305,001,19,3,3,1,2,,,,,,,,,,,,,,"Li, Wei","Li, Benquan",,,,,wxl190014,,Computer Aided Design 
MECH,3305,0W1,,9,6,15,17,10,10,8,1,5,3,1,3,,,,3,,"Rios, Oziel","Adebayo, Oredola A","Kulkarni, Rituja S",,,,oxr106020,oziel rios,Computer Aided Design 
MECH,3310,0H1,13,6,1,7,1,7,6,4,2,,1,,,,,,,,"Ouyang, Hui","Guo, Yuhui","Keewan, Ashraf Z",,,,hxo150330,hui ouyang,Thermodynamics 
MECH,3310,0W1,9,5,5,4,5,13,9,10,4,2,1,1,,,1,,1,,"Ouyang, Hui","Guo, Yuhui","Keewan, Ashraf Z",,,,hxo150330,hui ouyang,Thermodynamics 
MECH,3315,002,12,5,5,10,9,10,1,3,8,,,,,,,,,,"Liu, Zhen","Manchikatla, Sankeerthana",,,,,dal303211,zhen liu,Fluid Mechanics 
MECH,3320,001,18,13,6,2,2,1,2,2,1,,,,1,,,,1,,"Cui, Shuang","Olapojoye, Abdullahi O",,,,,sxc200064,shuang cui,Heat Transfer 
MECH,3320,002,15,22,10,13,4,4,2,1,,,,,,,,,,,"Xiong, Guoping","Rahimi, Hootan",,,,,gxx200001,guoping xiong,Heat Transfer 
MECH,3340,001,4,8,9,6,4,3,2,2,,,,1,1,,1,,1,,"Li, Yaoyu","Angshu, Kazi T",,,,,yxl115230,yaoyu li,System Dynamics Modeling and Analysis 
MECH,3340,002,3,2,2,5,6,8,3,4,,,1,,,,,,1,,"Wang, Zejiang","Abootorabi, Seyedalireza",,,,,zxw240006,zejiang wang,System Dynamics Modeling and Analysis 
MECH,3340,003,,6,9,6,8,8,1,3,2,,,,,,,,,,"Park, Wooram","Abootorabi, Seyedalireza",,,,,wxp103020,wooram park,System Dynamics Modeling and Analysis 
MECH,3350,001,,,2,4,3,5,6,7,14,2,,15,4,,,,2,,"Rios, Oziel","Chowdhury, Md Tareq",,,,,oxr106020,oziel rios,Kinematics and Dynamics of Mechanical Systems 
MECH,3351,001,,13,8,2,6,9,1,,,,,,,,,,,,"Qian, Dong","Setayeshpour, Soroush",,,,,dxq120430,dong qian,Design of Mechanical Systems 
MECH,3351,002,,,7,9,14,13,11,3,,1,,,,,,,1,,"Bernal Montoya, Rodrigo A","Nonso-Anyakwo, Kenny K",,,,,rab160530,rodrigo bernal,Design of Mechanical Systems 
MECH,3360,001,,9,14,10,4,8,5,4,3,,3,,,,,,,,"Minary-Jolandan, Majid","Khakzad, Moein",,,,,mxm124631,majid minary,Introduction to Materials Science 
MECH,3380,0W1,12,10,11,5,4,4,4,2,,,,,5,,,,2,,"Malik, Arif S","Hossain, Al-Mustasin A",,,,,axm154531,arif malik,Introduction to Computational Design and Analysis 
MECH,3382,001,6,16,16,4,2,2,,,,,,1,2,,,,,,"Li, Wei","Li, Benquan",,,,,wxl190014,,Additive Manufacturing 
MECH,4110,101,6,4,1,3,1,1,1,1,1,,,,1,,,,,,"Wagner, Jonas R",,,,,,jrw200000,,Systems and Controls Laboratory 
MECH,4110,102,7,2,4,2,2,1,2,,,,,,,,,,,,"Wagner, Jonas R",,,,,,jrw200000,,Systems and Controls Laboratory 
MECH,4110,103,8,1,1,1,3,,1,,,,,,,,,,,,"Wagner, Jonas R",,,,,,jrw200000,,Systems and Controls Laboratory 
MECH,4110,104,2,2,4,1,3,,,3,,,,,1,,1,,,,"Wagner, Jonas R",,,,,,jrw200000,,Systems and Controls Laboratory 
MECH,4110,105,4,2,4,2,1,1,,1,,,,,,,,,,,"Wagner, Jonas R",,,,,,jrw200000,,Systems and Controls Laboratory 
MECH,4310,001,3,4,7,,10,7,3,6,2,,,,1,,,,,,"Summers, Tyler H","Angshu, Kazi T",,,,,ths150130,tyler summers,Systems and Controls 
MECH,4310,002,2,7,9,5,12,3,6,4,5,,,,1,,,,1,,"Summers, Tyler H","Lingad, Michael V",,,,,ths150130,tyler summers,Systems and Controls 
MECH,4342,001,2,6,3,3,4,4,3,4,1,,,,,,,,1,,"Park, Wooram",,,,,,wxp103020,wooram park,Introduction to Robotics 
MECH,4345,001,1,2,7,3,1,1,1,,,1,,,,,,,1,,"Tadesse, Yonas T","Singh, Abhishek P",,,,,ytt110030,yonas tadesse,Soft Robotics 
MECH,4365,001,6,9,10,7,5,,,2,,,,,2,,,,3,,"Zhang, Jie","Olojede, Damilola R",,,,,jxz156730,jie zhang,Energy Analytics 
MECH,4381,001,1,8,9,8,2,5,1,,,,,,,,,,,,"Fadda, Dani Z",,,,,,dzf091000,dani fadda,Senior Design Project I 
MECH,4382,001,,37,29,25,22,10,5,4,2,,,,,,,,,,"Hart, Robert A","Tjahjono, Nathaniel S",,,,,rxh124630,robert hart,Senior Design Project II 
MECH,4V95,001,,5,8,9,3,,,1,,,,,,,,,1,,"Minary-Jolandan, Majid","Khakzad, Moein",,,,,mxm124631,majid minary,Topics in Mechanical Engineering 
MECH,4V95,003,,7,5,4,,,,,,,,,,,,,,,"Ni, Xinchen","Ban, Mingyang",,,,,xxn230001,xinchen ni,Topics in Mechanical Engineering 
MECH,4V95,004,9,3,2,,,1,,,,,,,,,,,1,,"Miller, Kristin S",,,,,,ksm220003,kristin miller,Topics in Mechanical Engineering 
MECH,6309,001,,6,4,6,4,6,,,,,,,,,,,,,"Park, Wooram",,,,,,wxp103020,wooram park,Intermediate Dynamics 
MECH,6314,001,,4,5,2,4,8,,,,,,,,,,,,,"Abbas, Waseem","Amoori, Ali R",,,,,wxa210006,waseem abbas,Engineering Systems  Modeling and Simulation 
MECH,6317,001,,8,2,,5,1,,,,,,,,,,,,,"Spong, Mark W","Amoori, Ali R",,,,,mws081000,mark spong,Dynamics of Complex Networks and Systems 
MECH,6326,002,,9,3,2,,2,,,,,,,2,,,,,,"Summers, Tyler H",,,,,,ths150130,tyler summers,Optimal Control and Dynamic Programming 
MECH,6333,001,,16,4,4,3,,1,2,,,,,,,,,,,"Malik, Arif S","Hossain, Al-Mustasin A",,,,,axm154531,arif malik,
MECH,6334,001,,3,7,7,2,,,,,,,,,,,,,,"Tadesse, Yonas T",,,,,,ytt110030,yonas tadesse,Smart Materials and Structures 
MECH,6336,001,,16,9,3,2,,,,,,,,,,,,,,"Minary-Jolandan, Majid","Khakzad, Moein",,,,,mxm124631,majid minary,Manufacturing and Characterization of Functional Materials 
MECH,6373,001,,10,2,2,1,2,,1,,,,,,,,,,,"You, Seung M",,,,,,smy130030,seung you,Convective Heat Transfer 
MECH,6V49,001,,5,11,1,,,,,,,,,,,,,,,"Tadesse, Yonas T","Singh, Abhishek P",,,,,ytt110030,yonas tadesse,Special Topics in Manufacturing and Design Innovation 
MECH,6V49,004,,11,,,,,,,,,,,,,,,,,"Miller, Kristin S",,,,,,ksm220003,kristin miller,Special Topics in Manufacturing and Design Innovation 
MECH,6V69,003,,8,1,1,,,,1,,,,,,,,,,,"Ni, Xinchen","Ban, Mingyang",,,,,xxn230001,xinchen ni,Special Topics in Mechanics and Materials 
MECH,6V89,001,,8,5,1,1,2,,,,,,,,,,,,,"Jin, Xinfang",,,,,,dal356464,,Special Topics in Thermal and Fluid Sciences 
MECO,4352,001,2,3,1,3,,1,,2,,,1,,,,,,1,,"Blueshtein, Moran","Goyal, Tarini",,,,,mxb135230,moran blueshtein,Applied Econometrics and Time Series Analysis 
MECO,6303,0W1,,16,15,8,9,5,,,,,,,,,,,2,,"Lewin, Peter","Konda, Ravi Kiran Reddy",,,,,plewin,peter lewin,Business Economics 
MECO,6303,501,,17,5,1,3,1,,,,,,,,,,,,,"Lewin, Peter",,,,,,plewin,peter lewin,Business Economics 
MECO,6303,GW1,,21,16,2,3,1,,,,,,,2,,,,,,"Kiser, Stephen L",,,,,,slk012100,stephen kiser,
MECO,6318,501,,6,3,3,,1,2,,,,,,,,,,,,"Scott, Jonathan",,,,,,jxs230065,,Energy Markets   Policy 
MECO,6350,001,,2,,4,4,2,4,,,,,,,,,,,,"Hyndman, Kyle B",,,,,,tdp062000,kyle hyndman,Game Theory 
MILS,180,101,,16,,,,,,1,,,,,,,,,,,"Stevenson, Brian A",,,,,,bas240000,,Leadership Lab 
MIS,6009,091,,,,,,,,,,,,,,,,,,16,"Bellamy, Michelle",,,,,,mxb240062,michelle bellamy,
MIS,6302,0W1,,18,9,3,1,,,,,,,,,,,,,,"Majumdar, Sumit K","Yang, Yunxuan M",,,,,skm021100,sumit majumdar,Managing Digital Strategy 
MIS,6308,001,,20,16,9,5,,,,,,,,,,,,,,"Srikanth, Kannan","Kadam, Trupti Amarnath",,,,,kxs018700,,System Analysis and Project Management 
MIS,6308,002,,1,7,3,4,6,1,1,,,,,2,,,,,,"Baker, Jeffrey M","Batra, Vanshu",,,,,dal616978,,System Analysis and Project Management 
MIS,6308,004,,2,9,5,1,1,,1,,,,,,,,,,,"Baker, Jeffrey M","Batra, Vanshu",,,,,dal616978,,System Analysis and Project Management 
MIS,6308,0W1,,13,10,7,18,,,,,,,,,,,,,,"Raghunathan, Srinivasan","Wei, Ning",,,,,sraghu,srinivasan raghunathan,System Analysis and Project Management 
MIS,6309,001,,15,2,12,16,1,3,1,,,,,3,,,,,,"Islam, Naser","Joshi, Khanjan D",,,,,nxi110630,naser islam,Business Data Warehousing 
MIS,6309,0W1,,8,2,10,10,1,2,2,,,,,,,,,1,,"Islam, Naser","Joshi, Khanjan D",,,,,nxi110630,naser islam,Business Data Warehousing 
MIS,6309,501,,4,1,6,8,3,,3,,,,,2,,1,,,,"Islam, Naser","Joshi, Khanjan D",,,,,nxi110630,naser islam,Business Data Warehousing 
MIS,6309,S01,,15,1,7,1,,1,,,,,,,,,,,,"Islam, Naser","Joshi, Khanjan D",,,,,nxi110630,naser islam,
MIS,6313,0W1,,17,18,13,9,,1,2,,,,,1,,,,,,"Hefley, William E","Gollapudi, Ravindra",,,,,weh150130,william hefley,Managing IT in the Analytics Age 
MIS,6313,CH1,,24,5,1,,,,,,,,,,,,,,,"Rhoades, Mike",,,,,,,mike rhoades,
MIS,6313,MBC,,39,4,,,,,,,,,,,,1,,,,"Bose, Ashim","Gollapudi, Ravindra",,,,,axb230208,ashim bose,
MIS,6313,XH1,,8,3,3,2,1,,,,,,,,,,,,,"Wiant, Russell",,,,,,,russell wiant,
MIS,6324,0W1,,15,9,3,5,2,,,,,,,,,,,3,,"Menon, Syam S","Ghosh, Debapratim",,,,,sxm021300,syam menon,Business Analytics With SAS 
MIS,6326,0W1,,7,6,3,,,,,,,,,,,,,,,"Ryu, Young U","Li, Baorui",,,,,ryoung,young ryu,Data Management 
MIS,6330,0W1,,14,3,3,1,2,1,1,,,,,3,,,,,,"Cavusoglu, Huseyin","Li, Baorui",,,,,huseyin,huseyin cavusoglu,Cybersecurity Fundamentals 
MIS,6330,501,,12,10,7,4,2,1,2,,,,,,,,,2,,"Ivaschenko, Alex","Katoch, Akanksha",,,,,aii170030,alex ivaschenko,Cybersecurity Fundamentals 
MIS,6332,5W1,,9,,,1,,,,,,,,,,,,,,"Thompson, Luell O","Gondkar, Piyush Anil",,,,,lot013000,luell thompson,Intelligent Enterprise Systems Configurations and Implementation with SAP 
MIS,6333,001,,6,8,21,6,3,,,,,,,1,,,,,,"Shroff, Tejas N","Gondkar, Piyush Anil",,,,,tns190000,tejas shroff,Digital Forensics and Incident Management 
MIS,6337,001,,3,2,2,2,,,,,,,,,,,,1,,"Mauriello, Joseph A",,,,,,jam151430,joseph mauriello,Information Technology Audit and Risk Management 
MIS,6344,501,,8,8,1,7,1,3,2,,,,,1,,,,,,"Maru, Vatsal K","Atmakuri, Dheeraj",,,,,vkm220000,vatsal maru,Web Analytics 
MIS,6344,5W1,,7,8,7,6,2,,1,,,,,,,,,,,"Maru, Vatsal K","Atmakuri, Dheeraj",,,,,vkm220000,vatsal maru,Web Analytics 
MIS,6346,001,,11,10,7,2,1,,,,,,,,,,,,,"El-Youssef, Rami","Bhole, Nikita Chandrakiran",,,,,rxe200001,rami el youssef,Big Data 
MIS,6346,002,,14,10,4,2,1,,,,,,,,,,,,,"El-khodari, Gasan E","Kadam, Ashlesha Sanjay",,,,,gxe051000,gasan elkhodari,Big Data 
MIS,6346,501,,13,9,5,2,1,,,,,,,,,,,,,"El-khodari, Gasan E","Kadam, Ashlesha Sanjay",,,,,gxe051000,gasan elkhodari,Big Data 
MIS,6349,001,,13,8,8,2,5,,2,,,,,,,,,,,"Paes, Antonio P","Nedunchezhiyan Kanmani, Senthamil Selvi",,,,,app210006,antonio paes,Digital Consulting Project 
MIS,6349,002,,16,16,13,9,2,,1,,,,,,,,,,,"Garapaty, Ramesh S","Shah, Dhruv R",,,,,dal510243,,Digital Consulting Project 
MIS,6349,003,,59,,,,,,,,,,,,,,,,,"Lowe, Florence","Parmar, Hitarth J",,,,,fxl210009,florence lowe,Digital Consulting Project 
MIS,6349,004,,38,10,10,,,,,,,,,,,,,,,"Sivaramakrishnan, Sriram",,,,,,sxs230045,sriram sivaramakrishnan,Digital Consulting Project 
MIS,6349,5W1,,20,14,5,2,1,,1,,,,,,,,,,,"Short, Kevin P","Nnaji, Chinedu U",,,,,kps170330,kevin short,Digital Consulting Project 
MIS,6351,501,,,5,9,4,4,,,,,,,,,,,,,"Shroff, Tejas N","Gondkar, Piyush Anil",,,,,tns190000,tejas shroff,Identity and Access Management 
MIS,6356,501,,2,10,5,,,,,,,,,,,,,,,"Lee, Heeseung","Khan, Afnan Anwar",,,,,hxl220030,heeseung lee,Business Analytics With R 
MIS,6356,502,,5,1,4,,,,,,,,,,,,,,,"Lee, Heeseung","Khan, Afnan Anwar",,,,,hxl220030,heeseung lee,Business Analytics With R 
MIS,6360,0W1,,16,13,11,11,1,,,,,,,,,,,3,,"Thouin, Mark F","Gunasekaran, Rajesh Yadav",,,,,mxt083000,mark thouin,Agile Project Management 
MIS,6363,001,,32,11,6,1,,2,,,,,,,,,,,,"Song, Liugen",,,,,,lxs190018,liugen song,Cloud Computing Fundamentals 
MIS,6363,0W1,,47,4,2,1,,3,,,,,,,,,,1,,"Calisir, Engin","Sivakumar, Nithesh",,,,,exc030100,engin calisir,Cloud Computing Fundamentals 
MIS,6363,501,,10,26,12,7,2,1,,,,,,,,,,,,"Nasir, Kamal","Sivakumar, Nithesh",,,,,kxn152930,,Cloud Computing Fundamentals 
MIS,6363,S01,,8,7,5,2,,,,,,,,1,,,,,,"Raheem, Abdul",,,,,,axr122430,abdul raheem,
MIS,6369,501,,6,3,3,1,1,1,,,,,,,,,,,,"Subramoniam, Ramesh","Udata, Bhaskara Ravi Teja",,,,,rxs179630,ramesh subramoniam,Supply Chain Software with SAP 
MIS,6378,001,,6,8,5,7,5,4,2,,,,,,,,,,,"Thanawalla, Moyez","Atmakuri, Dheeraj",,,,,mst180005,moyez thanawalla,Customer Relationship Management with Salesforce 
MIS,6378,002,,13,7,8,11,14,2,3,,,,,,,,,1,,"Thanawalla, Moyez","Atmakuri, Dheeraj",,,,,mst180005,moyez thanawalla,Customer Relationship Management with Salesforce 
MIS,6380,001,,22,1,1,2,2,1,1,,,,,,,,,,,"Bradbury, Judd D","Patel, Sakshi Jayesh",,,,,jdb101000,judd bradbury,Data Visualization 
MIS,6380,002,,17,5,12,14,1,2,1,,,,,,,,,,,"Islam, Naser","Anand, Punya I",,,,,nxi110630,naser islam,Data Visualization 
MIS,6380,003,,9,1,3,1,,,,,,,,,,,,,,"Bradbury, Judd D","Patel, Sakshi Jayesh",,,,,jdb101000,judd bradbury,Data Visualization 
MIS,6380,004,,25,2,9,9,,,2,,,,,,,,,,,"Islam, Naser","Anand, Punya I",,,,,nxi110630,naser islam,Data Visualization 
MIS,6380,0W1,,7,2,4,2,1,1,2,,,,,2,,,,,,"Bradbury, Judd D","Patel, Sakshi Jayesh",,,,,jdb101000,judd bradbury,Data Visualization 
MIS,6380,501,,14,1,16,13,,4,3,,,,,,,1,,,,"Islam, Naser","Anand, Punya I",,,,,nxi110630,naser islam,Data Visualization 
MIS,6380,SW1,,10,1,3,,,1,,,,,,,,,,,,"Bradbury, Judd D","Patel, Sakshi Jayesh",,,,,jdb101000,judd bradbury,
MIS,6382,001,,15,,2,2,,,,,,,,,,,,,,"Wang, Hongchang","Khare, Aakanksha Shekhar",,,,,hxw140930,hongchang wang,Object Oriented Programming in Python 
MIS,6382,002,,14,3,,1,,,,,,,,,,,,,,"Wang, Hongchang","Khare, Aakanksha Shekhar",,,,,hxw140930,hongchang wang,Object Oriented Programming in Python 
MIS,6382,003,,33,8,3,1,,,,,,,,,,,,,,"Wang, Hongchang","Khare, Aakanksha Shekhar",,,,,hxw140930,hongchang wang,Object Oriented Programming in Python 
MIS,6382,501,,4,4,6,3,,,,,,,,1,,,,,,"Neouchi, Rabih","Parmar, Hitarth J",,,,,rxn200012,rabih neouchi,Object Oriented Programming in Python 
MIS,6382,502,,3,7,4,4,,,,,,,,,,,,,,"Neouchi, Rabih","Parmar, Hitarth J",,,,,rxn200012,rabih neouchi,Object Oriented Programming in Python 
MIS,6382,503,,10,5,6,7,,,,,,,,,,,,,,"Neouchi, Rabih","Parmar, Hitarth J",,,,,rxn200012,rabih neouchi,Object Oriented Programming in Python 
MIS,6389,001,,21,5,4,,4,1,,,,,,,,,,,,"Calisir, Engin","Sivakumar, Nithesh",,,,,exc030100,engin calisir,AWS Cloud Solution Architecture 
MIS,6392,001,,7,3,2,2,3,1,,,,,,,,,,,,"Mehra, Amit","Chen, Luoying",,,,,axm078200,amit mehra,Causal Analytics and A B Testing 
MIS,6393,001,,13,23,11,2,9,,,,,,,,,,,,,"Lowe, Florence","Kolhe, Lalit K",,,,,fxl210009,florence lowe,Foundations of Digital Product Management 
MIS,6393,002,,41,10,3,,,,,,,,,,,1,,,,"Bose, Ashim","Khan, Afnan Anwar",,,,,axb230208,ashim bose,Foundations of Digital Product Management 
MIS,6393,501,,22,14,1,4,,1,,,,,,,,,,,,"Bose, Ashim","Khan, Afnan Anwar",,,,,axb230208,ashim bose,Foundations of Digital Product Management 
MIS,6V98,001,,,,,,,,,,,,,,,,,,96,"Bellamy, Michelle",,,,,,mxb240062,michelle bellamy,
MKT,3300,001,38,7,7,7,,1,,,,,,,,,,,,,"Saremi, Ehsan",,,,,,exs151030,ehsan saremi,Principles of Marketing 
MKT,3300,002,2,,3,11,18,12,4,3,,1,2,,2,,,,,,"Kirk-Rolley, Lori",,,,,,lxk230030,lori kirk rolley,Principles of Marketing 
MKT,3300,003,,9,8,2,6,3,5,5,4,2,,1,,,,,1,,"Xie, Ying","Madan, Anmol",,,,,yxx124930,ying xie,Principles of Marketing 
MKT,3300,004,3,30,15,2,6,4,,,,,,,,,,,,,"Egeland, Rita E",,,,,,rxb154430,rita bargerhuff egeland,Principles of Marketing 
MKT,3300,005,36,8,4,7,,1,1,,,,,,3,,,,,,"Saremi, Ehsan",,,,,,exs151030,ehsan saremi,Principles of Marketing 
MKT,3300,006,,8,4,7,6,9,5,6,1,1,,,,,,,,,"Li, Yilun","Miao, Jin",,,,,yxl240030,,Principles of Marketing 
MKT,3300,007,1,13,6,5,7,7,5,1,2,,,,1,,,,,,"Li, Yilun","Miao, Jin",,,,,yxl240030,,Principles of Marketing 
MKT,3300,008,3,14,8,8,14,6,3,1,2,1,,,,,,,,,"Kong, Xinyao","Bajwa, Achint Kaur",,,,,xxk230000,xinyao kong,Principles of Marketing 
MKT,3300,009,6,5,9,16,10,6,3,,,1,,2,,,,,,,"Kong, Xinyao","Li, Peihan",,,,,xxk230000,xinyao kong,Principles of Marketing 
MKT,3300,010,2,6,11,10,15,6,8,,,1,,,,,,,1,,"Kong, Xinyao","Li, Peihan",,,,,xxk230000,xinyao kong,Principles of Marketing 
MKT,3300,011,,1,2,6,5,7,7,12,2,,,,,,,,1,,"Wu, Fang","Bekkary, Yeshashwini","Yu, Tongpu",,,,fxw052000,fang wu,Principles of Marketing 
MKT,3300,012,5,19,9,5,2,,,,1,,,,,,,,1,,"Bigham, Paul E",,,,,,epb180001,ernest bigham,Principles of Marketing 
MKT,3300,013,,6,6,6,7,10,3,8,,,2,,5,,,,,,"Kumar, Nanda S","Lim, Taewook",,,,,nkumar,nanda kumar,Principles of Marketing 
MKT,3300,014,7,32,13,4,1,1,1,,,,,,,,,,,,"Egeland, Rita E",,,,,,rxb154430,rita bargerhuff egeland,Principles of Marketing 
MKT,3300,0W1,,14,13,10,4,4,1,1,2,1,,,,,,,,,"Pahwa, Parneet","Dudeja, Shivika","Bajwa, Achint Kaur","Syed Mohammed, Yasser Razvi",,,pxp030100,parneet pahwa,Principles of Marketing 
MKT,3300,0W2,,5,7,10,12,7,4,1,2,,,1,,,,,1,,"Wu, Fang","Yu, Tongpu",,,,,fxw052000,fang wu,Principles of Marketing 
MKT,3300,501,7,10,15,4,8,2,,,,,,2,,,,,,,"Chiong, Khai X",,,,,,kxc173030,khai chiong,Principles of Marketing 
MKT,3300,503,,7,1,5,14,2,6,4,2,3,,,,,,,2,,"Rajaratnam, Daniel",,,,,,dxr143430,daniel rajaratnam,Principles of Marketing 
MKT,3320,001,,5,5,11,12,10,3,1,,,,,,,,,,,"Wu, Fang","Yu, Tongpu",,,,,fxw052000,fang wu,Product and Brand Management 
MKT,3330,001,3,5,4,,1,5,1,3,2,,2,,2,,,,1,,"Dale, Anita K",,,,,,akd240002,anita dale,Introduction to Professional Selling 
MKT,3330,002,1,6,12,3,1,1,1,,1,,1,,2,,,,,,"Amirpour, Semiramis",,,,,,sxa130731,semiramis amirpour,Introduction to Professional Selling 
MKT,3330,003,,2,4,5,,2,1,2,1,,1,,1,,,,1,,"Dale, Anita K",,,,,,akd240002,anita dale,Introduction to Professional Selling 
MKT,3330,004,1,3,9,2,5,3,,1,,,1,,,,,,2,,"Dale, Anita K",,,,,,akd240002,anita dale,Introduction to Professional Selling 
MKT,3330,005,,7,6,4,4,3,2,1,1,,,,1,,,,1,,"Amirpour, Semiramis",,,,,,sxa130731,semiramis amirpour,Introduction to Professional Selling 
MKT,3330,501,,3,6,1,4,1,1,3,,,,1,1,,,,1,,"Dale, Anita K",,,,,,akd240002,anita dale,Introduction to Professional Selling 
MKT,3340,001,,7,3,11,11,1,5,1,,,,,,,,,,,"Zhang, Wensi","Lim, Taewook",,,,,wxz161430,wensi zhang,Marketing Research 
MKT,3340,002,,4,,7,14,,,1,,,1,,,,,,,,"Zhang, Wensi","Lim, Taewook",,,,,wxz161430,wensi zhang,Marketing Research 
MKT,3340,501,5,6,3,10,12,2,,,,,,,,,,,,,"Zhang, Wensi","Lim, Taewook",,,,,wxz161430,wensi zhang,Marketing Research 
MKT,4090,091,,,,,,,,,,,,,,17,,,,,"Haworth, Julie B",,,,,,haworth,julie haworth,
MKT,4330,001,3,9,4,5,2,2,2,1,,,1,,1,,,,,,"Mabruk, Zayd N",,,,,,znm071000,zayd mabruk,Digital and Internet Marketing 
MKT,4330,0W1,7,7,6,7,4,4,4,2,2,1,2,1,,,,,,,"Edsel, Alexander D",,,,,,ade012000,alexander edsel,Digital and Internet Marketing 
MKT,4330,0W2,4,5,8,3,12,2,2,1,1,2,1,1,,,,,,,"Edsel, Alexander D",,,,,,ade012000,alexander edsel,Digital and Internet Marketing 
MKT,4331,001,7,15,4,1,1,,1,1,,,,,1,,,,5,,"Dover, Howard F",,,,,,hfd021000,howard dover,Digital Prospecting 
MKT,4331,002,2,14,4,,5,1,,2,1,,,2,4,,,,2,,"Dover, Howard F",,,,,,hfd021000,howard dover,Digital Prospecting 
MKT,4332,001,7,1,4,,1,1,2,2,1,1,,,1,,,,1,,"Amirpour, Semiramis",,,,,,sxa130731,semiramis amirpour,Advanced Professional Sales 
MKT,4333,001,,,,,2,1,1,1,1,,3,,,,1,,,,"Fatehi, Soraya","Nassa, Hardik",,,,,sxf200005,soraya fatehi,Retail Operations 
MKT,4334,001,1,15,7,16,7,1,,,1,,,,,,,,,,"Pahwa, Parneet","Bajwa, Achint Kaur","Syed Mohammed, Yasser Razvi",,,,pxp030100,parneet pahwa,Social Media Marketing 
MKT,4335,001,,3,4,1,2,,,,,,,,,,,,,,"Dale, Anita K",,,,,,akd240002,anita dale,Category Buying 
MKT,4336,501,3,9,6,1,1,,1,,,,,,,,,,1,,"Durow, Wesley",,,,,,wxd240005,wesley durrow,E-Retailing 
MKT,4337,001,4,17,13,9,5,,,,,,,,,,,,,,"Haworth, Julie B","Bekkary, Yeshashwini",,,,,haworth,julie haworth,Marketing Analytics 
MKT,4337,501,,5,7,3,1,,,,,,,,,,,,,,"Jha, Jalaj",,,,,,jxj240018,jj jha,Marketing Analytics 
MKT,4338,501,,37,,,4,,,1,,,,,,,,,,,"Dickinson, Keith H",,,,,,kxd084000,keith dickinson,Marketing Content Creation 
MKT,4339,001,4,7,8,5,,,,,,,,,,,,,,,"Nozari, Salar",,,,,,sxn190089,,AI-Driven Content Creation and Campaign Management 
MKT,4340,001,2,2,2,2,7,1,3,1,1,,,,,,,,,,"Kirk-Rolley, Lori",,,,,,lxk230030,lori kirk rolley,Consumer Behavior 
MKT,4350,001,7,2,3,5,3,1,1,3,1,,,,2,,,,,,"Biswas, Abhijit","Nalagandla, Lasya Sree",,,,,axb019100,abhijit biswas,Advertising 
MKT,4360,001,13,19,9,7,6,4,2,,,,,,,,,,,,"Haworth, Julie B","Arora, Nishi",,,,,haworth,julie haworth,Social Impact Marketing 
MKT,4360,002,22,8,10,1,1,3,1,,,1,,,,,,,,,"Matthews, David","Arora, Nishi",,,,,dal868969,,Social Impact Marketing 
MKT,4360,501,,21,32,4,1,1,,,1,,,,,,,,,,"Albrecht, Maria",,,,,,mxa180037,maria albrecht,Social Impact Marketing 
MKT,4360,502,3,16,29,8,2,,,,,,,,,,,,,,"Johnson, Quincy",,,,,,qfj061000,quincy johnson,Social Impact Marketing 
MKT,4360,503,,16,27,6,3,5,,,,,,,,,,,,,"Albrecht, Maria",,,,,,mxa180037,maria albrecht,Social Impact Marketing 
MKT,4360,504,23,21,12,2,1,,,,,,,,,,,,,,"Matthews, David","Arora, Nishi",,,,,dal868969,,Social Impact Marketing 
MKT,4395,001,3,21,20,5,1,1,,,,,,,,,,,,,"Durow, Wesley",,,,,,wxd240005,wesley durrow,Capstone Senior Project - Marketing 
MKT,4V90,093,,,,,,,,,,,,,,17,1,,,,"Haworth, Julie B",,,,,,haworth,julie haworth,
MKT,6301,001,,3,,6,3,,,1,,,,,1,,,,,,"Rajaratnam, Daniel",,,,,,dxr143430,daniel rajaratnam,Marketing Management 
MKT,6301,0W1,,15,6,6,15,2,,,,,,,,,1,,,,"Pahwa, Parneet","Bajwa, Achint Kaur","Syed Mohammed, Yasser Razvi",,,,pxp030100,parneet pahwa,Marketing Management 
MKT,6301,0W2,,15,4,11,13,3,,,,,,,,,,,,,"Pahwa, Parneet","Bajwa, Achint Kaur","Syed Mohammed, Yasser Razvi",,,,pxp030100,parneet pahwa,Marketing Management 
MKT,6301,501,,8,4,9,6,,,,,,,,,,,,,,"Jain, Sanjay","Kim, Changwon",,,,,sxj164830,sanjay jain,Marketing Management 
MKT,6301,502,,11,3,7,10,,,,,,,,,,,,1,,"Jain, Sanjay","Kim, Changwon",,,,,sxj164830,sanjay jain,Marketing Management 
MKT,6301,AW1,,23,,,,,,,,,,,,,,,,,"Reichmuth, Gary",,,,,,gar220001,gary reichmuth,
MKT,6301,GW1,,24,8,1,1,,,,,,,,1,,,,2,,"Reichmuth, Gary",,,,,,gar220001,gary reichmuth,
MKT,6309,0W1,,9,4,4,9,1,2,,,,,,2,,,,1,,"Rajaratnam, Daniel",,,,,,dxr143430,daniel rajaratnam,Marketing Data Analysis and Research 
MKT,6310,0W1,,5,5,15,13,1,2,3,,,,,,,,,1,,"Biswas, Abhijit",,,,,,axb019100,abhijit biswas,Consumer Behavior Science and Practice 
MKT,6321,0W1,,16,4,6,16,2,,,,,,,,,,,,,"Edsel, Alexander D",,,,,,ade012000,alexander edsel,Interactive and Digital Marketing 
MKT,6332,501,,8,2,,6,2,2,2,,,,,2,,,,,,"Biswas, Abhijit",,,,,,axb019100,abhijit biswas,Advertising and Promotional Strategy 
MKT,6339,501,,17,11,,2,1,,1,,,,,,,,,,,"Subramanian, Upender","Pain, Krishnendu",,,,,uxs092000,upender subramanian,Capstone Marketing Decision Making 
MKT,6343,501,,6,3,4,2,1,,,,,,,,,,,,,"Xie, Ying","Madan, Anmol",,,,,yxx124930,ying xie,Social Media Marketing and Insights 
MKT,6344,GW1,,9,3,,,,,,,,,,,,,,,,"Reichmuth, Gary",,,,,,gar220001,gary reichmuth,
MKT,6349,501,,15,6,4,5,,,,,,,,,,,,,,"Tirone, Guido",,,,,,gxt170001,guido tirone,MarTech Ecosystem 
MKT,6352,001,,8,6,9,9,,5,4,,,,,2,,,,,,"Tirone, Guido",,,,,,gxt170001,guido tirone,Marketing Web Analytics and Insights 
MKT,6352,0W1,,11,3,5,10,2,6,4,,,,,4,,,,2,,"Tirone, Guido",,,,,,gxt170001,guido tirone,Marketing Web Analytics and Insights 
MKT,6353,501,,2,,,1,2,,7,,,,,,,,,,,"Kumar, Nanda S","Lim, Taewook",,,,,nkumar,nanda kumar,Customer Analytics and Insights 
MKT,6364,501,,17,3,,,,,,,,,,,,,,,,"Goel, Vivek",,,,,,vxg240008,,Artificial Intelligence in Marketing 
MKT,6V98,001,,,,,,,,,,,,,,,,,,10,"Edsel, Alexander D",,,,,,ade012000,alexander edsel,
MSEN,6099,001,,,,,,,,,,,,,,,,,,20,"Gelb, Lev D",,,,,,ldg102020,lev gelb,Departmental Seminar 
MSEN,6324,001,,1,1,4,3,1,,,,,,,,,,,,,"Brenner, Kevin","Beam, Joseph E",,,,,kxb230024,,Electronic  Optical and Magnetic Materials 
MSEN,6383,001,,4,5,1,,,,,,,,,,,,,,,"Kim, Jiyoung",,,,,,jxk041000,,Modern Physical Metallurgy 
MUSI,1306,0H1,16,2,11,3,,3,,,,,,,3,,,,1,,"Kim, Min H",,,,,,mhk210001,,Understanding Music 
MUSI,1306,0H2,15,1,12,4,1,3,1,,,,,,1,,,,1,,"Kim, Min H",,,,,,mhk210001,,Understanding Music 
MUSI,1306,0W1,62,41,15,6,4,5,,,1,,,1,1,,,,2,,"Bennett, Jason","Wu, Xingyou","Ogunniran, Gideon O",,,,jxb230049,,Understanding Music 
MUSI,1306,0W2,21,29,13,4,5,6,4,7,2,,,,2,,,,1,,"Durbin, Kelly P","Zeng, Yuhui",,,,,kpdurbin,kelly durbin,Understanding Music 
MUSI,1306,501,,28,,6,1,,,,,,2,,2,,,,,,"Lapinski, Robert M",,,,,,rml180002,,Understanding Music 
MUSI,1306,HN1,13,9,2,,,,,,,,,,,,,,,,"Rushing, Katrina C",,,,,,kxr220042,katrina rushing,Understanding Music 
MUSI,2113,501,6,15,,,,,,,,,,,,,,,,,"Gerard, Lori A",,,,,,lag091020,lori gerard,Pep Band 
MUSI,2315,001,,8,3,5,3,,,,,,,,,,,,,,"Hodan, Daniel M",,,,,,dmh017000,daniel hodan,Guitar I 
MUSI,2315,002,7,3,,,1,1,,,,,1,,2,,,,1,,"Wilder, James E",,,,,,jew042000,james wilder,Guitar I 
MUSI,2317,001,3,4,3,,1,,,,,,,,,,,,,,"Arutyunyan, Artem",,,,,,axa210132,artem arutyunyan,Piano I 
MUSI,2317,002,12,1,,,,,,,,,,,,,,,,,"Oh, Domi",,,,,,dxo210002,domi oh,Piano I 
MUSI,2317,003,10,3,,2,,,,,,,,,,,,,,,"Arutyunyan, Artem",,,,,,axa210132,artem arutyunyan,Piano I 
MUSI,2319,001,2,8,1,,1,,,,,1,,,2,,,,,,"Durbin, Kelly P",,,,,,kpdurbin,kelly durbin,Digital Music I 
MUSI,2321,001,7,8,9,1,5,3,1,2,3,2,1,,6,,,,1,,"Mei, Yuxin",,,,,,yxm230017,yuxin mei,Music Cultures of the World 
MUSI,2322,001,,7,5,3,3,2,2,1,,,1,,1,,,,4,,"Gerard, Lori A",,,,,,lag091020,lori gerard,Music in Western Civilization 
MUSI,2322,0W1,17,3,1,,4,,,2,,1,,,,,,,1,,"Bennett, Rodger",,,,,,rxb180025,rodger bennett,Music in Western Civilization 
MUSI,2325,001,,11,2,,,,,,,,1,,,,,,,,"Riemer Bueckert, Nili S",,,,,,nxr190013,nili bueckert,Vocal Instruction I 
MUSI,2328,001,10,2,1,,2,,,,,,1,,1,,,,1,,"Rushing, Katrina C",,,,,,kxr220042,katrina rushing,Music Theory I 
MUSI,2328,002,12,6,3,,1,1,,,2,,,,,,,,1,,"Rushing, Katrina C",,,,,,kxr220042,katrina rushing,Music Theory I 
MUSI,2329,001,8,3,3,2,1,,,,,,,,,,,,,,"Rushing, Katrina C",,,,,,kxr220042,katrina rushing,Music Theory II 
MUSI,2330,001,4,,3,,2,,,,,,,,,,,,1,,"Rushing, Katrina C",,,,,,kxr220042,katrina rushing,Music Theory III 
MUSI,3122,001,7,5,,,,,,,,,,,1,,,,,,"Harkey, Alan R",,,,,,dal762136,,Brass Ensemble I 
MUSI,3127,001,,39,6,1,2,,,1,,,,,,,,,,,"Palant, Jonathan A",,,,,,jxp170230,jonathan palant,University Choir 
MUSI,3181,001,8,2,,,,,,,,,,,,,,,,,"Oh, Domi",,,,,,dxo210002,domi oh,Instrumental Ensemble II 
MUSI,3229,001,4,9,,,,,,,,,,,,,,,,,"Oh, Domi",,,,,,dxo210002,domi oh,Upper-Division Applied Music 
MUSI,3322,001,,16,1,1,1,1,,1,,,,,2,,,,,,"Evans, Kathryn C",,,,,,kcevans,kathryn evans,Music in Historical Context 
MUSI,3382,001,,10,3,2,,,,,,,,,,,,,,,"Riemer Bueckert, Nili S",,,,,,nxr190013,nili bueckert,Vocal Instruction II 
MUSI,3387,001,1,8,,1,1,,,,4,,,,,,,,,,"Durbin, Kelly P",,,,,,kpdurbin,kelly durbin,Keyboard Skills for Contemporary Music 
MUSI,3388,001,10,3,,,1,,,,,,,,,,,,,,"Oh, Domi",,,,,,dxo210002,domi oh,Piano II 
MUSI,4118,501,,46,,,,,,,,,,,,,,,1,,"Ming, Adron",,,,,,axm167231,adron ming,String Orchestra III 
MUSI,4120,501,,44,,,,,,1,,,,,,,,,1,,"Lapinski, Robert M",,,,,,rml180002,,Wind Ensemble III 
MUSI,4185,001,,29,,,1,,,,,,,,,,,,,,"Palant, Jonathan A",,,,,,jxp170230,jonathan palant,Chamber Singers II 
MUSI,4186,001,3,16,,,,,,,,,,,,,,,,,"Durbin, Kelly P",,,,,,kpdurbin,kelly durbin,Jazz Ensemble III 
MUSI,4348,002,3,8,,,,,,,1,,,,,,,,2,,"Parsoneault, Catherine J",,,,,,cxp160030,catherine parsoneault,Creating Music 
NATS,1143,001,1,5,2,,2,2,1,1,,,,,,,,,,,"Lalani, Amin",,,,,,axl120130,amin lalani,UTeach STEP 2 
NATS,1143,002,10,3,,,1,1,,1,,,,2,,,,,,,"Kirkland, Pamela I",,,,,,pik140130,pamela kirkland,UTeach STEP 2 
NATS,1143,003,4,7,2,,5,2,,,,,,,,,,,,,"Donaldson, Katherine E","Lalani, Amin",,,,,ked013100,katie donaldson,UTeach STEP 2 
NATS,1143,004,,5,5,2,2,2,,,,,,,,,,,1,,"Gregory, Denise",,,,,,dxg200019,denise gregory,UTeach STEP 2 
NATS,2333,001,17,4,3,,1,1,1,,,,,,1,,1,,,,"Taylor, Stephanie M","Li, Andy",,,,,smt031000,stephanie taylor,Energy  Water  and the Environment 
NATS,3343,001,1,3,6,,,2,1,,,,,,,,,,,,"York, Megan K",,,,,,mxy141130,megan york,Classroom Interactions 
NATS,3343,002,1,6,6,3,,,,,,,,,,,,,,,"Gregory, Denise",,,,,,dxg200019,denise gregory,Classroom Interactions 
NATS,4100,051,,,,,,,,,,,,,,23,,2,1,,"Krawietz, Paul",,,,,,pxk210042,,Professional Development in the Natural Sciences and Mathematics 
NATS,4141,501,,9,,,1,,,,,,,,,,,,,,"Dorsey, Floyd Z","Mcconnell, James S",,,,,fzd110020,floyd dorsey,UTeach Apprentice Teaching Seminar 
NATS,4390,001,,6,3,1,,2,,,1,,,,,,2,,1,,"Hajeri, Vinita","Taylor, Stephanie M","Torres, Cristina A",,,,vxh151030,vinita hajeri,Research Methods 
NATS,4V91,001,,19,,,,,,,,,,,,,,,,,"D'Arcy, Sheena M",,,,,,sxd156730,sheena darcy,
NSC,3361,001,9,27,3,8,20,14,15,41,5,,7,,11,,1,,5,,"Miller, Van S",,,,,,vxm077000,van miller,Introduction to Neuroscience 
NSC,3361,002,33,16,20,8,7,5,6,1,1,2,3,2,1,,,,1,,"Raboune, Siham","Valencia, Julianna P","Wu, Zhennuo",,,,sxr180071,siham raboune,Introduction to Neuroscience 
NSC,3361,003,1,5,6,6,6,12,7,6,2,3,1,1,6,,,,3,,"McWilliams, Steven P",,,,,,sxm127330,steven mcwilliams,Introduction to Neuroscience 
NSC,3361,004,5,7,7,4,3,6,1,7,2,1,,,3,,,,1,,"Oleksiak, Cecily",,,,,,cro140030,cecily oleksiak,Introduction to Neuroscience 
NSC,3361,HN1,7,10,3,1,,2,,,1,,,,,,,,,,"LaDow, Eva S",,,,,,esl130130,eva ladow,Introduction to Neuroscience 
NSC,3361,HN2,7,7,3,,1,2,,,,,,,1,,,,,,"LaDow, Eva S",,,,,,esl130130,eva ladow,Introduction to Neuroscience 
NSC,4320,0W1,23,18,12,7,9,3,4,3,4,1,2,,1,,,,6,,"Oleksiak, Cecily","Williams, Brendan",,,,,cro140030,cecily oleksiak,Sleep and Sleep Disorders 
NSC,4351,001,13,11,4,,1,,,,1,,1,,,,,,,,"Miller, Van S",,,,,,vxm077000,van miller,Medical Neuroscience 
NSC,4352,001,48,32,11,2,9,5,1,1,4,,1,,2,,,,3,,"Zwierzchowski, Amy","Casmedes, Isabella Y","Kim, Minsung",,,,anz101020,amy zwierzchowski,Cellular Neuroscience 
NSC,4352,002,13,11,11,1,3,,1,,,,1,,,,,,,,"Marks, William",,,,,,wxm180005,william marks,Cellular Neuroscience 
NSC,4352,003,3,4,10,4,2,4,1,,,,,,,,,,,,"McWilliams, Steven P",,,,,,sxm127330,steven mcwilliams,Cellular Neuroscience 
NSC,4352,HN1,7,7,2,1,,,,2,2,,,,,,,,1,,"LaDow, Eva S",,,,,,esl130130,eva ladow,Cellular Neuroscience 
NSC,4353,102,,5,4,1,,,,1,,,,,,,,,,,"Raboune, Siham","Vahid, Maedeh",,,,,sxr180071,siham raboune,Neuroscience Laboratory Methods 
NSC,4353,103,5,4,2,,,,,,,,,,,,,,,,"Marks, William",,,,,,wxm180005,william marks,Neuroscience Laboratory Methods 
NSC,4353,104,3,7,4,1,,,,,,,,,,,,,,,"Zwierzchowski, Amy","Kian, Saeid",,,,,anz101020,amy zwierzchowski,Neuroscience Laboratory Methods 
NSC,4353,105,,1,4,4,,2,,,,,,,,,,,,,"Granja Vazquez, Rafael",,,,,,rxg144430,rafael granja vazquez,Neuroscience Laboratory Methods 
NSC,4353,106,,6,1,1,1,1,,,,,,,,,1,,,,"Taylor, Anna M","Mousavi, Seyedeh Leila",,,,,amt180004,anna taylor,Neuroscience Laboratory Methods 
NSC,4353,108,5,6,1,3,,,,,,,,,,,,,,,"Marks, William","Bynum, Zachary S",,,,,wxm180005,william marks,Neuroscience Laboratory Methods 
NSC,4354,001,7,6,9,4,,4,1,1,1,,,1,2,,,,,,"Parekh, Puja K",,,,,,pkp240000,puja parekh,Integrative Neuroscience 
NSC,4354,002,16,31,16,9,10,12,2,5,5,1,,2,2,,,,3,,"Raboune, Siham","Arnold, Rachel L","Ramos Freitas, Lindsey E",,,,sxr180071,siham raboune,Integrative Neuroscience 
NSC,4356,001,,83,,,20,,,10,,,,,1,,,,,,"Rennaker, Robert L","Yang, Ke","Nematgorgani, Shiva",,,,rlr091000,robert rennaker,Neurophysiology 
NSC,4356,002,,15,,,9,,,1,,,,,,,,,,,"Granja Vazquez, Rafael",,,,,,rxg144430,rafael granja vazquez,Neurophysiology 
NSC,4356,HN1,,7,,,3,,,,,,,,,,,,,,"Sultana, Rukhsana",,,,,,rxs170431,rukhsana sultana,Neurophysiology 
NSC,4357,001,,4,2,1,1,,1,2,1,1,,,,,,,,,"Rodriguez, Christa M",,,,,,cmr067000,christa mcintyre rodriguez,Neurobiology of Learning and Memory 
NSC,4358,001,103,134,49,5,5,2,,1,1,,,,,,,,,,"Price, Theodore J","Schaub, Mandee",,,,,tjp140130,theodore price,Neuroscience of Pain 
NSC,4361,001,,11,,,3,,,,,,,,,,,,,,"Granja Vazquez, Rafael",,,,,,rxg144430,rafael granja vazquez,Pathway Into Industrial Neuroscience 
NSC,4362,001,4,3,2,,2,1,,,1,,,1,,,,,1,,"Marks, William",,,,,,wxm180005,william marks,Molecular Neuroscience 
NSC,4363,001,4,7,3,2,2,2,,,1,,1,,,,,,,,"Raboune, Siham",,,,,,sxr180071,siham raboune,Neuropharmacology 
NSC,4363,002,18,19,10,6,4,2,,,2,,2,1,2,,,,,,"Zwierzchowski, Amy",,,,,,anz101020,amy zwierzchowski,Neuropharmacology 
NSC,4363,HN1,3,8,5,,,,,,,,,,,,,,,,"LaDow, Eva S",,,,,,esl130130,eva ladow,Neuropharmacology 
NSC,4364,0W1,7,34,1,2,,,,,,,,,,,,,,,"Shareef, Safi Ullah",,,,,,sms170009,safiullah shareef,Journey into Medicine 
NSC,4366,001,5,11,8,7,7,4,6,3,4,,9,,6,,1,,2,,"Taylor, Anna M","Campen, Catherine E",,,,,amt180004,anna taylor,Neuroanatomy 
NSC,4366,002,12,8,4,9,6,6,5,6,6,,3,,2,,,,4,,"Miller, Van S","Krauth, Melissa",,,,,vxm077000,van miller,Neuroanatomy 
NSC,4371,001,1,3,4,1,1,,,,,,1,,1,,,,,,"Kilgard, Michael P",,,,,,kilgard,michael kilgard,Neural Plasticity 
NSC,4373,001,5,,,,,,,1,1,,,,1,,,,2,,"Das, Namrata",,,,,,nxs136630,,Sensory Neuroscience 
NSC,4373,002,,10,9,,2,3,1,7,,,,,,,,,5,,"Sadler, Katelyn E",,,,,,kes220000,,Sensory Neuroscience 
NSC,4380,001,,5,,,12,,,5,,,3,,4,,,,1,,"Solodkin, Ana J",,,,,,ajs190004,ana solodkin,Neurology of Cognition 
NSC,4382,0W1,82,19,5,1,,,1,,,,,,,,,,,,"Jahangiri, Faisal R","Nofal, Abraham M",,,,,frj190000,faisal jahangiri,Neurobiology of Emotion 
NSC,4382,0W2,8,4,2,1,3,3,,5,1,,3,,2,,1,,2,,"Taylor, Anna M",,,,,,amt180004,anna taylor,Neurobiology of Emotion 
NSC,4383,5H1,14,,1,,,,,,,,,,,,,,,,"Jahangiri, Faisal R",,,,,,frj190000,faisal jahangiri,Human Neurophysiology Lab 
NSC,4385,0W1,,55,6,2,,,,,,,,,,,,,,,"Sullivan, Erin A",,,,,,eas113020,erin sullivan,Neuropsychology 
NSC,4V90,002,2,14,3,3,2,,,,3,,1,,1,,,,1,,"McWilliams, Steven P",,,,,,sxm127330,steven mcwilliams,Special Topics in Neuroscience 
NSC,4V90,003,6,1,1,1,1,1,1,1,1,,1,,1,,,,,,"Miller, Van S",,,,,,vxm077000,van miller,Special Topics in Neuroscience 
NSC,4V90,006,1,3,2,1,3,1,,,,,,,,,,,,,"Tavares Ferreira, Diana M",,,,,,dxt170008,diana tavares ferreira,Special Topics in Neuroscience 
NSC,4V90,0W1,,7,8,6,7,1,,,,,,1,,,,,,,"Maqbool, Mohsin",,,,,,mxm210090,mohsin maqbool,Special Topics in Neuroscience 
NSC,4V95,001,,,,,,,,,,,,,,19,,,,,"Landrum, Payton E",,,,,,pel240000,payton landrum,Externship in Neuroscience 
NSC,4V98,005,,,,,,,,,,,,,,13,,,,,"Gu, Zirong",,,,,,zxg230006,zirong gu,
NSC,4V98,033,,,,,,,,,,,,,,10,,,,,"Thorn, Catherine A",,,,,,cat170002,catherine thorn,
NSC,4V98,060,,,,,,,,,,,,,,10,,,,,"Engineer, Crystal T",,,,,,novitski,crystal engineer,
OB,6248,CW1,,21,,,,,,,,,,,,,,,1,,"Hicks, Robert F",,,,,,,robert hicks,
OB,6249,CW1,,32,,,,,,,,,,,,,,,,,"Warner, Lizette",,,,,,,lizette warner,
OB,6301,001,,7,27,8,4,3,,2,,,,,1,,,,,,"Hicks, Jeffrey N","Londhe, Chitra",,,,,jnh061000,jeffrey hicks,Organizational Behavior 
OB,6301,0W1,,53,10,6,3,3,1,,,,,,,,,,3,,"Hasenhuttl, Maria","Hinze, Dawnielle C",,,,,h1562,maria hasenhuttl,Organizational Behavior 
OB,6301,0W2,,6,10,,4,6,,2,,,,,,,,,,,"Skuza, Agnieszka","Venkumahanti, Rachana S",,,,,axo027000,agnieszka olsztynska,Organizational Behavior 
OB,6301,501,,21,17,12,2,,,,,,,,,,,,,,"Hicks, Jeffrey N","Londhe, Chitra",,,,,jnh061000,jeffrey hicks,Organizational Behavior 
OB,6301,CH1,,30,,,,,,,,,,,,,,,,,"Ghosh, Anne F",,,,,,,anne ghosh,
OB,6301,MBP,,16,9,,,1,,,,,,,,,,,,,"Hasenhuttl, Maria",,,,,,h1562,maria hasenhuttl,
OB,6331,0W1,,16,1,1,,,,,,,,,,,,,,,"Hasenhuttl, Maria",,,,,,h1562,maria hasenhuttl,Power and Politics in Organizations 
OB,6332,001,,11,1,,,,,,,,,,,,,,,,"Swindling, Linda B","Salehi Heidari, Samira",,,,,dal431729,linda swindling,Negotiation and Dispute Resolution 
OB,6332,0W1,,24,10,1,2,,1,,,,,,,,,,,,"Wu, Junfeng","Jiang, Ning",,,,,jxw175430,junfeng wu,Negotiation and Dispute Resolution 
OB,6334,GW1,,17,,,,,,,,,,,,,,,,,"Thurgood, Keith L",,,,,,klt160130,keith thurgood,
OB,6339,XH1,,4,10,5,,,,,,,,,,,,,,,"Bolton, Gary",,,,,,gxb122130,gary bolton,
OB,6342,CW1,,28,3,1,,,,,,,,,,,,,,,"Norton, Larry W",,,,,,,larry norton,
OB,6346,CW1,,21,9,3,1,,,,,,,,,,,,1,,"Latham, Van M",,,,,,,van latham,
OB,6346,CW2,,17,,1,1,,,,,,,,,,,,,,"Norton, Larry W",,,,,,,larry norton,
OB,6346,GW1,,11,,,1,,,,,,,,,,,,,,"Thurgood, Keith L",,,,,,klt160130,keith thurgood,
OB,6350,CW1,,15,1,3,1,,1,,,,,,,,,,1,,"Hicks, Robert F",,,,,,,robert hicks,
OB,6351,CW1,,27,4,,1,,,,,,,,,,,,,,"Warner, Lizette",,,,,,,lizette warner,
OB,6356,CW1,,18,4,3,5,,,,,,,,,,,,,,"Albrecht, Dale J",,,,,,dja180003,dale albrecht,
OB,6377,CW1,,11,1,,,,,,,,,,,,,,,,"Plaisance Bryan, Suzette T",,,,,,,suzette plaisance bryan,
OBHR,3310,002,4,5,14,5,5,8,3,,6,3,,,,,,,2,,"Knowlton, Karren",,,,,,kxk230060,karren knowlton,Organizational Behavior 
OBHR,3310,003,1,,6,3,8,7,4,,6,4,4,6,6,,,,,,"Li, Ning","Guo, Suifang",,,,,anl230000,ning (alex) li,Organizational Behavior 
OBHR,3310,004,,4,3,4,7,2,1,5,3,2,1,4,10,,,,1,,"Li, Ning","Guo, Suifang",,,,,anl230000,ning (alex) li,Organizational Behavior 
OBHR,3310,005,1,2,9,11,6,6,9,,2,1,1,,2,,,,1,,"An, Constance",,,,,,cfa220003,constance an,Organizational Behavior 
OBHR,3310,006,3,6,2,2,4,8,3,2,3,4,1,7,4,,,,4,,"Li, Ning","Guo, Suifang",,,,,anl230000,ning (alex) li,Organizational Behavior 
OBHR,3310,007,16,14,5,5,7,3,1,3,1,1,1,,,,,,,,"Knowlton, Karren",,,,,,kxk230060,karren knowlton,Organizational Behavior 
OBHR,3310,008,13,14,4,7,5,3,1,6,2,,,,,,,,1,,"Knowlton, Karren",,,,,,kxk230060,karren knowlton,Organizational Behavior 
OBHR,3310,501,,21,10,14,5,,3,,2,1,,,,,,,1,,"Lee, Barbara H",,,,,,bxl152330,barbara lee,Organizational Behavior 
OBHR,3310,HON,,12,19,6,4,1,,,,,,,,,,,,,"Hicks, Jeffrey N","Londhe, Chitra",,,,,jnh061000,jeffrey hicks,
OBHR,3330,001,,5,21,10,7,5,4,2,2,,1,,,,,,,,"Meda, Edward","Jiang, Ning",,,,,exm150330,edward meda,Introduction to Human Resource Management 
OBHR,3330,002,6,5,5,2,7,3,3,4,4,,,,4,,,,1,,"Takeuchi, Riki","Kim, Hwayoung",,,,,rxt173730,riki takeuchi,Introduction to Human Resource Management 
OBHR,3330,003,12,4,13,10,6,5,3,1,,1,,,,,,,,,"Chung, Hyesook","Huang, He",,,,,hxc220020,hyesook chung,Introduction to Human Resource Management 
OBHR,3330,004,10,4,5,14,3,4,6,1,2,,,,,,,,,,"Chung, Hyesook","Huang, He",,,,,hxc220020,hyesook chung,Introduction to Human Resource Management 
OBHR,3330,005,1,9,16,9,3,7,5,3,,,2,,,,,,1,,"Meda, Edward","Jiang, Ning",,,,,exm150330,edward meda,Introduction to Human Resource Management 
OBHR,3330,006,10,5,6,10,2,5,2,3,2,2,,,,,,,1,,"Chung, Hyesook","Huang, He",,,,,hxc220020,hyesook chung,Introduction to Human Resource Management 
OBHR,3330,007,1,8,10,9,6,2,2,2,3,,,,,,,,1,,"Takeuchi, Riki","Kim, Hwayoung",,,,,rxt173730,riki takeuchi,Introduction to Human Resource Management 
OBHR,3330,008,4,7,2,3,2,1,3,2,1,1,1,,2,,,,,,"Morris, Mark","Lu, Renjie",,,,,dal629291,mark morris,Introduction to Human Resource Management 
OBHR,3330,009,8,11,9,4,4,4,2,,,,,,3,,,,,,"Green, Rhonda R","Frias, Noel E",,,,,rxg180032,rhonda green,Introduction to Human Resource Management 
OBHR,3330,010,2,4,5,4,5,4,3,2,,,,,,,,,2,,"Takeuchi, Riki","Kim, Hwayoung",,,,,rxt173730,riki takeuchi,Introduction to Human Resource Management 
OBHR,3330,501,9,5,10,9,2,4,1,1,1,,,,2,,,,,,"Green, Rhonda R","Frias, Noel E",,,,,rxg180032,rhonda green,Introduction to Human Resource Management 
OBHR,3330,502,1,3,,1,3,1,1,3,,,,,1,,,,,,"Morris, Mark","Lu, Renjie",,,,,dal629291,mark morris,Introduction to Human Resource Management 
OBHR,4310,001,45,9,,,5,,,,,,,,,,,,,,"Barden, John P",,,,,,jpb063000,john barden,Business Ethics 
OBHR,4331,001,12,3,3,1,1,,1,,1,,,,1,,,,1,,"Albrecht, Dale J",,,,,,dja180003,dale albrecht,Compensation and Benefits Administration 
OBHR,4333,501,3,2,,2,5,,,1,,,,,,,,,1,,"Morris, Mark","Lu, Renjie",,,,,dal629291,mark morris,Performance Management 
OBHR,4334,001,1,12,1,1,9,1,1,3,,,,,,,,,,,"Morris, Mark","Lu, Renjie",,,,,dal629291,mark morris,Talent Acquisition and Management 
OBHR,4335,001,1,13,6,8,2,2,,,1,,,,,,,,,,"Meda, Edward","Jiang, Ning",,,,,exm150330,edward meda,Training and Development 
OBHR,4337,501,,5,3,3,2,,,1,1,,,,1,,,,,,"Ward, Emily",,,,,,ejw160030,,HR Analytics 
OBHR,4339,501,4,3,2,,2,1,1,,,,,,,,,,,,"Albrecht, Dale J","Jiang, Rui",,,,,dja180003,dale albrecht,Human Resource Management Technology and Systems 
OBHR,4352,001,16,22,7,1,2,,,,,,,,,,,,1,,"Swindling, Linda B","Salehi Heidari, Samira",,,,,dal431729,linda swindling,Negotiation and Dispute Resolution 
OBHR,4361,001,2,6,5,2,,,1,,,,1,,1,,,,,,"Thomas, Alayna G",,,,,,agt160030,alayna thomas,The Human Resource Professional 
OBHR,4395,001,17,5,1,1,1,1,,,,,,,,,,,,,"Albrecht, Dale J",,,,,,dja180003,dale albrecht,Capstone Senior Project - Human Resource Management 
OPRE,3310,001,6,11,12,15,12,7,1,,,,,,,,,,,,"Shahsavand, Parisa",,,,,,pxs180098,parisa shahsavand,Supply Chain and Operations Management 
OPRE,3310,002,3,9,12,16,6,5,4,8,,,1,,,,,,,,"Kennedyd, Sarmann I","Verma, Samarth","Bandyopadhyay, Ishani",,,,sik220001,sarmann kennedyd,Supply Chain and Operations Management 
OPRE,3310,003,5,13,12,12,10,4,5,2,2,,1,,,,,,,,"Kennedyd, Sarmann I","Verma, Samarth","Bandyopadhyay, Ishani",,,,sik220001,sarmann kennedyd,Supply Chain and Operations Management 
OPRE,3310,004,2,9,11,8,9,5,7,4,6,,2,,1,,,,,,"Venkataraman, Ashwin","Farzaneh, Mohammad Amin",,,,,axv190029,ashwin venkataraman,Supply Chain and Operations Management 
OPRE,3310,005,3,8,15,14,12,10,3,,,,,,,,,,,,"Rios Uribe, Ignacio A","Ghosal, Shayak",,,,,iar200000,ignacio rios uribe,Supply Chain and Operations Management 
OPRE,3310,006,5,9,8,9,7,9,6,5,2,,2,,,,,,2,,"Kennedyd, Sarmann I","Verma, Samarth","Bandyopadhyay, Ishani",,,,sik220001,sarmann kennedyd,Supply Chain and Operations Management 
OPRE,3310,007,5,7,7,6,6,5,9,4,8,,4,,,,,,3,,"Venkataraman, Ashwin","Farzaneh, Mohammad Amin",,,,,axv190029,ashwin venkataraman,Supply Chain and Operations Management 
OPRE,3310,008,2,4,2,,6,11,1,5,12,,4,,1,,,,2,,"Parks, David","Bhoi, Riddhi V",,,,,dxp153830,david parks,Supply Chain and Operations Management 
OPRE,3310,009,4,10,8,10,15,6,2,4,1,3,1,,,,,,1,,"Kennedyd, Sarmann I","Verma, Samarth","Bandyopadhyay, Ishani",,,,sik220001,sarmann kennedyd,Supply Chain and Operations Management 
OPRE,3310,0W1,11,25,13,2,5,4,2,1,,1,,,1,,,,,,"Widdifield, David S",,,,,,dsw180001,david widdifield,Supply Chain and Operations Management 
OPRE,3310,0W2,,14,,5,24,,6,11,,,4,,,,,,,,"Subramoniam, Ramesh","Udata, Bhaskara Ravi Teja",,,,,rxs179630,ramesh subramoniam,Supply Chain and Operations Management 
OPRE,3310,501,3,11,10,16,6,5,10,3,,,,,,,,,1,,"Ghosh, Pramit",,,,,,pxg200040,pramit ghosh,Supply Chain and Operations Management 
OPRE,3310,502,4,15,,17,4,3,2,1,,,1,,1,,,,,,"Qin, Qi","Yan, Tianyu",,,,,jxq240004,qi qin,Supply Chain and Operations Management 
OPRE,3320,001,1,6,7,4,11,8,5,8,8,,5,,2,,,,,,"Fatehi, Soraya","Nassa, Hardik",,,,,sxf200005,soraya fatehi,Integrated Supply Chain Management 
OPRE,3330,001,4,10,10,6,10,10,12,2,,,2,,,,,,3,,"Alborz, Shawn",,,,,,sxa063000,shawn alborz,Project Management 
OPRE,3330,0W1,11,15,11,8,4,8,2,1,4,,1,,,,,,,,"Alborz, Shawn",,,,,,sxa063000,shawn alborz,Project Management 
OPRE,3330,0W2,14,9,14,8,11,5,1,1,1,,,,,,,,,,"Alborz, Shawn",,,,,,sxa063000,shawn alborz,Project Management 
OPRE,3333,001,1,6,19,2,5,12,,2,6,,1,1,2,,,,2,,"Oguzman, Neslihan",,,,,,nxo170830,neslihan oguzman,Quantitative Business Analysis 
OPRE,3333,002,6,20,7,1,3,4,5,3,4,2,3,,2,,,,1,,"Enayaty Ahangar, Negin","Pandey, Amit Kumar","Bendigeri, Bhushan",,,,nxe180001,negin enayaty ahangar,Quantitative Business Analysis 
OPRE,3333,003,,15,9,8,5,2,6,6,3,1,,,2,,,,7,,"Enayaty Ahangar, Negin","Pandey, Amit Kumar","Bendigeri, Bhushan",,,,nxe180001,negin enayaty ahangar,Quantitative Business Analysis 
OPRE,3333,004,12,14,5,4,3,2,4,3,5,5,,,3,,1,,3,,"Whalen, Tristan G","Ninan, Patrick G","Bhoi, Riddhi V",,,,tgw100020,tristan whalen,Quantitative Business Analysis 
OPRE,3333,006,12,7,6,6,8,4,2,1,2,4,2,,2,,,,3,,"Ahadi, Khatereh","Gatne, Sushmita Sunil","Singh, Manjot",,,,kxa180010,khatereh ahadi,Quantitative Business Analysis 
OPRE,3333,007,,13,13,8,10,4,5,5,,,1,,1,,,,2,,"Nguyen, Hien T","Gupta, Anuj",,,,,htn170130,hien nguyen,Quantitative Business Analysis 
OPRE,3333,0W1,1,17,6,5,3,6,1,4,3,,1,,3,,,,6,,"Enayaty Ahangar, Negin","Pandey, Amit Kumar","Bendigeri, Bhushan",,,,nxe180001,negin enayaty ahangar,Quantitative Business Analysis 
OPRE,3333,0W2,,10,7,5,2,7,5,4,3,2,2,,2,,,,11,,"Enayaty Ahangar, Negin","Pandey, Amit Kumar","Bendigeri, Bhushan",,,,nxe180001,negin enayaty ahangar,Quantitative Business Analysis 
OPRE,3333,501,6,1,9,3,7,7,2,3,7,2,,3,7,,,,4,,"Oguzman, Neslihan",,,,,,nxo170830,neslihan oguzman,Quantitative Business Analysis 
OPRE,3333,502,4,1,7,4,3,5,8,4,3,3,1,1,4,,,,1,,"Sajjadi, Seyed R",,,,,,rxs179730,reza sajjadi,Quantitative Business Analysis 
OPRE,3340,001,4,17,5,3,1,4,3,5,3,5,3,,5,,,,4,,"Enayaty Ahangar, Negin","Pandey, Amit Kumar","Bendigeri, Bhushan",,,,nxe180001,negin enayaty ahangar,Advanced Business Quantitative Methods 
OPRE,3340,002,6,12,3,5,6,5,6,5,1,1,4,1,2,,,,3,,"Whalen, Tristan G","Bhoi, Riddhi V","Ninan, Patrick G",,,,tgw100020,tristan whalen,Advanced Business Quantitative Methods 
OPRE,3360,001,2,14,9,20,3,4,6,4,3,1,2,,,,,,,,"Wei, Jiarui",,,,,,jxw200048,jiarui wei,Managerial Methods in Decision Making Under Uncertainty 
OPRE,3360,002,,14,4,6,7,4,8,3,4,2,2,2,7,,,,2,,"Toptal, Aysegul","Agarwal, Naman",,,,,axt083100,aysegul toptal,Managerial Methods in Decision Making Under Uncertainty 
OPRE,3360,003,4,19,3,6,10,13,3,5,2,,,,2,,,,,,"Qi, Anyan","Bu, Like",,,,,axq140430,anyan qi,Managerial Methods in Decision Making Under Uncertainty 
OPRE,3360,004,2,17,7,9,5,4,2,2,2,3,3,,9,,,,2,,"Toptal, Aysegul","Agarwal, Naman",,,,,axt083100,aysegul toptal,Managerial Methods in Decision Making Under Uncertainty 
OPRE,3360,005,1,6,9,10,13,9,4,4,3,2,,2,1,,,,3,,"Simsek, Ahmet S","Bhuiyan, Meneka L",,,,,axs158032,ahmet simsek,Managerial Methods in Decision Making Under Uncertainty 
OPRE,3360,006,14,10,2,18,4,3,5,3,3,1,1,,1,,,,2,,"Chen, Qiuxia",,,,,,qxc180005,,Managerial Methods in Decision Making Under Uncertainty 
OPRE,3360,007,3,24,1,8,16,4,3,4,3,1,,,,,,,1,,"Qi, Anyan","Bu, Like",,,,,axq140430,anyan qi,Managerial Methods in Decision Making Under Uncertainty 
OPRE,3360,008,13,8,8,2,14,6,4,3,1,,1,,2,,,,3,,"Naseri, Mo","Dutta, Sayantan",,,,,mxn121930,mohammad naseri,Managerial Methods in Decision Making Under Uncertainty 
OPRE,3360,009,4,3,1,11,3,7,8,6,2,3,1,,6,,1,,3,,"Wang, Yining","Jiang, Shanlin",,,,,yxw220006,yining wang,Managerial Methods in Decision Making Under Uncertainty 
OPRE,3360,010,1,10,5,13,13,8,3,7,1,,1,1,2,,,,1,,"Chen, Mingliu","Yan, Tianyu",,,,,mxc230032,mingliu chen,Managerial Methods in Decision Making Under Uncertainty 
OPRE,3360,0W1,4,9,10,7,8,8,7,3,4,1,1,,2,,,,2,,"Brussolo, Monica E","Bendigeri, Bhushan",,,,,meb049000,monica brussolo,Managerial Methods in Decision Making Under Uncertainty 
OPRE,3360,0W2,10,14,8,9,3,1,4,7,5,,1,1,1,,,,2,,"Ahadi, Khatereh","Gatne, Sushmita Sunil","Singh, Manjot",,,,kxa180010,khatereh ahadi,Managerial Methods in Decision Making Under Uncertainty 
OPRE,3360,501,8,12,5,4,11,6,6,7,1,,1,,3,,,,4,,"Naseri, Mo","Dutta, Sayantan",,,,,mxn121930,mohammad naseri,Managerial Methods in Decision Making Under Uncertainty 
OPRE,3360,502,2,2,5,10,7,5,9,11,3,2,,,3,,,,2,,"Simsek, Ahmet S","Bhuiyan, Meneka L",,,,,axs158032,ahmet simsek,Managerial Methods in Decision Making Under Uncertainty 
OPRE,4310,001,3,9,6,1,4,3,3,6,2,5,,,,,,,1,,"Ramanathan, Kannan","Modi, Dishant V","Tangella, Hiranmayi",,,,kxr087000,kannan ramanathan,Lean and Six Sigma Processes 
OPRE,4320,001,,2,1,4,5,3,4,1,2,3,,1,,,,,2,,"Subramoniam, Ramesh","Udata, Bhaskara Ravi Teja",,,,,rxs179630,ramesh subramoniam,Integrated SCM Information Systems 
OPRE,4330,501,6,12,10,3,6,3,2,1,2,,1,,,,,,,,"Widdifield, David S",,,,,,dsw180001,david widdifield,Global Logistics and Inventory Management 
OPRE,4345,001,1,1,4,4,4,5,3,,2,,,,,,,,,,"Fatehi, Soraya","Nassa, Hardik",,,,,sxf200005,soraya fatehi,Retail Operations 
OPRE,4350,001,3,2,5,5,4,2,3,1,,,,,1,,,,1,,"Sethi, Avanti P","Shinde, Pratiksha D",,,,,asethi,awanti sethi,Spreadsheet Modeling and Analytics 
OPRE,4350,501,1,2,5,1,2,1,2,1,1,,,,,,,,,,"Ramanathan, Kannan","Tangella, Hiranmayi","Modi, Dishant V",,,,kxr087000,kannan ramanathan,Spreadsheet Modeling and Analytics 
OPRE,4357,001,2,2,6,4,2,3,3,1,,,,,,,,,3,,"Naseri, Mo","Dutta, Sayantan",,,,,mxn121930,mohammad naseri,Supply Chain Analytics  AI  and Advanced Solutions 
OPRE,4V91,001,2,2,3,1,2,,1,,,,,,,,,,,,"Balakrishnan, Maya","Singh, Manjot",,,,,mxb240047,maya balakrishnan,Seminar Series in Supply Chain Management 
OPRE,4V91,0S1,7,7,,,,,,,,,,,,,,,,,"Subramoniam, Ramesh",,,,,,rxs179630,ramesh subramoniam,Seminar Series in Supply Chain Management 
OPRE,6301,001,,21,7,5,6,3,3,7,,,,,,,,,4,,"Ahadi, Khatereh","Gatne, Sushmita Sunil","Singh, Manjot",,,,kxa180010,khatereh ahadi,Statistics and Data Analysis 
OPRE,6301,0W1,,24,4,6,4,3,2,6,,,,,3,,,,3,,"Leach, Sonia E","Mehta, Jinali",,,,,sel120030,sonia leach,Statistics and Data Analysis 
OPRE,6301,501,,4,,7,8,12,1,4,,,,,3,,1,,2,,"Wang, Shouqiang","Jiang, Shanlin",,,,,sxw163830,shouqiang wang,Statistics and Data Analysis 
OPRE,6301,GW1,,24,4,3,3,,,1,,,,,1,,2,,1,,"Bush, Rhonda L",,,,,,,rhonda bush,
OPRE,6302,001,,6,4,2,2,1,3,2,,,,,3,,,,2,,"Leach, Sonia E","Mehta, Jinali",,,,,sel120030,sonia leach,Operations Management 
OPRE,6302,0W1,,15,10,7,5,3,3,5,,,,,3,,,,3,,"Leach, Sonia E","Mehta, Jinali",,,,,sel120030,sonia leach,Operations Management 
OPRE,6302,501,,15,4,16,3,3,,,,,,,,,,,1,,"Mirzaeian, Neda","Marar, Abhijit",,,,,nxm220040,neda mirzaeian,Operations Management 
OPRE,6302,CW1,,23,3,,2,,,1,,,,,,,,,,,"Ladipo, Anna",,,,,,,anna ladipo,
OPRE,6302,GW1,,4,2,2,1,1,,,,,,,,,,,,,"Ladipo, Anna",,,,,,,anna ladipo,
OPRE,6302,MBC,,22,7,6,4,2,,1,,,,,,,1,,1,,"Honhon, Dorothee B","Cheerla, Anirudh Reddy",,,,,dbh130130,dorothee honhon,
OPRE,6302,XH1,,11,3,,,,,1,,,,,,,,,,,"Ladipo, Anna",,,,,,,anna ladipo,
OPRE,6303,0W1,,19,2,15,7,7,1,6,,,,,1,,,,7,,"Sethi, Avanti P","Shinde, Pratiksha D",,,,,asethi,awanti sethi,Quantitative Foundations of Business 
OPRE,6332,001,,11,16,11,8,7,,,,,,,,,,,1,,"Rios Uribe, Ignacio A","Ghosal, Shayak",,,,,iar200000,ignacio rios uribe,Spreadsheet Modeling and Analytics 
OPRE,6332,0W1,,12,8,8,4,5,3,3,,,,,,,,,,,"Ramanathan, Kannan","Modi, Dishant V","Tangella, Hiranmayi",,,,kxr087000,kannan ramanathan,Spreadsheet Modeling and Analytics 
OPRE,6332,0W2,,11,1,3,2,4,,3,,,,,1,,,,2,,"Ramanathan, Kannan","Modi, Dishant V","Tangella, Hiranmayi",,,,kxr087000,kannan ramanathan,Spreadsheet Modeling and Analytics 
OPRE,6341,5W1,,10,5,5,,1,,,,,,,,,,,,,"Widdifield, David S",,,,,,dsw180001,david widdifield,Retail Operations 
OPRE,6355,MBP,,19,27,10,2,,,,,,,,,,1,,,,"Bolton, Gary",,,,,,gxb122130,gary bolton,Deal Making Strategies 
OPRE,6359,001,,1,3,4,4,2,2,1,,,,,1,,,,,,"Toptal, Aysegul","Agarwal, Naman",,,,,axt083100,aysegul toptal,Advanced Statistics for Data Science 
OPRE,6359,0W1,,12,2,2,2,2,2,1,,,,,,,,,1,,"Ahadi, Khatereh","Gatne, Sushmita Sunil","Singh, Manjot",,,,kxa180010,khatereh ahadi,Advanced Statistics for Data Science 
OPRE,6359,501,,4,1,3,2,,,,,,,,,,,,,,"Sethi, Avanti P","Grover, Siddhartha",,,,,asethi,awanti sethi,Advanced Statistics for Data Science 
OPRE,6359,5W1,,6,1,1,1,2,,1,,,,,,,,,,,"Sethi, Avanti P","Grover, Siddhartha",,,,,asethi,awanti sethi,Advanced Statistics for Data Science 
OPRE,6362,001,,9,9,5,4,2,3,5,,,,,,,,,,,"Kennedyd, Sarmann I","Verma, Samarth","Bandyopadhyay, Ishani",,,,sik220001,sarmann kennedyd,Project Management in Engineering and Operations 
OPRE,6362,0W1,,9,9,2,3,2,,1,,,,,,,,,,,"Alborz, Shawn",,,,,,sxa063000,shawn alborz,Project Management in Engineering and Operations 
OPRE,6364,0W1,,1,2,2,,,2,1,,,,,1,,,,1,,"Ramanathan, Kannan","Tangella, Hiranmayi","Modi, Dishant V",,,,kxr087000,kannan ramanathan,Lean Six Sigma 
OPRE,6366,0W1,,12,29,8,6,5,3,3,,,,,,,,,,,"Cakanyildirim, Metin","Cheerla, Anirudh Reddy",,,,,metin,metin cakanyildirim,Global Supply Chain Management 
OPRE,6367,001,,30,,,1,,,,,,,,,,,,,,"Parks, David",,,,,,dxp153830,david parks,Capstone Projects in Supply Chain Management 
OPRE,6369,501,,14,11,5,1,3,2,1,,,,,,,,,,,"Subramoniam, Ramesh","Udata, Bhaskara Ravi Teja",,,,,rxs179630,ramesh subramoniam,Supply Chain Software with SAP 
OPRE,6370,001,,4,3,8,3,3,,,,,,,1,,,,1,,"Frazelle, Andrew","Sharma, Rahul",,,,,aef180002,andrew frazelle,Global Logistics and Transportation 
OPRE,6370,0W1,,6,3,8,1,1,1,,,,,,1,,,,2,,"Frazelle, Andrew","Sharma, Rahul",,,,,aef180002,andrew frazelle,Global Logistics and Transportation 
OPRE,6370,PW1,,5,4,1,,,,,,,,,,,,,,,"Rajamani, Divakar",,,,,,dxr020100,divakar rajamani,
OPRE,6371,0W1,,8,6,3,5,4,,1,,,,,,,,,,,"Katok, Elena M","Sharma, Rahul",,,,,emk120030,elena katok,Purchasing  Sourcing and Contract Management 
OPRE,6371,PW1,,10,1,,,,,,,,,,,,,,,,"Hogan, James W","Rajamani, Divakar",,,,,jwh085000,james hogan,
OPRE,6374,PW1,,8,3,1,1,,,,,,,,,,,,,,"Cazares, Joseph",,,,,,,joseph cazares,
OPRE,6375,PW1,,5,8,,,,,,,,,,,,,,,,"Cazares, Joseph",,,,,,,joseph cazares,
OPRE,6378,501,,30,19,3,2,1,,,,,,,,,,,,,"Widdifield, David S",,,,,,dsw180001,david widdifield,Supply Chain Strategy 
OPRE,6379,0W1,,13,16,14,6,2,,,,,,,,,,,,,"Rajamani, Divakar","Nassa, Hardik",,,,,dxr020100,divakar rajamani,Product Lifecycle Management 
OPRE,6382,0W1,,25,,,,,,,,,,,,,,,,,"Vicario, Joseph A","Divin, Diane T",,,,,jav170030,,Supply Chain Trade Compliance 
OPRE,6389,501,,7,2,5,1,,1,,,,,,,,,,,,"Cakanyildirim, Metin","Cheerla, Anirudh Reddy",,,,,metin,metin cakanyildirim,Managing Energy and Environment  Risk  Investment  Technology 
OPRE,6V08,001,,7,,,1,2,1,1,,,,,,,,,,,"Balakrishnan, Maya","Singh, Manjot",,,,,mxb240047,maya balakrishnan,Special Topics in Operation Research 
OPRE,6V98,001,,,,,,,,,,,,,,,,,,26,"Fierst, John","Widdifield, David S",,,,,,john fierst,
OPRE,7351,001,,,,,,,,,,,,,,,,,,14,"Sethi, Suresh P",,,,,,sethi,,Seminar in Operations Management 
PA,3333,0W1,,2,6,6,15,5,,,,,,1,,,,,1,,"Aggarwal, Jyoti",,,,,,jxa210047,jyoti aggarwal,Human Resources Management  Leading a Diverse Workforce 
PA,3378,0W1,1,4,3,1,2,1,1,,,,,,1,,,,,,"Gorina, Eugenia","Suk, Jinju",,,,,exg131830,evgenia gorina,Public Finance and Economics 
PA,3380,0W1,6,2,3,1,1,1,,,2,,,1,,,,,,,"Tura, Memduh","Suk, Jinju",,,,,mxt115230,,Organizations  Theory and Behavior 
PA,4396,0W1,46,23,12,2,4,3,3,,,,,,3,,,,,,"Maxwell, Sarah P",,,,,,spm092000,sarah maxwell,Topics in Public Administration 
PA,6311,5H1,,14,,,1,,,,,,,,,,,,,,"Benavides, Abraham",,,,,,axb220062,,Public Management 
PA,6313,501,,16,,,,,,,,,,,,,,,,,"Benavides, Abraham",,,,,,axb220062,,Public Policymaking and Institutions 
PA,6315,0W1,,29,4,1,1,,,,,,,,,,,,3,,"Harrington, James","Lee, Moonsoo",,,,,jxh134630,james harrington,Evaluating Program and Organizational Performance 
PA,6344,001,,14,,,,,,,,,,,,,,,,,"Benavides, Teodoro J",,,,,,tjb051000,teodoro benavides,Local Government Management 
PA,6345,501,,14,,1,,,,,,,,,,,,,,,"Tura, Memduh","Sharma, Namrta",,,,,mxt115230,,Human Resources Management 
PA,6350,0W1,,9,,,2,,,,,,,,,,,,2,,"McCaskill, John R",,,,,,jrm094020,john mccaskill,Governmental and Nonprofit Reporting and Financial Statement Analysis 
PA,6374,0W1,,9,3,2,1,,,,,,,,,,,,1,,"Searing, Elizabeth A",,,,,,exs200001,elizabeth searing,Financial Management for Nonprofit Organizations 
PA,6382,501,,9,3,,,,,,,,,,1,,,,,,"Russell Murray, Allison R",,,,,,axr210032,allison russell,Nonprofit Management 
PA,6386,0W1,,29,,,1,,,,,,,,,,,,1,,"Sabharwal, Meghna","Zeraatpisheh, Abdollah",,,,,mxs095000,meghna sabharwal,Diversity  Equity and Inclusion in Organizations 
PA,6389,0W1,,7,3,,,,,,,,,,,,,,2,,"Russell Murray, Allison R",,,,,,axr210032,allison russell,Volunteer Management 
PHIL,1301,001,1,9,2,4,2,1,4,1,1,2,,,2,,,,1,,"Davies, Katherine",,,,,,kxd180013,,Introduction to Philosophy 
PHIL,1305,001,9,40,,8,13,,2,10,,,5,,3,,,,4,,"Amato, Lawrence A","Gagnet, Coco","Hwang, Jeongmi",,,,laa062000,lawrence amato,Introduction to Philosophy of Religion 
PHIL,2303,001,7,2,3,4,,3,1,,5,,1,1,2,,,,,,"Campos, Laura Graciela",,,,,,lxc230018,laura campos,Introduction to Logic 
PHIL,2317,001,4,16,,2,8,,,6,,,6,,,,,,2,,"Amato, Lawrence A","Sampson, Eric",,,,,laa062000,lawrence amato,History of Philosophy II 
PHIL,3320,001,11,8,2,2,2,1,,,,,,,2,,,,1,,"Edwards, Jeffery G",,,,,,jge200000,jeffery edwards,Medical Ethics 
PHIL,3323,001,,2,4,,2,2,2,,,,,,1,,,,1,,"Gonzalez Nunez, Humberto J",,,,,,hjg230001,,Early Modern Philosophy 
PHIL,3328,001,2,3,2,4,1,,1,,1,,,,1,,,,,,"Tsou, Jonathan Y",,,,,,jxt220028,jonathan tsou,History and Philosophy of Science and Medicine 
PHIL,3357,001,,13,4,2,2,2,,1,1,1,,,3,,,,,,"Davies, Katherine",,,,,,kxd180013,,Confronting Death 
PHIL,6345,001,,9,1,,,,,,,,,,,,,,,,"Ren, Songyao","Steele, Daniel P",,,,,sxr210065,songyao ren,Philosophy of Emotion 
PHIL,6392,001,,8,2,,,,,,,,,,,,,,,,"Bambach, Charles R",,,,,,cbambach,charles bambach,Great Texts 
PHIN,1103,001,14,9,2,1,4,2,,,1,,,,,,,,,,"Lopez, Keira",,,,,,dal451163,,Beginning Tennis 
PHIN,1120,001,,19,,,,,,1,,,,,,,,,,,"Gold, Terry",,,,,,yogagold,terry gold,Beginning Yoga 
PHIN,1120,002,,21,,,,,,,,,,,1,,,,,,"Gold, Terry",,,,,,yogagold,terry gold,Beginning Yoga 
PHIN,1121,001,,14,,1,1,,,,1,,,,,,,,1,,"Bell, John S",,,,,,jsb018200,john bell,Martial Arts and Self-Defense 
PHYS,1101,101,4,25,,1,,,,,,,,,,,,,,,"Khan, Amena L","Kadala, Roger H","Rippentrop, Travis S",,,,axk140130,amena khan,College Physics Laboratory I 
PHYS,1101,102,1,26,2,1,,,,,,,,,,,,,,,"Khan, Amena L","Kadala, Roger H","Yadav, Priti",,,,axk140130,amena khan,College Physics Laboratory I 
PHYS,1101,103,1,24,2,1,,,1,,1,,,,,,,,,,"Khan, Amena L","Kadala, Roger H","Gogoi, Antareep",,,,axk140130,amena khan,College Physics Laboratory I 
PHYS,1101,104,4,20,1,2,,1,,,,,,,,,,,1,,"Khan, Amena L","Kadala, Roger H","Ghosh, Bishal K",,,,axk140130,amena khan,College Physics Laboratory I 
PHYS,1101,105,5,25,,,,,,,,,,,,,,,,,"Khan, Amena L","Kadala, Roger H","Desai, Amogh N",,,,axk140130,amena khan,College Physics Laboratory I 
PHYS,1101,106,9,20,,,,,,,,,,,,,,,,,"Khan, Amena L","Kadala, Roger H","Niloy, Md Shaid Hasan",,,,axk140130,amena khan,College Physics Laboratory I 
PHYS,1101,107,2,28,,,,,,,,,,,,,,,,,"Khan, Amena L","Kadala, Roger H","Srivastava, Anusha",,,,axk140130,amena khan,College Physics Laboratory I 
PHYS,1101,108,3,27,,,,,,,,,,,,,,,,,"Khan, Amena L","Kadala, Roger H","Wu, Yuxiang",,,,axk140130,amena khan,College Physics Laboratory I 
PHYS,1101,109,14,12,3,,,,,,,,1,,,,,,,,"Khan, Amena L","Kadala, Roger H","Kapte, Isha Sunil",,,,axk140130,amena khan,College Physics Laboratory I 
PHYS,1101,601,,24,5,1,,,,,,,,,,,,,,,"Khan, Amena L","Kadala, Roger H",,,,,axk140130,amena khan,College Physics Laboratory I 
PHYS,1101,602,,25,1,1,,,,,,,,,,,,,,,"Khan, Amena L","Kadala, Roger H","Rezvani, Sina",,,,axk140130,amena khan,College Physics Laboratory I 
PHYS,1101,603,12,15,1,,,,,,,,,,1,,,,,,"Khan, Amena L","Kadala, Roger H","Crawford, John A",,,,axk140130,amena khan,College Physics Laboratory I 
PHYS,1101,604,,10,,1,1,,,,,,1,,1,,,,,,"Khan, Amena L","Kadala, Roger H","Ameh, Emmanuel O",,,,axk140130,amena khan,College Physics Laboratory I 
PHYS,1102,101,15,14,,1,,,,,,,,,,,,,,,"Saleh, Lamya","Mac Alevey, Paul J","Shrestha, Samyak",,,,lxs190019,lamya saleh,College Physics Laboratory II 
PHYS,1102,102,7,19,,1,,,,,,,1,,,,,,,,"Saleh, Lamya","Mac Alevey, Paul J","Shamma, Abeda Sultana",,,,lxs190019,lamya saleh,College Physics Laboratory II 
PHYS,1102,103,13,13,2,,,1,,,,,,,,,,,,,"Saleh, Lamya","Mac Alevey, Paul J","Nadella, Sahithi","Shrestha, Samyak",,,lxs190019,lamya saleh,College Physics Laboratory II 
PHYS,1102,104,7,19,3,1,,,,,,,,,,,,,,,"Saleh, Lamya","Mac Alevey, Paul J","Shamma, Abeda Sultana",,,,lxs190019,lamya saleh,College Physics Laboratory II 
PHYS,1102,105,9,15,1,3,,,,,,,,,,,,,1,,"Saleh, Lamya","Mac Alevey, Paul J","Kamble, Nisha Vinay",,,,lxs190019,lamya saleh,College Physics Laboratory II 
PHYS,1102,601,4,22,1,,,,1,,,,,,1,,,,,,"Saleh, Lamya","Mac Alevey, Paul J","Ghosh, Bishal K","Patel, Mahammed Suleman",,,lxs190019,lamya saleh,College Physics Laboratory II 
PHYS,1102,602,1,24,1,1,,,,1,,,,,,,,,,,"Saleh, Lamya","Mac Alevey, Paul J","Nadella, Sahithi",,,,lxs190019,lamya saleh,College Physics Laboratory II 
PHYS,1301,001,16,63,35,28,12,12,13,10,8,13,1,10,5,,,,11,,"Khan, Amena L","Pineda, Crosby",,,,,axk140130,amena khan,College Physics I 
PHYS,1301,002,18,18,18,14,14,14,9,9,11,4,4,4,2,,,,4,,"Penev, Kaloyan M","Jafarzadeh, Seyed Javad",,,,,kxp174430,kaloyan penev,College Physics I 
PHYS,1302,001,40,30,17,8,9,14,3,12,4,,2,3,3,,,,5,,"Kadala, Roger H","Seifi, Melodee O",,,,,rxk220001,roger kadala,College Physics II 
PHYS,1302,501,12,12,7,4,7,2,,4,1,1,6,2,2,,,,2,,"Kadala, Roger H","Arabiat, Aya H",,,,,rxk220001,roger kadala,College Physics II 
PHYS,2125,101,9,19,1,,,,,,,,,,,,,,,,"Kadala, Roger H","Khan, Amena L","Kajla, Rohit",,,,rxk220001,roger kadala,Physics Laboratory I 
PHYS,2125,102,12,16,1,,1,,,,,,,,,,,,,,"Kadala, Roger H","Khan, Amena L","Kajla, Rohit",,,,rxk220001,roger kadala,Physics Laboratory I 
PHYS,2125,103,12,13,1,,,,1,,,1,,,,,,,1,,"Kadala, Roger H","Khan, Amena L","Yadav, Priti",,,,rxk220001,roger kadala,Physics Laboratory I 
PHYS,2125,104,3,21,,2,1,,1,,1,,,,,,,,,,"Kadala, Roger H","Khan, Amena L",,,,,rxk220001,roger kadala,Physics Laboratory I 
PHYS,2125,105,12,16,2,,,,,,,,,,,,,,,,"Kadala, Roger H","Khan, Amena L","Sapkota, Dipak",,,,rxk220001,roger kadala,Physics Laboratory I 
PHYS,2125,106,5,21,,,,,,,,,,,,,,,,,"Kadala, Roger H","Khan, Amena L","Niloy, Md Shaid Hasan",,,,rxk220001,roger kadala,Physics Laboratory I 
PHYS,2125,107,1,28,,,,1,,,,,,,,,,,,,"Kadala, Roger H","Khan, Amena L","Gonzalez, Kristian E",,,,rxk220001,roger kadala,Physics Laboratory I 
PHYS,2125,108,,28,,,,,,,,,1,,1,,,,,,"Kadala, Roger H","Khan, Amena L","Neubauer, Brennan B",,,,rxk220001,roger kadala,Physics Laboratory I 
PHYS,2125,109,5,21,2,2,,,,,,,,,,,,,,,"Kadala, Roger H","Khan, Amena L","Ali, Akbar",,,,rxk220001,roger kadala,Physics Laboratory I 
PHYS,2125,110,2,23,,2,,,,,,,,,1,,,,,,"Kadala, Roger H","Khan, Amena L",,,,,rxk220001,roger kadala,Physics Laboratory I 
PHYS,2125,111,,28,,1,,,,,1,,,,,,,,,,"Kadala, Roger H","Khan, Amena L","Gonzalez, Kristian E",,,,rxk220001,roger kadala,Physics Laboratory I 
PHYS,2125,112,12,14,3,1,,,,,,,,,,,,,,,"Kadala, Roger H","Khan, Amena L","Crawford, John A",,,,rxk220001,roger kadala,Physics Laboratory I 
PHYS,2125,113,1,25,,,,1,2,,,,,,,,,,,,"Kadala, Roger H","Khan, Amena L","Desai, Amogh N",,,,rxk220001,roger kadala,Physics Laboratory I 
PHYS,2125,114,7,21,2,,,,,,,,,,,,,,,,"Kadala, Roger H","Khan, Amena L","Dashti, Farbod",,,,rxk220001,roger kadala,Physics Laboratory I 
PHYS,2125,115,2,26,,1,,,,,,1,,,,,,,,,"Kadala, Roger H","Khan, Amena L","Dashti, Farbod","McNally, Christina M",,,rxk220001,roger kadala,Physics Laboratory I 
PHYS,2125,116,1,22,2,1,,1,,,,,,,2,,,,,,"Kadala, Roger H","Khan, Amena L","Imran, Tuhin Muhammad",,,,rxk220001,roger kadala,Physics Laboratory I 
PHYS,2125,117,1,25,1,,,2,,,,,,,,,,,,,"Kadala, Roger H","Khan, Amena L","Lin, Manshuo",,,,rxk220001,roger kadala,Physics Laboratory I 
PHYS,2125,118,1,26,1,,1,,,,,,,,,,,,1,,"Kadala, Roger H","Khan, Amena L",,,,,rxk220001,roger kadala,Physics Laboratory I 
PHYS,2125,119,10,15,2,1,1,,,,,,,,,,,,,,"Kadala, Roger H","Khan, Amena L","Imran, Tuhin Muhammad",,,,rxk220001,roger kadala,Physics Laboratory I 
PHYS,2125,120,8,17,1,,1,2,,,,,,,,,,,1,,"Kadala, Roger H","Khan, Amena L","Mosadegh, Mahdi",,,,rxk220001,roger kadala,Physics Laboratory I 
PHYS,2125,121,13,14,,1,,,,,,,,,,,,,,,"Kadala, Roger H","Khan, Amena L","Sapkota, Dipak",,,,rxk220001,roger kadala,Physics Laboratory I 
PHYS,2125,122,18,8,2,,1,,,,,,,,,,,,,,"Kadala, Roger H","Khan, Amena L","Kapte, Isha Sunil",,,,rxk220001,roger kadala,Physics Laboratory I 
PHYS,2125,123,1,23,,2,,,,,2,,,,2,,,,,,"Kadala, Roger H","Khan, Amena L","Jafarzadeh, Seyed Javad",,,,rxk220001,roger kadala,Physics Laboratory I 
PHYS,2125,124,2,25,,4,,,,,,,,,,,,,,,"Kadala, Roger H","Khan, Amena L",,,,,rxk220001,roger kadala,Physics Laboratory I 
PHYS,2125,125,3,21,,1,,2,,,,,,,2,,,,,,"Kadala, Roger H","Khan, Amena L","Anable, Daniel",,,,rxk220001,roger kadala,Physics Laboratory I 
PHYS,2125,126,1,27,,,,,,,,,,,,,,,,,"Kadala, Roger H","Khan, Amena L","Kader, Md Joadul",,,,rxk220001,roger kadala,Physics Laboratory I 
PHYS,2125,601,1,25,1,,,,2,,,,,,,,,,,,"Kadala, Roger H","Khan, Amena L",,,,,rxk220001,roger kadala,Physics Laboratory I 
PHYS,2125,602,,20,2,1,,1,2,,,1,,,1,,,,2,,"Khan, Amena L","Kadala, Roger H","Sadain, Ali",,,,axk140130,amena khan,Physics Laboratory I 
PHYS,2125,603,2,21,,3,1,,,,,1,,,,,,,,,"Khan, Amena L","Kadala, Roger H","Koirala, Babita",,,,axk140130,amena khan,Physics Laboratory I 
PHYS,2125,604,,22,4,1,,,,,1,,,,,,,,,,"Kadala, Roger H","Khan, Amena L","Neubauer, Brennan B",,,,rxk220001,roger kadala,Physics Laboratory I 
PHYS,2125,605,4,18,2,,2,1,,,,,,,,,,,,,"Kadala, Roger H","Khan, Amena L","Dashti, Farbod",,,,rxk220001,roger kadala,Physics Laboratory I 
PHYS,2125,606,1,22,3,2,,,,,1,,,,,,,,,,"Kadala, Roger H","Khan, Amena L","Sadain, Ali",,,,rxk220001,roger kadala,Physics Laboratory I 
PHYS,2125,607,1,24,2,1,1,,,,,,,,,,,,,,"Kadala, Roger H","Khan, Amena L","Ali, Akbar",,,,rxk220001,roger kadala,Physics Laboratory I 
PHYS,2125,608,7,18,4,1,,,,,,,,,,,,,,,"Khan, Amena L","Kadala, Roger H","Koirala, Babita",,,,axk140130,amena khan,Physics Laboratory I 
PHYS,2126,101,6,13,5,2,,1,,,,,,,,,,,,,"Mac Alevey, Paul J","Saleh, Lamya","Lochridge, Matthew D",,,,paulmac,paul macalevey,Physics Laboratory II 
PHYS,2126,102,16,11,,,1,,,,,,,,,,,,,,"Mac Alevey, Paul J","Saleh, Lamya","Palos, Rylee K",,,,paulmac,paul macalevey,Physics Laboratory II 
PHYS,2126,103,4,16,7,1,,,,,,,,,,,,,1,,"Mac Alevey, Paul J","Saleh, Lamya","McNally, Christina M","Nadella, Sahithi",,,paulmac,paul macalevey,Physics Laboratory II 
PHYS,2126,104,11,10,3,,1,,,1,,,1,,,,,,,,"Mac Alevey, Paul J","Saleh, Lamya","Ahmad, Faiz",,,,paulmac,paul macalevey,Physics Laboratory II 
PHYS,2126,105,6,7,8,4,,2,,,,,,,,,,,,,"Mac Alevey, Paul J","Saleh, Lamya","Ryan, Conor",,,,paulmac,paul macalevey,Physics Laboratory II 
PHYS,2126,106,19,6,2,,1,,1,,,,,,,,,,,,"Mac Alevey, Paul J","Saleh, Lamya","Phillips, Matthew W",,,,paulmac,paul macalevey,Physics Laboratory II 
PHYS,2126,107,13,12,2,1,,,,,,,,,1,,,,1,,"Mac Alevey, Paul J","Saleh, Lamya",,,,,paulmac,paul macalevey,Physics Laboratory II 
PHYS,2126,108,11,12,4,2,,,,,,,,,,,,,,,"Mac Alevey, Paul J","Saleh, Lamya","Bera, Avijit",,,,paulmac,paul macalevey,Physics Laboratory II 
PHYS,2126,109,7,16,3,1,,,1,,,,,,,,,,,,"Mac Alevey, Paul J","Saleh, Lamya","Ryan, Conor",,,,paulmac,paul macalevey,Physics Laboratory II 
PHYS,2126,110,8,17,4,,,1,,,,,,,,,,,,,"Mac Alevey, Paul J","Saleh, Lamya","Awoyinka, Tunde D",,,,paulmac,paul macalevey,Physics Laboratory II 
PHYS,2126,111,18,8,2,,,,,1,,,,,,,,,,,"Mac Alevey, Paul J","Saleh, Lamya","Ahmad, Faiz",,,,paulmac,paul macalevey,Physics Laboratory II 
PHYS,2126,112,22,4,1,1,1,,1,,,,,,,,,,,,"Mac Alevey, Paul J","Saleh, Lamya","Ruwali, Shisir",,,,paulmac,paul macalevey,Physics Laboratory II 
PHYS,2126,113,21,2,3,,1,,,,,,,,,,,,,,"Mac Alevey, Paul J","Saleh, Lamya","Gupta, Arunaday",,,,paulmac,paul macalevey,Physics Laboratory II 
PHYS,2126,114,9,13,6,,,,,,,,,,1,,,,,,"Mac Alevey, Paul J","Saleh, Lamya","Heng, Jian",,,,paulmac,paul macalevey,Physics Laboratory II 
PHYS,2126,115,4,11,,1,,1,,,,,1,,,,,,,,"Mac Alevey, Paul J","Saleh, Lamya","Mosadegh, Mahdi",,,,paulmac,paul macalevey,Physics Laboratory II 
PHYS,2126,601,5,9,10,2,,1,,,,,,,,,,,1,,"Mac Alevey, Paul J","Saleh, Lamya","Heng, Jian",,,,paulmac,paul macalevey,Physics Laboratory II 
PHYS,2126,602,17,9,2,,,,,,,,,,1,,,,,,"Mac Alevey, Paul J","Saleh, Lamya","Ruwali, Shisir",,,,paulmac,paul macalevey,Physics Laboratory II 
PHYS,2303,001,3,1,4,,,2,,1,,,2,2,,,,,1,,"Saleh, Lamya","Lochridge, Matthew D",,,,,lxs190019,lamya saleh,Contemporary Physics 
PHYS,2325,001,172,54,8,4,1,,,,,,,,,,,,3,,"Goncalves Pinheiro, Alexandre","Khalid, Muhammad",,,,,agp240000,alexandre pinheiro,Mechanics 
PHYS,2325,002,16,22,24,26,19,19,9,13,7,2,7,5,12,,,,6,,"Vasko, Ivan","Patra, Rittik","Magadi Shivalingaiah, Meghraj",,,,ixv230013,,Mechanics 
PHYS,2325,003,140,35,28,12,6,10,3,2,1,2,,1,5,,,,4,,"Saleh, Lamya","Patel, Mahammed Suleman",,,,,lxs190019,lamya saleh,Mechanics 
PHYS,2325,004,2,11,12,6,12,7,1,3,,,1,,4,,,,4,,"Shabbir, Muhammad Waqas","Glosser, Robert","Srivastava, Anusha",,,,dal421214,muhammad waqas shabbir,Mechanics 
PHYS,2325,005,24,34,19,15,13,3,7,8,5,1,1,1,10,,,,3,,"Ou, Zihao","Xie, Yunan",,,,,zxo240000,zihao ou,Mechanics 
PHYS,2325,006,19,24,17,18,20,10,8,8,8,2,5,,5,,,,3,,"Zhang, Xiaojia","Tonoian, David",,,,,xxz220011,xiaojia zhang,Mechanics 
PHYS,2326,001,,43,6,8,21,10,3,13,21,,4,3,10,,,,7,,"Da Silveira Rodrigues, Fabiano","Sooriyaarachchi, Vinu K",,,,,fxd121030,fabiano rodrigues,Electromagnetism and Waves 
PHYS,2326,002,18,39,14,17,25,14,9,3,1,,,,,,,,8,,"Lumata, Lloyd L",,,,,,lxl143230,lloyd lumata,Electromagnetism and Waves 
PHYS,2326,501,16,41,23,15,31,22,16,26,,1,1,4,15,,,,4,,"Zhu, Qingyu","Awoyinka, Tunde D","Vishwakarma, Prasoon",,,,qxz230002,qingyu zhu,Electromagnetism and Waves 
PHYS,3312,001,2,3,1,3,10,1,4,1,,,,,6,,,,1,,"Kesden, Michael H","Rippentrop, Travis S",,,,,mhk130030,michael kesden,Classical Mechanics 
PHYS,3411,001,2,2,2,2,4,1,1,2,,,1,,2,,,,,,"Mac Alevey, Paul J","Anable, Daniel",,,,,paulmac,paul macalevey,Theoretical Physics 
PHYS,3427,001,11,4,4,2,2,2,,,,,,,1,,,,,,"Goeckner, Matthew J","Arabiat, Aya H","Hosseini, Seyed Hossein","McNally, Christina M",,,goeckner,matthew goeckner,Electronics with Laboratory 
PHYS,4302,001,3,6,2,1,2,,1,1,,1,,1,1,,,,,,"Gartstein, Yuri","Kamble, Nisha Vinay",,,,,yxg037000,yuri gartstein,Quantum Mechanics II 
PHYS,4311,001,3,3,4,6,4,2,3,1,1,1,,,,,,,,,"Lee, Mark","Palos, Rylee K",,,,,mxl101000,mark lee,Thermodynamics and Statistical Mechanics 
PHYS,4328,001,3,1,1,1,3,1,2,1,6,,1,,4,,,,,,"Malko, Anton","Smith, Sean S",,,,,avm074000,anton malko,Optics 
PHYS,4350,001,2,1,2,1,1,,,3,,,3,,1,,,,,,"Kolodrubetz, Michael H","Rezvani, Sina",,,,,mxk177330,michael kolodrubetz,Quantum Algorithm and Software 
PHYS,4373,101,6,11,1,,,,,,,,,,,,,,,,"Slinker, Jason D","Adams, Austen C",,,,,jds107020,jason slinker,Physical Measurements Laboratory 
PHYS,4392,001,3,5,5,7,1,1,,,,,1,,1,,,,,,"King, Lindsay J","Gogoi, Antareep",,,,,lxk111430,lindsay king,Extragalactic Astrophysics 
PHYS,5302,001,,4,2,2,4,,,,,,,,1,,,,,,"Mac Alevey, Paul J","Xie, Yunan",,,,,paulmac,paul macalevey,Mathematical Methods of Physics II 
PHYS,5313,001,,13,4,1,,,,,,,,,,,,,,,"Zhang, Fan","Pai, Praveen D",,,,,fxz140930,fan zhang,Statistical Physics 
PHYS,5320,001,,11,,,4,,,1,,,,,,,,,,,"Chen, Lunjin","Hosseini, Seyed Hossein",,,,,lxc134330,lunjin chen,Electromagnetism I 
PHYS,5336,001,,20,1,,,,,,,,,,,,,,,,"Lary, David J",,,,,,djl101000,david lary,Big Data and Machine Learning for Scientific Discovery 
PHYS,6301,001,,4,4,1,2,,,,,,,,,,,,,,"Gartstein, Yuri","Magadi Shivalingaiah, Meghraj",,,,,yxg037000,yuri gartstein,Quantum Mechanics II 
PPOL,4314,0W1,5,11,3,1,3,1,,,,,,,,,,,,,"Boots, Denise P","Adjadeh, John-Paul E",,,,,dpb062000,denise boots,Family Violence and Public Policy 
PPPE,6308,0W1,,17,,,,,,,,,,,,,,,,,"Saibene, Paola",,,,,,pxs210122,,Governance and Auditing Essentials for Cyber Security 
PPPE,6321,501,,2,3,1,3,,,,,,,,,,,,1,,"Kim, Dohyeong","Choi, Sunghye",,,,,dxk132530,dohyeong kim,Economics for Public Policy 
PPPE,6328,501,,13,3,,,,,,,,,,,,,,,,"Sobolev, Anton","Pillai, Maitreyi M",,,,,axs210104,anton sobolev,Capstone in Cyber Security and Policy 
PPPE,6342,001,,6,4,2,1,3,,,,,,,,,,,,,"Lamberova, Natalia","Subramanian, Venkatesh",,,,,nxl210021,,Research Design II 
PPPE,6347,001,,7,3,,1,,,,,,,,,,,,,,"Gray, Thomas R",,,,,,txg171430,thomas gray,Proseminar in Political Institutions and American Politics 
PPPE,6365,501,,5,1,1,2,,,,,,,,,,,,1,,"Lamberova, Natalia",,,,,,nxl210021,,The Innovation Economy 
PSCI,3303,HN1,5,9,1,3,,,,,,,,,,,,,,,"Dow, Douglas C",,,,,,dougdow,douglas dow,Civil Liberties 
PSCI,3310,001,22,12,1,,,,,,,,,,,,,,,,"McCaskill, John R",,,,,,jrm094020,john mccaskill,Managing Government Organizations 
PSCI,3322,001,36,11,13,20,10,6,4,9,1,1,1,,3,,,,3,,"Miller, Banks P","Widner, Katie","Alfa, Victor L",,,,bxm093000,banks miller,Constitutional Law 
PSCI,3328,001,,16,14,15,9,7,2,,,,1,1,1,,,,,,"Pinckney, Jonathan","Khan, Humza",,,,,jxp230022,jonathan pinckney,International Relations 
PSCI,3333,001,13,12,9,8,8,9,4,4,2,,1,1,3,,,,1,,"Bram, Curtis","Elmore, Naela",,,,,cxb230007,curtis bram,Political Behavior 
PSCI,3350,001,5,25,6,10,17,11,3,4,2,,1,,,,,,,,"Cheruvu, Sivaram","Tompkins, Kayleigh S",,,,,sxc210048,sivaram cheruvu,Comparative Politics 
PSCI,3362,001,3,4,2,3,3,,3,2,1,,,,6,,,,2,,"Brunell, Thomas L","Singh, Sonali","Islam, Maria",,,,tlb056000,thomas brunell,The American Political Institutions 
PSCI,4304,001,6,14,12,4,1,1,1,,,,,,,,,,,,"Lowry, Robert C","Rahman, Muhammad T","Mir Akhmadova, Musharraf",,,,rcl062000,robert lowry,Energy and Environmental Politics and Policy 
PSCI,4306,001,2,5,4,3,3,1,,1,,,,1,,,,,,,"Medhi, Kashmiri",,,,,,kxm190003,kashmiri medhi,Protest and Social Movements 
PSCI,4314,001,3,3,2,3,3,3,2,,2,,,,,,,,,,"Peressotti, Giuseppe",,,,,,gxp210031,giuseppe peressotti,Political Economy of East Asia 
PSCI,4318,001,,6,6,2,5,1,,3,1,2,,1,,,,,,,"Minoura, Haruna",,,,,,hxm210012,,Foreign Aid and Development 
PSCI,4323,HN1,4,14,,,,,,,,,,,,,,,,,"Roetzel Ossenfort, Natalie J",,,,,,njr120030,,Innocence Project of Texas 
PSCI,4325,001,,1,3,2,4,1,2,1,2,,,,,,,,1,,"Zhang, Pengfei","Shin, Hanna",,,,,pxz220003,pengfei zhang,Digital Economics and the Law 
PSCI,4326,001,5,21,9,1,,1,1,,,,,,1,,,,2,,"Lowry, Robert C","Gray, Thomas R","Mir Akhmadova, Musharraf",,,,rcl062000,robert lowry,Political Parties and Interest Groups 
PSCI,4343,001,6,4,9,4,1,,,,1,,,,,,,,,,"Sharpe, Conrad M","Wang, Ariel A","Shafiq, Sadman",,,,dal601554,conrad sharpe,Congress and Public Policy 
PSCI,4356,001,1,11,6,6,1,3,,1,,1,1,1,1,,,,,,"Peinhardt, Clint W","Noe, Ricardo",,,,,cwp052000,clint peinhardt,International Political Economy 
PSCI,4359,001,5,9,8,2,3,3,1,2,,,,,,,,,,,"Edgerton, Jared","Bin Kamal, Md Khalid",,,,,jxe220000,jared edgerton,International Conflict 
PSCI,4360,001,2,9,4,4,3,3,,2,,,1,2,2,,,,,,"Peinhardt, Clint W","Chang, Gary",,,,,cwp052000,clint peinhardt,The Political Economy of Multinational Corporations 
PSCI,4364,001,22,12,5,3,,2,,,,,,,,,,,1,,"Modjarrad, Sean Shahin",,,,,,ssm140230,shahin modjarrad,Civil Rights Law and Society 
PSCI,4370,HN1,41,2,2,1,,,,,1,,,,,,,,,,"Chin, Michelle L","Guillory, Emmanual","Piazza, John","Snead, Adrian","LaMura, Sandra",,mlc140530,michelle chin,
PSCI,4372,HN1,,46,1,,,,,,,,,,,,,,,,"Daly, John A","Chin, Michelle L",,,,,jad105020,john daly,
PSCI,4373,HN1,,46,1,,,,,,,,,,,,,,,,"Mbyirukira, Shema N","Nugent, Mary","Bergendorff, Karlee","Warbrick, Malcolm","Chin, Michelle L",,,shema mbyirukira,
PSCI,4396,004,1,8,5,3,1,,,,,,,,1,,,,,,"Clark, Amanda","Bi, Hanying",,,,,dal031693,,Selected Topics in Government and Politics 
PSCI,4396,007,2,3,3,1,,1,,,,,,,,,,,,,"Clark, Amanda","Bi, Hanying",,,,,dal031693,,Selected Topics in Government and Politics 
PSCI,4396,0S1,1,22,1,,,,,,,,,,,,,,,,"Peinhardt, Clint W",,,,,,cwp052000,clint peinhardt,Selected Topics in Government and Politics 
PSCI,4V66,501,17,,,,,,,,,,,,,,,,,,"Seagroves, Tony A",,,,,,tas064000,tony seagroves,Mock Trial 
PSCI,4V67,HN1,,8,1,,,,,,1,,,,,,,,,,"Joiner, Joanne",,,,,,jxj220036,joanne joiner,Moot Court 
PSCI,4V76,HN1,,46,,,,,,,1,,,,,,,,,,"Browne, Vanesa","Davila Gonzalez, Jose Luis","Chin, Michelle L",,,,,vanesa browne,
PSCI,6308,0W1,,18,,,,,,,,,,,,,,,,,"Saibene, Paola",,,,,,pxs210122,,Governance and Auditing Essentials for Cyber Security 
PSCI,6319,501,,3,5,4,2,1,,,,,,,,,,,,,"Pinckney, Jonathan",,,,,,jxp230022,jonathan pinckney,Proseminar in International Relations 
PSCI,6328,501,,8,,3,,,,,,,,,,,,,,,"Sobolev, Anton","Pillai, Maitreyi M",,,,,axs210104,anton sobolev,Capstone in Cyber Security and Policy 
PSCI,6337,001,,12,2,1,,,,,,,,,1,,,,,,"Cheruvu, Sivaram",,,,,,sxc210048,sivaram cheruvu,Comparative Institutions 
PSCI,6347,001,,3,1,2,3,1,,,,,,,1,,,,,,"Gray, Thomas R",,,,,,txg171430,thomas gray,Proseminar in Political Institutions and American Politics 
PSCI,7330,001,,7,1,,1,,,,,,,,1,,,,,,"Edgerton, Jared",,,,,,jxe220000,jared edgerton,International Conflict 
PSY,2301,001,2,13,10,12,14,5,7,5,2,4,6,1,9,,,,2,,"Atchison, Kristin J","Monroe, Anthony J",,,,,kja042000,kristin atchison,Introduction to Psychology 
PSY,2301,002,,21,18,15,22,14,5,12,5,2,3,1,6,,,,5,,"Brody, Salena M","Heinrich, Melissa D",,,,,smb051000,salena brody,Introduction to Psychology 
PSY,2301,0W1,36,75,13,11,5,3,1,4,,1,,,,,,,,,"Sasson, Noah J","Brown, Tracy",,,,,njs092000,noah sasson,Introduction to Psychology 
PSY,2301,0W2,4,24,20,11,18,17,10,6,3,8,4,4,13,,1,,1,,"Ybarra, Regina K","Coats, Ummi K",,,,,rky190000,regina ybarra,Introduction to Psychology 
PSY,2301,HN1,9,9,4,2,,1,,,,,,,,,,,,,"Devdas, Neetha R",,,,,,nrd120030,neetha devdas,Introduction to Psychology 
PSY,2314,001,2,9,8,9,10,4,5,4,1,2,3,2,7,,,,3,,"Atchison, Kristin J","Delfosse, Camille M",,,,,kja042000,kristin atchison,Lifespan Development 
PSY,2314,002,,5,1,7,9,7,2,1,9,,4,,2,,,,,,"Drew, Linda M","Gholap, Neha P",,,,,lmd102020,linda drew,Lifespan Development 
PSY,2317,001,13,7,9,5,4,5,,2,2,1,2,,3,,,,1,,"Atchison, Kristin J","Soleymani, Parisa",,,,,kja042000,kristin atchison,Statistics for Psychology 
PSY,2317,0W1,,54,8,8,1,2,,1,,,,1,,,,,,,"Fearon, Danielle","Behboudi, Mohammad Hossein",,,,,dxf220005,danielle fearon,Statistics for Psychology 
PSY,2317,0W2,5,6,2,7,7,2,1,3,2,1,1,2,9,,,,5,,"Ruggero, Camilo J","Pezanko, Luke",,,,,cjr230000,,Statistics for Psychology 
PSY,3100,001,11,,1,,,,,,,,,,1,,,,,,"Large, Adrienne N",,,,,,axl170008,,Careers in Psychology 
PSY,3310,001,,57,,,2,,,5,,,1,,4,,,,,,"Timmons, Lisa N","Padilla Cardoso, Mayra A",,,,,lnk081000,lisa timmons,Child Development 
PSY,3310,002,,64,,,10,,,6,,,2,,2,,,,,,"Timmons, Lisa N","Liu, Yilin",,,,,lnk081000,lisa timmons,Child Development 
PSY,3310,0W1,,98,1,4,14,,,,1,,,,1,,,,,,"Bonner, Deborah","Redig, Samantha L",,,,,dbonner,deborah bonner,Child Development 
PSY,3331,001,2,3,3,2,5,1,3,5,4,2,1,1,3,,,,,,"Kane, Heidi S","Han, Eun Jin",,,,,hsk140330,heidi kane,Social Psychology 
PSY,3331,0H1,,8,7,,10,7,4,7,6,2,3,,10,,,,2,,"Huxtable-Jester, Karen J","Lilly, Lauren H",,,,,kxh014900,karen huxtable jester,Social Psychology 
PSY,3331,0W1,19,39,8,8,8,3,2,3,3,1,,,2,,,,1,,"Park, Bo Kyung","Hsieh, Uan-Luen",,,,,bxp200011,bo kyung park,Social Psychology 
PSY,3331,0W2,,58,4,5,1,4,,,,2,,,,,,,,,"Brody, Salena M","Peacock, Dru D",,,,,smb051000,salena brody,Social Psychology 
PSY,3332,001,,14,6,9,8,1,2,3,1,,,2,,,,,,,"Holub, Shayla C","Gutierrez, Alyssa M",,,,,sch052000,shayla holub,Social and Personality Development 
PSY,3333,001,14,25,26,19,11,14,4,4,3,2,1,1,2,,,,,,"Ybarra, Regina K",,,,,,rky190000,regina ybarra,Clinical Psychology 
PSY,3338,001,3,15,12,2,4,4,2,1,1,2,1,,1,,,,,,"Tang, Alva","Kim, Taesun",,,,,axt220069,alva tang,Adolescence 
PSY,3339,0H1,,7,2,2,5,3,2,7,2,4,1,,3,,,,,,"Huxtable-Jester, Karen J","Lilly, Lauren H",,,,,kxh014900,karen huxtable jester,Educational Psychology 
PSY,3342,501,11,9,5,4,5,1,1,1,,,,,,,,,,,"Bonner, Deborah","Wang, Bangjie",,,,,dbonner,deborah bonner,Exceptional Children 
PSY,3352,001,3,6,6,3,4,5,7,3,1,,2,2,1,,,,1,,"Skinner, Margaret","Izurieta Munoz, Haydee S",,,,,mxs230054,margaret skinner,Biological Psychology 
PSY,3360,0W1,1,32,7,22,34,21,3,12,9,,6,,2,,,,2,,"Drew, Linda M","Ma, Jessica",,,,,lmd102020,linda drew,Historical Perspectives on Psychology  Mind and Machines since 1600 
PSY,3361,001,21,24,1,9,9,,4,5,5,,1,1,,,,,1,,"Roark, Dana A","Andreo, Micaela",,,,,danar,dana roark,Cognitive Psychology 
PSY,3361,002,3,2,9,2,7,7,6,6,4,2,2,1,5,,,,7,,"Wig, Gagandeep S","Massett, Roy J",,,,,gsw130130,gagan wig,Cognitive Psychology 
PSY,3361,0W1,,22,5,8,5,1,4,2,1,3,1,1,4,,,,1,,"Seaman, Kendra L","Rodriguez, Stephanie",,,,,kls190004,kendra seaman,Cognitive Psychology 
PSY,3362,001,7,10,,1,,1,1,,,1,1,,,,,,1,,"Atchison, Kristin J","Prince, Erin",,,,,kja042000,kristin atchison,Cognitive Development 
PSY,3392,001,,1,2,2,2,2,1,1,1,,,1,5,,,,,,"Sasson, Noah J","Koch, Mia N",,,,,njs092000,noah sasson,Research Design and Analysis 
PSY,3392,0W1,76,42,12,8,4,4,2,,,,,,1,,,,,,"Grant, Meridith G","Millward, Kennedy A",,,,,mga061000,meridith grant,Research Design and Analysis 
PSY,3393,001,1,5,2,5,,2,1,,,,,,1,,,,1,,"Smith, Evan T","Zehtabi, Zahra",,,,,exs130130,,Experimental Projects in Psychology 
PSY,3393,002,,6,11,4,,,,,,,,,,,,,,,"Fearon, Danielle","Sanchez, Patricia Monique",,,,,dxf220005,danielle fearon,Experimental Projects in Psychology 
PSY,3393,003,,13,,,6,,,3,,,,,1,,,,1,,"Macphail, Donald C","Eisenberg, LuLu A",,,,,dcm200000,,Experimental Projects in Psychology 
PSY,3393,004,,10,8,3,1,,,,,,,,,,,,,,"Fearon, Danielle","Leung, Carole",,,,,dxf220005,danielle fearon,Experimental Projects in Psychology 
PSY,3393,005,,3,1,2,3,2,,1,,,1,,2,,,,,,"Damme, Katherine S","Hosseinpourkhoshkbari, Reyhaneh",,,,,ksd240003,,Experimental Projects in Psychology 
PSY,3393,0W1,8,2,6,2,3,,1,,,,,,,,,,,,"Shirvani, Forouz","Smitherman, Israel W",,,,,fxk024000,forouz shirvani,Experimental Projects in Psychology 
PSY,3393,0W2,2,6,12,3,,,,1,,,,,,,,,,,"Shirvani, Forouz","Irani Helabad, Alireza",,,,,fxk024000,forouz shirvani,Experimental Projects in Psychology 
PSY,3393,501,,9,,5,3,1,1,,1,,,,1,,,,1,,"Tillman, Gail D","Nguyen, Linh Thi D",,,,,gtillman,gail tillman,Experimental Projects in Psychology 
PSY,4320,001,3,8,6,5,6,2,3,4,3,,,,,,,,2,,"Krawczyk, Daniel C",,,,,,dck061000,daniel krawczyk,Psychology of Reasoning 
PSY,4326,001,3,4,1,,3,2,2,,,,1,,,,,,1,,"Kent, Jerillyn",,,,,,jxk210033,jerillyn kent,Clinical Psychological Science 
PSY,4328,001,2,4,2,5,2,6,1,2,2,1,4,1,4,,,,,,"Kane, Heidi S",,,,,,hsk140330,heidi kane,Health Psychology 
PSY,4331,001,15,23,12,10,10,5,10,5,4,,4,,3,,,,,,"Boyd, Ryan L","Telidevara, Amrita Kaushik",,,,,rlb240002,ryan boyd,Personality 
PSY,4343,001,6,19,19,16,13,11,4,6,3,5,,,1,,,,2,,"Ybarra, Regina K","Kulkarni, Maitreyee",,,,,rky190000,regina ybarra,Adult Psychopathology 
PSY,4343,002,4,8,5,2,8,2,2,3,1,,1,,1,,,,,,"Warren, Stacie","Gu, Pan",,,,,sxw220017,stacie warren,Adult Psychopathology 
PSY,4343,0W1,,36,43,26,22,8,6,3,,3,,,1,,,,1,,"Pinkham, Amy E","Calderon, Rachel M",,,,,aep140430,amy pinkham,Adult Psychopathology 
PSY,4343,HN1,13,9,3,,,,,,,,,,,,,,,,"Devdas, Neetha R",,,,,,nrd120030,neetha devdas,Adult Psychopathology 
PSY,4343,HN2,13,8,3,,,,,,,,,,,,,,,,"Devdas, Neetha R",,,,,,nrd120030,neetha devdas,Adult Psychopathology 
PSY,4344,001,12,13,8,5,2,1,1,3,1,,,,,,,,1,,"Timmons, Lisa N","Wilder, Siri",,,,,lnk081000,lisa timmons,Child Psychopathology 
PSY,4348,001,3,3,9,1,3,1,2,,,,,,,,,,2,,"Skinner, Margaret",,,,,,mxs230054,margaret skinner,Sleep and Mental Health 
PSY,4385,0W1,,20,7,1,1,1,,,,,,,1,,,,,,"Sullivan, Erin A",,,,,,eas113020,erin sullivan,Neuropsychology 
PSY,4386,001,6,2,3,3,3,4,4,2,,1,,,3,,,,1,,"Basak, Chandramallika",,,,,,cxb116130,chandramallika basak,Adult Development and Aging 
PSY,4394,001,,,,,,,,,,,,,,20,2,,1,,"Choate, Michael J",,,,,,mchoate,michael choate,Internship in Psychology 
PSY,4395,001,,,,,,,,,,,,,,43,,,1,,"Choate, Michael J",,,,,,mchoate,michael choate,Co-op Fieldwork 
PSY,4V90,002,18,2,4,,,,,,,,,,,,,,1,,"Grimmer, Leslie A","Pierce, Corey E",,,,,lag190011,,Special Topics in Psychology 
PSY,4V90,0W1,,1,7,6,3,3,1,3,1,1,,,2,,,,1,,"Ruggero, Jennifer L",,,,,,jlr230005,jennifer ruggero,Special Topics in Psychology 
PSYC,6352,0W1,,45,1,,,,,,,,,,,,,,1,,"Krawczyk, Daniel C",,,,,,dck061000,daniel krawczyk,Cognitive Psychology Essentials for Cyber Security 
REAL,3305,001,2,8,5,5,3,1,2,1,1,,,1,1,,,,,,"Lowrance, Daniel S",,,,,,dsl230000,daniel lowrance,Real Estate Principles 
REAL,3305,002,,3,3,1,,3,2,,,1,,1,2,,,,1,,"Lowrance, Daniel S",,,,,,dsl230000,daniel lowrance,Real Estate Principles 
REAL,3358,001,,1,4,3,1,3,,,2,,,1,1,,,,2,,"Lowrance, Daniel S",,,,,,dsl230000,daniel lowrance,Real Estate Markets and Investments 
REAL,6321,0W1,,24,1,,1,1,,,,,,,,,,,,,"Lynch, Julie","Khan, Aariz R",,,,,jxl180030,julie lynch,Introduction to Real Estate 
REAL,6321,0W2,,13,2,,1,,1,1,,,,,,,,,1,,"Lynch, Julie","Khan, Aariz R",,,,,jxl180030,julie lynch,Introduction to Real Estate 
RELS,1325,001,2,4,,3,6,,1,1,,,,,,,,,1,,"Amato, Lawrence A","Gagnet, Coco","Hwang, Jeongmi",,,,laa062000,lawrence amato,Introduction to Philosophy of Religion 
RHET,1302,001,4,6,1,,,1,1,,,,1,,2,,,,1,,"Cakerice, John H",,,,,,jhc150430,john cakerice,Rhetoric 
RHET,1302,004,1,4,1,2,1,1,2,1,,,,,4,,,,1,,"Cakerice, John H","King, Carie S",,,,,jhc150430,john cakerice,Rhetoric 
RHET,1302,005,4,7,2,,1,1,,1,,,,,1,,,,1,,"Alem, Hosanna G",,,,,,hga140130,hosanna alem,Rhetoric 
RHET,1302,006,,2,4,1,,1,1,2,,,,,5,,,,1,,"Shabir, Junaid S",,,,,,jss220000,junaid shabir,Rhetoric 
RHET,1302,007,1,6,3,1,,2,1,1,,1,,1,1,,,,,,"Cates, Rosemond T",,,,,,rtc210000,rosemond cates,Rhetoric 
RHET,1302,008,5,8,,2,1,1,,,,,,,1,,,,,,"Alem, Hosanna G",,,,,,hga140130,hosanna alem,Rhetoric 
RHET,1302,009,10,2,1,1,1,,,1,,,,,,,,,1,,"Heidari, Marjan",,,,,,mxh200009,marjan heidari,Rhetoric 
RHET,1302,010,,2,4,2,2,1,2,,,2,1,,2,,,,,,"Cates, Rosemond T",,,,,,rtc210000,rosemond cates,Rhetoric 
RHET,1302,011,3,3,1,2,2,4,,1,,,,,,,,,,,"Bennett, Jason H",,,,,,jhb042000,jason bennett,Rhetoric 
RHET,1302,012,7,2,2,1,2,1,,1,,,,,1,,,,,,"Heidari, Marjan",,,,,,mxh200009,marjan heidari,Rhetoric 
RHET,1302,013,7,4,,,2,,,1,,,,,1,,,,1,,"Arrabai, Mustafa M",,,,,,mma200002,mustafa arrabai,Rhetoric 
RHET,1302,014,5,2,3,,2,,,,,,2,,2,,,,,,"Bennett, Jason H",,,,,,jhb042000,jason bennett,Rhetoric 
RHET,1302,015,4,7,2,1,1,1,,,,,,,1,,,,,,"Burghelea, Clara I",,,,,,cib220000,clara burghelea,Rhetoric 
RHET,1302,016,12,,,,2,,,,,,,,1,,,,,,"Arrabai, Mustafa M",,,,,,mma200002,mustafa arrabai,Rhetoric 
RHET,1302,017,1,1,2,4,3,3,,,,,,,1,,,,,,"Yang, Dawn D",,,,,,dxy220002,,Rhetoric 
RHET,1302,018,9,4,1,2,,,,,,,,,,,,,1,,"Burghelea, Clara I",,,,,,cib220000,clara burghelea,Rhetoric 
RHET,1302,019,2,4,1,4,2,,1,1,,1,,,,,,,1,,"Feiz, Manzar",,,,,,mxf220012,manzar feiz,Rhetoric 
RHET,1302,022,3,3,1,,1,,1,,,,,,2,,,,,,"Wang, Siting",,,,,,sxw230032,,Rhetoric 
RHET,1302,024,5,2,1,1,1,2,,,,,1,,4,,,,1,,"Wang, Siting",,,,,,sxw230032,,Rhetoric 
RHET,1302,025,2,1,3,4,4,,,,,,,,1,,,,3,,"Ahmad, Muhammad",,,,,,mxa210077,muhammad ahmad,Rhetoric 
RHET,1302,026,2,2,4,,3,3,1,1,,1,,,,,,,1,,"Yang, Dawn D",,,,,,dxy220002,,Rhetoric 
RHET,1302,028,,4,4,1,,1,1,,1,,,1,,,,,1,,"Gu, Jiajia",,,,,,jxg200001,,Rhetoric 
RHET,1302,030,2,4,2,1,1,,1,2,,,2,,1,,,,1,,"Shabir, Junaid S",,,,,,jss220000,junaid shabir,Rhetoric 
RHET,1302,031,2,8,1,1,,,,,2,1,,,2,,,,1,,"Gu, Jiajia",,,,,,jxg200001,,Rhetoric 
RHET,1302,032,,7,2,1,1,1,1,1,,,,,2,,,,1,,"Ahmad, Muhammad",,,,,,mxa210077,muhammad ahmad,Rhetoric 
RHET,1302,033,5,7,1,1,,1,,,,,,,1,,,,1,,"Hwang, Kyeongmin",,,,,,kxh220004,kyeongmin hwang,Rhetoric 
RHET,1302,034,,4,2,2,2,1,,1,,,,,4,,,,,,"Nusrat, Masrufa A",,,,,,man220000,masrufa nusrat,Rhetoric 
RHET,1302,035,,3,1,1,3,1,1,1,,,,,5,,,,,,"Priyadarshi, Abhipriya K",,,,,,akp230001,abhipriya priyadarshi,Rhetoric 
RHET,1302,036,9,5,,,,1,,1,,,,,1,,,,1,,"Hwang, Kyeongmin",,,,,,kxh220004,kyeongmin hwang,Rhetoric 
RHET,1302,037,,3,2,3,4,4,,1,1,,,,,,,,,,"Nusrat, Masrufa A",,,,,,man220000,masrufa nusrat,Rhetoric 
RHET,1302,038,1,4,1,2,1,1,2,,1,,,,2,,,,,,"Feiz, Manzar",,,,,,mxf220012,manzar feiz,Rhetoric 
RHET,1302,039,,3,3,1,1,4,,1,1,,1,,1,,,,1,,"Priyadarshi, Abhipriya K",,,,,,akp230001,abhipriya priyadarshi,Rhetoric 
RHET,1302,042,3,6,4,,1,,1,2,,,,,,,,,,,"Momeni, Bahar",,,,,,bxm180023,bahareh momeniabdolabadi,Rhetoric 
RHET,1302,043,1,9,1,1,,2,2,1,,,,,,,,,,,"Anwesha, Swati",,,,,,sax210000,swati anwesha,Rhetoric 
RHET,1302,045,4,3,3,,2,1,1,,,,1,,3,,,,,,"Cox, Gavin L",,,,,,glc016100,gavin cox,Rhetoric 
RHET,1302,046,3,8,3,2,,,,,,,,,,,,,1,,"D'Monte, Nikita",,,,,,nxd162730,nikita dmonte,Rhetoric 
RHET,1302,047,,2,2,7,1,,1,1,,1,,,2,,,,,,"Momeni, Bahar",,,,,,bxm180023,bahareh momeniabdolabadi,Rhetoric 
RHET,1302,0H1,1,6,4,,6,,,,,,,,1,,,,,,"Cox, Gavin L",,,,,,glc016100,gavin cox,Rhetoric 
RHET,1302,0H3,2,6,1,3,,,1,,2,,,,1,,,,2,,"Sidders, Tiffany",,,,,,txs220060,tiffany sidders,Rhetoric 
RHET,1302,0H4,2,,3,1,2,,1,2,,,,1,3,,,,2,,"Yu, Katherine",,,,,,kxy210004,katherine yu,Rhetoric 
RHET,1302,0H5,,5,8,2,,1,,1,,1,,,,,,,,,"Sidders, Tiffany",,,,,,txs220060,tiffany sidders,Rhetoric 
RHET,1302,0H6,3,9,2,,,,,1,,,1,,1,,,,,,"Anwesha, Swati",,,,,,sax210000,swati anwesha,Rhetoric 
RHET,1302,0H7,5,8,5,,,,,,,,,,,,,,,,"D'Monte, Nikita",,,,,,nxd162730,nikita dmonte,Rhetoric 
RHET,1302,0H8,,2,2,1,1,,,1,2,,,,4,,,,1,,"Yu, Katherine",,,,,,kxy210004,katherine yu,Rhetoric 
RHET,2302,0H1,4,3,2,1,,,1,,,,,,1,,,,2,,"Montgomery, Christina F",,,,,,cxm190022,christina montgomery,Intermediate Composition and Rhetoric 
RHET,2302,0H2,4,8,2,,,1,1,,,,,,1,,,,,,"Montgomery, Christina F",,,,,,cxm190022,christina montgomery,Intermediate Composition and Rhetoric 
RHET,4320,002,7,3,1,1,,,,,1,,,,,,,,,,"Kelley, Erin L",,,,,,elk031000,erin kelley,Legal Research and Writing 
RHET,4320,0W1,4,1,3,1,,1,,,,,,,1,,,,1,,"Kelley, Erin L",,,,,,elk031000,erin kelley,Legal Research and Writing 
RMIS,4332,001,,4,2,2,3,2,1,,,,,,,,,,,,"Haynes, Steven",,,,,,sxh102420,steven haynes,Commercial Property Risk Management and Insurance 
RMIS,4334,001,1,,,1,,1,,1,,,1,,6,,,,,,"Kaplan, Larry S",,,,,,lsk140130,larry kaplan,Insurance Law and Contracts 
SE,2340,001,3,,,,,1,1,1,1,,1,,2,,,,,,"Wang, Alice","Zhang, Jinheng",,,,,axw230018,alice wang,Computer Architecture 
SE,3162,051,,2,5,2,2,,,,,,,,,,,,,,"Cole, John P",,,,,,jxc064000,john cole,Professional Responsibility in Computer Science and Software Engineering 
SE,3162,052,,6,5,6,4,,,1,,,,,,,,,,,"Cole, John P",,,,,,jxc064000,john cole,Professional Responsibility in Computer Science and Software Engineering 
SE,3162,091,,3,3,3,2,1,,,,,,,,,,,,,"Cole, John P",,,,,,jxc064000,john cole,Professional Responsibility in Computer Science and Software Engineering 
SE,3162,092,,4,4,2,3,3,,,,,,,1,,,,,,"Cole, John P",,,,,,jxc064000,john cole,Professional Responsibility in Computer Science and Software Engineering 
SE,3306,001,6,8,4,16,12,5,4,,2,,,,1,,,,,,"Satpute, Meghana N",,,,,,mns086000,meghana satpute,Mathematical Foundations of Software Engineering 
SE,3341,001,2,3,,5,6,,5,,,1,,,1,,,,,,"Smiley, Octavious","Thomas, Yaga S",,,,,oxs230011,octavious smiley,Probability and Statistics in Computer Science and Software Engineering 
SE,3341,004,1,1,,,,,1,2,3,1,2,1,3,,,,1,,"Guo, Huizhen","Jannaty, Most Salma Y",,,,,hxg190020,huizhen guo,Probability and Statistics in Computer Science and Software Engineering 
SE,3341,005,1,1,1,,2,,1,1,2,1,,,4,,,,,,"Jiang, Shengjie","Husain, Md Maidul",,,,,sxj220069,shengjie jiang,Probability and Statistics in Computer Science and Software Engineering 
SE,3341,006,1,,,1,3,,5,,,,,,,,,,,,"Smiley, Octavious","Zhao, Kun",,,,,oxs230011,octavious smiley,Probability and Statistics in Computer Science and Software Engineering 
SE,3345,002,2,1,,4,1,1,2,,,,,,,,,,,,"Satpute, Meghana N",,,,,,mns086000,meghana satpute,Data Structures and Introduction to Algorithmic Analysis 
SE,3345,003,,1,1,2,,1,,1,2,,,,1,,,,1,,"Alagar, Sridhar",,,,,,sxa173731,sridhar alagar,Data Structures and Introduction to Algorithmic Analysis 
SE,3345,005,2,3,,2,1,,,1,,,1,,,,,,,,"Hamdy, Omar Mohamed",,,,,,oxh210004,omar hamdy,Data Structures and Introduction to Algorithmic Analysis 
SE,3345,007,,2,1,4,,,1,1,1,,,,,,,,,,"Satpute, Meghana N",,,,,,mns086000,meghana satpute,Data Structures and Introduction to Algorithmic Analysis 
SE,3345,008,,1,,1,2,,2,2,,,,,1,,,,1,,"Darbari, Parisa",,,,,,dal776869,parisa darbari,Data Structures and Introduction to Algorithmic Analysis 
SE,3345,502,,4,2,1,3,,,,,,,,,,,,,,"Khan, Kamran Z",,,,,,kkhan,ziaullah khan,Data Structures and Introduction to Algorithmic Analysis 
SE,3354,004,,5,2,3,1,1,,,1,,,,,,,,1,,"Feng, Ranran",,,,,,rxf090020,ranran feng,Software Engineering 
SE,3354,005,2,3,1,1,2,,1,,,,,,,,,,,,"Narayanasami, Priya",,,,,,pxn173330,priya narayanasami,Software Engineering 
SE,3377,003,1,2,2,1,,2,1,2,,,,,,,,,1,,"Alagar, Sridhar",,,,,,sxa173731,sridhar alagar,Systems Programming in UNIX and Other Environments 
SE,3377,0W1,3,3,3,,1,,2,,1,,,,,,,,,,"Dollinger, Scott M",,,,,,smd013000,scott dollinger,
SE,3377,5W1,3,2,4,4,,1,1,,,,,,,,,,,,"Dollinger, Scott M",,,,,,smd013000,scott dollinger,Systems Programming in UNIX and Other Environments 
SE,4347,502,,1,4,2,1,3,,2,,,,,,,,,,,"Khan, Kamran Z","Zhang, Baoming",,,,,kkhan,ziaullah khan,Database Systems 
SE,4348,001,3,2,3,,,,,,1,1,,,,,,,,,"Peterson, Erik A",,,,,,eap190004,erik peterson,Operating Systems Concepts 
SE,4351,001,,35,12,7,10,1,1,1,1,,,,,,,,,,"Maweu, Barbara","Rath, Avilash S",,,,,bmk101020,barbara maweu,Requirements Engineering 
SE,4352,001,34,9,25,1,1,,,,,,,,,,,,,,"Nguyen, Tien N",,,,,,tnn160630,tien nguyen,Software Architecture and Design 
SE,4367,001,5,2,3,3,9,11,5,5,2,2,5,1,2,,,,1,,"Nouroz Borazjany, Mehra","Wei, Songtao",,,,,mxn143230,mehra borazjany,Software Testing  Verification  Validation and Quality Assurance 
SE,4381,001,1,7,17,5,34,10,6,12,1,2,1,,1,,,,,,"Maweu, Barbara","Rouhani, Hamid",,,,,bmk101020,barbara maweu,Software Project Planning and Management 
SE,4381,501,1,8,9,11,30,12,6,6,3,,2,,1,,,,,,"Maweu, Barbara","Nanda, Souradeep",,,,,bmk101020,barbara maweu,Software Project Planning and Management 
SE,4485,001,,74,7,,,,,,,,,,,,,,,,"Wong, Weichen E","Chen, Zizhao","Hsu, Chih-Wei",,,,wew021000,weichen wong,Software Engineering Project 
SE,6361,001,,4,9,2,2,,,,,,,,,,,,,,"Chung, Lawrence","Alshomar, Ahmad",,,,,chung,lawrence chung,Advanced Requirements Engineering 
SE,6362,M01,,9,2,,,,,,,,,,,,,,,,"Paulk, Mark C",,,,,,mcp130030,mark paulk,
SE,6367,001,,7,7,3,,,2,,,,,,,,,,,,"Nouroz Borazjany, Mehra","Wei, Songtao",,,,,mxn143230,mehra borazjany,Software Testing  Validation and Verification 
SE,6387,001,,12,5,4,,,,,,,,,,,,,,,"Zalila-Wenkstern, Rym","Alshomar, Ahmad",,,,,rmili,rym zalila wenkstern,Advanced Software Engineering Project 
SE,6387,M01,,14,,,1,,,,,,,,,,,,,,"Gupta, Neeraj K",,,,,,nkg140130,neeraj gupta,
SE,6388,001,,12,5,4,,,,,,,,,,,,,,,"Paulk, Mark C","Alshomar, Ahmad",,,,,mcp130030,mark paulk,Software Project Planning and Management 
SGNL,1301,001,6,8,,,,,,,,,,,,,,,,,"Trammell-Conerly, Erika M",,,,,,ext240004,,Beginning American Sign Language I 
SOC,1301,001,8,14,2,7,6,2,,,,,,1,4,,,,,,"Scotch, Richard K","Briggs-Megafu, Tamnala E",,,,,scotch,richard scotch,Introduction to Sociology 
SOC,1301,0W1,63,5,,3,2,,,,,,1,,1,,,,,,"Dickey, Galen L","Briggs-Megafu, Tamnala E",,,,,gld190001,galen dickey laprocido,Introduction to Sociology 
SOC,1301,0W2,27,6,2,1,,,1,1,,,,,1,,,,,,"Asfaw, Sirak",,,,,,sxa154930,,Introduction to Sociology 
SOC,1301,HN1,7,8,2,4,1,1,,,,,,,1,,,,,,"Lanham, Carol C","Haque, Samiul",,,,,ccl054000,carol lanham,Introduction to Sociology 
SOC,2300,001,,5,3,1,3,4,,,,,,,,,2,,,,"Werhnyak, Larissa",,,,,,lxw163630,larissa werhnyak,Introduction to Gender Studies 
SOC,2319,0W1,21,7,6,1,1,2,1,1,3,,,,3,,,,,,"Asfaw, Sirak",,,,,,sxa154930,,Race and Ethnicity 
SOC,3303,001,5,9,8,3,5,5,,,,,1,,2,,,,2,,"Lanham, Carol C","Haque, Samiul",,,,,ccl054000,carol lanham,Classical Social Theory 
SOC,3321,0W1,1,9,6,3,4,2,,3,,,1,,,,,,,,"Lanham, Carol C","Haque, Samiul",,,,,ccl054000,carol lanham,Deviance 
SOC,3381,001,1,18,2,1,2,,,,,,2,,2,,,,,,"Gavigan, Brenda B","Haque, Samiul",,,,,bxg210008,brenda gambol,Field Research Methods 
SOC,3392,0W1,39,3,,1,1,,,,,,,,1,,,,,,"Dickey, Galen L","Briggs-Megafu, Tamnala E",,,,,gld190001,galen dickey laprocido,Women s Health Issues 
SOC,4306,001,8,6,7,1,,1,,1,1,,,,,,,,,,"Skaggs, Sheryl L","Haque, Samiul",,,,,slskaggs,sheryl skaggs,Advanced Sociological Research 
SOC,4369,001,14,9,,1,4,1,,1,,,,,,,,,,,"Dickey, Galen L",,,,,,gld190001,galen dickey laprocido,Public Health and Society 
SOC,4369,0W1,63,4,,,4,,,,,,,,2,,,,,,"Dickey, Galen L",,,,,,gld190001,galen dickey laprocido,Public Health and Society 
SOC,4372,001,49,14,3,3,2,2,,,,,,,3,,,,2,,"Kwon, Soyoung","Briggs-Megafu, Tamnala E",,,,,sxk240162,,Health and Illness 
SOC,4375,0S1,16,,2,1,,,,,,,,,,,,,,,"Skaggs, Sheryl L",,,,,,slskaggs,sheryl skaggs,Gender and Work 
SOC,4384,0W1,,42,,,4,,,,,,,,2,,,,,,"Rios, Jeannine",,,,,,dal690687,,Social Epidemiology 
SOC,4385,0W1,20,11,16,1,,1,,,,,1,,1,,,,,,"Kalanzi, Dorothy N",,,,,,dal115445,,Global Health and Society 
SOC,4385,HN1,2,7,1,2,1,,,,,,,,,,,,,,"Kim, Dohyeong","Choi, Sunghye",,,,,dxk132530,dohyeong kim,Global Health and Society 
SOC,4396,0W1,2,3,1,,2,2,,,,,,,,,,,,,"Boots, Denise P","Adjadeh, John-Paul E",,,,,dpb062000,denise boots,Selected Topics in Sociology 
SOC,6315,0W1,,9,,,,,,,,,,,,,,,1,,"Harrington, James","Lee, Moonsoo",,,,,jxh134630,james harrington,Evaluating Program and Organizational Performance 
SPAN,1311,001,,1,3,,2,3,1,,,,,1,1,,,,1,,"Fernandez Cobos, Laura",,,,,,dal473593,,Beginning Spanish I 
SPAN,1311,002,8,2,1,1,1,,,,,,,,,,,,,,"Puentes, Yunet",,,,,,yxp190010,,Beginning Spanish I 
SPAN,1312,001,1,2,3,2,2,1,,,,1,,,,,,,,,"Alins Breda, Diego",,,,,,dxa230040,diego breda,Beginning Spanish II 
SPAN,1312,002,2,3,1,2,,,2,,,,,,,,,,,,"Alins Breda, Diego",,,,,,dxa230040,diego breda,Beginning Spanish II 
SPAN,2311,002,3,2,3,,1,1,,,,,,,,,,,,,"Alins Breda, Diego",,,,,,dxa230040,diego breda,Intermediate Spanish I 
SPAN,3311,001,6,7,2,1,1,,,,,,,,,,,,,,"Camacho Guardado, Amalia Lorena",,,,,,lxc163230,amalia lorena camacho guardardo,Advanced Spanish I 
SPAN,3312,001,8,2,2,3,,,1,,,,,,,,,,,,"Camacho Guardado, Amalia Lorena",,,,,,lxc163230,amalia lorena camacho guardardo,Advanced Spanish II 
SPAN,3350,001,9,5,6,1,,2,,,,,,,,,,,1,,"Alins Breda, Diego",,,,,,dxa230040,diego breda,Business Spanish 
SPAN,4301,001,10,,,,,,,,,,,,,,,,,,"Camacho Guardado, Amalia Lorena",,,,,,lxc163230,amalia lorena camacho guardardo,Advanced Spanish Conversation 
SPAN,4330,0S1,19,,1,,,,,,,,,,,,,,,,"Camacho Guardado, Amalia Lorena",,,,,,lxc163230,amalia lorena camacho guardardo,Medical Spanish Immersion 
SPAU,3301,001,2,10,3,3,8,7,4,4,2,,3,,,,,,,,"Walsh, Diane G",,,,,,dxg022000,diane walsh,Communication Disorders 
SPAU,3303,001,,28,,,6,,,2,,,,,,,,,,,"Trail, Amy M","Lewicki, Jane M",,,,,amr171330,amy trail,Normal Language Development 
SPAU,3304,001,2,2,4,3,3,5,2,2,,1,,,,,,,,,"Frankford, Saul A","Mosley, Cornetta","Mundayoor, Saranya A",,,,sfa240000,,Communication Sciences 
SPAU,3304,0W1,2,2,6,,5,12,5,10,6,,2,1,3,,,,4,,"Mosley, Cornetta","Frankford, Saul A","Sharma, Susmi",,,,cxm220030,cornetta mosley,Communication Sciences 
SPAU,3340,001,,34,,,20,,,2,,,,,2,,,,,,"Neale, Hannah D","Moustafa, Rana H",,,,,hxp121030,hannah pourchot neale,Articulation Disorders 
SPAU,3341,001,23,6,4,,1,,1,,,,,,1,,,,,,"Mueller, Amanda B",,,,,,aba016000,amanda mueller,Audiology 
SPAU,3342,501,4,3,4,1,2,1,1,1,,,,,,,,,,,"Bonner, Deborah","Wang, Bangjie",,,,,dbonner,deborah bonner,Exceptional Children 
SPAU,3343,001,2,6,7,3,5,5,2,2,,,1,,3,,,,1,,"Mehta, Sonya","Sun, Minsi",,,,,sxm053100,sonya mehta,Phonetics and Phonology 
SPAU,3344,001,1,6,9,5,5,1,,,,,,,,,,,,,"Behroozmand, Roozbeh","Qi, Shuang",,,,,rxb230048,roozbeh behroozmand,Anatomy and Physiology of Speech and Hearing 
SPAU,3345,001,6,5,2,5,5,2,7,3,,5,2,,,,,,,,"Walsh, Diane G",,,,,,dxg022000,diane walsh,Neural Basis of Communication 
SPAU,3388,0H1,,,,,,,,,,,,,,26,,,,,"Neale, Hannah D",,,,,,hxp121030,hannah pourchot neale,Clinical Observation in Speech-Language Pathology 
SPAU,3390,0W1,,,,,,,,,,,,,,17,,,,,"Neale, Hannah D",,,,,,hxp121030,hannah pourchot neale,Clinical Practicum in Speech-Language Pathology 
SPAU,4308,001,,25,,,5,,,6,,,,,1,,,,,,"Trail, Amy M",,,,,,amr171330,amy trail,Language Disorders in Children 
SPAU,4386,001,,2,3,3,2,,2,1,,,1,,,,,,,,"Basak, Chandramallika",,,,,,cxb116130,chandramallika basak,Adult Development and Aging 
SPAU,4394,001,,15,,,6,,,,,,,,1,,,,,,"Klimkowski, Hillary E",,,,,,hxd121330,hillary klimkowski,Multicultural Aspects of Communication Disorders 
STAT,1342,001,7,2,9,2,5,3,,,1,,,1,5,,,,3,,"Koshevnik, Yuly","Zhou, Changkai",,,,,yxk055000,yuly koshevnik,Statistical Decision Making 
STAT,2332,001,9,9,4,3,7,4,2,1,2,,,1,1,,,,3,,"Jiang, Shengjie","Anjum, Sharaf",,,,,sxj220069,shengjie jiang,Introductory Statistics for Life Sciences 
STAT,2332,002,10,11,5,12,8,9,10,5,7,1,4,2,2,,,,1,,"Jiang, Shengjie","Estacio-Hiroms, Kemelli","Gammune, Dona Hasini V",,,,sxj220069,shengjie jiang,Introductory Statistics for Life Sciences 
STAT,2332,004,23,2,5,4,,1,3,7,1,1,1,,,,,,,,"Jiang, Shengjie","Anjum, Sharaf",,,,,sxj220069,shengjie jiang,Introductory Statistics for Life Sciences 
STAT,2332,005,11,8,9,2,2,3,3,2,,1,1,,1,,,,1,,"Jiang, Shengjie","Gammune, Dona Hasini V",,,,,sxj220069,shengjie jiang,Introductory Statistics for Life Sciences 
STAT,3355,001,11,6,12,5,10,9,,8,,,,1,4,,,,,,"Li, Qiwei","Li, Huimin",,,,,qxl190009,qiwei li,Introduction to Data Analysis 
STAT,3355,002,3,40,,,1,,,,,,,,,,,,1,,"Smiley, Octavious","Li, Huimin",,,,,oxs230011,octavious smiley,Introduction to Data Analysis 
STAT,3360,001,10,8,3,6,4,2,,3,,,,1,1,,,,4,,"Koshevnik, Yuly","Zhou, Changkai",,,,,yxk055000,yuly koshevnik,Probability and Statistics for Management and Economics 
STAT,4351,001,8,8,6,5,9,3,5,3,10,,,2,3,,,,8,,"Koshevnik, Yuly","Fuksman, Lirit",,,,,yxk055000,yuly koshevnik,Probability 
STAT,4352,001,5,5,5,2,2,8,,1,3,3,3,1,1,,,,,,"Wei, Yun","Jahan, Mahmuda",,,,,dal398196,,Mathematical Statistics 
STAT,4352,002,8,1,2,2,8,7,2,3,4,,,1,,,,,,,"Chang, Hyunwoong","Jahan, Mahmuda",,,,,dal954866,hyunwoong chang,Mathematical Statistics 
STAT,4354,001,2,17,17,6,1,,,,,1,,2,,,,,,,"Guo, Huizhen","Jahan, Mahmuda",,,,,hxg190020,huizhen guo,Numerical and Statistical Computing 
STAT,4355,001,9,3,3,10,9,9,7,4,,,1,,,,,,1,,"Tang, Chuan-Fa","Anjum, Sharaf",,,,,cxt190011,chuan fa tang,Applied Linear Models 
STAT,4360,001,14,7,8,7,5,2,3,2,,,,2,,,,,,,"Wang, Jiayi","Gammune, Dona Hasini V",,,,,jxw220029,jiayi wang,Introduction to Statistical Learning 
STAT,4382,001,9,3,5,5,6,6,4,2,3,,,3,,,,,1,,"Koshevnik, Yuly","Fuksman, Lirit",,,,,yxk055000,yuly koshevnik,Stochastic Processes 
STAT,4475,001,13,6,4,2,,,,,,,,,,,,,,,"Estacio-Hiroms, Kemelli","Wang, Tingfang",,,,,kxe160930,kemelli estacio hiroms,Capstone Project 
STAT,5352,001,,15,1,1,2,2,1,3,,,,,1,,,,,,"Chandra, Noirrit K","Husain, Md Maidul",,,,,nxc220031,noirrit chandra,Probability and Statistics II 
STAT,5353,001,,7,4,7,8,1,,,,,,,2,,,,,,"Li, Qiwei","Li, Huimin",,,,,qxl190009,qiwei li,Probability and Statistics for Data Science and Bioinformatics 
STAT,6338,001,,7,,1,2,,3,,,,,,,,1,,,,"Chen, Min",,,,,,mxc136030,min chen,Advanced Statistical Methods II 
STAT,7339,001,,8,7,8,4,,,1,,,,,,,,,,,"Wang, Jiayi","Zhao, Kun",,,,,jxw220029,jiayi wang,Advanced Regression Modeling 
SYSM,6302,001,,10,,,,,,,,,,,,,,,,,"Spong, Mark W","Amoori, Ali R",,,,,mws081000,mark spong,Dynamics of Complex Networks and Systems 
SYSM,6304,S01,,6,2,6,,,,,,,,,,,,,,,"Koganti, Ramakrishna",,,,,,rxk190037,ramakrishna koganti,
SYSM,6325,501,,14,3,4,1,,,,,,,,1,,,,,,"Koganti, Ramakrishna",,,,,,rxk190037,,Requirements Design  Development  and Integration for Complex Systems 
SYSM,6312,S01,,5,2,,4,,,,,,,,,,,,,,"Sanderson, Scott R",,,,,,,scott sanderson,
SYSM,6318,S01,,7,,,5,,,,,,,,,,,,,,"Biswas, Abhijit","Nalagandla, Lasya Sree",,,,,axb019100,abhijit biswas,
THEA,1310,001,4,7,9,3,1,1,,1,2,,,,5,,,,,,"Enyaosah, Damian P",,,,,,dpe190000,,Understanding Theatre 
THEA,1310,002,13,16,5,4,1,2,,,,,,,1,,,,3,,"Miron, Emmalyn W",,,,,,ewm210000,emmalyn miron,Understanding Theatre 
THEA,1310,501,4,15,4,3,,1,1,,,,,,,,,,1,,"Hamzeh, Fatemeh",,,,,,fxh210001,fatemeh hamzeh,Understanding Theatre 
THEA,1310,HN1,7,14,,1,1,2,,,,,,,,,,,,,"Hixson, Maiza",,,,,,dal853117,maiza hixson,Understanding Theatre 
THEA,1351,501,,12,,,,,,,,,1,,,,,,,,"Lingo, Kathy P",,,,,,klingo,kathy lingo,Acting 1 
THEA,2372,001,,12,1,,1,,,,,,,,,,,,,,"Lingo, Kathy P",,,,,,klingo,kathy lingo,Improvisation 
THEA,2372,002,,13,,1,1,,,1,,,,,,,,,1,,"Lingo, Kathy P",,,,,,klingo,kathy lingo,Improvisation 
THEA,3310,051,11,,,,1,,,,,,,,,,,,,,"Hixson, Maiza",,,,,,dal853117,maiza hixson,Theatre Performance Ensemble 
THEA,3323,001,1,9,1,,1,,,,,,,,,,,,,,"Hixson, Maiza",,,,,,dal853117,maiza hixson,Performance in Historical Context 
UNIV,2075,001,,,,,,,,,,,,,,116,,11,,,"Beauchamp, Hillary L",,,,,,,hillary beauchamp,
UNIV,2V96,001,,,,,,,,,,,,,,15,,,,,"Jackson, D'Ric A",,,,,,dxj101120,dric jackson,Special Topics I 
UNIV,3075,001,,,,,,,,,,,,,,79,,2,,,"Beauchamp, Hillary L",,,,,,,hillary beauchamp,
UNIV,3112,001,,,,,,,,,,,,,,33,,,,,"Luong, Thuy T",,,,,,ttl140130,thuy luong,
UNIV,4074,001,,,,,,,,,,,,,,23,,,,,"Thomas, John D",,,,,,jdt180001,john thomas,Student Leadership 
UNIV,4074,002,,,,,,,,,,,,,,18,,,,,"Thomas, John D",,,,,,jdt180001,john thomas,Student Leadership 
UNIV,4074,003,,,,,,,,,,,,,,30,,,,,"Thomas, John D",,,,,,jdt180001,john thomas,Student Leadership 
UNIV,4075,001,,,,,,,,,,,,,,22,,2,,,"Beauchamp, Hillary L",,,,,,,hillary beauchamp,
UTSW,UTSW,002,,,,,,,,,,,,,,,,,,11,,,,,,,,,
VIET,2310,001,2,5,5,1,,,,,,,,,,,,,,,"Tran, Van Anh",,,,,,dal606703,,Vietnamese for Heritage Speakers 
VPAS,3340,001,,6,3,1,2,,1,,,,,,2,,,,1,,"Baker, Barbara L",,,,,,blb140430,barbara baker,Writing in the Arts 
VPAS,3340,002,,6,2,2,,,,,,,,,1,,,,,,"Rosen, Mark S",,,,,,mxr088000,mark rosen,Writing in the Arts 
VPAS,4389,001,,9,2,4,1,,,1,1,,,,,,,,,,"Baker, Barbara L",,,,,,blb140430,barbara baker,Theory and Practice of the Visual and Performing Arts 
VPAS,6339,501,,11,,,,,,,,,,,,,,,,,"Pomara, John J",,,,,,pomara,john pomara,Painting Digital Imaging Video 
