Subject,Catalog Nbr,Section,A+,A,A-,B+,B,B-,C+,C,C-,D+,D,D-,F,CR,NC,P,W,Instructor 1,Instructor 2,Instructor 3,Instructor 4,Instructor 5,Instructor 6,instructor_id,instructor_name_normalized,title
ACCT,2301,001,8,5,6,7,7,3,5,1,1,2,,,2,6,3,,3,"Tatiparti, Venu Madhav",,,,,,vxt161930,,Introductory Financial Accounting 
ACCT,2301,002,4,12,6,11,6,2,4,3,,,,,,6,2,,2,"Sandhu, Gurvinder",,,,,,gxs162530,gurvinder sandhu,Introductory Financial Accounting 
ACCT,2301,003,3,5,11,5,5,4,2,1,3,1,,,2,6,5,,6,"Song, Dongye",,,,,,dxs153330,dongye song,Introductory Financial Accounting 
ACCT,2301,004,1,9,4,8,10,7,,2,1,1,1,,1,11,2,,2,"Gencer, Nur Pinar",,,,,,png160030,nur pinar gencer,Introductory Financial Accounting 
ACCT,2301,005,5,8,6,11,3,7,2,1,2,,,,,13,3,,1,"Files, Rebecca L","Burnette, Naomi R",,,,,rlf092000,rebecca files,Introductory Financial Accounting 
ACCT,2301,006,3,11,8,11,4,2,,,,,,,2,14,1,,7,"Files, Rebecca L","Burnette, Naomi R",,,,,rlf092000,rebecca files,Introductory Financial Accounting 
ACCT,2301,007,2,8,11,7,8,6,3,3,,1,1,,,12,1,,2,"Li, Meng","Benny, Keerthy",,,,,mxl120531,meng li,Introductory Financial Accounting 
ACCT,2301,009,6,6,4,3,12,5,2,2,3,2,2,5,2,7,,,4,"Zhou, Yibin","Chaturvedi, Sneha",,,,,yxz066000,yibin zhou,Introductory Financial Accounting 
ACCT,2301,010,2,11,10,10,5,7,3,5,1,,,,2,7,2,,0,"Li, Meng","Benny, Keerthy",,,,,mxl120531,meng li,Introductory Financial Accounting 
ACCT,2301,011,,9,11,7,10,4,2,4,2,2,,,,12,,,2,"Li, Meng","Benny, Keerthy",,,,,mxl120531,meng li,Introductory Financial Accounting 
ACCT,2301,501,,13,,5,5,1,4,2,1,2,1,,5,8,,,10,"Nathan, Brad",,,,,,bcn140130,brad nathan,Introductory Financial Accounting 
ACCT,2301,HON,22,9,8,6,5,1,,,1,,,,,5,,,0,"Files, Rebecca L","Burnette, Naomi R",,,,,rlf092000,rebecca files,Introductory Financial Accounting 
ACCT,2302,001,3,5,7,7,10,,2,3,3,,6,,1,7,3,,3,"Zolton, Kathy","Frendo, Derek J",,,,,kxz121730,kathy zolton,Introductory Management Accounting 
ACCT,2302,002,6,6,7,5,6,,1,3,1,,4,,2,9,2,,6,"Zolton, Kathy","Frendo, Derek J",,,,,kxz121730,kathy zolton,Introductory Management Accounting 
ACCT,2302,003,3,15,5,6,4,2,,2,3,,3,1,3,8,2,,2,"Copat, Rafael","Frendo, Derek J",,,,,rxc190027,rafael copat,Introductory Management Accounting 
ACCT,2302,004,3,18,7,7,9,2,2,,,1,,,1,7,,,3,"Barden, John P","Herr-Perez, Noe C",,,,,jpb063000,john barden,Introductory Management Accounting 
ACCT,2302,005,5,9,5,6,6,5,1,2,,1,2,1,,10,2,,4,"Copat, Rafael","Frendo, Derek J",,,,,rxc190027,rafael copat,Introductory Management Accounting 
ACCT,2302,0W1,4,7,15,9,3,2,2,2,1,,,,,1,1,,2,"Janakiraman, Surya","Jeong, Sihyun",,,,,suryaj,surya janakiraman,Introductory Management Accounting 
ACCT,2302,501,1,3,6,3,4,3,1,3,4,,3,,5,3,1,,8,"Hes, Christopher A","Herr-Perez, Noe C",,,,,cah041000,christopher hess,Introductory Management Accounting 
ACCT,3322,001,4,22,3,3,4,,1,3,1,1,1,,,1,1,,4,"Goodrich, Mary Beth W","Burnette, Naomi R","Pham, Michelle D",,,,goodrich,mary beth goodrich,Integrated Accounting Information Systems 
ACCT,3331,001,,26,6,,11,3,,1,,,1,,,9,3,,2,"Zhang, Yuan","Le, My-Duyen T",,,,,yxz122931,yuan zhang,Intermediate Financial Accounting I 
ACCT,3331,002,,12,3,,13,,,4,,,1,,3,12,7,,8,"Zhang, Yuan","Le, My-Duyen T",,,,,yxz122931,yuan zhang,Intermediate Financial Accounting I 
ACCT,3331,003,4,9,3,1,2,4,1,3,,3,,,1,4,3,,25,"Zhou, Yibin","Chaturvedi, Sneha",,,,,yxz066000,yibin zhou,Intermediate Financial Accounting I 
ACCT,3331,501,,8,4,,6,,,7,,,3,,6,17,6,,7,"Zhang, Yuan","Le, My-Duyen T",,,,,yxz122931,yuan zhang,Intermediate Financial Accounting I 
ACCT,3332,001,1,9,2,3,7,1,,2,,1,7,,,6,3,,18,"Bortz, Tiffany A","Chaturvedi, Sneha",,,,,tabortz,tiffany bortz,Intermediate Financial Accounting II 
ACCT,3332,501,1,8,,1,8,3,1,2,,5,6,1,3,5,1,,11,"Bortz, Tiffany A","Chaturvedi, Sneha",,,,,tabortz,tiffany bortz,Intermediate Financial Accounting II 
ACCT,3341,001,2,5,4,7,2,2,1,5,2,,,,1,9,1,,12,"Goodrich, Mary Beth W","Pham, Michelle D",,,,,goodrich,mary beth goodrich,Cost Management Systems 
ACCT,3341,002,1,2,4,1,2,2,1,,1,,,,,4,,,2,"Goodrich, Mary Beth W","Pham, Michelle D",,,,,goodrich,mary beth goodrich,Cost Management Systems 
ACCT,3341,501,,6,6,9,2,2,1,1,,,,,2,2,,,2,"Natarajan, Ramachandran","Pham, Michelle D",,,,,nataraj,ramachandra natarajan,Cost Management Systems 
ACCT,3350,001,2,2,3,7,8,,,2,,,,,,3,,,4,"Solcher, Steven J","Kim, Eun Sean",,,,,sjs107020,steven solcher,Fundamentals of Taxation 
ACCT,3350,002,3,3,6,3,11,5,7,1,,,1,,,3,,,0,"Solcher, Steven J","Kim, Eun Sean",,,,,sjs107020,steven solcher,Fundamentals of Taxation 
ACCT,3350,501,3,6,7,5,3,2,1,,1,,,1,,1,,,0,"Gamino, John P",,,,,,jpg140630,john gamino,Fundamentals of Taxation 
ACCT,4301,501,1,1,,1,3,1,2,,3,1,1,1,,,2,,0,"Hagen, John C","Shah, Dhruv Rakesh",,,,,jch013200,john hagen,Database Systems 
ACCT,4302,PP1,11,3,11,1,1,,,,,,,,,,,,0,"Markov, Stanimir","Holstead, Cameron",,,,,sxm079200,stanimir markov,Accounting Research 
ACCT,4302,PP2,8,2,16,4,1,,,,,,,,,4,,,0,"Markov, Stanimir","Holstead, Cameron",,,,,sxm079200,stanimir markov,Accounting Research 
ACCT,4334,001,,10,,,20,,,9,,,2,,,14,3,,1,"Linsteadt, Chris C","Truong, Timothy T",,,,,ccl019000,chris linsteadt,Auditing 
ACCT,4334,501,,8,,,13,,,9,,,2,,,3,,,0,"Linsteadt, Chris C","Truong, Timothy T",,,,,ccl019000,chris linsteadt,Auditing 
ACCT,4334,PP1,,14,,,14,,,1,,,,,,5,,,0,"Linsteadt, Chris C","Truong, Timothy T",,,,,ccl019000,chris linsteadt,Auditing 
ACCT,4334,PP2,,7,,,11,,,1,,,,,,15,1,,0,"Linsteadt, Chris C","Truong, Timothy T",,,,,ccl019000,chris linsteadt,Auditing 
ACCT,4336,001,3,3,3,4,2,2,,1,,,,,,1,,,0,"Bowen, Richard M","LeVecchio, Anthony J","Kim, Eun Sean",,,,rxb073100,richard bowen,Financial Statement Analysis 
ACCT,4337,501,1,3,2,2,2,2,3,4,1,6,3,1,,1,1,,4,"Ballew, Gregory E","Herr-Perez, Noe C",,,,,geb011100,gregory ballew,Business Valuation 
ACCT,4340,001,14,10,5,5,4,3,1,1,,,1,,1,3,,,3,"Johnson, Jennifer","Garcia, Gerardo E",,,,,jxj091000,jennifer johnson,Survey of Accounting Software 
ACCT,4342,001,4,9,2,7,5,5,3,,2,1,1,,,4,1,,6,"Johnson, Jennifer","Garcia, Gerardo E",,,,,jxj091000,jennifer johnson,Analysis and Design of Accounting Systems 
ACCT,4342,501,2,4,3,5,5,3,4,1,2,2,1,1,,3,,,2,"Johnson, Jennifer","Garcia, Gerardo E",,,,,jxj091000,jennifer johnson,Analysis and Design of Accounting Systems 
ACCT,6193,SW1,,10,,,,,,,,,,,,,,,0,"Solcher, Steven J",,,,,,sjs107020,steven solcher,
ACCT,6202,501,,7,8,11,5,1,,2,,,,,3,,,4,1,"Janakiraman, Surya","Jeong, Sihyun",,,,,suryaj,surya janakiraman,Managerial Accounting 
ACCT,6291,SW1,,9,,,2,,,,,,,,,,,,1,"Zolton, Kathy",,,,,,kxz121730,kathy zolton,
ACCT,6301,0W1,,23,19,5,2,2,,,,,,,,,,1,3,"Ali, Ashiq","He, Jiapeng",,,,,axa042200,ashiq ali,Financial Accounting 
ACCT,6301,501,,12,12,8,5,5,,1,,,,,4,,,15,3,"Ballew, Gregory E","Herr-Perez, Noe C",,,,,geb011100,gregory ballew,Financial Accounting 
ACCT,6301,CH1,,20,3,1,2,,,1,,,,,1,,,,2,"Barden, John P",,,,,,jpb063000,john barden,
ACCT,6301,GW1,,36,2,1,6,,,,,,,,1,,,1,0,"Barden, John P",,,,,,jpb063000,john barden,
ACCT,6301,MBC,,41,3,6,2,2,,,,,,,,,,3,1,"Radhakrishnan, Suresh","He, Jiapeng",,,,,sradhakr,suresh radhakrishnan,
ACCT,6301,MBP,,34,3,3,5,2,,,,,,,,,,3,3,"Radhakrishnan, Suresh","He, Jiapeng",,,,,sradhakr,suresh radhakrishnan,
ACCT,6301,XS1,,15,10,1,1,1,,,,,,,,,,1,0,"Sadka, Gil",,,,,,gxs143630,gil sadka,
ACCT,6305,001,,9,3,9,3,3,,,,,,,1,,,6,1,"Li, Ningzhong","Jeong, Sihyun","Kim, Eun Sean",,,,nxl124130,ningzhong li,Accounting for Managers 
ACCT,6305,501,,8,4,4,3,1,,,,,,,,,,4,1,"Li, Ningzhong","Jeong, Sihyun","Kim, Eun Sean",,,,nxl124130,ningzhong li,Accounting for Managers 
ACCT,6305,502,,16,8,4,,1,1,1,,,,,,,,9,0,"Li, Ningzhong","Jeong, Sihyun","Kim, Eun Sean",,,,nxl124130,ningzhong li,Accounting for Managers 
ACCT,6320,0W1,,2,2,2,1,1,,,,,,,1,,,1,0,"Cavusoglu, Huseyin","Jethwani, Pallavi",,,,,huseyin,huseyin cavusoglu,Database Foundations 
ACCT,6321,SS1,,5,2,2,3,2,,,,,,,,,,,1,"Scott, James A",,,,,,jas076100,james scott,
ACCT,6330,501,,11,,,11,,,1,,,,,5,,,9,4,"Cready, William M","Le, My-Duyen T",,,,,wmc041000,william cready,Intermediate Financial Accounting I 
ACCT,6330,SS1,,4,2,,2,2,1,2,,,,,,,,2,0,"Zhang, Yuan","Le, My-Duyen T",,,,,yxz122931,yuan zhang,
ACCT,6331,501,,7,8,6,6,3,,,,,,,3,,,5,2,"Janakiraman, Surya","Jeong, Sihyun",,,,,suryaj,surya janakiraman,Cost Accounting 
ACCT,6331,SS1,,1,7,3,3,1,,,,,,,,,,,0,"Janakiraman, Surya","Jeong, Sihyun",,,,,suryaj,surya janakiraman,
ACCT,6332,501,,13,,,5,,1,2,,,,,2,,,10,2,"Karnuta, Daniel","Kim, Eun Sean",,,,,dxk173030,daniel karnuta,Intermediate Financial Accounting II 
ACCT,6333,501,,16,,,11,,,1,,,,,2,,,9,5,"Zolton, Kathy",,,,,,kxz121730,kathy zolton,Advanced Financial Reporting 
ACCT,6333,PP1,,22,,,16,,,7,,,,,,,,10,0,"Zolton, Kathy",,,,,,kxz121730,kathy zolton,Advanced Financial Reporting 
ACCT,6333,SS1,,7,,,4,,,,,,,,,,,3,1,"Zolton, Kathy",,,,,,kxz121730,kathy zolton,
ACCT,6334,001,,13,,,12,,,1,,,,,,,,7,2,"Linsteadt, Chris C","Truong, Timothy T",,,,,ccl019000,chris linsteadt,Auditing 
ACCT,6335,003,,18,11,10,11,3,2,,,,,,,,,8,0,"Bortz, Tiffany A","Benny, Keerthy",,,,,tabortz,tiffany bortz,Ethics for Professional Accountants 
ACCT,6335,SS1,,5,1,4,4,,,,,,,,,,,1,0,"Bortz, Tiffany A","Benny, Keerthy",,,,,tabortz,tiffany bortz,
ACCT,6336,001,,9,7,2,3,3,,,,,,,1,,,1,0,"Mauriello, Joseph A","Truong, Timothy T",,,,,jam151430,joseph mauriello,Information Technology Audit and Risk Management 
ACCT,6341,501,,12,1,5,9,1,,,,,,,1,,,,1,"Goodrich, Mary Beth W","Pham, Michelle D",,,,,goodrich,mary beth goodrich,Planning  Control and Performance Evaluation 
ACCT,6344,001,,6,6,5,1,1,,,,,,,,,,10,0,"Bowen, Richard M","LeVecchio, Anthony J","Kim, Eun Sean",,,,rxb073100,richard bowen,Financial Statement Analysis 
ACCT,6344,0W1,,8,9,22,7,1,,,,,,,,,,,0,"Gurun, Umit","Holstead, Cameron",,,,,ugg041000,umit gurun,Financial Statement Analysis 
ACCT,6350,501,,10,12,2,3,,,,,,,,,,,,1,"Solcher, Steven J","Kim, Eun Sean",,,,,sjs107020,steven solcher,Fundamentals of Taxation I 
ACCT,6350,SS1,,12,,1,1,,,,,,,,,,,,0,"Gamino, John P",,,,,,jpg140630,john gamino,
ACCT,6353,501,,5,9,8,2,1,,,,,,,2,,,1,1,"Solcher, Steven J","Kim, Eun Sean",,,,,sjs107020,steven solcher,Fundamentals of Taxation II 
ACCT,6354,501,,8,,2,4,1,2,2,,,,,2,,,8,2,"Pang, Wenjin","Pham, Michelle D",,,,,wxp042000,wenjin pang,Partnership Taxation 
ACCT,6356,501,,25,3,2,1,2,,,,,,,,,,,0,"Gamino, John P",,,,,,jpg140630,john gamino,Tax Research 
ACCT,6365,501,,9,15,26,8,8,6,2,,,,,,,,13,1,"Cheng, Samuel",,,,,,sxc109021,samuel cheng,Governmental and Not-For-Profit Accounting 
ACCT,6365,SS1,,6,3,1,,2,,1,,,,,,,,3,0,"Cheng, Samuel",,,,,,sxc109021,samuel cheng,
ACCT,6373,501,,6,19,10,3,,1,,,,,,,,,,0,"Mauriello, Joseph A","Truong, Timothy T",,,,,jam151430,joseph mauriello,Advanced External Auditing 
ACCT,6374,PPA,,23,11,12,4,1,,,,,,,,,,4,0,"Mauriello, Joseph A","Truong, Timothy T",,,,,jam151430,joseph mauriello,Data Analytics for Accountants and Auditors 
ACCT,6380,501,,5,6,4,5,,,,,,,,,,,5,4,"Mauriello, Joseph A","Truong, Timothy T","Sauer, Ashlyn M",,,,jam151430,joseph mauriello,Internal Audit 
ACCT,6383,501,,31,11,3,1,,,,,,,,1,,,,0,"Kromer, Jeffrey",,,,,,jrk013000,jeffrey kromer,Fraud Examination 
ACCT,6386,001,,15,7,2,8,,,,,,,,1,,,4,1,"Mauriello, Joseph A","Sauer, Ashlyn M",,,,,jam151430,joseph mauriello,Governance  Risk Management and Compliance 
ACCT,6388,501,,21,3,1,,,,,,,,,,,,,0,"Goodrich, Mary Beth W","Pham, Michelle D",,,,,goodrich,mary beth goodrich,Accounting Communications 
ACN,6312,001,,6,1,1,,1,,3,,,,,,,,5,0,"Juhn, Nancy H","Batchalli Maruthy, Gayathri","Austin, Kathryn A",,,,njuhn,nancy juhn,Research Methods in Behavioral and Brain Sciences - Part I 
ACN,6312,003,,4,6,1,6,2,,2,,,,,,,,4,3,"Juhn, Nancy H","Batchalli Maruthy, Gayathri","Austin, Kathryn A",,,,njuhn,nancy juhn,Research Methods in Behavioral and Brain Sciences - Part I 
ACN,6340,001,,15,6,5,,3,1,,,,,,1,,,,3,"Kroener, Sven",,,,,,sxk101000,sven kroener,Cellular Neuroscience 
ACN,6341,0W1,,15,,,,,,,,,,,,,,,1,"Orrick, Erika D",,,,,,edo042000,erika orrick,Human Computer Interactions I 
ACN,6346,001,,34,4,6,,1,,,,,,,1,,,,1,"Thompson, Lucien",,,,,,tres,lucien thompson,Systems Neuroscience 
ACN,6348,501,,18,,2,2,,,,,,,,,,,,1,"Golden, Richard",,,,,,golden,richard golden,Neural Net Mathematics 
ACN,6373,001,,29,,,3,,,,,,,,,,,,1,"Overzet, Kathryn M",,,,,,kmo053000,,Intraoperative Neurophysiological Monitoring 
ACN,6388,001,,2,1,2,3,,,1,,,,,1,,,,1,"Kilgard, Michael",,,,,,kilgard,michael kilgard,MATLAB for Brain Sciences 
ACN,6389,501,,10,1,1,,,,,,,,,,,,,2,"Assmann, Peter",,,,,,assmann,peter assmann,Speech Perception Laboratory 
ACN,6395,001,,18,,,8,,,2,,,,,2,,,1,0,"Wig, Gagandeep S",,,,,,gsw130130,gagan wig,Cognitive Psychology 
ACN,6V81,001,,16,2,1,,,,1,,,,,,,,,0,"Jahangiri, Faisal R",,,,,,frj190000,faisal jahangiri,Special Topics in Applied Cognition and Neuroscience 
ACN,6V81,002,,8,,,15,,,,,,,,,,,4,0,"Sultana, Rukhsana",,,,,,rxs170431,rukhsana sultana,Special Topics in Applied Cognition and Neuroscience 
ACN,7372,001,,17,,,,,,,,,,,,,,,0,"Rodrigue, Karen M",,,,,,kmr082000,karen rodrigue,Seminar in Neuroscience 
ACTS,4304,001,3,8,4,2,3,2,,,,,,,,,,,0,"Humphreys, Natalia A","Bal, Sabindra Singh",,,,,nah103020,natalia humphreys,Short Term Actuarial Mathematics I 
ACTS,4308,001,9,2,6,6,7,5,3,2,5,1,1,1,3,10,4,,10,"Makhijani, Neha","Yang, Haopeng",,,,,nxm165130,neha makhijani,Actuarial Financial Mathematics 
ACTS,6301,501,,2,2,2,3,,,,,,,,,,,,1,"Lu, Wenyi",,,,,,wxl153330,wenyi lu,Theory of Actuarial Models  Life Contingencies I 
ACTS,6304,501,,3,1,2,2,1,,,,,,,,,,,1,"Lu, Wenyi",,,,,,wxl153330,wenyi lu,Construction and Evaluation of Actuarial Models I 
ACTS,6306,501,,4,5,2,1,,,,,,,,,,,,0,"Koshevnik, Yuly",,,,,,yxk055000,yuly koshevnik,Advanced Actuarial Applications 
AHST,1304,001,74,14,4,4,1,3,1,4,1,,,,2,,2,,4,"Alibhai, Ali Asgar H","Anderson, Linda K",,,,,aha180002,ali alibhai,Survey of Western Art History  Renaissance to Modern 
AHST,1304,002,56,18,11,2,4,7,3,,3,,,,3,2,1,,3,"Alibhai, Ali Asgar H","Mei, Kehan",,,,,aha180002,ali alibhai,Survey of Western Art History  Renaissance to Modern 
AHST,2331,001,51,48,22,11,8,2,2,4,1,2,2,,7,3,2,,4,"Rosen, Mark S","Dunbar, Amanda R","Zawng, Ze",,,,mxr088000,mark rosen,Understanding Art 
AHST,2331,HN1,17,7,,,,,,,,,,,,,,,1,"Hofland, Amy",,,,,,axh190029,amy hofland,Understanding Art 
AHST,3320,001,28,6,5,3,,1,,,,,,,3,,,,3,"Alibhai, Ali Asgar H",,,,,,aha180002,ali alibhai,Art in Historical Context 
AHST,4342,001,3,9,7,7,3,2,1,3,2,1,1,,1,,,,5,"Thomas, Michael L",,,,,,mxt190021,,Topics in Art History 
AMS,2341,001,,11,18,11,8,1,,,,,2,,,11,1,,1,"Naqvi, Syed K",,,,,,skn180000,syed naqvi,American Studies for the Twenty-First Century 
AMS,2341,HN1,,14,5,1,1,1,,,,,,,1,1,,,1,"Smith, Erin",,,,,,erins,erin smith,American Studies for the Twenty-First Century 
AMS,2390,002,,4,3,2,2,1,,1,,,1,,,1,,,1,"Naqvi, Syed K",,,,,,skn180000,syed naqvi,Topics in American Studies 
AMS,3316,0W1,22,13,6,,2,1,,,,,1,,2,,,,2,"Winstead, Elizabeth L",,,,,,lwm061000,elizabeth winstead,Interpersonal Communication 
AMS,4300,5H1,,6,1,2,2,,1,,1,,,,,,,,1,"Ross, Alyssa N",,,,,,anr161130,alyssa ross,Oral and Written Communication for the Classroom 
AMS,4305,5H1,2,5,2,1,3,1,,,,,,,,,,,1,"Cotton, Scott C",,,,,,sxc024200,scott cotton,World History for Teachers 
AMS,4327,0W1,24,11,1,1,2,2,,1,,,,,2,1,,,3,"Winstead, Elizabeth L",,,,,,lwm061000,elizabeth winstead,The Culture of Bullying in America 
AMS,4379,001,5,2,1,,,1,,,1,,,,,,,,0,"Hudson, Jennifer M",,,,,,jxh100220,jennifer hudson,Special Topics in American Studies 
ARAB,1311,001,7,11,,2,,,,,,,,,,,,,0,"Anjum, Zafar",,,,,,zxa110730,zafar anjum,Beginning Arabic I 
ARAB,1312,001,5,2,,,1,,,2,,,,,,,,,0,"Anjum, Zafar",,,,,,zxa110730,zafar anjum,Beginning Arabic II 
ARHM,1100,001,6,11,2,4,3,4,,1,1,1,,,1,1,1,,6,"Gray, Megan L",,,,,,mlg105020,megan gray,First Year Seminar 
ARHM,3342,001,,3,5,4,5,1,,,,,,,1,,,,2,"Wickberg, Daniel",,,,,,wickberg,daniel wickberg,Advanced Interdisciplinary Studies in the Arts and Humanities 
ARHM,3342,501,3,10,3,4,3,2,,1,,,,,,,,,1,"Hill, Kimberly D",,,,,,kdh140430,kimberly hill,Advanced Interdisciplinary Studies in the Arts and Humanities 
ARHM,3342,502,1,12,3,,3,1,1,,,,,,,1,1,,3,"Evans, Kathryn C",,,,,,kcevans,kathryn evans,Advanced Interdisciplinary Studies in the Arts and Humanities 
ARTS,1301,001,44,32,2,6,5,2,,1,1,,1,1,3,1,1,,2,"Grandjean, Kelly","Alanis Perez, Alan Isaac",,,,,kxg190019,kelly grandjean,Exploration of the Arts 
ARTS,1301,002,62,18,,5,5,1,,3,1,,,,1,2,1,,6,"Grandjean, Kelly","Cai, Rebecca",,,,,kxg190019,kelly grandjean,Exploration of the Arts 
ARTS,1316,001,5,11,1,,,,,,,,,,1,,,,1,"Min, Inki A",,,,,,iam140230,inki min,Drawing Foundations 
ARTS,1316,002,1,7,3,2,,1,,1,,,,,1,1,,,2,"Travis, Audrey",,,,,,axt190092,,Drawing Foundations 
ARTS,1316,003,5,1,1,1,1,,,,,1,,,3,,1,,1,"Booker, Rebecca M",,,,,,pdb041000,,Drawing Foundations 
ARTS,1316,004,2,9,4,1,,,,,,,,,2,,,,1,"Fridge, Brian D",,,,,,bdf081000,brian fridge,Drawing Foundations 
ARTS,1316,005,1,13,2,,1,,,,1,,,,,,,,0,"Fridge, Brian D",,,,,,bdf081000,brian fridge,Drawing Foundations 
ARTS,1316,007,2,4,5,,,1,1,,,,,,1,,,,0,"Travis, Audrey",,,,,,axt190092,,Drawing Foundations 
ARTS,1316,501,,4,,,12,,,,,,,,,,1,,2,"Lacy, Mary E",,,,,,mel024000,mary lacy,Drawing Foundations 
ARTS,2316,001,,2,6,1,3,1,,,,,,,1,,1,,1,"Ligon, Peter A",,,,,,pal140130,peter ligon,Painting Foundations 
ARTS,2316,501,,2,2,3,,1,,1,,,,,2,2,,,1,"Egan, Trey T",,,,,,tte150130,trey egan,Painting Foundations 
ARTS,2350,001,2,1,4,1,1,2,,1,,,,,1,,2,,3,"Copeland, Colette",,,,,,cxc132230,colette copeland,Photography  Design 
ARTS,2350,501,,3,10,2,,,,,,,,,1,,1,,2,"Loving, Emily",,,,,,exl097120,emily loving,Photography  Design 
ARTS,2380,001,,4,5,3,2,,1,,,,,,1,,,,0,"Egan, Trey T",,,,,,tte150130,trey egan,Visual Design Foundations 
ARTS,3311,001,8,2,,2,,,1,1,,,,,1,,1,,0,"Copeland, Colette",,,,,,cxc132230,colette copeland,Contemporary Art Practices 
ARTS,3315,001,8,1,,,,,,,,,,,1,,,,0,"Curry, Val",,,,,,vxc110930,val curry,The Art of Tinkering  Creating at the intersection of Art  Science and Technology 
ARTS,3340,001,1,4,1,4,3,,,3,,,,,,1,,,1,"Etter, Ian",,,,,,ixe200004,ian etter,Topics in Studio Art 
ARTS,3363,001,5,7,,,2,,,1,,,,1,1,,,,2,"Tady, Lorraine T",,,,,,ltt042000,lorraine tady,Typography  Technology  Image 
ARTS,3366,501,12,6,,,,,,,,,,,,1,,,0,"Miranda, Jeffrey",,,,,,jxm069000,jeffrey miranda,Intermediate Drawing 
ARTS,3367,001,,4,,1,15,,,,,,1,,,,,,0,"Lacy, Mary E",,,,,,mel024000,mary lacy,Figure Drawing 
ARTS,3367,501,6,9,,1,2,,,,,,,,,,,,2,"Miranda, Jeffrey",,,,,,jxm069000,jeffrey miranda,Figure Drawing 
ARTS,3371,001,1,4,2,1,3,1,,,,,,,1,1,,,0,"Miller, Cynthia M",,,,,,cmm016900,cynthia miller,Photography  Black White 
ARTS,3372,001,,13,1,1,,,,,,,,,1,,,,2,"Loving, Emily",,,,,,exl097120,emily loving,Photography  Color Concepts 
ARTS,3375,001,1,3,5,2,1,,,,,,,1,,,,,1,"Randall, Steven V",,,,,,svr200001,steven randall,Sculpture 
ARTS,3377,001,2,7,4,1,1,1,,,,,,,,,,,0,"Waligore, Marilyn A",,,,,,waligore,marilyn waligore,Photography  Altered Image 
ARTS,3379,001,2,1,6,3,2,2,1,,,,,,1,,,,1,"Palmer, Marcy A",,,,,,mxp070100,marcy palmer,Photography  New Media 
ARTS,3382,001,3,2,1,1,5,,,,1,,,,,,,,1,"Tady, Lorraine T",,,,,,ltt042000,lorraine tady,Color as Subject 
ARTS,4308,001,3,6,,,,,,1,,,,,1,,,,0,"Durant, Stephanie D",,,,,,ddm043000,,Image Text 
ARTS,4368,001,3,7,,,,,,,1,,,,,,,,0,"Pomara, John",,,,,,pomara,john pomara,Advanced Visual Arts 
ATCM,1100,001,7,16,4,2,1,1,2,,,,3,,3,,,,0,"Scoggins, Angela T",,,,,,alt014100,angela scoggins,First Year Seminar 
ATCM,1100,002,6,14,,,3,1,1,,,,2,,6,,,,1,"Scoggins, Angela T",,,,,,alt014100,angela scoggins,First Year Seminar 
ATCM,1100,003,14,3,3,1,1,2,1,,2,1,1,1,3,,2,,1,"Henderson, Kelley A",,,,,,kah111020,kelley henderson,First Year Seminar 
ATCM,1100,004,15,5,4,2,,3,2,1,2,,,,,,,,3,"Gutierrez, Alejandra",,,,,,axg173831,,First Year Seminar 
ATCM,1100,005,12,5,6,4,3,,1,,,1,1,2,1,,,,1,"Gutierrez, Alejandra",,,,,,axg173831,,First Year Seminar 
ATCM,2300,001,,214,,19,14,,8,11,3,,3,,11,5,9,,21,"Balsamo, Anne","Rashid, Mohammed Mizanur","Simsek, Cansu Nur","Shukla, Nishanshi A","Martinez Ochoa, Angelica Miriam M","Adelman, David",axb161831,anne balsamo,Introduction to TechnoCulture 
ATCM,2301,001,5,8,,,6,,,,,,1,,1,,1,,3,"Trosper, Elizabeth M",,,,,,emt130130,elizabeth trosper,Computer Imaging 
ATCM,2301,002,7,6,7,1,3,2,,,,,,,3,,,,0,"Nguyen, Tuoc K",,,,,,tkn180000,tuoc nguyen,Computer Imaging 
ATCM,2301,003,11,10,1,,3,1,1,,,1,1,,,,,,1,"Enam, Victor J",,,,,,vje170000,,Computer Imaging 
ATCM,2301,004,4,7,,,9,,,1,,,1,,,1,1,,1,"Trosper, Elizabeth M",,,,,,emt130130,elizabeth trosper,Computer Imaging 
ATCM,2301,005,9,13,,,6,,,1,,,,,1,,,,0,"Trosper, Elizabeth M",,,,,,emt130130,elizabeth trosper,Computer Imaging 
ATCM,2301,006,4,5,,,5,,,4,,,1,,3,1,1,,4,"Trosper, Elizabeth M",,,,,,emt130130,elizabeth trosper,Computer Imaging 
ATCM,2301,501,5,5,4,1,,1,,3,,1,,,,,1,,4,"Nielsen, Christina R","Monjoree, Uttamasha",,,,,crn022000,christina nielsen,Computer Imaging 
ATCM,2301,502,8,13,2,1,1,,,,,,,,,1,1,,3,"Hoggatt, Zane C",,,,,,zch150030,zoey hoggatt,Computer Imaging 
ATCM,2302,001,8,6,3,1,1,1,1,1,,,1,,2,,,,1,"Minnish, Roxanne W","Beverly, Diamond E",,,,,rwm061000,roxanne minnish,Design I 
ATCM,2302,002,6,7,6,2,,1,,,,,,,,,,,2,"Minnish, Roxanne W","Beverly, Diamond E",,,,,rwm061000,roxanne minnish,Design I 
ATCM,2302,003,7,6,2,5,2,,1,,,,,,,,1,,1,"Minnish, Roxanne W","Beverly, Diamond E",,,,,rwm061000,roxanne minnish,Design I 
ATCM,2302,004,9,5,4,2,1,1,1,,,,,,,,1,,1,"Minnish, Roxanne W","Beverly, Diamond E",,,,,rwm061000,roxanne minnish,Design I 
ATCM,2302,005,7,10,2,2,1,1,,,1,,,,1,,,,0,"Alzate Mora, Catalina",,,,,,cxa170830,catalina alzate,Design I 
ATCM,2302,006,6,1,6,3,1,1,1,,2,,1,1,,,2,,0,"Asgharpour, Maedeh",,,,,,mxa180053,maedeh asgharpour,Design I 
ATCM,2302,007,3,4,6,2,4,,,1,,,,,2,,,,2,"Flores, Carlin E",,,,,,cef140030,,Design I 
ATCM,2302,501,6,3,2,1,4,,,1,,1,,1,4,,,,2,"Gonzalez, Isi J",,,,,,ijg190000,isi gonzalez,Design I 
ATCM,2302,502,2,6,2,1,6,,,2,,,,4,2,,,,0,"Paiva Homsi, Murilo",,,,,,mxp166130,,Design I 
ATCM,2303,001,3,46,25,8,7,6,1,,,,1,,,1,,,2,"Oropallo, Kara I","Jones, Jazmine Q","Boyd, Elizabeth",,,,kio160030,kara oropallo,Project Management for Arts  Technology  and Emerging Communication I 
ATCM,2303,002,20,28,26,10,4,1,2,2,,1,1,1,,1,,,3,"Boyd, Elizabeth","Pietsch, Samuel R","Oropallo, Kara I",,,,esp041000,elizabeth boyd,Project Management for Arts  Technology  and Emerging Communication I 
ATCM,2310,001,61,36,24,21,12,18,8,8,6,3,1,2,9,1,7,,22,"Salter, Monika M","Lewis, Timothy M","McCord, Peter A","Lim, Fengjie","Johnson, Casey A",,mxs176131,monika salter,Animation and Game Fundamentals 
ATCM,2315,001,9,14,18,11,6,4,2,,2,,3,1,5,,1,,4,"Veras de Souza, Christine","Bagherzadeh, Elmira",,,,,cxv180000,christine veras de souza,Animation Origins and Techniques 
ATCM,2320,001,,2,6,4,4,4,1,1,,,,,1,,2,,5,"Imaoka, Laura",,,,,,lxi170030,laura imaoka,Critical Media Research Foundations 
ATCM,2321,001,,7,6,8,3,3,,2,,,,,,,,,1,"Sung, Wendy",,,,,,wxs172630,wendy sung,Reading Media Critically 
ATCM,2321,501,15,6,1,1,2,2,1,1,,,,,,,,,1,"Nguyen, Josef D",,,,,,jdn160330,josef nguyen,Reading Media Critically 
ATCM,2322,001,15,8,2,1,2,2,,,,,,,,,,,0,"Wu, Hong An",,,,,,hxw173930,hong an wu,
ATCM,2335,501,,17,,4,3,,,2,,,1,,,1,1,,1,"Stewart, Michael C",,,,,,mxs128231,michael stewart,Internet Studio I 
ATCM,2335,502,5,5,11,1,2,1,1,1,1,,,,2,,,,1,"Starzer, Kenneth W",,,,,,kws042000,ken starzer,Internet Studio I 
ATCM,2335,503,2,1,3,4,4,1,1,3,,,1,,3,2,2,,3,"Chiu, Yu-Kwong",,,,,,yxc161331,yu kwong chiu,Internet Studio I 
ATCM,2345,001,5,3,4,2,2,4,,,1,1,,,3,1,1,,3,"Fitzgerald, Harold E",,,,,,hxf170830,hal fitzgerald,Principles of Digital Audio 
ATCM,2345,002,8,9,5,,,,2,,,1,,1,1,,,,2,"Fitzgerald, Harold E",,,,,,hxf170830,hal fitzgerald,Principles of Digital Audio 
ATCM,2345,003,5,4,2,1,2,1,1,1,,,,,4,,,,7,"Fitzgerald, Harold E",,,,,,hxf170830,hal fitzgerald,Principles of Digital Audio 
ATCM,2355,001,9,2,2,2,1,,2,,,,,,2,,,,3,"Scott, Andrew F",,,,,,afs140330,andrew scott,Survey of Digital Fabrication 
ATCM,3301,001,,7,8,2,2,,,,,,,,,,,,0,"Mulla, Ayesha",,,,,,axm190114,ayesha mulla,Writing for ATEC 
ATCM,3301,002,,9,5,1,,1,1,,1,,,,,,,,1,"Mulla, Ayesha",,,,,,axm190114,ayesha mulla,Writing for ATEC 
ATCM,3301,003,,1,4,4,3,2,,,,,1,,1,,1,,3,"Imaoka, Laura","Andic, Atanur",,,,,lxi170030,laura imaoka,Writing for ATEC 
ATCM,3301,004,,2,3,3,,1,1,3,,,1,2,3,,,,0,"Ferreira de Souza, Leticia",,,,,,lxf161030,leticia ferreira de souza,Writing for ATEC 
ATCM,3301,005,1,5,6,3,2,1,,,1,,,,,,,,0,"Field, Jamie M",,,,,,jmf094020,jamie field,Writing for ATEC 
ATCM,3301,501,,6,4,2,1,,1,1,1,1,,1,1,,,,0,"Mallory, Stephen R",,,,,,srm140030,stephen mallory,Writing for ATEC 
ATCM,3301,502,1,2,4,5,2,1,1,,,,,,1,,,,2,"Ramakrishnan, Sharathchandra",,,,,,sxr178530,sharathchandra ramakrishnan,Writing for ATEC 
ATCM,3301,503,2,4,3,1,2,2,,2,1,,1,,,,,,1,"Rheams, David C",,,,,,dcr093020,david rheams,Writing for ATEC 
ATCM,3301,504,3,3,2,2,1,2,,,1,1,1,,,1,1,,1,"Rheams, David C",,,,,,dcr093020,david rheams,Writing for ATEC 
ATCM,3303,001,5,11,5,1,,,,1,,,,,,,,,0,"Oropallo, Kara I",,,,,,kio160030,kara oropallo,Project Management for Arts  Technology  and Emerging Communication II 
ATCM,3305,001,,2,3,3,4,5,3,3,,,,,3,2,,,2,"Caldwell, Bryon A",,,,,,bac190003,bryon caldwell,Computer Animation I 
ATCM,3305,002,,,7,7,2,4,1,2,3,,,2,1,1,,,0,"McComber, Sean",,,,,,sxm129130,sean mccomber,Computer Animation I 
ATCM,3305,003,,1,4,3,4,2,,2,2,,,,2,,1,,8,"Caldwell, Bryon A",,,,,,bac190003,bryon caldwell,Computer Animation I 
ATCM,3306,001,3,2,2,3,3,3,1,1,4,,2,,2,,,,4,"Salter, Monika M",,,,,,mxs176131,monika salter,Modeling and Texturing I 
ATCM,3306,002,,3,1,5,3,2,,3,1,,2,1,1,,1,,6,"Johnson, Casey A",,,,,,caj150430,casey johnson,Modeling and Texturing I 
ATCM,3306,003,2,5,5,3,3,3,1,,2,1,,,1,1,1,,2,"Boyd, Elizabeth",,,,,,esp041000,elizabeth boyd,Modeling and Texturing I 
ATCM,3307,001,,2,10,3,3,2,2,1,,,,1,1,1,1,,2,"McCord, Peter A",,,,,,pam062000,peter mccord,Lighting and Composition I 
ATCM,3307,002,2,3,1,1,5,3,2,,,,2,,1,,,,9,"Lim, Fengjie",,,,,,fxl200000,fengjie lim,Lighting and Composition I 
ATCM,3308,001,,,2,1,1,1,1,,2,,,1,4,,1,,4,"Johnson, Casey A",,,,,,caj150430,casey johnson,Rigging I 
ATCM,3308,002,4,1,3,,,2,1,2,1,,,,5,,3,,6,"Camacho, Christopher J",,,,,,cjc043000,christopher camacho,Rigging I 
ATCM,3309,001,,3,3,1,6,1,1,1,,,1,,,,,,0,"Fechter, Todd A",,,,,,taf051000,todd fechter,Visual Story I 
ATCM,3310,001,,2,,1,2,2,1,1,,,1,,1,1,,,3,"Kitagawa, Midori",,,,,,mxk047100,,Procedural Animation 
ATCM,3311,001,5,1,4,,2,1,1,1,1,,,2,3,,2,,5,"Lim, Fengjie",,,,,,fxl200000,fengjie lim,Scripting for Animation 
ATCM,3311,002,,7,3,3,,,2,2,2,1,,2,2,,1,,3,"Johnson, Casey A",,,,,,caj150430,casey johnson,Scripting for Animation 
ATCM,3312,001,1,2,4,1,1,,,2,1,,1,,1,2,,,2,"Salter, Monika M",,,,,,mxs176131,monika salter,Surfacing and Shading I 
ATCM,3320,001,3,5,2,4,3,3,,3,1,1,1,,1,1,,,2,"Cooley, Heidi",,,,,,hxc176430,heidi cooley,Critical Media Theories 
ATCM,3321,001,,10,4,2,3,1,,4,,,1,,3,1,1,,0,"Llamas Rodriguez, Juan A",,,,,,jal171330,juan rodriguez,Networked Identities 
ATCM,3325,001,,11,4,4,1,2,1,2,,,1,,4,,,,0,"Llamas Rodriguez, Juan A",,,,,,jal171330,juan rodriguez,Global Media Cultures 
ATCM,3330,001,1,9,12,6,1,,,,,,,,,,,,2,"Burrough, Xtine",,,,,,cxb153930,xtine burrough,Digital Art and Social Practice 
ATCM,3335,001,2,6,2,4,2,3,1,1,,,,1,1,2,1,,4,"Kane, Simon A",,,,,,sak043000,simon kane,Internet Studio II 
ATCM,3336,001,3,12,3,2,4,2,,,1,,1,,1,,,,1,"McKinney, Mark",,,,,,mxm190029,mark mckinney,Design Research Methods 
ATCM,3336,002,11,10,3,,4,1,,,,,,1,,,,,0,"McKinney, Mark",,,,,,mxm190029,mark mckinney,Design Research Methods 
ATCM,3336,501,2,10,8,2,3,1,,,1,,,,1,,,,2,"McKinney, Mark",,,,,,mxm190029,mark mckinney,Design Research Methods 
ATCM,3336,503,2,8,5,4,3,3,,,,,2,,2,,,,1,"McKinney, Mark",,,,,,mxm190029,mark mckinney,Design Research Methods 
ATCM,3337,001,16,9,1,1,1,,,,,,,,2,,,,0,"Wood, Harold G",,,,,,hgw021000,harold wood,Interaction Design I 
ATCM,3337,002,11,12,2,2,3,,,,,,,,,,,,0,"Wood, Harold G",,,,,,hgw021000,harold wood,Interaction Design I 
ATCM,3337,003,12,7,1,,1,,,,,,,,4,,1,,3,"Wood, Harold G",,,,,,hgw021000,harold wood,Interaction Design I 
ATCM,3338,001,12,3,2,2,3,2,1,1,,,,,,1,1,,1,"Camacho, Christopher J",,,,,,cjc043000,christopher camacho,Motion Graphics I 
ATCM,3338,002,13,2,2,3,1,3,,,,,,1,2,,,,2,"Camacho, Christopher J",,,,,,cjc043000,christopher camacho,Motion Graphics I 
ATCM,3340,001,17,4,2,1,4,1,1,,1,,,,,,,,0,"Cox, Norman L",,,,,,nlc200001,norm cox,Design II 
ATCM,3340,002,13,5,5,,3,3,,,,,,,,,,,1,"Cox, Norman L",,,,,,nlc200001,norm cox,Design II 
ATCM,3340,003,13,5,1,1,3,2,2,1,,,,,1,,,,1,"Cox, Norman L",,,,,,nlc200001,norm cox,Design II 
ATCM,3340,004,17,8,1,1,,1,,1,1,,,,,,,,0,"Cox, Norman L",,,,,,nlc200001,norm cox,Design II 
ATCM,3346,001,1,4,5,,,,,1,,,,,1,1,,,1,"Marks, David E",,,,,,dem160430,david marks,Audio Productions Lab I 
ATCM,3350,001,4,5,1,1,2,3,4,5,,,,1,1,,,,1,"Nielsen, Christina R",,,,,,crn022000,christina nielsen,Digital Video Production I 
ATCM,3350,002,9,8,2,1,2,1,,,1,1,3,,1,,,,1,"Nielsen, Christina R",,,,,,crn022000,christina nielsen,Digital Video Production I 
ATCM,3350,003,7,9,2,2,3,1,,,,2,1,,2,,,,1,"Hewitt, Sharon","Ikebude, Chukwuemeka",,,,,sxh090220,sharon hewitt,Digital Video Production I 
ATCM,3350,004,7,7,5,2,1,3,,,1,,1,,1,,2,,0,"Hewitt, Sharon","Ikebude, Chukwuemeka",,,,,sxh090220,sharon hewitt,Digital Video Production I 
ATCM,3350,005,6,4,1,4,,1,1,,3,,,2,3,,2,,3,"Hewitt, Sharon","Ikebude, Chukwuemeka",,,,,sxh090220,sharon hewitt,Digital Video Production I 
ATCM,3365,002,7,7,6,1,1,2,,,,,,,,,1,,4,"Christopher, Timothy V",,,,,,khimbar,timothy christopher,Game Design I 
ATCM,3366,001,14,3,2,,4,,,,1,1,1,,,,,,0,"Wu, Hong An",,,,,,hxw173930,hong wu,Game Studies I 
ATCM,3366,002,,29,1,,,,,,,,,,,,,,0,"Evans, Monica J",,,,,,mevans,monica evans,Game Studies I 
ATCM,3367,002,2,6,8,2,3,2,,2,,,1,,1,,,,3,"Lewis, Timothy M",,,,,,tml062000,timothy lewis,Level Design I 
ATCM,3368,001,5,4,2,,2,2,3,,1,2,1,,3,,,,5,"Lim, Fengjie",,,,,,fxl200000,fengjie lim,Scripting for Games I 
ATCM,3368,002,4,5,5,1,1,3,1,1,2,1,1,1,1,1,1,,1,"Chandler, Adam W",,,,,,awc051000,adam chandler,Scripting for Games I 
ATCM,3369,001,,29,2,,,1,,,,,,,1,,,,1,"Evans, Monica J",,,,,,mevans,monica evans,Games and Narrative I 
ATCM,3370,001,5,5,6,2,2,2,,1,,,,,2,,3,,2,"Lewis, Timothy M",,,,,,tml062000,timothy lewis,Virtual Environments I 
ATCM,3372,001,3,9,,1,4,,,2,,,,,2,,1,,1,"Fitzgerald, Harold E",,,,,,hxf170830,hal fitzgerald,Sound Design for Games 
ATCM,3388,502,3,20,10,12,12,10,3,3,2,3,3,,3,2,1,,6,"Bell, Elizabeth A","Irby, Cameron L","Whitlock, Kathryn",,,,lxb032000,elizabeth bell,Attitudes and Behaviors 
ATCM,4305,001,,3,4,2,3,2,,,1,1,,,,,,,0,"Caldwell, Bryon A",,,,,,bac190003,bryon caldwell,Computer Animation II 
ATCM,4306,001,5,4,2,2,1,1,1,,,,,,,,1,,1,"Boyd, Elizabeth",,,,,,esp041000,elizabeth boyd,Modeling and Texturing II 
ATCM,4308,001,1,4,4,2,1,1,1,,,,,,,1,1,,0,"Farrar, Eric T",,,,,,etf091000,eric farrar,Rigging II 
ATCM,4314,001,2,3,2,2,,1,2,1,,,1,,1,,,,2,"Salter, Monika M",,,,,,mxs176131,monika salter,Character Effects 
ATCM,4317,001,,20,,,,,,,,,,,,,,,0,"Oropallo, Kara I",,,,,,kio160030,kara oropallo,Animation Lab II 
ATCM,4317,002,,18,,1,,,,,,,,,,,,,0,"McCord, Peter A",,,,,,pam062000,peter mccord,Animation Lab II 
ATCM,4319,001,,2,4,1,4,3,2,,,,,,,,1,,1,"McComber, Sean",,,,,,sxm129130,sean mccomber,Topics in Animation 
ATCM,4319,002,7,3,,1,1,,,,,,,,,,,,1,"Camacho, Christopher J",,,,,,cjc043000,christopher camacho,Topics in Animation 
ATCM,4319,003,3,6,6,3,2,3,,3,2,,1,,1,1,,,0,"Veras de Souza, Christine","Bagherzadeh, Elmira",,,,,cxv180000,christine veras de souza,Topics in Animation 
ATCM,4338,001,,7,5,3,2,5,2,,,,,,2,,,,4,"Farrar, Eric T","Doust-Haghighi, Elham",,,,,etf091000,eric farrar,Motion Graphics II 
ATCM,4346,001,,5,9,,,2,,,,,,,,,,,0,"Marks, David E",,,,,,dem160430,david marks,Audio Productions Lab II 
ATCM,4350,001,17,6,1,,1,,,2,1,,,,2,,,,0,"Hewitt, Sharon",,,,,,sxh090220,sharon hewitt,Digital Video Production II 
ATCM,4364,001,1,18,,,,,,,,,,,,,,,0,"Terry, Dean",,,,,,dxt023000,,Topics in Design and Production 
ATCM,4365,001,6,7,1,,,2,,,,,,,1,,,,2,"Christopher, Timothy V",,,,,,khimbar,timothy christopher,Game Design II 
ATCM,4365,002,6,4,2,3,,,1,,,,,,1,,,,1,"Christopher, Timothy V",,,,,,khimbar,timothy christopher,Game Design II 
ATCM,4367,001,2,3,5,2,1,1,,1,1,,,1,1,,,,1,"Chandler, Adam W",,,,,,awc051000,adam chandler,Level Design II 
ATCM,4368,001,3,4,6,3,3,,1,2,,,,1,,,2,,2,"Chandler, Adam W",,,,,,awc051000,adam chandler,Scripting for Games II 
ATCM,4376,001,22,,,,,,,,,,,,,,,,0,"Lewis, Timothy M",,,,,,tml062000,timothy lewis,Game Production Lab I 
ATCM,4377,001,20,,,,,,,,,,,,,,,,0,"Chandler, Adam W",,,,,,awc051000,adam chandler,Game Production Lab II 
ATCM,4384,001,,19,,,12,,,7,,,,,2,2,1,,2,"Lester, Paul",,,,,,pxl152030,paul lester,Ethics in New Media  Technology  and Communication 
ATCM,4384,002,,13,,,19,,,5,,,,,5,,,,6,"Lester, Paul",,,,,,pxl152030,paul lester,Ethics in New Media  Technology  and Communication 
ATCM,4384,003,,16,,,16,,,3,,,2,,2,,2,,6,"Lester, Paul",,,,,,pxl152030,paul lester,Ethics in New Media  Technology  and Communication 
ATCM,4397,002,2,9,2,1,7,,,,,,,,,,,,1,"Wood, Harold G",,,,,,hgw021000,harold wood,Senior Seminar 
ATCM,4397,004,6,1,2,3,2,1,2,1,,,1,2,,,1,,0,"Nielsen, Christina R",,,,,,crn022000,christina nielsen,Senior Seminar 
ATCM,4397,005,,14,,,5,,,1,,,1,,1,,,,2,"Stewart, Michael C",,,,,,mxs128231,michael stewart,Senior Seminar 
ATCM,4397,006,17,6,2,,,,,,,,,,,,,,0,"Oropallo, Kara I",,,,,,kio160030,kara oropallo,Senior Seminar 
ATCM,6000,001,,,,,,,,,,,,,,,,20,0,"Nadin, Mihai",,,,,,mxn044000,mihai nadin,ATEC Dean s Colloquium 
ATCM,6300,001,,13,3,,2,,,1,,,,,,,,,0,"Knight, Kim A",,,,,,kak102020,kim knight,Approaches to Arts  Technology  and Emerging Communication 
ATCM,6313,001,,10,,,,,,,,,,,,,,,0,"Fechter, Todd A",,,,,,taf051000,todd fechter,Animation Project Development 
ATCM,6322,001,,10,,,,,,,,,,,,,,,0,"Terry, Dean",,,,,,dxt023000,,Experimental Interactive Media 
ATCM,6325,501,,3,7,,,,,,,,,,,,,,0,"Malina, Roger F",,,,,,rxm116130,,Arts  Science  and Humanities 
ATCM,6377,001,,9,2,,,,,,,,,,,,,,0,"Burrough, Xtine",,,,,,cxb153930,xtine burrough,Creativity as Social Practice 
AUD,6113,001,,,,,,,,,,,,,,,,25,0,"Roeser, Ross J",,,,,,roeser,,Grand Rounds 
AUD,6114,001,,13,,,,,,,,,,,,,,,0,"Thibodeau, Linda K","Hairston, Audrey N","Tangerino De Souza Jacob, Regina",,,,thib,linda thibodeau,Instrumentation 
AUD,6303,001,,12,1,,,,,,,,,,,,,,0,"Lobarinas, Edward",,,,,,exl152130,,Hearing Science 
AUD,6305,001,,9,3,,,,,,,,,,,,,,0,"Le Prell, Colleen G","Cochran, Aaron W",,,,,cgl150030,,Anatomy and Physiology of Audition 
AUD,6310,001,,11,,,,,,,,,,,,,,,0,"Roeser, Ross J",,,,,,roeser,,Advanced Clinical Audiology 
AUD,6V20,102,,12,2,,,,,,,,,,,,,,0,"Clark, Jackie L","Warner-Czyz, Andrea D","Evans, Delaney L","Trevino, Monica",,,jclark,jackie clark,Laboratory Procedures in Audiology and Hearing Science 
AUD,7253,001,,12,,,,,,,,,,,,,,,0,"Griffiths, Scott K",,,,,,skg180000,,Clinical Electrophysiology 
AUD,7324,001,,8,6,,,,,,,,,,,,,,0,"Warner-Czyz, Andrea D","Evans, Delaney L","Thibodeau, Linda K",,,,adw052000,andrea warner czyz,Seminar in Cochlear Implants and Technology for Persons with Hearing Impairments 
AUD,7327,001,,15,,,,,,,,,,,,,,,0,"Clark, Jackie L","Trevino, Monica",,,,,jclark,jackie clark,Evaluation and Fitting of Amplification Systems 
AUD,7338,001,,7,5,1,,,,,,,,,,,,,0,"Cokely, Carol G","Escabi, Celia D",,,,,cgc016200,,Research in Audiology 
BA,1100,001,,4,1,3,3,,4,1,2,1,1,1,4,1,,,2,"Henderson, Tom",,,,,,txh093000,tom henderson,Business Basics 
BA,1320,001,1,7,4,5,9,,3,,,,2,,4,9,1,,0,"Blueshtein, Moran","Hamzeh, Alireza",,,,,mxb135230,moran blueshtein,Business in a Global World 
BA,1320,501,5,10,13,5,5,4,2,1,,1,,,,2,1,,1,"Kiser, Stephen L",,,,,,slk012100,stephen kiser,Business in a Global World 
BA,4101,001,,15,,,,,,,,,,,,,,,0,"Knox, Alan R",,,,,,alan1,,Careers in Management 
BA,4V00,001,,12,1,,,,,,,,,,,1,,,0,"Lewin, Peter","Villarreal, Pamela A",,,,,plewin,peter lewin,Special Topics 
BA,4V00,002,,12,,1,,,,,,,,,,1,,,0,"Lewin, Peter","Villarreal, Pamela A",,,,,plewin,peter lewin,Special Topics 
BBSU,1100,001,25,3,2,1,1,1,,,,,,,3,1,,,0,"Hamilton, Anna L",,,,,,alh200000,anna hamilton,First Year Seminar 
BBSU,1100,002,28,1,3,1,1,2,3,1,2,,,2,2,,1,,0,"Boynton, Catherine V",,,,,,cxb120030,catherine boynton,First Year Seminar 
BBSU,1100,003,35,3,1,1,1,,,1,1,,,1,1,,,,1,"Jackson, Kevin",,,,,,kxj162930,kevin jackson,First Year Seminar 
BBSU,1100,004,34,1,2,,1,,,,,,,,1,,,,0,"Jackson, Kevin",,,,,,kxj162930,kevin jackson,
BBSU,1100,005,34,8,2,,,,1,,,1,,,2,2,,,1,"Balusek, Robert S",,,,,,rsb190004,,First Year Seminar 
BBSU,1100,006,21,7,5,,4,,1,,,,,,1,1,3,,2,"Grimmer, Leslie A",,,,,,lag190011,,First Year Seminar 
BBSU,1100,009,23,5,3,1,2,1,1,,,1,2,1,,,,,4,"Hamilton, Anna L",,,,,,alh200000,anna hamilton,First Year Seminar 
BBSU,1100,010,25,1,2,,,1,,2,1,,,1,,,,,0,"Boynton, Catherine V",,,,,,cxb120030,catherine boynton,
BBSU,1100,011,33,1,1,1,1,2,,,,,2,,2,,1,,1,"Ritchie, Kathleen",,,,,,kxr180017,,First Year Seminar 
BBSU,1100,012,27,2,2,,1,,1,,2,,,,,,1,,0,"Ritchie, Kathleen",,,,,,kxr180017,,First Year Seminar 
BCOM,1300,002,2,5,4,3,,4,4,,1,,1,2,2,11,3,,0,"Lookadoo, Kathryn","Ward, Hannah","Tanabe, Takuma",,,,kxl164330,kathryn lookadoo,Introduction to Professionalism and Communication in Business 
BCOM,1300,003,4,21,5,2,3,1,1,,1,,,,,4,,,1,"Ahlberg, Mehrzad","Munoz, Carolina A",,,,,mxa087100,mehrzad ahlberg,Introduction to Professionalism and Communication in Business 
BCOM,1300,004,,21,1,3,2,,,,,,,,4,3,4,,2,"Henderson, Tom",,,,,,txh093000,tom henderson,Introduction to Professionalism and Communication in Business 
BCOM,1300,005,,2,6,2,,4,1,1,1,,,,2,2,,,2,"Lookadoo, Kathryn","Ward, Hannah","Tanabe, Takuma",,,,kxl164330,kathryn lookadoo,Introduction to Professionalism and Communication in Business 
BCOM,1300,006,2,8,7,7,5,,,1,,,,,2,8,1,,0,"McCrady, Victoria D","Ward, Hannah",,,,,vdm130030,victoria mccrady,Introduction to Professionalism and Communication in Business 
BCOM,1300,007,,3,6,2,4,4,4,1,,2,2,1,2,6,2,,1,"Lookadoo, Kathryn","Tanabe, Takuma","Ward, Hannah",,,,kxl164330,kathryn lookadoo,Introduction to Professionalism and Communication in Business 
BCOM,1300,008,6,18,7,,4,1,,1,2,,,,1,1,,,1,"Ahlberg, Mehrzad","Munoz, Carolina A",,,,,mxa087100,mehrzad ahlberg,Introduction to Professionalism and Communication in Business 
BCOM,1300,009,,6,13,7,2,,,1,,,,,,9,3,,0,"McCrady, Victoria D","Ward, Hannah",,,,,vdm130030,victoria mccrady,Introduction to Professionalism and Communication in Business 
BCOM,1300,010,,4,10,6,6,3,,1,1,,,,2,3,2,,1,"Moore, Sarah E","Tanabe, Takuma",,,,,sem054000,sarah moore,Introduction to Professionalism and Communication in Business 
BCOM,1300,011,1,9,7,7,3,2,,1,,,1,,1,9,,,1,"McCrady, Victoria D","Ward, Hannah",,,,,vdm130030,victoria mccrady,Introduction to Professionalism and Communication in Business 
BCOM,1300,013,2,3,7,3,9,3,,1,2,,,,1,7,,,2,"Lookadoo, Kathryn","Tanabe, Takuma","Ward, Hannah",,,,kxl164330,kathryn lookadoo,Introduction to Professionalism and Communication in Business 
BCOM,1300,014,2,6,11,5,2,3,,1,,,1,,1,8,1,,1,"Moore, Sarah E","Tanabe, Takuma",,,,,sem054000,sarah moore,Introduction to Professionalism and Communication in Business 
BCOM,1300,015,1,,3,3,4,5,3,1,5,,1,1,4,5,1,,4,"Lookadoo, Kathryn","Tanabe, Takuma","Ward, Hannah",,,,kxl164330,kathryn lookadoo,Introduction to Professionalism and Communication in Business 
BCOM,1300,016,1,6,11,4,6,4,2,1,,1,1,,,2,2,,1,"Moore, Sarah E","Tanabe, Takuma",,,,,sem054000,sarah moore,Introduction to Professionalism and Communication in Business 
BCOM,1300,017,1,4,4,10,1,4,,1,2,,,,2,3,1,,1,"Moore, Sarah E","Tanabe, Takuma",,,,,sem054000,sarah moore,Introduction to Professionalism and Communication in Business 
BCOM,1300,018,,10,10,3,2,2,1,,1,,,,,4,,,1,"Fry, Jennifer L",,,,,,jlf130030,jennifer fry,Introduction to Professionalism and Communication in Business 
BCOM,1300,503,,4,10,1,5,1,,,,1,,1,2,6,3,,0,"Fry, Jennifer L",,,,,,jlf130030,jennifer fry,Introduction to Professionalism and Communication in Business 
BCOM,3100,003,,5,10,2,5,1,1,1,,1,1,,1,2,3,,0,"Brown, Ryan",,,,,,rxb200033,,Professional Development 
BCOM,3100,008,1,8,12,3,2,3,1,1,,,,,3,2,,,2,"Brown, Ryan",,,,,,rxb200033,,Professional Development 
BCOM,3200,001,4,19,13,4,4,1,2,1,1,,,,1,3,,,0,"Brown, Ryan",,,,,,rxb200033,,Introduction to Business and Professional Development 
BCOM,3200,002,7,10,9,3,7,2,3,4,1,,,,1,4,2,,2,"Newcomb, Rebecca G",,,,,,rgn100020,rebecca newcomb,Introduction to Business and Professional Development 
BCOM,3200,5E1,10,24,6,3,4,1,,,,,,,1,2,,,2,"Smallwood, James E",,,,,,jes094020,james smallwood,Introduction to Business and Professional Development 
BCOM,3300,001,4,8,3,5,8,9,2,,5,,1,1,3,7,1,,1,"Watson, John M","Torteya, Diana E",,,,,jmw077000,john watson,Professionalism and Communication in Business 
BCOM,3300,004,,1,11,7,6,6,2,2,4,1,1,,6,7,2,,1,"Fitzmaurice, Megan I",,,,,,mif200001,megan fitzmaurice,Professionalism and Communication in Business 
BCOM,3300,006,4,14,11,7,,7,3,,2,,2,,1,5,1,,0,"Ahlberg, Mehrzad","Munoz, Carolina A",,,,,mxa087100,mehrzad ahlberg,Professionalism and Communication in Business 
BCOM,3300,007,1,8,9,6,13,5,4,1,,,,,2,5,1,,3,"Watson, John M","Torteya, Diana E",,,,,jmw077000,john watson,Professionalism and Communication in Business 
BCOM,3300,008,1,22,14,4,6,1,1,2,,,,,,4,,,1,"Smallwood, Margaret G","Fry, Jennifer L","Ciovacco, Marisol A",,,,meg012400,margaret smallwood,Professionalism and Communication in Business 
BCOM,3300,009,1,13,5,7,13,5,3,,1,1,,1,2,6,,,0,"Watson, John M","Torteya, Diana E",,,,,jmw077000,john watson,Professionalism and Communication in Business 
BCOM,3300,011,4,18,12,6,6,2,1,1,1,1,,,,2,,,3,"Smallwood, Margaret G","Ciovacco, Marisol A",,,,,meg012400,margaret smallwood,Professionalism and Communication in Business 
BCOM,3300,012,,4,10,8,2,10,2,,2,,,,,9,3,,3,"Fitzmaurice, Megan I",,,,,,mif200001,megan fitzmaurice,Professionalism and Communication in Business 
BCOM,3300,013,1,4,10,4,10,4,4,3,3,,,,2,8,1,,3,"Lawson, Kristen A","Torteya, Diana E",,,,,kal110030,kristen lawson,Professionalism and Communication in Business 
BCOM,3300,014,3,13,7,3,10,8,1,1,1,,,1,4,1,2,,1,"Watson, John M","Torteya, Diana E",,,,,jmw077000,john watson,Professionalism and Communication in Business 
BCOM,3300,017,1,6,5,5,6,5,1,3,2,2,1,,6,6,3,,6,"Walton, Michaella",,,,,,mrw170730,,Professionalism and Communication in Business 
BCOM,3300,501,2,5,9,7,5,3,5,4,2,,,,2,3,4,,3,"Lawson, Kristen A","Torteya, Diana E",,,,,kal110030,kristen lawson,Professionalism and Communication in Business 
BCOM,3310,001,,6,9,9,5,2,1,1,,1,,,3,5,,,4,"Armstead, Erica",,,,,,exa190018,erica armstead,Business Communication 
BCOM,3310,002,1,11,12,7,3,2,1,,,,,,1,7,1,,0,"Kim, Hyun Jung",,,,,,hxk190024,soo jung kim,Business Communication 
BCOM,3310,004,,7,16,9,2,3,,,,1,,,,7,,,1,"Armstead, Erica",,,,,,exa190018,erica armstead,Business Communication 
BCOM,3310,005,1,12,3,8,5,6,2,3,1,1,,,1,3,,,0,"Walton, Michaella",,,,,,mrw170730,,Business Communication 
BCOM,3310,006,,13,13,8,,,3,1,,,,1,,3,,,2,"Guire, Jessica",,,,,,jxg200030,,Business Communication 
BCOM,3310,008,,15,16,5,4,,,,,,,,3,2,1,,0,"Tamez, Katrina",,,,,,kxt200010,katrina tamez,Business Communication 
BCOM,3310,009,,11,19,4,4,1,1,1,,,,,1,2,1,,1,"Harrison, Megan K",,,,,,mkh160330,megan harrison,Business Communication 
BCOM,3310,010,2,7,14,11,1,2,,2,,,,,2,6,,,0,"Tamez, Katrina",,,,,,kxt200010,katrina tamez,Business Communication 
BCOM,3310,011,2,20,10,2,2,1,,,1,,,,2,4,1,,1,"Ahlberg, Mehrzad","Munoz, Carolina A",,,,,mxa087100,mehrzad ahlberg,Business Communication 
BCOM,3310,012,1,10,17,6,5,2,,,,,,,1,2,,,2,"Guire, Jessica",,,,,,jxg200030,,Business Communication 
BCOM,3310,013,14,23,3,1,1,,,,,,,,,3,,,0,"Ahlberg, Mehrzad","Munoz, Carolina A",,,,,mxa087100,mehrzad ahlberg,Business Communication 
BCOM,3310,501,8,15,8,8,3,1,,,,,,,,2,,,1,"Loyless, Lauren",,,,,,lxl190018,lauren loyless,Business Communication 
BCOM,3310,502,1,28,5,6,2,1,,,,,1,,,2,,,0,"Blockley, Caylin",,,,,,cxb190014,caylin blockley,Business Communication 
BCOM,3310,503,,2,7,6,4,5,,3,2,2,,,2,4,2,,3,"Prudhomme-Coleman, Michelle",,,,,,mxp190035,michelle prudhomme coleman,Business Communication 
BCOM,3310,HO2,,14,5,2,2,,,,,,,,,5,,,0,"Lawson, Kristen A","Torteya, Diana E",,,,,kal110030,kristen lawson,Business Communication 
BCOM,3310,HON,,20,6,2,1,,,,,,,,,4,,,0,"Lawson, Kristen A","Torteya, Diana E",,,,,kal110030,kristen lawson,Business Communication 
BCOM,4350,001,6,16,15,1,2,1,1,1,,,,,,3,,,3,"Gibson, Roshonda",,,,,,rxg130930,roshonda gibson,Advanced Business Communication 
BCOM,4350,002,2,14,15,4,8,,1,3,,,,,,2,,,0,"McCrady, Victoria D","Ward, Hannah",,,,,vdm130030,victoria mccrady,Advanced Business Communication 
BCOM,4350,003,21,4,8,4,4,3,,,2,,,1,1,1,1,,0,"Garza-Horne, Julie",,,,,,jxg200028,julie garza horne,Advanced Business Communication 
BCOM,4350,004,13,22,10,2,,,,,,,,,,2,,,0,"Gibson, Roshonda",,,,,,rxg130930,roshonda gibson,Advanced Business Communication 
BCOM,4350,005,26,8,9,3,1,,,1,,,,,,2,,,0,"de los Santos, Veronica",,,,,,vxd171930,veronica de los santos,Advanced Business Communication 
BCOM,4350,006,33,4,5,4,2,,,,,,,,,,1,,0,"de los Santos, Veronica",,,,,,vxd171930,veronica de los santos,Advanced Business Communication 
BCOM,4350,007,,22,20,2,4,,1,,1,,,,,,,,0,"Hemsworth, Brian",,,,,,bxh200005,,Advanced Business Communication 
BCOM,4350,009,33,7,5,,,,,,,,,,,,,,1,"Layne, Raini M",,,,,,rml081000,raini layne,Advanced Business Communication 
BCOM,4350,010,13,10,15,6,,,1,1,,,,1,1,1,,,1,"Garza-Horne, Julie",,,,,,jxg200028,julie garza horne,Advanced Business Communication 
BCOM,4350,011,,7,11,12,7,5,2,2,1,,,1,,1,,,1,"Steadham, Kyle S",,,,,,kss012400,kyle steadham,Advanced Business Communication 
BCOM,4350,012,7,13,19,6,2,,1,,,1,,,1,,,,0,"Blockley, Caylin",,,,,,cxb190014,caylin blockley,Advanced Business Communication 
BCOM,4350,501,,4,9,7,6,6,2,,1,1,,,,4,,,0,"Prudhomme-Coleman, Michelle",,,,,,mxp190035,michelle prudhomme coleman,Advanced Business Communication 
BCOM,4350,503,1,2,9,8,7,4,5,3,1,1,1,1,3,,2,,2,"Steadham, Kyle S",,,,,,kss012400,kyle steadham,Advanced Business Communication 
BIOL,1318,001,,8,,,10,,,6,,,,,,1,,,4,"Maitra, Meenakshi",,,,,,mxm172731,meenakshi maitra,Human Genetics 
BIOL,2111,001,48,,,,,,,,,,,,,,,,1,"Burr, John G",,,,,,burr,john burr,Introduction to Modern Biology Workshop I 
BIOL,2111,002,48,,,,,,,,,,,,,,,,0,"Burr, John G",,,,,,burr,john burr,Introduction to Modern Biology Workshop I 
BIOL,2111,003,43,,,,,,,,,,,,,1,,,0,"Burr, John G",,,,,,burr,john burr,Introduction to Modern Biology Workshop I 
BIOL,2111,004,29,,,,,,,,,,,,2,,,,0,"Burr, John G",,,,,,burr,john burr,Introduction to Modern Biology Workshop I 
BIOL,2111,005,42,,,,,,,,,,,,,2,,,0,"Burr, John G",,,,,,burr,john burr,Introduction to Modern Biology Workshop I 
BIOL,2111,006,45,,,,,,,,,,,,,1,,,0,"Burr, John G",,,,,,burr,john burr,Introduction to Modern Biology Workshop I 
BIOL,2111,007,11,6,2,3,,4,,1,1,1,,,,1,,,0,"Srikanth, Uma",,,,,,ukrish,uma srikanth,Introduction to Modern Biology Workshop I 
BIOL,2111,008,10,5,4,3,1,,1,,,2,1,,,2,1,,0,"Srikanth, Uma",,,,,,ukrish,uma srikanth,Introduction to Modern Biology Workshop I 
BIOL,2111,009,10,6,6,1,1,1,1,,2,,,,,2,,,0,"Srikanth, Uma",,,,,,ukrish,uma srikanth,Introduction to Modern Biology Workshop I 
BIOL,2111,010,8,5,4,3,3,3,,,1,,1,,,1,,,1,"Srikanth, Uma",,,,,,ukrish,uma srikanth,Introduction to Modern Biology Workshop I 
BIOL,2111,011,14,4,1,2,,2,,1,1,1,,2,,1,1,,0,"Srikanth, Uma",,,,,,ukrish,uma srikanth,Introduction to Modern Biology Workshop I 
BIOL,2111,012,13,6,4,3,2,1,,,,,,,,,1,,0,"Srikanth, Uma",,,,,,ukrish,uma srikanth,Introduction to Modern Biology Workshop I 
BIOL,2111,013,11,7,2,2,2,1,2,1,1,,,,,,1,,0,"Srikanth, Uma",,,,,,ukrish,uma srikanth,Introduction to Modern Biology Workshop I 
BIOL,2111,014,9,5,5,1,4,1,1,,1,,,,,1,,,2,"Srikanth, Uma",,,,,,ukrish,uma srikanth,Introduction to Modern Biology Workshop I 
BIOL,2111,015,11,11,5,1,1,,,,,,,,,1,,,0,"Srikanth, Uma",,,,,,ukrish,uma srikanth,Introduction to Modern Biology Workshop I 
BIOL,2111,016,5,8,5,4,2,1,1,1,,,,,,2,,,1,"Srikanth, Uma",,,,,,ukrish,uma srikanth,Introduction to Modern Biology Workshop I 
BIOL,2111,017,13,4,7,1,,,,,1,,,,,1,2,,1,"Srikanth, Uma","Lakoduk, Ashley",,,,,ukrish,uma srikanth,Introduction to Modern Biology Workshop I 
BIOL,2111,018,4,3,1,3,3,5,2,1,,1,1,,,2,1,,1,"Srikanth, Uma","Lakoduk, Ashley",,,,,ukrish,uma srikanth,Introduction to Modern Biology Workshop I 
BIOL,2111,019,5,4,5,1,1,,1,3,2,1,,,1,2,1,,1,"Srikanth, Uma","Lakoduk, Ashley",,,,,ukrish,uma srikanth,Introduction to Modern Biology Workshop I 
BIOL,2112,001,1,5,7,3,1,7,1,1,4,1,,1,1,5,3,,2,"Wilson, Michelle","Yetkin, Celal E",,,,,mxw084000,michelle wilson,Introduction to Modern Biology Workshop II 
BIOL,2112,002,,,7,4,2,7,2,1,1,3,,1,2,7,3,,3,"Wilson, Michelle","Salamat, Narges",,,,,mxw084000,michelle wilson,Introduction to Modern Biology Workshop II 
BIOL,2112,003,,2,6,3,6,5,2,2,5,,,,,9,,,2,"Wilson, Michelle","Salamat, Narges",,,,,mxw084000,michelle wilson,Introduction to Modern Biology Workshop II 
BIOL,2112,004,,1,2,2,9,4,3,2,2,,,,,7,6,,5,"Wilson, Michelle","Yetkin, Celal E",,,,,mxw084000,michelle wilson,Introduction to Modern Biology Workshop II 
BIOL,2112,005,,2,6,6,6,5,1,3,,1,2,1,1,1,4,,3,"Wilson, Michelle","Yamauchi, Stephanie A",,,,,mxw084000,michelle wilson,Introduction to Modern Biology Workshop II 
BIOL,2112,006,,1,3,3,2,3,5,3,3,,2,1,3,6,1,,5,"Wilson, Michelle","Salinas, Carlos E",,,,,mxw084000,michelle wilson,Introduction to Modern Biology Workshop II 
BIOL,2112,007,1,,5,4,8,3,4,,4,2,,1,,2,1,,6,"Wilson, Michelle","Yamauchi, Stephanie A",,,,,mxw084000,michelle wilson,Introduction to Modern Biology Workshop II 
BIOL,2112,008,1,,1,1,,,,1,3,1,,2,3,2,1,,5,"Wilson, Michelle","Salinas, Carlos E",,,,,mxw084000,michelle wilson,Introduction to Modern Biology Workshop II 
BIOL,2281,301,2,4,5,5,2,,,2,,,,1,1,1,1,,0,"Mehta, Iti","Gadhvi, Jashkaran G",,,,,ixm121430,iti mehta,Introductory Biology Laboratory 
BIOL,2281,302,1,3,4,3,4,3,,1,,,,,1,2,,,1,"Lin, Wen J","Alvarez, Sophia M",,,,,wenju,wen ju lin,Introductory Biology Laboratory 
BIOL,2281,303,1,7,7,4,1,2,,1,1,,,,,,,,0,"Mehta, Iti","Gadhvi, Jashkaran G",,,,,ixm121430,iti mehta,Introductory Biology Laboratory 
BIOL,2281,304,1,3,6,3,4,1,1,1,1,,,1,,2,,,0,"Lin, Wen J","Alvarez, Sophia M",,,,,wenju,wen ju lin,Introductory Biology Laboratory 
BIOL,2281,305,1,2,3,4,7,,,1,1,,,1,,2,1,,1,"Klang, Ida","Easterwood, Shayne",,,,,ixk190014,ida klang,Introductory Biology Laboratory 
BIOL,2281,306,,5,5,1,3,3,2,3,,,,,,2,,,0,"Pickett, Elizabeth A","Easterwood, Shayne",,,,,eaw016100,elizabeth pickett,Introductory Biology Laboratory 
BIOL,2281,307,,2,5,4,3,3,3,1,1,,,,,,1,,1,"Klang, Ida","Easterwood, Shayne",,,,,ixk190014,ida klang,Introductory Biology Laboratory 
BIOL,2281,308,,1,4,3,1,5,1,,3,,,,1,2,1,,2,"Lin, Wen J","Alvarez, Sophia M",,,,,wenju,wen ju lin,Introductory Biology Laboratory 
BIOL,2281,309,2,3,10,,3,2,,,,1,1,,,,,,2,"Mehta, Iti","Gadhvi, Jashkaran G",,,,,ixm121430,iti mehta,Introductory Biology Laboratory 
BIOL,2281,310,3,3,8,2,,,1,,1,,,1,,1,2,,2,"Lin, Wen J","Do, Hung P",,,,,wenju,wen ju lin,Introductory Biology Laboratory 
BIOL,2281,311,,4,8,1,2,3,,1,,,1,,1,1,,,2,"Mehta, Iti","Ratevosyan, Richard",,,,,ixm121430,iti mehta,Introductory Biology Laboratory 
BIOL,2281,312,1,7,5,4,1,3,1,,,,,,,1,1,,0,"Lin, Wen J","Do, Hung P",,,,,wenju,wen ju lin,Introductory Biology Laboratory 
BIOL,2281,313,,3,11,2,1,2,1,,1,,,,,2,,,1,"Klang, Ida","Buyukkahraman, Gozde",,,,,ixk190014,ida klang,Introductory Biology Laboratory 
BIOL,2281,314,,3,7,3,2,2,2,,1,,,,1,1,,,2,"Klang, Ida","Buyukkahraman, Gozde",,,,,ixk190014,ida klang,Introductory Biology Laboratory 
BIOL,2281,315,,7,5,2,2,4,,2,,,,1,,1,,,0,"Mehta, Iti","Ratevosyan, Richard",,,,,ixm121430,iti mehta,Introductory Biology Laboratory 
BIOL,2281,316,4,3,10,1,,1,2,1,,,,,,1,,,0,"Klang, Ida","Buyukkahraman, Gozde",,,,,ixk190014,ida klang,Introductory Biology Laboratory 
BIOL,2281,317,2,5,6,1,3,,2,1,1,,,,,2,,,0,"Mehta, Iti","Ratevosyan, Richard",,,,,ixm121430,iti mehta,Introductory Biology Laboratory 
BIOL,2311,001,102,63,38,23,16,14,6,4,7,5,2,2,,10,4,,4,"Srikanth, Uma","Reddy, Sindhuri","Alemi, Parinazsadat","Phanse, Sharwari S",,,ukrish,uma srikanth,Introduction to Modern Biology I 
BIOL,2311,002,22,12,13,5,4,5,4,4,4,2,1,,1,6,4,,3,"Lakoduk, Ashley","Almond, Grayson F",,,,,axl200032,ashley lakoduk,Introduction to Modern Biology I 
BIOL,2311,501,21,105,25,20,43,12,10,13,1,,1,,2,4,,,1,"Burr, John G","Berisha, Eranda","Bach, Thao Nguyen","Gomez, Jessica E","Almond, Grayson F",,burr,john burr,Introduction to Modern Biology I 
BIOL,2312,001,2,11,36,25,34,35,17,12,19,7,4,5,7,37,18,,25,"Wilson, Michelle","Salamat, Narges","Yetkin, Celal E","Salinas, Carlos E","Yamauchi, Stephanie A",,mxw084000,michelle wilson,Introduction to Modern Biology II 
BIOL,2312,002,1,,1,1,,,,1,3,1,,2,3,2,1,,5,"Wilson, Michelle",,,,,,mxw084000,michelle wilson,Introduction to Modern Biology II 
BIOL,2350,001,24,15,1,,4,,1,1,,,,,1,1,,,2,"Sapozhnikov, Ilya",,,,,,isapoz,ilya sapozhnikov,Biological Basis of Health and Disease 
BIOL,2350,002,23,12,4,1,2,,,,,,,,,,,,2,"Sapozhnikov, Ilya",,,,,,isapoz,ilya sapozhnikov,Biological Basis of Health and Disease 
BIOL,3101,005,1,3,6,1,2,1,1,1,2,,,2,2,4,3,,7,"Dejong, Jeff L","Campbell, Zachary",,,,,dejong,jeff dejong,Classical and Molecular Genetics Workshop 
BIOL,3101,006,1,2,2,4,6,1,2,1,1,,2,2,,1,5,,13,"Dejong, Jeff L","Campbell, Zachary",,,,,dejong,jeff dejong,Classical and Molecular Genetics Workshop 
BIOL,3101,007,,3,2,4,3,1,2,,3,1,,,1,5,,,11,"Dejong, Jeff L","Campbell, Zachary",,,,,dejong,jeff dejong,Classical and Molecular Genetics Workshop 
BIOL,3101,008,,3,5,1,6,3,2,,4,,1,1,,6,1,,9,"Dejong, Jeff L","Campbell, Zachary",,,,,dejong,jeff dejong,Classical and Molecular Genetics Workshop 
BIOL,3101,009,1,3,3,3,4,2,,1,,,2,1,,7,1,,8,"Dejong, Jeff L","Campbell, Zachary",,,,,dejong,jeff dejong,Classical and Molecular Genetics Workshop 
BIOL,3101,010,,1,2,3,1,3,2,1,,2,,1,,6,2,,11,"Dejong, Jeff L","Campbell, Zachary",,,,,dejong,jeff dejong,Classical and Molecular Genetics Workshop 
BIOL,3101,011,1,3,4,2,3,6,1,1,3,4,2,,1,3,1,,9,"Dejong, Jeff L","Campbell, Zachary",,,,,dejong,jeff dejong,Classical and Molecular Genetics Workshop 
BIOL,3101,012,3,6,2,4,2,3,5,2,1,,1,,,2,1,,8,"Dejong, Jeff L","Campbell, Zachary",,,,,dejong,jeff dejong,Classical and Molecular Genetics Workshop 
BIOL,3102,001,9,5,6,10,5,2,,1,,,1,,,1,,,0,"Sarcar, Subha N","Misra, Jyoti R","Ballew, Luke","Tiwari, Suman","Shipman, Braden M",,sns064000,subha sarcar,Eukaryotic Molecular and Cell Biology Workshop 
BIOL,3102,002,2,10,4,9,7,4,1,,,,,,,3,,,0,"Sarcar, Subha N","Ballew, Luke","Tiwari, Suman","Shipman, Braden M",,,sns064000,subha sarcar,Eukaryotic Molecular and Cell Biology Workshop 
BIOL,3102,003,2,4,1,6,5,1,,,,,,,1,,,,0,"Sarcar, Subha N","Misra, Jyoti R","Ballew, Luke","Tiwari, Suman","Shipman, Braden M",,sns064000,subha sarcar,Eukaryotic Molecular and Cell Biology Workshop 
BIOL,3102,004,,3,3,4,6,1,1,1,,,,,,,,,1,"Misra, Jyoti R","Sarcar, Subha N","Ballew, Luke","Tiwari, Suman","Shipman, Braden M",,jrm190003,,Eukaryotic Molecular and Cell Biology Workshop 
BIOL,3102,005,2,4,6,4,4,2,,1,1,,,,,1,,,0,"Misra, Jyoti R","Ballew, Luke","Tiwari, Suman","Shipman, Braden M",,,jrm190003,,Eukaryotic Molecular and Cell Biology Workshop 
BIOL,3102,006,14,8,7,,,2,,,,,,,,,,,0,"Srikanth, Uma","Delk, Nikki A",,,,,ukrish,uma srikanth,Eukaryotic Molecular and Cell Biology Workshop 
BIOL,3102,007,15,6,5,1,1,,,,,,,,,,,,1,"Delk, Nikki A","Srikanth, Uma",,,,,nad140230,nikki delk,Eukaryotic Molecular and Cell Biology Workshop 
BIOL,3102,008,18,5,5,2,,,,,,,,,,,,,0,"Srikanth, Uma","Delk, Nikki A",,,,,ukrish,uma srikanth,Eukaryotic Molecular and Cell Biology Workshop 
BIOL,3102,009,12,11,5,1,,,,,,,,,,,,,1,"Delk, Nikki A","Srikanth, Uma",,,,,nad140230,nikki delk,Eukaryotic Molecular and Cell Biology Workshop 
BIOL,3102,010,16,7,4,1,1,,,1,,,,,,,,,0,"Srikanth, Uma","Delk, Nikki A",,,,,ukrish,uma srikanth,Eukaryotic Molecular and Cell Biology Workshop 
BIOL,3161,102,5,17,7,7,2,2,1,,3,,1,,,2,,,3,"Gavva, Sandhya R","Spiro, Stephen","Meloni, Gabriele","Curtis, Rose M",,,sgavva,sandhya gavva,Biochemistry Workshop I 
BIOL,3161,103,6,18,5,4,5,2,1,3,2,1,,,,1,,,1,"Gavva, Sandhya R","Spiro, Stephen","Meloni, Gabriele","Curtis, Rose M",,,sgavva,sandhya gavva,Biochemistry Workshop I 
BIOL,3161,104,4,13,11,4,3,1,3,1,,,,,,2,1,,7,"Gavva, Sandhya R","Spiro, Stephen","Meloni, Gabriele","Curtis, Rose M",,,sgavva,sandhya gavva,Biochemistry Workshop I 
BIOL,3161,105,7,16,12,4,5,1,1,,,,,1,1,1,,,1,"Gavva, Sandhya R","Spiro, Stephen","Meloni, Gabriele","Curtis, Rose M",,,sgavva,sandhya gavva,Biochemistry Workshop I 
BIOL,3161,106,2,12,7,4,7,2,4,3,1,1,1,,1,5,,,0,"Spiro, Stephen","Gavva, Sandhya R","Meloni, Gabriele","Curtis, Rose M",,,sxs067400,stephen spiro,Biochemistry Workshop I 
BIOL,3161,107,2,10,12,4,5,5,1,3,,,1,,,4,,,3,"Gavva, Sandhya R","Spiro, Stephen","Meloni, Gabriele","Curtis, Rose M",,,sgavva,sandhya gavva,Biochemistry Workshop I 
BIOL,3161,108,2,13,9,5,4,3,2,2,,,2,,1,3,1,,3,"Gavva, Sandhya R","Spiro, Stephen","Meloni, Gabriele","Curtis, Rose M",,,sgavva,sandhya gavva,Biochemistry Workshop I 
BIOL,3161,109,5,12,12,3,4,4,1,2,1,2,1,,1,1,,,1,"Gavva, Sandhya R","Spiro, Stephen","Meloni, Gabriele","Curtis, Rose M",,,sgavva,sandhya gavva,Biochemistry Workshop I 
BIOL,3161,110,2,11,6,8,1,2,4,6,,2,,1,2,2,1,,2,"Gavva, Sandhya R","Meloni, Gabriele","Spiro, Stephen","Curtis, Rose M",,,sgavva,sandhya gavva,Biochemistry Workshop I 
BIOL,3161,111,6,9,12,5,2,5,1,1,3,1,1,,,3,2,,0,"Gavva, Sandhya R","Meloni, Gabriele","Spiro, Stephen","Curtis, Rose M",,,sgavva,sandhya gavva,Biochemistry Workshop I 
BIOL,3161,112,1,22,10,7,2,,,1,,,,,1,2,1,,2,"Meloni, Gabriele","Spiro, Stephen","Gavva, Sandhya R","Curtis, Rose M",,,gxm152330,gabriele meloni,Biochemistry Workshop I 
BIOL,3161,113,2,5,8,2,1,4,5,3,2,3,4,,1,4,3,,3,"Spiro, Stephen","Meloni, Gabriele","Gavva, Sandhya R","Curtis, Rose M",,,sxs067400,stephen spiro,Biochemistry Workshop I 
BIOL,3161,114,1,9,8,8,2,5,3,3,,1,,,1,1,3,,5,"Spiro, Stephen","Meloni, Gabriele","Gavva, Sandhya R","Curtis, Rose M",,,sxs067400,stephen spiro,Biochemistry Workshop I 
BIOL,3161,115,2,3,11,5,3,5,5,1,2,3,,1,1,6,,,3,"Meloni, Gabriele","Spiro, Stephen","Gavva, Sandhya R","Curtis, Rose M",,,gxm152330,gabriele meloni,Biochemistry Workshop I 
BIOL,3162,101,2,4,3,3,9,3,1,2,3,1,,,1,3,,,3,"Candas, Mehmet","Dejong, Jeff L",,,,,candas,mehmet candas,Biochemistry Workshop II 
BIOL,3162,102,3,1,5,1,4,2,2,1,5,2,,1,1,6,,,6,"Candas, Mehmet","Dejong, Jeff L",,,,,candas,mehmet candas,Biochemistry Workshop II 
BIOL,3162,103,4,5,2,4,4,3,1,1,,1,,1,,5,,,2,"Candas, Mehmet","Dejong, Jeff L","Venkatesan, Keerthana",,,,candas,mehmet candas,Biochemistry Workshop II 
BIOL,3162,104,,4,3,3,5,1,3,3,1,1,,,,3,1,,1,"Candas, Mehmet","Dejong, Jeff L","Venkatesan, Keerthana",,,,candas,mehmet candas,Biochemistry Workshop II 
BIOL,3162,105,,2,2,5,7,,4,,1,,,,,4,,,0,"Candas, Mehmet","Dejong, Jeff L","Lewis, Anthony J",,,,candas,mehmet candas,Biochemistry Workshop II 
BIOL,3162,106,1,2,,2,2,1,1,,1,1,,,1,6,,,4,"Candas, Mehmet","Dejong, Jeff L","Lewis, Anthony J",,,,candas,mehmet candas,Biochemistry Workshop II 
BIOL,3301,002,7,24,26,22,27,20,15,7,14,7,8,7,4,34,14,,76,"Dejong, Jeff L","Campbell, Zachary",,,,,dejong,jeff dejong,Classical and Molecular Genetics 
BIOL,3302,001,14,26,20,34,27,10,2,3,1,,1,,1,5,,,1,"Sarcar, Subha N","Misra, Jyoti R","Ballew, Luke","Tiwari, Suman","Shipman, Braden M",,sns064000,subha sarcar,Eukaryotic Molecular and Cell Biology 
BIOL,3302,002,75,38,24,5,3,2,,1,,,,,,,,,2,"Delk, Nikki A","Srikanth, Uma","Bautista, Monica A","Thomas-Jardin, Shayna E","Tandon, Neha Ramesh",,nad140230,nikki delk,Eukaryotic Molecular and Cell Biology 
BIOL,3303,001,8,50,25,19,22,7,1,,4,1,1,,2,5,,,3,"De Nisco, Nicole J","Sawant, Namrata V","Pokharel, Barsha",,,,njd160330,nicole de nisco,Introduction to Microbiology 
BIOL,3312,001,10,,5,6,3,2,,1,,1,,,1,2,,,0,"Morcos Gonzalez, Alonso","Wei, Hong",,,,,afg150230,,Introduction to Programming for Biological Sciences 
BIOL,3318,001,75,47,17,5,1,2,,2,,,,,,2,,,0,"Henson, Uyen N",,,,,,unh130030,uyen henson,Forensic Biology 
BIOL,3320,001,2,3,3,2,1,1,,,,1,,,,1,1,,1,"Hajeri, Vinita",,,,,,vxh151030,vinita hajeri,Applied Genetics 
BIOL,3320,002,1,5,4,2,1,,,2,,,,,1,,,,0,"Hajeri, Vinita","Istre, Kristi G",,,,,vxh151030,vinita hajeri,Applied Genetics 
BIOL,3335,001,5,37,15,10,28,5,5,3,2,1,1,,,3,,,1,"Reitzer, Lawrence","Petter, Andrew T","Shashikanth Raj Urs, Karthik Urs Bangalore",,,,reitzer,,Microbial Physiology 
BIOL,3355,501,33,10,3,,3,,,,,,,,,1,,,0,"Sapozhnikov, Ilya",,,,,,isapoz,ilya sapozhnikov,Clinical Pathophysiology 
BIOL,3355,502,42,9,1,,2,,,,,,,,,,,,0,"Sapozhnikov, Ilya",,,,,,isapoz,ilya sapozhnikov,Clinical Pathophysiology 
BIOL,3357,001,,9,6,,,,,,,,,,,,,,0,"Wu, Zhuoru","Khekare, Prachi Prakash",,,,,zxw190014,,Mammalian Physiology with Lab 
BIOL,3361,001,25,64,66,27,33,25,9,11,7,4,6,1,6,17,4,,12,"Spiro, Stephen","Meloni, Gabriele","Kuo, Yiru","Miller, Edmund A","Curtis, Rose M","Falah, Rafah M",sxs067400,stephen spiro,Biochemistry I 
BIOL,3361,002,18,81,43,34,7,11,19,13,6,5,3,3,2,16,6,,15,"Gavva, Sandhya R","Falah, Rafah M","Curtis, Rose M","Zeito, Sania","Wright, Katherine A","Soladogun, Adedamola S",sgavva,sandhya gavva,Biochemistry I 
BIOL,3362,001,10,16,14,18,26,7,11,8,9,4,,2,3,23,1,,15,"Candas, Mehmet","Dejong, Jeff L",,,,,candas,mehmet candas,Biochemistry II 
BIOL,3370,001,10,15,7,3,8,5,2,2,1,1,,,1,3,,,0,"Wu, Zhuoru","Khekare, Prachi Prakash",,,,,zxw190014,,Exercise Physiology 
BIOL,3380,301,1,3,10,,1,3,1,,1,,,,,1,,,1,"Maynard, Caitlin S","Moni, Shah Otoshi",,,,,cmb170830,,Biochemistry Laboratory 
BIOL,3380,302,1,3,8,3,3,,1,1,,,1,,,1,,,0,"Pan, Jing","Zhi, Jiahe",,,,,jxp134330,jing pan,Biochemistry Laboratory 
BIOL,3380,303,1,4,2,3,4,3,,2,1,,1,,1,,,,1,"Rippel, Scott A","Mazambani, Simbarashe",,,,,rippel,scott rippel,Biochemistry Laboratory 
BIOL,3380,304,3,4,6,3,1,,,2,,,1,,,1,,,1,"Rippel, Scott A","Mazambani, Simbarashe",,,,,rippel,scott rippel,Biochemistry Laboratory 
BIOL,3380,305,3,3,7,1,,1,1,,1,,,2,,1,,,1,"Pickett, Elizabeth A","Srinivas, Anagha",,,,,eaw016100,elizabeth pickett,Biochemistry Laboratory 
BIOL,3380,306,3,1,3,4,2,1,3,3,1,,,,,,,,1,"Maynard, Caitlin S","Moni, Shah Otoshi",,,,,cmb170830,,Biochemistry Laboratory 
BIOL,3380,307,,3,,3,1,2,5,2,,,1,2,,,,,2,"Rippel, Scott A","Sivanandam, Tharani",,,,,rippel,scott rippel,Biochemistry Laboratory 
BIOL,3380,308,2,4,4,4,4,,1,,,,,1,1,,,,1,"Maynard, Caitlin S","Chacon Castro, Maria Del Carmen",,,,,cmb170830,,Biochemistry Laboratory 
BIOL,3380,309,1,5,2,1,5,1,1,,,,1,,,1,,,4,"Pan, Jing","Zhi, Jiahe",,,,,jxp134330,jing pan,Biochemistry Laboratory 
BIOL,3380,310,4,3,2,4,4,1,1,,,1,1,,,1,,,0,"Maynard, Caitlin S","Chacon Castro, Maria Del Carmen",,,,,cmb170830,,Biochemistry Laboratory 
BIOL,3380,311,5,,5,3,3,1,,,,1,,,1,,,,3,"Pan, Jing","Sivanandam, Tharani",,,,,jxp134330,jing pan,Biochemistry Laboratory 
BIOL,3380,312,2,4,4,2,1,2,3,,2,,1,,,1,,,1,"Pickett, Elizabeth A","Srinivas, Anagha",,,,,eaw016100,elizabeth pickett,Biochemistry Laboratory 
BIOL,3385,001,,13,2,,2,1,,2,1,,1,,,5,,,1,"Murchison, David F",,,,,,dfm100020,david murchison,Medical Histology 
BIOL,3388,001,1,2,10,2,2,4,,2,1,1,,,,2,1,,1,"Rippel, Scott A",,,,,,rippel,scott rippel,Honey Bee Biology 
BIOL,3455,001,1,33,35,16,16,23,8,10,18,4,5,5,2,22,11,,29,"Ramirez, Ruben D",,,,,,rdr092000,ruben ramirez,Human Anatomy and Physiology with Lab I 
BIOL,3455,002,1,14,14,10,10,11,3,1,13,3,3,1,1,16,10,,16,"Ramirez, Ruben D",,,,,,rdr092000,ruben ramirez,Human Anatomy and Physiology with Lab I 
BIOL,3456,301,12,16,4,2,,2,,,1,,,,,,,,0,"Yu, Wen H","Li, Yibo","Venkitapathi, Sundharamani",,,,why061000,wen ho yu,Human Anatomy and Physiology with Lab II 
BIOL,3456,302,3,12,6,5,2,4,1,,,,1,,1,,,,0,"Yu, Wen H","Sarcar, Subha N","Venkitapathi, Sundharamani","Li, Yibo",,,why061000,wen ho yu,Human Anatomy and Physiology with Lab II 
BIOL,3456,303,3,13,12,2,3,3,,1,,,,,,,,,0,"Sarcar, Subha N","Yu, Wen H","Venkitapathi, Sundharamani","Li, Yibo",,,sns064000,subha sarcar,Human Anatomy and Physiology with Lab II 
BIOL,3456,304,11,12,3,5,2,,1,2,1,,,,,,,,0,"Yu, Wen H","Venkitapathi, Sundharamani","Li, Yibo",,,,why061000,wen ho yu,Human Anatomy and Physiology with Lab II 
BIOL,3456,801,14,11,5,2,2,1,1,,,,,,,,,,0,"Yu, Wen H","Venkitapathi, Sundharamani","Li, Yibo",,,,why061000,wen ho yu,Human Anatomy and Physiology with Lab II 
BIOL,3520,301,1,14,3,,2,2,,,,,,,,1,,,1,"Palmer, Kelli L",,,,,,klp120030,kelli palmer,General Microbiology with Lab 
BIOL,3520,302,2,4,6,4,1,1,,,,,,,,3,,,0,"Lakoduk, Ashley","Dahl, Haley C",,,,,axl200032,ashley lakoduk,General Microbiology with Lab 
BIOL,4325,001,2,10,15,10,9,8,6,1,1,,,,1,4,,,0,"Candas, Mehmet",,,,,,candas,mehmet candas,Nutrition and Metabolism 
BIOL,4350,001,1,3,3,2,,5,2,2,3,,,1,1,5,,,6,"Ramirez, Ruben D",,,,,,rdr092000,ruben ramirez,Medical Microbiology 
BIOL,4360,001,5,4,2,1,1,,1,,,,,,,,1,,1,"Pickett, Elizabeth A",,,,,,eaw016100,elizabeth pickett,Evolution and Development 
BIOL,4380,301,2,8,2,4,1,2,,,,,,,,1,,,1,"Sadat, Eva","Parekh, Trusha",,,,,exs190014,eva sadat,Cell and Molecular Biology Laboratory 
BIOL,4380,302,4,11,2,2,,1,,,,,,,1,1,,,0,"Sadat, Eva","Satagopan, Shreya",,,,,exs190014,eva sadat,Cell and Molecular Biology Laboratory 
BIOL,4380,303,2,3,4,1,2,6,,,,,,,,1,,,1,"Klang, Ida","Ravichandran, Nainika",,,,,ixk190014,ida klang,Cell and Molecular Biology Laboratory 
BIOL,4380,304,,7,2,,1,,,,,,,,,1,,,0,"Sadat, Eva",,,,,,exs190014,eva sadat,Cell and Molecular Biology Laboratory 
BIOL,4380,305,,10,6,2,1,,,,,,,,,,,,0,"Sadat, Eva","Zhang, Bei",,,,,exs190014,eva sadat,Cell and Molecular Biology Laboratory 
BIOL,4385,001,1,20,,3,7,1,,2,,,,,,,,,1,"Murchison, David F",,,,,,dfm100020,david murchison,Oral Histology and Embryology 
BIOL,4V01,001,2,4,3,3,2,1,,,,,,,,,,,0,"Zhang, Li","Ashrafi, Adnin","Wang, Tianyuan",,,,lxz075000,li zhang,Topics in Biological Sciences with Lab 
BIOL,5312,001,,5,6,1,,1,,,,,,,,,,,0,"Morcos Gonzalez, Alonso","Wei, Hong",,,,,afg150230,,Programming in the Biological Sciences for Graduate Students 
BIOL,5375,001,,10,8,6,7,2,,,,,,,,,,1,0,"Liu, Li","Pan, Jing","Womack, Melissa",,,,lliu,,Genes to Genomes 
BIOL,5376,501,,6,10,1,6,,,,,,,,,,,3,2,"Xuan, Zhenyu","Levene, Stephen","Song, Ming",,,,zxx091000,,Applied Bioinformatics 
BIOL,5420,001,,26,,,14,,,,,,,,,,,2,0,"Kim, Tae Hoon",,,,,,txk142630,,Molecular Biology 
BIOL,5460,001,,5,4,11,11,,,,,,,,,,,,0,"Xuan, Zhenyu","Zhang, Michael","Xia, Jing",,,,zxx091000,,Quantitative Biology 
BIOL,6193,001,,,,,,,,,,,,,,,,27,0,"Xuan, Zhenyu",,,,,,zxx091000,,Colloquium in Molecular and Cell Biology 
BIOL,6252,001,,,,,,,,,,,,,,,,18,0,"Kim, Tae Hoon","Burr, John G",,,,,txk142630,,Current Research in Molecular Biology 
BIOL,6373,001,,5,,3,7,,,,,,,,,,,,0,"Winkler, Duane D",,,,,,ddw130330,duane winkler,Proteomics 
BIOL,6V29,002,,8,5,,,,,,,,,,,,,,0,"Bleris, Leonidas",,,,,,lxb092000,leonidas bleris,
BIS,1100,001,,44,,,,,,,,,,,,,,,0,"Werhnyak, Larissa",,,,,,lxw163630,larissa werhnyak,Interdisciplinary Studies Freshman Seminar 
BIS,1100,003,,23,,,,,,,,,,,,,,,0,"Werhnyak, Larissa",,,,,,lxw163630,larissa werhnyak,Interdisciplinary Studies Freshman Seminar 
BIS,1100,005,,44,3,1,2,,,1,,,,,,,,,0,"Naqvi, Syed K",,,,,,skn180000,syed naqvi,Interdisciplinary Studies Freshman Seminar 
BIS,1100,006,,28,,,,1,,,,,,,,,,,0,"Naqvi, Syed K",,,,,,skn180000,syed naqvi,Interdisciplinary Studies Freshman Seminar 
BIS,1100,007,,20,,,,,,1,,,,,2,,,,0,"Naqvi, Syed K",,,,,,skn180000,syed naqvi,Interdisciplinary Studies Freshman Seminar 
BIS,2190,0W1,13,9,3,3,,,,,,,,,,,,,2,"Edwards, Christopher W","Robinson, Katie L","Slattery, Ryan P",,,,cwe011000,christopher edwards,Library Research Skills 
BIS,3320,001,,8,,,5,1,,1,1,,1,,1,1,,,5,"Wissinger, Tonja",,,,,,twissin,tonja wissinger,The Nature of Intellectual Inquiry 
BIS,3320,002,,3,2,5,3,2,,3,1,2,1,,2,,,,4,"Pogue, Neall W",,,,,,nxp174730,neall pogue,The Nature of Intellectual Inquiry 
BIS,3320,003,,3,1,5,1,1,4,,2,,1,,2,1,3,,1,"Pogue, Neall W",,,,,,nxp174730,neall pogue,The Nature of Intellectual Inquiry 
BIS,3320,004,3,6,4,1,3,1,2,,2,,,1,,,,,5,"Hudson, Jennifer M",,,,,,jxh100220,jennifer hudson,The Nature of Intellectual Inquiry 
BIS,3320,005,2,5,6,5,3,,2,,,,,,,5,,,0,"Naqvi, Syed K",,,,,,skn180000,syed naqvi,The Nature of Intellectual Inquiry 
BIS,3320,007,10,5,3,3,4,2,,1,,,,,,1,,,0,"Wright, David A",,,,,,wright,david wright,The Nature of Intellectual Inquiry 
BIS,3320,501,10,5,6,2,,1,1,,,,,,2,,2,,1,"Wright, David A",,,,,,wright,david wright,The Nature of Intellectual Inquiry 
BIS,4306,0W1,7,3,1,,,,,,2,1,,,3,,,,0,"Simpson, Carrie M",,,,,,cms131030,carrie simpson,Strategies for Diversity in Education 
BLAW,2301,001,,22,7,6,4,8,5,4,6,,1,,6,17,3,,1,"Betanzos, Christina L","Garcia, Gerardo E",,,,,clb120030,christina betanzos,Business and Public Law 
BLAW,2301,002,,31,6,7,16,10,3,6,2,3,,,2,12,1,,1,"Polze, Matthew M",,,,,,mmp062000,matthew polze,Business and Public Law 
BLAW,2301,003,,29,5,7,12,5,4,5,,3,,,,19,,,1,"Polze, Matthew M",,,,,,mmp062000,matthew polze,Business and Public Law 
BLAW,2301,004,,14,7,4,7,9,4,4,3,,2,,3,17,11,,3,"Betanzos, Christina L","Garcia, Gerardo E",,,,,clb120030,christina betanzos,Business and Public Law 
BLAW,2301,005,,17,13,5,6,7,2,3,2,,3,,7,20,4,,1,"Betanzos, Christina L","Garcia, Gerardo E",,,,,clb120030,christina betanzos,Business and Public Law 
BLAW,2301,006,,16,11,5,9,11,2,5,4,,4,,4,16,2,,1,"Betanzos, Christina L",,,,,,clb120030,christina betanzos,Business and Public Law 
BLAW,2301,501,4,5,9,9,9,9,6,7,1,,5,,2,15,6,,2,"Betanzos, Christina L","Garcia, Gerardo E",,,,,clb120030,christina betanzos,Business and Public Law 
BLAW,2301,HO2,,9,8,2,,1,1,,1,,,,,9,,,1,"Polze, Matthew M",,,,,,mmp062000,matthew polze,Business and Public Law 
BLAW,2301,HON,,10,9,2,3,2,,,,,,,,6,,,0,"Polze, Matthew M",,,,,,mmp062000,matthew polze,Business and Public Law 
BLAW,3301,501,10,12,7,6,3,,1,1,,,1,,1,1,1,,1,"Green, Rhonda",,,,,,rxg180032,rhonda green,Employment Law 
BLAW,4301,001,20,13,2,,,,,,,,,,,,,,2,"Molina, Stephen","Wendel, Alexa P",,,,,sxm163630,stephen molina,International Law 
BMEN,1100,101,2,3,,2,4,1,,1,1,,,,1,,,,0,"Myers, Kathleen","Skandan, Spandana","Dsouza, Tania M",,,,kxm156530,kathleen myers,Introduction to Bioengineering I 
BMEN,1100,102,1,1,3,,2,,,,,,,,4,1,,,0,"Myers, Kathleen",,,,,,kxm156530,kathleen myers,Introduction to Bioengineering I 
BMEN,1100,103,3,6,2,2,,,,,1,,,,1,1,,,3,"Myers, Kathleen","Skandan, Spandana","Dsouza, Tania M",,,,kxm156530,kathleen myers,Introduction to Bioengineering I 
BMEN,1100,104,4,3,2,,1,2,,,,1,,,1,1,,,1,"Myers, Kathleen","Skandan, Spandana","Dsouza, Tania M",,,,kxm156530,kathleen myers,Introduction to Bioengineering I 
BMEN,1100,105,6,3,3,2,1,,,1,,,,,,1,1,,1,"Porter, Benjamin A","Skandan, Spandana","Dsouza, Tania M",,,,bap061000,benjamin porter,Introduction to Bioengineering I 
BMEN,1100,106,2,9,1,4,,,,,,,,,,1,,,2,"Porter, Benjamin A","Dsouza, Tania M","Skandan, Spandana",,,,bap061000,benjamin porter,Introduction to Bioengineering I 
BMEN,1100,107,2,3,4,2,2,,2,1,1,,,,,,1,,1,"Porter, Benjamin A","Skandan, Spandana","Dsouza, Tania M",,,,bap061000,benjamin porter,Introduction to Bioengineering I 
BMEN,1100,108,2,6,,2,3,2,,,1,,,,1,,1,,1,"Porter, Benjamin A","Dsouza, Tania M","Skandan, Spandana",,,,bap061000,benjamin porter,Introduction to Bioengineering I 
BMEN,1208,001,4,6,8,,4,1,1,,,,,,,,,,0,"Ardestani Khoubrouy, Soudeh","Dolui, Swapnil",,,,,sxa074200,soudeh khoubrouy,Introduction to Bioengineering II 
BMEN,1208,002,2,4,,2,3,,,,1,,,,1,,,,6,"Ardestani Khoubrouy, Soudeh","Dolui, Swapnil",,,,,sxa074200,soudeh khoubrouy,Introduction to Bioengineering II 
BMEN,2320,001,4,10,3,4,2,3,1,2,1,,1,,1,7,4,,10,"Meyer, Clark A","Ferruzzi, Jacopo","Garcia, Diana",,,,cam140130,clark meyer,Statics 
BMEN,2320,002,3,4,2,2,5,,,2,,,2,,4,5,10,,13,"Ferruzzi, Jacopo","Meyer, Clark A","Garcia, Diana",,,,jxf200008,jacopo ferruzzi,Statics 
BMEN,3120,101,8,4,1,2,1,,,,,,,,,,,,0,"Ali, Tariq M","Kian Pour, Bahareh",,,,,tma051000,tariq ali,Biomedical Circuits and Instrumentation Laboratory 
BMEN,3120,102,1,4,3,4,1,3,,,,,,,1,1,1,,0,"Ali, Tariq M","Amarneh, Bushra B",,,,,tma051000,tariq ali,Biomedical Circuits and Instrumentation Laboratory 
BMEN,3120,103,2,2,,,1,4,,,,,,,,1,,,1,"Ali, Tariq M",,,,,,tma051000,tariq ali,Biomedical Circuits and Instrumentation Laboratory 
BMEN,3120,104,4,1,,4,,1,2,,,,,,2,1,,,0,"Ali, Tariq M",,,,,,tma051000,tariq ali,Biomedical Circuits and Instrumentation Laboratory 
BMEN,3120,105,1,9,2,2,,,2,,,,,,,,1,,0,"Ali, Tariq M",,,,,,tma051000,tariq ali,Biomedical Circuits and Instrumentation Laboratory 
BMEN,3130,101,9,4,2,2,1,3,1,,,,,,,,,,1,"Porter, Benjamin A","Ramirez, Lucero",,,,,bap061000,benjamin porter,Engineering Physiology Laboratory 
BMEN,3130,102,4,1,3,4,,,1,,,,,,2,,,,0,"Porter, Benjamin A","Ramirez, Lucero",,,,,bap061000,benjamin porter,Engineering Physiology Laboratory 
BMEN,3150,101,2,4,4,2,1,1,,1,,,,,1,1,,,3,"Winter, Patrick M","Amarneh, Bushra B",,,,,pxw151030,patrick winter,Biomedical Engineering Laboratory 
BMEN,3315,001,,6,,,3,,1,4,,,1,,,5,1,,0,"Schmidtke, David W","Alexander, Ritzia V",,,,,dws140430,david schmidtke,Thermodynamics and Physical Chemistry in Biomedical Engineering 
BMEN,3315,501,3,17,5,3,13,1,,1,1,,,,1,3,,,1,"Cogan, Stuart","Alexander, Ritzia V",,,,,sxc149830,stuart cogan,Thermodynamics and Physical Chemistry in Biomedical Engineering 
BMEN,3320,001,1,,3,,5,2,,1,5,1,1,2,3,5,4,,1,"Winter, Patrick M","Kashef, Sina",,,,,pxw151030,patrick winter,Electrical and Electronic Circuits in Biomedical Engineering 
BMEN,3320,002,3,5,9,3,5,4,1,1,,,,,,12,5,,1,"Winter, Patrick M","Kashef, Sina",,,,,pxw151030,patrick winter,Electrical and Electronic Circuits in Biomedical Engineering 
BMEN,3325,001,10,7,3,1,2,,,,,,,,,,,,0,"Meyer, Clark A",,,,,,cam140130,clark meyer,Advanced Computational Tools for Biomedical Engineering 
BMEN,3325,501,4,5,3,2,,,,,,,,,,,,,0,"Meyer, Clark A",,,,,,cam140130,clark meyer,Advanced Computational Tools for Biomedical Engineering 
BMEN,3330,001,5,10,4,8,7,3,2,1,2,,1,,,1,2,,2,"Sirsi, Shashank R","Ramirez, Lucero",,,,,srs151630,shashank sirsi,Engineering Physiology of the Human Body 
BMEN,3350,001,4,,4,6,3,2,,,,,,,3,2,,,2,"Ali, Tariq M","Kian Pour, Bahareh",,,,,tma051000,tariq ali,Biomedical Component and System Design 
BMEN,3380,001,2,5,9,4,6,5,3,1,,,,2,1,6,,,1,"Winter, Patrick M","Chokhachian, Sepideh",,,,,pxw151030,patrick winter,Medical Imaging Systems and Methods 
BMEN,3399,001,8,11,2,11,4,4,3,,,2,,,2,12,5,,4,"Varner, Victor","Chakraborty, Somdutta",,,,,vxv162230,victor varner,Introductory Biomechanics 
BMEN,3402,001,17,13,5,2,6,3,1,1,8,1,,1,,6,2,,2,"Ardestani Khoubrouy, Soudeh","Dolui, Swapnil",,,,,sxa074200,soudeh khoubrouy,Signals and Systems for Biomedical Engineering 
BMEN,4110,101,2,4,,2,3,1,,,1,,,,1,,1,,0,"Ardestani Khoubrouy, Soudeh","Zobayed, Irfan",,,,,sxa074200,soudeh khoubrouy,Biomedical Feedback Systems Laboratory 
BMEN,4110,102,5,1,1,,,,1,,1,,1,1,1,1,,,1,"Ardestani Khoubrouy, Soudeh","Zobayed, Irfan",,,,,sxa074200,soudeh khoubrouy,Biomedical Feedback Systems Laboratory 
BMEN,4110,103,3,3,2,3,4,1,,,,,,1,,2,,,3,"Ding, Yichen","Zobayed, Irfan",,,,,yxd200010,yichen ding,Biomedical Feedback Systems Laboratory 
BMEN,4110,104,2,3,2,2,5,1,2,,,,,,2,2,1,,0,"Ding, Yichen","Zobayed, Irfan",,,,,yxd200010,yichen ding,Biomedical Feedback Systems Laboratory 
BMEN,4310,001,,23,21,14,8,1,,1,1,,,,3,,,,2,"Bleris, Leonidas","Kang, Taek",,,,,lxb092000,leonidas bleris,Feedback Systems in Biomedical Engineering 
BMEN,4355,001,3,5,2,,1,,,1,,,,,,,,,0,"Meyer, Clark A",,,,,,cam140130,clark meyer,Finite Element Analysis in Biomedical Engineering 
BMEN,4360,001,,19,9,10,8,5,,2,,,1,,,,,,0,"Obaid, Girgis","Pathour, Teja R",,,,,gxo190002,girgis obaid,Biomaterials and Medical Devices 
BMEN,4370,001,5,4,3,1,1,1,1,2,,,,,,,,,0,"Fei, Baowei","Chokhachian, Sepideh",,,,,bxf180002,,Biomedical Image Processing 
BMEN,4388,001,1,12,10,2,2,,,,,,,,,5,,,0,"Polk, Todd W","Subramanian, Divya",,,,,twp017000,todd polk,Senior Design Project I 
BMEN,4388,002,,16,8,5,2,1,,,,,,,,1,,,0,"Polk, Todd W","Subramanian, Divya",,,,,twp017000,todd polk,Senior Design Project I 
BMEN,4388,003,,1,7,1,,,,,,,,,,2,,,0,"Polk, Todd W","Subramanian, Divya",,,,,twp017000,todd polk,Senior Design Project I 
BMEN,4389,001,1,12,9,5,5,1,1,1,,,,,,2,,,0,"Polk, Todd W","Subramanian, Divya",,,,,twp017000,todd polk,Senior Design Project II 
BMEN,4V95,001,15,14,,,3,1,,,,,,,,,,,0,"Jones, Caroline",,,,,,cxj200007,caroline jones,Undergraduate Topics in Biomedical Engineering 
BMEN,6330,501,,20,1,1,,,1,,,,,,,,,,0,"Porter, Benjamin A",,,,,,bap061000,benjamin porter,Introduction to Medical Device Development 
BMEN,6355,001,,22,13,1,1,,,,,,,,,,,1,0,"Prasad, Shalini",,,,,,sxp118230,shalini prasad,Nanotechnology and Sensors 
BMEN,6365,001,,15,,,4,,,,,,,,1,,,1,1,"Hoyt, Kenneth L",,,,,,klh150530,kenneth hoyt,Biomedical Image Processing 
BMEN,6372,001,,15,,,1,,,,,,,,,,,,1,"Spong, Mark W","Chavez, Maegan L",,,,,mws081000,mark spong,Engineering Systems  Modeling and Simulation 
BMEN,6373,001,,5,5,1,,,,1,,,,,,,,,1,"Bian, Fang",,,,,,fxb180003,,Physiology and Immunology for Engineers 
BMEN,6374,001,,2,1,2,4,,,,,,,,,,,,3,"Levene, Stephen",,,,,,sdlevene,stephen levene,Genes  Proteins and Cell Biology for Engineers 
BMEN,6378,001,,9,3,,1,,,,,,,,,,,,0,"Hayenga, Heather N",,,,,,hnh130330,heather hayenga,Mechanobiology for Engineers 
BMEN,6394,001,,2,1,1,2,1,,,,,,,2,,,2,0,"Winter, Patrick M",,,,,,pxw151030,patrick winter,Medical Imaging Techniques and Image Processing 
BMEN,6395,001,,8,,,1,,,,,,,,,,,,1,"Hays, Seth A",,,,,,sxh129730,seth hays,Advanced Topics in Neuroscience for Engineers 
BMEN,7188,001,,15,4,,1,,,1,,,,,,,,1,0,"Prasad, Shalini","Willis, Betsy",,,,,sxp118230,shalini prasad,Advanced Seminars in Biomedical Engineering 
BMEN,7340,001,,9,1,3,3,1,,1,,,,,,,,,2,"Bian, Fang",,,,,,fxb180003,,Experimental Methods and Statistical Analysis 
BMEN,8188,001,,5,7,5,1,,,,,,,,,,,,0,"Prasad, Shalini","Willis, Betsy",,,,,sxp118230,shalini prasad,Advanced Seminars in Biomedical Engineering III 
BPS,4305,001,1,3,3,1,5,2,2,3,3,1,1,,1,2,,,1,"Chasteen, Larry H","Balaji, Pavithra",,,,,chasteen,larry chasteen,Strategic Management 
BPS,4305,002,,5,1,,7,3,1,3,2,1,,,,,,,0,"Chasteen, Larry H","Balaji, Pavithra",,,,,chasteen,larry chasteen,Strategic Management 
BPS,4305,004,31,7,6,2,1,2,,1,1,,,1,2,3,,,1,"Carraher, Shawn M",,,,,,smc130730,shawn carraher,Strategic Management 
BPS,4305,005,32,9,2,2,1,2,,1,,,2,1,1,1,1,,2,"Carraher, Shawn M",,,,,,smc130730,shawn carraher,Strategic Management 
BPS,4305,006,5,9,11,6,2,7,1,1,2,,,,,1,,,0,"Kim, Dong Shin",,,,,,dxk152130,dong kim,Strategic Management 
BPS,4305,007,4,12,13,4,2,2,1,,,,,,,1,,,0,"Xia, Jun","Shen, Jia",,,,,jxx132030,jun xia,Strategic Management 
BPS,4305,0W1,1,3,3,6,8,4,4,3,1,1,,,1,,,,1,"Chasteen, Larry H","Balaji, Pavithra",,,,,chasteen,larry chasteen,Strategic Management 
BPS,4395,001,,13,6,,,,,,,,,,,,,,0,"Henderson, Tom",,,,,,txh093000,tom henderson,Capstone Senior Project - Business 
BPS,6254,XS1,,10,1,6,9,,,,,,,,,,,7,0,"Strickland, Warren",,,,,,,warren strickland,
BPS,6256,XS1,,4,13,4,4,3,,,,,,,,,,5,0,"Solomon, Lawrence N",,,,,,,lawrence solomon,
BPS,6310,0W1,,22,9,9,8,,1,,,,,,1,,,4,1,"Chasteen, Larry H","Balaji, Pavithra",,,,,chasteen,larry chasteen,Strategic Management 
BPS,6310,MBC,,24,,,12,,,,,,,,1,,,12,0,"Dess, Gregory","Liu, Yu",,,,,ggd021000,gregory dess,
BPS,6310,PS1,,8,3,6,6,1,1,,,,,,,,,2,0,"Chasteen, Larry H",,,,,,chasteen,larry chasteen,
BPS,6310,XS1,,13,4,,11,,,,,,,,,,,5,0,"Peng, Mike","Kathuria, Nishant",,,,,mxp059000,mike peng,
BUAN,6312,001,,7,5,7,7,2,1,,,,,,1,,,9,1,"Blueshtein, Moran","Hamzeh, Alireza",,,,,mxb135230,moran blueshtein,Applied Econometrics and Time Series Analysis 
BUAN,6312,002,,27,10,8,2,,,,,,,,,,,13,0,"Zentner, Alejandro","Zhao, Yabo",,,,,axz051000,alejandro zentner,Applied Econometrics and Time Series Analysis 
BUAN,6312,003,,3,2,3,1,,1,,,,,,,,,10,0,"Blueshtein, Moran","Hamzeh, Alireza",,,,,mxb135230,moran blueshtein,Applied Econometrics and Time Series Analysis 
BUAN,6312,0W1,,3,3,4,,,,,,,,,1,,,1,0,"Blueshtein, Moran","Hamzeh, Alireza",,,,,mxb135230,moran blueshtein,Applied Econometrics and Time Series Analysis 
BUAN,6312,501,,32,15,3,2,,,,,,,,,,,3,0,"Zentner, Alejandro","Zhao, Yabo",,,,,axz051000,alejandro zentner,Applied Econometrics and Time Series Analysis 
BUAN,6320,001,,46,5,3,3,,,,,,,,,,,2,1,"Narayan, Ravishankar L","Kapoor, Ishita",,,,,rln130030,ravishankar narayan,Database Foundations for Business Analytics 
BUAN,6320,003,,7,5,5,1,,,,,,,,,,,6,0,"Cavusoglu, Huseyin","Jethwani, Pallavi",,,,,huseyin,huseyin cavusoglu,Database Foundations for Business Analytics 
BUAN,6320,0W2,,22,7,6,8,,,,,,,,1,,,6,0,"Ryu, Young","Jain, Shinny",,,,,ryoung,young ryu,Database Foundations for Business Analytics 
BUAN,6320,501,,30,3,3,,,,,,,,,,,,,0,"Narayan, Ravishankar L","Kapoor, Ishita",,,,,rln130030,ravishankar narayan,Database Foundations for Business Analytics 
BUAN,6320,SW1,,30,7,3,,,,,,,,,,,,,3,"Narayan, Ravishankar L","Kapoor, Ishita",,,,,rln130030,ravishankar narayan,
BUAN,6335,501,,25,6,5,1,,,,,,,,,,,2,0,"Narayan, Ravishankar L","Kapoor, Ishita",,,,,rln130030,ravishankar narayan,Organizing for Business Analytics Platforms 
BUAN,6337,001,,12,14,5,2,,,,,,,,,,,21,0,"Kim, Tongil","Alavi, Seyyedeh Soogand","Lim, Taewook",,,,txk200012,,Predictive Analytics Using SAS 
BUAN,6337,002,,11,18,10,3,3,,,,,,,,,,2,0,"Kim, Tongil","Alavi, Seyyedeh Soogand","Lim, Taewook",,,,txk200012,,Predictive Analytics Using SAS 
BUAN,6337,0W1,,17,11,4,2,,,,,,,,,,,3,1,"Subramanian, Upender","Alavi, Seyyedeh Soogand",,,,,uxs092000,upender subramanian,Predictive Analytics Using SAS 
BUAN,6337,SS1,,4,4,2,3,,,,,,,,,,,6,1,"Murthi, B P",,,,,,murthi,b murthi,
BUAN,6340,003,,19,7,5,2,,,,,,,,,,,3,0,"Zhang, Yingjie","Bhatt, Jairaj",,,,,yxz180067,yingjie zhang,Programming for Data Science 
BUAN,6340,502,,13,10,7,4,,,,,,,,,,,1,1,"Zhang, Yingjie","Bhatt, Jairaj",,,,,yxz180067,yingjie zhang,Programming for Data Science 
BUAN,6341,001,,17,9,6,,,,,,,,,,,,1,0,"Sohaee, Nassim","Ravishankar, Aadith Narayan",,,,,nxs045000,nassim sohaee,Applied Machine Learning 
BUAN,6341,002,,15,13,8,1,,,,,,,,,,,6,0,"Sohaee, Nassim","Ravishankar, Aadith Narayan",,,,,nxs045000,nassim sohaee,Applied Machine Learning 
BUAN,6341,0W1,,6,11,10,3,2,,,,,,,,,,3,0,"Sohaee, Nassim","Ravishankar, Aadith Narayan",,,,,nxs045000,nassim sohaee,Applied Machine Learning 
BUAN,6341,501,,5,6,4,,,,,,,,,,,,2,1,"Sabir, Muhammad F","Sharma, Ishan",,,,,mfs170430,muhammad sabir,Applied Machine Learning 
BUAN,6341,SS1,,3,1,3,1,,,,,,,,,,,2,0,"Singh, Harpreet","Jain, Shinny",,,,,hxs104000,harpreet singh,
BUAN,6342,001,,13,9,12,2,1,,,,,,,,,,16,0,"Singh, Harpreet","Jain, Shinny",,,,,hxs104000,harpreet singh,Applied Natural Language Processing 
BUAN,6346,001,,2,7,1,1,,,,,,,,,,,4,0,"Bradbury, Judd D","Jethwani, Pallavi","Rathore, Khushboo",,,,jdb101000,judd bradbury,Big Data 
BUAN,6346,002,,30,,,,,,,,,,,,,,,0,"Elkhodari, Gasan","Sharma, Ishan",,,,,gxe051000,gasan elkhodari,Big Data 
BUAN,6346,0W1,,22,3,2,2,,,,,,,,,,,1,1,"Perez, Jerry","Kulkarni, Aniket S",,,,,jxp180019,jerry perez,Big Data 
BUAN,6346,501,,33,,,,,,,,,,,,,,,0,"Elkhodari, Gasan","Sharma, Ishan",,,,,gxe051000,gasan elkhodari,Big Data 
BUAN,6347,501,,30,1,,,,,,,,,,,,,,0,"Perez, Jerry","Kulkarni, Aniket S",,,,,jxp180019,jerry perez,Advanced Big Data Analytics 
BUAN,6356,001,,21,6,2,,,,,,,,,,,,1,0,"Zhang, Zhe","Thakare, Anvay",,,,,zxz145430,,Business Analytics With R 
BUAN,6356,002,,4,7,7,2,,,,,,,,1,,,8,0,"Chatterjee, Sourav","Daniyal, Muhammad",,,,,sxc180075,sourav chatterjee,Business Analytics With R 
BUAN,6356,003,,8,9,2,2,,,,,,,,,,,,0,"Zhang, Zhe","Thakare, Anvay",,,,,zxz145430,,Business Analytics With R 
BUAN,6356,501,,2,7,3,3,,,,,,,,1,,,3,1,"Parker, Jason A","Kumar, Himanshu",,,,,jap090020,jason parker,Business Analytics With R 
BUAN,6356,502,,,7,5,2,,,,,,,,1,,,5,0,"Chatterjee, Sourav","Daniyal, Muhammad",,,,,sxc180075,sourav chatterjee,Business Analytics With R 
BUAN,6356,SS1,,2,6,3,3,,,,,,,,,,,2,1,"Parker, Jason A","Kumar, Himanshu",,,,,jap090020,jason parker,
BUAN,6356,SW1,,2,4,1,3,1,,1,,,,,,,,6,1,"Parker, Jason A","Kumar, Himanshu",,,,,jap090020,jason parker,
BUAN,6357,001,,25,5,,,,,,,,,,,,,1,1,"Johnston, Walter L",,,,,,wlj031000,walter johnston,Advanced Business Analytics with R 
BUAN,6357,002,,3,6,1,3,1,,,,,,,,,,2,1,"Chatterjee, Sourav","Daniyal, Muhammad",,,,,sxc180075,sourav chatterjee,Advanced Business Analytics with R 
BUAN,6357,003,,4,4,3,,1,,,,,,,,,,2,1,"Chatterjee, Sourav","Daniyal, Muhammad",,,,,sxc180075,sourav chatterjee,Advanced Business Analytics with R 
BUAN,6359,002,,6,4,2,2,,1,,,,,,,,,13,4,"Ramezani, Rasoul","Rasulov, Toghrul",,,,,rxr145930,rasoul ramezani,Advanced Statistics for Data Science 
BUAN,6359,502,,10,6,5,2,2,,,,,,,1,,,8,1,"Brussolo, Monica E","Vu, Duc D",,,,,meb049000,monica brussolo,Advanced Statistics for Data Science 
BUAN,6359,503,,6,3,2,1,3,2,,,,,,,,,12,0,"Ramezani, Rasoul","Rasulov, Toghrul",,,,,rxr145930,rasoul ramezani,Advanced Statistics for Data Science 
BUAN,6392,001,,9,16,5,1,,,,,,,,,,,12,0,"Mehra, Amit","Kadam, Shraddha Hemant",,,,,axm078200,amit mehra,Causal Analytics and A B Testing 
BUAN,6398,002,,5,2,2,,1,,2,,,,,,,,1,1,"Ramezani, Rasoul","Rasulov, Toghrul",,,,,rxr145930,rasoul ramezani,Prescriptive Analytics 
BUAN,6398,003,,29,,1,6,,,,,,,,,,,14,0,"Alimirzaei, Athena","Armaghan, Milad",,,,,axa134231,athena alimirzaei,Prescriptive Analytics 
BUAN,6398,0W1,,13,3,7,5,,,,,,,,1,,,3,2,"Sethi, Awanti","Kuppagoundanpalayam Nallasivam, Vikram",,,,,asethi,awanti sethi,Prescriptive Analytics 
BUAN,6398,501,,27,4,4,2,1,,,,,,,,,,14,0,"Alimirzaei, Athena","Armaghan, Milad",,,,,axa134231,athena alimirzaei,Prescriptive Analytics 
BUAN,6V99,001,,12,1,3,,3,,,,,,,,,,8,0,"Singh, Harpreet","Jain, Shinny",,,,,hxs104000,harpreet singh,Special Topics in Business Analytics 
CE,1100,001,,2,3,2,4,1,,,,,,1,5,,,,0,"Florence, James M","Pawaskar, Vaibhav Uttam","Goswami, Pingakshya","Xiong, Jiu","Luo, Ziyang",,jmf130530,james florence,Introduction to Electrical and Computer Engineering 
CE,1100,002,,4,,1,,,,1,,1,1,,4,,,,3,"Florence, James M","Goswami, Pingakshya","Pawaskar, Vaibhav Uttam","Xiong, Jiu","Luo, Ziyang",,jmf130530,james florence,Introduction to Electrical and Computer Engineering 
CE,1100,003,,12,9,,3,,1,,,,,,1,,,,2,"Florence, James M","Pawaskar, Vaibhav Uttam","Goswami, Pingakshya","Xiong, Jiu","Luo, Ziyang",,jmf130530,james florence,Introduction to Electrical and Computer Engineering 
CE,1202,001,2,5,3,3,5,1,2,5,3,,2,,9,7,1,,5,"Cogan, Diana L",,,,,,dcc095020,diana cogan,Introduction to Electrical Engineering II 
CE,2305,003,1,3,1,1,,,,,,,,,,4,,,1,"Willson, James K",,,,,,jkw053000,james willson,Discrete Mathematics for Computing I 
CE,2305,004,,4,3,3,1,2,,,,,,1,,,,,0,"Erbatur, Serdar",,,,,,sxe190003,serdar erbatur,Discrete Mathematics for Computing I 
CE,2305,501,,,2,,3,2,,1,,,,1,,1,1,,2,"Willson, James K",,,,,,jkw053000,james willson,Discrete Mathematics for Computing I 
CE,2305,503,1,12,2,1,3,,,,,,,,,,,,0,"Farage, Timothy P",,,,,,tfarage,timothy farage,Discrete Mathematics for Computing I 
CE,2310,302,,1,1,,,1,1,1,1,,,,1,2,2,,2,"Cogan, Diana L","Wang, Yifan","Pawaskar, Vaibhav Uttam","Munia, Munawara Saiyara","Gao, Tianning","Zeng, Xiaoming",dcc095020,diana cogan,Introduction to Digital Systems 
CE,2310,304,1,1,2,5,,1,,,,,,,1,2,1,,1,"Cogan, Diana L","Wang, Yifan","Pawaskar, Vaibhav Uttam","Munia, Munawara Saiyara","Gao, Tianning","Zeng, Xiaoming",dcc095020,diana cogan,Introduction to Digital Systems 
CE,2310,305,,,4,1,1,2,,,2,,2,,1,1,1,,1,"Cogan, Diana L","Wang, Yifan","Pawaskar, Vaibhav Uttam","Munia, Munawara Saiyara","Gao, Tianning","Zeng, Xiaoming",dcc095020,diana cogan,Introduction to Digital Systems 
CE,2336,001,2,1,1,,,1,1,1,,1,,,,2,,,0,"Feng, Ranran",,,,,,rxf090020,ranran feng,Computer Science II 
CE,2336,501,1,3,1,2,1,,,,,,,,,,,,2,"Khan, Ziaullah",,,,,,kkhan,ziaullah khan,Computer Science II 
CE,2336,504,,5,,,3,1,,1,,,1,,,,,,0,"Cole, John",,,,,,jxc064000,john cole,Computer Science II 
CE,3161,051,3,4,3,,,,,1,,,,,,,,,0,"Mezenner, Rabah",,,,,,rxm129730,rabah mezenner,Social Issues and Ethics in Engineering 
CE,3201,001,3,13,4,2,1,,,,,,3,,,1,2,,3,"Nikoubin, Tooraj","Steele, Alec M","Sheikhlari, Sepehr","Meng, Xingyu","Taherkhani, Nima",,txn190011,tooraj nikoubin,Electrical and Computer Engineering Fundamentals-I Laboratory 
CE,3201,002,3,12,3,3,3,,,1,,,1,,,,,,1,"Nikoubin, Tooraj","Steele, Alec M","Sheikhlari, Sepehr","Meng, Xingyu","Taherkhani, Nima",,txn190011,tooraj nikoubin,Electrical and Computer Engineering Fundamentals-I Laboratory 
CE,3301,002,,2,,1,,3,2,,,,,,1,3,3,,0,"Fahimi, Babak","Farhadi, Masoud",,,,,bxf102000,babak fahimi,Electrical Network Analysis 
CE,3301,003,,4,,3,2,2,,2,1,,,,1,4,,,0,"Friedman, Joseph S","Hu, Xuan",,,,,jsf160330,joseph friedman,Electrical Network Analysis 
CE,3310,001,1,2,1,,4,1,,,,,1,,1,,,,0,"Lee, Jeong-Bong","Mitra, Arkadeep","Liu, Jinbo",,,,jblee,jeong bong lee,Electronic Devices 
CE,3310,002,2,9,8,6,2,3,3,2,3,,,,1,10,1,,2,"Lee, Jeong-Bong",,,,,,jblee,jeong bong lee,Electronic Devices 
CE,3311,001,3,8,5,2,1,,2,,1,,,,,2,,,0,"Pourkamali, Siavash","Palit, Prithviraj",,,,,sxp124631,siavash pourkamali,Electronic Circuits 
CE,3311,501,1,1,2,1,1,2,2,1,,1,,,,2,1,,0,"Pourkamali, Siavash","Cheng, Qi",,,,,sxp124631,siavash pourkamali,Electronic Circuits 
CE,3320,001,,2,,3,7,2,,1,,,,,1,1,,,3,"Bhatia, Dinesh","Goswami, Pingakshya",,,,,dinesh,dinesh bhatia,Digital Circuits 
CE,3320,002,2,4,2,5,1,3,1,,1,,,,1,3,,,0,"Basu, Kanad","Kuruvila, Abraham P",,,,,kxb190012,kanad basu,Digital Circuits 
CE,3320,502,,4,1,1,2,,1,,,,1,,,1,,,0,"Nikoubin, Tooraj","Huang, Qiongdan",,,,,txn190011,tooraj nikoubin,Digital Circuits 
CE,3345,002,1,,4,1,1,,,,,1,,,1,3,,,1,"Ozbirn, Greg A",,,,,,ozbirn,greg ozbirn,Data Structures and Introduction to Algorithmic Analysis 
CE,3345,006,,,2,1,,3,,,1,1,,2,,1,,,2,"Alagar, Sridhar",,,,,,sxa173731,sridhar alagar,Data Structures and Introduction to Algorithmic Analysis 
CE,3354,006,2,2,2,1,1,2,1,2,2,,,,,2,,,1,"Oladimeji, Ebenezer A","Li, Shuo",,,,,eao015100,ebenezer oladimeji,Software Engineering 
CE,3354,0W1,,4,3,2,,,,,,,1,,,,,,0,"Solanki, Nidhiben M","Peddi, Rohith",,,,,nxs121130,nidhiben solanki,Software Engineering 
CE,3354,501,2,,4,1,2,,,1,,,,,,,,,0,"Paulk, Mark C","Chen, Lingchao","Tian, Zijing",,,,mcp130030,mark paulk,Software Engineering 
CE,4201,301,,12,,,,,,,,,,,,,,,0,"Tamil, Lakshman",,,,,,laxman,lakshman tamil,Electrical and Computer Engineering Laboratory in Computing Systems and Computer Engineering 
CE,4201,303,,18,,,,,,,,,,,,,,,0,"Tamil, Lakshman",,,,,,laxman,lakshman tamil,Electrical and Computer Engineering Laboratory in Computing Systems and Computer Engineering 
CE,4304,001,2,7,6,2,4,6,1,,,,,,1,,,,1,"Makris, Georgios","Tellakula, Suraag S",,,,,gxm112130,yiorgos makris,Computer Architecture 
CE,4304,501,6,9,,4,2,,1,1,,,,,,1,,,0,"Hu, Yang","Wang, Jianda",,,,,yxh177430,yang hu,Computer Architecture 
CE,4337,501,4,2,2,,4,1,1,,,,,,,1,,,0,"Karami, Gity","Mohammadpour, Somayeh",,,,,gxk180009,gity karami,Organization of Programming Languages 
CE,4348,501,,23,,,7,,,,,,,,2,2,3,,2,"Goodrum, Richard A",,,,,,rag150330,richard goodrum,Operating Systems Concepts 
CE,4370,001,11,12,,,,,,,,,,,,1,,,1,"Swartz, William P","Akbarzadeh, Sara","Raghavendra, Shruthi",,,,wps100020,william swartz,Embedded Systems 
CE,4388,001,1,15,3,1,2,,,,,,,,,,,,0,"Tacca, Marco",,,,,,mtacca,marco tacca,Senior Design Project I 
CE,4388,002,,14,5,1,,,,,,,,,,,,,0,"Tacca, Marco",,,,,,mtacca,marco tacca,Senior Design Project I 
CE,4388,003,,7,1,2,,,,,,,,,,,,,0,"Skinner, Neal G",,,,,,skinner,neal skinner,Senior Design Project I 
CE,4389,001,,14,,,,,,,,,,,,,,,0,"Tacca, Marco",,,,,,mtacca,marco tacca,Senior Design Project II 
CE,4390,001,,,3,3,2,4,,1,,,,,1,3,,,0,"Nguyen, Nhut","Mai, Kelvin K","Wang, Chengen",,,,nhutnn,nhut nguyen,Computer Networks 
CE,4390,002,,6,1,2,1,,,,,,,,,,,,0,"Farago, Andras","Patel, Dhruvkumar R",,,,,farago,andras farago,Computer Networks 
CE,4390,501,1,,3,2,1,,1,,,,,,1,4,1,,1,"Le, Khiem V","Samiei, Aliehsan",,,,,kvl140030,khiem le,Computer Networks 
CE,4390,502,1,6,3,1,1,,,,,,,,1,2,,,0,"Solanki, Nidhiben M","Wang, Chengen","Patel, Dhruvkumar R",,,,nxs121130,nidhiben solanki,Computer Networks 
CE,6301,001,,11,,,,1,,,,,,,1,,,,0,"Swartz, William P","Tellakula, Suraag S",,,,,wps100020,william swartz,Advanced Digital Logic 
CE,6303,001,,1,4,3,,,1,,,,,,,,,2,0,"Nourani, Mehrdad","Sears, Mark R",,,,,nourani,mehrdad nourani,Testing and Testable Design 
CE,6304,001,,2,6,4,1,2,,,,,,,,,,,0,"Carrion Schaefer, Benjamin",,,,,,bxc162630,benjamin carrion schaefer,Computer Architecture 
CE,6306,001,,8,4,1,,,,,,,,,,,,1,0,"Zhou, Dian","Wang, Yifan",,,,,zhoud,dian zhou,Application Specific Integrated Circuits Design 
CE,6325,002,,1,3,2,3,2,,,,,,,,,,,0,"Sechen, Carl","Salimath, Vibhav Kumarswami",,,,,cms057000,carl sechen,VLSI Design 
CGS,2301,001,15,32,6,13,15,1,,6,,,1,,1,5,1,,4,"O'Toole, Alice J","Skolasinska, Paulina A",,,,,otoole,alice otoole,Cognitive Science 
CGS,3361,001,6,,,2,1,,,,,,1,,,1,,,0,"Roark, Dana A","Winter-Nelson, Ezra",,,,,danar,dana roark,Cognitive Psychology 
CHEM,1111,101,7,5,6,2,3,1,,,,,,,2,1,1,,2,"Qin, Yanping","Douglas, Teri A",,,,,yxq083000,yanping qin,General Chemistry Laboratory I 
CHEM,1111,102,6,4,4,2,3,1,1,,,,,1,,2,,,5,"Qin, Yanping","Douglas, Teri A",,,,,yxq083000,yanping qin,General Chemistry Laboratory I 
CHEM,1111,103,16,4,5,1,,,,,,,,1,1,,1,,0,"Abeykoon, Nimali C","Rifat, Samia",,,,,nxa124430,nimali abeykoon,General Chemistry Laboratory I 
CHEM,1111,104,14,4,2,1,,1,1,,,1,1,,1,,,,4,"Panangala, Samitha D","Kassees, Kara J",,,,,sdp140230,samitha panangala,General Chemistry Laboratory I 
CHEM,1111,105,8,9,4,1,1,,,,,1,,,2,,,,3,"Panangala, Samitha D","Kassees, Kara J",,,,,sdp140230,samitha panangala,General Chemistry Laboratory I 
CHEM,1111,106,12,7,3,3,1,,3,,,,,,,,,,1,"Gavva, Sandhya R","Phelps, Shelby M",,,,,sgavva,sandhya gavva,General Chemistry Laboratory I 
CHEM,1111,107,13,5,1,,3,1,,,,,,1,2,1,,,1,"Anka, Fadwa H","Kassees, Kara J",,,,,fha041000,fadwa anka,General Chemistry Laboratory I 
CHEM,1111,108,10,8,5,1,2,1,1,,,,,1,1,,,,0,"Anka, Fadwa H","Kassees, Kara J",,,,,fha041000,fadwa anka,General Chemistry Laboratory I 
CHEM,1111,109,12,7,,4,2,,,,1,1,,,2,,,,1,"Gavva, Sandhya R","Parsamian, Perouza",,,,,sgavva,sandhya gavva,General Chemistry Laboratory I 
CHEM,1111,110,10,7,3,3,1,1,,1,,,,,1,2,,,1,"Gavva, Sandhya R","Parsamian, Perouza",,,,,sgavva,sandhya gavva,General Chemistry Laboratory I 
CHEM,1111,111,5,6,7,1,2,1,,,1,,,1,2,1,,,3,"Abeykoon, Nimali C","Adams, Derik A",,,,,nxa124430,nimali abeykoon,General Chemistry Laboratory I 
CHEM,1111,112,2,6,4,,2,,2,3,,,,1,5,,,,5,"Abeykoon, Nimali C",,,,,,nxa124430,nimali abeykoon,General Chemistry Laboratory I 
CHEM,1111,113,14,8,1,1,,,1,,,,,,2,,1,,3,"Dissanayake, Dushanthi S","Shekarnoush, Mahsa",,,,,dxd122030,dushanthi dissanayake,General Chemistry Laboratory I 
CHEM,1111,115,18,3,4,,2,1,,,,,,,1,,1,,0,"Qin, Yanping","Beck, Erling","Ahrari, Samira",,,,yxq083000,yanping qin,General Chemistry Laboratory I 
CHEM,1111,116,20,4,2,,,1,,1,,,,,,,,,2,"Qin, Yanping","Beck, Erling","Ahrari, Samira",,,,yxq083000,yanping qin,General Chemistry Laboratory I 
CHEM,1111,117,15,8,1,,1,2,,1,,,,,,,,,2,"Huang, Yu","Chen, Chia Yuan",,,,,yxh091220,yu huang,General Chemistry Laboratory I 
CHEM,1111,118,10,16,1,,1,,1,,1,,,,,,,,0,"Huang, Yu","Chen, Chia Yuan",,,,,yxh091220,yu huang,General Chemistry Laboratory I 
CHEM,1111,119,20,2,3,1,,,1,,,,,,3,,,,0,"Abeykoon, Nimali C","Liyanaarachchi, Sureshee M",,,,,nxa124430,nimali abeykoon,General Chemistry Laboratory I 
CHEM,1111,120,15,2,4,,2,,1,,1,,,,1,,,,4,"Abeykoon, Nimali C","Liyanaarachchi, Sureshee M",,,,,nxa124430,nimali abeykoon,General Chemistry Laboratory I 
CHEM,1111,121,9,6,3,2,,2,1,,,,,,3,,1,,3,"Hashami, Zohreh","Mihranyan, Andranik",,,,,zxh088000,zohreh hashami,General Chemistry Laboratory I 
CHEM,1111,122,16,2,3,2,1,1,,,,,,,,1,1,,3,"Hashami, Zohreh","Mihranyan, Andranik",,,,,zxh088000,zohreh hashami,General Chemistry Laboratory I 
CHEM,1111,123,9,11,2,1,,,1,1,,,,,,,1,,3,"Anka, Fadwa H","Igie, Nosakhare F",,,,,fha041000,fadwa anka,General Chemistry Laboratory I 
CHEM,1111,124,6,11,,2,2,,2,1,,,,,1,,,,4,"Anka, Fadwa H","Igie, Nosakhare F",,,,,fha041000,fadwa anka,General Chemistry Laboratory I 
CHEM,1111,125,15,8,1,2,1,1,,,,,,,,,,,2,"Gavva, Sandhya R","Tripathi, Kiran",,,,,sgavva,sandhya gavva,General Chemistry Laboratory I 
CHEM,1111,126,17,8,,1,,3,,,,,,,,,,,1,"Gavva, Sandhya R","Tripathi, Kiran",,,,,sgavva,sandhya gavva,General Chemistry Laboratory I 
CHEM,1111,127,18,5,1,2,,,,,,,,,,,1,,3,"Sra, Amandeep K","Tripathi, Kiran",,,,,aks057000,amandeep sra,General Chemistry Laboratory I 
CHEM,1111,128,15,5,1,1,2,,2,,,,1,,1,,,,2,"Sra, Amandeep K","Tripathi, Kiran",,,,,aks057000,amandeep sra,General Chemistry Laboratory I 
CHEM,1111,129,16,6,3,,1,1,,,,,1,,,,1,,1,"Gunawardhana, Kahawatte Gedara","Igie, Nosakhare F",,,,,kxg141730,,General Chemistry Laboratory I 
CHEM,1111,130,9,6,1,3,1,1,1,1,1,,,,,1,2,,3,"Huang, Yu","Cook, Mariah A",,,,,yxh091220,yu huang,General Chemistry Laboratory I 
CHEM,1111,131,8,10,1,3,1,,,,,,,,,,2,,3,"Huang, Yu","Cook, Mariah A",,,,,yxh091220,yu huang,General Chemistry Laboratory I 
CHEM,1111,133,18,4,,,,2,,,,,,,4,,1,,1,"Qin, Yanping","Beck, Erling","Ahrari, Samira",,,,yxq083000,yanping qin,General Chemistry Laboratory I 
CHEM,1111,134,13,4,5,1,2,,,,1,,,,1,1,,,2,"Qin, Yanping","Beck, Erling","Ahrari, Samira",,,,yxq083000,yanping qin,General Chemistry Laboratory I 
CHEM,1111,135,9,13,3,2,1,,,,,,,,2,,,,0,"Dissanayake, Dushanthi S","Chen, Chia Yuan",,,,,dxd122030,dushanthi dissanayake,General Chemistry Laboratory I 
CHEM,1111,136,16,8,1,1,,,,,,,,,1,,,,2,"Qin, Yanping","Liyanaarachchi, Sureshee M","Ahrari, Samira",,,,yxq083000,yanping qin,General Chemistry Laboratory I 
CHEM,1111,137,20,4,1,2,1,,,,,,,,,,,,2,"Qin, Yanping","Liyanaarachchi, Sureshee M",,,,,yxq083000,yanping qin,General Chemistry Laboratory I 
CHEM,1111,138,18,2,2,,1,,1,1,,,,,3,1,,,1,"Abeykoon, Nimali C","Shekarnoush, Mahsa",,,,,nxa124430,nimali abeykoon,General Chemistry Laboratory I 
CHEM,1111,139,10,5,2,3,1,,,,,,,,4,3,,,1,"Dissanayake, Dushanthi S","Johnson, Rebecca M",,,,,dxd122030,dushanthi dissanayake,General Chemistry Laboratory I 
CHEM,1111,140,7,2,7,2,4,,1,,,,,,2,1,,,3,"Dissanayake, Dushanthi S","Johnson, Rebecca M",,,,,dxd122030,dushanthi dissanayake,General Chemistry Laboratory I 
CHEM,1111,141,9,7,3,3,1,1,1,,,,,,2,,,,3,"Gavva, Sandhya R",,,,,,sgavva,sandhya gavva,General Chemistry Laboratory I 
CHEM,1111,142,14,7,1,,1,2,,,,,,,2,,1,,2,"Gavva, Sandhya R","Mccleary, Corbin B",,,,,sgavva,sandhya gavva,General Chemistry Laboratory I 
CHEM,1111,143,11,5,4,1,,1,,,,,,,3,2,,,3,"Huang, Yu","Parsamian, Perouza",,,,,yxh091220,yu huang,General Chemistry Laboratory I 
CHEM,1111,144,4,6,3,,4,,,,1,,,,4,2,2,,4,"Huang, Yu","Parsamian, Perouza",,,,,yxh091220,yu huang,General Chemistry Laboratory I 
CHEM,1111,145,9,4,4,1,2,1,,1,,,,,,,2,,6,"Dissanayake, Dushanthi S","Polara, Himanshu S",,,,,dxd122030,dushanthi dissanayake,General Chemistry Laboratory I 
CHEM,1111,146,13,3,2,2,1,,,1,1,,,,1,,,,6,"Anka, Fadwa H","Polara, Himanshu S",,,,,fha041000,fadwa anka,General Chemistry Laboratory I 
CHEM,1111,601,5,2,2,6,2,,,1,,1,,,4,,,,7,"Taghavi Nasrabadi, Amir","Phelps, Shelby M",,,,,axt128930,,General Chemistry Laboratory I 
CHEM,1111,602,4,6,1,2,2,1,1,,,,1,,4,,,,3,"Taghavi Nasrabadi, Amir","Phelps, Shelby M",,,,,axt128930,,General Chemistry Laboratory I 
CHEM,1111,605,6,6,1,3,,2,,,,,,,4,,1,,2,"Taghavi Nasrabadi, Amir","Firouzi, Hamid Reza",,,,,axt128930,,General Chemistry Laboratory I 
CHEM,1111,607,10,5,1,,2,,,1,1,1,1,,,,,,1,"Taghavi Nasrabadi, Amir","Firouzi, Hamid Reza",,,,,axt128930,,General Chemistry Laboratory I 
CHEM,1111,609,3,2,2,3,1,,1,2,,,,,1,,1,,3,"Sisk, Joshua R","Firouzi, Hamid Reza",,,,,jrs106020,joshua sisk,General Chemistry Laboratory I 
CHEM,1111,610,5,5,1,2,1,1,,,,,,,2,,2,,2,"Sisk, Joshua R","Firouzi, Hamid Reza",,,,,jrs106020,joshua sisk,General Chemistry Laboratory I 
CHEM,1111,612,7,3,1,,2,,,1,,,,,3,,,,4,"Taghavi Nasrabadi, Amir","Chen, Chia Yuan","Shekarnoush, Mahsa",,,,axt128930,,General Chemistry Laboratory I 
CHEM,1111,615,3,,2,,3,1,,,,,,,,,,,3,"Gunawardhana, Kahawatte Gedara","Johnson, Rebecca M",,,,,kxg141730,,General Chemistry Laboratory I 
CHEM,1112,101,6,,1,2,,,,,2,,,,2,,,,1,"Gunawardhana, Kahawatte Gedara","Rifat, Samia",,,,,kxg141730,,General Chemistry Laboratory II 
CHEM,1112,102,6,5,4,3,1,1,1,,,,,3,,,2,,3,"Sra, Amandeep K","Douglas, Teri A",,,,,aks057000,amandeep sra,General Chemistry Laboratory II 
CHEM,1112,103,10,5,2,4,,2,,1,,,,,2,,2,,2,"Dissanayake, Dushanthi S","Polara, Himanshu S",,,,,dxd122030,dushanthi dissanayake,General Chemistry Laboratory II 
CHEM,1112,104,8,5,2,,4,,1,1,,2,,,2,,1,,2,"Dissanayake, Dushanthi S","Adams, Derik A",,,,,dxd122030,dushanthi dissanayake,General Chemistry Laboratory II 
CHEM,1112,105,15,4,,2,2,,1,,,,,,2,,,,3,"Sra, Amandeep K","Rifat, Samia",,,,,aks057000,amandeep sra,General Chemistry Laboratory II 
CHEM,1112,106,4,1,2,1,2,1,,3,,,,1,3,1,,,3,"Panangala, Samitha D","Mccleary, Corbin B",,,,,sdp140230,samitha panangala,General Chemistry Laboratory II 
CHEM,1112,601,5,8,4,3,2,2,,,,,,,4,,,,2,"Gunawardhana, Kahawatte Gedara","Mihranyan, Andranik",,,,,kxg141730,,General Chemistry Laboratory II 
CHEM,1112,602,7,4,4,1,1,1,,6,,,1,1,1,,,,3,"Dissanayake, Dushanthi S","Cook, Mariah A",,,,,dxd122030,dushanthi dissanayake,General Chemistry Laboratory II 
CHEM,1115,HN1,17,13,,,,,,,,,,,,,,,0,"Sibert, John W",,,,,,sibertj,john sibert,Honors Freshman Chemistry Laboratory I 
CHEM,1311,001,2,5,6,5,3,6,3,5,1,2,4,,11,6,2,,11,"Taylor, Stephanie M",,,,,,smt031000,stephanie taylor,General Chemistry I 
CHEM,1311,002,12,37,14,11,15,18,16,6,3,3,4,,6,29,9,,37,"Taylor, Stephanie M",,,,,,smt031000,stephanie taylor,General Chemistry I 
CHEM,1311,003,8,23,21,13,17,12,13,8,1,,4,,13,22,5,,26,"Sibert, John W",,,,,,sibertj,john sibert,General Chemistry I 
CHEM,1311,004,5,29,9,12,11,15,10,10,3,5,9,,12,29,10,,32,"Dieckmann, Gregg",,,,,,dieckgr,gregg dieckmann,General Chemistry I 
CHEM,1311,005,6,27,15,17,19,15,7,16,2,3,8,,16,26,7,,28,"Dieckmann, Gregg",,,,,,dieckgr,gregg dieckmann,General Chemistry I 
CHEM,1311,006,23,59,29,13,26,10,9,11,1,2,1,,8,23,8,,15,"Huang, Yu",,,,,,yxh091220,yu huang,General Chemistry I 
CHEM,1311,007,1,11,7,13,6,9,12,7,6,5,5,,13,24,6,,33,"Abeykoon, Nimali C",,,,,,nxa124430,nimali abeykoon,General Chemistry I 
CHEM,1311,008,4,29,19,22,17,23,11,14,3,3,6,,10,33,7,,34,"Hashami, Zohreh",,,,,,zxh088000,zohreh hashami,General Chemistry I 
CHEM,1312,001,22,27,21,22,19,22,13,18,16,6,9,6,17,9,15,,35,"Sra, Amandeep K","Nguyen, Trang",,,,,aks057000,amandeep sra,General Chemistry II 
CHEM,1315,HN1,8,11,4,1,2,,1,,,,,,,2,,,1,"Sibert, John W",,,,,,sibertj,john sibert,Honors Freshman Chemistry I 
CHEM,2123,101,19,8,2,,,,,,,,,,,,,,1,"Wijenayake, Sumudu N","Ma, Ziyuan",,,,,snw081000,sumudu wijenayake,Introductory Organic Chemistry Laboratory I 
CHEM,2123,102,15,6,3,,,1,,,,,,,,,,,4,"Wijenayake, Sumudu N","Ma, Ziyuan",,,,,snw081000,sumudu wijenayake,Introductory Organic Chemistry Laboratory I 
CHEM,2123,103,7,4,2,2,1,,,,,,,,,,,,3,"Panapitiya, Nimanka P","Ehrman, Ryanne N","Chowdhury, Muniruzzaman",,,,npp081000,nimanka panapitiya,Introductory Organic Chemistry Laboratory I 
CHEM,2123,104,5,15,2,3,,1,,,,,,,1,1,,,2,"Shah, Shailesh N","Brown, Monet R",,,,,sns170230,shailesh shah,Introductory Organic Chemistry Laboratory I 
CHEM,2123,105,8,12,4,3,1,,,1,,,,,,,,,0,"Shah, Shailesh N","Brown, Monet R",,,,,sns170230,shailesh shah,Introductory Organic Chemistry Laboratory I 
CHEM,2123,106,18,5,4,1,2,,,,,,,,,,,,0,"Shah, Shailesh N","Brown, Monet R",,,,,sns170230,shailesh shah,Introductory Organic Chemistry Laboratory I 
CHEM,2123,107,20,5,3,1,,1,,,,,,,,,,,0,"Shah, Shailesh N","Brand, Emily J",,,,,sns170230,shailesh shah,Introductory Organic Chemistry Laboratory I 
CHEM,2123,108,18,7,4,,1,,,,,,,,,,,,0,"Shah, Shailesh N","Brand, Emily J",,,,,sns170230,shailesh shah,Introductory Organic Chemistry Laboratory I 
CHEM,2123,109,16,8,3,1,1,,1,,,,,,,,,,0,"Shah, Shailesh N","Brand, Emily J",,,,,sns170230,shailesh shah,Introductory Organic Chemistry Laboratory I 
CHEM,2123,110,19,8,1,1,,,,,,,,,,,,,0,"Wijenayake, Sumudu N","Ehrman, Ryanne N",,,,,snw081000,sumudu wijenayake,Introductory Organic Chemistry Laboratory I 
CHEM,2123,111,19,5,2,,,1,1,,,1,,,,,,,0,"Wijenayake, Sumudu N","Ehrman, Ryanne N",,,,,snw081000,sumudu wijenayake,Introductory Organic Chemistry Laboratory I 
CHEM,2123,112,12,7,5,1,1,3,,,,,,,,,,,0,"Tran, Daniel N","Shah, Tejas V",,,,,dnt019000,daniel tran,Introductory Organic Chemistry Laboratory I 
CHEM,2123,113,10,12,3,1,1,1,,,,,,,,,,,2,"Shah, Shailesh N","Kikumoto Dias, Juliana",,,,,sns170230,shailesh shah,Introductory Organic Chemistry Laboratory I 
CHEM,2123,114,10,12,1,2,,1,,,,,,1,,,,,3,"Shah, Shailesh N","Kikumoto Dias, Juliana",,,,,sns170230,shailesh shah,Introductory Organic Chemistry Laboratory I 
CHEM,2123,115,21,4,4,,,,,,1,,,,,,,,0,"Wijenayake, Sumudu N","Chowdhury, Muniruzzaman",,,,,snw081000,sumudu wijenayake,Introductory Organic Chemistry Laboratory I 
CHEM,2123,116,18,5,1,1,,,,,,1,,,,,,,0,"Wijenayake, Sumudu N","Chowdhury, Muniruzzaman",,,,,snw081000,sumudu wijenayake,Introductory Organic Chemistry Laboratory I 
CHEM,2123,117,8,5,5,2,2,2,,,,,,,,,1,,3,"Panapitiya, Nimanka P","Chowdhury, Muniruzzaman",,,,,npp081000,nimanka panapitiya,Introductory Organic Chemistry Laboratory I 
CHEM,2123,118,11,12,2,,,1,,,,,,,1,,2,,1,"Shah, Shailesh N","Ma, Ziyuan",,,,,sns170230,shailesh shah,Introductory Organic Chemistry Laboratory I 
CHEM,2123,119,16,3,6,1,3,,1,,,,,,,,,,0,"Shah, Shailesh N","Kikumoto Dias, Juliana",,,,,sns170230,shailesh shah,Introductory Organic Chemistry Laboratory I 
CHEM,2123,120,22,3,,1,,,,1,,,,,1,,,,2,"Shah, Shailesh N","Howlett, Thomas S",,,,,sns170230,shailesh shah,Introductory Organic Chemistry Laboratory I 
CHEM,2123,121,21,4,3,,2,,,,,,,,,,,,0,"Shah, Shailesh N","Howlett, Thomas S",,,,,sns170230,shailesh shah,Introductory Organic Chemistry Laboratory I 
CHEM,2123,122,15,6,6,1,,,,,,,,,,2,,,0,"Tran, Daniel N","Howlett, Thomas S",,,,,dnt019000,daniel tran,Introductory Organic Chemistry Laboratory I 
CHEM,2123,123,22,7,,,1,,,,,,,,,,,,0,"Tran, Daniel N","Nguyen, Ngoc Han",,,,,dnt019000,daniel tran,Introductory Organic Chemistry Laboratory I 
CHEM,2123,124,9,10,1,4,1,3,1,1,,,,,,,,,0,"Jaggi, Neelam","Li, Baowen",,,,,nxj190013,,Introductory Organic Chemistry Laboratory I 
CHEM,2123,125,8,8,6,3,,,,,,,,,,,,,4,"Jaggi, Neelam","Li, Baowen",,,,,nxj190013,,Introductory Organic Chemistry Laboratory I 
CHEM,2123,126,5,9,3,2,3,,,1,,,,,,1,,,5,"Tran, Daniel N","Li, Baowen",,,,,dnt019000,daniel tran,Introductory Organic Chemistry Laboratory I 
CHEM,2123,127,8,8,4,,2,,,1,1,,,,,,,,3,"Tran, Daniel N","Nguyen, Ngoc Han",,,,,dnt019000,daniel tran,Introductory Organic Chemistry Laboratory I 
CHEM,2123,601,15,12,,,1,1,,,,,,,,,,,1,"Cortes, Sergio J","Haque, Syed Fahad Bin",,,,,scortes,sergio cortes,Introductory Organic Chemistry Laboratory I 
CHEM,2123,602,14,10,4,,1,1,,,,,,,,,,,0,"Cortes, Sergio J","Haque, Syed Fahad Bin",,,,,scortes,sergio cortes,Introductory Organic Chemistry Laboratory I 
CHEM,2123,603,16,9,1,2,1,,,,,,1,,,,,,0,"Jaggi, Neelam","Nguyen, Ngoc Han",,,,,nxj190013,,Introductory Organic Chemistry Laboratory I 
CHEM,2123,604,19,9,1,,1,,,,,,,,,,,,0,"Cortes, Sergio J","Shah, Tejas V",,,,,scortes,sergio cortes,Introductory Organic Chemistry Laboratory I 
CHEM,2123,605,17,8,1,1,,,,,,,,1,1,,,,1,"Cortes, Sergio J","Shah, Tejas V",,,,,scortes,sergio cortes,Introductory Organic Chemistry Laboratory I 
CHEM,2123,606,19,7,3,,,,1,,,,,,,,,,0,"Jaggi, Neelam","Haque, Syed Fahad Bin",,,,,nxj190013,,Introductory Organic Chemistry Laboratory I 
CHEM,2125,101,12,9,4,,,1,1,,,,,,,1,,,1,"Panangala, Samitha D","Bhadran, Abhi",,,,,sdp140230,samitha panangala,Introductory Organic Chemistry Laboratory II 
CHEM,2125,102,9,13,4,3,,,,1,,,,,,,,,0,"Gunawardhana, Kahawatte Gedara","Boardman, Samuel",,,,,kxg141730,,Introductory Organic Chemistry Laboratory II 
CHEM,2125,103,11,8,1,4,2,,2,,,,,,,,,,1,"Tran, Daniel N","Abbas, Muhammad",,,,,dnt019000,daniel tran,Introductory Organic Chemistry Laboratory II 
CHEM,2125,104,12,8,4,3,,,,,,,,,,1,,,1,"Cortes, Sergio J","Abbas, Muhammad",,,,,scortes,sergio cortes,Introductory Organic Chemistry Laboratory II 
CHEM,2125,105,6,10,3,2,,1,1,,,1,1,,2,1,,,2,"Tran, Daniel N","Bhadran, Abhi",,,,,dnt019000,daniel tran,Introductory Organic Chemistry Laboratory II 
CHEM,2125,106,4,7,4,4,2,3,1,,,,,,,,,,1,"Jaggi, Neelam","Boardman, Samuel",,,,,nxj190013,,Introductory Organic Chemistry Laboratory II 
CHEM,2125,107,3,18,1,3,1,,1,,,,,,1,,,,2,"Wijenayake, Sumudu N","Bhadran, Abhi",,,,,snw081000,sumudu wijenayake,Introductory Organic Chemistry Laboratory II 
CHEM,2125,108,4,8,1,1,1,1,,1,1,,,,,,,,3,"Panangala, Samitha D","Abbas, Muhammad",,,,,sdp140230,samitha panangala,Introductory Organic Chemistry Laboratory II 
CHEM,2127,HN1,19,1,,,,,,,,,,,,,,,2,"Thompson, Christina M","Boardman, Samuel",,,,,cmt120030,christina thompson,Honors Organic Chemistry Laboratory I 
CHEM,2323,001,42,27,12,13,9,8,8,3,3,2,1,,3,6,1,,7,"Wijenayake, Sumudu N","Hoang, David T",,,,,snw081000,sumudu wijenayake,Introductory Organic Chemistry I 
CHEM,2323,002,38,40,11,17,9,4,4,3,1,3,1,,1,3,3,,7,"Panapitiya, Nimanka P",,,,,,npp081000,nimanka panapitiya,Introductory Organic Chemistry I 
CHEM,2323,003,23,32,16,8,14,10,4,8,3,4,,,2,9,4,,9,"Gassensmith, Jeremiah J","Lumata, Jenica",,,,,jjg130230,jeremiah gassensmith,Introductory Organic Chemistry I 
CHEM,2323,004,25,50,5,17,12,9,4,2,5,,3,,1,3,7,,3,"Stefan, Mihaela C","Udamulle Gedara, Chinthaka Mahesh","Ma, Ziyuan","Gunawardhana, Kahawatte Gedara","Taslimy, Somayeh",,mci071000,mihaela stefan,Introductory Organic Chemistry I 
CHEM,2323,005,45,43,7,9,5,12,6,3,3,1,1,,1,3,2,,5,"Panapitiya, Nimanka P",,,,,,npp081000,nimanka panapitiya,Introductory Organic Chemistry I 
CHEM,2323,006,6,8,3,3,4,4,3,4,4,,2,1,,2,1,,7,"Ahn, Jung-Mo","Hoang, David T",,,,,jxa041100,jung mo ahn,Introductory Organic Chemistry I 
CHEM,2323,007,19,38,11,12,15,7,9,4,6,3,1,,1,5,,,17,"Novak, Bruce M","Lumata, Jenica",,,,,bxn111230,bruce novak,Introductory Organic Chemistry I 
CHEM,2323,501,7,5,5,4,3,5,2,4,2,2,,,1,5,5,,15,"Tran, Daniel N",,,,,,dnt019000,daniel tran,Introductory Organic Chemistry I 
CHEM,2325,001,12,37,10,35,2,8,9,3,4,4,3,,1,9,6,,6,"Thompson, Christina M",,,,,,cmt120030,christina thompson,Introductory Organic Chemistry II 
CHEM,2325,501,4,13,6,12,9,14,5,1,5,6,1,,3,6,2,,11,"Cortes, Sergio J",,,,,,scortes,sergio cortes,Introductory Organic Chemistry II 
CHEM,2327,HN1,,10,2,5,1,,,,1,,,,,2,,,2,"Biewer, Michael C",,,,,,biewerm,michael biewer,Honors Organic Chemistry I 
CHEM,2401,001,3,4,2,3,,1,2,2,,1,,,2,2,2,,1,"Dissanayake, Dushanthi S","Tian, Yafen",,,,,dxd122030,dushanthi dissanayake,Introductory Quantitative Methods in Chemistry 
CHEM,2401,002,1,6,3,3,5,1,1,,,,,,1,1,,,2,"Pantano, Paul","Perera, Alahendra Arachchige Sachini .",,,,,pantano,paul pantano,Introductory Quantitative Methods in Chemistry 
CHEM,2401,003,4,2,2,3,1,2,1,1,,,,,1,2,,,1,"Stelling, Allison","Remy, Ashele K",,,,,axs200157,allison stelling,Introductory Quantitative Methods in Chemistry 
CHEM,2401,004,1,5,3,4,5,1,1,,,,,,,2,,,1,"Pantano, Paul","Kyrk, Trent M",,,,,pantano,paul pantano,Introductory Quantitative Methods in Chemistry 
CHEM,3321,001,19,13,8,19,14,10,2,2,,,1,,1,6,1,,4,"Nielsen, Steven","Torabifard, Hedieh","Mills, Kira R",,,,son051000,steven nielsen,Physical Chemistry I 
CHEM,3322,001,3,7,6,3,9,1,3,2,,,4,,3,4,,,8,"Nielsen, Steven","Yan, Qing",,,,,son051000,steven nielsen,Physical Chemistry II 
CHEM,3341,001,,33,3,,2,1,,,,,1,,2,,1,,5,"Chan, Julia Y","Ortega, Juan L",,,,,jyc130130,julia chan,Inorganic Chemistry I 
CHEM,3361,001,5,10,8,2,3,2,1,1,,1,,,2,3,1,,2,"Spiro, Stephen","Meloni, Gabriele","Kuo, Yiru","Miller, Edmund A","Curtis, Rose M","Falah, Rafah M",sxs067400,stephen spiro,Biochemistry I 
CHEM,3361,002,,15,13,7,2,4,2,2,1,5,1,,,2,1,,4,"Gavva, Sandhya R","Falah, Rafah M","Curtis, Rose M","Zeito, Sania","Wright, Katherine A","Soladogun, Adedamola S",sgavva,sandhya gavva,Biochemistry I 
CHEM,3362,001,,2,1,,5,3,1,,2,1,,,,4,,,1,"Candas, Mehmet","Dejong, Jeff L",,,,,candas,mehmet candas,Biochemistry II 
CHEM,3471,001,2,5,,2,1,1,1,,,,,,,,,,2,"Ferraris, John","Smaldone, Ronald A","Udamulle Gedara, Chinthaka Mahesh","Garcia, Juan A",,,ferraris,john ferraris,Advanced Chemical Synthesis Laboratory 
CHEM,3471,002,,9,,,,,,,,,,,2,,,,1,"Smaldone, Ronald A",,,,,,ras120030,ronald smaldone,Advanced Chemical Synthesis Laboratory 
CHEM,3472,001,,3,4,,2,4,1,,1,,,1,1,1,,,1,"Goux, Warren J","Shafie, Arefeh","Sheybani, Simin","Ahrari, Samira","Siddiki, A K M Nur Alam","Wang, Hanghang",wgoux,warren goux,Instrumental Analysis 
CHEM,3472,002,2,10,,2,4,,1,1,,,,,,3,1,,1,"Hashami, Zohreh","Sheybani, Simin","Siddiki, A K M Nur Alam","Ahrari, Samira","Shafie, Arefeh",,zxh088000,zohreh hashami,Instrumental Analysis 
CHEM,3472,003,2,6,5,1,3,1,1,,2,,,,,1,,,4,"Qin, Yanping","Ahrari, Samira","Shafie, Arefeh","Sheybani, Simin","Siddiki, A K M Nur Alam","Wang, Hanghang",yxq083000,yanping qin,Instrumental Analysis 
CHEM,3472,004,,2,,1,6,,,,1,,,1,1,2,,,5,"Goux, Warren J","Shafie, Arefeh","Sheybani, Simin","Ahrari, Samira","Siddiki, A K M Nur Alam","Wang, Hanghang",wgoux,warren goux,Instrumental Analysis 
CHEM,5331,501,,8,6,6,6,2,,1,,,,,,,,,0,"Welin, Eric R",,,,,,erw190002,,Advanced Organic Chemistry I 
CHEM,5341,001,,7,6,5,10,2,,,,,,,,,,,0,"Balkus, Kenneth",,,,,,balkus,kenneth balkus,Advanced Inorganic Chemistry I 
CHEM,5355,001,,24,1,1,5,,,3,,,,,1,,,,0,"Zheng, Jie",,,,,,jxz087000,jie zheng,Analytical Techniques I 
CHEM,5361,001,,13,,,6,,,,,,,,,,,,0,"D'Arcy, Sheena","Olaluwoye, Oladimeji S",,,,,sxd156730,sheena darcy,Advanced Biochemistry 
CHEM,6100,001,,,,,,,,,,,,,,,,94,0,"Dodani, Sheel C",,,,,,scd023000,sheel dodani,Chemistry Department Seminar 
CHIN,1311,001,6,5,2,2,,,,,,,,,,,,,0,"Chen, Bei",,,,,,bxc152730,bei chen,Beginning Chinese I 
CHIN,1311,002,8,2,2,,1,,,,,,,,,,1,,4,"Zhang, Lei",,,,,,lxz190010,lei zhang,Beginning Chinese I 
CHIN,1312,001,12,8,2,,,,,1,,,,,,,,,0,"Chen, Bei",,,,,,bxc152730,bei chen,Beginning Chinese II 
CHIN,2312,001,13,,,,,1,,,,,,,,,,,0,"Chen, Bei",,,,,,bxc152730,bei chen,Intermediate Chinese II 
CLDP,3303,001,19,30,8,5,5,1,1,1,,,,,1,,,,1,"Evans, Julia L","Berglund-Barraza, Amy",,,,,jle130030,julia evans,Normal Language Development 
CLDP,3310,001,,49,1,,5,2,,,,,1,,1,,1,,0,"Touchstone, Emily W","Poudel, Sonali",,,,,exw010200,emily touchstone,Child Development 
CLDP,3310,501,,12,6,,3,1,,,,,,,,,,,1,"Bonner, Deborah L","Hafiz, Mariam",,,,,dbonner,deborah bonner,Child Development 
CLDP,3332,001,2,30,16,7,10,10,,4,,,1,1,4,3,,,4,"Holub, Shayla C",,,,,,sch052000,shayla holub,Social and Personality Development 
CLDP,3336,001,,2,1,2,1,,1,,2,,,,,,1,,0,"Atchison, Kristin J",,,,,,kja042000,kristin atchison,Infancy 
CLDP,3339,001,,14,3,,6,,1,2,1,,,,,,,,0,"Huxtable-Jester, Karen J",,,,,,kxh014900,karen huxtable jester,Educational Psychology 
CLDP,3342,501,,12,10,2,5,,,1,,,,,,3,,,0,"Smith, Olivia","De La Cerda, Callie B",,,,,oxs140330,olivia smith,Exceptional Children 
CLDP,3362,001,,15,,,7,,,4,,,,,,1,,,0,"Grant, Meridith G","Alghamdi, Saad A",,,,,mga061000,meridith grant,Cognitive Development 
CLDP,3362,002,4,18,,1,20,,,6,,,1,,2,5,1,,1,"Mills, Candice M","Gryder, Kieth",,,,,cxm056000,candice mills,Cognitive Development 
CLDP,3394,001,,17,,,1,,,1,,,,,1,1,,,1,"Grant, Meridith G",,,,,,mga061000,meridith grant,Research and Evaluation Methods 
CLDP,4344,001,1,3,5,2,4,2,4,,,,,,1,4,,,0,"Swanson, Meghan R","Wu, Dennis",,,,,mrs180008,meghan swanson,Child Psychopathology 
CLDP,4347,001,1,9,8,4,7,1,,1,,,,,,1,1,,0,"Nelson Taylor, Jackie A","Li, Yue",,,,,jan110030,jackie nelson,Marriage and Family Psychology 
COMD,6221,001,,14,8,3,1,,,1,,,,,,,,2,0,"Shembel, Adrianna C",,,,,,acs200005,,Voice Disorders 
COMD,6222,001,,74,,,,,,,,,,,,,,,0,"Lougeay, Janice",,,,,,lougeay,,Stuttering 
COMD,6240,001,,34,,,1,,,,,,,,,,,,0,"Touchstone, Emily W",,,,,,exw010200,emily touchstone,Professional Issues in Speech Language Pathology 
COMD,6305,001,,,,,,,,,,,,,,,,18,0,"Katz, William","Moustafa, Rana",,,,,wkatz,william katz,Speech Science 
COMD,6307,001,,13,,,,,,,,,,,,,,,0,"Maguire, Mandy",,,,,,mjm053000,mandy maguire,Language Acquisition 
COMD,6308,001,,70,,,2,,,,,,,,,,,1,0,"Rich, Judith B","Melamed, Tina",,,,,jbm014600,,Assessment and Intervention of Language Impairments in Preschool and School-Age Children 
COMD,6320,001,,69,,,,,,,,,,,,,,,0,"Aldridge, Michelle A","Kenedi, Helen",,,,,aldridge,michelle aldridge,Motor Speech Disorders 
COMD,6377,001,,68,,,,,,,,,,,,,,,0,"Kenedi, Helen","Sale, Felicity F",,,,,kenedi,,Neurogenic Communication Disorders I 
COMD,6378,001,,37,,,2,,,,,,,,,,,1,0,"Dean, Lucinda L","Sale, Felicity F",,,,,lxl018300,,Neurogenic Communication Disorders II 
COMD,6V09,001,,26,,,,,,,,,,,,,,,0,"Aldridge, Michelle A",,,,,,aldridge,michelle aldridge,Autism Spectrum Disorder 
COMD,7204,501,,40,,,,,,,,,,,1,,,5,0,"Cook, Julie D",,,,,,jdc151030,,Craniofacial Disorders 
COMD,7219,001,,50,,,,,,,,,,,,,,3,0,"Touchstone, Emily W","Eppes, Anna A",,,,,exw010200,emily touchstone,Birth-To-Three 
COMD,7221,001,,10,,,1,,,,,,,,,,,,0,"Carter, Jessica A",,,,,,jar032000,,Preschool Intervention 
COMD,7301,001,,43,,,,,,,,,,,,,,,0,"Dean, Lucinda L",,,,,,lxl018300,,Public School Methods 
COMD,7309,001,,4,3,,,1,,,,,,,,,,4,0,"Hart, John",,,,,,jxh057100,,Neural Correlates of Human Cognition  Functional Localization 
COMD,7336,001,,9,1,,,,,,,,,,,,,,0,"Rollins, Pamela R",,,,,,rollins,pam rollins,Social Communication in Early Childhood Disorders 
COMD,7V82,001,,12,,1,3,,,,,,,,,,,1,0,"Goffman, Lisa A",,,,,,lag160930,,Special Topics in Communication Disorders 
COMM,1311,001,1,4,2,3,3,2,2,2,,,1,,1,2,,,1,"Baker, Barbara L",,,,,,blb140430,barbara baker,Survey of Oral and Technology-based Communication 
COMM,1311,002,1,7,5,2,,2,3,,,,,,1,2,1,,0,"Baker, Barbara L",,,,,,blb140430,barbara baker,Survey of Oral and Technology-based Communication 
COMM,1311,003,1,8,4,3,4,,1,,1,,,,,,1,,0,"Totusek, Patricia F",,,,,,pft140030,patricia totusek,Survey of Oral and Technology-based Communication 
COMM,1311,004,10,6,3,2,,,,,,,,,1,,1,,1,"Arnold, Bob",,,,,,bxa161430,bob arnold,Survey of Oral and Technology-based Communication 
COMM,1311,005,7,4,6,3,1,,,,1,,,,,1,,,1,"Arnold, Bob",,,,,,bxa161430,bob arnold,Survey of Oral and Technology-based Communication 
COMM,1311,006,7,6,2,4,1,2,,,,,,,1,,1,,0,"Totusek, Patricia F",,,,,,pft140030,patricia totusek,Survey of Oral and Technology-based Communication 
COMM,1311,0H1,17,4,,,,,,,,,,,,,,,3,"Davis, Letitia",,,,,,,letitia davis,
COMM,1311,0H2,16,1,1,1,,,,,,,,,1,1,,,0,"Hanson, Jocyln Y",,,,,,jyh140230,jocyln hanson,
COMM,1311,0H3,10,2,4,1,2,,,,,,,,,1,,,1,"Williams, Alecia N",,,,,,axw124630,alecia williams,
COMM,1311,0H4,20,1,,,,,,,,,,,2,,1,,0,"Hanson, Jocyln Y",,,,,,jyh140230,jocyln hanson,
COMM,1311,0H6,3,8,4,2,3,,,,,,,,1,1,,,2,"Baker, Barbara L",,,,,,blb140430,barbara baker,
COMM,1311,0H7,4,1,3,3,3,,1,2,,,,,,2,,,1,"Nash, Michelle A",,,,,,man200000,michelle nash,
COMM,1311,0H8,7,5,2,3,1,1,,,,,,,2,1,,,2,"Nash, Michelle A",,,,,,man200000,michelle nash,
COMM,1311,0H9,8,8,2,1,1,,,1,,,,,,,,,0,"Nyamandi, Varaidzo",,,,,,vxn200023,varaidzo nyamandi,
COMM,1311,0W1,6,8,5,1,1,,,,,,,,,1,,,0,"Gregory, Mona Y",,,,,,myg140030,mona gregory,
COMM,1311,0W2,14,5,2,1,1,,,,,,,,,,1,,0,"Gregory, Mona Y",,,,,,myg140030,mona gregory,
COMM,1311,0W3,11,5,,,1,1,1,1,,,,,1,,,,2,"Honea, Emily",,,,,,exh150830,emily honea,
COMM,1311,0W7,8,4,3,3,,,,,,,,,,1,,,3,"Tanner, Lari J",,,,,,ljt130130,lari tanner,
COMM,1311,0W8,12,6,3,,1,,,,,,,,,,,,2,"Tanner, Lari J",,,,,,ljt130130,lari tanner,
COMM,1311,0W9,3,12,4,2,,,,,1,,,,,1,,,0,"Templeton, Allison A",,,,,,aam141730,allison templeton,
COMM,1311,501,2,4,2,,2,1,2,1,,,,,2,1,3,,2,"Hoffmann, John",,,,,,jxh200016,john hoffmann,
COMM,1311,5H1,11,5,2,,2,,,,,,,,2,1,1,,0,"Nyamandi, Varaidzo",,,,,,vxn200023,varaidzo nyamandi,
COMM,1311,5H2,5,8,2,2,2,,,,,,,,1,2,1,,0,"Mills, Brandon",,,,,,,brandon mills,
COMM,1311,5H3,,5,3,4,,3,,1,,1,1,,2,1,,,3,"Cox, Chauncey",,,,,,cxc200028,chauncey cox,
COMM,1311,5H7,14,1,3,1,1,,,,,,,,1,1,,,0,"Mills, Brandon","Moss, Daniel J",,,,,,brandon mills,
COMM,1311,5H8,4,10,1,2,1,,,,,,,1,,1,,,0,"Aranda, Johnson","Moss, Daniel J",,,,,jxa190020,johnson aranda,
COMM,1311,5H9,3,3,7,1,3,,,,,,,,1,3,1,,0,"Hoffmann, John",,,,,,jxh200016,john hoffmann,
COMM,1311,5W1,4,7,3,3,2,3,,,,,,,,,,,0,"Templeton, Allison A",,,,,,aam141730,allison templeton,
COMM,1311,5W2,3,12,4,,4,,,1,,,,,,,,,0,"Totusek, Patricia F",,,,,,pft140030,patricia totusek,
COMM,1311,5W3,10,4,1,2,1,,,,1,,,,,1,,,2,"Vazzi, Lisa",,,,,,lxv160630,lisa vazzi,
COMM,1311,5W4,9,7,1,1,,1,,,,,,,,,,,1,"Vazzi, Lisa",,,,,,lxv160630,lisa vazzi,
COMM,1311,5W5,14,5,,,1,1,,,,,,,,,,,1,"Juarez, Veronica",,,,,,vxj161430,veronica juarez,
COMM,1311,5W6,3,10,6,1,1,,,,,,,,1,1,,,0,"Totusek, Patricia F",,,,,,pft140030,patricia totusek,Survey of Oral and Technology-based Communication 
COMM,1311,5W7,15,6,,2,1,,,,,,,,,,,,0,"Juarez, Veronica",,,,,,vxj161430,veronica juarez,Survey of Oral and Technology-based Communication 
COMM,1311,5W8,15,4,3,,,,,,,,,,1,1,,,0,"Davis, Letitia",,,,,,laa104020,letitia davis,Survey of Oral and Technology-based Communication 
COMM,1311,5W9,12,6,3,1,,,1,,,,,,1,,,,0,"Honea, Emily",,,,,,exh150830,emily honea,Survey of Oral and Technology-based Communication 
COMM,1315,0H1,13,7,,1,1,,,1,,,,,,,,,1,"Saenz, Michael A",,,,,,mas130030,michael saenz,
COMM,1315,0H2,16,5,,,,,,,,,,,,,1,,0,"Saenz, Michael A",,,,,,mas130030,michael saenz,
COMM,1315,0H3,,3,1,1,3,,2,,,1,,,2,,,,1,"Templeton, Allison A",,,,,,aam141730,allison templeton,
COMM,1315,0H4,7,6,7,1,,,,,1,,,,,1,,,1,"Templeton, Allison A",,,,,,aam141730,allison templeton,
COMM,1315,0H5,2,3,5,5,2,,2,,,,,1,,,,,1,"Aranda, Johnson",,,,,,jxa190020,johnson aranda,
COMM,1315,0H9,7,10,1,2,2,1,,,,,,,,,,,0,"Cannon, Charles",,,,,,cxc190014,charles cannon,
COMM,1315,0W1,1,9,2,3,1,1,1,,,,,,1,,,,4,"Baynham, Karen M",,,,,,contemp,karen baynham,
COMM,1315,0W2,2,4,2,1,1,,,,,,,,3,,,,1,"Baynham, Karen M",,,,,,contemp,karen baynham,
COMM,1315,0W3,1,2,1,4,1,1,2,,,1,,,2,1,,,4,"Warren, Jason L",,,,,,jxw174630,jason warren,
COMM,1315,5H1,5,8,3,1,1,1,,,,,,,1,1,,,0,"Skiles, Bradley W",,,,,,bws150030,bradley skiles,
COMM,1315,5H3,8,5,1,4,,1,,,,1,,,,1,3,,0,"Skiles, Bradley W",,,,,,bws150030,bradley skiles,
COMM,1315,5H4,6,7,5,2,1,,1,,,,,,1,,1,,0,"Cannon, Charles",,,,,,cxc190014,charles cannon,
COMM,3342,001,3,4,,,1,,,2,1,,,,1,,,,3,"King, Carie S",,,,,,cxl085200,carie king,Advanced Topics in Communication 
COMM,3351,001,,2,5,2,3,,1,,,,,,,,,,2,"Baker, Barbara L",,,,,,blb140430,barbara baker,History and Theory of Communication 
COMM,4314,001,1,7,2,1,1,,,,,,1,,,,,,0,"King, Carie S",,,,,,cxl085200,carie king,Persuasion and Interpersonal Influence 
CRIM,1301,001,,6,14,2,9,6,1,6,2,4,,,1,1,,,3,"Harris, Michelle N","Park, Yeonjae","Sanil Mannumood, Merin",,,,mnh200001,michelle harris,Introduction to Criminal Justice 
CRIM,1301,0W1,28,36,16,3,2,1,1,1,1,,,,2,1,,,2,"Polk, Elmer O","Corey, Jessica",,,,,peo091000,elmer polk,Introduction to Criminal Justice 
CRIM,1307,002,5,15,12,11,2,1,1,2,1,,,,2,,1,,5,"Hayslip, Melissa P","Wilds, Katherine M",,,,,mpb150030,melissa hayslip,Introduction to Crime and Criminology 
CRIM,1307,0W1,1,24,10,3,14,3,3,5,1,,3,,6,4,2,,1,"Kovandzic, Tomislav","Sanil Mannumood, Merin",,,,,tvk071000,tomislav kovandzic,Introduction to Crime and Criminology 
CRIM,2313,0W1,,24,1,,9,,1,8,,,1,,1,1,,,6,"Taylor, Robert W","Corey, Jessica",,,,,rwt092000,robert taylor,Police and Society 
CRIM,2316,001,14,12,2,1,3,1,1,1,1,,1,1,4,,,,4,"Polk, Elmer O","Corey, Jessica",,,,,peo091000,elmer polk,Corrections 
CRIM,2317,001,5,5,8,7,2,3,2,1,1,,1,,2,1,,,2,"Hayslip, Melissa P","Wilds, Katherine M",,,,,mpb150030,melissa hayslip,Criminal Prosecution and Court Process 
CRIM,3300,0W1,3,25,16,8,18,3,2,1,3,,,,3,2,,,2,"Worrall, John L","Sanford, Stephanie M",,,,,jlw064000,john worrall,Crime and Civil Liberties 
CRIM,3301,001,5,3,6,6,3,3,4,1,3,3,1,,4,,1,,2,"Hayslip, Melissa P",,,,,,mpb150030,melissa hayslip,Theories of Justice 
CRIM,3302,001,2,17,,5,5,,3,1,,2,,,,1,,,0,"Derlic, Dragana",,,,,,dxd171830,dragana derlic,Advanced Criminology 
CRIM,3303,001,12,10,4,3,3,5,,,,2,,,2,1,,,0,"Gammell, Sarah P","Wilds, Katherine M",,,,,spg160530,sarah gammell,Advanced Criminal Justice 
CRIM,3310,001,33,11,3,,3,1,,,,1,,,2,,1,,0,"Polk, Elmer O","Hamer, Karen",,,,,peo091000,elmer polk,Youth Crime and Justice 
CRIM,3319,001,51,15,3,2,3,4,2,,1,,,,2,,,,0,"Polk, Elmer O","Hamer, Karen",,,,,peo091000,elmer polk,Comparative Justice Systems 
CRIM,3323,0W1,,10,2,4,17,6,7,9,3,1,5,,1,4,1,,4,"Kovandzic, Tomislav","Riddell, Jordan R",,,,,tvk071000,tomislav kovandzic,Violence and Gun Control 
CRIM,3324,0W1,10,21,6,8,7,3,3,2,4,,2,,,1,,,0,"Gammell, Sarah P",,,,,,spg160530,sarah gammell,Gender  Crime  and Justice 
CRIM,3326,001,1,4,3,6,8,5,4,,3,,,1,1,3,,,2,"Jacobs, Bruce A","Sanders, Whitney S","Park, Yeonjae",,,,baj034000,bruce jacobs,Victimless Crimes 
CRIM,3327,0W1,16,21,10,4,9,2,2,,,1,,,3,1,,,1,"Gammell, Sarah P","Wilds, Katherine M",,,,,spg160530,sarah gammell,Violent Crime 
CRIM,4311,001,1,4,1,6,6,2,3,,,,,,1,,,,0,"Yim, Haneul",,,,,,hxy170530,,Crime and Justice Policy 
CRIM,4322,0H1,,2,2,8,5,4,2,6,,,1,,,,,,0,"Vieraitis, Lynne M","Riddell, Jordan R","Hamer, Karen",,,,lmv071000,lynne vieraitis,Senior Research Seminar 
CRIM,4336,0W1,6,57,3,,22,2,,6,2,,2,,1,,,,8,"Taylor, Robert W","Sanford, Stephanie M",,,,,rwt092000,robert taylor,Introduction to Terrorism 
CRIM,4396,002,,14,3,1,2,2,,1,,,,,1,1,,,1,"Boots, Denise P","Mutesi, Mireille",,,,,dpb062000,denise boots,Selected Topics in Criminology 
CRIM,6300,501,,5,3,4,2,,1,,,,,,1,,,,2,"Worrall, John L",,,,,,jlw064000,john worrall,Proseminar in Criminology 
CRIM,6301,001,,2,4,10,2,2,,,,,,,1,,,,1,"Fass, Simon",,,,,,fass,simon fass,Research Design I 
CRIM,6303,001,,2,5,6,4,,,,,,,,,,,,2,"Vieraitis, Lynne M",,,,,,lmv071000,lynne vieraitis,Etiology of Crime and Criminality 
CRWT,2301,001,,12,,,,,,,,1,,,,1,1,,0,"Balasa, Alexandra",,,,,,axb177630,alexandra balasa,Introduction to Creative Writing 
CRWT,2301,002,3,3,3,,,1,1,,1,,,,,1,,,1,"Leverone, Julia",,,,,,jxl162631,julia leverone,Introduction to Creative Writing 
CRWT,2301,003,4,4,3,2,1,,,,1,,,,,,,,0,"Wright, Adam M",,,,,,amw140430,adam wright,Introduction to Creative Writing 
CRWT,2301,004,8,3,1,2,,,,,,,,,,,,,0,"Field, Amanda C",,,,,,axl151930,amanda field,Introduction to Creative Writing 
CRWT,2301,501,2,5,3,,,3,,,,,,2,,,,,0,"Neal, Laura",,,,,,lxn200009,laura neal,Introduction to Creative Writing 
CRWT,2301,502,6,2,2,,,1,,,,,,,,,,,1,"Ocasio-Russe, Lizbette",,,,,,lxo160130,lizbette ocasio russe,Introduction to Creative Writing 
CRWT,3306,001,1,4,2,1,3,,,2,,,,,,,1,,0,"Greene, Kendra",,,,,,kxg180038,kendra greene,Fiction Workshop 
CRWT,3306,002,,11,1,1,,,,,,,,,1,,,,0,"Martinez, Manuel L",,,,,,mlm160630,manuel martinez,Fiction Workshop 
CRWT,3308,001,1,8,1,,1,,,3,,,,,,1,,,0,"Greene, Kendra",,,,,,kxg180038,kendra greene,Nonfiction Workshop 
CRWT,3351,001,7,4,,,,3,,,,,,,1,,,,0,"Leverone, Julia",,,,,,jxl162631,julia leverone,Poetry Workshop 
CRWT,3354,501,,4,8,1,,,,2,,,,,,,,,0,"Goldberg, Paula",,,,,,pxg180023,paula goldberg,Screenwriting 
CS,1134,101,32,4,2,1,1,,,3,,,,,2,,,,4,"Doore, Karen L",,,,,,kld054000,karen doore,
CS,1134,601,59,5,,,1,,1,1,,,2,1,1,,1,,3,"Doore, Karen L",,,,,,kld054000,karen doore,
CS,1134,602,30,1,1,1,2,2,1,,2,,1,,6,1,,,8,"Doore, Karen L",,,,,,kld054000,karen doore,
CS,1136,101,28,7,1,2,3,3,1,2,,,3,,7,1,1,,5,"Doore, Karen L",,,,,,kld054000,karen doore,
CS,1136,102,36,10,3,3,1,,2,,,,1,,4,,1,,4,"Doore, Karen L",,,,,,kld054000,karen doore,
CS,1136,103,33,8,4,4,2,1,2,,1,,1,,5,,1,,2,"Doore, Karen L",,,,,,kld054000,karen doore,
CS,1136,104,42,6,8,2,1,,,1,1,,,,3,,,,2,"Doore, Karen L",,,,,,kld054000,karen doore,
CS,1136,106,45,3,2,3,2,4,,,2,,,,4,1,,,0,"Doore, Karen L",,,,,,kld054000,karen doore,
CS,1136,107,34,5,4,3,3,,1,,,,2,,6,1,3,,3,"Doore, Karen L",,,,,,kld054000,karen doore,
CS,1136,108,27,8,2,2,4,1,6,,2,,2,,6,,3,,2,"Doore, Karen L",,,,,,kld054000,karen doore,
CS,1136,109,42,7,4,,2,1,,,2,,,,3,,,,2,"Doore, Karen L",,,,,,kld054000,karen doore,
CS,1136,110,56,2,,1,1,,2,2,1,,,,1,1,,,1,"Doore, Karen L",,,,,,kld054000,karen doore,
CS,1136,111,46,1,5,5,4,1,,,2,,,,3,,,,0,"Doore, Karen L",,,,,,kld054000,karen doore,
CS,1136,112,31,5,3,2,3,3,1,,2,,,,5,2,1,,8,"Doore, Karen L",,,,,,kld054000,karen doore,
CS,1136,113,25,5,7,5,2,,,3,1,,2,,6,,1,,5,"Doore, Karen L",,,,,,kld054000,karen doore,
CS,1136,114,29,3,3,1,2,1,2,4,1,,2,,11,1,,,5,"Doore, Karen L",,,,,,kld054000,karen doore,
CS,1136,115,37,6,6,1,2,1,1,2,,,,,3,3,1,,2,"Doore, Karen L",,,,,,kld054000,karen doore,
CS,1136,118,37,5,5,1,4,3,2,,3,,,,6,,,,1,"Doore, Karen L",,,,,,kld054000,karen doore,
CS,1200,001,19,22,11,7,2,2,,,,,1,,1,3,,,0,"Christiansen, Michael G",,,,,,mgc013000,michael christiansen,Introduction to Computer Science and Software Engineering 
CS,1200,002,29,23,6,1,3,,,,1,,,2,2,1,,,0,"Christiansen, Michael G",,,,,,mgc013000,michael christiansen,Introduction to Computer Science and Software Engineering 
CS,1200,005,26,22,4,4,4,2,,,,,,,1,1,,,0,"Christiansen, Michael G",,,,,,mgc013000,michael christiansen,Introduction to Computer Science and Software Engineering 
CS,1200,006,,35,4,,17,,,1,,,,,3,,,,3,"Cole, John",,,,,,jxc064000,john cole,Introduction to Computer Science and Software Engineering 
CS,1200,007,,36,3,,14,,,1,,,1,,2,,,,5,"Cole, John",,,,,,jxc064000,john cole,Introduction to Computer Science and Software Engineering 
CS,1200,009,11,22,12,6,7,2,1,,1,,,,2,1,1,,0,"Arnold, Gordon L",,,,,,gxa120930,gordon arnold,
CS,1200,010,5,20,19,7,2,1,,,1,,,,4,4,2,,2,"Arnold, Gordon L",,,,,,gxa120930,gordon arnold,
CS,1200,011,,32,5,,15,1,,3,,,2,,1,1,,,2,"Cole, John",,,,,,jxc064000,john cole,Introduction to Computer Science and Software Engineering 
CS,1200,014,31,15,2,3,2,,,1,,,1,,,,,,0,"Smith, Klyne",,,,,,kxs180052,klyne smith,Introduction to Computer Science and Software Engineering 
CS,1200,015,,6,9,7,11,8,5,5,3,,2,,1,10,,,0,"Chin, Wei-Pang",,,,,,wxc180013,wei pang chin,Introduction to Computer Science and Software Engineering 
CS,1200,016,37,12,2,,2,1,1,,,,,,,,,,0,"Smith, Klyne",,,,,,kxs180052,klyne smith,Introduction to Computer Science and Software Engineering 
CS,1200,502,3,19,16,5,7,2,1,,,1,,,,,,,0,"Salazar, Elmer E",,,,,,ees101020,elmer salazar,Introduction to Computer Science and Software Engineering 
CS,1200,HON,12,13,4,1,1,,,,,,,,,,,,0,"Page, Ivor",,,,,,ivor,ivor page,Introduction to Computer Science and Software Engineering 
CS,1324,001,7,9,2,6,5,3,1,3,1,1,1,,2,2,,,1,"Feng, Ranran",,,,,,rxf090020,ranran feng,Introduction to Programming for Biomedical Engineers 
CS,1325,001,35,7,7,7,4,2,1,,1,,,,4,2,2,,23,"Razo Razo, Miguel A",,,,,,mrazora,miguel razo,Introduction to Programming 
CS,1325,002,7,22,15,11,12,2,7,4,2,,1,,2,6,1,,2,"Paulk, Mark C",,,,,,mcp130030,mark paulk,Introduction to Programming 
CS,1334,001,6,6,14,2,4,2,2,,2,2,1,2,4,,,,4,"Srinivasan, Srimathi",,,,,,sxs180206,srimathi srinivasan,Programming Fundamentals for Non-Majors 
CS,1334,002,18,12,13,7,9,3,1,1,,1,1,,3,2,2,,3,"Veerasamy, Jeyakesavan",,,,,,veerasam,jeyakesavan veerasamy,Programming Fundamentals for Non-Majors 
CS,1334,003,3,4,4,3,5,9,5,1,3,1,1,2,7,,,,9,"Srinivasan, Srimathi",,,,,,sxs180206,srimathi srinivasan,Programming Fundamentals for Non-Majors 
CS,1335,001,13,9,9,2,5,4,,4,2,,,1,1,4,2,,2,"Narayanasami, Priya",,,,,,pxn173330,priya narayanasami,Computer Science I for Non-majors 
CS,1335,002,20,11,9,4,3,2,2,4,4,,,3,2,,,,5,"Narayanasami, Priya",,,,,,pxn173330,priya narayanasami,Computer Science I for Non-majors 
CS,1336,001,19,6,9,1,3,3,1,2,1,,2,1,6,5,2,,5,"Veerasamy, Jeyakesavan",,,,,,veerasam,jeyakesavan veerasamy,Programming Fundamentals 
CS,1336,002,4,8,7,4,5,1,3,2,1,2,3,,2,10,9,,4,"Arnold, Gordon L",,,,,,gxa120930,gordon arnold,
CS,1336,003,4,11,8,4,9,4,1,2,,2,,1,3,7,6,,4,"Shields, Charles O",,,,,,cshields,charles shields,Programming Fundamentals 
CS,1336,004,4,10,6,10,10,5,1,,3,1,,,3,7,5,,2,"Le, Khiem V",,,,,,kvl140030,khiem le,Programming Fundamentals 
CS,1336,006,4,11,9,11,4,4,3,,4,,1,1,1,5,6,,3,"Le, Khiem V",,,,,,kvl140030,khiem le,Programming Fundamentals 
CS,1336,007,20,18,12,2,5,1,3,,,,,,2,1,1,,2,"Dollinger, Scott M",,,,,,smd013000,scott dollinger,Programming Fundamentals 
CS,1336,008,2,10,7,2,6,2,4,4,5,2,2,,5,6,7,,2,"Thompson, Laurie A",,,,,,lthomp,laurie thompson,Programming Fundamentals 
CS,1336,009,38,6,8,2,2,,,3,,1,,1,3,,1,,1,"Veerasamy, Jeyakesavan",,,,,,veerasam,jeyakesavan veerasamy,Programming Fundamentals 
CS,1336,010,5,15,16,9,7,2,1,,1,,,,2,7,,,4,"Shields, Charles O",,,,,,cshields,charles shields,Programming Fundamentals 
CS,1336,011,18,20,7,6,4,2,,1,,2,,,4,2,1,,0,"Karrah, Shyam S",,,,,,skarrah,shyam karrah,Programming Fundamentals 
CS,1336,012,5,3,7,4,8,3,2,2,5,1,2,1,6,7,5,,7,"Le, Khiem V",,,,,,kvl140030,khiem le,Programming Fundamentals 
CS,1336,013,2,4,3,6,8,5,,3,1,1,,,9,8,8,,6,"Thompson, Laurie A",,,,,,lthomp,laurie thompson,Programming Fundamentals 
CS,1336,014,4,4,2,7,6,5,3,6,3,1,,1,9,5,3,,7,"Shields, Charles O",,,,,,cshields,charles shields,Programming Fundamentals 
CS,1336,015,,8,12,6,5,2,1,2,3,1,2,2,3,14,1,,3,"Shields, Charles O",,,,,,cshields,charles shields,Programming Fundamentals 
CS,1336,501,,6,9,4,16,7,3,5,4,,2,2,5,5,2,,1,"Shields, Charles O",,,,,,cshields,charles shields,Programming Fundamentals 
CS,1337,001,6,33,7,3,4,3,1,1,,,,,1,1,,,3,"Dollinger, Scott M",,,,,,smd013000,scott dollinger,Computer Science I 
CS,1337,002,9,7,2,,4,2,,,,1,1,1,9,6,7,,25,"Smith, Jason W",,,,,,jws130830,jason smith,Computer Science I 
CS,1337,501,14,23,3,4,1,1,2,3,,,,,6,1,1,,2,"Dollinger, Scott M",,,,,,smd013000,scott dollinger,Computer Science I 
CS,1337,504,9,22,,1,8,,2,1,,,,,4,1,3,,6,"Belkoura, Mohamed Amine",,,,,,mxb135330,mohamed amine belkoura,Computer Science I 
CS,2305,001,3,10,13,12,11,7,3,2,4,,1,,2,5,,,4,"Feng, Ranran",,,,,,rxf090020,ranran feng,Discrete Mathematics for Computing I 
CS,2305,002,,13,12,10,7,7,6,2,1,,,,2,8,2,,6,"Chin, Wei-Pang",,,,,,wxc180013,wei pang chin,Discrete Mathematics for Computing I 
CS,2305,003,6,10,10,10,9,4,2,3,,,,,1,9,3,,3,"Willson, James K",,,,,,jkw053000,james willson,Discrete Mathematics for Computing I 
CS,2305,004,2,19,22,13,5,3,1,1,,1,,,1,2,,,1,"Erbatur, Serdar",,,,,,sxe190003,serdar erbatur,Discrete Mathematics for Computing I 
CS,2305,005,,7,11,3,5,1,,,,2,,,,3,1,,3,"Erbatur, Serdar",,,,,,sxe190003,serdar erbatur,Discrete Mathematics for Computing I 
CS,2305,008,4,20,15,13,6,2,1,1,1,,,,3,2,2,,3,"Erbatur, Serdar",,,,,,sxe190003,serdar erbatur,Discrete Mathematics for Computing I 
CS,2305,501,4,14,6,9,4,5,2,2,,,2,,,8,4,,5,"Willson, James K",,,,,,jkw053000,james willson,Discrete Mathematics for Computing I 
CS,2305,502,,9,9,7,5,7,3,5,1,,2,,6,8,1,,8,"Chin, Wei-Pang",,,,,,wxc180013,wei pang chin,Discrete Mathematics for Computing I 
CS,2305,503,4,35,7,6,5,,,,,,,,1,2,,,3,"Farage, Timothy P",,,,,,tfarage,timothy farage,
CS,2305,HN1,5,12,14,1,1,,,,,,,,,2,,,0,"Desmedt, Yvo G",,,,,,ygd120030,yvo desmedt,
CS,2335,001,21,13,4,1,2,3,,2,,1,2,4,1,,,,1,"Doore, Karen L",,,,,,kld054000,karen doore,
CS,2336,001,5,14,12,8,5,5,2,3,2,1,1,,2,3,,,2,"Feng, Ranran",,,,,,rxf090020,ranran feng,Computer Science II 
CS,2336,002,51,5,7,1,,1,1,,1,1,,,,1,1,,6,"Nouroz Borazjany, Mehra",,,,,,mxn143230,mehra nouroz borazjany,
CS,2336,003,6,23,9,8,6,2,2,3,,,,,3,10,4,,7,"Smith, Jason W",,,,,,jws130830,jason smith,Computer Science II 
CS,2336,501,13,19,5,12,3,6,1,1,,,,,,1,1,,4,"Khan, Ziaullah",,,,,,kkhan,ziaullah khan,Computer Science II 
CS,2336,502,26,33,6,5,3,,,,,,,,,,,,0,"Khan, Ziaullah",,,,,,kkhan,ziaullah khan,Computer Science II 
CS,2336,503,3,26,6,5,10,3,,2,,,1,,4,6,2,,4,"Sims, David",,,,,,dxs190044,dave sims,Computer Science II 
CS,2336,504,2,20,,4,15,1,,8,,,3,,1,7,,,5,"Cole, John",,,,,,jxc064000,john cole,Computer Science II 
CS,2336,505,6,26,6,2,8,1,2,6,,,2,,6,,4,,8,"Sims, David",,,,,,dxs190044,dave sims,Computer Science II 
CS,2337,001,7,48,13,5,5,3,1,1,,,1,,3,,1,,2,"Dollinger, Scott M",,,,,,smd013000,scott dollinger,Computer Science II 
CS,2337,003,18,25,3,4,4,3,,3,,,,,6,4,1,,13,"Smith, Jason W",,,,,,jws130830,jason smith,Computer Science II 
CS,2337,501,,31,10,13,8,6,,1,1,,1,,6,6,2,,6,"Peterson, Erik A",,,,,,eap190004,erik peterson,Computer Science II 
CS,2340,001,3,9,10,9,7,3,2,3,2,,1,,,9,2,,2,"Nguyen, Nhut",,,,,,nhutnn,nhut nguyen,Computer Architecture 
CS,2340,002,,11,,,2,,,1,,,3,,,1,3,,7,"Goodrum, Richard A",,,,,,rag150330,richard goodrum,Computer Architecture 
CS,2340,004,,9,12,5,7,7,2,,2,,,,1,16,2,,1,"Mazidi, Karen J",,,,,,kjm160430,karen mazidi,
CS,2340,005,2,7,18,9,5,7,,,,,1,,1,13,2,,1,"Mazidi, Karen J",,,,,,kjm160430,karen mazidi,
CS,2340,006,,32,,,7,,,2,,,,,3,2,2,,16,"Goodrum, Richard A",,,,,,rag150330,richard goodrum,Computer Architecture 
CS,2340,501,4,12,7,6,1,5,3,,,,6,,,4,1,,6,"Nguyen, Nhut",,,,,,nhutnn,nhut nguyen,Computer Architecture 
CS,2340,502,1,8,14,8,3,,,2,2,,,,1,7,1,,1,"Mazidi, Karen J",,,,,,kjm160430,karen mazidi,
CS,2340,503,2,1,4,7,9,6,2,2,,,1,,2,5,2,,6,"Ikram, Muhammad Z",,,,,,mzi041000,muhammad ikram,Computer Architecture 
CS,2340,504,3,12,8,4,3,,1,1,4,,,1,2,8,2,,11,"Zhang, Kang",,,,,,kzhang,kang zhang,Computer Architecture 
CS,3149,001,9,3,2,,,1,,,,,1,,,2,1,,1,"Page, Ivor",,,,,,ivor,ivor page,Competitive Learning in Computer Science 
CS,3162,051,,8,11,8,1,1,1,1,2,,,1,,3,,,1,"Chin, Wei-Pang",,,,,,wxc180013,wei pang chin,
CS,3162,052,30,8,,,,,,,,,,,,,,,0,"Smith, Klyne",,,,,,kxs180052,klyne smith,Professional Responsibility in Computer Science and Software Engineering 
CS,3162,053,14,21,1,,,,,1,,,,,1,1,1,,1,"DeGroot, Doug",,,,,,dxd180020,doug degroot,Professional Responsibility in Computer Science and Software Engineering 
CS,3162,054,24,9,,2,1,,,,,,,,,,,,0,"Smith, Klyne",,,,,,kxs180052,klyne smith,Professional Responsibility in Computer Science and Software Engineering 
CS,3162,091,,4,7,10,5,2,1,3,,1,2,,4,5,,,1,"Chin, Wei-Pang",,,,,,wxc180013,wei pang chin,
CS,3162,092,25,10,,1,1,,1,,,,,,2,,,,0,"Smith, Klyne",,,,,,kxs180052,klyne smith,Professional Responsibility in Computer Science and Software Engineering 
CS,3162,093,7,24,4,2,,,1,1,,,,,1,1,,,0,"DeGroot, Doug",,,,,,dxd180020,doug degroot,Professional Responsibility in Computer Science and Software Engineering 
CS,3162,094,25,4,1,,1,,,1,,,,,,,,,0,"Smith, Klyne",,,,,,kxs180052,klyne smith,Professional Responsibility in Computer Science and Software Engineering 
CS,3162,555,33,5,2,,,,1,1,,,,,2,,,,1,"Debroy, Vidroha",,,,,,vxd024000,vidroha debroy,Professional Responsibility in Computer Science and Software Engineering 
CS,3162,595,23,9,3,2,2,2,1,,,,,,1,1,,,1,"Debroy, Vidroha",,,,,,vxd024000,vidroha debroy,Professional Responsibility in Computer Science and Software Engineering 
CS,3305,001,5,12,1,5,9,3,5,5,,2,1,1,4,3,3,,10,"Jue, Jason",,,,,,jjue,jason jue,Discrete Mathematics for Computing II 
CS,3305,002,2,19,2,5,25,1,1,6,,,,,3,3,1,,2,"Satpute, Meghana N",,,,,,mns086000,meghana satpute,
CS,3305,003,31,25,9,3,3,4,,,,,,,1,,,,2,"Davis, Chris I",,,,,,cid021000,chris davis,Discrete Mathematics for Computing II 
CS,3305,004,3,23,2,10,8,4,4,4,1,,2,,2,5,2,,4,"Satpute, Meghana N",,,,,,mns086000,meghana satpute,
CS,3305,005,75,1,2,,,,,,1,,,,,,1,,0,"Uribe, Daniel M",,,,,,dmu011000,daniel uribe,
CS,3305,006,8,21,9,16,6,,6,3,,,,,,7,,,1,"Chitturi, Bhadrachalam",,,,,,chalam,chitturi bhadrachalam,Discrete Mathematics for Computing II 
CS,3305,007,3,21,14,16,8,5,1,2,,,,1,,2,,,2,"Chitturi, Bhadrachalam",,,,,,chalam,chitturi bhadrachalam,Discrete Mathematics for Computing II 
CS,3305,501,8,14,14,10,5,5,,,3,2,,,1,10,4,,4,"Willson, James K",,,,,,jkw053000,james willson,Discrete Mathematics for Computing II 
CS,3341,001,48,13,7,4,6,2,1,,4,2,1,1,1,11,3,,2,"Whalen, Tristan G","Fuksman, Lirit",,,,,tgw100020,tristan whalen,Probability and Statistics in Computer Science and Software Engineering 
CS,3341,002,27,12,7,6,4,5,3,2,1,,4,1,4,5,3,,4,"Whalen, Tristan G","Abugri, Clement",,,,,tgw100020,tristan whalen,
CS,3341,003,48,10,4,5,5,5,,4,3,2,4,,2,7,6,,2,"Whalen, Tristan G","Li, Huimin",,,,,tgw100020,tristan whalen,Probability and Statistics in Computer Science and Software Engineering 
CS,3341,004,31,6,5,2,7,2,2,4,3,2,1,4,7,13,6,,5,"Whalen, Tristan G","Li, Huimin",,,,,tgw100020,tristan whalen,Probability and Statistics in Computer Science and Software Engineering 
CS,3341,005,4,6,6,5,9,1,2,,6,3,1,,3,9,2,,8,"Guo, Huizhen","Zhu, Weixi",,,,,hxg190020,huizhen guo,Probability and Statistics in Computer Science and Software Engineering 
CS,3341,006,1,5,3,5,5,2,2,3,5,4,3,,3,7,7,,11,"Guo, Huizhen","Zhu, Weixi",,,,,hxg190020,huizhen guo,Probability and Statistics in Computer Science and Software Engineering 
CS,3341,HON,6,6,3,,1,,,,,,,,,14,1,,0,"Haas, Zygmunt J","Yadavally, Aashish",,,,,zjh130030,zygmunt haas,
CS,3345,002,5,17,10,6,1,4,1,,2,3,1,,1,4,,,3,"Ozbirn, Greg A",,,,,,ozbirn,greg ozbirn,Data Structures and Introduction to Algorithmic Analysis 
CS,3345,003,31,8,5,2,1,4,1,,2,,2,,1,,,,4,"Karami, Gity",,,,,,gxk180009,gity karami,
CS,3345,004,11,18,10,12,3,3,1,1,,,1,,1,4,,,1,"Chappidi, Sruthi",,,,,,sxc105920,sruthi chappidi,Data Structures and Introduction to Algorithmic Analysis 
CS,3345,005,5,9,14,8,6,4,,1,,1,,1,1,2,1,,7,"Chappidi, Sruthi",,,,,,sxc105920,sruthi chappidi,Data Structures and Introduction to Algorithmic Analysis 
CS,3345,006,3,2,13,5,4,1,5,3,1,,1,1,3,5,1,,8,"Alagar, Sridhar",,,,,,sxa173731,sridhar alagar,Data Structures and Introduction to Algorithmic Analysis 
CS,3345,501,29,17,1,5,3,1,,2,,,,,,1,1,,7,"Khan, Ziaullah",,,,,,kkhan,ziaullah khan,Data Structures and Introduction to Algorithmic Analysis 
CS,3345,502,23,23,,4,2,1,,,,,,,1,2,2,,5,"Khan, Ziaullah",,,,,,kkhan,ziaullah khan,Data Structures and Introduction to Algorithmic Analysis 
CS,3345,HON,8,9,9,1,1,1,,,,,,,,5,2,,0,"Page, Ivor",,,,,,ivor,ivor page,Data Structures and Introduction to Algorithmic Analysis 
CS,3354,001,23,27,6,1,,,,,,,,,,,,,2,"Cankaya, Ebru C","Maweu, Barbara M",,,,,exc067000,ebru cankaya,Software Engineering 
CS,3354,002,8,19,8,6,6,1,2,1,,,2,,2,3,,,1,"Paulk, Mark C","Guo, Hung-Jui",,,,,mcp130030,mark paulk,Software Engineering 
CS,3354,004,23,28,4,,1,,,,,,,,,,,,0,"Cankaya, Ebru C","Wang, Haoliang",,,,,exc067000,ebru cankaya,Software Engineering 
CS,3354,005,23,14,9,5,1,2,1,,1,,,,,8,,,0,"Nguyen, Tien N","Nguyen, Son V",,,,,tnn160630,tien nguyen,Software Engineering 
CS,3354,006,2,5,2,2,,,,,,,,,,1,,,1,"Oladimeji, Ebenezer A","Li, Shuo",,,,,eao015100,ebenezer oladimeji,Software Engineering 
CS,3354,0W1,,18,17,7,2,1,1,1,,,1,,1,2,,,0,"Solanki, Nidhiben M","Peddi, Rohith",,,,,nxs121130,nidhiben solanki,
CS,3354,501,9,18,9,5,2,1,,2,,,,,4,5,,,1,"Paulk, Mark C","Chen, Lingchao","Tian, Zijing",,,,mcp130030,mark paulk,Software Engineering 
CS,3354,503,,9,8,12,7,2,1,,1,,1,1,1,5,,,1,"Christiansen, Michael G","Tian, Zijing",,,,,mgc013000,michael christiansen,Software Engineering 
CS,3360,001,9,4,2,,2,2,,1,,1,,2,1,,1,,0,"Feng, Ranran",,,,,,rxf090020,ranran feng,Computer Graphics for Artists and Designers 
CS,3377,001,8,6,13,4,,2,2,1,2,3,,2,9,7,3,,5,"Perkins, Stephen J",,,,,,sxp127930,stephen perkins,C C  Programming in a UNIX Environment 
CS,3377,002,8,10,6,3,4,2,2,2,2,1,,2,2,10,2,,10,"Perkins, Stephen J",,,,,,sxp127930,stephen perkins,C C  Programming in a UNIX Environment 
CS,3377,003,3,8,8,8,4,5,5,3,3,2,,,3,2,1,,5,"Min, Richard K",,,,,,rkm010300,richard min,C C  Programming in a UNIX Environment 
CS,3377,0W1,2,7,10,7,5,3,6,3,,,,1,,10,1,,8,"Min, Richard K",,,,,,rkm010300,richard min,
CS,3377,0W2,,53,2,5,1,1,,,,,,,,1,,,0,"Kapoor, Bhanu",,,,,,bxk101000,bhanu kapoor,
CS,3377,0W3,,55,5,4,1,,,1,,,,,,2,,,1,"Kapoor, Bhanu",,,,,,bxk101000,bhanu kapoor,
CS,3377,0W4,5,16,,6,10,,3,5,,1,1,1,2,5,,,4,"Belkoura, Mohamed Amine",,,,,,mxb135330,mohamed amine belkoura,
CS,3377,0W5,9,26,9,5,6,,1,2,,,1,,1,3,2,,0,"Satpute, Meghana N",,,,,,mns086000,meghana satpute,
CS,4141,101,14,3,2,,1,1,2,,,,,1,,,,,1,"Becker, Eric W","Chen, Tiantian","Malouf, Brian D","Lu, Yangxiao",,,ewb160130,eric becker,
CS,4141,102,7,11,2,1,,,,,,,,,2,,,,1,"Becker, Eric W","Chen, Tiantian","Malouf, Brian D","Lu, Yangxiao",,,ewb160130,eric becker,
CS,4141,103,6,10,2,1,4,,,,,,,,,,,,1,"Becker, Eric W","Chen, Tiantian","Malouf, Brian D","Lu, Yangxiao",,,ewb160130,eric becker,
CS,4141,104,17,6,2,,,,,,,,,,,,,,0,"Becker, Eric W","Chen, Tiantian","Malouf, Brian D","Lu, Yangxiao",,,ewb160130,eric becker,
CS,4141,105,14,3,1,1,1,,,,,2,,,2,,,,1,"Becker, Eric W","Chen, Tiantian","Malouf, Brian D","Lu, Yangxiao",,,ewb160130,eric becker,
CS,4141,106,13,4,1,,1,,,,,,,,1,,,,0,"Becker, Eric W","Chen, Tiantian","Malouf, Brian D","Lu, Yangxiao",,,ewb160130,eric becker,
CS,4141,107,15,2,1,1,,1,,,,,,,,1,,,0,"Becker, Eric W","Malouf, Brian D","Chen, Tiantian","Lu, Yangxiao",,,ewb160130,eric becker,
CS,4141,108,16,1,,,2,,,1,,,,,,,,,1,"Becker, Eric W","Chen, Tiantian","Malouf, Brian D","Lu, Yangxiao",,,ewb160130,eric becker,
CS,4141,109,10,3,2,2,1,,,,1,,,,,,,,1,"Becker, Eric W","Chen, Tiantian","Malouf, Brian D","Lu, Yangxiao",,,ewb160130,eric becker,
CS,4141,110,16,2,,1,1,,,,,,,,1,,,,0,"Becker, Eric W","Malouf, Brian D","Chen, Tiantian","Lu, Yangxiao",,,ewb160130,eric becker,
CS,4141,111,11,5,1,1,,,,,,,,,,,,,1,"Becker, Eric W","Malouf, Brian D","Chen, Tiantian","Lu, Yangxiao",,,ewb160130,eric becker,
CS,4141,112,11,4,3,1,1,,,,,,,,,,,,0,"Becker, Eric W","Chen, Tiantian","Malouf, Brian D","Lu, Yangxiao",,,ewb160130,eric becker,
CS,4141,113,4,6,2,1,2,,,,,,1,,1,,1,,0,"Becker, Eric W","Malouf, Brian D","Chen, Tiantian","Lu, Yangxiao",,,ewb160130,eric becker,
CS,4141,114,9,7,1,,2,,,,,,,,,,,,1,"Becker, Eric W","Chen, Tiantian","Malouf, Brian D","Lu, Yangxiao",,,ewb160130,eric becker,
CS,4141,115,9,7,3,,2,1,1,,,,,,,1,,,0,"Becker, Eric W","Lu, Yangxiao","Malouf, Brian D","Chen, Tiantian",,,ewb160130,eric becker,
CS,4301,001,2,3,5,1,1,1,,2,1,,,,1,5,3,,17,"Ruozzi, Nicholas R",,,,,,nrr150130,nicholas ruozzi,Special Topics in Computer Science 
CS,4337,001,10,9,4,1,2,3,1,1,,,2,,,3,,,0,"Karami, Gity","Ashtiani, Omeed E","Tran, Trung Hieu",,,,gxk180009,gity karami,
CS,4337,002,8,14,10,8,5,3,3,1,2,1,,,2,4,1,,2,"Salazar, Elmer E","Liu, Bohan",,,,,ees101020,elmer salazar,Organization of Programming Languages 
CS,4337,003,11,4,6,3,4,4,5,,1,,1,,6,1,,,5,"Salazar, Elmer E","Liu, Dongpeng","Liu, Bohan",,,,ees101020,elmer salazar,Organization of Programming Languages 
CS,4337,501,18,16,5,3,4,2,1,2,2,,1,,,9,1,,1,"Karami, Gity","Mohammadpour, Somayeh",,,,,gxk180009,gity karami,
CS,4337,502,2,19,18,5,3,2,,1,,,,,,5,,,2,"Davis, Chris I","Liu, Dongpeng",,,,,cid021000,chris davis,Organization of Programming Languages 
CS,4337,503,29,8,6,3,2,3,,2,1,,3,,3,8,,,1,"Karami, Gity","Liu, Ximeng",,,,,gxk180009,gity karami,
CS,4341,001,15,9,8,4,2,3,,2,,,5,,4,5,,,3,"Becker, Eric W","Khargonkar, Ninad Arun","Hosseini, Seyyed Mohammadsaleh",,,,ewb160130,eric becker,
CS,4341,002,19,35,5,1,3,1,,3,,,,,1,1,,,1,"DeGroot, Doug","Khargonkar, Ninad Arun",,,,,dxd180020,doug degroot,Digital Logic and Computer Design 
CS,4341,003,44,11,1,1,4,1,,,,,,,,2,,,1,"DeGroot, Doug","Mao, Dongyu",,,,,dxd180020,doug degroot,Digital Logic and Computer Design 
CS,4341,501,2,14,6,8,4,5,1,6,,,3,,2,9,1,,3,"Nguyen, Nhut","Hosseini, Seyyed Mohammadsaleh",,,,,nhutnn,nhut nguyen,
CS,4341,502,18,13,2,6,5,2,,5,,,3,,3,9,1,,2,"Becker, Eric W","Khargonkar, Ninad Arun","Hosseini, Seyyed Mohammadsaleh",,,,ewb160130,eric becker,
CS,4347,001,4,18,17,6,5,2,,,1,,,1,1,9,,,0,"Christiansen, Michael G","Li, Xiaodi",,,,,mgc013000,michael christiansen,Database Systems 
CS,4347,002,,8,11,10,5,2,2,4,2,,,,,13,,,1,"Davis, Chris I","Vasireddy, Siva Sai Nagender",,,,,cid021000,chris davis,Database Systems 
CS,4347,501,12,32,7,5,7,2,,,2,,1,,,,,,0,"Khan, Ziaullah","Arya, Shivvrat","Garg, Srishti",,,,kkhan,ziaullah khan,Database Systems 
CS,4347,502,36,21,7,,,,,,,,,,,,,,0,"Culver, Timothy L","Dakshit, Sagnik","Garg, Srishti",,,,tlc130230,timothy culver,
CS,4347,503,,9,6,10,4,1,2,,1,2,,,2,3,,,0,"Solanki, Nidhiben M","Arya, Shivvrat",,,,,nxs121130,nidhiben solanki,Database Systems 
CS,4348,001,4,6,10,4,7,2,1,,,1,1,,2,17,1,,3,"Ozbirn, Greg A","Yadlapalli, Yaswanth",,,,,ozbirn,greg ozbirn,Operating Systems Concepts 
CS,4348,002,,27,,,12,,,4,,,,,8,8,2,,3,"Goodrum, Richard A","Zhu, Chang",,,,,rag150330,richard goodrum,Operating Systems Concepts 
CS,4348,003,3,6,12,3,7,4,,,,,1,,4,1,2,,2,"Salazar, Elmer E","Wang, Huaduo",,,,,ees101020,elmer salazar,Operating Systems Concepts 
CS,4348,004,4,9,4,3,1,4,3,1,1,,,,7,3,,,12,"Alagar, Sridhar","Wang, Huaduo",,,,,sxa173731,sridhar alagar,Operating Systems Concepts 
CS,4348,501,,8,7,9,8,3,1,1,5,1,1,,1,14,,,4,"Ozbirn, Greg A","Yadlapalli, Yaswanth","Mukherjee, Kunal",,,,ozbirn,greg ozbirn,Operating Systems Concepts 
CS,4348,HON,1,7,5,2,3,3,,,,,,,1,6,,,0,"Prakash, Ravi","Samiei, Aliehsan",,,,,ravip,ravi prakash,Operating Systems Concepts 
CS,4349,001,4,27,7,4,13,1,,2,1,1,4,1,2,7,1,,0,"Cankaya, Ebru C","Ashtiani, Omeed E",,,,,exc067000,ebru cankaya,Advanced Algorithm Design and Analysis 
CS,4349,002,,11,11,6,9,5,4,3,,1,,,5,8,,,3,"Erbatur, Serdar","Li, Shengjie",,,,,sxe190003,serdar erbatur,Advanced Algorithm Design and Analysis 
CS,4349,003,15,30,10,9,5,1,1,2,,,,,,1,,,0,"Chida, Anjum","Song, Zihe",,,,,axc157030,anjum chida,Advanced Algorithm Design and Analysis 
CS,4349,004,,12,12,3,8,9,3,1,3,,,1,4,5,,,1,"Erbatur, Serdar","Li, Shengjie","Song, Zihe",,,,sxe190003,serdar erbatur,Advanced Algorithm Design and Analysis 
CS,4349,005,8,20,17,14,3,1,2,,,,,,,7,,,3,"Chida, Anjum","Lam, Tan D",,,,,axc157030,anjum chida,Advanced Algorithm Design and Analysis 
CS,4349,HON,1,4,8,4,1,1,1,,,,2,,1,6,,,0,"Willson, James K","Weinzierl, Maxwell A",,,,,jkw053000,james willson,Advanced Algorithm Design and Analysis 
CS,4352,0W1,41,21,9,2,2,2,,,,,,,,,,,0,"Orrick, Erika D",,,,,,edo042000,erika orrick,
CS,4361,001,2,19,10,6,22,5,1,4,2,,1,,,7,,,0,"Kumar, Pushpa S","Fan, Zhenbao",,,,,pkumar,pushpa kumar,Computer Graphics 
CS,4365,001,3,4,5,3,5,3,6,5,1,,,1,2,7,,,2,"Min, Richard K","Hu, Yibo",,,,,rkm010300,richard min,Artificial Intelligence 
CS,4365,501,,22,4,4,8,6,2,3,,,2,,4,5,1,,5,"Moldovan, Dan I","Dakle, Parag Pravin",,,,,moldovan,dan moldovan,Artificial Intelligence 
CS,4371,501,10,11,9,7,6,3,2,,1,,,,,3,,,2,"Skorupa Parolin, Erick",,,,,,exs172930,,Introduction to Big Data Management and Analytics 
CS,4372,001,8,19,10,1,2,1,,,,,,,,1,,,3,"Nagar, Anurag","Wu, Zhouxiang",,,,,axn112530,anurag nagar,Computational Methods for Data Scientists 
CS,4375,001,9,19,9,11,10,5,,3,,,,,,3,,,1,"Nagar, Anurag","Mathur, Saurabh Sanjay",,,,,axn112530,anurag nagar,Introduction to Machine Learning 
CS,4375,002,3,8,7,6,5,2,3,2,2,,,,4,10,3,,13,"Ng, Yu Chung V","Li, Xiangci",,,,,ycn041000,vincent ng,Introduction to Machine Learning 
CS,4376,001,4,2,2,3,3,2,1,1,,2,2,2,5,4,1,,3,"Zalila-Wenkstern, Rym","Li, Dongcheng",,,,,rmili,rym zalila wenkstern,Object-Oriented Design 
CS,4384,001,26,8,8,4,6,4,1,2,1,3,3,2,5,3,4,,9,"Arnold, Gordon L","Liu, Zhenpeng","Wang, Guanghua",,,,gxa120930,gordon arnold,
CS,4384,002,21,15,7,5,4,4,1,1,1,,1,,1,13,,,2,"Pervin, William J",,,,,,pervin,william pervin,
CS,4384,501,54,23,1,1,,,,,,,,,,1,,,0,"Farage, Timothy P","Jin, Rong",,,,,tfarage,timothy farage,
CS,4384,502,13,13,11,7,4,4,4,4,2,4,2,,,10,1,,0,"Stallbohm, Zachary E","Wu, Zhouxiang","Liu, Ximeng",,,,zxs110030,zach stallbohm,Automata Theory 
CS,4384,503,30,9,1,4,6,5,1,1,1,1,1,,4,7,2,,5,"Arnold, Gordon L","Liu, Zhenpeng","Wang, Guanghua",,,,gxa120930,gordon arnold,
CS,4386,001,15,12,2,1,4,1,1,1,1,1,2,1,10,3,4,,8,"Wei, Shiyi","Patterson, Zach J",,,,,sxw174630,shiyi wei,Compiler Design 
CS,4389,001,24,43,1,4,2,2,,,,,,,,,,,0,"Cankaya, Ebru C","Li, Xiao",,,,,exc067000,ebru cankaya,Data and Applications Security 
CS,4390,001,3,9,5,15,8,3,3,2,1,,1,,1,9,1,,0,"Nguyen, Nhut","Mai, Kelvin K","Wang, Chengen",,,,nhutnn,nhut nguyen,Computer Networks 
CS,4390,002,,18,20,9,4,2,1,,,,,,,6,,,1,"Farago, Andras","Patel, Dhruvkumar R",,,,,farago,andras farago,
CS,4390,003,,1,2,1,3,1,,2,,,,,,,,,1,"Gupta, Neeraj K","Wiley, Darrin M",,,,,nkg140130,neeraj gupta,Computer Networks 
CS,4390,501,2,11,8,9,4,7,2,4,3,2,2,,1,5,,,2,"Le, Khiem V","Samiei, Aliehsan",,,,,kvl140030,khiem le,Computer Networks 
CS,4390,502,4,17,14,3,8,2,1,,,,,,,4,,,1,"Solanki, Nidhiben M","Wang, Chengen","Patel, Dhruvkumar R",,,,nxs121130,nidhiben solanki,Computer Networks 
CS,4392,001,6,12,6,4,5,1,2,2,1,4,3,1,2,2,,,7,"Guo, Xiaohu","Wang, Jikai",,,,,xxg061000,xiaohu guo,Computer Animation 
CS,4393,001,1,10,6,5,12,9,6,,1,2,2,,1,14,2,,3,"Nguyen, Nhut","Mai, Kelvin K",,,,,nhutnn,nhut nguyen,Computer and Network Security 
CS,4394,001,1,5,,,1,,,1,,,1,,,,,,5,"Alagar, Sridhar",,,,,,sxa173731,sridhar alagar,Implementation of Modern Operating Systems 
CS,4395,001,2,3,15,5,9,6,4,2,4,1,,1,2,17,,,3,"Mazidi, Karen J","Kobayashi, Hideo",,,,,kjm160430,karen mazidi,
CS,4397,001,2,9,6,10,3,,2,1,,,,,,1,,,0,"Bastani, Farokh","Tran, Trung Hieu",,,,,bastani,farokh bastani,Embedded Computer Systems 
CS,4398,001,3,3,1,1,3,4,1,1,,2,,,1,7,3,,2,"Gupta, Neeraj K",,,,,,nkg140130,neeraj gupta,Digital Forensics 
CS,4485,001,34,182,36,6,4,,1,,1,,,3,2,2,1,,3,"Razo Razo, Miguel A","Veerasamy, Jeyakesavan",,,,,mrazora,miguel razo,Computer Science Project 
CS,5303,001,,29,5,1,,,,,,,,,,,,,1,"Becker, Eric W",,,,,,ewb160130,eric becker,
CS,5333,001,,10,3,10,13,,1,1,,,,,1,,,11,0,"Cobb, Jorge",,,,,,jcobb,jorge cobb,Discrete Structures 
CS,5343,001,,32,9,8,1,,,,,,,,2,,,6,0,"Ozbirn, Greg A",,,,,,ozbirn,greg ozbirn,Algorithm Analysis and Data Structures 
CS,5343,002,,7,3,,4,,,,,,,,,,,,1,"Gupta, Neeraj K",,,,,,nkg140130,neeraj gupta,Algorithm Analysis and Data Structures 
CS,5348,001,,26,9,5,2,1,,,,,,,3,,,6,0,"Venkatesan, Subbarayan","Mukherjee, Kunal",,,,,venky,subbarayan venkatesan,Operating Systems Concepts 
CS,6301,003,,15,,,,,,,,,,,,,,,0,"Thuraisingham, Bhavani","Akbar, Khandakar Ashrafi",,,,,bxt043000,bhavani thuraisingham,
CS,6301,004,,58,,,,,1,,,,,,,,,1,0,"Thuraisingham, Bhavani","Akbar, Khandakar Ashrafi",,,,,bxt043000,bhavani thuraisingham,
CS,6301,006,,5,3,1,,,,,,,,,,,,2,0,"Mittal, Neeraj","Dhoked, Sahil",,,,,nxm020100,neeraj mittal,Special Topics in Computer Science 
CS,6301,501,,56,13,,,,,,,,,,,,,1,0,"Culver, Timothy L","Ocampo Diaz, Gerardo","Mathur, Saurabh Sanjay","Veloso De Andrade Pinto, Joao Pedro",,,tlc130230,timothy culver,
CS,6301,502,,13,9,9,5,3,,,,,,,1,,,20,0,"Redfern, Arthur","Yadavally, Aashish",,,,,axr180074,arthur redfern,Special Topics in Computer Science 
CS,6303,501,,11,,,2,,,,,,,,,,,,1,"Cankaya, Ebru C","Dong, Hailiang",,,,,exc067000,ebru cankaya,Cyber Security Essentials for Practitioners 
CS,6313,001,,55,12,6,10,5,2,1,,,,,2,,,22,0,"Chen, Min","Kim, Jimi","Alfaro, Jose F","Uddin, Mohammad Afser",,,mxc136030,min chen,
CS,6313,501,,12,7,1,2,1,,,,,,,,,,6,1,"Chen, Min","Kim, Jimi","Uddin, Mohammad Afser","Alfaro, Jose F",,,mxc136030,min chen,
CS,6314,001,,46,7,8,2,,,,,,,,,,,6,0,"Yuruk, Nurcan","Guo, Jinghui",,,,,nxy140530,nurcan yuruk,
CS,6314,002,,39,12,9,4,,,,,,,,,,,5,0,"Yuruk, Nurcan","Yadav, Ankur R","Guo, Jinghui",,,,nxy140530,nurcan yuruk,
CS,6314,502,,25,14,3,3,,,,,,,,,,,8,1,"Yuruk, Nurcan","Dakle, Parag Pravin","Dong, Hailiang",,,,nxy140530,nurcan yuruk,
CS,6315,501,,16,,,4,,,,,,,,,,,3,0,"Seida, Steven","Li, Xiangci","Li, Xiaodi",,,,sxs091100,steven seida,Semantic Web 
CS,6320,001,,16,5,1,2,,1,1,,,,,1,,,3,2,"Moldovan, Dan I","Desai, Takshak","Dakle, Parag Pravin",,,,moldovan,dan moldovan,Natural Language Processing 
CS,6320,002,,9,3,7,8,2,1,2,,,,,2,,,27,2,"Ouyang, Jessica J","Ocampo Diaz, Gerardo",,,,,jjo190001,jessica ouyang,Natural Language Processing 
CS,6320,501,,10,23,10,4,1,,,,,,,1,,,10,0,"Balakrishna, Mithun","Desai, Takshak",,,,,mxb026000,mithun balakrishnan,Natural Language Processing 
CS,6323,001,,34,10,,,,,,,,,,,,,,1,"Guo, Xiaohu","Zhang, Chenxu",,,,,xxg061000,xiaohu guo,Computer Animation and Gaming 
CS,6326,001,,13,1,1,4,3,,1,,,,,,,,2,2,"Cole, John",,,,,,jxc064000,john cole,Human Computer Interactions 
CS,6328,001,,17,,,,,,,,,,,,,,,0,"Fishwick, Paul",,,,,,pxf130430,paul fishwick,Modeling and Simulation 
CS,6332,001,,25,8,10,2,,,,,,,,4,,,3,1,"Jee, Kangkook","Abdeljaber, Luay",,,,,kxj190011,kangkook jee,Systems Security and Malicious Code Analysis 
CS,6334,001,,31,,1,3,,,,,,,,,,,2,1,"Kim, Jin R","Chung, Yu-Yen",,,,,jrk200002,jin ryong kim,Virtual Reality 
CS,6343,001,,6,5,5,,1,,,,,,,,,,3,1,"Yen, I-Ling","Nguyen, Son V",,,,,ilyen,yen i ling,Cloud Computing 
CS,6344,001,,29,5,9,8,,,,,,,,3,,,22,0,"Schweitzer, Haim","Wan, Guihong",,,,,haim,haim schweitzer,Data Representations 
CS,6349,001,,15,11,5,,,,,,,,,,,,3,0,"Hao, Shuang","Li, Shuo",,,,,sxh178730,shuang hao,Network Security 
CS,6350,001,,45,6,14,,1,,,,,,,,,,13,0,"Khan, Latifur R","Zamani, Mahmoud",,,,,lkhan,latifur khan,Big Data Management and Analytics 
CS,6350,002,,45,22,9,1,,,,,,,,,,,3,0,"Nagar, Anurag","Li, Jincheng",,,,,axn112530,anurag nagar,Big Data Management and Analytics 
CS,6350,MS1,,8,4,,,,,,,,,,,,,,0,"Nagar, Anurag","Li, Jincheng",,,,,axn112530,anurag nagar,
CS,6359,001,,6,12,3,2,1,,,,,,,,,,4,0,"Nouroz Borazjany, Mehra","Mao, Dongyu",,,,,mxn143230,mehra nouroz borazjany,
CS,6360,003,,22,18,5,7,,1,1,,,,,,,,10,0,"Yuruk, Nurcan","Haque, Mirazul",,,,,nxy140530,nurcan yuruk,Database Design 
CS,6360,004,,12,8,4,,,,,,,,,,,,1,0,"Wu, Wei L","Li, Xiao",,,,,wxw020100,weili wu,Database Design 
CS,6360,501,,20,7,1,1,,,,,,,,,,,2,0,"Davis, Chris I","Vasireddy, Siva Sai Nagender",,,,,cid021000,chris davis,Database Design 
CS,6363,001,,21,3,10,14,5,,,,,,,1,,,,1,"Daescu, Ovidiu","Yadav, Ankur R",,,,,daescu,ovidiu daescu,Design and Analysis of Computer Algorithms 
CS,6363,002,,11,11,7,3,4,,2,,,,,,,,,0,"Chitturi, Bhadrachalam","Wiley, Darrin M",,,,,chalam,chitturi bhadrachalam,Design and Analysis of Computer Algorithms 
CS,6363,003,,14,19,11,9,2,2,1,,,,,,,,2,0,"Raichel, Benjamin A","Van Buskirk, Gregory A",,,,,bar150630,benjamin raichel,
CS,6363,005,,30,22,7,,1,,,,,,,,,,,0,"Chandrasekaran, Ramaswamy","Gour, Riti",,,,,chandra,ramaswamy chandrasekaran,Design and Analysis of Computer Algorithms 
CS,6364,001,,25,9,3,3,1,1,,,,,,,,,12,1,"Harabagiu, Sanda M","Weinzierl, Maxwell A",,,,,sanda,sanda harabagiu,Artificial Intelligence 
CS,6364,002,,22,19,7,1,1,,,,,,,,,,10,0,"Chen, Feng","Li, Changbin",,,,,fxc190007,feng chen,Artificial Intelligence 
CS,6364,501,,11,9,5,,1,,,,,,,,,,2,0,"Min, Richard K","Hu, Yibo",,,,,rkm010300,richard min,Artificial Intelligence 
CS,6366,001,,12,5,3,1,,,,,,,,1,,,5,0,"Zhang, Kang","Wiley, Darrin M",,,,,kzhang,kang zhang,Computer Graphics 
CS,6375,001,,60,1,5,1,1,,,,,,,,,,,0,"Chida, Anjum","Li, Changbin","Lee, Yi-Hui",,,,axc157030,anjum chida,Machine Learning 
CS,6375,002,,32,16,9,3,,,,,,,,,,,,4,"Nagar, Anurag","Jin, Shasha",,,,,axn112530,anurag nagar,Machine Learning 
CS,6375,006,,17,4,1,,,,,,,,,1,,,3,1,"Gogate, Vibhav G","Jin, Shasha",,,,,vxg112130,vibhav gogate,Machine Learning 
CS,6375,501,,3,5,2,2,,,,,,,,,,,3,0,"Iyer, Rishabh K","Kobayashi, Hideo",,,,,rki190000,rishabh iyer,Machine Learning 
CS,6377,001,,2,3,,1,2,,,,,,,,,,3,2,"Desmedt, Yvo G","Lam, Tan D",,,,,ygd120030,yvo desmedt,
CS,6378,002,,12,18,10,10,4,,,,,,,,,,,4,"Mittal, Neeraj","Dhoked, Sahil",,,,,nxm020100,neeraj mittal,Advanced Operating Systems 
CS,6380,001,,12,7,5,3,,,,,,,,1,,,1,0,"Venkatesan, Subbarayan","Peddi, Rohith",,,,,venky,subbarayan venkatesan,Distributed Computing 
CS,6381,001,,10,,2,,,,,,,,,,,,2,0,"Chandrasekaran, Ramaswamy","Gour, Riti",,,,,chandra,ramaswamy chandrasekaran,Combinatorics and Graph Algorithms 
CS,6382,001,,27,5,2,2,,,,,,,,,,,,1,"Du, Ding Z","Guo, Jianxiong",,,,,dxd056000,ding zhu du,Theory of Computation 
CS,6385,001,,37,2,1,,,,,,,,,,,,2,0,"Farago, Andras","Guo, Jianxiong","Haque, Mirazul",,,,farago,andras farago,
CS,6390,001,,3,2,5,4,2,2,1,,,,,,,,1,0,"Cobb, Jorge","Gour, Riti",,,,,jcobb,jorge cobb,Advanced Computer Networks 
CS,7301,001,,12,,,,,,,,,,,,,,,0,"Natarajan, Sriraam",,,,,,sxn177430,sriraam natarajan,
CS,7301,002,,10,,,,,,,,,,,,,,,0,"Wu, Wei L",,,,,,wxw020100,weili wu,Recent Advances in Computing 
CS,7301,003,,9,1,,,,,,,,,,,,,,0,"Fox, Kyle J",,,,,,kjf170230,emily fox,Recent Advances in Computing 
CS,7301,501,,7,4,1,,1,,,,,,,,,,,0,"Yang, Wei","Li, Yufei",,,,,wxy180002,wei yang,Recent Advances in Computing 
DANC,1305,001,8,22,4,3,1,2,3,1,,,,,,3,2,,0,"Saba, Monica",,,,,,msaba,monica saba,Introduction to World Dance Forms 
DANC,1310,001,15,18,3,,5,1,,1,,,1,,2,2,2,,0,"Ewert-Pittman, Anna M",,,,,,ame190001,,Understanding Dance 
DANC,1310,002,8,17,6,2,7,1,,4,,,1,,1,1,1,,1,"Johnson, Melissa A",,,,,,maj140430,melissa johnson,Understanding Dance 
DANC,1310,0H1,12,20,1,,,,,,,,,,1,,,,1,"Owens, Misty",,,,,,mxo122530,misty owens,Understanding Dance 
DANC,2321,001,11,7,,,2,1,1,,,,,,,1,,,0,"Johnson, Melissa A",,,,,,maj140430,melissa johnson,Stretch  Conditioning  Alignment 
DANC,2332,001,2,4,1,,2,,,,,,,,3,,,,0,"Saba, Monica",,,,,,msaba,monica saba,Modern Dance 1 
DANC,3333,001,3,4,1,,,1,,,,,,,1,,,,0,"Saba, Monica",,,,,,msaba,monica saba,Modern Dance 2 
DANC,3340,001,1,5,3,1,2,,,,,,,,1,1,,,1,"Hanlon, Michele J",,,,,,mhanlon,,Dance in Historical Context 
ECON,2301,001,13,35,14,7,29,5,2,8,1,,,1,,12,1,,2,"Ketsler, Luba","Wu, Jintian",,,,,lxk010300,luba ketsler,Principles of Macroeconomics 
ECON,2301,003,27,50,20,12,35,4,4,7,1,,1,1,5,9,2,,1,"Ketsler, Luba","Fu, Nan",,,,,lxk010300,luba ketsler,Principles of Macroeconomics 
ECON,2301,501,,20,7,4,5,2,3,1,,,1,,2,,,,2,"Nguyen, Hien T",,,,,,htn170130,hien nguyen,Principles of Macroeconomics 
ECON,2302,001,39,60,27,6,23,4,,5,,,3,,5,1,2,,2,"McElroy, Susan","Luo, Siyuan","Shi, Tianjian",,,,skm028000,susan mcelroy,Principles of Microeconomics 
ECON,2302,002,2,27,12,8,16,15,5,23,7,5,13,1,16,17,8,,11,"Arce, Daniel G",,,,,,dga071000,daniel arce,Principles of Microeconomics 
ECON,2302,003,24,32,13,9,4,6,1,2,2,,2,,1,2,,,2,"McElroy, Susan","Luo, Siyuan","Shi, Tianjian",,,,skm028000,susan mcelroy,Principles of Microeconomics 
ECON,2302,004,8,11,8,9,3,1,1,,,,,,,1,,,2,"Choi, Soohyun",,,,,,sxc177830,soohyun choi,Principles of Microeconomics 
ECON,2302,501,11,13,8,4,6,,,,,,,,1,,,,0,"Zhang, Jinglun",,,,,,jxz174930,,Principles of Microeconomics 
ECON,3310,001,12,13,,2,11,,1,3,,,2,,5,4,1,,9,"Andrews, Rodney J","Li, Ji",,,,,rja091000,rodney andrews,Intermediate Microeconomic Theory 
ECON,3311,001,,7,8,13,8,4,2,1,,,,,1,1,,,1,"Sul, Donggyu","Han, Minyu",,,,,dxs093000,donggyu sul,Intermediate Macroeconomic Theory 
ECON,3311,501,5,11,7,3,,3,,,,,,,,,,,1,"Colunga Ramos, Luis Fernando",,,,,,lfc160030,,Intermediate Macroeconomic Theory 
ECON,3330,001,13,21,9,4,10,1,,1,,,,,,1,1,,2,"Ketsler, Luba",,,,,,lxk010300,luba ketsler,Economics of Health 
ECON,3330,002,20,37,6,5,13,2,,,,,,,1,,,,2,"Ketsler, Luba",,,,,,lxk010300,luba ketsler,Economics of Health 
ECON,3330,501,12,8,7,3,2,2,2,,,2,1,,2,,1,,3,"Zhang, Licheng",,,,,,lxz172030,,Economics of Health 
ECON,3336,001,16,19,4,1,2,,,1,1,,,,,1,,,0,"McElroy, Susan","Luo, Siyuan","Shi, Tianjian",,,,skm028000,susan mcelroy,Economics of Education 
ECON,3381,502,1,3,,2,2,2,,1,,,,,,1,,,3,"Grover, William C",,,,,,wcg071000,william grover,Economic History 
ECON,4310,001,1,10,3,2,13,6,,3,,,,,1,1,,,4,"Arce, Daniel G",,,,,,dga071000,daniel arce,Managerial Economics 
ECON,4320,001,1,7,3,7,4,5,3,,,1,,,4,1,,,0,"Giertz, Seth","Yue, Wanwan",,,,,sxg154831,seth giertz,Public Sector Economics 
ECON,4330,001,2,8,4,6,3,9,1,1,,,,2,,2,,,1,"Giertz, Seth","Yue, Wanwan",,,,,sxg154831,seth giertz,Law and Economics 
ECON,4333,001,2,5,2,4,4,1,2,,,,,,1,2,,,1,"Siqueira, Kevin J","Faundez Madariaga, Sebastian Carlos",,,,,kjs064000,kevin siqueira,Environmental Economics 
ECON,4345,001,4,4,5,,5,2,2,,2,,,,1,1,,,1,"Miller, Darwin W",,,,,,dwm052000,darwin miller,Industrial Organization 
ECON,4348,001,1,5,1,1,,3,,1,1,,,1,2,2,,,4,"Hicks, Donald",,,,,,dahicks,donald hicks,Business and Technology 
ECON,4351,001,10,15,3,,5,1,,2,,,,,2,1,,,3,"O'Brien, Daniel M",,,,,,obri,daniel obrien,Mathematical Economics 
ECON,4355,001,9,3,13,4,3,3,,,1,1,2,2,1,2,1,,6,"Li, Dong","Kwak, Jihun",,,,,dxl145430,dong li,Econometrics 
ECON,4360,001,5,14,4,5,6,,,1,,,1,1,2,5,,,1,"Siqueira, Kevin J","Faundez Madariaga, Sebastian Carlos",,,,,kjs064000,kevin siqueira,International Trade 
ECON,4362,001,1,1,5,5,6,2,4,1,2,,1,,1,2,,,1,"Morales Leon, Maria C",,,,,,mcm200006,maria morales leon,Development Economics 
ECON,4382,001,,4,8,4,1,,,,,,,,,,,,1,"Sul, Donggyu","Han, Minyu",,,,,dxs093000,donggyu sul,International Finance 
ECON,4396,501,2,3,1,1,3,,,,1,,,,,,,,0,"Grover, William C",,,,,,wcg071000,william grover,Selected Topics in Economics 
ECON,5321,001,,3,3,3,5,1,,1,,,,,,,,,1,"Hedlund, Jonas","Bing, Yuanchen",,,,,jxh180030,jonas hedlund,Microeconomic Theory for Applications 
ECON,6301,001,,3,1,2,1,2,,,,,,,,,,,1,"Hedlund, Jonas","Bing, Yuanchen",,,,,jxh180030,jonas hedlund,Microeconomics Theory I 
ECON,6302,001,,9,,,,,,,,,,,,,,,1,"Panovska, Irina","Zhang, Nan",,,,,ixp190001,irina panovska,Macroeconomics Theory I 
ECON,6305,501,,19,,,,,,,,,,,,,,,2,"O'Brien, Daniel M",,,,,,obri,daniel obrien,Mathematical Economics 
ECON,6331,001,,8,2,6,4,,1,,,,,,,,,,1,"Andrews, Rodney J",,,,,,rja091000,rodney andrews,Labor Economics I 
ECON,7309,001,,12,5,,,,,,,,,,,,,,0,"Li, Dong","Kwak, Jihun",,,,,dxl145430,dong li,Econometrics II 
ECS,1100,001,19,6,10,7,3,2,2,,,1,1,,4,,1,,3,"Mann, Ashley",,,,,,axm180114,ashley mann,Introduction to Engineering and Computer Science 
ECS,1100,002,33,9,7,1,2,1,1,6,,,,,,,,,0,"Moran, Stacey",,,,,,sxm180115,,Introduction to Engineering and Computer Science 
ECS,1100,003,20,9,5,6,7,4,,,1,,1,2,2,1,,,1,"Favors, Crystal N",,,,,,cnf150030,,Introduction to Engineering and Computer Science 
ECS,1100,004,3,1,3,1,1,,,1,1,,2,1,7,4,4,,3,"Marroquin, Irene",,,,,,ixm033000,irene marroquin,Introduction to Engineering and Computer Science 
ECS,1100,005,32,7,4,4,2,,1,,1,,3,1,3,1,,,0,"Edwards, Tanisha N",,,,,,txe120530,,Introduction to Engineering and Computer Science 
ECS,1100,006,39,7,4,4,1,2,,1,,,,,1,1,,,0,"Sharman, Whitney",,,,,,wxs180011,,Introduction to Engineering and Computer Science 
ECS,1100,007,30,2,8,,2,,,1,,,,,2,1,,,0,"Mann, Ashley",,,,,,axm180114,ashley mann,Introduction to Engineering and Computer Science 
ECS,1100,008,29,14,2,4,5,1,,4,,,,,,,,,0,"Moran, Stacey",,,,,,sxm180115,,Introduction to Engineering and Computer Science 
ECS,1100,009,7,4,,3,7,,1,1,,,,,1,1,,,0,"Saulnier McKinin, Alexandria",,,,,,axs190162,alex mckinin,Introduction to Engineering and Computer Science 
ECS,1100,010,9,4,1,1,1,,,,2,,1,,,1,1,,0,"Croasdale Woudwyk, Andrea",,,,,,axc169230,andrea croasdale woudwyk,Introduction to Engineering and Computer Science 
ECS,1100,011,49,6,,,1,,,,1,,,,1,,,,1,"Flores, Khaila",,,,,,kxf190005,,Introduction to Engineering and Computer Science 
ECS,1100,012,16,4,2,1,1,1,1,,1,,,,2,,,,0,"Aronson, Cara",,,,,,cxa190007,cara aronson,Introduction to Engineering and Computer Science 
ECS,1100,013,33,13,2,2,7,,,1,,,,,,,,,2,"Hendley, Kaysi",,,,,,kxh190012,,Introduction to Engineering and Computer Science 
ECS,1100,014,12,5,4,5,,1,1,,,,,,2,1,2,,1,"Majors, Adam",,,,,,axm180200,adam majors,Introduction to Engineering and Computer Science 
ECS,1100,015,26,3,6,1,1,,,,,,1,,,1,,,2,"Anderson, Alexandria N",,,,,,ana120130,,Introduction to Engineering and Computer Science 
ECS,1100,016,23,6,2,3,4,,,,1,,,2,6,,4,,1,"Wright, Emelia M",,,,,,exw190003,emelia wright,Introduction to Engineering and Computer Science 
ECS,1100,017,5,5,3,2,,1,1,,1,,1,,,1,1,,0,"Wright, Emelia M",,,,,,exw190003,emelia wright,Introduction to Engineering and Computer Science 
ECS,1100,018,35,2,3,3,4,2,1,,,,1,1,6,1,,,1,"Tornakian, Marissa A",,,,,,mat190002,,Introduction to Engineering and Computer Science 
ECS,1100,019,27,7,,2,3,,2,,,,,,2,1,1,,0,"Saulnier McKinin, Alexandria",,,,,,axs190162,alex mckinin,Introduction to Engineering and Computer Science 
ECS,1100,020,31,4,8,,,1,2,,1,,,,2,2,,,0,"Majors, Adam",,,,,,axm180200,adam majors,Introduction to Engineering and Computer Science 
ECS,1100,021,11,1,1,3,,,,,,1,2,,,,1,,0,"Sharman, Whitney",,,,,,wxs180011,,Introduction to Engineering and Computer Science 
ECS,1100,023,5,3,1,,,3,1,2,,,,1,3,,,,0,"Favors, Crystal N",,,,,,cnf150030,,Introduction to Engineering and Computer Science 
ECS,1100,024,12,3,5,1,,,1,,,,,,1,,1,,0,"Flores, Khaila",,,,,,kxf190005,,Introduction to Engineering and Computer Science 
ECS,1100,025,10,4,2,3,1,1,,,,,,,,,,,0,"Tornakian, Marissa A",,,,,,mat190002,,Introduction to Engineering and Computer Science 
ECS,1100,026,19,,1,2,1,1,1,1,,,,1,1,,,,1,"Hasan, Nasreen",,,,,,nxh080100,nasreen hasan,Introduction to Engineering and Computer Science 
ECS,1100,027,13,15,1,1,9,1,1,3,,,1,,8,1,3,,2,"Hendley, Kaysi",,,,,,kxh190012,,Introduction to Engineering and Computer Science 
ECS,1100,028,28,10,11,4,,2,,1,,,1,,1,,,,2,"Anderson, Alexandria N",,,,,,ana120130,,Introduction to Engineering and Computer Science 
ECS,1100,501,19,14,3,2,8,1,,1,,,,2,4,2,2,,1,"Edwards, Tanisha N",,,,,,txe120530,,Introduction to Engineering and Computer Science 
ECS,1100,502,16,8,8,3,4,7,1,2,2,,1,1,2,1,3,,1,"Marroquin, Irene",,,,,,ixm033000,irene marroquin,Introduction to Engineering and Computer Science 
ECS,3390,001,,3,5,3,2,1,,,,,,,,4,,,3,"Crowder, Wade A",,,,,,wac010100,wade crowder,Professional and Technical Communication 
ECS,3390,002,,18,,,,1,,,1,,,,,,1,,0,"Mohsene, Laura L",,,,,,olive,laura mohsene,Professional and Technical Communication 
ECS,3390,003,2,9,4,1,3,,,1,,,,,,1,,,0,"Hernandez-Katz, Melissa M",,,,,,mhkatz,melissa hernandez katz,Professional and Technical Communication 
ECS,3390,004,1,15,1,,2,,,,,,,1,,,1,,0,"Hernandez-Katz, Melissa M",,,,,,mhkatz,melissa hernandez katz,Professional and Technical Communication 
ECS,3390,005,,13,4,3,,,,,,,,,,1,,,0,"Mohsene, Laura L",,,,,,olive,laura mohsene,Professional and Technical Communication 
ECS,3390,006,,20,,,,,,,,,,,,,2,,0,"Glauser, Janece B",,,,,,jbg130030,janece glauser,Professional and Technical Communication 
ECS,3390,007,,19,1,1,,,,,,,,,,,,,0,"Glauser, Janece B",,,,,,jbg130030,janece glauser,Professional and Technical Communication 
ECS,3390,008,,17,,2,,,,1,1,,,,,,,,0,"Mohsene, Laura L",,,,,,olive,laura mohsene,Professional and Technical Communication 
ECS,3390,009,,19,,,,,,,,,,,,,,,2,"Glauser, Janece B",,,,,,jbg130030,janece glauser,Professional and Technical Communication 
ECS,3390,010,8,9,2,1,,,,,,,,,,,,,1,"Montgomery, Christina",,,,,,cxm190022,christina montgomery,Professional and Technical Communication 
ECS,3390,011,7,7,6,1,,,,,,,,,,,,,0,"Montgomery, Christina",,,,,,cxm190022,christina montgomery,Professional and Technical Communication 
ECS,3390,012,,17,,,,1,,,,,,,,1,1,,1,"Glauser, Janece B",,,,,,jbg130030,janece glauser,Professional and Technical Communication 
ECS,3390,014,,2,7,5,4,,,,1,,,,,2,,,0,"Ryan, Christopher J",,,,,,cxr088000,christopher ryan,Professional and Technical Communication 
ECS,3390,015,,3,1,4,4,2,,,,,,,1,6,,,0,"Crowder, Wade A",,,,,,wac010100,wade crowder,Professional and Technical Communication 
ECS,3390,016,,16,,1,,2,,,1,,,,,,1,,0,"Glauser, Janece B",,,,,,jbg130030,janece glauser,Professional and Technical Communication 
ECS,3390,017,,7,3,2,5,1,1,,,,,,1,,,,1,"King, Carie S",,,,,,cxl085200,carie king,Professional and Technical Communication 
ECS,3390,0H1,,17,2,,1,,,,,,,,,1,,,0,"Hernandez-Katz, Melissa M",,,,,,mhkatz,melissa hernandez katz,Professional and Technical Communication 
ECS,3390,0H2,2,16,,,,,,1,,,,,,2,,,0,"Hernandez-Katz, Melissa M",,,,,,mhkatz,melissa hernandez katz,Professional and Technical Communication 
ECS,3390,0H3,5,6,5,,3,,,,,,,,,1,,,1,"Schlobohm, Maribeth L",,,,,,mls077000,maribeth (betsy) schlobohm,Professional and Technical Communication 
ECS,3390,0H4,,4,9,3,2,2,,,,,,,1,1,1,,2,"Hartmann, Jonathan",,,,,,jxh190042,jonathan hartmann,Professional and Technical Communication 
ECS,3390,0H5,16,4,,1,1,,,,,1,,1,1,,,,0,"Johnson, Janet L",,,,,,jlj065000,janet johnson,Professional and Technical Communication 
ECS,3390,0H6,2,12,3,2,1,1,,,,,,,,,,,0,"King, Carie S",,,,,,cxl085200,carie king,Professional and Technical Communication 
ECS,3390,0H7,5,7,3,1,1,,,,,,,,1,1,,,2,"Schlobohm, Maribeth L",,,,,,mls077000,maribeth (betsy) schlobohm,Professional and Technical Communication 
ECS,3390,0H8,4,7,2,4,,,,,1,,,,1,,,,2,"Schlobohm, Maribeth L",,,,,,mls077000,maribeth (betsy) schlobohm,Professional and Technical Communication 
ECS,3390,0H9,13,4,1,2,,,2,,,1,,,,1,,,1,"Johnson, Janet L",,,,,,jlj065000,janet johnson,Professional and Technical Communication 
ECS,3390,501,,12,3,3,,1,1,,,,,,,,,,1,"Mohsene, Laura L",,,,,,olive,laura mohsene,Professional and Technical Communication 
ECS,3390,502,,10,1,5,1,,,1,,,,,2,3,1,,1,"Coppersmith, Syd",,,,,,sxc123831,syd coppersmith,Professional and Technical Communication 
ECS,3390,503,,16,2,1,1,,,,,,1,,1,,,,3,"Coppersmith, Syd",,,,,,sxc123831,syd coppersmith,Professional and Technical Communication 
ECS,3390,5H1,2,2,5,2,5,1,1,,,,,,3,3,,,1,"Libby, Lee L",,,,,,llibby,lee libby,Professional and Technical Communication 
ECS,3390,5H2,3,4,4,3,2,1,1,,,,,1,1,1,1,,3,"Libby, Lee L",,,,,,llibby,lee libby,Professional and Technical Communication 
ECS,3390,5H3,1,17,1,,,,,,,,1,,,1,,,0,"Scally, Deborah A",,,,,,das,deborah scally,Professional and Technical Communication 
ECS,3390,5H4,6,12,,,2,,,,,,,,,1,,,0,"Scally, Deborah A",,,,,,das,deborah scally,Professional and Technical Communication 
ECS,3390,5H5,3,13,4,2,,1,,,,,,,,,,,1,"Hartmann, Jonathan",,,,,,jxh190042,jonathan hartmann,Professional and Technical Communication 
ECS,3390,5H6,4,13,,,1,,,,,,,,,2,,,1,"Scally, Deborah A",,,,,,das,deborah scally,Professional and Technical Communication 
ECS,3390,5H7,,10,7,4,1,2,,,,,,,,,,,1,"Coleman, Amanda R",,,,,,axc173630,,Professional and Technical Communication 
ECS,3390,5H8,4,11,,,1,,,1,1,,,,2,,,,1,"Scally, Deborah A",,,,,,das,deborah scally,Professional and Technical Communication 
ECS,3390,5H9,,5,7,3,3,2,1,1,2,,,,,,,,1,"Coleman, Amanda R",,,,,,axc173630,,Professional and Technical Communication 
ECS,3390,HN1,4,10,3,3,,,,,,,,,,1,,,0,"Ryan, Christopher J",,,,,,cxr088000,christopher ryan,Professional and Technical Communication 
ED,3314,001,1,5,8,4,1,2,3,,,,,,,,,,0,"Gladden, Terri S",,,,,,tsg200001,terri gladden,The American Public School 
ED,3314,501,1,1,5,1,,1,3,,,,,,1,,,,2,"Gladden, Terri S",,,,,,tsg200001,terri gladden,The American Public School 
ED,3315,0H1,1,18,1,1,,,,,,,1,,1,,,,1,"Leek, Patricia A",,,,,,santine,patricia leek,Children s Literature 
ED,3315,0H2,,8,2,2,,1,,,,,,,,,1,,0,"Leek, Patricia A",,,,,,santine,patricia leek,Children s Literature 
ED,3339,501,,19,7,1,2,3,2,3,1,,,,3,,1,,3,"McNulty, Angela B",,,,,,mcnulty,,Educational Psychology for Teachers 
ED,3340,501,1,5,1,,1,1,2,1,1,,1,1,1,,,,1,"Haun, Julia T",,,,,,jlb018300,julia haun,Math Concepts for Teachers 
ED,3342,001,,17,1,,,,,,,,,,,,,,0,"Parker, Teresa L",,,,,,tparker,teresa parker,Classroom Management Grades EC - 6 
ED,3342,501,,12,,,,,,,,,,,,,,,0,"Parker, Teresa L",,,,,,tparker,teresa parker,Classroom Management Grades EC - 6 
ED,3345,0H1,,8,3,,2,,,1,2,,1,,,,,,0,"McNulty, Angela B",,,,,,mcnulty,,Art  Music  and Physical Development Grades EC - 6 
ED,3345,5H1,,1,1,,2,2,,1,2,,,,,,,,1,"McNulty, Angela B",,,,,,mcnulty,,Art  Music  and Physical Development Grades EC - 6 
ED,3380,501,6,1,4,,,1,,1,,,,,,,,,0,"Hart, Nicola",,,,,,nxh171730,nicola hart,Curriculum and Instruction in English 
ED,4343,5H1,5,4,5,1,,,,,,,,,,,,,0,"Friedman, Meredith K",,,,,,mxk116530,meredith friedman,Science Methods for Grades EC - 6 
ED,4344,501,1,2,3,4,3,1,,1,,,,,,,,,0,"Huisman, Ingrid",,,,,,ibh013000,ingrid huisman,Mathematics Methods for Elementary Teachers 
ED,4344,502,1,4,2,,1,1,,,,,,,,1,,,0,"Huisman, Ingrid",,,,,,ibh013000,ingrid huisman,Mathematics Methods for Elementary Teachers 
ED,4345,501,,6,4,,,3,,,,,,,,,,,0,"Weiner, Michelle L",,,,,,mxw051000,michelle weiner,Social Studies Methods for Grades EC - 6 
ED,4351,001,13,3,6,,2,1,,,,,,,,,,,0,"Davis, Renee",,,,,,rrd160530,renee davis,ESL for K-12 Teachers 
ED,4351,501,3,3,3,,,1,,,1,,,,,,,,0,"Davis, Renee",,,,,,rrd160530,renee davis,ESL for K-12 Teachers 
ED,4352,001,,8,3,2,5,,1,,,,,,1,,,,1,"McNulty, Angela B",,,,,,mcnulty,,Reading I  Learning to Read 
ED,4353,0H1,3,4,2,3,,,,,,,,,1,,,,0,"Ahmed, Emelia",,,,,,eea190000,,Reading in Secondary Content 
ED,4357,001,1,15,2,4,2,1,,,,1,,,,,2,,0,"Leek, Patricia A",,,,,,santine,patricia leek,Diagnostic Reading 
ED,4358,0W1,1,5,3,1,4,2,2,1,,,1,,,2,,,1,"Root, Alexey",,,,,,aroot,alexey root,Chess I  Using Chess in Schools 
ED,4359,0W1,3,6,,1,2,,,,,,,,1,,,,1,"Root, Alexey",,,,,,aroot,alexey root,Chess II  Institutional and Cultural Contexts of Chess 
ED,4361,501,8,10,,,,,,,,,,,,,,,0,"Pollock, Laurie L",,,,,,lly062000,laurie youngblood pollock,Classroom Management Secondary 
ED,4363,001,,10,,,2,4,,,,,,,2,,,,0,"Leek, Patricia A",,,,,,santine,patricia leek,Reading II ELAR Methods 
ED,4372,5H1,19,3,,1,,,2,,,,,,,,,,0,"Mahmoud, Ramy A",,,,,,mahmoudr,ramy mahmoud,Educational Technology 
ED,4372,5H2,7,5,4,2,3,2,1,,,,,,,1,,,0,"Christensen, Rhonda",,,,,,rxc180023,rhonda christensen,Educational Technology 
EE,1100,001,,13,5,2,8,3,,,,1,,1,3,1,3,,1,"Florence, James M","Pawaskar, Vaibhav Uttam","Goswami, Pingakshya","Xiong, Jiu","Luo, Ziyang",,jmf130530,james florence,Introduction to Electrical and Computer Engineering 
EE,1100,002,,15,5,3,3,1,,1,,,,,,1,1,,2,"Florence, James M","Goswami, Pingakshya","Pawaskar, Vaibhav Uttam","Xiong, Jiu","Luo, Ziyang",,jmf130530,james florence,Introduction to Electrical and Computer Engineering 
EE,1100,003,,28,13,4,4,3,,3,,,1,,5,,,,0,"Florence, James M","Pawaskar, Vaibhav Uttam","Goswami, Pingakshya","Xiong, Jiu","Luo, Ziyang",,jmf130530,james florence,Introduction to Electrical and Computer Engineering 
EE,1202,001,11,8,5,6,7,4,2,4,,,2,2,3,,3,,5,"Cogan, Diana L",,,,,,dcc095020,diana cogan,Introduction to Electrical Engineering II 
EE,2310,301,1,1,8,2,1,1,1,2,,,,,,2,1,,1,"Cogan, Diana L","Zeng, Xiaoming","Pawaskar, Vaibhav Uttam","Wang, Yifan","Gao, Tianning","Munia, Munawara Saiyara",dcc095020,diana cogan,Introduction to Digital Systems 
EE,2310,302,,4,3,,1,2,,,,,1,,1,2,1,,1,"Cogan, Diana L","Wang, Yifan","Pawaskar, Vaibhav Uttam","Munia, Munawara Saiyara","Gao, Tianning","Zeng, Xiaoming",dcc095020,diana cogan,Introduction to Digital Systems 
EE,2310,303,3,2,3,,1,2,1,,,,,1,1,4,2,,1,"Cogan, Diana L","Wang, Yifan","Pawaskar, Vaibhav Uttam","Munia, Munawara Saiyara","Gao, Tianning","Zeng, Xiaoming",dcc095020,diana cogan,Introduction to Digital Systems 
EE,2310,304,,4,,,3,,,1,,1,,,2,,2,,2,"Cogan, Diana L","Wang, Yifan","Pawaskar, Vaibhav Uttam","Munia, Munawara Saiyara","Gao, Tianning","Zeng, Xiaoming",dcc095020,diana cogan,Introduction to Digital Systems 
EE,2310,305,,3,1,,,,,,,,,1,2,3,2,,0,"Cogan, Diana L","Wang, Yifan","Pawaskar, Vaibhav Uttam","Munia, Munawara Saiyara","Gao, Tianning","Zeng, Xiaoming",dcc095020,diana cogan,Introduction to Digital Systems 
EE,3161,051,1,3,1,4,,2,1,,,1,,,1,,,,0,"Mezenner, Rabah",,,,,,rxm129730,rabah mezenner,Social Issues and Ethics in Engineering 
EE,3201,001,,10,9,,2,,,2,,,1,,,,,,4,"Nikoubin, Tooraj","Steele, Alec M","Sheikhlari, Sepehr","Meng, Xingyu","Taherkhani, Nima",,txn190011,tooraj nikoubin,Electrical and Computer Engineering Fundamentals-I Laboratory 
EE,3201,002,3,9,4,2,3,,,,,,5,,,1,,,5,"Nikoubin, Tooraj","Steele, Alec M","Sheikhlari, Sepehr","Meng, Xingyu","Taherkhani, Nima",,txn190011,tooraj nikoubin,Electrical and Computer Engineering Fundamentals-I Laboratory 
EE,3202,304,,5,1,,,,1,,1,,,,1,1,,,2,"Kiasaleh, Kamran",,,,,,kamran,kamran kiasaleh,Electrical and Computer Engineering Fundamentals-II Laboratory 
EE,3202,307,,4,,2,2,,,,,,,,,,2,,1,"Overzet, Lawrence",,,,,,overzet,lawrence overzet,Electrical and Computer Engineering Fundamentals-II Laboratory 
EE,3301,002,4,11,,,1,2,3,,2,,1,,,2,,,3,"Fahimi, Babak","Farhadi, Masoud",,,,,bxf102000,babak fahimi,Electrical Network Analysis 
EE,3301,003,,7,2,,2,,,2,,1,,,,3,1,,0,"Friedman, Joseph S","Hu, Xuan",,,,,jsf160330,joseph friedman,Electrical Network Analysis 
EE,3302,001,1,14,,7,6,5,3,4,2,,1,,1,14,,,2,"Fumagalli, Andrea","Arjona Angarita, Ricardo Javier",,,,,andreaf,andrea fumagalli,Signals and Systems 
EE,3302,002,6,1,2,,3,2,2,1,1,1,2,,1,7,2,,5,"Khoobroo, Amir","Arjona Angarita, Ricardo Javier",,,,,axk144831,amir khoobroo,Signals and Systems 
EE,3302,003,4,10,2,4,4,2,,1,,,,,1,1,1,,0,"Busso Recabarren, Carlos A","Leem, Seong-Gyun",,,,,cxb093000,carlos busso,Signals and Systems 
EE,3310,001,2,1,,,,3,1,1,2,,1,,1,2,,,1,"Lee, Jeong-Bong","Mitra, Arkadeep","Liu, Jinbo",,,,jblee,jeong bong lee,Electronic Devices 
EE,3310,002,6,10,3,9,5,5,7,1,2,,2,,1,5,,,4,"Lee, Jeong-Bong",,,,,,jblee,jeong bong lee,Electronic Devices 
EE,3311,001,3,10,2,,3,2,1,1,,,,,,1,,,2,"Pourkamali, Siavash","Palit, Prithviraj",,,,,sxp124631,siavash pourkamali,Electronic Circuits 
EE,3311,501,3,6,3,1,1,1,2,2,,,,,1,1,1,,0,"Pourkamali, Siavash","Cheng, Qi",,,,,sxp124631,siavash pourkamali,Electronic Circuits 
EE,3320,001,1,1,6,2,4,2,,,1,,,,,5,1,,1,"Bhatia, Dinesh","Goswami, Pingakshya",,,,,dinesh,dinesh bhatia,Digital Circuits 
EE,3320,002,5,6,3,7,1,2,,2,2,,,,2,3,,,0,"Basu, Kanad","Kuruvila, Abraham P",,,,,kxb190012,kanad basu,Digital Circuits 
EE,3320,502,4,9,5,2,,,1,,,,2,,,2,,,0,"Nikoubin, Tooraj","Huang, Qiongdan",,,,,txn190011,tooraj nikoubin,Digital Circuits 
EE,4201,301,,10,,,,,,,,,,,,,,,0,"Tamil, Lakshman",,,,,,laxman,lakshman tamil,Electrical and Computer Engineering Laboratory in Computing Systems and Computer Engineering 
EE,4201,302,,14,,,,,,,,,,,,,,,0,"Tamil, Lakshman",,,,,,laxman,lakshman tamil,Electrical and Computer Engineering Laboratory in Computing Systems and Computer Engineering 
EE,4301,001,1,12,11,5,18,4,2,3,1,,,,,4,,,1,"Heins, Matthew S","Abbas, Farhat",,,,,msh130130,matthew heins,Electromagnetic Engineering I 
EE,4301,501,2,13,7,4,22,3,2,1,1,,,,1,1,1,,0,"Heins, Matthew S","Lin, Dayang",,,,,msh130130,matthew heins,Electromagnetic Engineering I 
EE,4304,001,1,2,2,3,8,,,,,,,,,1,,,2,"Makris, Georgios","Tellakula, Suraag S",,,,,gxm112130,yiorgos makris,Computer Architecture 
EE,4304,501,2,13,,2,5,,1,3,,,,,,1,,,0,"Hu, Yang","Wang, Jianda",,,,,yxh177430,yang hu,Computer Architecture 
EE,4310,001,,17,,2,13,2,,5,4,2,2,1,7,10,1,,3,"Skinner, Neal G","Noor Shoudha, Shamman","Olee, Shakil Mahmud",,,,skinner,neal skinner,Systems and Controls 
EE,4330,001,9,7,14,5,3,7,1,,3,,,,,1,,,0,"Young, Chadwin D","Lin, Dayang",,,,,cdy120030,chadwin young,Integrated Circuit Technology 
EE,4340,001,,13,,8,8,2,1,2,,,1,1,,4,,,1,"Ma, Dongsheng","Kwak, Jin W",,,,,dxm101000,dongsheng ma,Analog Integrated Circuit Analysis and Design 
EE,4361,001,2,6,3,4,6,4,3,1,1,,,,,,1,,8,"Panahi, Issa","Shankar, Nikhil",,,,,imp015000,issa panahi,Introduction to Digital Signal Processing 
EE,4363,001,18,3,3,2,4,,1,1,,,,,2,2,,,4,"Gardner, Matthew C","Daniar, Ahmad",,,,,mcg200004,matthew gardner,Introduction to Power Electronics 
EE,4365,001,2,17,8,9,8,2,2,,,,,,1,,,,1,"Saquib, Mohammad","Noor Shoudha, Shamman",,,,,saquib,mohammad saquib,Introduction to Wireless Communication 
EE,4368,001,,18,1,1,11,1,1,4,3,,2,,,3,,,2,"Lehmann, Randall E","Ramanathan, Shunmugapriya",,,,,rel041000,randall lehmann,RF Circuit Design Principles 
EE,4370,001,6,10,1,,,1,,1,,,,,,1,1,,0,"Swartz, William P","Akbarzadeh, Sara","Raghavendra, Shruthi",,,,wps100020,william swartz,Embedded Systems 
EE,4388,001,1,15,2,2,,,,,,,,,,2,,,0,"Tacca, Marco",,,,,,mtacca,marco tacca,Senior Design Project I 
EE,4388,002,,21,3,,,,,,,,,,,,,,0,"Tacca, Marco",,,,,,mtacca,marco tacca,Senior Design Project I 
EE,4388,003,3,27,,2,,,,,,,,,,,,,0,"Skinner, Neal G",,,,,,skinner,neal skinner,Senior Design Project I 
EE,4389,001,,31,,,,,,,,,,,,,,,0,"Tacca, Marco",,,,,,mtacca,marco tacca,Senior Design Project II 
EECT,6325,002,,7,11,7,2,4,,,,,,,,,,,1,"Sechen, Carl","Salimath, Vibhav Kumarswami",,,,,cms057000,carl sechen,VLSI Design 
EECT,6326,001,,6,6,8,3,,,,,,,,,,,,0,"Liu, Jin","Xiong, Jiu",,,,,jinliu,jin liu,Analog Integrated Circuit Design 
EECT,6378,001,,4,3,2,,,,,,,,,1,,,,0,"Lee, Hoi","Cheng, Qi",,,,,hxl054000,hoi lee,Power Management Circuits 
EECT,7325,001,,4,6,2,,,,,,,,,,,,,0,"Sechen, Carl","Jain, Apurva",,,,,cms057000,carl sechen,Advanced VLSI Design 
EEDG,5325,501,,20,,,,,,,,,,,,,,,0,"Swartz, William P","Xu, Xiangyu",,,,,wps100020,william swartz,Hardware Modeling Using HDL 
EEDG,6301,001,,14,,,,,,,,,,,,,,,0,"Swartz, William P","Tellakula, Suraag S",,,,,wps100020,william swartz,Advanced Digital Logic 
EEDG,6303,001,,3,7,1,,,1,,,,,,,,,1,2,"Nourani, Mehrdad","Sears, Mark R",,,,,nourani,mehrdad nourani,Testing and Testable Design 
EEDG,6306,001,,10,3,1,,,,1,,,,,,,,,0,"Zhou, Dian","Wang, Yifan",,,,,zhoud,dian zhou,Application Specific Integrated Circuits Design 
EEGR,6316,001,,1,3,4,,2,1,,,,,,,,,,0,"Gu, Qing",,,,,,qxg160030,,Fields and Waves 
EEMF,6319,501,,7,3,,,,,,,,,,,,,,0,"Frensley, William","Liu, Jinbo",,,,,frensley,william frensley,Quantum Physical Electronics 
EEPE,6354,001,,8,,2,,,,,,,,,,,,,0,"Akin, Bilal","Daniar, Ahmad",,,,,bxa123330,bilal akin,Power Electronics 
EERF,6311,501,,5,2,3,2,,,,,,,,,,,,0,"Henderson, Rashaunda M","Medina, Oscar F",,,,,rmh072000,rashaunda henderson,RF and Microwave Circuits 
EERF,6355,001,,2,2,2,3,1,,1,,,,,,,,,2,"Saad, Ricardo E","Xu, Xiangyu",,,,,rsaad,ricardo saad,RF and Microwave Amplifier Design 
EERF,6393,001,,12,6,2,1,,,,,,,,,,,5,1,"Heins, Matthew S","Baral, Ashwin Bhobani",,,,,msh130130,matthew heins,Microwave Power Amplifiers 
EERF,6395,001,,10,,,1,,3,1,,,,,,,,1,0,"Lehmann, Randall E","Sears, Mark R",,,,,rel041000,randall lehmann,RF and Microwave Systems Engineering 
EESC,6349,001,,7,2,4,2,,,,,,,,,,,,2,"Minn, Hlaing","Fan, Zhixuan",,,,,hxm025000,hlaing minn,Probability  Random Variables  and Statistics 
EESC,6363,001,,3,4,6,,,,,,,,,,,,3,0,"Kehtarnavaz, Nasser","Azarang, Arian",,,,,nxk019000,nasser kehtarnavaz,Digital Image Processing 
ENGR,2300,001,5,2,5,4,2,3,,2,4,2,1,,5,4,6,,6,"Khoobroo, Amir","Han, Weijie","Li, Chen",,,,axk144831,amir khoobroo,Linear Algebra for Engineers 
ENGR,2300,002,7,9,5,5,4,1,5,1,1,,,1,4,5,1,,3,"Al-Dhahir, Naofal M","Helwa, Sherief M",,,,,nxa028000,naofal al dhahir,Linear Algebra for Engineers 
ENGR,2300,004,18,4,5,6,4,3,3,1,,,,,1,,1,,4,"Ahmed, Shaheen","Leem, Seong-Gyun","Kucuk, Abdullah",,,,sxa176730,shaheen ahmed,Linear Algebra for Engineers 
ENGR,2300,006,5,6,5,4,3,6,2,2,4,,,,1,5,3,,5,"Mezenner, Rabah","Mahmoud, Mohamed H",,,,,rxm129730,rabah mezenner,Linear Algebra for Engineers 
ENGR,2300,007,4,6,7,4,6,1,5,6,,1,1,3,2,2,,,2,"Mezenner, Rabah","Lin, Wei-Cheng",,,,,rxm129730,rabah mezenner,Linear Algebra for Engineers 
ENGR,3300,001,,22,1,2,8,,,5,5,,2,1,,6,2,,2,"Lee, Jung S","Akbarzadeh, Sara","Zhang, Tianliang",,,,jls032000,jung lee,Advanced Engineering Mathematics 
ENGR,3300,002,3,10,2,4,8,,,4,4,2,4,,1,11,3,,0,"Lee, Jung S","Si, Qilin",,,,,jls032000,jung lee,Advanced Engineering Mathematics 
ENGR,3300,003,1,,5,8,26,4,2,1,,,,,,7,1,,0,"Fischetti, Massimo V",,,,,,mvf100020,massimo fischetti,Advanced Engineering Mathematics 
ENGR,3300,004,5,2,6,7,2,2,3,1,6,,1,2,1,6,4,,8,"Saad, Ricardo E","Azarang, Arian","Nourmohamadi, Hesam",,,,rsaad,ricardo saad,Advanced Engineering Mathematics 
ENGR,3300,005,7,1,5,6,3,6,1,1,2,,1,2,1,10,5,,4,"Saad, Ricardo E","Azarang, Arian","Nourmohamadi, Hesam",,,,rsaad,ricardo saad,Advanced Engineering Mathematics 
ENGR,3300,006,3,4,1,1,10,,1,3,8,3,6,1,,9,2,,2,"Lee, Jung S","Zhang, Tianliang","Akbarzadeh, Sara",,,,jls032000,jung lee,Advanced Engineering Mathematics 
ENGR,3300,007,,26,3,5,13,,,3,,,,,,6,,,0,"Ali, Mohammed Z","Mohamed, Ahmed M","Si, Qilin",,,,mohammed,ali mohammed,Advanced Engineering Mathematics 
ENGR,3341,001,,3,5,9,3,2,4,5,4,,,,3,7,4,,8,"Fonseka, John","Hassan, Rana A",,,,,kjp,john fonseka,Probability Theory and Statistics 
ENGR,3341,002,1,22,2,3,8,1,2,6,,,,,,10,,,2,"Ali, Mohammed Z","Mohamed, Ahmed M",,,,,mohammed,ali mohammed,Probability Theory and Statistics 
ENGR,3341,005,7,17,3,1,7,2,,,2,,,,5,10,2,,2,"Myers, Kathleen","Quayum, Ayon",,,,,kxm156530,kathleen myers,Probability Theory and Statistics 
ENGR,3341,006,1,23,6,3,9,4,,5,,,,,,4,,,2,"Ali, Mohammed Z","Upadhyay, Bhaskar R",,,,,mohammed,ali mohammed,Probability Theory and Statistics 
ENGR,3341,007,1,1,1,2,1,2,8,,6,,,4,5,15,5,,6,"Fonseka, John","Hassan, Rana A",,,,,kjp,john fonseka,Probability Theory and Statistics 
ENGR,3341,008,4,11,5,3,3,2,2,,1,,1,,6,8,3,,7,"Myers, Kathleen","Quayum, Ayon",,,,,kxm156530,kathleen myers,Probability Theory and Statistics 
ENGR,3341,501,3,35,3,7,2,1,,5,,,,,,,,,0,"Ali, Mohammed Z","Upadhyay, Bhaskar R",,,,,mohammed,ali mohammed,Probability Theory and Statistics 
ENGY,3301,001,,11,2,,,,,,,,,,,1,,,0,"Sibley, Daniel C","Wendel, Alexa P",,,,,dcs170002,daniel sibley,Managing Carbon Assets  Oil  Gas  and Coal 
ENGY,6330,501,,9,2,,,,,,,,,,,,,,0,"Sibley, Daniel C","Wendel, Alexa P",,,,,dcs170002,daniel sibley,Energy Law and Contracts 
ENTP,3301,001,,12,7,,15,4,2,3,1,,1,,,11,1,,3,"Kimzey, Jackie","Kathuria, Nishant",,,,,jxk092000,jackie kimzey,Innovation and Entrepreneurship 
ENTP,3301,002,,4,9,1,11,10,4,4,2,,1,,1,6,2,,3,"Kimzey, Jackie","Kathuria, Nishant",,,,,jxk092000,jackie kimzey,Innovation and Entrepreneurship 
ENTP,3301,003,2,18,26,7,3,2,2,,,,,,,1,,,0,"Nichols, Paul M",,,,,,pxn120030,paul nichols,Innovation and Entrepreneurship 
ENTP,3301,0W1,,15,,,20,,,3,,,,,1,8,,,1,"Pedigo, Madison F",,,,,,mfp013000,madison pedigo,Innovation and Entrepreneurship 
ENTP,3301,0W2,,14,,,19,,,6,,,,,2,7,,,1,"Pedigo, Madison F",,,,,,mfp013000,madison pedigo,Innovation and Entrepreneurship 
ENTP,3320,001,1,1,5,4,,,,,,,,,,,,,1,"Peck, Paul S",,,,,,psp012100,,Start-up Launch I 
ENTP,3360,001,,3,3,,2,2,,,,1,1,,,2,2,,1,"Baranchuk, Nina","Upadhyay, Mohit",,,,,nxb043000,nina baranchuk,Entrepreneurial Finance 
ENTP,4330,001,9,6,2,,3,4,5,1,,,,,5,2,,,3,"Welbourne Eleazar, Miranda J",,,,,,mjw160530,miranda welbourne eleazar,Entrepreneurial Marketing 
ENTP,4340,501,13,36,30,35,31,12,7,12,7,,6,,3,22,,,1,"Wright, Robert G","Lee, Minjung","Briseno, Joselyn A",,,,rgw091000,robert wright,Social Sector Entrepreneurship and Community Engagement 
ENTP,4350,001,,18,,,8,,,1,,,1,,2,,,,2,"Shah, Rajiv","Mathew, George",,,,,rxs079000,rajiv shah,Corporate Entrepreneurship 
ENTP,4V00,001,4,4,4,,,,,,,,,,,2,,,0,"Chambers, Bryan D","Liu, Yu",,,,,bdc160330,,Special Topics in Entrepreneurship 
ENTP,6370,0W1,,3,9,,,,,,,,,,1,,,2,0,"Kimzey, Jackie","Kathuria, Nishant",,,,,jxk092000,jackie kimzey,Innovation and Entrepreneurship 
ENTP,6370,501,,4,,3,2,1,,,,,,,,,,2,0,"Kimzey, Jackie","Kathuria, Nishant",,,,,jxk092000,jackie kimzey,Innovation and Entrepreneurship 
ENTP,6375,0W1,,8,,,2,,,,,,,,1,,,1,0,"Bochsler, Daniel C",,,,,,dcb091000,daniel bochsler,Technology and New Product Development 
ENTP,6380,502,,4,5,2,,,,,,,,,,,,,0,"Nichols, Paul M",,,,,,pxn120030,paul nichols,Market Entry Strategies 
ENVR,2302,001,4,5,1,2,3,,,3,1,,,,2,1,,,2,"Cummings, Anthony R",,,,,,arc131030,anthony cummings,The Global Environment 
EPCS,2200,001,,24,3,8,7,1,,,,,,,1,10,1,,2,"Bennett, Terrell R",,,,,,trb052000,terrell bennett,Engineering Projects in Community Service 
EPPS,1110,001,,30,,,9,,,3,,,1,,3,4,1,,5,"Lanham, Carol C","Gordon, Quinn T",,,,,ccl054000,carol lanham,Critical Issues in the Social Sciences 
EPPS,1110,002,,25,,,1,,,1,,,2,,,2,1,,2,"Lanham, Carol C","Gordon, Quinn T",,,,,ccl054000,carol lanham,Critical Issues in the Social Sciences 
EPPS,1110,003,,17,,,4,,,1,,,,,2,3,,,2,"Lanham, Carol C","Gordon, Quinn T",,,,,ccl054000,carol lanham,Critical Issues in the Social Sciences 
EPPS,2301,001,9,11,4,4,4,5,5,4,7,,2,,9,9,1,,17,"Kosiewicz, Holly","Meher, Shreyas R",,,,,hxk200027,holly kosiewicz,Research Design in the Social and Policy Sciences 
EPPS,2301,002,,19,2,2,3,6,1,,1,,,,1,,,,4,"Park, Yongjun",,,,,,yxp171730,,Research Design in the Social and Policy Sciences 
EPPS,2301,003,2,7,1,6,5,,2,,,,5,,5,1,2,,3,"Dean, Denis J",,,,,,djd081000,denis dean,Research Design in the Social and Policy Sciences 
EPPS,2302,001,,17,10,2,2,2,2,1,,,,,4,1,,,1,"Bray, Timothy M","Galvan, Anthony M","Farooq, Shahrukh",,,,tmb021000,timothy bray,Methods of Quantitative Analysis in the Social and Policy Sciences 
EPPS,2302,002,,,1,5,,,,1,,,,,,,,,5,"Tiefelsdorf, Michael",,,,,,mrt052000,michael tiefelsdorf,Methods of Quantitative Analysis in the Social and Policy Sciences 
EPPS,2302,003,10,9,4,1,3,1,,,,,1,,4,,,,3,"Islam, Iftekhairul",,,,,,ixi102020,,Methods of Quantitative Analysis in the Social and Policy Sciences 
EPPS,6302,001,,7,3,2,,,,,,,,,1,,,,1,"Ho, Karl",,,,,,kxh022100,karl ho,Methods of Data Collection and Production 
EPPS,6313,0W1,,16,,2,,,,1,,,,,3,,,,3,"Bray, Timothy M",,,,,,tmb021000,timothy bray,Introduction to Quantitative Methods 
EPPS,6313,502,,11,5,9,1,,,,,,,,,,,,2,"Gorina, Evgenia","Rogers, Amanda",,,,,exg131830,evgenia gorina,Introduction to Quantitative Methods 
EPPS,6316,501,,2,2,2,3,3,1,,,,,,1,,,,5,"Tiefelsdorf, Michael","Yang, Yalin",,,,,mrt052000,michael tiefelsdorf,Applied Regression 
EPPS,6346,001,,17,5,,,,,,,,,,,,,,0,"Alexander, Bobby",,,,,,bcalex,bobby alexander,Qualitative Research Orientation 
EPPS,6356,001,,15,4,,,,,,,,,,1,,,,1,"Ho, Karl",,,,,,kxh022100,karl ho,Data Visualization 
EPPS,7313,501,,5,4,4,3,1,1,,,,,,,,,,2,"Kim, Dohyeong",,,,,,dxk132530,dohyeong kim,Descriptive and Inferential Statistics 
EPPS,7370,001,,3,,10,,,,,,,,,,,,2,0,"Brandt, Patrick",,,,,,pxb054000,patrick brandt,Time Series Analysis I 
EPPS,7386,001,,18,,,,,,,,,,,1,,,,2,"Clarke, Harold D",,,,,,hclarke,harold clarke,Survey Research 
FILM,1303,001,18,11,4,3,2,2,1,1,,1,,,,2,1,,2,"Almroani, Nouf Mfdhi H",,,,,,nma160130,nouf mfdhi almroani,Transnational Film and Video 
FILM,2332,001,2,9,8,13,8,15,8,5,5,6,3,,9,16,4,,8,"Petty, John E","Wensel, Laurence L",,,,,jep140330,john petty,Understanding Film 
FILM,2332,501,5,13,25,21,10,13,4,1,5,2,2,,6,2,4,,6,"Dillard, Clayton","Lyon, Tara L",,,,,cxd190016,clayton dillard,Understanding Film 
FILM,2332,HN1,6,6,7,1,1,1,,,,,,,,2,,,1,"McLean, Adrienne L",,,,,,amclean,adrienne mclean,Understanding Film 
FILM,3325,001,1,27,3,,1,1,,2,,,,,2,,1,,1,"Warren, Shilyh J",,,,,,sjw120030,shilyh warren,Film Authorship 
FIN,3300,001,,23,,,8,,,3,,,3,,,2,2,,2,"Lynch, Julie","Upadhyay, Mohit",,,,,jxl180030,julie lynch,Personal Finance 
FIN,3305,001,1,5,3,,10,3,,3,2,,,,,8,,,1,"Guttery, Randall","Wen, Yaxin",,,,,rxg112530,randall guttery,Real Estate Principles 
FIN,3305,002,,4,,,11,,,3,,,2,,1,5,,,2,"Lynch, Julie","Upadhyay, Mohit",,,,,jxl180030,julie lynch,Real Estate Principles 
FIN,3305,502,1,5,1,,11,,,3,,,,,,10,1,,1,"Guttery, Randall","Wen, Yaxin",,,,,rxg112530,randall guttery,Real Estate Principles 
FIN,3320,001,,2,3,3,4,,1,1,,,,,,3,,,1,"Lee, Pil-Seng",,,,,,pxl132230,pil seng lee,Business Finance 
FIN,3320,002,4,5,2,3,1,2,,1,2,,2,3,,10,5,,5,"Kim, Sang Hyun",,,,,,sxk158231,sang hyun kim,Business Finance 
FIN,3320,003,3,7,3,1,2,,,3,1,2,3,,1,8,1,,10,"Cordell, David M","Kambiri, Prerak",,,,,dmc012300,david cordell,Business Finance 
FIN,3320,004,4,6,2,5,7,,2,,1,1,,1,2,13,2,,3,"Gurun, Ayfer",,,,,,axg119030,ayfer gurun,Business Finance 
FIN,3320,005,,12,7,7,8,5,,1,,,,,,5,,,3,"Khanapure, Revansiddha B","Tanwani, Vineeta",,,,,rbk160130,revansiddha khanapure,Business Finance 
FIN,3320,006,8,6,3,10,2,3,2,1,,1,,1,1,7,,,2,"Xu, Jiadi",,,,,,jxx170330,,Business Finance 
FIN,3320,007,4,19,,2,3,,,2,,,1,,,4,,,0,"Zhu, Yifan",,,,,,yxz166130,yifan zhu,Business Finance 
FIN,3320,008,4,6,8,5,2,,2,4,1,1,,1,4,9,1,,1,"Gurun, Ayfer",,,,,,axg119030,ayfer gurun,Business Finance 
FIN,3320,009,4,6,5,,2,3,,,1,,2,1,1,18,1,,4,"Kim, Sang Hyun",,,,,,sxk158231,sang hyun kim,Business Finance 
FIN,3320,010,2,4,5,2,5,2,1,,2,7,,,1,9,1,,3,"Cordell, David M","Kambiri, Prerak",,,,,dmc012300,david cordell,Business Finance 
FIN,3320,011,,4,6,7,8,8,4,,,,,,2,5,1,,3,"Rebello, Michael J",,,,,,mjr071000,michael rebello,Business Finance 
FIN,3320,0E1,,9,7,5,3,5,,1,1,2,,,6,4,,,5,"Kaur, Dupinderjeet","Tembhurne, Sumit",,,,,dxk110730,dupinderjeet kaur,Business Finance 
FIN,3320,0W1,2,13,3,4,10,4,,4,,,2,,1,13,1,,3,"Manzi, Jeff",,,,,,jxm158130,jeffrey manzi,Business Finance 
FIN,3320,0W2,3,14,5,2,4,2,,1,4,,,,,22,,,2,"Peabody, Stephen D",,,,,,sdp093020,,Business Finance 
FIN,3320,0W3,3,10,15,2,3,5,1,1,1,,2,,,12,,,3,"Peabody, Stephen D",,,,,,sdp093020,,Business Finance 
FIN,3320,501,4,7,5,2,5,3,,3,1,,1,,2,14,1,,5,"Peabody, Stephen D",,,,,,sdp093020,,Business Finance 
FIN,3320,502,,6,8,7,8,1,1,,1,,,,1,1,,,2,"Khanapure, Revansiddha B","Tanwani, Vineeta",,,,,rbk160130,revansiddha khanapure,Business Finance 
FIN,3330,001,10,13,,4,10,,2,,,,,,1,2,,,0,"Chapman, Juliann G","Tennyson, Sephode P",,,,,jgc160130,juliann chapman,Personal Financial Planning 
FIN,3330,002,13,20,,4,5,,1,2,,,,,1,1,,,1,"Chapman, Juliann G","Tennyson, Sephode P",,,,,jgc160130,juliann chapman,Personal Financial Planning 
FIN,3330,003,23,20,,4,1,,,,,,,,,,,,0,"Chapman, Juliann G","Tennyson, Sephode P",,,,,jgc160130,juliann chapman,Personal Financial Planning 
FIN,3330,004,16,14,,9,5,,1,,,,,,,1,,,0,"Chapman, Juliann G","Tennyson, Sephode P",,,,,jgc160130,juliann chapman,Personal Financial Planning 
FIN,3340,501,23,21,18,3,2,,,,1,,,,1,1,,,2,"Molina, Stephen","Wendel, Alexa P",,,,,sxm163630,stephen molina,Regulation of Business and Financial Markets 
FIN,3350,001,4,6,3,2,5,1,1,3,1,,,,,6,,,2,"Rivera Mesias, Alejandro","Sharma, Abhishek",,,,,axr150331,alejandro rivera mesias,Financial Markets and Institutions 
FIN,3350,002,3,2,1,3,3,1,1,,,,,,,2,1,,1,"Rivera Mesias, Alejandro","Sharma, Abhishek",,,,,axr150331,alejandro rivera mesias,Financial Markets and Institutions 
FIN,3360,001,1,10,13,6,6,3,3,1,1,2,1,,1,3,,,0,"Baranchuk, Nina","Upadhyay, Mohit",,,,,nxb043000,nina baranchuk,Entrepreneurial Finance 
FIN,3365,001,11,11,3,6,18,2,,4,,1,,,3,4,,,0,"DeCourcy, George A",,,,,,gad075000,george decourcy,Real Estate Finance and Principles 
FIN,3370,001,1,5,10,3,4,1,1,,1,,,,1,1,,,1,"Haynes, Steven",,,,,,sxh102420,steven haynes,Principles of Risk Management and Insurance 
FIN,3370,002,4,8,6,8,6,6,,,,,2,,1,3,,,0,"Haynes, Steven","Kandoi, Sidharth",,,,,sxh102420,steven haynes,Principles of Risk Management and Insurance 
FIN,3380,001,1,3,17,8,2,3,6,5,1,,,,1,8,,,1,"Gurun, Ayfer",,,,,,axg119030,ayfer gurun,International Financial Management 
FIN,3390,001,18,5,5,3,2,1,,1,2,1,,,,6,1,,0,"El-Ashmawi, Amal H","Ramesh Vasisht, Sudhanva",,,,,ahe013000,amal el ashmawi,Introduction to Financial Modeling 
FIN,3390,002,5,2,7,4,5,4,,1,1,,,1,1,4,1,,4,"El-Ashmawi, Amal H","Ramesh Vasisht, Sudhanva",,,,,ahe013000,amal el ashmawi,Introduction to Financial Modeling 
FIN,3390,003,13,5,2,2,1,1,2,2,2,,1,1,1,5,1,,2,"El-Ashmawi, Amal H","Ramesh Vasisht, Sudhanva",,,,,ahe013000,amal el ashmawi,Introduction to Financial Modeling 
FIN,3390,004,,20,3,4,2,2,1,,3,,,,2,4,,,3,"Kaur, Dupinderjeet","Tembhurne, Sumit",,,,,dxk110730,dupinderjeet kaur,Introduction to Financial Modeling 
FIN,3390,502,,18,5,4,,2,3,,3,1,,,1,2,1,,1,"Kaur, Dupinderjeet","Tembhurne, Sumit",,,,,dxk110730,dupinderjeet kaur,Introduction to Financial Modeling 
FIN,3395,501,,12,7,2,1,3,1,,1,,,,3,6,,,2,"Kaur, Dupinderjeet","Tembhurne, Sumit",,,,,dxk110730,dupinderjeet kaur,Financial Modeling and Valuation 
FIN,4300,001,,4,3,,5,,2,3,,1,3,,1,2,1,,4,"Wei, Kelsey D","Guo, Shujian",,,,,kdw061000,kelsey wei,Investment Management 
FIN,4300,002,,6,2,,2,,1,1,,1,2,,,4,3,,3,"Wei, Kelsey D","Guo, Shujian",,,,,kdw061000,kelsey wei,Investment Management 
FIN,4300,003,,11,12,5,2,1,,,1,,,,,6,,,3,"Saretto, Alessio","Kelly, Matthew L",,,,,axs125732,alessio saretto,Investment Management 
FIN,4300,501,,4,9,6,11,,3,3,,,,,,5,,,0,"Khanapure, Revansiddha B","Tanwani, Vineeta",,,,,rbk160130,revansiddha khanapure,Investment Management 
FIN,4307,001,11,22,4,,,,,,,,,,,,,,0,"Furst, Jack D",,,,,,jdf170030,jack furst,Private Equity 
FIN,4310,001,6,4,5,4,1,,,1,3,1,3,1,3,4,2,,1,"Meier, Jean-Marie","Oyima-Antseleve, Ndackyssa",,,,,jmm172030,jean marie meier,Intermediate Financial Management 
FIN,4310,002,8,4,4,3,3,,1,3,,3,1,,2,4,4,,0,"Meier, Jean-Marie","Oyima-Antseleve, Ndackyssa",,,,,jmm172030,jean marie meier,Intermediate Financial Management 
FIN,4310,501,4,2,2,1,4,1,2,3,3,,2,,3,,5,,2,"Meier, Jean-Marie","Oyima-Antseleve, Ndackyssa",,,,,jmm172030,jean marie meier,Intermediate Financial Management 
FIN,4310,503,3,7,3,3,4,2,1,,1,1,1,,,8,,,3,"Smith, Jake A",,,,,,jas171530,,Intermediate Financial Management 
FIN,4328,501,,2,,,7,,,2,,,,,1,,,,3,"Lynch, Julie","Upadhyay, Mohit",,,,,jxl180030,julie lynch,Real Estate Valuation 
FIN,4331,001,2,7,1,2,1,1,1,2,,,,,,,,,0,"Haynes, Steven",,,,,,sxh102420,steven haynes,Business Liability Risk Management and Insurance 
FIN,4333,501,2,1,1,4,,2,,1,,,,,,,,,1,"Haynes, Steven",,,,,,sxh102420,steven haynes,Enterprise Risk Management 
FIN,4340,001,2,7,7,3,,1,,,2,,,,1,,1,,1,"Saretto, Alessio","Kelly, Matthew L",,,,,axs125732,alessio saretto,Options and Futures Markets 
FIN,4345,501,6,9,6,1,1,1,,,2,1,1,1,,1,,,0,"Ma, Liping","Sharma, Abhishek",,,,,lxm133730,liping ma,Financial Information and Analysis 
FIN,6253,XS1,,21,6,3,3,,,,,,,,,,,,0,"Reichert, Carolyn A",,,,,,carolyn,carolyn reichert,
FIN,6300,0W1,,7,5,3,3,1,,,,,,,1,,,1,1,"Cordell, David M","Kambiri, Prerak",,,,,dmc012300,david cordell,Personal Finance 
FIN,6301,002,,33,6,3,8,,1,,,,,,2,,,2,1,"Xiao, Steven","Oyima-Antseleve, Ndackyssa",,,,,sxx150930,steven xiao,Financial Management 
FIN,6301,0W1,,32,6,2,4,3,,,,,,,,,,,0,"El-Ashmawi, Amal H",,,,,,ahe013000,amal el ashmawi,Financial Management 
FIN,6301,501,,35,10,,9,,,,,,,,1,,,2,2,"Xiao, Steven","Oyima-Antseleve, Ndackyssa",,,,,sxx150930,steven xiao,Financial Management 
FIN,6301,GW1,,24,5,3,9,1,1,,,,,,1,,,3,0,"Reichert, Carolyn A",,,,,,carolyn,carolyn reichert,
FIN,6301,MBC,,15,10,4,5,,,2,,,,,,,,20,2,"Reichert, Carolyn A",,,,,,carolyn,carolyn reichert,
FIN,6307,0W1,,3,2,4,1,4,,,,,,,2,,,1,3,"Ma, Liping","Sharma, Abhishek",,,,,lxm133730,liping ma,Mathematical Methods for Finance 
FIN,6307,501,,11,5,1,8,1,,,,,,,,,,9,2,"Ma, Liping","Sharma, Abhishek",,,,,lxm133730,liping ma,Mathematical Methods for Finance 
FIN,6308,0W1,,8,5,2,5,,,1,,,,,,,,3,2,"Lewin, Peter","Josyula, Chandramouli Niranjan",,,,,plewin,peter lewin,Regulation of Business and Financial Markets 
FIN,6310,501,,8,2,6,2,2,,,,,,,,,,8,0,"Xu, Yexiao","Wen, Yaxin",,,,,yexiaoxu,yexiao xu,Investment Theory and Practice 
FIN,6314,0W1,,13,2,4,8,,,,,,,,,,,8,0,"Manzi, Jeff",,,,,,jxm158130,jeffrey manzi,Fixed Income Securities 
FIN,6315,501,,4,4,2,1,1,,,,,,,,,,1,2,"Shah, Rajiv","Mathew, George",,,,,rxs079000,rajiv shah,Entrepreneurial Finance 
FIN,6318,001,,10,4,4,2,1,,1,,,,,,,,6,0,"Xu, Yexiao","Wen, Yaxin",,,,,yexiaoxu,yexiao xu,Analytics of Finance 
FIN,6321,501,,5,1,,6,,,,,,,,,,,3,0,"Guttery, Randall","Wen, Yaxin",,,,,rxg112530,randall guttery,Introduction to Real Estate 
FIN,6322,0W1,,28,6,3,1,,,,,,,,,,,5,0,"DeCourcy, George A",,,,,,gad075000,george decourcy,Real Estate Finance and Investment 
FIN,6325,501,,6,,2,2,,1,,,,,,,,,2,1,"Rivera Mesias, Alejandro","Sharma, Abhishek",,,,,axr150331,alejandro rivera mesias,Macroeconomics and Financial Markets 
FIN,6350,501,,7,1,3,4,1,,,,,,,,,,4,0,"Baranchuk, Nina","Upadhyay, Mohit",,,,,nxb043000,nina baranchuk,Advanced Corporate Finance 
FIN,6352,501,,11,5,5,1,2,1,1,,,,,,,,3,4,"Springate, David J","Tanwani, Vineeta",,,,,spring8,david springate,Financial Modeling For Valuation 
FIN,6357,501,,10,2,2,,,,,,,,,,,,,0,"Springate, David J","Tanwani, Vineeta",,,,,spring8,david springate,Corporate Restructuring and Turnarounds 
FIN,6360,001,,12,28,12,,,,,,,,,,,,5,0,"Saretto, Alessio","Kelly, Matthew L",,,,,axs125732,alessio saretto,Derivatives Markets 
FIN,6364,501,,3,9,3,,,,,,,,,,,,,1,"Zhang, Huibing",,,,,,hxz054000,huibing harold zhang,Portfolio Analysis and Management 
FIN,6392,001,,13,7,5,2,1,,,,,,,,,,8,0,"Zheng, Zhiqiang",,,,,,zxz062000,zhiqiang zheng,Financial Technology and Blockchain 
FIN,7345,001,,6,2,1,,,,,,,,,,,,1,0,"Wei, Kelsey D",,,,,,kdw061000,kelsey wei,Topics in Empirical Corporate Finance 
FREN,1311,001,,10,,,1,,,1,,,,,1,,,,2,"Fettouh, Maha K",,,,,,mkf101020,maha fettouh,Beginning French I 
FTEC,6301,FH1,,5,5,3,,,,,,,,,,,,,0,"Gurun, Umit","Holstead, Cameron",,,,,ugg041000,umit gurun,
FTEC,6310,FH1,,2,5,5,1,,,,,,,,,,,,0,"Scott, James A",,,,,,jas076100,james scott,
FTEC,6312,FH1,,2,5,3,3,,,,,,,,,,,,0,"Scott, James A",,,,,,jas076100,james scott,
FTEC,6313,FH1,,1,5,4,2,1,,,,,,,,,,,0,"Song, Liugen",,,,,,lxs190018,liugen song,
FTEC,6321,FH1,,2,1,3,3,1,,1,,,,,,,,3,0,"Lois, Brian",,,,,,,brian lois,
FTEC,6334,FH1,,14,,,,,,,,,,,,,,,0,"Zemoodeh, Amir",,,,,,axz120930,amir zemoodeh,
GEOG,2302,001,3,6,1,5,,3,1,,2,1,,,,1,,,1,"Cummings, Anthony R",,,,,,arc131030,anthony cummings,The Global Environment 
GEOG,2303,001,8,10,3,2,2,2,,,1,,,,1,,1,,2,"Vakulenko, Irina","Chen, Meifang",,,,,iav081000,irina vakulenko,People and Place  An Introduction to World Geographic Regions 
GEOG,3304,001,5,7,,,1,,,,,,,,,,1,,1,"Dean, Denis J",,,,,,djd081000,denis dean,Principles of Geospatial Information Sciences 
GEOG,3357,001,8,9,9,4,2,1,2,2,1,,1,2,1,,,,1,"Vakulenko, Irina","Chen, Meifang",,,,,iav081000,irina vakulenko,Spatial Dimensions of Health and Disease 
GEOG,3377,501,4,9,5,5,3,3,,,,,1,,,,,,2,"Vakulenko, Irina","Chen, Meifang",,,,,iav081000,irina vakulenko,Urban Planning and Policy 
GEOG,3382,501,6,3,5,,1,,,2,,,,1,,,,,0,"Vakulenko, Irina","Chen, Meifang",,,,,iav081000,irina vakulenko,Russia  Yesterday  Today  and Tomorrow 
GEOS,1103,101,1,5,3,3,3,2,4,,,,,,,1,,,0,"Griffin, William R","Wang, Ning",,,,,griffin,william griffin,Physical Geology Laboratory 
GEOS,1103,103,1,4,4,4,3,2,,,,,,,,1,,,2,"Griffin, William R","Wang, Ning",,,,,griffin,william griffin,Physical Geology Laboratory 
GEOS,1104,101,2,1,1,1,2,,3,,,,,,1,,,,0,"Pujana, Ignacio","Hiss, Kevin A",,,,,pujana,ignacio pujana,History of Earth and Life Laboratory 
GEOS,1303,001,1,15,12,4,1,1,1,,,,,,,2,,,1,"Griffin, William R","Wang, Ning",,,,,griffin,william griffin,Physical Geology 
GEOS,1303,002,1,6,6,3,3,1,,1,1,2,,1,3,,1,,1,"Pirouz, Mortaza","Quddusi, Muhammad Hassan",,,,,mxp180004,mortaza pirouz,Physical Geology 
GEOS,1303,003,,,1,6,6,10,2,2,2,,,,,4,1,,2,"Manton, William I",,,,,,manton,william manton,Physical Geology 
GEOS,1303,0W1,132,71,22,9,15,4,2,3,1,,1,2,4,9,4,,7,"Pujana, Ignacio","Creecy, Kathryn V",,,,,pujana,ignacio pujana,Physical Geology 
GEOS,1304,001,,2,3,2,1,,1,2,,,,,1,,,,0,"Pujana, Ignacio","Hiss, Kevin A",,,,,pujana,ignacio pujana,History of Earth and Life 
GEOS,2302,001,3,5,2,2,3,2,1,,1,,,,2,,,,2,"Cummings, Anthony R",,,,,,arc131030,anthony cummings,The Global Environment 
GEOS,2306,001,2,6,,2,4,,3,,,1,,,1,2,1,,2,"Mueller, Nicholas J","Geissman, John W","Johnson, Samuel P","Akatakpo, Solomon O",,,njm043000,,Essentials of Field Geologic Methods 
GEOS,2310,001,3,6,11,3,4,3,1,4,,1,,,,1,1,,2,"Brikowski, Tom","Fleischmann, Paula",,,,,brikowi,tom brikowski,Environmental Geology 
GEOS,2409,001,,,1,2,3,3,2,1,,,,1,1,2,,,2,"Manton, William I","Stine, Jonathan M",,,,,manton,william manton,Rocks and Minerals 
GEOS,3421,001,,7,1,4,2,2,1,,,,,,,,1,,1,"Griffin, William R","Willis, Siloa B","Zhang, Yang",,,,griffin,william griffin,Stratigraphy and Sedimentology 
GEOS,3464,001,,2,2,1,3,,,,,1,,1,,,1,,1,"Stern, Robert","Newman, Jordan W",,,,,rjstern,robert stern,Igneous and Metamorphic Petrology 
GEOS,4320,001,4,2,7,2,,,,,,,,,,,,,0,"Zhu, Hejun","Luo, Bingxu",,,,,hxz154830,,The Physics and Chemistry of the Solid Earth 
GEOS,4430,001,1,4,2,,2,1,,,2,,,,,,,,0,"Brikowski, Tom","Sink, Katharine O",,,,,brikowi,tom brikowski,Hydrogeology and Aqueous Geochemistry 
GERM,1311,001,3,5,1,,2,,,,,,,,,,,,1,"Collins, Nora","Camacho-Guardado, Lorena",,,,,nxc180013,nora collins,Beginning German I 
GISC,2305,001,5,8,3,1,1,1,,,,,,,,,,,0,"Dell, Brent",,,,,,bxd160430,brent dell,Spatial Thinking and Data Analytics 
GISC,3304,001,6,5,,,1,,,1,,,,,,,,,2,"Dean, Denis J",,,,,,djd081000,denis dean,Principles of Geospatial Information Sciences 
GISC,4363,001,,2,3,,1,1,,,1,,,,1,1,,,3,"Qiu, Fang","Venigalla, Lasya",,,,,ffqiu,fang qiu,Internet Mapping and Information Processing 
GISC,4381,001,4,3,1,1,4,1,,,,1,,,1,1,,,2,"Karale, Yogita Y",,,,,,yyk160030,,Spatial Data Science 
GISC,4384,001,6,5,4,2,1,,1,,,,,,,,,,0,"Kim, Dohyeong",,,,,,dxk132530,dohyeong kim,Health and Environmental GIS  A Global Perspective 
GISC,6301,501,,2,3,4,2,,,,,,,,1,,,1,1,"Tiefelsdorf, Michael","Yang, Yalin",,,,,mrt052000,michael tiefelsdorf,GIS Data Analysis Fundamentals 
GISC,6325,501,,5,2,3,2,,,,,,,,1,,,,2,"Cummings, Anthony R","Wu, Yanan",,,,,arc131030,anthony cummings,Remote Sensing Fundamentals 
GISC,6381,501,,7,2,1,1,1,1,,,,,,,,,1,2,"Chun, Yongwan","Yu, Xiaohe",,,,,yxc070300,,Geographic Information Systems Fundamentals 
GOVT,2107,0W1,2,,1,1,3,2,,,1,,,,1,,,,0,"Parker, Misty D","Noe, Ricardo",,,,,mxp045000,misty parker,Federal and Texas Constitutions 
GOVT,2305,001,28,86,60,34,23,13,7,9,3,3,4,4,6,9,6,,5,"Parker, Misty D","Noe, Ricardo",,,,,mxp045000,misty parker,American National Government 
GOVT,2305,003,27,28,49,40,35,31,10,13,7,1,3,3,15,23,4,,7,"Hadley, Travis","Shin, Hanna",,,,,txh180023,travis hadley,American National Government 
GOVT,2305,004,,27,13,4,1,1,,,1,,,,,,1,,1,"Latiolais, Jasmine R",,,,,,jrl170030,,American National Government 
GOVT,2305,005,,51,28,19,11,6,6,2,6,1,,,2,3,2,,2,"Lux, Ryan J","Shi, Min",,,,,rjl140330,ryan lux,American National Government 
GOVT,2305,006,,15,12,3,3,1,2,1,2,1,1,1,5,1,,,1,"Johnson, Sara K",,,,,,skj170230,sara johnson,American National Government 
GOVT,2305,HN1,11,8,3,2,,,,,,,,,,,,,0,"Miller, Banks","Ketsler, Luba",,,,,bxm093000,banks miller,American National Government 
GOVT,2306,001,43,44,45,24,31,31,9,6,10,4,4,1,8,32,1,,3,"Hadley, Travis","Shin, Hanna",,,,,txh180023,travis hadley,State and Local Government 
GOVT,2306,002,,41,27,13,11,11,1,2,1,1,,1,5,6,1,,7,"Elliott, Euel W","Dzanie, Raphael K",,,,,eelliott,euel elliott,State and Local Government 
GOVT,2306,003,31,52,36,23,27,16,14,8,2,2,3,3,12,17,7,,3,"Parker, Misty D","Noe, Ricardo",,,,,mxp045000,misty parker,State and Local Government 
GOVT,2306,004,,144,27,39,20,9,9,3,5,3,,2,4,7,2,,4,"Lux, Ryan J","Shi, Min",,,,,rjl140330,ryan lux,State and Local Government 
GOVT,2306,005,,61,26,15,6,4,2,2,,,1,1,2,4,1,,0,"Elliott, Euel W","Dzanie, Raphael K",,,,,eelliott,euel elliott,State and Local Government 
GOVT,2306,006,,125,37,17,12,10,9,4,3,3,,1,5,3,,,7,"Lux, Ryan J","Shi, Min",,,,,rjl140330,ryan lux,State and Local Government 
GOVT,2306,007,,75,33,23,16,19,10,12,5,5,4,2,5,18,3,,12,"Santoro, Lauren A","Eaton, John M",,,,,lar170530,lauren santoro,State and Local Government 
GOVT,2306,HN1,3,8,8,,1,1,,,,,,,,1,,,3,"Dow, Douglas C",,,,,,dougdow,douglas dow,State and Local Government 
GOVT,2306,HN2,2,12,3,1,1,,,,,,,,,1,,,0,"Harpham, Edward",,,,,,harpham,edward harpham,State and Local Government 
GOVT,2306,HN3,,20,2,1,,,,,,,,,,2,,,0,"Elliott, Euel W","Dzanie, Raphael K",,,,,eelliott,euel elliott,State and Local Government 
GOVT,2306,HN4,3,9,7,4,1,,,,,,,,,1,,,0,"Dow, Douglas C",,,,,,dougdow,douglas dow,State and Local Government 
GST,2300,001,,10,4,2,5,2,,1,,,,,,1,,,0,"Smith, Erin",,,,,,erins,erin smith,Introduction to Gender Studies 
GST,3302,001,5,4,1,1,,2,1,,,,,,,,,,1,"Jakobsson, Pia K",,,,,,pkj010100,pia jakobsson,Gender in Western Thought 
HCS,6302,001,,,,,,,,,,,,,,,,35,0,"Stillman, Robert","Scheppele, Meredith A",,,,,stillman,robert stillman,Issues in Behavioral and Brain Sciences - Part I 
HCS,6312,002,,9,8,,2,,,,,,,,1,,,1,0,"Ackerman, Robert A","Knoch, Desiree'",,,,,raa110030,robert ackerman,Research Methods in Behavioral and Brain Sciences - Part I 
HCS,6327,001,,12,1,,,,,,,,,,,,,,0,"Ackerman, Robert A",,,,,,raa110030,robert ackerman,Personality 
HCS,6343,001,,14,14,3,1,,,1,,,,,,,,,0,"Rodriguez, Christa M",,,,,,cmr067000,christa mcintyre rodriguez,Neurobiology of Learning and Memory 
HCS,6350,001,,7,1,2,1,,,,,,,,1,,,,0,"Owen, Margaret",,,,,,mowen,,Social Development 
HCS,6388,001,,5,2,1,3,,,,,,,,,,,,1,"Kilgard, Michael",,,,,,kilgard,michael kilgard,MATLAB for Brain Sciences 
HCS,6395,001,,7,,,2,,,1,,,,,,,,,0,"Wig, Gagandeep S",,,,,,gsw130130,gagan wig,Cognitive Psychology 
HCS,7121,001,,,,,,,,,,,,,,,,30,1,"Price, Theodore J",,,,,,tjp140130,theodore price,Graduate Seminar in Systems Neuroscience 
HCS,7309,001,,9,6,,2,,,,,,,,,,,,0,"Hart, John",,,,,,jxh057100,,Neural Correlates of Human Cognition  Functional Localization 
HCS,7355,001,,13,,,,1,,,,,,,,,,,0,"Park, Bo Kyung",,,,,,bxp200011,bo kyung park,Seminar in Psychological Sciences 
HCS,7364,001,,5,3,1,1,,,,,,,,,,,,0,"Rugg, Michael D",,,,,,mdr104020,michael rugg,Cognitive Neuroscience of Human Memory 
HCS,7372,002,,17,,,,,,1,,,,,1,,,,1,"Price, Theodore J",,,,,,tjp140130,theodore price,Seminar in Neuroscience 
HDCD,6312,001,,18,,,,,,,,,,,,,,,0,"Ewing, Donna M",,,,,,dme061000,donna ewing,Atypical Development 
HDCD,6315,001,,16,,,,,,,,,,,,,,,0,"Ewing, Donna M",,,,,,dme061000,donna ewing,Assessment Theory 
HDCD,6319,001,,12,,1,4,1,,,,,,,,,,,0,"Spence, Melanie","Taylor, Mackenzie B",,,,,mspence,melanie spence,The Developing Child  Infants and Toddlers 
HDCD,6360,001,,10,,,2,,,,,,,,,,,,0,"Anderson, Carol A",,,,,,caa010400,,Behavior Management 
HIST,1301,001,38,79,87,27,18,12,4,,2,1,2,2,9,7,3,,8,"Schlereth, Eric R","Jacobs, Janet K","Rahman, Syed M","He, Tong","Hill, Justin T","Mcatee, Samuel W",exs082000,eric schlereth,U S  History Survey to Civil War 
HIST,1301,002,,41,13,5,5,2,1,5,,,,,3,13,3,,7,"Wright, Ben","Dunham, Daniel C",,,,,bxw151330,ben wright,U S  History Survey to Civil War 
HIST,1301,501,,37,14,8,10,1,,3,2,,1,,6,6,7,,3,"Wright, Ben","Lawrence, Jenna",,,,,bxw151330,ben wright,U S  History Survey to Civil War 
HIST,1302,001,5,29,65,19,16,16,9,10,15,4,2,7,15,13,5,,9,"Schulze, Jeffrey","Simmons, Alyssa","Martinez, Priscilla C","Peterson, Derrick","Dillinger-Smith, Sarah J",,jxs072200,jeffrey schulze,U S  History Survey from Civil War 
HIST,1302,002,7,22,69,38,28,34,7,9,11,5,5,2,13,33,5,,12,"Schulze, Jeffrey","Payne, Nicholas A","Sampson, Eric","Williams, Harold T","Adrian, Athena","Cross, Julie",jxs072200,jeffrey schulze,U S  History Survey from Civil War 
HIST,2301,001,5,30,12,9,15,6,4,4,,,1,2,1,8,,,4,"Stewart, Whitney","Leon Dubon, Saul V",,,,,wxs160630,whitney stewart,History of Texas 
HIST,2301,002,5,35,16,9,12,3,2,4,1,1,,,5,3,1,,2,"Stewart, Whitney","Seidl-Staley, Ash J",,,,,wxs160630,whitney stewart,History of Texas 
HIST,2340,001,7,16,9,2,3,2,2,,1,,,,1,3,,,2,"Admiral, Rosemary",,,,,,rxa170011,rosemary admiral,Middle East Civilizations 
HIST,2350,501,18,10,6,4,,1,2,,,,,4,1,,2,,0,"Gonzalez Corona, Pedro Jose",,,,,,pjg130230,,Latin American Civilizations 
HIST,2370,001,1,11,18,7,,1,1,,,1,,,4,,1,,1,"Pfister, Debra H",,,,,,dhpf,debra pfister,The Holocaust 
HIST,2384,001,,66,2,5,11,2,1,2,,,,2,2,3,2,,2,"Fischer, Anne G","Debic, Mathieu D",,,,,agf190000,anne fischer,U S  Women from Settlement to Present 
HIST,3301,001,,4,,3,,,2,2,,,,,,3,,,3,"Farmer, J Michael",,,,,,jmf073000,michael farmer,Historical Inquiry 
HIST,3302,001,1,1,3,1,1,1,,1,,,,,1,,,,3,"Jakobsson, Pia K",,,,,,pkj010100,pia jakobsson,Gender in Western Thought 
HIST,3314,001,,3,10,1,5,1,1,5,,,,,1,2,,,1,"Farmer, J Michael",,,,,,jmf073000,michael farmer,Tang Dynasty China 
HIST,3324,001,,9,4,2,3,3,1,,1,,,,,,,,2,"Wilson, Michael",,,,,,mwilson,michael wilson,Women in Modern European Society 
HIST,3327,501,,5,17,5,4,2,1,1,2,1,,,1,2,,,5,"Dennis, Patrick W",,,,,,pdennis,patrick dennis,Perspectives on Science 
HIST,3337,001,,26,18,12,13,11,3,3,,,,,1,1,,,1,"Channell, David","Scalley, Michael W",,,,,channell,david channell,Technology and Western Civilization 
HIST,3368,001,1,2,6,3,2,4,,,2,,2,1,1,1,,,1,"Schulze, Jeffrey",,,,,,jxs072200,jeffrey schulze,North American Environmental History 
HIST,3399,001,,20,3,,2,1,,1,,,,,,,2,,0,"Rankin, Monica A","Worthington, Samuel P",,,,,mar046000,monica rankin,Modern Latin American History 
HIST,4359,001,9,1,7,,,1,,,,,,1,,,,,2,"Gonzalez Corona, Pedro Jose",,,,,,pjg130230,,Topics in Latin American History 
HIST,4359,002,,4,,1,2,,,1,,,1,,2,,,,2,"Kerner, Amy",,,,,,axk200088,amy kerner,Topics in Latin American History 
HIST,4360,501,,15,7,5,,,,,1,,,,2,,,,0,"Fischer, Anne G",,,,,,agf190000,anne fischer,Topics in American Women s History 
HIST,4376,002,,3,2,,4,,2,,,,,,1,2,,,3,"Kerner, Amy",,,,,,axk200088,amy kerner,Topics in History 
HIST,4383,001,,10,2,7,,,,,,,1,,1,,,,0,"Ring, Natalie",,,,,,njr041000,natalie ring,Topics in U S  Southern History 
HIST,4388,501,5,4,10,7,1,,,,,,,,1,,,,1,"Pfister, Debra H",,,,,,dhpf,debra pfister,Topics in Holocaust History 
HIST,6301,501,,11,,,,,,,,,,,,,,,0,"Schlereth, Eric R",,,,,,exs082000,eric schlereth,Historiography 
HIST,6320,501,,8,2,,,,,,,,,,,,,,1,"Ring, Natalie",,,,,,njr041000,natalie ring,America in the Nineteenth Century 
HIST,6325,001,,6,5,,,,,,,,,,1,,,1,0,"Hill, Kimberly D",,,,,,kdh140430,kimberly hill,America in the Twentieth Century 
HIST,6342,501,,8,3,,,1,,,,,,,,,,,1,"Patterson, David",,,,,,dxp103120,david patterson,The Holocaust 
HIST,6365,001,,10,,,,,,,,,,,,,,,1,"Rankin, Monica A",,,,,,mar046000,monica rankin,Mexican History 
HIST,6370,001,,11,,,,,,,,,,,,,,,0,"Admiral, Rosemary",,,,,,rxa170011,rosemary admiral,Middle Eastern History 
HIST,6390,001,,3,5,1,,,,,,,,,1,,,,1,"Kang, Shulamith D",,,,,,sdk200001,shulamith kang,Topics in History 
HIST,7306,501,,10,,,,,,,,,,,1,,,,0,"Valente, Sarah d",,,,,,sdv071000,sarah d valente,Advanced Topics in Women  Gender  and Sexuality 
HLTH,1301,0W1,1,2,10,9,3,1,,1,2,1,,,,3,1,,1,"Baetge, Claire",,,,,,cxb170330,claire baetge,Introduction to Kinesiology 
HLTH,1301,0W2,2,5,4,6,2,8,1,,,1,1,,,2,,,0,"Baetge, Claire",,,,,,cxb170330,claire baetge,Introduction to Kinesiology 
HLTH,1322,0W1,,15,7,4,5,4,1,,1,,1,,1,2,2,,1,"Day, Lora N",,,,,,lnd092000,lora day,Human Nutrition 
HLTH,1322,0W3,,23,,3,3,,2,2,,,,,2,1,1,,2,"McBride, Rachael L",,,,,,rlp019100,rachael mcbride,Human Nutrition 
HLTH,3101,0W1,,135,,,8,,,2,,,1,,,1,,,3,"Sandon, Lona",,,,,,lxs095000,lona sandon,Medical Terminology 
HLTH,3101,0W2,,143,,,5,,,1,,,,,,,,,0,"Sandon, Lona",,,,,,lxs095000,lona sandon,Medical Terminology 
HLTH,3101,0W3,,70,,,3,,,,,,1,,,,,,1,"Sandon, Lona",,,,,,lxs095000,lona sandon,Medical Terminology 
HLTH,3101,0W4,,74,,,1,,,,,,,,,,,,0,"Sandon, Lona",,,,,,lxs095000,lona sandon,Medical Terminology 
HLTH,3101,0W5,,48,,,1,,,,,,,,,,,,1,"Sandon, Lona",,,,,,lxs095000,lona sandon,Medical Terminology 
HLTH,3300,001,,114,7,2,1,3,,,,,,,,1,1,,1,"Byrnes, Kathleen A",,,,,,kab019000,kathleen byrnes,Pre-Health Professional Development 
HLTH,3305,001,6,3,7,8,7,1,2,,2,1,1,,,9,,,2,"Stark, Azadeh T",,,,,,ats160030,azadeh stark,The U S  Healthcare System 
HLTH,3305,002,2,6,6,4,4,1,1,,,,,,,4,,,0,"Stark, Azadeh T",,,,,,ats160030,azadeh stark,The U S  Healthcare System 
HLTH,3305,003,3,,,3,1,4,2,1,,,,,1,3,,,0,"Stark, Azadeh T",,,,,,ats160030,azadeh stark,The U S  Healthcare System 
HLTH,3310,001,9,20,10,5,4,2,1,,2,1,,1,2,3,3,,6,"Duquaine-Watson, Jill M",,,,,,jmw087000,jillian duquaine watson,Health Care Issues  Global Perspectives 
HLTH,3315,001,,68,2,1,,2,1,,,,,,,,3,,0,"Byrnes, Kathleen A",,,,,,kab019000,kathleen byrnes,Issues in Patient Education 
HLTH,4108,001,34,2,1,,2,,,,,,,,,,,,1,"Rainey, Anthony D",,,,,,doyen,anthony rainey,Verbal Reasoning and Writing for Pre-Health 
HLTH,4305,001,11,9,6,7,1,3,2,1,,1,1,,1,1,1,,3,"Stark, Azadeh T",,,,,,ats160030,azadeh stark,Public Health 
HLTH,4305,002,28,2,,,,,,,,,,,,,,,0,"Dickey-Laprocido, Galen L",,,,,,gld190001,galen dickey laprocido,Public Health 
HLTH,4305,003,6,4,1,2,,2,1,,,,,,1,,,,2,"Stark, Azadeh T",,,,,,ats160030,azadeh stark,Public Health 
HLTH,4306,001,11,9,7,5,1,2,1,,1,,1,,1,,,,0,"Savard, Ryan R",,,,,,rrs170330,ryan savard,Health and Sport 
HLTH,4306,002,10,5,3,2,3,2,,,2,1,,1,1,,1,,1,"Savard, Ryan R",,,,,,rrs170330,ryan savard,Health and Sport 
HLTH,4380,0W1,17,8,1,2,,,,,,,,,,2,,,0,"Edwards, Christopher W","Slattery, Ryan P",,,,,cwe011000,christopher edwards,Special Topics in Healthcare 
HLTH,4380,0W2,2,8,4,2,2,2,2,1,,2,,,,,,,1,"Edwards, Christopher W","Slattery, Ryan P",,,,,cwe011000,christopher edwards,Special Topics in Healthcare 
HMGT,3080,001,,,,,,,,,,,,,,24,,,0,"Karnuta, Daniel",,,,,,dxk173030,daniel karnuta,Healthcare Management Honors Program Seminar 
HMGT,3301,001,,14,19,4,7,6,1,1,,,,,,3,,,0,"Taylor, Donald E","Agrawal, Pankhudri",,,,,det190000,donald taylor,Introduction to Healthcare Management 
HMGT,3301,002,,19,12,6,10,2,,,,,,,,1,,,0,"Taylor, Donald E","Agrawal, Pankhudri",,,,,det190000,donald taylor,Introduction to Healthcare Management 
HMGT,3301,003,10,25,3,6,4,,,1,,,,,,5,,,0,"Berrett, Britt R","Agrawal, Pankhudri",,,,,brb051000,britt berret,Introduction to Healthcare Management 
HMGT,3301,501,7,12,8,7,4,1,,5,,,,,1,9,,,0,"Berrett, Britt R","Agrawal, Pankhudri",,,,,brb051000,britt berret,Introduction to Healthcare Management 
HMGT,3310,001,1,4,6,7,4,3,,3,1,,,,,9,,,0,"Tesmer, Kristin M",,,,,,kmj063000,kristin tesmer,Healthcare Regulatory Environment 
HMGT,3310,002,1,6,9,4,1,4,,2,1,1,,,,6,,,0,"Tesmer, Kristin M",,,,,,kmj063000,kristin tesmer,Healthcare Regulatory Environment 
HMGT,3311,001,,13,,,8,,1,3,,,1,,,5,1,,2,"Karnuta, Daniel","Mong, Ting",,,,,dxk173030,daniel karnuta,Healthcare Accounting 
HMGT,3311,002,,5,,1,4,,,,,,1,,,6,2,,1,"Karnuta, Daniel","Mong, Ting",,,,,dxk173030,daniel karnuta,Healthcare Accounting 
HMGT,3320,001,,3,1,3,4,3,,,,,,,1,1,,,1,"Berrett, Britt R","Thurgood, Keith L","Agrawal, Pankhudri",,,,brb051000,britt berret,Complex and Dynamic Healthcare Environment 
HMGT,4321,002,4,31,13,5,3,1,2,,,,,,,,,,0,"Moonesinghe, Mark S","Liu, Yihong",,,,,msm160030,mark moonesinghe,Introduction to Healthcare Information Systems 
HMGT,4395,001,3,8,4,,3,1,,2,2,3,,,,6,,,0,"Berrett, Britt R","Kaplan, Marilyn R",,,,,brb051000,britt berret,Capstone Senior Project - Healthcare Management 
HMGT,6311,501,,18,,1,4,,,,,,,,,,,1,0,"Karnuta, Daniel",,,,,,dxk173030,daniel karnuta,Healthcare Financial Accounting 
HMGT,6320,0W1,,35,9,,2,1,,,,,,,1,,,,0,"Thurgood, Keith L","Agrawal, Pankhudri",,,,,klt160130,keith thurgood,The American Healthcare System 
HMGT,6320,501,,6,8,5,2,4,,,,,,,,,,,0,"Walton, James W","Agrawal, Pankhudri",,,,,jww160330,james walton,The American Healthcare System 
HMGT,6321,001,,15,6,1,2,1,,1,,,,,2,,,,0,"Ramanathan, Kannan",,,,,,kxr087000,kannan ramanathan,Strategic Leadership of Healthcare Organizations 
HMGT,6323,501,,14,5,9,5,1,,,,,,,,,,,0,"Ayvaci, Mehmet U","Zhang, Chenglong",,,,,mua120030,mehmet ayvaci,Healthcare Informatics 
HMGT,6324,0W1,,8,1,2,,,,,,,,,1,,,,0,"Ziegler, Laurie","Mong, Ting",,,,,ziegler,laurie ziegler,Healthcare Negotiation and Dispute Resolution 
HMGT,6324,501,,12,,,,,,,,,,,,,,,0,"Ziegler, Laurie","Mong, Ting",,,,,ziegler,laurie ziegler,Healthcare Negotiation and Dispute Resolution 
HMGT,6325,501,,30,1,3,,,,,,,,,,,,,0,"Stephens, Timothy G","Shah, Riya S",,,,,tgs170130,timothy stephens,Healthcare Operations Management 
HMGT,6327,501,,11,1,,,,,,,,,,,,,,0,"Stephens, Timothy G",,,,,,tgs170130,timothy stephens,Electronic Health Records Applications 
HMGT,6330,501,,9,6,1,1,1,,1,,,,,,,,,0,"Drummond, Jeffery P",,,,,,jpd160230,jeffery drummond,Healthcare Law  Policy and Regulation 
HMGT,6330,CH1,,11,2,6,3,1,,,,,,,1,,,,0,"Jacob, Stephen",,,,,,,stephen jacob,
HMGT,6331,CH1,,16,3,,4,3,,1,,,,,,,,,1,"Jacob, Stephen",,,,,,,stephen jacob,
HMGT,6334,501,,6,3,2,2,,,,,,,,,,,,0,"Ayvaci, Mehmet U","Zhang, Chenglong",,,,,mua120030,mehmet ayvaci,Healthcare Analytics 
HMGT,6401,AH6,,30,2,,,,,,,,,,,,,,0,"Kaiser, Robert C",,,,,,,robert kaiser,
HMGT,6401,AW1,,31,4,4,3,,,,,,,,,,,,0,"McCracken, John","Kaiser, Robert C","Convery, Paul",,,,,john mccracken,
HMGT,6402,AH6,,30,1,,,1,,,,,,,,,,,0,"Kaiser, Robert C","McCracken, John","Barden, John P",,,,,robert kaiser,
HMGT,6402,AW1,,16,8,2,1,,,,,,,,,,,,0,"McCracken, John","Convery, Paul",,,,,,john mccracken,
HONS,3101,HN1,,11,,2,,,,,,,,,,2,,,0,"Harpham, Edward",,,,,,harpham,edward harpham,Medicine  Politics  and Philosophy 
HONS,3104,HN1,3,13,,,,,,,,,,,,,,,0,"Dow, Douglas C",,,,,,dougdow,douglas dow,Foreign Film   Political Culture 
HONS,3106,HN1,14,,,,,,,,,,,,,,,,1,"Gentsch, Joanna K",,,,,,jgentsch,joanna gentsch,Positive Psychology 
HONS,3108,HN1,2,9,,1,,,,,,,,,,1,,,1,"Prakash, Ravi",,,,,,ravip,ravi prakash,Internet and Public Policy 
HONS,3111,HN1,3,12,,,,,,,,,,,,,,,0,"Thompson, Christina M",,,,,,cmt120030,christina thompson,Science Fiction 
HONS,3111,HN2,2,12,,,,,,,,,,,,,,,1,"Thompson, Christina M",,,,,,cmt120030,christina thompson,Science Fiction 
HONS,3112,HN1,2,2,3,2,1,2,1,,1,,,,,1,,,0,"Kaplan, Marilyn R",,,,,,mkaplan,marilyn kaplan,Contemporary Topics in Business 
HONS,3199,H10,,10,3,1,,,,,,,,,,,,,1,"Gooch, John C",,,,,,jcg053000,john gooch,Collegium V Honors Readings 
HONS,3199,H11,2,9,2,2,,,,,,,,,,,,,0,"Pitman, Bonnie L","Brunell, Valerie A",,,,,blp120030,bonnie pitman,Collegium V Honors Readings 
HONS,3199,H12,,15,,,,,,,,,,,,,,,0,"Kratz, Dennis M",,,,,,dkratz,dennis kratz,Collegium V Honors Readings 
HONS,3199,H13,,8,,,1,1,,,,1,,,,3,1,,0,"Chao, Jacqueline J",,,,,,jjc161030,,Collegium V Honors Readings 
HONS,3199,H14,5,8,,,,,,,,1,,,,,,,0,"Voskuil, Caryn M",,,,,,cmv150230,,Collegium V Honors Readings 
HONS,3199,HN1,1,14,,,,,,,,,,,,,,,0,"Rippel, Scott A","Thompson, Christina M",,,,,rippel,scott rippel,Collegium V Honors Readings 
HONS,3199,HN2,7,5,2,,,,,,,,,,,,,,0,"LaDow, Eva S",,,,,,esl130130,eva ladow,Collegium V Honors Readings 
HONS,3199,HN3,2,13,,,,,,,,,,,,,,,0,"Towner, Theresa",,,,,,tmtowner,theresa towner,Collegium V Honors Readings 
HONS,3199,HN4,,15,,,,,,,,,,,,,,,0,"Stefan, Mihaela C","Udamulle Gedara, Chinthaka Mahesh","Ma, Ziyuan",,,,mci071000,mihaela stefan,Collegium V Honors Readings 
HONS,3199,HN5,,15,,,,,,,,,,,,,,,0,"Kratz, Dennis M","Stone, Marvin J",,,,,dkratz,dennis kratz,Collegium V Honors Readings 
HONS,3199,HN6,6,6,1,,,,,,,,,,1,,,,0,"Brunell, Valerie A",,,,,,vab061000,,Collegium V Honors Readings 
HONS,3199,HN7,1,14,,,,,,,,,,,,,,,0,"Williams, Nathan",,,,,,nxw170830,nathan williams,Collegium V Honors Readings 
HONS,3199,HN8,3,11,,,,,,,,,,,,1,,,0,"Murchison, David F",,,,,,dfm100020,david murchison,Collegium V Honors Readings 
HONS,3199,HN9,4,8,,,,,,,,,,,1,,,,1,"Brunell, Thomas",,,,,,tlb056000,thomas brunell,Collegium V Honors Readings 
HUMA,1301,HN1,4,17,3,,,,,,,,,,,,,,0,"Wilson, Michael",,,,,,mwilson,michael wilson,Exploration of the Humanities 
HUMA,3351,001,23,4,,2,,,,,,,,,1,,,,0,"Anjum, Zafar",,,,,,zxa110730,zafar anjum,Introduction to Islamic Culture 
HUMA,6300,501,,8,3,,2,,,,,,,,,,,,0,"Rodriguez, Robert X",,,,,,rxr014610,robert rodriguez,Interdisciplinary Approaches to the Arts and Humanities 
IDEA,6300,501,,6,8,1,1,,,,,,,,,,,,0,"Wickberg, Daniel",,,,,,wickberg,daniel wickberg,Proseminar in History of Ideas 
IMS,3310,001,,10,1,1,9,,1,1,,,2,,3,6,2,,4,"Henderson, Tom",,,,,,txh093000,tom henderson,International Business 
IMS,3310,002,1,7,1,4,5,,3,3,,1,,1,1,6,2,,5,"Henderson, Tom",,,,,,txh093000,tom henderson,International Business 
IMS,3310,003,,5,8,8,14,4,5,4,,,1,,1,4,1,,1,"Woldu, Habte G","Date, Sagar U",,,,,wolduh,habte woldu,International Business 
IMS,3310,004,1,9,4,5,9,1,2,5,,,1,,1,8,1,,0,"Woldu, Habte G","Date, Sagar U",,,,,wolduh,habte woldu,International Business 
IMS,3310,005,4,16,17,5,4,3,,1,,1,,,1,1,1,,1,"Bai, Xiaoou",,,,,,xxb150330,xiaoou bai,International Business 
IMS,3310,006,2,7,10,7,10,2,2,2,2,,1,1,,9,1,,0,"Lin, Zhiang","Kwon, Jung Hyun",,,,,zlin,john zhiang lin,International Business 
IMS,3310,007,1,11,15,13,3,2,2,,1,,,,1,6,,,0,"Qian, Cuili","Balaji, Pavithra",,,,,cxq170330,cuili qian,International Business 
IMS,3310,008,,19,4,5,9,5,2,,,,,,,,,,2,"Zydorek, Hubert","Campos de Castro Ferreira, Leticia",,,,,hxz120930,hubert zydorek,International Business 
IMS,3310,009,,25,8,3,2,2,1,,1,,2,,2,4,,,1,"Zydorek, Hubert","Campos de Castro Ferreira, Leticia",,,,,hxz120930,hubert zydorek,International Business 
IMS,3310,010,,29,11,7,4,,2,,,,,,,3,,,0,"Hazzard, Charles F","Ghaisas, Rutwij R",,,,,cxh056000,charles hazzard,International Business 
IMS,3310,011,,8,2,6,15,1,2,3,,,,,,11,,,0,"Woldu, Habte G","Date, Sagar U",,,,,wolduh,habte woldu,International Business 
IMS,3310,012,30,12,,1,2,1,,1,1,,1,1,1,6,4,,2,"Carraher, Shawn M",,,,,,smc130730,shawn carraher,International Business 
IMS,3310,015,1,15,14,5,2,2,2,,,,,,1,1,,,0,"Qian, Cuili","Balaji, Pavithra",,,,,cxq170330,cuili qian,International Business 
IMS,3310,016,,12,16,14,3,,1,1,,,,,,3,,,0,"Hazzard, Charles F","Ghaisas, Rutwij R",,,,,cxh056000,charles hazzard,International Business 
IMS,3310,501,24,7,1,1,,1,,1,,,,2,4,1,1,,1,"Carraher, Shawn M",,,,,,smc130730,shawn carraher,International Business 
IMS,3310,502,2,13,21,9,2,2,1,2,1,,,,,2,,,0,"Qian, Cuili","Balaji, Pavithra",,,,,cxq170330,cuili qian,International Business 
IMS,3310,503,1,2,5,6,6,2,3,3,2,,1,1,,2,1,,2,"Lin, Zhiang","Kwon, Jung Hyun",,,,,zlin,john zhiang lin,International Business 
IMS,3310,HON,4,56,2,,,,,,,,,,,2,,,0,"Zydorek, Hubert","Campos de Castro Ferreira, Leticia",,,,,hxz120930,hubert zydorek,International Business 
IMS,4320,501,,4,8,12,5,,1,1,,,,,,4,,,1,"Lee, Seunghyun","Yeo, Yundong",,,,,sxl029100,,International Marketing 
IMS,4330,501,,20,6,8,9,1,,1,,,,,,1,,,0,"Zydorek, Hubert","Campos de Castro Ferreira, Leticia",,,,,hxz120930,hubert zydorek,Global Human Resource Management 
IMS,4335,501,,9,3,4,6,3,2,2,2,,2,,,5,,,0,"Wright, Robert G","Lee, Minjung","Briseno, Joselyn A",,,,rgw091000,robert wright,Social Sector Entrepreneurship and Community Engagement 
IMS,6304,001,,28,,,19,,,,,,,,,,,2,1,"Peng, Mike",,,,,,mxp059000,mike peng,International Business Management 
IMS,6304,0W1,,11,22,13,2,,,,,,,,,,,1,0,"Woldu, Habte G","Date, Sagar U",,,,,wolduh,habte woldu,International Business Management 
IMS,6304,501,,16,12,,20,,,,,,,,,,,7,0,"Peng, Mike",,,,,,mxp059000,mike peng,International Business Management 
IMS,6304,GW1,,16,12,,2,2,1,,,,,,,,,,1,"Kiser, Stephen L",,,,,,slk012100,stephen kiser,
IMS,6310,501,,9,7,7,4,,,1,,,,,,,,1,0,"Lee, Seunghyun","Yeo, Yundong",,,,,sxl029100,,International Marketing 
IMS,6317,GW1,,9,9,1,,,,,,,,,,,,1,0,"Sachdeva, Deepak",,,,,,,deepak sachdeva,
IMS,6365,GW1,,6,1,2,5,,,,,,,,,,,1,0,"Katz, Lothar",,,,,,,lothar katz,
IMS,6365,PS1,,3,4,3,,,,,,,,,,,,,0,"Woldu, Habte G","Date, Sagar U",,,,,wolduh,habte woldu,
IPEC,4302,001,,14,16,7,1,1,,,1,,,1,,3,1,,2,"Taden, John",,,,,,jxt161530,john taden,Political Economy of Developing Countries 
IPEC,4384,001,2,3,,4,3,1,,,,,,,,1,,,0,"Kim, Dohyeong",,,,,,dxk132530,dohyeong kim,Health and Environmental Policy  A Global Perspective 
ISIS,3310,001,4,1,,3,6,,,4,,,4,,2,1,2,,3,"Wissinger, Tonja",,,,,,twissin,tonja wissinger,Childhood Sexual Abuse  A Multidisciplinary Investigation 
ISIS,3335,001,2,2,8,10,5,1,,,,,,,1,,,,0,"Rosa, Jonathan",,,,,,jxr172530,jonathan rosa,United States and East Asia 
ISIS,4304,001,,6,7,3,2,1,,1,,,1,,3,,,,6,"Werhnyak, Larissa",,,,,,lxw163630,larissa werhnyak,Trials in American Culture 
ISIS,4V89,001,19,7,1,2,,,,,,,,,,,,,1,"Aubrey, Lea E",,,,,,lec110030,lea aubrey,Special Topics in Interdisciplinary Studies 
ISIS,4V89,501,,4,4,5,4,2,1,1,1,,1,,2,1,1,,2,"Pogue, Neall W",,,,,,nxp174730,neall pogue,Special Topics in Interdisciplinary Studies 
ISNS,2359,001,,1,2,2,1,4,2,1,1,1,,,3,1,2,,1,"Griffin, William R","Haque, Ziaul",,,,,griffin,william griffin,Earthquakes and Volcanoes 
ISNS,2359,0W1,149,44,16,11,11,4,1,,5,,,,7,6,,,3,"Pujana, Ignacio",,,,,,pujana,ignacio pujana,Earthquakes and Volcanoes 
ISNS,2359,0W2,48,13,5,7,4,6,,4,3,,1,2,4,2,1,,4,"Pujana, Ignacio",,,,,,pujana,ignacio pujana,Earthquakes and Volcanoes 
ISNS,2366,001,2,,2,2,4,1,3,2,2,,,,1,,,,1,"McCauley, Steven",,,,,,sxm165131,steven mccauley,Global Climate Change 
ISNS,2367,0W1,67,80,27,26,10,4,1,4,4,1,1,1,2,13,2,,3,"Pujana, Ignacio","Xiong, Kai",,,,,pujana,ignacio pujana,The Oceans 
ISNS,2367,0W2,26,47,27,17,21,9,3,5,7,1,1,3,13,5,3,,5,"Pujana, Ignacio","Xiong, Kai",,,,,pujana,ignacio pujana,The Oceans 
ISNS,2368,001,5,8,8,7,9,7,6,12,1,3,,,1,4,2,,5,"McCauley, Steven","Zheng, Peng Peng",,,,,sxm165131,steven mccauley,Weather and Climate 
ITSS,3300,002,,34,12,5,5,1,,,,1,1,,2,1,,,2,"Fuller, Tony F","Bhatt, Jairaj",,,,,tff170130,tony fuller,Information Technology for Business 
ITSS,3300,004,,23,18,10,8,,2,,,,,,,1,,,2,"Shrivastava, Prakash C","Chadha, Kawaljeet Singh","Rathore, Nomita",,,,pcs130130,prakash shrivastava,Information Technology for Business 
ITSS,3300,005,,27,16,7,8,2,1,1,,,,,,2,,,0,"Shrivastava, Prakash C","Chadha, Kawaljeet Singh","Rathore, Nomita",,,,pcs130130,prakash shrivastava,Information Technology for Business 
ITSS,3300,007,4,14,18,4,7,3,3,,,1,,,1,7,,,3,"Thouin, Mark","Pereira, Femina Martin",,,,,mxt083000,mark thouin,Information Technology for Business 
ITSS,3300,008,,24,,10,11,,3,3,,,2,,3,7,,,1,"Bose, Ranavir","Kumar, Himanshu",,,,,rxb132730,ranavir bose,Information Technology for Business 
ITSS,3300,010,3,18,22,7,6,3,1,,,,,,,2,1,,2,"Bodeker, Alison J","Zhang, Chenglong",,,,,ajb190003,alison bodeker,Information Technology for Business 
ITSS,3300,011,2,34,9,6,7,4,,1,1,,,,,1,,,0,"Stephens, Timothy G","Rathore, Nomita",,,,,tgs170130,timothy stephens,Information Technology for Business 
ITSS,3300,012,4,36,9,5,2,1,,1,1,,1,,,3,,,1,"Stephens, Timothy G","Rathore, Nomita",,,,,tgs170130,timothy stephens,Information Technology for Business 
ITSS,3300,014,2,8,11,10,16,7,1,3,1,,1,,1,2,2,,0,"Thompson, Norman","Liu, Yihong",,,,,nxt190023,norman thompson,Information Technology for Business 
ITSS,3300,0E1,,35,11,9,3,2,1,,,,,,,1,1,,1,"Owens, Sean M","Bothra, Paawan",,,,,smo150330,sean owens,Information Technology for Business 
ITSS,3300,0W1,3,11,9,11,10,,,,1,,1,,4,9,,,4,"Thouin, Mark","Pereira, Femina Martin",,,,,mxt083000,mark thouin,Information Technology for Business 
ITSS,3300,501,7,8,6,6,4,2,3,,1,,,,2,2,1,,0,"Young, John G","Zhang, Haozhao",,,,,jgy190000,john young,Information Technology for Business 
ITSS,3300,503,7,23,8,11,6,1,1,2,,1,,,,2,2,,0,"Young, John G","Zhang, Haozhao",,,,,jgy190000,john young,Information Technology for Business 
ITSS,3311,001,6,14,6,3,3,5,2,,1,,1,,1,11,1,,3,"Sohaee, Nassim","Siripurapu, Lakshmi Mallika",,,,,nxs045000,nassim sohaee,Introduction to Programming 
ITSS,3311,003,25,,17,7,4,,,,1,,,,1,2,1,,1,"Khan, Masudal H","Aksoy, Ozgur",,,,,mhk190001,masudal khan,Introduction to Programming 
ITSS,3311,004,23,14,9,4,1,1,,1,,,,1,1,1,,,3,"Ozdemir, Dicle Yagmur",,,,,,dxo170430,dicle ozdemir,Introduction to Programming 
ITSS,3311,0W1,19,,9,5,3,4,,1,1,2,,,3,8,2,,0,"Sohaee, Nassim","Siripurapu, Lakshmi Mallika",,,,,nxs045000,nassim sohaee,Introduction to Programming 
ITSS,3312,001,3,6,7,6,7,4,,,2,,2,,1,14,2,,5,"Short, Kevin P","Rana, Nishant",,,,,kps170330,kevin short,Object-Oriented Programming 
ITSS,3312,002,4,11,5,7,4,4,1,2,1,3,1,,,10,1,,2,"Mookerjee, Radha","Sonmale, Bhushan K",,,,,rvm019000,radha mookerjee,Object-Oriented Programming 
ITSS,3312,003,,9,3,7,8,7,4,1,,,,,1,15,,,4,"Short, Kevin P","Rana, Nishant",,,,,kps170330,kevin short,Object-Oriented Programming 
ITSS,3390,001,1,14,11,10,3,2,1,1,,,,,,1,,,0,"Arora, Vivek","Rana, Nishant",,,,,vxa081000,vivek arora,Web Design and Development for Business Applications 
ITSS,4300,001,,19,8,7,7,4,1,1,,,1,1,,8,,,2,"Owens, Dawn M","D'Souza, Rhea C",,,,,dmo130130,dawn owens,Database Fundamentals 
ITSS,4300,002,4,21,17,13,1,,,,,,,,,4,,,0,"Calisir, Engin","Siripurapu, Lakshmi Mallika",,,,,exc030100,engin calisir,Database Fundamentals 
ITSS,4300,0W1,,11,2,3,11,7,2,2,2,1,1,1,1,3,1,,1,"Owens, Dawn M","D'Souza, Rhea C",,,,,dmo130130,dawn owens,Database Fundamentals 
ITSS,4300,501,,6,12,10,7,5,,2,5,,,,1,9,,,1,"Pandian, Thiru","Shah, Dhruv Rakesh",,,,,txp190010,thiru pandian,Database Fundamentals 
ITSS,4301,501,9,5,9,8,,2,1,,1,,,,,3,1,,0,"Hagen, John C","Shah, Dhruv Rakesh",,,,,jch013200,john hagen,Database Systems 
ITSS,4312,501,3,6,2,5,3,,,,,,,,,2,,,0,"Arora, Vivek","Rana, Nishant",,,,,vxa081000,vivek arora,Mobile Web Application Development 
ITSS,4330,001,7,7,10,12,4,2,2,1,,,,,,2,,,1,"Narasimhan, Prithi","Sripathy Hariprasath, Sukanyaa",,,,,pxn152330,prithi narasimhan,Systems Analysis and Design 
ITSS,4330,002,34,15,5,1,1,,,,,,,,,,,,0,"Khan, Taimur A","Liu, Yihong",,,,,txk123530,taimur khan,Systems Analysis and Design 
ITSS,4330,501,2,6,5,7,4,3,,1,,,2,,1,,,,1,"Islam, Naser","Bist, Sumit",,,,,nxi110630,naser islam,Systems Analysis and Design 
ITSS,4340,001,,17,6,4,5,1,3,1,,,,,1,1,,,0,"Thompson, Luell O","Thakare, Anvay",,,,,lot013000,luell thompson,Enterprise Resource Planning 
ITSS,4343,001,1,1,2,1,3,1,1,2,,,1,1,,6,,,2,"Subramoniam, Ramesh","Dedhia, Yash K",,,,,rxs179630,ramesh subramoniam,Integrated SCM Information Systems 
ITSS,4351,001,,46,3,,1,1,,,,,,,,,,,1,"Johnston, Walter L",,,,,,wlj031000,walter johnston,Foundations of Business Intelligence 
ITSS,4351,501,,26,10,6,7,2,,4,,,,,1,2,,,2,"Shekhar, Gaurav","D'Souza, Rhea C",,,,,gxs150130,gaurav shekhar,Foundations of Business Intelligence 
ITSS,4352,001,,22,6,13,4,5,1,1,,,,,,7,,,0,"Nasir, Imran","Kadam, Shraddha Hemant",,,,,ixn093020,,Introduction to Web Analytics 
ITSS,4353,001,,10,14,18,9,4,,1,,,,,,5,,,0,"Shrivastava, Prakash C","Rathore, Nomita",,,,,pcs130130,prakash shrivastava,Business Analytics 
ITSS,4353,501,,6,11,6,6,4,5,1,1,1,,,1,5,,,5,"Shrivastava, Prakash C","Rathore, Nomita",,,,,pcs130130,prakash shrivastava,Business Analytics 
ITSS,4354,001,,,4,4,6,2,,,1,,,,,4,,,0,"Calisir, Engin","Siripurapu, Lakshmi Mallika",,,,,exc030100,engin calisir,Advanced Big Data Analytics 
ITSS,4355,001,8,5,5,4,3,2,,,,,,,,3,,,0,"Bradbury, Judd D","Rathore, Khushboo","Jethwani, Pallavi",,,,jdb101000,judd bradbury,Data Visualization 
ITSS,4360,001,19,25,4,2,5,1,,2,,,,,1,1,,,0,"Howe, Nate","Patel, Madhuri",,,,,nxh141030,nate howe,Network and Information Security 
ITSS,4360,002,14,3,5,1,1,3,,1,,,,,2,,,,0,"Ginevich, Rostislav",,,,,,rxg172930,rostislav ginevich,Network and Information Security 
ITSS,4360,501,,9,11,6,9,10,1,,1,,,,,11,,,1,"Thirumalai, Nambi","Patel, Madhuri",,,,,ndt180001,nambi thirumalai,Network and Information Security 
ITSS,4370,001,1,4,1,1,7,2,,,1,,,,1,5,,,0,"Hefley, William E","Bothra, Paawan",,,,,weh150130,william hefley,Information Technology Infrastructure 
ITSS,4370,0W1,5,23,14,5,,,,,,,,,,1,,,0,"Majumdar, Sumit K","Mishra, Sailendra P",,,,,skm021100,sumit majumdar,Information Technology Infrastructure 
ITSS,4370,0W2,8,16,22,1,,,,,,,,,,1,,,0,"Majumdar, Sumit K","Mishra, Sailendra P",,,,,skm021100,sumit majumdar,Information Technology Infrastructure 
ITSS,4370,501,,,6,5,4,5,,1,2,,,,,7,,,1,"Hefley, William E","Bothra, Paawan",,,,,weh150130,william hefley,Information Technology Infrastructure 
ITSS,4381,501,,2,1,4,6,3,3,3,,1,1,,,6,,,3,"Thomas, Sunela","Kulkarni, Aniket S",,,,,sxt167730,sunela thomas,Object Oriented Programming with Python 
ITSS,4395,001,,18,8,8,4,1,,1,,,1,,,3,,,0,"Owens, Dawn M","D'Souza, Rhea C",,,,,dmo130130,dawn owens,Capstone Senior Project - Information Systems 
ITSS,4395,002,,7,11,3,8,3,1,,1,,,,,1,,,0,"Owens, Dawn M","D'Souza, Rhea C",,,,,dmo130130,dawn owens,Capstone Senior Project - Information Systems 
ITSS,4V95,001,5,7,7,4,1,1,1,,,,,,,,,,1,"Narasimhan, Prithi","Patel, Madhuri",,,,,pxn152330,prithi narasimhan,Seminar Series in Information Systems 
ITSS,4V95,002,1,6,2,3,1,1,,,,,,,,7,,,0,"Hansen, Atanas Y","Kumar, Himanshu",,,,,ayt061000,atanas hansen,Seminar Series in Information Systems 
ITSS,4V95,003,9,9,1,6,,2,,,,,,,,,,,0,"Tang, Shaojie","Chen, Luoying",,,,,sxt146930,shaojie tang,Seminar Series in Information Systems 
ITSS,4V95,004,,28,,8,2,,,,,,,,,,,,2,"Bose, Ranavir","Usman, Riyaz","Bothra, Paawan",,,,rxb132730,ranavir bose,Seminar Series in Information Systems 
JAPN,1311,001,24,4,,,,,,,,,,,,,,,1,"Bracewell, Jiajun",,,,,,jxb120630,,Beginning Japanese I 
JAPN,1312,001,5,1,1,3,3,,,,,,,,,1,,,3,"Kroska, Nami","Kato, Yuko",,,,,nxk167330,nami kroska,Beginning Japanese II 
JAPN,2311,001,4,2,5,4,4,1,2,1,2,,1,,,1,,,2,"Kroska, Nami","Kato, Yuko",,,,,nxk167330,nami kroska,Intermediate Japanese I 
JAPN,3311,001,4,4,4,2,,1,,,,,,,,,,,1,"Kroska, Nami","Kato, Yuko",,,,,nxk167330,nami kroska,Advanced Japanese I 
LANG,1311,001,10,7,4,,1,,,1,1,,1,,1,,,,2,"Kim, Jai Eun",,,,,,jxk180017,jai eun kim,Beginning Language Instruction I 
LIT,1301,001,22,11,7,13,16,6,1,,1,1,,,2,,,,5,"Ingrao, Peter J","Aday, Isaac J",,,,,jingrao,peter ingrao,Introduction to Literature 
LIT,1301,002,37,12,6,7,3,1,1,,1,,,2,,2,,,1,"Ingrao, Peter J","Momeniabdolabadi, Bahareh",,,,,jingrao,peter ingrao,Introduction to Literature 
LIT,1301,003,9,8,7,12,3,7,4,4,1,1,1,,3,2,1,,2,"Ingrao, Peter J","Mazur-Park, Felicity C",,,,,jingrao,peter ingrao,Introduction to Literature 
LIT,2321,001,,3,4,6,5,1,,,,,,1,2,2,,,3,"Gu, Ming D",,,,,,mdg073000,ming dong gu,Survey B  Literature in Translation 
LIT,2331,001,,6,1,2,2,2,,1,2,,1,2,3,5,3,,3,"Bovda, Alisa Y",,,,,,ayb091020,alisa bovda,Introduction to World Literature 
LIT,2331,002,,8,6,4,2,5,,,1,,,,2,3,2,,1,"Al-Habashneh, Eman Bahjat",,,,,,eba130130,eman al habashneh,Introduction to World Literature 
LIT,2331,003,,3,1,,3,1,,,,,2,,6,4,4,,5,"Sinckler, Robin",,,,,,rxs150131,robin sinckler,Introduction to World Literature 
LIT,2350,001,1,7,4,1,1,3,,,,,,,2,,,,3,"Barnes, Ashley",,,,,,axb162631,ashley barnes,Close Reading 
LIT,2350,002,,5,7,4,2,1,,,,,,,,1,1,,2,"Smith-Brecheisen, Davis",,,,,,dxs200022,davis brecheisen,Close Reading 
LIT,3300,001,3,9,8,1,4,1,,,,,,,1,1,1,,1,"Kratz, Dennis M",,,,,,dkratz,dennis kratz,Western Literary Tradition 
LIT,3316,001,10,2,,1,1,,,,,,,,3,1,,,1,"Starnaman, Sabrina",,,,,,sxs090100,sabrina starnaman,The Literature of Science Fiction 
LIT,3316,501,15,21,7,9,7,2,3,3,1,,6,,5,1,3,,4,"Starnaman, Sabrina","D'Monte, Nikita",,,,,sxs090100,sabrina starnaman,The Literature of Science Fiction 
LIT,3317,001,1,35,10,3,3,2,1,1,,,,,,,1,,3,"Towner, Theresa",,,,,,tmtowner,theresa towner,The Literature of Fantasy 
LIT,3319,002,,7,11,1,1,1,,,,,,,1,,,,1,"Greer, Erin",,,,,,exg180013,erin greer,Contexts 
LIT,3330,001,5,7,5,2,1,,,,,,,,1,,,,0,"Lambert, Thomas M",,,,,,tml017100,thomas lambert,Linguistics 
LIT,3338,001,1,1,4,2,,,1,,,,,,,1,,,0,"Hatfield, Charles D",,,,,,cxh074100,charles hatfield,Literary Theory and Aesthetic Philosophy 
LIT,3339,001,2,10,1,,,,,1,,,,,,,,,1,"Brewer, Kenneth L",,,,,,klb092000,kenneth brewer,Writing Literary Studies 
LIT,3339,501,2,8,3,1,,,,,,,,,,,,,0,"Brewer, Kenneth L",,,,,,klb092000,kenneth brewer,Writing Literary Studies 
LIT,4329,001,,12,4,2,,,,,,,,,1,,,,0,"Towner, Theresa",,,,,,tmtowner,theresa towner,Single Author 
LIT,4329,501,2,10,,,1,,,1,,,,,,,,,0,"Brewer, Kenneth L",,,,,,klb092000,kenneth brewer,Single Author 
LIT,6300,501,,16,8,1,1,,,,,,,,1,,,,0,"Hatfield, Charles D",,,,,,cxh074100,charles hatfield,Proseminar in Literary Studies 
LIT,6320,501,,5,2,1,2,2,,,,,,,,,,,0,"Stone, Nomi",,,,,,nxs190033,nomi stone,Poetry Workshop 
LIT,6321,501,,11,,,,,,,,,,,,,,,0,"Martinez, Manuel L",,,,,,mlm160630,manuel martinez,Fiction Workshop 
LIT,6325,001,,7,2,,1,,,,,,,,,,,,0,"Greene, Kendra",,,,,,kxg180038,kendra greene,Nonfiction Workshop 
LIT,6350,001,,8,3,,,,,,,,,,,,,,0,"Barnes, Ashley",,,,,,axb162631,ashley barnes,Studies in Nineteenth-Century Literature 
LIT,6380,501,,12,,1,2,,,,,,,,,,,,0,"Schulte, Rainer",,,,,,schulte,rainer schulte,Translation Workshop 
LIT,7360,001,,9,,,,1,,,,,,,,,,,0,"Greer, Erin",,,,,,exg180013,erin greer,Seminar in Twentieth-Century Literature 
LIT,7383,001,,10,1,,,,,,,,,,,,,,0,"Ryan, Christopher J",,,,,,cxr088000,christopher ryan,Teaching First-Year Writing 
MAS,6102,001,,,,,,,,,,,,,1,,,72,0,"Cirilo, Jason M","Johnson, Neil",,,,,jmc180002,jason cirilo,Professional Development 
MAS,6102,007,,,,,,,,,,,,,,,,69,1,"Jones, Royce E","Johnson, Neil",,,,,rxj111030,,Professional Development 
MAS,6102,010,,,,,,,,,,,,,,,,50,0,"Johnson, Neil",,,,,,nxj121730,neil johnson,Professional Development 
MAS,6102,501,,,,,,,,,,,,,,,,53,0,"Hunter, Fiona","Johnson, Neil",,,,,fxh140630,,Professional Development 
MAS,6102,SS1,,,,,,,,,,,,,,,,15,0,"Powell, Monica S","Kim, Tommy C",,,,,,monica powell,
MAS,6102,SS3,,,,,,,,,,,,,,,,21,0,"Powell, Monica S","Kim, Tommy C",,,,,,monica powell,
MAS,6102,SW1,,,,,,,,,,,,,,,,12,0,"Powell, Monica S","Kim, Tommy C",,,,,,monica powell,
MAS,6105,0W1,,,,,,,,,,,,,,,,49,0,"Smallwood, Margaret G","Ciovacco, Marisol A",,,,,meg012400,margaret smallwood,Communications for Management 
MATH,1306,001,9,6,7,1,4,1,1,2,,2,,,1,,1,,0,"Sutton, Julie","Rajapaksha, Lashika N","Akhavan, Mehdi",,,,jxs158030,julie sutton,College Algebra for the Non-Scientist 
MATH,1306,002,13,8,1,5,6,2,1,,,1,,,1,1,,,1,"Sutton, Julie","Rajapaksha, Lashika N","Akhavan, Mehdi",,,,jxs158030,julie sutton,College Algebra for the Non-Scientist 
MATH,1314,001,,1,5,2,6,5,1,2,,,1,1,8,5,2,,1,"Adabrah, Anani Komla",,,,,,aaa130530,anani adabrah,College Algebra 
MATH,1314,002,1,3,2,5,4,5,2,2,3,,2,2,4,3,2,,0,"Adabrah, Anani Komla",,,,,,aaa130530,anani adabrah,College Algebra 
MATH,1314,003,2,8,4,5,3,3,2,1,,,,1,4,1,3,,3,"Alvarado, Iris",,,,,,ila180000,iris alvarado,College Algebra 
MATH,1314,004,,5,7,3,3,3,4,1,1,1,,1,1,6,1,,2,"Alvarado, Iris",,,,,,ila180000,iris alvarado,College Algebra 
MATH,1314,005,1,1,1,6,4,2,2,3,,,1,1,5,6,5,,1,"Wetzler, Kristen",,,,,,kxw190011,kristen wetzler,College Algebra 
MATH,1314,006,,7,3,7,5,5,3,1,1,,,,2,3,2,,1,"Wetzler, Kristen",,,,,,kxw190011,kristen wetzler,College Algebra 
MATH,1316,001,2,8,2,4,8,3,6,3,1,1,,,3,5,1,,8,"Sutton, Julie","Hervert Hernandez, Esau A","Kaushal, Amit",,,,jxs158030,julie sutton,Trigonometry 
MATH,1316,002,,5,4,2,3,4,11,4,3,,1,,2,11,1,,3,"Sutton, Julie","Hervert Hernandez, Esau A","Kaushal, Amit",,,,jxs158030,julie sutton,Trigonometry 
MATH,1316,003,5,3,5,5,1,4,4,4,3,1,1,1,5,4,3,,6,"Kehoe, Joselle","Mitra, Arnaja","Gallo, Erika S",,,,jxk061000,joselle kehoe,Trigonometry 
MATH,1325,001,1,14,2,6,6,4,2,,,,2,,2,,1,,3,"Ding, Hui",,,,,,hxd162130,hui ding,Applied Calculus I 
MATH,1325,002,4,12,3,2,4,4,1,3,2,,,1,,3,3,,1,"Ding, Hui",,,,,,hxd162130,hui ding,Applied Calculus I 
MATH,1325,003,2,13,6,4,7,2,,1,,,,,3,2,2,,2,"Adabrah, Anani Komla",,,,,,aaa130530,anani adabrah,Applied Calculus I 
MATH,1325,004,5,13,6,2,2,4,,1,2,,1,,1,2,3,,1,"Patel, Jigarkumar S",,,,,,jsp061000,jigarkumar patel,Applied Calculus I 
MATH,1325,005,4,10,8,3,4,4,3,3,4,,,,,,,,1,"Stanford, Paul H",,,,,,phs031000,paul stanford,Applied Calculus I 
MATH,1325,007,2,9,4,5,6,,1,3,2,3,1,2,,1,2,,3,"Adabrah, Anani Komla",,,,,,aaa130530,anani adabrah,Applied Calculus I 
MATH,1325,008,8,11,5,4,5,1,1,2,,,,,1,1,3,,1,"Patel, Jigarkumar S",,,,,,jsp061000,jigarkumar patel,Applied Calculus I 
MATH,1325,009,4,12,5,3,4,2,,3,3,1,2,,1,3,1,,0,"Kehoe, Joselle",,,,,,jxk061000,joselle kehoe,Applied Calculus I 
MATH,1325,011,9,13,5,2,3,3,2,1,,,,,1,3,2,,0,"Li, Changsong",,,,,,cxl109120,changsong li,Applied Calculus I 
MATH,1325,012,3,12,13,3,3,,1,,,,,,2,3,,,4,"Duruoha, Adannah",,,,,,axd180037,adannah duruoha,Applied Calculus I 
MATH,1325,013,4,9,3,4,5,1,,,,,,,2,1,,,1,"Paudel, Ajaya B",,,,,,abp062000,ajaya paudel,Applied Calculus I 
MATH,1325,501,8,10,3,7,4,2,1,,,,,,1,3,,,1,"Li, Changsong",,,,,,cxl109120,changsong li,Applied Calculus I 
MATH,1325,502,5,15,2,3,2,3,,1,1,,,,3,3,,,1,"Duruoha, Adannah",,,,,,axd180037,adannah duruoha,Applied Calculus I 
MATH,1326,001,2,4,1,1,2,4,,5,4,,,,1,1,,,2,"Norwood, John",,,,,,jxn142530,john norwood,Applied Calculus II 
MATH,1326,002,2,9,3,2,3,1,1,5,1,,1,,,8,,,3,"Norwood, John",,,,,,jxn142530,john norwood,Applied Calculus II 
MATH,1326,003,4,4,3,2,5,3,1,1,2,,,,,11,1,,4,"Foley, Manjula",,,,,,mxf091000,manjula samanmalee foley,Applied Calculus II 
MATH,1326,004,,10,2,2,2,1,,3,2,,,1,,8,4,,5,"Foley, Manjula",,,,,,mxf091000,manjula samanmalee foley,Applied Calculus II 
MATH,1326,005,2,7,2,7,3,3,1,3,3,,,,1,7,,,1,"Foley, Manjula",,,,,,mxf091000,manjula samanmalee foley,Applied Calculus II 
MATH,1326,006,3,10,,7,2,6,,1,,,,,3,6,,,2,"Foley, Manjula",,,,,,mxf091000,manjula samanmalee foley,Applied Calculus II 
MATH,1326,501,4,9,1,1,5,2,1,2,5,,,,,9,,,1,"Akbar, Mohammad M",,,,,,mma110020,mohammad akbar,Applied Calculus II 
MATH,1326,502,3,4,,2,5,2,2,1,5,1,,1,3,10,1,,4,"Akbar, Mohammad M",,,,,,mma110020,mohammad akbar,Applied Calculus II 
MATH,2312,001,1,13,6,3,1,1,2,3,1,1,,,3,2,1,,2,"Martynova, Irina","Zhang, Kan","Meyer, Bradley D",,,,ixm140930,irina martynova,Precalculus 
MATH,2312,002,1,9,3,6,4,1,1,2,3,,1,,3,1,2,,3,"Martynova, Irina","Zagvozdkin, Andrei",,,,,ixm140930,irina martynova,Precalculus 
MATH,2312,003,1,11,3,3,3,1,4,,3,1,2,1,4,1,,,1,"Martynova, Irina","Murza, Adrian C","Kozareva, Tamara",,,,ixm140930,irina martynova,Precalculus 
MATH,2312,006,2,3,7,3,10,1,2,2,,1,1,,1,2,1,,4,"Wetzler, Kristen",,,,,,kxw190011,kristen wetzler,Precalculus 
MATH,2312,007,2,12,2,4,6,1,2,1,,,1,,4,2,2,,1,"Wetzler, Kristen",,,,,,kxw190011,kristen wetzler,Precalculus 
MATH,2333,001,2,,1,1,1,1,,1,,,,,1,2,1,,2,"Martynova, Irina",,,,,,ixm140930,irina martynova,Matrices  Vectors  and Their Application 
MATH,2370,001,12,7,4,3,1,,4,1,2,,,,6,4,,,5,"Garrett, Bentley T","Eze, Izuchukwu A",,,,,btg032000,bentley garrett,Introduction to Programming with MATLAB 
MATH,2370,002,3,9,6,5,3,2,1,1,1,1,,,1,4,4,,7,"Garrett, Bentley T","Thiam, Abdoulaye",,,,,btg032000,bentley garrett,Introduction to Programming with MATLAB 
MATH,2413,001,10,6,4,3,4,2,1,,1,,,,,5,1,,1,"Eydelzon, Anatoly",,,,,,axe031000,anatoly eydelzon,Differential Calculus 
MATH,2413,002,7,8,7,3,,1,1,,2,2,,,2,1,,,2,"Dahal, Rabin",,,,,,rxd153030,rabin dahal,Differential Calculus 
MATH,2413,004,6,4,6,5,3,3,1,1,,,,,3,4,1,,3,"Lou, Yifei",,,,,,yxl145331,yifei lou,Differential Calculus 
MATH,2413,005,3,5,8,4,4,2,1,1,2,,,,,5,2,,2,"Lou, Yifei",,,,,,yxl145331,yifei lou,Differential Calculus 
MATH,2413,006,5,7,5,6,5,2,,1,,1,,,,3,4,,0,"McCary, Brady C","Nguyen, Mylinh T",,,,,bcm052000,brady mccary,Differential Calculus 
MATH,2413,007,7,9,4,2,4,4,2,2,1,1,,,2,1,,,1,"McCary, Brady C","Nguyen, Mylinh T",,,,,bcm052000,brady mccary,Differential Calculus 
MATH,2413,008,1,3,5,9,3,1,2,,3,,1,,3,2,2,,3,"Guo, Huizhen",,,,,,hxg190020,huizhen guo,Differential Calculus 
MATH,2413,009,3,2,5,1,4,2,2,,1,,,,,,,,2,"Guo, Huizhen",,,,,,hxg190020,huizhen guo,Differential Calculus 
MATH,2413,011,6,8,8,5,,,,,1,,,,,8,,,3,"Nguyen, Mylinh T",,,,,,mln018200,mylinh nguyen,Differential Calculus 
MATH,2413,012,7,7,6,5,2,3,1,1,,1,,1,,4,,,2,"Nguyen, Mylinh T",,,,,,mln018200,mylinh nguyen,Differential Calculus 
MATH,2413,013,5,2,7,3,3,,2,2,3,2,1,,2,1,2,,2,"Mussa, Derege",,,,,,dxm146130,derege mussa,Differential Calculus 
MATH,2413,014,8,9,5,2,1,3,1,1,1,,,,,1,2,,6,"Nguyen, Mylinh T",,,,,,mln018200,mylinh nguyen,Differential Calculus 
MATH,2413,015,8,5,8,6,2,1,3,,,,,,1,2,2,,2,"Nguyen, Mylinh T",,,,,,mln018200,mylinh nguyen,Differential Calculus 
MATH,2413,016,6,4,6,4,,1,1,,,1,,,2,3,,,3,"Mussa, Derege",,,,,,dxm146130,derege mussa,Differential Calculus 
MATH,2413,017,4,2,2,3,,,2,1,2,,,1,1,3,2,,1,"Mussa, Derege",,,,,,dxm146130,derege mussa,Differential Calculus 
MATH,2413,019,13,6,6,2,,2,,1,2,,,,,7,1,,1,"Sultana, Nasrin",,,,,,nxs190039,nasrin sultana,Differential Calculus 
MATH,2413,020,8,4,14,2,4,2,1,1,,,,,,1,,,3,"Sultana, Nasrin",,,,,,nxs190039,nasrin sultana,Differential Calculus 
MATH,2413,021,9,4,10,3,4,1,1,1,,1,,,1,1,1,,2,"McCary, Brady C","Nguyen, Mylinh T",,,,,bcm052000,brady mccary,Differential Calculus 
MATH,2413,022,8,6,4,3,2,,4,,1,1,,,4,5,1,,1,"McCary, Brady C","Nguyen, Mylinh T",,,,,bcm052000,brady mccary,Differential Calculus 
MATH,2413,023,2,3,5,4,1,3,2,2,1,,,,2,7,3,,4,"Mussa, Derege",,,,,,dxm146130,derege mussa,Differential Calculus 
MATH,2413,024,4,5,3,3,2,1,,2,1,,,1,3,1,1,,2,"Ding, Hui",,,,,,hxd162130,hui ding,Differential Calculus 
MATH,2413,025,3,4,5,,,2,,1,1,,,,1,1,,,0,"Ding, Hui",,,,,,hxd162130,hui ding,Differential Calculus 
MATH,2413,026,5,10,5,4,2,2,1,1,,1,,,2,2,,,4,"Duruoha, Adannah",,,,,,axd180037,adannah duruoha,Differential Calculus 
MATH,2413,027,11,7,5,3,2,4,,1,1,1,,,1,2,1,,2,"Duruoha, Adannah",,,,,,axd180037,adannah duruoha,Differential Calculus 
MATH,2413,030,3,3,4,4,2,1,1,,,,,,2,,1,,2,"Neustadter, Laurel","Sitaula, Hari P",,,,,lxn160230,laurel neustadter,Differential Calculus 
MATH,2414,001,2,3,5,1,1,,2,2,3,3,,2,2,3,4,,10,"Alvarado, Iris",,,,,,ila180000,iris alvarado,Integral Calculus 
MATH,2414,002,4,2,3,3,4,2,1,2,,,1,1,3,3,3,,9,"Alvarado, Iris",,,,,,ila180000,iris alvarado,Integral Calculus 
MATH,2414,004,4,8,2,3,1,1,1,4,2,1,,1,3,2,,,6,"Conlon, Ronan",,,,,,rxc200021,ronan conlon,Integral Calculus 
MATH,2414,005,4,4,7,2,2,,2,,3,,1,,2,9,4,,4,"Tran, Anh T",,,,,,att140830,anh tran,Integral Calculus 
MATH,2414,006,4,8,4,2,3,1,2,,2,,1,,1,5,2,,8,"Aman, Kelly",,,,,,kxa143530,kelly aman,Integral Calculus 
MATH,2414,007,6,4,1,2,7,3,1,3,,3,2,,,1,2,,7,"Aman, Kelly",,,,,,kxa143530,kelly aman,Integral Calculus 
MATH,2414,008,1,10,6,4,2,1,2,1,4,1,,1,1,3,1,,4,"Aman, Kelly",,,,,,kxa143530,kelly aman,Integral Calculus 
MATH,2414,009,4,8,3,2,2,2,4,,4,,1,1,4,3,3,,3,"Garrett, Bentley T",,,,,,btg032000,bentley garrett,Integral Calculus 
MATH,2414,010,4,8,3,,1,2,,2,,3,1,1,3,4,5,,7,"Garrett, Bentley T",,,,,,btg032000,bentley garrett,Integral Calculus 
MATH,2414,011,10,6,1,3,2,1,2,2,1,1,,,6,1,4,,4,"Ahsan, Mohammad K",,,,,,mka120030,mohammad ahsan,Integral Calculus 
MATH,2414,012,7,6,8,2,2,4,,1,3,,2,,3,1,1,,3,"Ahsan, Mohammad K",,,,,,mka120030,mohammad ahsan,Integral Calculus 
MATH,2414,013,5,6,4,3,3,3,,3,1,,1,,3,4,1,,3,"Aman, Kelly",,,,,,kxa143530,kelly aman,Integral Calculus 
MATH,2414,014,8,5,2,5,5,4,,1,,,,1,3,4,2,,4,"Sultana, Nasrin",,,,,,nxs190039,nasrin sultana,Integral Calculus 
MATH,2414,015,8,6,2,2,3,2,1,1,3,,1,,2,6,3,,4,"Sultana, Nasrin",,,,,,nxs190039,nasrin sultana,Integral Calculus 
MATH,2415,001,2,12,2,6,7,2,3,5,2,,1,,2,12,1,,6,"Li, Changsong",,,,,,cxl109120,changsong li,Calculus of Several Variables 
MATH,2415,002,2,8,1,3,10,2,1,5,3,,1,,4,11,5,,9,"Li, Changsong",,,,,,cxl109120,changsong li,Calculus of Several Variables 
MATH,2415,003,2,9,7,3,13,1,,1,4,,,,5,8,4,,7,"Zweck, John W",,,,,,jwz120030,john zweck,Calculus of Several Variables 
MATH,2415,004,2,9,6,5,7,3,,8,2,,3,,5,9,,,6,"Zweck, John W",,,,,,jwz120030,john zweck,Calculus of Several Variables 
MATH,2415,005,1,7,4,5,7,,1,7,3,,4,,6,6,5,,8,"Coskunuzer, Baris","Smith, Luke",,,,,bxc190014,baris coskunuzer,Calculus of Several Variables 
MATH,2417,001,2,8,4,2,5,1,1,1,,,,,2,7,1,,5,"Arreche, Carlos",,,,,,cxa171230,carlos arreche,Calculus I 
MATH,2417,003,4,3,3,,3,2,1,3,,1,1,,3,9,3,,4,"Ahsan, Mohammad K",,,,,,mka120030,mohammad ahsan,Calculus I 
MATH,2417,004,2,,2,1,1,2,,1,1,,,1,5,4,4,,5,"Ahsan, Mohammad K",,,,,,mka120030,mohammad ahsan,Calculus I 
MATH,2417,005,10,3,4,2,5,1,1,1,,,2,,,5,2,,4,"Dahal, Rabin",,,,,,rxd153030,rabin dahal,Calculus I 
MATH,2417,006,2,6,1,4,3,2,,1,2,1,,,3,2,6,,7,"Arreche, Carlos",,,,,,cxa171230,carlos arreche,Calculus I 
MATH,2417,007,3,1,3,1,3,1,,,,1,,,4,3,1,,1,"McKeown, Stephen",,,,,,sxm190098,stephen mckeown,Calculus I 
MATH,2417,008,3,6,2,3,,2,2,1,,,,,4,11,2,,4,"Williams, Nathan",,,,,,nxw170830,nathan williams,Calculus I 
MATH,2417,009,2,5,4,3,,,,4,3,,,,2,4,5,,5,"Makarenkov, Oleg",,,,,,oxm130230,oleg makarenkov,Calculus I 
MATH,2417,010,4,3,7,4,1,1,1,1,1,1,,,4,4,1,,1,"Dahal, Rabin",,,,,,rxd153030,rabin dahal,Calculus I 
MATH,2417,HN1,13,4,1,,,,,,,,,,1,,,,0,"Ramakrishna, Viswanath","Gelir, Fatih",,,,,vish,viswanath ramakrishna,Calculus I 
MATH,2418,001,5,3,6,4,7,,4,,2,3,1,2,3,12,9,,4,"Patel, Jigarkumar S",,,,,,jsp061000,jigarkumar patel,Linear Algebra 
MATH,2418,002,7,3,,,6,,3,,1,4,,3,4,18,10,,6,"Pereira, Luis Felipe F",,,,,,lfp140030,luis pereira,Linear Algebra 
MATH,2418,003,1,7,1,3,,3,2,,,1,1,1,,13,2,,2,"Dahal, Rabin",,,,,,rxd153030,rabin dahal,Linear Algebra 
MATH,2418,004,3,3,6,3,1,1,3,1,1,2,1,2,4,18,11,,5,"Patel, Jigarkumar S",,,,,,jsp061000,jigarkumar patel,Linear Algebra 
MATH,2418,005,5,4,1,3,2,2,3,1,7,,1,1,2,12,10,,7,"Ohsawa, Tomoki",,,,,,txo140730,tomoki ohsawa,Linear Algebra 
MATH,2418,006,4,6,2,3,4,3,1,,1,2,3,1,10,11,8,,5,"Arnold, Maxim",,,,,,mxa149530,maxim arnold,Linear Algebra 
MATH,2418,007,7,8,6,3,4,2,2,4,1,1,,1,2,8,7,,6,"Dahal, Rabin",,,,,,rxd153030,rabin dahal,Linear Algebra 
MATH,2418,008,3,7,3,7,8,2,2,2,1,1,2,1,2,15,6,,3,"Makhijani, Neha",,,,,,nxm165130,neha makhijani,Linear Algebra 
MATH,2418,501,,3,3,3,7,2,5,2,1,3,2,,5,6,7,,8,"Arnold, Maxim",,,,,,mxa149530,maxim arnold,Linear Algebra 
MATH,2418,502,5,1,6,2,6,3,3,,6,2,4,,6,7,6,,7,"Ohsawa, Tomoki",,,,,,txo140730,tomoki ohsawa,Linear Algebra 
MATH,2418,503,6,10,5,6,8,,,1,2,,1,1,3,9,3,,5,"Makhijani, Neha",,,,,,nxm165130,neha makhijani,Linear Algebra 
MATH,2419,001,3,3,,1,,4,1,,1,,,,1,9,1,,1,"Eydelzon, Anatoly",,,,,,axe031000,anatoly eydelzon,Calculus II 
MATH,2419,002,,2,2,2,4,2,,3,5,1,,1,,2,5,,5,"Eydelzon, Anatoly",,,,,,axe031000,anatoly eydelzon,Calculus II 
MATH,2419,501,,,3,3,2,3,3,,2,1,1,,4,4,2,,2,"Eydelzon, Anatoly",,,,,,axe031000,anatoly eydelzon,Calculus II 
MATH,2420,001,4,4,10,9,9,8,3,4,5,,,,,10,3,,5,"Paudel, Ajaya B",,,,,,abp062000,ajaya paudel,Differential Equations with Applications 
MATH,2420,004,5,8,8,8,5,9,2,2,14,,3,,,20,,,4,"Balanov, Zalman","Paudel, Ajaya B",,,,,zxb105020,zalman balanov,Differential Equations with Applications 
MATH,2420,005,4,8,4,13,3,4,1,4,10,,5,,,9,7,,3,"Paudel, Ajaya B",,,,,,abp062000,ajaya paudel,Differential Equations with Applications 
MATH,2420,501,11,12,16,3,6,5,5,4,26,,6,,,21,5,,3,"Rachinskiy, Dmitry",,,,,,dxr124030,dmitry rachinskiy,Differential Equations with Applications 
MATH,2420,502,,3,8,7,6,7,3,6,7,,1,,,14,2,,4,"Paudel, Ajaya B",,,,,,abp062000,ajaya paudel,Differential Equations with Applications 
MATH,2420,HN1,13,6,3,,,,,1,,,,,1,,,,0,"Dabkowski, Mieczyslaw K","Akrobotu, Prosper D",,,,,mkd034000,mieczyslaw dabkowski,Differential Equations with Applications 
MATH,3303,001,3,1,2,2,,2,2,,,,,,,,,,1,"Lalani, Amin","Wade, Ryan T",,,,,axl120130,amin lalani,Introduction to Mathematical Modeling 
MATH,3310,001,2,8,10,5,3,3,4,1,,,1,,,6,3,,2,"Dabkowska, Malgorzata A","Akrobotu, Prosper D",,,,,mxd066000,malgorzata dabkowska,Theoretical Concepts of Calculus 
MATH,3310,002,4,11,10,4,3,2,,,2,1,,1,3,3,2,,1,"Dabkowska, Malgorzata A","Kasmaie, Behshid",,,,,mxd066000,malgorzata dabkowska,Theoretical Concepts of Calculus 
MATH,3311,001,,5,5,2,2,5,,1,1,,3,2,,2,,,0,"Dabkowska, Malgorzata A",Nisha,,,,,mxd066000,malgorzata dabkowska,Abstract Algebra I 
MATH,3311,002,2,10,5,3,2,3,2,1,,,,,1,3,1,,1,"Dabkowska, Malgorzata A","Ali, Alsadig A",,,,,mxd066000,malgorzata dabkowska,Abstract Algebra I 
MATH,3315,001,5,5,5,1,2,,,,,,,,1,1,,,1,"Williams, Nathan","Knodell, Matthew",,,,,nxw170830,nathan williams,Discrete Mathematics and Combinatorics 
MATH,3323,001,3,2,1,1,1,2,,1,,,,,2,4,1,,9,"Stanford, Paul H","Ahmed, Faisal",,,,,phs031000,paul stanford,Elementary Number Theory 
MATH,3351,001,2,6,,2,3,,,,5,1,,,3,9,2,,11,"McKeown, Stephen","Rawat, Richa",,,,,sxm190098,stephen mckeown,Advanced Calculus 
MATH,3351,002,1,10,9,4,5,2,,1,2,1,1,,2,14,1,,6,"Krawcewicz, Wieslaw Z","Murza, Adrian C",,,,,wzk091000,wieslaw krawcewicz,Advanced Calculus 
MATH,3379,001,4,7,1,2,7,2,2,6,1,,1,,3,7,3,,3,"Cao, Yan","Hart, Russell A",,,,,yxc069200,yan cao,Complex Variables 
MATH,3397,001,1,3,3,2,1,,,,,,,,,,,,0,"Dragovic, Vladimir",,,,,,vxd123630,,Mathematical Problem Solving 
MATH,4301,001,6,6,10,5,6,4,2,2,2,3,,1,1,9,2,,5,"Dabkowski, Mieczyslaw K","Wu, Che-Yu",,,,,mkd034000,mieczyslaw dabkowski,Mathematical Analysis I 
MATH,4301,002,9,12,5,7,3,,1,,,,1,1,1,3,,,3,"Ramakrishna, Viswanath","Garcia, Jorge S",,,,,vish,viswanath ramakrishna,Mathematical Analysis I 
MATH,4334,001,1,7,6,3,4,6,,2,2,,3,1,,8,1,,1,"Hooshyar, Mohammad","K. C. Khatri, Rajendra",,,,,ali,mohammad hooshyar,Numerical Analysis 
MATH,4334,002,2,1,1,1,3,3,1,6,2,,,1,1,6,2,,4,"Minkoff, Susan E","Chen, Huiyi",,,,,sem120030,susan minkoff,Numerical Analysis 
MATH,4341,001,10,9,2,4,3,3,1,3,3,4,1,1,1,2,,,4,"Tran, Anh T","Williams, Matthew A",,,,,att140830,anh tran,Topology 
MATH,5301,501,,6,5,4,2,,,,,,,,,,,1,1,"Makarenkov, Oleg","Sechkin, Georgii",,,,,oxm130230,oleg makarenkov,Elementary Analysis I 
MATH,5303,001,,8,2,,1,,,,,,,,,,,,2,"Eydelzon, Anatoly",,,,,,axe031000,anatoly eydelzon,Advanced Calculus and Linear Algebra 
MATH,6301,501,,3,4,4,3,9,1,,,,,,1,,,4,1,"Balanov, Zalman","Milogorodskii, Aleksandr",,,,,zxb105020,zalman balanov,Real Analysis 
MATH,6303,001,,7,7,2,6,1,,1,,,,,1,,,,0,"Dragovic, Vladimir","Sinha Roy, Sushmita",,,,,vxd123630,,Theory of Complex Functions I 
MATH,6312,001,,10,4,4,2,,,,,,,,,,,1,1,"Dabkowski, Mieczyslaw K","Goodson, Scott W","Rakotomalala, Diarisoa Mihaja Andriamanisa",,,,mkd034000,mieczyslaw dabkowski,Combinatorics and Graph Theory 
MATH,6313,001,,5,,,6,,,,,,,,,,,1,0,"Minkoff, Susan E",,,,,,sem120030,susan minkoff,Numerical Analysis 
MATH,6315,001,,6,5,2,4,1,1,,,,,,1,,,3,1,"Hooshyar, Mohammad","Acharya, Subas",,,,,ali,mohammad hooshyar,Ordinary Differential Equations 
MATH,6319,501,,10,3,1,,,1,1,,,,,,,,1,1,"Ramakrishna, Viswanath",,,,,,vish,viswanath ramakrishna,Principles and Techniques in Applied Mathematics I 
MATH,6324,001,,2,6,2,,,,,,,,,,,,1,0,"Rachinskiy, Dmitry",,,,,,dxr124030,dmitry rachinskiy,Applied Dynamical Systems I 
MATH,6325,501,,4,4,,1,,,,,,,,,,,1,1,"Krawcewicz, Wieslaw Z",,,,,,wzk091000,wieslaw krawcewicz,Nonlinear Analysis I 
MATH,6346,001,,2,4,2,4,,,,,,,,,,,1,0,"Cao, Yan",,,,,,yxc069200,yan cao,Medical Image Analysis 
MECH,1100,001,11,46,27,19,13,12,4,5,2,,,1,9,5,4,,9,"Fadda, Dani Z","Rios, Oziel","Wagner, Jonas R","Ovy, S M Al Islam",,,dzf091000,dani fadda,Introduction to Mechanical Engineering I 
MECH,1208,001,3,17,18,12,12,8,5,6,5,,,1,6,2,2,,2,"Fadda, Dani Z",,,,,,dzf091000,dani fadda,Introduction to Mechanical Engineering II 
MECH,2120,101,2,4,4,2,2,3,1,,2,,,,1,,1,,2,"Lu, Hongbing","Bian, Ning","Chen, Huiluo","Zhang, Runyu",,,hxl101000,hongbing lu,Mechanics of Materials Laboratory 
MECH,2120,102,3,2,9,5,,,1,,1,,,,1,,,,1,"Lu, Hongbing","Chen, Huiluo","Zhang, Runyu","Bian, Ning",,,hxl101000,hongbing lu,Mechanics of Materials Laboratory 
MECH,2120,103,3,9,5,1,2,,,1,,,,,2,,,,1,"Lu, Hongbing",,,,,,hxl101000,hongbing lu,Mechanics of Materials Laboratory 
MECH,2120,104,1,9,6,2,2,1,,,1,,,,1,,,,1,"Lu, Hongbing",,,,,,hxl101000,hongbing lu,Mechanics of Materials Laboratory 
MECH,2120,105,3,6,10,,1,,,,,,,,3,,,,1,"Lu, Hongbing",,,,,,hxl101000,hongbing lu,Mechanics of Materials Laboratory 
MECH,2310,001,1,23,13,3,10,3,2,5,4,2,3,,2,13,4,,2,"Thamban, P.L.Stephan","Ganapathy, Karthik",,,,,stephan,p l stephan thamban,Statics 
MECH,2310,002,4,7,18,6,12,11,3,3,3,1,2,,1,11,2,,4,"Wilt, James C","Chowdhury, Kafil Uddin Ahammed",,,,,jcw140130,james wilt,Statics 
MECH,2320,001,5,8,8,4,4,3,1,,1,,,,5,3,,,1,"Minary-Jolandan, Majid","Aragon, Nicole K",,,,,mxm124631,majid minary,Mechanics of Materials 
MECH,2320,002,,4,10,9,8,6,1,,,,,,1,4,,,2,"Ryu, III","Aragon, Nicole K",,,,,ixr161130,iii ryu,
MECH,2330,001,,5,4,3,6,7,5,3,6,1,2,2,1,3,5,,3,"Thamban, P.L.Stephan","Hadizadeh Kafash, Sahand",,,,,stephan,p l stephan thamban,Dynamics 
MECH,2340,001,4,4,6,4,4,1,3,1,1,,,,,,,,7,"Zare, Armin","Wijesinghe, Don M",,,,,axz190009,armin zare,Circuits and Applied Electronics 
MECH,3105,101,11,12,6,4,3,2,1,1,1,,,,,,1,,0,"Rios, Oziel","Sadeh, Sepehr",,,,,oxr106020,oziel rios,Computer Aided Design Laboratory 
MECH,3105,102,6,12,5,2,2,2,3,1,2,2,,,1,1,1,,0,"Rios, Oziel","Sadeh, Sepehr",,,,,oxr106020,oziel rios,Computer Aided Design Laboratory 
MECH,3105,103,6,10,5,4,,3,2,3,1,,1,1,,3,1,,1,"Rios, Oziel","Sadeh, Sepehr",,,,,oxr106020,oziel rios,Computer Aided Design Laboratory 
MECH,3115,101,13,5,3,1,,,,,,,,,,,,,1,"Ouyang, Hui","Bhamitipadi Suresh, Dhanush","Taba, Seyed Adib",,,,hxo150330,hui ouyang,Fluid Mechanics Laboratory 
MECH,3115,102,15,3,3,1,1,,,,,,,,,,,,1,"Ouyang, Hui","Bhamitipadi Suresh, Dhanush","Taba, Seyed Adib",,,,hxo150330,hui ouyang,Fluid Mechanics Laboratory 
MECH,3115,103,12,9,,1,1,,,,,,,,,1,,,0,"Ouyang, Hui","Bhamitipadi Suresh, Dhanush","Taba, Seyed Adib",,,,hxo150330,hui ouyang,Fluid Mechanics Laboratory 
MECH,3115,104,6,4,,4,,,,,,,,,,,,,0,"Ouyang, Hui","Bhamitipadi Suresh, Dhanush","Taba, Seyed Adib",,,,hxo150330,hui ouyang,Fluid Mechanics Laboratory 
MECH,3115,105,9,8,3,3,,,,,,,,,,,,,1,"Ouyang, Hui","Bhamitipadi Suresh, Dhanush","Taba, Seyed Adib",,,,hxo150330,hui ouyang,Fluid Mechanics Laboratory 
MECH,3120,101,18,6,1,1,,,,,,,,,,,,,0,"Hassanipour, Fatemeh","Jiang, Lin","Zaheri, Shadi",,,,fxh091000,fatemeh hassanipour,Heat Transfer Laboratory 
MECH,3120,102,22,3,,,,,,,,,,,,,,,0,"Hassanipour, Fatemeh","Zaheri, Shadi","Jiang, Lin",,,,fxh091000,fatemeh hassanipour,Heat Transfer Laboratory 
MECH,3120,103,24,1,1,,,,,,,,,,,,,,0,"Hassanipour, Fatemeh","Jiang, Lin","Zaheri, Shadi",,,,fxh091000,fatemeh hassanipour,Heat Transfer Laboratory 
MECH,3120,104,20,2,3,,,,,,,,,,,,,,0,"Hassanipour, Fatemeh","Jiang, Lin","Zaheri, Shadi",,,,fxh091000,fatemeh hassanipour,Heat Transfer Laboratory 
MECH,3120,105,13,12,,,,,,,,,,,1,,,,0,"Hassanipour, Fatemeh","Jiang, Lin","Zaheri, Shadi",,,,fxh091000,fatemeh hassanipour,Heat Transfer Laboratory 
MECH,3120,106,24,2,,,,,,,,,,,,,,,0,"Hassanipour, Fatemeh","Zaheri, Shadi","Jiang, Lin",,,,fxh091000,fatemeh hassanipour,Heat Transfer Laboratory 
MECH,3150,101,,6,8,7,8,5,2,1,,,,,1,2,,,0,"Park, Wooram","Gleason, Glenn H",,,,,wxp103020,wooram park,Kinematics and Dynamics Laboratory 
MECH,3150,102,,9,4,11,7,2,3,1,1,,,,,2,,,0,"Park, Wooram","Gleason, Glenn H",,,,,wxp103020,wooram park,Kinematics and Dynamics Laboratory 
MECH,3150,103,1,1,4,3,2,,,1,1,,,,,1,,,0,"Park, Wooram","Gleason, Glenn H",,,,,wxp103020,wooram park,Kinematics and Dynamics Laboratory 
MECH,3305,002,2,24,5,5,,,,,,,,,1,,,,0,"Tadesse, Yonas T","Almubarak, Yara",,,,,ytt110030,yonas tadesse,Computer Aided Design 
MECH,3305,0W1,2,10,7,5,5,3,1,2,,,,,,5,,,0,"Fadda, Dani Z","Almubarak, Yara",,,,,dzf091000,dani fadda,Computer Aided Design 
MECH,3305,0W2,5,15,8,5,4,3,1,1,,,,,,2,,,1,"Rios, Oziel","Almubarak, Yara",,,,,oxr106020,oziel rios,Computer Aided Design 
MECH,3310,001,10,14,1,14,9,4,2,,,,,,1,3,,,2,"Ouyang, Hui","Sitaula, Karuna","Garimella, Martand Mayukh",,,,hxo150330,hui ouyang,Thermodynamics 
MECH,3310,002,11,16,8,12,6,1,2,1,2,,,,,,1,,0,"Ouyang, Hui","Garimella, Martand Mayukh","Sitaula, Karuna",,,,hxo150330,hui ouyang,Thermodynamics 
MECH,3315,001,10,15,9,7,2,5,1,1,,,,,,7,,,3,"Iungo, Giacomo Valerio","Pandya, Yajat Vedant",,,,,ixg140830,giacomo iungo,Fluid Mechanics 
MECH,3315,002,18,25,12,2,1,1,,,1,,,1,1,,,,0,"Jin, Yaqing","Puccioni, Matteo",,,,,yxj190011,yaqing jin,Fluid Mechanics 
MECH,3315,003,1,4,5,6,4,2,3,,,,,,,5,,,0,"Ciri, Umberto",,,,,,uxc150030,umberto ciri,Fluid Mechanics 
MECH,3315,004,2,5,5,6,4,2,,1,,,,1,,3,1,,0,"Ciri, Umberto",,,,,,uxc150030,umberto ciri,Fluid Mechanics 
MECH,3320,001,1,5,6,6,3,2,3,1,2,,,,,2,1,,1,"Fadda, Dani Z",,,,,,dzf091000,dani fadda,Heat Transfer 
MECH,3350,001,1,14,11,21,9,8,2,4,3,,,,2,9,,,1,"Park, Wooram","Park, Sungju",,,,,wxp103020,wooram park,Kinematics and Dynamics of Mechanical Systems 
MECH,3350,501,4,13,17,16,8,4,2,2,4,,1,,,13,1,,0,"Park, Wooram","Park, Sungju",,,,,wxp103020,wooram park,Kinematics and Dynamics of Mechanical Systems 
MECH,3351,001,4,12,7,3,8,1,,3,,,,,1,2,,,1,"Griffith, Daniel T","Feng, Cheng",,,,,dtg170130,daniel griffith,Design of Mechanical Systems 
MECH,3351,002,3,7,6,10,12,4,1,1,2,,,,,8,,,4,"Wilt, James C","Feng, Cheng",,,,,jcw140130,james wilt,Design of Mechanical Systems 
MECH,3360,001,,25,,,30,,,3,,,2,,,9,,,0,"Kumar, Golden","Jagdale, Shweta H",,,,,gxk180010,golden kumar,Introduction to Materials Science 
MECH,3370,001,1,9,11,9,,,2,,,,,,1,,,,0,"Hassanipour, Fatemeh",,,,,,fxh091000,fatemeh hassanipour,Applied Thermodynamics 
MECH,3380,001,11,13,5,6,3,4,2,2,2,1,2,1,2,5,2,,9,"Malik, Arif","Patel, Akash",,,,,axm154531,arif malik,Introduction to Computational Design and Analysis 
MECH,3V95,001,7,32,18,4,4,2,1,,,,,,,2,,,0,"Li, Wei","Mysore Nagaraja, Kishore",,,,,wxl190014,,Topics in Mechanical Engineering 
MECH,4110,101,3,12,3,1,2,1,,,1,,,,,,,,2,"Koeln, Justin P",,,,,,jpk170130,,Systems and Controls Laboratory 
MECH,4110,102,4,12,4,,1,1,1,,,,,,1,,,,1,"Koeln, Justin P",,,,,,jpk170130,,Systems and Controls Laboratory 
MECH,4110,103,5,6,6,3,3,1,,,1,,,,1,,,,0,"Koeln, Justin P",,,,,,jpk170130,,Systems and Controls Laboratory 
MECH,4110,104,5,8,5,,4,2,,,,,,,,1,,,1,"Koeln, Justin P",,,,,,jpk170130,,Systems and Controls Laboratory 
MECH,4110,105,5,15,1,,3,2,,,,,,,,,,,0,"Koeln, Justin P",,,,,,jpk170130,,Systems and Controls Laboratory 
MECH,4301,001,,1,21,8,3,1,,,,,,,,,1,,2,"Ryu, III","Nguyen, Phu Cuong",,,,,ixr161130,,Intermediate Mechanics of Materials 
MECH,4310,001,1,2,2,4,5,4,1,2,,,,,3,3,1,,2,"Ruths, Justin","Kumar, Devesh","Zhang, Yujie",,,,jxr163730,justin ruths,Systems and Controls 
MECH,4310,002,4,5,2,14,5,6,1,2,,1,1,1,2,8,2,,2,"Ruths, Justin","Zhang, Yujie","Kumar, Devesh",,,,jxr163730,justin ruths,Systems and Controls 
MECH,4320,001,7,19,5,3,,,2,1,,,,,,1,1,,1,"Leonardi, Stefano","Garimella, Martand Mayukh",,,,,sxl139330,stefano leonardi,Applications of Computational Tools in Thermal Fluid Science 
MECH,4340,001,1,8,5,9,13,3,5,3,5,,,,,6,,,1,"Park, Wooram","Gleason, Glenn H",,,,,wxp103020,wooram park,Mechanical Vibrations 
MECH,4381,001,,6,5,2,1,,,,,,,,,2,,,0,"Hart, Robert A","Li, Yaoyu",,,,,rxh124630,robert hart,Senior Design Project I 
MECH,4381,002,,5,8,1,1,,1,,,,,,,,,,0,"Hart, Robert A",,,,,,rxh124630,robert hart,Senior Design Project I 
MECH,4381,003,,6,1,4,1,1,,,1,,,,,1,,,0,"Hart, Robert A",,,,,,rxh124630,robert hart,Senior Design Project I 
MECH,4381,004,,4,3,5,2,,,,,,,,,2,,,0,"Hart, Robert A",,,,,,rxh124630,robert hart,Senior Design Project I 
MECH,4381,005,,8,5,1,2,,,,,,,,,,,,0,"Hart, Robert A",,,,,,rxh124630,robert hart,Senior Design Project I 
MECH,4381,006,,6,4,5,,,,,1,,,,,,,,0,"Hart, Robert A",,,,,,rxh124630,robert hart,Senior Design Project I 
MECH,4381,007,,2,8,1,,2,,,,,,,,3,,,0,"Hart, Robert A",,,,,,rxh124630,robert hart,Senior Design Project I 
MECH,4381,008,,3,7,3,1,,,,,,,,,1,,,0,"Hart, Robert A",,,,,,rxh124630,robert hart,Senior Design Project I 
MECH,4381,010,,6,3,1,1,1,1,,,,,,,1,,,0,"Hart, Robert A",,,,,,rxh124630,robert hart,Senior Design Project I 
MECH,4382,001,,11,14,5,4,4,2,2,1,,,,,2,,,0,"Hart, Robert A",,,,,,rxh124630,robert hart,Senior Design Project II 
MECH,4382,002,,6,11,8,6,7,3,2,,,,,,2,,,0,"Hart, Robert A",,,,,,rxh124630,robert hart,Senior Design Project II 
MECH,5300,501,,4,4,2,,,,,,,,,,,,2,0,"Kim, Jiyoung","Chuang, Ping-Ju",,,,,jxk041000,,Introduction to Materials Science 
MECH,6300,001,,2,4,3,2,,,2,,,,,,,,,5,"Yurkovich, Stephen",,,,,,sxy111430,stephen yurkovich,Linear Systems 
MECH,6303,001,,30,5,2,1,,,1,,,,,,,,,1,"Tadesse, Yonas T","Almubarak, Yara",,,,,ytt110030,yonas tadesse,Computer Aided Design 
MECH,6314,001,,14,,,,,,,,,,,,,,1,0,"Spong, Mark W","Chavez, Maegan L",,,,,mws081000,mark spong,Engineering Systems  Modeling and Simulation 
MECH,6318,001,,25,4,8,2,,,,,,,,1,,,,0,"Zhang, Jie","Liu, Yuanzhi",,,,,jxz156730,jie zhang,Engineering Optimization 
MECH,6326,001,,6,,,2,1,,3,,,,,1,,,,1,"Summers, Tyler H",,,,,,ths150130,tyler summers,Optimal Control and Dynamic Programming 
MECH,6335,001,,3,3,3,1,,,,,,,,,,,3,0,"Stecke, Kathryn","Vu, Duc D",,,,,kes021000,kathryn stecke,Flexible Manufacturing Strategies 
MECH,6350,001,,23,8,6,2,,,,,,,,,,,,1,"Lu, Hongbing",,,,,,hxl101000,hongbing lu,Advanced Solid Mechanics 
MECH,6351,001,,12,9,1,1,1,1,2,,,,,,,,6,2,"Qian, Dong","Patel, Rhythm G",,,,,dxq120430,dong qian,Finite Element Techniques I 
MECH,6354,001,,5,4,4,,,,,,,,,,,,2,0,"Bernal Montoya, Rodrigo A",,,,,,rab160530,rodrigo bernal,Experimental Mechanics 
MECH,6370,001,,8,2,1,,1,,2,,,,,2,,,1,0,"Anderson, William C",,,,,,wca140030,william anderson,Incompressible Fluid Mechanics 
MECH,6374,001,,12,4,6,2,2,,1,,,,,,,,,0,"Qin, Zhenpeng",,,,,,zxq140530,zhenpeng qin,Conductive and Radiative Heat Transfer 
MECH,6375,001,,14,3,1,,,,,,,,,,,,,0,"Dai, Xianming",,,,,,xxd161630,xianming dai,Phase Change Heat Transfer 
MECH,6V29,002,,8,,,2,,,,,,,,,,,,2,"Koeln, Justin P",,,,,,jpk170130,,Special Topics in Dynamic Systems and Control 
MECH,7392,001,,6,2,,3,1,,,,,,,1,,,6,0,"Thamban, P.L.Stephan",,,,,,stephan,p l stephan thamban,Advanced Mathematics for Mechanical Engineers I 
MECO,4342,001,10,2,2,1,,,,,,,,,,,,,0,"Molina, Stephen","Wendel, Alexa P",,,,,sxm163630,stephen molina,Financial and Business Negotiation Analysis 
MECO,6303,001,,18,7,3,2,,,,,,,,,,,,1,"Siegenthaler, Simon","Josyula, Chandramouli Niranjan",,,,,sxs177933,simon siegenthaler,Business Economics 
MECO,6303,0W1,,13,3,6,6,2,1,1,,,,,,,,8,1,"Lewin, Peter","Josyula, Chandramouli Niranjan",,,,,plewin,peter lewin,Business Economics 
MECO,6303,MBP,,28,7,3,1,,,,,,,,,,,,0,"Siegenthaler, Simon","Josyula, Chandramouli Niranjan",,,,,sxs177933,simon siegenthaler,
MECO,6303,XS1,,10,15,3,,,,,,,,,1,,,,0,"Kiser, Stephen L",,,,,,slk012100,stephen kiser,
MECO,6345,001,,3,4,4,2,,,,,,,,,,,,1,"Hyndman, Kyle B",,,,,,tdp062000,kyle hyndman,Advanced Managerial Economics 
MECO,6V99,501,,9,1,,,,,,,,,,,,,,0,"Lewin, Peter","Villarreal, Pamela A",,,,,plewin,peter lewin,Special Topics in Managerial Economics 
MECO,7312,001,,13,3,3,1,1,,,,,,,,,,,2,"Chiong, Khai X",,,,,,kxc173030,khai chiong,Advanced Statistics and Probability 
MIS,6302,0W1,,22,,,,,,,,,,,,,,,0,"Majumdar, Sumit K","Mishra, Sailendra P",,,,,skm021100,sumit majumdar,Managing Digital Strategy 
MIS,6308,002,,11,18,13,3,2,,,,,,,,,,7,2,"Narasimhan, Prithi","Sripathy Hariprasath, Sukanyaa",,,,,pxn152330,prithi narasimhan,System Analysis and Project Management 
MIS,6308,0W1,,18,11,8,2,2,,,,,,,,,,16,2,"Raghunathan, Srinivasan","Zhang, Haozhao",,,,,sraghu,srinivasan raghunathan,System Analysis and Project Management 
MIS,6308,501,,12,18,13,1,2,,,,,,,,,,11,0,"Narasimhan, Prithi","Sripathy Hariprasath, Sukanyaa",,,,,pxn152330,prithi narasimhan,System Analysis and Project Management 
MIS,6309,001,,17,27,8,1,,,,,,,,,,,4,0,"Lahiri, Atanu","Bist, Sumit",,,,,axl144730,atanu lahiri,Business Data Warehousing 
MIS,6309,0W1,,5,3,4,2,,,,,,,,,,,1,1,"Bradbury, Judd D","Jethwani, Pallavi","Rathore, Khushboo",,,,jdb101000,judd bradbury,Business Data Warehousing 
MIS,6309,501,,10,9,3,3,,,,,,,,,,,8,0,"Islam, Naser","Bist, Sumit",,,,,nxi110630,naser islam,Business Data Warehousing 
MIS,6309,SW1,,4,1,2,1,,,,,,,,,,,3,1,"Bradbury, Judd D","Rathore, Khushboo","Jethwani, Pallavi",,,,jdb101000,judd bradbury,
MIS,6313,0W1,,17,,,17,,,3,,,,,,,,11,2,"Sarkar, Sumit","Sun, Kai",,,,,sumit,sumit sarkar,Managing IT in the Analytics Age 
MIS,6313,501,,24,10,,,,,,,,,,1,,,1,1,"Fuller, Tony F","Mishra, Sailendra P",,,,,tff170130,tony fuller,Managing IT in the Analytics Age 
MIS,6313,MBC,,28,13,7,,,,,,,,,,,,1,0,"Mookerjee, Vijay","Sun, Kai",,,,,vijaym,vijay mookerjee,
MIS,6313,MBP,,16,13,1,1,2,,,,,,,,,,6,0,"Hefley, William E","Bothra, Paawan",,,,,weh150130,william hefley,
MIS,6316,0W1,,6,2,1,,1,,,,,,,,,,3,0,"Menon, Syam","Chen, Luoying",,,,,sxm021300,syam menon,Data Communications 
MIS,6317,501,,5,1,1,1,,,,,,,,,,,2,0,"Ayvaci, Mehmet U","Zhang, Chenglong",,,,,mua120030,mehmet ayvaci,Healthcare Informatics 
MIS,6319,0W1,,16,,,1,,,,,,,,,,,,0,"Thompson, Luell O","Thakare, Anvay",,,,,lot013000,luell thompson,Enterprise Resource Planning with SAP 
MIS,6320,501,,12,1,1,1,,1,1,,,,,,,,1,0,"Atabansi, Lloyd A","Shah, Dhruv Rakesh",,,,,laa190003,lloyd atabansi,Database Foundations 
MIS,6324,501,,12,5,1,2,,,,,,,,,,,3,0,"Zhang, Zhe","Bhatt, Jairaj",,,,,zxz145430,,Business Analytics With SAS 
MIS,6326,0W1,,18,10,7,3,,,,,,,,,,,10,0,"Ryu, Young","Aksoy, Ozgur",,,,,ryoung,young ryu,Data Management 
MIS,6326,501,,11,5,3,2,,,,,,,,,,,2,0,"Ryu, Young","Aksoy, Ozgur",,,,,ryoung,young ryu,Data Management 
MIS,6330,001,,12,17,4,1,,,,,,,,,,,,0,"Lahiri, Atanu","Zhang, Hong",,,,,axl144730,atanu lahiri,Cybersecurity Fundamentals 
MIS,6330,501,,6,15,6,3,,,,,,,,,,,3,0,"Lahiri, Atanu","Zhang, Hong",,,,,axl144730,atanu lahiri,Cybersecurity Fundamentals 
MIS,6333,501,,5,11,10,3,,,1,,,,,,,,1,0,"Shroff, Tejas N","Chen, Luoying",,,,,tns190000,tejas shroff,Digital Forensics and Incident Management 
MIS,6337,001,,7,3,4,4,2,,,,,,,,,,3,0,"Mauriello, Joseph A","Truong, Timothy T",,,,,jam151430,joseph mauriello,Information Technology Audit and Risk Management 
MIS,6341,001,,6,16,3,1,,,,,,,,,,,1,0,"Sohaee, Nassim","Ravishankar, Aadith Narayan",,,,,nxs045000,nassim sohaee,Applied Machine Learning 
MIS,6341,002,,5,7,,,,,,,,,,,,,5,0,"Sohaee, Nassim","Ravishankar, Aadith Narayan",,,,,nxs045000,nassim sohaee,Applied Machine Learning 
MIS,6341,0W1,,7,6,5,1,,,,,,,,,,,1,0,"Sohaee, Nassim","Ravishankar, Aadith Narayan",,,,,nxs045000,nassim sohaee,Applied Machine Learning 
MIS,6344,001,,14,7,6,1,1,,,,,,,,,,9,2,"Mehra, Amit","Kadam, Shraddha Hemant",,,,,axm078200,amit mehra,Web Analytics 
MIS,6346,002,,39,,,,,,,,,,,,,,,0,"Elkhodari, Gasan","Sharma, Ishan",,,,,gxe051000,gasan elkhodari,Big Data 
MIS,6346,0W1,,17,6,,1,,,,,,,,,,,1,0,"Perez, Jerry","Kulkarni, Aniket S",,,,,jxp180019,jerry perez,Big Data 
MIS,6346,501,,36,,,,,,,,,,,,,,,0,"Elkhodari, Gasan","Sharma, Ishan",,,,,gxe051000,gasan elkhodari,Big Data 
MIS,6349,001,,44,4,2,1,,,,,,,,,,,1,0,"Shekhar, Gaurav",,,,,,gxs150130,gaurav shekhar,Digital Consulting Project 
MIS,6349,002,,36,4,2,,,,,,,,,,,,,0,"Shekhar, Gaurav",,,,,,gxs150130,gaurav shekhar,Digital Consulting Project 
MIS,6356,001,,7,3,,2,,,,,,,,,,,1,0,"Zhang, Zhe","Thakare, Anvay",,,,,zxz145430,,Business Analytics With R 
MIS,6356,502,,5,9,1,2,,,,,,,,,,,11,0,"Chatterjee, Sourav","Daniyal, Muhammad",,,,,sxc180075,sourav chatterjee,Business Analytics With R 
MIS,6357,001,,21,2,1,,,,,,,,,,,,,0,"Johnston, Walter L",,,,,,wlj031000,walter johnston,Advanced Business Analytics with R 
MIS,6360,001,,23,6,6,1,,,,,,,,,,,3,0,"Thouin, Mark","Pereira, Femina Martin",,,,,mxt083000,mark thouin,Agile Project Management 
MIS,6360,0W1,,5,5,6,2,1,,,,,,,,,,3,0,"Thouin, Mark","Pereira, Femina Martin",,,,,mxt083000,mark thouin,Agile Project Management 
MIS,6363,001,,9,8,13,10,1,,,,,,,,,,21,0,"Song, Liugen",,,,,,lxs190018,liugen song,Cloud Computing 
MIS,6369,501,,4,2,2,1,2,,,,,,,,,,,0,"Subramoniam, Ramesh","Dedhia, Yash K",,,,,rxs179630,ramesh subramoniam,Supply Chain Software with SAP 
MIS,6373,501,,22,6,,,,,,,,,,,,,1,0,"Ginevich, Rostislav",,,,,,rxg172930,rostislav ginevich,Social Media Business 
MIS,6380,001,,18,17,8,4,,,,,,,,,,,3,0,"Islam, Naser","Bist, Sumit",,,,,nxi110630,naser islam,Data Visualization 
MIS,6380,0W1,,7,3,4,1,,,,,,,,,,,5,0,"Bradbury, Judd D","Rathore, Khushboo","Jethwani, Pallavi",,,,jdb101000,judd bradbury,Data Visualization 
MIS,6380,GW1,,6,2,,,4,,,,,,,,,,,1,"Bradbury, Judd D","Jethwani, Pallavi","Rathore, Khushboo",,,,jdb101000,judd bradbury,
MIS,6382,001,,26,14,8,7,1,1,,,,,,1,,,9,2,"Mookerjee, Radha","Sonmale, Bhushan K",,,,,rvm019000,radha mookerjee,Object Oriented Programming in Python 
MIS,6382,0W1,,13,19,1,7,2,,,,,,,3,,,10,3,"Mookerjee, Radha","Sonmale, Bhushan K",,,,,rvm019000,radha mookerjee,Object Oriented Programming in Python 
MIS,6384,001,,3,6,4,4,,1,1,,,,,,,,3,0,"Shroff, Tejas N","Chen, Luoying",,,,,tns190000,tejas shroff,Preparing for Cybersecurity Threats 
MIS,6392,001,,2,1,4,1,,,,,,,,,,,2,0,"Mehra, Amit","Kadam, Shraddha Hemant",,,,,axm078200,amit mehra,Causal Analytics and A B Testing 
MKT,3300,001,,7,8,9,3,1,2,,,,,,,,,,2,"Bhave, Ashutosh C",,,,,,acb140430,ashutosh bhave,Principles of Marketing 
MKT,3300,002,,11,,11,14,,6,4,1,,,,1,4,,,2,"Rajaratnam, Daniel",,,,,,dxr143430,daniel rajaratnam,Principles of Marketing 
MKT,3300,004,4,27,12,2,3,1,,1,,,,,,4,1,,1,"Egeland, Rita E",,,,,,rxb154430,rita bargerhuff egeland,Principles of Marketing 
MKT,3300,005,1,14,16,10,10,2,1,,,,1,,,,,,0,"Wu, Fang","Lu, Renjie",,,,,fxw052000,fang wu,Principles of Marketing 
MKT,3300,006,4,5,6,5,2,3,1,1,,,,,,,1,,0,"Jameei Osgouei, Ata",,,,,,axj174330,ata osgouei,Principles of Marketing 
MKT,3300,007,3,16,5,4,7,3,1,3,3,,,,,9,,,1,"Haseman, Charles",,,,,,cxh180018,charles haseman,Principles of Marketing 
MKT,3300,008,4,23,7,9,7,3,,,,,,,,2,,,0,"Elmi, Omid",,,,,,oxe160230,omid elmi,Principles of Marketing 
MKT,3300,009,,15,11,6,10,2,,3,,,,,1,8,,,0,"Pacyna, Sandra",,,,,,sxp158130,sandra pacyna,Principles of Marketing 
MKT,3300,010,,10,,8,18,,5,2,,2,1,,,8,,,2,"Rajaratnam, Daniel",,,,,,dxr143430,daniel rajaratnam,Principles of Marketing 
MKT,3300,011,8,27,14,3,3,,,,1,,,,,,,,0,"Gafford, Jerome M","Meehan, Madelyn",,,,,jmg171130,jerome gafford,Principles of Marketing 
MKT,3300,012,13,17,6,4,4,1,,,1,,,,,1,,,1,"Kasaian, Keyvan",,,,,,kxk153830,,Principles of Marketing 
MKT,3300,013,11,23,9,4,2,1,1,,,,,1,1,2,,,1,"Kasaian, Keyvan",,,,,,kxk153830,,Principles of Marketing 
MKT,3300,014,,4,15,10,15,3,2,2,,,,,2,3,,,0,"Qian, Kun",,,,,,kxq170030,kun qian,Principles of Marketing 
MKT,3300,015,1,10,5,13,12,5,4,1,1,,,,,3,,,0,"Wu, Fang","Lu, Renjie",,,,,fxw052000,fang wu,Principles of Marketing 
MKT,3300,0W1,,37,7,3,4,,,,,,,,,2,,,0,"Pahwa, Parneet","Cermin, Kaycey","Meehan, Madelyn",,,,pxp030100,parneet pahwa,Principles of Marketing 
MKT,3300,0W2,,17,9,11,7,1,2,,,,,1,1,5,,,1,"Wu, Fang","Lu, Renjie",,,,,fxw052000,fang wu,Principles of Marketing 
MKT,3300,0W3,,23,12,5,7,,,1,,,,,,,,,2,"Pahwa, Parneet","Cermin, Kaycey","Meehan, Madelyn",,,,pxp030100,parneet pahwa,Principles of Marketing 
MKT,3320,001,8,17,14,4,3,1,2,1,1,,,,1,5,,,1,"Haworth, Julie B","Lu, Renjie","Cermin, Kaycey",,,,haworth,julie haworth,Product and Brand Management 
MKT,3330,001,14,10,2,,2,1,,,,1,,,2,,2,,1,"Gafford, Jerome M",,,,,,jmg171130,jerome gafford,Introduction to Professional Selling 
MKT,3330,002,13,10,1,,2,,,,,1,,,2,3,1,,1,"Gafford, Jerome M",,,,,,jmg171130,jerome gafford,Introduction to Professional Selling 
MKT,3330,003,3,6,6,2,1,2,,,2,,,,8,3,1,,0,"Amirpour, Semiramis",,,,,,sxa130731,semiramis amirpour,Introduction to Professional Selling 
MKT,3330,004,3,8,5,2,3,1,,,2,,1,,2,1,2,,3,"Amirpour, Semiramis",,,,,,sxa130731,semiramis amirpour,Introduction to Professional Selling 
MKT,3330,005,19,6,4,,,,1,1,1,,1,,,,,,1,"Gafford, Jerome M",,,,,,jmg171130,jerome gafford,Introduction to Professional Selling 
MKT,3330,006,4,7,6,1,1,2,,1,,,1,1,1,4,1,,2,"Amirpour, Semiramis",,,,,,sxa130731,semiramis amirpour,Introduction to Professional Selling 
MKT,3340,001,,10,2,6,7,2,7,3,,1,,,1,7,1,,0,"Rajaratnam, Daniel",,,,,,dxr143430,daniel rajaratnam,Marketing Research 
MKT,3340,501,,8,2,6,11,2,4,3,,2,,,1,7,1,,2,"Rajaratnam, Daniel",,,,,,dxr143430,daniel rajaratnam,Marketing Research 
MKT,4320,501,,3,2,,3,,1,,1,,,,,1,,,0,"Lee, Seunghyun","Yeo, Yundong",,,,,sxl029100,,International Marketing 
MKT,4330,001,,11,5,2,13,1,1,3,2,,,,,4,,,0,"Pacyna, Sandra",,,,,,sxp158130,sandra pacyna,Digital and Internet Marketing 
MKT,4330,0W1,3,12,6,3,3,4,1,4,,,,1,,6,,,0,"Edsel, Alexander D",,,,,,ade012000,alexander edsel,Digital and Internet Marketing 
MKT,4330,0W2,3,10,7,5,7,2,,1,6,2,,,,3,1,,1,"Edsel, Alexander D",,,,,,ade012000,alexander edsel,Digital and Internet Marketing 
MKT,4331,001,2,12,4,1,8,2,1,3,1,,1,,1,4,1,,13,"Dover, Howard F",,,,,,hfd021000,howard dover,Digital Prospecting 
MKT,4332,001,5,7,1,1,3,3,1,,1,,,,,1,1,,4,"Dover, Howard F",,,,,,hfd021000,howard dover,Advanced Personal Selling 
MKT,4334,001,19,12,5,5,2,1,1,,1,,,2,,,1,,0,"Johnson, Quincy F",,,,,,qfj061000,quincy johnson,Social Media Marketing 
MKT,4336,501,1,7,2,1,4,2,1,,,,,,,,,,0,"Haseman, Charles",,,,,,cxh180018,charles haseman,E-Retailing 
MKT,4337,501,3,13,9,5,7,4,3,1,,,,,1,2,,,1,"Farquharson, Neil",,,,,,nxf051000,neil farquharson,Marketing Analytics 
MKT,4338,501,14,13,,,8,,,3,,,1,,,1,1,,0,"Dickinson, Keith",,,,,,kxd084000,keith dickinson,Marketing Content Creation 
MKT,4339,501,2,4,4,,,2,3,1,1,,,,,1,1,,2,"Farquharson, Neil",,,,,,nxf051000,neil farquharson,Marketing Creative Skills and Testing 
MKT,4350,001,3,8,5,5,10,5,2,2,,,,,,5,2,,1,"Biswas, Abhijit","Deniskin, Viacheslav",,,,,axb019100,abhijit biswas,Advertising 
MKT,4360,001,22,12,9,4,,,,,,,,,,1,,,0,"Haworth, Julie B",,,,,,haworth,julie haworth,Social Marketing 
MKT,4360,501,22,17,5,1,2,1,,2,,,,,,1,,,0,"Haworth, Julie B",,,,,,haworth,julie haworth,Social Marketing 
MKT,4370,001,1,4,5,2,2,3,,,,,,,,,,,0,"Egeland, Rita E",,,,,,rxb154430,rita bargerhuff egeland,Marketing Projects 
MKT,4395,001,12,18,6,7,6,1,,,,,,,,,,,0,"Corbin, Sonja C",,,,,,scc130530,sonja corbin,Capstone Senior Project - Marketing 
MKT,6301,001,,18,3,12,10,,,1,,,,,,,,11,1,"Rajaratnam, Daniel",,,,,,dxr143430,daniel rajaratnam,Marketing Management 
MKT,6301,0W1,,17,20,6,4,2,,,,,,,1,,,1,1,"Biswas, Abhijit","Deniskin, Viacheslav",,,,,axb019100,abhijit biswas,Marketing Management 
MKT,6301,0W2,,16,15,6,10,,,1,,,,,1,,,4,0,"Biswas, Abhijit","Deniskin, Viacheslav",,,,,axb019100,abhijit biswas,Marketing Management 
MKT,6301,0W3,,25,,7,9,5,,1,,,,,,,,8,0,"Pahwa, Parneet","Cermin, Kaycey","Meehan, Madelyn",,,,pxp030100,parneet pahwa,Marketing Management 
MKT,6301,MBC,,20,17,3,3,1,1,,,,,,,,,12,1,"Biswas, Abhijit","Bagheri Tirtashi, Ali","Deniskin, Viacheslav",,,,axb019100,abhijit biswas,
MKT,6301,P51,,22,,3,,,,,,,,,1,,,1,0,"Rajaratnam, Daniel",,,,,,dxr143430,daniel rajaratnam,
MKT,6309,501,,11,5,12,6,,1,1,,,,,,,,2,0,"Rajaratnam, Daniel",,,,,,dxr143430,daniel rajaratnam,Marketing Data Analysis and Research 
MKT,6310,001,,4,4,5,10,2,,1,,,,,,,,5,0,"Biswas, Abhijit","Bagheri Tirtashi, Ali",,,,,axb019100,abhijit biswas,Consumer Behavior 
MKT,6310,0W1,,6,6,7,4,,,,,,,,1,,,2,1,"Biswas, Abhijit","Bagheri Tirtashi, Ali",,,,,axb019100,abhijit biswas,Consumer Behavior 
MKT,6321,0W1,,18,5,9,13,,,,,,,,,,,3,0,"Edsel, Alexander D",,,,,,ade012000,alexander edsel,Interactive and Digital Marketing 
MKT,6330,0W1,,3,6,9,4,,,,,,,,,,,6,1,"Biswas, Abhijit","Bagheri Tirtashi, Ali",,,,,axb019100,abhijit biswas,Brand Management 
MKT,6337,002,,4,1,3,,,,,,,,,,,,3,0,"Kim, Tongil","Alavi, Seyyedeh Soogand","Lim, Taewook",,,,txk200012,,Predictive Analytics Using SAS 
MKT,6341,501,,7,2,3,3,,,,,,,,,,,1,1,"Edsel, Alexander D",,,,,,ade012000,alexander edsel,Marketing Automation and Campaign Management 
MKT,6343,501,,12,7,11,1,1,,,,,,,1,,,3,1,"Xie, Ying","Lim, Taewook",,,,,yxx124930,ying xie,Social Media Marketing and Insights 
MKT,6350,501,,5,8,6,4,,,,,,,,1,,,,0,"Rao, Ram C","Bagheri Tirtashi, Ali",,,,,rrao,ram rao,Competitive Marketing Strategy 
MKT,6352,001,,18,4,2,2,1,,,,,,,,,,1,1,"Tirone, Guido",,,,,,gxt170001,guido tirone,Marketing Web Analytics and Insights 
MKT,6352,501,,17,3,1,3,,,,,,,,,,,3,0,"Tirone, Guido",,,,,,gxt170001,guido tirone,Marketing Web Analytics and Insights 
MKT,6353,501,,12,,4,2,,,,,,,,1,,,1,1,"Kumar, Nanda","Bagheri Tirtashi, Ali",,,,,nkumar,nanda kumar,Customer Analytics and Insights 
MSEN,3301,001,4,8,,1,2,,,,,,,,,,,,2,"Quevedo-Lopez, Manuel","Santos Fernandez, Regino",,,,,mxq071000,manuel quevedo lopez,Introduction to Nanoscience and Nanotechnology 
MSEN,5310,001,,1,1,3,5,2,3,1,,,,,,,,1,0,"Hsu, Julia","Le, Dan N",,,,,jxh101000,julia hsu,Thermodynamics of Materials 
MSEN,6319,001,,,,5,5,4,1,1,,,,,,,,1,0,"Wallace, Robert M","Krishnasamy, Ramyapriya",,,,,rmw031000,robert wallace,Quantum Mechanics for Materials Scientists 
MSEN,6340,001,,1,1,6,5,1,,,,,,,,,,,0,"Kim, Moon J",,,,,,mjk034000,,Introduction to Electron Microscopy 
MUSI,1306,002,41,7,,,2,,,,,,,,2,,,,0,"Jones, Eric",,,,,,exj180003,eric jones,Understanding Music 
MUSI,1306,003,6,26,2,3,3,2,1,1,,,,,2,2,4,,1,"Ming, Adron",,,,,,axm167231,adron ming,Understanding Music 
MUSI,1306,004,27,18,,,1,1,1,1,,,,,2,,1,,1,"Salisbury, Linda J",,,,,,ljs130230,linda salisbury,Understanding Music 
MUSI,1306,005,,10,7,4,4,6,,1,1,,1,2,,9,,,7,"Palant, Jonathan",,,,,,jxp170230,jonathan palant,Understanding Music 
MUSI,1306,006,24,17,,1,1,1,1,,,,,,3,,,,2,"Salisbury, Linda J",,,,,,ljs130230,linda salisbury,Understanding Music 
MUSI,1306,501,37,3,3,2,2,,,1,,,1,,5,,1,,0,"Wilder, James E",,,,,,jew042000,james wilder,Understanding Music 
MUSI,2113,501,4,15,,,,,,,,,,,,,,,0,"Gerard, Lori A",,,,,,lag091020,lori gerard,Pep Band 
MUSI,2127,001,,21,3,1,1,,,,,,,,3,,1,,2,"Palant, Jonathan",,,,,,jxp170230,jonathan palant,University Choir 
MUSI,2315,001,,11,,,,,,2,1,,,,,,,,0,"Hodan, Daniel M",,,,,,dmh017000,daniel hodan,Guitar I 
MUSI,2315,002,12,2,,,1,,,,,1,,,,,,,0,"Wilder, James E",,,,,,jew042000,james wilder,Guitar I 
MUSI,2317,001,4,10,2,,2,,,,,,,,,,,,0,"Medrick, Mary A",,,,,,mam017200,mary medrick,Piano I 
MUSI,2317,004,3,6,,1,,1,,1,,,,,1,,1,,1,"Medrick, Mary A",,,,,,mam017200,mary medrick,Piano I 
MUSI,2319,001,1,11,,,,,,,,,,,2,,,,2,"Durbin, Kelly",,,,,,kpdurbin,kelly durbin,Digital Music I 
MUSI,2319,002,2,11,1,1,,,,,,,,,2,,,,1,"Durbin, Kelly",,,,,,kpdurbin,kelly durbin,Digital Music I 
MUSI,2321,001,36,6,2,1,,,,,,,,,1,,1,,1,"Jones, Eric",,,,,,exj180003,eric jones,Music Cultures of the World 
MUSI,2322,001,6,2,1,,4,,3,3,,,,,,2,1,,7,"Gerard, Lori A",,,,,,lag091020,lori gerard,Music in Western Civilization 
MUSI,2322,002,14,6,,1,2,,1,,,,,,2,1,2,,1,"Bennett, Rodger",,,,,,rxb180025,rodger bennett,Music in Western Civilization 
MUSI,2322,003,,1,,1,3,1,1,,1,,2,,5,2,5,,7,"Gerard, Lori A",,,,,,lag091020,lori gerard,Music in Western Civilization 
MUSI,2325,001,,10,,,,,,,,,,,,,,,1,"Riemer Bueckert, Nili",,,,,,nxr190013,nili bueckert,Vocal Instruction I 
MUSI,2325,002,,10,2,1,,,,1,,,,,,,,,0,"Riemer Bueckert, Nili",,,,,,nxr190013,nili bueckert,Vocal Instruction I 
MUSI,2328,001,11,,,2,2,,1,,,,,,1,1,2,,3,"Bennett, Rodger",,,,,,rxb180025,rodger bennett,Music Theory I 
MUSI,2328,002,8,3,,,4,,1,1,,,1,,1,3,,,1,"Bennett, Rodger",,,,,,rxb180025,rodger bennett,Music Theory I 
MUSI,3112,001,,12,,,,,,,,,,,,,,,0,"Rodriguez, Robert X",,,,,,rxr014610,robert rodriguez,Advanced Orchestra Chamber Music Ensemble I 
MUSI,3118,501,,30,,,,,,,,,,,,,,,0,"Ming, Adron",,,,,,axm167231,adron ming,String Orchestra II 
MUSI,3120,501,,20,,,,,,,,,,,,,,,1,"Hustis, Gregory J",,,,,,gjh120030,,Wind Ensemble II 
MUSI,3122,001,1,9,,,,,,,,,,,,,,,1,"Salisbury, Linda J",,,,,,ljs130230,linda salisbury,Brass Ensemble I 
MUSI,3185,001,,11,,,,,,,,,1,,1,1,,,0,"Palant, Jonathan",,,,,,jxp170230,jonathan palant,Chamber Singers I 
MUSI,3186,001,6,,2,1,,,,,,,,,,1,,,0,"Durbin, Kelly",,,,,,kpdurbin,kelly durbin,Jazz Ensemble II 
MUSI,3322,001,6,14,3,1,3,1,,1,,,,,,,,,1,"Evans, Kathryn C",,,,,,kcevans,kathryn evans,Music in Historical Context 
MUSI,3324,001,3,8,2,2,,,,1,,,,,,,1,,2,"Durbin, Kelly",,,,,,kpdurbin,kelly durbin,Jazz History  Roots to Swing 
MUSI,3342,001,5,6,,,1,,,,,,,,,,1,,1,"Mcvay, Michael",,,,,,mjm031000,michael mcvay,Topics in Music 
MUSI,3388,001,1,5,2,,1,,,1,,,,,,,,,1,"Medrick, Mary A",,,,,,mam017200,mary medrick,Piano II 
NATS,1101,003,20,3,3,3,1,,1,2,,1,1,1,1,3,,,0,"Biewer, Michael C",,,,,,biewerm,michael biewer,Natural Sciences and Mathematics Freshman Seminar 
NATS,1101,004,28,4,1,2,,,,1,1,,,,1,1,,,1,"Biewer, Michael C",,,,,,biewerm,michael biewer,Natural Sciences and Mathematics Freshman Seminar 
NATS,1101,005,12,9,6,3,3,1,,,,,,,2,1,,,2,"Biewer, Michael C",,,,,,biewerm,michael biewer,Natural Sciences and Mathematics Freshman Seminar 
NATS,1101,006,25,6,3,,,1,,,,,,,2,1,,,0,"Biewer, Michael C",,,,,,biewerm,michael biewer,Natural Sciences and Mathematics Freshman Seminar 
NATS,1101,008,,29,,,1,1,,,,,,1,1,,1,,2,"Meedel, Jennifer",,,,,,jxm168030,,Natural Sciences and Mathematics Freshman Seminar 
NATS,1101,009,20,11,,,2,,,2,,,,,1,,,,0,"Elgin, Linda",,,,,,lxe120930,,Natural Sciences and Mathematics Freshman Seminar 
NATS,1101,010,23,12,,,,,1,,,,,,,,,,2,"Elgin, Linda",,,,,,lxe120930,,Natural Sciences and Mathematics Freshman Seminar 
NATS,1101,011,26,5,3,1,,,,1,,,,,1,2,,,0,"Treter, Donald R",,,,,,drt150530,,Natural Sciences and Mathematics Freshman Seminar 
NATS,1101,013,11,3,8,1,,2,,2,,,,,6,5,1,,1,"Treter, Donald R",,,,,,drt150530,,Natural Sciences and Mathematics Freshman Seminar 
NATS,1101,014,,25,3,1,1,2,1,1,1,1,1,1,,,,,2,"Meedel, Jennifer",,,,,,jxm168030,,Natural Sciences and Mathematics Freshman Seminar 
NATS,1101,016,32,3,2,,1,,,,,1,,,,,,,1,"Hill, Victoria",,,,,,vxh190004,,Natural Sciences and Mathematics Freshman Seminar 
NATS,1101,017,32,2,1,2,1,,,1,,,,,1,,,,0,"Hill, Victoria",,,,,,vxh190004,,Natural Sciences and Mathematics Freshman Seminar 
NATS,1101,019,27,3,,1,3,,,1,,,1,,1,2,,,0,"Biedebach, Jacob",,,,,,jxb190024,,Natural Sciences and Mathematics Freshman Seminar 
NATS,1101,020,29,6,,1,,,,1,,,,,2,1,,,0,"Biedebach, Jacob",,,,,,jxb190024,,Natural Sciences and Mathematics Freshman Seminar 
NATS,1311,001,15,13,13,10,15,5,7,6,3,,,,2,5,1,,3,"Hairston, Marc R","Zheng, Peng Peng","Gossin, Pamela",,,,hairston,marc hairston,The Universe  and Everything Else 
NATS,2333,HN1,20,3,,,,,,,,,,,,,,,1,"Taylor, Stephanie M","Neeley, Tessa M",,,,,smt031000,stephanie taylor,Energy  Water  and the Environment 
NATS,3341,001,13,6,3,,2,1,,,,,,,2,,1,,1,"Cook, Linda A",,,,,,lac043000,,Knowing and Learning in Mathematics and Science 
NATS,3341,002,12,8,2,1,1,3,,,,,,,1,,,,0,"Cook, Linda A",,,,,,lac043000,,Knowing and Learning in Mathematics and Science 
NATS,3343,001,6,2,,,,,,,,,,1,,,,,2,"Dorsey, Floyd Z","Gregory, Denise",,,,,fzd110020,floyd dorsey,Classroom Interactions 
NATS,3343,002,5,3,,,,,,,,,,,3,,,,0,"Dorsey, Floyd Z","Gregory, Denise",,,,,fzd110020,floyd dorsey,Classroom Interactions 
NATS,4341,001,2,6,1,1,,1,,,,,,,,,,,0,"Donaldson, Katherine E","York, Megan",,,,,ked013100,katie donaldson,Project-Based Instruction 
NATS,4341,002,4,3,1,1,1,,,,,,,,,,,,0,"Donaldson, Katherine E","York, Megan",,,,,ked013100,katie donaldson,Project-Based Instruction 
NATS,4390,001,4,6,,,,,,,,,,,1,,,,0,"Taylor, Stephanie M","Hajeri, Vinita","Neeley, Tessa M",,,,smt031000,stephanie taylor,Research Methods 
NSC,3344,001,,5,4,5,3,2,2,,,2,,,1,1,2,,0,"Powers, Katharine A","Lucas, Katelyn A",,,,,kap130730,katharine powers,Anatomy and Physiology of Speech and Hearing 
NSC,3361,001,12,82,40,33,30,21,20,12,5,,2,,5,22,2,,11,"Miller, Van S","Malley, Kaitlyn M","Hudson, Rachael N",,,,vxm077000,van miller,Introduction to Neuroscience 
NSC,3361,002,46,19,16,4,2,3,1,,1,,2,,1,,,,1,"Sultana, Rukhsana","Mei, Hao-Ruei","Morrison, Robert A",,,,rxs170431,rukhsana sultana,Introduction to Neuroscience 
NSC,3361,003,8,9,11,7,13,11,13,5,12,,5,,4,16,3,,12,"Taylor, Anna M","Newel, Jacqueline P",,,,,amt180004,anna taylor,Introduction to Neuroscience 
NSC,3361,004,24,21,23,12,2,4,,2,,,,,,6,1,,1,"Raboune, Siham","Tseng, Ching-Tzu","Hong, Veronica M",,,,sxr180071,siham raboune,Introduction to Neuroscience 
NSC,3361,005,3,7,8,4,2,1,3,,,,,,1,1,,,0,"McWilliams, Steven P",,,,,,sxm127330,steven mcwilliams,Introduction to Neuroscience 
NSC,3361,006,11,18,4,3,1,1,,,,,,,1,,,,1,"Rodriguez, Christa M",,,,,,cmr067000,christa mcintyre rodriguez,Introduction to Neuroscience 
NSC,3361,HN1,9,7,2,,1,1,,,,,,,,3,1,,0,"LaDow, Eva S",,,,,,esl130130,eva ladow,Introduction to Neuroscience 
NSC,4351,001,4,16,3,1,,,,1,,,,,,,,,0,"Miller, Van S",,,,,,vxm077000,van miller,Medical Neuroscience 
NSC,4351,0W1,21,4,1,2,2,1,,,,,,,,,,,0,"Shareef, Safiullah M",,,,,,sms170009,safiullah shareef,Medical Neuroscience 
NSC,4352,001,21,26,26,13,6,2,3,,2,1,1,1,1,3,,,0,"Sultana, Rukhsana","Lehtonen, Derek","Garner, Katherine M",,,,rxs170431,rukhsana sultana,Cellular Neuroscience 
NSC,4352,002,9,10,7,5,6,3,1,,,,,,,8,,,0,"Raboune, Siham",,,,,,sxr180071,siham raboune,Cellular Neuroscience 
NSC,4352,HN1,4,15,3,1,2,,,,,,,,,,,,0,"LaDow, Eva S",,,,,,esl130130,eva ladow,Cellular Neuroscience 
NSC,4353,101,3,1,2,1,3,3,1,2,,,,,1,,,,0,"Taylor, Anna M","Hu, Ya-Yu",,,,,amt180004,anna taylor,Neuroscience Laboratory Methods 
NSC,4353,102,1,1,6,2,1,3,1,,,,,,,,,,1,"McWilliams, Steven P","Carroll, Alan M","David, Eric T",,,,sxm127330,steven mcwilliams,Neuroscience Laboratory Methods 
NSC,4353,103,,1,6,1,4,1,,,,,,,,,,,0,"McWilliams, Steven P","Adcock, Katherine S","Wheeler, Allison M",,,,sxm127330,steven mcwilliams,Neuroscience Laboratory Methods 
NSC,4353,104,,4,5,1,2,1,1,,,,,,,2,,,0,"McWilliams, Steven P","Szabo-Pardi, Thomas A","Rodriguez, Sierra R",,,,sxm127330,steven mcwilliams,Neuroscience Laboratory Methods 
NSC,4353,105,2,4,4,,2,2,,,,,,,,1,,,1,"Raboune, Siham","Calderon, Debora R","Bryan, Caeley L",,,,sxr180071,siham raboune,Neuroscience Laboratory Methods 
NSC,4353,106,3,2,7,2,,,,,,,,,,2,,,0,"Taylor, Anna M","Yue, Lok Yiu",,,,,amt180004,anna taylor,Neuroscience Laboratory Methods 
NSC,4353,107,,5,10,1,,,,,,,,,,2,,,0,"Sultana, Rukhsana","Lenert, Melissa E",,,,,rxs170431,rukhsana sultana,Neuroscience Laboratory Methods 
NSC,4354,001,67,16,29,8,4,7,5,3,2,1,1,,2,3,1,,3,"Kroener, Sven","Driskill, Christopher M",,,,,sxk101000,sven kroener,Integrative Neuroscience 
NSC,4354,002,11,11,16,8,2,2,2,1,1,1,,2,2,1,1,,2,"Engineer, Crystal T",,,,,,novitski,crystal engineer,Integrative Neuroscience 
NSC,4356,001,,50,,,25,,,8,,,1,,1,7,2,,2,"Thorn, Catherine A","Brougher, Jackson J",,,,,cat170002,catherine thorn,Neurophysiology 
NSC,4358,001,9,5,4,1,,2,1,,1,,1,1,2,,1,,3,"Kolber, Benedict J",,,,,,bjk200001,benedict kolber,Neuroscience of Pain 
NSC,4359,501,25,35,,,10,,,,,,2,,1,,1,,1,"Rypma, Bart P","Himes, Lyndahl M",,,,,bpr061000,bart rypma,Cognitive Neuroscience 
NSC,4360,501,,7,,1,,,2,,,,,,,1,,,0,"Rennaker, Robert L",,,,,,rlr091000,robert rennaker,Introduction to Entrepreneurship in Neuroscience 
NSC,4362,001,2,9,7,5,5,2,,,,,2,,1,2,1,,2,"Ploski, Jonathan E",,,,,,jep101000,jonathan ploski,Molecular Neuroscience 
NSC,4363,001,,64,,,6,,,1,,,,,2,,,,1,"Dussor, Gregory O","West, Reyanne M",,,,,gxd141130,gregory dussor,Neuropharmacology 
NSC,4363,002,10,22,18,5,4,3,2,2,,,,,,1,,,1,"Raboune, Siham","Morales Castelan, Karen",,,,,sxr180071,siham raboune,Neuropharmacology 
NSC,4363,HN1,11,9,2,1,,,1,,,,,,,1,,,0,"LaDow, Eva S",,,,,,esl130130,eva ladow,Neuropharmacology 
NSC,4366,001,7,23,15,13,6,9,1,2,7,6,,1,1,15,2,,3,"Solodkin, Ana J",,,,,,ajs190004,ana solodkin,Neuroanatomy 
NSC,4366,002,6,2,2,3,3,1,1,1,,,3,,2,7,,,8,"Taylor, Anna M",,,,,,amt180004,anna taylor,Neuroanatomy 
NSC,4372,001,,4,3,1,7,1,1,3,1,4,3,2,,3,,,4,"Burton, Michael D","dos Santos, Natalia Lucia",,,,,mdb150330,michael burton,Neuroimmunology 
NSC,4373,001,152,45,1,2,,,,,,,,,,,,,0,"Moller, Aage R",,,,,,amoller,aage moller,Sensory Neuroscience 
NSC,4385,001,,46,,,6,,,2,,,,,1,,,,0,"Kennedy, Kristen M","Lung, Tzu-Chen",,,,,kmk082000,kristen kennedy,Neuropsychology 
NSC,4V90,003,7,5,5,3,4,,,,1,,3,,,1,,,3,"Miller, Van S",,,,,,vxm077000,van miller,Special Topics in Neuroscience 
NSC,4V90,004,11,6,1,3,5,1,,1,,,,,,2,1,,2,"Miller, Van S",,,,,,vxm077000,van miller,Special Topics in Neuroscience 
NSC,4V90,0W1,112,29,17,8,5,,,,1,,3,,,5,,,1,"Moller, Aage R",,,,,,amoller,aage moller,Special Topics in Neuroscience 
OB,6152,XS1,,32,,,,,,,,,,,,,,1,0,"Hicks, Robert",,,,,,,robert hicks,
OB,6248,CW1,,41,,,1,,,,,,,,,,,,1,"Hicks, Robert",,,,,,,robert hicks,
OB,6301,001,,32,,,4,,,,,,,,1,,,4,1,"Hasenhuttl, Maria",,,,,,h1562,maria hasenhuttl,Organizational Behavior 
OB,6301,0W1,,43,,,6,,,1,,,,,,,,1,2,"Hasenhuttl, Maria",,,,,,h1562,maria hasenhuttl,Organizational Behavior 
OB,6301,501,,9,14,11,8,3,2,1,,,,,1,,,9,0,"Olsztynska, Agnieszka","Li, Jianan",,,,,axo027000,agnieszka olsztynska,Organizational Behavior 
OB,6301,502,,13,15,,5,3,1,1,,,,,,,,7,1,"Olsztynska, Agnieszka","Li, Jianan",,,,,axo027000,agnieszka olsztynska,Organizational Behavior 
OB,6301,CW1,,24,,1,,,,,,,,,,,,,2,"Ferrante, Anne M",,,,,,,anne ferrante,
OB,6301,CW2,,19,1,,,,,,,,,,,,,,0,"Honeycutt, James",,,,,,jxh190022,james honeycutt,
OB,6301,GW1,,11,14,3,2,2,,1,,,,,1,,,3,0,"Hicks, Jeffrey N",,,,,,jnh061000,jeffrey hicks,
OB,6301,MBC,,10,21,6,3,,,,,,,,,,,17,1,"Hicks, Jeffrey N","Shen, Jia",,,,,jnh061000,jeffrey hicks,
OB,6301,MBP,,49,,,2,,,,,,,,,,,,2,"Hasenhuttl, Maria",,,,,,h1562,maria hasenhuttl,
OB,6301,PS1,,2,5,2,,2,,1,,,,,,,,,0,"Hicks, Jeffrey N",,,,,,jnh061000,jeffrey hicks,
OB,6301,XS1,,7,9,4,2,2,,,,,,,,,,6,0,"Hicks, Jeffrey N",,,,,,jnh061000,jeffrey hicks,
OB,6331,501,,25,,,1,,,,,,,,,,,,0,"Hasenhuttl, Maria",,,,,,h1562,maria hasenhuttl,Power and Politics in Organizations 
OB,6332,0W1,,29,,3,,,,,,,,,,,,,0,"Ziegler, Laurie","Mong, Ting",,,,,ziegler,laurie ziegler,Negotiation and Dispute Resolution 
OB,6332,501,,19,,,1,,,,,,,,,,,,0,"Ziegler, Laurie","Mong, Ting",,,,,ziegler,laurie ziegler,Negotiation and Dispute Resolution 
OB,6334,CW1,,18,8,7,2,1,1,,,,,,,,,,1,"Latham, Van M",,,,,,,van latham,
OB,6348,CW1,,19,,,,,,,,,,,,,,,0,"Plaisance Bryan, Suzette T",,,,,,,suzette plaisance bryan,
OB,6350,CW1,,31,1,1,6,,1,2,,,,,,,,,1,"Hicks, Robert",,,,,,,robert hicks,
OB,6352,CW1,,16,2,2,1,,,,,,,,,,,,1,"Norton, Larry",,,,,,,larry norton,
OB,6377,CW1,,21,2,,,,,1,,,,,,,,,0,"Plaisance Bryan, Suzette T",,,,,,,suzette plaisance bryan,
OB,6377,CW2,,20,,,,,,,,,,,,,,,0,"Plaisance Bryan, Suzette T",,,,,,,suzette plaisance bryan,
OBHR,3310,001,9,6,9,5,1,3,5,,1,1,,1,,5,,,2,"Ritchey, David B",,,,,,davidr,david ritchey,Organizational Behavior 
OBHR,3310,002,,13,12,4,4,7,1,,2,,3,,,3,,,0,"Hicks, Jeffrey N","Shen, Jia",,,,,jnh061000,jeffrey hicks,Organizational Behavior 
OBHR,3310,003,1,10,13,8,4,3,1,2,,,,,,2,1,,2,"Wu, Junfeng","Guo, Nan",,,,,jxw175430,junfeng wu,Organizational Behavior 
OBHR,3310,004,15,16,7,,5,1,,1,,1,,,2,,,,0,"Ritchey, David B",,,,,,davidr,david ritchey,Organizational Behavior 
OBHR,3310,005,1,2,9,3,5,8,6,2,2,,,,,10,,,1,"Olsztynska, Agnieszka","Li, Jianan",,,,,axo027000,agnieszka olsztynska,Organizational Behavior 
OBHR,3310,006,3,16,10,8,6,2,1,,2,,,,,,,,1,"Wu, Junfeng","Guo, Nan",,,,,jxw175430,junfeng wu,Organizational Behavior 
OBHR,3310,007,,19,9,6,7,,2,,1,,,,,5,,,0,"Hazzard, Charles F","Ghaisas, Rutwij R",,,,,cxh056000,charles hazzard,Organizational Behavior 
OBHR,3310,008,,15,11,7,9,4,1,,,,,,,3,,,0,"Hazzard, Charles F","Ghaisas, Rutwij R",,,,,cxh056000,charles hazzard,Organizational Behavior 
OBHR,3310,501,,19,12,1,3,4,,1,1,,2,,,4,1,,1,"Hicks, Jeffrey N","Shen, Jia",,,,,jnh061000,jeffrey hicks,Organizational Behavior 
OBHR,3310,502,6,7,10,8,6,3,1,2,,1,,,2,,1,,0,"Wu, Junfeng","Guo, Nan",,,,,jxw175430,junfeng wu,Organizational Behavior 
OBHR,3330,001,24,15,8,9,2,1,,1,,,,,,,,,0,"Ritchey, David B",,,,,,davidr,david ritchey,Introduction to Human Resource Management 
OBHR,3330,002,1,21,18,2,6,4,1,1,,,1,,,5,,,0,"Meda, Edward","Boncoeur, Olivier D",,,,,exm150330,edward meda,Introduction to Human Resource Management 
OBHR,3330,003,3,9,13,12,10,7,,2,,,1,,,2,,,1,"Weekley, Jeff A","Guo, Nan",,,,,jaw160330,jeff weekley,Introduction to Human Resource Management 
OBHR,3330,004,2,15,21,9,4,3,,1,1,,,,,2,1,,1,"Meda, Edward","Boncoeur, Olivier D",,,,,exm150330,edward meda,Introduction to Human Resource Management 
OBHR,3330,005,,21,17,9,2,4,1,,,1,,,2,3,,,0,"Meda, Edward","Boncoeur, Olivier D",,,,,exm150330,edward meda,Introduction to Human Resource Management 
OBHR,3330,006,13,21,7,3,7,,1,2,2,1,,,,2,,,0,"Ritchey, David B",,,,,,davidr,david ritchey,Introduction to Human Resource Management 
OBHR,3330,007,11,32,,7,4,,,2,,1,1,,,1,,,1,"Kautz, Jason D",,,,,,jdk200000,jason kautz,Introduction to Human Resource Management 
OBHR,3330,008,3,10,21,10,7,2,,1,2,,1,,1,2,,,0,"Meda, Edward","Boncoeur, Olivier D",,,,,exm150330,edward meda,Introduction to Human Resource Management 
OBHR,3330,0W1,,13,13,10,7,3,2,3,5,,,,,4,,,0,"Meda, Edward","Boncoeur, Olivier D",,,,,exm150330,edward meda,Introduction to Human Resource Management 
OBHR,3330,501,3,18,12,7,5,3,3,1,1,,1,,,3,2,,0,"Meda, Edward","Boncoeur, Olivier D",,,,,exm150330,edward meda,Introduction to Human Resource Management 
OBHR,3330,502,5,22,,10,14,,1,3,,,,,,,,,2,"Kautz, Jason D",,,,,,jdk200000,jason kautz,Introduction to Human Resource Management 
OBHR,4300,001,17,22,,15,,,,,,,,,,2,,,0,"Edgington, Kyle D",,,,,,kde081000,kyle edgington,Management of Non-Profit Organizations 
OBHR,4310,001,15,19,7,,,,,1,,,1,,,1,,,1,"McNulty, Diane S",,,,,,dmcnulty,diane mcnulty,Business Ethics 
OBHR,4331,501,,2,6,2,1,,,,,,,,1,,,,0,"Sims, Gene",,,,,,gxs180019,gene sims,Compensation and Benefits Administration 
OBHR,4333,501,9,5,4,1,3,2,1,1,,,1,,1,2,,,0,"Ritchey, David B",,,,,,davidr,david ritchey,Performance Management 
OBHR,4334,001,3,3,3,1,3,,1,,,,1,,2,,1,,1,"Weekley, Jeff A","Guo, Nan",,,,,jaw160330,jeff weekley,Talent Acquisition and Management 
OBHR,4335,501,3,3,2,1,2,1,,2,,,1,,1,1,1,,0,"Meda, Edward","Boncoeur, Olivier D",,,,,exm150330,edward meda,Training and Development 
OBHR,4337,001,,4,8,2,4,5,,1,,,,,,3,,,0,"Weekley, Jeff A","Guo, Nan",,,,,jaw160330,jeff weekley,HR Analytics 
OBHR,4352,001,,6,2,4,10,4,1,6,,1,1,2,,4,,,3,"Ritchey, Kemberly A",,,,,,kar014400,kemberly ritchey,Negotiation and Dispute Resolution 
OBHR,4354,501,5,5,6,2,,,,,,,,,,2,,,0,"Meda, Edward","Boncoeur, Olivier D",,,,,exm150330,edward meda,Leading Organizational Change 
OPRE,3310,001,2,4,5,6,6,3,1,2,4,3,1,,1,17,1,,4,"Rios Uribe, Ignacio A","Nirbhavane, Akshay B",,,,,iar200000,ignacio rios uribe,Operations Management 
OPRE,3310,002,6,15,9,9,12,3,1,2,,1,,,2,5,1,,3,"Qi, Anyan","Jain, Rajul",,,,,axq140430,anyan qi,Operations Management 
OPRE,3310,003,,10,,4,23,,4,6,,,7,,,9,1,,3,"Subramoniam, Ramesh","Nirbhavane, Akshay B",,,,,rxs179630,ramesh subramoniam,Operations Management 
OPRE,3310,004,4,9,4,1,8,4,,6,,,,,1,4,,,1,"Parks, David","Jain, Rajul",,,,,dxp153830,david parks,Operations Management 
OPRE,3310,005,38,21,,6,1,,3,,,,,,,1,,,0,"Widdifield, David S","Sreenivas, Aishwarya",,,,,dsw180001,david widdifield,Operations Management 
OPRE,3310,006,52,14,,3,1,,,,,,,,,,,,0,"Widdifield, David S","Sreenivas, Aishwarya",,,,,dsw180001,david widdifield,Operations Management 
OPRE,3310,007,,51,7,2,2,1,,1,3,,1,,,1,,,0,"Janke, Scott M","Patel, Suchit Manilal",,,,,smj160830,scott janke,Operations Management 
OPRE,3310,009,1,13,13,7,8,3,,1,,,,,1,,,,1,"Parks, David","Jain, Rajul",,,,,dxp153830,david parks,Operations Management 
OPRE,3310,0W1,1,17,,4,17,,2,1,,,,,,8,,,1,"Subramoniam, Ramesh","Nirbhavane, Akshay B",,,,,rxs179630,ramesh subramoniam,Operations Management 
OPRE,3310,0W2,4,15,,1,8,,1,3,,,5,,2,10,2,,3,"Deluke, Eugene","Buggineni, Kranthi Teja",,,,,gxd052000,eugene deluke,Operations Management 
OPRE,3310,501,7,22,,12,18,1,1,2,,,,,1,6,,,0,"Qi, Anyan","Buggineni, Kranthi Teja",,,,,axq140430,anyan qi,Operations Management 
OPRE,3310,502,,14,,6,20,,3,2,,,1,,,12,1,,2,"Subramoniam, Ramesh","Nirbhavane, Akshay B",,,,,rxs179630,ramesh subramoniam,Operations Management 
OPRE,3320,001,1,1,11,5,2,1,5,,,,,,,10,,,2,"Fatehi, Soraya","Shah, Riya S",,,,,sxf200005,soraya fatehi,Integrated Supply Chain Management 
OPRE,3330,001,,15,10,5,1,3,1,,,,1,,3,4,1,,2,"Janke, Scott M","Patel, Suchit Manilal",,,,,smj160830,scott janke,Project Management 
OPRE,3330,002,,18,7,7,1,2,1,,,,3,,2,2,,,1,"Janke, Scott M","Patel, Suchit Manilal",,,,,smj160830,scott janke,Project Management 
OPRE,3333,001,9,22,6,5,9,2,,2,1,,,,1,13,1,,4,"Enayaty Ahangar, Negin","Farzaneh, Mohammad Amin",,,,,nxe180001,negin enayaty ahangar,Quantitative Business Analysis 
OPRE,3333,002,9,14,9,11,6,6,3,1,1,,1,1,,12,,,1,"Brussolo, Monica E","Chen, Qiuxia",,,,,meb049000,monica brussolo,Quantitative Business Analysis 
OPRE,3333,003,2,18,3,9,9,3,1,5,3,2,,,1,12,3,,2,"Enayaty Ahangar, Negin","Farzaneh, Mohammad Amin",,,,,nxe180001,negin enayaty ahangar,Quantitative Business Analysis 
OPRE,3333,004,16,10,6,11,6,1,2,1,3,2,1,1,,6,2,,6,"Ahadi, Khatereh","Chen, Qiuxia",,,,,kxa180010,khatereh ahadi,Quantitative Business Analysis 
OPRE,3333,005,16,22,10,3,6,2,,2,2,,,,1,9,,,1,"Alimirzaei, Athena","Tolawat, Rohit",,,,,axa134231,athena alimirzaei,Quantitative Business Analysis 
OPRE,3333,006,5,6,6,5,4,1,,1,2,2,,,1,3,1,,3,"Brussolo, Monica E","Chen, Qiuxia",,,,,meb049000,monica brussolo,Quantitative Business Analysis 
OPRE,3333,0W1,9,28,7,6,8,2,,,,,,,1,2,1,,1,"Alimirzaei, Athena","Tolawat, Rohit",,,,,axa134231,athena alimirzaei,Quantitative Business Analysis 
OPRE,3333,0W2,8,17,14,5,9,3,1,1,2,,,,,3,,,2,"Alimirzaei, Athena","Armaghan, Milad",,,,,axa134231,athena alimirzaei,Quantitative Business Analysis 
OPRE,3360,001,,12,6,4,11,7,2,3,,,,,6,11,4,,4,"Toptal, Aysegul","Celik, Beyza",,,,,axt083100,aysegul toptal,Managerial Methods in Decision Making Under Uncertainty 
OPRE,3360,002,6,13,13,6,9,7,2,2,,,,,,15,1,,1,"Enayaty Ahangar, Negin","Farzaneh, Mohammad Amin",,,,,nxe180001,negin enayaty ahangar,Managerial Methods in Decision Making Under Uncertainty 
OPRE,3360,003,,18,11,7,9,6,1,3,,,,,3,7,3,,2,"Toptal, Aysegul","Celik, Beyza",,,,,axt083100,aysegul toptal,Managerial Methods in Decision Making Under Uncertainty 
OPRE,3360,005,6,11,11,10,11,4,1,2,,,1,,2,10,,,1,"Sul, Inki",,,,,,ixs161130,inki sul,Managerial Methods in Decision Making Under Uncertainty 
OPRE,3360,006,5,13,12,4,2,1,3,5,3,,1,,1,16,1,,2,"Enayaty Ahangar, Negin","Farzaneh, Mohammad Amin",,,,,nxe180001,negin enayaty ahangar,Managerial Methods in Decision Making Under Uncertainty 
OPRE,3360,007,2,3,14,20,13,5,1,3,,,,,1,8,1,,0,"Naseri Taheri, Mohammad",,,,,,mxn121930,mohammad naseri,Managerial Methods in Decision Making Under Uncertainty 
OPRE,3360,008,11,19,5,7,2,5,,1,4,,,1,2,6,1,,5,"Farajbakhsh Mamaghani, Fariba",,,,,,fxf150430,fariba mamaghani,Managerial Methods in Decision Making Under Uncertainty 
OPRE,3360,010,16,9,5,8,10,4,2,2,2,,,,,5,2,,6,"Enayaty Ahangar, Negin","Buggineni, Kranthi Teja",,,,,nxe180001,negin enayaty ahangar,Managerial Methods in Decision Making Under Uncertainty 
OPRE,3360,012,3,12,10,19,9,6,5,,2,,1,,1,1,,,6,"Naseri Taheri, Mohammad",,,,,,mxn121930,mohammad naseri,Managerial Methods in Decision Making Under Uncertainty 
OPRE,3360,0W1,4,14,10,9,5,4,1,1,1,,1,,,11,3,,0,"Brussolo, Monica E","Chen, Qiuxia",,,,,meb049000,monica brussolo,Managerial Methods in Decision Making Under Uncertainty 
OPRE,3360,501,12,10,8,5,4,2,2,4,3,2,,2,3,9,2,,2,"Ahadi, Khatereh","Chen, Qiuxia",,,,,kxa180010,khatereh ahadi,Managerial Methods in Decision Making Under Uncertainty 
OPRE,4310,001,,3,3,3,9,4,1,3,2,2,,,,5,1,,0,"Ramanathan, Kannan","Lyu, Junjia",,,,,kxr087000,kannan ramanathan,Lean and Six Sigma Processes 
OPRE,4320,001,1,3,3,4,2,10,2,2,,,,,,6,,,3,"Subramoniam, Ramesh","Dedhia, Yash K",,,,,rxs179630,ramesh subramoniam,Integrated SCM Information Systems 
OPRE,4330,001,,8,2,3,1,3,3,2,3,,1,,,5,,,6,"Frazelle, Andrew E","Sehgal, Vishwam",,,,,aef180002,andrew frazelle,Global Logistics and Inventory Management 
OPRE,4340,001,5,8,7,6,8,6,6,1,,,,,1,2,,,2,"Hu, Bin","Zhang, Minmin",,,,,bxh180009,bin hu,Purchasing  Sourcing  and Contract Management 
OPRE,4350,001,3,5,2,3,2,1,1,5,3,1,2,,1,3,4,,1,"Wang, Shouqiang","Sreenivas, Aishwarya",,,,,sxw163830,shouqiang wang,Spreadsheet Modeling and Analytics 
OPRE,6301,005,,24,4,4,7,2,3,1,,,,,1,,,18,8,"Ahadi, Khatereh","Kim, Joohyun",,,,,kxa180010,khatereh ahadi,Statistics and Data Analysis 
OPRE,6301,006,,11,9,4,4,2,,2,,,,,,,,7,5,"Ahadi, Khatereh","Kim, Joohyun",,,,,kxa180010,khatereh ahadi,Statistics and Data Analysis 
OPRE,6301,0W1,,8,3,9,4,10,1,,,,,,3,,,10,2,"Leach, Sonia E","Bu, Like",,,,,sel120030,sonia leach,Statistics and Data Analysis 
OPRE,6301,0W2,,27,6,3,8,,,,,,,,,,,,3,"Sethi, Awanti","Gokcinar, Abdullah H",,,,,asethi,awanti sethi,Statistics and Data Analysis 
OPRE,6301,501,,4,4,6,5,5,2,2,,,,,5,,,7,0,"Leach, Sonia E","Bu, Like",,,,,sel120030,sonia leach,Statistics and Data Analysis 
OPRE,6301,502,,24,5,7,5,,,,,,,,1,,,5,0,"Sethi, Awanti","Gokcinar, Abdullah H",,,,,asethi,awanti sethi,Statistics and Data Analysis 
OPRE,6301,AW1,,12,,2,2,,,,,,,,,,,,0,"Kim, Dohyeong",,,,,,dxk132530,dohyeong kim,
OPRE,6301,CH1,,12,1,,,,,1,,,,,,,,,3,"Kim, Dohyeong",,,,,,dxk132530,dohyeong kim,
OPRE,6301,MBC,,19,,6,2,,,1,,,,,,,,26,2,"Wang, Shouqiang","Sreenivas, Aishwarya",,,,,sxw163830,shouqiang wang,
OPRE,6301,MBP,,27,5,8,6,,,,,,,,,,,4,3,"Sethi, Awanti","Gokcinar, Abdullah H",,,,,asethi,awanti sethi,
OPRE,6301,XS1,,18,3,4,1,,,,,,,,1,,,3,0,"Bush, Rhonda L",,,,,,,rhonda bush,
OPRE,6302,001,,14,8,8,3,3,1,,,,,,2,,,22,1,"Honhon, Dorothee B","Mobini Dehkordi, Zahra",,,,,dbh130130,dorothee honhon,Operations Management 
OPRE,6302,003,,22,16,16,8,,,,,,,,,,,6,1,"Janakiraman, Ganesh","Manchiraju, Chandrasekhar Seetharama",,,,,gxj091000,ganesh janakiraman,Operations Management 
OPRE,6302,0W1,,11,6,5,5,3,2,1,,,,,4,,,11,2,"Leach, Sonia E","Bu, Like",,,,,sel120030,sonia leach,Operations Management 
OPRE,6302,501,,6,3,7,2,1,,,,,,,,,,1,0,"Wang, Guihua","Tolawat, Rohit",,,,,gxw130630,guihua wang,Operations Management 
OPRE,6302,AW1,,7,11,3,,,,,,,,,,,,1,1,"Hassanzadeh, Nozar",,,,,,nozarh,nozar hassanzadeh,
OPRE,6302,GW1,,,9,5,3,,,,,,,,,,,4,0,"Hassanzadeh, Nozar",,,,,,nozarh,nozar hassanzadeh,
OPRE,6302,PS1,,13,,2,,,,,,,,,,,,,0,"Widdifield, David S",,,,,,dsw180001,david widdifield,
OPRE,6303,0W1,,28,4,8,3,,,,,,,,2,,,3,2,"Sethi, Awanti","Kuppagoundanpalayam Nallasivam, Vikram",,,,,asethi,awanti sethi,Quantitative Foundations of Business 
OPRE,6303,SW1,,10,1,,1,,,,,,,,1,,,,1,"Sethi, Awanti",,,,,,asethi,awanti sethi,
OPRE,6332,001,,30,8,3,,,1,,,,,,1,,,2,0,"Ramanathan, Kannan","Lyu, Junjia",,,,,kxr087000,kannan ramanathan,Spreadsheet Modeling and Analytics 
OPRE,6332,002,,14,4,5,,,,,,,,,,,,1,0,"Ramanathan, Kannan","Lyu, Junjia",,,,,kxr087000,kannan ramanathan,Spreadsheet Modeling and Analytics 
OPRE,6332,0W1,,16,6,1,3,,,,,,,,1,,,1,0,"Ramanathan, Kannan","Lyu, Junjia",,,,,kxr087000,kannan ramanathan,Spreadsheet Modeling and Analytics 
OPRE,6332,501,,30,13,3,,1,,,,,,,,,,2,0,"Ramanathan, Kannan","Lyu, Junjia",,,,,kxr087000,kannan ramanathan,Spreadsheet Modeling and Analytics 
OPRE,6359,SS2,,8,1,1,,,,,,,,,,,,,1,"Sethi, Awanti",,,,,,asethi,awanti sethi,
OPRE,6359,SW1,,8,4,5,5,1,1,,,,,,,,,5,6,"Brussolo, Monica E","Vu, Duc D",,,,,meb049000,monica brussolo,
OPRE,6362,0W1,,7,4,4,3,,,,,,,,,,,1,0,"Alborz, Shawn",,,,,,sxa063000,shawn alborz,Project Management in Engineering and Operations 
OPRE,6362,501,,16,2,4,,,,,,,,,,,,2,0,"Janke, Scott M","Patel, Suchit Manilal",,,,,smj160830,scott janke,Project Management in Engineering and Operations 
OPRE,6364,0W1,,12,8,5,3,3,1,,,,,,,,,,0,"Ramanathan, Kannan","Lyu, Junjia",,,,,kxr087000,kannan ramanathan,Lean Six Sigma 
OPRE,6366,0W1,,5,,1,2,2,,,,,,,,,,2,0,"Leach, Sonia E","Shi, Lingling",,,,,sel120030,sonia leach,Global Supply Chain Management 
OPRE,6366,501,,13,10,2,6,3,,1,,,,,,,,10,1,"Leach, Sonia E","Shi, Lingling",,,,,sel120030,sonia leach,Global Supply Chain Management 
OPRE,6367,002,,33,,,,,,,,,,,,,,,0,"Parks, David",,,,,,dxp153830,david parks,Capstone Projects in Supply Chain Management 
OPRE,6369,501,,9,8,3,3,,,,,,,,,,,5,0,"Subramoniam, Ramesh","Dedhia, Yash K",,,,,rxs179630,ramesh subramoniam,Supply Chain Software with SAP 
OPRE,6370,001,,9,,8,3,1,,,,,,,,,,4,1,"Frazelle, Andrew E","Mobini Dehkordi, Zahra",,,,,aef180002,andrew frazelle,Global Logistics and Transportation 
OPRE,6370,501,,37,5,6,1,,,,,,,,,,,1,0,"Sabri, Ehap H","Shi, Lingling",,,,,exs055000,ehap sabri,Global Logistics and Transportation 
OPRE,6371,0W1,,5,3,4,3,,,,,,,,,,,2,0,"Hu, Bin","Zhang, Minmin",,,,,bxh180009,bin hu,Purchasing  Sourcing and Contract Management 
OPRE,6371,501,,16,11,11,11,3,,,,,,,,,,7,0,"Hu, Bin","Zhang, Minmin",,,,,bxh180009,bin hu,Purchasing  Sourcing and Contract Management 
OPRE,6378,001,,54,,4,1,,,,,,,,1,,,,0,"Widdifield, David S",,,,,,dsw180001,david widdifield,Supply Chain Strategy 
OPRE,6379,501,,9,10,6,4,1,,,,,,,,,,7,0,"Rajamani, Divakar","Kuppagoundanpalayam Nallasivam, Vikram",,,,,dxr020100,divakar rajamani,Product Lifecycle Management 
OPRE,6393,501,,12,1,,,,,,,,,,,,,1,0,"Atabansi, Lloyd A","Shah, Dhruv Rakesh",,,,,laa190003,lloyd atabansi,Database Foundations 
OPRE,6398,003,,9,,1,1,,,,,,,,,,,6,0,"Alimirzaei, Athena","Armaghan, Milad",,,,,axa134231,athena alimirzaei,Prescriptive Analytics 
OPRE,6398,501,,6,1,3,4,,,1,,,,,,,,3,0,"Alimirzaei, Athena","Armaghan, Milad",,,,,axa134231,athena alimirzaei,Prescriptive Analytics 
OPRE,7051,001,,,,,,,,,,,,,,,,17,0,"Sethi, Suresh",,,,,,sethi,,Seminar in Operations Management 
OPRE,7353,001,,4,4,4,2,,,,,,,,,,,,1,"Dawande, Milind","Manchiraju, Chandrasekhar Seetharama",,,,,milind,milind dawande,Optimization 
PA,2325,001,,13,5,2,,,,1,,,,,1,,1,,0,"Harrington, James","Rafi, Ahmed",,,,,jxh134630,james harrington,Introduction to Public and Nonprofit Management 
PA,3310,001,,3,3,1,2,,1,,,1,,,1,,,,0,"Rabbi, Md. Fazle",,,,,,mxr163630,md fazle rabbi,Managing Government Organizations 
PA,3333,001,6,7,2,,,,,,1,,,,1,,,,0,"Hoang, Thanh T",,,,,,tth180005,thanh hoang,Human Resources Management  Leading a Diverse Workforce 
PA,3377,501,1,3,1,1,2,,,1,,,,,,2,,,0,"Vakulenko, Irina","Chen, Meifang",,,,,iav081000,irina vakulenko,Urban Planning and Policy 
PA,3379,001,7,2,,1,1,1,,,,1,,,,,,,1,"Upoma, Shahrin S",,,,,,ssu170230,shahrin upoma,Diversity in the Public Sector 
PA,3382,001,23,2,,,,,1,,,,,,,,,,0,"McCaskill, John R","Egukawhore, Oghenekome",,,,,jrm094020,john mccaskill,Sustainable Communities 
PA,4370,001,,13,4,2,2,4,,,,,,,,,1,,1,"Kiel, Lowell D",,,,,,dkiel,,Leadership  Democracy  and Ethics 
PA,4386,0W1,22,5,1,,,1,,,,,,,,,,,0,"Maxwell, Sarah P",,,,,,spm092000,sarah maxwell,Health and Social Policy 
PA,6311,501,,25,,,,,,,,,,,,,,,0,"McCaskill, John R","Egukawhore, Oghenekome",,,,,jrm094020,john mccaskill,Public Management 
PA,6313,001,,28,,,,,,,,,,,,,,,0,"Benavides, Teodoro J",,,,,,tjb051000,teodoro benavides,Public Policymaking and Institutions 
PA,6320,0W1,,33,,,3,,,1,,,,,1,,,4,0,"Sabharwal, Meghna","Yoon, Youngseok",,,,,mxs095000,meghna sabharwal,Organizational Theory 
PA,6321,001,,41,,,,,,,,,,,2,,,,1,"Benavides, Teodoro J",,,,,,tjb051000,teodoro benavides,Government Financial Management and Budgeting 
PA,6324,001,,17,,,,,,,,,,,,,,,0,"Benavides, Teodoro J",,,,,,tjb051000,teodoro benavides,Urban Planning 
PA,6382,501,,21,5,1,,,,,,,,,,,,1,0,"Searing, Elizabeth","Rafi, Ahmed","Cline, Ravin R",,,,exs200001,elizabeth searing,Nonprofit Management 
PA,6399,501,,16,,,,,,,,,,,,,,,0,"McCaskill, John R",,,,,,jrm094020,john mccaskill,Capstone in Public Affairs 
PA,7305,501,,8,7,3,4,,,,,,,,1,,,1,1,"Kiel, Lowell D",,,,,,dkiel,,Leadership and Change in Public and Nonprofit Organizations 
PA,7306,501,,5,2,4,,,,,,,,,,,,,2,"Gorina, Evgenia",,,,,,exg131830,evgenia gorina,Foundations of Public Affairs 
PA,7330,501,,7,4,,,,,,,,,,,,,,2,"Harrington, James",,,,,,jxh134630,james harrington,Research Design in Public Affairs 
PHIL,1301,001,,124,,9,39,,1,15,,1,4,,11,14,8,,9,"Amato, Lawrence A",,,,,,laa062000,lawrence amato,Introduction to Philosophy 
PHIL,1301,002,1,125,,1,52,,4,17,,1,5,,11,13,4,,6,"Amato, Lawrence A",,,,,,laa062000,lawrence amato,Introduction to Philosophy 
PHIL,2303,501,7,5,,5,1,1,4,3,1,1,1,,7,4,3,,5,"Escalante, Elizabeth R",,,,,,exe121230,elizabeth escalante,Introduction to Logic 
PHIL,2316,501,5,24,,2,6,,1,5,,,1,,1,2,,,1,"Amato, Lawrence A",,,,,,laa062000,lawrence amato,History of Philosophy I 
PHIL,3321,501,9,7,,,2,,,,,,,,1,,,,0,"Amato, Lawrence A",,,,,,laa062000,lawrence amato,Philosophical Traditions I 
PHIL,3338,001,,3,4,2,1,,,,,,,,1,2,,,0,"Hatfield, Charles D",,,,,,cxh074100,charles hatfield,Literary Theory and Aesthetic Philosophy 
PHIL,3357,501,,25,2,2,3,,,1,,,,,1,1,1,,2,"Davies, Katherine",,,,,,kxd180013,,Confronting Death 
PHIL,4327,501,1,1,4,3,1,,1,1,1,,,,,3,1,,3,"Brown, Matthew",,,,,,mxb091000,matthew brown,Great Texts 
PHIL,4332,001,,2,3,1,1,1,1,,,,,,,2,3,,3,"Park, Peter K",,,,,,pkp073000,peter park,Philosophy of Race 
PHIL,6314,001,,3,4,2,,,,,,,,,,,,,1,"Brown, Matthew",,,,,,mxb091000,matthew brown,Nineteenth and Twentieth Century Philosophy 
PHIL,7332,001,,10,1,,,,,,,,,,,,,,1,"Davies, Katherine",,,,,,kxd180013,,Topics in Recent Continental Philosophy 
PHYS,1100,001,,,,,,,,,,,,,,48,2,,2,"Goeckner, Matthew",,,,,,goeckner,matthew goeckner,The Fun of Physics 
PHYS,1301,001,16,16,16,12,10,12,4,8,6,1,2,1,3,5,1,,30,"Penev, Kaloyan","Romero, Angel E",,,,,kxp174430,kaloyan penev,College Physics I 
PHYS,1301,501,29,52,13,24,35,9,14,4,10,4,,4,12,11,10,,13,"Chen, Lunjin","Phillips, Madelyn F",,,,,lxc134330,lunjin chen,College Physics I 
PHYS,1302,001,13,22,11,10,13,9,5,7,7,4,4,,2,9,3,,11,"Lee, Mark","Mahmud, Mohammad M",,,,,mxl101000,mark lee,College Physics II 
PHYS,1302,002,16,23,8,9,17,5,5,5,7,3,4,3,2,10,9,,11,"Sun, Kuei","Mahmud, Mohammad M",,,,,kxs147030,kuei sun,College Physics II 
PHYS,2125,101,4,20,3,2,1,1,1,,1,,1,,,,,,2,"Sun, Kuei","Khan, Amena","Zanders, Alan P",,,,kxs147030,kuei sun,Physics Laboratory I 
PHYS,2125,102,3,17,6,2,5,,,,,,,,,1,,,1,"Sun, Kuei","Khan, Amena","Padmanabhan, Monica",,,,kxs147030,kuei sun,Physics Laboratory I 
PHYS,2125,103,4,20,1,,2,,,,,,,1,1,,,,4,"Sun, Kuei","Khan, Amena","Fernando, Bharana A",,,,kxs147030,kuei sun,Physics Laboratory I 
PHYS,2125,104,3,17,3,1,,,,3,,,,1,3,,1,,1,"Khan, Amena","Sun, Kuei",,,,,axk140130,amena khan,Physics Laboratory I 
PHYS,2125,105,4,15,4,3,,,1,,,,1,,2,,1,,1,"Sun, Kuei","Khan, Amena","Ali, Saif",,,,kxs147030,kuei sun,Physics Laboratory I 
PHYS,2125,106,5,21,1,,1,,,,,,,,,,,,4,"Khan, Amena","Sun, Kuei","Panthi, Hari P",,,,axk140130,amena khan,Physics Laboratory I 
PHYS,2125,107,7,19,4,,1,,,,,,,,1,,,,0,"Sun, Kuei","Khan, Amena","Blangy, Corinne L",,,,kxs147030,kuei sun,Physics Laboratory I 
PHYS,2125,108,3,21,2,,1,,,,,1,,,,,1,,3,"Khan, Amena","Sun, Kuei","Kamalakannan, Rajashree",,,,axk140130,amena khan,Physics Laboratory I 
PHYS,2125,109,5,24,1,1,1,,,,1,,,,1,,,,0,"Sun, Kuei","Khan, Amena","Su, Guannan",,,,kxs147030,kuei sun,Physics Laboratory I 
PHYS,2125,110,6,14,2,,1,,1,1,,1,,,2,,1,,2,"Khan, Amena","Sun, Kuei","Bangar, Esha",,,,axk140130,amena khan,Physics Laboratory I 
PHYS,2125,111,3,19,2,2,,3,,,,,,1,2,,,,0,"Sun, Kuei","Khan, Amena","Mishra, Aditya K",,,,kxs147030,kuei sun,Physics Laboratory I 
PHYS,2125,112,1,27,,,,,,,,1,,,1,,1,,0,"Sun, Kuei","Khan, Amena","Azhiri, Reza B",,,,kxs147030,kuei sun,Physics Laboratory I 
PHYS,2125,113,4,21,,1,1,2,1,1,,,,1,,,,,1,"Khan, Amena","Sun, Kuei","Sharon Felix, .",,,,axk140130,amena khan,Physics Laboratory I 
PHYS,2125,114,3,18,1,2,2,1,,1,,1,,,1,1,,,2,"Sun, Kuei","Khan, Amena","Ali, Saif",,,,kxs147030,kuei sun,Physics Laboratory I 
PHYS,2125,115,4,22,3,,1,,,,,,1,,,,,,1,"Khan, Amena","Sun, Kuei","Blangy, Corinne L",,,,axk140130,amena khan,Physics Laboratory I 
PHYS,2125,116,4,18,4,1,1,,,,,,1,,,,1,,2,"Sun, Kuei","Khan, Amena","Kamalakannan, Rajashree",,,,kxs147030,kuei sun,Physics Laboratory I 
PHYS,2125,117,1,17,3,2,2,,,2,2,,,,1,,,,2,"Sun, Kuei","Khan, Amena","Bangar, Esha",,,,kxs147030,kuei sun,Physics Laboratory I 
PHYS,2125,118,3,15,4,2,1,,2,,1,,,,2,1,,,2,"Sun, Kuei","Khan, Amena",,,,,kxs147030,kuei sun,Physics Laboratory I 
PHYS,2125,119,2,21,,2,,1,,,2,,,,1,,,,4,"Sun, Kuei","Khan, Amena","Panthi, Hari P",,,,kxs147030,kuei sun,Physics Laboratory I 
PHYS,2125,120,3,17,3,2,2,1,,,,,,,1,,1,,3,"Sun, Kuei","Khan, Amena","Sharon Felix, .",,,,kxs147030,kuei sun,Physics Laboratory I 
PHYS,2125,121,3,14,6,2,1,2,,,,,1,,2,,,,1,"Sun, Kuei","Khan, Amena","Zanders, Alan P",,,,kxs147030,kuei sun,Physics Laboratory I 
PHYS,2125,122,6,22,,,1,,1,,,,,,1,,,,2,"Sun, Kuei","Khan, Amena","Azhiri, Reza B",,,,kxs147030,kuei sun,Physics Laboratory I 
PHYS,2125,123,2,23,2,1,,,,,,,,,,,,,5,"Khan, Amena","Sun, Kuei","Su, Guannan",,,,axk140130,amena khan,Physics Laboratory I 
PHYS,2125,124,4,16,1,2,,2,,,2,,,,,1,1,,3,"Sun, Kuei","Khan, Amena","Padmanabhan, Monica",,,,kxs147030,kuei sun,Physics Laboratory I 
PHYS,2125,601,5,16,,1,,2,1,1,1,,,,4,,,,2,"Sun, Kuei","Khan, Amena","Fernando, Bharana A",,,,kxs147030,kuei sun,Physics Laboratory I 
PHYS,2125,602,4,20,,,1,2,1,,1,,,,2,,2,,0,"Khan, Amena","Sun, Kuei","Mishra, Aditya K",,,,axk140130,amena khan,Physics Laboratory I 
PHYS,2125,603,6,14,1,,2,1,1,,1,,,1,1,1,,,4,"Sun, Kuei","Khan, Amena","Du, Mengxin",,,,kxs147030,kuei sun,Physics Laboratory I 
PHYS,2125,604,1,20,1,,2,,1,1,1,,2,1,1,,,,3,"Sun, Kuei","Khan, Amena","Du, Mengxin",,,,kxs147030,kuei sun,Physics Laboratory I 
PHYS,2126,101,28,2,3,,,,,,,,,,,,,,0,"Saleh, Lamya","Macalevey, Paul J","Adams, Austen C",,,,lxs190019,lamya saleh,Physics Laboratory II 
PHYS,2126,102,10,13,3,3,,,2,,1,,,,,,,,1,"Saleh, Lamya","Macalevey, Paul J","Adams, Austen C",,,,lxs190019,lamya saleh,Physics Laboratory II 
PHYS,2126,103,12,8,5,1,,,1,,,1,,,3,,1,,1,"Saleh, Lamya","Macalevey, Paul J","Anable, Daniel",,,,lxs190019,lamya saleh,Physics Laboratory II 
PHYS,2126,104,15,10,3,2,1,,,,,,,,1,,,,1,"Saleh, Lamya","Macalevey, Paul J","Balagopal, Gokul",,,,lxs190019,lamya saleh,Physics Laboratory II 
PHYS,2126,105,19,5,4,2,,,,,,,,,2,,,,1,"Saleh, Lamya","Macalevey, Paul J","Dey, Soumyajit",,,,lxs190019,lamya saleh,Physics Laboratory II 
PHYS,2126,106,15,8,4,2,2,2,,,,,,,,,,,0,"Saleh, Lamya","Macalevey, Paul J","Fluckey, Stephen P",,,,lxs190019,lamya saleh,Physics Laboratory II 
PHYS,2126,107,25,6,1,1,,,,,,,,,,,,,0,"Saleh, Lamya","Macalevey, Paul J","Koirala, Pawan",,,,lxs190019,lamya saleh,Physics Laboratory II 
PHYS,2126,108,16,9,2,2,1,1,,,1,,,,,,,,1,"Saleh, Lamya","Macalevey, Paul J","Larsen, Cody",,,,lxs190019,lamya saleh,Physics Laboratory II 
PHYS,2126,109,7,12,4,3,,1,,1,2,,,,1,,,,2,"Saleh, Lamya","Macalevey, Paul J","Thomas, Matthew J",,,,lxs190019,lamya saleh,Physics Laboratory II 
PHYS,2126,110,13,8,2,6,1,,,,,,,,1,,,,1,"Saleh, Lamya","Macalevey, Paul J","McMullen, Reema",,,,lxs190019,lamya saleh,Physics Laboratory II 
PHYS,2126,111,11,10,5,3,,1,,,1,,1,,,1,,,0,"Saleh, Lamya","Macalevey, Paul J","Modumudi, Sai Madhav",,,,lxs190019,lamya saleh,Physics Laboratory II 
PHYS,2126,112,15,8,1,2,1,,,1,,,1,,,,,,4,"Saleh, Lamya","Macalevey, Paul J","Pan, Rui",,,,lxs190019,lamya saleh,Physics Laboratory II 
PHYS,2126,113,12,13,,2,,2,1,,,,,,1,1,,,1,"Saleh, Lamya","Macalevey, Paul J","Ruwali, Shisir",,,,lxs190019,lamya saleh,Physics Laboratory II 
PHYS,2126,114,9,13,5,1,,1,1,2,,,,,,,,,0,"Saleh, Lamya","Macalevey, Paul J","Ryan, Conor",,,,lxs190019,lamya saleh,Physics Laboratory II 
PHYS,2126,115,6,11,5,3,1,1,1,,1,,,,1,1,,,2,"Saleh, Lamya","Macalevey, Paul J","Schussler, Joshua A",,,,lxs190019,lamya saleh,Physics Laboratory II 
PHYS,2126,116,7,11,7,1,1,1,,,,,,,2,3,,,0,"Saleh, Lamya","Macalevey, Paul J","Singh, Devesh",,,,lxs190019,lamya saleh,Physics Laboratory II 
PHYS,2126,118,21,6,2,,,1,,,1,,,,,,,,2,"Saleh, Lamya","Macalevey, Paul J","Xie, Yunan",,,,lxs190019,lamya saleh,Physics Laboratory II 
PHYS,2126,119,19,7,4,1,1,,,,,,,,,,,,0,"Saleh, Lamya","Macalevey, Paul J","Zhang, Xurui",,,,lxs190019,lamya saleh,Physics Laboratory II 
PHYS,2126,120,9,10,6,4,,1,1,,,,,,1,,,,0,"Macalevey, Paul J","Saleh, Lamya","Mulhern, James O",,,,paulmac,paul macalevey,Physics Laboratory II 
PHYS,2126,121,13,6,6,5,,,,,,,,,1,1,,,1,"Saleh, Lamya","Macalevey, Paul J","Qin, Zhiyang",,,,lxs190019,lamya saleh,Physics Laboratory II 
PHYS,2126,122,16,10,2,1,,1,1,,,,,,,,,,1,"Saleh, Lamya","Macalevey, Paul J","Anable, Daniel",,,,lxs190019,lamya saleh,Physics Laboratory II 
PHYS,2126,123,15,10,3,3,,1,,,,,,,,,,,1,"Saleh, Lamya","Macalevey, Paul J","Balagopal, Gokul",,,,lxs190019,lamya saleh,Physics Laboratory II 
PHYS,2126,124,15,10,4,1,1,,,,,,,,1,,,,0,"Saleh, Lamya","Macalevey, Paul J","Dey, Soumyajit",,,,lxs190019,lamya saleh,Physics Laboratory II 
PHYS,2126,125,12,19,1,,,,,,,,,,1,,,,0,"Saleh, Lamya","Macalevey, Paul J","Fluckey, Stephen P",,,,lxs190019,lamya saleh,Physics Laboratory II 
PHYS,2126,126,19,6,4,1,,,,,,,,,,,,,1,"Saleh, Lamya","Macalevey, Paul J","Adams, Austen C",,,,lxs190019,lamya saleh,Physics Laboratory II 
PHYS,2126,127,23,5,,,2,,,,,1,,,1,,1,,0,"Saleh, Lamya","Macalevey, Paul J","Koirala, Pawan",,,,lxs190019,lamya saleh,Physics Laboratory II 
PHYS,2126,128,20,7,1,3,,,,,1,,,,,1,,,0,"Saleh, Lamya","Macalevey, Paul J","Larsen, Cody",,,,lxs190019,lamya saleh,Physics Laboratory II 
PHYS,2126,129,8,11,5,2,1,,,,,1,,,,1,1,,1,"Macalevey, Paul J","Saleh, Lamya","Thomas, Matthew J",,,,paulmac,paul macalevey,Physics Laboratory II 
PHYS,2126,130,15,10,2,2,1,,,,,,,,,,,,3,"Macalevey, Paul J","Saleh, Lamya","McMullen, Reema",,,,paulmac,paul macalevey,Physics Laboratory II 
PHYS,2126,131,11,12,4,1,1,2,,,,,,1,1,,,,0,"Macalevey, Paul J","Saleh, Lamya","Modumudi, Sai Madhav",,,,paulmac,paul macalevey,Physics Laboratory II 
PHYS,2126,132,13,13,2,2,,,,,1,,,,1,,,,1,"Macalevey, Paul J","Saleh, Lamya","Pan, Rui",,,,paulmac,paul macalevey,Physics Laboratory II 
PHYS,2126,133,23,5,1,1,,,,,,,,,,,1,,2,"Macalevey, Paul J","Saleh, Lamya","Ruwali, Shisir",,,,paulmac,paul macalevey,Physics Laboratory II 
PHYS,2126,134,8,10,4,1,1,,1,1,,,,1,2,,,,3,"Saleh, Lamya","Macalevey, Paul J","Ryan, Conor",,,,lxs190019,lamya saleh,Physics Laboratory II 
PHYS,2126,135,3,9,11,3,,2,2,,,,,1,,,,,1,"Saleh, Lamya","Macalevey, Paul J","Schussler, Joshua A",,,,lxs190019,lamya saleh,Physics Laboratory II 
PHYS,2126,601,1,11,9,2,3,1,1,2,1,,,1,,1,,,0,"Macalevey, Paul J","Saleh, Lamya","Singh, Devesh",,,,paulmac,paul macalevey,Physics Laboratory II 
PHYS,2126,602,14,7,3,,2,1,2,,,,,,1,,,,2,"Macalevey, Paul J","Saleh, Lamya","Xie, Yunan",,,,paulmac,paul macalevey,Physics Laboratory II 
PHYS,2126,603,6,12,7,,4,,,1,,,,,2,,1,,0,"Macalevey, Paul J","Saleh, Lamya","Zhang, Xurui",,,,paulmac,paul macalevey,Physics Laboratory II 
PHYS,2126,604,2,11,6,2,4,3,1,,1,,,,,1,,,2,"Macalevey, Paul J","Saleh, Lamya","Mulhern, James O",,,,paulmac,paul macalevey,Physics Laboratory II 
PHYS,2126,605,11,11,3,2,1,,2,,1,,,,1,,,,1,"Macalevey, Paul J","Saleh, Lamya","Kondusamy, Aswin Lakshmi Narayanan",,,,lxs190019,lamya saleh,Physics Laboratory II 
PHYS,2303,001,8,5,7,5,1,3,2,,,,,,4,4,1,,5,"Khan, Amena","Kakani, Vivek M",,,,,axk140130,amena khan,Contemporary Physics 
PHYS,2325,001,89,46,20,25,21,13,9,12,8,1,2,,4,6,10,,16,"Ishak-Boushaki, Mustapha","Agashe, Anish N","Chinthak Murali, .",,,,mxi054000,mustapha ishak boushaki,Mechanics 
PHYS,2325,002,31,40,31,30,21,36,6,8,10,7,5,,6,10,5,,27,"Lv, Bing","Iqbal, Mazhar",,,,,bxl152230,bing lv,Mechanics 
PHYS,2326,001,13,129,38,38,28,8,,4,,,,,1,15,,,5,"Lumata, Lloyd",,,,,,lxl143230,lloyd lumata,Electromagnetism and Waves 
PHYS,2326,002,,156,41,22,21,9,,,,,,,3,2,1,,8,"Zhang, Fan","Xu, Tianyi",,,,,fxz140930,fan zhang,Electromagnetism and Waves 
PHYS,2326,003,,99,,,61,,,27,,,6,,5,33,9,,18,"Glosser, Robert","Pedersen, Eske M","Zheng, Yangzi",,,,glosser,robert glosser,Electromagnetism and Waves 
PHYS,2326,004,67,26,34,21,20,16,7,2,2,2,3,1,11,16,8,,16,"Saleh, Lamya","Marder, Andrew A",,,,,lxs190019,lamya saleh,Electromagnetism and Waves 
PHYS,3330,001,18,14,8,,2,,,1,,,,,2,1,,,3,"King, Lindsay J","Waczak, John",,,,,lxk111430,lindsay king,Numerical Methods in Physics and Computational Techniques 
PHYS,3380,001,2,5,2,2,2,,,,1,,1,,2,3,,,3,"Anderson, Phillip C",,,,,,pca015000,philip anderson,Astronomy 
PHYS,3411,001,3,7,5,2,1,,,,,,,,,2,,,0,"Macalevey, Paul J","Aker, Adam",,,,,paulmac,paul macalevey,Theoretical Physics 
PHYS,3416,001,4,1,2,2,,3,4,4,,,2,,5,12,,,6,"Malko, Anton V","Zhou, Xiaohe",,,,,avm074000,anton malko,Electricity and Magnetism 
PHYS,4301,001,1,8,9,,1,3,1,,1,4,2,2,3,6,3,,5,"Gartstein, Yuri","Pedersen, Eske M",,,,,yxg037000,yuri gartstein,Quantum Mechanics I 
PHYS,4352,001,1,6,5,4,,4,2,,,,,,1,2,,,0,"Shi, Xiaoyan","Kakani, Vivek M",,,,,xxs151730,xiaoyan shi,Concepts of Modern Physics 
PHYS,4373,101,,17,,,,,,,,,,,,,,,0,"Slinker, Jason D","Wettasinghe, Ashan P",,,,,jds107020,jason slinker,Physical Measurements Laboratory 
PHYS,5301,001,,10,1,,4,,,,,,,,,,,,0,"Macalevey, Paul J","Aker, Adam",,,,,paulmac,paul macalevey,Mathematical Methods of Physics I 
PHYS,5311,001,,4,3,2,4,,,,,,,,,,,,0,"Kesden, Michael H","Solanki, Rahulkumar",,,,,mhk130030,michael kesden,Classical Mechanics 
PHYS,5315,001,,11,2,,,,,,,,,,,,,,0,"Lary, David J","Waczak, John","Talebi, Shawhin","Fernando, Bharana A",,,djl101000,david lary,Scientific Computing 
PHYS,5322,001,,2,4,3,9,,,2,,,,,,,,,0,"Kolodrubetz, Michael","Zhang, Yichao","Javed, Umar",,,,mxk177330,michael kolodrubetz,Electromagnetism II 
PHYS,6300,001,,10,,,2,,,2,,,,,,,,,2,"Izen, Joseph","Zhang, Yichao",,,,,joe,joseph izen,Quantum Mechanics I 
PPOL,4314,002,5,21,8,5,5,2,3,,,,,,,,1,,0,"Boots, Denise P","Mutesi, Mireille",,,,,dpb062000,denise boots,Family Violence and Public Policy 
PPPE,6310,501,,2,6,5,4,2,,,,,,,1,,,,2,"Fass, Simon",,,,,,fass,simon fass,Research Design I 
PPPE,6340,001,,11,2,,,,,,,,,,,,,,0,"Scotch, Richard",,,,,,scotch,richard scotch,Domestic Social Policy 
PPPE,6352,501,,10,1,,3,,,1,,,,,,,,2,1,"Grover, William C",,,,,,wcg071000,william grover,World Political Economy 
PPPE,6365,001,,6,2,1,1,1,,1,,,,,,,,3,0,"Hicks, Donald",,,,,,dahicks,donald hicks,The Innovation Economy 
PSCI,3303,001,10,29,13,7,17,2,,2,,1,,2,5,6,5,,1,"Gray, Thomas","Gutierrez Mannix, Carlos Daniel",,,,,txg171430,thomas gray,Civil Liberties 
PSCI,3310,001,8,10,6,4,2,1,,,,,,,3,2,,,1,"Rabbi, Md. Fazle",,,,,,mxr163630,md fazle rabbi,Managing Government Organizations 
PSCI,3325,001,4,6,6,6,9,12,8,10,4,,1,1,7,13,3,,4,"Lowry, Robert C","Stanaland, Leslie",,,,,rcl062000,robert lowry,American Public Policy 
PSCI,3328,001,3,25,14,13,11,5,2,,,,2,,3,4,1,,2,"Mueller, Grace B","Medhi, Kashmiri",,,,,gbm090020,grace mueller,International Relations 
PSCI,3364,001,9,5,7,5,6,2,1,,,,,,4,3,3,,1,"Parker, Misty D","Noe, Ricardo",,,,,mxp045000,misty parker,Campaigns and Elections 
PSCI,4314,001,3,9,9,2,10,3,,2,2,,,,2,2,1,,3,"Ho, Karl",,,,,,kxh022100,karl ho,Political Economy of East Asia 
PSCI,4328,001,5,16,3,2,6,3,2,1,,,,,2,2,,,1,"Santoro, Lauren A","Eaton, John M",,,,,lar170530,lauren santoro,Fake News 
PSCI,4329,001,,23,18,17,30,10,4,3,1,,1,,2,3,,,3,"Peinhardt, Clint W","Akarte, Prajakti V",,,,,cwp052000,clint peinhardt,Global Politics 
PSCI,4341,001,6,8,11,6,5,6,,1,2,,,,3,3,3,,1,"Miller, Banks","McCaskill, John R",,,,,bxm093000,banks miller,Politics of the Judicial Process 
PSCI,4344,001,3,6,5,2,7,5,4,5,1,,,,2,7,2,,4,"Brunell, Thomas","Oketch, Christine E",,,,,tlb056000,thomas brunell,Race and Redistricting 
PSCI,4348,001,8,16,33,15,6,7,3,2,2,,,,2,6,1,,1,"Cordell, Rebecca","Maduforo, Kate E",,,,,rxc190010,rebecca cordell,Terrorism 
PSCI,4370,HN1,,46,,,,1,,,,,,,,,,,0,"Chin, Michelle L","Harpham, Edward","Shipp, Rebecca","Kane, John","Ramanathan, Subhasri","Henry-Spires, Diedra",mlc140530,,Policy Making Process 
PSCI,4372,HN1,,47,,,,,,,,,,,,,,,0,"Daly, John A","Chin, Michelle L",,,,,jad105020,,Advocacy and Politics 
PSCI,4373,HN1,,47,,,1,,,,,,,,,,,,0,"Chin, Michelle L","Swerdlow, Joel L","Rushing, Joshua","Conrado, Aaron R",,,mlc140530,,Politics of National Memory 
PSCI,4377,001,3,10,7,8,9,4,,,1,,,,1,,1,,2,"Stewart, Marianne","Eaton, John M",,,,,mstewart,marianne stewart,Women and Politics 
PSCI,4396,001,2,2,1,2,,1,,,1,,,,3,1,1,,1,"Hadley, Travis",,,,,,txh180023,travis hadley,Selected Topics in Government and Politics 
PSCI,4396,HN1,,16,3,,,,,,,,,,,,,,0,"Roetzel, Natalie J",,,,,,njr120030,,Selected Topics in Government and Politics 
PSCI,4V66,501,24,,,,,,,,,,,,,,,,0,"Seagroves, Tony A",,,,,,tas064000,tony seagroves,Mock Trial 
PSCI,4V67,HN1,14,1,,,,,,,,,,,,,,,0,"Kirby, Barbara E",,,,,,bek018000,barbara kirby,Moot Court 
PSCI,6302,501,,5,6,3,2,,,,,,,,1,,,,1,"D'Orazio, Vito",,,,,,vxd152030,vito dorazio,Political Violence and Conflict in Cyberspace 
PSCI,6319,001,,3,4,5,4,,,,,,,,1,,,,3,"Diehl, Paul",,,,,,pxd153230,paul diehl,Proseminar in International Relations 
PSCI,6331,501,,3,6,3,2,,,,,,,,,,,,0,"Gray, Thomas",,,,,,txg171430,thomas gray,Executives  Legislatures and Public Policy 
PSCI,6350,001,,3,2,1,3,,,,,,,,,,,,2,"Brandt, Patrick",,,,,,pxb054000,patrick brandt,Logic  Methodology  and Scope of Political Science 
PSCI,6361,501,,10,1,,,,,1,,,,,,,,,1,"Cordell, Rebecca",,,,,,rxc190010,rebecca cordell,Civil Conflict 
PSY,2301,001,,69,30,25,19,14,5,2,2,1,3,,3,21,,,4,"Sasson, Noah J","Monroe, Anthony J",,,,,njs092000,noah sasson,Introduction to Psychology 
PSY,2301,002,,100,27,19,13,8,1,2,4,3,2,,9,4,1,,4,"Ybarra, Regina K","Heinrich, Melissa D",,,,,rky190000,regina ybarra,Introduction to Psychology 
PSY,2301,003,,64,27,13,5,6,3,1,3,,1,1,3,6,2,,4,"Brody, Salena M","Holmes, Melanie C",,,,,smb051000,salena brody,Introduction to Psychology 
PSY,2301,004,,63,33,13,7,10,2,2,2,,1,,5,,,,1,"Brody, Salena M","Williams, Denise D",,,,,smb051000,salena brody,Introduction to Psychology 
PSY,2301,HN1,15,7,3,,1,,,,,,,,,,,,0,"Gentsch, Joanna K",,,,,,jgentsch,joanna gentsch,Introduction to Psychology 
PSY,2301,HN2,15,7,1,,,,,,,,,,,1,1,,0,"Devdas, Neetha R",,,,,,nrd120030,neetha devdas,Introduction to Psychology 
PSY,2314,001,2,41,28,16,8,8,4,4,1,,2,,3,,2,,2,"Atchison, Kristin J","Zhao, Yuguang",,,,,kja042000,kristin atchison,Lifespan Development 
PSY,2317,001,1,5,2,4,4,2,,2,2,1,1,,4,4,3,,8,"Juhn, Nancy H","Zhang, Ziwei","Liu, Eleanor S",,,,njuhn,nancy juhn,Statistics for Psychology 
PSY,2317,002,,10,4,5,8,5,5,2,4,3,1,1,4,8,4,,6,"Juhn, Nancy H","Zhang, Ziwei","Liu, Eleanor S",,,,njuhn,nancy juhn,Statistics for Psychology 
PSY,2317,003,18,7,6,6,3,5,4,,1,,1,,,,,,4,"Schwark, Gayle","Glotfelty, Annette R",,,,,gxs180015,gayle schwark,Statistics for Psychology 
PSY,2364,001,3,1,10,15,8,11,5,7,1,1,3,,3,9,2,,6,"Assmann, Peter","Pattisapu, Candice N",,,,,assmann,peter assmann,Animal Communication 
PSY,3100,501,14,3,1,,1,,,,,,,,,,,,1,"Choate, Michael J",,,,,,mchoate,michael choate,Careers in Psychology 
PSY,3310,001,,237,5,,26,4,,4,1,,,1,2,4,4,,1,"Touchstone, Emily W","Poudel, Sonali",,,,,exw010200,emily touchstone,Child Development 
PSY,3310,501,,58,9,9,11,8,2,2,1,2,,,1,,,,1,"Bonner, Deborah L","Hafiz, Mariam",,,,,dbonner,deborah bonner,Child Development 
PSY,3322,001,,24,,,7,,,6,,,,,1,,,,1,"Small, Trillion N",,,,,,txs174730,trillion small,Psychology of Adjustment 
PSY,3324,001,3,4,4,6,9,5,2,1,3,,1,,4,1,,,0,"Prager, Karen",,,,,,kprager,karen prager,Psychology of Gender 
PSY,3331,001,,84,8,7,8,3,,1,3,2,1,,5,3,1,,4,"Huxtable-Jester, Karen J",,,,,,kxh014900,karen huxtable jester,Social Psychology 
PSY,3331,002,3,7,12,5,8,8,4,,2,1,,1,3,3,6,,4,"Kane, Heidi S","Millward, Kennedy A",,,,,hsk140330,heidi kane,Social Psychology 
PSY,3331,501,23,35,19,9,7,7,1,1,1,,,,1,2,1,,2,"Shirvani, Forouz","Zhu, Yiyi",,,,,fxk024000,forouz shirvani,Social Psychology 
PSY,3332,001,,12,11,2,6,,,,,,,,1,4,,,1,"Holub, Shayla C",,,,,,sch052000,shayla holub,Social and Personality Development 
PSY,3333,001,47,9,5,4,3,,,,,,,,1,1,,,0,"Klein, Hans S",,,,,,hsk140230,,Approaches to Clinical Psychology 
PSY,3336,001,1,3,,1,3,1,,1,,,,,1,,,,0,"Atchison, Kristin J",,,,,,kja042000,kristin atchison,Infancy 
PSY,3339,001,,30,9,2,6,5,2,2,3,,,,6,1,2,,4,"Huxtable-Jester, Karen J",,,,,,kxh014900,karen huxtable jester,Educational Psychology 
PSY,3342,501,,12,11,1,5,4,,,,,,,2,,,,0,"Smith, Olivia","De La Cerda, Callie B",,,,,oxs140330,olivia smith,Exceptional Children 
PSY,3350,001,,7,,4,4,1,,,,,,,1,,,,1,"Ulatowska, Hanna K",,,,,,hanna,hanna ulatowska,Psychology of Communication 
PSY,3355,001,6,6,2,1,,2,,1,,,1,,,,1,,5,"Grohman, Magdalena G",,,,,,mgg092000,magdalena grohman,Psychology of Creativity 
PSY,3360,501,6,105,,,8,,1,3,,,,,1,1,,,2,"Dowling, Walter J","Mizener, Brendon J",,,,,jdowling,walter j dowling,Historical Perspectives on Psychology  Mind and Machines since 1600 
PSY,3361,001,84,32,5,9,16,,3,7,2,,2,,,6,,,2,"Roark, Dana A","Winter-Nelson, Ezra",,,,,danar,dana roark,Cognitive Psychology 
PSY,3361,002,,30,10,6,6,5,4,2,2,,1,,,,,,4,"Seaman, Kendra L","Shin, Naewoo",,,,,kls190004,kendra seaman,Cognitive Psychology 
PSY,3362,001,,14,,,6,,,3,,,,,,,,,1,"Grant, Meridith G","Alghamdi, Saad A",,,,,mga061000,meridith grant,Cognitive Development 
PSY,3362,002,1,19,,1,9,,,4,,,1,,,1,1,,0,"Mills, Candice M","Gryder, Kieth",,,,,cxm056000,candice mills,Cognitive Development 
PSY,3392,001,52,13,2,,3,2,1,1,2,2,1,,4,1,,,6,"Grant, Meridith G",,,,,,mga061000,meridith grant,Research Design and Analysis 
PSY,3392,002,32,5,1,1,6,2,,,,,2,,3,,3,,1,"Grant, Meridith G","Sudheesh, Athul","Edwards, Dalton J",,,,mga061000,meridith grant,Research Design and Analysis 
PSY,3392,003,29,20,13,4,5,6,,3,1,,,1,2,1,1,,3,"Schwark, Gayle","Wong, Galston K",,,,,gxs180015,gayle schwark,Research Design and Analysis 
PSY,3393,001,4,3,4,5,1,1,3,,,,1,,1,1,,,0,"Schwark, Gayle","Heard, Matthew J",,,,,gxs180015,gayle schwark,Experimental Projects in Psychology 
PSY,3393,002,2,5,1,1,1,,,4,1,,,,,3,1,,1,"Dowling, Walter J","Sherard, Glenn H",,,,,jdowling,walter j dowling,Experimental Projects in Psychology 
PSY,3393,003,,3,5,5,1,1,,,,,1,1,1,3,,,0,"Park, Jiyoung","Kim, Hyun-Woong",,,,,jxp176330,jiyoung park,Experimental Projects in Psychology 
PSY,3393,004,6,5,3,,1,3,,2,,,,,1,2,,,0,"Shirvani, Forouz","Abdelkarim, Dema H",,,,,fxk024000,forouz shirvani,Experimental Projects in Psychology 
PSY,3393,005,5,5,2,2,2,1,,1,,1,,,,2,1,,0,"Schwark, Gayle","Moraglia, Luke E",,,,,gxs180015,gayle schwark,Experimental Projects in Psychology 
PSY,3393,006,2,6,4,,1,,,,,,,,1,,,,6,"Drew, Linda M","Doli, Evdoxia",,,,,lmd102020,linda drew,Experimental Projects in Psychology 
PSY,3393,007,,12,4,,3,,,,1,1,1,,,2,,,0,"Ybarra, Regina K","Malaiya, Ritesh K",,,,,rky190000,regina ybarra,Experimental Projects in Psychology 
PSY,3393,501,,14,1,2,,,,,,,,,1,,1,,1,"Tillman, Gail D",,,,,,gtillman,gail tillman,Experimental Projects in Psychology 
PSY,4324,001,,14,7,3,2,2,1,,,,,1,,1,,,1,"Brody, Salena M",,,,,,smb051000,salena brody,The Psychology of Prejudice 
PSY,4328,501,31,87,23,18,4,1,1,1,2,1,,1,,7,1,,1,"Hafer, Donald G","Agres, Phillip F",,,,,haferd,donald hafer,Health Psychology 
PSY,4331,001,14,20,9,5,10,1,4,1,,,,1,,1,1,,4,"Poucher, Jesse W",,,,,,jwp082000,jesse poucher,Personality 
PSY,4343,001,,142,42,27,21,11,7,10,8,2,2,2,5,7,2,,5,"Ybarra, Regina K","Ralph, Yvonne K",,,,,rky190000,regina ybarra,Abnormal Psychology 
PSY,4343,002,,44,19,15,10,7,6,3,5,3,1,2,3,2,4,,2,"Ybarra, Regina K","Platt, Kristen N",,,,,rky190000,regina ybarra,Abnormal Psychology 
PSY,4343,501,,10,9,4,6,9,1,3,4,2,2,1,1,10,4,,2,"Pinkham, Amy E","Moon, Da Yeoun",,,,,aep140430,amy pinkham,Abnormal Psychology 
PSY,4343,HN1,10,12,1,,,,,,,,,,,,,,1,"Devdas, Neetha R",,,,,,nrd120030,neetha devdas,Abnormal Psychology 
PSY,4344,001,,5,6,14,4,,2,4,,1,,,2,2,,,1,"Swanson, Meghan R","Wu, Dennis",,,,,mrs180008,meghan swanson,Child Psychopathology 
PSY,4346,001,40,53,24,8,10,2,,2,,,1,,1,,3,,2,"Gentsch, Joanna K","Wilder, Siri",,,,,jgentsch,joanna gentsch,Human Sexuality 
PSY,4347,001,3,16,13,7,12,7,3,2,,,,,,2,,,2,"Nelson Taylor, Jackie A","Li, Yue",,,,,jan110030,jackie nelson,Marriage and Family Psychology 
PSY,4359,501,4,6,,,4,,,,,,,,,,,,0,"Rypma, Bart P","Himes, Lyndahl M",,,,,bpr061000,bart rypma,Cognitive Neuroscience 
PSY,4365,501,16,11,10,5,6,5,1,,1,,2,,,1,1,,0,"Raman, Rachna",,,,,,rxr076000,rachna raman,Psychology of Music 
PSY,4377,001,6,6,4,,1,1,,,1,,,,,,,,1,"Stilwell, John Q",,,,,,stilwell,john stilwell,Conflict Resolution 
PSY,4386,001,4,3,6,5,6,,1,,,,,,1,2,1,,0,"Basak, Chandramallika",,,,,,cxb116130,chandramallika basak,Adult Development and Aging 
PSY,4V90,003,4,9,6,4,2,,1,,,,,,1,,,,1,"Krawczyk, Daniel C",,,,,,dck061000,daniel krawczyk,Special Topics in Psychology 
PSYC,6312,001,,3,3,2,3,,,2,,,,,,,,,0,"Juhn, Nancy H","Batchalli Maruthy, Gayathri","Austin, Kathryn A",,,,njuhn,nancy juhn,Research Methods in Behavioral and Brain Sciences - Part I 
REAL,3305,001,,3,2,,6,,,5,1,,1,,1,3,,,1,"Guttery, Randall","Wen, Yaxin",,,,,rxg112530,randall guttery,Real Estate Principles 
REAL,3305,002,,2,,,9,,,5,,,1,,1,,2,,2,"Lynch, Julie","Upadhyay, Mohit",,,,,jxl180030,julie lynch,Real Estate Principles 
REAL,3305,502,,,,,8,1,,2,,,,1,,2,,,1,"Guttery, Randall","Wen, Yaxin",,,,,rxg112530,randall guttery,Real Estate Principles 
REAL,4328,501,,1,,,4,,,1,,,,,,1,,,3,"Lynch, Julie","Upadhyay, Mohit",,,,,jxl180030,julie lynch,Real Estate Valuation 
REAL,6321,501,,7,,,5,,,,,,,,,,,2,0,"Guttery, Randall","Wen, Yaxin",,,,,rxg112530,randall guttery,Introduction to Real Estate 
RHET,1302,001,1,3,6,1,,1,,,1,,,1,2,1,,,2,"Johnson, Ryan L",,,,,,rlj160230,ryan johnson,Rhetoric 
RHET,1302,002,7,5,2,1,1,1,,,,,,,2,,,,0,"Shierry, Addison",,,,,,axs084500,addison shierry,Rhetoric 
RHET,1302,003,6,10,,,1,,,,,,,1,1,,,,0,"Currey, Elizabeth J",,,,,,ejc015000,elizabeth currey,Rhetoric 
RHET,1302,004,1,4,4,1,1,3,,1,,,,1,,,2,,0,"Johnson, Ryan L",,,,,,rlj160230,ryan johnson,Rhetoric 
RHET,1302,005,6,3,2,2,,,,3,,,,,3,,,,0,"Shierry, Addison",,,,,,axs084500,addison shierry,Rhetoric 
RHET,1302,006,2,11,2,2,,,,,,,,,1,,1,,0,"Siddiqui, Farah",,,,,,fxs121830,farah siddiqui,Rhetoric 
RHET,1302,007,,11,2,,3,,,,,1,,,1,,,,1,"Mathur, Shivika",,,,,,sxm170012,shivika mathur,Rhetoric 
RHET,1302,008,11,7,,,,,,,,,,,,,,,1,"Sengupta, Karl",,,,,,kss140330,karl sengupta,Rhetoric 
RHET,1302,009,5,10,2,,,1,,,,,,,1,,,,0,"Siddiqui, Farah",,,,,,fxs121830,farah siddiqui,Rhetoric 
RHET,1302,010,,10,5,,,,,,,,,,1,1,1,,1,"Mathur, Shivika",,,,,,sxm170012,shivika mathur,Rhetoric 
RHET,1302,011,8,9,1,,,,,,,,,,1,,,,0,"Sengupta, Karl",,,,,,kss140330,karl sengupta,Rhetoric 
RHET,1302,012,,4,5,2,4,1,1,1,,,,,,1,,,0,"Baker, Matthew W",,,,,,mwb190002,matthew baker,Rhetoric 
RHET,1302,013,3,6,3,1,1,1,,,,,,,1,1,1,,1,"Alem, Hosanna G",,,,,,hga140130,hosanna alem,Rhetoric 
RHET,1302,014,11,4,1,1,,1,,,,,,,1,,,,0,"Saeidfar, Ghazal",,,,,,gxs153630,ghazal saeidfar,Rhetoric 
RHET,1302,015,,11,1,1,2,1,,,,1,,,1,,,,1,"Williams, Sunshine A",,,,,,saw170230,sunshine williams,Rhetoric 
RHET,1302,016,4,6,1,1,1,2,,,,,,,,,,,3,"Brazeal, Lauren",,,,,,lxb190011,lauren brazeal garza,Rhetoric 
RHET,1302,017,7,11,,1,,,,,,,,,,,,,0,"Saeidfar, Ghazal",,,,,,gxs153630,ghazal saeidfar,Rhetoric 
RHET,1302,018,6,2,1,3,2,,,,,,,,2,,,,3,"Williams, Sunshine A",,,,,,saw170230,sunshine williams,Rhetoric 
RHET,1302,019,,8,4,2,1,1,,,,,,,1,,,,2,"Hasan, Syeda Nadia",,,,,,sxh190004,syeda hasan,Rhetoric 
RHET,1302,020,8,4,1,,1,,,1,,,,1,2,,,,1,"Griffin, Janna L",,,,,,jlg130030,janna griffin,Rhetoric 
RHET,1302,021,11,5,,,,,,1,,,,,1,1,,,0,"Griffin, Janna L",,,,,,jlg130030,janna griffin,Rhetoric 
RHET,1302,022,6,2,1,1,2,2,,,1,,,,1,1,,,2,"Snyder, Sarah E",,,,,,sxs162031,sarah snyder,Rhetoric 
RHET,1302,023,,9,3,1,1,,1,,,,1,,1,2,,,0,"King, Alana",,,,,,axk173530,alana king,Rhetoric 
RHET,1302,024,4,10,2,1,,1,,,,,,,,,,,1,"Montgomery, Christina",,,,,,cxm190022,christina montgomery,Rhetoric 
RHET,1302,025,1,2,4,1,5,1,,,1,,,,,2,,,1,"Cox, Gavin L",,,,,,glc016100,gavin cox,Rhetoric 
RHET,1302,027,8,2,4,2,1,,,,,,,,1,,,,0,"Murphy, Trisha",,,,,,tam160330,trisha murphy,Rhetoric 
RHET,1302,028,,11,3,1,,2,,1,,,,,,,,,0,"Ma, Ying",,,,,,yxm171930,ying ma,Rhetoric 
RHET,1302,029,12,4,2,,,,,,,,,,,,,,1,"Murphy, Trisha",,,,,,tam160330,trisha murphy,Rhetoric 
RHET,1302,030,,7,5,2,1,,,,,,,,1,,,,2,"Johnson, Kevin W",,,,,,kwj170030,kevin johnson,Rhetoric 
RHET,1302,031,,9,2,2,2,1,1,,,,,,,,1,,1,"Ma, Ying",,,,,,yxm171930,ying ma,Rhetoric 
RHET,1302,032,,12,3,1,2,1,,,,,,,,,,,0,"Lyons, David L",,,,,,dll101020,david lyons,Rhetoric 
RHET,1302,033,1,3,1,1,1,1,,1,1,1,,,,3,1,,2,"Hamilton, Cristen",,,,,,cch073000,cristen hamilton,Rhetoric 
RHET,1302,034,,14,2,,,1,,,,,,,1,1,,,0,"Kirk, Kristina E",,,,,,kek160430,kristina kirk,Rhetoric 
RHET,1302,035,,8,3,1,,,1,,,1,,,1,2,,,0,"Hamilton, Cristen",,,,,,cch073000,cristen hamilton,Rhetoric 
RHET,1302,036,4,11,2,,,,,,,,,,1,,,,1,"Howard Cuadros, Esther W",,,,,,exh022000,,Rhetoric 
RHET,1302,037,2,5,1,2,3,,,,1,,,,1,2,,,0,"King, Alana",,,,,,axk173530,alana king,Rhetoric 
RHET,1302,038,2,10,3,2,,,,1,,,,,,,1,,0,"Aljararwa, Rasha",,,,,,rxa150230,rasha aljararwa,Rhetoric 
RHET,1302,039,,14,3,2,,,,,,,,,,,,,0,"Aljararwa, Rasha",,,,,,rxa150230,rasha aljararwa,Rhetoric 
RHET,1302,040,3,6,3,,3,,,1,,,,,,1,,,2,"Oliver, Stephanie R",,,,,,sxo180009,stephanie oliver,Rhetoric 
RHET,1302,041,1,1,,2,3,1,1,,2,,1,,2,3,,,1,"Spencer, Brandy D",,,,,,bds170530,,Rhetoric 
RHET,1302,042,5,10,2,,1,1,,,,,,,,,,,0,"Montgomery, Christina",,,,,,cxm190022,christina montgomery,Rhetoric 
RHET,1302,043,3,2,2,2,2,,3,1,,,1,,,1,1,,1,"Laskey, Patrick J",,,,,,pjl190000,,Rhetoric 
RHET,1302,044,3,2,5,1,2,2,,1,2,,,,,1,,,0,"Schaffer, Shannon J",,,,,,sjs190000,shannon schaffer,Rhetoric 
RHET,1302,045,2,2,2,3,1,2,,,,,,1,4,1,,,1,"Walker, Jason A",,,,,,jaw140030,jason walker,Rhetoric 
RHET,1302,0H1,4,7,2,,1,1,1,,,,,,,2,,,0,"Riley, Kristin N",,,,,,knr091000,kristin riley,Rhetoric 
RHET,1302,0H2,6,3,3,1,,1,,2,,,,,1,2,,,0,"Riley, Kristin N",,,,,,knr091000,kristin riley,Rhetoric 
RHET,1302,0H3,4,5,2,1,1,1,,1,,,,,,2,1,,1,"Riley, Kristin N",,,,,,knr091000,kristin riley,Rhetoric 
RHET,1302,0H4,3,7,5,3,1,,,,,,,,,,,,0,"Riley, Kristin N",,,,,,knr091000,kristin riley,Rhetoric 
RHET,1302,0H5,2,5,5,1,1,1,,,1,,,,1,,1,,1,"Crawford, Rachel",,,,,,rxc161430,rachel crawford,Rhetoric 
RHET,1302,0H6,1,6,4,1,,1,,,,,,,1,3,1,,1,"Hamilton, Cristen",,,,,,cch073000,cristen hamilton,Rhetoric 
RHET,1302,0H7,2,2,4,1,2,,,1,,,,,2,4,1,,0,"Crawford, Rachel",,,,,,rxc161430,rachel crawford,Rhetoric 
RHET,1302,0H8,1,4,4,2,1,,1,,,,,,,4,,,1,"Hamilton, Cristen",,,,,,cch073000,cristen hamilton,Rhetoric 
RHET,1302,0H9,3,9,,5,1,,,,,,1,,,,,,0,"Al-Rashid, Entidhar H",,,,,,eha170000,entidhar al rashid,Rhetoric 
RHET,1302,501,1,2,1,2,2,1,,2,,,,,,6,,,1,"Derdeyn, LeeAnn",,,,,,lxd091000,leeann derdeyn,Rhetoric 
RHET,1302,502,2,5,,2,2,1,,1,1,,,,1,4,,,0,"Derdeyn, LeeAnn",,,,,,lxd091000,leeann derdeyn,Rhetoric 
RHET,1302,503,,4,3,2,,,,,,,,,1,1,3,,4,"Suller, Cristian Carlo L",,,,,,cls180002,cristian suller,Rhetoric 
RHET,1302,504,1,8,3,4,1,1,,,,,,,,,,,1,"Lyons, David L",,,,,,dll101020,david lyons,Rhetoric 
RHET,1302,5H1,12,3,2,,,,,,,,,,2,,,,0,"Ali, Shazia",,,,,,shazia,ali shazia,Rhetoric 
RHET,1302,5H2,5,7,2,2,1,,,,,,,,,,,,0,"Ali, Shazia",,,,,,shazia,ali shazia,Rhetoric 
RMIS,3370,001,1,2,3,2,2,1,,2,,,,,1,,,,0,"Haynes, Steven",,,,,,sxh102420,steven haynes,Principles of Risk Management and Insurance 
RMIS,3370,002,1,2,1,2,5,,1,,,,,,,3,,,0,"Haynes, Steven","Kandoi, Sidharth",,,,,sxh102420,steven haynes,Principles of Risk Management and Insurance 
RMIS,4331,001,,2,6,3,3,1,1,1,,,,,,1,,,1,"Haynes, Steven",,,,,,sxh102420,steven haynes,Business Liability Risk Management and Insurance 
RMIS,4334,001,,,3,,,1,1,1,,1,,,,2,1,,1,"Kaplan, Larry S",,,,,,lsk140130,larry kaplan,Insurance Law and Contracts 
SE,2340,501,,7,2,1,,1,,,,,1,,1,,,,0,"Nguyen, Nhut",,,,,,nhutnn,nhut nguyen,Computer Architecture 
SE,2340,502,,1,6,6,2,1,1,,1,,,,,1,1,,1,"Mazidi, Karen J",,,,,,kjm160430,karen mazidi,Computer Architecture 
SE,3306,001,7,43,15,3,12,3,,2,,,,,1,5,,,2,"Farage, Timothy P",,,,,,tfarage,timothy farage,Mathematical Foundations of Software Engineering 
SE,3341,001,2,1,3,,1,,,1,1,,,,,2,1,,2,"Whalen, Tristan G","Fuksman, Lirit",,,,,tgw100020,tristan whalen,Probability and Statistics in Computer Science and Software Engineering 
SE,3341,003,5,1,,,,,,,1,,,,,1,2,,2,"Whalen, Tristan G","Li, Huimin",,,,,tgw100020,tristan whalen,Probability and Statistics in Computer Science and Software Engineering 
SE,3341,004,6,2,2,1,1,2,,,,,,,1,1,,,0,"Whalen, Tristan G","Li, Huimin",,,,,tgw100020,tristan whalen,Probability and Statistics in Computer Science and Software Engineering 
SE,3341,005,,,1,,1,2,1,1,,1,,1,,2,2,,3,"Guo, Huizhen","Zhu, Weixi",,,,,hxg190020,huizhen guo,Probability and Statistics in Computer Science and Software Engineering 
SE,3341,006,,,,,1,,,,1,,,,3,3,1,,4,"Guo, Huizhen","Zhu, Weixi",,,,,hxg190020,huizhen guo,Probability and Statistics in Computer Science and Software Engineering 
SE,3354,006,4,12,4,2,5,1,,,1,,,,1,1,,,2,"Oladimeji, Ebenezer A","Li, Shuo",,,,,eao015100,ebenezer oladimeji,Software Engineering 
SE,3354,501,,1,2,,2,3,,,1,,,,1,1,,,0,"Paulk, Mark C","Chen, Lingchao","Tian, Zijing",,,,mcp130030,mark paulk,Software Engineering 
SE,3377,001,,,,,1,,1,,,,,1,,2,2,,3,"Perkins, Stephen J",,,,,,sxp127930,stephen perkins,C C  Programming in a UNIX Environment 
SE,3377,002,,2,1,,1,2,,1,,1,,1,2,1,,,0,"Perkins, Stephen J",,,,,,sxp127930,stephen perkins,C C  Programming in a UNIX Environment 
SE,3377,003,1,1,,2,,3,3,,,,,,1,1,,,1,"Min, Richard K",,,,,,rkm010300,richard min,C C  Programming in a UNIX Environment 
SE,4347,502,7,2,2,,,,,,,,,,,,,,0,"Culver, Timothy L","Dakshit, Sagnik","Garg, Srishti",,,,tlc130230,timothy culver,Database Systems 
SE,4348,001,,2,3,3,,1,,,,,,,1,1,,,0,"Ozbirn, Greg A","Yadlapalli, Yaswanth",,,,,ozbirn,greg ozbirn,Operating Systems Concepts 
SE,4351,001,10,11,10,13,6,2,3,3,,,3,,,5,,,0,"Chung, Lawrence","Ahn, Sung Soo",,,,,chung,lawrence chung,Requirements Engineering 
SE,4352,001,3,17,8,7,15,2,3,3,,,1,,1,5,2,,1,"Kumar, Pushpa S","Li, Yufei",,,,,pkumar,pushpa kumar,Software Architecture and Design 
SE,4367,001,6,9,6,3,3,,,2,2,2,,,2,10,2,,1,"Paulk, Mark C","Chen, Lingchao",,,,,mcp130030,mark paulk,Software Testing  Verification  Validation and Quality Assurance 
SE,4367,501,3,6,5,2,1,5,1,,,,,1,2,2,1,,0,"Paulk, Mark C","Chen, Lingchao",,,,,mcp130030,mark paulk,Software Testing  Verification  Validation and Quality Assurance 
SE,4381,501,6,27,17,4,5,5,,2,,,,,1,,,,1,"Smith, Klyne","Yu, Linlin",,,,,kxs180052,klyne smith,Software Project Planning and Management 
SE,4485,001,4,44,,,,,,,,,,,,,,,0,"Wong, Weichen E","Hu, Linghuan",,,,,wew021000,weichen wong,Software Engineering Project 
SE,6329,001,,4,2,5,3,1,,,,,,,2,,,11,0,"Zalila-Wenkstern, Rym","Li, Dongcheng",,,,,rmili,rym zalila wenkstern,Object-Oriented Software Engineering 
SE,6329,MS1,,19,,,,,,,,,,,,,,,0,"Nguyen, Tien N","Li, Dongcheng",,,,,tnn160630,tien nguyen,
SE,6361,MS1,,17,1,1,,,,,,,,,,,,,0,"Oladimeji, Ebenezer A","Abdeljaber, Luay",,,,,eao015100,ebenezer oladimeji,
SE,6362,001,,11,9,5,1,,,,,,,,,,,1,0,"Chung, Lawrence","Ahn, Sung Soo",,,,,chung,lawrence chung,Advanced Software Architecture and Design 
SE,6367,MS1,,11,1,,,,,,,,,,,,,,0,"Wong, Weichen E","Hu, Linghuan",,,,,wew021000,weichen wong,
SMED,5303,501,,10,,,,,,,,,,,,,,,0,"McConnell, James S",,,,,,jsm019600,james mcconnell,Introduction to Research and Evaluation in Science and Mathematics Education 
SOC,1301,0W1,16,40,,11,1,,4,2,,,2,,2,1,2,,2,"Davis, Garrett R",,,,,,grd031000,garrett davis,Introduction to Sociology 
SOC,1301,HN1,11,13,2,,,,,,,,,,,,,,0,"Skaggs, Sheryl L","Hoiby, Rachel",,,,,slskaggs,sheryl skaggs,Introduction to Sociology 
SOC,2300,001,,4,6,2,7,2,2,2,,,,,1,1,,,1,"Smith, Erin",,,,,,erins,erin smith,Introduction to Gender Studies 
SOC,3305,001,1,3,2,1,2,2,1,,,,1,,,1,,,3,"Skaggs, Sheryl L","Hoiby, Rachel",,,,,slskaggs,sheryl skaggs,Applied Data Analysis 
SOC,3321,0W1,7,21,19,6,8,7,2,2,,,,,3,,2,,2,"Lanham, Carol C","Hoiby, Rachel",,,,,ccl054000,carol lanham,Deviance 
SOC,3342,0W1,17,25,5,9,5,1,,1,,,,,,,,,1,"Malek-Ahmadi, John H",,,,,,jhm110020,john malek ahmadi,The Life Cycle 
SOC,3379,001,3,4,1,2,2,2,,,1,,1,,1,,,,0,"Upoma, Shahrin S",,,,,,ssu170230,shahrin upoma,Diversity in the Public Sector 
SOC,3382,001,14,2,1,1,,,,,,,,,,,,,1,"McCaskill, John R","Egukawhore, Oghenekome",,,,,jrm094020,john mccaskill,Sustainable Communities 
SOC,4302,001,4,10,8,1,7,,,,,,,,,2,,,2,"Scotch, Richard","Meher, Shreyas R",,,,,scotch,richard scotch,Class  Status  and Power 
SOC,4369,001,22,37,3,3,4,3,2,1,,,,,2,1,,,1,"Malek-Ahmadi, John H",,,,,,jhm110020,john malek ahmadi,Public Health and Society 
SOC,4371,001,31,53,6,7,7,,,,,,,,,,,,0,"Malek-Ahmadi, John H",,,,,,jhm110020,john malek ahmadi,Mental Health and Illness 
SOC,4372,0W1,25,25,14,4,3,2,,,,,,1,,1,,,0,"Dickey-Laprocido, Galen L",,,,,,gld190001,galen dickey laprocido,Health and Illness 
SOC,4385,001,39,23,1,5,4,,1,2,,1,,,2,,2,,1,"Malek-Ahmadi, John H",,,,,,jhm110020,john malek ahmadi,Global Health and Society 
SOC,4385,HN1,14,10,1,,,,,,,,,,,,,,0,"Kim, Dohyeong",,,,,,dxk132530,dohyeong kim,Global Health and Society 
SOC,4386,0W1,35,6,1,2,1,,,,1,,,,,,,,0,"Maxwell, Sarah P",,,,,,spm092000,sarah maxwell,Health and Social Policy 
SOC,4388,001,7,12,6,2,2,2,,,2,,1,,1,,,,1,"Alexander, Bobby","Hoiby, Rachel",,,,,bcalex,bobby alexander,Religions in Global Societies 
SOC,6340,001,,12,2,,1,,,,,,,,,,,,1,"Scotch, Richard",,,,,,scotch,richard scotch,Domestic Social Policy 
SOC,6350,001,,4,3,,4,,,,,,,,1,,,,2,"Skaggs, Sheryl L",,,,,,slskaggs,sheryl skaggs,Social Stratification 
SPAN,1311,001,,2,6,2,2,,1,,1,,,,,1,,,3,"Vincent, Shelby D",,,,,,sdv034000,shelby vincent,Beginning Spanish I 
SPAN,1312,001,4,6,1,1,,2,3,1,1,,,,2,,1,,2,"Lambert, Thomas M",,,,,,tml017100,thomas lambert,Beginning Spanish II 
SPAN,2311,001,,5,5,3,1,,,,,,,,,1,1,,2,"Leverone, Julia",,,,,,jxl162631,julia leverone,Intermediate Spanish I 
SPAN,2312,001,9,3,2,,2,,,,,,,,,,,,0,"Malouf, Maria",,,,,,mxm180084,,Intermediate Spanish II 
SPAN,2312,002,5,,4,1,,,1,,,,,,,1,,,2,"Malouf, Maria",,,,,,mxm180084,,Intermediate Spanish II 
SPAN,3330,001,17,1,2,,,,,,,,,1,,1,,,0,"Camacho-Guardado, Lorena",,,,,,lxc163230,amalia lorena camacho guardardo,Medical Spanish 
SPAN,3365,001,1,12,2,2,1,,,,,,,,,1,,,0,"Camacho-Guardado, Lorena",,,,,,lxc163230,amalia lorena camacho guardardo,Advanced Spanish I 
SPAN,3366,001,2,4,6,1,,,,,1,,,,,1,,,1,"Camacho-Guardado, Lorena",,,,,,lxc163230,amalia lorena camacho guardardo,Advanced Spanish II 
SPAU,3301,001,21,24,32,10,7,10,5,5,2,,2,,2,2,2,,3,"Walsh, Diane G","Jansen, Conner L",,,,,dxg022000,diane walsh,Communication Disorders 
SPAU,3303,001,44,21,10,4,3,,2,1,1,,,,,,1,,2,"Evans, Julia L","Berglund-Barraza, Amy",,,,,jle130030,julia evans,Normal Language Development 
SPAU,3341,001,20,9,22,11,7,10,2,1,4,,,,,3,,,3,"Warner-Czyz, Andrea D","Zang, Andie L",,,,,adw052000,andrea warner czyz,Audiology 
SPAU,3342,501,,13,4,6,5,,,,,,,,,,,,0,"Smith, Olivia","De La Cerda, Callie B",,,,,oxs140330,olivia smith,Exceptional Children 
SPAU,3343,001,18,36,8,10,6,5,2,3,1,,,,3,3,2,,4,"Katz, William","Moustafa, Rana","Thomas, Abbey L",,,,wkatz,william katz,Phonetics 
SPAU,3344,001,1,8,8,8,4,8,1,2,1,,1,1,2,5,2,,1,"Powers, Katharine A","Lucas, Katelyn A",,,,,kap130730,katharine powers,Anatomy and Physiology of Speech and Hearing 
SPAU,4308,001,,42,,,6,,,,,,,,,,,,0,"Rojas-Villarreal, Raul","Camacho, Natalia S",,,,,rxr105520,raul rojas villarreal,Language Disorders in Children 
SPAU,4386,001,2,7,5,2,2,1,,,,,,,,,1,,0,"Basak, Chandramallika",,,,,,cxb116130,chandramallika basak,Adult Development and Aging 
SPAU,4394,001,,47,,1,5,,,1,,,1,,,,,,1,"Kaplan, Karen","Trehan, Aastha",,,,,kkaplan,karen kaplan,Multicultural Aspects of Communication Disorders 
SPAU,4395,501,14,9,,4,4,3,3,,,,,,,,,,1,"Thibodeau, Linda K","Hairston, Audrey N",,,,,thib,linda thibodeau,Issues in the Management of Persons with Hearing Impairment 
STAT,1342,001,1,7,4,3,7,3,6,1,5,1,2,1,2,4,,,4,"Miller, James W","Wasala Mudiyanselage, Indrajith K",,,,,jwm170630,james miller,Statistical Decision Making 
STAT,2332,001,27,20,6,4,3,,3,3,3,,,,,5,1,,5,"Estacio-Hiroms, Kemelli","Sajal, Ibrahim Hossain",,,,,kxe160930,kemelli estacio hiroms,Introductory Statistics for Life Sciences 
STAT,2332,002,8,28,10,6,5,,4,4,2,1,,,,5,4,,3,"Chiou, Sy Han","Yang, Jie",,,,,sxc172931,sy han steven chiou,Introductory Statistics for Life Sciences 
STAT,2332,003,17,9,5,3,3,3,1,1,3,,1,,,1,,,0,"Estacio-Hiroms, Kemelli","Chen, Huan",,,,,kxe160930,kemelli estacio hiroms,Introductory Statistics for Life Sciences 
STAT,2332,004,21,17,4,7,5,4,,1,2,2,,,,3,,,6,"Estacio-Hiroms, Kemelli","Garg, Bhanu",,,,,kxe160930,kemelli estacio hiroms,Introductory Statistics for Life Sciences 
STAT,2332,005,10,13,6,6,7,4,4,2,3,,2,1,1,5,5,,2,"Shin, Sunyoung","Xu, Xiufeng",,,,,sxs177233,sunyoung shin,Introductory Statistics for Life Sciences 
STAT,2332,006,41,10,1,7,4,3,2,1,1,1,1,,,,1,,7,"Estacio-Hiroms, Kemelli","Zhen, Zhiwei",,,,,kxe160930,kemelli estacio hiroms,Introductory Statistics for Life Sciences 
STAT,3355,001,23,15,9,3,7,3,2,,3,,,,1,4,3,,2,"Li, Qiwei","Lutz, Kevin C",,,,,qxl190009,qiwei li,Data Analysis for Statisticians and Actuaries 
STAT,3360,001,5,7,1,,4,1,2,,1,,,,3,2,,,2,"Koshevnik, Yuly","Zhang, Yu",,,,,yxk055000,yuly koshevnik,Probability and Statistics for Management and Economics 
STAT,3360,002,5,5,1,,2,,,1,,,,,1,1,,,1,"Koshevnik, Yuly","Wickramasinghe, Wickramasinghe M",,,,,yxk055000,yuly koshevnik,Probability and Statistics for Management and Economics 
STAT,4351,501,4,2,9,10,4,13,,1,2,,4,,,9,3,,7,"Efromovich, Sam","Wu, Jiaju",,,,,sxe062000,sam efromovich,Probability 
STAT,4351,502,31,15,9,9,4,1,1,1,,2,,2,1,6,2,,1,"Tang, Chuan-Fa","Chen, Ying",,,,,cxt190011,chuan fa tang,Probability 
STAT,4360,001,1,,,1,3,2,1,,2,1,,,1,5,2,,1,"Choudhary, Pankaj K","de Silva, Galappaththige Sajith R",,,,,pkc022000,pankaj choudhary,Introduction to Statistical Learning 
STAT,4382,001,2,4,4,1,3,1,3,2,,,1,1,,3,,,0,"Koshevnik, Yuly","Jiang, Tian",,,,,yxk055000,yuly koshevnik,Stochastic Processes 
STAT,5351,001,,14,2,5,3,2,1,1,,,,,1,,,5,3,"Chen, Min","Zhou, Qinyi",,,,,mxc136030,min chen,Probability and Statistics I 
STAT,6331,001,,2,2,5,1,1,,3,,,,,2,,,3,0,"Choudhary, Pankaj K","Bedi, Tejasv",,,,,pkc022000,pankaj choudhary,Statistical Inference I 
STAT,6337,001,,10,2,4,2,2,1,1,,,,,2,,,19,3,"Biswas, Swati","Zhang, Cong",,,,,sxb125731,swati biswas,Advanced Statistical Methods I 
STAT,6341,001,,7,2,1,,1,,,,,,,1,,,1,0,"Chiou, Sy Han",,,,,,sxc172931,sy han steven chiou,Numerical Linear Algebra and Statistical Computing 
STAT,6344,501,,9,2,3,,,,1,,,,,,,,,0,"Efromovich, Sam",,,,,,sxe062000,sam efromovich,Probability Theory I 
STAT,6348,001,,11,3,2,1,1,,,,,,,,,,7,3,"Biswas, Swati","Zhang, Cong",,,,,sxb125731,swati biswas,Applied Multivariate Analysis 
STAT,7334,501,,13,,,,,,,,,,,,,,,0,"Tang, Chuan-Fa",,,,,,cxt190011,chuan fa tang,Nonparametric and Robust Statistical Methods 
SYSM,6301,001,,24,,1,,,,,,,,,,,,,1,"Reynolds, Samuel E","Chavez, Maegan L",,,,,ser180002,,Systems Engineering  Architecture and Design 
SYSM,6306,001,,9,,,,,,,,,,,,,,1,0,"Spong, Mark W","Chavez, Maegan L",,,,,mws081000,mark spong,Engineering Systems  Modeling and Simulation 
SYSM,6306,SS1,,9,2,,1,,,,,,,,,,,,0,"Kapoor, Bhanu",,,,,,bxk101000,bhanu kapoor,
SYSM,6311,0W1,,4,2,2,1,1,,,,,,,,,,,0,"Alborz, Shawn",,,,,,sxa063000,shawn alborz,Systems Project Management in Engineering and Operations 
SYSM,6311,SS1,,8,4,3,3,1,,,,,,,,,,,0,"Szot, James",,,,,,,james szot,
SYSM,6312,SS1,,6,2,2,,1,,,,,,,,,,,0,"Sanderson, Scott",,,,,,,scott sanderson,
THEA,1310,002,38,5,6,,,,,,,,,,,2,,,0,"Sanders, Christine",,,,,,cxs180032,christine sanders,Understanding Theatre 
THEA,1310,003,14,30,2,,1,,,1,,,,,1,,1,,1,"Ferguson, Wesley A",,,,,,waf061000,wesley ferguson,Understanding Theatre 
THEA,1310,004,23,9,5,2,2,1,1,,,,,,3,1,1,,1,"Cleveland, Michael W",,,,,,mxc112730,michael cleveland,Understanding Theatre 
THEA,1310,0W1,,25,4,1,,,,,,,2,,1,1,,,0,"Hibbs, Shelby A",,,,,,sah140730,shelby hibbs,Understanding Theatre 
THEA,1310,501,,50,,,,,,,,,,,,,,,0,"Baig, Maryam O",,,,,,baig,maryam baig,Understanding Theatre 
THEA,1310,HN1,13,13,2,,,,,,,,,,,1,,,0,"Lingo, Kathy A",,,,,,klingo,kathy lingo,Understanding Theatre 
THEA,1351,001,9,3,2,,,1,,1,,,,,2,1,,,0,"Sanders, Christine",,,,,,cxs180032,christine sanders,Acting 1 
THEA,2372,001,,14,,,,,,,,,,,,,,,0,"Lingo, Kathy A",,,,,,klingo,kathy lingo,Improvisation 
THEA,3310,501,1,10,,,,,,,,,,,,,,,0,"Hibbs, Shelby A",,,,,,sah140730,shelby hibbs,Theatre Performance Ensemble 
THEA,3323,001,1,11,1,1,2,,,,,,1,,,1,,,0,"Hibbs, Shelby A",,,,,,sah140730,shelby hibbs,Performance in Historical Context 
THEA,3325,001,,7,2,1,1,1,,,1,,,,,,,,2,"Hibbs, Shelby A",,,,,,sah140730,shelby hibbs,Directing 
UNIV,2V96,001,,,,,,,,,,,,,,18,,,0,"Jackson, D'ric A",,,,,,,dric jackson,
UNIV,2V96,091,,,,,,,,,,,,,,20,,,0,"Young, Chadwin D",,,,,,cdy120030,chadwin young,
VPAS,3300,001,8,2,,,2,1,,,,,,,1,1,,,3,"Curchack, Fred",,,,,,curchack,fred curchack,Elements of Art and Performance 
VPAS,3340,501,,3,3,6,3,2,,,1,,1,,,1,,,1,"Terranova, Charissa",,,,,,cxt074100,charissa terranova,Writing in the Arts 
VPAS,4310,0H1,2,5,3,,4,,,,,,,,,1,,,1,"Schlobohm, Maribeth L",,,,,,mls077000,maribeth (betsy) schlobohm,Entertainment Law 
VPAS,4389,001,2,6,,1,,,,,,,,,,,,,1,"Parsoneault, Catherine",,,,,,cxp160030,catherine parsoneault,Theory and Practice of the Visual and Performing Arts 
VPAS,6300,001,,16,1,,,,,,,,,,,,,,0,"Warren, Shilyh J",,,,,,sjw120030,shilyh warren,Proseminar in Visual and Performing Arts 
VPAS,6303,501,,13,,,,,,,,,,,1,,,,1,"Curchack, Fred",,,,,,curchack,fred curchack,Performance Literature  Theory  and Criticism 
VPAS,6310,001,,7,5,,,,,,,,,,2,,,,0,"McLean, Adrienne L",,,,,,amclean,adrienne mclean,Introduction to Film Studies 
VPAS,6339,501,,17,1,,,,,,,,,,,,,,0,"Pomara, John",,,,,,pomara,john pomara,Painting Digital Imaging Video 
