Subject,Catalog Nbr,Section,A+,A,A-,B+,B,B-,C+,C,C-,D+,D,D-,F,CR,NC,P,W,Instructor 1,Instructor 2,Instructor 3,Instructor 4,Instructor 5,Instructor 6,instructor_id,instructor_name_normalized,title
ACCT,2301,001,4,7,8,5,9,3,3,3,3,,,,1,21,2,,5,"Zhang, Jieying","Holstead, Cameron",,,,,jxz146230,jieying zhang,Introductory Financial Accounting 
ACCT,2301,002,9,4,5,7,5,5,2,5,1,,,,1,25,1,,4,"Zhang, Jieying","Holstead, Cameron",,,,,jxz146230,jieying zhang,Introductory Financial Accounting 
ACCT,2301,003,7,3,2,2,8,2,7,4,1,,,,,30,1,,8,"Huang, Ying","Song, Dongye",,,,,yxh124430,ying huang,Introductory Financial Accounting 
ACCT,2301,004,7,2,5,5,6,7,4,4,,1,,,,28,4,,1,"Huang, Ying","Song, Dongye",,,,,yxh124430,ying huang,Introductory Financial Accounting 
ACCT,2301,005,5,2,6,7,5,1,2,,1,2,,,6,5,12,,20,"Bowen, Richard M","Kim, Eun Sean",,,,,rxb073100,richard bowen,Introductory Financial Accounting 
ACCT,2301,501,3,10,5,2,10,4,6,4,1,,,,1,23,,,6,"Huang, Ying","Song, Dongye",,,,,yxh124430,ying huang,Introductory Financial Accounting 
ACCT,2302,001,15,21,7,7,4,2,,1,,,,,,4,2,,2,"Pinto, Jedson P","Gencer, Nur Pinar",,,,,jpp200002,jedson pinto,Introductory Management Accounting 
ACCT,2302,002,11,24,8,9,4,2,,2,,1,,,1,1,,,1,"Pinto, Jedson P","Gencer, Nur Pinar",,,,,jpp200002,jedson pinto,Introductory Management Accounting 
ACCT,2302,003,7,13,8,9,5,6,1,1,1,1,,,,16,,,2,"Sinha, Kirti","Tatiparti, Venu Madhav",,,,,kxs190050,kirti sinha,Introductory Management Accounting 
ACCT,2302,004,7,16,6,5,5,4,3,1,3,,,,,13,5,,2,"Sinha, Kirti","Tatiparti, Venu Madhav",,,,,kxs190050,kirti sinha,Introductory Management Accounting 
ACCT,2302,005,3,16,6,6,12,,2,5,,3,2,1,,8,3,,2,"Dai, Zhonglan","Nathan, Brad",,,,,zxd051000,zhonglan dai,Introductory Management Accounting 
ACCT,2302,006,4,25,5,2,14,,,3,,3,3,,,7,3,,1,"Dai, Zhonglan","Nathan, Brad",,,,,zxd051000,zhonglan dai,Introductory Management Accounting 
ACCT,2302,007,1,19,5,5,12,3,1,,,1,2,,5,5,2,,5,"Dai, Zhonglan","Nathan, Brad",,,,,zxd051000,zhonglan dai,Introductory Management Accounting 
ACCT,2302,501,8,15,6,8,2,1,1,,2,,,2,2,20,2,,1,"Sinha, Kirti","Tatiparti, Venu Madhav",,,,,kxs190050,kirti sinha,Introductory Management Accounting 
ACCT,3101,PPA,,,,,,,,,,,,,,76,,,0,"Bortz, Tiffany A","Chaturvedi, Sneha",,,,,tabortz,tiffany bortz,Professional Program in Accounting Lyceum 
ACCT,3322,001,2,13,2,4,11,1,1,3,,,4,,,12,1,,5,"Goodrich, Mary Beth W","Burnette, Naomi R",,,,,goodrich,mary beth goodrich,Integrated Accounting Information Systems 
ACCT,3331,001,1,4,8,2,3,2,6,4,,2,1,2,1,6,5,,6,"Zhou, Yibin","Chaturvedi, Sneha",,,,,yxz066000,yibin zhou,Intermediate Financial Accounting I 
ACCT,3331,002,1,6,2,3,3,3,2,2,,2,3,,,6,2,,5,"Zhou, Yibin","Chaturvedi, Sneha",,,,,yxz066000,yibin zhou,Intermediate Financial Accounting I 
ACCT,3331,501,4,2,5,3,9,4,2,1,4,,3,,1,12,5,,5,"Solcher, Steven J","Kim, Eun Sean",,,,,sjs107020,steven solcher,Intermediate Financial Accounting I 
ACCT,3332,001,7,7,5,4,7,1,,5,,2,3,4,2,10,4,,5,"Bortz, Tiffany A","Chaturvedi, Sneha",,,,,tabortz,tiffany bortz,Intermediate Financial Accounting II 
ACCT,3332,501,,2,,,5,,,3,,,5,,2,10,2,,8,"Karnuta, Daniel","Le, My-Duyen T",,,,,dxk173030,daniel karnuta,Intermediate Financial Accounting II 
ACCT,3341,001,6,14,7,13,6,6,1,,,,,,,10,,,2,"Sadka, Gil","Sandhu, Gurvinder",,,,,gxs143630,gil sadka,Cost Management Systems 
ACCT,3341,501,2,10,7,9,8,7,,,,1,,,1,5,1,,1,"Sadka, Gil","Sandhu, Gurvinder",,,,,gxs143630,gil sadka,Cost Management Systems 
ACCT,3350,001,4,10,3,3,4,6,2,1,2,,,,1,5,2,,2,"Gamino, John P",,,,,,jpg140630,john gamino,Fundamentals of Taxation 
ACCT,3350,501,1,5,,,5,2,,1,6,,1,1,,7,4,,1,"Gamino, John P",,,,,,jpg140630,john gamino,Fundamentals of Taxation 
ACCT,3350,PPA,3,9,8,6,15,4,2,,3,,,,,20,7,,0,"Gamino, John P",,,,,,jpg140630,john gamino,Fundamentals of Taxation 
ACCT,4301,001,,5,6,5,2,,1,,,,,,,3,2,,3,"Narayan, Ravishankar L","Jagtap, Himanshu S","Verma, Chinmay",,,,rln130030,ravishankar narayan,Database Systems 
ACCT,4334,001,,15,,1,12,,1,3,1,,2,,,5,,,4,"Linsteadt, Chris C","Truong, Timothy T",,,,,ccl019000,chris linsteadt,Auditing 
ACCT,4334,501,,14,,,7,,,1,,,,,1,4,,,2,"Linsteadt, Chris C","Truong, Timothy T",,,,,ccl019000,chris linsteadt,Auditing 
ACCT,4336,001,2,2,2,,,1,,2,1,,,,1,3,,,0,"Bowen, Richard M","Kim, Eun Sean",,,,,rxb073100,richard bowen,Financial Statement Analysis 
ACCT,4337,501,,4,1,3,8,1,,3,,,1,,,8,2,,0,"Ballew, Gregory E",,,,,,geb011100,gregory ballew,Business Valuation 
ACCT,4340,001,17,14,8,6,3,,,,2,1,,,3,3,3,,0,"Johnson, Jennifer","Garcia, Gerardo E",,,,,jxj091000,jennifer johnson,Survey of Accounting Software 
ACCT,4342,001,,7,1,3,7,2,3,3,1,1,2,2,,7,1,,1,"Johnson, Jennifer","Garcia, Gerardo E",,,,,jxj091000,jennifer johnson,Analysis and Design of Accounting Systems 
ACCT,4342,501,3,7,4,4,5,3,,1,2,2,,,1,7,1,,0,"Johnson, Jennifer","Garcia, Gerardo E",,,,,jxj091000,jennifer johnson,Analysis and Design of Accounting Systems 
ACCT,4342,PP1,1,5,5,4,4,1,,,,,,,,2,,,0,"Johnson, Jennifer","Garcia, Gerardo E",,,,,jxj091000,jennifer johnson,Analysis and Design of Accounting Systems 
ACCT,4342,PP2,5,8,7,6,6,1,,,1,,,,1,12,,,0,"Johnson, Jennifer","Garcia, Gerardo E",,,,,jxj091000,jennifer johnson,Analysis and Design of Accounting Systems 
ACCT,6193,SS1,,16,,,30,,,13,,,,,3,,,8,0,"Betanzos, Christina L","Solcher, Steven J",,,,,clb120030,christina betanzos,
ACCT,6202,501,,16,24,11,6,3,,,,,,,,,,7,0,"Janakiraman, Surya","He, Jiapeng",,,,,suryaj,surya janakiraman,Managerial Accounting 
ACCT,6202,CH1,,12,4,2,1,2,,,,,,,,,,,0,"Sadka, Gil",,,,,,gxs143630,gil sadka,
ACCT,6202,GW1,,21,11,7,3,1,,,,,,,,,,1,0,"Sadka, Gil",,,,,,gxs143630,gil sadka,
ACCT,6202,MBC,,15,16,6,3,1,,,,,,,,,,14,1,"Janakiraman, Surya","He, Jiapeng",,,,,suryaj,surya janakiraman,
ACCT,6202,MBP,,10,12,5,3,,,,,,,,,,,14,0,"Janakiraman, Surya","He, Jiapeng",,,,,suryaj,surya janakiraman,
ACCT,6202,PS1,,5,,1,,2,,,,,,,,,,1,1,"Zolton, Kathy",,,,,,kxz121730,kathy zolton,
ACCT,6202,XS1,,27,2,,,,,,,,,,,,,,0,"Sadka, Gil",,,,,,gxs143630,gil sadka,
ACCT,6291,SS1,,39,,,16,,,3,,,,,,,,10,3,"Zolton, Kathy",,,,,,kxz121730,kathy zolton,
ACCT,6292,SS1,,36,,,21,,,3,,,,,3,,,9,0,"Linsteadt, Chris C",,,,,,ccl019000,chris linsteadt,
ACCT,6301,0W1,,13,11,6,8,1,,,,,,,1,,,13,2,"Ali, Ashiq","Sandhu, Gurvinder",,,,,axa042200,ashiq ali,Financial Accounting 
ACCT,6301,501,,25,8,9,6,2,,,,,,,3,,,9,3,"Ballew, Gregory E","Herr-Perez, Noe C",,,,,geb011100,gregory ballew,Financial Accounting 
ACCT,6305,001,,29,,1,4,,1,,,,,,1,,,15,2,"Loumioti, Maria","Agrawal, Ruchi",,,,,mxl175830,maria loumioti,Accounting for Managers 
ACCT,6305,501,,28,,1,1,,1,,,,,,2,,,1,1,"Loumioti, Maria","Agrawal, Ruchi",,,,,mxl175830,maria loumioti,Accounting for Managers 
ACCT,6305,502,,31,,6,7,,3,,,,,,,,,10,1,"Loumioti, Maria","Agrawal, Ruchi",,,,,mxl175830,maria loumioti,Accounting for Managers 
ACCT,6320,0W1,,4,3,5,2,1,1,,,,,,,,,4,0,"Cavusoglu, Huseyin","Ozdemir, Dicle Yagmur",,,,,huseyin,huseyin cavusoglu,Database Foundations 
ACCT,6330,501,,13,7,2,5,1,,1,,,,,,,,2,3,"Goodrich, Mary Beth W","Burnette, Naomi R",,,,,goodrich,mary beth goodrich,Intermediate Financial Accounting I 
ACCT,6331,501,,10,5,5,3,1,2,,,,,,,,,5,1,"Natarajan, Ramachandran","Zhou, Junfei",,,,,nataraj,ramachandra natarajan,Cost Accounting 
ACCT,6332,501,,10,,,7,,,,,,,,4,,,9,4,"Zolton, Kathy","Le, My-Duyen T",,,,,kxz121730,kathy zolton,Intermediate Financial Accounting II 
ACCT,6332,SS1,,3,2,1,3,1,,,,,,,,,,2,0,"Zhang, Jieying",,,,,,jxz146230,jieying zhang,
ACCT,6333,501,,16,,,12,,,1,,,,,3,,,12,2,"Zolton, Kathy","Burnette, Naomi R",,,,,kxz121730,kathy zolton,Advanced Financial Reporting 
ACCT,6334,501,,7,,,5,,,,,,,,,,,2,1,"Linsteadt, Chris C","Truong, Timothy T",,,,,ccl019000,chris linsteadt,Auditing 
ACCT,6334,SS1,,6,,,7,,,,,,,,,,,1,0,"Linsteadt, Chris C",,,,,,ccl019000,chris linsteadt,
ACCT,6335,0W1,,16,11,6,12,,2,1,,,,,1,,,12,1,"Bortz, Tiffany A","Benny, Keerthy",,,,,tabortz,tiffany bortz,Ethics for Professional Accountants 
ACCT,6335,PP1,,8,4,5,3,,,,,,,,,,,1,0,"Bortz, Tiffany A","Benny, Keerthy",,,,,tabortz,tiffany bortz,Ethics for Professional Accountants 
ACCT,6335,PP2,,22,12,,6,1,,,,,,,,,,6,0,"Bortz, Tiffany A","Benny, Keerthy",,,,,tabortz,tiffany bortz,Ethics for Professional Accountants 
ACCT,6336,501,,9,7,4,3,1,,,,,,,,,,7,2,"Mauriello, Joseph A","Deokar, Shraddha V","Truong, Timothy T",,,,jam151430,joseph mauriello,Information Technology Audit and Risk Management 
ACCT,6338,501,,14,3,4,3,2,,,,,,,1,,,5,1,"Goodrich, Mary Beth W","Burnette, Naomi R",,,,,goodrich,mary beth goodrich,Accounting Systems Integration and Configuration 
ACCT,6344,0W1,,14,15,22,3,1,,,,,,,,,,4,0,"Gurun, Umit","Gencer, Nur Pinar",,,,,ugg041000,umit gurun,Financial Statement Analysis 
ACCT,6350,501,,9,7,5,5,,1,,,,,,,,,1,0,"Frost, Sandra M","Herr-Perez, Noe C",,,,,sms151730,sandra frost,Fundamentals of Taxation I 
ACCT,6353,501,,11,10,7,4,1,1,,,,,,2,,,11,2,"Gamino, John P",,,,,,jpg140630,john gamino,Fundamentals of Taxation II 
ACCT,6353,PP1,,4,6,3,5,1,,,,,,,,,,1,0,"Solcher, Steven J","Kim, Eun Sean",,,,,sjs107020,steven solcher,Fundamentals of Taxation II 
ACCT,6353,PP2,,11,19,8,2,2,,,,,,,,,,6,0,"Solcher, Steven J","Kim, Eun Sean",,,,,sjs107020,steven solcher,Fundamentals of Taxation II 
ACCT,6353,SS1,,6,6,1,,,,,,,,,,,,,0,"Solcher, Steven J",,,,,,sjs107020,steven solcher,
ACCT,6373,501,,11,15,4,5,1,,,,,,,,,,3,0,"Mauriello, Joseph A","Truong, Timothy T","Sauer, Ashlyn M",,,,jam151430,joseph mauriello,Advanced External Auditing 
ACCT,6377,501,,30,6,2,,,,,,,,,,,,1,0,"Ballew, Gregory E",,,,,,geb011100,gregory ballew,Corporate Governance 
ACCT,6380,501,,6,5,6,10,,1,,,,,,,,,4,2,"Mauriello, Joseph A","Truong, Timothy T","Sauer, Ashlyn M","Deokar, Shraddha V",,,jam151430,joseph mauriello,Internal Audit 
ACCT,6384,501,,32,13,3,,2,,,,,,,2,,,2,5,"Kromer, Jeffrey","Benny, Keerthy",,,,,jrk013000,jeffrey kromer,Analytical Reviews Using Audit Software 
ACCT,6384,SS1,,4,4,2,,1,,,,,,,,,,2,1,"Kromer, Jeffrey",,,,,,jrk013000,jeffrey kromer,
ACN,6313,003,,6,3,1,3,2,,,,,,,,,,3,0,"Juhn, Nancy H","Batchalli Maruthy, Gayathri","Austin, Kathryn A",,,,njuhn,nancy juhn,Research Methods in Behavioral and Brain Sciences - Part II 
ACN,6313,501,,4,1,2,,1,,1,,,,,1,,,,0,"Abdi, Herve","Yu, Ju-Chi","Moraglia, Luke E","Mizener, Brendon J",,,herve,herve abdi,Research Methods in Behavioral and Brain Sciences - Part II 
ACN,6330,0W1,,8,3,,5,,,,,,,,1,,,1,1,"Seaman, Kendra L","Wong, Galston K",,,,,kls190004,kendra seaman,Cognitive Science 
ACN,6332,001,,18,5,4,2,1,,,,,,,,,,4,0,"Raman, Rachna",,,,,,rxr076000,rachna raman,Perception 
ACN,6333,001,,8,6,3,2,2,,,,,,,,,,4,1,"Basak, Chandramallika",,,,,,cxb116130,chandramallika basak,Memory 
ACN,6338,001,,26,,,11,,1,,,,,,5,,,6,2,"Kennedy, Kristen M","Lung, Tzu-Chen",,,,,kmk082000,kristen kennedy,Functional Neuroanatomy 
ACN,6342,0W1,,14,1,,,,,,,,,,,,,,0,"Orrick, Erika D",,,,,,edo042000,erika orrick,Human Computer Interactions II 
ACN,6346,001,,15,,,8,,,,,,,,1,,,1,1,"Sultana, Rukhsana",,,,,,rxs170431,rukhsana sultana,Systems Neuroscience 
ACN,6349,501,,10,3,1,1,,,,,,,,,,,,0,"Golden, Richard",,,,,,golden,richard golden,Statistical Machine Learning with Deep Learning Applications 
ACN,6372,501,,6,7,4,,1,,1,,,,,,,,2,0,"Kolber, Benedict J",,,,,,bjk200001,benedict kolber,The Neuroscience of Pain 
ACN,6374,001,,9,8,2,,,,,,,,,,,,,1,"Jahangiri, Faisal R",,,,,,frj190000,faisal jahangiri,Intraoperative Neurophysiological Monitoring 
ACN,6V81,001,,9,1,,,,,,,,,,2,,,,0,"Engineer, Crystal T",,,,,,novitski,crystal engineer,Special Topics in Applied Cognition and Neuroscience 
ACN,6V81,002,,11,,1,,,,,,,,,,,,,0,"Overzet, Kathryn M",,,,,,kmo053000,,Special Topics in Applied Cognition and Neuroscience 
ACN,7343,001,,19,,,,,,,,,,,,,,,0,"Dussor, Gregory O",,,,,,gxd141130,gregory dussor,Neuropharmacology 
ACN,7372,001,,9,,1,2,,,1,,,,,,,,1,0,"Burton, Michael D",,,,,,mdb150330,michael burton,Seminar in Neuroscience 
ACTS,4301,001,12,1,3,2,4,2,2,1,2,2,1,1,,11,2,,1,"Makhijani, Neha","Guo, Qi",,,,,nxm165130,neha makhijani,Long Term Actuarial Mathematics I 
ACTS,4302,001,2,2,3,3,7,6,3,4,1,1,,,,7,1,,0,"Humphreys, Natalia A","Bal, Sabindra Singh",,,,,nah103020,natalia humphreys,Investment and Financial Markets I 
ACTS,4308,001,1,1,3,2,,1,,,,,1,,5,1,2,,3,"Makhijani, Neha","Yang, Haopeng",,,,,nxm165130,neha makhijani,Actuarial Financial Mathematics 
AHST,1303,001,31,20,17,9,11,5,3,1,4,1,,1,5,4,2,,1,"Alibhai, Ali Asgar H","Prakash, Arya",,,,,aha180002,ali alibhai,Survey of Western Art History  Ancient to Medieval 
AHST,1303,002,29,18,15,12,6,4,3,3,2,1,,2,8,8,1,,3,"Alibhai, Ali Asgar H","Dunbar, Amanda R",,,,,aha180002,ali alibhai,Survey of Western Art History  Ancient to Medieval 
AHST,2331,001,18,9,2,6,3,2,1,3,,,3,,7,,7,,5,"Terranova, Charissa","Anderson, Linda K",,,,,cxt074100,charissa terranova,Understanding Art 
AHST,2331,HN1,2,10,8,,1,,,,,,,,,2,1,,1,"Chao, Jacqueline J",,,,,,jjc161030,,Understanding Art 
AHST,3313,001,12,10,9,2,5,4,1,2,1,,,,,2,,,0,"Alibhai, Ali Asgar H",,,,,,aha180002,ali alibhai,Medieval Art and Architecture 
AHST,3315,001,4,15,16,6,,2,1,,,,,,2,,,,3,"Rosen, Mark S",,,,,,mxr088000,mark rosen,Renaissance Art and Architecture 
AHST,4342,001,,8,2,1,7,,2,,,,,,3,,,,3,"Lima, Benjamin",,,,,,bxl170004,,Topics in Art History 
AMS,2300,0W1,,8,5,7,6,4,1,2,,1,3,1,2,8,3,,5,"Pogue, Neall W",,,,,,nxp174730,neall pogue,American Popular Culture 
AMS,2300,0W2,,5,10,7,9,1,,,1,2,,,4,13,3,,2,"Pogue, Neall W",,,,,,nxp174730,neall pogue,American Popular Culture 
AMS,2300,HN1,2,6,3,3,1,,,,,,,,,3,,,2,"Smith, Erin",,,,,,erins,erin smith,American Popular Culture 
AMS,2341,0W1,,7,4,,,2,,,,,,,,2,,,1,"Naqvi, Syed K",,,,,,skn180000,syed naqvi,American Studies for the Twenty-First Century 
AMS,2341,0W2,,8,2,4,4,,,1,,,,,1,9,,,0,"Naqvi, Syed K",,,,,,skn180000,syed naqvi,American Studies for the Twenty-First Century 
AMS,3302,0H1,,6,3,2,,,,1,,,,,3,,,,2,"Werhnyak, Larissa",,,,,,lxw163630,larissa werhnyak,American Cultures 
AMS,3316,0W1,13,11,5,1,2,2,,1,1,,,,1,,2,,1,"Winstead, Elizabeth L",,,,,,lwm061000,elizabeth winstead,Interpersonal Communication 
AMS,3322,0W1,,8,4,,8,1,,4,2,,4,,,2,1,,3,"Naqvi, Syed K",,,,,,skn180000,syed naqvi,American Ethnic Experience  Immigrants After 1945 
AMS,3350,0W1,18,5,4,2,2,1,1,,,,,,3,1,1,,2,"Winstead, Elizabeth L",,,,,,lwm061000,elizabeth winstead,Crisis Communication 
AMS,4305,0W1,1,5,2,3,6,1,,,1,,,,1,1,1,,1,"Cotton, Scott C",,,,,,sxc024200,scott cotton,World History for Teachers 
AMS,4324,0W1,3,2,1,2,1,,,,,,,,,,,,1,"Duquaine-Watson, Jill M",,,,,,jmw087000,jillian duquaine watson,Motherhood and the Technological Womb 
ARAB,1311,001,8,6,,1,,,,,,,,,,,,,1,"Anjum, Zafar",,,,,,zxa110730,zafar anjum,Beginning Arabic I 
ARAB,1312,001,8,4,,1,,,,1,,,,,,,1,,1,"Anjum, Zafar",,,,,,zxa110730,zafar anjum,Beginning Arabic II 
ARHM,2340,001,,21,3,2,3,,,,3,2,2,,1,,1,,0,"Grohman, Magdalena G",,,,,,mgg092000,magdalena grohman,Creativity 
ARHM,3342,001,3,12,2,1,4,,,,,,,1,,1,,,6,"Evans, Kathryn C",,,,,,kcevans,kathryn evans,Advanced Interdisciplinary Studies in the Arts and Humanities 
ARHM,3342,0H1,6,3,6,,1,1,1,,1,,,,1,,,,1,"Pfister, Debra H",,,,,,dhpf,debra pfister,Advanced Interdisciplinary Studies in the Arts and Humanities 
ARHM,6310,001,,11,7,1,1,,,,,,,,,,,,3,"Hill, Kimberly D","Greer, Erin",,,,,kdh140430,kimberly hill,Team-Taught Interdisciplinary Seminar 
ARTS,1301,0W1,24,32,15,3,4,4,1,1,,,1,,1,7,2,,8,"Grandjean, Kelly","Alanis Perez, Alan Isaac",,,,,kxg190019,kelly grandjean,Exploration of the Arts 
ARTS,1301,0W2,38,21,9,4,5,1,,1,2,,1,,3,14,2,,1,"Grandjean, Kelly","Cai, Rebecca",,,,,kxg190019,kelly grandjean,Exploration of the Arts 
ARTS,1301,HH1,6,10,,,,,,,,,,,,2,,,0,"Waligore, Marilyn A",,,,,,waligore,marilyn waligore,Exploration of the Arts 
ARTS,1316,001,5,8,2,,,,,2,,,,,,,,,2,"Min, Inki A",,,,,,iam140230,inki min,Drawing Foundations 
ARTS,1316,0H2,5,2,2,2,,,1,,,,,,3,,,,3,"Travis, Audrey",,,,,,axt190092,,Drawing Foundations 
ARTS,1316,0W1,6,3,1,1,3,,,,,,,,2,,2,,0,"Booker, Rebecca M",,,,,,pdb041000,,Drawing Foundations 
ARTS,1316,0W2,5,1,2,,2,1,,,,,,,2,3,,,1,"Booker, Rebecca M",,,,,,pdb041000,,Drawing Foundations 
ARTS,1316,501,2,3,1,2,1,1,,,,1,1,,,,,,0,"Reyes, Marcela",,,,,,mxr116430,marcela reyes,Drawing Foundations 
ARTS,2316,0H1,,3,3,2,,2,,,1,,1,,2,,1,,3,"Ligon, Peter A",,,,,,pal140130,peter ligon,Painting Foundations 
ARTS,2316,501,,7,5,1,,,,,,,,,,2,,,0,"Egan, Trey T",,,,,,tte150130,trey egan,Painting Foundations 
ARTS,2350,001,,4,1,,,,2,,,,,,1,3,1,,1,"Copeland, Colette",,,,,,cxc132230,colette copeland,Photography  Design 
ARTS,2350,002,,3,8,6,,,,,,,,,,,1,,1,"Palmer, Marcy A",,,,,,mxp070100,marcy palmer,Photography  Design 
ARTS,2380,001,,,5,,1,2,,,,,,1,2,,1,,1,"Egan, Trey T",,,,,,tte150130,trey egan,Visual Design Foundations 
ARTS,2381,0W1,6,1,,,,1,,,,,,,2,,,,1,"Curry, Val",,,,,,vxc110930,val curry,Introduction to Sculpture 
ARTS,3340,0H1,4,5,3,,,,,,,,,,1,,,,3,"Durant, Stephanie D",,,,,,ddm043000,,Topics in Studio Art 
ARTS,3340,0H2,,2,,6,,,1,,,,,,,2,,,0,"Etter, Ian",,,,,,ixe200004,ian etter,Topics in Studio Art 
ARTS,3341,001,,14,,,2,,,,,,,,1,,,,0,"Shi, Carle",,,,,,cxs174230,carle shi,Chinese Calligraphy 
ARTS,3363,001,1,12,,1,3,,,,1,,,,,,,,1,"Tady, Lorraine T",,,,,,ltt042000,lorraine tady,Typography  Technology  Image 
ARTS,3367,001,3,7,6,1,1,1,,,,,,,,,,,0,"Fridge, Brian D",,,,,,bdf081000,brian fridge,Figure Drawing 
ARTS,3368,001,1,18,,,,,,,,,,,,,,,0,"Lapthisophon, Stephen M",,,,,,sxl043100,stephen lapthisophon,Mixed Media 
ARTS,3369,0H1,1,8,,1,1,,,,,,,,1,,1,,0,"Tady, Lorraine T",,,,,,ltt042000,lorraine tady,Intermediate Painting 
ARTS,3371,0H1,3,2,2,1,,,,,,,,,,,,,2,"Durant, Stephanie D",,,,,,ddm043000,,Photography  Black White 
ARTS,3372,001,,6,7,3,,,1,,,,,,,2,,,0,"Palmer, Marcy A",,,,,,mxp070100,marcy palmer,Photography  Color Concepts 
ARTS,3373,001,1,5,,,2,1,,,,,,,,,1,,0,"Tady, Lorraine T",,,,,,ltt042000,lorraine tady,Printmaking 
ARTS,3377,501,1,6,5,,,3,,,,,,,1,,,,0,"Martinez, Daniel R",,,,,,drm190002,,Photography  Altered Image 
ARTS,3378,0H1,2,4,3,,,,,,,,,,1,,,,0,"Randall, Steven V",,,,,,svr200001,steven randall,Figure Sculpture 
ARTS,3379,0H1,2,4,4,2,,,,1,,,,,,,1,,4,"Loving, Emily",,,,,,exl097120,emily loving,Photography  New Media 
ARTS,3381,001,1,3,5,,,1,1,,,1,,,,1,,,0,"Etter, Ian",,,,,,ixe200004,ian etter,Video Painting 
ARTS,4310,501,3,1,1,,,,,,1,,,,1,,1,,2,"Metz, Greg L",,,,,,glmetz,greg metz,Studies in Contemporary Exhibitions 
ARTS,4368,001,4,9,1,,1,,,,,,1,,,,,,0,"Pomara, John",,,,,,pomara,john pomara,Advanced Visual Arts 
ARTS,4372,0H1,,5,1,2,1,,,,,,,,,,,,1,"Waligore, Marilyn A",,,,,,waligore,marilyn waligore,Advanced Photography 
ATCM,1100,001,4,,3,1,,,1,,1,,1,,1,,,,0,"Gutierrez, Alejandra",,,,,,axg173831,,First Year Seminar 
ATCM,2300,0W1,29,26,26,21,16,12,4,6,1,,,1,11,2,7,,13,"Cooley, Heidi","Simsek, Cansu Nur","O'Neill, Cynthia M","Martinez Ochoa, Angelica Miriam M",,,hxc176430,heidi cooley,Introduction to TechnoCulture 
ATCM,2301,001,3,5,5,3,,,2,,,,,,2,1,3,,1,"Trosper, Elizabeth M",,,,,,emt130130,elizabeth trosper,Computer Imaging 
ATCM,2301,002,2,5,7,5,5,1,1,,,,,1,2,,,,0,"Trosper, Elizabeth M",,,,,,emt130130,elizabeth trosper,Computer Imaging 
ATCM,2301,003,3,15,2,3,3,2,,,1,,,,1,,,,0,"Enam, Victor J",,,,,,vje170000,,Computer Imaging 
ATCM,2301,004,1,8,4,,2,2,,1,,,,,2,1,1,,3,"Trosper, Elizabeth M",,,,,,emt130130,elizabeth trosper,Computer Imaging 
ATCM,2301,006,13,5,,1,1,,,,,,,,3,,1,,1,"Hoggatt, Zane C",,,,,,zch150030,zoey hoggatt,Computer Imaging 
ATCM,2301,007,,4,4,4,4,,1,2,,1,,,1,1,2,,1,"Nguyen, Tuoc K",,,,,,tkn180000,tuoc nguyen,Computer Imaging 
ATCM,2302,002,9,6,3,1,3,2,,,,,,,,1,,,0,"Minnish, Roxanne W","Bagherzadeh, Elmira",,,,,rwm061000,roxanne minnish,Design I 
ATCM,2302,003,4,7,5,2,1,2,,,1,,,,2,,,,0,"Minnish, Roxanne W","Bagherzadeh, Elmira",,,,,rwm061000,roxanne minnish,Design I 
ATCM,2302,004,8,9,2,3,1,2,,,,,,,,1,,,1,"Paiva Homsi, Murilo",,,,,,mxp166130,,Design I 
ATCM,2302,005,3,6,4,3,2,1,3,,1,,1,4,1,,,,1,"Flores, Carlin E",,,,,,cef140030,,Design I 
ATCM,2302,006,13,5,2,1,2,1,,1,,1,,,1,,1,,2,"Asgharpour, Maedeh",,,,,,mxa180053,maedeh asgharpour,Design I 
ATCM,2302,007,9,8,1,3,3,2,,1,,,,,,,1,,2,"Alzate Mora, Catalina",,,,,,cxa170830,catalina alzate,Design I 
ATCM,2302,502,,8,3,1,4,2,,1,1,,1,1,3,1,,,3,"Minnish, Roxanne W","Bagherzadeh, Elmira",,,,,rwm061000,roxanne minnish,Design I 
ATCM,2303,001,7,58,19,5,3,2,1,,,,1,,,1,,,3,"Oropallo, Kara I","Beverly, Diamond E",,,,,kio160030,kara oropallo,Project Management for Arts  Technology  and Emerging Communication I 
ATCM,2303,002,1,7,6,5,9,3,2,,3,,2,,,2,1,,1,"Salter, Monika M","Oropallo, Kara I","Pietsch, Samuel R",,,,mxs176131,monika salter,Project Management for Arts  Technology  and Emerging Communication I 
ATCM,2303,003,11,9,12,7,1,1,,1,,,,,1,,2,,1,"Boyd, Elizabeth","Monjoree, Uttamasha",,,,,esp041000,elizabeth boyd,Project Management for Arts  Technology  and Emerging Communication I 
ATCM,2310,001,56,14,19,9,1,5,3,4,4,1,1,1,7,3,7,,10,"Salter, Monika M","Caldwell, Bryon A","Lewis, Timothy M","Fechter, Todd A",,,mxs176131,monika salter,Animation and Game Fundamentals 
ATCM,2321,0W1,,2,8,6,6,3,,,,,,,,1,2,,2,"Imaoka, Laura",,,,,,lxi170030,laura imaoka,Reading Media Critically 
ATCM,2321,0W2,,9,10,3,1,2,1,1,1,1,,,,,,,1,"Mulla, Ayesha",,,,,,axm190114,ayesha mulla,Reading Media Critically 
ATCM,2321,0W3,,12,12,3,,1,,,,,,,,,,,2,"Mulla, Ayesha",,,,,,axm190114,ayesha mulla,Reading Media Critically 
ATCM,2322,0W1,9,20,21,15,5,5,1,3,2,,2,1,5,1,1,,8,"Sung, Wendy","Shukla, Nishanshi A","Rashid, Mohammed Mizanur",,,,wxs172630,wendy sung,Media Histories 
ATCM,2330,001,,6,1,4,4,1,1,2,2,,,1,3,3,1,,1,"Nielsen, Christina R","Jones, Jazmine Q",,,,,crn022000,christina nielsen,Digital Art and Social Practice 
ATCM,2330,002,1,4,4,2,2,3,5,1,1,,,,1,1,,,5,"Nielsen, Christina R","Jones, Jazmine Q",,,,,crn022000,christina nielsen,Digital Art and Social Practice 
ATCM,2335,0W1,1,1,4,1,4,2,1,2,,1,1,2,1,1,3,,5,"Chiu, Yu-Kwong",,,,,,yxc161331,yu kwong chiu,Internet Studio I 
ATCM,2335,0W2,,13,1,,2,1,1,,1,,,,3,,1,,6,"Stewart, Michael C",,,,,,mxs128231,michael stewart,Internet Studio I 
ATCM,2335,0W3,,11,2,1,,3,,2,,2,,,2,,,,5,"Stewart, Michael C",,,,,,mxs128231,michael stewart,Internet Studio I 
ATCM,2335,0W4,,3,6,2,1,3,,2,,,,1,2,,1,,8,"Starzer, Kenneth W",,,,,,kws042000,ken starzer,Internet Studio I 
ATCM,2335,0W5,1,3,2,3,3,5,1,1,1,,,,3,2,,,3,"Starzer, Kenneth W",,,,,,kws042000,ken starzer,Internet Studio I 
ATCM,2340,001,,12,,,7,,,6,,,,,2,,1,,2,"Lester, Paul","Wilson, David N",,,,,pxl152030,paul lester,Visual Communication 
ATCM,2345,001,5,3,,2,1,,,,,,,,4,2,3,,5,"Fitzgerald, Harold E",,,,,,hxf170830,hal fitzgerald,Principles of Digital Audio 
ATCM,2345,002,6,2,4,2,3,1,,,1,,,,4,,,,0,"Fitzgerald, Harold E",,,,,,hxf170830,hal fitzgerald,Principles of Digital Audio 
ATCM,2345,003,9,6,2,2,1,1,,,,,1,,1,,1,,3,"Fitzgerald, Harold E",,,,,,hxf170830,hal fitzgerald,Principles of Digital Audio 
ATCM,2360,0W1,22,4,2,,,1,,,,,,,,,,,1,"Cox, Norman L",,,,,,nlc200001,norm cox,Design Histories 
ATCM,2375,0W1,,48,,,1,,,,,,,,,,1,,1,"Evans, Monica J",,,,,,mevans,monica evans,History of Games 
ATCM,3301,001,3,11,2,,,,1,,,1,,,1,,,,0,"Oropallo, Kara I",,,,,,kio160030,kara oropallo,Writing for ATEC 
ATCM,3301,0W1,,1,9,1,3,,,,,1,,,,1,2,,1,"Imaoka, Laura","Irby, Cameron L",,,,,lxi170030,laura imaoka,Writing for ATEC 
ATCM,3301,0W2,,9,6,1,1,,,,,,,,1,,,,1,"Mallory, Stephen R",,,,,,srm140030,stephen mallory,Writing for ATEC 
ATCM,3301,0W3,1,4,7,2,,1,,2,1,,,,1,,,,0,"Ramakrishnan, Sharathchandra",,,,,,sxr178530,sharathchandra ramakrishnan,Writing for ATEC 
ATCM,3301,0W4,3,6,4,2,1,,1,1,1,,,,,,,,0,"Rheams, David C",,,,,,dcr093020,david rheams,Writing for ATEC 
ATCM,3301,0W5,3,8,,2,,1,,1,1,1,,,,,,,0,"Rheams, David C",,,,,,dcr093020,david rheams,Writing for ATEC 
ATCM,3301,0W6,1,5,7,1,,1,2,,,,,,,,1,,1,"Field, Jamie M",,,,,,jmf094020,jamie field,Writing for ATEC 
ATCM,3301,0W7,,4,3,1,2,2,1,1,,1,,,1,,,,3,"Adelman, David",,,,,,dxa180004,,Writing for ATEC 
ATCM,3301,0W8,,,3,3,4,3,1,1,,,,,,2,1,,1,"Andic, Atanur",,,,,,axa180034,,Writing for ATEC 
ATCM,3303,001,8,10,1,,,,,,1,,,,,,,,1,"Oropallo, Kara I",,,,,,kio160030,kara oropallo,Project Management for Arts  Technology  and Emerging Communication II 
ATCM,3305,001,,,5,1,6,5,4,2,,,1,,4,,1,,1,"Camacho, Christopher J",,,,,,cjc043000,christopher camacho,Computer Animation I 
ATCM,3305,002,2,3,3,4,5,5,1,1,1,,,,,1,,,3,"Caldwell, Bryon A",,,,,,bac190003,bryon caldwell,Computer Animation I 
ATCM,3305,003,,2,5,7,1,3,1,,,,,,4,2,1,,3,"Caldwell, Bryon A",,,,,,bac190003,bryon caldwell,Computer Animation I 
ATCM,3306,001,5,3,5,3,2,2,2,1,,1,,1,,2,1,,2,"Boyd, Elizabeth",,,,,,esp041000,elizabeth boyd,Modeling and Texturing I 
ATCM,3306,002,2,5,6,3,5,4,1,2,,,,,,,2,,0,"Boyd, Elizabeth",,,,,,esp041000,elizabeth boyd,Modeling and Texturing I 
ATCM,3306,003,5,5,4,1,2,1,1,1,,,1,,1,,3,,4,"Fechter, Todd A",,,,,,taf051000,todd fechter,Modeling and Texturing I 
ATCM,3306,004,,1,2,4,5,,3,1,2,2,1,,5,1,2,,0,"Johnson, Casey A",,,,,,caj150430,casey johnson,Modeling and Texturing I 
ATCM,3307,001,,1,6,11,1,2,1,1,3,1,1,,,,1,,1,"McCord, Peter A",,,,,,pam062000,peter mccord,Lighting and Composition I 
ATCM,3307,002,1,1,9,3,4,1,,1,2,1,,,4,,1,,2,"McCord, Peter A",,,,,,pam062000,peter mccord,Lighting and Composition I 
ATCM,3308,001,,1,4,,1,,,,,1,2,,2,1,,,7,"Johnson, Casey A",,,,,,caj150430,casey johnson,Rigging I 
ATCM,3308,002,2,,3,,1,1,,2,1,1,1,1,6,,6,,4,"Camacho, Christopher J",,,,,,cjc043000,christopher camacho,Rigging I 
ATCM,3309,001,,5,5,1,3,1,,2,,,,,1,,,,0,"McComber, Sean",,,,,,sxm129130,sean mccomber,Visual Story I 
ATCM,3311,001,4,8,3,1,3,1,,3,1,,1,1,,2,1,,1,"Lim, Fengjie",,,,,,fxl200000,fengjie lim,Scripting for Animation 
ATCM,3311,002,,2,3,,4,1,2,1,1,5,3,,2,2,,,2,"Johnson, Casey A",,,,,,caj150430,casey johnson,Scripting for Animation 
ATCM,3315,001,6,6,4,2,2,3,1,,1,,,1,,1,,,1,"Veras de Souza, Christine",,,,,,cxv180000,christine veras de souza,Animation Studies 
ATCM,3320,501,2,16,4,1,2,3,,1,,,,,,,,,0,"Llamas Rodriguez, Juan A",,,,,,jal171330,juan rodriguez,Critical Media Theories 
ATCM,3335,001,2,3,4,1,,2,1,2,,,3,,4,3,,,5,"Kane, Simon A",,,,,,sak043000,simon kane,Internet Studio II 
ATCM,3336,001,1,8,3,3,8,1,1,1,1,,,,1,,,,1,"McKinney, Mark",,,,,,mxm190029,mark mckinney,Design Research Methods 
ATCM,3336,002,5,6,5,1,4,3,2,1,,,1,,,1,,,1,"McKinney, Mark",,,,,,mxm190029,mark mckinney,Design Research Methods 
ATCM,3336,003,3,11,4,4,4,1,,,,,,,1,2,,,0,"McKinney, Mark",,,,,,mxm190029,mark mckinney,Design Research Methods 
ATCM,3336,004,2,6,1,4,7,2,,3,1,,1,1,,1,,,1,"McKinney, Mark",,,,,,mxm190029,mark mckinney,Design Research Methods 
ATCM,3337,0W1,15,14,4,,,,,,,,,,,,,,1,"Wood, Harold G",,,,,,hgw021000,harold wood,Interaction Design I 
ATCM,3337,0W2,16,8,1,3,1,,,,,,,,,,,,2,"Wood, Harold G",,,,,,hgw021000,harold wood,Interaction Design I 
ATCM,3337,0W3,16,9,3,,2,,1,,1,,,,1,,,,0,"Wood, Harold G",,,,,,hgw021000,harold wood,Interaction Design I 
ATCM,3337,0W4,5,22,1,1,1,,,,,,,,1,,,,0,"Wood, Harold G",,,,,,hgw021000,harold wood,Interaction Design I 
ATCM,3337,501,16,1,,1,2,1,,1,,1,,,3,,,,3,"Lin, Colleen B",,,,,,cbl061000,,Interaction Design I 
ATCM,3337,502,25,,,2,,,1,,,,,,2,,,,0,"Lin, Colleen B",,,,,,cbl061000,,Interaction Design I 
ATCM,3338,001,14,5,1,,2,,,1,,,,1,3,1,,,2,"Camacho, Christopher J",,,,,,cjc043000,christopher camacho,Motion Graphics I 
ATCM,3338,002,10,3,4,2,2,,,,,,1,1,2,,2,,2,"Camacho, Christopher J",,,,,,cjc043000,christopher camacho,Motion Graphics I 
ATCM,3340,0W1,19,2,3,1,1,1,1,1,,,,,1,,,,0,"Cox, Norman L",,,,,,nlc200001,norm cox,Design II 
ATCM,3340,0W2,10,1,3,5,2,4,2,,1,,,,,,,,2,"Cox, Norman L",,,,,,nlc200001,norm cox,Design II 
ATCM,3340,0W3,22,,3,1,,1,1,,1,,,,,1,,,0,"Cox, Norman L",,,,,,nlc200001,norm cox,Design II 
ATCM,3340,501,4,5,2,,2,2,2,1,1,,,,3,,,,4,"Gonzalez, Isi J",,,,,,ijg190000,isi gonzalez,Design II 
ATCM,3345,001,2,15,1,,,,,,,,,,1,,,,0,"Terry, Dean",,,,,,dxt023000,,Audio Technologies 
ATCM,3350,0W1,11,3,2,2,4,,,,,,,,2,1,3,,2,"Hewitt, Sharon","Ikebude, Chukwuemeka",,,,,sxh090220,sharon hewitt,Digital Video Production I 
ATCM,3350,0W2,2,8,4,2,4,,1,2,1,,1,,2,2,,,1,"Nielsen, Christina R","Bell, Elizabeth A",,,,,crn022000,christina nielsen,Digital Video Production I 
ATCM,3350,0W3,1,3,4,,5,,1,2,2,,,,5,1,2,,2,"Cox, Cydney",,,,,,cxc190025,,Digital Video Production I 
ATCM,3356,501,10,7,,1,2,,,,,,,,1,,,,3,"Scott, Andrew F","Asgharpour, Maedeh",,,,,afs140330,andrew scott,Projection Mapping Lab 
ATCM,3365,0W1,20,4,1,,1,,,,1,,,,1,1,,,0,"Christopher, Timothy V",,,,,,khimbar,timothy christopher,Game Design I 
ATCM,3365,0W2,12,8,3,1,,3,,,,,,,,,,,3,"Christopher, Timothy V",,,,,,khimbar,timothy christopher,Game Design I 
ATCM,3366,001,9,15,2,,1,,,2,,,,,,,,,0,"Wu, Hong An",,,,,,hxw173930,hong wu,Game Studies I 
ATCM,3367,001,,3,12,5,1,,1,1,,,,,2,2,1,,2,"Chandler, Adam W",,,,,,awc051000,adam chandler,Level Design I 
ATCM,3367,0W1,13,6,3,1,,1,,,,,,,1,1,2,,1,"Billingslea, Steven L",,,,,,slb073000,steven billingslea,Level Design I 
ATCM,3368,001,2,7,3,2,1,,,,,,,2,2,,,,3,"Lim, Fengjie",,,,,,fxl200000,fengjie lim,Scripting for Games I 
ATCM,3368,002,3,4,7,1,2,3,,,,,,2,2,,2,,4,"Chandler, Adam W",,,,,,awc051000,adam chandler,Scripting for Games I 
ATCM,3370,001,9,3,5,2,1,1,1,3,,,,,2,,,,3,"Lewis, Timothy M",,,,,,tml062000,timothy lewis,Virtual Environments I 
ATCM,3372,001,6,4,3,,2,,1,,,,1,,6,2,1,,1,"Fitzgerald, Harold E",,,,,,hxf170830,hal fitzgerald,Sound Design for Games 
ATCM,3388,0W1,13,6,7,5,6,2,1,1,1,1,,,2,4,,,1,"Bell, Elizabeth A","Whitlock, Kathryn",,,,,lxb032000,elizabeth bell,Attitudes and Behaviors 
ATCM,4305,001,,,3,2,2,2,,,,,,,,,,,1,"Caldwell, Bryon A",,,,,,bac190003,bryon caldwell,Computer Animation II 
ATCM,4307,001,,,13,2,,1,,,,1,,,,,,,2,"McCord, Peter A",,,,,,pam062000,peter mccord,Lighting and Composition II 
ATCM,4312,001,1,2,5,3,1,2,,2,,1,,,1,1,,,0,"Boyd, Elizabeth",,,,,,esp041000,elizabeth boyd,Digital Sculpting 
ATCM,4313,001,,2,5,1,2,,,,1,,1,,,,,,1,"Lim, Fengjie",,,,,,fxl200000,fengjie lim,Visual Effects 
ATCM,4315,001,,,4,,2,2,1,,,,,1,,2,,,1,"McComber, Sean",,,,,,sxm129130,sean mccomber,Computer Animation III 
ATCM,4316,001,,19,,,,,,,,,,,,,,,0,"McCord, Peter A",,,,,,pam062000,peter mccord,Animation Lab I 
ATCM,4316,002,,19,,,,,,,,,,,,,,,0,"Salter, Monika M",,,,,,mxs176131,monika salter,Animation Lab I 
ATCM,4319,001,,1,1,,1,2,2,3,1,,1,,3,,,,0,"Johnson, Casey A",,,,,,caj150430,casey johnson,Topics in Animation 
ATCM,4320,001,18,11,,,2,,,1,,,,,,,,,1,"Nguyen, Josef D",,,,,,jdn160330,josef nguyen,Political Economy of Digital Media 
ATCM,4326,001,6,14,5,3,,1,,1,,,,,,,,,0,"Knight, Kim A",,,,,,kak102020,kim knight,Mediated Textuality 
ATCM,4334,001,,17,,,,,,,,,,,,,,,0,"Nguyen, Josef D",,,,,,jdn160330,josef nguyen,Topics in Critical Media Studies 
ATCM,4338,001,,17,2,3,2,,1,2,,,,,,1,1,,1,"Farrar, Eric T","Doust-Haghighi, Elham",,,,,etf091000,eric farrar,Motion Graphics II 
ATCM,4346,001,1,6,2,,,,,,,,,,1,,,,0,"Marks, David E",,,,,,dem160430,david marks,Audio Productions Lab II 
ATCM,4350,0W1,16,5,4,1,,,,,,,,,,,,,2,"Hewitt, Sharon",,,,,,sxh090220,sharon hewitt,Digital Video Production II 
ATCM,4350,0W2,4,1,3,,3,3,,1,,1,1,,2,,1,,1,"Hewitt, Sharon",,,,,,sxh090220,sharon hewitt,Digital Video Production II 
ATCM,4365,0W1,12,2,2,,,,,,,,,,1,,1,,1,"Christopher, Timothy V",,,,,,khimbar,timothy christopher,Game Design II 
ATCM,4370,001,1,7,5,2,1,3,,1,,,,,,1,,,0,"Lewis, Timothy M",,,,,,tml062000,timothy lewis,Virtual Environments II 
ATCM,4376,001,18,,,,,,,1,,,,,,,,,0,"Lewis, Timothy M",,,,,,tml062000,timothy lewis,Game Production Lab I 
ATCM,4377,001,13,2,2,,,,,1,,,,,,,,,0,"Chandler, Adam W",,,,,,awc051000,adam chandler,Game Production Lab II 
ATCM,4384,001,,20,,,7,,,6,,,1,,3,5,,,4,"Lester, Paul",,,,,,pxl152030,paul lester,Ethics in New Media  Technology  and Communication 
ATCM,4384,002,,8,,,10,,,16,,,1,,2,4,1,,3,"Lester, Paul",,,,,,pxl152030,paul lester,Ethics in New Media  Technology  and Communication 
ATCM,4397,001,6,4,5,1,1,4,1,2,,,,1,,,,,0,"Chandler, Adam W",,,,,,awc051000,adam chandler,Senior Seminar 
ATCM,4397,002,10,1,6,,6,,3,,,,,,,,,,0,"Camacho, Christopher J",,,,,,cjc043000,christopher camacho,Senior Seminar 
ATCM,4397,003,,22,1,,,,,,,,,,,,,,1,"Oropallo, Kara I",,,,,,kio160030,kara oropallo,Senior Seminar 
ATCM,4397,004,8,2,1,2,3,2,,1,,,,,,,1,,1,"Hewitt, Sharon",,,,,,sxh090220,sharon hewitt,Senior Seminar 
ATCM,4397,005,10,10,1,,1,2,1,,,,,,,,,,0,"Minnish, Roxanne W",,,,,,rwm061000,roxanne minnish,Senior Seminar 
ATCM,4397,006,,9,,,1,,,,,,,,,,,,0,"Trosper, Elizabeth M",,,,,,emt130130,elizabeth trosper,Senior Seminar 
ATCM,6000,001,,,,,,,,,,,,,,,,19,1,"Nadin, Mihai",,,,,,mxn044000,mihai nadin,ATEC Dean s Colloquium 
ATCM,6301,001,,18,,,,,,,,,,,,,,,1,"Terry, Dean",,,,,,dxt023000,,Aesthetics of Interactive Arts 
ATCM,6304,001,,11,,,,1,,,,,,,,,,,0,"Burrough, Xtine",,,,,,cxb153930,xtine burrough,Computer Processing for Arts  Technology  and Emerging Communication 
ATCM,6376,001,,8,2,,,,,,,,,,,,,,0,"Wu, Hong An",,,,,,hxw173930,hong wu,Media and Cultural Studies Methods 
ATCM,6384,001,,9,,,1,,,,,,,,,,,,0,"Llamas Rodriguez, Juan A",,,,,,jal171330,juan rodriguez,Digital Publics and Counterpublics 
AUD,6113,001,,,,,,,,,,,,,,,,24,0,"Roeser, Ross J",,,,,,roeser,,Grand Rounds 
AUD,6306,001,,7,5,1,,,,,,,,,,,,,0,"Assmann, Peter",,,,,,assmann,peter assmann,Speech Science 
AUD,6311,001,,10,,,,,,,,,,,,,,,0,"Clark, Jackie L","Trevino, Monica","Roeser, Ross J",,,,jclark,jackie clark,Diagnostic Audiology 
AUD,6318,001,,3,6,1,,,,,,,,,,,,,0,"Warner-Czyz, Andrea D",,,,,,adw052000,andrea warner czyz,Pediatric Audiology 
AUD,6V20,101,,10,,,,,,,,,,,,,,,0,"Lobarinas, Edward","Roeser, Ross J","Escabi, Celia D",,,,exl152130,,Laboratory Procedures in Audiology and Hearing Science 
AUD,7220,001,,13,1,,,,,,,,,,,,,,0,"Lobarinas, Edward",,,,,,exl152130,,Tinnitus 
AUD,7228,001,,11,9,4,2,1,,,,,,,,,,,0,"Le Prell, Colleen G",,,,,,cgl150030,,Hearing Loss Prevention 
AUD,7282,001,,12,,,,,,,,,,,,,,,0,"Cokely, Carol G","Griffiths, Scott K",,,,,cgc016200,,Issues in Mentoring and Counseling 
AUD,7321,001,,12,,,,,,,,,,,,,,,0,"Lobarinas, Edward",,,,,,exl152130,,Theories of Amplification 
AUD,7325,001,,13,,,,,,,,,,,,,,,0,"Thibodeau, Linda K","Tangerino De Souza Jacob, Regina",,,,,thib,linda thibodeau,Intensive Auditory Rehabilitation for Adult Hearing Loss 
AUD,7351,001,,13,1,,,,,,,,,,,,,,0,"Griffiths, Scott K",,,,,,skg180000,,Physiologic Assessment of Vestibular System 
BA,1310,001,4,8,2,6,4,5,3,2,4,,,,,14,,,1,"Hyndman, Kyle B",,,,,,tdp062000,kyle hyndman,Making Choices in Free Market Systems 
BA,1310,002,3,8,7,2,10,5,3,,2,,2,,1,6,2,,4,"Hyndman, Kyle B",,,,,,tdp062000,kyle hyndman,Making Choices in Free Market Systems 
BA,1320,001,2,7,10,9,9,8,4,1,,,,,,14,1,,5,"Blueshtein, Moran","Smith, Jake A","Rao, Arush",,,,mxb135230,moran blueshtein,Business in a Global World 
BA,1320,501,2,14,13,9,6,6,2,2,2,1,,3,1,4,1,,3,"Olsztynska, Agnieszka","Li, Jianan",,,,,axo027000,agnieszka olsztynska,Business in a Global World 
BA,3300,001,,4,6,6,,1,2,,,,,,,2,,,0,"Siegenthaler, Simon",,,,,,sxs177933,simon siegenthaler,Advanced Topics in Capitalism  Ideas and Challenges That Shape Our World 
BCOM,1300,001,,1,,,1,1,4,,1,3,3,,9,6,4,,7,"Fry, Jennifer L",,,,,,jlf130030,jennifer fry,Introduction to Professionalism and Communication in Business 
BCOM,3300,001,,4,14,8,9,1,5,,2,,1,,,16,,,1,"Smallwood, Margaret G","Ciovacco, Marisol A",,,,,meg012400,margaret smallwood,Professionalism and Communication in Business 
BCOM,3300,002,,9,16,6,8,,2,2,,,,,,16,,,4,"Smallwood, Margaret G","Ciovacco, Marisol A",,,,,meg012400,margaret smallwood,Professionalism and Communication in Business 
BCOM,3300,003,,11,16,12,3,4,2,1,,1,,,2,8,1,,0,"Smallwood, Margaret G","Ciovacco, Marisol A",,,,,meg012400,margaret smallwood,Professionalism and Communication in Business 
BCOM,3300,004,2,3,9,7,11,8,3,4,,1,,,1,6,2,,3,"Watson, John M","Torteya, Diana E",,,,,jmw077000,john watson,Professionalism and Communication in Business 
BCOM,3300,005,1,6,4,6,12,5,5,3,1,1,,,,11,2,,4,"Watson, John M","Torteya, Diana E",,,,,jmw077000,john watson,Professionalism and Communication in Business 
BCOM,3300,006,1,3,9,8,12,4,3,1,1,1,,,4,10,3,,3,"Watson, John M","Torteya, Diana E",,,,,jmw077000,john watson,Professionalism and Communication in Business 
BCOM,3300,007,,10,10,9,6,4,3,3,3,1,,1,1,5,2,,3,"Watson, John M","Torteya, Diana E",,,,,jmw077000,john watson,Professionalism and Communication in Business 
BCOM,3300,008,,,8,4,6,6,4,4,6,,1,,5,10,7,,2,"Fry, Jennifer L",,,,,,jlf130030,jennifer fry,Professionalism and Communication in Business 
BCOM,3300,501,,3,9,11,4,7,3,3,,,2,,8,4,2,,5,"Harrison, Megan K",,,,,,mkh160330,megan harrison,Professionalism and Communication in Business 
BCOM,3300,502,1,,7,5,5,5,,1,2,1,2,1,8,6,1,,10,"Harrison, Megan K",,,,,,mkh160330,megan harrison,Professionalism and Communication in Business 
BCOM,3310,001,,5,15,3,1,3,3,2,3,1,,1,2,8,3,,0,"Kim, Hyun Jung",,,,,,hxk190024,soo jung kim,Business Communication 
BCOM,3310,002,,25,,,16,,,,,,2,,1,6,,,0,"Garza-Horne, Julie",,,,,,jxg200028,julie garza horne,Business Communication 
BCOM,3310,003,3,11,13,5,6,1,,,1,,,,1,8,1,,0,"Walton, Michaella",,,,,,mrw170730,,Business Communication 
BCOM,3310,004,1,11,8,5,8,3,2,,,1,,,1,5,3,,2,"Walton, Michaella",,,,,,mrw170730,,Business Communication 
BCOM,3310,005,,,2,1,5,4,2,2,,,,,1,4,,,2,"Prudhomme-Coleman, Michelle",,,,,,mxp190035,michelle prudhomme coleman,Business Communication 
BCOM,3310,007,,5,16,11,1,3,,,1,,,,,9,3,,1,"Armstead, Erica",,,,,,exa190018,erica armstead,Business Communication 
BCOM,3310,008,1,14,13,4,6,2,1,,,,,,,8,,,1,"Ahlberg, Mehrzad","Kharel, Samundra",,,,,mxa087100,mehrzad ahlberg,Business Communication 
BCOM,3310,009,,24,14,1,2,,1,,,,,,1,6,1,,0,"Ahlberg, Mehrzad","Kharel, Samundra",,,,,mxa087100,mehrzad ahlberg,Business Communication 
BCOM,3310,010,,19,10,2,4,,,2,1,,1,,,10,1,,0,"Ahlberg, Mehrzad","Kharel, Samundra",,,,,mxa087100,mehrzad ahlberg,Business Communication 
BCOM,3310,011,1,5,13,9,3,4,,1,1,,,,,8,3,,1,"Armstead, Erica",,,,,,exa190018,erica armstead,Business Communication 
BCOM,3310,501,,7,10,8,6,5,1,,,1,,,1,6,3,,1,"Kim, Hyun Jung",,,,,,hxk190024,soo jung kim,Business Communication 
BCOM,4300,001,1,4,6,10,10,6,1,,4,,,,1,21,,,0,"McCrady, Victoria D","Ward, Hannah",,,,,vdm130030,victoria mccrady,Managing Communications in Business 
BCOM,4300,002,,5,12,5,6,4,1,2,4,,1,,,23,2,,0,"Lawson, Kristen A","Munoz, Carolina A",,,,,kal110030,kristen lawson,Managing Communications in Business 
BCOM,4300,003,2,8,9,8,6,5,,2,1,,1,,,21,,,2,"McCrady, Victoria D","Ward, Hannah",,,,,vdm130030,victoria mccrady,Managing Communications in Business 
BCOM,4300,004,,2,11,4,16,4,4,1,2,2,,,,18,,,1,"McCrady, Victoria D","Ward, Hannah",,,,,vdm130030,victoria mccrady,Managing Communications in Business 
BCOM,4300,005,,2,5,7,7,9,3,2,4,2,,1,1,16,2,,4,"Tamez, Katrina",,,,,,kxt200010,katrina tamez,Managing Communications in Business 
BCOM,4300,006,,1,3,1,8,2,4,5,5,3,2,,,25,3,,2,"Lookadoo, Kathryn","Munoz, Carolina A",,,,,kxl164330,kathryn lookadoo,Managing Communications in Business 
BCOM,4300,007,,4,13,5,6,5,3,,2,,,,,26,1,,0,"Moore, Sarah E","Munoz, Carolina A",,,,,sem054000,sarah moore,Managing Communications in Business 
BCOM,4300,008,,7,7,6,8,6,2,,2,,1,,,23,2,,1,"Blockley, Caylin",,,,,,cxb190014,caylin blockley,Managing Communications in Business 
BCOM,4300,009,1,6,15,11,4,4,2,1,,,1,,,18,,,2,"Blockley, Caylin",,,,,,cxb190014,caylin blockley,Managing Communications in Business 
BCOM,4300,010,,6,3,5,5,9,4,1,4,,,,,27,,,1,"de los Santos, Veronica",,,,,,vxd171930,veronica de los santos,Managing Communications in Business 
BCOM,4300,011,,,9,8,6,11,5,2,3,,,,,20,1,,0,"de los Santos, Veronica",,,,,,vxd171930,veronica de los santos,Managing Communications in Business 
BCOM,4300,012,,,2,1,,1,2,3,7,1,1,1,,17,3,,1,"Prudhomme-Coleman, Michelle",,,,,,mxp190035,michelle prudhomme coleman,Managing Communications in Business 
BCOM,4300,501,4,2,3,6,4,4,4,,4,1,,,,20,4,,3,"Layne, Raini M",,,,,,rml081000,raini layne,Managing Communications in Business 
BCOM,4300,502,8,8,6,15,4,2,,2,1,3,,,,7,,,4,"Layne, Raini M",,,,,,rml081000,raini layne,Managing Communications in Business 
BCOM,4300,HON,1,17,23,3,1,1,,,,,,,,18,,,0,"Lawson, Kristen A","Munoz, Carolina A",,,,,kal110030,kristen lawson,Managing Communications in Business 
BIOL,1318,001,,13,,,16,,,4,,,,,2,3,,,4,"Maitra, Meenakshi",,,,,,mxm172731,meenakshi maitra,Human Genetics 
BIOL,2111,001,2,3,4,3,4,2,1,1,2,,,2,2,1,,,0,"Srikanth, Uma",,,,,,ukrish,uma srikanth,Introduction to Modern Biology Workshop I 
BIOL,2111,002,3,7,1,1,4,,2,2,2,,2,1,,,1,,0,"Srikanth, Uma",,,,,,ukrish,uma srikanth,Introduction to Modern Biology Workshop I 
BIOL,2111,003,2,2,7,9,3,1,1,1,,,,,,2,,,1,"Srikanth, Uma",,,,,,ukrish,uma srikanth,Introduction to Modern Biology Workshop I 
BIOL,2111,004,7,5,3,2,2,,1,,,,,,,4,3,,2,"Srikanth, Uma",,,,,,ukrish,uma srikanth,Introduction to Modern Biology Workshop I 
BIOL,2111,005,6,7,6,3,4,,2,,,1,,,,,1,,0,"Srikanth, Uma",,,,,,ukrish,uma srikanth,Introduction to Modern Biology Workshop I 
BIOL,2111,006,2,,,2,,2,,,1,,,,1,3,1,,2,"Srikanth, Uma",,,,,,ukrish,uma srikanth,Introduction to Modern Biology Workshop I 
BIOL,2111,007,7,5,3,4,5,1,,1,1,,,,,1,,,2,"Srikanth, Uma",,,,,,ukrish,uma srikanth,Introduction to Modern Biology Workshop I 
BIOL,2111,008,3,2,4,6,2,3,3,3,1,,,1,,,1,,1,"Srikanth, Uma",,,,,,ukrish,uma srikanth,Introduction to Modern Biology Workshop I 
BIOL,2111,009,11,5,3,2,3,2,2,,,,,,,2,,,0,"Srikanth, Uma",,,,,,ukrish,uma srikanth,Introduction to Modern Biology Workshop I 
BIOL,2111,010,5,8,5,5,1,1,1,,1,,,,,2,,,1,"Srikanth, Uma",,,,,,ukrish,uma srikanth,Introduction to Modern Biology Workshop I 
BIOL,2112,001,1,9,9,5,4,4,1,3,1,1,1,,1,1,2,,1,"Wilson, Michelle","Dao, Alex",,,,,mxw084000,michelle wilson,Introduction to Modern Biology Workshop II 
BIOL,2112,002,3,10,8,5,4,2,,2,4,1,1,,,2,2,,1,"Wilson, Michelle","Yetkin, Celal E",,,,,mxw084000,michelle wilson,Introduction to Modern Biology Workshop II 
BIOL,2112,003,4,13,11,5,5,1,,2,,1,,,1,,1,,0,"Wilson, Michelle","Dao, Alex",,,,,mxw084000,michelle wilson,Introduction to Modern Biology Workshop II 
BIOL,2112,004,2,6,9,5,3,6,4,1,2,1,,,1,3,2,,0,"Wilson, Michelle","Yamauchi, Stephanie A",,,,,mxw084000,michelle wilson,Introduction to Modern Biology Workshop II 
BIOL,2112,005,1,10,16,3,2,3,2,,2,,1,,,3,1,,1,"Wilson, Michelle","Yamauchi, Stephanie A",,,,,mxw084000,michelle wilson,Introduction to Modern Biology Workshop II 
BIOL,2112,006,2,5,8,5,5,5,2,,1,,,1,3,7,,,1,"Wilson, Michelle","Yamauchi, Stephanie A",,,,,mxw084000,michelle wilson,Introduction to Modern Biology Workshop II 
BIOL,2112,007,1,10,12,3,4,5,2,3,,,1,,1,1,1,,2,"Padmanabhan, Ramesh","Salamat, Narges",,,,,rxp104120,ramesh padmanabhan,Introduction to Modern Biology Workshop II 
BIOL,2112,008,3,13,5,6,3,3,,2,3,,,,,3,2,,3,"Padmanabhan, Ramesh","Tiwari, Suman",,,,,rxp104120,ramesh padmanabhan,Introduction to Modern Biology Workshop II 
BIOL,2112,009,,13,12,3,4,3,1,1,1,,,,1,3,1,,3,"Padmanabhan, Ramesh","Almond, Grayson F",,,,,rxp104120,ramesh padmanabhan,Introduction to Modern Biology Workshop II 
BIOL,2112,010,9,3,15,4,1,1,1,,3,,,,,3,3,,3,"Padmanabhan, Ramesh","Salamat, Narges",,,,,rxp104120,ramesh padmanabhan,Introduction to Modern Biology Workshop II 
BIOL,2112,011,3,7,12,5,1,3,4,1,1,,,,1,7,1,,1,"Padmanabhan, Ramesh","Tiwari, Suman",,,,,rxp104120,ramesh padmanabhan,Introduction to Modern Biology Workshop II 
BIOL,2112,012,3,9,7,5,6,4,,2,,,,,,5,3,,2,"Padmanabhan, Ramesh","Almond, Grayson F",,,,,rxp104120,ramesh padmanabhan,Introduction to Modern Biology Workshop II 
BIOL,2112,013,,2,9,3,5,2,2,1,,,1,,,1,2,,2,"Wilson, Michelle","Yetkin, Celal E",,,,,mxw084000,michelle wilson,Introduction to Modern Biology Workshop II 
BIOL,2281,301,4,6,7,2,3,,1,1,1,,,,,1,1,,0,"Pickett, Elizabeth A","Alvarez, Sophia M",,,,,eaw016100,elizabeth pickett,Introductory Biology Laboratory 
BIOL,2281,302,2,6,6,4,3,2,,,,,,,,3,,,0,"Pickett, Elizabeth A","Alvarez, Sophia M",,,,,eaw016100,elizabeth pickett,Introductory Biology Laboratory 
BIOL,2281,303,,10,2,5,2,3,1,,,,1,,,1,,,0,"Lakoduk, Ashley","Ratevosyan, Richard",,,,,axl200032,ashley lakoduk,Introductory Biology Laboratory 
BIOL,2281,304,,4,5,1,1,4,2,,1,1,,,,1,1,,2,"Lakoduk, Ashley","Ratevosyan, Richard",,,,,axl200032,ashley lakoduk,Introductory Biology Laboratory 
BIOL,2281,305,,13,3,,4,1,1,,1,,,,,1,,,0,"Lakoduk, Ashley","Ratevosyan, Richard",,,,,axl200032,ashley lakoduk,Introductory Biology Laboratory 
BIOL,2281,3W1,,8,5,5,1,1,,,1,,,,1,2,2,,0,"Lin, Wen J","Do, Hung P",,,,,wenju,wen ju lin,Introductory Biology Laboratory 
BIOL,2281,3W2,6,8,3,5,1,,,1,,,,,,2,,,1,"Pickett, Elizabeth A","Gadhvi, Jashkaran G",,,,,eaw016100,elizabeth pickett,Introductory Biology Laboratory 
BIOL,2281,3W3,3,6,8,5,1,1,1,,,,1,,,1,,,0,"Pickett, Elizabeth A","Gadhvi, Jashkaran G",,,,,eaw016100,elizabeth pickett,Introductory Biology Laboratory 
BIOL,2281,3W4,2,8,6,5,1,,1,,2,,,,,1,,,1,"Klang, Ida","Buyukkahraman, Gozde",,,,,ixk190014,ida klang,Introductory Biology Laboratory 
BIOL,2281,3W5,1,7,4,3,3,3,,,,,,1,,3,1,,0,"Lin, Wen J","Do, Hung P",,,,,wenju,wen ju lin,Introductory Biology Laboratory 
BIOL,2281,3W6,,5,5,5,1,4,1,1,1,1,,,,1,1,,0,"Lin, Wen J","Do, Hung P",,,,,wenju,wen ju lin,Introductory Biology Laboratory 
BIOL,2281,3W7,,11,5,3,1,5,,,,,,1,,1,,,0,"Lin, Wen J","Xia, Jing",,,,,wenju,wen ju lin,Introductory Biology Laboratory 
BIOL,2281,3W8,,9,7,4,3,1,,,,,,,,1,,,2,"Lin, Wen J","Xia, Jing",,,,,wenju,wen ju lin,Introductory Biology Laboratory 
BIOL,2281,3W9,1,7,9,2,1,3,1,,,,,,1,1,1,,0,"Klang, Ida","Buyukkahraman, Gozde",,,,,ixk190014,ida klang,Introductory Biology Laboratory 
BIOL,2281,8W1,5,7,3,2,2,2,2,1,,,,,,2,1,,0,"Mehta, Iti","Alvarez, Sophia M",,,,,ixm121430,iti mehta,Introductory Biology Laboratory 
BIOL,2281,8W2,6,8,6,2,1,,,1,,,,,,3,,,0,"Pickett, Elizabeth A","Gadhvi, Jashkaran G",,,,,eaw016100,elizabeth pickett,Introductory Biology Laboratory 
BIOL,2281,8W3,,5,6,5,2,4,1,,,,,,,,1,,2,"Klang, Ida","Buyukkahraman, Gozde",,,,,ixk190014,ida klang,Introductory Biology Laboratory 
BIOL,2281,8W4,1,8,5,1,1,2,,2,1,1,1,,,2,1,,0,"Lin, Wen J","Xia, Jing",,,,,wenju,wen ju lin,Introductory Biology Laboratory 
BIOL,2281,8W5,,6,8,2,1,,,,1,3,,1,,,1,,0,"Guidry, Paula","Easterwood, Shayne",,,,,pxg210003,,Introductory Biology Laboratory 
BIOL,2281,8W6,,1,3,1,3,2,,2,,,,,,2,,,4,"Guidry, Paula","Easterwood, Shayne",,,,,pxg210003,,Introductory Biology Laboratory 
BIOL,2281,8W7,,,9,3,2,1,,1,,,,1,1,2,2,,0,"Guidry, Paula","Easterwood, Shayne",,,,,pxg210003,,Introductory Biology Laboratory 
BIOL,2311,001,48,44,36,38,27,12,13,9,8,1,2,4,3,15,7,,10,"Srikanth, Uma","Alemi, Parinazsadat","Stevens, Madison E","Moussa, Mohamad","Yaqub, Muneer O","Tien, Hsin-Jung",ukrish,uma srikanth,Introduction to Modern Biology I 
BIOL,2312,001,13,55,70,31,28,23,11,9,10,4,4,1,6,17,10,,6,"Wilson, Michelle","Yamauchi, Stephanie A","Yetkin, Celal E","Dao, Alex",,,mxw084000,michelle wilson,Introduction to Modern Biology II 
BIOL,2312,0W1,19,55,63,26,19,19,8,9,8,,1,,3,22,11,,14,"Padmanabhan, Ramesh","Salamat, Narges","Tiwari, Suman","Almond, Grayson F",,,rxp104120,ramesh padmanabhan,Introduction to Modern Biology II 
BIOL,2350,0W1,16,7,4,3,1,1,,,,,,,,,,,2,"Sapozhnikov, Ilya",,,,,,isapoz,ilya sapozhnikov,Biological Basis of Health and Disease 
BIOL,2350,0W2,16,8,3,3,3,1,,,,,,,,,1,,0,"Sapozhnikov, Ilya",,,,,,isapoz,ilya sapozhnikov,Biological Basis of Health and Disease 
BIOL,3101,0W1,1,4,2,2,5,1,1,,2,3,,,,6,3,,4,"Dejong, Jeff L","Afolami, Olufemi Ifeoluwa",,,,,dejong,jeff dejong,Classical and Molecular Genetics Workshop 
BIOL,3101,0W2,1,4,7,4,2,,,2,2,3,1,1,,4,3,,1,"Dejong, Jeff L","Afolami, Olufemi Ifeoluwa",,,,,dejong,jeff dejong,Classical and Molecular Genetics Workshop 
BIOL,3101,0W3,,3,6,2,5,4,2,1,,1,,,,7,,,4,"Dejong, Jeff L","Burch, Ryan A",,,,,dejong,jeff dejong,Classical and Molecular Genetics Workshop 
BIOL,3101,0W4,2,2,4,4,3,2,2,,2,,2,1,,5,4,,2,"Dejong, Jeff L","Burch, Ryan A",,,,,dejong,jeff dejong,Classical and Molecular Genetics Workshop 
BIOL,3101,0W5,1,1,2,4,3,,6,1,3,,1,,,6,1,,5,"Dejong, Jeff L","Berisha, Eranda",,,,,dejong,jeff dejong,Classical and Molecular Genetics Workshop 
BIOL,3101,0W6,3,3,5,2,4,2,1,1,4,1,,,,7,,,1,"Dejong, Jeff L","Berisha, Eranda",,,,,dejong,jeff dejong,Classical and Molecular Genetics Workshop 
BIOL,3101,0W7,2,1,6,2,4,3,1,1,,3,1,,,7,1,,3,"Dejong, Jeff L","Zhang, Bo",,,,,dejong,jeff dejong,Classical and Molecular Genetics Workshop 
BIOL,3101,0W8,,,3,2,5,2,5,3,2,1,1,,,9,,,2,"Dejong, Jeff L","Zhang, Bo",,,,,dejong,jeff dejong,Classical and Molecular Genetics Workshop 
BIOL,3101,0W9,2,2,6,3,4,2,2,2,1,,,1,,7,,,0,"Dejong, Jeff L","Joshi, Ketki",,,,,dejong,jeff dejong,Classical and Molecular Genetics Workshop 
BIOL,3101,5W1,,5,6,2,4,1,7,2,1,1,,,,1,3,,1,"Dejong, Jeff L","Joshi, Ketki",,,,,dejong,jeff dejong,Classical and Molecular Genetics Workshop 
BIOL,3102,001,6,6,2,7,1,7,1,,,,,,,2,,,1,"Srikanth, Uma","Sarcar, Subha N",,,,,ukrish,uma srikanth,Eukaryotic Molecular and Cell Biology Workshop 
BIOL,3102,002,6,11,4,3,5,3,,,,,,,,,,,1,"Srikanth, Uma","Sarcar, Subha N",,,,,ukrish,uma srikanth,Eukaryotic Molecular and Cell Biology Workshop 
BIOL,3102,003,9,8,4,5,2,4,,,,,,,,,,,0,"Srikanth, Uma","Sarcar, Subha N",,,,,ukrish,uma srikanth,Eukaryotic Molecular and Cell Biology Workshop 
BIOL,3102,0W1,4,7,5,5,2,4,1,1,1,,,,,1,1,,1,"Sarcar, Subha N","Srikanth, Uma",,,,,sns064000,subha sarcar,Eukaryotic Molecular and Cell Biology Workshop 
BIOL,3102,0W2,5,9,4,5,5,2,2,1,,,,,,1,,,0,"Sarcar, Subha N","Srikanth, Uma",,,,,sns064000,subha sarcar,Eukaryotic Molecular and Cell Biology Workshop 
BIOL,3102,0W3,4,8,4,4,3,5,2,1,,,,,,2,,,0,"Sarcar, Subha N","Srikanth, Uma",,,,,sns064000,subha sarcar,Eukaryotic Molecular and Cell Biology Workshop 
BIOL,3161,001,1,5,6,1,5,5,5,3,3,,1,1,,4,1,,3,"Spiro, Stephen","Gavva, Sandhya R","Jia, Lin","Curtis, Rose M",,,sxs067400,stephen spiro,Biochemistry Workshop I 
BIOL,3161,002,,3,2,2,6,5,2,2,6,2,1,,,1,1,,3,"Jia, Lin","Gavva, Sandhya R","Spiro, Stephen","Curtis, Rose M",,,lxj200008,lin jia,Biochemistry Workshop I 
BIOL,3161,003,1,6,9,4,4,4,1,,3,2,1,,2,3,1,,2,"Spiro, Stephen","Jia, Lin","Gavva, Sandhya R","Curtis, Rose M",,,sxs067400,stephen spiro,Biochemistry Workshop I 
BIOL,3161,004,2,4,6,3,6,2,3,2,,,2,,1,5,,,2,"Jia, Lin","Gavva, Sandhya R","Spiro, Stephen","Curtis, Rose M",,,lxj200008,lin jia,Biochemistry Workshop I 
BIOL,3161,005,4,7,5,4,9,2,2,1,3,1,,1,1,5,,,0,"Gavva, Sandhya R","Jia, Lin","Spiro, Stephen","Curtis, Rose M",,,sgavva,sandhya gavva,Biochemistry Workshop I 
BIOL,3161,006,5,5,5,5,3,2,1,2,3,1,,1,,4,,,0,"Gavva, Sandhya R","Spiro, Stephen","Jia, Lin","Curtis, Rose M",,,sgavva,sandhya gavva,Biochemistry Workshop I 
BIOL,3161,007,5,11,3,2,5,4,2,3,1,1,1,,1,1,,,2,"Gavva, Sandhya R","Jia, Lin","Spiro, Stephen","Curtis, Rose M",,,sgavva,sandhya gavva,Biochemistry Workshop I 
BIOL,3161,008,4,6,11,1,5,1,3,3,3,,,,,3,,,3,"Gavva, Sandhya R","Jia, Lin","Spiro, Stephen","Curtis, Rose M",,,sgavva,sandhya gavva,Biochemistry Workshop I 
BIOL,3162,0W1,4,7,3,3,4,4,3,2,2,4,1,,,7,,,1,"Candas, Mehmet",,,,,,candas,mehmet candas,Biochemistry Workshop II 
BIOL,3162,0W2,1,7,4,5,3,3,3,1,3,2,,,,8,2,,2,"Reitzer, Lawrence",,,,,,reitzer,,Biochemistry Workshop II 
BIOL,3162,0W3,6,4,7,3,7,3,3,,,3,,,,7,,,3,"Candas, Mehmet",,,,,,candas,mehmet candas,Biochemistry Workshop II 
BIOL,3162,0W4,2,3,7,6,7,2,,3,2,3,,,2,4,3,,1,"Reitzer, Lawrence",,,,,,reitzer,,Biochemistry Workshop II 
BIOL,3162,0W5,1,6,6,2,8,3,1,,5,,1,,,7,,,2,"Candas, Mehmet",,,,,,candas,mehmet candas,Biochemistry Workshop II 
BIOL,3162,0W6,4,1,5,7,3,2,,4,2,,1,,,11,1,,1,"Reitzer, Lawrence",,,,,,reitzer,,Biochemistry Workshop II 
BIOL,3162,0W7,2,4,7,3,4,6,3,4,,1,,,,9,,,3,"Candas, Mehmet",,,,,,candas,mehmet candas,Biochemistry Workshop II 
BIOL,3162,0W8,3,3,4,6,2,4,,3,3,3,1,,2,10,,,2,"Reitzer, Lawrence",,,,,,reitzer,,Biochemistry Workshop II 
BIOL,3301,0W1,12,25,47,27,39,17,27,13,17,13,6,3,,59,15,,23,"Dejong, Jeff L",,,,,,dejong,jeff dejong,Classical and Molecular Genetics 
BIOL,3302,001,34,49,23,29,18,25,6,3,1,,,,,6,1,,3,"Sarcar, Subha N","Srikanth, Uma","Bautista, Monica A","Ballew, Luke","Shipman, Braden M",,sns064000,subha sarcar,Eukaryotic Molecular and Cell Biology 
BIOL,3318,001,8,56,44,6,1,3,1,1,,,,,,,,,0,"Henson, Uyen N",,,,,,unh130030,uyen henson,Forensic Biology 
BIOL,3320,0W1,,3,6,,,2,1,,,,,,,1,1,,1,"Hajeri, Vinita",,,,,,vxh151030,vinita hajeri,Applied Genetics 
BIOL,3320,0W2,4,4,3,,,1,,,,,,,1,1,1,,0,"Hajeri, Vinita","Istre, Kristi G",,,,,vxh151030,vinita hajeri,Applied Genetics 
BIOL,3355,0W1,40,12,5,1,,,,,,,,,,,,,0,"Sapozhnikov, Ilya",,,,,,isapoz,ilya sapozhnikov,Clinical Pathophysiology 
BIOL,3355,5W1,37,15,1,1,,,,,,,,,,,,,0,"Sapozhnikov, Ilya",,,,,,isapoz,ilya sapozhnikov,Clinical Pathophysiology 
BIOL,3357,001,3,5,3,,,1,,,,,,,,2,,,0,"Wu, Zhuoru","Khekare, Prachi Prakash",,,,,zxw190014,,Mammalian Physiology with Lab 
BIOL,3361,0W1,12,14,28,12,27,14,7,7,9,4,4,1,1,15,1,,4,"Jia, Lin","Spiro, Stephen","Curtis, Rose M","Wickramasinghe, Piumi B","Miller, Edmund A","Akter, Zakia",lxj200008,lin jia,Biochemistry I 
BIOL,3361,0W2,7,24,15,11,11,8,9,7,10,3,1,2,3,10,2,,9,"Gavva, Sandhya R","Curtis, Rose M","Miller, Edmund A","Falah, Rafah M","Akter, Zakia","Wickramasinghe, Piumi B",sgavva,sandhya gavva,Biochemistry I 
BIOL,3362,0W1,21,29,41,31,35,22,11,13,16,14,4,,3,57,6,,14,"Candas, Mehmet","Reitzer, Lawrence","Song, Ming","Zeito, Sania","Soladogun, Adedamola S","Petter, Andrew T",candas,mehmet candas,Biochemistry II 
BIOL,3370,001,19,12,5,5,8,5,4,2,4,1,,,,6,1,,3,"Wu, Zhuoru","Khekare, Prachi Prakash",,,,,zxw190014,,Exercise Physiology 
BIOL,3380,3W1,,9,1,3,1,1,1,,1,2,1,1,,,3,,0,"Pan, Jing","Zhi, Jiahe",,,,,jxp134330,jing pan,Biochemistry Laboratory 
BIOL,3380,3W2,1,,4,2,2,3,2,,3,,,,,3,2,,0,"Rippel, Scott A","Mazambani, Simbarashe",,,,,rippel,scott rippel,Biochemistry Laboratory 
BIOL,3380,3W3,4,4,3,4,1,2,1,,,1,1,,,1,2,,0,"Rippel, Scott A","Mazambani, Simbarashe",,,,,rippel,scott rippel,Biochemistry Laboratory 
BIOL,3380,3W4,2,3,10,2,,1,,,,,,,,3,,,0,"Pan, Jing","Zhi, Jiahe",,,,,jxp134330,jing pan,Biochemistry Laboratory 
BIOL,3380,3W5,1,2,2,4,2,3,2,,1,1,,,,5,,,0,"Maynard, Caitlin S","Moni, Shah Otoshi",,,,,cmb170830,,Biochemistry Laboratory 
BIOL,3380,3W6,7,3,3,,2,2,1,1,,1,,1,,1,,,1,"Pan, Jing","Sivanandam, Tharani",,,,,jxp134330,jing pan,Biochemistry Laboratory 
BIOL,3380,3W7,1,3,5,1,1,2,,1,,,,,1,3,4,,1,"Rippel, Scott A","Chacon Castro, Maria Del Carmen",,,,,rippel,scott rippel,Biochemistry Laboratory 
BIOL,3380,3W8,1,6,4,,4,,1,,,1,1,1,,2,2,,0,"Pan, Jing","Sivanandam, Tharani",,,,,jxp134330,jing pan,Biochemistry Laboratory 
BIOL,3380,3W9,5,5,2,3,,1,,2,1,,,,,3,1,,0,"Maynard, Caitlin S","Moni, Shah Otoshi",,,,,cmb170830,,Biochemistry Laboratory 
BIOL,3380,8W1,7,2,4,2,,1,,1,,2,,,,2,,,2,"Maynard, Caitlin S","Chacon Castro, Maria Del Carmen",,,,,cmb170830,,Biochemistry Laboratory 
BIOL,3380,8W2,3,7,3,3,,1,,2,,,1,,,3,,,0,"Lakoduk, Ashley","Srinivas, Anagha",,,,,axl200032,ashley lakoduk,Biochemistry Laboratory 
BIOL,3380,8W3,,1,7,5,3,1,,,1,1,2,,,,,,1,"Lakoduk, Ashley","Srinivas, Anagha",,,,,axl200032,ashley lakoduk,Biochemistry Laboratory 
BIOL,3385,001,1,7,,4,6,,,,,,1,,,5,,,0,"Murchison, David F",,,,,,dfm100020,david murchison,Medical Histology 
BIOL,3388,0W1,3,,3,3,4,1,1,,4,,1,1,,5,,,3,"Rippel, Scott A",,,,,,rippel,scott rippel,Honey Bee Biology 
BIOL,3455,5W1,3,20,35,31,18,17,12,13,17,8,5,7,8,33,34,,30,"Ramirez, Ruben D",,,,,,rdr092000,ruben ramirez,Human Anatomy and Physiology with Lab I 
BIOL,3456,3W1,2,15,7,3,4,3,,,,,,,,2,,,0,"Yu, Wen H","Sarcar, Subha N",,,,,sns064000,subha sarcar,Human Anatomy and Physiology with Lab II 
BIOL,3456,3W2,4,24,5,2,1,,1,,,,,,,,,,0,"Yu, Wen H",,,,,,why061000,wen ho yu,Human Anatomy and Physiology with Lab II 
BIOL,3456,3W3,2,22,4,2,2,1,1,1,,,,,,1,,,0,"Yu, Wen H",,,,,,why061000,wen ho yu,Human Anatomy and Physiology with Lab II 
BIOL,3456,3W4,,24,1,6,2,,1,1,,,,,,,,,0,"Yu, Wen H",,,,,,why061000,wen ho yu,Human Anatomy and Physiology with Lab II 
BIOL,3456,3W5,,14,13,5,3,1,,,,,,,,,,,0,"Sarcar, Subha N","Yu, Wen H",,,,,sns064000,subha sarcar,Human Anatomy and Physiology with Lab II 
BIOL,3456,3W6,3,16,8,4,2,,2,1,,,,,,,,,0,"Yu, Wen H","Wilson, Michelle","Phanse, Sharwari S",,,,mxw084000,michelle wilson,Human Anatomy and Physiology with Lab II 
BIOL,3520,3W1,1,14,7,2,3,1,1,,,,,,,1,,,0,"Mehta, Iti","Dahl, Haley C","Ebrahimzadeh Pirshahid, Tahmineh","Pokharel, Barsha",,,ixm121430,iti mehta,General Microbiology with Lab 
BIOL,3520,3W2,2,11,7,5,2,2,,,,,,,,1,,,0,"Mehta, Iti","Dahl, Haley C","Ebrahimzadeh Pirshahid, Tahmineh","Pokharel, Barsha",,,ixm121430,iti mehta,General Microbiology with Lab 
BIOL,4308,0W1,7,6,3,2,,4,3,,1,,,1,,1,,,1,"Maynard, Caitlin S",,,,,,cmb170830,,Developmental Biology 
BIOL,4310,001,6,27,28,20,24,12,8,3,6,2,,,,7,3,,5,"Candas, Mehmet",,,,,,candas,mehmet candas,Cellular Microbiology 
BIOL,4330,0W1,2,7,3,3,,,,,,,,,,,,,0,"Zhang, Li","Wang, Tianyuan","Ashrafi, Adnin",,,,lxz075000,li zhang,Advanced Research in Molecular and Cell Biology 
BIOL,4345,001,10,87,21,7,20,7,1,4,1,,,,,7,1,,4,"Burr, John G","Shashikanth Raj Urs, Karthik Urs Bangalore","Lewis, Anthony J","Easterwood, Shayne",,,burr,john burr,Immunobiology 
BIOL,4350,501,1,6,2,4,2,,1,1,4,2,,3,1,3,4,,5,"Ramirez, Ruben D",,,,,,rdr092000,ruben ramirez,Medical Microbiology 
BIOL,4360,001,5,3,1,2,2,,,,,,,,,,,,1,"Pickett, Elizabeth A",,,,,,eaw016100,elizabeth pickett,Evolution and Development 
BIOL,4380,3W1,21,4,1,1,,,,,,,,,,,,,1,"Sadat, Eva","Wei, Hong",,,,,exs190014,eva sadat,Cell and Molecular Biology Laboratory 
BIOL,4380,3W2,13,10,3,1,1,,,,,,,,,,,,0,"Sadat, Eva","Zhang, Bei",,,,,exs190014,eva sadat,Cell and Molecular Biology Laboratory 
BIOL,4380,3W3,13,10,,2,1,1,,,,,,,,,1,,0,"Sadat, Eva","Konakalla, Anisha Reddy",,,,,exs190014,eva sadat,Cell and Molecular Biology Laboratory 
BIOL,4380,3W4,17,4,3,1,,2,,,,,,,,,,,0,"Sadat, Eva","Dhar, Roopal",,,,,exs190014,eva sadat,Cell and Molecular Biology Laboratory 
BIOL,4380,3W5,5,9,7,3,1,,,,,1,,,,1,,,0,"Klang, Ida","Ravichandran, Nainika",,,,,ixk190014,ida klang,Cell and Molecular Biology Laboratory 
BIOL,4380,3W6,9,8,5,1,2,,,,,,1,,,,,,1,"Klang, Ida","Kuo, Yiru",,,,,ixk190014,ida klang,Cell and Molecular Biology Laboratory 
BIOL,4385,001,2,16,4,1,6,1,,1,,,1,,,1,1,,1,"Murchison, David F",,,,,,dfm100020,david murchison,Oral Histology and Embryology 
BIOL,4461,001,2,6,2,,10,,,1,,,,,,3,,,1,"Winkler, Duane D",,,,,,ddw130330,duane winkler,Biophysical Chemistry 
BIOL,5381,001,,22,,,13,,,,,,,,,,,2,0,"Kim, Tae Hoon",,,,,,txk142630,,Genomics 
BIOL,5410,001,,20,,,21,,,1,,,,,,,,2,0,"De Nisco, Nicole J","Misra, Jyoti R","Hulyalkar, Neha V",,,,njd160330,nicole de nisco,Biochemistry 
BIOL,5440,001,,12,7,11,3,,,,,,,,,,,,1,"Delk, Nikki A",,,,,,nad140230,nikki delk,Cell Biology 
BIOL,6252,001,,,,,,,,,,,,,,,,10,0,"Kim, Tae Hoon","Palmer, Kelli L",,,,,txk142630,,Current Research in Molecular Biology 
BIOL,6351,001,,18,4,3,7,,,,,,,,,,,,0,"Burr, John G","Shashikanth Raj Urs, Karthik Urs Bangalore","Lewis, Anthony J","Easterwood, Shayne",,,burr,john burr,Cellular and Molecular Biology of the Immune System 
BIOL,6V02,001,,,,,,,,,,,,,,,,21,0,"Jia, Lin",,,,,,lxj200008,lin jia,The Art of Scientific Presentation 
BIS,2190,0W1,15,9,3,,,,,,,,,,1,2,,,0,"Edwards, Christopher W","Robinson, Katie L","Slattery, Ryan P",,,,cwe011000,christopher edwards,Library Research Skills 
BIS,3320,001,1,3,,,1,,,2,,,,,3,1,1,,6,"Wissinger, Tonja",,,,,,twissin,tonja wissinger,The Nature of Intellectual Inquiry 
BIS,3320,002,11,4,8,1,4,,,,,,,,,2,,,0,"Wright, David A",,,,,,wright,david wright,The Nature of Intellectual Inquiry 
BIS,3320,0W1,1,4,10,2,1,3,2,1,2,,,,1,5,5,,7,"Hudson, Jennifer M",,,,,,jxh100220,jennifer hudson,The Nature of Intellectual Inquiry 
BIS,3320,0W3,,,5,5,2,2,2,1,2,,,,3,2,3,,1,"Pogue, Neall W",,,,,,nxp174730,neall pogue,The Nature of Intellectual Inquiry 
BIS,3320,0W4,,1,1,3,2,,,2,,,,,,1,1,,4,"Pogue, Neall W",,,,,,nxp174730,neall pogue,The Nature of Intellectual Inquiry 
BIS,3320,501,2,6,6,,5,3,,1,,,,,1,7,1,,1,"Wright, David A",,,,,,wright,david wright,The Nature of Intellectual Inquiry 
BIS,4306,0W1,4,3,1,,1,1,,1,,,,,1,2,,,3,"Simpson, Carrie M",,,,,,cms131030,carrie simpson,Strategies for Diversity in Education 
BLAW,2301,001,,8,5,4,5,9,2,1,10,,4,,6,19,8,,12,"Betanzos, Christina L","Frendo, Derek J",,,,,clb120030,christina betanzos,Business and Public Law 
BLAW,2301,002,,29,3,6,12,13,2,4,2,1,1,,1,9,6,,1,"Polze, Matthew M",,,,,,mmp062000,matthew polze,Business and Public Law 
BLAW,2301,003,,24,4,6,13,6,5,5,,2,,,1,20,,,4,"Polze, Matthew M",,,,,,mmp062000,matthew polze,Business and Public Law 
BLAW,2301,004,,11,4,7,5,11,4,9,11,,2,,3,18,1,,7,"Betanzos, Christina L","Frendo, Derek J",,,,,clb120030,christina betanzos,Business and Public Law 
BLAW,2301,005,,14,9,9,2,9,6,5,9,,5,,2,8,7,,9,"Betanzos, Christina L","Frendo, Derek J",,,,,clb120030,christina betanzos,Business and Public Law 
BLAW,2301,006,,33,6,8,11,5,4,,3,,1,,1,16,1,,1,"Polze, Matthew M",,,,,,mmp062000,matthew polze,Business and Public Law 
BLAW,2301,501,,21,16,6,5,3,1,1,,,1,,,5,,,1,"Sutton, Walter L","Le, My-Duyen T",,,,,wls015100,walter sutton,Business and Public Law 
BLAW,3301,501,2,2,5,7,5,6,,,1,,,,,1,,,1,"Green, Rhonda",,,,,,rxg180032,rhonda green,Employment Law 
BLAW,4301,001,12,12,4,4,1,,1,,,,,,3,,,,2,"Molina, Stephen","Wendel, Alexa P",,,,,sxm163630,stephen molina,International Law 
BLAW,4310,HON,,17,,,,,,,,,,,,,,,1,"Polze, Matthew M",,,,,,mmp062000,matthew polze,Current Issues in Business and Law 
BMEN,1208,101,1,1,2,2,1,,,,,,,,1,1,,,5,"Ardestani Khoubrouy, Soudeh","Dsouza, Tania M","Carr, Bradley R",,,,sxa074200,soudeh khoubrouy,Introduction to Bioengineering II 
BMEN,1208,103,7,2,2,3,1,2,,2,,,,,1,,1,,3,"Myers, Kathleen","Dsouza, Tania M","Carr, Bradley R",,,,kxm156530,kathleen myers,Introduction to Bioengineering II 
BMEN,1208,104,10,2,2,,2,1,,1,,,,,4,,,,2,"Myers, Kathleen","Dsouza, Tania M","Carr, Bradley R",,,,kxm156530,kathleen myers,Introduction to Bioengineering II 
BMEN,1208,105,4,6,1,,1,1,,,,,,,2,1,,,1,"Meyer, Clark A","Carr, Bradley R","Dsouza, Tania M",,,,cam140130,clark meyer,Introduction to Bioengineering II 
BMEN,1208,106,3,10,1,,2,,,,,,,,2,,,,0,"Meyer, Clark A","Dsouza, Tania M","Carr, Bradley R",,,,cam140130,clark meyer,Introduction to Bioengineering II 
BMEN,2320,001,7,4,2,3,3,1,1,2,2,,,,3,2,5,,4,"Ferruzzi, Jacopo","Leong, Tiffany W",,,,,jxf200008,jacopo ferruzzi,Statics 
BMEN,3120,1W1,7,1,4,1,3,,,1,2,,2,,1,,,,2,"Winter, Patrick M","Kashef, Sina",,,,,pxw151030,patrick winter,Biomedical Circuits and Instrumentation Laboratory 
BMEN,3120,1W2,4,6,3,1,,1,2,1,1,,1,,1,,1,,0,"Winter, Patrick M","Kashef, Sina",,,,,pxw151030,patrick winter,Biomedical Circuits and Instrumentation Laboratory 
BMEN,3130,101,6,4,1,1,1,,,,,,,,,,,,0,"Porter, Benjamin A","Chokhachian, Sepideh","Madan, Aparna",,,,bap061000,benjamin porter,Engineering Physiology Laboratory 
BMEN,3130,102,3,6,1,2,1,,,,,,,,,,,,0,"Porter, Benjamin A","Chokhachian, Sepideh","Madan, Aparna",,,,bap061000,benjamin porter,Engineering Physiology Laboratory 
BMEN,3130,103,3,9,1,4,,,,,,,,,,1,,,0,"Porter, Benjamin A","Chokhachian, Sepideh","Madan, Aparna",,,,bap061000,benjamin porter,Engineering Physiology Laboratory 
BMEN,3130,106,4,8,2,2,3,1,,,,,,,1,,,,0,"Porter, Benjamin A","Chokhachian, Sepideh","Madan, Aparna",,,,bap061000,benjamin porter,Engineering Physiology Laboratory 
BMEN,3150,1W1,3,1,,,,,,1,,,,,2,2,1,,1,"Ali, Tariq M","Kian Pour, Bahareh",,,,,tma051000,tariq ali,Biomedical Engineering Laboratory 
BMEN,3150,1W2,3,2,1,1,1,1,1,,,,,,1,,,,0,"Ali, Tariq M","Garcia, Diana",,,,,tma051000,tariq ali,Biomedical Engineering Laboratory 
BMEN,3150,1W3,1,3,2,1,1,,2,,,,,,1,,,,0,"Ali, Tariq M",,,,,,tma051000,tariq ali,Biomedical Engineering Laboratory 
BMEN,3150,1W4,3,4,,,,1,2,,,,,,,,,,0,"Ali, Tariq M",,,,,,tma051000,tariq ali,Biomedical Engineering Laboratory 
BMEN,3150,1W5,5,2,,1,,1,,,,,,,1,3,,,0,"Ali, Tariq M",,,,,,tma051000,tariq ali,Biomedical Engineering Laboratory 
BMEN,3150,1W6,3,3,1,3,1,,,1,,,,,,1,,,0,"Ali, Tariq M",,,,,,tma051000,tariq ali,Biomedical Engineering Laboratory 
BMEN,3315,501,2,16,6,4,11,1,3,,1,,,,1,3,,,0,"Cogan, Stuart","Renake, Gauri S",,,,,sxc149830,stuart cogan,Thermodynamics and Physical Chemistry in Biomedical Engineering 
BMEN,3318,001,2,3,2,2,,1,1,1,1,1,1,,,1,,,0,"Caraveo Frescas, Jesus A","Leong, Tiffany W",,,,,jxa180015,,Introduction to Engineered Biomaterials 
BMEN,3320,001,8,3,5,,1,2,3,2,1,1,,1,2,12,9,,1,"Winter, Patrick M","Kashef, Sina",,,,,pxw151030,patrick winter,Electrical and Electronic Circuits in Biomedical Engineering 
BMEN,3325,001,11,5,2,,,1,,,,,,,1,3,1,,0,"Levene, Stephen",,,,,,sdlevene,stephen levene,Advanced Computational Tools for Biomedical Engineering 
BMEN,3330,001,7,10,5,2,5,1,1,2,1,,,,,4,,,1,"Sirsi, Shashank R","Madan, Aparna",,,,,srs151630,shashank sirsi,Engineering Physiology of the Human Body 
BMEN,3330,0H2,8,7,5,5,,2,3,,,,,,,,,,0,"Hays, Seth A",,,,,,sxh129730,seth hays,Engineering Physiology of the Human Body 
BMEN,3350,0W1,7,6,6,3,1,2,,2,,,1,,4,10,2,,0,"Ali, Tariq M","Kian Pour, Bahareh",,,,,tma051000,tariq ali,Biomedical Component and System Design 
BMEN,3350,0W2,4,4,2,1,5,2,1,2,,,,,1,5,,,0,"Ali, Tariq M",,,,,,tma051000,tariq ali,Biomedical Component and System Design 
BMEN,3380,001,1,2,1,1,3,2,,2,,,,,,3,,,1,"Winter, Patrick M",,,,,,pxw151030,patrick winter,Medical Imaging Systems and Methods 
BMEN,3399,001,4,6,5,1,,1,5,,,,1,,,11,2,,3,"Varner, Victor","Chakraborty, Somdutta",,,,,vxv162230,victor varner,Introductory Biomechanics 
BMEN,3399,0W1,2,2,5,1,3,3,1,1,4,1,,1,1,5,4,,1,"Varner, Victor","Chakraborty, Somdutta",,,,,vxv162230,victor varner,Introductory Biomechanics 
BMEN,3402,501,8,6,2,2,1,1,,1,4,,,,3,6,4,,1,"Ardestani Khoubrouy, Soudeh","Dolui, Swapnil",,,,,sxa074200,soudeh khoubrouy,Signals and Systems for Biomedical Engineering 
BMEN,4110,101,7,2,2,3,3,,,1,4,,,,,,,,0,"Ding, Yichen","Zobayed, Irfan",,,,,yxd200010,yichen ding,Biomedical Feedback Systems Laboratory 
BMEN,4110,102,6,1,,5,2,3,1,,1,,,,2,,1,,1,"Ding, Yichen","Zobayed, Irfan",,,,,yxd200010,yichen ding,Biomedical Feedback Systems Laboratory 
BMEN,4301,001,10,17,3,1,2,2,1,,,,,1,,1,,,1,"Porter, Benjamin A",,,,,,bap061000,benjamin porter,Introduction to Medical Device Development 
BMEN,4310,501,6,6,1,1,3,2,,2,2,,,,2,8,2,,1,"Ardestani Khoubrouy, Soudeh","Zobayed, Irfan",,,,,sxa074200,soudeh khoubrouy,Feedback Systems in Biomedical Engineering 
BMEN,4360,001,,22,10,3,3,2,1,1,,,1,,,4,,,1,"Rodrigues, Danieli B","Pathour, Teja R","Montano, Gabriela",,,,dxb127430,danieli b c rodrigues,Biomaterials and Medical Devices 
BMEN,4370,0H1,,5,5,2,1,,2,1,,,,,,1,,,0,"Hoyt, Kenneth L","Yociss, Megan",,,,,klh150530,kenneth hoyt,Biomedical Image Processing 
BMEN,4389,0W1,,18,6,,,,1,,,,,,,1,,,0,"Polk, Todd W",,,,,,twp017000,todd polk,Senior Design Project II 
BMEN,4389,0W2,,13,10,2,1,1,,,,,,,,,,,0,"Polk, Todd W",,,,,,twp017000,todd polk,Senior Design Project II 
BMEN,4389,0W3,,18,3,1,1,,,,,,,,,1,,,0,"Polk, Todd W",,,,,,twp017000,todd polk,Senior Design Project II 
BMEN,4V95,001,1,4,7,2,1,1,1,,,,,,,5,1,,0,"Porter, Benjamin A",,,,,,bap061000,benjamin porter,Undergraduate Topics in Biomedical Engineering 
BMEN,6342,0W1,,16,,3,2,,,,,,,,,,,3,0,"Rodrigues, Danieli B","Siddiqui, Danyal A",,,,,dxb127430,danieli b c rodrigues,Biomaterials and Medical Devices 
BMEN,6366,001,,22,,1,,,,,,,,,,,,,0,"Sirsi, Shashank R",,,,,,srs151630,shashank sirsi,Image-Guided Drug Delivery 
BMEN,6372,0W1,,8,,,1,,,,,,,,1,,,,1,"Spong, Mark W",,,,,,mws081000,mark spong,Engineering Systems  Modeling and Simulation 
BMEN,6373,0H1,,7,1,2,,,,,,,,,,,,1,0,"Bian, Fang",,,,,,fxb180003,,Physiology and Immunology for Engineers 
BMEN,6382,001,,14,2,5,,,,,,,,,1,,,2,1,"Bleris, Leonidas",,,,,,lxb092000,leonidas bleris,Systems Biology 
BMEN,6V87,002,,22,,,,,,,,,,,1,,,,0,"Obaid, Girgis",,,,,,gxo190002,girgis obaid,Special Topics in Biomedical Engineering 
BMEN,6V87,003,,6,4,,4,1,,1,,,,,,,,,0,"Fei, Baowei",,,,,,bxf180002,,Special Topics in Biomedical Engineering 
BMEN,7188,001,,20,,,1,,,,,,,,,,,,0,"Prasad, Shalini","Willis, Betsy",,,,,sxp118230,shalini prasad,Advanced Seminars in Biomedical Engineering 
BPS,4305,001,,4,3,7,1,2,7,2,,1,,1,,4,,,1,"Miller, Toyah L","Wang, Jiyu",,,,,tlm140330,toyah miller,Strategic Management 
BPS,4305,002,1,,,3,1,6,,1,,,2,,1,5,,,0,"Miller, Toyah L","Wang, Jiyu",,,,,tlm140330,toyah miller,Strategic Management 
BPS,4305,003,2,15,11,5,4,2,,1,1,,,,,1,1,,1,"Markoczi, Livia","Thompson, Jessica H","Liu, Yu",,,,lxm055000,livia markoczy,Strategic Management 
BPS,4305,004,,6,10,13,9,7,,,,,,,,11,1,,1,"Markoczi, Livia","Thompson, Jessica H","Liu, Yu",,,,lxm055000,livia markoczy,Strategic Management 
BPS,4305,501,7,20,14,7,6,1,,,,,,,,3,,,2,"Kim, Dong Shin",,,,,,dxk152130,dong kim,Strategic Management 
BPS,4305,502,,10,14,4,5,3,2,1,1,,,1,1,2,,,0,"Kathuria, Nishant",,,,,,nxk174330,nishant kathuria,Strategic Management 
BPS,4395,001,,46,,3,8,1,1,,,,1,,1,4,,,1,"Henderson, Tom",,,,,,txh093000,tom henderson,Capstone Senior Project - Business 
BPS,6255,XS1,,20,6,,5,,,1,,,,,,,,1,0,"Sachdeva, Deepak",,,,,,,deepak sachdeva,
BPS,6310,0W1,,32,5,3,,,,1,,,,,,,,2,3,"Kaplan, Marilyn R",,,,,,mkaplan,marilyn kaplan,Strategic Management 
BPS,6310,501,,8,5,4,,,,,,,,,1,,,,0,"Lin, Zhiang","Liu, Yu",,,,,zlin,john zhiang lin,Strategic Management 
BPS,6310,GW1,,10,10,3,1,,,,,,,,,,,3,0,"Choi, Emily",,,,,,exc113230,emily choi,
BPS,6310,MBP,,12,8,5,3,,,,,,,,,,,9,0,"Chasteen, Larry H","Welbourne Eleazar, Miranda J",,,,,chasteen,larry chasteen,
BPS,6332,501,,11,,,12,,,1,,,,,,,,6,1,"Dess, Gregory","Liu, Yu",,,,,ggd021000,gregory dess,Strategic Leadership 
BPS,6332,CW1,,24,,,,,,,,,,,,,,,1,"Ferrante, Anne M",,,,,,,anne ferrante,
BPS,6360,501,,5,4,,1,,1,,,,,,,,,1,0,"Hicks, Jeffrey N","Shen, Jia",,,,,jnh061000,jeffrey hicks,Management and Organizational Consulting  Theory and Practice 
BUAN,6312,001,,14,12,14,2,,,,,,,,,,,15,0,"Joo, Joonhwi","Oyima-Antseleve, Ndackyssa",,,,,jxj180020,joonhwi joo,Applied Econometrics and Time Series Analysis 
BUAN,6312,002,,8,9,4,,,,,,,,,,,,3,0,"Blueshtein, Moran","Smith, Jake A","Rao, Arush",,,,mxb135230,moran blueshtein,Applied Econometrics and Time Series Analysis 
BUAN,6312,0W1,,15,1,10,3,,,,,,,,1,,,4,1,"Joo, Joonhwi","Oyima-Antseleve, Ndackyssa",,,,,jxj180020,joonhwi joo,Applied Econometrics and Time Series Analysis 
BUAN,6312,SS1,,7,6,6,3,3,,,,,,,1,,,7,1,"Blueshtein, Moran","Smith, Jake A","Rao, Arush",,,,mxb135230,moran blueshtein,
BUAN,6320,001,,49,9,7,2,,,,,,,,,,,1,2,"Narayan, Ravishankar L","Verma, Chinmay",,,,,rln130030,ravishankar narayan,Database Foundations for Business Analytics 
BUAN,6320,002,,37,14,3,1,,,1,,,,,,,,3,0,"Calisir, Engin","Jagtap, Himanshu S",,,,,exc030100,engin calisir,Database Foundations for Business Analytics 
BUAN,6320,501,,45,15,6,,1,,,,,,,,,,1,0,"Narayan, Ravishankar L","Verma, Chinmay",,,,,rln130030,ravishankar narayan,Database Foundations for Business Analytics 
BUAN,6320,SS1,,35,6,3,3,,,,,,,,1,,,,0,"Narayan, Ravishankar L","Jagtap, Himanshu S",,,,,rln130030,ravishankar narayan,
BUAN,6335,SW1,,1,2,2,2,,,1,,,,,,,,1,1,"Narayan, Ravishankar L","Verma, Chinmay",,,,,rln130030,ravishankar narayan,
BUAN,6337,001,,3,5,10,4,1,,,,,,,,,,7,1,"Tehrani, Shervin S","Bagheri Tirtashi, Ali","Lim, Taewook",,,,sst180003,shervin tehrani,Predictive Analytics Using SAS 
BUAN,6337,002,,9,9,10,2,,,,,,,,,,,14,1,"Murthi, B P","Alavi, Seyyedeh Soogand",,,,,murthi,b p murthi,Predictive Analytics Using SAS 
BUAN,6337,003,,10,8,15,4,,,,,,,,,,,6,0,"Murthi, B P","Lim, Taewook",,,,,murthi,b p murthi,Predictive Analytics Using SAS 
BUAN,6337,0W1,,6,6,2,2,,,,,,,,,,,12,0,"Subramanian, Upender","Alavi, Seyyedeh Soogand",,,,,uxs092000,upender subramanian,Predictive Analytics Using SAS 
BUAN,6337,501,,6,7,13,7,,,,,,,,,,,6,1,"Tehrani, Shervin S","Lim, Taewook","Bagheri Tirtashi, Ali",,,,sst180003,shervin tehrani,Predictive Analytics Using SAS 
BUAN,6340,0H1,,15,7,2,2,1,,,,,,,1,,,9,2,"Parker, Jason A","Patel, Mitansh R",,,,,jap090020,jason parker,Programming for Data Science 
BUAN,6340,0H2,,13,,,,,,,,,,,,,,5,1,"Parker, Jason A","Patel, Mitansh R",,,,,jap090020,jason parker,Programming for Data Science 
BUAN,6340,SH1,,10,4,1,1,,,,,,,,,,,3,3,"Parker, Jason A","Patel, Mitansh R",,,,,jap090020,jason parker,
BUAN,6341,001,,3,2,2,2,,,,,,,,,,,3,1,"Meng, Zixuan","Mishra, Rajat",,,,,zxm200005,zixuan meng,Applied Machine Learning 
BUAN,6341,002,,3,1,1,1,,,,,,,,,,,8,1,"Sohaee, Nassim","Prasanna, Pragathi",,,,,nxs045000,nassim sohaee,Applied Machine Learning 
BUAN,6341,003,,8,7,5,1,2,,,,,,,,,,13,0,"Sohaee, Nassim","Prasanna, Pragathi",,,,,nxs045000,nassim sohaee,Applied Machine Learning 
BUAN,6346,001,,5,2,3,,1,,,,,,,,,,1,0,"Bradbury, Judd D","Ghori, Sadiya Mehdees",,,,,jdb101000,judd bradbury,Big Data 
BUAN,6346,501,,31,4,1,,,,,,,,,,,,2,0,"Perez, Jerry","Bhuskute, Amruta Y",,,,,jxp180019,jerry perez,Big Data 
BUAN,6346,503,,41,2,,,,,,,,,,,,,,1,"Elkhodari, Gasan","Tripathi, Animesh",,,,,gxe051000,gasan elkhodari,Big Data 
BUAN,6347,501,,23,,,,,,,,,,,,,,,0,"Perez, Jerry","Bhuskute, Amruta Y",,,,,jxp180019,jerry perez,Advanced Big Data Analytics 
BUAN,6356,001,,13,10,4,2,,,1,,,,,1,,,8,0,"Thouin, Mark","Aneye, Asse O",,,,,mxt083000,mark thouin,Business Analytics With R 
BUAN,6356,002,,6,3,3,1,1,,,,,,,,,,11,0,"Chen, Jianqing","Liu, Yihong",,,,,jxc111031,jianqing chen,Business Analytics With R 
BUAN,6356,003,,8,5,7,3,,,,,,,,,,,11,0,"Sun, Shujing","Rathore, Ali H",,,,,sxs200168,shujing sun,Business Analytics With R 
BUAN,6356,501,,2,5,6,7,,,1,,,,,1,,,,0,"Sun, Shujing","Rathore, Ali H",,,,,sxs200168,shujing sun,Business Analytics With R 
BUAN,6356,SS1,,7,11,6,8,2,,,,,,,1,,,10,2,"Chatterjee, Sourav","Daniyal, Muhammad",,,,,sxc180075,sourav chatterjee,
BUAN,6357,501,,3,6,3,1,,1,,,,,,,,,4,0,"Chatterjee, Sourav","Daniyal, Muhammad",,,,,sxc180075,sourav chatterjee,Advanced Business Analytics with R 
BUAN,6359,0W1,,11,5,9,2,,2,,,,,,,,,13,0,"Brussolo, Monica E","Kattula, Karthik Mahanth",,,,,meb049000,monica brussolo,Advanced Statistics for Data Science 
BUAN,6359,501,,14,4,3,1,1,2,,,,,,1,,,25,0,"Ramezani, Rasoul","Kattula, Karthik Mahanth",,,,,rxr145930,rasoul ramezani,Advanced Statistics for Data Science 
BUAN,6359,SS1,,14,12,5,6,3,,,,,,,5,,,10,1,"Toptal, Aysegul","Aneye, Asse O",,,,,axt083100,aysegul toptal,
BUAN,6398,001,,12,1,3,1,,1,,,,,,,,,8,0,"Ramezani, Rasoul","Kattula, Karthik Mahanth",,,,,rxr145930,rasoul ramezani,Prescriptive Analytics 
BUAN,6398,002,,4,,,1,1,1,1,,,,,,,,2,0,"Ramezani, Rasoul",,,,,,rxr145930,rasoul ramezani,Prescriptive Analytics 
BUAN,6398,0W1,,15,2,6,3,1,,,,,,,,,,5,0,"Sethi, Awanti",,,,,,asethi,awanti sethi,Prescriptive Analytics 
BUAN,6398,501,,38,1,1,6,,,,,,,,2,,,22,0,"Alimirzaei, Athena","Celik, Beyza",,,,,axa134231,athena alimirzaei,Prescriptive Analytics 
BUAN,6398,SW1,,18,1,4,6,,,,,,,,,,,5,1,"Alimirzaei, Athena","Celik, Beyza",,,,,axa134231,athena alimirzaei,
BUAN,6V99,002,,14,,,,,,,,,,,,,,3,0,"Shekhar, Gaurav","Thakare, Anvay",,,,,gxs150130,gaurav shekhar,Special Topics in Business Analytics 
CE,1202,001,5,3,1,,4,,1,,1,,,,7,3,5,,4,"Cogan, Diana L",,,,,,dcc095020,diana cogan,Introduction to Electrical Engineering II 
CE,1202,002,2,6,2,2,3,1,2,1,,,,,2,3,3,,3,"Cogan, Diana L",,,,,,dcc095020,diana cogan,Introduction to Electrical Engineering II 
CE,1202,003,2,3,1,1,1,,1,1,,,1,,7,,1,,2,"Cogan, Diana L",,,,,,dcc095020,diana cogan,Introduction to Electrical Engineering II 
CE,1202,004,3,1,7,,2,2,1,,1,,,1,,4,1,,3,"Cogan, Diana L",,,,,,dcc095020,diana cogan,Introduction to Electrical Engineering II 
CE,2310,001,14,2,1,1,1,1,1,,,,,,2,1,2,,1,"Zhou, Dian","Wang, Yifan","Peng, Genchang",,,,zhoud,dian zhou,Introduction to Digital Systems 
CE,2310,002,2,9,2,2,1,2,,1,2,,2,,,,2,,2,"Nikoubin, Tooraj","Jain, Apurva","Tellakula, Suraag S",,,,txn190011,tooraj nikoubin,Introduction to Digital Systems 
CE,2310,501,10,3,,,,,,2,1,,,,5,,,,2,"Zhou, Dian","Gao, Tianning","Luo, Ziyang",,,,zhoud,dian zhou,Introduction to Digital Systems 
CE,2336,001,,,,,1,1,,1,,,,,,2,,,6,"Smith, Jason W",,,,,,jws130830,jason smith,Computer Science II 
CE,2336,501,,5,1,,4,,,1,1,,,,,1,2,,0,"Chappidi, Sruthi",,,,,,sxc105920,sruthi chappidi,Computer Science II 
CE,3161,052,4,7,3,3,1,1,1,,,,,,,,,,0,"Mezenner, Rabah",,,,,,rxm129730,rabah mezenner,Social Issues and Ethics in Engineering 
CE,3161,091,,2,1,3,1,4,1,,1,,,,1,1,,,0,"Mezenner, Rabah",,,,,,rxm129730,rabah mezenner,Social Issues and Ethics in Engineering 
CE,3201,001,4,11,3,3,3,,,,1,,,,,3,,,2,"Nikoubin, Tooraj","Steele, Alec M","Movahed Mohammadi, Seyed Ehsan","Meng, Xingyu","Khoshlessan, Mahshid","Taherkhani, Nima",txn190011,tooraj nikoubin,Electrical and Computer Engineering Fundamentals-I Laboratory 
CE,3201,002,1,9,5,2,2,3,,2,,,4,,,1,1,,2,"Nikoubin, Tooraj","Steele, Alec M","Movahed Mohammadi, Seyed Ehsan","Meng, Xingyu","Khoshlessan, Mahshid","Taherkhani, Nima",txn190011,tooraj nikoubin,Electrical and Computer Engineering Fundamentals-I Laboratory 
CE,3202,001,,17,2,1,5,2,4,,,,,,,3,1,,3,"Kiasaleh, Kamran","Apalak, Merve","Shankar, Nikhil","Dousti, Behnoush","Sajadi, Abdolrahman",,kamran,kamran kiasaleh,Electrical and Computer Engineering Fundamentals-II Laboratory 
CE,3202,002,,4,,2,2,,2,,,,,,,1,1,,0,"Kiasaleh, Kamran","Apalak, Merve","Shankar, Nikhil","Dousti, Behnoush","Sajadi, Abdolrahman",,kamran,kamran kiasaleh,Electrical and Computer Engineering Fundamentals-II Laboratory 
CE,3301,001,,12,4,2,,2,,1,4,,,,,3,,,1,"Friedman, Joseph S","Edwards, Alexander J",,,,,jsf160330,joseph friedman,Electrical Network Analysis 
CE,3301,002,1,6,2,11,2,,1,2,4,,,,,4,,,0,"Chiu, Yun","Farhadi, Masoud","Choi, Ye I",,,,yxc101000,yun chiu,Electrical Network Analysis 
CE,3310,001,,4,,,4,,,4,,,,,,5,1,,0,"Lee, Gil S","Abousaba, Mohammad F",,,,,gslee,gill lee,Electronic Devices 
CE,3310,002,2,12,6,1,1,,,,,,,,1,,,,2,"Frensley, William","Abousaba, Mohammad F",,,,,frensley,william frensley,Electronic Devices 
CE,3311,001,1,4,,,4,,,1,,,,,,3,1,,0,"Lee, Gil S","Choi, Ye I",,,,,gslee,gill lee,Electronic Circuits 
CE,3311,002,2,2,4,,2,,,2,,,,,1,5,,,0,"Liu, Jin","Xiong, Jiu",,,,,jinliu,jin liu,Electronic Circuits 
CE,3311,003,,4,2,4,2,3,,1,,,,,,3,,,0,"Lee, Hoi","Cheng, Qi",,,,,hxl054000,hoi lee,Electronic Circuits 
CE,3320,001,1,5,4,3,3,2,1,,4,,,,,3,1,,1,"Bhatia, Dinesh","Sears, Mark R",,,,,dinesh,dinesh bhatia,Digital Circuits 
CE,3320,002,1,1,1,1,2,,1,,1,,,,,3,4,,1,"Nourani, Mehrdad","Steele, Alec M",,,,,nourani,mehrdad nourani,Digital Circuits 
CE,3320,003,,1,3,3,1,2,3,2,,,,,1,9,1,,4,"Balsara, Poras","Sears, Mark R",,,,,poras,poras balsara,Digital Circuits 
CE,3345,001,,1,2,1,2,2,,1,,,,,,4,,,0,"Ozbirn, Greg A",,,,,,ozbirn,greg ozbirn,Data Structures and Introduction to Algorithmic Analysis 
CE,3345,003,1,3,,,,,,,2,1,,,,,1,,4,"Alagar, Sridhar",,,,,,sxa173731,sridhar alagar,Data Structures and Introduction to Algorithmic Analysis 
CE,3345,0W1,,2,1,1,2,1,1,,1,,,,,,,,1,"Feng, Ranran",,,,,,rxf090020,ranran feng,Data Structures and Introduction to Algorithmic Analysis 
CE,3345,502,,1,1,,1,2,2,,,,,,,1,,,2,"Khan, Ziaullah",,,,,,kkhan,ziaullah khan,Data Structures and Introduction to Algorithmic Analysis 
CE,3354,003,,1,,3,3,,,1,2,,,,,2,,,1,"Murthy, Sudarshan S",,,,,,ssm200023,sudarshan murthy,Software Engineering 
CE,3354,0W2,,1,2,,1,,1,1,,2,,,,1,2,,0,"Nouroz Borazjany, Mehra",,,,,,mxn143230,mehra borazjany,Software Engineering 
CE,4202,001,,15,1,,1,,,,,,,,,,,,0,"Henderson, Rashaunda M","Medina, Oscar F",,,,,rmh072000,rashaunda henderson,Electrical and Computer Engineering Laboratory in Circuits 
CE,4203,001,11,4,2,1,2,3,,,,,1,,,1,1,,0,"Kehtarnavaz, Nasser","Ni, Aoxin","Azarang, Arian",,,,nxk019000,nasser kehtarnavaz,Electrical and Computer Engineering Laboratory in Signals and Systems 
CE,4304,001,6,17,7,4,,2,,,,,1,,3,,4,,0,"Swartz, William P","Akbarzadeh, Sara","Raghavendra, Shruthi",,,,wps100020,william swartz,Computer Architecture 
CE,4304,002,2,4,3,3,1,2,,,,,,,1,,1,,1,"Swartz, William P","Akbarzadeh, Sara","Raghavendra, Shruthi",,,,wps100020,william swartz,Computer Architecture 
CE,4337,001,,3,2,,3,2,,,,,,,,2,,,0,"Davis, Chris I","Li, Dongcheng",,,,,cid021000,chris davis,Organization of Programming Languages 
CE,4337,0W1,10,2,2,2,5,,,,,,,,,1,3,,0,"Karami, Gity","Mohammadpour, Somayeh",,,,,gxk180009,gity karami,Organization of Programming Languages 
CE,4348,001,,9,,,15,,,4,,,4,,,29,6,,1,"Goodrum, Richard A","Kobayashi, Hideo","Dhoked, Sahil",,,,rag150330,richard goodrum,Operating Systems Concepts 
CE,4370,001,1,5,13,8,9,4,1,1,,,,,1,9,2,,3,"Carrion Schaefer, Benjamin",,,,,,bxc162630,benjamin carrion schaefer,Embedded Systems 
CE,4370,002,6,9,4,1,4,1,1,,,,,,,,,,0,"Swartz, William P","Xu, Xiangyu",,,,,wps100020,william swartz,Embedded Systems 
CE,4388,001,,14,2,8,,,,,,,,,,,,,0,"Tacca, Marco",,,,,,mtacca,marco tacca,Senior Design Project I 
CE,4389,001,,6,5,,1,,1,,,,,,,,,,0,"Skinner, Neal G",,,,,,skinner,neal skinner,Senior Design Project II 
CE,4389,002,,5,4,1,,,,1,,,,,,2,,,0,"Hansen, John",,,,,,jxh052100,john hansen,Senior Design Project II 
CE,4389,003,1,9,7,3,,,,,,,,,,,,,0,"Tacca, Marco",,,,,,mtacca,marco tacca,Senior Design Project II 
CE,4389,004,,9,1,1,,,,,1,,,,,1,,,0,"Skinner, Neal G",,,,,,skinner,neal skinner,Senior Design Project II 
CE,4390,001,1,,1,2,,,,,1,,,,,4,1,,1,"Haas, Zygmunt J","Garg, Srishti",,,,,zjh130030,zygmunt haas,Computer Networks 
CE,4390,0W2,1,2,4,5,2,,2,1,,,,,,6,,,0,"Gupta, Neeraj K","Ganesan, Aparna","Li, Shuo",,,,nkg140130,neeraj gupta,Computer Networks 
CE,6301,001,,10,,,,,,,,,,,,,,,0,"Swartz, William P","Huang, Qiongdan",,,,,wps100020,william swartz,Advanced Digital Logic 
CE,6302,001,,2,2,2,3,,,,,,,,1,,,,0,"Bennett, Terrell R","Kuruvila, Abraham P",,,,,trb052000,terrell bennett,Microprocessor and Embedded Systems 
CE,6304,001,,31,,,1,,,,,,,,,,,,0,"Hu, Yang","Wang, Jianda","Zeng, Xiaoming",,,,yxh177430,yang hu,Computer Architecture 
CGS,2301,0W1,30,15,10,3,5,2,1,1,2,,,1,2,2,2,,3,"Hooge, Kimberley O","Ryland, James W",,,,,koh170030,kimberley orsten hooge,Cognitive Science 
CGS,2301,HN1,5,10,,,,,,,1,,,,,1,,,0,"O'Toole, Alice J",,,,,,otoole,alice otoole,Cognitive Science 
CGS,3342,501,1,12,15,,,,,,,,,,,1,1,,0,"Golden, Richard","Sudheesh, Athul",,,,,golden,richard golden,Cognitive and Neural Modeling Laboratory 
CGS,3361,001,7,6,2,2,1,,,,,,,,,,,,0,"Roark, Dana A","Winter-Nelson, Ezra",,,,,danar,dana roark,Cognitive Psychology 
CGS,3361,002,,6,,,4,,,1,,,1,,,,,,1,"Wig, Gagandeep S","Agres, Phillip F",,,,,gsw130130,gagan wig,Cognitive Psychology 
CGS,4352,0W1,11,2,1,,1,,,,,,,,,,,,0,"Orrick, Erika D",,,,,,edo042000,erika orrick,Human Computer Interactions I 
CGS,4353,0W1,6,2,,1,1,,,,,,,,,,,,0,"Orrick, Erika D",,,,,,edo042000,erika orrick,Human Computer Interactions II 
CHEM,1111,101,10,7,3,1,3,,,,,1,,,4,,1,,2,"Gavva, Sandhya R","Chen, Chia Yuan",,,,,sgavva,sandhya gavva,General Chemistry Laboratory I 
CHEM,1111,102,4,2,2,1,,3,,,1,1,1,,7,,3,,6,"Gavva, Sandhya R","Cu Castillo, Cristina",,,,,sgavva,sandhya gavva,General Chemistry Laboratory I 
CHEM,1111,104,5,6,2,,1,1,,1,,1,,,4,,3,,7,"Gavva, Sandhya R","Chen, Chia Yuan",,,,,sgavva,sandhya gavva,General Chemistry Laboratory I 
CHEM,1111,105,1,3,4,1,3,,1,,,1,1,2,6,,1,,6,"Gavva, Sandhya R","Parsamian, Perouza",,,,,sgavva,sandhya gavva,General Chemistry Laboratory I 
CHEM,1111,106,4,3,2,3,,,1,3,,1,,,6,,,,7,"Gavva, Sandhya R","Kassees, Kara J",,,,,sgavva,sandhya gavva,General Chemistry Laboratory I 
CHEM,1111,108,3,5,2,4,4,,,2,,1,1,,2,,3,,4,"Gavva, Sandhya R","Mihranyan, Andranik",,,,,sgavva,sandhya gavva,General Chemistry Laboratory I 
CHEM,1111,109,3,5,2,3,1,1,,2,1,1,,1,6,1,2,,2,"Gavva, Sandhya R","Mihranyan, Andranik",,,,,sgavva,sandhya gavva,General Chemistry Laboratory I 
CHEM,1112,101,11,7,3,3,1,1,1,,,,,1,,,,,2,"Dissanayake, Dushanthi S","Adams, Derik A",,,,,dxd122030,dushanthi dissanayake,General Chemistry Laboratory II 
CHEM,1112,102,8,5,4,1,1,1,,,1,,,,2,,,,2,"Dissanayake, Dushanthi S","Adams, Derik A",,,,,dxd122030,dushanthi dissanayake,General Chemistry Laboratory II 
CHEM,1112,103,3,4,,2,1,,,,,,,,1,,,,0,"Abeykoon, Nimali C","Beck, Erling","Tripathi, Kiran",,,,nxa124430,nimali abeykoon,General Chemistry Laboratory II 
CHEM,1112,104,7,5,2,,3,,,,,,,,1,,1,,3,"Abeykoon, Nimali C","Tripathi, Kiran",,,,,nxa124430,nimali abeykoon,General Chemistry Laboratory II 
CHEM,1112,105,20,6,,,,1,,,,,,,,1,,,1,"Qin, Yanping","Cook, Mariah A",,,,,yxq083000,yanping qin,General Chemistry Laboratory II 
CHEM,1112,106,15,7,5,2,,,,,,,,,,,1,,0,"Qin, Yanping","Cook, Mariah A",,,,,yxq083000,yanping qin,General Chemistry Laboratory II 
CHEM,1112,108,15,6,3,,1,,,1,1,,1,1,,,,,1,"Hashami, Zohreh","Dominguez, Alexis",,,,,zxh088000,zohreh hashami,General Chemistry Laboratory II 
CHEM,1112,109,19,4,3,1,,1,,,,1,,,1,,,,0,"Hashami, Zohreh","Dominguez, Alexis",,,,,zxh088000,zohreh hashami,General Chemistry Laboratory II 
CHEM,1112,111,14,6,4,,,,,,1,,,,1,,,,1,"Dissanayake, Dushanthi S","Firouzi, Hamid Reza",,,,,dxd122030,dushanthi dissanayake,General Chemistry Laboratory II 
CHEM,1112,112,11,7,1,1,1,1,1,,,,1,,1,,1,,4,"Dissanayake, Dushanthi S","Firouzi, Hamid Reza",,,,,dxd122030,dushanthi dissanayake,General Chemistry Laboratory II 
CHEM,1112,114,13,10,2,1,,,,1,,,,,,,,,3,"Qin, Yanping","Cu Castillo, Cristina",,,,,yxq083000,yanping qin,General Chemistry Laboratory II 
CHEM,1112,115,18,3,2,2,,,,,,,,,,,1,,4,"Qin, Yanping","Cu Castillo, Cristina",,,,,yxq083000,yanping qin,General Chemistry Laboratory II 
CHEM,1112,117,7,5,1,,1,2,1,,,,,,1,,,,3,"Dissanayake, Dushanthi S","Giri, Sachin",,,,,dxd122030,dushanthi dissanayake,General Chemistry Laboratory II 
CHEM,1112,118,9,1,2,2,,,,,,,,1,,,,,2,"Dissanayake, Dushanthi S","Giri, Sachin",,,,,dxd122030,dushanthi dissanayake,General Chemistry Laboratory II 
CHEM,1112,119,2,2,1,,1,2,,,,,,,1,,,,1,"Abeykoon, Nimali C","Gull, Humera",,,,,nxa124430,nimali abeykoon,General Chemistry Laboratory II 
CHEM,1112,120,6,7,3,,,1,,,,,,,,,,,7,"Abeykoon, Nimali C","Gull, Humera",,,,,nxa124430,nimali abeykoon,General Chemistry Laboratory II 
CHEM,1112,121,17,7,,2,,1,,,,,,1,1,,,,1,"Hashami, Zohreh","Gamage, Madujika A",,,,,zxh088000,zohreh hashami,General Chemistry Laboratory II 
CHEM,1112,122,16,5,3,1,,,,,,,,,,,2,,3,"Hashami, Zohreh","Gamage, Madujika A",,,,,zxh088000,zohreh hashami,General Chemistry Laboratory II 
CHEM,1112,124,16,5,3,1,2,,1,1,,,,,,,,,1,"Hashami, Zohreh","Liyanaarachchi, Sureshee M",,,,,zxh088000,zohreh hashami,General Chemistry Laboratory II 
CHEM,1112,125,18,3,3,3,1,,,1,,,,,,,1,,0,"Taghavi Nasrabadi, Amir","Igie, Nosakhare F",,,,,axt128930,,General Chemistry Laboratory II 
CHEM,1112,127,8,4,5,3,4,,1,1,1,,,,2,,1,,0,"Huang, Yu","Polara, Himanshu S",,,,,yxh091220,yu huang,General Chemistry Laboratory II 
CHEM,1112,128,8,14,1,,,,1,,,,,,2,,1,,3,"Huang, Yu",,,,,,yxh091220,yu huang,General Chemistry Laboratory II 
CHEM,1112,131,19,5,1,1,1,,,,,,1,,,1,,,0,"Qin, Yanping","Rifat, Samia",,,,,yxq083000,yanping qin,General Chemistry Laboratory II 
CHEM,1112,132,18,6,1,1,1,,1,,,,,,,,1,,0,"Qin, Yanping","Rifat, Samia",,,,,yxq083000,yanping qin,General Chemistry Laboratory II 
CHEM,1112,133,10,10,2,1,1,2,,1,,1,,,,,,,2,"Qin, Yanping","Johnson, Rebecca M",,,,,yxq083000,yanping qin,General Chemistry Laboratory II 
CHEM,1112,134,10,11,3,1,,1,,,,,,,,,1,,2,"Qin, Yanping","Johnson, Rebecca M",,,,,yxq083000,yanping qin,General Chemistry Laboratory II 
CHEM,1112,135,14,6,,4,1,,,1,,,1,,2,,,,1,"Abeykoon, Nimali C","Kikumoto Dias, Juliana",,,,,nxa124430,nimali abeykoon,General Chemistry Laboratory II 
CHEM,1112,136,20,7,,1,1,,,,,,,,1,,,,0,"Abeykoon, Nimali C","Kikumoto Dias, Juliana",,,,,nxa124430,nimali abeykoon,General Chemistry Laboratory II 
CHEM,1112,137,9,9,4,2,2,,,1,,,,,,,,,3,"Dissanayake, Dushanthi S","Kumari, Sneha",,,,,dxd122030,dushanthi dissanayake,General Chemistry Laboratory II 
CHEM,1112,138,12,11,1,3,,,1,1,,,,,,1,,,0,"Dissanayake, Dushanthi S","Kumari, Sneha",,,,,dxd122030,dushanthi dissanayake,General Chemistry Laboratory II 
CHEM,1112,139,15,5,2,1,2,1,,,,,,,1,2,,,1,"Anka, Fadwa H","Mccleary, Corbin B","Nguyen, Trang",,,,fha041000,fadwa anka,General Chemistry Laboratory II 
CHEM,1112,140,17,6,1,2,2,,,1,1,,,,,,,,0,"Anka, Fadwa H","Mccleary, Corbin B","Nguyen, Trang",,,,fha041000,fadwa anka,General Chemistry Laboratory II 
CHEM,1112,602,14,7,5,2,,,,,,,,,,,,,2,"Taghavi Nasrabadi, Amir","Igie, Nosakhare F",,,,,axt128930,,General Chemistry Laboratory II 
CHEM,1116,HN1,,29,,,,,,,,,,,,,,,0,"Sibert, John W",,,,,,sibertj,john sibert,Honors Freshman Chemistry Laboratory II 
CHEM,1311,001,23,26,20,16,26,24,15,15,21,2,5,5,28,9,21,,40,"Sra, Amandeep K","Nguyen, Trang",,,,,aks057000,amandeep sra,General Chemistry I 
CHEM,1312,001,13,34,22,12,28,13,14,9,3,,4,,4,29,12,,23,"Taylor, Stephanie M",,,,,,smt031000,stephanie taylor,General Chemistry II 
CHEM,1312,002,16,45,21,28,12,12,11,4,,1,2,,2,31,11,,21,"Huang, Yu",,,,,,yxh091220,yu huang,General Chemistry II 
CHEM,1312,003,5,25,16,10,9,12,6,9,2,1,2,,11,31,21,,31,"Dieckmann, Gregg",,,,,,dieckgr,gregg dieckmann,General Chemistry II 
CHEM,1312,004,1,36,17,10,19,10,14,8,3,1,8,,13,21,18,,38,"Dieckmann, Gregg",,,,,,dieckgr,gregg dieckmann,General Chemistry II 
CHEM,1312,005,,6,5,3,5,4,7,6,,1,6,,12,15,6,,18,"Abeykoon, Nimali C",,,,,,nxa124430,nimali abeykoon,General Chemistry II 
CHEM,1316,HN1,9,12,1,2,2,,,,,,,,,3,,,0,"Sibert, John W",,,,,,sibertj,john sibert,Honors Freshman Chemistry II 
CHEM,2123,101,3,2,1,1,,2,,,,,,,,,1,,1,"Panangala, Samitha D","Abbas, Muhammad",,,,,sdp140230,samitha panangala,Introductory Organic Chemistry Laboratory I 
CHEM,2123,102,4,9,5,2,5,1,1,,,,1,,2,,,,0,"Hashami, Zohreh","Boardman, Samuel",,,,,zxh088000,zohreh hashami,Introductory Organic Chemistry Laboratory I 
CHEM,2123,103,2,7,5,3,6,1,,,,,,,1,,,,0,"Panangala, Samitha D","Li, Baowen",,,,,sdp140230,samitha panangala,Introductory Organic Chemistry Laboratory I 
CHEM,2123,104,10,4,3,3,1,2,,1,,3,,,,,,,3,"Cortes, Sergio J","Li, Baowen",,,,,scortes,sergio cortes,Introductory Organic Chemistry Laboratory I 
CHEM,2123,105,2,4,3,3,1,,,,,,,,,,,,1,"Gunawardhana, Kahawatte Gedara","Howlett, Thomas S",,,,,kxg141730,,Introductory Organic Chemistry Laboratory I 
CHEM,2123,106,4,6,6,5,2,1,,,,,,,,1,,,0,"Gunawardhana, Kahawatte Gedara","Dias, Prabavi Shayana",,,,,kxg141730,,Introductory Organic Chemistry Laboratory I 
CHEM,2123,107,3,6,1,8,3,,1,,1,,,,2,,,,0,"Jaggi, Neelam","Boardman, Samuel",,,,,nxj190013,,Introductory Organic Chemistry Laboratory I 
CHEM,2123,108,1,3,5,4,3,2,1,,1,,,,1,1,1,,4,"Jaggi, Neelam","Abbas, Muhammad",,,,,nxj190013,,Introductory Organic Chemistry Laboratory I 
CHEM,2125,101,10,5,7,2,4,1,,,,,,,,,,,1,"Shah, Shailesh N","Brand, Emily J",,,,,sns170230,shailesh shah,Introductory Organic Chemistry Laboratory II 
CHEM,2125,102,7,9,5,1,1,1,,,1,,,,1,2,,,1,"Shah, Shailesh N","Brand, Emily J",,,,,sns170230,shailesh shah,Introductory Organic Chemistry Laboratory II 
CHEM,2125,103,9,4,6,3,2,4,1,,,,,,1,,,,0,"Panapitiya, Nimanka P","Dias, Prabavi Shayana",,,,,npp081000,nimanka panapitiya,Introductory Organic Chemistry Laboratory II 
CHEM,2125,104,14,4,4,2,3,,1,2,,,,,,,,,0,"Panapitiya, Nimanka P","Dias, Prabavi Shayana",,,,,npp081000,nimanka panapitiya,Introductory Organic Chemistry Laboratory II 
CHEM,2125,105,16,5,3,4,1,,,,,,,,,,,,1,"Wijenayake, Sumudu N","Ma, Ziyuan",,,,,snw081000,sumudu wijenayake,Introductory Organic Chemistry Laboratory II 
CHEM,2125,106,13,9,1,4,1,,,,,,,,,1,,,1,"Wijenayake, Sumudu N","Ma, Ziyuan",,,,,snw081000,sumudu wijenayake,Introductory Organic Chemistry Laboratory II 
CHEM,2125,107,9,6,7,2,5,,,,,,,,,,,,0,"Shah, Shailesh N","Brown, Monet R",,,,,sns170230,shailesh shah,Introductory Organic Chemistry Laboratory II 
CHEM,2125,108,5,16,4,2,1,,,,,1,1,,,,,,0,"Shah, Shailesh N","Brown, Monet R",,,,,sns170230,shailesh shah,Introductory Organic Chemistry Laboratory II 
CHEM,2125,109,11,9,5,2,1,2,,,,,,,,,,,0,"Wijenayake, Sumudu N","Ehrman, Ryanne N",,,,,snw081000,sumudu wijenayake,Introductory Organic Chemistry Laboratory II 
CHEM,2125,110,12,8,3,3,2,,,,,1,,,,1,,,0,"Wijenayake, Sumudu N","Ehrman, Ryanne N",,,,,snw081000,sumudu wijenayake,Introductory Organic Chemistry Laboratory II 
CHEM,2125,111,8,6,5,4,2,2,1,,,,,,1,,,,1,"Shah, Shailesh N","Bhadran, Abhi",,,,,sns170230,shailesh shah,Introductory Organic Chemistry Laboratory II 
CHEM,2125,112,14,10,2,2,,,,1,,,,,,,,,0,"Panapitiya, Nimanka P","Lumata, Jenica",,,,,npp081000,nimanka panapitiya,Introductory Organic Chemistry Laboratory II 
CHEM,2125,113,16,9,3,1,,,,,,,,,,1,,,0,"Panapitiya, Nimanka P","Lumata, Jenica",,,,,npp081000,nimanka panapitiya,Introductory Organic Chemistry Laboratory II 
CHEM,2125,114,8,5,7,1,1,2,,,1,,,,1,1,,,3,"Hashami, Zohreh","Dubrovina, Anastasiia",,,,,zxh088000,zohreh hashami,Introductory Organic Chemistry Laboratory II 
CHEM,2125,115,11,7,4,3,3,,,,,,,,,,,,0,"Hashami, Zohreh","Dubrovina, Anastasiia",,,,,zxh088000,zohreh hashami,Introductory Organic Chemistry Laboratory II 
CHEM,2125,116,15,5,5,2,2,,,,,,,,,,,,0,"Wijenayake, Sumudu N","Chowdhury, Muniruzzaman",,,,,snw081000,sumudu wijenayake,Introductory Organic Chemistry Laboratory II 
CHEM,2125,117,17,8,3,2,,,,,,,,,,,,,0,"Wijenayake, Sumudu N","Chowdhury, Muniruzzaman",,,,,snw081000,sumudu wijenayake,Introductory Organic Chemistry Laboratory II 
CHEM,2125,118,16,8,2,4,,,,,,,,,,,,,0,"Panapitiya, Nimanka P","Haque, Syed Fahad Bin",,,,,npp081000,nimanka panapitiya,Introductory Organic Chemistry Laboratory II 
CHEM,2125,119,22,6,1,1,,,,,,,,,,,,,0,"Panapitiya, Nimanka P","Haque, Syed Fahad Bin",,,,,npp081000,nimanka panapitiya,Introductory Organic Chemistry Laboratory II 
CHEM,2125,120,15,8,3,1,1,,,,,,,,,1,,,0,"Shah, Shailesh N","Koirala, Shailendra",,,,,sns170230,shailesh shah,Introductory Organic Chemistry Laboratory II 
CHEM,2125,121,19,2,2,1,2,1,1,,,,,,,1,,,1,"Shah, Shailesh N","Koirala, Shailendra",,,,,sns170230,shailesh shah,Introductory Organic Chemistry Laboratory II 
CHEM,2125,601,20,6,3,,,,1,,,,,,,,,,0,"Panapitiya, Nimanka P","Howlett, Thomas S",,,,,npp081000,nimanka panapitiya,Introductory Organic Chemistry Laboratory II 
CHEM,2125,602,13,8,2,4,2,1,,,,,,,,,,,0,"Wijenayake, Sumudu N","Hoang, David T",,,,,snw081000,sumudu wijenayake,Introductory Organic Chemistry Laboratory II 
CHEM,2125,603,14,9,2,3,1,,,,,,,,,,,,1,"Wijenayake, Sumudu N","Hoang, David T",,,,,snw081000,sumudu wijenayake,Introductory Organic Chemistry Laboratory II 
CHEM,2125,604,11,11,3,1,1,,,1,,,,1,,,,,1,"Cortes, Sergio J","Shah, Tejas V","Li, Baowen",,,,scortes,sergio cortes,Introductory Organic Chemistry Laboratory II 
CHEM,2125,605,11,11,5,1,1,,,1,,,,,,,,,0,"Cortes, Sergio J","Shah, Tejas V",,,,,scortes,sergio cortes,Introductory Organic Chemistry Laboratory II 
CHEM,2125,606,5,5,5,3,2,6,2,1,,,,,,,,,1,"Cortes, Sergio J","Howlett, Thomas S",,,,,scortes,sergio cortes,Introductory Organic Chemistry Laboratory II 
CHEM,2125,607,2,7,3,2,2,1,1,1,1,,,,1,,1,,1,"Cortes, Sergio J","Shah, Tejas V",,,,,scortes,sergio cortes,Introductory Organic Chemistry Laboratory II 
CHEM,2128,HH1,11,7,,,,,,,,,,,,,,,0,"Thompson, Christina M","Abbas, Muhammad","Bhadran, Abhi",,,,cmt120030,christina thompson,Honors Organic Chemistry Laboratory II 
CHEM,2323,001,4,20,5,11,12,7,7,8,5,1,2,,2,9,5,,6,"Shah, Shailesh N",,,,,,sns170230,shailesh shah,Introductory Organic Chemistry I 
CHEM,2323,002,11,34,10,16,7,6,9,9,9,5,2,,5,4,5,,13,"Thompson, Christina M",,,,,,cmt120030,christina thompson,Introductory Organic Chemistry I 
CHEM,2324,001,10,21,3,5,1,3,,,,,,,,3,1,,1,"Wijenayake, Sumudu N",,,,,,snw081000,sumudu wijenayake,Introductory Organic Chemistry for Engineers 
CHEM,2325,001,25,56,3,14,12,7,3,2,4,,1,,4,5,2,,7,"Tran, Daniel N",,,,,,dnt019000,daniel tran,Introductory Organic Chemistry II 
CHEM,2325,002,41,40,2,16,8,7,5,2,4,2,3,,,4,3,,7,"Tran, Daniel N",,,,,,dnt019000,daniel tran,Introductory Organic Chemistry II 
CHEM,2325,003,50,46,6,12,13,7,3,2,5,1,,,,7,4,,2,"Novak, Bruce M","Taslimy, Somayeh",,,,,bxn111230,bruce novak,Introductory Organic Chemistry II 
CHEM,2325,004,22,41,11,12,6,5,3,9,3,2,2,,3,8,6,,9,"Cortes, Sergio J",,,,,,scortes,sergio cortes,Introductory Organic Chemistry II 
CHEM,2325,005,13,19,7,9,3,3,5,7,6,7,4,6,5,2,5,,9,"Ahn, Jung-Mo",,,,,,jxa041100,jung mo ahn,Introductory Organic Chemistry II 
CHEM,2325,006,32,40,6,9,7,9,6,4,1,5,6,,2,4,7,,6,"Novak, Bruce M",,,,,,bxn111230,bruce novak,Introductory Organic Chemistry II 
CHEM,2328,HN1,,7,3,3,3,,1,,,,,,,1,,,0,"Biewer, Michael C",,,,,,biewerm,michael biewer,Honors Organic Chemistry II 
CHEM,2401,001,3,8,4,3,,,1,,,,,,,,1,,0,"Stelling, Allison","Douglas, Teri A",,,,,axs200157,allison stelling,Introductory Quantitative Methods in Chemistry 
CHEM,2401,002,2,2,2,5,2,2,1,,,,,,1,2,1,,0,"Pantano, Paul","Perera, Alahendra Arachchige Sachini .",,,,,pantano,paul pantano,Introductory Quantitative Methods in Chemistry 
CHEM,2401,003,2,6,3,2,1,1,2,1,,,,,,1,,,1,"Sra, Amandeep K","Remy, Ashele K",,,,,aks057000,amandeep sra,Introductory Quantitative Methods in Chemistry 
CHEM,2401,004,2,6,3,1,1,1,,,,,,,,5,,,1,"Pantano, Paul","Tian, Yafen",,,,,pantano,paul pantano,Introductory Quantitative Methods in Chemistry 
CHEM,3321,001,3,3,6,4,8,7,5,1,1,4,4,3,1,5,4,,5,"Torabifard, Hedieh","Mills, Kira R",,,,,hxt200006,hedieh torabiford,Physical Chemistry I 
CHEM,3322,001,1,3,4,8,,6,2,1,5,5,2,6,4,24,6,,7,"Goux, Warren J","Wang, Hanghang","Yan, Qing",,,,wgoux,warren goux,Physical Chemistry II 
CHEM,3361,0W1,3,4,3,1,3,2,2,1,,,,,,,,,1,"Jia, Lin","Spiro, Stephen","Curtis, Rose M","Wickramasinghe, Piumi B","Miller, Edmund A","Akter, Zakia",lxj200008,lin jia,Biochemistry I 
CHEM,3361,0W2,,4,2,,1,,1,2,2,,1,,1,1,,,1,"Gavva, Sandhya R","Curtis, Rose M","Miller, Edmund A","Falah, Rafah M","Akter, Zakia","Wickramasinghe, Piumi B",sgavva,sandhya gavva,Biochemistry I 
CHEM,3362,0W1,2,6,2,4,3,5,2,3,1,2,,,1,7,,,1,"Candas, Mehmet","Reitzer, Lawrence","Song, Ming","Zeito, Sania","Soladogun, Adedamola S","Petter, Andrew T",candas,mehmet candas,Biochemistry II 
CHEM,3471,001,,5,,,,,,,,,,,2,,2,,4,"Gassensmith, Jeremiah J","Udamulle Gedara, Chinthaka Mahesh","Garcia, Juan A",,,,jjg130230,jeremiah gassensmith,Advanced Chemical Synthesis Laboratory 
CHEM,3471,002,,9,,1,2,,,,,,,,1,,2,,1,"Smaldone, Ronald A","Udamulle Gedara, Chinthaka Mahesh",,,,,ras120030,ronald smaldone,Advanced Chemical Synthesis Laboratory 
CHEM,3472,001,,4,3,2,4,3,1,2,1,,2,,1,,1,,2,"Qin, Yanping","Wang, Hanghang","Cue, John Michael","Siddiki, A K M Nur Alam","Morrison, William C","Ortega, Juan L",yxq083000,yanping qin,Instrumental Analysis 
CHEM,3472,002,,3,,3,,1,,2,3,1,,1,1,3,4,,3,"Goux, Warren J","Cue, John Michael","Siddiki, A K M Nur Alam","Ortega, Juan L","Morrison, William C","Shrivastava, Ashutosh",wgoux,warren goux,Instrumental Analysis 
CHEM,3472,003,,4,1,3,1,3,,2,,,1,,,8,,,2,"Hashami, Zohreh","Cue, John Michael","Ortega, Juan L","Morrison, William C","Siddiki, A K M Nur Alam","Shrivastava, Ashutosh",zxh088000,zohreh hashami,Instrumental Analysis 
CHEM,4335,001,3,11,6,1,1,,,1,,,,,1,,1,,1,"Yang, Duck J",,,,,,djy031000,duck yang,Polymer Chemistry 
CHEM,4473,001,7,3,2,,,,,,,,,1,,1,,,0,"Huang, Yu","Calubaquib, Erika Joy","Shekarnoush, Mahsa","Dissanayake, Dushanthi S",,,yxh091220,yu huang,Physical Measurements Laboratory 
CHEM,4473,002,2,2,,2,1,,,,2,,1,,2,1,,,0,"Dissanayake, Dushanthi S","Calubaquib, Erika Joy","Shekarnoush, Mahsa",,,,dxd122030,dushanthi dissanayake,Physical Measurements Laboratory 
CHEM,6100,001,,,,,,,,,,,,,,,,108,1,"Meloni, Gabriele",,,,,,gxm152330,gabriele meloni,Chemistry Department Seminar 
CHEM,6372,501,,4,,3,3,1,,,,,,,,,,,0,"Balkus, Kenneth","Panapitiya, Nimanka P",,,,,balkus,kenneth balkus,Materials Science 
CHEM,6389,001,,22,6,9,4,,,,,,,,2,,,,1,"King, Carie S",,,,,,cxl085200,carie king,Scientific Literature and Communication Skills 
CHEM,6V19,001,,14,,,,,,,,,,,,,,,0,"Nielsen, Steven",,,,,,son051000,steven nielsen,Special Topics in Physical Chemistry 
CHEM,6V69,001,,22,,,,,,,,,,,,,,,0,"Dodani, Sheel C",,,,,,scd023000,sheel dodani,Special Topics in Biochemistry 
CHIN,1311,001,5,5,4,,,,,,,,,,,,2,,2,"Chen, Bei",,,,,,bxc152730,bei chen,Beginning Chinese I 
CHIN,1311,002,5,5,1,,2,,,,,,,,,3,,,1,"Zhang, Lei",,,,,,lxz190010,lei zhang,Beginning Chinese I 
CHIN,1312,001,9,2,6,,,3,,,,,,,,,1,,0,"Chen, Bei",,,,,,bxc152730,bei chen,Beginning Chinese II 
CHIN,2311,001,8,4,3,1,,,,1,,,,,,1,,,0,"Chen, Bei",,,,,,bxc152730,bei chen,Intermediate Chinese I 
CHIN,2312,001,2,7,,1,,,,,,,,,,1,,,0,"Chen, Bei",,,,,,bxc152730,bei chen,Intermediate Chinese II 
CLDP,2314,0W1,1,5,4,,3,1,2,1,1,,,,2,1,,,0,"Atchison, Kristin J","Govindaraj, Sharnya",,,,,kja042000,kristin atchison,Lifespan Development 
CLDP,3303,001,5,12,,4,9,3,,5,,1,1,,,2,3,,4,"Maguire, Mandy","Thomas, Abbey L",,,,,mjm053000,mandy maguire,Normal Language Development 
CLDP,3305,001,,61,,,9,,,3,,,,,1,2,1,,0,"Touchstone, Emily W","Moustafa, Rana",,,,,exw010200,emily touchstone,Language and Literacy Development 
CLDP,3310,001,2,5,7,4,1,2,,3,2,1,,,1,,,,2,"Nelson Taylor, Jackie A","Wu, Dennis",,,,,jan110030,jackie nelson,Child Development 
CLDP,3332,001,47,8,1,,1,,3,,,,,,,,2,,0,"Drew, Linda M","Hafiz, Mariam",,,,,lmd102020,linda drew,Social and Personality Development 
CLDP,3339,001,,15,,,2,1,,2,,1,,,,,1,,1,"Huxtable-Jester, Karen J","Li, Yue",,,,,kxh014900,karen huxtable jester,Educational Psychology 
CLDP,3342,0W1,,40,7,4,1,1,1,,,,,,1,1,,,0,"Smith, Olivia","Glotfelty, Annette R",,,,,oxs140330,olivia smith,Exceptional Children 
CLDP,3362,001,,42,,,15,,,3,,,1,,2,1,,,0,"Grant, Meridith G","Sands, Kaitlin R",,,,,mga061000,meridith grant,Cognitive Development 
CLDP,3394,001,,23,,,2,,,1,,,,,,2,,,0,"Grant, Meridith G",,,,,,mga061000,meridith grant,Research and Evaluation Methods 
CLDP,4308,001,,9,,,1,,,,,,,,,2,,,0,"Touchstone, Emily W",,,,,,exw010200,emily touchstone,Language Disorders in Children 
CLDP,4347,001,,10,5,4,1,1,2,2,,1,1,1,1,10,2,,2,"Nelson Taylor, Jackie A","Ralph, Yvonne K",,,,,jan110030,jackie nelson,Marriage and Family Psychology 
COMD,5340,001,,23,,,,,,,,,,,,,,,0,"Aldridge, Michelle A",,,,,,aldridge,michelle aldridge,Articulation Disorders 
COMD,5344,001,,14,,,2,,,,,,,,,,,,0,"Powers, Katharine A","Eppes, Anna A",,,,,kap130730,katharine powers,Anatomy and Physiology of Speech and Hearing 
COMD,6221,001,,98,6,,,,,,,,,,,,,1,0,"Shembel, Adrianna C","Berglund-Barraza, Amy",,,,,acs200005,,Voice Disorders 
COMD,6240,0H1,,57,,,,,,,,,,,,,,,0,"Touchstone, Emily W","Melamed, Tina",,,,,exw010200,emily touchstone,Professional Issues in Speech Language Pathology 
COMD,6307,001,,14,,1,1,,,,,,,,,,,,0,"Maguire, Mandy",,,,,,mjm053000,mandy maguire,Language Acquisition 
COMD,6308,001,,31,,,,,,,,,,,,,,,0,"Rich, Judith B","Poudel, Sonali",,,,,jbm014600,,Assessment and Intervention of Language Impairments in Preschool and School-Age Children 
COMD,6320,001,,14,,,,,,,,,,,,,,,0,"Smith, Irma E","Dean, Lucinda L",,,,,ieg011000,,Motor Speech Disorders 
COMD,6377,001,,22,,,2,,,,,,,,,,,,0,"Kenedi, Helen","Sale, Felicity F",,,,,kenedi,,Neurogenic Communication Disorders I 
COMD,6378,001,,65,,,3,,,,,,,,,,,,0,"Dean, Lucinda L","Sale, Felicity F",,,,,lxl018300,,Neurogenic Communication Disorders II 
COMD,7208,001,,16,,,,,,,,,,,,,,,0,"Brown, Allison T",,,,,,aet052000,,Pediatric Dysphagia 
COMD,7221,001,,48,,,,,,,,,,,,,,1,0,"Carter, Jessica A",,,,,,jar032000,,Preschool Intervention 
COMD,7222,001,,34,,,1,,,,,,,,,,,,0,"Touchstone, Emily W","Melamed, Tina",,,,,exw010200,emily touchstone,Therapy Strategies for School-Age Children 
COMD,7301,501,,20,,,,,,,,,,,,,,,0,"Rich, Judith B",,,,,,jbm014600,,Public School Methods 
COMD,7336,001,,28,,2,1,,,,,,,,,,,1,0,"Rollins, Pamela R",,,,,,rollins,pam rollins,Social Communication in Early Childhood Disorders 
COMD,7384,501,,42,,,,,,,,,,,,,,,0,"Lombardi, Christina L",,,,,,tinalee,,Augmentative Communication 
COMD,7V56,001,,22,,,,,,,,,,,,,,,0,"Rojas-Villarreal, Raul",,,,,,rxr105520,raul rojas villarreal,Bilingual Speech-Language Assessment and Intervention 
COMD,7V91,001,,39,,,,,,,,,,,,,,,0,"Kenedi, Helen",,,,,,kenedi,,Methods in Communication Disorders 
COMM,1311,001,,5,,,4,4,2,1,3,,,,2,1,,,2,"Baker, Barbara L",,,,,,blb140430,barbara baker,Survey of Oral and Technology-based Communication 
COMM,1311,002,,1,3,1,,3,2,1,,1,,1,3,3,1,,3,"Baker, Barbara L",,,,,,blb140430,barbara baker,Survey of Oral and Technology-based Communication 
COMM,1311,003,1,5,3,3,4,1,,1,1,,,,,2,1,,1,"Totusek, Patricia F",,,,,,pft140030,patricia totusek,Survey of Oral and Technology-based Communication 
COMM,1311,004,2,7,4,2,1,2,,2,,,,,,3,,,1,"Arnold, Bob",,,,,,bxa161430,bob arnold,Survey of Oral and Technology-based Communication 
COMM,1311,005,3,6,5,2,3,1,,,,,,,,,,,2,"Arnold, Bob",,,,,,bxa161430,bob arnold,Survey of Oral and Technology-based Communication 
COMM,1311,006,,9,5,5,2,1,,1,,,,,,1,,,0,"Totusek, Patricia F",,,,,,pft140030,patricia totusek,Survey of Oral and Technology-based Communication 
COMM,1311,007,1,5,4,2,3,,,,,1,,,1,,,,1,"Baker, Barbara L",,,,,,blb140430,barbara baker,Survey of Oral and Technology-based Communication 
COMM,1311,008,17,4,1,,1,,,,,,,,,,,,1,"Hanson, Jocyln Y",,,,,,jyh140230,jocyln hanson,Survey of Oral and Technology-based Communication 
COMM,1311,009,14,5,2,,,,,,,,,,,,1,,2,"Tanner, Lari J",,,,,,ljt130130,lari tanner,Survey of Oral and Technology-based Communication 
COMM,1311,010,3,6,6,4,,1,,,,1,,,,2,,,0,"Totusek, Patricia F",,,,,,pft140030,patricia totusek,Survey of Oral and Technology-based Communication 
COMM,1311,0W1,3,4,5,1,2,,,1,,,,,6,,1,,2,"Baynham, Karen M",,,,,,contemp,karen baynham,Survey of Oral and Technology-based Communication 
COMM,1311,0W2,3,2,2,,1,2,,,1,,2,1,4,1,1,,3,"Baynham, Karen M",,,,,,contemp,karen baynham,Survey of Oral and Technology-based Communication 
COMM,1311,0W4,2,6,5,2,1,1,2,,,,1,,,1,2,,0,"Templeton, Allison A",,,,,,aam141730,allison templeton,Survey of Oral and Technology-based Communication 
COMM,1311,0W5,2,2,2,,3,2,3,,,,,,1,2,2,,0,"Templeton, Allison A",,,,,,aam141730,allison templeton,Survey of Oral and Technology-based Communication 
COMM,1311,0W7,3,5,1,3,3,3,1,,,,,,1,1,,,1,"Templeton, Allison A",,,,,,aam141730,allison templeton,Survey of Oral and Technology-based Communication 
COMM,1311,5W1,16,6,,,,,,,,,,,,,,,1,"Tanner, Lari J",,,,,,ljt130130,lari tanner,Survey of Oral and Technology-based Communication 
COMM,1311,5W2,8,5,2,,1,,1,,,1,,,,2,1,,1,"Gregory, Mona Y",,,,,,myg140030,mona gregory,Survey of Oral and Technology-based Communication 
COMM,1311,5W3,6,5,4,,2,1,,,,,,,1,,2,,1,"Gregory, Mona Y",,,,,,myg140030,mona gregory,Survey of Oral and Technology-based Communication 
COMM,1311,5W4,5,8,2,,1,,1,,,,,,2,1,,,1,"Vazzi, Lisa",,,,,,lxv160630,lisa vazzi,Survey of Oral and Technology-based Communication 
COMM,1311,5W6,3,5,5,1,2,3,1,,,,,,,2,,,0,"Totusek, Patricia F",,,,,,pft140030,patricia totusek,Survey of Oral and Technology-based Communication 
COMM,1311,5W7,9,7,3,,,1,,,,1,,,1,,1,,0,"Davis, Letitia",,,,,,laa104020,letitia davis,Survey of Oral and Technology-based Communication 
COMM,1311,5W8,4,14,2,1,1,1,1,,,,,,,,,,0,"Templeton, Allison A",,,,,,aam141730,allison templeton,Survey of Oral and Technology-based Communication 
COMM,1311,5W9,6,8,1,5,1,,,,,,,,,1,,,0,"Juarez, Veronica",,,,,,vxj161430,veronica juarez,Survey of Oral and Technology-based Communication 
COMM,1315,001,18,1,1,,1,,,,,,,,,2,,,1,"Saenz, Michael A",,,,,,mas130030,michael saenz,Public Speaking 
COMM,1315,002,14,2,2,,1,1,1,,,,,,1,1,1,,0,"Saenz, Michael A",,,,,,mas130030,michael saenz,Public Speaking 
COMM,1315,0W1,,4,3,1,5,3,,1,,1,1,,1,3,,,1,"Warren, Jason L",,,,,,jxw174630,jason warren,Public Speaking 
COMM,1315,0W3,5,9,1,1,3,,,,1,,,,1,1,,,0,"Skiles, Bradley W",,,,,,bws150030,bradley skiles,Public Speaking 
COMM,1315,0W4,3,7,1,1,1,3,,,,,,,3,1,,,1,"Cannon, Charles",,,,,,cxc190014,charles cannon,Public Speaking 
COMM,1315,0W5,4,7,7,,1,,,1,1,,,,,1,,,2,"Cannon, Charles",,,,,,cxc190014,charles cannon,Public Speaking 
COMM,3320,001,2,7,1,,,,,,,,,,,,,,0,"Lingo, Kathy A",,,,,,klingo,kathy lingo,Readers  Theater 
COMM,3321,001,,,3,2,4,,,,,,,,,,,,1,"Gooch, John C",,,,,,jcg053000,john gooch,Advanced Public Speaking 
COMM,3340,0W1,1,8,,2,1,,,,1,,,,,,,,1,"Schlobohm, Maribeth L",,,,,,mls077000,maribeth (betsy) schlobohm,Small Group Communication 
COMM,4360,001,2,10,1,1,2,,,,,1,,,,,,,0,"King, Carie S",,,,,,cxl085200,carie king,Communication Ethics 
COMM,4371,0H1,3,11,1,1,,,,,,,,,,1,,,1,"Hernandez-Katz, Melissa M",,,,,,mhkatz,melissa hernandez katz,Communication and Professionalism 
CRIM,1301,0W1,,2,6,9,6,15,2,6,1,3,1,2,6,4,2,,4,"Sanders, Whitney S",,,,,,wss190000,whitney sanders,Introduction to Criminal Justice 
CRIM,1301,0W2,20,39,9,3,4,,,1,,,,,2,1,,,0,"Polk, Elmer O","Gordon, Quinn T",,,,,peo091000,elmer polk,Introduction to Criminal Justice 
CRIM,1307,001,12,23,12,5,3,3,1,2,,,,,4,,,,3,"Yim, Haneul",,,,,,hxy170530,,Introduction to Crime and Criminology 
CRIM,1307,0W1,,23,12,10,8,4,2,7,,,1,,3,5,1,,3,"Kovandzic, Tomislav","Sanil Mannumood, Merin",,,,,tvk071000,tomislav kovandzic,Introduction to Crime and Criminology 
CRIM,2308,0W1,6,23,9,8,6,3,1,1,,1,,,,,2,,0,"Gammell, Sarah P","Dore, Gaetan",,,,,spg160530,sarah gammell,Juvenile Law 
CRIM,2313,0W1,1,9,1,,11,,,6,,,1,,1,2,1,,0,"Taylor, Robert W","Wilds, Katherine M",,,,,rwt092000,robert taylor,Police and Society 
CRIM,2316,0W1,15,17,3,,3,2,,,,,1,,1,,,,1,"Polk, Elmer O","Gordon, Quinn T",,,,,peo091000,elmer polk,Corrections 
CRIM,2317,0W1,12,20,3,2,7,,1,2,,1,,,2,,,,1,"Polk, Elmer O","Gordon, Quinn T",,,,,peo091000,elmer polk,Criminal Prosecution and Court Process 
CRIM,3300,0W1,,16,13,7,9,5,5,2,1,2,1,1,4,1,1,,2,"Worrall, John L","Sanford, Stephanie M",,,,,jlw064000,john worrall,Crime and Civil Liberties 
CRIM,3301,0W1,10,6,10,13,4,5,3,1,1,1,,,4,,,,4,"Hayslip, Melissa P","Wilds, Katherine M",,,,,mpb150030,melissa hayslip,Theories of Justice 
CRIM,3302,001,1,3,8,7,7,2,,3,3,,4,,4,3,2,,0,"Gammell, Sarah P",,,,,,spg160530,sarah gammell,Advanced Criminology 
CRIM,3303,001,2,5,5,2,5,2,2,2,,1,1,,3,3,1,,0,"Riddell, Jordan R",,,,,,jxr122330,,Advanced Criminal Justice 
CRIM,3307,0W1,8,11,6,4,3,3,,6,,1,2,1,2,1,1,,0,"Park, Yeonjae",,,,,,yxp190004,yeonjae park,Immigration and Crime 
CRIM,3309,0W1,24,16,5,5,3,3,1,,,,1,,,2,,,0,"Gammell, Sarah P",,,,,,spg160530,sarah gammell,Media and Crime 
CRIM,3310,0W1,47,19,2,1,,1,,1,,,,,1,1,1,,0,"Polk, Elmer O","Gordon, Quinn T",,,,,peo091000,elmer polk,Youth Crime and Justice 
CRIM,3312,001,1,2,1,2,2,3,3,4,1,1,1,,1,1,1,,2,"Jacobs, Bruce A","Dore, Gaetan",,,,,baj034000,bruce jacobs,Drugs and Crime 
CRIM,3319,0W1,13,8,9,4,4,7,4,2,2,,1,,4,1,,,0,"Hayslip, Melissa P","Wilds, Katherine M",,,,,mpb150030,melissa hayslip,Comparative Justice Systems 
CRIM,3320,0W1,29,13,10,4,1,,,,,1,1,,,,,,1,"Corey, Jessica",,,,,,jxc190009,jessica corey,Homicide and Capital Punishment 
CRIM,3323,0W1,1,2,3,1,6,2,2,,1,,2,,7,2,,,1,"Kovandzic, Tomislav","Sanil Mannumood, Merin",,,,,tvk071000,tomislav kovandzic,Violence and Gun Control 
CRIM,4311,0W1,8,5,7,10,2,3,3,2,1,,,1,5,2,,,1,"Hayslip, Melissa P",,,,,,mpb150030,melissa hayslip,Crime and Justice Policy 
CRIM,4322,0H1,2,3,7,8,2,3,3,,,,1,,1,1,,,0,"Vieraitis, Lynne M","Hamer, Karen",,,,,lmv071000,lynne vieraitis,Senior Research Seminar 
CRIM,4336,0W1,1,22,1,,14,1,,2,,,2,1,2,,,,3,"Taylor, Robert W","Sanford, Stephanie M",,,,,rwt092000,robert taylor,Introduction to Terrorism 
CRIM,4396,001,,9,,,6,,,1,,,1,,,,,,1,"Derlic, Dragana",,,,,,dxd171830,dragana derlic,Selected Topics in Criminology 
CRIM,6311,0W1,,10,8,1,5,,1,,,,,,,,,,0,"Vieraitis, Lynne M",,,,,,lmv071000,lynne vieraitis,Crime and Justice Policy 
CRIM,6315,001,,11,5,,,1,,,,,,,,,,,0,"Jacobs, Bruce A",,,,,,baj034000,bruce jacobs,Violent Crime 
CRIM,6381,001,,16,1,,2,,,,,,,,,,,,0,"Harris, Michelle N",,,,,,mnh200001,michelle harris,Special Topics in Criminology 
CRWT,2301,001,6,,1,1,,,,,,,1,,,2,,,0,"Wright, Adam M",,,,,,amw140430,adam wright,Introduction to Creative Writing 
CRWT,2301,002,2,8,1,,,,,,,,,,,,,,0,"Balasa, Alexandra",,,,,,axb177630,alexandra balasa,Introduction to Creative Writing 
CRWT,2301,003,10,2,1,,2,,,,,,,,,,,,0,"Baker, Matthew W",,,,,,mwb190002,matthew baker,Introduction to Creative Writing 
CRWT,2301,004,6,5,,2,,1,,,,1,,,,,,,0,"Ocasio-Russe, Lizbette",,,,,,lxo160130,lizbette ocasio russe,Introduction to Creative Writing 
CRWT,2301,501,2,3,2,,1,,,,,,1,,2,,,,1,"Crawford, Rachel",,,,,,rxc161430,rachel crawford,Introduction to Creative Writing 
CRWT,2301,502,4,,3,,,,1,,,,1,,,1,,,0,"Neal, Laura",,,,,,lxn200009,laura neal,Introduction to Creative Writing 
CRWT,3306,001,3,2,2,2,1,2,,1,,,,,,,,,0,"Beck, Emilie",,,,,,exb210000,,Fiction Workshop 
CRWT,3306,501,,6,,1,2,,,,,,,,2,,,,2,"Watkins, Latoya S",,,,,,lws031000,latoya watkins,Fiction Workshop 
CRWT,3308,001,2,4,5,1,1,1,,,,,,,,,,,0,"Malesic, Jonathan",,,,,,jxm210001,jonathan malesic,Nonfiction Workshop 
CRWT,3330,501,,3,1,4,,,2,,2,,,,,,,,0,"Vincent, Shelby D",,,,,,sdv034000,shelby vincent,Translation Workshop 
CRWT,3351,501,6,2,3,1,,1,,,,1,,1,,,,,0,"Leverone, Julia",,,,,,jxl162631,julia leverone,Poetry Workshop 
CRWT,3351,HN1,5,,1,2,1,,,,,,,,,1,,,1,"Neal, Laura",,,,,,lxn200009,laura neal,Poetry Workshop 
CRWT,3354,501,,8,3,1,1,,,1,,,,,,,,,1,"Goldberg, Paula",,,,,,pxg180023,paula goldberg,Screenwriting 
CRWT,3354,HN1,,5,2,3,,,,,,,,,,1,,,1,"Goldberg, Paula",,,,,,pxg180023,paula goldberg,Screenwriting 
CS,1134,1W1,26,15,1,4,2,,1,4,,,,,6,,2,,4,"Doore, Karen L",,,,,,kld054000,karen doore,Computer Science Laboratory 
CS,1134,1W2,29,5,3,1,7,,1,1,1,,1,,1,,1,,6,"Doore, Karen L",,,,,,kld054000,karen doore,Computer Science Laboratory 
CS,1136,1W1,52,6,3,,3,,,,1,,,,4,1,1,,4,"Doore, Karen L",,,,,,kld054000,karen doore,Computer Science Laboratory 
CS,1136,1W2,34,4,3,1,3,,,1,1,,1,,5,,4,,1,"Doore, Karen L",,,,,,kld054000,karen doore,Computer Science Laboratory 
CS,1136,1W3,21,2,2,1,,1,1,1,1,,3,,7,1,4,,8,"Doore, Karen L",,,,,,kld054000,karen doore,Computer Science Laboratory 
CS,1136,1W4,22,5,1,3,,2,1,2,,,,,7,,1,,4,"Doore, Karen L",,,,,,kld054000,karen doore,Computer Science Laboratory 
CS,1136,1W6,21,2,,1,,2,,,,,1,,3,1,4,,3,"Doore, Karen L",,,,,,kld054000,karen doore,Computer Science Laboratory 
CS,1136,1W8,31,1,3,,1,3,2,2,1,,,,4,,,,5,"Doore, Karen L",,,,,,kld054000,karen doore,Computer Science Laboratory 
CS,1324,001,9,16,9,6,8,2,4,1,3,,,,1,5,,,0,"Paulk, Mark C",,,,,,mcp130030,mark paulk,Introduction to Programming for Biomedical Engineers 
CS,1325,001,,5,14,16,12,7,3,1,2,,2,,1,10,3,,2,"Solanki, Nidhiben M",,,,,,nxs121130,nidhiben solanki,Introduction to Programming 
CS,1325,002,4,8,9,5,4,2,2,1,8,1,1,,2,6,8,,5,"Le, Khiem V",,,,,,kvl140030,khiem le,Introduction to Programming 
CS,1325,003,3,,3,,3,1,,1,3,2,,2,3,,3,,4,"Srinivasan, Srimathi",,,,,,sxs180206,srimathi srinivasan,Introduction to Programming 
CS,1334,001,10,5,6,2,4,8,,2,4,4,,,3,1,6,,4,"Srinivasan, Srimathi",,,,,,sxs180206,srimathi srinivasan,Programming Fundamentals for Non-Majors 
CS,1334,002,5,15,6,4,12,3,4,3,1,3,,2,6,1,3,,6,"Arnold, Gordon L",,,,,,gxa120930,gordon arnold,Programming Fundamentals for Non-Majors 
CS,1335,002,8,4,9,4,4,6,1,1,1,3,,,1,1,1,,6,"Narayanasami, Priya",,,,,,pxn173330,priya narayanasami,Computer Science I for Non-majors 
CS,1335,0W1,42,22,1,,3,,1,,,,,,1,,1,,1,"Doore, Karen L",,,,,,kld054000,karen doore,Computer Science I for Non-majors 
CS,1336,001,6,18,15,3,6,3,1,,3,,,,4,8,5,,3,"Karrah, Shyam S",,,,,,skarrah,shyam karrah,Programming Fundamentals 
CS,1336,002,5,21,13,5,4,3,2,,1,,,,2,1,3,,1,"Dollinger, Scott M",,,,,,smd013000,scott dollinger,Programming Fundamentals 
CS,1336,003,1,4,4,4,2,3,,3,,,4,1,12,3,9,,10,"Thompson, Laurie A",,,,,,lthomp,laurie thompson,Programming Fundamentals 
CS,1336,004,,3,3,6,7,4,2,6,,2,4,2,6,6,4,,5,"Thompson, Laurie A",,,,,,lthomp,laurie thompson,Programming Fundamentals 
CS,1336,501,,5,5,8,6,10,2,2,3,2,1,,5,5,4,,3,"Solanki, Nidhiben M",,,,,,nxs121130,nidhiben solanki,Programming Fundamentals 
CS,1336,503,12,19,9,1,4,1,,2,1,,1,,3,,1,,6,"Dollinger, Scott M",,,,,,smd013000,scott dollinger,Programming Fundamentals 
CS,1337,002,9,1,2,,4,,,2,,1,1,1,2,1,4,,6,"Razo Razo, Miguel A",,,,,,mrazora,miguel razo,Computer Science I 
CS,1337,003,12,19,2,2,,5,3,1,,,,,1,1,2,,3,"DeGroot, Doug",,,,,,dxd180020,doug degroot,Computer Science I 
CS,1337,004,,14,4,,16,2,,1,,,1,,4,2,2,,3,"Cole, John",,,,,,jxc064000,john cole,Computer Science I 
CS,1337,006,15,7,,,1,3,1,2,,,1,1,1,5,4,,2,"Veerasamy, Jeyakesavan",,,,,,veerasam,jeyakesavan veerasamy,Computer Science I 
CS,1337,007,,7,3,2,2,1,1,,,,2,,4,5,5,,20,"Smith, Jason W",,,,,,jws130830,jason smith,Computer Science I 
CS,1337,008,,5,2,2,3,,1,1,,,,,10,5,6,,4,"Smith, Jason W",,,,,,jws130830,jason smith,Computer Science I 
CS,1337,009,,21,1,2,15,,,2,,,3,,1,3,1,,3,"Cole, John",,,,,,jxc064000,john cole,Computer Science I 
CS,1337,010,4,32,3,2,4,1,,,,,,,,4,1,,1,"DeGroot, Doug",,,,,,dxd180020,doug degroot,Computer Science I 
CS,1337,011,7,10,7,5,6,1,1,2,1,1,,1,1,4,4,,2,"Le, Khiem V",,,,,,kvl140030,khiem le,Computer Science I 
CS,1337,012,9,18,6,6,3,,,3,1,,,,1,2,1,,1,"Dollinger, Scott M",,,,,,smd013000,scott dollinger,Computer Science I 
CS,1337,014,13,20,8,,1,1,,1,,,1,,1,1,2,,5,"Dollinger, Scott M",,,,,,smd013000,scott dollinger,Computer Science I 
CS,1337,015,7,6,6,4,5,4,,,,,,1,5,6,3,,3,"Le, Khiem V",,,,,,kvl140030,khiem le,Computer Science I 
CS,2305,001,7,9,2,7,6,3,,2,1,,,,4,15,6,,13,"Ouyang, Jessica J","Ocampo Diaz, Gerardo",,,,,jjo190001,jessica ouyang,Discrete Mathematics for Computing I 
CS,2305,002,,,1,3,,4,,2,1,1,1,,7,17,3,,9,"Ntafos, Simeon",,,,,,ntafos,simeon ntafos,Discrete Mathematics for Computing I 
CS,2305,003,,11,2,6,6,3,3,1,,,1,,4,6,4,,6,"Chin, Wei-Pang",,,,,,wxc180013,wei pang chin,Discrete Mathematics for Computing I 
CS,2305,004,,7,3,4,4,6,2,4,,,,,2,3,4,,11,"Chin, Wei-Pang",,,,,,wxc180013,wei pang chin,Discrete Mathematics for Computing I 
CS,2305,0W2,8,33,10,4,3,2,,,,,1,,,3,2,,0,"Farage, Timothy P",,,,,,tfarage,timothy farage,Discrete Mathematics for Computing I 
CS,2305,0W4,2,33,7,4,11,,1,,,,,,2,5,,,3,"Farage, Timothy P",,,,,,tfarage,timothy farage,Discrete Mathematics for Computing I 
CS,2305,501,2,8,5,7,2,1,1,1,,1,1,,1,19,10,,5,"Willson, James K",,,,,,jkw053000,james willson,Discrete Mathematics for Computing I 
CS,2305,502,,,,1,2,1,,,,1,,,9,11,10,,9,"Ntafos, Simeon",,,,,,ntafos,simeon ntafos,Discrete Mathematics for Computing I 
CS,2305,504,,9,6,4,9,8,1,1,,,2,,2,4,1,,6,"Chin, Wei-Pang",,,,,,wxc180013,wei pang chin,Discrete Mathematics for Computing I 
CS,2335,0W1,22,15,6,,6,,,,,,,,2,,,,1,"Doore, Karen L",,,,,,kld054000,karen doore,Computer Science II for Non-majors 
CS,2336,001,4,11,6,4,4,,1,1,1,,,,,6,8,,19,"Smith, Jason W",,,,,,jws130830,jason smith,Computer Science II 
CS,2336,0W1,42,2,2,,2,1,,1,1,1,,,2,3,5,,12,"Nouroz Borazjany, Mehra",,,,,,mxn143230,mehra borazjany,Computer Science II 
CS,2336,0W2,25,2,5,1,1,,,,,,,,11,3,9,,11,"Nouroz Borazjany, Mehra",,,,,,mxn143230,mehra borazjany,Computer Science II 
CS,2336,501,6,9,5,11,8,2,2,4,1,,,,3,7,,,0,"Chappidi, Sruthi",,,,,,sxc105920,sruthi chappidi,Computer Science II 
CS,2337,001,1,9,6,1,5,2,2,2,2,2,2,,8,5,8,,8,"Arnold, Gordon L",,,,,,gxa120930,gordon arnold,Computer Science II 
CS,2340,001,,10,8,6,8,8,4,4,4,,1,,2,10,3,,3,"Ikram, Muhammad Z",,,,,,mzi041000,muhammad ikram,Computer Architecture 
CS,2340,002,2,12,6,3,8,3,,2,,5,2,,4,5,1,,6,"Nguyen, Nhut",,,,,,nhutnn,nhut nguyen,Computer Architecture 
CS,2340,003,,7,2,1,6,2,1,,,,2,,4,4,,,5,"Ikram, Muhammad Z",,,,,,mzi041000,muhammad ikram,Computer Architecture 
CS,2340,0W1,1,10,13,9,4,3,1,1,1,,,1,5,8,3,,6,"Mazidi, Karen J",,,,,,kjm160430,karen mazidi,Computer Architecture 
CS,2340,0W2,17,11,9,7,1,3,,,2,,1,,,14,1,,0,"Karami, Gity",,,,,,gxk180009,gity karami,Computer Architecture 
CS,2340,0W3,2,9,6,3,5,4,1,3,,,3,,5,15,2,,6,"Mazidi, Karen J",,,,,,kjm160430,karen mazidi,Computer Architecture 
CS,2340,0W4,,5,11,2,4,5,1,1,1,1,,,2,18,5,,3,"Mazidi, Karen J",,,,,,kjm160430,karen mazidi,Computer Architecture 
CS,2340,501,1,12,9,3,2,9,2,1,4,,,,3,11,5,,5,"Nguyen, Nhut",,,,,,nhutnn,nhut nguyen,Computer Architecture 
CS,2340,HW1,13,9,8,3,,1,,,,1,,,1,4,,,1,"Page, Ivor",,,,,,ivor,ivor page,Computer Architecture 
CS,3162,051,31,7,5,,1,,,1,,,,,,1,1,,0,"Debroy, Vidroha",,,,,,vxd024000,vidroha debroy,Professional Responsibility in Computer Science and Software Engineering 
CS,3162,052,,7,19,6,2,6,2,3,,,1,,,5,,,1,"Chin, Wei-Pang",,,,,,wxc180013,wei pang chin,Professional Responsibility in Computer Science and Software Engineering 
CS,3162,091,39,5,,1,2,,,,,,,,,1,1,,0,"Debroy, Vidroha",,,,,,vxd024000,vidroha debroy,Professional Responsibility in Computer Science and Software Engineering 
CS,3162,092,,7,12,4,6,7,1,2,2,,,,,2,,,1,"Chin, Wei-Pang",,,,,,wxc180013,wei pang chin,Professional Responsibility in Computer Science and Software Engineering 
CS,3162,551,14,20,8,2,,,1,1,,,,,,,,,0,"DeGroot, Doug",,,,,,dxd180020,doug degroot,Professional Responsibility in Computer Science and Software Engineering 
CS,3162,591,25,17,4,,,1,1,1,,,,,,2,,,0,"DeGroot, Doug",,,,,,dxd180020,doug degroot,Professional Responsibility in Computer Science and Software Engineering 
CS,3305,001,8,12,1,6,2,4,1,1,,,,,1,1,1,,2,"Chitturi, Bhadrachalam",,,,,,chalam,chitturi bhadrachalam,Discrete Mathematics for Computing II 
CS,3305,0W1,,21,4,18,8,,3,1,1,,,,2,6,4,,1,"Satpute, Meghana N",,,,,,mns086000,meghana satpute,Discrete Mathematics for Computing II 
CS,3305,0W2,,20,6,11,13,1,2,1,,,1,,6,2,2,,2,"Satpute, Meghana N",,,,,,mns086000,meghana satpute,Discrete Mathematics for Computing II 
CS,3305,0W3,,22,11,13,8,3,2,1,1,,,,4,4,1,,0,"Satpute, Meghana N","Zamani, Mahmoud",,,,,mns086000,meghana satpute,Discrete Mathematics for Computing II 
CS,3305,0W4,26,42,5,1,2,1,,,,,,,,2,,,0,"Farage, Timothy P",,,,,,tfarage,timothy farage,Discrete Mathematics for Computing II 
CS,3305,501,48,10,4,,1,1,,2,,,,,1,,,,0,"Uribe, Daniel M",,,,,,dmu011000,daniel uribe,Discrete Mathematics for Computing II 
CS,3305,502,4,22,16,5,4,2,,4,4,2,1,,,6,6,,3,"Willson, James K",,,,,,jkw053000,james willson,Discrete Mathematics for Computing II 
CS,3305,HON,5,20,5,1,1,1,,,,,,,,4,,,1,"Prakash, Ravi",,,,,,ravip,ravi prakash,Discrete Mathematics for Computing II 
CS,3341,001,53,7,4,4,6,1,,,,2,,,1,4,4,,1,"Whalen, Tristan G","Wang, Tingfang","Oh, Sungjin",,,,tgw100020,tristan whalen,Probability and Statistics in Computer Science and Software Engineering 
CS,3341,002,35,5,3,3,4,3,1,1,2,2,1,,4,13,2,,2,"Whalen, Tristan G","Wang, Tingfang","Oh, Sungjin",,,,tgw100020,tristan whalen,Probability and Statistics in Computer Science and Software Engineering 
CS,3341,0H1,,8,5,9,10,8,6,3,5,4,2,3,5,10,5,,1,"Guo, Huizhen","Wang, Tingfang",,,,,hxg190020,huizhen guo,Probability and Statistics in Computer Science and Software Engineering 
CS,3341,0H2,8,17,7,8,9,6,1,5,3,1,,,4,13,5,,4,"Guo, Huizhen","Kumara, Mananage Sanjaya M",,,,,hxg190020,huizhen guo,Probability and Statistics in Computer Science and Software Engineering 
CS,3341,0W1,48,5,4,1,3,1,,2,1,,3,,2,6,5,,1,"Whalen, Tristan G","Wang, Tingfang","Oh, Sungjin","Langford, John",,,tgw100020,tristan whalen,Probability and Statistics in Computer Science and Software Engineering 
CS,3341,5H1,3,10,6,7,16,2,4,3,8,1,2,,3,11,4,,3,"Guo, Huizhen","Oh, Sungjin",,,,,hxg190020,huizhen guo,Probability and Statistics in Computer Science and Software Engineering 
CS,3345,001,9,6,7,11,4,1,1,2,1,,1,1,,7,,,1,"Ozbirn, Greg A",,,,,,ozbirn,greg ozbirn,Data Structures and Introduction to Algorithmic Analysis 
CS,3345,002,,3,5,2,4,6,1,1,1,1,,3,3,5,5,,10,"Alagar, Sridhar",,,,,,sxa173731,sridhar alagar,Data Structures and Introduction to Algorithmic Analysis 
CS,3345,003,3,5,7,6,3,1,1,,,,,2,2,10,4,,8,"Alagar, Sridhar",,,,,,sxa173731,sridhar alagar,Data Structures and Introduction to Algorithmic Analysis 
CS,3345,004,6,15,10,7,6,2,,,2,,,,1,10,1,,4,"Ozbirn, Greg A",,,,,,ozbirn,greg ozbirn,Data Structures and Introduction to Algorithmic Analysis 
CS,3345,005,1,12,5,4,15,1,1,1,,,1,,1,11,4,,3,"Chappidi, Sruthi",,,,,,sxc105920,sruthi chappidi,Data Structures and Introduction to Algorithmic Analysis 
CS,3345,0W1,7,14,8,8,5,2,1,1,,1,,2,,4,2,,1,"Feng, Ranran",,,,,,rxf090020,ranran feng,Data Structures and Introduction to Algorithmic Analysis 
CS,3345,0W2,3,11,10,8,8,5,2,3,,2,,3,2,4,1,,4,"Feng, Ranran",,,,,,rxf090020,ranran feng,Data Structures and Introduction to Algorithmic Analysis 
CS,3345,0W3,,21,8,20,4,2,,1,,,,,1,6,,,1,"Satpute, Meghana N",,,,,,mns086000,meghana satpute,Data Structures and Introduction to Algorithmic Analysis 
CS,3345,501,9,13,7,7,9,3,1,3,,,,,1,5,,,1,"Khan, Ziaullah",,,,,,kkhan,ziaullah khan,Data Structures and Introduction to Algorithmic Analysis 
CS,3345,502,12,6,10,3,7,1,2,1,,,,,,8,,,2,"Khan, Ziaullah",,,,,,kkhan,ziaullah khan,Data Structures and Introduction to Algorithmic Analysis 
CS,3354,001,,7,8,3,2,5,2,1,,2,2,,,23,,,4,"Murthy, Sudarshan S",,,,,,ssm200023,sudarshan murthy,Software Engineering 
CS,3354,002,,13,9,10,7,5,2,2,,,,,1,7,2,,0,"Paulk, Mark C",,,,,,mcp130030,mark paulk,Software Engineering 
CS,3354,003,1,5,5,2,8,3,2,,1,2,,1,2,19,3,,2,"Murthy, Sudarshan S",,,,,,ssm200023,sudarshan murthy,Software Engineering 
CS,3354,004,16,31,8,1,3,1,,,,,,,,1,,,0,"Smith, Klyne",,,,,,kxs180052,klyne smith,Software Engineering 
CS,3354,005,7,9,7,2,5,8,1,1,1,,,1,,3,1,,0,"Christiansen, Michael G",,,,,,mgc013000,michael christiansen,Software Engineering 
CS,3354,0W1,,15,6,9,6,5,4,1,1,,1,,1,7,,,0,"Solanki, Nidhiben M",,,,,,nxs121130,nidhiben solanki,Software Engineering 
CS,3354,0W2,4,4,8,2,3,8,1,1,,1,,1,3,4,1,,2,"Nouroz Borazjany, Mehra",,,,,,mxn143230,mehra borazjany,Software Engineering 
CS,3354,0W3,,6,,1,2,,4,2,,1,1,,2,2,,,1,"Solanki, Nidhiben M",,,,,,nxs121130,nidhiben solanki,Software Engineering 
CS,3360,001,1,1,1,1,4,2,1,3,1,,,,2,1,1,,4,"Arnold, Gordon L",,,,,,gxa120930,gordon arnold,Computer Graphics for Artists and Designers 
CS,3377,001,14,24,7,4,2,2,1,,,,,,,1,2,,4,"Kapoor, Bhanu",,,,,,bxk101000,bhanu kapoor,C C  Programming in a UNIX Environment 
CS,3377,002,3,2,8,6,7,5,3,2,1,4,,,1,4,1,,9,"Min, Richard K",,,,,,rkm010300,richard min,C C  Programming in a UNIX Environment 
CS,3377,0W1,,26,8,6,5,2,3,,1,1,1,,,4,1,,3,"Nguyen, Nhut",,,,,,nhutnn,nhut nguyen,C C  Programming in a UNIX Environment 
CS,3377,0W2,6,10,7,8,10,2,4,2,,,,,,7,,,1,"Min, Richard K",,,,,,rkm010300,richard min,C C  Programming in a UNIX Environment 
CS,3377,0W3,6,14,13,4,,3,,,,,,2,2,18,1,,1,"Veerasamy, Jeyakesavan",,,,,,veerasam,jeyakesavan veerasamy,C C  Programming in a UNIX Environment 
CS,3377,0W4,8,7,14,6,3,2,,,1,,,,3,7,4,,2,"Veerasamy, Jeyakesavan",,,,,,veerasam,jeyakesavan veerasamy,C C  Programming in a UNIX Environment 
CS,3377,0W5,17,8,9,5,5,3,1,,1,1,,,2,8,4,,5,"Perkins, Stephen J",,,,,,sxp127930,stephen perkins,C C  Programming in a UNIX Environment 
CS,3377,0W6,14,9,8,1,3,2,,,,,1,,,17,4,,4,"Perkins, Stephen J",,,,,,sxp127930,stephen perkins,C C  Programming in a UNIX Environment 
CS,3377,0W7,2,8,1,,3,2,,2,,,2,,4,2,2,,1,"Belkoura, Mohamed Amine",,,,,,mxb135330,mohamed amine belkoura,C C  Programming in a UNIX Environment 
CS,3377,501,11,8,6,4,6,,2,,1,,2,,5,2,6,,4,"Peterson, Erik A",,,,,,eap190004,erik peterson,C C  Programming in a UNIX Environment 
CS,4141,1W1,6,14,2,1,1,,,1,1,,,,1,2,,,0,"Becker, Eric W","Khargonkar, Ninad Arun","Malouf, Brian D","Lu, Yangxiao",,,ewb160130,eric becker,Digital Systems Laboratory 
CS,4141,1W2,6,9,1,2,3,,,,2,,1,,2,3,,,1,"Becker, Eric W","Lu, Yangxiao","Malouf, Brian D","Khargonkar, Ninad Arun",,,ewb160130,eric becker,Digital Systems Laboratory 
CS,4141,1W3,8,7,5,4,,1,,,1,,,,3,,,,1,"Becker, Eric W","Khargonkar, Ninad Arun","Malouf, Brian D","Lu, Yangxiao",,,ewb160130,eric becker,Digital Systems Laboratory 
CS,4141,1W4,17,8,2,,,,,,,,,,,1,,,1,"Becker, Eric W","Khargonkar, Ninad Arun","Malouf, Brian D","Lu, Yangxiao",,,ewb160130,eric becker,Digital Systems Laboratory 
CS,4141,1W5,6,4,2,6,1,1,,,,1,,,,1,1,,1,"Becker, Eric W","Lu, Yangxiao","Malouf, Brian D","Khargonkar, Ninad Arun",,,ewb160130,eric becker,Digital Systems Laboratory 
CS,4141,1W6,12,6,4,,,1,,,1,1,,,,1,,,1,"Becker, Eric W","Khargonkar, Ninad Arun","Malouf, Brian D","Lu, Yangxiao",,,ewb160130,eric becker,Digital Systems Laboratory 
CS,4141,1W7,10,3,3,3,,2,,,,,,,,2,,,2,"Becker, Eric W","Lu, Yangxiao","Malouf, Brian D","Khargonkar, Ninad Arun",,,ewb160130,eric becker,Digital Systems Laboratory 
CS,4141,1W8,15,4,2,2,,1,,,,,,,,2,,,2,"Becker, Eric W","Khargonkar, Ninad Arun","Malouf, Brian D","Lu, Yangxiao",,,ewb160130,eric becker,Digital Systems Laboratory 
CS,4141,1W9,16,1,1,4,,1,,1,,,,,,,1,,0,"Becker, Eric W","Khargonkar, Ninad Arun","Malouf, Brian D","Lu, Yangxiao",,,ewb160130,eric becker,Digital Systems Laboratory 
CS,4141,5W1,12,6,1,,1,,,,,,,,1,,,,1,"Becker, Eric W","Lu, Yangxiao","Malouf, Brian D","Khargonkar, Ninad Arun",,,ewb160130,eric becker,Digital Systems Laboratory 
CS,4141,5W2,17,6,,,1,,,,1,,,,,1,,,0,"Becker, Eric W","Khargonkar, Ninad Arun","Malouf, Brian D","Lu, Yangxiao",,,ewb160130,eric becker,Digital Systems Laboratory 
CS,4141,5W3,16,2,4,2,1,,,,1,,,,,1,,,1,"Becker, Eric W","Khargonkar, Ninad Arun","Malouf, Brian D","Lu, Yangxiao",,,ewb160130,eric becker,Digital Systems Laboratory 
CS,4141,HW1,17,3,,,1,,,,,,,,1,,,,0,"Page, Ivor","Lu, Yangxiao",,,,,ivor,ivor page,Digital Systems Laboratory 
CS,4141,HW2,9,5,2,,,,,,,,1,,1,2,,,1,"Page, Ivor","Lu, Yangxiao",,,,,ivor,ivor page,Digital Systems Laboratory 
CS,4301,001,,1,,,1,,,2,,,,,,5,1,,5,"Goodrum, Richard A","Ashtiani, Omeed E",,,,,rag150330,richard goodrum,Special Topics in Computer Science 
CS,4301,002,,23,4,2,9,,,2,,,1,,,7,,,1,"Cole, John","Chung, Yu-Yen","Li, Jincheng","Liu, Dongpeng",,,jxc064000,john cole,Special Topics in Computer Science 
CS,4301,003,3,9,2,1,1,,1,,,,2,,,6,2,,4,"Jee, Kangkook",,,,,,kxj190011,kangkook jee,Special Topics in Computer Science 
CS,4301,0W1,1,3,5,1,2,,,,,,,,2,3,,,1,"Desmedt, Yvo G","Lam, Tan D",,,,,ygd120030,yvo desmedt,Special Topics in Computer Science 
CS,4301,0W2,3,3,2,2,3,1,,,,,1,,,5,,,5,"Gupta, Gopal","Ghanbari, Ali",,,,,gupta,gopal gupta,Special Topics in Computer Science 
CS,4332,001,10,16,9,3,3,4,1,,1,,,,1,3,1,,4,"Feng, Ranran","Mathur, Saurabh Sanjay",,,,,rxf090020,ranran feng,Introduction to Programming Video Games 
CS,4337,001,2,20,15,9,7,3,3,,,,,,,5,,,1,"Davis, Chris I","Li, Dongcheng",,,,,cid021000,chris davis,Organization of Programming Languages 
CS,4337,002,5,4,3,6,8,5,2,5,1,3,1,,1,14,,,5,"Min, Richard K","Dakshit, Sagnik",,,,,rkm010300,richard min,Organization of Programming Languages 
CS,4337,003,5,25,13,13,4,,1,,,,,,,8,1,,1,"Davis, Chris I","Wang, Guanghua",,,,,cid021000,chris davis,Organization of Programming Languages 
CS,4337,004,9,31,12,6,3,1,1,,,,,,,2,,,0,"Davis, Chris I","Desai, Takshak",,,,,cid021000,chris davis,Organization of Programming Languages 
CS,4337,0W1,18,4,3,4,2,,1,2,,,1,,1,8,1,,0,"Karami, Gity","Mohammadpour, Somayeh",,,,,gxk180009,gity karami,Organization of Programming Languages 
CS,4337,501,,7,6,,4,1,,,2,,1,,3,6,5,,5,"Salazar, Elmer E","Liu, Dongpeng","Lam, Tan D","Mathur, Saurabh Sanjay",,,ees101020,elmer salazar,Organization of Programming Languages 
CS,4337,502,,1,3,,1,3,1,1,,2,,,1,3,2,,2,"Salazar, Elmer E","Wu, Zhouxiang",,,,,ees101020,elmer salazar,Organization of Programming Languages 
CS,4337,HON,6,20,3,,,,,,,,,,,,,,0,"Davis, Chris I","Peddi, Rohith",,,,,cid021000,chris davis,Organization of Programming Languages 
CS,4341,001,2,17,4,10,10,2,,6,1,,1,,3,15,,,3,"Cankaya, Ebru C",,,,,,exc067000,ebru cankaya,Digital Logic and Computer Design 
CS,4341,002,46,11,3,3,,3,,,,,,,,2,1,,0,"Becker, Eric W","Rathnasuriya, Ravishka S",,,,,ewb160130,eric becker,Digital Logic and Computer Design 
CS,4341,003,,4,,,2,,,12,,,4,,4,16,1,,6,"Goodrum, Richard A","Beck, Nathan A",,,,,rag150330,richard goodrum,Digital Logic and Computer Design 
CS,4341,004,9,22,7,5,9,,,,,,1,,1,3,1,,1,"DeGroot, Doug",,,,,,dxd180020,doug degroot,Digital Logic and Computer Design 
CS,4341,501,35,17,5,2,4,,,2,,,1,,1,4,,,0,"Becker, Eric W","Guo, Hung-Jui",,,,,ewb160130,eric becker,Digital Logic and Computer Design 
CS,4341,HW1,18,8,5,3,1,,,,,,,,,8,,,1,"Page, Ivor","Rashid, Raisaat A",,,,,ivor,ivor page,Digital Logic and Computer Design 
CS,4347,001,13,36,9,5,1,,,,,,,,1,,,,0,"Becker, Eric W","Chen, Tiantian",,,,,ewb160130,eric becker,Database Systems 
CS,4347,002,3,24,8,6,5,2,,2,1,,1,1,,8,,,1,"Christiansen, Michael G","Guo, Jinghui",,,,,mgc013000,michael christiansen,Database Systems 
CS,4347,003,46,17,3,1,,,,,,,,1,,1,,,0,"Becker, Eric W","Fan, Zhenbao","Li, Changbin",,,,ewb160130,eric becker,Database Systems 
CS,4347,004,2,13,5,3,13,3,3,5,,,3,,,10,1,,0,"Kumar, Pushpa S","Vasireddy, Siva Sai Nagender","Wang, Ningna",,,,pkumar,pushpa kumar,Database Systems 
CS,4347,005,5,18,7,3,9,2,1,,1,,,,1,14,,,0,"Kumar, Pushpa S","Vasireddy, Siva Sai Nagender","Wang, Ningna",,,,pkumar,pushpa kumar,Database Systems 
CS,4347,0W1,4,15,23,5,3,3,,,,,,,2,,,,0,"Wu, Wei L","Li, Xiao","Chen, Tiantian",,,,wxw020100,weili wu,Database Systems 
CS,4347,501,7,15,8,5,6,4,1,,2,,,2,1,4,,,2,"Christiansen, Michael G","Arya, Shivvrat","Guo, Jinghui",,,,mgc013000,michael christiansen,Database Systems 
CS,4347,502,,3,,3,1,3,,1,1,,,1,2,6,2,,2,"Murthy, Sudarshan S","Kobayashi, Hideo",,,,,ssm200023,sudarshan murthy,Database Systems 
CS,4348,001,7,3,11,8,3,5,1,3,4,1,,,1,10,1,,5,"Ozbirn, Greg A",,,,,,ozbirn,greg ozbirn,Operating Systems Concepts 
CS,4348,002,5,7,5,3,2,3,2,2,1,,1,3,2,12,3,,3,"Ozbirn, Greg A",,,,,,ozbirn,greg ozbirn,Operating Systems Concepts 
CS,4348,003,8,12,2,3,1,3,1,,1,2,1,2,2,12,4,,11,"Alagar, Sridhar","Beck, Nathan A",,,,,sxa173731,sridhar alagar,Operating Systems Concepts 
CS,4348,004,9,9,7,6,3,4,1,3,1,,1,,1,15,,,3,"Mittal, Neeraj","Dhoked, Sahil",,,,,nxm020100,neeraj mittal,Operating Systems Concepts 
CS,4348,005,,2,1,1,3,2,,,,,3,7,2,7,6,,14,"Yen, I-Ling","Nguyen, Son V","Mao, Dongyu",,,,ilyen,yen i ling,Operating Systems Concepts 
CS,4348,006,8,11,4,3,1,2,1,1,2,2,,,,12,3,,4,"Venkatesan, Subbarayan","Abdeljaber, Luay",,,,,venky,subbarayan venkatesan,Operating Systems Concepts 
CS,4348,007,,,,,3,,,3,,,4,,3,4,,,5,"Goodrum, Richard A","Dhoked, Sahil",,,,,rag150330,richard goodrum,Operating Systems Concepts 
CS,4349,001,2,20,9,5,11,4,5,1,1,1,,,,13,,,3,"Daescu, Ovidiu","Teo, Ka Yaw",,,,,daescu,ovidiu daescu,Advanced Algorithm Design and Analysis 
CS,4349,002,4,19,13,2,13,,2,4,,,,,,11,,,1,"Chitturi, Bhadrachalam","Wiley, Darrin M",,,,,chalam,chitturi bhadrachalam,Advanced Algorithm Design and Analysis 
CS,4349,003,7,14,9,14,4,2,2,,2,,,,1,7,3,,0,"Chida, Anjum","Lam, Tan D","Zhu, Chang","Li, Dongcheng",,,axc157030,anjum chida,Advanced Algorithm Design and Analysis 
CS,4349,004,4,5,8,4,2,6,2,1,,,,,1,7,1,,4,"Chitturi, Bhadrachalam","Veloso De Andrade Pinto, Joao Pedro",,,,,chalam,chitturi bhadrachalam,Advanced Algorithm Design and Analysis 
CS,4349,005,2,3,5,2,6,7,1,1,,,,,3,4,,,4,"Chitturi, Bhadrachalam","Wiley, Darrin M","Veloso De Andrade Pinto, Joao Pedro",,,,chalam,chitturi bhadrachalam,Advanced Algorithm Design and Analysis 
CS,4349,501,9,18,6,8,9,3,,1,3,1,1,,,8,2,,1,"Cankaya, Ebru C",,,,,,exc067000,ebru cankaya,Advanced Algorithm Design and Analysis 
CS,4349,502,6,29,6,2,8,2,2,6,,,,,,6,1,,1,"Cankaya, Ebru C",,,,,,exc067000,ebru cankaya,Advanced Algorithm Design and Analysis 
CS,4352,0W1,47,9,7,1,,1,,,,,,,1,,,,0,"Orrick, Erika D",,,,,,edo042000,erika orrick,Human Computer Interactions I 
CS,4353,0W1,45,11,2,,,,,,,,,,1,,,,0,"Orrick, Erika D",,,,,,edo042000,erika orrick,Human Computer Interactions II 
CS,4361,001,4,12,5,2,11,5,5,1,4,,2,,1,12,,,5,"Kumar, Pushpa S","Maweu, Barbara M",,,,,pkumar,pushpa kumar,Computer Graphics 
CS,4365,001,2,10,4,4,5,,1,6,,,1,,,20,3,,14,"Ng, Yu Chung V","Li, Shengjie",,,,,ycn041000,vincent ng,Artificial Intelligence 
CS,4365,502,3,7,7,9,6,9,,1,1,2,,2,3,1,2,,1,"Salazar, Elmer E","Li, Ruosen",,,,,ees101020,elmer salazar,Artificial Intelligence 
CS,4365,HON,4,5,2,5,3,,,,,,,,,2,,,0,"Ng, Yu Chung V","Li, Shengjie",,,,,ycn041000,vincent ng,Artificial Intelligence 
CS,4371,501,13,7,5,3,3,3,,1,,,,,,1,,,4,"Skorupa Parolin, Erick",,,,,,exs172930,,Introduction to Big Data Management and Analytics 
CS,4375,001,10,17,11,2,2,2,4,1,,,1,,3,1,2,,6,"Chida, Anjum","Li, Yufei",,,,,axc157030,anjum chida,Introduction to Machine Learning 
CS,4375,0W1,22,13,7,1,2,4,2,,3,,2,,1,11,1,,0,"Karami, Gity","Liu, Ximeng","Song, Zihe",,,,gxk180009,gity karami,Introduction to Machine Learning 
CS,4375,0W2,22,9,9,7,,1,,1,1,,2,,1,15,1,,5,"Karami, Gity","Liu, Ximeng",,,,,gxk180009,gity karami,Introduction to Machine Learning 
CS,4375,0W3,2,4,14,8,6,8,4,1,1,,,,1,15,3,,6,"Mazidi, Karen J","Ashtiani, Omeed E",,,,,kjm160430,karen mazidi,Introduction to Machine Learning 
CS,4375,501,19,13,5,4,3,5,3,2,2,,1,,2,5,1,,1,"Khan, Ziaullah","Kothawade, Suraj N",,,,,kkhan,ziaullah khan,Introduction to Machine Learning 
CS,4375,502,7,5,4,,1,2,1,,,,,,,3,1,,0,"Khan, Ziaullah","Li, Ruosen",,,,,kkhan,ziaullah khan,Introduction to Machine Learning 
CS,4376,001,4,11,8,9,2,3,2,2,,1,,,3,5,1,,0,"Paulk, Mark C",,,,,,mcp130030,mark paulk,Object-Oriented Design 
CS,4376,002,4,13,15,11,7,3,1,,,,1,,1,5,,,0,"Paulk, Mark C",,,,,,mcp130030,mark paulk,Object-Oriented Design 
CS,4384,001,,11,9,5,6,5,1,2,1,,1,,1,6,,,3,"Erbatur, Serdar","Rajasekharan, Abhiramon",,,,,sxe190003,serdar erbatur,Automata Theory 
CS,4384,501,4,18,14,8,3,2,2,1,1,2,,1,1,14,3,,1,"Willson, James K","Bansal, Rishita",,,,,jkw053000,james willson,Automata Theory 
CS,4384,502,6,17,9,6,7,2,,,1,,,,,8,1,,2,"Willson, James K","Wang, Chengen","Mao, Dongyu",,,,jkw053000,james willson,Automata Theory 
CS,4384,503,2,12,11,6,12,6,5,2,,2,,,2,4,1,,4,"Erbatur, Serdar","Shams, Shahab",,,,,sxe190003,serdar erbatur,Automata Theory 
CS,4384,504,3,17,10,12,2,8,3,2,1,,1,,1,2,1,,0,"Erbatur, Serdar","Yadavally, Aashish",,,,,sxe190003,serdar erbatur,Automata Theory 
CS,4384,HW1,7,9,6,4,1,,,,,,,,1,2,,,2,"Pervin, William J",,,,,,pervin,william pervin,Automata Theory 
CS,4386,0W1,1,3,2,6,5,1,1,1,,,1,,1,3,,,1,"Gupta, Neeraj K","Zamani, Mahmoud",,,,,nkg140130,neeraj gupta,Compiler Design 
CS,4390,001,4,,5,6,4,1,2,,3,4,,,,20,5,,3,"Haas, Zygmunt J","Garg, Srishti",,,,,zjh130030,zygmunt haas,Computer Networks 
CS,4390,0W1,,24,18,8,3,,2,,,,,,,8,,,0,"Farago, Andras","Patel, Dhruvkumar R",,,,,farago,andras farago,Computer Networks 
CS,4390,0W2,1,3,2,2,2,4,3,,4,3,1,,1,13,3,,1,"Gupta, Neeraj K","Ganesan, Aparna","Li, Shuo",,,,nkg140130,neeraj gupta,Computer Networks 
CS,4390,0W3,4,2,,1,,3,2,1,,2,1,1,1,3,1,,2,"Le, Khiem V","Patel, Dhruvkumar R",,,,,kvl140030,khiem le,Computer Networks 
CS,4391,0W1,23,9,10,4,,,,,1,,1,2,3,5,4,,7,"Feng, Ranran","Wang, Jikai",,,,,rxf090020,ranran feng,Introduction to Computer Vision 
CS,4393,001,2,19,3,8,1,2,3,1,6,3,3,,,7,,,1,"Nguyen, Nhut","Wang, Chengen",,,,,nhutnn,nhut nguyen,Computer and Network Security 
CS,4395,0W1,,5,14,7,7,4,,2,,,,,1,13,1,,4,"Mazidi, Karen J","Kobayashi, Hideo",,,,,kjm160430,karen mazidi,Human Language Technologies 
CS,4396,001,3,9,7,4,5,1,,,,,1,,,3,,,3,"Sarac, Kamil","Ganesan, Aparna",,,,,kxs028100,kamil sarac,Networking Laboratory 
CS,4398,001,8,28,,6,6,,,3,,,,,,1,,,1,"Cankaya, Ebru C","Fan, Zhenbao",,,,,exc067000,ebru cankaya,Digital Forensics 
CS,4485,001,50,176,66,13,5,2,,,,,,,1,7,,,0,"Razo Razo, Miguel A","Veerasamy, Jeyakesavan",,,,,mrazora,miguel razo,Computer Science Project 
CS,5333,001,,9,3,2,2,3,,,,,,,2,,,14,1,"Cobb, Jorge",,,,,,jcobb,jorge cobb,Discrete Structures 
CS,5343,0W1,,15,4,6,5,,,2,,,,,2,,,13,3,"Gupta, Neeraj K",,,,,,nkg140130,neeraj gupta,Algorithm Analysis and Data Structures 
CS,5348,001,,6,7,5,2,,,,,,,,1,,,10,6,"Yen, I-Ling","Nguyen, Son V","Mao, Dongyu",,,,ilyen,yen i ling,Operating Systems Concepts 
CS,6301,001,,11,12,1,,,,,,,,,,,,,2,"Chandrasekaran, Ramaswamy","Gour, Riti",,,,,chandra,ramaswamy chandrasekaran,Special Topics in Computer Science 
CS,6301,002,,33,2,,,,,,,,,,,,,,0,"Alagar, Sridhar","Song, Zihe",,,,,sxa173731,sridhar alagar,Special Topics in Computer Science 
CS,6301,003,,42,11,2,,,,,,,,,,,,,0,"Nagar, Anurag","Wu, Zhouxiang",,,,,axn112530,anurag nagar,Special Topics in Computer Science 
CS,6301,005,,15,,,,,,,,,,,,,,,0,"Thuraisingham, Bhavani","Akbar, Khandakar Ashrafi",,,,,bxt043000,bhavani thuraisingham,Special Topics in Computer Science 
CS,6301,0W1,,10,,,,,,,,,,,,,,,0,"Du, Ding Z","Chen, Tiantian",,,,,dxd056000,ding zhu du,Special Topics in Computer Science 
CS,6301,501,,17,3,5,,,,,,,,,1,,,3,1,"Redfern, Arthur",,,,,,axr180074,arthur redfern,Special Topics in Computer Science 
CS,6301,5H1,,6,28,8,,,,,,,,,,,,7,0,"Culver, Timothy L",,,,,,tlc130230,timothy culver,Special Topics in Computer Science 
CS,6301,5H2,,8,10,12,3,,,,,,,,,,,16,0,"Culver, Timothy L",,,,,,tlc130230,timothy culver,Special Topics in Computer Science 
CS,6301,MS1,,9,,1,1,,,,,,,,,,,1,0,"Nguyen, Nhut",,,,,,nhutnn,nhut nguyen,
CS,6301,MS2,,5,4,,,1,1,,,,,,,,,1,0,"Ng, Yu Chung V",,,,,,ycn041000,yu chung ng,
CS,6304,001,,10,,,,,,,,,,,,,,,0,"Hu, Yang","Wang, Jianda","Zeng, Xiaoming",,,,yxh177430,yang hu,Computer Architecture 
CS,6305,001,,12,1,,1,1,,,,,,,,,,,0,"Cankaya, Ebru C","Zhu, Chang",,,,,exc067000,ebru cankaya,Data Security and Privacy for Practitioners 
CS,6307,501,,27,3,,,,,,,,,,,,,,1,"Nagar, Anurag","Padalkar, Parth",,,,,axn112530,anurag nagar,Introduction to Big Data Management and Analytics for non CS-Majors 
CS,6313,0W1,,25,5,3,,1,,,,,,,1,,,7,0,"Chen, Min","Kim, Jimi",,,,,mxc136030,min chen,Statistical Methods for Data Science 
CS,6313,0W2,,9,3,1,10,,1,,,,,,3,,,9,2,"Chen, Min","Kim, Jimi",,,,,mxc136030,min chen,Statistical Methods for Data Science 
CS,6314,0W1,,32,4,6,1,,,1,,,,,,,,9,1,"Yuruk, Nurcan","Yadlapalli, Yaswanth",,,,,nxy140530,nurcan yuruk,
CS,6314,0W2,,26,9,12,5,1,,3,,,,,,,,8,0,"Yuruk, Nurcan","Wang, Jikai",,,,,nxy140530,nurcan yuruk,Web Programming Languages 
CS,6319,0W1,,5,4,2,,,,,,,,,,,,4,1,"Raichel, Benjamin A",,,,,,bar150630,benjamin raichel,Computational Geometry 
CS,6320,001,,6,1,1,3,1,,,,,,,,,,2,1,"Moldovan, Dan I","Dakle, Parag Pravin",,,,,moldovan,dan moldovan,Natural Language Processing 
CS,6320,002,,30,11,8,2,2,,,,,,,3,,,4,0,"Harabagiu, Sanda M","Weinzierl, Maxwell A",,,,,sanda,sanda harabagiu,Natural Language Processing 
CS,6320,003,,11,9,11,2,2,1,,,,,,1,,,15,1,"Balakrishna, Mithun","Padalkar, Parth",,,,,mxb026000,mithun balakrishnan,Natural Language Processing 
CS,6322,001,,19,2,2,3,,,,,,,,,,,7,2,"Harabagiu, Sanda M","Weinzierl, Maxwell A",,,,,sanda,sanda harabagiu,Information Retrieval 
CS,6324,0W1,,11,12,8,7,1,,1,,,,,4,,,16,2,"Kim, Chung Hwan","Chung, Yu-Yen","Liu, Dongpeng",,,,cxk200010,,Information Security 
CS,6326,001,,12,3,2,4,1,,,,,,,,,,3,0,"Cole, John","Chung, Yu-Yen",,,,,jxc064000,john cole,Human Computer Interactions 
CS,6328,0W1,,17,,,,,,,,,,,,,,,0,"Fishwick, Paul",,,,,,pxf130430,paul fishwick,Modeling and Simulation 
CS,6334,001,,28,7,1,,,,,,,,,,,,3,0,"Kim, Jin R","Chung, Yu-Yen",,,,,jrk200002,jin ryong kim,Virtual Reality 
CS,6340,0W1,,4,3,1,2,2,,,,,,,,,,2,0,"Haas, Zygmunt J","Tian, Zijing",,,,,zjh130030,zygmunt haas,Wireless Networks 
CS,6347,501,,8,3,6,,1,1,,,,,,,,,11,1,"Gogate, Vibhav G","Arya, Shivvrat",,,,,vxg112130,vibhav gogate,Statistical Methods in AI and Machine Learning 
CS,6348,001,,58,,,,,,,,,,,,,,,0,"Thuraisingham, Bhavani","Akbar, Khandakar Ashrafi",,,,,bxt043000,bhavani thuraisingham,Data and Applications Security 
CS,6349,0W1,,19,11,4,1,1,,,,,,,1,,,3,0,"Hao, Shuang","Li, Shuo",,,,,sxh178730,shuang hao,Network Security 
CS,6350,001,,24,8,9,2,,,,,,,,,,,7,0,"Khan, Latifur R","Zamani, Mahmoud",,,,,lkhan,latifur khan,Big Data Management and Analytics 
CS,6350,002,,53,15,2,,,,,,,,,,,,,0,"Nagar, Anurag","Li, Jincheng",,,,,axn112530,anurag nagar,Big Data Management and Analytics 
CS,6353,001,,10,1,,,,,,,,,,,,,,0,"Wei, Shiyi","Li, Yufei",,,,,sxw174630,shiyi wei,Compiler Construction 
CS,6359,001,,38,18,9,,,,,,,,,,,,4,0,"Nguyen, Tien N","Rashid, Raisaat A","Ocampo Diaz, Gerardo",,,,tnn160630,tien nguyen,Object-Oriented Analysis and Design 
CS,6359,002,,36,19,11,,,,,,,,,,,,3,0,"Nguyen, Tien N","Rashid, Raisaat A","Ocampo Diaz, Gerardo",,,,tnn160630,tien nguyen,Object-Oriented Analysis and Design 
CS,6360,001,,15,11,16,2,4,2,,,,,,,,,14,0,"Yuruk, Nurcan","Tian, Zijing",,,,,nxy140530,nurcan yuruk,Database Design 
CS,6360,0W1,,21,15,6,1,,,,,,,,,,,5,2,"Wu, Wei L","Li, Xiao",,,,,wxw020100,weili wu,Database Design 
CS,6360,MS1,,10,2,,7,1,,,,,,,,,,,0,"Cole, John",,,,,,jxc064000,john cole,
CS,6363,001,,36,12,7,2,,,,,,,,,,,,0,"Chandrasekaran, Ramaswamy","Gour, Riti",,,,,chandra,ramaswamy chandrasekaran,Design and Analysis of Computer Algorithms 
CS,6363,003,,17,13,4,3,6,2,,,,,,1,,,1,2,"Fox, Kyle J","Van Buskirk, Gregory A",,,,,,kyle fox,
CS,6363,0W1,,29,6,15,1,,,,,,,,,,,,2,"Du, Ding Z","Guo, Jianxiong",,,,,dxd056000,ding zhu du,Design and Analysis of Computer Algorithms 
CS,6364,001,,19,17,6,2,2,,,,,,,5,,,9,0,"Moldovan, Dan I","Dakle, Parag Pravin",,,,,moldovan,dan moldovan,Artificial Intelligence 
CS,6366,001,,8,5,,,,,,,,,,,,,1,1,"Guo, Xiaohu","Wang, Ningna",,,,,xxg061000,xiaohu guo,Computer Graphics 
CS,6374,001,,13,3,,,,,,,,,,,,,1,1,"Gupta, Gopal","Desai, Takshak",,,,,gupta,gopal gupta,Computational Logic 
CS,6375,001,,16,9,2,,,,,,,,,,,,1,0,"Chida, Anjum","Lee, Yi-Hui",,,,,axc157030,anjum chida,Machine Learning 
CS,6375,002,,26,5,6,1,,,,,,,,,,,1,2,"Natarajan, Sriraam","Lam, Tan D",,,,,sxn177430,sriraam natarajan,Machine Learning 
CS,6375,003,,38,12,4,1,,,,,,,,,,,1,0,"Chida, Anjum","Li, Changbin",,,,,axc157030,anjum chida,Machine Learning 
CS,6375,004,,7,3,3,,1,,,,,,,2,,,5,2,"Ruozzi, Nicholas R","Shams, Shahab",,,,,nrr150130,nicholas ruozzi,Machine Learning 
CS,6378,001,,20,4,13,7,1,,,,,,,2,,,,2,"Prakash, Ravi","Peddi, Rohith",,,,,ravip,ravi prakash,
CS,6380,001,,13,5,,1,,,,,,,,,,,1,0,"Venkatesan, Subbarayan","Abdeljaber, Luay",,,,,venky,subbarayan venkatesan,Distributed Computing 
CS,6384,001,,16,7,3,2,1,,,,,,,,,,2,0,"Schweitzer, Haim","Wan, Guihong",,,,,haim,haim schweitzer,Computer Vision 
CS,6384,0W1,,30,9,3,2,,,,,,,,,,,7,1,"Schweitzer, Haim","Wan, Guihong",,,,,haim,haim schweitzer,Computer Vision 
CS,6385,0W1,,43,1,1,1,,,1,,,,,,,,4,0,"Farago, Andras","Haque, Mirazul",,,,,farago,andras farago,Algorithmic Aspects of Telecommunication Networks 
CS,6390,001,,4,3,1,2,2,,,,,,,,,,2,0,"Cobb, Jorge",,,,,,jcobb,jorge cobb,Advanced Computer Networks 
CS,7301,005,,10,2,1,,,,,,,,,,,,1,1,"Chen, Feng",,,,,,fxc190007,feng chen,Recent Advances in Computing 
CS,7301,006,,13,1,,,,,,,,,,,,,,0,"Iyer, Rishabh K",,,,,,rki190000,rishabh iyer,Recent Advances in Computing 
DANC,1310,0W1,2,20,3,,1,2,,2,,1,,,10,2,2,,3,"Saba, Monica",,,,,,msaba,monica saba,Understanding Dance 
DANC,1310,0W2,7,15,3,4,8,,,,,,1,,2,6,1,,2,"Johnson, Melissa A",,,,,,maj140430,melissa johnson,Understanding Dance 
DANC,1310,0W3,5,8,3,1,1,,,,,,,,,,,,1,"Ewert-Pittman, Anna M",,,,,,ame190001,,Understanding Dance 
DANC,1310,0W4,1,15,2,3,2,1,,,,,,,1,1,1,,1,"Owens, Misty",,,,,,mxo122530,misty owens,Understanding Dance 
DANC,2321,001,7,6,,,,,,,1,,,,,,,,2,"Hanlon, Michele J",,,,,,mhanlon,,Stretch  Conditioning  Alignment 
ECON,2301,001,,15,11,4,6,1,1,,,,1,,2,2,1,,0,"Nguyen, Hien T",,,,,,htn170130,hien nguyen,Principles of Macroeconomics 
ECON,2301,0W1,15,48,10,12,19,2,1,3,,,,,1,16,,,2,"Ketsler, Luba","Wu, Jintian",,,,,lxk010300,luba ketsler,Principles of Macroeconomics 
ECON,2301,0W2,12,29,13,12,18,,1,1,2,,1,,,3,,,2,"Ketsler, Luba","Fu, Nan",,,,,lxk010300,luba ketsler,Principles of Macroeconomics 
ECON,2302,001,25,26,25,3,10,4,,,,,,,1,2,,,0,"McElroy, Susan","Luo, Siyuan","Arslan, Said",,,,skm028000,susan mcelroy,Principles of Microeconomics 
ECON,2302,0W1,36,28,11,5,6,,1,2,,,1,,,4,,,0,"McElroy, Susan","Luo, Siyuan","Arslan, Said",,,,skm028000,susan mcelroy,Principles of Microeconomics 
ECON,2302,0W2,17,30,21,6,5,4,,2,,1,,,1,4,1,,3,"Choi, Soohyun","Gorina, Evgenia",,,,,sxc177830,soohyun choi,Principles of Microeconomics 
ECON,2302,0W3,7,22,5,3,3,,1,,2,,,,,,,,2,"Zhang, Jinglun",,,,,,jxz174930,,Principles of Microeconomics 
ECON,2302,HN1,8,8,2,2,1,,1,,,,,,,2,,,0,"Ahmadi, Maryam",,,,,,mxa143930,maryam ahmadi,Principles of Microeconomics 
ECON,3310,001,11,6,4,1,5,3,,1,2,,1,,2,5,1,,2,"Hedlund, Jonas","Bing, Yuanchen",,,,,jxh180030,jonas hedlund,Intermediate Microeconomic Theory 
ECON,3310,002,6,2,8,2,6,3,,1,1,,2,2,,5,1,,6,"Hedlund, Jonas","Bing, Yuanchen",,,,,jxh180030,jonas hedlund,Intermediate Microeconomic Theory 
ECON,3311,001,10,7,7,1,5,4,,1,1,,1,,,1,,,1,"Colunga Ramos, Luis Fernando",,,,,,lfc160030,,Intermediate Macroeconomic Theory 
ECON,3311,002,3,10,4,3,4,,,2,,,,,,2,,,0,"Grover, William C",,,,,,wcg071000,william grover,Intermediate Macroeconomic Theory 
ECON,3315,001,5,13,5,5,4,2,,1,,,,,1,5,1,,3,"Beron, Kurt","Morgan, Lynn A",,,,,kberon,kurt beron,Sports Economics 
ECON,3330,001,12,34,7,3,3,,,2,,,1,,,4,3,,5,"Ketsler, Luba",,,,,,lxk010300,luba ketsler,Economics of Health 
ECON,3330,002,23,32,8,3,5,,,,,,,,,2,,,0,"Ketsler, Luba",,,,,,lxk010300,luba ketsler,Economics of Health 
ECON,3330,501,23,6,6,5,1,1,,1,1,,,,2,,,,3,"Zhang, Licheng",,,,,,lxz172030,,Economics of Health 
ECON,4301,0W1,3,14,2,4,8,,2,2,,2,,,1,7,,,4,"Siqueira, Kevin J","Faundez Madariaga, Sebastian Carlos",,,,,kjs064000,kevin siqueira,Game Theory 
ECON,4302,001,3,5,3,7,1,1,5,4,2,1,,1,,12,2,,2,"Giertz, Seth","Yue, Wanwan",,,,,sxg154831,seth giertz,Urban and Regional Economics 
ECON,4320,001,3,15,5,6,2,1,1,1,,,,,2,,,,0,"McElroy, Susan","Luo, Siyuan","Arslan, Said",,,,skm028000,susan mcelroy,Public Sector Economics 
ECON,4345,001,2,5,7,4,5,5,,1,,,1,1,,13,,,1,"Miller, Darwin W",,,,,,dwm052000,darwin miller,Industrial Organization 
ECON,4351,0W1,15,17,4,2,6,1,,1,,,,,1,2,,,1,"O'Brien, Daniel M","Islam, Azharul",,,,,obri,daniel obrien,Mathematical Economics 
ECON,4355,001,10,2,4,3,4,2,1,1,,,,2,,3,2,,1,"Li, Dong","Li, Ji",,,,,dxl145430,dong li,Econometrics 
ECON,4385,001,11,10,1,,,,,,,,,,,,,,1,"Panovska, Irina","Zhang, Nan",,,,,ixp190001,irina panovska,Business and Economic Forecasting 
ECON,5322,501,,14,3,,,,,,,,,,,,,,0,"Grover, William C",,,,,,wcg071000,william grover,Macroeconomic Theory for Applications 
ECON,6306,0W1,,8,1,,3,,,,,,,,,,,,1,"O'Brien, Daniel M",,,,,,obri,daniel obrien,Applied Econometrics 
ECON,6309,001,,4,5,1,1,,1,1,,,,,,,,,0,"Sul, Donggyu","Han, Minyu",,,,,dxs093000,donggyu sul,Econometrics I 
ECON,6332,001,,2,2,1,4,,,1,,,,,,,,,0,"Morales Leon, Maria C",,,,,,mcm200006,maria morales leon,Labor Economics II 
ECON,6372,501,,10,,,,,,,,,,,,,,,0,"Benavides, Teodoro J",,,,,,tjb051000,teodoro benavides,Local Economic Development 
ECON,7311,001,,9,2,,,,,,,,,,,,,1,0,"Li, Dong",,,,,,dxl145430,dong li,Special Topics in Econometric and Spatial Analysis 
ECS,3390,001,2,39,18,5,4,2,,,1,,,,3,4,,,0,"Ryan, Christopher J",,,,,,cxr088000,christopher ryan,Professional and Technical Communication 
ECS,3390,002,8,8,,,,,,,,,,,2,,,,1,"Montgomery, Christina",,,,,,cxm190022,christina montgomery,Professional and Technical Communication 
ECS,3390,003,6,6,,1,,1,,,,,,,2,2,1,,0,"Johnson, Janet L",,,,,,jlj065000,janet johnson,Professional and Technical Communication 
ECS,3390,004,2,8,1,3,3,,,,,,,,,2,,,0,"King, Carie S",,,,,,cxl085200,carie king,Professional and Technical Communication 
ECS,3390,005,13,2,1,1,,,,,,,,,,1,1,,0,"Montgomery, Christina",,,,,,cxm190022,christina montgomery,Professional and Technical Communication 
ECS,3390,006,10,3,,1,2,,1,,,1,,,,,1,,0,"Johnson, Janet L",,,,,,jlj065000,janet johnson,Professional and Technical Communication 
ECS,3390,007,,,5,3,3,2,,1,1,,,,,3,,,1,"Crowder, Wade A",,,,,,wac010100,wade crowder,Professional and Technical Communication 
ECS,3390,008,1,1,3,4,3,3,,1,,,,1,1,1,,,0,"Crowder, Wade A",,,,,,wac010100,wade crowder,Professional and Technical Communication 
ECS,3390,009,5,8,2,1,,,,,,,,,,,,,3,"Hartmann, Jonathan",,,,,,jxh190042,jonathan hartmann,Professional and Technical Communication 
ECS,3390,010,,14,1,1,2,,,,,,,,,,,,1,"Mohsene, Laura L",,,,,,olive,laura mohsene,Professional and Technical Communication 
ECS,3390,011,2,3,1,2,2,,,,,,,,1,,3,,4,"Hartmann, Jonathan",,,,,,jxh190042,jonathan hartmann,Professional and Technical Communication 
ECS,3390,012,,13,2,,,,,,,,,,2,,1,,1,"Mohsene, Laura L",,,,,,olive,laura mohsene,Professional and Technical Communication 
ECS,3390,013,,13,1,1,,,,1,1,,,,1,,,,0,"Mohsene, Laura L",,,,,,olive,laura mohsene,Professional and Technical Communication 
ECS,3390,014,1,4,4,4,1,,,,,,,,1,,2,,2,"Montgomery, Christina",,,,,,cxm190022,christina montgomery,Professional and Technical Communication 
ECS,3390,015,2,4,2,4,1,1,,,,,1,,1,1,,,2,"Montgomery, Christina",,,,,,cxm190022,christina montgomery,Professional and Technical Communication 
ECS,3390,0H1,,17,,,1,,,,,,,,,,,,1,"Hernandez-Katz, Melissa M",,,,,,mhkatz,melissa hernandez katz,Professional and Technical Communication 
ECS,3390,0H2,,12,2,2,,2,,,,,,,,1,,,0,"Hernandez-Katz, Melissa M",,,,,,mhkatz,melissa hernandez katz,Professional and Technical Communication 
ECS,3390,0H3,,16,2,,,,,,,,,,,1,,,0,"Hernandez-Katz, Melissa M",,,,,,mhkatz,melissa hernandez katz,Professional and Technical Communication 
ECS,3390,0W1,,4,3,3,2,3,,,,,,,2,,2,,0,"Schlobohm, Maribeth L",,,,,,mls077000,maribeth (betsy) schlobohm,Professional and Technical Communication 
ECS,3390,0W2,1,3,3,2,4,,2,,,,1,,1,2,,,0,"Schlobohm, Maribeth L",,,,,,mls077000,maribeth (betsy) schlobohm,Professional and Technical Communication 
ECS,3390,0W3,,4,1,1,2,2,2,2,2,1,,,,,,,1,"Schlobohm, Maribeth L",,,,,,mls077000,maribeth (betsy) schlobohm,Professional and Technical Communication 
ECS,3390,0W4,,13,,,,1,,2,,,,1,1,,1,,0,"Glauser, Janece B",,,,,,jbg130030,janece glauser,Professional and Technical Communication 
ECS,3390,0W5,,16,,,,,,,,,,,,1,,,1,"Glauser, Janece B",,,,,,jbg130030,janece glauser,Professional and Technical Communication 
ECS,3390,0W6,,15,,,1,,,,,,,,2,,1,,0,"Glauser, Janece B",,,,,,jbg130030,janece glauser,Professional and Technical Communication 
ECS,3390,0W7,5,10,,2,1,,,,,,,,,,1,,0,"Scally, Deborah A",,,,,,das,deborah scally,Professional and Technical Communication 
ECS,3390,0W8,2,14,,1,,,,,,,,,,1,,,1,"Scally, Deborah A",,,,,,das,deborah scally,Professional and Technical Communication 
ECS,3390,0W9,5,8,1,,,,,1,,,,,,,1,,3,"Scally, Deborah A",,,,,,das,deborah scally,Professional and Technical Communication 
ECS,3390,501,,15,1,1,1,1,,,,,,,,,,,0,"Coppersmith, Syd",,,,,,sxc123831,syd coppersmith,Professional and Technical Communication 
ECS,3390,502,,9,5,2,,,,,,,,1,1,1,,,0,"Mohsene, Laura L",,,,,,olive,laura mohsene,Professional and Technical Communication 
ECS,3390,503,,2,,3,3,1,,2,,,1,,2,1,3,,1,"Libby, Lee L",,,,,,llibby,lee libby,Professional and Technical Communication 
ECS,3390,504,2,6,,2,3,1,,,,1,,,1,1,1,,1,"Libby, Lee L",,,,,,llibby,lee libby,Professional and Technical Communication 
ECS,3390,505,1,14,,,1,,,,,,,,1,,1,,1,"Coppersmith, Syd",,,,,,sxc123831,syd coppersmith,Professional and Technical Communication 
ECS,3390,5W1,,10,,3,3,1,,,1,,,,,1,,,0,"Coleman, Amanda R",,,,,,axc173630,,Professional and Technical Communication 
ECS,3390,5W2,10,9,,,,,,,,,,,,,,,0,"Scally, Deborah A",,,,,,das,deborah scally,Professional and Technical Communication 
ECS,3390,5W3,,3,6,5,2,,,,1,,,,1,,,,1,"Coleman, Amanda R",,,,,,axc173630,,Professional and Technical Communication 
ECS,3390,HN1,,13,2,,,,,,,,,,,3,1,,0,"Ryan, Christopher J",,,,,,cxr088000,christopher ryan,Professional and Technical Communication 
ED,3314,001,2,5,5,2,3,1,,1,,1,,,2,,,,1,"Gladden, Terri S",,,,,,tsg200001,terri gladden,The American Public School 
ED,3314,501,1,4,7,2,3,3,1,,,,,,,,,,0,"Gladden, Terri S",,,,,,tsg200001,terri gladden,The American Public School 
ED,3315,0W1,,15,2,2,1,,1,,1,,,,,1,,,0,"Leek, Patricia A",,,,,,santine,patricia leek,Children s Literature 
ED,3315,0W2,,11,3,,2,1,,1,,,,,3,1,1,,0,"Leek, Patricia A",,,,,,santine,patricia leek,Children s Literature 
ED,3339,001,,19,,,7,,,,,,1,,1,,1,,1,"McNulty, Angela B","Pollock, Laurie L","Wissinger, Tonja","Leek, Patricia A",,,mcnulty,,Educational Psychology for Teachers 
ED,3340,501,4,2,5,,4,2,1,1,,,1,,,3,,,1,"Haun, Julia T",,,,,,jlb018300,julia haun,Math Concepts for Teachers 
ED,3342,001,,16,3,,,,,,,,,,,,,,0,"Parker, Teresa L",,,,,,tparker,teresa parker,Classroom Management Grades EC - 6 
ED,3345,501,,6,,,2,,,2,1,,,,1,,,,0,"McNulty, Angela B","Wissinger, Tonja","Pollock, Laurie L","Leek, Patricia A",,,mcnulty,,Art  Music  and Physical Development Grades EC - 6 
ED,3382,501,7,5,1,1,,1,,,,,,,,,,,0,"Schlosser, Polly",,,,,,pxs091000,polly schlosser,Curriculum and Instruction in Social Studies 
ED,4343,001,6,3,2,,,,,,,,,,,,,,0,"Hennessy, Emily T",,,,,,eft031000,emily hennessy,Science Methods for Grades EC - 6 
ED,4344,5H1,2,3,3,4,3,2,,,,,,,,,,,0,"Huisman, Ingrid",,,,,,ibh013000,ingrid huisman,Mathematics Methods for Elementary Teachers 
ED,4345,0W1,,2,11,,1,,,,,,,,,1,,,0,"Weiner, Michelle L",,,,,,mxw051000,michelle weiner,Social Studies Methods for Grades EC - 6 
ED,4351,0W1,10,3,3,3,3,,,,,,,,,2,,,0,"Davis, Renee",,,,,,rrd160530,renee davis,ESL for K-12 Teachers 
ED,4351,0W2,5,6,1,7,2,2,1,,,,,,,1,1,,0,"Davis, Renee",,,,,,rrd160530,renee davis,ESL for K-12 Teachers 
ED,4352,001,,11,2,,3,,,2,,,,,1,,,,2,"McNulty, Angela B","Pollock, Laurie L","Wissinger, Tonja","Leek, Patricia A",,,mcnulty,,Reading I  Learning to Read 
ED,4353,001,9,,,4,,2,1,,,,,,1,,1,,0,"Ahmed, Emelia",,,,,,eea190000,,Reading in Secondary Content 
ED,4357,001,,8,5,,4,5,,,,,,,,,1,,0,"Leek, Patricia A",,,,,,santine,patricia leek,Diagnostic Reading 
ED,4358,0W1,3,2,1,,1,1,,,,,1,,,,1,,2,"Root, Alexey",,,,,,aroot,alexey root,Chess I  Using Chess in Schools 
ED,4359,0W1,,6,1,,,1,2,1,1,1,1,,1,,2,,0,"Root, Alexey",,,,,,aroot,alexey root,Chess II  Institutional and Cultural Contexts of Chess 
ED,4361,501,5,12,1,,,,,,,,,,,,,,0,"Pollock, Laurie L",,,,,,lly062000,laurie youngblood pollock,Classroom Management Secondary 
ED,4363,001,1,6,2,2,2,,,,,,,,,,,,1,"Leek, Patricia A",,,,,,santine,patricia leek,Reading II ELAR Methods 
ED,4372,0W1,11,5,2,1,3,2,,,,,,,,,,,0,"Mahmoud, Ramy A",,,,,,mahmoudr,ramy mahmoud,Educational Technology 
ED,4372,5H1,6,4,5,1,1,2,2,,,,,,,,1,,0,"Christensen, Rhonda",,,,,,rxc180023,rhonda christensen,Educational Technology 
EE,1202,001,2,3,4,,,2,,2,,,,,,3,1,,2,"Cogan, Diana L",,,,,,dcc095020,diana cogan,Introduction to Electrical Engineering II 
EE,1202,002,4,8,1,2,2,,,,,,,,5,,2,,2,"Cogan, Diana L",,,,,,dcc095020,diana cogan,Introduction to Electrical Engineering II 
EE,1202,003,5,2,1,1,2,,,3,,,1,,3,,3,,6,"Cogan, Diana L",,,,,,dcc095020,diana cogan,Introduction to Electrical Engineering II 
EE,1202,004,9,4,4,2,4,,,3,2,,,,1,2,,,2,"Cogan, Diana L",,,,,,dcc095020,diana cogan,Introduction to Electrical Engineering II 
EE,2310,001,14,5,,1,5,,,,,,,,1,1,1,,2,"Zhou, Dian","Wang, Yifan","Peng, Genchang",,,,zhoud,dian zhou,Introduction to Digital Systems 
EE,2310,002,3,10,4,2,2,1,,,,,3,,,4,3,,0,"Nikoubin, Tooraj","Jain, Apurva","Tellakula, Suraag S",,,,txn190011,tooraj nikoubin,Introduction to Digital Systems 
EE,2310,501,15,3,2,3,2,,1,,,,,,5,2,,,3,"Zhou, Dian","Gao, Tianning","Luo, Ziyang",,,,zhoud,dian zhou,Introduction to Digital Systems 
EE,3161,052,8,6,5,7,,1,,1,,,,,,2,,,0,"Mezenner, Rabah",,,,,,rxm129730,rabah mezenner,Social Issues and Ethics in Engineering 
EE,3161,091,2,6,4,3,5,1,,3,1,,1,,2,2,,,0,"Mezenner, Rabah",,,,,,rxm129730,rabah mezenner,Social Issues and Ethics in Engineering 
EE,3201,001,2,23,8,7,,1,,,,,,,,1,,,1,"Nikoubin, Tooraj","Steele, Alec M","Movahed Mohammadi, Seyed Ehsan","Meng, Xingyu","Khoshlessan, Mahshid","Taherkhani, Nima",txn190011,tooraj nikoubin,Electrical and Computer Engineering Fundamentals-I Laboratory 
EE,3201,002,5,22,6,3,,,1,,1,,3,,,2,1,,3,"Nikoubin, Tooraj","Steele, Alec M","Movahed Mohammadi, Seyed Ehsan","Meng, Xingyu","Khoshlessan, Mahshid","Taherkhani, Nima",txn190011,tooraj nikoubin,Electrical and Computer Engineering Fundamentals-I Laboratory 
EE,3202,001,,9,2,2,5,1,1,1,,,,,1,3,,,6,"Kiasaleh, Kamran","Apalak, Merve","Shankar, Nikhil","Dousti, Behnoush","Sajadi, Abdolrahman",,kamran,kamran kiasaleh,Electrical and Computer Engineering Fundamentals-II Laboratory 
EE,3202,002,,15,4,4,2,3,1,,,,,,,6,,,1,"Kiasaleh, Kamran","Apalak, Merve","Shankar, Nikhil","Dousti, Behnoush","Sajadi, Abdolrahman",,kamran,kamran kiasaleh,Electrical and Computer Engineering Fundamentals-II Laboratory 
EE,3301,001,,20,2,6,1,2,,,4,,,1,,3,2,,3,"Friedman, Joseph S","Edwards, Alexander J",,,,,jsf160330,joseph friedman,Electrical Network Analysis 
EE,3301,002,7,5,3,9,4,,4,,3,,,,1,4,2,,0,"Chiu, Yun","Farhadi, Masoud","Choi, Ye I",,,,yxc101000,yun chiu,Electrical Network Analysis 
EE,3302,002,1,8,,5,12,5,2,2,,,2,,1,9,3,,1,"Fumagalli, Andrea","Kucuk, Abdullah",,,,,andreaf,andrea fumagalli,Signals and Systems 
EE,3302,501,3,10,5,3,6,,1,2,,,1,,,1,2,,1,"Park, Jae Mo","Kucuk, Abdullah",,,,,jxp170001,jae park,Signals and Systems 
EE,3302,502,1,1,4,4,3,1,,,,,,,1,4,,,2,"Panahi, Issa","Kucuk, Abdullah",,,,,imp015000,issa panahi,Signals and Systems 
EE,3310,001,,5,,,9,,,5,,,,,3,1,1,,1,"Lee, Gil S","Abousaba, Mohammad F",,,,,gslee,gill lee,Electronic Devices 
EE,3310,002,6,17,4,1,,,,1,,,,,,2,,,0,"Frensley, William","Abousaba, Mohammad F",,,,,frensley,william frensley,Electronic Devices 
EE,3311,001,3,3,,3,6,,,5,,,,,1,4,,,1,"Lee, Gil S","Choi, Ye I",,,,,gslee,gill lee,Electronic Circuits 
EE,3311,002,1,3,3,3,1,2,1,4,,,,,1,2,,,1,"Liu, Jin","Xiong, Jiu",,,,,jinliu,jin liu,Electronic Circuits 
EE,3311,003,1,3,2,2,2,3,,,,,,,1,5,1,,1,"Lee, Hoi","Cheng, Qi",,,,,hxl054000,hoi lee,Electronic Circuits 
EE,3320,001,1,1,1,5,5,1,,2,4,,,,,8,2,,2,"Bhatia, Dinesh","Sears, Mark R",,,,,dinesh,dinesh bhatia,Digital Circuits 
EE,3320,002,3,3,1,,5,3,1,,1,,,1,1,2,,,0,"Nourani, Mehrdad","Steele, Alec M",,,,,nourani,mehrdad nourani,Digital Circuits 
EE,3320,003,2,7,3,3,1,,,,3,,,,1,2,2,,0,"Balsara, Poras","Sears, Mark R",,,,,poras,poras balsara,Digital Circuits 
EE,4202,001,,38,3,,2,,,,,,,,,,,,0,"Henderson, Rashaunda M","Medina, Oscar F",,,,,rmh072000,rashaunda henderson,Electrical and Computer Engineering Laboratory in Circuits 
EE,4203,001,9,10,4,2,1,1,1,1,,,,,,3,,,2,"Kehtarnavaz, Nasser","Ni, Aoxin","Azarang, Arian",,,,nxk019000,nasser kehtarnavaz,Electrical and Computer Engineering Laboratory in Signals and Systems 
EE,4301,001,1,,3,1,1,1,1,1,,,4,,3,4,2,,1,"Gu, Qing",,,,,,qxg160030,,Electromagnetic Engineering I 
EE,4301,501,,5,,1,1,,,2,1,,4,,1,8,2,,2,"Florence, James M","Taherkhani, Nima",,,,,jmf130530,james florence,Electromagnetic Engineering I 
EE,4304,001,5,11,8,2,,3,,,1,1,,,2,3,4,,1,"Swartz, William P","Akbarzadeh, Sara","Raghavendra, Shruthi",,,,wps100020,william swartz,Computer Architecture 
EE,4304,002,2,13,5,5,3,3,,,,,,,,1,1,,0,"Swartz, William P","Akbarzadeh, Sara","Raghavendra, Shruthi",,,,wps100020,william swartz,Computer Architecture 
EE,4310,001,,14,1,1,7,1,1,3,2,,,,,10,2,,3,"Skinner, Neal G","Noor Shoudha, Shamman",,,,,skinner,neal skinner,Systems and Controls 
EE,4310,002,,15,2,1,2,,,4,3,,,1,1,9,3,,0,"Skinner, Neal G","Noor Shoudha, Shamman",,,,,skinner,neal skinner,Systems and Controls 
EE,4325,001,,4,4,6,8,2,3,1,,,,,,9,1,,0,"Sechen, Carl","Salimath, Vibhav Kumarswami",,,,,cms057000,carl sechen,Introduction to VLSI Design 
EE,4330,001,4,8,12,4,3,8,,2,,,,,,3,,,0,"Young, Chadwin D","Liu, Jinbo",,,,,cdy120030,chadwin young,Integrated Circuit Technology 
EE,4331,001,,23,1,,,,,,,,,,,,,,0,"Tamil, Lakshman","Sonawane, Akshay Bhagwan",,,,,laxman,lakshman tamil,Applied Machine Learning 
EE,4340,001,,1,,3,4,4,1,1,1,,1,,1,2,2,,3,"Chiu, Yun","Chitale, Akshay A",,,,,yxc101000,yun chiu,Analog Integrated Circuit Analysis and Design 
EE,4360,001,,4,6,7,4,,,,,,,,,,,,0,"Minn, Hlaing","Fan, Zhixuan",,,,,hxm025000,hlaing minn,Digital Communications 
EE,4367,501,2,3,,4,4,2,2,,,,,,,,,,0,"Fumagalli, Andrea","Zhang, Tianliang",,,,,andreaf,andrea fumagalli,Telecommunication Networks 
EE,4368,001,1,10,,1,7,1,2,2,7,,,,,9,3,,0,"Lehmann, Randall E","Ramanathan, Shunmugapriya",,,,,rel041000,randall lehmann,RF Circuit Design Principles 
EE,4368,002,,15,3,2,11,1,1,3,,,,,1,5,1,,1,"Lehmann, Randall E","Mahjabeen, Nikita",,,,,rel041000,randall lehmann,RF Circuit Design Principles 
EE,4371,001,,2,2,1,3,2,,1,,,,,,,,,1,"Tinker, Mark T","Mitra, Arkadeep",,,,,mtinker,mark tinker,Introduction to MEMS 
EE,4388,001,,26,4,10,,,,,,,,,,1,,,0,"Tacca, Marco",,,,,,mtacca,marco tacca,Senior Design Project I 
EE,4389,001,,13,13,1,1,,,,,,,,,3,,,0,"Skinner, Neal G",,,,,,skinner,neal skinner,Senior Design Project II 
EE,4389,002,,4,3,1,,,,1,,,,,,1,,,0,"Hansen, John",,,,,,jxh052100,john hansen,Senior Design Project II 
EE,4389,003,4,7,10,3,1,,,,,,,,,,,,0,"Tacca, Marco",,,,,,mtacca,marco tacca,Senior Design Project II 
EE,4389,004,1,11,7,,2,,,,,,,,,1,,,0,"Skinner, Neal G",,,,,,skinner,neal skinner,Senior Design Project II 
EE,4V95,001,,,2,3,1,,,2,1,,,1,1,,,,1,"Shamsi, Kaveh","Sonawane, Akshay Bhagwan",,,,,kxs200049,kaveh shamsi,Undergraduate Topics in Electrical Engineering 
EE,4V95,501,2,8,3,,,,,,,,,,,,,,0,"Iyer, Mahadevan Krishna","Parvez, Mohammad Salman",,,,,mxi190015,mahadevan krishna iyer,Undergraduate Topics in Electrical Engineering 
EECT,6325,001,,8,,,1,2,,2,,,,,2,,,,1,"Friedman, Joseph S","Hassan, Naimul",,,,,jsf160330,joseph friedman,VLSI Design 
EECT,6326,001,,4,2,5,7,1,,,,,,,1,,,,1,"Lee, Hoi","Chen, Chen",,,,,hxl054000,hoi lee,Analog Integrated Circuit Design 
EEDG,6301,001,,20,,,,,,,,,,,,,,,0,"Swartz, William P","Huang, Qiongdan",,,,,wps100020,william swartz,Advanced Digital Logic 
EEDG,6302,001,,4,3,,2,3,,,,,,,2,,,,2,"Bennett, Terrell R","Kuruvila, Abraham P",,,,,trb052000,terrell bennett,Microprocessor and Embedded Systems 
EEDG,6304,001,,22,,,,,,,,,,,,,,,0,"Hu, Yang","Wang, Jianda","Zeng, Xiaoming",,,,yxh177430,yang hu,Computer Architecture 
EEDG,6370,001,,6,6,2,3,,,1,,,,,,,,2,1,"Bhatia, Dinesh","Goswami, Pingakshya",,,,,dinesh,dinesh bhatia,Design and Analysis of Reconfigurable Systems 
EEMF,6321,501,,40,5,,,,,,,,,,,,,1,0,"Frensley, William","Liu, Jinbo",,,,,frensley,william frensley,Active Semiconductor Devices 
EEMF,6382,501,,4,,2,1,3,,,,,,,,,,1,1,"Pourkamali, Siavash","Sheikhlari, Sepehr",,,,,sxp124631,siavash pourkamali,Introduction to MEMS 
EEPE,6356,001,,5,3,,1,,,,,,,,,,,4,0,"Gardner, Matthew C","Daniar, Ahmad",,,,,mcg200004,matthew gardner,Adjustable Speed Motor Drives 
EERF,6311,501,,4,5,2,2,3,,1,,,,,1,,,,0,"Saad, Ricardo E","Xu, Xiangyu",,,,,rsaad,ricardo saad,RF and Microwave Circuits 
EERF,6330,001,,5,2,4,2,1,,,,,,,2,,,3,0,Kenneth,"Farooq, Muhammad Musab",,,,,kxo091000,kenneth,RF Integrated Circuit Design 
EERF,6351,501,,18,1,,,,,,,,,,,,,,0,"Henderson, Rashaunda M","Virushabadoss, Nishanth",,,,,rmh072000,rashaunda henderson,Computational Electromagnetics 
EESC,6349,001,,4,4,,,,,,,,,,1,,,,1,"Fonseka, John","Hassan, Rana A",,,,,kjp,john fonseka,Probability  Random Variables  and Statistics 
EESC,6360,001,,5,1,2,1,1,,,,,,,,,,,1,"Busso Recabarren, Carlos A","Leem, Seong-Gyun",,,,,cxb093000,carlos busso,Digital Signal Processing I 
EESC,6395,001,,23,2,,,,,,,,,,,,,,1,"Tamil, Lakshman","Tiryaki, Erhan",,,,,laxman,lakshman tamil,Wireless Sensor Systems and Networks 
ENGR,2300,001,1,2,1,3,4,2,2,2,2,1,3,,5,1,1,,2,"Mezenner, Rabah","Mahmoud, Mohamed H",,,,,rxm129730,rabah mezenner,Linear Algebra for Engineers 
ENGR,2300,002,6,18,2,3,7,1,2,,1,,,,1,3,1,,5,"Heins, Matthew S","Han, Weijie",,,,,msh130130,matthew heins,Linear Algebra for Engineers 
ENGR,2300,003,1,4,2,4,5,1,,3,,,,,1,2,3,,0,"Mezenner, Rabah","Mahmoud, Mohamed H",,,,,rxm129730,rabah mezenner,Linear Algebra for Engineers 
ENGR,2300,004,4,17,1,1,9,,,5,,,,1,3,5,,,1,"Ali, Mohammed Z","Leem, Seong-Gyun",,,,,mohammed,ali mohammed,Linear Algebra for Engineers 
ENGR,2300,005,1,15,2,2,7,3,1,1,,,,,2,3,1,,2,"Heins, Matthew S","Abbas, Farhat","Han, Weijie","Hassan, Rana A",,,msh130130,matthew heins,Linear Algebra for Engineers 
ENGR,2300,006,,23,,2,10,1,1,5,,,1,,,4,,,2,"Ali, Mohammed Z","Upadhyay, Bhaskar R",,,,,mohammed,ali mohammed,Linear Algebra for Engineers 
ENGR,2300,007,,1,,2,4,2,2,1,2,,,,5,5,1,,0,"Mezenner, Rabah","Mohamed, Ahmed M",,,,,rxm129730,rabah mezenner,Linear Algebra for Engineers 
ENGR,2300,008,,7,,2,2,1,,3,3,,1,,3,1,,,1,"Heins, Matthew S","Hassan, Rana A",,,,,msh130130,matthew heins,Linear Algebra for Engineers 
ENGR,2300,0W1,5,19,1,8,1,2,,2,4,,1,,1,4,2,,0,"Akin, Bilal","Li, Chen","Afshar, Mojtaba",,,,bxa123330,bilal akin,Linear Algebra for Engineers 
ENGR,2300,501,4,20,1,1,7,1,1,6,,,,,,7,,,2,"Ali, Mohammed Z","Helwa, Sherief M","Mohamed, Ahmed M",,,,mohammed,ali mohammed,Linear Algebra for Engineers 
ENGR,3300,001,,2,,,8,,,6,5,,1,,3,8,7,,0,"Lee, Jung S","Hossain Bhuiyan, Md Emran","Si, Qilin","Parvez, Mohammad Salman",,,jls032000,jung lee,Advanced Engineering Mathematics 
ENGR,3300,002,,3,,,7,,,8,2,,4,,,13,5,,2,"Lee, Jung S","Baral, Ashwin Bhobani",,,,,jls032000,jung lee,Advanced Engineering Mathematics 
ENGR,3300,003,1,3,,,9,,,4,7,,3,,1,13,3,,1,"Lee, Jung S","Si, Qilin","Parvez, Mohammad Salman","Hossain Bhuiyan, Md Emran",,,jls032000,jung lee,Advanced Engineering Mathematics 
ENGR,3300,004,8,6,7,3,1,1,1,,4,,1,1,1,9,2,,0,"Saad, Ricardo E","Nourmohamadi, Hesam",,,,,rsaad,ricardo saad,Advanced Engineering Mathematics 
ENGR,3300,005,2,4,4,3,5,4,2,2,2,,,1,,12,3,,1,"VanDenberghe, William","Singh, Vidushi",,,,,wxv101020,william vandenberghe,Advanced Engineering Mathematics 
ENGR,3300,006,,1,,1,7,4,,2,3,,1,,3,9,8,,5,"Florence, James M","Wang, Zhen",,,,,jmf130530,james florence,Advanced Engineering Mathematics 
ENGR,3300,007,,2,,,6,4,,7,3,,1,,1,7,4,,4,"Florence, James M","Goswami, Pingakshya",,,,,jmf130530,james florence,Advanced Engineering Mathematics 
ENGR,3300,501,,,,,,,,3,7,,5,,2,11,10,,3,"Lee, Jung S","Tiryaki, Erhan","Xie, Hao",,,,jls032000,jung lee,Advanced Engineering Mathematics 
ENGR,3341,001,,8,2,1,5,4,2,6,3,,3,,3,6,5,,6,"Gelb, Lev D","Mosur Saravana Murthy, Lakshmi Narayanan","Shamsi, Zeshaan",,,,ldg102020,lev gelb,Probability Theory and Statistics 
ENGR,3341,002,8,3,7,4,7,4,5,2,2,,,,,9,,,2,"Saquib, Mohammad","Olee, Shakil Mahmud",,,,,saquib,mohammad saquib,Probability Theory and Statistics 
ENGR,3341,003,5,14,6,5,7,7,1,1,2,,1,,,3,,,1,"Saquib, Mohammad","Olee, Shakil Mahmud",,,,,saquib,mohammad saquib,Probability Theory and Statistics 
ENGR,3341,004,7,7,8,9,4,5,,3,,,2,,1,,,,3,"Nosratinia, Aria","Uddin, Mohammed Belal",,,,,aria,aria nosratinia,Probability Theory and Statistics 
ENGR,3341,005,,9,1,2,12,4,1,2,4,,2,,,9,4,,3,"Gelb, Lev D","Mosur Saravana Murthy, Lakshmi Narayanan","Shamsi, Zeshaan",,,,ldg102020,lev gelb,Probability Theory and Statistics 
ENGR,3341,0W1,4,6,6,4,3,4,1,2,1,1,1,2,2,8,5,,3,"Myers, Kathleen","Alexander, Ritzia V",,,,,kxm156530,kathleen myers,Probability Theory and Statistics 
ENGR,3341,0W2,,3,8,,6,4,4,1,2,,1,1,6,11,2,,5,"Myers, Kathleen","Alexander, Ritzia V",,,,,kxm156530,kathleen myers,Probability Theory and Statistics 
ENGY,3302,001,1,13,4,,,1,,,1,,,,,,,,1,"Sibley, Daniel C","Wendel, Alexa P",,,,,dcs170002,daniel sibley,Managing Power and Renewable Energy Assets  Sustainability 
ENTP,3301,001,2,13,8,12,6,5,1,1,1,,,,1,8,,,0,"Choi, Emily","Kwon, Jung Hyun",,,,,exc113230,emily choi,Innovation and Entrepreneurship 
ENTP,3301,002,2,13,14,7,7,4,,,,,,,1,7,1,,1,"Choi, Emily","Kwon, Jung Hyun",,,,,exc113230,emily choi,Innovation and Entrepreneurship 
ENTP,3301,004,5,7,18,5,6,7,,,,,,,1,2,1,,5,"Nichols, Paul M",,,,,,pxn120030,paul nichols,Innovation and Entrepreneurship 
ENTP,3301,005,,7,,2,13,3,,,2,,3,,5,7,,,2,"Kimzey, Jackie","Satyavolu, Ramana Sai Sri Harsha",,,,,jxk092000,jackie kimzey,Innovation and Entrepreneurship 
ENTP,3301,0W1,,20,,,19,,,1,,,,,1,5,,,3,"Pedigo, Madison F",,,,,,mfp013000,madison pedigo,Innovation and Entrepreneurship 
ENTP,3320,001,,,7,7,,,,,,,,,,,,,0,"Peck, Paul S",,,,,,psp012100,,Start-up Launch I 
ENTP,3360,001,,1,2,2,5,,,2,,,,,,5,,,1,"Park, Haemin","Yeo, Yundong",,,,,hxp174230,haemin park,Entrepreneurial Finance 
ENTP,3360,002,,1,1,1,3,3,,1,,,,,,3,,,2,"Park, Haemin","Yeo, Yundong",,,,,hxp174230,haemin park,Entrepreneurial Finance 
ENTP,4311,001,,19,,,20,,,4,,,,,2,7,1,,2,"Shah, Rajiv","Welbourne Eleazar, Miranda J",,,,,rxs079000,rajiv shah,Entrepreneurial Strategy and Business Models 
ENTP,4320,501,6,5,15,6,4,4,,2,,,,,,4,,,2,"Peck, Paul S",,,,,,psp012100,,Small Business Management 
ENTP,4340,501,3,30,36,21,26,13,5,6,4,,7,,2,39,11,,5,"Wright, Robert G","Briseno, Joselyn A","Sardana, Chirag",,,,rgw091000,robert wright,Social Sector Entrepreneurship and Community Engagement 
ENTP,4360,001,3,4,7,4,4,1,1,,1,,,,,2,,,1,"Choi, Emily","Kwon, Jung Hyun",,,,,exc113230,emily choi,Innovation and Creativity 
ENTP,6370,0W1,,10,7,1,5,1,1,,,,,,,,,8,0,"Kimzey, Jackie","Satyavolu, Ramana Sai Sri Harsha",,,,,jxk092000,jackie kimzey,Innovation and Entrepreneurship 
ENTP,6370,501,,5,5,,7,,,,,,,,,,,4,0,"Kimzey, Jackie","Satyavolu, Ramana Sai Sri Harsha",,,,,jxk092000,jackie kimzey,Innovation and Entrepreneurship 
ENTP,6375,501,,5,3,1,1,1,,,,,,,,,,1,0,"Shah, Rajiv","Welbourne Eleazar, Miranda J",,,,,rxs079000,rajiv shah,Technology and New Product Development 
ENTP,6378,501,,6,4,1,2,,,,,,,,,,,2,0,"Park, Haemin","Yeo, Yundong",,,,,hxp174230,haemin park,Managing the Emerging Enterprise 
ENTP,6394,XS1,,10,8,1,9,,,,,,,,,,,5,0,"Kimzey, Jackie","Satyavolu, Ramana Sai Sri Harsha",,,,,jxk092000,jackie kimzey,
ENTP,6398,501,,18,7,6,4,1,,,,,,,,,,7,0,"Shah, Rajiv","Welbourne Eleazar, Miranda J",,,,,rxs079000,rajiv shah,The Entrepreneurial Experience 
ENVR,2302,0W1,3,,3,1,1,2,,2,,,,,1,3,,,0,"Cummings, Anthony R","Kopru, Esad F",,,,,arc131030,anthony cummings,The Global Environment 
EPCS,2200,001,,37,11,7,10,,1,1,,,,,,13,,,5,"Bennett, Terrell R",,,,,,trb052000,terrell bennett,Engineering Projects in Community Service 
EPCS,3200,001,,11,1,2,1,,,,,,,,,,,,0,"Bennett, Terrell R",,,,,,trb052000,terrell bennett,Engineering Projects in Community Service II 
EPPS,2301,001,14,9,10,3,5,4,1,1,1,1,,,4,4,4,,9,"Parker, Misty D","Noe, Ricardo",,,,,mxp045000,misty parker,Research Design in the Social and Policy Sciences 
EPPS,2301,002,,10,6,7,2,,2,1,,3,,1,,1,,,1,"Taden, John",,,,,,jxt161530,john taden,Research Design in the Social and Policy Sciences 
EPPS,2301,0W1,9,2,3,5,2,3,,,,,,1,6,4,2,,2,"Kosiewicz, Holly","Noor, Muhammad Zeeshan",,,,,hxk200027,holly kosiewicz,Research Design in the Social and Policy Sciences 
EPPS,2302,001,2,8,1,2,6,1,,1,,2,2,,2,3,,,2,"Dean, Denis J",,,,,,djd081000,denis dean,Methods of Quantitative Analysis in the Social and Policy Sciences 
EPPS,2302,003,,21,7,3,6,1,1,,2,,,,4,,2,,3,"Bray, Timothy M",,,,,,tmb021000,timothy bray,Methods of Quantitative Analysis in the Social and Policy Sciences 
EPPS,6313,501,,36,,,2,,,,,,,,1,,,,1,"Grover, William C",,,,,,wcg071000,william grover,Introduction to Quantitative Methods 
EPPS,6316,501,,6,5,6,2,2,,2,,,,,,,,,1,"D'Orazio, Vito",,,,,,vxd152030,vito dorazio,Applied Regression 
EPPS,6323,001,,9,3,1,1,,,1,,,,,,,,1,1,"Ho, Karl",,,,,,kxh022100,karl ho,Knowledge Mining 
EPPS,6354,001,,5,2,3,,,,,,,,,,,,,0,"Ho, Karl",,,,,,kxh022100,karl ho,Information Management 
EPPS,7304,0H1,,,3,4,2,1,,,,,,,,,,1,0,"Fass, Simon",,,,,,fass,simon fass,Cost-Benefit Analysis 
EPPS,7316,001,,1,10,2,,,,,,,,,,,,,1,"Brandt, Patrick",,,,,,pxb054000,patrick brandt,Regression and Multivariate Analysis 
FILM,1303,001,15,6,4,5,4,1,,1,,,1,,3,3,2,,3,"Almroani, Nouf Mfdhi H",,,,,,nma160130,nouf mfdhi almroani,Transnational Film and Video 
FILM,1303,002,29,6,2,1,,2,1,2,,,,2,1,2,1,,0,"Shafek, Amal S",,,,,,ass106020,amal shafek,Transnational Film and Video 
FILM,2332,001,1,1,7,14,9,12,11,10,3,2,3,6,15,4,9,,7,"Petty, John E","Wensel, Laurence L",,,,,jep140330,john petty,Understanding Film 
FILM,2332,0W1,17,15,22,17,12,4,4,,1,1,,1,3,6,7,,8,"Dillard, Clayton","Lyon, Tara L",,,,,cxd190016,clayton dillard,Understanding Film 
FILM,3321,001,5,5,2,12,9,3,4,2,,,,,1,2,,,3,"McLean, Adrienne L",,,,,,amclean,adrienne mclean,Film in Historical Context 
FILM,3342,001,1,11,3,5,2,,,1,1,2,,,4,,,,2,"Warren, Shilyh J",,,,,,sjw120030,shilyh warren,Topics in Film 
FIN,3300,001,,33,,,7,,,5,,,,,6,4,1,,4,"Lynch, Julie","Kandoi, Sidharth",,,,,jxl180030,julie lynch,Personal Finance 
FIN,3305,002,,8,2,,9,,,5,,,3,,3,6,1,,3,"Guttery, Randall","Wen, Yaxin",,,,,rxg112530,randall guttery,Real Estate Principles 
FIN,3305,003,,7,4,,9,3,,1,,,,,3,11,,,2,"Guttery, Randall","Wen, Yaxin",,,,,rxg112530,randall guttery,Real Estate Principles 
FIN,3320,001,,9,8,9,12,,3,5,,,1,,,8,2,,3,"Wang, Pingle","Smith, Jake A",,,,,pxw200007,pingle wang,Business Finance 
FIN,3320,002,1,3,7,,12,2,,1,6,,2,,2,16,1,,5,"Cordell, David M","Kambiri, Prerak",,,,,dmc012300,david cordell,Business Finance 
FIN,3320,003,2,4,5,1,7,3,1,,4,,5,,1,12,5,,7,"Cordell, David M","Kambiri, Prerak",,,,,dmc012300,david cordell,Business Finance 
FIN,3320,004,,2,4,1,9,1,1,1,2,,2,,2,17,2,,8,"Cordell, David M","Kambiri, Prerak",,,,,dmc012300,david cordell,Business Finance 
FIN,3320,005,4,8,17,6,4,5,3,1,2,1,,,1,5,2,,1,"Mace, Christopher",,,,,,cxm200014,christopher mace,Business Finance 
FIN,3320,008,3,5,6,7,4,,,3,2,2,1,3,,17,5,,2,"Gurun, Ayfer","Lee, Pil-Seng",,,,,axg119030,ayfer gurun,Business Finance 
FIN,3320,009,8,6,9,5,1,2,3,,2,1,,2,4,11,3,,2,"Mace, Christopher",,,,,,cxm200014,christopher mace,Business Finance 
FIN,3320,010,,6,6,11,10,2,2,,1,,,,,6,,,4,"Khanapure, Revansiddha B","Le, Thu N",,,,,rbk160130,revansiddha khanapure,Business Finance 
FIN,3320,011,,20,,,16,,,1,,,,,,22,,,1,"Li, Jun","Zhu, Yifan",,,,,jxl128031,jun li,Business Finance 
FIN,3320,013,,24,,,13,,,5,,,,,,17,,,0,"Li, Jun","Zhu, Yifan",,,,,jxl128031,jun li,Business Finance 
FIN,3320,014,,12,7,5,6,2,,7,,,,,,14,1,,4,"Wang, Pingle","Smith, Jake A",,,,,pxw200007,pingle wang,Business Finance 
FIN,3320,0W1,1,22,2,,11,3,,2,1,,,1,,15,1,,0,"Manzi, Jeff",,,,,,jxm158130,jeffrey manzi,Business Finance 
FIN,3320,0W2,2,12,5,2,12,2,1,3,,,1,1,1,16,,,2,"Manzi, Jeff",,,,,,jxm158130,jeffrey manzi,Business Finance 
FIN,3320,501,,5,6,8,8,4,3,1,1,,,,1,5,,,4,"Khanapure, Revansiddha B","Le, Thu N",,,,,rbk160130,revansiddha khanapure,Business Finance 
FIN,3320,HON,5,21,4,2,2,,,,,,,,1,19,,,0,"Peabody, Stephen D",,,,,,sdp093020,,Business Finance 
FIN,3330,001,4,24,,1,,,,,,,,,,,,,0,"Peabody, Stephen D","Tennyson, Sephode P",,,,,sdp093020,,Personal Financial Planning 
FIN,3330,002,1,15,,2,6,3,2,5,1,,,,,15,,,1,"Manzi, Jeff","Tennyson, Sephode P",,,,,jxm158130,jeffrey manzi,Personal Financial Planning 
FIN,3330,003,2,15,2,2,11,2,,3,2,,,,,13,2,,4,"Manzi, Jeff","Tennyson, Sephode P",,,,,jxm158130,jeffrey manzi,Personal Financial Planning 
FIN,3330,004,7,27,,1,,,,,,,,,,1,,,0,"Peabody, Stephen D","Tennyson, Sephode P",,,,,sdp093020,,Personal Financial Planning 
FIN,3340,001,28,15,,1,,2,,,,,,,,1,,,1,"Molina, Stephen","Wendel, Alexa P",,,,,sxm163630,stephen molina,Regulation of Business and Financial Markets 
FIN,3350,001,,6,21,5,6,,,2,2,,,,2,4,4,,4,"Xia, Han","Zhao, Yabo",,,,,hxx110930,han xia,Financial Markets and Institutions 
FIN,3350,002,,7,9,7,7,,1,,,,,,2,12,4,,5,"Xia, Han","Zhao, Yabo",,,,,hxx110930,han xia,Financial Markets and Institutions 
FIN,3360,001,,3,4,7,5,,,4,,,,,2,3,,,2,"Park, Haemin","Yeo, Yundong",,,,,hxp174230,haemin park,Entrepreneurial Finance 
FIN,3360,002,,6,1,12,6,1,3,3,,,,,,8,1,,3,"Park, Haemin","Yeo, Yundong",,,,,hxp174230,haemin park,Entrepreneurial Finance 
FIN,3365,001,7,8,3,1,6,5,,4,,1,1,,1,6,,,1,"DeCourcy, George A",,,,,,gad075000,george decourcy,Real Estate Finance and Principles 
FIN,3370,001,3,9,16,6,1,1,,,1,,1,,1,5,,,2,"Haynes, Steven","Kandoi, Sidharth",,,,,sxh102420,steven haynes,Principles of Risk Management and Insurance 
FIN,3380,001,4,3,5,9,6,,1,3,1,1,3,2,,17,4,,0,"Gurun, Ayfer","Lee, Pil-Seng",,,,,axg119030,ayfer gurun,International Financial Management 
FIN,3380,002,3,3,5,4,5,1,,1,1,1,2,1,,13,3,,0,"Gurun, Ayfer","Lee, Pil-Seng",,,,,axg119030,ayfer gurun,International Financial Management 
FIN,3390,001,12,10,4,6,6,4,,1,1,,1,,,8,2,,3,"El-Ashmawi, Amal H","Ramesh Vasisht, Sudhanva",,,,,ahe013000,amal el ashmawi,Introduction to Financial Modeling 
FIN,3390,002,20,9,5,4,2,2,,,3,,,1,,2,,,2,"El-Ashmawi, Amal H","Ramesh Vasisht, Sudhanva",,,,,ahe013000,amal el ashmawi,Introduction to Financial Modeling 
FIN,3390,003,12,7,11,4,1,4,,1,,,,,,7,1,,0,"El-Ashmawi, Amal H","Ramesh Vasisht, Sudhanva",,,,,ahe013000,amal el ashmawi,Introduction to Financial Modeling 
FIN,3390,005,,3,3,2,3,,,,3,,,,1,15,1,,3,"Kaur, Dupinderjeet","Tembhurne, Sumit",,,,,dxk110730,dupinderjeet kaur,Introduction to Financial Modeling 
FIN,3395,501,,8,9,,3,4,1,,2,,1,,,13,,,2,"Kaur, Dupinderjeet","Tembhurne, Sumit",,,,,dxk110730,dupinderjeet kaur,Financial Modeling and Valuation 
FIN,4300,001,,8,7,4,4,2,2,1,1,,,,,16,,,2,"Khanapure, Revansiddha B","Le, Thu N",,,,,rbk160130,revansiddha khanapure,Investment Management 
FIN,4300,002,3,7,4,4,1,5,,,1,2,,,1,19,,,3,"Tang, Xiaoxiao","Sharma, Abhishek",,,,,xxt180003,xiaoxiao tang,Investment Management 
FIN,4300,003,1,4,2,1,3,2,1,,1,1,,1,1,8,,,4,"Tang, Xiaoxiao","Sharma, Abhishek",,,,,xxt180003,xiaoxiao tang,Investment Management 
FIN,4300,501,,2,1,1,1,1,2,,,,,,1,12,2,,2,"Tang, Xiaoxiao","Sharma, Abhishek",,,,,xxt180003,xiaoxiao tang,Investment Management 
FIN,4305,001,2,5,8,4,3,1,,1,1,,,,,3,,,0,"Zhao, Feng","Wen, Yaxin",,,,,fxz082000,feng zhao,Fixed Income Securities Analysis 
FIN,4310,001,5,4,10,8,7,,3,3,4,1,,,3,9,,,1,"Hasler, Michael","Hamzeh, Alireza",,,,,mxh190031,michael hasler,Intermediate Financial Management 
FIN,4310,002,1,4,13,10,4,4,1,3,2,,,1,,13,1,,1,"Hasler, Michael","Hamzeh, Alireza",,,,,mxh190031,michael hasler,Intermediate Financial Management 
FIN,4310,501,,16,,1,,3,1,2,3,,,1,1,5,,,2,"Yang, Hang",,,,,,hxy171330,,Intermediate Financial Management 
FIN,4313,001,,8,3,1,,,,,,,,,,1,1,,0,"Sibley, Daniel C","Wendel, Alexa P",,,,,dcs170002,daniel sibley,Energy Finance 
FIN,4321,501,,6,1,,14,1,,4,1,,1,,,3,1,,1,"Hedgecock, Blake M",,,,,,bxh132030,blake hedgecock,Real Estate Law and Contracts 
FIN,4333,501,2,2,2,1,1,1,,,1,,,,,,,,3,"Haynes, Steven",,,,,,sxh102420,steven haynes,Enterprise Risk Management 
FIN,4337,501,,4,4,1,1,,,1,,,,,,1,,,0,"Ballew, Gregory E",,,,,,geb011100,gregory ballew,Business Valuation 
FIN,4340,001,,8,2,5,1,1,1,1,1,1,,,3,,2,,2,"Kaur, Dupinderjeet","Tembhurne, Sumit",,,,,dxk110730,dupinderjeet kaur,Options and Futures Markets 
FIN,4345,001,8,38,,7,2,1,,,,1,,,,2,,,0,"Ma, Liping","Sharma, Abhishek",,,,,lxm133730,liping ma,Financial Information and Analysis 
FIN,4390,001,24,,,,,,,,,,,,,,,,0,"Manzi, Jeff","Treece, Gregory A",,,,,jxm158130,jeffrey manzi,Seminar Series in Finance 
FIN,6301,0W1,,45,,,7,,,,,,,,,,,3,4,"El-Ashmawi, Amal H",,,,,,ahe013000,amal el ashmawi,Financial Management 
FIN,6301,501,,13,9,8,6,1,,,,,,,1,,,5,1,"Nanda, Vikram K","Guo, Shujian",,,,,vkn150030,vikram nanda,Financial Management 
FIN,6301,502,,8,2,9,2,,,,,,,,1,,,3,0,"Nanda, Vikram K","Guo, Shujian",,,,,vkn150030,vikram nanda,Financial Management 
FIN,6301,AW1,,11,5,4,4,,,1,,,,,,,,1,0,"Reichert, Carolyn A",,,,,,carolyn,carolyn reichert,
FIN,6301,MBP,,17,7,6,7,,,,,,,,,,,7,0,"Reichert, Carolyn A",,,,,,carolyn,carolyn reichert,
FIN,6307,501,,35,11,4,3,1,2,,,,,,2,,,2,2,"Ma, Liping","Sharma, Abhishek",,,,,lxm133730,liping ma,Mathematical Methods for Finance 
FIN,6310,501,,4,3,5,2,,,,,,,,,,,5,1,"Khanapure, Revansiddha B","Le, Thu N",,,,,rbk160130,revansiddha khanapure,Investment Theory and Practice 
FIN,6314,001,,9,3,4,,,,,,,,,,,,,0,"Zhao, Feng","Wen, Yaxin",,,,,fxz082000,feng zhao,Fixed Income Securities 
FIN,6315,0W1,,7,1,5,1,,,1,,,,,,,,2,1,"Pedigo, Madison F",,,,,,mfp013000,madison pedigo,Entrepreneurial Finance 
FIN,6316,501,,10,2,3,1,1,,,,,,,,,,4,0,"Springate, David J",,,,,,spring8,david springate,Private Equity Finance 
FIN,6318,501,,8,6,6,3,1,,,,,,,,,,10,2,"Xu, Yexiao","Wen, Yaxin",,,,,yexiaoxu,yexiao xu,Analytics of Finance 
FIN,6321,501,,13,,,7,1,,1,,,,,2,,,,0,"Guttery, Randall","Wen, Yaxin",,,,,rxg112530,randall guttery,Introduction to Real Estate 
FIN,6322,0W1,,20,3,3,4,,,1,,,,,1,,,4,0,"DeCourcy, George A",,,,,,gad075000,george decourcy,Real Estate Finance and Investment 
FIN,6325,501,,14,4,3,4,,1,,,,,,,,,4,0,"Xia, Han","Zhao, Yabo",,,,,hxx110930,han xia,Macroeconomics and Financial Markets 
FIN,6335,501,,6,9,7,,,,,,,,,,,,8,1,"Sibley, Daniel C","Wendel, Alexa P",,,,,dcs170002,daniel sibley,Energy Finance 
FIN,6350,001,,5,2,1,,1,,,,,,,1,,,4,2,"Baranchuk, Nina",,,,,,nxb043000,nina baranchuk,Advanced Corporate Finance 
FIN,6352,001,,,6,3,1,1,,,,,,,,,,4,2,"von Drathen, Christian",,,,,,cxv141430,christian von drathen,Financial Modeling For Valuation 
FIN,6353,501,,28,20,4,2,,1,,,,,,,,,7,1,"Zhang, Huibing","Guo, Shujian",,,,,hxz054000,huibing harold zhang,Financial Modeling for Investment Analysis 
FIN,6356,501,,7,3,1,1,,,,,,,,,,,2,0,"Springate, David J",,,,,,spring8,david springate,Mergers and Acquisitions 
FIN,6360,501,,15,6,7,2,2,1,3,,,,,,,,3,1,"Kaur, Dupinderjeet","Tembhurne, Sumit",,,,,dxk110730,dupinderjeet kaur,Derivatives Markets 
FIN,6366,501,,12,1,2,3,,,,,,,,,,,2,0,"Xiao, Steven",,,,,,sxx150930,steven xiao,International Financial Management 
FIN,6368,001,,6,7,1,,,,,,,,,,,,,0,"Ma, Liping","Sharma, Abhishek",,,,,lxm133730,liping ma,Financial Information and Analysis 
FIN,6368,GW1,,8,1,1,,1,,,,,,,,,,,0,"Ayres, Jeffrey A",,,,,,jaa014500,jeffrey ayres,
FIN,6392,001,,5,2,7,3,1,1,,,,,,,,,6,0,"Zheng, Zhiqiang",,,,,,zxz062000,zhiqiang zheng,Financial Technology and Blockchain 
FIN,7330,001,,4,1,,3,,,1,,,,,,,,1,0,"Hasler, Michael",,,,,,mxh190031,michael hasler,Topics in Theoretical Asset Pricing 
FIN,7340,501,,3,1,4,,,,,,,,,1,,,1,0,"Baranchuk, Nina",,,,,,nxb043000,nina baranchuk,Topics in Theoretical Corporate Finance 
FREN,1312,001,,12,,,,,,,,,,,,,,,1,"Fettouh, Maha K",,,,,,mkf101020,maha fettouh,Beginning French II 
FTEC,6303,FH1,,5,5,1,2,,,,,,,,,,,,0,"Xiao, Wenjing",,,,,,swx170030,wenjing xiao,
FTEC,6311,FH1,,4,7,6,,,,,,,,,,,,,0,"Scott, James A",,,,,,jas076100,james scott,
FTEC,6313,FH1,,2,4,3,1,,,,,,,,,,,,0,"Song, Liugen",,,,,,lxs190018,liugen song,
FTEC,6319,FH1,,2,1,1,2,,3,,,,,,1,,,,0,"Lois, Brian",,,,,,,brian lois,
GEOG,2302,0W1,2,1,5,1,2,2,1,1,2,1,,,3,,1,,1,"Cummings, Anthony R","Kopru, Esad F",,,,,arc131030,anthony cummings,The Global Environment 
GEOG,3331,501,,5,4,3,6,1,1,,,,,,,2,1,,1,"Vakulenko, Irina","Chen, Meifang",,,,,iav081000,irina vakulenko,Urban Growth and Structure 
GEOG,3370,501,3,11,6,12,2,1,3,1,3,,,,,,1,,2,"Vakulenko, Irina","Chen, Meifang",,,,,iav081000,irina vakulenko,The Global Economy 
GEOG,3372,001,5,9,6,5,7,4,,3,,2,,,1,1,2,,1,"Vakulenko, Irina","Chen, Meifang",,,,,iav081000,irina vakulenko,Population and Development 
GEOG,4396,001,1,3,4,,4,,,,,,,,1,1,,,0,"Vakulenko, Irina","Chen, Meifang",,,,,iav081000,irina vakulenko,Selected Topics in Geography 
GEOS,1103,103,1,3,3,2,2,,,1,,,,,,,,,0,"Griffin, William R","Akatakpo, Solomon O",,,,,griffin,william griffin,Physical Geology Laboratory 
GEOS,1303,001,,3,4,6,11,2,1,1,1,2,2,1,1,2,2,,0,"Manton, William I",,,,,,manton,william manton,Physical Geology 
GEOS,1303,0W1,95,60,14,4,9,7,2,3,4,,1,,4,9,4,,3,"Pujana, Ignacio",,,,,,pujana,ignacio pujana,Physical Geology 
GEOS,1303,501,5,15,9,10,1,2,1,1,,,,,3,,,,2,"Griffin, William R","Vazquez-Olmeda, Aldwin S","Zhang, Yang",,,,griffin,william griffin,Physical Geology 
GEOS,1304,001,1,2,2,3,1,2,,,,,,,,,,,0,"Pujana, Ignacio","Creecy, Kathryn V","Vazquez-Olmeda, Aldwin S",,,,pujana,ignacio pujana,History of Earth and Life 
GEOS,2302,0W1,5,1,1,2,2,,1,,,,,,2,,2,,1,"Cummings, Anthony R","Kopru, Esad F",,,,,arc131030,anthony cummings,The Global Environment 
GEOS,2310,001,1,3,3,1,2,,,1,,,,,,,,,0,"Brikowski, Tom","Sink, Katharine O",,,,,brikowi,tom brikowski,Environmental Geology 
GEOS,3124,051,,5,,,1,1,,1,,,3,1,,1,,,0,"Finkelman, Robert B",,,,,,rbf051000,robert finkelman,Energy  the Environment and Human Health 
GEOS,3434,001,3,,1,2,4,2,1,,1,,,,2,,,,0,"Pujana, Ignacio","Newman, Jordan W",,,,,pujana,ignacio pujana,Paleobiology 
GEOS,3470,0W1,1,,1,,2,1,,,,,,,2,,1,,2,"Pirouz, Mortaza","Hiss, Kevin A","Johnson, Samuel P",,,,mxp180004,mortaza pirouz,Structural Geology 
GEOS,4322,001,,,1,3,1,4,3,,,,,1,1,,,,0,"Manton, William I",,,,,,manton,william manton,The Earth System 
GEOS,5375,501,,4,1,1,3,,,,,,,,,,,,1,"Stern, Robert","Wang, Ning",,,,,rjstern,robert stern,Tectonics 
GISC,4325,001,4,5,1,,5,,,,,1,,,,1,1,,0,"Dean, Denis J","Wu, Yanan","Shi, Zheng",,,,djd081000,denis dean,Introduction to Remote Sensing 
GISC,4326,001,4,1,1,2,2,1,,,,1,,1,,,,,1,"Chun, Yongwan","Yu, Xiaohe",,,,,yxc070300,,Cartography and GeoVisualization 
GISC,4386,0W1,4,1,1,2,1,,1,1,1,1,,,2,2,1,,1,"Cummings, Anthony R","Wu, Yanan",,,,,arc131030,anthony cummings,Global Change and Its Challenges 
GISC,6317,5H1,,5,1,2,1,1,,2,,,,,,,,1,4,"Chastain, Bryan J","Kopru, Esad F",,,,,bjc062000,bryan chastain,GIS Programming Fundamentals 
GISC,6381,501,,5,2,1,,,,,,,,,1,,,,2,"Chun, Yongwan","Yu, Xiaohe",,,,,yxc070300,,Geographic Information Systems Fundamentals 
GISC,6384,001,,6,1,2,1,1,,,,,,,1,,,,1,"Qiu, Fang","Venigalla, Lasya","Davenport, Miranda J",,,,ffqiu,fang qiu,Advanced Geographic Information Systems 
GOVT,2305,001,11,14,37,21,20,18,4,11,3,2,5,2,14,13,3,,7,"Hadley, Travis","Shin, Hanna",,,,,txh180023,travis hadley,American National Government 
GOVT,2305,002,,3,4,4,4,3,,7,3,4,1,,2,8,2,,4,"Lowry, Robert C",,,,,,rcl062000,robert lowry,American National Government 
GOVT,2305,0W1,80,66,31,27,25,6,5,9,2,2,1,1,13,19,3,,7,"Parker, Misty D","Noe, Ricardo",,,,,mxp045000,misty parker,American National Government 
GOVT,2305,0W2,5,18,14,4,8,3,2,3,,2,1,,7,3,1,,3,"Brandt, Patrick",,,,,,pxb054000,patrick brandt,American National Government 
GOVT,2305,501,,109,47,27,18,26,4,12,7,1,,2,12,22,2,,10,"Lux, Ryan J","Shi, Min",,,,,rjl140330,ryan lux,American National Government 
GOVT,2306,001,1,16,13,7,13,3,4,2,5,3,5,1,6,6,6,,6,"Santoro, Lauren A","Chowdhry, Shivani",,,,,lar170530,lauren santoro,State and Local Government 
GOVT,2306,002,,143,64,25,18,12,2,2,1,2,,,9,7,1,,4,"Lux, Ryan J","Shi, Min",,,,,rjl140330,ryan lux,State and Local Government 
GOVT,2306,003,,16,9,6,5,1,1,1,3,1,,,4,,2,,1,"Eaton, John M",,,,,,jme130030,john eaton,State and Local Government 
GOVT,2306,0W1,,35,33,13,17,13,3,4,2,3,,3,6,17,3,,3,"Elliott, Euel W","Mutesi, Mireille",,,,,eelliott,euel elliott,State and Local Government 
GOVT,2306,0W2,,17,12,3,7,4,1,2,,,,,,1,1,,3,"Elliott, Euel W","Mutesi, Mireille",,,,,eelliott,euel elliott,State and Local Government 
GOVT,2306,0W3,51,107,56,26,21,5,5,7,1,1,1,1,2,9,2,,5,"Parker, Misty D","Noe, Ricardo",,,,,mxp045000,misty parker,State and Local Government 
GOVT,2306,0W4,27,35,46,21,15,7,1,2,2,1,1,1,6,12,1,,4,"Hadley, Travis","Shin, Hanna",,,,,txh180023,travis hadley,State and Local Government 
GOVT,2306,HH1,3,9,5,1,1,,,,,,,,1,3,,,0,"Dow, Douglas C",,,,,,dougdow,douglas dow,State and Local Government 
GOVT,2306,HN1,,23,1,1,,,,,,,,,,,,,0,"Elliott, Euel W","Scotch, Richard","Mutesi, Mireille",,,,eelliott,euel elliott,State and Local Government 
GST,2300,001,,8,5,4,1,,,,,,,,1,,3,,3,"Werhnyak, Larissa",,,,,,lxw163630,larissa werhnyak,Introduction to Gender Studies 
GST,3301,0W1,1,2,2,4,3,2,2,1,1,,1,,1,,,,0,"Prager, Karen","Williams, Denise D",,,,,kprager,karen prager,Psychology of Gender 
GST,4325,0W1,3,6,1,,2,1,,,,,1,,,2,1,,1,"Duquaine-Watson, Jill M",,,,,,jmw087000,jillian duquaine watson,Motherhood and the Technological Womb 
HCS,6313,002,,7,1,2,4,,,,,,,,,,,,0,"Ackerman, Robert A","Knoch, Desiree'",,,,,raa110030,robert ackerman,Research Methods in Behavioral and Brain Sciences - Part II 
HCS,6338,001,,11,,,,,,,,,,,,,,,0,"Kennedy, Kristen M","Lung, Tzu-Chen",,,,,kmk082000,kristen kennedy,Functional Neuroanatomy 
HCS,6341,001,,30,5,5,1,,,,,,,,,,,,0,"Ploski, Jonathan E",,,,,,jep101000,jonathan ploski,Genes  Brain  and Behavior 
HCS,7121,001,,,,,,,,,,,,,,,,30,0,"Rodriguez, Christa M",,,,,,cmr067000,christa mcintyre rodriguez,Graduate Seminar in Systems Neuroscience 
HCS,7343,001,,11,,,,,,,,,,,,,,,0,"Dussor, Gregory O",,,,,,gxd141130,gregory dussor,Neuropharmacology 
HCS,7355,001,,15,1,1,,,,,,,,,,,,,0,"Park, Jiyoung",,,,,,jxp176330,jiyoung park,Seminar in Psychological Sciences 
HDCD,6316,001,,13,,,,,,,,,,,,,,,1,"Ewing, Donna M",,,,,,dme061000,donna ewing,Developmental Assessment 
HDCD,6320,001,,4,3,,3,,,1,,,,,1,,,2,1,"Holub, Shayla C",,,,,,sch052000,shayla holub,The Developing Child  Toddler and Preschool Years 
HDCD,6390,001,,12,,1,,2,,,,,,,,,,1,1,"Ewing, Donna M",,,,,,dme061000,donna ewing,Infant Mental Health 
HIST,1301,0W1,3,18,50,28,23,42,10,12,12,4,1,2,12,59,10,,12,"Schulze, Jeffrey","He, Tong","Jacobs, Janet K","Mcatee, Samuel W","Adrian, Athena","Fields, Kollin E",jxs072200,jeffrey schulze,U S  History Survey to Civil War 
HIST,1302,001,18,134,56,18,19,8,1,3,2,,2,,3,28,5,,1,"Stewart, Whitney","Lawrence, Jenna","Hill, Justin T","Martinez, Priscilla C","Rahman, Syed M","Li, Meilin",wxs160630,whitney stewart,U S  History Survey from Civil War 
HIST,1302,0W1,11,82,48,38,30,8,3,7,2,1,2,1,13,30,4,,17,"Kang, Shulamith D","Leon Dubon, Saul V","Dillinger-Smith, Sarah J","Dunham, Daniel C","Seidl-Staley, Ash J","Almuthaybiri, Abdulaziz",sdk200001,shulamith kang,U S  History Survey from Civil War 
HIST,2301,0W1,2,7,39,23,31,33,10,4,16,2,1,5,11,23,12,,12,"Schulze, Jeffrey","Peterson, Derrick","Williams, Harold T","Mazur-Park, Felicity C","Zawng, Ze",,jxs072200,jeffrey schulze,History of Texas 
HIST,2330,HN1,,11,5,1,,,,,,,,,,,1,,1,"Wright, Ben",,,,,,bxw151330,ben wright,Themes and Ideas in American History 
HIST,2341,001,,2,2,3,3,1,2,3,,,,,6,9,3,,4,"Farmer, J Michael",,,,,,jmf073000,michael farmer,East Asian Civilizations 
HIST,2350,001,,13,4,2,6,2,,,,,1,,2,2,,,5,"Rankin, Monica A",,,,,,mar046000,monica rankin,Latin American Civilizations 
HIST,2370,001,1,21,9,2,1,,,2,,,,,1,,,,2,"Patterson, David",,,,,,dxp103120,david patterson,The Holocaust 
HIST,2381,001,5,18,10,13,21,6,4,5,,,1,,10,8,1,,2,"Ring, Natalie","Scalley, Michael W","Hickey, Alexander T",,,,njr041000,natalie ring,African-American History 
HIST,3301,001,1,9,2,3,,2,1,,,,,,,,,,1,"Admiral, Rosemary",,,,,,rxa170011,rosemary admiral,Historical Inquiry 
HIST,3301,002,7,,2,1,3,,,1,,,,,1,,,,0,"Kerner, Amy","Roemer, Nils H",,,,,axk200088,amy kerner,Historical Inquiry 
HIST,3306,0H1,7,1,4,,,2,,,,,,,,3,,,1,"Gonzalez Corona, Pedro Jose",,,,,,pjg130230,,History of Racism 
HIST,3327,0W1,2,3,4,6,4,3,1,5,,,,,1,2,,,6,"Gossin, Pamela",,,,,,psgossin,pamela gossin,Perspectives on Science 
HIST,3328,001,1,5,,1,,,1,2,,,,,,,1,,4,"Brown, Matthew",,,,,,mxb091000,matthew brown,History and Philosophy of Science and Medicine 
HIST,3346,001,,16,3,1,,1,,1,,,,,1,2,,,0,"Admiral, Rosemary",,,,,,rxa170011,rosemary admiral,Medieval Islamic World 
HIST,3366,001,1,15,1,1,3,,,,,,,,,1,,,1,"Fischer, Anne G",,,,,,agf190000,anne fischer,Themes in the Social History of the United States 
HIST,3374,001,,13,11,3,8,2,2,4,,,,,2,3,,,0,"Channell, David",,,,,,channell,david channell,American Technological Development 
HIST,3376,001,,2,2,6,2,,1,2,,,,,2,,,,1,"Wickberg, Daniel",,,,,,wickberg,daniel wickberg,American Intellectual History  Colonial to the Civil War 
HIST,3398,001,,12,4,2,,1,,,1,,,,,2,1,,2,"Rankin, Monica A",,,,,,mar046000,monica rankin,Colonial Latin American History 
HIST,4357,501,1,7,,1,1,1,,2,,,1,,2,1,,,2,"Hill, Kimberly D",,,,,,kdh140430,kimberly hill,Topics in African and African-American History 
HIST,4358,001,,4,3,,2,3,1,,,,,,,1,,,2,"Farmer, J Michael",,,,,,jmf073000,michael farmer,Topics in Asian History 
HIST,4377,001,,10,2,1,2,1,,,,,,,1,,,,1,"Schlereth, Eric R",,,,,,exs082000,eric schlereth,Topics in Early American History 
HIST,4379,501,9,5,2,1,,1,,,,,,,1,,,,0,"Valente, Sarah d",,,,,,sdv071000,sarah d valente,Topics in Women s and Gender History 
HIST,4386,001,,5,4,1,1,1,,,,,,,1,,,,1,"Kang, Shulamith D",,,,,,sdk200001,shulamith kang,Topics in the History of Race or Ethnicity 
HIST,4388,501,5,2,5,1,2,,,,,,,,2,,,,1,"Pfister, Debra H",,,,,,dhpf,debra pfister,Topics in Holocaust History 
HIST,6302,001,,5,3,2,1,,,,,,,,,,,1,0,"Stewart, Whitney",,,,,,wxs160630,whitney stewart,Public History 
HIST,6341,001,,6,3,2,1,,,,,,,,,,,,0,"Wilson, Michael",,,,,,mwilson,michael wilson,Thought  Culture  and Society in Europe 
HIST,6360,001,,6,2,,1,,,,,,,,,,,,2,"Kerner, Amy","Roemer, Nils H",,,,,axk200088,amy kerner,Latin American History 
HLTH,1100,0W1,,255,4,,,8,,,,,,,6,,1,,6,"Byrnes, Kathleen A",,,,,,kab019000,kathleen byrnes,Career Explorations for the Health Professions 
HLTH,1301,0W1,3,5,5,4,1,5,1,,,,,,3,1,3,,2,"Baetge, Claire",,,,,,cxb170330,claire baetge,Introduction to Kinesiology 
HLTH,1301,0W2,,3,5,,1,5,,1,,,2,,,2,2,,0,"Baetge, Claire",,,,,,cxb170330,claire baetge,Introduction to Kinesiology 
HLTH,1322,0W1,,5,2,6,4,1,,2,1,,,,4,2,,,0,"Day, Lora N",,,,,,lnd092000,lora day,Human Nutrition 
HLTH,1322,0W3,,13,,5,9,,4,1,,,,,1,1,,,0,"McBride, Rachael L",,,,,,rlp019100,rachael mcbride,Human Nutrition 
HLTH,3101,0W1,,140,,,2,,,1,,,1,,,3,,,1,"Sandon, Lona",,,,,,lxs095000,lona sandon,Medical Terminology 
HLTH,3101,0W2,,145,,,1,,,,,,,,,3,,,1,"Sandon, Lona",,,,,,lxs095000,lona sandon,Medical Terminology 
HLTH,3101,0W3,,49,,,4,,,,,,1,,3,2,,,1,"Sandon, Lona",,,,,,lxs095000,lona sandon,Medical Terminology 
HLTH,3101,0W4,,16,,,1,,,,,,,,,1,,,0,"Sandon, Lona",,,,,,lxs095000,lona sandon,Medical Terminology 
HLTH,3301,0W1,,27,3,1,2,2,3,2,2,,,,1,5,3,,2,"Byrnes, Kathleen A",,,,,,kab019000,kathleen byrnes,Issues in Geriatric Healthcare 
HLTH,3305,001,4,8,2,9,2,,,1,1,,,,,6,,,1,"Stark, Azadeh T",,,,,,ats160030,azadeh stark,The U S  Healthcare System 
HLTH,3305,002,2,4,2,,,2,1,1,2,1,,,,1,,,0,"Stark, Azadeh T",,,,,,ats160030,azadeh stark,The U S  Healthcare System 
HLTH,3305,003,,29,11,,,,,,,,,,,,,,0,"Taylor, Donald E",,,,,,det190000,donald taylor,The U S  Healthcare System 
HLTH,3310,0W1,8,18,8,8,8,3,1,,1,,1,,1,6,5,,1,"Duquaine-Watson, Jill M",,,,,,jmw087000,jillian duquaine watson,Health Care Issues  Global Perspectives 
HLTH,3315,0W1,,122,5,2,1,1,,,2,,,,,2,3,,2,"Byrnes, Kathleen A",,,,,,kab019000,kathleen byrnes,Issues in Patient Education 
HLTH,4108,001,36,1,1,,1,,,,,,,,,,,,0,"Rainey, Anthony D",,,,,,doyen,anthony rainey,Verbal Reasoning and Writing for Pre-Health 
HLTH,4305,0W1,54,10,4,,,1,,,,,,,,,,,0,"Dickey-Laprocido, Galen L",,,,,,gld190001,galen dickey laprocido,Public Health 
HLTH,4305,0W2,48,8,9,,1,,,1,,,1,,,,,,0,"Dickey-Laprocido, Galen L",,,,,,gld190001,galen dickey laprocido,Public Health 
HLTH,4306,0W1,17,6,5,1,4,1,,1,2,,1,,,2,,,0,"Savard, Ryan R",,,,,,rrs170330,ryan savard,Health and Sport 
HLTH,4306,0W2,12,4,5,3,1,,2,1,,,,,,1,,,0,"Savard, Ryan R",,,,,,rrs170330,ryan savard,Health and Sport 
HLTH,4380,0W1,21,4,4,,,,,,,,,,,,,,1,"Edwards, Christopher W","Slattery, Ryan P",,,,,cwe011000,christopher edwards,Special Topics in Healthcare 
HLTH,4380,0W2,15,7,5,1,,,1,,,,,,,1,,,0,"Edwards, Christopher W","Slattery, Ryan P",,,,,cwe011000,christopher edwards,Special Topics in Healthcare 
HMGT,3301,001,6,28,,6,7,4,,2,,,,,,5,1,,0,"Berrett, Britt R","Nandish, Shruthi",,,,,brb051000,britt berret,Introduction to Healthcare Management 
HMGT,3301,002,6,22,,13,3,1,,1,1,,4,,,10,1,,0,"Berrett, Britt R","Nandish, Shruthi",,,,,brb051000,britt berret,Introduction to Healthcare Management 
HMGT,3301,003,,2,7,9,12,1,4,1,1,1,,,1,7,1,,2,"Thurgood, Keith L","Nandish, Shruthi","Campos Ugarte, Karla P",,,,klt160130,keith thurgood,Introduction to Healthcare Management 
HMGT,3310,001,7,2,8,9,3,4,3,,1,1,,1,,18,2,,0,"Tesmer, Kristin M","Bhatia, Rishabh",,,,,kmj063000,kristin tesmer,Healthcare Regulatory Environment 
HMGT,3311,001,,12,,4,14,,1,4,1,2,1,,1,16,2,,0,"Karnuta, Daniel","Campos Ugarte, Karla P",,,,,dxk173030,daniel karnuta,Healthcare Accounting 
HMGT,4321,001,,24,8,3,14,1,1,3,,,,,,7,,,0,"Moonesinghe, Mark S","Sun, Kai",,,,,msm160030,mark moonesinghe,Introduction to Healthcare Information Systems 
HMGT,4395,001,1,7,7,6,4,6,,4,6,2,2,1,,15,,,1,"Berrett, Britt R","Kaplan, Marilyn R",,,,,brb051000,britt berret,Capstone Senior Project - Healthcare Management 
HMGT,6311,501,,12,,2,3,,,,,,,,,,,1,0,"Karnuta, Daniel",,,,,,dxk173030,daniel karnuta,Healthcare Financial Accounting 
HMGT,6320,0W1,,20,,,1,,,1,,,,,,,,,1,"Thurgood, Keith L","Nandish, Shruthi","Campos Ugarte, Karla P",,,,klt160130,keith thurgood,The American Healthcare System 
HMGT,6320,501,,32,,,1,,,,,,,,,,,,0,"Thurgood, Keith L","Nandish, Shruthi","Campos Ugarte, Karla P",,,,klt160130,keith thurgood,The American Healthcare System 
HMGT,6321,501,,11,9,2,1,2,1,,,,,,,,,8,0,"Ramanathan, Kannan",,,,,,kxr087000,kannan ramanathan,Strategic Leadership of Healthcare Organizations 
HMGT,6321,CS1,,25,2,,,,,,,,,,,,,,0,"Ferrante, Anne M",,,,,,,anne ferrante,
HMGT,6323,0W1,,13,12,7,9,1,,,,,,,,,,,0,"Ayvaci, Mehmet U","Zhang, Hong",,,,,mua120030,mehmet ayvaci,Healthcare Informatics 
HMGT,6324,0W1,,11,,1,1,,,,,,,,,,,2,0,"Ziegler, Laurie","Bhatia, Rishabh",,,,,ziegler,laurie ziegler,Healthcare Negotiation and Dispute Resolution 
HMGT,6324,501,,18,,,,,,,,,,,,,,,0,"Ziegler, Laurie","Bhatia, Rishabh",,,,,ziegler,laurie ziegler,Healthcare Negotiation and Dispute Resolution 
HMGT,6325,501,,33,6,1,,,,,,,,,1,,,1,0,"Stephens, Timothy G","Shah, Rishi A",,,,,tgs170130,timothy stephens,Healthcare Operations Management 
HMGT,6327,501,,34,3,1,2,1,,,,,,,,,,1,0,"Stephens, Timothy G","Patel, Sagar Vasantkumar",,,,,tgs170130,timothy stephens,Electronic Health Records Applications 
HMGT,6330,0W1,,9,11,1,4,3,,,,,,,1,,,6,3,"Drummond, Jeffery P","Satyavolu, Ramana Sai Sri Harsha",,,,,jpd160230,jeffery drummond,Healthcare Law  Policy and Regulation 
HMGT,6332,CS1,,12,,2,1,,,,,,,,,,,,0,"Ramanathan, Kannan",,,,,,kxr087000,kannan ramanathan,
HMGT,6404,AW1,,24,7,,,,,,,,,,,,,,0,"McCracken, John","Convery, Paul",,,,,,john mccracken,
HMGT,6404,AW6,,33,1,,,,,,,,,,,,,,0,"Convery, Paul","Kaiser, Robert C",,,,,,paul convery,
HMGT,6405,AW1,,39,5,2,1,,,,,,,,,,,,0,"McCracken, John","Convery, Paul",,,,,,john mccracken,
HMGT,6405,AW6,,29,1,,,,,,,,,,,,,,0,"Kaiser, Robert C",,,,,,,robert kaiser,
HONS,3101,HN1,2,8,1,1,,,,,,,,,,,,,2,"Harpham, Edward",,,,,,harpham,edward harpham,Medicine  Politics  and Philosophy 
HONS,3104,HN1,4,7,3,,,,,,,,,,,1,,,0,"Dow, Douglas C",,,,,,dougdow,douglas dow,Foreign Film   Political Culture 
HONS,3108,HN1,,11,1,,,,,,,,,,1,,,,1,"Prakash, Ravi",,,,,,ravip,ravi prakash,Internet and Public Policy 
HONS,3111,HN1,3,10,1,,1,,,,,,,,,,,,0,"Thompson, Christina M",,,,,,cmt120030,christina thompson,Science Fiction 
HONS,3111,HN2,3,9,,,,,,1,,,,,,,,,2,"Thompson, Christina M",,,,,,cmt120030,christina thompson,Science Fiction 
HONS,3199,H10,3,9,1,,,,,,,,,,,2,,,0,"Murchison, David F",,,,,,dfm100020,david murchison,Collegium V Honors Readings 
HONS,3199,H11,,15,,,,,,,,,,,,,,,0,"Stefan, Mihaela C",,,,,,mci071000,mihaela stefan,Collegium V Honors Readings 
HONS,3199,H13,5,4,,,,,,,,,,,1,,,,1,"Schwab, Robert",,,,,,rxs170230,,Collegium V Honors Readings 
HONS,3199,H15,2,8,2,,,,,,,,,,,,,,1,"Pitman, Bonnie L",,,,,,blp120030,bonnie pitman,Collegium V Honors Readings 
HONS,3199,H16,,,,,,,,,,,,,,13,,,0,"Harpham, Edward",,,,,,harpham,edward harpham,Collegium V Honors Readings 
HONS,3199,H17,,,,,,,,,,,,,,13,,,0,"Harpham, Edward",,,,,,harpham,edward harpham,Collegium V Honors Readings 
HONS,3199,H18,,12,,,,,,,,,,,,,,,0,"Wildenthal, Bryan H",,,,,,wildenbh,,Collegium V Honors Readings 
HONS,3199,HN1,3,11,,,,,,,,,,,,,,,1,"Thompson, Christina M","Rippel, Scott A",,,,,cmt120030,christina thompson,Collegium V Honors Readings 
HONS,3199,HN2,,17,,,,,,,,,,,1,,,,1,"Towner, Theresa",,,,,,tmtowner,theresa towner,Collegium V Honors Readings 
HONS,3199,HN3,,13,,,,,,,,,,,,,,,0,"Rankin, Monica A",,,,,,mar046000,monica rankin,Collegium V Honors Readings 
HONS,3199,HN4,5,12,2,,,,,,,,,,,,,,0,"Wilson, Michael",,,,,,mwilson,michael wilson,Collegium V Honors Readings 
HONS,3199,HN5,6,7,,,,,,,,,,,,1,,,1,"LaDow, Eva S",,,,,,esl130130,eva ladow,Collegium V Honors Readings 
HONS,3199,HN6,,14,,,,,,,,,,,,,,,0,"Farmer, J Michael",,,,,,jmf073000,michael farmer,Collegium V Honors Readings 
HONS,3199,HN7,,13,,,1,,,,,,,,,,,,1,"Murphy, Jessica C",,,,,,jxm092000,jessica murphy,Collegium V Honors Readings 
HONS,3199,HN8,1,9,,,,,,,,,,,1,,,,0,"Hatfield, Charles D",,,,,,cxh074100,charles hatfield,Collegium V Honors Readings 
HONS,3199,HN9,8,7,,,,,,,,,,,,,,,0,"Scotch, Richard","Hoiby, Rachel",,,,,scotch,richard scotch,Collegium V Honors Readings 
HUMA,3351,001,26,4,,,,,,,,,,,,,,,0,"Anjum, Zafar",,,,,,zxa110730,zafar anjum,Introduction to Islamic Culture 
IMS,3310,001,29,7,7,2,2,1,1,1,,1,,,2,13,4,,3,"Carraher, Shawn M",,,,,,smc130730,shawn carraher,International Business 
IMS,3310,002,26,13,4,2,4,3,,,,1,,,2,4,8,,5,"Carraher, Shawn M",,,,,,smc130730,shawn carraher,International Business 
IMS,3310,003,,10,15,7,9,8,2,3,1,,,,,2,,,0,"Woldu, Habte G","Alborz, Ethan",,,,,wolduh,habte woldu,International Business 
IMS,3310,004,9,6,8,3,6,6,1,4,,,1,,1,4,1,,1,"Lee, Minjung",,,,,,mxl170026,minjung lee,International Business 
IMS,3310,006,1,10,13,7,3,3,1,,1,,,,,2,,,0,"Woldu, Habte G","Alborz, Ethan",,,,,wolduh,habte woldu,International Business 
IMS,3310,007,1,5,21,9,6,3,,1,,,2,,,10,2,,0,"Hicks, Jeffrey N","Shen, Jia",,,,,jnh061000,jeffrey hicks,International Business 
IMS,3310,008,,20,7,6,9,4,,,,,,,,13,,,1,"Zydorek, Hubert","Campos de Castro Ferreira, Leticia",,,,,hxz120930,hubert zydorek,International Business 
IMS,3310,009,,22,8,9,5,3,,,1,,,,1,8,,,3,"Zydorek, Hubert","Campos de Castro Ferreira, Leticia",,,,,hxz120930,hubert zydorek,International Business 
IMS,3310,010,2,3,1,,1,,,2,1,,,,1,1,1,,8,"Levine, Sheen S","Thompson, Jessica H",,,,,ssl140530,sheen levine,International Business 
IMS,3310,011,1,2,4,6,1,,,,1,,,,3,4,2,,19,"Levine, Sheen S",,,,,,ssl140530,sheen levine,International Business 
IMS,3310,012,2,22,25,10,1,,,,,,,,,,,,0,"Bai, Xiaoou",,,,,,xxb150330,xiaoou bai,International Business 
IMS,3310,013,,5,1,3,8,1,1,1,1,,3,,6,6,3,,7,"Henderson, Tom",,,,,,txh093000,tom henderson,International Business 
IMS,3310,501,39,4,5,2,3,1,,,,2,,,2,9,2,,4,"Carraher, Shawn M",,,,,,smc130730,shawn carraher,International Business 
IMS,3310,502,5,,5,3,2,,,,,,,,,1,1,,16,"Levine, Sheen S","Thompson, Jessica H",,,,,ssl140530,sheen levine,International Business 
IMS,3310,503,21,20,6,1,1,2,,,,,,,2,,,,1,"Balaji, Pavithra",,,,,,pxb162030,pavithra balaji,International Business 
IMS,4335,501,1,6,12,11,6,6,1,2,2,,5,,1,18,,,0,"Wright, Robert G","Briseno, Joselyn A","Sardana, Chirag",,,,rgw091000,robert wright,Social Sector Entrepreneurship and Community Engagement 
IMS,4373,501,3,5,13,11,,,,1,,,,,,4,,,1,"Lee, Seunghyun","Yeo, Yundong",,,,,sxl029100,,Global Strategy 
IMS,6254,X91,,26,1,,1,,,,,,,,,,,,0,"Foster Brady, Pamela",,,,,,,pamela foster brady,
IMS,6304,0W1,,13,16,8,2,,,,,,,,2,,,5,1,"Woldu, Habte G","Alborz, Ethan",,,,,wolduh,habte woldu,International Business Management 
IMS,6304,XS1,,10,17,1,,,,,,,,,,,,1,0,"Kiser, Stephen L",,,,,,slk012100,stephen kiser,
IMS,6345,GW1,,6,,6,3,2,,1,,,,,,,,5,0,"Solomon, Lawrence N",,,,,,,lawrence solomon,
IMS,6365,0W1,,12,16,5,8,,,,,,,,,,,8,0,"Woldu, Habte G","Alborz, Ethan",,,,,wolduh,habte woldu,Cross-Culture Communication and Management 
IMS,6365,CW1,,18,2,5,1,1,,,,,,,,,,,0,"Woldu, Habte G",,,,,,wolduh,habte woldu,
IPEC,3349,001,4,5,3,1,3,1,,2,,,2,,,3,,,0,"Grover, William C",,,,,,wcg071000,william grover,World Resources and Development 
IPEC,4301,0W1,6,12,10,6,4,1,1,1,1,1,,,2,3,3,,4,"Bunte, Jonas B","Meher, Shreyas R",,,,,jbb130330,jonas bunte,Political Economy of Industrialized Countries 
IPEC,4309,001,,9,2,,3,2,,1,,,1,1,,1,1,,1,"Bray, Timothy M",,,,,,tmb021000,timothy bray,Urban Development 
ISIS,3312,001,2,3,1,2,2,,,4,,,,,2,,1,,1,"Wissinger, Tonja",,,,,,twissin,tonja wissinger,Women in Management 
ISIS,3335,0W1,4,4,7,5,2,1,1,1,,,,,2,4,1,,0,"Rosa, Jonathan",,,,,,jxr172530,jonathan rosa,United States and East Asia 
ISIS,4303,0H1,,6,4,3,1,,,,1,,1,,5,,3,,3,"Werhnyak, Larissa",,,,,,lxw163630,larissa werhnyak,Business  Law and Culture 
ISIS,4310,0W1,25,6,4,2,1,,1,,,,1,,,,,,0,"Aubrey, Lea E",,,,,,lec110030,lea aubrey,Health Strategy for Multicultural Populations 
ISNS,2359,001,,8,8,12,8,3,3,6,1,1,,,2,6,5,,1,"Griffin, William R","Haque, Ziaul","Luo, Bingxu",,,,griffin,william griffin,Earthquakes and Volcanoes 
ISNS,2359,0W1,126,28,16,10,8,3,1,2,4,,,,5,1,2,,4,"Pujana, Ignacio","Griffin, William R",,,,,pujana,ignacio pujana,Earthquakes and Volcanoes 
ISNS,2359,0W2,48,10,2,2,2,,,,,1,,1,3,3,3,,1,"Pujana, Ignacio","Griffin, William R",,,,,pujana,ignacio pujana,Earthquakes and Volcanoes 
ISNS,2366,001,1,3,2,2,1,4,1,,2,,2,,2,4,,,0,"McCauley, Steven",,,,,,sxm165131,steven mccauley,Global Climate Change 
ISNS,2367,0W1,40,102,35,12,18,10,2,1,5,1,2,3,,10,4,,5,"Pujana, Ignacio",,,,,,pujana,ignacio pujana,The Oceans 
ISNS,2367,0W2,33,72,15,12,17,11,1,5,7,,,3,10,5,6,,11,"Pujana, Ignacio",,,,,,pujana,ignacio pujana,The Oceans 
ISNS,2368,001,3,8,1,2,14,9,,3,3,,,1,7,4,1,,2,"McCauley, Steven","Romero, Angel E",,,,,sxm165131,steven mccauley,Weather and Climate 
ISNS,3373,001,4,13,5,6,7,2,1,3,1,,,,4,,,,1,"Khan, Amena","Aker, Adam",,,,,axk140130,amena khan,Our Nearest Neighbors in the Sky 
ITSS,3300,001,3,10,13,10,8,4,1,2,1,,1,,4,3,2,,3,"Bodeker, Alison J","Sun, Kai",,,,,ajb190003,alison bodeker,Information Technology for Business 
ITSS,3300,002,1,10,16,6,11,2,2,,,,,1,1,13,2,,0,"Thompson, Norman","Mishra, Sailendra P",,,,,nxt190023,norman thompson,Information Technology for Business 
ITSS,3300,003,,5,11,8,8,4,2,5,,1,,2,1,9,2,,4,"Islam, Naser","Marella, Sriharsha",,,,,nxi110630,naser islam,Information Technology for Business 
ITSS,3300,004,,10,13,12,5,2,3,1,2,3,,,3,4,3,,4,"Shrivastava, Prakash C","Kulkarni, Monika N",,,,,pcs130130,prakash shrivastava,Information Technology for Business 
ITSS,3300,005,,6,10,9,5,4,1,6,,,,,,11,,,1,"Islam, Naser","Marella, Sriharsha",,,,,nxi110630,naser islam,Information Technology for Business 
ITSS,3300,007,,7,15,8,9,6,2,4,2,,,1,2,6,1,,2,"Shrivastava, Prakash C","Kulkarni, Monika N",,,,,pcs130130,prakash shrivastava,Information Technology for Business 
ITSS,3300,009,7,6,10,9,2,3,1,3,2,,1,1,1,7,,,5,"Young, John G","Rathore, Ali H",,,,,jgy190000,john young,Information Technology for Business 
ITSS,3300,010,,7,10,17,7,1,3,3,,,2,1,2,6,4,,2,"Shrivastava, Prakash C","Kulkarni, Monika N",,,,,pcs130130,prakash shrivastava,Information Technology for Business 
ITSS,3300,011,1,32,10,6,5,3,1,2,,,,,,3,1,,0,"Stephens, Timothy G","Cherakoly, Suraj Sivaraman",,,,,tgs170130,timothy stephens,Information Technology for Business 
ITSS,3300,501,,39,4,4,3,,,2,,,,,1,2,1,,3,"Owens, Sean M","Sun, Kai",,,,,smo150330,sean owens,Information Technology for Business 
ITSS,3300,502,3,9,6,4,5,4,2,3,2,,,,1,6,3,,2,"Young, John G","Rathore, Ali H",,,,,jgy190000,john young,Information Technology for Business 
ITSS,3300,HON,3,40,11,4,1,,,,,,,,,6,1,,0,"Stephens, Timothy G","Cherakoly, Suraj Sivaraman",,,,,tgs170130,timothy stephens,Information Technology for Business 
ITSS,3311,001,44,8,4,1,2,1,,,1,,,,1,2,,,0,"Zhang, Haozhao",,,,,,hxz171030,,Introduction to Programming 
ITSS,3311,0W1,12,15,10,2,5,3,,,1,,,,1,8,3,,2,"Sohaee, Nassim","Aksoy, Ozgur",,,,,nxs045000,nassim sohaee,Introduction to Programming 
ITSS,3311,501,10,,13,5,10,2,,1,1,1,,,2,4,2,,1,"Khan, Masudal H","Aksoy, Ozgur",,,,,mhk190001,masudal khan,Introduction to Programming 
ITSS,3312,001,5,29,12,5,2,,,,,,,,,4,,,1,"Zhang, Chenglong",,,,,,cxz160530,chenglong zhang,Object-Oriented Programming 
ITSS,3312,002,,8,,4,2,2,,2,,,2,,,9,,,4,"Short, Kevin P","Wolday, Sabrina S",,,,,kps170330,kevin short,Object-Oriented Programming 
ITSS,3312,501,,12,5,6,6,3,1,3,,,1,,1,28,,,3,"Short, Kevin P","Wolday, Sabrina S",,,,,kps170330,kevin short,Object-Oriented Programming 
ITSS,3390,001,7,24,20,7,3,3,1,,,,,,1,1,,,1,"Arora, Vivek","Patel, Sagar Vasantkumar",,,,,vxa081000,vivek arora,Web Design and Development for Business Applications 
ITSS,4300,001,,5,9,21,11,2,,,1,,,,,17,1,,3,"Arora, Vivek","Patel, Sagar Vasantkumar",,,,,vxa081000,vivek arora,Database Fundamentals 
ITSS,4300,0W1,,32,9,7,4,1,,,,1,2,,,9,,,0,"Owens, Dawn M","D'Souza, Rhea C",,,,,dmo130130,dawn owens,Database Fundamentals 
ITSS,4300,501,,6,12,9,7,7,,1,4,,1,,1,10,2,,0,"Pandian, Thiru","Rao, Arush",,,,,txp190010,thiru pandian,Database Fundamentals 
ITSS,4301,001,4,5,5,4,6,,1,,1,,,,2,1,,,0,"Narayan, Ravishankar L","Jagtap, Himanshu S","Verma, Chinmay",,,,rln130030,ravishankar narayan,Database Systems 
ITSS,4330,001,2,7,16,10,5,1,2,,,,,,1,11,,,0,"Narasimhan, Prithi","Balasubramaniam, Rakesh",,,,,pxn152330,prithi narasimhan,Systems Analysis and Design 
ITSS,4330,002,3,10,11,5,5,4,,1,,,1,,2,11,1,,3,"Narasimhan, Prithi","Balasubramaniam, Rakesh",,,,,pxn152330,prithi narasimhan,Systems Analysis and Design 
ITSS,4330,501,18,14,5,6,2,,,,,,,1,,4,1,,1,"Khan, Taimur A","Liu, Yihong",,,,,txk123530,taimur khan,Systems Analysis and Design 
ITSS,4340,001,8,25,8,5,7,,,4,,,1,,,1,,,0,"Thompson, Luell O","Thakare, Anvay",,,,,lot013000,luell thompson,Enterprise Resource Planning 
ITSS,4343,001,,2,5,3,3,5,4,2,3,,,,,18,,,1,"Subramoniam, Ramesh","Krishnan, Raghavi",,,,,rxs179630,ramesh subramoniam,Integrated SCM Information Systems 
ITSS,4351,001,,42,9,2,7,2,,,1,,,,,2,,,0,"Johnston, Walter L",,,,,,wlj031000,walter johnston,Foundations of Business Intelligence 
ITSS,4351,002,,28,3,1,2,,1,2,,,,,1,3,,,1,"Johnston, Walter L",,,,,,wlj031000,walter johnston,Foundations of Business Intelligence 
ITSS,4351,501,,33,10,5,4,1,3,1,,,,,,8,,,0,"Shekhar, Gaurav","D'Souza, Rhea C",,,,,gxs150130,gaurav shekhar,Foundations of Business Intelligence 
ITSS,4352,001,,49,,,,,,,,,,,,,,,0,"Nasir, Imran","Paluru, Lalitharamsai",,,,,ixn093020,,Introduction to Web Analytics 
ITSS,4352,002,,35,,,,,,,,,,,,,,,1,"Nasir, Imran","Paluru, Lalitharamsai",,,,,ixn093020,,Introduction to Web Analytics 
ITSS,4353,001,,11,4,4,4,4,1,1,5,1,1,,2,14,1,,0,"Shrivastava, Prakash C","Daniyal, Muhammad",,,,,pcs130130,prakash shrivastava,Business Analytics 
ITSS,4354,001,,3,6,7,6,4,,1,,,1,,,11,,,1,"Pandian, Thiru","Bhuskute, Amruta Y",,,,,txp190010,thiru pandian,Advanced Big Data Analytics 
ITSS,4360,001,1,10,11,8,9,5,1,,2,,,,,10,3,,0,"Thirumalai, Nambi","Mishra, Rajat",,,,,ndt180001,nambi thirumalai,Network and Information Security 
ITSS,4360,501,5,5,11,11,7,9,,1,,,,,1,17,1,,2,"Thirumalai, Nambi","Mishra, Rajat",,,,,ndt180001,nambi thirumalai,Network and Information Security 
ITSS,4362,501,18,14,2,3,2,,,1,1,,,,,1,,,1,"Khan, Taimur A","Liu, Yihong",,,,,txk123530,taimur khan,Cybersecurity Governance 
ITSS,4370,001,,15,9,6,2,,,2,,,,,,4,,,0,"Fuller, Tony F","Tripathi, Animesh",,,,,tff170130,tony fuller,Information Technology Infrastructure 
ITSS,4370,501,1,3,,3,1,,1,2,,,1,,,8,2,,0,"Hefley, William E","Tripathi, Animesh",,,,,weh150130,william hefley,Information Technology Infrastructure 
ITSS,4380,001,,19,4,2,5,,1,2,1,,1,,,6,,,1,"Owens, Dawn M","D'Souza, Rhea C",,,,,dmo130130,dawn owens,Advanced Database Management 
ITSS,4395,001,,15,7,1,7,2,2,2,,,,1,,9,,,1,"Owens, Dawn M","Rao, Arush",,,,,dmo130130,dawn owens,Capstone Senior Project - Information Systems 
ITSS,4395,002,,10,5,3,4,1,,,,,,,1,9,,,1,"Owens, Dawn M","Rao, Arush",,,,,dmo130130,dawn owens,Capstone Senior Project - Information Systems 
ITSS,4V95,001,4,7,8,5,2,1,,,1,1,,,,8,,,1,"Calisir, Engin",,,,,,exc030100,engin calisir,Seminar Series in Information Systems 
ITSS,4V95,003,,6,4,3,3,,,,,,,,,1,,,2,"Tang, Shaojie","Chen, Luoying",,,,,sxt146930,shaojie tang,Seminar Series in Information Systems 
JAPN,1311,001,12,6,1,1,2,2,1,1,,,,,,2,,,0,"Kato, Yuko",,,,,,yxk200021,,Beginning Japanese I 
JAPN,1311,002,7,2,2,,2,3,,,1,1,,,3,1,,,1,"Kroska, Nami",,,,,,nxk167330,nami kroska,Beginning Japanese I 
JAPN,1312,001,3,1,4,1,1,1,,1,,,,,,2,1,,2,"Kato, Yuko",,,,,,yxk200021,,Beginning Japanese II 
JAPN,2311,001,5,5,2,,,1,,,,,,1,,,,,0,"Kroska, Nami",,,,,,nxk167330,nami kroska,Intermediate Japanese I 
JAPN,2312,001,,4,7,1,4,1,,,,,,,1,1,1,,1,"Kroska, Nami",,,,,,nxk167330,nami kroska,Intermediate Japanese II 
LANG,1311,001,7,5,2,,2,,1,,,,,,,,2,,2,"Kim, Jai Eun",,,,,,jxk180017,jai eun kim,Beginning Language Instruction I 
LANG,1312,001,3,4,4,1,1,,,,,,,,,1,1,,2,"Jeong, Hyejeong",,,,,,hxj210002,hyejeong jeong,Beginning Language Instruction II 
LIT,1301,0W1,55,4,4,8,6,1,3,,,,,,2,5,,,1,"Ingrao, Peter J","Aday, Isaac J","Momeniabdolabadi, Bahareh",,,,jingrao,peter ingrao,Introduction to Literature 
LIT,1301,0W2,29,6,5,8,1,3,2,,2,,1,2,3,3,,,1,"Ingrao, Peter J","Momeniabdolabadi, Bahareh","Aday, Isaac J",,,,jingrao,peter ingrao,Introduction to Literature 
LIT,1301,0W3,25,4,1,3,2,1,,,1,1,,,1,2,,,4,"Ingrao, Peter J","Momeniabdolabadi, Bahareh","Aday, Isaac J",,,,jingrao,peter ingrao,Introduction to Literature 
LIT,2320,001,10,3,1,1,2,,,,,,,,,,,,0,"Brewer, Kenneth L",,,,,,klb092000,kenneth brewer,Survey A  Literature in English 
LIT,2320,002,,10,2,1,,,,,,,,,,,,,1,"Towner, Theresa",,,,,,tmtowner,theresa towner,Survey A  Literature in English 
LIT,2329,001,5,3,,,,,,,,,,,2,,,,0,"Starnaman, Sabrina",,,,,,sxs090100,sabrina starnaman,Introduction to Ethnic American Literature 
LIT,2329,HN1,9,,,,,,,,,,,,1,1,,,0,"Starnaman, Sabrina",,,,,,sxs090100,sabrina starnaman,Introduction to Ethnic American Literature 
LIT,2331,001,,14,8,4,2,1,,,1,,,,1,2,,,2,"Al-Habashneh, Eman Bahjat",,,,,,eba130130,eman al habashneh,Introduction to World Literature 
LIT,2331,003,,1,3,1,3,4,1,2,,,1,,4,1,1,,1,"Sinckler, Robin",,,,,,rxs150131,robin sinckler,Introduction to World Literature 
LIT,2331,0W1,16,5,4,2,,,3,,,,,,1,1,2,,1,"King, Alana",,,,,,axk173530,alana king,Introduction to World Literature 
LIT,2331,501,,3,1,2,3,1,,1,1,,2,,6,,1,,7,"Bovda, Alisa Y",,,,,,ayb091020,alisa bovda,Introduction to World Literature 
LIT,2331,HN1,12,2,1,,,,,,,,,,,,1,,3,"Leverone, Julia",,,,,,jxl162631,julia leverone,Introduction to World Literature 
LIT,2350,001,6,5,1,,2,,,,,,,,1,,,,0,"Brewer, Kenneth L",,,,,,klb092000,kenneth brewer,Close Reading 
LIT,2350,501,,3,1,1,2,,1,,,,,,5,,,,2,"Smith-Brecheisen, Davis",,,,,,dxs200022,davis brecheisen,Close Reading 
LIT,3300,501,,13,,1,,,,3,,,,,,1,1,,1,"Kratz, Dennis M",,,,,,dkratz,dennis kratz,Western Literary Tradition 
LIT,3317,001,22,9,6,20,13,9,5,3,3,,2,,7,6,4,,5,"Starnaman, Sabrina","D'Monte, Nikita",,,,,sxs090100,sabrina starnaman,The Literature of Fantasy 
LIT,3319,002,3,,5,2,2,1,,,,,,,,1,,,0,"Barnes, Ashley",,,,,,axb162631,ashley barnes,Contexts 
LIT,3319,003,,2,,2,4,,1,1,,,,,2,,1,,1,"Cotter, Sean J",,,,,,sjc010100,sean cotter,Contexts 
LIT,3319,501,1,8,5,,1,,,,,,,,,,,,0,"Hatfield, Charles D",,,,,,cxh074100,charles hatfield,Contexts 
LIT,3330,001,10,5,7,5,1,1,,1,2,,,,,1,,,1,"Lambert, Thomas M",,,,,,tml017100,thomas lambert,Linguistics 
LIT,3337,001,1,10,3,,1,1,,,,,,,,,,,2,"Stone, Nomi",,,,,,nxs190033,nomi stone,Comparisons 
LIT,3339,001,2,1,3,1,1,1,,1,,,,1,1,,,,1,"Barnes, Ashley",,,,,,axb162631,ashley barnes,Writing Literary Studies 
LIT,3339,501,2,2,3,1,,2,,,,,,,1,,,,2,"Starnaman, Sabrina",,,,,,sxs090100,sabrina starnaman,Writing Literary Studies 
LIT,4329,001,9,6,,,,,,,,,,,,,,,0,"Brewer, Kenneth L",,,,,,klb092000,kenneth brewer,Single Author 
LIT,4329,002,9,2,,1,1,,,,,,,,1,1,,,0,"Valente, Sarah d",,,,,,sdv071000,sarah d valente,Single Author 
LIT,4390,001,1,1,2,1,3,,,,,,1,,,1,,,0,"Cotter, Sean J",,,,,,sjc010100,sean cotter,Capstone 
LIT,6310,001,,11,,1,,,,,,,,,,,,,0,"Greer, Erin",,,,,,exg180013,erin greer,Studies in Literary Interpretation 
LIT,6312,001,,10,2,,,,,,,,,,,,,,0,"Towner, Theresa",,,,,,tmtowner,theresa towner,Major Authors 
LIT,6320,001,,9,3,,,,,,,,,,,,,,0,"Stone, Nomi",,,,,,nxs190033,nomi stone,Poetry Workshop 
LIT,6321,001,,14,,,,,,,,,,,,,,,0,"Martinez, Manuel L",,,,,,mlm160630,manuel martinez,Fiction Workshop 
LIT,6325,001,,11,,,,,,,,,,,,,,,1,"Martinez, Manuel L",,,,,,mlm160630,manuel martinez,Nonfiction Workshop 
LIT,6373,501,,5,2,3,,1,,1,,,,,,,,,0,"Prieto, Rene",,,,,,rxp113230,rene prieto,Topics in Latin American Literature 
LIT,6378,501,,9,2,,,,,,,,,,,,,,0,"Patterson, David",,,,,,dxp103120,david patterson,Literature and the Holocaust 
LIT,7322,001,,7,,,2,,,,,,,,1,,,,0,"Schulte, Rainer",,,,,,schulte,rainer schulte,Advanced Translation Workshop 
MAS,6102,001,,,,,,,,,,,,,2,,,70,0,"Johnson, Neil","Jones, Royce E",,,,,nxj121730,neil johnson,Professional Development 
MAS,6102,002,,,,,,,,,,,,,,,,72,1,"Cirilo, Jason M","Johnson, Neil",,,,,jmc180002,jason cirilo,Professional Development 
MAS,6102,003,,,,,,,,,,,,,,,,68,0,"Jones, Royce E","Johnson, Neil",,,,,rxj111030,,Professional Development 
MAS,6102,501,,,,,,,,,,,,,,,,62,1,"Hunter, Fiona","Johnson, Neil",,,,,fxh140630,,Professional Development 
MAS,6102,SH1,,,,,,,,,,,,,,,,35,0,"Kim, Tommy C","Powell, Monica S",,,,,,tommy kim,
MAS,6105,0W1,,,,,,,,,,,,,1,,,20,1,"Smallwood, Margaret G","Ciovacco, Marisol A",,,,,meg012400,margaret smallwood,Communications for Management 
MAS,6V03,MBC,,22,,,,,,,,,,,,,,,0,"Hazzard, Charles F","Redlinger, Lawrence","Morye, Pushkar Sushil",,,,cxh056000,charles hazzard,
MATH,1306,001,,3,3,2,5,2,,2,,,,,,,,,0,"Sutton, Julie","Gelir, Fatih","Kateregga, George William",,,,jxs158030,julie sutton,College Algebra for the Non-Scientist 
MATH,1306,0W1,4,2,3,2,3,3,,2,,,,,1,2,,,3,"Sutton, Julie","Gelir, Fatih","Kateregga, George William",,,,jxs158030,julie sutton,College Algebra for the Non-Scientist 
MATH,1314,0W1,5,10,6,3,3,,3,1,1,,1,,2,2,1,,2,"Alvarado, Iris",,,,,,ila180000,iris alvarado,College Algebra 
MATH,1314,0W2,1,6,2,5,7,,,,2,1,2,,7,3,1,,3,"Alvarado, Iris",,,,,,ila180000,iris alvarado,College Algebra 
MATH,1316,001,3,1,2,4,6,,3,3,,,,,2,2,3,,2,"Sutton, Julie","Cao, Jianpeng","Ye, Xiaoli",,,,jxs158030,julie sutton,Trigonometry 
MATH,1316,0W1,3,2,3,4,1,1,3,2,2,,,1,7,5,1,,2,"Sutton, Julie","Cao, Jianpeng","Ye, Xiaoli",,,,jxs158030,julie sutton,Trigonometry 
MATH,1325,001,1,4,2,4,6,3,2,3,3,1,1,1,1,3,2,,2,"Patel, Jigarkumar S",,,,,,jsp061000,jigarkumar patel,Applied Calculus I 
MATH,1325,002,2,3,4,5,2,4,3,2,1,1,,,2,3,1,,0,"Adabrah, Anani Komla",,,,,,aaa130530,anani adabrah,Applied Calculus I 
MATH,1325,003,2,5,3,4,7,1,2,2,2,,1,,1,1,,,1,"Stanford, Paul H","Mozumder, Ali Ahammed",,,,,phs031000,paul stanford,Applied Calculus I 
MATH,1325,004,3,8,8,2,4,3,1,,,,,,1,2,2,,1,"Patel, Jigarkumar S",,,,,,jsp061000,jigarkumar patel,Applied Calculus I 
MATH,1325,005,2,5,,3,3,,1,,2,1,2,1,4,1,,,2,"Stanford, Paul H","Kozareva, Tamara",,,,,phs031000,paul stanford,Applied Calculus I 
MATH,1325,006,6,10,4,5,4,2,,1,,,,,,,,,0,"Adabrah, Anani Komla",,,,,,aaa130530,anani adabrah,Applied Calculus I 
MATH,1325,008,,6,1,3,2,,1,2,1,,1,,1,1,,,2,"Patel, Jigarkumar S",,,,,,jsp061000,jigarkumar patel,Applied Calculus I 
MATH,1325,501,2,6,1,5,5,2,,1,1,,,1,1,3,1,,2,"Li, Changsong",,,,,,cxl109120,changsong li,Applied Calculus I 
MATH,1326,001,,6,2,7,2,4,1,2,1,1,,,,9,4,,1,"Foley, Manjula",,,,,,mxf091000,manjula samanmalee foley,Applied Calculus II 
MATH,1326,002,1,9,5,,4,1,1,,1,,,,2,8,,,7,"Foley, Manjula",,,,,,mxf091000,manjula samanmalee foley,Applied Calculus II 
MATH,1326,003,3,4,3,2,4,5,1,2,3,,,,,6,2,,3,"Sultana, Nasrin",,,,,,nxs190039,nasrin sultana,Applied Calculus II 
MATH,1326,004,5,8,7,3,3,,,,1,,,,1,9,,,3,"Duruoha, Adannah",,,,,,axd180037,adannah duruoha,Applied Calculus II 
MATH,1326,005,4,13,8,1,1,1,,2,1,,,,,7,,,2,"Duruoha, Adannah",,,,,,axd180037,adannah duruoha,Applied Calculus II 
MATH,1326,006,3,6,4,6,3,1,,1,1,,,,,10,,,3,"Akbar, Mohammad M",,,,,,mma110020,mohammad akbar,Applied Calculus II 
MATH,1326,007,2,5,,,3,2,4,3,2,1,,,2,9,,,3,"Sultana, Nasrin",,,,,,nxs190039,nasrin sultana,Applied Calculus II 
MATH,1326,008,4,7,5,3,4,,,1,6,,1,,,8,1,,0,"Foley, Manjula","Duruoha, Adannah",,,,,mxf091000,manjula samanmalee foley,Applied Calculus II 
MATH,1326,009,,2,2,1,3,1,1,,6,,,,,4,2,,4,"Mussa, Derege",,,,,,dxm146130,derege mussa,Applied Calculus II 
MATH,1326,010,1,1,,,,,,2,3,,,,3,1,,,1,"Mussa, Derege",,,,,,dxm146130,derege mussa,Applied Calculus II 
MATH,1326,011,1,5,,2,1,1,,1,1,,,,2,6,,,0,"Mussa, Derege",,,,,,dxm146130,derege mussa,Applied Calculus II 
MATH,1326,501,2,9,5,4,4,,2,,3,,,,,8,,,3,"Duruoha, Adannah",,,,,,axd180037,adannah duruoha,Applied Calculus II 
MATH,2306,0W1,1,2,,1,,2,1,,,,,1,,2,,,2,"Whalen, Tristan G","Langford, John","Liu, Jingzhou",,,,tgw100020,tristan whalen,Analytic Geometry 
MATH,2312,001,1,5,6,1,6,6,1,2,3,1,,,4,2,3,,3,"Martynova, Irina","Tola, Astrit",,,,,ixm140930,irina martynova,Precalculus 
MATH,2312,002,,2,5,1,2,7,2,3,5,,1,,5,2,2,,3,"Martynova, Irina","Tola, Astrit",,,,,ixm140930,irina martynova,Precalculus 
MATH,2312,003,3,5,6,4,2,3,1,3,4,1,,,3,6,1,,2,"Martynova, Irina","Knodell, Matthew",,,,,ixm140930,irina martynova,Precalculus 
MATH,2333,001,1,1,2,,,,,1,3,,,2,3,3,1,,2,"Martynova, Irina","Liu, Jingzhou",,,,,ixm140930,irina martynova,Matrices  Vectors  and Their Application 
MATH,2370,001,2,5,3,2,3,1,2,,5,,1,2,6,4,4,,11,"Garrett, Bentley T","Mamun, Abdullah A",,,,,btg032000,bentley garrett,Introduction to Programming with MATLAB 
MATH,2413,001,2,2,2,1,2,3,,2,2,,,1,3,1,,,5,"Ding, Hui",,,,,,hxd162130,hui ding,Differential Calculus 
MATH,2413,003,1,2,,3,1,2,1,2,2,2,1,,1,1,4,,2,"Cao, Yan",,,,,,yxc069200,yan cao,Differential Calculus 
MATH,2413,004,1,2,2,7,2,2,4,1,1,,1,,4,3,1,,3,"Cao, Yan",,,,,,yxc069200,yan cao,Differential Calculus 
MATH,2413,005,1,4,7,3,3,2,1,3,2,,1,,2,4,1,,4,"McCary, Brady C","Nguyen, Mylinh T",,,,,bcm052000,brady mccary,Differential Calculus 
MATH,2413,007,1,1,3,3,,3,,,,1,1,1,2,3,,,0,"Mussa, Derege",,,,,,dxm146130,derege mussa,Differential Calculus 
MATH,2413,008,3,2,4,1,,1,,,1,,,2,3,,,,0,"Ding, Hui",,,,,,hxd162130,hui ding,Differential Calculus 
MATH,2413,009,3,2,5,2,3,5,3,,2,,1,,5,3,2,,5,"Nguyen, Mylinh T",,,,,,mln018200,mylinh nguyen,Differential Calculus 
MATH,2413,010,,1,9,5,3,2,1,2,2,1,,,2,5,5,,2,"McCary, Brady C","Nguyen, Mylinh T",,,,,bcm052000,brady mccary,Differential Calculus 
MATH,2413,0W1,,5,3,1,1,1,3,3,1,1,,,3,3,4,,7,"Lou, Yifei",,,,,,yxl145331,yifei lou,Differential Calculus 
MATH,2414,001,3,5,3,1,2,1,2,,1,1,1,1,2,9,5,,4,"McCary, Brady C","Aman, Kelly",,,,,bcm052000,brady mccary,Integral Calculus 
MATH,2414,002,2,3,,2,4,1,2,,1,1,,,1,13,7,,5,"McCary, Brady C","Aman, Kelly",,,,,bcm052000,brady mccary,Integral Calculus 
MATH,2414,003,1,1,1,4,3,2,2,3,,2,,,4,11,4,,3,"Ahsan, Mohammad K",,,,,,mka120030,mohammad ahsan,Integral Calculus 
MATH,2414,004,,3,1,1,3,3,3,3,1,,1,,3,11,3,,5,"Ahsan, Mohammad K",,,,,,mka120030,mohammad ahsan,Integral Calculus 
MATH,2414,006,2,1,3,4,3,3,,2,1,1,2,1,4,4,2,,5,"Ahsan, Mohammad K",,,,,,mka120030,mohammad ahsan,Integral Calculus 
MATH,2414,007,,1,2,,5,1,,3,1,1,1,,6,3,8,,9,"Ahsan, Mohammad K",,,,,,mka120030,mohammad ahsan,Integral Calculus 
MATH,2414,009,5,2,4,3,2,2,,1,,,,,4,8,6,,5,"Nguyen, Mylinh T",,,,,,mln018200,mylinh nguyen,Integral Calculus 
MATH,2414,010,7,9,4,3,1,2,2,,1,1,1,1,3,3,1,,2,"Sultana, Nasrin",,,,,,nxs190039,nasrin sultana,Integral Calculus 
MATH,2414,011,8,6,1,2,5,2,,1,2,1,,,2,7,4,,1,"Nguyen, Mylinh T",,,,,,mln018200,mylinh nguyen,Integral Calculus 
MATH,2414,012,2,2,3,1,3,1,1,2,1,1,1,,9,7,5,,3,"Conlon, Ronan",,,,,,rxc200021,ronan conlon,Integral Calculus 
MATH,2414,013,2,5,1,1,6,2,1,2,3,,,,1,8,5,,4,"Garrett, Bentley T",,,,,,btg032000,bentley garrett,Integral Calculus 
MATH,2414,015,3,5,3,2,4,1,2,2,1,,,,3,10,5,,1,"Garrett, Bentley T",,,,,,btg032000,bentley garrett,Integral Calculus 
MATH,2414,016,,7,3,5,4,,,2,1,,,2,1,11,4,,2,"Garrett, Bentley T",,,,,,btg032000,bentley garrett,Integral Calculus 
MATH,2414,018,3,3,6,4,,,2,1,,,,1,2,8,3,,7,"Sultana, Nasrin",,,,,,nxs190039,nasrin sultana,Integral Calculus 
MATH,2414,019,2,7,5,2,2,2,2,1,2,,,,1,9,4,,3,"Duruoha, Adannah",,,,,,axd180037,adannah duruoha,Integral Calculus 
MATH,2414,0W1,2,1,1,3,,1,4,,2,1,,,3,13,6,,5,"Aman, Kelly",,,,,,kxa143530,kelly aman,Integral Calculus 
MATH,2414,0W2,1,1,1,2,2,1,,2,1,,,1,8,3,8,,7,"Alvarado, Iris",,,,,,ila180000,iris alvarado,Integral Calculus 
MATH,2414,0W3,,,1,,1,3,,2,1,2,2,1,2,5,7,,4,"Alvarado, Iris",,,,,,ila180000,iris alvarado,Integral Calculus 
MATH,2414,0W4,1,2,3,2,5,,3,1,1,1,1,1,1,11,3,,3,"Aman, Kelly",,,,,,kxa143530,kelly aman,Integral Calculus 
MATH,2414,0W5,,4,2,2,4,2,3,2,,,1,,5,6,4,,6,"Aman, Kelly",,,,,,kxa143530,kelly aman,Integral Calculus 
MATH,2415,001,,3,1,5,2,5,2,1,2,,,,5,1,1,,3,"Coskunuzer, Baris",,,,,,bxc190014,baris coskunuzer,Calculus of Several Variables 
MATH,2415,002,1,4,4,3,2,3,6,3,2,,2,,1,9,2,,8,"Coskunuzer, Baris",,,,,,bxc190014,baris coskunuzer,Calculus of Several Variables 
MATH,2415,003,3,5,4,1,5,7,1,3,4,1,1,,1,10,1,,3,"Li, Changsong",,,,,,cxl109120,changsong li,Calculus of Several Variables 
MATH,2415,004,3,5,7,6,3,3,3,3,4,,,,1,7,1,,3,"Li, Changsong",,,,,,cxl109120,changsong li,Calculus of Several Variables 
MATH,2415,005,1,6,5,4,4,3,2,3,2,,,,3,6,3,,6,"Li, Changsong",,,,,,cxl109120,changsong li,Calculus of Several Variables 
MATH,2417,001,,1,2,1,,3,,1,,,1,1,4,7,3,,6,"Dahal, Rabin",,,,,,rxd153030,rabin dahal,Calculus I 
MATH,2417,002,,,1,1,1,1,1,,4,3,,1,1,3,7,,6,"Arreche, Carlos",,,,,,cxa171230,carlos arreche,Calculus I 
MATH,2417,003,1,1,2,,1,3,,2,1,1,1,,4,2,6,,5,"Wetzler, Kristen",,,,,,kxw190011,kristen wetzler,Calculus I 
MATH,2417,004,1,1,1,,1,1,,,1,2,,,4,5,4,,2,"Dahal, Rabin",,,,,,rxd153030,rabin dahal,Calculus I 
MATH,2418,001,2,2,,3,3,2,1,4,6,,1,1,8,9,8,,6,"Adabrah, Anani Komla",,,,,,aaa130530,anani adabrah,Linear Algebra 
MATH,2418,002,2,4,2,,1,1,3,2,3,1,1,4,3,6,8,,4,"Ding, Hui",,,,,,hxd162130,hui ding,Linear Algebra 
MATH,2418,003,3,4,,2,1,3,3,1,4,,,,6,4,8,,8,"Ding, Hui",,,,,,hxd162130,hui ding,Linear Algebra 
MATH,2418,004,4,8,3,2,1,,,3,7,2,,1,8,14,3,,3,"Adabrah, Anani Komla",,,,,,aaa130530,anani adabrah,Linear Algebra 
MATH,2418,005,3,2,2,4,1,3,,1,1,,1,2,2,21,8,,4,"Pereira, Luis Felipe F",,,,,,lfp140030,luis pereira,Linear Algebra 
MATH,2418,006,4,3,,1,1,4,2,1,1,1,1,2,4,16,9,,4,"Arnold, Maxim",,,,,,mxa149530,maxim arnold,Linear Algebra 
MATH,2418,007,,3,,1,3,1,1,2,6,2,,2,5,13,9,,3,"Wetzler, Kristen",,,,,,kxw190011,kristen wetzler,Linear Algebra 
MATH,2418,008,5,3,2,,,1,,,4,3,,,4,16,11,,8,"Wetzler, Kristen",,,,,,kxw190011,kristen wetzler,Linear Algebra 
MATH,2418,009,5,3,5,,1,2,2,1,1,1,2,2,7,13,6,,6,"Makhijani, Neha",,,,,,nxm165130,neha makhijani,Linear Algebra 
MATH,2418,501,6,3,1,4,,,2,,4,1,2,3,2,16,7,,3,"Ohsawa, Tomoki",,,,,,txo140730,tomoki ohsawa,Linear Algebra 
MATH,2418,502,2,2,1,3,1,,2,,2,2,1,2,8,16,5,,6,"Wetzler, Kristen",,,,,,kxw190011,kristen wetzler,Linear Algebra 
MATH,2418,HH1,11,9,1,,,1,,,,,,,,1,1,,0,"Ramakrishna, Viswanath","Sinha Roy, Sushmita",,,,,vish,viswanath ramakrishna,Linear Algebra 
MATH,2419,001,,2,,2,2,2,4,5,,,,1,1,15,4,,0,"Eydelzon, Anatoly",,,,,,axe031000,anatoly eydelzon,Calculus II 
MATH,2419,002,2,5,6,5,2,3,1,2,3,,1,,2,14,4,,1,"Eydelzon, Anatoly",,,,,,axe031000,anatoly eydelzon,Calculus II 
MATH,2419,003,3,6,8,9,3,6,,2,1,,,,,15,2,,0,"Dahal, Rabin",,,,,,rxd153030,rabin dahal,Calculus II 
MATH,2419,004,1,3,4,4,3,5,2,4,5,,1,,4,11,3,,0,"Eydelzon, Anatoly",,,,,,axe031000,anatoly eydelzon,Calculus II 
MATH,2419,HN1,2,3,1,1,1,,,,,,,,,3,,,0,"Arnold, Maxim","Sechkin, Georgii",,,,,mxa149530,maxim arnold,Calculus II 
MATH,2420,001,5,1,1,1,1,4,2,1,5,,1,,,3,1,,1,"Paudel, Ajaya B",,,,,,abp062000,ajaya paudel,Differential Equations with Applications 
MATH,2420,002,1,5,,1,2,1,,2,10,,4,,,9,2,,8,"Balanov, Zalman",,,,,,zxb105020,zalman balanov,Differential Equations with Applications 
MATH,2420,003,2,4,5,1,4,,1,2,5,,1,,,4,2,,4,"Paudel, Ajaya B",,,,,,abp062000,ajaya paudel,Differential Equations with Applications 
MATH,2420,004,3,1,2,1,1,1,,3,7,,2,,,2,6,,2,"Balanov, Zalman",,,,,,zxb105020,zalman balanov,Differential Equations with Applications 
MATH,2420,005,15,8,2,2,4,2,,1,1,,,,,5,1,,2,"Rachinskiy, Dmitry",,,,,,dxr124030,dmitry rachinskiy,Differential Equations with Applications 
MATH,2420,501,4,7,3,3,4,2,1,2,6,,1,,,3,3,,5,"Rachinskiy, Dmitry",,,,,,dxr124030,dmitry rachinskiy,Differential Equations with Applications 
MATH,3310,001,2,9,7,2,3,6,1,,1,,,2,2,,1,,0,"Dabkowska, Malgorzata A","Sinha Roy, Sushmita",,,,,mxd066000,malgorzata dabkowska,Theoretical Concepts of Calculus 
MATH,3310,002,3,13,13,6,2,3,,1,1,1,,,1,2,,,1,"Dabkowska, Malgorzata A",Nisha,,,,,mxd066000,malgorzata dabkowska,Theoretical Concepts of Calculus 
MATH,3311,001,5,9,3,2,4,1,1,1,1,,,,,1,,,0,"Dabkowska, Malgorzata A","Rawat, Richa",,,,,mxd066000,malgorzata dabkowska,Abstract Algebra I 
MATH,3311,002,3,5,7,2,2,3,2,2,,,,1,1,6,1,,2,"Dabkowska, Malgorzata A","Rawat, Richa",,,,,mxd066000,malgorzata dabkowska,Abstract Algebra I 
MATH,3312,001,17,4,4,2,2,,,1,2,,,,,2,1,,3,"Arreche, Carlos","Babbitt, Matthew W",,,,,cxa171230,carlos arreche,Abstract Algebra II 
MATH,3315,001,5,9,7,1,1,1,,1,,,,,2,1,1,,5,"Williams, Nathan","Wu, Che-Yu",,,,,nxw170830,nathan williams,Discrete Mathematics and Combinatorics 
MATH,3321,501,6,2,1,2,4,,,,,,,,,1,,,4,"Akbar, Mohammad M","Williams, Matthew A",,,,,mma110020,mohammad akbar,Geometry 
MATH,3351,001,8,8,1,3,6,3,2,,3,,2,,,14,2,,4,"Krawcewicz, Wieslaw Z","Zhang, Kan",,,,,wzk091000,wieslaw krawcewicz,Advanced Calculus 
MATH,3351,002,6,5,1,3,4,1,,2,3,,1,,4,6,7,,10,"McKeown, Stephen","McDermott, Glen A",,,,,sxm190098,stephen mckeown,Advanced Calculus 
MATH,3379,001,2,6,6,4,2,4,3,2,1,1,,,,1,1,,2,"Hooshyar, Mohammad","Akrobotu, Prosper D",,,,,ali,mohammad hooshyar,Complex Variables 
MATH,3379,002,1,2,4,1,1,1,,2,3,,1,1,,1,1,,0,"Hooshyar, Mohammad","Akrobotu, Prosper D",,,,,ali,mohammad hooshyar,Complex Variables 
MATH,3380,0W1,1,7,7,5,,3,1,1,,1,,,1,3,1,,1,"Tran, Anh T","Bal, Sabindra Singh",,,,,att140830,anh tran,Differential Geometry 
MATH,4302,0H1,,3,7,4,5,,,1,,,,,,4,1,,3,"Dabkowski, Mieczyslaw K","Rakotomalala, Diarisoa Mihaja Andriamanisa",,,,,mkd034000,mieczyslaw dabkowski,Mathematical Analysis II 
MATH,4302,0H2,1,5,5,2,5,4,5,,3,,,,,8,1,,0,"Dabkowski, Mieczyslaw K","Wu, Che-Yu",,,,,mkd034000,mieczyslaw dabkowski,Mathematical Analysis II 
MATH,4334,001,2,9,2,1,9,1,,5,3,,2,,4,9,3,,6,"Minkoff, Susan E","Gallo, Erika S",,,,,sem120030,susan minkoff,Numerical Analysis 
MATH,4355,001,1,4,1,1,2,,1,,,,,,1,2,,,1,"Zweck, John W",,,,,,jwz120030,john zweck,Methods of Applied Mathematics 
MATH,4362,0W1,6,1,1,1,3,1,1,1,2,,,,1,3,1,,4,"Turi, Janos",,,,,,turi,janos turi,Partial Differential Equations 
MATH,5302,001,,3,1,2,1,,,,,,,,1,,,1,1,"Zweck, John W",,,,,,jwz120030,john zweck,Elementary Analysis II 
MATH,5303,001,,10,5,2,,,,,,,,,,,,,0,"Eydelzon, Anatoly",,,,,,axe031000,anatoly eydelzon,Advanced Calculus and Linear Algebra 
MATH,6302,501,,2,4,7,6,1,1,,,,,,,,,1,0,"Krawcewicz, Wieslaw Z","Zhang, Kan",,,,,wzk091000,wieslaw krawcewicz,Functional Analysis I 
MATH,6309,0W1,,5,1,,1,3,,3,,,,,1,,,,0,"Tran, Anh T",,,,,,att140830,anh tran,Differential Geometry 
MATH,6311,001,,24,2,,,,,1,,,,,,,,,0,"Williams, Nathan","Kaushal, Amit",,,,,nxw170830,nathan williams,Abstract Algebra I 
MATH,6312,5H1,,11,13,1,,,,,,,,,,,,,0,"Ramakrishna, Viswanath",,,,,,vish,viswanath ramakrishna,Combinatorics and Graph Theory 
MATH,6321,0W1,,22,3,3,1,2,,,,,,,,,,2,0,"Turi, Janos",,,,,,turi,janos turi,Optimization 
MATH,6322,5H1,,10,1,,,,,,,,,,1,,,,0,"Ramakrishna, Viswanath","Dragovic, Vladimir",,,,,vish,viswanath ramakrishna,Mathematical Foundations of Data Science 
MECH,1208,0W1,21,46,20,16,21,10,3,3,,1,1,1,3,4,,,4,"Fadda, Dani Z","Rios, Oziel","Wagner, Jonas R","Ovy, S M Al Islam",,,dzf091000,dani fadda,Introduction to Mechanical Engineering II 
MECH,2120,101,27,4,5,2,1,,,,,,,,1,,2,,1,"Lu, Hongbing","Zhang, Runyu","Bian, Ning","Chen, Huiluo",,,hxl101000,hongbing lu,Mechanics of Materials Laboratory 
MECH,2120,102,22,11,4,1,2,,,1,,,,,1,1,,,1,"Lu, Hongbing","Zhang, Runyu","Bian, Ning","Chen, Huiluo",,,hxl101000,hongbing lu,Mechanics of Materials Laboratory 
MECH,2120,103,16,11,4,1,1,2,,2,,,,,2,3,2,,0,"Lu, Hongbing","Zhang, Runyu","Bian, Ning","Chen, Huiluo",,,hxl101000,hongbing lu,Mechanics of Materials Laboratory 
MECH,2120,104,14,10,5,2,4,,1,1,,,,,1,2,2,,2,"Lu, Hongbing","Zhang, Runyu","Bian, Ning","Chen, Huiluo",,,hxl101000,hongbing lu,Mechanics of Materials Laboratory 
MECH,2310,001,6,,8,8,8,1,3,1,,2,,1,5,7,4,,6,"Wilt, James C",,,,,,jcw140130,james wilt,Statics 
MECH,2320,001,1,7,8,8,4,6,1,2,2,1,,,,8,6,,1,"Wilt, James C","Aragon, Nicole K","Patel, Rhythm G","Nguyen, Phu Cuong",,,jcw140130,james wilt,Mechanics of Materials 
MECH,2320,002,,13,,,13,,,2,,,1,,1,18,7,,0,"Kumar, Golden","Aragon, Nicole K",,,,,gxk180010,golden kumar,Mechanics of Materials 
MECH,2320,003,7,8,11,2,4,1,5,4,,,,,1,5,2,,1,"Ryu, III","Nguyen, Phu Cuong",,,,,ixr161130,,Mechanics of Materials 
MECH,2330,001,1,8,9,10,1,6,4,1,,,1,,,6,8,,0,"Thamban, P.L.Stephan","Chowdhury, Kafil Uddin Ahammed",,,,,stephan,p l stephan thamban,Dynamics 
MECH,2330,002,4,17,8,7,4,1,1,1,1,,,,1,7,3,,0,"Thamban, P.L.Stephan","Chowdhury, Kafil Uddin Ahammed",,,,,stephan,p l stephan thamban,Dynamics 
MECH,2330,003,1,17,5,6,3,4,1,5,4,,,1,,4,2,,1,"Thamban, P.L.Stephan","Chowdhury, Kafil Uddin Ahammed",,,,,stephan,p l stephan thamban,Dynamics 
MECH,3105,1W1,14,10,7,2,3,,,,2,,,,,1,2,,0,"Rios, Oziel","Sadeh, Sepehr",,,,,oxr106020,oziel rios,Computer Aided Design Laboratory 
MECH,3105,1W2,12,9,4,2,4,1,,1,,,,1,1,1,1,,2,"Rios, Oziel","Sadeh, Sepehr",,,,,oxr106020,oziel rios,Computer Aided Design Laboratory 
MECH,3105,1W3,15,11,3,4,1,2,1,,,,,,1,1,,,0,"Rios, Oziel","Sadeh, Sepehr",,,,,oxr106020,oziel rios,Computer Aided Design Laboratory 
MECH,3115,1W1,4,7,7,3,,1,,,,,,,,,,,0,"Jin, Yaqing","Taba, Seyed Adib","Bhamitipadi Suresh, Dhanush",,,,yxj190011,yaqing jin,Fluid Mechanics Laboratory 
MECH,3115,1W2,10,6,5,,1,,,,,,,,1,,,,0,"Jin, Yaqing","Taba, Seyed Adib","Bhamitipadi Suresh, Dhanush",,,,yxj190011,yaqing jin,Fluid Mechanics Laboratory 
MECH,3115,1W3,5,11,3,3,,,,,,,,,,,,,0,"Jin, Yaqing","Bhamitipadi Suresh, Dhanush","Taba, Seyed Adib",,,,yxj190011,yaqing jin,Fluid Mechanics Laboratory 
MECH,3115,1W4,4,5,6,4,1,,,1,,,,,,1,,,0,"Jin, Yaqing","Bhamitipadi Suresh, Dhanush","Taba, Seyed Adib",,,,yxj190011,yaqing jin,Fluid Mechanics Laboratory 
MECH,3115,1W5,8,8,3,2,,,,,,,,,,1,,,0,"Jin, Yaqing","Bhamitipadi Suresh, Dhanush","Taba, Seyed Adib",,,,yxj190011,yaqing jin,Fluid Mechanics Laboratory 
MECH,3115,1W6,7,9,5,1,,,,,,,,,,,,,0,"Jin, Yaqing","Bhamitipadi Suresh, Dhanush","Taba, Seyed Adib",,,,yxj190011,yaqing jin,Fluid Mechanics Laboratory 
MECH,3120,1W1,15,6,,,,,,,,,,,,,,,0,"Hassanipour, Fatemeh","Zaheri, Shadi",,,,,fxh091000,fatemeh hassanipour,Heat Transfer Laboratory 
MECH,3120,1W2,19,3,,,,,,,,,,,,,,,0,"Hassanipour, Fatemeh","Zaheri, Shadi",,,,,fxh091000,fatemeh hassanipour,Heat Transfer Laboratory 
MECH,3120,1W3,11,,,,,,,,,,,,,,,,0,"Hassanipour, Fatemeh","Zaheri, Shadi",,,,,fxh091000,fatemeh hassanipour,Heat Transfer Laboratory 
MECH,3120,1W4,15,2,,,,,,,,,,,,,,,0,"Hassanipour, Fatemeh","Zaheri, Shadi",,,,,fxh091000,fatemeh hassanipour,Heat Transfer Laboratory 
MECH,3150,1W1,,9,5,12,5,3,1,,1,,,,,5,,,0,"Park, Wooram","Gleason, Glenn H","Patel, Akash",,,,wxp103020,wooram park,Kinematics and Dynamics Laboratory 
MECH,3150,1W2,,8,18,4,4,2,,1,,,,,,3,,,0,"Park, Wooram","Patel, Akash","Gleason, Glenn H",,,,wxp103020,wooram park,Kinematics and Dynamics Laboratory 
MECH,3150,1W3,1,26,1,4,7,,,,,,,,,1,,,0,"Park, Wooram","Patel, Akash","Gleason, Glenn H",,,,wxp103020,wooram park,Kinematics and Dynamics Laboratory 
MECH,3150,1W4,,9,11,4,7,3,1,1,,,,,,3,,,1,"Park, Wooram","Patel, Akash","Gleason, Glenn H",,,,wxp103020,wooram park,Kinematics and Dynamics Laboratory 
MECH,3305,0W1,,12,8,3,3,2,2,2,2,,,,,6,,,0,"Fadda, Dani Z","Miles, Drew",,,,,dzf091000,dani fadda,Computer Aided Design 
MECH,3305,0W2,5,6,7,9,2,3,,,,,,,,6,,,1,"Fadda, Dani Z","Miles, Drew",,,,,dzf091000,dani fadda,Computer Aided Design 
MECH,3305,0W3,1,13,3,5,3,1,,3,,1,1,1,1,4,1,,1,"Rios, Oziel","Almubarak, Yara",,,,,oxr106020,oziel rios,Computer Aided Design 
MECH,3310,0W1,3,4,9,7,11,2,1,1,1,,,,,5,,,0,"Ouyang, Hui","Sitaula, Karuna","Garimella, Martand Mayukh",,,,hxo150330,hui ouyang,Thermodynamics 
MECH,3310,0W2,4,12,8,5,4,8,,,,,,,,3,1,,0,"Ouyang, Hui","Sitaula, Karuna","Garimella, Martand Mayukh",,,,hxo150330,hui ouyang,Thermodynamics 
MECH,3310,0W3,2,4,8,11,4,7,,,,,,,,7,1,,1,"Ouyang, Hui","Sitaula, Karuna","Garimella, Martand Mayukh",,,,hxo150330,hui ouyang,Thermodynamics 
MECH,3310,0W4,,1,4,5,5,8,1,1,,,1,,2,6,2,,1,"Ouyang, Hui","Sitaula, Karuna","Garimella, Martand Mayukh",,,,hxo150330,hui ouyang,Thermodynamics 
MECH,3315,001,2,4,6,5,2,9,2,4,1,,,1,,13,1,,0,"Ciri, Umberto","Puccioni, Matteo",,,,,uxc150030,umberto ciri,Fluid Mechanics 
MECH,3315,0W1,,1,,1,6,5,3,2,3,1,,1,,10,,,1,"Anderson, William C","Rana, Santosh K",,,,,wca140030,william anderson,Fluid Mechanics 
MECH,3320,001,6,8,6,6,15,2,1,,3,,,,,6,1,,2,"Xiong, Guoping","Jiang, Lin",,,,,gxx200001,guoping xiong,Heat Transfer 
MECH,3320,0W1,3,14,14,7,13,1,,1,,,,,,5,,,0,"Dai, Xianming","Jiang, Lin","Boylan, Dylan",,,,xxd161630,xianming dai,Heat Transfer 
MECH,3320,0W2,14,19,12,8,4,,,,,,,,,2,,,0,"Dai, Xianming","Boylan, Dylan","Jiang, Lin",,,,xxd161630,xianming dai,Heat Transfer 
MECH,3340,001,3,28,4,4,5,2,,6,,,,,,4,2,,2,"Koeln, Justin P","Hadizadeh Kafash, Sahand",,,,,jpk170130,,System Dynamics Modeling and Analysis 
MECH,3350,0W1,1,12,7,5,8,8,3,1,1,,,,,5,,,2,"Park, Wooram","Yu, Haoliang",,,,,wxp103020,wooram park,Kinematics and Dynamics of Mechanical Systems 
MECH,3350,5W1,,2,4,3,8,4,1,1,1,,,,,4,,,0,"Park, Wooram","Yu, Haoliang",,,,,wxp103020,wooram park,Kinematics and Dynamics of Mechanical Systems 
MECH,3351,001,1,7,16,20,10,4,1,,,,,1,,9,,,1,"Bernal Montoya, Rodrigo A","Waliullah, Mohammad",,,,,rab160530,rodrigo bernal,Design of Mechanical Systems 
MECH,3351,002,3,7,22,21,9,,,,,,,,,8,,,0,"Bernal Montoya, Rodrigo A","Waliullah, Mohammad",,,,,rab160530,rodrigo bernal,Design of Mechanical Systems 
MECH,3360,001,,20,,,12,,,3,,,1,,,22,2,,0,"Kumar, Golden","Jagdale, Shweta H",,,,,gxk180010,golden kumar,Introduction to Materials Science 
MECH,3V95,001,,27,31,,,,,,,,,,,1,,,1,"Li, Wei","Mysore Nagaraja, Kishore",,,,,wxl190014,,Topics in Mechanical Engineering 
MECH,4110,1W1,3,7,5,1,4,3,,,,,,,,,1,,1,"Koeln, Justin P","Hashemi, Navid","Zhou, Fenglin",,,,jpk170130,,Systems and Controls Laboratory 
MECH,4110,1W2,3,13,4,4,,,1,,,,,,,,,,0,"Koeln, Justin P","Hashemi, Navid","Zhou, Fenglin",,,,jpk170130,,Systems and Controls Laboratory 
MECH,4110,1W3,7,9,2,2,1,4,,,,,,,,,1,,1,"Koeln, Justin P","Hashemi, Navid","Zhou, Fenglin",,,,jpk170130,,Systems and Controls Laboratory 
MECH,4110,1W4,11,4,6,1,,2,,,,,,,,,,,0,"Koeln, Justin P","Hashemi, Navid","Zhou, Fenglin",,,,jpk170130,,Systems and Controls Laboratory 
MECH,4310,001,6,15,7,16,11,8,3,,,,,,,19,,,0,"Li, Yaoyu","Zhang, Yujie","Hadizadeh Kafash, Sahand","Ganapathy, Karthik",,,yxl115230,yaoyu li,Systems and Controls 
MECH,4310,0W1,1,9,8,5,6,9,3,2,5,2,,,1,24,6,,2,"Li, Yaoyu","Ganapathy, Karthik","Zhang, Yujie","Hadizadeh Kafash, Sahand",,,yxl115230,yaoyu li,Systems and Controls 
MECH,4330,5W1,2,4,6,13,3,7,4,3,,,,,,9,,,0,"Iungo, Giacomo Valerio","Pandya, Yajat Vedant",,,,,ixg140830,giacomo iungo,Intermediate Fluid Mechanics 
MECH,4370,001,,15,12,10,5,4,2,1,2,,,,,6,,,2,"Tinker, Mark T","Mitra, Arkadeep",,,,,mtinker,mark tinker,Introduction to MEMS 
MECH,4380,001,13,21,16,5,1,1,,,,,,,1,2,,,0,"Delgoshaei, Payam","Rukhsar, Aqsa",,,,,pxd210002,,HVAC Systems 
MECH,4382,0W1,,14,1,,,,,,,,,,,1,,,0,"Hart, Robert A","Subramanian, Divya",,,,,rxh124630,robert hart,Senior Design Project II 
MECH,4382,0W2,,10,4,2,,,,,,,,,,,,,0,"Hart, Robert A","Subramanian, Divya",,,,,rxh124630,robert hart,Senior Design Project II 
MECH,4382,0W3,,12,3,,,,,,,,,,,1,,,0,"Hart, Robert A","Subramanian, Divya",,,,,rxh124630,robert hart,Senior Design Project II 
MECH,4382,0W4,,8,1,3,2,,,,,,,,,2,,,0,"Hart, Robert A","Subramanian, Divya",,,,,rxh124630,robert hart,Senior Design Project II 
MECH,4382,0W5,,8,3,1,1,1,,1,,,,,,1,,,0,"Hart, Robert A","Subramanian, Divya",,,,,rxh124630,robert hart,Senior Design Project II 
MECH,4382,0W6,,6,4,2,2,,,1,,,,,,1,,,0,"Hart, Robert A","Subramanian, Divya",,,,,rxh124630,robert hart,Senior Design Project II 
MECH,4382,0W8,,6,2,3,,,,,,,,,,,,,0,"Hart, Robert A","Subramanian, Divya",,,,,rxh124630,robert hart,Senior Design Project II 
MECH,4382,0W9,,9,5,,,,,,,,,,,2,,,0,"Hart, Robert A","Subramanian, Divya",,,,,rxh124630,robert hart,Senior Design Project II 
MECH,4382,5W1,,16,,,,,,,,,,,,,,,0,"Hart, Robert A","Subramanian, Divya",,,,,rxh124630,robert hart,Senior Design Project II 
MECH,4V95,0W1,,31,8,4,4,,,1,,,,,,3,3,,6,"Zhang, Jie","Wijesinghe, Don M",,,,,jxz156730,jie zhang,Topics in Mechanical Engineering 
MECH,4V95,501,3,10,6,6,,,1,,,,,,,,,,0,"Iyer, Mahadevan Krishna","Parvez, Mohammad Salman",,,,,mxi190015,mahadevan krishna iyer,Topics in Mechanical Engineering 
MECH,6300,0W1,,5,3,,2,3,,,,,,,,,,,0,"Yurkovich, Stephen",,,,,,sxy111430,stephen yurkovich,Linear Systems 
MECH,6306,001,,14,7,4,1,,2,,,,,,,,,,0,"Qian, Dong",,,,,,dxq120430,dong qian,Continuum Mechanics 
MECH,6309,0W1,,12,7,8,6,3,,,,,,,,,,,0,"Park, Wooram",,,,,,wxp103020,wooram park,Intermediate Dynamics 
MECH,6314,0W1,,17,,1,1,,,,,,,,,,,1,1,"Spong, Mark W",,,,,,mws081000,mark spong,Engineering Systems  Modeling and Simulation 
MECH,6333,501,,37,3,2,1,1,,,,,,,,,,,0,"Malik, Arif","Patel, Akash",,,,,axm154531,arif malik,Materials Design and Manufacturing 
MECH,6334,001,,19,6,1,1,,,1,,,,,,,,2,0,"Tadesse, Yonas T","Almubarak, Yara",,,,,ytt110030,yonas tadesse,Smart Materials and Structures 
MECH,6342,0W1,,7,1,2,,,,,,,,,,,,,1,"Zhang, Jie",,,,,,jxz156730,jie zhang,Renewable Energy and Grid Integration 
MECH,6347,501,,5,3,3,2,1,1,3,,,,,,,,5,0,"Pourkamali, Siavash","Sheikhlari, Sepehr",,,,,sxp124631,siavash pourkamali,Introduction to MEMS 
MECH,6372,001,,3,3,1,,2,1,1,,,,,,,,3,1,"Leonardi, Stefano",,,,,,sxl139330,stefano leonardi,Turbulent Flows 
MECH,6373,001,,6,7,2,2,3,,,,,,,,,,,1,"You, Seung M",,,,,,smy130030,seung you,Convective Heat Transfer 
MECH,6V49,001,,10,2,,,,,,,,,,,,,,0,"Li, Wei",,,,,,wxl190014,,Special Topics in Manufacturing and Design Innovation 
MECH,6V49,0W1,,2,4,2,1,,,,,,,,,,,3,0,"Minary-Jolandan, Majid",,,,,,mxm124631,majid minary,Special Topics in Manufacturing and Design Innovation 
MECH,6V89,004,,8,1,,,,,,,,,,,,,,1,"Qin, Zhenpeng",,,,,,zxq140530,zhenpeng qin,Special Topics in Thermal and Fluid Sciences 
MECH,7393,001,,10,,1,2,2,,,,,,,5,,,4,0,"Thamban, P.L.Stephan",,,,,,stephan,p l stephan thamban,Advanced Mathematics for Mechanical Engineers II 
MECO,3360,001,5,9,2,,,,,,,,,,,,,,1,"Lewin, Peter","Villarreal, Pamela A","Kelly, Matthew L",,,,plewin,peter lewin,Comparative Institutions of Production and Distribution 
MECO,3360,002,7,5,,1,1,,,,,,,,,,,,0,"Lewin, Peter","Villarreal, Pamela A","Kelly, Matthew L",,,,plewin,peter lewin,Comparative Institutions of Production and Distribution 
MECO,6303,001,,5,4,1,3,2,,,,,,,3,,,7,0,"Liebowitz, Stan","Lewin, Peter",,,,,liebowit,stan liebowitz,Business Economics 
MECO,6303,0W1,,12,12,3,6,1,1,2,,,,,,,,7,2,"Lewin, Peter","Kelly, Matthew L",,,,,plewin,peter lewin,Business Economics 
MECO,6303,GW1,,12,25,11,4,4,1,,,,,,1,,,1,0,"Kiser, Stephen L",,,,,,slk012100,stephen kiser,
MECO,6350,001,,7,9,4,1,,,,,,,,,,,1,0,"Bolton, Gary","Kelly, Matthew L",,,,,gxb122130,gary bolton,Game Theory 
MECO,6368,501,,3,4,2,,,,,,,,,,,,3,0,"Liebowitz, Stan","Lewin, Peter",,,,,liebowit,stan liebowitz,Advanced Comparative Institutions of Production and Distribution 
MIS,6308,0W1,,19,3,2,4,2,,1,,,,,,,,16,0,"Raghunathan, Srinivasan","Mishra, Sailendra P",,,,,sraghu,srinivasan raghunathan,System Analysis and Project Management 
MIS,6308,501,,15,13,13,,,,,,,,,,,,6,1,"Narasimhan, Prithi","Balasubramaniam, Rakesh",,,,,pxn152330,prithi narasimhan,System Analysis and Project Management 
MIS,6309,001,,13,5,3,5,,,,,,,,,,,5,0,"Islam, Naser","Patel, Mitansh R",,,,,nxi110630,naser islam,Business Data Warehousing 
MIS,6309,501,,14,9,9,6,,,,,,,,,,,7,0,"Islam, Naser","Patel, Mitansh R",,,,,nxi110630,naser islam,Business Data Warehousing 
MIS,6313,501,,26,8,3,5,1,1,,,,,,2,,,7,1,"Hefley, William E","Ozdemir, Dicle Yagmur",,,,,weh150130,william hefley,Managing IT in the Analytics Age 
MIS,6313,MBC,,39,14,1,,,,,,,,,,,,1,1,"Hefley, William E","Ozdemir, Dicle Yagmur",,,,,weh150130,william hefley,
MIS,6313,XS1,,17,5,1,1,2,,,,,,,,,,3,0,"Wiant, Russell B",,,,,,,russell wiant,
MIS,6319,501,,12,,,5,,,,,,,,,,,2,0,"Thompson, Luell O","Thakare, Anvay",,,,,lot013000,luell thompson,Enterprise Resource Planning with SAP 
MIS,6320,0W1,,2,9,,,2,1,,,,,,,,,1,0,"Cavusoglu, Huseyin","Ozdemir, Dicle Yagmur",,,,,huseyin,huseyin cavusoglu,Database Foundations 
MIS,6324,0W1,,8,5,5,,2,,,,,,,,,,4,0,"Menon, Syam","Chen, Luoying",,,,,sxm021300,syam menon,Business Analytics With SAS 
MIS,6326,001,,31,8,6,2,2,,,,,,,1,,,7,2,"Smashnov, Uri","Marella, Sriharsha",,,,,uxs051000,uri smashnov,Data Management 
MIS,6326,501,,4,3,2,,1,,,,,,,4,,,3,1,"Smashnov, Uri","Marella, Sriharsha",,,,,uxs051000,uri smashnov,Data Management 
MIS,6330,001,,14,5,3,4,1,,,,,,,,,,5,0,"Narasimhan, Prithi","Cherakoly, Suraj Sivaraman",,,,,pxn152330,prithi narasimhan,Cybersecurity Fundamentals 
MIS,6332,501,,14,,,1,,,,,,,,,,,,0,"Thompson, Luell O","Thakare, Anvay",,,,,lot013000,luell thompson,ERP Configurations and Implementation with SAP 
MIS,6333,001,,7,8,5,,,1,,,,,,,,,,0,"Shroff, Tejas N","Mishra, Rajat",,,,,tns190000,tejas shroff,Digital Forensics and Incident Management 
MIS,6337,501,,8,5,3,3,1,,,,,,,,,,3,1,"Mauriello, Joseph A","Deokar, Shraddha V","Truong, Timothy T",,,,jam151430,joseph mauriello,Information Technology Audit and Risk Management 
MIS,6341,002,,3,5,1,1,,,,,,,,,,,6,0,"Sohaee, Nassim","Prasanna, Pragathi",,,,,nxs045000,nassim sohaee,Applied Machine Learning 
MIS,6344,001,,4,1,1,,,,,,,,,,,,4,0,"Atabansi, Lloyd A","Paluru, Lalitharamsai",,,,,laa190003,lloyd atabansi,
MIS,6344,0W1,,12,6,5,9,,,,,,,,,,,5,0,"Mehra, Amit","Paluru, Lalitharamsai",,,,,axm078200,amit mehra,Web Analytics 
MIS,6346,501,,21,2,1,,,,,,,,,,,,1,0,"Perez, Jerry","Bhuskute, Amruta Y",,,,,jxp180019,jerry perez,Big Data 
MIS,6346,503,,14,3,1,,,,,,,,,,,,1,0,"Elkhodari, Gasan","Tripathi, Animesh",,,,,gxe051000,gasan elkhodari,Big Data 
MIS,6349,001,,30,19,4,3,,,,,,,,,,,10,0,"Shekhar, Gaurav","D'Souza, Rhea C",,,,,gxs150130,gaurav shekhar,Digital Consulting Project 
MIS,6356,001,,2,8,3,,1,,,,,,,,,,6,0,"Thouin, Mark","Aneye, Asse O",,,,,mxt083000,mark thouin,Business Analytics With R 
MIS,6356,002,,3,4,2,1,,,,,,,,,,,2,0,"Chen, Jianqing","Liu, Yihong",,,,,jxc111031,jianqing chen,Business Analytics With R 
MIS,6356,003,,2,1,2,1,,,1,,,,,,,,3,0,"Sun, Shujing","Rathore, Ali H",,,,,sxs200168,shujing sun,Business Analytics With R 
MIS,6360,001,,24,22,5,4,1,,,,,,,,,,7,0,"Thouin, Mark","Aneye, Asse O",,,,,mxt083000,mark thouin,Agile Project Management 
MIS,6363,001,,17,21,17,7,1,,,,,,,,,,5,0,"Song, Liugen",,,,,,lxs190018,liugen song,Cloud Computing 
MIS,6373,501,,24,27,3,1,,,,,,,,,,,2,0,"Ginevich, Rostislav",,,,,,rxg172930,rostislav ginevich,Social Media Business 
MIS,6375,501,,,3,2,3,,,,,,,,,,,4,0,"Shah, Rajiv","Welbourne Eleazar, Miranda J",,,,,rxs079000,rajiv shah,Technology and New Product Development 
MIS,6378,501,,33,7,,1,,,,,,,,,,,,1,"Narayan, Ravishankar L","Jagtap, Himanshu S",,,,,rln130030,ravishankar narayan,Customer Relationship Management with Salesforce 
MIS,6380,001,,12,18,12,4,1,,,,,,,,,,12,0,"Islam, Naser","Ghori, Sadiya Mehdees",,,,,nxi110630,naser islam,Data Visualization 
MIS,6380,0W1,,17,3,6,3,,,1,,,,,,,,8,1,"Bradbury, Judd D","Ghori, Sadiya Mehdees",,,,,jdb101000,judd bradbury,Data Visualization 
MIS,6380,SW1,,8,4,6,6,1,,,,,,,,,,2,0,"Bradbury, Judd D","Ghori, Sadiya Mehdees",,,,,jdb101000,judd bradbury,
MIS,6382,001,,53,4,,1,,,,,,,,,,,2,0,"Wang, Hongchang","Chinthakayala, Ram Souraj",,,,,hxw140930,hongchang wang,Object Oriented Programming in Python 
MIS,6382,002,,46,2,,1,,,,,,,,1,,,,1,"Wang, Hongchang","Chinthakayala, Ram Souraj",,,,,hxw140930,hongchang wang,Object Oriented Programming in Python 
MIS,6382,501,,49,8,1,,,,1,,,,,,,,,1,"Wang, Hongchang","Chinthakayala, Ram Souraj",,,,,hxw140930,hongchang wang,Object Oriented Programming in Python 
MIS,6384,501,,4,3,3,1,,,,,,,,,,,2,1,"Shroff, Tejas N","Mishra, Rajat",,,,,tns190000,tejas shroff,Preparing for Cybersecurity Threats 
MIS,6396,501,,9,2,7,1,,,,,,,,3,,,,0,"Hefley, William E","Ozdemir, Dicle Yagmur",,,,,weh150130,william hefley,User Experience Design 
MIS,6V99,003,,13,,,,,,,,,,,,,,,0,"Thouin, Mark",,,,,,mxt083000,mark thouin,Special Topics in Management Information Systems 
MKT,3300,001,1,11,20,15,7,2,1,1,1,1,,,,1,,,3,"Bhave, Ashutosh C",,,,,,acb140430,ashutosh bhave,Principles of Marketing 
MKT,3300,002,5,11,3,7,12,11,3,1,,,,,,10,1,,0,"Tehrani, Shervin S","Ansari, Hibah",,,,,sst180003,shervin tehrani,Principles of Marketing 
MKT,3300,005,13,10,8,11,4,3,,,,,,,,1,,,0,"Jameei Osgouei, Ata",,,,,,axj174330,ata osgouei,Principles of Marketing 
MKT,3300,006,7,20,9,6,6,3,1,,,,,,1,8,1,,1,"Kasaian, Keyvan",,,,,,kxk153830,,Principles of Marketing 
MKT,3300,007,12,17,12,5,6,1,2,2,,1,,,1,3,,,2,"Kasaian, Keyvan",,,,,,kxk153830,,Principles of Marketing 
MKT,3300,008,9,13,8,12,3,2,2,,,,,,,4,,,2,"Chiong, Khai X","Malsaria, Vibhuti",,,,,kxc173030,khai chiong,Principles of Marketing 
MKT,3300,009,7,16,14,7,8,1,,,,,,,,1,,,1,"Chiong, Khai X","Malsaria, Vibhuti",,,,,kxc173030,khai chiong,Principles of Marketing 
MKT,3300,010,1,6,19,5,6,9,1,2,2,3,1,,1,5,3,,1,"Elmi, Omid",,,,,,oxe160230,omid elmi,Principles of Marketing 
MKT,3300,0W1,,6,8,7,8,3,3,,3,,,,,10,,,0,"Pahwa, Parneet","Cermin, Kaycey","Meehan, Madelyn",,,,pxp030100,parneet pahwa,Principles of Marketing 
MKT,3300,0W2,,11,9,11,9,,,,1,1,,,,8,,,0,"Wu, Fang","Lu, Renjie",,,,,fxw052000,fang wu,Principles of Marketing 
MKT,3300,501,,12,12,7,9,6,6,3,,,,1,1,4,,,4,"Qian, Kun",,,,,,kxq170030,kun qian,Principles of Marketing 
MKT,3300,HON,1,30,23,2,1,1,,,,,,,,3,,,0,"Egeland, Rita E",,,,,,rxb154430,rita bargerhuff egeland,Principles of Marketing 
MKT,3330,001,2,18,7,2,2,,,,1,,,,,1,1,,1,"Gafford, Jerome M",,,,,,jmg171130,jerome gafford,Introduction to Professional Selling 
MKT,3330,002,4,7,7,,5,3,,,,,1,,4,2,1,,0,"Amirpour, Semiramis",,,,,,sxa130731,semiramis amirpour,Introduction to Professional Selling 
MKT,3330,003,2,6,1,,1,2,1,,1,,1,,2,2,1,,2,"Amirpour, Semiramis",,,,,,sxa130731,semiramis amirpour,Introduction to Professional Selling 
MKT,3330,004,3,7,,,3,1,1,1,2,1,3,,6,1,2,,3,"Amirpour, Semiramis",,,,,,sxa130731,semiramis amirpour,Introduction to Professional Selling 
MKT,3330,005,4,3,8,2,5,2,,,1,,1,,1,,3,,3,"Amirpour, Semiramis",,,,,,sxa130731,semiramis amirpour,Introduction to Professional Selling 
MKT,3330,501,1,11,5,4,2,1,,,,,,2,,4,,,3,"Gafford, Jerome M",,,,,,jmg171130,jerome gafford,Introduction to Professional Selling 
MKT,3330,502,6,10,1,1,2,5,1,,1,,1,1,,1,,,2,"Gafford, Jerome M",,,,,,jmg171130,jerome gafford,Introduction to Professional Selling 
MKT,3340,001,,13,1,10,6,,6,1,1,2,1,,,22,,,2,"Rajaratnam, Daniel",,,,,,dxr143430,daniel rajaratnam,Marketing Research 
MKT,3340,501,5,26,16,4,1,3,,,,,,,1,2,,,2,"Hudelot, Loretta F",,,,,,lfh170000,loretta hudelot,Marketing Research 
MKT,4330,001,,16,4,4,17,2,1,4,1,1,,1,,5,1,,0,"Pacyna, Sandra",,,,,,sxp158130,sandra pacyna,Digital and Internet Marketing 
MKT,4330,0W1,9,11,6,4,3,1,1,1,,1,,,,6,1,,0,"Edsel, Alexander D",,,,,,ade012000,alexander edsel,Digital and Internet Marketing 
MKT,4331,001,4,8,1,,4,,2,2,,2,,,1,2,2,,1,"Dover, Howard F",,,,,,hfd021000,howard dover,Digital Prospecting 
MKT,4332,001,7,4,2,1,1,,,,,,,,,1,1,,2,"Dover, Howard F",,,,,,hfd021000,howard dover,Advanced Personal Selling 
MKT,4334,001,,12,14,15,7,3,,,,,,,1,6,,,1,"Pahwa, Parneet","Cermin, Kaycey","Meehan, Madelyn",,,,pxp030100,parneet pahwa,Social Media Marketing 
MKT,4336,501,3,11,2,4,8,4,2,1,,,1,,,6,1,,1,"Haseman, Charles",,,,,,cxh180018,charles haseman,E-Retailing 
MKT,4337,501,,25,9,3,9,,,,,,,1,,3,1,,1,"Joo, Joonhwi","Kawatra, Tamanna",,,,,jxj180020,joonhwi joo,Marketing Analytics 
MKT,4338,501,,34,,,10,,,2,,,,,1,10,,,1,"Dickinson, Keith",,,,,,kxd084000,keith dickinson,Marketing Content Creation 
MKT,4350,001,3,8,6,4,10,9,1,6,,1,2,,,8,1,,0,"Biswas, Abhijit","Kawatra, Tamanna",,,,,axb019100,abhijit biswas,Advertising 
MKT,4360,501,29,72,34,3,5,2,,,,,,,,4,,,1,"Haworth, Julie B","Lu, Renjie","Cermin, Kaycey",,,,haworth,julie haworth,Social Marketing 
MKT,4395,001,,14,24,6,3,,,,,,,,,1,,,0,"Wu, Fang","Ansari, Hibah",,,,,fxw052000,fang wu,Capstone Senior Project - Marketing 
MKT,4395,002,,21,2,1,2,2,,,,,,,,,,,0,"Wu, Fang","Ansari, Hibah",,,,,fxw052000,fang wu,Capstone Senior Project - Marketing 
MKT,6244,XS1,,18,11,3,,,,1,,,,,,,,,0,"Ginevich, Rostislav",,,,,,rxg172930,rostislav ginevich,
MKT,6301,0W1,,18,5,5,7,,2,,,,,,1,,,9,0,"Kumar, Nanda","Bagheri Tirtashi, Ali",,,,,nkumar,nanda kumar,Marketing Management 
MKT,6301,501,,9,15,8,6,,1,3,,,,,2,,,4,1,"Bruce, Norris I","Bhujbal, Karan",,,,,nxb018100,norris bruce,Marketing Management 
MKT,6301,503,,13,15,9,1,,,,,,,,,,,5,1,"Bruce, Norris I","Bhujbal, Karan",,,,,nxb018100,norris bruce,Marketing Management 
MKT,6301,504,,9,11,16,7,3,,,,,,,,,,12,0,"Jain, Sanjay","Bhujbal, Karan",,,,,sxj164830,sanjay jain,Marketing Management 
MKT,6301,GW1,,12,7,3,1,,,,,,,,,,,,1,"Albrecht, Maria",,,,,,mxa180037,maria albrecht,
MKT,6301,GW2,,12,11,1,,,,,,,,,1,,,,1,"Albrecht, Maria",,,,,,mxa180037,maria albrecht,
MKT,6309,501,,10,3,11,6,,4,,,,,,,,,10,3,"Rajaratnam, Daniel",,,,,,dxr143430,daniel rajaratnam,Marketing Data Analysis and Research 
MKT,6310,0W1,,13,11,12,6,1,,,,,,,,,,6,1,"Biswas, Abhijit","Kawatra, Tamanna","Deniskin, Viacheslav",,,,axb019100,abhijit biswas,Consumer Behavior 
MKT,6321,0W1,,20,6,6,10,,1,,,,,,,,,5,1,"Edsel, Alexander D",,,,,,ade012000,alexander edsel,Interactive and Digital Marketing 
MKT,6330,0W1,,7,3,7,7,1,,,,,,,2,,,14,0,"Biswas, Abhijit","Kawatra, Tamanna",,,,,axb019100,abhijit biswas,Brand Management 
MKT,6332,501,,9,6,9,4,4,,2,,,,,,,,13,1,"Biswas, Abhijit","Deniskin, Viacheslav","Kawatra, Tamanna",,,,axb019100,abhijit biswas,Advertising and Promotional Strategy 
MKT,6337,002,,4,1,1,2,,,,,,,,,,,3,0,"Murthi, B P","Alavi, Seyyedeh Soogand",,,,,murthi,b p murthi,Predictive Analytics Using SAS 
MKT,6337,003,,3,1,6,1,,,,,,,,,,,2,0,"Murthi, B P","Lim, Taewook",,,,,murthi,b p murthi,Predictive Analytics Using SAS 
MKT,6337,501,,3,2,1,1,,,,,,,,,,,3,0,"Tehrani, Shervin S","Lim, Taewook","Bagheri Tirtashi, Ali",,,,sst180003,shervin tehrani,Predictive Analytics Using SAS 
MKT,6338,501,,10,4,,,,1,,,,,,,,,2,0,"Narayan, Ravishankar L","Jagtap, Himanshu S",,,,,rln130030,ravishankar narayan,Customer Relationship Management with Salesforce 
MKT,6339,501,,10,10,4,2,2,,,,,,,,,,3,0,"Subramanian, Upender","Alavi, Seyyedeh Soogand",,,,,uxs092000,upender subramanian,Capstone Marketing Decision Making 
MKT,6352,001,,30,8,8,2,,,,,,,,,,,9,1,"Tirone, Guido",,,,,,gxt170001,guido tirone,Marketing Web Analytics and Insights 
MKT,6352,501,,12,,2,2,,,1,,,,,,,,4,2,"Tirone, Guido",,,,,,gxt170001,guido tirone,Marketing Web Analytics and Insights 
MKT,6353,501,,5,3,,8,,,,,,,,,,,6,0,"Kumar, Nanda","Bagheri Tirtashi, Ali",,,,,nkumar,nanda kumar,Customer Analytics and Insights 
MSEN,3302,001,,1,3,3,1,,,,,,,,,3,,,1,"Auciello, Orlando H",,,,,,oha120030,orlando auciello,Microscopy  Spectroscopy  and Nanotech Instrumentation 
MSEN,5360,0W1,,1,,1,6,3,,1,,,,,,,,,0,"Wallace, Robert M","Chuang, Ping-Ju",,,,,rmw031000,robert wallace,Materials Characterization 
MSEN,6324,001,,2,2,4,3,1,,1,,,,,,,,,0,"Cho, Kyeongjae","Conlin, Patrick R",,,,,kxc067000,kyeongjae cho,Electronic  Optical and Magnetic Materials 
MSEN,6362,001,,5,3,2,,,,,,,,,,,,,0,"Kim, Moon J","Kwon, Sunah",,,,,mjk034000,,Diffraction Science 
MSEN,6383,001,,5,4,2,,,,,,,,,,,,,0,"Kim, Jiyoung","Mohan, Jaidah",,,,,jxk041000,,Modern Physical Metallurgy 
MUSI,1306,001,47,2,,,,,,,,,,,,,,,0,"Jones, Eric",,,,,,exj180003,eric jones,Understanding Music 
MUSI,1306,002,21,10,,3,2,,,3,,,,,2,7,1,,0,"Bennett, Rodger",,,,,,rxb180025,rodger bennett,Understanding Music 
MUSI,1306,003,1,2,,,1,,,,,,1,,5,1,3,,1,"Gerard, Lori A","Payne, Nicholas A",,,,,lag091020,lori gerard,Understanding Music 
MUSI,1306,0W1,17,15,,4,5,2,1,1,1,,,,,1,,,1,"Salisbury, Linda J",,,,,,ljs130230,linda salisbury,Understanding Music 
MUSI,1306,0W2,11,18,,2,5,3,,1,,,,,3,3,1,,2,"Salisbury, Linda J",,,,,,ljs130230,linda salisbury,Understanding Music 
MUSI,1306,0W3,,7,5,6,4,1,,,1,1,,,3,13,1,,6,"Palant, Jonathan",,,,,,jxp170230,jonathan palant,Understanding Music 
MUSI,1306,501,33,4,4,1,1,,,,,,,1,3,2,,,0,"Wilder, James E",,,,,,jew042000,james wilder,Understanding Music 
MUSI,2113,501,,13,,,,,,,,,,,,,,,1,"Gerard, Lori A",,,,,,lag091020,lori gerard,Pep Band 
MUSI,2127,0H2,,10,1,,,,,,,,,,,,1,,0,"Palant, Jonathan",,,,,,jxp170230,jonathan palant,University Choir 
MUSI,2315,002,9,3,1,,2,,,,,,,,1,1,,,1,"Wilder, James E",,,,,,jew042000,james wilder,Guitar I 
MUSI,2317,001,2,4,1,,,1,,,,,,,,,,,2,"Medrick, Mary A",,,,,,mam017200,mary medrick,Piano I 
MUSI,2317,002,2,11,1,,,1,,,,,,,1,,,,3,"Medrick, Mary A",,,,,,mam017200,mary medrick,Piano I 
MUSI,2319,001,,9,2,,,,,1,,,,,1,,,,0,"Durbin, Kelly",,,,,,kpdurbin,kelly durbin,Digital Music I 
MUSI,2321,0W1,,49,,,,,,,,,,,,,,,0,"Jones, Eric",,,,,,exj180003,eric jones,Music Cultures of the World 
MUSI,2322,001,1,1,2,,1,2,1,,,,,,5,1,,,1,"Gerard, Lori A","Payne, Nicholas A",,,,,lag091020,lori gerard,Music in Western Civilization 
MUSI,2322,002,5,5,,4,4,,1,,,,,,3,4,3,,1,"Bennett, Rodger",,,,,,rxb180025,rodger bennett,Music in Western Civilization 
MUSI,2325,001,,10,,,,,,,,,,,,,,,1,"Riemer Bueckert, Nili",,,,,,nxr190013,nili bueckert,Vocal Instruction I 
MUSI,2328,001,6,2,,1,2,,,,,,,,3,,1,,3,"Bennett, Rodger",,,,,,rxb180025,rodger bennett,Music Theory I 
MUSI,2328,002,,4,1,2,2,,,,1,,,,1,2,,,0,"Ming, Adron",,,,,,axm167231,adron ming,Music Theory I 
MUSI,3122,001,11,,,,,,,,,,,,,,,,0,"Salisbury, Linda J",,,,,,ljs130230,linda salisbury,Brass Ensemble I 
MUSI,3322,001,4,11,3,5,1,1,1,1,1,,,,1,,,,1,"Evans, Kathryn C",,,,,,kcevans,kathryn evans,Music in Historical Context 
MUSI,3325,001,8,2,2,2,1,,2,,,,,,,,,,1,"Durbin, Kelly",,,,,,kpdurbin,kelly durbin,Jazz History  Modern Jazz since BeBop 
MUSI,3382,001,,9,,,,,,,,,,,,,,,1,"Riemer Bueckert, Nili",,,,,,nxr190013,nili bueckert,Vocal Instruction II 
MUSI,3389,001,5,5,,,,,,,,,,,,,,,0,"Durbin, Kelly",,,,,,kpdurbin,kelly durbin,Digital Music II 
MUSI,4112,001,,13,,,,,,,,,,,,,,,1,"Rodriguez, Robert X",,,,,,rxr014610,robert rodriguez,Advanced Orchestra Chamber Music Ensemble II 
MUSI,4116,001,5,5,,,,,,,,,,,,,,,0,"Madriguera, Enric F",,,,,,efm011000,,Guitar Ensemble III 
MUSI,4118,501,,23,,,,,,,,,,,,,,,1,"Ming, Adron",,,,,,axm167231,adron ming,String Orchestra III 
MUSI,4120,501,,25,,,,,,,,,,,,,,,0,"Hustis, Gregory J",,,,,,gjh120030,gregory hustis,
MUSI,4185,0H1,,18,,,,,,,,,,,,,,,0,"Palant, Jonathan",,,,,,jxp170230,jonathan palant,Chamber Singers II 
MUSI,4348,001,4,5,1,,1,3,,,,,,,,1,,,1,"Medrick, Mary A",,,,,,mam017200,mary medrick,Creating Music 
NATS,2333,001,16,8,1,1,2,,,,1,,,,,,,,1,"Taylor, Stephanie M","Neeley, Tessa M",,,,,smt031000,stephanie taylor,Energy  Water  and the Environment 
NATS,2333,HN1,15,2,,,,,,,,,,,,,,,0,"Taylor, Stephanie M","Neeley, Tessa M",,,,,smt031000,stephanie taylor,Energy  Water  and the Environment 
NATS,3341,001,3,1,,1,1,1,1,,1,,,,2,1,1,,3,"Cook, Linda A",,,,,,lac043000,,Knowing and Learning in Mathematics and Science 
NATS,3343,001,5,7,1,,,,,,,,,,,,,,1,"Dorsey, Floyd Z",,,,,,fzd110020,floyd dorsey,Classroom Interactions 
NATS,3343,002,4,2,3,,2,,,,,,,,,1,,,0,"York, Megan",,,,,,mxy141130,megan york,Classroom Interactions 
NATS,3343,003,2,7,2,,,,,,,,,,2,,,,1,"Gregory, Denise",,,,,,dxg200019,denise gregory,Classroom Interactions 
NATS,4141,501,,17,,1,,,,,,,,,,,,,0,"Dorsey, Floyd Z","McConnell, James S",,,,,fzd110020,floyd dorsey,UTeach Apprentice Teaching Seminar 
NATS,4341,001,,6,3,1,1,1,,,,,,,,,,,0,"York, Megan","Donaldson, Katherine E",,,,,mxy141130,megan york,Project-Based Instruction 
NSC,3344,001,,2,2,1,3,1,,,,,,,,,1,,0,"Powers, Katharine A","Eppes, Anna A",,,,,kap130730,katharine powers,Anatomy and Physiology of Speech and Hearing 
NSC,3361,001,1,21,37,33,45,21,29,,27,,3,,8,39,8,,12,"Miller, Van S","Garner, Katherine M","Adehunoluwa, Emmanuel A",,,,vxm077000,van miller,Introduction to Neuroscience 
NSC,3361,002,30,25,23,7,5,4,2,,,,,,,,,,0,"Raboune, Siham","Lenert, Melissa E",,,,,sxr180071,siham raboune,Introduction to Neuroscience 
NSC,3361,003,16,17,23,5,8,8,3,2,2,,4,1,1,3,,,1,"McWilliams, Steven P","Szabo-Pardi, Thomas A",,,,,sxm127330,steven mcwilliams,Introduction to Neuroscience 
NSC,3361,004,8,18,17,6,11,8,3,1,,,,1,8,5,,,1,"McWilliams, Steven P","Elahi, Hajira",,,,,sxm127330,steven mcwilliams,Introduction to Neuroscience 
NSC,3361,HN1,9,7,3,,,,,,,,,,,4,1,,0,"LaDow, Eva S",,,,,,esl130130,eva ladow,Introduction to Neuroscience 
NSC,3361,HN2,4,14,5,1,,,,,,,,,,1,,,0,"LaDow, Eva S",,,,,,esl130130,eva ladow,Introduction to Neuroscience 
NSC,4351,001,4,20,4,,4,,,,,,,,,,,,0,"Miller, Van S",,,,,,vxm077000,van miller,Medical Neuroscience 
NSC,4352,001,66,19,23,18,4,7,3,4,,1,,,1,3,5,,4,"Kroener, Sven","Rodriguez, Sierra R",,,,,sxk101000,sven kroener,Cellular Neuroscience 
NSC,4353,101,1,1,3,1,,5,,1,,,1,,,2,,,1,"McWilliams, Steven P",,,,,,sxm127330,steven mcwilliams,Neuroscience Laboratory Methods 
NSC,4353,102,,3,9,1,,2,,,,,,,,,,,1,"Sultana, Rukhsana","Tamaoki, Yuko",,,,,rxs170431,rukhsana sultana,Neuroscience Laboratory Methods 
NSC,4353,103,,1,1,1,3,1,1,,,,,,1,6,,,1,"McWilliams, Steven P","Malley, Kaitlyn M",,,,,sxm127330,steven mcwilliams,Neuroscience Laboratory Methods 
NSC,4353,104,,8,3,2,,,,,,,,,,2,,,0,"Sultana, Rukhsana","dos Santos, Natalia Lucia",,,,,rxs170431,rukhsana sultana,Neuroscience Laboratory Methods 
NSC,4353,105,2,4,2,2,,1,1,,2,,,,,,,,2,"Taylor, Anna M","Mei, Hao-Ruei",,,,,amt180004,anna taylor,Neuroscience Laboratory Methods 
NSC,4353,106,,3,4,7,1,,,,,,,,1,,,,0,"Raboune, Siham","Lehtonen, Derek",,,,,sxr180071,siham raboune,Neuroscience Laboratory Methods 
NSC,4353,107,,4,3,,4,,,1,,,,,,4,,,0,"Raboune, Siham","Calderon, Debora R",,,,,sxr180071,siham raboune,Neuroscience Laboratory Methods 
NSC,4353,108,2,3,5,2,,1,,,,,,,1,1,,,0,"Taylor, Anna M","Newel, Jacqueline P",,,,,amt180004,anna taylor,Neuroscience Laboratory Methods 
NSC,4354,001,16,54,21,13,6,4,4,1,2,,,3,1,6,,,2,"Raboune, Siham","Morales Castelan, Karen",,,,,sxr180071,siham raboune,Integrative Neuroscience 
NSC,4356,001,,86,,,30,,,4,,,,,2,16,1,,4,"Sultana, Rukhsana","Morrison, Robert A",,,,,rxs170431,rukhsana sultana,Neurophysiology 
NSC,4357,001,8,22,7,3,2,3,1,,,,,,,3,,,0,"Rodriguez, Christa M","Carroll, Alan M",,,,,cmr067000,christa mcintyre rodriguez,Neurobiology of Learning and Memory 
NSC,4358,001,26,68,67,23,11,5,6,4,2,,,1,2,9,,,1,"Price, Theodore J","David, Eric T","Wheeler, Allison M",,,,tjp140130,theodore price,Neuroscience of Pain 
NSC,4359,001,4,16,13,2,4,1,,1,,,,,,,,,0,"Rodrigue, Karen M","Moon, Da Yeoun",,,,,kmr082000,karen rodrigue,Cognitive Neuroscience 
NSC,4360,501,,10,,,5,,,1,,,,,,,,,1,"Rennaker, Robert L",,,,,,rlr091000,robert rennaker,Introduction to Entrepreneurship in Neuroscience 
NSC,4363,001,58,22,1,3,11,,1,,1,,,,,1,,,1,"Thompson, Lucien","West, Reyanne M",,,,,tres,lucien thompson,Neuropharmacology 
NSC,4363,HN1,6,11,1,1,,,,,,,,,,,,,1,"LaDow, Eva S",,,,,,esl130130,eva ladow,Neuropharmacology 
NSC,4364,001,8,10,1,,7,,,1,,,,,,9,,,0,"Miller, Van S",,,,,,vxm077000,van miller,Journey into Medicine 
NSC,4366,001,28,27,8,6,10,16,4,8,7,,7,,6,17,9,,10,"Taylor, Anna M","Hu, Ya-Yu","Adcock, Katherine S",,,,amt180004,anna taylor,Neuroanatomy 
NSC,4367,001,3,2,3,1,1,1,,3,,,2,,2,2,1,,5,"Taylor, Anna M",,,,,,amt180004,anna taylor,Developmental Neurobiology 
NSC,4371,001,5,9,4,2,1,1,,1,1,,,,1,,1,,5,"Kilgard, Michael",,,,,,kilgard,michael kilgard,Neural Plasticity 
NSC,4373,0W1,,172,15,5,3,1,1,,,,1,,,,,,1,"Moller, Aage R",,,,,,amoller,aage moller,Sensory Neuroscience 
NSC,4382,0W1,,159,5,7,5,1,5,,,1,6,,4,2,1,,3,"Moller, Aage R",,,,,,amoller,aage moller,Neurobiology of Emotion 
NSC,4V90,001,1,3,4,1,1,1,3,,1,,1,,1,4,2,,1,"Miller, Van S",,,,,,vxm077000,van miller,Special Topics in Neuroscience 
NSC,4V90,002,,37,,,6,,,5,,,,,,1,,,1,"Thorn, Catherine A","Tseng, Ching-Tzu",,,,,cat170002,catherine thorn,Special Topics in Neuroscience 
NSC,4V90,003,2,4,2,1,1,1,1,2,,,1,2,,,1,,0,"Solodkin, Ana J",,,,,,ajs190004,ana solodkin,Special Topics in Neuroscience 
NSC,4V90,004,2,28,1,,,,,,,,,,,,,,0,"Shareef, Safiullah M",,,,,,sms170009,safiullah shareef,Special Topics in Neuroscience 
OB,6248,CW1,,18,,,1,,,,,,,,,,,,2,"Hicks, Robert",,,,,,,robert hicks,
OB,6249,CW1,,31,,,3,,,,,,,,1,,,,3,"Norton, Larry",,,,,,,larry norton,
OB,6301,001,,43,,,8,,,1,,,,,3,,,7,1,"Hasenhuttl, Maria","Ladd, Teddy L",,,,,h1562,maria hasenhuttl,Organizational Behavior 
OB,6301,0W1,,46,,,6,,,1,,,,,,,,2,1,"Hasenhuttl, Maria","Ladd, Teddy L",,,,,h1562,maria hasenhuttl,Organizational Behavior 
OB,6301,501,,10,28,13,1,,1,,,,,,,,,11,0,"Hicks, Jeffrey N","Shen, Jia",,,,,jnh061000,jeffrey hicks,Organizational Behavior 
OB,6332,001,,12,1,1,,,,,,,,,,,,,1,"Ziegler, Laurie","Bhatia, Rishabh",,,,,ziegler,laurie ziegler,Negotiation and Dispute Resolution 
OB,6332,0W1,,22,,1,2,,,,,,,,,,,,0,"Ziegler, Laurie","Bhatia, Rishabh",,,,,ziegler,laurie ziegler,Negotiation and Dispute Resolution 
OB,6332,501,,23,2,2,1,,,,,,,,,,,,0,"Ziegler, Laurie","Bhatia, Rishabh",,,,,ziegler,laurie ziegler,Negotiation and Dispute Resolution 
OB,6338,CH1,,4,,5,,,,2,,,,,,,,,0,"Rentschler, Margaret F","Rofsky, Neil M",,,,,,margaret rentschler,
OB,6339,XS1,,14,16,1,,1,,,,,,,,,,1,0,"Bolton, Gary",,,,,,gxb122130,gary bolton,
OB,6342,CW2,,23,7,3,2,,,,,,,,,,,,1,"Norton, Larry",,,,,,,larry norton,
OB,6346,CW4,,31,5,4,4,1,2,,,,,,2,,,,0,"Latham, Van M",,,,,,,van latham,
OB,6350,CW1,,15,3,,1,,,,,,,,,,,,2,"Hicks, Robert",,,,,,,robert hicks,
OB,6351,CW1,,23,7,,3,,,1,,,,,1,,,,3,"Norton, Larry",,,,,,,larry norton,
OBHR,3310,001,1,8,9,5,9,7,6,1,1,,,,,7,1,,0,"Jun, Sora","Song, You-Xiang",,,,,sxj177030,,Organizational Behavior 
OBHR,3310,002,2,7,13,9,10,3,2,5,1,1,,1,1,4,,,1,"Jun, Sora","Song, You-Xiang",,,,,sxj177030,,Organizational Behavior 
OBHR,3310,003,15,18,7,5,3,2,,2,1,,,,,4,,,0,"Ritchey, David B",,,,,,davidr,david ritchey,Organizational Behavior 
OBHR,3310,004,27,15,10,2,2,,,,,,,,,3,,,0,"Ritchey, David B",,,,,,davidr,david ritchey,Organizational Behavior 
OBHR,3310,005,24,5,8,3,2,3,,1,,1,,1,2,2,,,1,"Guo, Nan",,,,,,nxg170006,nan guo,Organizational Behavior 
OBHR,3310,501,1,10,5,6,4,3,3,2,,1,1,1,2,4,1,,1,"Jun, Sora","Song, You-Xiang",,,,,sxj177030,,Organizational Behavior 
OBHR,3310,HON,,48,6,1,,,,,,,,,1,3,,,0,"Hazzard, Charles F","Morye, Pushkar Sushil",,,,,cxh056000,charles hazzard,Organizational Behavior 
OBHR,3330,001,3,29,9,4,5,4,1,,1,1,1,,,1,,,1,"Meda, Edward","Boncoeur, Olivier D",,,,,exm150330,edward meda,Introduction to Human Resource Management 
OBHR,3330,002,7,4,4,4,6,4,,5,,,,,2,8,,,5,"Takeuchi, Riki","Song, You-Xiang",,,,,rxt173730,riki takeuchi,Introduction to Human Resource Management 
OBHR,3330,003,5,34,14,4,,,,1,,,,,,1,1,,0,"Meda, Edward","Boncoeur, Olivier D",,,,,exm150330,edward meda,Introduction to Human Resource Management 
OBHR,3330,004,20,18,12,1,2,,,1,,,,,,6,,,0,"Ritchey, David B",,,,,,davidr,david ritchey,Introduction to Human Resource Management 
OBHR,3330,005,16,23,12,1,5,1,,1,,,,,,,,,0,"Ritchey, David B",,,,,,davidr,david ritchey,Introduction to Human Resource Management 
OBHR,3330,006,1,3,14,14,10,4,1,3,2,,,,1,5,,,2,"Weekley, Jeff A","Oruganti, Madhu Geetika",,,,,jaw160330,jeff weekley,Introduction to Human Resource Management 
OBHR,3330,007,2,4,14,5,3,3,,1,,,,,,2,,,1,"Takeuchi, Riki","Song, You-Xiang",,,,,rxt173730,riki takeuchi,Introduction to Human Resource Management 
OBHR,3330,008,3,6,9,7,10,5,4,2,2,1,,,2,5,1,,2,"Weekley, Jeff A","Oruganti, Madhu Geetika",,,,,jaw160330,jeff weekley,Introduction to Human Resource Management 
OBHR,3330,0W1,1,26,10,6,1,1,,,1,,,,2,2,,,0,"Meda, Edward","Boncoeur, Olivier D",,,,,exm150330,edward meda,Introduction to Human Resource Management 
OBHR,3330,501,1,32,13,5,2,1,1,,1,,,,,3,,,0,"Meda, Edward","Boncoeur, Olivier D",,,,,exm150330,edward meda,Introduction to Human Resource Management 
OBHR,4310,001,8,5,6,4,2,1,1,,,,1,1,2,2,1,,3,"Kaplan, Marilyn R",,,,,,mkaplan,marilyn kaplan,Business Ethics 
OBHR,4331,501,8,7,13,2,4,5,1,,1,,,,1,,,,0,"Vidal-Brown, Sherry",,,,,,sxv200106,,Compensation and Benefits Administration 
OBHR,4333,501,21,8,7,3,5,3,,,1,,,,1,,,,2,"Ritchey, David B",,,,,,davidr,david ritchey,Performance Management 
OBHR,4350,001,1,4,3,2,1,2,1,,,,,,1,2,,,1,"Hicks, Jeffrey N","Shen, Jia",,,,,jnh061000,jeffrey hicks,Introduction to Leading and Managing 
OBHR,4352,001,2,5,9,2,6,2,3,2,1,,,,3,8,,,2,"Ritchey, Kemberly A",,,,,,kar014400,kemberly ritchey,Negotiation and Dispute Resolution 
OBHR,4352,002,3,11,8,4,6,2,4,,1,,,1,1,4,,,0,"Ritchey, Kemberly A",,,,,,kar014400,kemberly ritchey,Negotiation and Dispute Resolution 
OBHR,4354,001,19,14,4,4,1,3,1,2,,,,,,1,,,0,"Meda, Edward","Boncoeur, Olivier D",,,,,exm150330,edward meda,Leading Organizational Change 
OBHR,4395,001,,4,5,4,2,,,,,,,,,,,,0,"Weekley, Jeff A","Oruganti, Madhu Geetika",,,,,jaw160330,jeff weekley,Capstone Senior Project - Human Resource Management 
OPRE,3310,001,8,13,3,18,7,3,1,1,,,,,,14,,,1,"Kim, Joohyun",,,,,,jxk161630,joohyun kim,Operations Management 
OPRE,3310,002,7,20,,6,16,,2,4,,,,,1,11,1,,1,"Mozik, Vince C","Foroughi Esfahani, Bita",,,,,vcm170130,vince mozik,Operations Management 
OPRE,3310,003,10,11,7,14,5,7,,,,,,,1,13,1,,1,"Venkataraman, Ashwin","Nirbhavane, Akshay B",,,,,axv190029,ashwin venkataraman,Operations Management 
OPRE,3310,004,7,7,4,7,6,6,2,2,1,,,,2,5,3,,5,"Armaghan, Milad",,,,,,mxa135230,armaghan milad,Operations Management 
OPRE,3310,005,6,19,1,8,16,4,,,1,,,,,14,,,0,"Qi, Anyan","Jain, Rajul",,,,,axq140430,anyan qi,Operations Management 
OPRE,3310,006,3,9,8,7,6,6,1,2,2,,,,2,19,1,,4,"Rios Uribe, Ignacio A","Nirbhavane, Akshay B",,,,,iar200000,ignacio rios uribe,Operations Management 
OPRE,3310,007,10,15,21,4,8,3,,2,,,,,,5,2,,0,"Parks, David","Jain, Rajul",,,,,dxp153830,david parks,Operations Management 
OPRE,3310,008,15,10,1,7,3,5,,,2,3,,,,19,,,5,"Gokcinar, Abdullah H",,,,,,axg169230,abdullah gokcinar,Operations Management 
OPRE,3310,009,2,7,11,7,9,3,2,,,,,,,3,,,5,"Vu, Duc D",,,,,,ddv110020,duc vu,Operations Management 
OPRE,3310,0W1,1,15,,1,6,,,6,,,,,,21,,,4,"Deluke, Eugene","Buggineni, Kranthi Teja",,,,,gxd052000,eugene deluke,Operations Management 
OPRE,3310,501,8,10,10,14,7,2,1,1,2,,1,,3,5,1,,5,"Venkataraman, Ashwin","Nirbhavane, Akshay B",,,,,axv190029,ashwin venkataraman,Operations Management 
OPRE,3320,001,1,2,2,5,3,4,,2,1,,3,,2,14,2,,3,"Fatehi, Soraya","Shah, Rishi A",,,,,sxf200005,soraya fatehi,Integrated Supply Chain Management 
OPRE,3330,001,,16,13,3,2,3,2,,1,,3,,,7,5,,2,"Janke, Scott M","Bansal, Aagosh",,,,,smj160830,scott janke,Project Management 
OPRE,3330,501,,12,3,5,2,2,1,,1,,,,5,3,2,,1,"Janke, Scott M","Bansal, Aagosh",,,,,smj160830,scott janke,Project Management 
OPRE,3333,001,10,21,6,4,11,7,3,2,1,1,,,,17,1,,1,"Enayaty Ahangar, Negin","Farzaneh, Mohammad Amin",,,,,nxe180001,negin enayaty ahangar,Quantitative Business Analysis 
OPRE,3333,002,16,12,9,6,6,6,1,3,,,,,,20,1,,4,"Ahadi, Khatereh","Zhang, Minmin","Buggineni, Kranthi Teja",,,,kxa180010,khatereh ahadi,Quantitative Business Analysis 
OPRE,3333,003,19,11,11,3,7,3,2,3,,,,,2,20,1,,3,"Ahadi, Khatereh","Buggineni, Kranthi Teja",,,,,kxa180010,khatereh ahadi,Quantitative Business Analysis 
OPRE,3333,004,5,13,6,7,11,5,4,3,2,,,,,20,1,,2,"Enayaty Ahangar, Negin","Farzaneh, Mohammad Amin",,,,,nxe180001,negin enayaty ahangar,Quantitative Business Analysis 
OPRE,3333,0W1,22,22,15,2,6,2,,2,1,,,,1,7,,,0,"Alimirzaei, Athena","Celik, Beyza",,,,,axa134231,athena alimirzaei,Quantitative Business Analysis 
OPRE,3360,001,4,14,6,4,5,6,7,3,5,,,,2,13,,,1,"Enayaty Ahangar, Negin","Farzaneh, Mohammad Amin",,,,,nxe180001,negin enayaty ahangar,Managerial Methods in Decision Making Under Uncertainty 
OPRE,3360,002,6,14,4,3,8,2,2,2,2,1,,,2,18,2,,4,"Enayaty Ahangar, Negin","Farzaneh, Mohammad Amin",,,,,nxe180001,negin enayaty ahangar,Managerial Methods in Decision Making Under Uncertainty 
OPRE,3360,003,10,13,7,5,9,3,1,1,2,,2,,,12,3,,2,"Farajbakhsh Mamaghani, Fariba",,,,,,fxf150430,fariba mamaghani,Managerial Methods in Decision Making Under Uncertainty 
OPRE,3360,004,1,12,4,7,4,3,2,1,1,,1,,1,22,6,,5,"Simsek, Ahmet S","Sul, Inki",,,,,axs158032,ahmet simsek,Managerial Methods in Decision Making Under Uncertainty 
OPRE,3360,005,17,2,7,5,10,3,,7,,,,,,11,1,,6,"Ahadi, Khatereh","Zhang, Minmin",,,,,kxa180010,khatereh ahadi,Managerial Methods in Decision Making Under Uncertainty 
OPRE,3360,006,12,11,4,3,4,5,1,11,,,,,,16,,,3,"Ahadi, Khatereh","Zhang, Minmin",,,,,kxa180010,khatereh ahadi,Managerial Methods in Decision Making Under Uncertainty 
OPRE,3360,007,7,5,17,12,3,5,4,1,1,,1,,4,5,2,,3,"Shi, Lingling",,,,,,lxs171930,,Managerial Methods in Decision Making Under Uncertainty 
OPRE,3360,0W1,4,13,15,10,6,5,,1,1,,,,2,12,1,,0,"Brussolo, Monica E","Kattula, Karthik Mahanth",,,,,meb049000,monica brussolo,Managerial Methods in Decision Making Under Uncertainty 
OPRE,3360,501,9,16,7,9,8,5,4,3,1,,,,,4,2,,1,"Kucukgul, Can",,,,,,cxk151030,can kucukgul,Managerial Methods in Decision Making Under Uncertainty 
OPRE,3360,502,2,7,2,7,12,10,4,2,5,,2,1,3,8,2,,3,"Simsek, Ahmet S","Sul, Inki",,,,,axs158032,ahmet simsek,Managerial Methods in Decision Making Under Uncertainty 
OPRE,4310,001,,7,8,1,6,7,2,3,3,2,1,,2,16,1,,1,"Ramanathan, Kannan","Nallur Srinivasan, Badri Naarayanan",,,,,kxr087000,kannan ramanathan,Lean and Six Sigma Processes 
OPRE,4320,001,1,1,3,4,8,1,,,2,,,,1,6,,,0,"Subramoniam, Ramesh","Krishnan, Raghavi",,,,,rxs179630,ramesh subramoniam,Integrated SCM Information Systems 
OPRE,4330,501,18,13,5,1,2,,,,,,,,1,1,,,0,"Widdifield, David S","Donihakkalu Venkatesh Murthy, Sujith Subrahmanya",,,,,dsw180001,david widdifield,Global Logistics and Inventory Management 
OPRE,4340,001,6,12,10,5,2,1,,,1,,,,1,2,,,0,"Widdifield, David S","Donihakkalu Venkatesh Murthy, Sujith Subrahmanya",,,,,dsw180001,david widdifield,Purchasing  Sourcing  and Contract Management 
OPRE,4350,001,1,3,1,1,1,1,1,2,2,,,1,1,2,2,,8,"Wang, Shouqiang","Foroughi Esfahani, Bita","Mozik, Vince C",,,,sxw163830,shouqiang wang,Spreadsheet Modeling and Analytics 
OPRE,4395,001,,19,,,,,,,,,,,,,,,0,"Parks, David","Jain, Rajul",,,,,dxp153830,david parks,Capstone Senior Project - Supply Chain Management 
OPRE,6301,001,,9,5,3,3,2,1,,,,,,2,,,9,1,"Toptal, Aysegul","Khan, Bilal M",,,,,axt083100,aysegul toptal,Statistics and Data Analysis 
OPRE,6301,002,,4,9,2,5,2,,,,,,,3,,,4,3,"Toptal, Aysegul","Khan, Bilal M",,,,,axt083100,aysegul toptal,Statistics and Data Analysis 
OPRE,6301,003,,6,8,3,5,1,1,1,,,,,2,,,4,2,"Toptal, Aysegul","Khan, Bilal M",,,,,axt083100,aysegul toptal,Statistics and Data Analysis 
OPRE,6301,004,,8,3,1,,2,,,,,,,4,,,5,1,"Toptal, Aysegul","Khan, Bilal M",,,,,axt083100,aysegul toptal,Statistics and Data Analysis 
OPRE,6301,005,,13,11,3,2,3,,1,,,,,2,,,14,0,"Leach, Sonia E","Bu, Like",,,,,sel120030,sonia leach,Statistics and Data Analysis 
OPRE,6301,006,,33,1,10,6,,,1,,,,,3,,,13,1,"Sethi, Awanti",,,,,,asethi,awanti sethi,Statistics and Data Analysis 
OPRE,6301,501,,7,9,7,5,5,,,,,,,6,,,10,1,"Leach, Sonia E","Bu, Like",,,,,sel120030,sonia leach,Statistics and Data Analysis 
OPRE,6301,GW1,,13,5,6,,2,,2,,,,,1,,,3,2,"Bush, Rhonda L",,,,,,,rhonda bush,
OPRE,6301,GW2,,11,7,6,2,3,,,,,,,,,,,1,"Brussolo, Monica E",,,,,,meb049000,monica brussolo,
OPRE,6302,001,,8,4,8,,,,1,,,,,,,,1,2,"Wang, Guihua","Rasulov, Toghrul",,,,,gxw130630,guihua wang,Operations Management 
OPRE,6302,002,,11,1,9,3,,,,,,,,,,,1,0,"Wang, Guihua","Rasulov, Toghrul",,,,,gxw130630,guihua wang,Operations Management 
OPRE,6302,0W1,,15,12,9,3,2,,,,,,,,,,7,2,"Dawande, Milind","Manchiraju, Chandrasekhar Seetharama",,,,,milind,milind dawande,Operations Management 
OPRE,6302,501,,9,15,10,3,1,1,,,,,,1,,,15,0,"Rajamani, Divakar","Mobini Dehkordi, Zahra",,,,,dxr020100,divakar rajamani,Operations Management 
OPRE,6302,CW1,,8,10,4,,,,,,,,,,,,,0,"Hassanzadeh, Nozar",,,,,,nozarh,nozar hassanzadeh,
OPRE,6302,MBC,,29,13,3,1,,,,,,,,,,,9,1,"Honhon, Dorothee B","Mobini Dehkordi, Zahra",,,,,dbh130130,dorothee honhon,
OPRE,6302,XS1,,8,16,1,,,,,,,,,,,,4,0,"Hassanzadeh, Nozar",,,,,,nozarh,nozar hassanzadeh,
OPRE,6303,0W1,,14,1,3,3,,,,,,,,1,,,3,1,"Sethi, Awanti",,,,,,asethi,awanti sethi,Quantitative Foundations of Business 
OPRE,6304,501,,9,7,9,,,,,,,,,,,,18,3,"Simsek, Ahmet S","Sul, Inki",,,,,axs158032,ahmet simsek,Operations Analytics 
OPRE,6325,501,,9,1,1,1,,,,,,,,1,,,,0,"Stephens, Timothy G","Shah, Rishi A",,,,,tgs170130,timothy stephens,Healthcare Operations Management 
OPRE,6332,0W1,,31,14,10,,1,1,1,,,,,3,,,4,0,"Ramanathan, Kannan","Nallur Srinivasan, Badri Naarayanan",,,,,kxr087000,kannan ramanathan,Spreadsheet Modeling and Analytics 
OPRE,6332,501,,59,6,3,1,1,,,,,,,1,,,5,0,"Ramanathan, Kannan","Nallur Srinivasan, Badri Naarayanan",,,,,kxr087000,kannan ramanathan,Spreadsheet Modeling and Analytics 
OPRE,6341,501,,19,1,1,,1,,,,,,,1,,,,1,"Honhon, Dorothee B",,,,,,dbh130130,dorothee honhon,Retail Operations 
OPRE,6355,001,,7,9,,,,,,,,,,,,,,0,"Bolton, Gary","Katok, Elena M",,,,,gxb122130,gary bolton,Deal Making Strategies 
OPRE,6359,0W1,,4,,2,1,1,,,,,,,,,,4,0,"Brussolo, Monica E","Kattula, Karthik Mahanth",,,,,meb049000,monica brussolo,Advanced Statistics for Data Science 
OPRE,6359,501,,2,2,,,1,,,,,,,,,,5,1,"Ramezani, Rasoul","Kattula, Karthik Mahanth",,,,,rxr145930,rasoul ramezani,Advanced Statistics for Data Science 
OPRE,6362,0W1,,6,10,3,,,,,,,,,,,,1,0,"Alborz, Shawn",,,,,,sxa063000,shawn alborz,Project Management in Engineering and Operations 
OPRE,6362,501,,22,10,,,,,,,,,,,,,4,0,"Janke, Scott M","Jain, Rajul",,,,,smj160830,scott janke,Project Management in Engineering and Operations 
OPRE,6364,001,,16,13,5,3,1,1,,,,,,1,,,,1,"Ramanathan, Kannan",,,,,,kxr087000,kannan ramanathan,Lean Six Sigma 
OPRE,6366,0W1,,2,5,2,3,,,,,,,,,,,2,2,"Cakanyildirim, Metin","Shetty, Pratik Kishore",,,,,metin,metin cakanyildirim,Global Supply Chain Management 
OPRE,6366,501,,8,,2,1,,1,2,,,,,,,,5,0,"Leach, Sonia E","Bu, Like",,,,,sel120030,sonia leach,Global Supply Chain Management 
OPRE,6367,001,,39,,,,,,,,,,,,,,,0,"Parks, David","Bansal, Aagosh",,,,,dxp153830,david parks,Capstone Projects in Supply Chain Management 
OPRE,6369,501,,7,7,3,2,5,,,,,,,,,,2,0,"Subramoniam, Ramesh","Krishnan, Raghavi",,,,,rxs179630,ramesh subramoniam,Supply Chain Software with SAP 
OPRE,6370,0W1,,10,,2,2,3,,1,,,,,,,,2,1,"Frazelle, Andrew E","Rasulov, Toghrul",,,,,aef180002,andrew frazelle,Global Logistics and Transportation 
OPRE,6370,501,,18,2,2,4,,,,,,,,,,,,0,"Sabri, Ehap H","Krishnan, Raghavi",,,,,exs055000,ehap sabri,Global Logistics and Transportation 
OPRE,6371,0W1,,6,2,2,1,,,,,,,,1,,,3,1,"Katok, Elena M","Shetty, Pratik Kishore",,,,,emk120030,elena katok,Purchasing  Sourcing and Contract Management 
OPRE,6371,501,,7,4,2,1,,,,,,,,,,,3,1,"Katok, Elena M","Shetty, Pratik Kishore",,,,,emk120030,elena katok,Purchasing  Sourcing and Contract Management 
OPRE,6372,PS1,,7,3,1,,,,,,,,,,,,,0,"Szot, James","Rajamani, Divakar","Koganti, Ramakrishna","Thouin, Mark",,,,james szot,
OPRE,6372,PW1,,10,2,2,,,,,,,,,1,,,,0,"Szot, James","Rajamani, Divakar","Koganti, Ramakrishna","Thouin, Mark",,,,james szot,
OPRE,6373,PS1,,8,2,,,,,,,,,,,,,,0,"Szot, James","Slaikeu, Karl A","Thouin, Mark",,,,,james szot,
OPRE,6373,PW1,,9,1,,1,,,,,,,,,,,,0,"Szot, James","Slaikeu, Karl A","Thouin, Mark",,,,,james szot,
OPRE,6378,501,,52,8,1,1,,,,,,,,,,,,0,"Widdifield, David S","Donihakkalu Venkatesh Murthy, Sujith Subrahmanya",,,,,dsw180001,david widdifield,Supply Chain Strategy 
OPRE,6379,501,,6,4,4,2,,2,,,,,,1,,,,0,"Rajamani, Divakar","Mobini Dehkordi, Zahra",,,,,dxr020100,divakar rajamani,Product Lifecycle Management 
OPRE,7343,001,,9,6,6,3,,,,,,,,,,,1,0,"Venkataraman, Ashwin",,,,,,axv190029,ashwin venkataraman,Modern Machine Learning Methods 
OPRE,7351,001,,,,,,,,,,,,,,,,18,0,"Sethi, Suresh",,,,,,sethi,,Seminar in Operations Management 
PA,3310,001,4,6,1,1,1,,,,,,,,1,1,,,1,"McCaskill, John R","Egukawhore, Oghenekome",,,,,jrm094020,john mccaskill,Managing Government Organizations 
PA,3333,0W1,1,10,6,1,4,,,,,,,,1,,,,1,"Hoang, Thanh T",,,,,,tth180005,thanh hoang,Human Resources Management  Leading a Diverse Workforce 
PA,3378,001,,8,6,4,2,,,,,,,,,2,,,2,"Gorina, Evgenia",,,,,,exg131830,evgenia gorina,Public Finance and Economics 
PA,3380,0W1,,15,,,1,,,,,,,,1,,,,3,"Rabbi, Md. Fazle",,,,,,mxr163630,md fazle rabbi,Organizations  Theory and Behavior 
PA,4355,0W1,13,6,2,1,2,1,,,,,,2,2,2,,,2,"Upoma, Shahrin S",,,,,,ssu170230,shahrin upoma,Managing Nonprofit Organizations 
PA,4390,001,1,8,,1,1,1,,,,,,,,,,,0,"Kiel, Lowell D",,,,,,dkiel,,Capstone - Social Entrepreneurship  Leading Change 
PA,4396,0W1,1,2,2,,,2,1,,,,,,1,2,,,0,"Maxwell, Sarah P",,,,,,spm092000,sarah maxwell,Topics in Public Administration 
PA,6311,0W1,,16,,,,,,1,,,,,,,,,0,"McCaskill, John R",,,,,,jrm094020,john mccaskill,Public Management 
PA,6315,0W1,,33,5,2,1,1,,,,,,,,,,,1,"Harrington, James","Rafi, Ahmed",,,,,jxh134630,james harrington,Evaluating Program and Organizational Performance 
PA,6345,001,,47,,,2,,,2,,,,,,,,1,0,"Sabharwal, Meghna","Yoon, Youngseok",,,,,mxs095000,meghna sabharwal,Human Resources Management 
PA,6348,0W1,,12,,,,,,,,,,,,,,,0,"Benavides, Teodoro J",,,,,,tjb051000,teodoro benavides,Navigating the Public Service Workplace 
PA,6370,001,,8,2,,1,,,,,,,,,,,,0,"Battaglio, Randy P","McCaskill, John R",,,,,rpb071000,jr r paul battaglio,Project and Contract Management 
PA,6386,501,,10,,,1,,,1,,,,,,,,,0,"Sabharwal, Meghna","Yoon, Youngseok",,,,,mxs095000,meghna sabharwal,Diversity Management 
PA,6387,0W1,,9,1,,,,,,,,,,,,,,0,"Searing, Elizabeth",,,,,,exs200001,elizabeth searing,Strategic Planning for Nonprofit 
PA,6399,501,,17,,,,,,,,,,,,,,,0,"McCaskill, John R",,,,,,jrm094020,john mccaskill,Capstone in Public Affairs 
PA,7314,501,,10,,,,,,,,,,,,,,,0,"McCaskill, John R",,,,,,jrm094020,john mccaskill,Advanced Policy Process  Implementation and Evaluation 
PA,7350,501,,12,,,,,,,,,,,,,,,0,"Battaglio, Randy P","Kiel, Lowell D",,,,,rpb071000,jr r paul battaglio,Advanced Organizational Theory and Behavior 
PA,7360,501,,5,7,,2,,,,,,,,,,,,0,"Gorina, Evgenia",,,,,,exg131830,evgenia gorina,Advanced Fiscal and Budgetary Policy 
PHIL,1301,0W1,,116,,3,40,,6,13,,,5,,8,31,8,,7,"Amato, Lawrence A",,,,,,laa062000,lawrence amato,Introduction to Philosophy 
PHIL,1305,0W1,5,25,,,7,,,4,,,,,1,6,1,,0,"Amato, Lawrence A",,,,,,laa062000,lawrence amato,Introduction to Philosophy of Religion 
PHIL,1306,001,,29,9,11,24,14,8,12,12,2,2,,14,11,14,,12,"Davies, Katherine","Bensinger, Justin F","Armentrout, Kenneth C","Enyaosah, Damian P",,,kxd180013,,Introduction to Ethics 
PHIL,2303,501,7,3,,6,2,,3,5,,2,2,,5,6,1,,6,"Escalante, Elizabeth R",,,,,,exe121230,elizabeth escalante,Introduction to Logic 
PHIL,2317,0W1,2,9,,6,13,,,4,,,1,,3,4,2,,2,"Amato, Lawrence A",,,,,,laa062000,lawrence amato,History of Philosophy II 
PHIL,3309,501,24,17,,,3,,1,,,,,,1,1,,,2,"Amato, Lawrence A",,,,,,laa062000,lawrence amato,Philosophy of Technology 
PHIL,3324,001,1,3,2,5,3,2,,2,,1,,,2,3,,,2,"Brown, Matthew",,,,,,mxb091000,matthew brown,19th and 20th Century Philosophy 
PHIL,3328,001,2,5,1,1,,,,,,1,1,,1,2,1,,3,"Brown, Matthew",,,,,,mxb091000,matthew brown,History and Philosophy of Science and Medicine 
PHIL,4333,003,,9,1,1,1,1,,,,,,,1,,,,0,"Davies, Katherine",,,,,,kxd180013,,Feminist Philosophy 
PHIL,6325,003,,7,1,,,,,1,,,,,,,,,1,"Davies, Katherine",,,,,,kxd180013,,Feminist and Queer Theory 
PHYS,1301,001,14,63,30,26,16,6,4,4,4,2,,1,3,12,3,,11,"Khan, Amena","Chinthak Murali, .",,,,,axk140130,amena khan,College Physics I 
PHYS,1301,002,5,9,19,10,7,3,5,8,2,1,,,3,4,3,,20,"Du, Shengwang","Zhang, Xurui",,,,,sxd200057,shengwang du,College Physics I 
PHYS,1302,001,23,33,15,18,12,9,9,10,8,2,8,3,2,16,11,,10,"Sun, Kuei","Mahmud, Mohammad M",,,,,kxs147030,kuei sun,College Physics II 
PHYS,1302,002,69,20,17,11,7,6,2,,1,1,,1,2,2,2,,1,"Saleh, Lamya","Waczak, John",,,,,lxs190019,lamya saleh,College Physics II 
PHYS,2125,101,5,16,2,3,,,1,,,,,,1,,2,,0,"Sun, Kuei","Khan, Amena","Zanders, Alan P",,,,kxs147030,kuei sun,Physics Laboratory I 
PHYS,2125,102,1,20,2,3,1,,,,,,,,,1,,,2,"Sun, Kuei","Khan, Amena","Zanders, Alan P",,,,kxs147030,kuei sun,Physics Laboratory I 
PHYS,2125,103,3,19,,1,2,1,,,,,1,1,1,,1,,0,"Sun, Kuei","Khan, Amena","Blangy, Corinne L",,,,kxs147030,kuei sun,Physics Laboratory I 
PHYS,2125,104,3,17,3,,1,1,1,,,,,,1,1,,,2,"Sun, Kuei","Khan, Amena","Blangy, Corinne L",,,,kxs147030,kuei sun,Physics Laboratory I 
PHYS,2125,105,4,17,1,1,,,,,,,,,2,1,,,2,"Sun, Kuei","Khan, Amena","Azhiri, Reza B",,,,kxs147030,kuei sun,Physics Laboratory I 
PHYS,2125,106,2,20,3,1,,,,,,,,,,,,,4,"Sun, Kuei","Khan, Amena","Azhiri, Reza B",,,,kxs147030,kuei sun,Physics Laboratory I 
PHYS,2125,107,2,19,2,1,,1,,2,,,,,1,1,1,,0,"Sun, Kuei","Khan, Amena","Bangar, Esha",,,,kxs147030,kuei sun,Physics Laboratory I 
PHYS,2125,108,5,19,1,1,1,,,,,,,1,,1,,,1,"Sun, Kuei","Khan, Amena","Bangar, Esha",,,,kxs147030,kuei sun,Physics Laboratory I 
PHYS,2125,109,1,19,2,2,2,,,1,,,,,1,2,,,0,"Sun, Kuei","Khan, Amena","Su, Guannan",,,,kxs147030,kuei sun,Physics Laboratory I 
PHYS,2125,110,6,15,3,2,1,,,,1,,,,,,,,2,"Sun, Kuei","Khan, Amena","Su, Guannan",,,,kxs147030,kuei sun,Physics Laboratory I 
PHYS,2125,111,2,23,1,1,1,,,1,,,,,1,,,,0,"Sun, Kuei","Khan, Amena","Dhale, Nikhil Uday",,,,kxs147030,kuei sun,Physics Laboratory I 
PHYS,2125,112,4,20,2,,,,,,,,,1,,1,,,1,"Sun, Kuei","Khan, Amena","Dhale, Nikhil Uday",,,,kxs147030,kuei sun,Physics Laboratory I 
PHYS,2125,113,2,21,2,2,1,2,,,,,,,,,,,0,"Sun, Kuei","Khan, Amena","Iqbal, Mazhar",,,,kxs147030,kuei sun,Physics Laboratory I 
PHYS,2125,114,4,22,,1,,,,,,,,,1,,,,1,"Sun, Kuei","Khan, Amena","Iqbal, Mazhar",,,,kxs147030,kuei sun,Physics Laboratory I 
PHYS,2125,115,2,18,2,3,2,,2,1,,,,,,,,,0,"Sun, Kuei","Khan, Amena","Kondusamy, Aswin Lakshmi Narayanan",,,,kxs147030,kuei sun,Physics Laboratory I 
PHYS,2125,116,4,16,3,2,2,,,,,,,,,1,,,2,"Sun, Kuei","Khan, Amena","Kondusamy, Aswin Lakshmi Narayanan",,,,kxs147030,kuei sun,Physics Laboratory I 
PHYS,2125,117,5,20,,,,1,,1,,,,,2,,,,1,"Sun, Kuei","Khan, Amena","Lai, Xuanying",,,,kxs147030,kuei sun,Physics Laboratory I 
PHYS,2125,118,1,26,1,,,,,,,,,,,,,,2,"Sun, Kuei","Khan, Amena","Lai, Xuanying",,,,kxs147030,kuei sun,Physics Laboratory I 
PHYS,2125,119,2,20,1,2,,1,1,,,1,,,,1,,,0,"Sun, Kuei","Khan, Amena","Balagopal, Gokul",,,,kxs147030,kuei sun,Physics Laboratory I 
PHYS,2125,120,5,15,2,3,2,,,,,,,,1,1,,,1,"Sun, Kuei","Khan, Amena","Balagopal, Gokul",,,,kxs147030,kuei sun,Physics Laboratory I 
PHYS,2125,121,4,10,6,1,3,1,,,,,,2,2,,,,2,"Sun, Kuei","Khan, Amena","Mitchell, George A",,,,kxs147030,kuei sun,Physics Laboratory I 
PHYS,2125,122,2,12,4,1,1,1,,,1,,,1,2,1,,,4,"Sun, Kuei","Khan, Amena","Mitchell, George A",,,,kxs147030,kuei sun,Physics Laboratory I 
PHYS,2125,123,4,20,3,,,1,,,,,1,,1,,,,0,"Sun, Kuei","Khan, Amena","Singh, Devesh",,,,kxs147030,kuei sun,Physics Laboratory I 
PHYS,2125,124,3,19,3,1,,1,1,,,,,,1,,1,,0,"Sun, Kuei","Khan, Amena","Singh, Devesh",,,,kxs147030,kuei sun,Physics Laboratory I 
PHYS,2125,125,2,19,,1,1,2,,1,,,,,1,,1,,2,"Sun, Kuei","Khan, Amena","Pan, Rui",,,,kxs147030,kuei sun,Physics Laboratory I 
PHYS,2125,126,4,12,2,1,,,2,,,,,1,1,1,2,,4,"Khan, Amena","Sun, Kuei","Pan, Rui",,,,axk140130,amena khan,Physics Laboratory I 
PHYS,2125,127,3,13,2,4,1,,3,,,,,1,1,,,,2,"Khan, Amena","Sun, Kuei","Mulhern, James O",,,,axk140130,amena khan,Physics Laboratory I 
PHYS,2125,1W1,4,14,3,2,1,,,1,,,,,,,1,,4,"Sun, Kuei","Khan, Amena","Mulhern, James O",,,,kxs147030,kuei sun,Physics Laboratory I 
PHYS,2125,1W2,2,19,1,,1,,,1,,1,,,2,,1,,2,"Sun, Kuei","Khan, Amena","Qin, Zhiyang",,,,kxs147030,kuei sun,Physics Laboratory I 
PHYS,2125,1W3,4,20,2,1,,,,,,,,1,1,1,,,0,"Sun, Kuei","Khan, Amena","Qin, Zhiyang",,,,kxs147030,kuei sun,Physics Laboratory I 
PHYS,2125,1W4,3,12,2,4,,1,,,1,,,,2,,3,,2,"Sun, Kuei","Khan, Amena",Tamanjyot,,,,kxs147030,kuei sun,Physics Laboratory I 
PHYS,2125,1W5,5,14,4,1,,,,,,,,1,3,,,,2,"Sun, Kuei","Khan, Amena",Tamanjyot,,,,kxs147030,kuei sun,Physics Laboratory I 
PHYS,2125,1W6,3,18,,,1,1,,,1,,,,1,1,1,,3,"Sun, Kuei","Khan, Amena","Du, Mengxin",,,,kxs147030,kuei sun,Physics Laboratory I 
PHYS,2125,1W7,3,13,2,1,2,,1,,,1,,2,2,,,,2,"Sun, Kuei","Khan, Amena","Du, Mengxin",,,,kxs147030,kuei sun,Physics Laboratory I 
PHYS,2125,1W9,1,19,2,,1,1,,,,,,2,1,,1,,2,"Sun, Kuei","Khan, Amena","Sharon Felix, .",,,,kxs147030,kuei sun,Physics Laboratory I 
PHYS,2125,602,5,15,2,1,1,2,,,1,,,,1,,,,2,"Khan, Amena","Sun, Kuei","Sharon Felix, .",,,,axk140130,amena khan,Physics Laboratory I 
PHYS,2125,603,6,18,,2,,,1,,,,,1,1,,,,1,"Khan, Amena","Sun, Kuei","Mishra, Aditya K",,,,axk140130,amena khan,Physics Laboratory I 
PHYS,2125,6W1,,17,2,2,1,,,,1,,,1,1,,,,4,"Sun, Kuei","Khan, Amena","Mishra, Aditya K",,,,kxs147030,kuei sun,Physics Laboratory I 
PHYS,2125,6W3,3,16,1,,2,,,,,,1,,5,,,,2,"Sun, Kuei","Khan, Amena","Fernando, Bharana A",,,,kxs147030,kuei sun,Physics Laboratory I 
PHYS,2125,6W5,3,11,3,3,,,,1,2,,,,5,,1,,2,"Sun, Kuei","Khan, Amena","Fernando, Bharana A",,,,kxs147030,kuei sun,Physics Laboratory I 
PHYS,2125,6W6,3,14,2,1,,3,,,,,,,5,,1,,2,"Sun, Kuei","Khan, Amena","Ali, Saif",,,,kxs147030,kuei sun,Physics Laboratory I 
PHYS,2125,6W7,3,13,,,,1,1,,1,2,,1,1,1,1,,5,"Sun, Kuei","Khan, Amena","Ali, Saif",,,,kxs147030,kuei sun,Physics Laboratory I 
PHYS,2125,6W8,3,14,6,,,1,1,2,,1,,,1,,,,1,"Sun, Kuei","Khan, Amena","Mahmud, Mohammad M",,,,kxs147030,kuei sun,Physics Laboratory I 
PHYS,2125,6W9,3,20,2,1,1,2,,,,,,,,,,,0,"Sun, Kuei","Khan, Amena","Javed, Umar",,,,kxs147030,kuei sun,Physics Laboratory I 
PHYS,2126,101,18,4,3,1,2,,,1,,1,,,2,,,,1,"Macalevey, Paul J","Saleh, Lamya","Adams, Austen C",,,,paulmac,paul macalevey,Physics Laboratory II 
PHYS,2126,102,14,7,4,2,3,,,2,,,,,,,,,1,"Macalevey, Paul J","Saleh, Lamya","Anable, Daniel",,,,paulmac,paul macalevey,Physics Laboratory II 
PHYS,2126,103,9,11,5,2,1,,,,,,,,,1,,,4,"Macalevey, Paul J","Saleh, Lamya","Dey, Soumyajit",,,,paulmac,paul macalevey,Physics Laboratory II 
PHYS,2126,104,3,13,4,4,4,1,1,,,,,,,1,2,,0,"Macalevey, Paul J","Saleh, Lamya","Kakani, Vivek M",,,,paulmac,paul macalevey,Physics Laboratory II 
PHYS,2126,105,15,7,1,,1,3,1,,,,,,1,,2,,1,"Macalevey, Paul J","Saleh, Lamya","Koirala, Pawan",,,,paulmac,paul macalevey,Physics Laboratory II 
PHYS,2126,106,10,10,6,1,2,,,,,,,,1,,,,3,"Macalevey, Paul J","Saleh, Lamya","Modumudi, Sai Madhav",,,,paulmac,paul macalevey,Physics Laboratory II 
PHYS,2126,107,12,9,4,3,,,,1,,1,,,,1,1,,0,"Macalevey, Paul J","Saleh, Lamya","Phillips, Madelyn F",,,,paulmac,paul macalevey,Physics Laboratory II 
PHYS,2126,108,20,8,2,2,,,,,,,,,,,,,1,"Macalevey, Paul J","Saleh, Lamya","Ruwali, Shisir",,,,paulmac,paul macalevey,Physics Laboratory II 
PHYS,2126,109,6,7,6,4,6,1,1,1,,,,,,,,,1,"Macalevey, Paul J","Saleh, Lamya","Ryan, Conor",,,,paulmac,paul macalevey,Physics Laboratory II 
PHYS,2126,110,2,8,8,5,6,1,,1,,,,,1,1,,,1,"Macalevey, Paul J","Saleh, Lamya","Schussler, Joshua A",,,,paulmac,paul macalevey,Physics Laboratory II 
PHYS,2126,111,,5,7,8,3,3,,,,1,,,1,2,,,2,"Macalevey, Paul J","Saleh, Lamya","Sooriyaarachchi, Vinu K",,,,paulmac,paul macalevey,Physics Laboratory II 
PHYS,2126,1W1,4,9,6,5,1,1,1,1,,1,,,,1,,,2,"Macalevey, Paul J","Saleh, Lamya","Thomas, Matthew J",,,,paulmac,paul macalevey,Physics Laboratory II 
PHYS,2126,1W2,17,3,1,4,,,,2,1,,,,,3,1,,1,"Macalevey, Paul J","Saleh, Lamya","Xie, Yunan",,,,paulmac,paul macalevey,Physics Laboratory II 
PHYS,2126,1W3,19,5,1,1,,1,1,2,,,1,,,,,,2,"Macalevey, Paul J","Saleh, Lamya","Adams, Austen C",,,,paulmac,paul macalevey,Physics Laboratory II 
PHYS,2126,1W4,6,5,6,1,3,1,1,,1,,,1,3,2,1,,2,"Macalevey, Paul J","Saleh, Lamya","Anable, Daniel",,,,paulmac,paul macalevey,Physics Laboratory II 
PHYS,2126,1W5,7,10,6,1,4,,,,,,,,2,1,1,,0,"Macalevey, Paul J","Saleh, Lamya","Dey, Soumyajit",,,,paulmac,paul macalevey,Physics Laboratory II 
PHYS,2126,1W6,4,15,4,3,3,2,,,,,,,1,,1,,0,"Macalevey, Paul J","Saleh, Lamya","Kakani, Vivek M",,,,paulmac,paul macalevey,Physics Laboratory II 
PHYS,2126,1W7,15,6,4,3,,,,,1,,1,1,1,,1,,0,"Macalevey, Paul J","Saleh, Lamya","Koirala, Pawan",,,,paulmac,paul macalevey,Physics Laboratory II 
PHYS,2126,1W8,3,11,5,3,3,1,1,1,,,,,,2,2,,1,"Macalevey, Paul J","Saleh, Lamya","Sooriyaarachchi, Vinu K",,,,paulmac,paul macalevey,Physics Laboratory II 
PHYS,2126,1W9,7,9,6,1,3,3,,,1,,,,2,1,,,0,"Macalevey, Paul J","Saleh, Lamya","Phillips, Madelyn F",,,,paulmac,paul macalevey,Physics Laboratory II 
PHYS,2126,6W1,15,10,3,2,1,,,1,,,,,1,,,,0,"Macalevey, Paul J","Saleh, Lamya","Ruwali, Shisir",,,,paulmac,paul macalevey,Physics Laboratory II 
PHYS,2126,6W2,2,12,6,2,2,2,1,,1,,,,2,2,,,0,"Macalevey, Paul J","Saleh, Lamya","Ryan, Conor",,,,paulmac,paul macalevey,Physics Laboratory II 
PHYS,2126,6W3,1,18,4,2,2,,1,,,1,,,,,1,,2,"Macalevey, Paul J","Saleh, Lamya","Schussler, Joshua A",,,,paulmac,paul macalevey,Physics Laboratory II 
PHYS,2126,6W4,3,7,3,7,4,2,1,,1,,,,1,1,1,,1,"Macalevey, Paul J","Saleh, Lamya","Thomas, Matthew J",,,,paulmac,paul macalevey,Physics Laboratory II 
PHYS,2126,6W5,24,1,1,1,,1,2,,,,1,,2,,,,1,"Macalevey, Paul J","Saleh, Lamya","Xie, Yunan",,,,paulmac,paul macalevey,Physics Laboratory II 
PHYS,2303,001,1,1,1,2,,1,1,2,,1,,,1,2,,,2,"Saleh, Lamya","Zhang, Yichao",,,,,lxs190019,lamya saleh,Contemporary Physics 
PHYS,2325,001,5,31,32,24,22,13,7,10,,,2,,3,66,14,,21,"Kolodrubetz, Michael","Javed, Umar",,,,,mxk177330,michael kolodrubetz,Mechanics 
PHYS,2325,002,10,18,10,17,9,4,3,1,5,3,2,2,14,3,7,,20,"Shi, Xiaoyan","Zhang, Xurui",,,,,xxs151730,xiaoyan shi,Mechanics 
PHYS,2325,003,57,114,19,7,20,1,2,5,2,,1,,4,15,4,,5,"Slinker, Jason D","McMullen, Reema",,,,,jds107020,jason slinker,Mechanics 
PHYS,2325,004,20,11,7,11,15,7,5,5,3,3,2,,6,10,3,,7,"Zakhidov, Anvar A","Solanki, Rahulkumar",,,,,zakhidov,anvar zakhidov,Mechanics 
PHYS,2325,005,13,22,12,23,7,14,9,2,2,4,,,5,24,4,,5,"Chen, Lunjin","Solanki, Rahulkumar",,,,,lxc134330,lunjin chen,Mechanics 
PHYS,2325,006,21,20,20,12,13,11,5,4,9,3,2,2,4,19,4,,2,"Penev, Kaloyan","Romero, Angel E",,,,,kxp174430,kaloyan penev,Mechanics 
PHYS,2326,001,,68,,,37,,,5,,1,,,1,22,2,,7,"Stoneback, Russell A","Timms, Christopher I",,,,,rstoneba,,Electromagnetism and Waves 
PHYS,2326,002,3,55,11,16,17,14,,2,,,,,2,11,1,,1,"Lumata, Lloyd",,,,,,lxl143230,lloyd lumata,Electromagnetism and Waves 
PHYS,2326,501,,89,,,60,,,22,,,6,,6,38,8,,16,"Glosser, Robert","Pedersen, Eske M",,,,,glosser,robert glosser,Electromagnetism and Waves 
PHYS,2421,HN1,4,3,1,1,2,,,,,,,,,1,,,0,"Izen, Joseph",,,,,,joe,joseph izen,Honors Physics I - Mechanics and Heat 
PHYS,3312,001,4,6,2,3,3,,2,1,,,,,7,8,1,,8,"Kesden, Michael H","Zhang, Yichao",,,,,mhk130030,michael kesden,Classical Mechanics 
PHYS,3411,001,6,4,2,4,3,,,,,,,,2,1,2,,1,"Macalevey, Paul J","Aker, Adam",,,,,paulmac,paul macalevey,Theoretical Physics 
PHYS,3427,501,,24,,,8,,,1,,,,,3,4,,,3,"Velten, Josef A","Larsen, Cody",,,,,jav072000,josef velten,Electronics with Laboratory 
PHYS,4302,001,3,7,5,2,4,1,1,1,,1,,,2,2,1,,4,"Gartstein, Yuri","Marder, Andrew A",,,,,yxg037000,yuri gartstein,Quantum Mechanics II 
PHYS,4311,001,4,11,8,6,2,2,2,3,,,,,1,4,,,3,"Lv, Bing","Zheng, Yangzi",,,,,bxl152230,bing lv,Thermodynamics and Statistical Mechanics 
PHYS,4328,001,5,4,5,3,,,3,,2,,,,,3,,,1,"Malko, Anton V","Zhou, Xiaohe",,,,,avm074000,anton malko,Optics 
PHYS,4373,1H1,,14,,,,,,,,,,,,,,,0,"Sun, Kuei","Wettasinghe, Ashan P",,,,,kxs147030,kuei sun,Physical Measurements Laboratory 
PHYS,4392,001,10,10,7,1,3,,,,,,,,1,3,1,,2,"King, Lindsay J","Agashe, Anish N",,,,,lxk111430,lindsay king,Extragalactic Astrophysics 
PHYS,4V11,001,1,3,2,2,,1,,,,,1,,,,,,2,"Lee, Mark","Zheng, Yangzi",,,,,mxl101000,mark lee,Topics in Physics 
PHYS,5302,001,,4,6,3,2,1,,,,,,,,,,,0,"Macalevey, Paul J","Modumudi, Sai Madhav",,,,,paulmac,paul macalevey,Mathematical Methods of Physics II 
PHYS,5313,001,,6,11,4,,,,,,,,,,,,,0,"Zhang, Fan","Cheung, Patrick K",,,,,fxz140930,fan zhang,Statistical Physics 
PHYS,5320,001,,5,,,8,,,,,,,,2,,,,0,"Anderson, Phillip C",,,,,,pca015000,philip anderson,Electromagnetism I 
PHYS,5336,001,,10,2,,,,,,,,,,,,,,0,"Lary, David J","Waczak, John","Talebi, Shawhin",,,,djl101000,david lary,Big Data and Machine Learning for Scientific Discovery 
PHYS,5392,001,,8,3,2,,1,,2,,,,,,,,1,0,"Ishak-Boushaki, Mustapha","Agashe, Anish N",,,,,mxi054000,mustapha ishak boushaki,Relativity II 
PHYS,5V48,001,,6,4,,,,,,,,,,,,,,0,"Lee, Mark","Zheng, Yangzi",,,,,mxl101000,mark lee,Topics in Physics 
PHYS,5V48,002,,13,,,2,,,,,,,,,,,1,0,"Simmons, Christopher S","Mohapatra, Sasmita",,,,,css180002,christopher simmons,Topics in Physics 
PPOL,4302,001,2,3,2,2,,,,,,,,,,,,,1,"D'Orazio, Vito","Park, Kiwan",,,,,vxd152030,vito dorazio,Data and Policy 
PPOL,4312,0W1,15,28,4,10,1,1,2,3,1,,,,,2,,,2,"Boots, Denise P","Dzanie, Raphael K",,,,,dpb062000,denise boots,Death Penalty  the Law and Public Policy 
PPPE,6321,501,,5,7,5,,1,,,,,,,,,,,2,"Kim, Dohyeong",,,,,,dxk132530,dohyeong kim,Economics for Public Policy 
PPPE,6329,001,,13,2,1,,,,,,,,,,,,,0,"Scotch, Richard",,,,,,scotch,richard scotch,Ethics  Culture  and Public Policy 
PSCI,3301,001,2,4,6,4,4,3,,2,2,1,1,,4,4,1,,18,"Hadley, Travis",,,,,,txh180023,travis hadley,Political Theory 
PSCI,3301,HN1,2,12,1,,1,,,,,,,,1,1,1,,1,"Harpham, Edward",,,,,,harpham,edward harpham,Political Theory 
PSCI,3303,HH1,5,7,5,1,,,,,,,,,,,,,0,"Dow, Douglas C",,,,,,dougdow,douglas dow,Civil Liberties 
PSCI,3310,001,10,13,2,3,3,,,,,,,,1,,,,0,"McCaskill, John R","Egukawhore, Oghenekome",,,,,jrm094020,john mccaskill,Managing Government Organizations 
PSCI,3322,001,21,10,15,14,13,9,4,5,5,,6,,2,12,4,,7,"Miller, Banks","Medhi, Kashmiri","Khalid, Arslan",,,,bxm093000,banks miller,Constitutional Law 
PSCI,3328,0W1,,1,1,1,5,3,2,1,,,,,,8,,,3,"Diehl, Paul",,,,,,pxd153230,paul diehl,International Relations 
PSCI,3333,001,17,19,4,17,11,4,,,,1,,,3,,2,,11,"Stewart, Marianne","Oketch, Christine E",,,,,mstewart,marianne stewart,Political Behavior 
PSCI,3350,001,,12,10,10,11,6,3,5,2,,1,2,3,17,2,,5,"Lux, Ryan J","Shi, Min",,,,,rjl140330,ryan lux,Comparative Politics 
PSCI,3362,001,2,13,8,3,14,7,1,8,3,,4,2,5,7,4,,8,"Brunell, Thomas","Johnson, Sara K",,,,,tlb056000,thomas brunell,The American Political Institutions 
PSCI,4302,001,2,10,8,5,3,3,,1,1,,,,1,2,,,1,"D'Orazio, Vito","Park, Kiwan",,,,,vxd152030,vito dorazio,Data and Policy 
PSCI,4313,001,,11,11,1,1,2,2,2,,,1,,2,1,1,,3,"Ho, Karl",,,,,,kxh022100,karl ho,Politics of China 
PSCI,4326,001,,6,7,12,11,6,9,5,3,3,,,2,6,4,,1,"Lowry, Robert C","Maduforo, Kate E",,,,,rcl062000,robert lowry,Political Parties and Interest Groups 
PSCI,4343,001,11,27,12,1,5,3,1,4,,,,1,2,2,3,,3,"Gray, Thomas","Gutierrez Mannix, Carlos Daniel",,,,,txg171430,thomas gray,Congress and Public Policy 
PSCI,4356,001,,7,9,5,15,2,1,1,,,,,1,9,1,,1,"Peinhardt, Clint W","Akarte, Prajakti V",,,,,cwp052000,clint peinhardt,International Political Economy 
PSCI,4364,001,28,6,4,1,,,,,,,,,1,,,,5,"Modjarrad, Shahin S",,,,,,ssm140230,shahin modjarrad,Civil Rights Law and Society 
PSCI,4370,HN1,,41,6,1,,,,,,,,,,,,,0,"Chin, Michelle L","Harpham, Edward","Henry-Spires, Diedra","Kane, John","Ramanathan, Subhasri","Shipp, Rebecca",mlc140530,,Policy Making Process 
PSCI,4372,HN1,,48,,,,,,,,,,,,,,,0,"Daly, John A","Chin, Michelle L",,,,,jad105020,,Advocacy and Politics 
PSCI,4373,HN1,,48,,,,,,,,,,,,,,,0,"Swerdlow, Joel L","Chin, Michelle L","Conrado, Aaron R","Mbyirukira, Shema","Shafqat, Sahar",,jls059000,,Politics of National Memory 
PSCI,4396,HN1,4,12,1,,,,,,,,,,,1,,,1,"Roetzel, Natalie J",,,,,,njr120030,,Selected Topics in Government and Politics 
PSCI,4V66,501,9,10,,,,,,,,,,,,,,,0,"Seagroves, Tony A",,,,,,tas064000,tony seagroves,Mock Trial 
PSCI,4V67,HN1,12,,,,,,,,,,,,,,,,0,"Kirby, Barbara E",,,,,,bek018000,barbara kirby,Moot Court 
PSCI,6306,501,,13,5,,,1,,,,,,,1,,,,1,"Cordell, Rebecca",,,,,,rxc190010,rebecca cordell,Human Rights and International Law 
PSCI,6309,001,,6,6,4,2,1,,,,,,,,,,1,0,"Peinhardt, Clint W",,,,,,cwp052000,clint peinhardt,International Political Economy 
PSCI,6343,001,,7,1,2,1,,,,,,,,,,,,0,"Miller, Banks",,,,,,bxm093000,banks miller,Law and the Policy Process 
PSCI,6347,001,,4,2,2,1,,,,,,,,1,,,,0,"Gray, Thomas",,,,,,txg171430,thomas gray,Proseminar in Political Institutions and American Politics 
PSY,2301,0W1,,40,23,14,17,7,6,2,2,1,1,1,,15,,,1,"Sasson, Noah J","Gryder, Kieth",,,,,njs092000,noah sasson,Introduction to Psychology 
PSY,2301,0W2,,37,28,16,11,7,6,4,1,1,1,,4,3,5,,3,"Brody, Salena M","Platt, Kristen N",,,,,smb051000,salena brody,Introduction to Psychology 
PSY,2301,0W3,7,15,8,7,11,13,6,12,2,7,3,3,12,6,4,,11,"Atchison, Kristin J","Wong, Galston K",,,,,kja042000,kristin atchison,Introduction to Psychology 
PSY,2301,0W4,,49,23,15,10,8,4,4,,1,,2,2,5,2,,2,"Brody, Salena M","De La Cerda, Callie B",,,,,smb051000,salena brody,Introduction to Psychology 
PSY,2301,HN1,8,3,4,2,,,,,,,,,1,,1,,0,"Devdas, Neetha R",,,,,,nrd120030,neetha devdas,Introduction to Psychology 
PSY,2301,HN2,11,11,,1,,,,,,,,,,,,,1,"Gentsch, Joanna K",,,,,,jgentsch,joanna gentsch,Introduction to Psychology 
PSY,2314,0W1,7,31,24,16,10,2,4,2,3,,,1,1,8,,,0,"Atchison, Kristin J","Govindaraj, Sharnya",,,,,kja042000,kristin atchison,Lifespan Development 
PSY,2317,001,,2,7,5,5,1,3,2,3,4,,1,5,1,4,,2,"Juhn, Nancy H","Zhang, Ziwei","Liu, Eleanor S",,,,njuhn,nancy juhn,Statistics for Psychology 
PSY,2317,002,,9,1,2,1,1,1,1,3,1,1,,2,1,7,,6,"Juhn, Nancy H","Zhang, Ziwei","Liu, Eleanor S",,,,njuhn,nancy juhn,Statistics for Psychology 
PSY,2317,0W1,25,15,8,10,7,5,1,3,,1,,1,3,3,3,,5,"Schwark, Gayle","Moraglia, Luke E",,,,,gxs180015,gayle schwark,Statistics for Psychology 
PSY,3100,001,12,,,,,,,,,,,,1,,,,0,"Choate, Michael J",,,,,,mchoate,michael choate,Careers in Psychology 
PSY,3310,001,6,27,24,20,21,6,7,2,2,,3,4,5,16,2,,3,"Nelson Taylor, Jackie A","Wu, Dennis",,,,,jan110030,jackie nelson,Child Development 
PSY,3310,501,,80,2,2,13,1,,,,,,,,1,,,1,"Bonner, Deborah L","Heinrich, Melissa D",,,,,dbonner,deborah bonner,Child Development 
PSY,3322,001,,36,,,9,,,,,,1,,1,1,,,2,"Small, Trillion N",,,,,,txs174730,trillion small,Psychology of Adjustment 
PSY,3324,0W1,3,9,2,7,9,4,3,3,4,1,1,,3,5,,,4,"Prager, Karen","Williams, Denise D",,,,,kprager,karen prager,Psychology of Gender 
PSY,3331,0W1,23,16,16,9,6,9,2,6,1,1,,1,,8,1,,9,"Park, Bo Kyung","Millward, Kennedy A",,,,,bxp200011,bo kyung park,Social Psychology 
PSY,3331,501,,87,10,1,4,,2,3,1,3,,,4,6,,,9,"Huxtable-Jester, Karen J","Li, Yue",,,,,kxh014900,karen huxtable jester,Social Psychology 
PSY,3332,001,25,3,1,4,1,3,1,,,1,,,1,1,,,1,"Drew, Linda M","Hafiz, Mariam",,,,,lmd102020,linda drew,Social and Personality Development 
PSY,3339,001,,43,10,3,5,3,2,2,1,1,,,4,1,3,,5,"Huxtable-Jester, Karen J","Li, Yue",,,,,kxh014900,karen huxtable jester,Educational Psychology 
PSY,3342,0W1,,26,3,,6,3,1,2,1,1,1,,4,2,,,0,"Smith, Olivia","Glotfelty, Annette R",,,,,oxs140330,olivia smith,Exceptional Children 
PSY,3360,001,12,19,19,19,13,11,6,2,4,,3,,,18,,,4,"Assmann, Peter","Pattisapu, Candice N",,,,,assmann,peter assmann,Historical Perspectives on Psychology  Mind and Machines since 1600 
PSY,3361,001,63,30,4,4,10,6,2,8,,,,,,9,1,,0,"Roark, Dana A","Winter-Nelson, Ezra",,,,,danar,dana roark,Cognitive Psychology 
PSY,3361,002,,44,2,2,29,3,4,3,,,5,,2,6,1,,5,"Wig, Gagandeep S","Agres, Phillip F",,,,,gsw130130,gagan wig,Cognitive Psychology 
PSY,3362,001,,26,,,7,,,,,,1,,1,,,,1,"Grant, Meridith G","Sands, Kaitlin R",,,,,mga061000,meridith grant,Cognitive Development 
PSY,3392,0W1,52,13,11,2,2,1,1,1,,,,1,1,2,,,1,"Grant, Meridith G","Alghamdi, Saad A",,,,,mga061000,meridith grant,Research Design and Analysis 
PSY,3392,0W2,38,7,6,4,5,4,,3,,,,,3,2,6,,3,"Grant, Meridith G","Malaiya, Ritesh K",,,,,mga061000,meridith grant,Research Design and Analysis 
PSY,3392,0W3,40,18,3,1,3,1,,2,1,1,1,,,1,,,0,"Schwark, Gayle","Holmes, Melanie C",,,,,gxs180015,gayle schwark,Research Design and Analysis 
PSY,3393,001,,9,,1,1,1,,1,2,,1,,1,3,1,,0,"Dowling, Walter J","Kim, Hyun-Woong",,,,,jdowling,walter j dowling,Experimental Projects in Psychology 
PSY,3393,002,3,8,7,3,2,,,,,,,,,1,,,0,"Ybarra, Regina K","Mizener, Brendon J",,,,,rky190000,regina ybarra,Experimental Projects in Psychology 
PSY,3393,003,,7,5,4,1,1,,1,,,,,,1,1,,0,"Ybarra, Regina K","Abdelkarim, Dema H",,,,,rky190000,regina ybarra,Experimental Projects in Psychology 
PSY,3393,0W1,8,5,4,1,3,,,,,,,,,,,,0,"Schwark, Gayle","Doli, Evdoxia",,,,,gxs180015,gayle schwark,Experimental Projects in Psychology 
PSY,3393,0W2,13,4,,3,1,,,,1,,,,,1,,,0,"Schwark, Gayle","Shin, Naewoo",,,,,gxs180015,gayle schwark,Experimental Projects in Psychology 
PSY,3393,0W3,,8,5,2,2,1,1,1,,,,,,1,,,1,"Shirvani, Forouz","Edwards, Dalton J",,,,,fxk024000,forouz shirvani,Experimental Projects in Psychology 
PSY,3393,501,,12,2,3,2,,,,,,,,,,,,5,"Tillman, Gail D",,,,,,gtillman,gail tillman,Experimental Projects in Psychology 
PSY,4193,002,9,2,,,,,,,,,,,1,,,,2,"Choate, Michael J",,,,,,mchoate,michael choate,Internship Preparation 
PSY,4323,001,1,5,5,1,3,4,2,4,2,,1,,1,3,,,3,"Park, Jiyoung",,,,,,jxp176330,jiyoung park,Cultural Diversity and Psychology 
PSY,4324,001,,10,6,1,2,1,1,1,1,,,,1,,1,,1,"Brody, Salena M",,,,,,smb051000,salena brody,The Psychology of Prejudice 
PSY,4325,001,11,31,,4,2,3,1,1,,,,,,,,,2,"Cook, Jill B",,,,,,jbc140430,jill cook,
PSY,4328,0W1,6,10,4,3,11,5,4,1,3,,1,,8,4,5,,3,"Kane, Heidi S","Sherard, Glenn H",,,,,hsk140330,heidi kane,Health Psychology 
PSY,4331,0W1,13,15,10,12,7,6,3,4,,,,,5,1,1,,6,"Prager, Karen","Williams, Denise D",,,,,kprager,karen prager,Personality 
PSY,4343,0W1,28,48,20,9,6,2,,3,1,,1,,2,5,3,,1,"Ybarra, Regina K","Himes, Lyndahl M",,,,,rky190000,regina ybarra,Abnormal Psychology 
PSY,4343,0W2,32,66,18,10,6,4,2,2,,,,,,2,2,,3,"Ybarra, Regina K","Zhu, Yiyi",,,,,rky190000,regina ybarra,Abnormal Psychology 
PSY,4343,0W3,,16,11,13,17,12,11,9,9,5,4,3,5,15,6,,8,"Pinkham, Amy E","Taylor, Mackenzie B",,,,,aep140430,amy pinkham,Abnormal Psychology 
PSY,4343,HN1,10,9,4,1,,,,,,,,,,1,,,0,"Devdas, Neetha R",,,,,,nrd120030,neetha devdas,Abnormal Psychology 
PSY,4346,0W1,56,51,20,8,4,1,,1,,2,,,2,3,,,0,"Gentsch, Joanna K","Wilder, Siri",,,,,jgentsch,joanna gentsch,Human Sexuality 
PSY,4347,001,5,29,15,11,12,13,3,9,7,3,1,1,5,14,5,,4,"Nelson Taylor, Jackie A","Ralph, Yvonne K",,,,,jan110030,jackie nelson,Marriage and Family Psychology 
PSY,4352,001,11,12,3,1,2,1,2,,,,2,,3,3,,,2,"Drew, Linda M",,,,,,lmd102020,linda drew,Emerging Adulthood Development 
PSY,4359,001,1,8,6,4,6,1,5,,,1,,,,1,,,0,"Rodrigue, Karen M","Moon, Da Yeoun",,,,,kmr082000,karen rodrigue,Cognitive Neuroscience 
PSY,4365,001,1,27,,,7,,,,,,,,2,,1,,2,"Dowling, Walter J","Gryder, Kieth",,,,,jdowling,walter j dowling,Psychology of Music 
PSY,4372,0W1,26,24,6,1,1,1,1,,,,,,,,,,0,"Compton, Kristi L","Spence, Melanie","Holub, Shayla C",,,,klc130130,kristi compton,Forensic Psychology 
PSY,4377,001,3,10,6,1,2,,,,,,,,1,1,,,0,"Stilwell, John Q",,,,,,stilwell,john stilwell,Conflict Resolution 
PSY,4393,001,,7,,2,13,,,,,,,,,1,,,2,"Ulatowska, Hanna K",,,,,,hanna,hanna ulatowska,Language in Culture and Society 
PSYC,6352,001,,16,1,,,,,,,,,,,,,,0,"Krawczyk, Daniel C",,,,,,dck061000,daniel krawczyk,Cognitive Psychology Essentials for Cyber Security 
REAL,3305,002,,2,1,,6,1,,3,,,1,,1,3,,,1,"Guttery, Randall","Wen, Yaxin",,,,,rxg112530,randall guttery,Real Estate Principles 
REAL,3305,003,,2,1,,3,,,3,,,,,1,8,1,,0,"Guttery, Randall","Wen, Yaxin",,,,,rxg112530,randall guttery,Real Estate Principles 
REAL,3365,001,3,,1,2,3,3,,,,,,,1,2,1,,0,"DeCourcy, George A",,,,,,gad075000,george decourcy,Real Estate Finance and Principles 
REAL,4321,501,,5,1,,11,,,2,,,2,,,2,1,,0,"Hedgecock, Blake M",,,,,,bxh132030,blake hedgecock,Real Estate Law and Contracts 
REAL,6321,501,,5,1,,5,,,1,,,,,,,,3,0,"Guttery, Randall","Wen, Yaxin",,,,,rxg112530,randall guttery,Introduction to Real Estate 
REAL,6322,0W1,,8,1,1,1,,,1,,,,,,,,1,0,"DeCourcy, George A",,,,,,gad075000,george decourcy,Real Estate Finance and Investment 
RHET,1302,001,2,6,3,1,2,,,,,,,,3,,,,2,"Sonnier, Jonathan D",,,,,,jsonnier,jonathan sonnier,Rhetoric 
RHET,1302,002,2,4,4,2,,1,3,,,,,,4,,,,0,"Suller, Cristian Carlo L",,,,,,cls180002,cristian suller,Rhetoric 
RHET,1302,003,,2,1,,3,2,1,1,,2,,,1,,2,,4,"Cox, Gavin L",,,,,,glc016100,gavin cox,Rhetoric 
RHET,1302,004,8,3,,,2,,,,,,,,1,2,,,3,"Laskey, Patrick J",,,,,,pjl190000,,Rhetoric 
RHET,1302,005,2,1,5,1,2,1,1,,,,,,2,1,,,3,"Cox, Gavin L",,,,,,glc016100,gavin cox,Rhetoric 
RHET,1302,007,6,3,1,2,,,1,,2,,1,,2,,,,1,"Laskey, Patrick J",,,,,,pjl190000,,Rhetoric 
RHET,1302,008,1,10,5,1,1,,,,,,1,,,,,,0,"Hasan, Syeda Nadia",,,,,,sxh190004,syeda hasan,Rhetoric 
RHET,1302,009,3,2,7,1,2,,,,,,1,,,,1,,2,"Walker, Jason A",,,,,,jaw140030,jason walker,Rhetoric 
RHET,1302,010,3,3,,2,1,3,,,1,,,,,2,3,,1,"Spencer, Brandy D",,,,,,bds170530,,Rhetoric 
RHET,1302,011,2,6,4,4,1,,,,,,,,2,,,,0,"Hasan, Syeda Nadia",,,,,,sxh190004,syeda hasan,Rhetoric 
RHET,1302,012,3,1,5,3,1,,,1,,,,,,1,1,,3,"Walker, Jason A",,,,,,jaw140030,jason walker,Rhetoric 
RHET,1302,013,,1,,,2,4,,,,,1,,1,2,5,,3,"Spencer, Brandy D",,,,,,bds170530,,Rhetoric 
RHET,1302,014,4,8,3,,1,,,,1,,,,,2,,,0,"Saeidfar, Ghazal",,,,,,gxs153630,ghazal saeidfar,Rhetoric 
RHET,1302,015,,8,2,1,1,,,,1,1,1,,2,1,,,1,"Ma, Ying",,,,,,yxm171930,ying ma,Rhetoric 
RHET,1302,017,4,1,5,3,2,,1,,,,,,1,1,,,0,"Murphy, Trisha",,,,,,tam160330,trisha murphy,Rhetoric 
RHET,1302,018,,10,4,1,2,1,,,,,,,,1,,,0,"Lyons, David L",,,,,,dll101020,david lyons,Rhetoric 
RHET,1302,019,1,2,3,,3,1,2,1,,1,1,,1,2,,,1,"Hamilton, Cristen",,,,,,cch073000,cristen hamilton,Rhetoric 
RHET,1302,020,,3,2,3,2,1,1,1,,,2,,1,1,1,,0,"Hamilton, Cristen",,,,,,cch073000,cristen hamilton,Rhetoric 
RHET,1302,021,3,4,2,,2,1,1,,,,,1,2,1,2,,0,"Schaffer, Shannon J",,,,,,sjs190000,shannon schaffer,Rhetoric 
RHET,1302,022,2,3,4,,1,1,1,,,,,,3,1,2,,1,"Schaffer, Shannon J",,,,,,sjs190000,shannon schaffer,Rhetoric 
RHET,1302,023,,13,,1,1,1,,2,,,,,1,,,,0,"Kirk, Kristina E",,,,,,kek160430,kristina kirk,Rhetoric 
RHET,1302,024,,13,,2,,,,,,,,,,1,1,,2,"Kirk, Kristina E",,,,,,kek160430,kristina kirk,Rhetoric 
RHET,1302,025,3,13,,,,,,1,,,,,,,,,1,"Howard Cuadros, Esther W",,,,,,exh022000,,Rhetoric 
RHET,1302,026,,14,,,,2,,2,,,,,,,,,0,"Howard Cuadros, Esther W",,,,,,exh022000,,Rhetoric 
RHET,1302,027,,10,2,,1,1,1,1,,,,,1,,1,,1,"Aljararwa, Rasha",,,,,,rxa150230,rasha aljararwa,Rhetoric 
RHET,1302,028,,2,2,1,1,1,,1,,,1,,5,2,1,,2,"Oliver, Stephanie R",,,,,,sxo180009,stephanie oliver,Rhetoric 
RHET,1302,029,,3,1,2,2,,,1,1,,2,,2,1,,,4,"Oliver, Stephanie R",,,,,,sxo180009,stephanie oliver,Rhetoric 
RHET,1302,033,1,7,1,2,2,,1,,,,,,1,,1,,1,"Riley, Kristin N",,,,,,knr091000,kristin riley,Rhetoric 
RHET,1302,034,2,6,1,1,,2,2,,,,,,,2,1,,0,"Riley, Kristin N",,,,,,knr091000,kristin riley,Rhetoric 
RHET,1302,035,2,4,5,2,2,1,,1,,,,,1,,,,1,"Riley, Kristin N",,,,,,knr091000,kristin riley,Rhetoric 
RHET,1302,036,,11,2,3,,,,,,,,,,2,1,,0,"Riley, Kristin N",,,,,,knr091000,kristin riley,Rhetoric 
RHET,1302,041,1,15,1,,,,,,,,1,,1,,,,0,"Ali, Shazia",,,,,,shazia,ali shazia,Rhetoric 
RHET,1302,042,,17,1,,,,,,,,,,,1,,,0,"Al-Rashid, Entidhar H",,,,,,eha170000,entidhar al rashid,Rhetoric 
RHET,1302,043,5,2,2,1,3,3,,,,,,,1,1,,,1,"Alem, Hosanna G",,,,,,hga140130,hosanna alem,Rhetoric 
RHET,1302,044,3,5,2,,3,1,,,,,,,2,,1,,2,"Alem, Hosanna G",,,,,,hga140130,hosanna alem,Rhetoric 
RHET,1302,045,4,1,3,,1,1,1,1,1,,,,2,,1,,3,"Brazeal, Lauren",,,,,,lxb190011,lauren brazeal garza,Rhetoric 
RHET,1302,046,3,1,4,1,1,,,,1,,,,4,,,,3,"Brazeal, Lauren",,,,,,lxb190011,lauren brazeal garza,Rhetoric 
RHET,1302,047,,7,6,,2,,,1,,,,,,,2,,1,"Johnson, Kevin W",,,,,,kwj170030,kevin johnson,Rhetoric 
RHET,1302,048,,10,3,,1,,,1,,,,1,1,,1,,1,"Johnson, Kevin W",,,,,,kwj170030,kevin johnson,Rhetoric 
RHET,1302,049,,1,1,2,2,3,,,1,,1,,3,,1,,4,"Johnson, Ryan L",,,,,,rlj160230,ryan johnson,Rhetoric 
RHET,1302,0W1,,4,4,1,2,2,1,,,,,,3,1,,,1,"Mathur, Shivika",,,,,,sxm170012,shivika mathur,Rhetoric 
RHET,1302,0W2,4,8,2,3,1,,,,,,,,,1,,,0,"Shierry, Addison",,,,,,axs084500,addison shierry,Rhetoric 
RHET,1302,0W4,10,5,,1,,2,,,,,,,,,,,0,"Griffin, Janna L",,,,,,jlg130030,janna griffin,Rhetoric 
RHET,1302,0W6,3,10,1,,1,1,,1,,,,,,1,1,,0,"Williams, Sunshine A",,,,,,saw170230,sunshine williams,Rhetoric 
RHET,1302,0W7,,5,,1,2,,1,1,1,1,1,,3,,1,,2,"Snyder, Sarah E",,,,,,sxs162031,sarah snyder,Rhetoric 
RHET,1302,0W8,,3,2,1,3,1,1,1,,,1,,1,1,4,,0,"Snyder, Sarah E",,,,,,sxs162031,sarah snyder,Rhetoric 
RHET,1302,0W9,4,8,4,1,,,1,,,,,,,,,,1,"Siddiqui, Farah",,,,,,fxs121830,farah siddiqui,Rhetoric 
RHET,1302,501,6,1,1,1,2,2,,,,,,,1,2,1,,2,"Suller, Cristian Carlo L",,,,,,cls180002,cristian suller,Rhetoric 
RHET,1302,502,,10,1,2,1,,,,,,,,1,,,,0,"Lyons, David L",,,,,,dll101020,david lyons,Rhetoric 
RHET,2302,0W1,,9,1,,1,,1,,1,,,,1,,1,,1,"Glauser, Janece B",,,,,,jbg130030,janece glauser,Intermediate Composition and Rhetoric 
RHET,4303,501,,3,2,3,5,,3,1,,,1,,,,,,1,"Gooch, John C",,,,,,jcg053000,john gooch,Advanced Editing 
RMIS,3370,001,1,4,1,2,,1,,,,,2,,,2,,,1,"Haynes, Steven","Kandoi, Sidharth",,,,,sxh102420,steven haynes,Principles of Risk Management and Insurance 
RMIS,4332,001,1,2,4,5,2,2,,,,,,,,,,,3,"Haynes, Steven",,,,,,sxh102420,steven haynes,Commercial Property Risk Management and Insurance 
SE,2340,002,2,,1,,1,,1,,1,,,,,1,1,,2,"Nguyen, Nhut",,,,,,nhutnn,nhut nguyen,Computer Architecture 
SE,3306,001,8,6,2,6,4,5,1,1,4,1,2,1,,5,2,,6,"Chung, Lawrence",,,,,,chung,lawrence chung,Mathematical Foundations of Software Engineering 
SE,3341,002,4,1,1,1,,,,,,,,,,2,2,,1,"Whalen, Tristan G","Wang, Tingfang","Oh, Sungjin",,,,tgw100020,tristan whalen,Probability and Statistics in Computer Science and Software Engineering 
SE,3341,0H1,,1,1,1,2,,1,,,,,,,3,1,,0,"Guo, Huizhen","Wang, Tingfang",,,,,hxg190020,huizhen guo,Probability and Statistics in Computer Science and Software Engineering 
SE,3341,0W1,5,,,1,,,,2,2,,1,,,1,,,1,"Whalen, Tristan G","Wang, Tingfang","Oh, Sungjin","Langford, John",,,tgw100020,tristan whalen,Probability and Statistics in Computer Science and Software Engineering 
SE,3341,5H1,,1,,2,1,2,,1,1,,,,1,2,,,1,"Guo, Huizhen","Oh, Sungjin",,,,,hxg190020,huizhen guo,Probability and Statistics in Computer Science and Software Engineering 
SE,3354,0W2,1,1,3,1,1,1,,,1,,,,,2,,,0,"Nouroz Borazjany, Mehra",,,,,,mxn143230,mehra borazjany,Software Engineering 
SE,3377,0W4,2,2,1,1,1,,,,,,,,,5,1,,0,"Veerasamy, Jeyakesavan",,,,,,veerasam,jeyakesavan veerasamy,C C  Programming in a UNIX Environment 
SE,3377,0W6,2,,2,1,2,,,,1,,,,,4,2,,1,"Perkins, Stephen J",,,,,,sxp127930,stephen perkins,C C  Programming in a UNIX Environment 
SE,3377,501,3,2,1,,1,,,,,,,,1,,4,,1,"Peterson, Erik A",,,,,,eap190004,erik peterson,C C  Programming in a UNIX Environment 
SE,4347,002,,2,2,1,3,,,,,,,,,2,,,0,"Christiansen, Michael G","Guo, Jinghui",,,,,mgc013000,michael christiansen,Database Systems 
SE,4347,501,1,1,5,1,,,1,,,,,1,,,,,1,"Christiansen, Michael G","Arya, Shivvrat","Guo, Jinghui",,,,mgc013000,michael christiansen,Database Systems 
SE,4348,002,2,3,1,,1,,,3,1,,,,,4,,,1,"Ozbirn, Greg A",,,,,,ozbirn,greg ozbirn,Operating Systems Concepts 
SE,4348,005,,1,2,1,,1,,1,,,1,,,,4,,4,"Yen, I-Ling","Nguyen, Son V","Mao, Dongyu",,,,ilyen,yen i ling,Operating Systems Concepts 
SE,4348,006,1,2,2,2,,,,,2,1,,,,3,2,,1,"Venkatesan, Subbarayan","Abdeljaber, Luay",,,,,venky,subbarayan venkatesan,Operating Systems Concepts 
SE,4351,001,20,20,8,7,5,2,2,1,,,,,1,3,,,0,"Smith, Klyne","Wang, Haoliang",,,,,kxs180052,klyne smith,Requirements Engineering 
SE,4352,001,8,12,4,6,13,4,5,1,2,,2,1,,9,2,,0,"Christiansen, Michael G","Ahn, Sung Soo",,,,,mgc013000,michael christiansen,Software Architecture and Design 
SE,4367,001,7,20,8,2,5,1,,1,1,1,,,1,1,2,,0,"Yang, Wei","Haque, Mirazul",,,,,wxy180002,wei yang,Software Testing  Verification  Validation and Quality Assurance 
SE,4381,001,1,21,11,4,11,,3,1,,,,,4,8,4,,2,"Smith, Klyne","Yu, Linlin",,,,,kxs180052,klyne smith,Software Project Planning and Management 
SE,4381,002,9,22,11,11,5,2,1,2,3,,,,,8,,,1,"Smith, Klyne","Lee, Yi-Hui","Yu, Linlin",,,,kxs180052,klyne smith,Software Project Planning and Management 
SE,4485,001,3,57,1,,,,,,1,,,,,,,,1,"Wong, Weichen E","Hu, Linghuan","Li, Dongcheng",,,,wew021000,weichen wong,Software Engineering Project 
SE,6361,001,,5,3,3,1,,,,,,,,,,,2,0,"Chung, Lawrence","Ahn, Sung Soo",,,,,chung,lawrence chung,Advanced Requirements Engineering 
SE,6362,MS1,,16,2,1,,1,,,,,,,,,,,0,"Paulk, Mark C",,,,,,mcp130030,mark paulk,
SE,6367,001,,21,9,3,,,,,,,,,,,,,0,"Wong, Weichen E","Hu, Linghuan","Li, Dongcheng",,,,wew021000,weichen wong,Software Testing  Validation and Verification 
SE,6387,001,,15,,,,,,,,,,,,,,,0,"Zalila-Wenkstern, Rym",,,,,,rmili,rym zalila wenkstern,Advanced Software Engineering Project 
SE,6387,MS1,,13,,,,,,,,,,,,,,,0,"Gupta, Neeraj K",,,,,,nkg140130,neeraj gupta,
SOC,1301,0W1,15,20,,12,4,,1,1,,,1,,,6,,,1,"Davis, Garrett R",,,,,,grd031000,garrett davis,Introduction to Sociology 
SOC,1301,0W2,36,24,1,2,5,1,1,,,,1,,1,1,,,1,"Malek-Ahmadi, John H",,,,,,jhm110020,john malek ahmadi,Introduction to Sociology 
SOC,2300,001,,7,9,6,2,,,,,,,,2,,,,0,"Werhnyak, Larissa",,,,,,lxw163630,larissa werhnyak,Introduction to Gender Studies 
SOC,2305,0W1,1,11,,5,7,,3,4,,,3,,2,2,1,,1,"Davis, Garrett R",,,,,,grd031000,garrett davis,Individual and Society 
SOC,3303,001,5,7,5,,4,4,1,1,1,,,,3,,1,,1,"Lanham, Carol C","Hoiby, Rachel",,,,,ccl054000,carol lanham,Classical Social Theory 
SOC,3321,HN1,5,6,2,,,,,,,,,,,,,,1,"Lanham, Carol C","Hoiby, Rachel",,,,,ccl054000,carol lanham,Deviance 
SOC,3325,0W1,30,21,10,3,4,,1,2,,,,,,,,,1,"Malek-Ahmadi, John H",,,,,,jhm110020,john malek ahmadi,Race and Ethnicity 
SOC,3333,001,42,11,11,3,4,2,,,,,,,1,,,,0,"Alexander, Bobby","Hoiby, Rachel",,,,,bcalex,bobby alexander,Religion in Society 
SOC,3363,001,20,7,2,1,,,,,2,,,,2,,1,,2,"Alexander, Bobby","Hoiby, Rachel",,,,,bcalex,bobby alexander,Immigrants and Immigration in U S  Society 
SOC,4306,0W1,1,5,2,1,1,,,1,,,,,,,,,2,"Skaggs, Sheryl L","Hoiby, Rachel",,,,,slskaggs,sheryl skaggs,Advanced Sociological Research 
SOC,4372,0W1,37,79,,3,5,,,3,,,,,,2,,,0,"Malek-Ahmadi, John H",,,,,,jhm110020,john malek ahmadi,Health and Illness 
SOC,4384,0W1,12,15,,4,1,2,,,1,,,,,2,,,0,"Malek-Ahmadi, John H",,,,,,jhm110020,john malek ahmadi,Social Epidemiology 
SOC,4385,HN1,15,5,2,1,,,,,,,,,,1,,,0,"Kim, Dohyeong",,,,,,dxk132530,dohyeong kim,Global Health and Society 
SOC,4396,0W1,10,7,4,,1,,,,,,,1,,,,,0,"Maxwell, Sarah P",,,,,,spm092000,sarah maxwell,Selected Topics in Sociology 
SPAN,1311,001,,3,3,2,3,,1,1,2,,,,1,2,,,3,"Lambert, Thomas M",,,,,,tml017100,thomas lambert,Beginning Spanish I 
SPAN,1312,001,3,4,,1,2,2,,,1,,,,1,4,1,,1,"Lambert, Thomas M",,,,,,tml017100,thomas lambert,Beginning Spanish II 
SPAN,2312,001,,4,2,2,1,1,,1,2,,1,,,1,,,1,"Malouf, Maria",,,,,,mxm180084,,Intermediate Spanish II 
SPAN,2312,002,10,4,4,,,,,,,,,,,,,,0,"Leverone, Julia",,,,,,jxl162631,julia leverone,Intermediate Spanish II 
SPAN,3350,001,11,8,1,,,,,,,,,,,1,,,0,"Malouf, Maria",,,,,,mxm180084,,Business Spanish 
SPAN,3365,001,9,3,4,1,,1,,,,,,,,,1,,0,"Camacho-Guardado, Lorena",,,,,,lxc163230,amalia lorena camacho guardardo,Advanced Spanish I 
SPAN,3365,002,3,3,2,,2,1,,1,,,,,,,,,2,"Camacho-Guardado, Lorena",,,,,,lxc163230,amalia lorena camacho guardardo,Advanced Spanish I 
SPAN,3366,001,9,4,2,2,,,,,,,,,,1,,,0,"Camacho-Guardado, Lorena",,,,,,lxc163230,amalia lorena camacho guardardo,Advanced Spanish II 
SPAN,4301,001,13,1,1,,,,,,,,,,1,,,,0,"Camacho-Guardado, Lorena",,,,,,lxc163230,amalia lorena camacho guardardo,Advanced Spanish Conversation 
SPAU,3301,001,29,43,2,,3,2,,1,,,,,2,1,,,1,"Aldridge, Michelle A","Jansen, Conner L",,,,,aldridge,michelle aldridge,Communication Disorders 
SPAU,3303,001,3,25,,6,11,,2,7,,3,1,,1,6,1,,3,"Maguire, Mandy","Thomas, Abbey L",,,,,mjm053000,mandy maguire,Normal Language Development 
SPAU,3304,001,6,36,28,19,10,6,6,3,3,3,2,,2,4,1,,3,"Walsh, Diane G","Lucas, Katelyn A",,,,,dxg022000,diane walsh,Communication Sciences 
SPAU,3305,001,,42,,,5,,,1,,,1,,1,,,,1,"Touchstone, Emily W","Moustafa, Rana",,,,,exw010200,emily touchstone,Language and Literacy Development 
SPAU,3340,001,59,39,3,,2,,,1,,,,,,,,,1,"Aldridge, Michelle A",,,,,,aldridge,michelle aldridge,Articulation Disorders 
SPAU,3341,001,3,18,8,2,10,2,2,4,1,1,1,,,6,,,0,"Clark, Jackie L","Zang, Andie L",,,,,jclark,jackie clark,Audiology 
SPAU,3342,0W1,,8,1,2,1,,,,,,,1,,,,,0,"Smith, Olivia","Glotfelty, Annette R",,,,,oxs140330,olivia smith,Exceptional Children 
SPAU,3343,001,9,13,5,2,2,1,1,1,1,2,,1,3,3,,,3,"Katz, William",,,,,,wkatz,william katz,Phonetics 
SPAU,3344,001,2,20,11,7,14,4,4,1,2,1,1,,5,6,,,3,"Powers, Katharine A","Eppes, Anna A",,,,,kap130730,katharine powers,Anatomy and Physiology of Speech and Hearing 
SPAU,3345,001,14,15,18,10,4,7,2,3,,,3,,2,3,1,,1,"Walsh, Diane G","Heard, Matthew J",,,,,dxg022000,diane walsh,Neural Basis of Communication 
SPAU,4308,001,,43,,,7,,,3,,,1,,1,,,,1,"Touchstone, Emily W",,,,,,exw010200,emily touchstone,Language Disorders in Children 
SPAU,4342,001,1,12,1,,2,1,,1,1,,,,,,,,0,"Kaplan, Karen",,,,,,kkaplan,karen kaplan,Assessment Procedures in Speech-Language Pathology 
SPAU,4367,001,13,8,2,,,,,,,,,,1,,,,0,"Kaplan, Karen",,,,,,kkaplan,karen kaplan,Development and Design of Therapeutic Resources 
SPAU,4393,001,,6,,4,5,1,,,,,,,,3,,,0,"Ulatowska, Hanna K",,,,,,hanna,hanna ulatowska,Language in Culture and Society 
STAT,1342,001,,4,2,1,,,,2,1,,1,,,2,,,1,"Paudel, Ajaya B",,,,,,abp062000,ajaya paudel,Statistical Decision Making 
STAT,1342,002,3,7,4,6,5,2,1,2,3,,,,3,1,,,1,"Paudel, Ajaya B",,,,,,abp062000,ajaya paudel,Statistical Decision Making 
STAT,2332,001,24,9,11,3,3,2,5,4,1,,,,2,,2,,5,"Wu, Yunan","de Silva, Galappaththige Sajith R",,,,,yxw200032,yunan wu,Introductory Statistics for Life Sciences 
STAT,2332,002,34,14,10,4,4,,1,,3,,,,1,1,1,,1,"Estacio-Hiroms, Kemelli","Yang, Haopeng",,,,,kxe160930,kemelli estacio hiroms,Introductory Statistics for Life Sciences 
STAT,2332,0H1,1,8,2,1,4,3,2,2,,1,,,3,3,4,,2,"Guo, Huizhen","Bedi, Tejasv",,,,,hxg190020,huizhen guo,Introductory Statistics for Life Sciences 
STAT,2332,0W1,28,9,9,4,7,6,3,4,1,1,,,,1,,,2,"Estacio-Hiroms, Kemelli","Jahan, Mahmuda",,,,,kxe160930,kemelli estacio hiroms,Introductory Statistics for Life Sciences 
STAT,2332,0W2,28,21,9,4,2,,,,1,,1,,2,7,,,0,"Estacio-Hiroms, Kemelli","Sajal, Ibrahim Hossain",,,,,kxe160930,kemelli estacio hiroms,Introductory Statistics for Life Sciences 
STAT,2332,0W3,32,21,5,3,3,2,,,2,1,,,,4,1,,1,"Estacio-Hiroms, Kemelli","Xu, Xiufeng",,,,,kxe160930,kemelli estacio hiroms,Introductory Statistics for Life Sciences 
STAT,3355,501,15,12,13,4,3,,,4,6,,,,1,,,,2,"Li, Qiwei","Lutz, Kevin C",,,,,qxl190009,qiwei li,Data Analysis for Statisticians and Actuaries 
STAT,3360,001,,6,3,,1,1,3,,,,,,2,1,,,1,"Koshevnik, Yuly","Abugri, Clement",,,,,yxk055000,yuly koshevnik,Probability and Statistics for Management and Economics 
STAT,3360,002,1,7,3,2,5,1,1,,,,,,,4,2,,0,"Koshevnik, Yuly","Abugri, Clement",,,,,yxk055000,yuly koshevnik,Probability and Statistics for Management and Economics 
STAT,4352,001,,2,1,,,,1,,6,1,,1,2,6,2,,4,"Biswas, Swati","Bedi, Tejasv",,,,,sxb125731,swati biswas,Mathematical Statistics 
STAT,4352,0W1,11,16,20,7,11,10,1,4,2,1,,1,,13,,,4,"Efromovich, Sam","Jiang, Tian",,,,,sxe062000,sam efromovich,Mathematical Statistics 
STAT,4354,001,11,7,2,4,2,2,,,3,2,1,1,1,12,,,1,"Chiou, Sy Han","Zhen, Zhiwei",,,,,sxc172931,sy han steven chiou,Numerical and Statistical Computing 
STAT,4355,001,5,10,17,9,5,,4,1,1,1,1,,1,11,,,2,"Shin, Sunyoung","Li, Huimin",,,,,sxs177233,sunyoung shin,Applied Linear Models 
STAT,4382,001,4,9,6,3,3,2,1,1,2,,,,,3,2,,2,"Koshevnik, Yuly","Thomas, Yaga S",,,,,yxk055000,yuly koshevnik,Stochastic Processes 
STAT,4382,002,1,2,2,1,,,,,1,,,,,2,,,4,"Koshevnik, Yuly","Thomas, Yaga S",,,,,yxk055000,yuly koshevnik,Stochastic Processes 
STAT,4475,001,7,7,1,,,,,,,,,,,,,,0,"Choudhary, Pankaj K",,,,,,pkc022000,pankaj choudhary,Capstone Project 
STAT,5352,001,,10,5,2,3,,1,,,,,,,,,3,1,"Shin, Sunyoung","Zhen, Zhiwei",,,,,sxs177233,sunyoung shin,Probability and Statistics II 
STAT,5353,001,,7,4,2,2,,,1,,,,,1,,,3,0,"Chiou, Sy Han","Zhu, Weixi",,,,,sxc172931,sy han steven chiou,Probability and Statistics for Data Science and Bioinformatics 
STAT,6338,001,,9,5,5,2,3,2,,,,,,1,,,8,0,"Chen, Min","Langford, John",,,,,mxc136030,min chen,Advanced Statistical Methods II 
STAT,6339,001,,11,2,,1,1,,,,,,,,,,1,0,"Tang, Chuan-Fa",,,,,,cxt190011,chuan fa tang,Linear Statistical Models 
STAT,6340,001,,13,4,6,1,,,2,,,,,2,,,11,0,"Choudhary, Pankaj K","de Silva, Galappaththige Sajith R",,,,,pkc022000,pankaj choudhary,Statistical and Machine Learning 
STAT,6390,001,,17,,4,1,3,,,,,,,,,,1,0,"Li, Qiwei","Jiang, Tian",,,,,qxl190009,qiwei li,Topics in Statistics - Level 6 
SYSM,6301,SS1,,18,,,,,,,,,,,,,,,0,"Reynolds, Samuel E",,,,,,ser180002,samuel reynolds,
SYSM,6302,0W1,,4,9,2,1,,,,,,,,,,,,0,"Ruths, Justin",,,,,,jxr163730,justin ruths,Dynamics of Complex Networks and Systems 
SYSM,6302,SS1,,5,,,4,2,,,,,,,,,,,0,"Spong, Mark W",,,,,,mws081000,mark spong,
SYSM,6304,SS1,,15,1,,,,,,,,,,,,,,0,"Koganti, Ramakrishna",,,,,,rxk190037,ramakrishna koganti,
SYSM,6311,0W1,,6,3,4,,,,,,,,,,,,,0,"Alborz, Shawn",,,,,,sxa063000,shawn alborz,Systems Project Management in Engineering and Operations 
SYSM,6325,5H1,,11,,3,,,,,,,,,,,,,0,"Koganti, Ramakrishna",,,,,,rxk190037,,Requirements Design  Development  and Integration for Complex Systems 
SYSM,6327,001,,16,2,,,,,,,,,,,,,,0,"Reynolds, Samuel E",,,,,,ser180002,,Systems Reliability 
SYSM,6337,SS1,,8,2,1,4,1,,,,,,,,,,,0,"Janakiraman, Surya","He, Jiapeng",,,,,suryaj,surya janakiraman,
THEA,1310,001,6,6,4,3,5,1,,,,,,,1,,2,,0,"Ketchum, Mary A",,,,,,mak180021,mary ketchum,Understanding Theatre 
THEA,1310,002,31,8,4,2,1,,2,,,,,,,,,,1,"Sanders, Christine",,,,,,cxs180032,christine sanders,Understanding Theatre 
THEA,1310,003,27,14,,2,,1,,,,,,,3,2,,,0,"Ferguson, Wesley A",,,,,,waf061000,wesley ferguson,Understanding Theatre 
THEA,1310,0W1,19,6,7,2,2,1,1,,,,1,,4,1,2,,2,"Cleveland, Michael W",,,,,,mxc112730,michael cleveland,Understanding Theatre 
THEA,1310,501,,43,,,2,,,,,,,,1,1,,,0,"Baig, Maryam O",,,,,,baig,maryam baig,Understanding Theatre 
THEA,2372,001,,12,2,,,,,,,,,,,,,,0,"Lingo, Kathy A",,,,,,klingo,kathy lingo,Improvisation 
THEA,3323,0H1,,10,,,,,,,,,,,,,,,1,"Hibbs, Shelby A",,,,,,sah140730,shelby hibbs,Performance in Historical Context 
THEA,3361,501,4,2,,1,,1,,,,,,,,,,,3,"Curchack, Fred",,,,,,curchack,fred curchack,Performing Shakespeare 
VPAS,3340,001,,4,3,3,,2,1,,,,,,2,1,,,3,"Terranova, Charissa",,,,,,cxt074100,charissa terranova,Writing in the Arts 
VPAS,3340,002,3,4,4,,3,1,,,,,,,1,1,,,1,"King, Carie S",,,,,,cxl085200,carie king,Writing in the Arts 
VPAS,6339,501,,18,,,,,,,,,,,,,,,0,"Pomara, John",,,,,,pomara,john pomara,Painting Digital Imaging Video 
VPAS,6373,001,,6,3,,,,,,,,,,1,,,,0,"Warren, Shilyh J",,,,,,sjw120030,shilyh warren,Studies in Film  Television  and Digital Media 
VPAS,6391,5H1,,10,,,,,,,,,,,,,,,0,"Waligore, Marilyn A",,,,,,waligore,marilyn waligore,Creativity  Visual Arts Workshop 
VPAS,7360,001,,10,,,,,,,,,,,,,,,0,"McLean, Adrienne L",,,,,,amclean,adrienne mclean,Advanced Topics in Film  Television  and Digital Media 
