Subject,Catalog Number,Section,A+,A,A-,B+,B,B-,C+,C,C-,D+,D,D-,F,W,Instructor 1,Instructor 2,Instructor 3,Instructor 4,Instructor 5,Instructor 6,instructor_id,instructor_name_normalized,title
ARTS,4308,001,,3,2,,1,,,,,,1,,2,,"Durant, Stephanie D",,,,,,ddm043000,,Image Text 
CHIN,2311,001,5,1,1,,,1,,,,,1,,,,"Chen, Bei",,,,,,bxc152730,bei chen,Intermediate Chinese I 
COMD,7309,001,,6,,1,2,,,,,,,,,,"Hart, John",,,,,,jxh057100,,Neural Correlates of Human Cognition  Lesion-Deficit Models 
ECON,6352,501,,2,4,,,1,,2,,,,,,,"Dumas, Lloyd",,,,,,ljdumas,lloyd dumas,World Political Economy 
EEDG,6302,302,,1,1,1,1,1,4,,,,,,,,"Bennett, Terrell R","Birjandtalab Golkhatm, Javad","Wang, Xianan",,,,trb052000,terrell bennett,Microprocessor Systems 
MIS,6204,CW1,,3,,2,2,1,,1,,,,,,,"Hefley, William E",,,,,,weh150130,william hefley,
MUSI,4322,001,,7,,,1,2,,,,,,,,,"Evans, Kathryn C",,,,,,kcevans,kathryn evans,Vocal Instruction III 
CE,3110,103,1,5,,2,1,,,1,,,,,,,"Lee, Jeong-Bong","Choi, Ye I",,,,,jblee,jeong bong lee,Electronic Devices Laboratory 
CE,4390,001,1,,,2,2,,2,1,2,,,,,,"Nguyen, Nhut","Ozarslan, Omer F","Tran, Trung Hieu",,,,nhutnn,nhut nguyen,Computer Networks 
CS,6301,005,,10,,,,,,,,,,,,,"Thuraisingham, Bhavani","Belavadi, Vibha Chandramouli",,,,,bxt043000,bhavani thuraisingham,Special Topics in Computer Science 
EPPS,6302,001,,8,,,2,,,,,,,,,,"Ho, Karl","Li, Xiao",,,,,kxh022100,karl ho,Methods of Data Collection and Production 
EPPS,6311,001,,5,3,,1,,,,,,,,1,,"Fass, Simon",,,,,,fass,simon fass,Research Practice in the Social Sciences 
MIS,6346,002,,7,3,,,,,,,,,,,,"Henslee, Austin","Shankar, Santhosh",,,,,axh134230,austin henslee,Big Data 
REAL,3365,001,,,2,2,3,,1,1,,1,,,,,"DeCourcy, George A",,,,,,gad075000,george decourcy,Real Estate Finance and Principles 
BIOL,3102,008,,4,,1,1,2,2,,,,,,,,"Kim, Jung-Whan","Dahl, Haley C","Thomas-Jardin, Shayna E",,,,jxk132330,jung whan (jay) kim,Eukaryotic Molecular and Cell Biology Workshop 
BIOL,5376,501,,1,2,2,3,2,,,,,,,,,"Xuan, Zhenyu","Levene, Stephen",,,,,zxx091000,,Applied Bioinformatics 
STAT,6331,501,,5,2,1,2,,,,,,,,,,"Efromovich, Sam",,,,,,sxe062000,sam efromovich,Statistical Inference I 
DANC,2332,001,3,6,1,,,,,,,,,,,,"Saba, Monica",,,,,,msaba,monica saba,Modern Dance 1 
CE,3345,502,1,1,1,,5,,,2,,,,,,,"Khan, Ziaullah","Li, Fang",,,,,kkhan,ziaullah khan,Data Structures and Introduction to Algorithmic Analysis 
GISC,6382,001,,2,2,3,1,2,,,,,,,,,"Gearey, Wayne",,,,,,wxg130930,wayne gearey,Applied Geographic Information Systems 
ACCT,6320,0W1,,6,2,1,1,,,,,,,,,,"Cavusoglu, Huseyin","Pham, Trang T",,,,,huseyin,huseyin cavusoglu,Database Foundations 
MIS,6375,0W1,,4,4,,1,1,,,,,,,,,"Bochsler, Daniel C",,,,,,dcb091000,daniel bochsler,Technology and New Product Development 
EE,3120,103,,7,,,1,,,1,,,1,,,,"Zhou, Dian","Si, Qilin",,,,,zhoud,dian zhou,Digital Circuits Laboratory 
BUAN,6345,0W1,,3,4,1,2,,,,,,,,,,"Saeed, Kashif","Kumari, Riti",,,,,kxs147230,kashif saeed,High Performance Analytics 
MUSI,3342,001,7,3,,,,,,,,,,,,,"Mcvay, Michael",,,,,,mjm031000,michael mcvay,Advanced Topics in Music 
ACCT,6305,0W1,,4,2,1,,1,,1,,,,,1,,"Janakiraman, Surya","He, Jiapeng",,,,,suryaj,surya janakiraman,Accounting for Managers 
ARTS,3369,001,,9,,,1,,,,,,,,,,"Tady, Lorraine T",,,,,,ltt042000,lorraine tady,Intermediate Painting 
MUSI,3122,001,,10,,,,,,,,,,,,,"Salisbury, Linda J",,,,,,ljs130230,linda salisbury,Brass Ensemble I 
THEA,1352,501,4,,5,,1,,,,,,,,,,"Hennigan, Edward B",,,,,,ebh062000,edward hennigan,Acting 2 
ATCM,4397,002,,10,,,,,,,,,,,,,"Salter, Monika",,,,,,mxs176131,monika salter,Senior Seminar 
ATCM,6310,001,,3,3,2,1,1,,,,,,,,,"McComber, Sean",,,,,,sxm129130,sean mccomber,Animation Studio I 
COMD,5344,001,,10,,,,,,,,,,,,,"Powers, Katharine A","Evans, Delaney L",,,,,kap130730,katharine powers,Anatomy and Physiology of Speech and Hearing 
BMEN,4388,001,,3,5,1,1,,,,,,,,,,"Polk, Todd W","Pacheco, Joe","Upasham, Sayali S",,,,twp017000,todd polk,Senior Design Project I 
BMEN,4388,002,1,2,3,3,1,,,,,,,,,,"Polk, Todd W","Pacheco, Joe","Upasham, Sayali S",,,,twp017000,todd polk,Senior Design Project I 
BMEN,4388,003,,1,5,3,1,,,,,,,,,,"Polk, Todd W","Pacheco, Joe","Upasham, Sayali S",,,,twp017000,todd polk,Senior Design Project I 
BMEN,6315,001,,4,2,4,,,,,,,,,,,"Auciello, Orlando H",,,,,,oha120030,orlando auciello,Advanced Biomaterials Technologies and Applications to Medical Devices 
CE,3120,103,,7,,,3,,,,,,,,,,"Zhou, Dian","Si, Qilin",,,,,zhoud,dian zhou,Digital Circuits Laboratory 
CE,3354,0W2,,1,3,3,2,1,,,,,,,,,"Straach, Janell","Zeng, Wenxi","Maweu, Barbara M",,,,jxs017800,janell straach,Software Engineering 
EE,3120,102,,9,,,,,,,,,,,1,,"Zhou, Dian","Wang, Yifan",,,,,zhoud,dian zhou,Digital Circuits Laboratory 
EE,3120,106,,9,,,1,,,,,,,,,,"Skinner, Neal G","Goswami, Pingakshya",,,,,skinner,neal skinner,Digital Circuits Laboratory 
SE,3162,052,,8,,,,1,,,1,,,,,,"Smith, Klyne",,,,,,kxs180052,klyne smith,Professional Responsibility in Computer Science and Software Engineering 
SE,3354,003,,2,1,2,1,1,,1,,2,,,,,"Wei, Shiyi","Mordahl, Austin S","Vellingiri, Shanthi",,,,sxw174630,shiyi wei,Software Engineering 
SYSM,6310,SS1,,10,,,,,,,,,,,,,"Wong, Weichen E",,,,,,wew021000,weichen wong,
PA,3379,001,6,3,,,,,,1,,,,,,,"Arguelles, Ariel",,,,,,axa152731,ariel arguelles,Diversity in the Public Sector 
AMS,4379,001,1,,2,1,4,,,1,,,,,1,,"Naqvi, Syed K",,,,,,skn180000,syed naqvi,Special Topics in American Studies 
ED,4343,501,1,8,,1,,,,,,,,,,,"Friedman, Meredith K",,,,,,mxk116530,meredith friedman,Science Methods for Grades EC - 6 
ED,4344,502,,,6,1,1,,,,,,,,2,,"Huisman, Ingrid",,,,,,ibh013000,ingrid huisman,Mathematics Methods for Elementary Teachers 
BA,4V00,002,,10,,,,,,,,,,,,,"Lewin, Peter",,,,,,plewin,peter lewin,Special Topics 
FERM,6305,FS1,,8,,2,,,,,,,,,,,"Song, Kaisheng",,,,,,,kaisheng song,
FERM,6310,FS1,,3,2,4,1,,,,,,,,,,"Scott, James A",,,,,,jas076100,james scott,
MECO,6312,002,,2,3,1,4,,,,,,,,,,"Zentner, Alejandro","Rupp, Anin D",,,,,axz051000,alejandro zentner,Applied Econometrics and Time Series Analysis 
MECO,6352,0W1,,7,,3,,,,,,,,,,,"Ziegler, Laurie","Lu, Xi",,,,,ziegler,laurie ziegler,Financial Negotiation and Dispute Resolution 
OPRE,6390,501,,10,,,,,,,,,,,,,"Thompson, Luell O","Pearam, Swetha S",,,,,lot013000,luell thompson,Enterprise Resource Planning 
REAL,3305,001,,1,,,2,1,,3,,,2,,1,,"Guttery, Randall","Zhao, Yabo",,,,,rxg112530,randall guttery,Real Estate Principles 
GEOS,3304,001,1,3,1,,1,,1,2,,,,,1,,"Shah, Muna",,,,,,mxs137630,,Principles of Geospatial Information Sciences 
MATH,6325,501,,5,2,3,,,,,,,,,,,"Krawcewicz, Wieslaw Z",,,,,,wzk091000,wieslaw krawcewicz,Nonlinear Analysis I 
MILS,180,101,,10,,,,,,,,,,,,,,,,,,,,,
COMD,7V82,001,,8,,2,,,,,,,,,,,"Goffman, Lisa A",,,,,,lag160930,,Special Topics in Communication Disorders 
PHYS,4V11,001,,7,2,,1,,,,,,,,,,"Zhang, Chuanwei",,,,,,cxz124830,chuanwei zhang,Topics in Physics 
ATCM,3320,001,2,1,1,2,1,2,1,,,,,,,,"Llamas Rodriguez, Juan A",,,,,,jal171330,juan rodriguez,Critical Media Theories 
COMD,7336,001,,10,,,,,,,,,,,,,"Rollins, Pamela R",,,,,,rollins,pam rollins,Social Communication in Early Childhood Disorders 
PA,7305,001,,4,5,1,,,,,,,,,,,"Kiel, Lowell D",,,,,,dkiel,,Leadership and Change in Public and Nonprofit Organizations 
OPRE,6301,CW1,,3,4,1,,2,,,,,,,,,"Kim, Dohyeong",,,,,,dxk132530,dohyeong kim,
HDCD,6315,002,,7,4,,,,,,,,,,,,"Ewing, Donna M",,,,,,dme061000,donna ewing,Assessment Theory 
PSY,3362,001,,3,1,1,2,1,,1,,,1,,1,,"Mills, Candice M","Zhao, Yuguang",,,,,cxm056000,candice mills,Cognitive Development 
CS,6367,001,,4,5,2,,,,,,,,,,,"Wong, Weichen E",,,,,,wew021000,weichen wong,Software Testing  Validation and Verification 
EE,3110,101,3,6,,1,,,,,1,,,,,,"Lee, Jeong-Bong","Liu, Jinbo",,,,,jblee,jeong bong lee,Electronic Devices Laboratory 
EE,3110,103,3,3,,,1,,1,1,2,,,,,,"Lee, Jeong-Bong","Choi, Ye I",,,,,jblee,jeong bong lee,Electronic Devices Laboratory 
EPCS,3100,001,,4,1,1,4,,,,,,1,,,,"Gans, Nicholas R",,,,,,nrg092000,nicholas gans,Engineering Project in Community Service II 
MSEN,5300,501,,5,3,1,1,1,,,,,,,,,"Kim, Jiyoung",,,,,,jxk041000,,Introduction to Materials Science 
SE,3340,002,,1,,,5,,,1,,,,,4,,"Goodrum, Richard A","Tran, Trung Hieu","Shahbazi, Nima",,,,rag150330,richard goodrum,Computer Architecture 
SE,3341,001,2,1,1,2,,,,,2,1,,1,1,,"Whalen, Tristan G","Thompson, Patrick A",,,,,tgw100020,tristan whalen,Probability and Statistics in Computer Science and Software Engineering 
AMS,4305,501,,3,,4,2,2,,,,,,,,,"Cotton, Scott C",,,,,,sxc024200,scott cotton,World History for Teachers 
MATH,3305,501,,9,1,,1,,,,,,,,,,"Andreescu, Titu",,,,,,txa051000,titu andreescu,Foundations of Measurement and Informal Geometry 
CS,6301,008,,6,5,,,,,,,,,,,,"Hao, Shuang",,,,,,sxh178730,shuang hao,Special Topics in Computer Science 
SE,3340,001,,1,,3,1,3,2,,,,,,1,,"Nguyen, Nhut",,,,,,nhutnn,nhut nguyen,Computer Architecture 
ECON,6332,001,,7,1,2,1,,,,,,,,,,"Andrews, Rodney J",,,,,,rja091000,rodney andrews,Labor Economics II 
ED,4359,0W1,1,4,1,1,1,,,,,,1,,2,,"Root, Alexey",,,,,,aroot,alexey root,Chess II  Institutional and Cultural Contexts of Chess 
RMIS,3370,001,2,3,2,1,,2,,,1,,,,,,"Richardson, Debra L",,,,,,dlr150330,debra richardson,Principles of Risk Management and Insurance 
HUMA,6300,501,,3,6,,2,,,,,,,,,,"Rodriguez, Robert X",,,,,,rxr014610,robert rodriguez,Interdisciplinary Approaches to the Arts and Humanities 
HONS,3199,HN4,,7,3,1,,,,,,,,,,,"Wickberg, Daniel",,,,,,wickberg,daniel wickberg,Collegium V Honors Readings 
BCOM,3310,008,4,3,1,,1,1,1,,,,,,,,"Marchant, Joe T",,,,,,jtm014200,joe marchant,Business Communication 
ENTP,6315,501,,2,5,2,1,1,,,,,,,,,"Pedigo, Madison F",,,,,,mfp013000,madison pedigo,Entrepreneurial Finance 
FIN,4334,501,,1,1,1,1,2,,1,1,,,1,2,,"Kaplan, Larry S",,,,,,lsk140130,larry kaplan,Insurance Law and Contracts 
OPRE,6398,002,,5,,,6,,,,,,,,,,"Alimirzaei, Athena","Armaghan, Milad",,,,,axa134231,athena alimirzaei,Prescriptive Analytics 
ARTS,2316,501,2,5,4,,,,,,,,,,,,"Egan, Trey T",,,,,,tte150130,trey egan,Painting Foundations 
OPRE,6382,0W1,,10,,1,,,,,,,,,,,"Vicario, Joe","Divin, Diane",,,,,jav170030,,Import and Export Trade Compliance 
THEA,3310,501,2,8,1,,,,,,,,,,,,"Hibbs, Shelby A",,,,,,sah140730,shelby hibbs,Theatre Performance Ensemble 
CE,3102,101,,9,,,2,,,,,,,,,,"Hu, Yang","Bo, Yu","Wei, Haoran","Azarang, Arian",,,yxh177430,yang hu,Signals and Systems Laboratory 
CE,3110,101,2,1,,2,,,3,1,1,,1,,,,"Lee, Jeong-Bong","Liu, Jinbo",,,,,jblee,jeong bong lee,Electronic Devices Laboratory 
CE,3110,105,4,3,,3,1,,,,,,,,,,"Lee, Jeong-Bong","Choi, Ye I",,,,,jblee,jeong bong lee,Electronic Devices Laboratory 
EE,3111,103,1,9,,,,1,,,,,,,,,"Lee, Gil S","Chen, Chen",,,,,gslee,gill lee,Electronic Circuits Laboratory 
EE,3120,105,,10,,,,,,,,,,,1,,"Zhou, Dian","Wang, Yifan",,,,,zhoud,dian zhou,Digital Circuits Laboratory 
PSCI,6350,001,,5,2,1,2,,,,,,,,1,,"Brandt, Patrick",,,,,,pxb054000,patrick brandt,Logic  Methodology  and Scope of Political Science 
HMGT,6324,0W1,,10,,1,,,,,,,,,,,"Ziegler, Laurie","Lu, Xi",,,,,ziegler,laurie ziegler,Healthcare Negotiation and Dispute Resolution 
GEOS,5315,001,,4,5,1,1,,,,,,,,,,"Manton, William I",,,,,,manton,william manton,The Earth  An Overview 
NATS,3343,001,,6,,1,2,,,1,,,,,1,,"Dorsey, Floyd Z",,,,,,fzd110020,floyd dorsey,Classroom Interactions 
NATS,3343,002,,3,4,,,2,,,,,,1,1,,"McConnell, James S","Kirkland, Pamela I",,,,,jsm019600,james mcconnell,Classroom Interactions 
PHYS,2126,117,2,7,1,,,,,,,,,,1,,"Sun, Kuei","Koirala, Pawan",,,,,kxs147030,kuei sun,Physics Laboratory II 
MECO,7312,001,,,,,,,,,,,,,,,"Chiong, Khai X",,,,,,kxc173030,khai chiong,Advanced Statistics and Probability 
BIS,3320,005,,2,2,2,3,,1,1,,,,,,,"Pogue, Neall W",,,,,,nxp174730,neall pogue,The Nature of Intellectual Inquiry 
ECON,5397,501,,10,1,,,,,,,,,,,,"Valcarcel, Victor J",,,,,,vjv150130,victor valcarcel,Special Topics in Economics 
MIS,6363,001,,5,4,,2,,,,,,,,,,"Ahluwalia, Gurvinder S","Dandra, Pravin Basanna",,,,,gsa021000,gurvinder ahluwalia,Cloud Computing 
HUSL,7372,001,,5,2,4,,,,,,,,,,,"Hatfield, Charles D",,,,,,cxh074100,charles hatfield,Advanced Studies in Literature and Society 
GISC,4380,001,,3,,1,3,3,,,,,1,,,,"Yuan, May","Karale, Yogita Y",,,,,mxy141230,,Spatial Concepts and Organization 
DANC,3340,001,,3,5,1,1,1,,1,,,,,,,"Hanlon, Michele J",,,,,,mhanlon,,Dance in Historical Context 
ATCM,4319,002,3,5,1,,2,1,,,,,,,,,"Kitagawa, Midori",,,,,,mxk047100,,Topics in Animation 
CS,7301,004,,11,1,,,,,,,,,,,,"Wu, Wei L","Li, Yi",,,,,wxw020100,weili wu,Recent Advances in Computing 
EE,3101,102,,6,,1,2,1,1,,,,,,1,,"Friedman, Joseph S","Bo, Yu","Thakur, Sneha","Nahar, Lubaba M",,,jsf160330,joseph friedman,Electrical Network Analysis Laboratory 
GEOG,3304,001,2,4,3,,1,,1,,,,,,1,,"Shah, Muna",,,,,,mxs137630,,Principles of Geospatial Information Sciences 
AMS,4304,001,,3,2,2,2,,,,1,1,,,1,,"Naqvi, Syed K",,,,,,skn180000,syed naqvi,Communication in America 
ED,4352,501,,4,3,1,1,2,1,,,,,,,,"McNulty, Angela B",,,,,,mcnulty,,Reading I  Learning to Read 
BUAN,6340,003,,4,3,3,2,,,,,,,,,,"Ge, Ling","Shankar, Santhosh",,,,,lxg180006,,Programming for Data Science 
FIN,4337,501,1,2,3,3,,,,2,1,,,,,,"Richards, James R",,,,,,jrr013500,james richards,Business Valuation 
IMS,6365,001,,8,2,2,,,,,,,,,,,"Woldu, Habte G","Dakshinamoorthy, Sowmika",,,,,wolduh,habte woldu,Cross-Culture Communication and Management 
MIS,6378,001,,4,2,1,1,4,,,,,,,,,"Bradbury, Judd D","Sharma, Aman",,,,,jdb101000,judd bradbury,Enterprise Systems and CRM 
MATH,6324,001,,5,3,4,,,,,,,,,,,"Rachinskiy, Dmitry",,,,,,dxr124030,dmitry rachinskiy,Applied Dynamical Systems I 
CE,3345,003,1,6,,2,2,1,,,,,,,,,"Chida, Anjum","Mousavi, Pooneh",,,,,axc157030,anjum chida,Data Structures and Introduction to Algorithmic Analysis 
ECON,5321,001,,3,1,2,3,,,3,,,,,,,"Hedlund, Jonas","Zhang, Jinglun",,,,,jxh180030,jonas hedlund,Microeconomic Theory for Applications 
EPPS,7313,501,,4,3,2,1,1,,1,,,,,,,"Kim, Dohyeong","Zaychik, Danielle",,,,,dxk132530,dohyeong kim,Descriptive and Inferential Statistics 
MECO,6312,0W1,,1,1,3,2,4,1,,,,,,,,"Blueshtein, Moran","Oyima-Antseleve, Ndackyssa",,,,,mxb135230,moran blueshtein,Applied Econometrics and Time Series Analysis 
OPRE,6367,001,,12,,,,,,,,,,,,,"Parks, David","Seripalli, Dilip Kumar",,,,,dxp153830,david parks,Capstone Projects in Supply Chain Management 
BIOL,4356,001,4,3,,2,2,1,,,,,,,,,"Du, Heng","Srikanth, Uma","Gauba, Esha",,,,hxd131030,heng du,Molecular Neuropathology 
HONS,3112,HN1,4,2,1,3,1,,1,,,,,,,,"Kaplan, Marilyn R",,,,,,mkaplan,marilyn kaplan,Contemporary Topics in Business 
ACCT,6370,501,,6,4,1,1,,,,,,,,,,"Betanzos, Christina L",,,,,,clb120030,christina betanzos,Business Law 
ENTP,6380,501,,3,,3,3,1,,2,,,,,,,"Picken, Joseph C",,,,,,jcp016300,joseph picken,Market Entry Strategies 
MIS,6320,501,,6,1,1,2,1,1,,,,,,,,"Cavusoglu, Huseyin","Pham, Trang T",,,,,huseyin,huseyin cavusoglu,Database Foundations 
FIN,6315,501,,,4,3,5,,,,,,,,,,"Pedigo, Madison F",,,,,,mfp013000,madison pedigo,Entrepreneurial Finance 
MIS,6369,501,,6,,,6,,,,,,,,,,"Deluke, Eugene","Gaglani, Kajal M",,,,,gxd052000,eugene deluke,Supply Chain Software 
HUHI,6351,001,,5,3,3,1,,,,,,,,,,"Gossin, Pamela",,,,,,psgossin,pamela gossin,History and Philosophy of Science and Technology 
HCS,7351,001,,12,,,,,,,,,,,,,"Thompson, Lucien",,,,,,tres,lucien thompson,Aging and the Nervous System 
BMEN,3120,101,,2,2,2,4,,2,,,,,,,,"Winter, Patrick M","Atmaramani, Rahul","Lam, Kevin Hao Su","Abbott, Justin","Ganguly, Antra",,pxw151030,patrick winter,Biomedical Circuits and Instrumentation Laboratory 
BMEN,3120,106,,5,1,3,2,,,,,,,,1,,"Ali, Tariq M","Atmaramani, Rahul",,,,,tma051000,tariq ali,Biomedical Circuits and Instrumentation Laboratory 
BMEN,3120,108,4,2,3,3,,,,,,,,,,,"Ali, Tariq M","Lam, Kevin Hao Su",,,,,tma051000,tariq ali,Biomedical Circuits and Instrumentation Laboratory 
EE,3101,105,,10,,1,,,,,,,,,1,,"Friedman, Joseph S","Li, Chen","Nahar, Lubaba M",,,,jsf160330,joseph friedman,Electrical Network Analysis Laboratory 
EE,3110,104,2,6,,,1,,,,2,,,,1,,"Lee, Jeong-Bong","Wang, Zhengyang",,,,,jblee,jeong bong lee,Electronic Devices Laboratory 
EE,3120,101,,11,,,,,,1,,,,,,,"Zhou, Dian","Ren, Jiajun",,,,,zhoud,dian zhou,Digital Circuits Laboratory 
EEPE,7356,001,,11,1,,,,,,,,,,,,"Fahimi, Babak",,,,,,bxf102000,babak fahimi,Computer Aided Design of Electric Machines 
MECH,4382,002,,2,5,2,1,2,,,,,,,,,"Hart, Robert A","Gravell, Jamie D",,,,,rxh124630,robert hart,Senior Design Project II 
SE,4347,502,,8,2,2,,,,,,,,,,,"Culver, Timothy L","Torabi, Behnam",,,,,tlc130230,timothy culver,Database Systems 
CRIM,6313,001,,2,4,3,3,,,,,,,,,,"Vieraitis, Lynne M",,,,,,lmv071000,lynne vieraitis,Corrections 
PSCI,4V67,HN1,10,2,,,,,,,,,,,,,"Kirby, Barbara E",,,,,,bek018000,barbara kirby,Moot Court 
ED,3342,501,,8,3,,,,1,,,,,,,,"Parker, Teresa L",,,,,,tparker,teresa parker,Classroom Management Grades EC - 6 
ED,4345,001,,5,4,1,1,1,,,,,,,,,"Haun, Julia T",,,,,,jlb018300,julia haun,Social Studies Methods for Grades EC - 6 
ED,4345,501,,9,2,,,,,1,,,,,,,"Weiner, Michelle L",,,,,,mxw051000,michelle weiner,Social Studies Methods for Grades EC - 6 
OB,6303,501,,7,4,1,,,,,,,,,,,"Olsztynska, Agnieszka",,,,,,axo027000,agnieszka olsztynska,Managing Organizations 
SCI,5340,0W1,,12,,,,,,,,,,,,,"Stuart, Georgia K",,,,,,gks090020,,Statistics for Science Mathematics Education 
HCS,7121,001,,,,,,,,,,,,,,,"Kroener, Sven",,,,,,sxk101000,sven kroener,Graduate Seminar in Systems Neuroscience 
BUAN,6V99,004,,10,,,,,,,,,,,,,"Jilani, Shakoor A","Dheram, Geyasruti",,,,,saj042000,shakoor jilani,Special Topics in Business Analytics 
HIST,3302,001,,1,5,4,,1,1,1,,,,,,,"Jakobsson, Pia K",,,,,,pkj010100,pia jakobsson,Gender in Western Thought 
LIT,2329,501,3,2,1,1,1,2,2,1,,,,,,,"Starnaman, Sabrina",,,,,,sxs090100,sabrina starnaman,Introduction to Ethnic American Literature 
CLDP,3339,002,,7,,1,1,,,2,1,,1,,,,"Santrock, John W",,,,,,santrock,john santrock,Educational Psychology 
CE,3120,104,,12,,,,,,,,,,,1,,"Zhou, Dian","Ren, Jiajun",,,,,zhoud,dian zhou,Digital Circuits Laboratory 
EE,3110,102,2,5,,4,1,,1,,,,,,,,"Lee, Jeong-Bong","Chen, Ziyu",,,,,jblee,jeong bong lee,Electronic Devices Laboratory 
PA,6348,0W1,,13,,,,,,,,,,,,,"Benavides, Teodoro J",,,,,,tjb051000,teodoro benavides,Navigating the Public Service Workplace 
MATH,6346,001,,2,5,,6,,,,,,,,,,"Cao, Yan",,,,,,yxc069200,yan cao,Medical Image Analysis 
NATS,4141,501,,10,1,1,,1,,,,,,,,,"Gammons Jr, Billy G","McConnell, James S",,,,,bgg021000,,UTeach Apprentice Teaching Seminar 
ACCT,6349,0W1,,12,1,,,,,,,,,,,,"Majumdar, Sumit K","Sun, Geng",,,,,skm021100,sumit majumdar,Managing Digital Strategy 
HONS,3113,HN1,8,5,,,,,,,,,,,,,"Page, Ivor",,,,,,ivor,ivor page,Lives of the Genus Genius 
MIS,6319,501,,9,,,4,,,,,,,,,,"Thompson, Luell O","Pearam, Swetha S",,,,,lot013000,luell thompson,Enterprise Resource Planning 
PSY,3100,501,8,4,1,,,,,,,,,,,,"Choate, Michael J",,,,,,mchoate,michael choate,Careers in Psychology 
CS,6301,002,,8,2,3,,,,,,,,,,,"Chandrasekaran, Ramaswamy",,,,,,chandra,ramaswamy chandrasekaran,Special Topics in Computer Science 
ARTS,4368,001,7,6,,,,,,,,,,,,,"Pomara, John",,,,,,pomara,john pomara,Advanced Visual Arts 
BMEN,3120,107,2,3,2,3,2,,,1,,,,,,,"Ali, Tariq M","Ganguly, Antra",,,,,tma051000,tariq ali,Biomedical Circuits and Instrumentation Laboratory 
CE,3101,101,,6,3,,1,,1,,,,,,2,,"Friedman, Joseph S","Thakur, Sneha","Nahar, Lubaba M",,,,jsf160330,joseph friedman,Electrical Network Analysis Laboratory 
MECH,4382,001,,2,5,1,3,2,,,,,,,,,"Hart, Robert A","Gravell, Jamie D","Wilt, James C",,,,rxh124630,robert hart,Senior Design Project II 
AMS,4300,001,13,,,,,,,,,,,,,,"Starke, Tamera",,,,,,txs180008,,Oral and Written Communication for the Classroom 
ED,4363,001,,5,5,,2,1,,,,,,,,,"Leek, Patricia A",,,,,,santine,patricia leek,Reading II ELAR Methods 
ENTP,3360,001,1,,2,,3,3,1,2,1,,,,,,"Pedigo, Madison F",,,,,,mfp013000,madison pedigo,Entrepreneurial Finance 
HMGT,6331,CH1,,10,2,,1,,,,,,,,,,"Jacob, Stephen",,,,,,,stephen jacob,
SYSM,6312,SS1,,4,3,1,3,2,,,,,,,,,"Sanderson, Scott",,,,,,,scott sanderson,
CHEM,6V69,501,,12,1,,,,,,,,,,,,"Lee, Jiyong",,,,,,jxl127631,jiyong lee,Special Topics in Biochemistry 
MATH,3303,001,2,1,3,3,2,,,,1,1,,,,,"Lalani, Amin",,,,,,axl120130,amin lalani,Introduction to Mathematical Modeling 
PHYS,4386,501,4,4,3,,1,1,,,,,,,,,"Lou, Xinchou",,,,,,xinchou,,Elementary Particle Physics 
BIOL,6252,001,,,,,,,,,,,,,,,"Kim, Tae Hoon",,,,,,txk142630,,Current Research in Molecular Biology 
AUD,7V82,001,,,,,,,,,,,,,,,"Thibodeau, Linda K",,,,,,thib,linda thibodeau,Special Topics in Hearing Science and Audiology 
AUD,7338,001,,4,5,2,1,,,,,,,,,,"Cokely, Carol G","Fowler, Stephanie L",,,,,cgc016200,,Research in Audiology 
SE,6356,MS1,,6,,2,1,,2,,,,,,1,,"Marcus, Andrian","Chaparro Arenas, Oscar Javier",,,,,axm141731,andrian marcus,
HUSL,6308,001,,6,1,4,1,1,,,,,,,,,"Cotter, Sean J",,,,,,sjc010100,sean cotter,Studies in Literary Forms and Genres 
BUAN,6346,003,,8,5,,,,,,,,,,,,"Perez, Jerry","Sharma, Supriya",,,,,jxp180019,jerry perez,Big Data 
AUD,7327,001,,8,3,1,1,,,,,,,,,,"Lobarinas, Edward",,,,,,exl152130,,Evaluation and Fitting of Amplification Systems 
PPPE,6329,501,,8,3,1,1,,,,,,,,,,"Leaf, Murray J",,,,,,mjleaf,murray leaf,Ethics  Culture  and Public Policy 
ARTS,3315,001,5,8,,,,,,,,,,,1,,"Curry, Val",,,,,,vxc110930,val curry,The Art of Tinkering  Creating at the intersection of Art  Science and Technology 
CRWT,3330,001,,5,4,,2,1,1,1,,,,,,,"Vincent, Shelby D",,,,,,sdv034000,shelby vincent,Translation Workshop 
LIT,3319,001,,3,1,5,,1,1,1,,,,,2,,"Starnaman, Sabrina",,,,,,sxs090100,sabrina starnaman,Contexts 
THEA,2371,001,11,2,,,,,,1,,,,,,,"Trevino, Christopher L",,,,,,clt140330,christopher trevino,Technical Theatre 1 
HDCD,6312,001,,9,4,,1,,,,,,,,,,"Ewing, Donna M",,,,,,dme061000,donna ewing,Atypical Development 
NSC,4353,103,1,1,6,2,3,1,,,,,,,,,"McWilliams, Steven P","Driskill, Christopher M",,,,,sxm127330,steven mcwilliams,Neuroscience Laboratory Methods 
MECH,4381,003,,2,3,6,3,,,,,,,,,,"Hart, Robert A","Gravell, Jamie D","Park, Wooram",,,,rxh124630,robert hart,Senior Design Project I 
SOC,3315,HN1,2,11,1,,,,,,,,,,,,"De Olivares, Karen L",,,,,,kxd124130,,Socio-Behavioral Sciences for Medicine 
HONS,3199,H11,,13,1,,,,,,,,,,,,"Ubellacker, Jessalyn",,,,,,jxu180001,,Collegium V Honors Readings 
ENTP,3320,001,,3,2,1,7,1,,,,,,,,,"Wright, Robert G",,,,,,rgw091000,robert wright,Start-up Launch I 
OBHR,3310,503,1,2,2,4,3,,1,,,,,,1,,"Boncoeur, Olivier D",,,,,,odb160030,,Organizational Behavior 
BIOL,4380,301,,3,1,4,,2,1,,1,2,,,,,"Borovkov, Irina G","Brathaban, Nivetha",,,,,ixb053000,irina borovkov,Cell and Molecular Biology Laboratory 
STAT,6390,001,,13,,,,,,,,,,,1,,"Chiou, Sy Han",,,,,,sxc172931,sy han steven chiou,Topics in Statistics - Level 6 
MECH,3120,108,6,5,2,1,,,,,,,,,,,"Hassanipour, Fatemeh","Jiang, Lin",,,,,fxh091000,fatemeh hassanipour,Heat Transfer Laboratory 
SE,3354,002,,,5,1,1,3,1,,2,1,,,,,"Paulk, Mark C","Chaparro Arenas, Oscar Javier","Dong, Hailiang",,,,mcp130030,mark paulk,Software Engineering 
PA,3378,001,6,3,2,1,1,1,,,,,,,,,"Hoang, Trang T",,,,,,tth130030,,Public Finance and Economics 
SOC,2300,001,1,3,1,3,5,,,,,,1,,,,"Smith, Erin",,,,,,erins,erin smith,Introduction to Gender Studies 
HONS,3114,HN1,2,12,,,,,,,,,,,,,"Thompson, Christina M",,,,,,cmt120030,christina thompson,Scientific Research Concepts 
HONS,3199,H12,9,5,,,,,,,,,,,,,"Basuray, Soumik",,,,,,sxb180073,,Collegium V Honors Readings 
HONS,3199,HN1,3,8,3,,,,,,,,,,,,"Rippel, Scott A","Thompson, Christina M",,,,,rippel,scott rippel,Collegium V Honors Readings 
BIOL,4360,001,2,2,1,2,1,1,1,,,,2,1,1,,"Pickett, Elizabeth A",,,,,,eaw016100,elizabeth pickett,Evolution and Development 
MUSI,2325,001,5,4,1,,1,,,1,,,,,2,,"Hughes, William K",,,,,,wkh150030,william hughes,Vocal Instruction I 
BMEN,6V87,005,,13,,1,,,,,,,,,,,"Porter, Benjamin A",,,,,,bap061000,benjamin porter,Special Topics in Biomedical Engineering 
CS,6301,004,,5,2,4,,,,,,,,,3,,"Hamlen, Kevin",,,,,,kxh060100,kevin hamlen,Special Topics in Computer Science 
ACCT,6334,501,,1,4,2,2,3,2,,,,,,,,"Hes, Christopher A","Anwer, Jordan J",,,,,cah041000,christopher hess,Auditing 
HONS,3199,H15,1,7,5,,,,,,1,,,,,,"Harrington, James","Park, Yong Jun",,,,,jxh134630,james harrington,Collegium V Honors Readings 
MIS,6364,501,,3,3,5,3,,,,,,,,,,"Narayan, Ravishankar L",,,,,,rln130030,ravishankar narayan,Enterprise Architecture  Modeling the Digital Enterprise 
CRWT,3307,002,,12,2,,,,,,,,,,,,"Kimzey, Blake G",,,,,,bgk140130,blake kimzey,Creating Short Stories 
CRWT,3351,HN1,2,8,3,,1,,,,,,,,,,"Leverone, Julia",,,,,,jxl162631,julia leverone,Creating Poetry 
ATCM,4379,002,5,1,8,,,,,,,,,,,,"Chandler, Adam W",,,,,,awc051000,adam chandler,Topics in Games 
AUD,6V20,102,,14,,,,,,,,,,,,,"Lobarinas, Edward","Warner-Czyz, Andrea D","Wiseman, Kathryn","Grinn, Sarah",,,exl152130,,Laboratory Procedures in Audiology and Hearing Science 
AUD,7324,001,,5,5,2,1,1,,,,,,,,,"Warner-Czyz, Andrea D","Wiseman, Kathryn",,,,,adw052000,andrea warner czyz,Seminar in Cochlear Implants and Technology for Persons with Hearing Impairments 
BMEN,6V87,006,,9,2,,2,,1,,,,,,,,"Varner, Victor",,,,,,vxv162230,victor varner,Special Topics in Biomedical Engineering 
CE,4388,003,,9,1,,2,1,1,,,,,,,,"Skinner, Neal G",,,,,,skinner,neal skinner,Senior Design Project I 
EE,3111,102,,8,2,,3,,,1,,,,,,,"Lee, Gil S","Cheng, Qi",,,,,gslee,gill lee,Electronic Circuits Laboratory 
MECH,4381,004,,4,3,3,3,1,,,,,,,,,"Hart, Robert A","Gravell, Jamie D","Dai, Xianming",,,,rxh124630,robert hart,Senior Design Project I 
SE,3341,004,3,1,,1,1,1,2,3,,,1,,1,,"Whalen, Tristan G","Rajapaksha, Rajapaksha Mudalige S",,,,,tgw100020,tristan whalen,Probability and Statistics in Computer Science and Software Engineering 
SE,6367,MS1,,14,,,,,,,,,,,,,"Wong, Weichen E",,,,,,wew021000,weichen wong,
ED,3342,001,,13,,,1,,,,,,,,,,"Parker, Teresa L",,,,,,tparker,teresa parker,Classroom Management Grades EC - 6 
ED,3345,001,,7,4,,1,2,,,,,,,,,"McNulty, Angela B",,,,,,mcnulty,,Art  Music  and Physical Development Grades EC - 6 
ED,4344,501,1,4,5,4,,,,,,,,,,,"Huisman, Ingrid",,,,,,ibh013000,ingrid huisman,Mathematics Methods for Elementary Teachers 
ED,4353,001,14,,,,,,,,,,,,,,"Starke, Tamera",,,,,,txs180008,,Reading in Secondary Content 
ACCT,6301,GH1,,12,1,1,,,,,,,,,,,"Barden, John P",,,,,,jpb063000,john barden,
BCOM,3100,003,1,5,3,,2,1,,,,,,,2,,"de los Santos, Veronica",,,,,,vxd171930,veronica de los santos,Professional Development 
MIS,6204,GH1,,13,1,,,,,,,,,,,,"Nietubicz, Richard A",,,,,,,richard nietubicz,
MKT,4370,001,6,5,,1,,1,1,,,,,,,,"Egeland, Rita E",,,,,,rxb154430,rita bargerhuff egeland,Marketing Projects 
MKT,4380,001,,6,2,2,4,,,,,,,,,,"Wu, Fang","Zihagh, Fereshteh",,,,,fxw052000,fang wu,Capstone Course in Marketing 
OB,6301,CH2,,14,,,,,,,,,,,,,"Ferrante, Anne M",,,,,,,anne ferrante,
OB,6301,GH1,,8,5,,,,1,,,,,,,,"Hicks, Jeffrey N",,,,,,jnh061000,jeffrey hicks,
OPRE,6301,GH1,,8,3,1,1,,,1,,,,,,,"Bush, Rhonda L","Wang, Shouqiang",,,,,,rhonda bush,
PHYS,4373,101,,10,2,2,,,,,,,,,,,"Slinker, Jason D","Wettasinghe, Ashan P",,,,,jds107020,jason slinker,Physical Measurements Laboratory 
HONS,3199,H13,1,12,,,,,,,,,,,,,"Hatfield, Charles D",,,,,,cxh074100,charles hatfield,Collegium V Honors Readings 
HONS,3108,HN1,2,12,,,,,,,,,,,,,"Prakash, Ravi",,,,,,ravip,ravi prakash,Internet and Public Policy 
HCS,7309,001,,5,3,2,3,,1,,,,,,,,"Hart, John",,,,,,jxh057100,,Neural Correlates of Human Cognition  Lesion-Deficit Models 
HUSL,6350,501,,6,4,1,1,,,2,,,,,,,"Prieto, Rene",,,,,,rxp113230,rene prieto,Literature of the Nineteenth Century 
HONS,3199,HN2,3,7,4,,,,,,,,,,,,"LaDow, Eva S",,,,,,esl130130,eva ladow,Collegium V Honors Readings 
SMED,5303,501,,12,1,,,,,1,,,,,,,"McConnell, James S",,,,,,jsm019600,james mcconnell,Introduction to Research and Evaluation in Science and Mathematics Education  (3 Semester Credit Hours)
CHIN,1311,001,7,3,4,,,,,,,,,,1,,"Chen, Bei",,,,,,bxc152730,bei chen,Beginning Chinese I 
CRWT,2301,501,,10,4,1,,,,,,,,,,,"Kimzey, Blake G",,,,,,bgk140130,blake kimzey,Introductory Creative Writing 
MUSI,3186,001,,14,,,,,,1,,,,,,,"Durbin, Kelly",,,,,,kpdurbin,kelly durbin,Jazz Ensemble II 
CE,3102,103,,14,,,1,,,,,,,,,,"Hu, Yang","Wang, Jianda","Wei, Haoran","Bo, Yu",,,yxh177430,yang hu,Signals and Systems Laboratory 
SE,3162,094,,10,1,1,,,1,,,,,,2,,"Smith, Klyne",,,,,,kxs180052,klyne smith,Professional Responsibility in Computer Science and Software Engineering 
GISC,6325,501,,5,5,,2,,,1,,,,,2,,"Cummings, Anthony R","Liau, Yan-Ting",,,,,arc131030,anthony cummings,Remote Sensing Fundamentals 
HONS,3101,HN1,,13,,,2,,,,,,,,,,"Harpham, Edward",,,,,,harpham,edward harpham,Medicine  Politics  and Philosophy 
HONS,3111,HN1,2,12,1,,,,,,,,,,,,"Thompson, Christina M",,,,,,cmt120030,christina thompson,Science Fiction 
HONS,3199,H14,,15,,,,,,,,,,,,,"Rankin, Monica A",,,,,,mar046000,monica rankin,Collegium V Honors Readings 
HONS,3199,HN6,,15,,,,,,,,,,,,,"Stefan, Mihaela C",,,,,,mci071000,mihaela stefan,Collegium V Honors Readings 
ENGY,6V99,001,,15,,,,,,,,,,,,,"Molina, Stephen",,,,,,sxm163630,stephen molina,Special Topics in Energy Management 
FERM,6332,FS1,,4,3,2,3,3,,,,,,,,,"Xiao, Wenjing",,,,,,swx170030,wenjing xiao,
BIOL,3357,001,2,2,7,3,,1,,,,,,,,,"Hill, Brenna R",,,,,,brh140230,brenna hill,Mammalian Physiology with Lab 
ARTS,3364,001,4,11,,,,,,,,,,,,,"Brown-Pearn, Spencer S",,,,,,ssb062000,spencer brown pearn,Silkscreen Printmaking 
BMEN,4110,101,6,1,1,4,2,,,,,,,,1,,"Ardestani Khoubrouy, Soudeh","Sanchez, Camilo A",,,,,sxa074200,soudeh khoubrouy,Biomedical Feedback Systems Laboratory 
BMEN,4110,104,4,2,1,2,,,2,,4,,,,,,"Ardestani Khoubrouy, Soudeh","Abraham, Alejandro",,,,,sxa074200,soudeh khoubrouy,Biomedical Feedback Systems Laboratory 
ACCT,6332,0W1,,2,1,2,2,2,4,2,,,,,,,"Bortz, Tiffany A","Sarman, Patrick R",,,,,tabortz,tiffany bortz,Intermediate Financial Accounting II 
OPRE,7353,001,,6,3,3,3,,,,,,,,,,"Dawande, Milind",,,,,,milind,milind dawande,Optimization 
CRWT,2301,001,5,8,1,1,,,,,,,,,,,"Norman, Susan M",,,,,,smw011400,,Introductory Creative Writing 
MKT,6352,502,,3,1,6,5,,,,,,,,,,"Friedman, Joshua B",,,,,,jxf172130,,Marketing Web Analytics and Insights 
BIOL,4380,304,,3,1,3,3,3,,1,,,,1,,,"Borovkov, Irina G","Wei, Hong",,,,,ixb053000,irina borovkov,Cell and Molecular Biology Laboratory 
GEOS,2302,001,1,1,2,1,3,3,3,,1,,,,,,"Cummings, Anthony R","Liau, Yan-Ting",,,,,arc131030,anthony cummings,The Global Environment 
DANC,2333,001,12,1,1,1,,,,,,,,,,,"Owens, Misty",,,,,,mxo122530,misty owens,Jazz Dance 1 
ARTS,3376,001,1,7,4,,2,,,1,,,,,,,"Carter, Rebecca S",,,,,,rsc150030,,Time-Based Art 
MECO,6312,502,,7,6,1,1,,,,,,,,,,"Zentner, Alejandro","Rupp, Anin D",,,,,axz051000,alejandro zentner,Applied Econometrics and Time Series Analysis 
MIS,6357,001,,15,,,,,,,,,,,,,"Johnston, Walter L",,,,,,wlj031000,walter johnston,Advanced Business Analytics Using R 
BUAN,6340,002,,4,8,2,,,,,,,,,1,,"Ge, Ling","Shankar, Santhosh",,,,,lxg180006,,Programming for Data Science 
LIT,2341,501,,4,6,2,3,,,,,,,,,,"Austin-Bolt, Caroline M",,,,,,cma052000,caroline austin bolt,Literary Analysis 
MUSI,3380,001,,8,5,2,,,,,,,,,,,"Madriguera, Enric F",,,,,,efm011000,,Guitar II 
ATCM,4320,001,,4,8,2,,,,,,,,,1,,"Nguyen, Josef D",,,,,,jdn160330,josef nguyen,Political Economy of Digital Media 
ATCM,4395,001,,6,1,,2,,1,2,,,1,,2,,"Nguyen, Josef D",,,,,,jdn160330,josef nguyen,Advanced Topics in Arts  Technology  and Emerging Media 
AUD,7310,001,,14,,1,,,,,,,,,,,"Clark, Jackie L",,,,,,jclark,jackie clark,Professional Issues in Audiology 
CGS,3361,001,1,1,1,1,1,3,3,1,1,2,,,,,"Wig, Gagandeep S","Agres, Phillip F",,,,,gsw130130,gagan wig,Cognitive Psychology 
HDCD,6319,001,,13,,,1,,,1,,,,,,,"Touchstone, Emily W",,,,,,exw010200,emily touchstone,The Developing Child  Infants and Toddlers 
BMEN,3130,102,,3,6,3,1,,,1,,,,,1,,"Bian, Fang","Shihabeddin, Tarik",,,,,fxb180003,,Engineering Physiology Laboratory 
BMEN,4110,105,1,5,1,,3,3,,2,,,,,,,"Pacheco, Joe","Sanchez, Camilo A","Jang, Jaein",,,,jxp142030,,Biomedical Feedback Systems Laboratory 
BMEN,4110,106,,5,4,1,4,,1,,,,,,,,"Pacheco, Joe","Sanchez, Camilo A","Jang, Jaein",,,,jxp142030,,Biomedical Feedback Systems Laboratory 
CS,4141,115,13,,,,,,1,,,,,,1,,"Becker, Eric W","Shah, Trusit Sandipbhai","Adebiyi, Abdulmateen A",,,,ewb160130,eric becker,Digital Systems Laboratory 
EE,3111,101,,8,5,1,,,,,,,,,1,,"Lee, Gil S","Cheng, Qi",,,,,gslee,gill lee,Electronic Circuits Laboratory 
EE,4391,001,,3,1,1,3,1,,4,,,1,1,,,"Overzet, Lawrence","Wang, Zhengyang",,,,,overzet,lawrence overzet,Technology of Plasma 
MECH,4381,002,,2,4,5,1,1,1,1,,,,,,,"Hart, Robert A","Gravell, Jamie D","Fadda, Dani Z",,,,rxh124630,robert hart,Senior Design Project I 
MECH,4381,005,,3,6,4,2,,,,,,,,,,"Hart, Robert A","Gravell, Jamie D",,,,,rxh124630,robert hart,Senior Design Project I 
MECH,4381,006,,4,7,1,2,,1,,,,,,,,"Hart, Robert A","Gravell, Jamie D","Wilt, James C",,,,rxh124630,robert hart,Senior Design Project I 
MECH,4381,007,,3,8,2,2,,,,,,,,,,"Hart, Robert A","Gravell, Jamie D","Wilt, James C",,,,rxh124630,robert hart,Senior Design Project I 
MECH,4381,008,,5,2,2,6,,,,,,,,,,"Hart, Robert A","Gravell, Jamie D","Wilt, James C",,,,rxh124630,robert hart,Senior Design Project I 
MECH,4381,009,,6,3,2,3,1,,,,,,,,,"Hart, Robert A","Gravell, Jamie D","Wilt, James C",,,,rxh124630,robert hart,Senior Design Project I 
MECH,4381,010,,1,6,4,3,1,,,,,,,,,"Hart, Robert A","Gravell, Jamie D",,,,,rxh124630,robert hart,Senior Design Project I 
MSEN,6325,001,,5,4,4,2,,,,,,,,,,"VanDenberghe, William","Van de Put, Maarten L",,,,,wxv101020,william vandenberghe,Semiconductor Materials  Defects  and Devices 
EPPS,6316,501,,3,7,1,3,1,,,,,,,,,"Harrington, James",,,,,,jxh134630,james harrington,Applied Regression 
ED,4363,501,1,8,1,2,2,,,,,,,,1,,"Ross, Alyssa N",,,,,,anr161130,alyssa ross,Reading II ELAR Methods 
HONS,3104,HN1,3,9,3,,,,,,,,,,,,"Dow, Douglas C",,,,,,dougdow,douglas dow,Foreign Film   Political Culture 
HONS,3199,HN3,,10,3,1,,1,,,,,,,,,"Towner, Theresa",,,,,,tmtowner,theresa towner,Collegium V Honors Readings 
HONS,3199,HN9,10,3,1,,1,,,,,,,,,,"Brunell, Valerie A",,,,,,vab061000,,Collegium V Honors Readings 
BA,4V00,003,3,2,6,1,,,2,1,,,,,,,"Rader, Susan H",,,,,,shr015000,susan rader,Special Topics 
BPS,6310,PS1,,8,,3,4,,,,,,,,,,"Chasteen, Larry H",,,,,,chasteen,larry chasteen,
HMGT,6332,CH1,,5,7,1,1,,,1,,,,,,,"Ramanathan, Kannan",,,,,,kxr087000,kannan ramanathan,
MKT,6301,PS1,,15,,,,,,,,,,,,,"Munch, James",,,,,,,james munch,
OB,6152,XS1,,13,,,2,,,,,,,,,,"Hicks, Robert",,,,,,,robert hicks,
CHEM,5314,001,,6,4,1,4,,,,,,,,,,"Nielsen, Steven",,,,,,son051000,steven nielsen,Advanced Physical Chemistry 
NATS,4341,001,,5,6,,2,,1,1,,,,,,,"Donaldson, Katherine E","York, Megan",,,,,ked013100,katie donaldson,Project-Based Instruction 
HUHI,6327,001,,10,3,,,,,,,,,,,,"Roemer, Nils H",,,,,,nhr061000,nils roemer,Artist and Writer in Society 
HUAS,6339,001,,16,,,,,,,,,,,,,"Pomara, John",,,,,,pomara,john pomara,Painting Digital Imaging Video 
ATCM,3309,001,,2,7,3,2,1,1,,,,,,,,"Fechter, Todd A",,,,,,taf051000,todd fechter,Pre-Production Design I 
BMEN,4110,103,7,5,,,,,,,2,,,,2,,"Ardestani Khoubrouy, Soudeh","Jang, Jaein",,,,,sxa074200,soudeh khoubrouy,Biomedical Feedback Systems Laboratory 
GEOG,2302,001,1,2,1,,4,4,,3,,,,,1,,"Cummings, Anthony R","Liau, Yan-Ting",,,,,arc131030,anthony cummings,The Global Environment 
ED,3315,001,,8,5,1,2,,,,,,,,,,"Leek, Patricia A",,,,,,santine,patricia leek,Children s Literature 
ED,3345,501,,7,4,2,1,1,,,,,,,1,,"McNulty, Angela B",,,,,,mcnulty,,Art  Music  and Physical Development Grades EC - 6 
HONS,3199,HN8,,16,,,,,,,,,,,,,"Kratz, Dennis M",,,,,,dkratz,dennis kratz,Collegium V Honors Readings 
NSC,3344,001,,1,1,1,1,4,,2,2,1,,1,2,,"Powers, Katharine A","Evans, Delaney L",,,,,kap130730,katharine powers,Anatomy and Physiology of Speech and Hearing 
NSC,4353,101,,3,6,4,2,1,,,,,,,,,"Sultana, Rukhsana","Wangzhou, Andi",,,,,rxs170431,rukhsana sultana,Neuroscience Laboratory Methods 
PSY,2301,004,1,5,2,2,1,1,,1,1,,,1,1,,"Schwark, Gayle","Gonen, Chen",,,,,gxs180015,gayle schwark,Introduction to Psychology 
PA,3310,001,,13,1,2,,,,,,,,,,,"McCaskill, John R","Yadav, Chaitanya",,,,,jrm094020,john mccaskill,Managing Government Organizations 
ED,4358,0W2,,4,1,,,,4,2,2,,1,,2,,"Root, Alexey",,,,,,aroot,alexey root,Chess I  Using Chess in Schools 
OPRE,6271,PS1,,14,1,1,,,,,,,,,,,"Szot, James","Hicks, Jeffrey N","Chasteen, Larry H",,,,,james szot,
OPRE,6372,PS1,,4,5,2,2,2,1,,,,,,,,"Szot, James","Hefley, William E","Reichert, Carolyn A","Katz, Lothar","Turner, Gerald A","LeBoeuf, Nicole T",,james szot,
CS,6332,001,,4,6,2,1,1,,1,,,,,1,,"Yang, Wei","Fisher, Dakota J",,,,,wxy180002,wei yang,Systems Security and Malicious Code Analysis 
PA,6320,0W1,,13,,1,1,,,,,,,,1,,"Sabharwal, Meghna",,,,,,mxs095000,meghna sabharwal,Organizational Theory 
PHYS,5315,001,,15,,,1,,,,,,,,,,"Lary, David J","Zewdie, Gebreabkidanu",,,,,djl101000,david lary,Scientific Computing 
PHIL,4308,001,,1,3,3,2,3,1,1,,,,,2,,"Park, Peter K",,,,,,pkp073000,peter park,Theories of Knowledge 
SPAU,4386,001,3,3,7,1,2,,,,,,,,,,"Drew, Linda M",,,,,,lmd102020,linda drew,Adult Development and Aging 
BMEN,6366,001,,15,,,1,,,,,,,,,,"Sirsi, Shashank R",,,,,,srs151630,shashank sirsi,Image-Guided Drug Delivery 
OPRE,6302,501,,9,3,1,3,,,,,,,,,,"ye, Shengqi","Manchiraju, Chandrasekhar Seetharama",,,,,sxy143530,shengqi ye,Operations Management 
OPRE,6369,0W1,,10,,,6,,,,,,,,,,"Deluke, Eugene","Gaglani, Kajal M",,,,,gxd052000,eugene deluke,Supply Chain Software 
HIST,3327,501,1,,3,,4,1,4,2,,,,,1,,"Dennis, Patrick W",,,,,,pdennis,patrick dennis,Perspectives on Science 
MIS,6334,0W1,,2,4,3,2,4,,1,,,,,,,"Zheng, Zhiqiang","Bao, Chenzhang",,,,,zxz062000,zhiqiang zheng,Advanced Business Analytics With SAS 
THEA,3372,501,9,7,,,,,,,,,,,,,"Lingo, Kathy A",,,,,,klingo,kathy lingo,Advanced Improvisation 
ATCM,4397,001,,5,5,4,1,,1,,,,,,,,"Nielsen, Christina R",,,,,,crn022000,christina nielsen,Senior Seminar 
ATCM,4397,003,2,,1,1,5,5,1,1,,,,,,,"Boyd, Elizabeth",,,,,,esp041000,elizabeth boyd,Senior Seminar 
AUD,7240,501,,15,,1,,,,,,,,,,,"Griffiths, Scott K",,,,,,skg180000,,Auditory Processing Disorders 
NSC,4353,104,,2,8,2,4,,,,,,,,,,"Sultana, Rukhsana","dos Santos, Natalia Lucia",,,,,rxs170431,rukhsana sultana,Neuroscience Laboratory Methods 
BMEN,1100,106,5,5,2,1,1,,1,1,,,,,,,"Myers, Kathleen","Li, Shichang","Qin, Zhiyang",,,,kxm156530,kathleen myers,Introduction to Bioengineering I 
BMEN,4110,102,5,1,,,2,3,2,1,1,,1,,,,"Ardestani Khoubrouy, Soudeh","Jang, Jaein",,,,,sxa074200,soudeh khoubrouy,Biomedical Feedback Systems Laboratory 
CE,3302,501,4,3,,3,1,,1,2,1,,1,,,,"Ardestani Khoubrouy, Soudeh","Chandra Shekar, Ram Charan M",,,,,sxa074200,soudeh khoubrouy,Signals and Systems 
CE,3354,004,,5,2,3,2,1,1,2,,,,,,,"Cankaya, Ebru C","Ashtiani, Omeed E",,,,,exc067000,ebru cankaya,Software Engineering 
EE,3111,104,3,10,1,,1,,,,1,,,,,,"Lee, Gil S","Chen, Chen",,,,,gslee,gill lee,Electronic Circuits Laboratory 
EE,4388,003,,10,3,1,1,,,,1,,,,,,"Skinner, Neal G",,,,,,skinner,neal skinner,Senior Design Project I 
GOVT,2107,0W1,1,3,2,1,2,,1,2,1,,,,3,,"Larue, Patrick",,,,,,pxl111020,patrick larue,Federal and Texas Constitutions 
ED,4343,001,13,1,1,,,,,,,,,,1,,"Hennessy, Emily T",,,,,,eft031000,emily hennessy,Science Methods for Grades EC - 6 
HONS,3199,HN5,,15,1,,,,,,,,,,,,"Piquero, Alexis M",,,,,,axp116030,,Collegium V Honors Readings 
FERM,6321,FS1,,4,6,4,2,,,,,,,,,,"Ma, Liping",,,,,,lxm133730,liping ma,
FERM,6333,FS1,,10,2,2,1,,,1,,,,,,,"Selender, Arthur",,,,,,,arthur selender,
FERM,6V99,FS2,,3,9,,4,,,,,,,,,,"Kieschnick, Robert L",,,,,,rkiesch,robert kieschnick,
FERM,6V99,FS3,,12,,,4,,,,,,,,,,"Kieschnick, Robert L",,,,,,rkiesch,robert kieschnick,
STAT,6341,501,,16,,,,,,,,,,,,,"Ammann, Larry",,,,,,ammann,larry ammann,Numerical Linear Algebra and Statistical Computing 
CS,6352,001,,4,3,3,4,,,,,,,,,,"Jue, Jason","Gour, Riti",,,,,jjue,jason jue,Performance of Computer Systems and Networks 
CHIN,1312,001,5,3,1,,2,3,,1,,,,,1,,"Chen, Bei",,,,,,bxc152730,bei chen,Beginning Chinese II 
PSCI,6311,501,,5,6,2,2,,,,,,,,1,,"Miller, Banks",,,,,,bxm093000,banks miller,Proseminar in Law and Courts 
ISIS,4303,001,,4,1,4,3,2,1,,,,,,1,,"Werhnyak, Larissa",,,,,,lxw163630,larissa werhnyak,Business  Law and Culture 
SPAU,4395,501,1,3,3,3,5,,,1,,,,,,,"Thibodeau, Linda K",,,,,,thib,linda thibodeau,Issues in the Management of Persons with Hearing Impairment 
CRWT,3307,001,2,12,2,,,,,,,,,,,,"Norman, Susan M",,,,,,smw011400,,Creating Short Stories 
HCS,7320,001,,12,4,,,,,,,,,,,,"Abdi, Herve","Yu, Ju-Chi",,,,,herve,herve abdi,Advanced Research Methods in Behavioral and Brain Science and Data Analysis Using R 
COMM,3351,001,,,5,1,3,3,1,,1,,2,,1,,"Baker, Barbara L",,,,,,blb140430,barbara baker,History and Theory of Communication 
BMEN,4320,001,4,2,1,3,1,3,,1,,,1,,1,,"Polley, Arup","Peak, Kara",,,,,axp167330,,Intermediate Electrical Systems 
BMEN,6345,001,,9,,6,2,,,,,,,,,,"Schmidtke, David W",,,,,,dws140430,david schmidtke,Self-Assembly of Biomaterials 
EE,3101,103,,10,2,1,,1,2,,,,,,1,,"Friedman, Joseph S","Thakur, Sneha","Li, Chen","Nahar, Lubaba M",,,jsf160330,joseph friedman,Electrical Network Analysis Laboratory 
EE,4363,001,,3,4,9,,1,,,,,,,,,"Gohil, Ghanshyamsinh","Nguyen, Van Thuan",,,,,gxg172530,ghanshyamsinh gohil,Introduction to Power Electronics 
MECH,6V29,001,,9,2,4,1,,,1,,,,,,,"Li, Yaoyu",,,,,,yxl115230,yaoyu li,Special Topics in Dynamic Systems and Control 
SE,6329,001,,16,1,,,,,,,,,,,,"Nguyen, Tien N","Li, Xuelin",,,,,tnn160630,tien nguyen,
PSCI,4396,HN2,,7,6,,4,,,,,,,,,,"Diehl, Paul","Gallegos, Yahve",,,,,pxd153230,paul diehl,Selected Topics in Government and Politics 
ED,4357,001,,2,,,2,1,1,8,,,2,,1,,"Chandler, Candice",,,,,,cxc031000,candice chandler,Diagnostic Reading 
MECO,6318,501,,9,5,2,1,,,,,,,,,,"Sibley, Daniel C",,,,,,dcs170002,daniel sibley,Energy Economics and The Cost of Regulation 
MATH,6319,501,,13,3,1,,,,,,,,,,,"Ramakrishna, Viswanath",,,,,,vish,viswanath ramakrishna,Principles and Techniques in Applied Mathematics I 
ARTS,3363,001,,13,1,1,,1,,,,,,,1,,"Tady, Lorraine T",,,,,,ltt042000,lorraine tady,Typography  Technology  Image 
ARTS,3382,001,,13,,2,1,,,,,,,,1,,"Tady, Lorraine T",,,,,,ltt042000,lorraine tady,Color as Subject 
HIST,4360,001,1,6,6,1,2,,,,,,,,1,,"Klimchock, Carolee",,,,,,cxk180016,carolee klimchock,Topics in American Women s History 
SPAN,1311,002,,8,3,1,1,1,1,,,,,,2,,"Lambert, Thomas M",,,,,,tml017100,thomas lambert,Beginning Spanish I 
BMEN,6321,001,,7,4,,5,1,,,,,,,,,"Ware, Taylor H",,,,,,thw090020,,Polymers for Biomedical Applications 
CS,4141,111,15,2,,,,,,,,,,,,,"Becker, Eric W","Shah, Trusit Sandipbhai","Adebiyi, Abdulmateen A",,,,ewb160130,eric becker,Digital Systems Laboratory 
CS,6328,001,,17,,,,,,,,,,,,,"Fishwick, Paul",,,,,,pxf130430,paul fishwick,Modeling and Simulation 
EEDG,7V81,501,,,7,3,1,4,2,,,,,,,,"Carrion Schaefer, Benjamin",,,,,,bxc162630,benjamin carrion schaefer,Special Topics in Digital Systems 
SE,4347,001,2,2,1,2,3,2,,1,2,,1,,1,,"Christiansen, Michael G","Basu, Kinjal",,,,,mgc013000,michael christiansen,Database Systems 
OPRE,6370,501,,14,2,,1,,,,,,,,,,"Sabri, Ehap H","Garg, Harsh",,,,,exs055000,ehap sabri,Global Logistics and Transportation 
GEOS,1103,102,,4,2,2,2,3,1,,,,1,,2,,"Griffin, William R",,,,,,griffin,william griffin,Physical Geology Laboratory 
ARTS,2316,001,1,,9,2,1,1,1,,,,,,2,,"Ligon, Peter A",,,,,,pal140130,peter ligon,Painting Foundations 
ARTS,2350,001,6,,1,2,2,2,2,1,,1,,,,,"Copeland, Colette",,,,,,cxc132230,colette copeland,Photography  Design 
ENTP,6375,0W1,,10,4,2,,,,,,,,,1,,"Bochsler, Daniel C",,,,,,dcb091000,daniel bochsler,Technology and New Product Development 
ITSS,4390,002,,4,7,4,2,,,,,,,,,,"Owens, Dawn M","Krishnan, Arathy",,,,,dmo130130,dawn owens,Information Systems Capstone 
OPRE,6367,002,,17,,,,,,,,,,,,,"Parks, David","Seripalli, Dilip Kumar",,,,,dxp153830,david parks,Capstone Projects in Supply Chain Management 
ARTS,3379,501,,12,,,3,,1,1,,,,,,,"Polite, Giraud",,,,,,gpolite,,Photography  New Media 
SPAN,2311,001,6,6,2,,2,,1,,,,,,,,"Camacho-Guardado, Lorena",,,,,,lxc163230,amalia lorena camacho guardardo,Intermediate Spanish I 
FIN,6322,001,,7,5,3,1,1,,,,,,,,,"DeCourcy, George A",,,,,,gad075000,george decourcy,Real Estate Finance and Investment 
CRWT,4307,001,,15,1,1,,,,,,,,,,,"Martinez, Manuel L",,,,,,mlm160630,manuel martinez,Creating Short Stories  Advanced 
CE,3311,001,1,,1,1,4,3,3,2,,1,,,1,,Kenneth,"Hosseini Pouya, Sayed Behnam",,,,,kxo091000,kenneth,Electronic Circuits 
PA,6321,501,,12,,,5,,,,,,,,,,"Benavides, Teodoro J",,,,,,tjb051000,teodoro benavides,Government Financial Management and Budgeting 
ISIS,4V89,501,,4,6,3,3,,,,1,,,,,,"Pogue, Neall W",,,,,,nxp174730,neall pogue,Special Topics in Interdisciplinary Studies 
IMS,4V94,001,1,4,3,3,2,2,,1,1,,,,,,"Zydorek, Hubert","Mullen, Steve",,,,,hxz120930,hubert zydorek,Seminar Series in International Management 
OPRE,7051,001,,,,,,,,,,,,,,,"Sethi, Suresh",,,,,,sethi,,Seminar in Operations Management 
COMD,7V89,001,,6,8,,,,,,,,,,,,"Rackley, Audette M",,,,,,arackley,audette rackley,Mild Cognitive Impairment  Alzheimer s Disease and Related Disorders 
MUSI,2317,003,,10,,,6,,,,,,,,,,"Parsoneault, Catherine",,,,,,cxp160030,catherine parsoneault,Piano I 
PSCI,6309,501,,10,3,1,2,,,,,,,,,,"Peinhardt, Clint W",,,,,,cwp052000,clint peinhardt,International Political Economy 
MECH,6335,001,,4,4,3,4,1,,1,,,,,,,"Stecke, Kathryn","Lee, Chungseung",,,,,kes021000,kathryn stecke,Flexible Manufacturing Strategies 
EEDG,6302,301,,2,2,6,3,1,2,1,,,,,,,"Bennett, Terrell R","Wang, Xianan","Birjandtalab Golkhatm, Javad",,,,trb052000,terrell bennett,Microprocessor Systems 
GISC,2305,001,3,4,3,2,2,1,,1,,,,,1,,"Dell, Brent",,,,,,bxd160430,brent dell,Spatial Thinking and Data Analytics 
RMIS,4334,501,5,,1,1,2,2,1,,1,,,3,1,,"Kaplan, Larry S",,,,,,lsk140130,larry kaplan,Insurance Law and Contracts 
ARTS,1316,001,4,10,4,,,,,,,,,,,,"Min, Inki A",,,,,,iam140230,inki min,Drawing Foundations 
ARTS,1316,004,,3,12,1,1,,1,,,,,,,,"Mazurek, Michael R",,,,,,mrm141130,michael mazurek,Drawing Foundations 
ARTS,1316,007,,5,7,3,,,,1,1,,,,1,,"Carter, Rebecca S",,,,,,rsc150030,,Drawing Foundations 
ARTS,3340,002,4,14,,,,,,,,,,,,,"Brown-Pearn, Spencer S",,,,,,ssb062000,spencer brown pearn,Topics in Studio Art 
ARTS,3375,001,5,6,1,2,3,,,,,,,,1,,"Curry, Val",,,,,,vxc110930,val curry,Sculpture 
MUSI,2319,002,4,10,1,,,1,1,,,,1,,,,"Durbin, Kelly",,,,,,kpdurbin,kelly durbin,Digital Music I 
SPAN,2312,001,3,5,6,2,1,,,,1,,,,,,"Camacho-Guardado, Lorena",,,,,,lxc163230,amalia lorena camacho guardardo,Intermediate Spanish II 
ATCM,4306,001,,1,3,2,5,3,1,1,1,,,1,,,"Boyd, Elizabeth",,,,,,esp041000,elizabeth boyd,Modeling and Texturing II 
PSY,3362,501,,6,,,8,,,3,,,,,1,,"Grant, Meridith G","Han, Liang",,,,,mga061000,meridith grant,Cognitive Development 
PSY,3393,005,1,5,1,2,3,3,2,,,,,,1,,"Basak, Chandramallika","Smith, Evan",,,,,cxb116130,chandramallika basak,Experimental Projects in Psychology 
BMEN,1100,101,2,4,3,1,2,3,1,1,1,,,,,,"Myers, Kathleen","Jha, Sauraj",,,,,kxm156530,kathleen myers,Introduction to Bioengineering I 
BMEN,1100,107,2,4,8,1,,2,1,,,,,,,,"Meyer, Clark A","Mosur Saravana Murthy, Lakshmi Narayanan",,,,,cam140130,clark meyer,Introduction to Bioengineering I 
BMEN,1208,001,,2,1,5,4,2,1,1,,1,,,1,,"Meyer, Clark A","Li, Shichang","Qin, Zhiyang",,,,cam140130,clark meyer,Introduction to Bioengineering II 
ECS,3390,503,1,3,5,5,3,,,1,,,,,,,"Nichols, Allene R",,,,,,allenen,allene nichols,Professional and Technical Communication 
ECS,3390,505,,4,4,1,2,2,1,1,,1,1,,1,,"Mohsene, Laura L",,,,,,olive,laura mohsene,Professional and Technical Communication 
EE,3150,104,,5,2,,2,3,,5,1,,,,,,"Kiasaleh, Kamran","Taherkhani, Nima",,,,,kamran,kamran kiasaleh,Communications Systems Laboratory 
MECH,3115,101,6,9,,,3,,,,,,,,,,"Ouyang, Hui","Najafi, Behzad",,,,,hxo150330,hui ouyang,Fluid Mechanics Laboratory 
SE,6362,001,,3,5,8,1,1,,,,,,,,,"Chung, Lawrence",,,,,,chung,lawrence chung,Advanced Software Architecture and Design 
PA,3333,001,,2,3,6,1,1,2,1,,,,1,1,,"Cohen, Galia",,,,,,gxc097120,galia cohen,Human Resources Management  Leading a Diverse Workforce 
MKT,6341,501,,12,,1,3,2,,,,,,,,,"Edsel, Alexander D","Subramanian, Thyagarajan",,,,,ade012000,alexander edsel,Marketing Automation and Campaign Management 
MKT,6350,501,,3,10,2,2,1,,,,,,,,,"Rao, Ram C","Qian, Kun",,,,,rrao,ram rao,Competitive Marketing Strategy 
BIOL,5375,001,,7,1,3,4,1,1,,,,,,1,,"Liu, Li","Pan, Jing",,,,,lliu,,Genes to Genomes 
CHEM,1111,142,8,4,1,1,,,1,,,,,,3,,"Hashami, Zohreh","Pope, Mitchell A",,,,,zxh088000,zohreh hashami,General Chemistry Laboratory I 
HUAS,6310,001,,11,4,1,,,,,,,,,2,,"McLean, Adrienne L",,,,,,amclean,adrienne mclean,Introduction to Film Studies 
MUSI,2319,001,1,10,2,1,,2,,,,1,,,1,,"Durbin, Kelly",,,,,,kpdurbin,kelly durbin,Digital Music I 
RHET,1302,001,,2,6,2,2,2,1,,1,,,,2,,"Jimenez, Jose",,,,,,jxj105220,jose jimenez justiniano,Rhetoric 
ATCM,3356,501,12,1,4,,,,,,,,,,1,,"Scott, Andrew F",,,,,,afs140330,andrew scott,Projection Mapping Lab 
PSY,4359,501,3,3,,,11,,,1,,,,,,,"Rypma, Bart P","Himes, Lyndahl M",,,,,bpr061000,bart rypma,Cognitive Neuroscience 
CE,6325,001,,3,3,7,3,,2,,,,,,,,"Sechen, Carl","Xu, Xiangyu","Hu, Bo",,,,cms057000,carl sechen,VLSI Design 
ECS,3390,0H2,6,7,2,,,2,,,1,,,,,,"Schlobohm, Maribeth L",,,,,,mls077000,maribeth (betsy) schlobohm,Professional and Technical Communication 
MKT,4332,001,3,,4,1,2,4,1,1,2,,,,,,"Amirpour, Semiramis",,,,,,sxa130731,semiramis amirpour,Advanced Personal Selling 
MUSI,2317,001,1,13,,,1,2,,,,,1,,,,"Medrick, Mary A",,,,,,mam017200,mary medrick,Piano I 
ECS,3390,0H7,,14,2,1,,,,,1,,,,,,"Hernandez-Katz, Melissa M",,,,,,mhkatz,melissa hernandez katz,Professional and Technical Communication 
MUSI,2113,501,,17,,,,,,,,,,,1,,"Gerard, Lori A",,,,,,lag091020,lori gerard,Pep Band 
BMEN,6351,001,,15,3,,,,,,,,,,,,"Prasad, Shalini",,,,,,sxp118230,shalini prasad,Biomedical Microdevices 
CS,4141,104,9,5,3,,,,,,1,,,,,,"Becker, Eric W","Shah, Trusit Sandipbhai","Adebiyi, Abdulmateen A",,,,ewb160130,eric becker,Digital Systems Laboratory 
MECH,3115,104,6,8,4,,,,,,,,,,,,"Ouyang, Hui","LeClear, Johnathon D",,,,,hxo150330,hui ouyang,Fluid Mechanics Laboratory 
ARTS,3367,001,,9,,1,7,,,,,,,,1,,"Lacy, Mary E",,,,,,mel024000,mary lacy,Figure Drawing 
CS,4301,002,,9,,,6,,,1,,,,,2,,"Goodrum, Richard A","Tran, Trung Hieu",,,,,rag150330,richard goodrum,Special Topics in Computer Science 
FIN,6321,501,,5,1,,10,2,,,,,,,,,"Guttery, Randall","Zhao, Yabo",,,,,rxg112530,randall guttery,Introduction to Real Estate 
MKT,6337,002,,5,,8,5,,,,,,,,,,"Murthi, B P","Liao, Chenxi","Tehrani, Shervin S",,,,murthi,b p murthi,Predictive Analytics Using SAS 
MKT,6301,502,,7,4,4,3,,,,,,,,,,"Rajaratnam, Daniel",,,,,,dxr143430,daniel rajaratnam,Marketing Management 
RHET,1302,028,,12,3,,2,,1,,,,,,,,"Kirk, Kristina E",,,,,,kek160430,kristina kirk,Rhetoric 
HCS,6312,002,,10,,1,3,,,3,,,,,1,,"Ackerman, Robert A","Austin, Kathryn A",,,,,raa110030,robert ackerman,Research Methods in Behavioral and Brain Sciences - Part I 
BMEN,1100,104,5,3,3,2,3,,,1,1,,,,,,"Hayenga, Heather N","Chakraborty, Somdutta",,,,,hnh130330,heather hayenga,Introduction to Bioengineering I 
BMEN,1100,108,2,3,1,2,6,1,,,,,2,,1,,"Meyer, Clark A","Shah, Sohail",,,,,cam140130,clark meyer,Introduction to Bioengineering I 
BMEN,1100,109,2,8,4,2,1,1,,,,,,,,,"Meyer, Clark A","Mosur Saravana Murthy, Lakshmi Narayanan",,,,,cam140130,clark meyer,Introduction to Bioengineering I 
BMEN,4V95,002,5,6,,1,,1,,2,1,,,1,1,,"Hoyt, Kenneth L",,,,,,klh150530,kenneth hoyt,Undergraduate Topics in Biomedical Engineering 
CE,2336,006,6,1,4,2,3,1,,,,,,1,,,"Nouroz Borazjany, Mehra",,,,,,mxn143230,mehra borazjany,Computer Science II 
CE,4389,001,,9,2,5,,,,2,,,,,,,"Tacca, Marco",,,,,,mtacca,marco tacca,Senior Design Project II 
CS,4141,113,12,3,3,,,,,,,,,,,,"Becker, Eric W","Shah, Trusit Sandipbhai","Adebiyi, Abdulmateen A",,,,ewb160130,eric becker,Digital Systems Laboratory 
EE,4389,001,1,13,2,2,,,,,,,,,,,"Tacca, Marco",,,,,,mtacca,marco tacca,Senior Design Project II 
MECH,3115,106,,6,3,,9,,,,,,,,,,"Ouyang, Hui","LeClear, Johnathon D",,,,,hxo150330,hui ouyang,Fluid Mechanics Laboratory 
GISC,6381,501,,7,3,2,2,,1,2,,,,,1,,"Chun, Yongwan","Yu, Xiaohe",,,,,yxc070300,,Geographic Information Systems Fundamentals 
ACCT,4334,PP1,,12,,,5,,,1,,,,,,,"Linsteadt, Chris C",,,,,,ccl019000,chris linsteadt,Auditing 
BPS,6310,GH1,,3,9,3,3,,,,,,,,,,"Lee, Seunghyun","Lee, Minjung",,,,,sxl029100,seunghyun lee,
FIN,4390,501,2,9,1,2,2,1,,1,,,,,,,"Richardson, Debra L",,,,,,dlr150330,debra richardson,Seminar Series in Finance 
FIN,6252,GH1,,6,4,6,2,,,,,,,,,,"Sachdeva, Deepak",,,,,,,deepak sachdeva,
IMS,6354,GH1,,14,,1,3,,,,,,,,,,"Rajaratnam, Daniel",,,,,,dxr143430,daniel rajaratnam,
CHEM,5331,001,,3,7,4,4,,,,,,,,,,"Gassensmith, Jeremiah J",,,,,,jjg130230,jeremiah gassensmith,Advanced Organic Chemistry I 
GEOS,4320,001,1,10,5,2,,,,,,,,,,,"Zhu, Hejun","Zhang, Shuo",,,,,hxz154830,,The Physics and Chemistry of the Solid Earth 
PHYS,2126,110,3,5,4,3,2,,,,,,,,1,,"Sun, Kuei","Kakani, Vivek M",,,,,kxs147030,kuei sun,Physics Laboratory II 
PHYS,5301,501,,11,3,1,3,,,,,,,,,,"King, Lindsay J","Hussain, Shadhin",,,,,lxk111430,lindsay king,Mathematical Methods of Physics I 
HCS,6302,001,,,,,,,,,,,,,,,"Stillman, Robert",,,,,,stillman,robert stillman,Issues in Behavioral and Brain Sciences - Part I 
ARTS,1316,002,,5,7,4,1,,,,,,,,,,"Cochran, Kristen N",,,,,,knc103020,kristen cochran,Drawing Foundations 
RHET,1302,010,,3,3,3,2,,,1,3,,,,3,,"Lyons, David L",,,,,,dll101020,david lyons,Rhetoric 
FIN,6382,501,,6,5,6,1,,,,,,,,,,"Ma, Liping","Guo, Shujian",,,,,lxm133730,liping ma,Numerical and Statistical Methods in Finance 
SPAN,3365,001,7,6,4,,,,,,,,,,1,,"Camacho-Guardado, Lorena",,,,,,lxc163230,amalia lorena camacho guardardo,Advanced Spanish I 
LIT,3339,501,,11,6,,,,,,1,,,,,,"Hatfield, Charles D",,,,,,cxh074100,charles hatfield,Writing Literary Studies 
ENTP,4350,001,,9,,,8,,,1,,,,,,,"Shah, Rajiv","Lee, Minjung",,,,,rxs079000,rajiv shah,Corporate Entrepreneurship 
ARTS,3341,001,,18,,,1,,,,,,,,,,"Shi, Carle",,,,,,cxs174230,carle shi,Chinese Calligraphy 
ARTS,3366,501,9,5,4,,,1,,,,,,,,,"Miranda, Jeffrey",,,,,,jxm069000,jeffrey miranda,Intermediate Drawing 
ARTS,3379,001,2,8,4,2,,,,,,1,1,1,,,"Waligore, Marilyn A",,,,,,waligore,marilyn waligore,Photography  New Media 
RHET,1302,007,,5,8,2,,1,,1,,,,,2,,"Ma, Ying",,,,,,yxm171930,ying ma,Rhetoric 
RHET,1302,013,,9,,4,3,,,,1,,1,,1,,"Lyons, David L",,,,,,dll101020,david lyons,Rhetoric 
RHET,1302,016,1,8,3,1,2,,,,1,,,2,1,,"Barber, Philip",,,,,,pxb173630,philip barber,Rhetoric 
CLDP,3339,001,,4,2,1,3,1,1,1,1,2,1,,2,,"Huxtable-Jester, Karen J",,,,,,kxh014900,karen huxtable jester,Educational Psychology 
CE,6304,001,,1,6,5,7,,,,,,,,,,"Carrion Schaefer, Benjamin","Zhou, Liwei",,,,,bxc162630,benjamin carrion schaefer,Computer Architecture 
ECS,3390,001,1,1,6,4,4,1,1,,,,,,1,,"Crowder, Wade A",,,,,,wac010100,wade crowder,Professional and Technical Communication 
ECS,3390,002,,3,7,5,1,2,1,,,,,,,,"Crowder, Wade A",,,,,,wac010100,wade crowder,Professional and Technical Communication 
ECS,3390,003,,6,2,4,2,2,1,1,,,,,1,,"Glauser, Janece B",,,,,,jbg130030,janece glauser,Professional and Technical Communication 
ECS,3390,004,,8,2,2,4,1,,1,,,,,1,,"Mohsene, Laura L",,,,,,olive,laura mohsene,Professional and Technical Communication 
ECS,3390,013,1,7,4,1,2,,1,2,,,,,1,,"Moore, Lindsay E",,,,,,lem150330,lindsay moore,Professional and Technical Communication 
ECS,3390,0H3,1,3,6,2,3,1,,1,1,,1,,,,"Schlobohm, Maribeth L",,,,,,mls077000,maribeth (betsy) schlobohm,Professional and Technical Communication 
ECS,3390,0H5,,14,2,3,,,,,,,,,,,"Hernandez-Katz, Melissa M",,,,,,mhkatz,melissa hernandez katz,Professional and Technical Communication 
ECS,3390,0H6,,12,,3,,1,2,,,,1,,,,"Hernandez-Katz, Melissa M",,,,,,mhkatz,melissa hernandez katz,Professional and Technical Communication 
ECS,3390,501,,14,2,2,1,,,,,,,,,,"Coppersmith, Syd",,,,,,sxc123831,syd coppersmith,Professional and Technical Communication 
ECS,3390,502,1,15,1,,,1,,,1,,,,,,"Coppersmith, Syd",,,,,,sxc123831,syd coppersmith,Professional and Technical Communication 
ECS,3390,5H1,,3,5,4,4,2,,1,,,,,,,"Libby, Lee L",,,,,,llibby,lee libby,Professional and Technical Communication 
ECS,3390,5H4,1,13,2,,2,,,1,,,,,,,"Scally, Deborah A",,,,,,das,deborah scally,Professional and Technical Communication 
EE,3150,102,,11,1,,4,1,,,,,,,2,,"Kiasaleh, Kamran","Apalak, Merve",,,,,kamran,kamran kiasaleh,Communications Systems Laboratory 
MECH,3120,104,15,1,1,2,,,,,,,,,,,"Hassanipour, Fatemeh","Zaherisarabi, Shadi",,,,,fxh091000,fatemeh hassanipour,Heat Transfer Laboratory 
ARTS,2350,501,,13,6,,,,,,,,,,,,"Loving, Emily",,,,,,exl097120,emily loving,Photography  Design 
ARTS,3377,001,1,6,4,4,1,1,1,,,,1,,,,"Waligore, Marilyn A",,,,,,waligore,marilyn waligore,Photography  Altered Image 
CS,4141,109,16,2,,,,,,1,,,,,,,"Becker, Eric W","Shah, Trusit Sandipbhai","Adebiyi, Abdulmateen A",,,,ewb160130,eric becker,Digital Systems Laboratory 
ECS,3390,007,,9,2,,3,3,,,,,,1,1,,"Moore, Lindsay E",,,,,,lem150330,lindsay moore,Professional and Technical Communication 
ECS,3390,0H8,,10,3,2,3,,,,1,,,,,,"Hernandez-Katz, Melissa M",,,,,,mhkatz,melissa hernandez katz,Professional and Technical Communication 
ECS,3390,5H2,,4,6,4,2,2,,,,,1,,,,"Libby, Lee L",,,,,,llibby,lee libby,Professional and Technical Communication 
ACCT,6344,001,,8,2,7,1,,,1,,,,,,,"Bowen, Richard M","Walker, Jacob N",,,,,rxb073100,richard bowen,Financial Statement Analysis 
MKT,3330,006,1,8,2,,1,2,,3,,,1,,1,,"Dover, Howard F",,,,,,hfd021000,howard dover,Introduction to Professional Selling 
CHEM,1111,148,7,4,3,1,,1,1,,,,,,2,,"Youn, Jonghae",,,,,,jxy140930,,General Chemistry Laboratory I 
CHEM,2401,004,,3,2,,6,2,4,,1,,,,1,,"Pantano, Paul",,,,,,pantano,paul pantano,Introductory Quantitative Methods in Chemistry 
RHET,1302,030,,10,3,1,,1,,,,,1,,3,,"Snyder, Sarah E",,,,,,sxs162031,sarah snyder,Rhetoric 
ECS,3390,504,6,8,2,,1,1,,1,,,,,,,"Nichols, Allene R",,,,,,allenen,allene nichols,Professional and Technical Communication 
MECH,3115,105,4,6,2,,7,,,,,,,,,,"Ouyang, Hui","Najafi, Behzad",,,,,hxo150330,hui ouyang,Fluid Mechanics Laboratory 
MECH,3120,102,17,2,,,,,,,,,,,,,"Hassanipour, Fatemeh","Zaherisarabi, Shadi","Azarnoosh, Jamasp",,,,fxh091000,fatemeh hassanipour,Heat Transfer Laboratory 
MECH,3120,106,10,9,,,,,,,,,,,,,"Hassanipour, Fatemeh","Jiang, Lin",,,,,fxh091000,fatemeh hassanipour,Heat Transfer Laboratory 
MECH,3120,103,13,4,1,1,,,,,,,,,,,"Hassanipour, Fatemeh","Liu, Yaning",,,,,fxh091000,fatemeh hassanipour,Heat Transfer Laboratory 
OPRE,6371,501,,7,2,5,4,1,,,,,,,,,"Hu, Bin","Garg, Harsh",,,,,bxh180009,bin hu,Purchasing  Sourcing and Contract Management 
CS,6323,001,,17,1,,1,,,,,,,,,,"Guo, Xiaohu","Wang, Yeqi",,,,,xxg061000,xiaohu guo,Computer Animation and Gaming 
BUAN,6398,501,,5,1,2,2,1,4,4,,,,,,,"Kuo, Ching-Chung","Liu, Yueming",,,,,cxk162830,,Prescriptive Analytics 
OPRE,3310,5E1,4,3,,3,3,,,3,,,3,,,,"Sajjadi, Reza","Khandelwal, Kumar Manglam",,,,,rxs179730,reza sajjadi,Operations Management 
BUAN,6335,501,,16,3,,,,,,,,,,,,"Narayan, Ravishankar L","Shekhavat, Shivani",,,,,rln130030,ravishankar narayan,Organizing for Business Analytics  A Systems Approach 
ARTS,3367,501,8,8,2,,,1,,,,,,,,,"Miranda, Jeffrey",,,,,,jxm069000,jeffrey miranda,Figure Drawing 
ARTS,3372,001,,12,3,2,,,1,,,1,,,,,"Loving, Emily",,,,,,exl097120,emily loving,Photography  Color Concepts 
CRWT,4354,501,,6,7,5,,,,,1,,,,,,"Goldberg, Paula",,,,,,pxg180023,paula goldberg,Creating Scripts 
HUMA,6300,001,,9,4,4,,,1,1,,,,,,,"Reynolds, Clay",,,,,,clayr,clay reynolds,Interdisciplinary Approaches to the Arts and Humanities 
ATCM,4305,001,,2,3,1,5,5,,2,,,,,1,,"Hall, Phillip",,,,,,pxh151330,phillip hall,Computer Animation II 
BMEN,1100,102,,5,3,3,5,1,,2,,,,,,,"Myers, Kathleen","Li, Shichang","Chakraborty, Somdutta",,,,kxm156530,kathleen myers,Introduction to Bioengineering I 
BMEN,3120,103,3,5,1,2,2,1,3,1,,,,,1,,"Ali, Tariq M","Ganguly, Antra",,,,,tma051000,tariq ali,Biomedical Circuits and Instrumentation Laboratory 
CE,4388,001,,12,3,2,2,,,,,,,,,,"Tacca, Marco",,,,,,mtacca,marco tacca,Senior Design Project I 
CE,4388,002,,11,6,,1,,,,1,,,,,,"Tacca, Marco",,,,,,mtacca,marco tacca,Senior Design Project I 
CS,4141,101,15,,3,1,,,,,,,,,,,"Becker, Eric W","Adebiyi, Abdulmateen A","Shah, Trusit Sandipbhai",,,,ewb160130,eric becker,Digital Systems Laboratory 
ECS,3390,005,,10,1,,2,2,,1,,,,,3,,"Mohsene, Laura L",,,,,,olive,laura mohsene,Professional and Technical Communication 
ECS,3390,006,,12,3,1,1,,,,1,,,,1,,"Mohsene, Laura L",,,,,,olive,laura mohsene,Professional and Technical Communication 
ECS,3390,008,7,5,1,3,1,1,,,,,,,1,,"Moore, Lindsay E",,,,,,lem150330,lindsay moore,Professional and Technical Communication 
ECS,3390,0H4,5,5,3,1,2,,2,,,1,,,,,"Schlobohm, Maribeth L",,,,,,mls077000,maribeth (betsy) schlobohm,Professional and Technical Communication 
ECS,3390,0H9,,11,3,2,1,,,,1,,,,1,,"Glauser, Janece B",,,,,,jbg130030,janece glauser,Professional and Technical Communication 
ECS,3390,506,6,6,2,,3,,,,,,,,2,,"Scally, Deborah A",,,,,,das,deborah scally,Professional and Technical Communication 
ECS,3390,5H3,,11,3,2,2,,,1,,,,,,,"Scally, Deborah A",,,,,,das,deborah scally,Professional and Technical Communication 
ECS,3390,HN1,,13,3,2,1,,,,,,,,,,"Ryan, Christopher J",,,,,,cxr088000,christopher ryan,Professional and Technical Communication 
SE,3340,502,,,2,1,1,4,4,3,,1,1,,2,,"Mazidi, Karen J",,,,,,kjm160430,karen mazidi,
SE,3341,002,1,,1,,3,2,1,,3,,1,,7,,"Whalen, Tristan G","Zhou, Qinyi",,,,,tgw100020,tristan whalen,Probability and Statistics in Computer Science and Software Engineering 
PA,6382,0W1,,9,4,5,,,,,,,,,1,,"Lee, Young-Joo",,,,,,yxl093000,young joo lee,Nonprofit Management 
BIOL,6355,001,,18,,,1,,,,,,,,,,"Kim, Tae Hoon",,,,,,txk142630,,The Nucleus 
PHYS,3411,001,2,3,3,1,6,1,2,,,,,,1,,"Macalevey, Paul J","Proctor, Matthew S","Gartstein, Yuri",,,,paulmac,paul macalevey,Theoretical Physics 
BIOL,3V83,PAC,,,,,,,,,,,,,,,"Gonzalez, Cristina M",,,,,,cxg042000,cristina gonzalez,Clinical Medicine III 
MIS,6346,501,,10,8,,,,,,,,,,,,"Henslee, Austin","Shankar, Santhosh",,,,,axh134230,austin henslee,Big Data 
COMD,6378,001,,19,,,,,,,,,,,,,"Dean, Lucinda L","Sale, Felicity F",,,,,lxl018300,,Neurogenic Communication Disorders II 
PHYS,5311,001,,5,2,7,3,,,2,,,,,,,"Kesden, Michael H","Zhang, Yichao",,,,,mhk130030,michael kesden,Classical Mechanics 
ACN,6395,501,,7,11,2,,,,,,,,,,,"Meltzer, Mitchell A",,,,,,mam089100,mitchell meltzer,Cognitive Psychology 
CGS,3361,501,5,3,4,,6,,,2,,,,,,,"Roark, Dana A","Zhang, Ziwei",,,,,danar,dana roark,Cognitive Psychology 
CS,4141,102,11,6,3,,,,,,,,,,,,"Becker, Eric W","Shah, Trusit Sandipbhai","Adebiyi, Abdulmateen A",,,,ewb160130,eric becker,Digital Systems Laboratory 
CS,4141,103,20,,,,,,,,,,,,,,"Becker, Eric W","Shah, Trusit Sandipbhai","Adebiyi, Abdulmateen A",,,,ewb160130,eric becker,Digital Systems Laboratory 
MIS,6319,001,,17,,,3,,,,,,,,,,"Thompson, Luell O","Pearam, Swetha S",,,,,lot013000,luell thompson,Enterprise Resource Planning 
CLDP,3394,001,,15,,,3,,,1,,,,,1,,"Grant, Meridith G",,,,,,mga061000,meridith grant,Research and Evaluation Methods 
CS,4141,105,16,2,,,,,,,,,,,2,,"Becker, Eric W","Shah, Trusit Sandipbhai","Adebiyi, Abdulmateen A",,,,ewb160130,eric becker,Digital Systems Laboratory 
MECH,3115,103,13,4,3,,,,,,,,,,,,"Ouyang, Hui","LeClear, Johnathon D",,,,,hxo150330,hui ouyang,Fluid Mechanics Laboratory 
SOC,3379,001,12,3,5,,,,,,,,,,,,"Arguelles, Ariel",,,,,,axa152731,ariel arguelles,Diversity in the Public Sector 
MECO,4342,001,4,11,4,1,,,,,,,,,,,"Molina, Stephen",,,,,,sxm163630,stephen molina,Financial and Business Negotiation Analysis 
BIOL,3380,304,2,4,5,1,3,2,,1,1,,,,1,,"Pickett, Elizabeth A","Ebrahimzadeh Pirshahid, Tahmineh",,,,,eaw016100,elizabeth pickett,Biochemistry Laboratory 
BIOL,4380,302,,5,4,2,3,3,1,1,,,1,,,,"Borovkov, Irina G","Devaki, Bharath",,,,,ixb053000,irina borovkov,Cell and Molecular Biology Laboratory 
ATCM,2320,001,,1,5,5,4,2,1,,,,1,,1,,"Imaoka, Laura",,,,,,lxi170030,laura imaoka,Critical Media Research Foundations 
CS,6301,003,,9,3,3,4,,1,,,,,,,,"Mittal, Neeraj","Dhoked, Sahil",,,,,nxm020100,neeraj mittal,Special Topics in Computer Science 
MECH,3120,101,16,2,2,,,,,,,,,,,,"Hassanipour, Fatemeh","Liu, Yaning","Zaherisarabi, Shadi",,,,fxh091000,fatemeh hassanipour,Heat Transfer Laboratory 
MIS,6330,501,,7,6,4,3,,,,,,,,,,"Lahiri, Atanu","Sandilya, Nimish K",,,,,axl144730,atanu lahiri,Information Technology Security 
ECON,6306,503,,16,3,1,,,,,,,,,,,"Grover, William C","Han, Minyu",,,,,wcg071000,william grover,Applied Econometrics 
THEA,3323,001,,5,2,3,6,1,2,,,,,1,,,"Hibbs, Shelby A",,,,,,sah140730,shelby hibbs,Performance in Historical Context 
MIS,6344,001,,6,6,4,2,2,,,,,,,,,"Singh, Harpreet","Khurana, Anmol",,,,,hxs104000,harpreet singh,Web Analytics 
COMM,4375,PAC,16,2,1,1,,,,,,,,,,,"King, Carie S",,,,,,cxl085200,carie king,Professional Communication in Medicine 
ATCM,1100,002,,9,,,8,,,1,,,2,,,,"Lester, Paul","Desai, Wajiha Y","Hallgarth, Abigail M",,,,pxl152030,paul lester,Freshman Seminar 
ATCM,4376,002,,20,,,,,,,,,,,,,"Andreen, Michael T",,,,,,mta072000,michael andreen,Game Production Lab I 
COMD,6307,001,,12,,,6,,,1,,,,,1,,"Van Kleeck, Anne E",,,,,,avk042000,,Language Acquisition 
PSYC,6312,001,,9,1,,4,4,,2,,,,,,,"Juhn, Nancy H","Meldrum, Shelia","O'Connell, Margaret A",,,,njuhn,nancy juhn,Research Methods in Behavioral and Brain Sciences - Part I 
BMEN,7188,001,,11,5,2,2,,,,,,,,,,"Romero-Ortega, Mario I",,,,,,mir140030,,Advanced Seminars in Biomedical Engineering I 
BMEN,7341,001,,1,6,3,3,2,4,1,,,,,,,"Case, Allison B",,,,,,abc130530,allison case,Biostatistics 
CE,2305,503,1,5,3,1,3,2,1,1,1,,1,,1,,"Farage, Timothy P",,,,,,tfarage,timothy farage,Discrete Mathematics for Computing I 
CE,4337,503,3,4,5,,,4,2,,2,,,,,,"McMahan, Timothy","Desai, Takshak",,,,,txm173230,timothy mcmahan,Organization of Programming Languages 
CE,4390,002,,6,5,6,3,,,,,,,,,,"Farago, Andras","Zhou, Shuang",,,,,farago,andras farago,Computer Networks 
CS,4141,107,18,,,,,,1,,1,,,,,,"Becker, Eric W","Shah, Trusit Sandipbhai","Adebiyi, Abdulmateen A",,,,ewb160130,eric becker,Digital Systems Laboratory 
CS,4141,110,16,3,1,,,,,,,,,,,,"Becker, Eric W","Shah, Trusit Sandipbhai","Adebiyi, Abdulmateen A",,,,ewb160130,eric becker,Digital Systems Laboratory 
EE,3150,103,,8,,,4,6,,2,,,,,,,"Kiasaleh, Kamran","Taherkhani, Nima",,,,,kamran,kamran kiasaleh,Communications Systems Laboratory 
MECH,3115,102,4,12,3,1,,,,,,,,,,,"Ouyang, Hui","LeClear, Sani",,,,,hxo150330,hui ouyang,Fluid Mechanics Laboratory 
SE,6329,MS1,,19,,,,,,,,,,,1,,"Nguyen, Tien N",,,,,,tnn160630,tien nguyen,
SE,6361,MS1,,18,,,1,,,,,,,,1,,"Oladimeji, Ebenezer A",,,,,,eao015100,ebenezer oladimeji,
SYSM,6301,001,,7,5,3,5,,,,,,,,,,"Minden, Alixandre R","Bing, Mallory A","Reynolds, Samuel E",,,,arm130430,minden alixandre,Systems Engineering  Architecture and Design 
CRIM,3303,001,,3,2,5,5,2,,2,,,1,,,,"Connell, Nadine","Riddell, Jordan R",,,,,nmc110030,nadine connell,Advanced Criminal Justice 
PA,6311,501,,18,2,,,,,,,,,,,,"McCaskill, John R",,,,,,jrm094020,john mccaskill,Public Management 
ED,3340,501,2,3,6,2,2,,1,3,,,1,,,,"Haun, Julia T",,,,,,jlb018300,julia haun,Math Concepts for Teachers 
ACCT,6305,SS1,,12,,2,3,3,,,,,,,,,"Zhang, Jieying",,,,,,jxz146230,jieying zhang,
FIN,6318,SS1,,3,3,8,4,2,,,,,,,,,"Xu, Yexiao",,,,,,yexiaoxu,yexiao xu,
CHEM,2401,001,2,3,6,4,1,2,1,1,,,,,,,"Panapitiya, Nimanka P","Karunaweera, Chamaal",,,,,npp081000,nimanka panapitiya,Introductory Quantitative Methods in Chemistry 
UNIV,4174,002,17,2,1,,,,,,,,,,,,"Lane, Shelley D",,,,,,sdl063000,shelley lane,Theory and Practice of Group Motivation and Leadership 
MAS,6105,0W1,,,,,,,,,,,,,2,,"Smallwood, Margaret G","Sluder, Jeanne","Babayemi, Opeyimika O",,,,meg012400,margaret smallwood,Communications for Management 
PPPE,6352,501,,3,4,4,6,1,1,,,,,,,,"Dumas, Lloyd",,,,,,ljdumas,lloyd dumas,World Political Economy 
OPRE,6366,PS1,,11,4,3,2,,,,,,,,,,"Rajamani, Divakar",,,,,,dxr020100,divakar rajamani,
OPRE,6370,PS1,,13,3,2,2,,,,,,,,,,"Rajamani, Divakar",,,,,,dxr020100,divakar rajamani,
LANG,4348,001,15,6,,,,,,,,,,,,,"Camacho-Guardado, Lorena",,,,,,lxc163230,amalia lorena camacho guardardo,Advanced Topics in Language  - History of the Spanish Lang (3 Semester Credit Hours)
RHET,1302,023,,9,5,2,,,,1,1,,,,3,,"Bovda, Alisa Y",,,,,,ayb091020,alisa bovda,Rhetoric 
ATCM,3395,004,,3,6,3,3,4,2,,,,,,,,"Sung, Wendy",,,,,,wxs172630,wendy sung,Topics in Arts  Technology  and Emerging Communication 
EECS,6331,001,,2,3,6,6,2,1,1,,,,,,,"Yurkovich, Stephen","Bing, Mallory A",,,,,sxy111430,stephen yurkovich,Linear Systems  (3 Semester Credit Hours)
EERF,6355,001,,5,5,8,2,1,,,,,,,,,"Saad, Ricardo E","Li, Sen",,,,,rsaad,ricardo saad,RF and Microwave Amplifier Design 
ECON,6306,502,,14,,,7,,,,,,,,,,"O'Brien, Daniel M","Choi, Soohyun",,,,,obri,daniel obrien,Applied Econometrics 
ED,4372,0W1,13,2,2,1,1,1,,1,,,,,,,"Mahmoud, Ramy A",,,,,,mahmoudr,ramy mahmoud,Educational Technology 
ENGY,6330,501,,8,9,1,2,1,,,,,,,,,"Sibley, Daniel C",,,,,,dcs170002,daniel sibley,Energy Law and Contracts 
ENTP,3301,501,,8,,,11,,,2,,,,,,,"Pedigo, Madison F",,,,,,mfp013000,madison pedigo,Innovation and Entrepreneurship 
UNIV,4174,003,15,3,2,,,,,1,,,,,,,"Lane, Shelley D",,,,,,sdl063000,shelley lane,Theory and Practice of Group Motivation and Leadership 
CS,6390,001,,5,3,4,5,2,1,1,,,,,,,"Sarac, Kamil","Kadiyala, Krishna P",,,,,kxs028100,kamil sarac,Advanced Computer Networks 
EEDG,6304,001,,,2,5,3,9,,,,,,,2,,"Carrion Schaefer, Benjamin","Zhou, Liwei",,,,,bxc162630,benjamin carrion schaefer,Computer Architecture 
PSCI,4396,HN1,2,15,3,1,,,,,,,,,,,"Roetzel, Natalie J",,,,,,njr120030,natalie roetzel,
BCOM,3100,004,,16,,2,1,,,,,,,,2,,"Henderson, Tom","Kathpalia, Ashutosh",,,,,txh093000,tom henderson,Professional Development 
MIS,6356,501,,11,3,4,3,,,,,,,,,,"Parker, Jason A","Bodh, Malvika",,,,,jap090020,jason parker,Business Analytics With R 
MKT,6343,501,,8,7,3,3,,,,,,,,,,"Xie, Ying","Saremi, Ehsan",,,,,yxx124930,ying xie,Social Media Marketing and Insights 
MATH,1325,013,5,1,3,3,,,,1,1,,1,1,5,,"Rakotomalala, Diarisoa Mihaja Andriamanisa",,,,,,dmr150130,diarisoa rakotomalala,Applied Calculus I 
COMM,1311,5W3,,5,3,1,3,,,,2,,,,7,,"Warren, Jason L",,,,,,jxw174630,jason warren,
RHET,1302,032,1,10,5,2,1,1,,,,,,,1,,"Bell, Joycelyn M",,,,,,jxb120631,,Rhetoric 
CS,6301,010,,15,6,,,,,,,,,,,,"Prabhakaran, Balakrishnan","Vellingiri, Shanthi",,,,,praba,balakrishnan prabhakaran,Special Topics in Computer Science 
EERF,6396,001,,3,3,7,4,3,,1,,,,,,,"Lehmann, Randall E","Gemsheim, Alex J",,,,,rel041000,randall lehmann,Microwave Design and Measurement 
FIN,4300,501,,5,1,1,3,,4,1,,1,,,5,,"Wei, Kelsey D","Lee, Pil-Seng",,,,,kdw061000,kelsey wei,Investment Management 
MECO,6303,001,,8,8,5,,,,,,,,,,,"Siegenthaler, Simon","Chen, Xi",,,,,sxs177933,simon siegenthaler,Business Economics 
MIS,6320,001,,21,,,,,,,,,,,,,"Raman, Ganapathiraman R",,,,,,grr090020,ganapathiraman raman,Database Foundations 
MATH,2417,HN1,12,5,2,1,1,,,,,,,,,,"Ramakrishna, Viswanath","Lama, Sonam","Caseria, Brendan J",,,,vish,viswanath ramakrishna,Calculus I 
OPRE,6341,0W1,,8,2,4,4,3,,,,,,,,,"Honhon, Dorothee B","Khandelwal, Kumar Manglam",,,,,dbh130130,dorothee honhon,Retail Operations 
MIS,6344,501,,3,8,5,2,2,,1,,,,,,,"Singh, Harpreet","Khurana, Anmol",,,,,hxs104000,harpreet singh,Web Analytics 
CLDP,3310,002,,6,5,,1,5,2,2,,,,,,,"Nelson Taylor, Jackie A","Smith, Olivia",,,,,jan110030,jackie nelson,Child Development 
COMD,7221,001,,21,,,,,,,,,,,,,"Carter, Jessica A",,,,,,jar032000,,Preschool Intervention 
SE,4347,501,4,2,5,3,5,,1,1,,,,,,,"Khan, Ziaullah","Skorupa Parolin, Erick",,,,,kkhan,ziaullah khan,Database Systems 
ACCT,6382,501,,8,11,1,,1,,,,,,,,,"Mauriello, Joseph A","Braughton, Caleb M",,,,,jam151430,joseph mauriello,Advanced Internal Auditing 
MECO,6345,001,,6,4,6,3,2,,,,,,,,,"Hyndman, Kyle B",,,,,,tdp062000,kyle hyndman,Advanced Managerial Economics 
OPRE,6371,PW1,,12,6,,3,,,,,,,,,,"Rajamani, Divakar","Hogan, James W",,,,,dxr020100,divakar rajamani,
BIOL,6373,001,,3,,1,13,1,,3,,,,,,,"Winkler, Duane D",,,,,,ddw130330,duane winkler,Proteomics 
RHET,1302,017,4,5,5,1,5,,,,,,,,,,"King, Alana",,,,,,axk173530,alana king,Rhetoric 
COMM,4314,001,9,5,4,2,,,,,,,,,,,"King, Carie S",,,,,,cxl085200,carie king,Persuasion and Interpersonal Influence 
BUAN,6357,002,,7,6,4,3,1,,,,,,,,,"Chatterjee, Sourav","Gupta, Aabhas",,,,,sxc180075,sourav chatterjee,Advanced Business Analytics Using R 
MIS,6309,501,,7,7,2,4,,1,,,,,,,,"Islam, Naser","Dheram, Geyasruti",,,,,nxi110630,naser islam,Business Data Warehousing 
RHET,1302,031,2,7,6,2,1,,1,1,,,,,1,,"Berry, Tracey R",,,,,,txb112130,tracey berry,Rhetoric 
RHET,1302,005,9,3,5,1,,,,,,,,1,3,,"Field, Amanda C",,,,,,axl151930,amanda field,Rhetoric 
RHET,1302,011,,12,4,,2,1,,1,,,,,2,,"Saeidfar, Ghazal",,,,,,gxs153630,ghazal saeidfar,Rhetoric 
RHET,1302,015,6,1,3,1,3,5,1,1,,,,,1,,"Shierry, Addison",,,,,,axs084500,addison shierry,Rhetoric 
RHET,1302,034,,10,5,3,1,,,,,,1,,2,,"Bell, Joycelyn M",,,,,,jxb120631,,Rhetoric 
RHET,1302,0H3,8,5,1,5,,1,,,,1,,,1,,"Keeth, Sara L",,,,,,slk041000,sara keeth,Rhetoric 
RHET,1302,0H4,6,3,2,1,4,1,1,1,,,2,,1,,"Riley, Kristin N",,,,,,knr091000,kristin riley,Rhetoric 
PSY,3393,001,1,11,,1,5,1,1,1,,,,,1,,"Dowling, Walter J",,,,,,jdowling,walter j dowling,Experimental Projects in Psychology 
CE,3302,001,2,,2,3,3,1,3,,3,,,2,3,,"Khoobroo, Amir","Arjona Angarita, Ricardo Javier",,,,,axk144831,amir khoobroo,Signals and Systems 
ENTP,4340,501,,4,1,2,13,,,,,,1,,1,,"Wright, Robert G",,,,,,rgw091000,robert wright,Social Sector Engagement and Community Outreach 
BIOL,2281,309,1,8,5,2,3,1,,1,,1,,,,,"Mehta, Iti","Xia, Jing",,,,,ixm121430,iti mehta,Introductory Biology Laboratory 
BIOL,3380,302,2,3,2,5,4,2,,1,1,,,1,1,,"Rippel, Scott A","Hulyalkar, Neha V",,,,,rippel,scott rippel,Biochemistry Laboratory 
BIOL,3380,306,4,3,6,3,2,,2,1,1,,,,,,"Pan, Jing","Tiruchendurai Suryan, Saai Anugraha",,,,,jxp134330,jing pan,Biochemistry Laboratory 
CHEM,1111,102,7,7,4,,2,,,,,,,,2,,"Hashami, Zohreh","Mills, Kira R",,,,,zxh088000,zohreh hashami,General Chemistry Laboratory I 
RHET,1302,018,,17,3,2,,,,,,,,,,,"Al-Rashid, Entidhar H",,,,,,eha170000,entidhar al rashid,Rhetoric 
RHET,1302,025,4,14,1,3,,,,,,,,,,,"Sengupta, Karl",,,,,,kss140330,karl sengupta,Rhetoric 
RHET,1302,0H1,3,5,2,3,2,2,1,2,,,,,2,,"Keeth, Sara L","Riley, Kristin N",,,,,slk041000,sara keeth,Rhetoric 
RHET,1302,0H2,5,,5,2,4,3,2,1,,,,,,,"Riley, Kristin N",,,,,,knr091000,kristin riley,Rhetoric 
RHET,1302,0H5,4,6,2,2,1,1,1,1,,,,1,3,,"Keeth, Sara L",,,,,,slk041000,sara keeth,Rhetoric 
EESC,6366,001,,6,2,1,11,2,,,,,,,,,"Hansen, John","Chandra Shekar, Ram Charan M",,,,,jxh052100,john hansen,Speech and Speaker Recognition 
PA,4370,001,,4,5,,4,4,,5,,,,,,,"Kiel, Lowell D",,,,,,dkiel,,Leadership  Democracy  and Ethics 
SYSM,6320,SS1,,7,,,8,,,7,,,,,,,"Dess, Gregory","Kim, Dong Shin",,,,,ggd021000,gregory dess,
BIOL,2281,301,4,10,6,,1,1,,,,,,,,,"Mehta, Iti","Ratevosyan, Richard",,,,,ixm121430,iti mehta,Introductory Biology Laboratory 
CHEM,3472,002,1,3,1,3,3,2,3,,3,,1,,2,,"Goux, Warren J","Castro, Fabian","Zhou, Qinhan","Morakabi, Katayoun","Li, Siqing",,wgoux,warren goux,Instrumental Analysis 
RHET,1302,019,,7,4,7,,1,,1,,1,1,,,,"Balasa, Alexandra",,,,,,axb177630,alexandra balasa,Rhetoric 
RHET,1302,503,1,7,5,5,1,,1,1,,,,,1,,"Manes, Christopher L",,,,,,clm036000,christopher manes,Rhetoric 
CS,6375,001,,8,9,4,1,,,,,,,,,,"Kunapuli, Gautam","Yan, Siwen",,,,,gxk170007,gautam kunapuli,Machine Learning 
BIOL,2281,314,1,2,3,5,3,6,,,1,1,,,,,"Mehta, Iti","Easterwood, Shayne",,,,,ixm121430,iti mehta,Introductory Biology Laboratory 
RHET,1302,501,,4,4,5,7,2,,,,,,,,,"Hamilton, Cristen",,,,,,cch073000,cristen hamilton,Rhetoric 
CRIM,2317,501,1,2,3,3,2,2,3,3,2,,,,1,,"McKay, Brian",,,,,,bxm131530,brian mckay,Criminal Prosecution and Court Process 
COMM,1311,0W7,8,6,4,1,1,,,,,,,,2,,"Gregory, Mona Y",,,,,,myg140030,mona gregory,
RHET,1302,009,6,4,5,3,1,2,,,,,,1,,,"Ocasio-Russe, Lizbette",,,,,,lxo160130,lizbette ocasio russe,Rhetoric 
RHET,1302,020,15,1,1,,2,1,,,1,,,,1,,"Ali, Shazia",,,,,,shazia,ali shazia,Rhetoric 
RHET,1302,021,17,4,,,,,,,,,,,1,,"Ali, Shazia",,,,,,shazia,ali shazia,Rhetoric 
RHET,1302,0H6,3,9,3,2,1,1,,,,,1,,2,,"Riley, Kristin N",,,,,,knr091000,kristin riley,Rhetoric 
ATCM,4326,002,,2,5,4,9,1,1,,,,,,,,"Imaoka, Laura","Barr, Ivey B",,,,,lxi170030,laura imaoka,Mediated Textuality 
CS,2336,008,1,6,6,2,4,,,1,,,1,,1,,"Khan, Ziaullah",,,,,,kkhan,ziaullah khan,Computer Science II 
EE,3110,106,3,7,,5,4,,,1,1,,,,1,,"Lee, Jeong-Bong",,,,,,jblee,jeong bong lee,Electronic Devices Laboratory 
GOVT,2306,HN2,1,15,3,1,1,1,,,,,,,,,"Harpham, Edward",,,,,,harpham,edward harpham,State and Local Government 
BIOL,3380,303,,7,5,6,1,2,,,1,,,,,,"Rippel, Scott A","Groover, Isaac A",,,,,rippel,scott rippel,Biochemistry Laboratory 
BIOL,6193,001,,,,,,,,,,,,,,,"Xuan, Zhenyu",,,,,,zxx091000,,Colloquium in Molecular and Cell Biology 
NSC,4350,001,4,2,,,10,1,2,1,,,1,,1,,"Taylor, Anna M",,,,,,amt180004,anna taylor,Medical Neuropathology 
SYSM,6305,001,,12,6,3,2,,,,,,,,,,"Spong, Mark W","Morton, Ryan E",,,,,mws081000,mark spong,Optimization Theory and Practice 
HMGT,6407,AS1,,23,,,,,,,,,,,,,"McCracken, John",,,,,,,john mccracken,
BIOL,2281,307,3,5,9,2,,3,1,,,,,,,,"Lin, Wen J","Saini, Ankur",,,,,wenju,wen ju lin,Introductory Biology Laboratory 
BIOL,2281,310,4,6,7,5,1,,,,,,,,,,"Mehta, Iti","Saini, Ankur",,,,,ixm121430,iti mehta,Introductory Biology Laboratory 
BIOL,2281,311,5,6,4,2,3,1,,1,1,,,,,,"Pickett, Elizabeth A","Shashikanth Raj Urs, Karthik Urs Bangalore",,,,,eaw016100,elizabeth pickett,Introductory Biology Laboratory 
COMM,3342,0W1,1,5,1,2,3,1,2,4,2,,2,,,,"Baker, Barbara L",,,,,,blb140430,barbara baker,Advanced Topics in Communication 
THEA,1310,HN1,8,12,3,,,,,,,,,,,,"Lingo, Kathy A",,,,,,klingo,kathy lingo,Understanding Theatre 
BMEN,3325,001,5,2,2,2,5,3,,1,1,,,,2,,"Wang, Jun",,,,,,jxw130130,jun wang,Advanced Computational Tools for Biomedical Engineering 
EEGR,6316,001,,5,4,5,6,2,,1,,,,,,,"Gu, Qing","Gharajeh, Abouzar",,,,,qxg160030,,Fields and Waves 
MECH,4110,103,2,7,6,2,4,1,,1,,,,,,,"Li, Yaoyu","Wu, Zhongyou","Liu, Chang","Li, Changyuan",,,yxl115230,yaoyu li,Systems and Controls Laboratory 
MECH,6V29,002,,11,7,2,1,1,1,,,,,,,,"Summers, Tyler H",,,,,,ths150130,tyler summers,Special Topics in Dynamic Systems and Control 
BIOL,2281,302,5,4,3,1,4,5,,1,,,,,,,"Lin, Wen J","Do, Hung P",,,,,wenju,wen ju lin,Introductory Biology Laboratory 
BIOL,3162,003,2,1,,6,3,2,1,,1,2,1,2,2,,"Candas, Mehmet",,,,,,candas,mehmet candas,Biochemistry Workshop II 
PHYS,2125,603,12,9,1,1,,,,,,,,,,,"Sun, Kuei","Mishra, Aditya K",,,,,kxs147030,kuei sun,Physics Laboratory I 
NSC,4V90,003,4,6,3,4,4,,,1,,,1,,,,"Krawczyk, Daniel C",,,,,,dck061000,daniel krawczyk,Special Topics in Neuroscience 
EEPE,7354,501,,9,9,5,,,,,,,,,,,"Gohil, Ghanshyamsinh","Nguyen, Van Thuan",,,,,gxg172530,ghanshyamsinh gohil,Advanced Power Converters 
ACCT,6331,501,,13,,4,2,4,,,,,,,,,"Natarajan, Ramachandran","He, Jiapeng",,,,,nataraj,ramachandra natarajan,Cost Accounting 
MKT,6309,001,,12,3,7,,,,1,,,,,,,"Rajaratnam, Daniel",,,,,,dxr143430,daniel rajaratnam,Marketing Research 
BIOL,2281,313,2,3,7,3,2,2,1,,3,,,,,,"Mehta, Iti","Shashikanth Raj Urs, Karthik Urs Bangalore",,,,,ixm121430,iti mehta,Introductory Biology Laboratory 
FIN,6325,001,,7,3,7,1,3,2,,,,,,,,"Rivera Mesias, Alejandro","Zhu, Yifan",,,,,axr150331,alejandro rivera mesias,Macroeconomics and Financial Markets 
ITSS,4360,002,,1,7,2,6,7,,,,,,,,,"Thirumalai, Nambi","Shah, Ansh A",,,,,ndt180001,nambi thirumalai,Network and Information Security 
COMM,1311,5W6,7,4,1,3,5,,,1,1,,1,,,,"Totusek, Patricia F",,,,,,pft140030,patricia totusek,
ACCT,6388,501,,10,8,3,2,,,,,,,,,,"Goodrich, Mary Beth W","Koonce, Katherine",,,,,goodrich,mary beth goodrich,Accounting Communications 
CS,3162,094,,15,2,1,,2,2,,,,,,1,,"Smith, Klyne",,,,,,kxs180052,klyne smith,Professional Responsibility in Computer Science and Software Engineering 
EE,3310,001,2,1,,4,3,,3,5,3,,,,2,,"Lee, Jeong-Bong","Chen, Ziyu",,,,,jblee,jeong bong lee,Electronic Devices 
ITSS,4330,002,12,9,1,1,,,,,,,,,,,"Khan, Taimur A","Zhu, Wangsheng",,,,,txk123530,taimur khan,Systems Analysis and Design 
BIOL,2281,303,5,7,5,3,,1,1,1,,,,,,,"Lin, Wen J","Xia, Jing","Do, Hung P",,,,wenju,wen ju lin,Introductory Biology Laboratory 
BIOL,2281,305,2,5,8,3,1,2,1,,1,,,,,,"Lin, Wen J","Chen, Hao",,,,,wenju,wen ju lin,Introductory Biology Laboratory 
BIOL,2281,306,3,4,9,4,1,,1,1,,,,,,,"Lin, Wen J","Easterwood, Shayne",,,,,wenju,wen ju lin,Introductory Biology Laboratory 
BIOL,2281,308,1,8,3,2,2,2,2,,3,,,,,,"Lin, Wen J","Buyukkahraman, Gozde",,,,,wenju,wen ju lin,Introductory Biology Laboratory 
BIOL,3380,301,1,4,5,1,1,6,1,1,1,2,,,,,"Pan, Jing","Hulyalkar, Neha V",,,,,jxp134330,jing pan,Biochemistry Laboratory 
BIOL,3380,305,,,6,1,4,2,2,3,3,,,1,1,,"Pan, Jing","Mazambani, Simbarashe",,,,,jxp134330,jing pan,Biochemistry Laboratory 
BIOL,3162,006,1,2,1,1,3,2,3,4,1,2,2,,1,,"Candas, Mehmet",,,,,,candas,mehmet candas,Biochemistry Workshop II 
PSY,3393,002,6,8,3,3,1,1,,,,,1,,,,"Raman, Rachna","Mizener, Brendon J",,,,,rxr076000,rachna raman,Experimental Projects in Psychology 
FILM,2332,HN1,8,4,6,6,,,,,,,,,,,"McLean, Adrienne L",,,,,,amclean,adrienne mclean,Understanding Film 
LIT,2331,003,,10,8,4,,,,,1,,,,1,,"Siddiqui, Farah",,,,,,fxs121830,farah siddiqui,Masterpieces of World Literature 
EPCS,2100,002,,12,1,2,5,,,1,,,3,,,,"Bennett, Terrell R",,,,,,trb052000,terrell bennett,Engineering Project in Community Service 
MECH,4110,102,,9,9,2,2,2,,,,,,,,,"Li, Yaoyu","Wu, Zhongyou","Liu, Chang","Li, Changyuan",,,yxl115230,yaoyu li,Systems and Controls Laboratory 
MECH,4110,104,,7,8,4,2,1,1,1,,,,,,,"Li, Yaoyu","Wu, Zhongyou","Liu, Chang","Li, Changyuan",,,yxl115230,yaoyu li,Systems and Controls Laboratory 
ECON,2301,HN1,,8,7,4,5,,,,,,,,,,"Grover, William C","Han, Minyu",,,,,wcg071000,william grover,Principles of Macroeconomics 
SOC,1301,HN1,11,13,,,,,,,,,,,,,"Skaggs, Sheryl L",,,,,,slskaggs,sheryl skaggs,Introduction to Sociology 
SOC,4372,HN1,15,8,1,,,,,,,,,,,,"Scotch, Richard",,,,,,scotch,richard scotch,Health and Illness 
MATH,6301,501,,6,8,2,4,3,,,,,,,1,,"Balanov, Zalman",,,,,,zxb105020,zalman balanov,Real Analysis 
NSC,4383,501,,22,,,2,,,,,,,,,,"Vanneste, Sven",,,,,,sxv140030,sven vanneste,Human Neurophysiology Lab 
BMEN,3370,001,2,9,2,1,3,3,2,1,,,,,1,,"Polk, Todd W","Ozdemir, Ipek",,,,,twp017000,todd polk,Digital Circuits 
MECH,2120,101,5,9,3,1,,2,1,,,,2,,1,,"Lu, Hongbing","Cao, Dongyang",,,,,hxl101000,hongbing lu,Mechanics of Materials Laboratory 
MECH,2120,105,6,6,8,1,1,1,,,1,,,,,,"Lu, Hongbing","Zhang, Runyu",,,,,hxl101000,hongbing lu,Mechanics of Materials Laboratory 
MECH,4110,101,2,5,8,4,3,2,,,,,,,,,"Li, Yaoyu","Wu, Zhongyou","Liu, Chang","Li, Changyuan",,,yxl115230,yaoyu li,Systems and Controls Laboratory 
BIS,1100,007,,16,4,,,,,2,2,,,,,,"Naqvi, Syed K",,,,,,skn180000,syed naqvi,Interdisciplinary Studies Freshman Seminar 
UNIV,4174,004,20,1,1,,1,,1,,,,,,,,"Lane, Shelley D",,,,,,sdl063000,shelley lane,Theory and Practice of Group Motivation and Leadership 
EEDG,6301,001,,5,10,4,2,,1,,,,,,2,,"Nourani, Mehrdad","Si, Qilin",,,,,nourani,mehrdad nourani,Advanced Digital Logic 
THEA,2372,001,14,6,3,,,,,,,,,,1,,"Lingo, Kathy A",,,,,,klingo,kathy lingo,Improvisation 
ATCM,2345,001,8,2,3,,1,4,2,1,,,1,,2,,"Fitzgerald, Harold E",,,,,,hxf170830,hal fitzgerald,Sound Design 
CRIM,4322,0H1,,3,4,2,5,4,,1,2,2,,,1,,"Vieraitis, Lynne M","Riddell, Jordan R",,,,,lmv071000,lynne vieraitis,Senior Research Seminar 
ED,4372,0W2,11,3,4,,3,1,1,1,,,,,,,"Christensen, Rhonda",,,,,,rxc180023,rhonda christensen,Educational Technology 
ACCT,6344,SS1,,9,,5,9,1,,,,,,,,,"Dai, Zhonglan",,,,,,zxd051000,zhonglan dai,
FIN,6301,SS1,,4,5,6,5,4,,,,,,,,,"Xu, Yexiao","Kim, Sang Hyun",,,,,yexiaoxu,yexiao xu,
FIN,6307,SS1,,10,,,12,,,2,,,,,,,"El-Ashmawi, Amal H","Ma, Liping",,,,,ahe013000,amal el ashmawi,
FIN,6325,SS1,,4,7,3,8,1,1,,,,,,,,"Wynne, Mark",,,,,,,mark wynne,
MIS,6204,PS1,,11,1,1,8,,2,,,,,,1,,"Hefley, William E",,,,,,weh150130,william hefley,
OB,6332,CH1,,22,1,,,1,,,,,,,,,"Behrendt, William",,,,,,,william behrendt,
MATH,2420,HN1,6,14,2,,,1,,,,,,,1,,"Dabkowski, Mieczyslaw K","Helal, Md Abu",,,,,mkd034000,mieczyslaw dabkowski,Differential Equations with Applications 
PHYS,4352,001,2,6,3,7,3,3,,,,,,,,,"Shi, Xiaoyan","Pedersen, Eske M",,,,,xxs151730,xiaoyan shi,Concepts of Modern Physics 
PSCI,4V66,501,12,10,,,1,,,,,,,,,,"Seagroves, Tony A",,,,,,tas064000,tony seagroves,Mock Trial 
ITSS,4381,501,,3,6,3,2,4,1,,2,1,,1,1,,"Narayanasami, Priya","Malpani, Surajkumar Pavankumar",,,,,pxn173330,priya narayanasami,Object Oriented Programming with Python 
ARTS,1301,HN1,,19,2,3,1,,,,,,,,,,"Riccio, Thomas P",,,,,,txr033000,thomas riccio,Exploration of the Arts 
ECS,3390,5H5,,14,3,4,3,,,,,,,,1,,"Coleman, Amanda R",,,,,,axc173630,,Professional and Technical Communication 
EE,4388,001,,18,6,1,,,,,,,,,,,"Tacca, Marco",,,,,,mtacca,marco tacca,Senior Design Project I 
CRIM,3302,001,,21,,,2,,,1,,,,,1,,"Wheeler, Andrew","Sanford, Stephanie M",,,,,axw161530,,Advanced Criminology 
GOVT,2306,HN1,3,9,8,4,1,,,,,,,,,,"Dow, Douglas C",,,,,,dougdow,douglas dow,State and Local Government 
GOVT,2306,HN3,,23,2,,,,,,,,,,,,"Elliott, Euel W","Latiolais, Jasmine R","Johnson, Sara K",,,,eelliott,euel elliott,State and Local Government 
AMS,2341,HN1,3,10,4,2,4,,1,,,,,,1,,"Smith, Erin",,,,,,erins,erin smith,American Studies for the Twenty-First Century 
ENTP,3301,502,,11,,,14,,,,,,,,,,"Guengerich, Steven","Aziz, Fasahat",,,,,sxg172931,steven guengerich,Innovation and Entrepreneurship 
CHEM,6389,001,,18,2,,4,,,1,,,,,,,"Chan, Julia Y",,,,,,jyc130130,julia chan,Scientific Literature and Communication Skills 
NATS,2333,HN1,12,13,,,,,,,,,,,,,"Taylor, Stephanie M",,,,,,smt031000,stephanie taylor,Energy  Water  and the Environment 
STAT,6348,001,,24,1,,,,,,,,,,,,"Gel, Yulia","Ofori-Boateng, Dorcas",,,,,yxg142030,yulia gel,Applied Multivariate Analysis 
UNIV,1100,004,1,14,3,3,,1,1,1,1,,,,,,"Welgehausen, Eric C",,,,,,ericw,,Freshman Seminar - Undeclared 
CS,6382,001,,16,1,5,3,,,,,,,,,,"Du, Ding Z","Yuan, Jing","Gu, Shuyang",,,,dxd056000,ding zhu du,Theory of Computation 
MECH,2120,102,4,14,4,2,,1,,,,,,,,,"Lu, Hongbing","Chen, Huiluo",,,,,hxl101000,hongbing lu,Mechanics of Materials Laboratory 
BCOM,3310,014,,6,10,2,2,2,2,,,1,,,,,"Moore, Sarah E","Tanabe, Takuma",,,,,sem054000,sarah moore,Business Communication 
STAT,3360,001,2,8,3,1,2,2,3,1,1,,,,2,,"Koshevnik, Yuly","Langford, John","Lutz, Kevin C",,,,yxk055000,yuly koshevnik,Probability and Statistics for Management and Economics 
COMM,1311,0W8,13,6,2,2,,,,,1,,,,1,,"Gregory, Mona Y",,,,,,myg140030,mona gregory,
ED,3314,001,15,5,3,,1,,,,1,,,,,,"Fagg, Sharon",,,,,,sxf044000,sharon fagg,The American Public School 
COMM,1311,5W5,10,8,2,1,,,1,,,1,,,2,,"Vazzi, Lisa",,,,,,lxv160630,lisa vazzi,
BIOL,3455,803,,3,1,1,1,2,2,1,5,4,1,,4,,"Sarcar, Subha N","Ramirez, Ruben D",,,,,sns064000,subha sarcar,Human Anatomy and Physiology with Lab I 
BA,1320,001,,4,2,2,3,5,3,2,1,,,,3,,"Blueshtein, Moran","Oyima-Antseleve, Ndackyssa",,,,,mxb135230,moran blueshtein,Business in a Global World 
MIS,6324,004,,8,7,6,4,,,,,,,,,,"Zhang, Zhe","Wagh, Yash",,,,,zxz145430,,Business Analytics With SAS 
BUAN,6398,0W1,,3,6,5,5,1,,2,,,,,3,,"Kuo, Ching-Chung","Liu, Yueming",,,,,cxk162830,,Prescriptive Analytics 
ARHM,1100,301,3,13,1,2,1,1,1,,1,,,,2,,"Gray, Megan L",,,,,,mlg105020,megan gray,First Year Seminar 
LIT,2331,001,3,4,9,,2,3,1,1,,,,,2,,"Hunt, Shamim",,,,,,sxh034100,,Masterpieces of World Literature 
LIT,2331,002,12,8,2,,,,,,1,,,,2,,"Boyer, Kent L",,,,,,klb140030,kent boyer,Masterpieces of World Literature 
PSY,2301,HN2,15,9,,,1,,,,,,,,,,"Devdas, Neetha R",,,,,,nrd120030,neetha devdas,Introduction to Psychology 
ECS,3361,HN1,,11,9,5,,,,,,,,,,,"Dow, Douglas C",,,,,,dougdow,douglas dow,Social Issues and Ethics in Computer Science and Engineering 
EE,3311,501,4,4,4,2,3,2,1,1,2,,1,1,,,"Pourkamali, Siavash","Qaradaghi, Vahid",,,,,sxp124631,siavash pourkamali,Electronic Circuits 
EE,4388,002,,17,4,2,1,,,1,,,,,,,"Tacca, Marco",,,,,,mtacca,marco tacca,Senior Design Project I 
MECH,2120,104,10,5,2,3,1,1,1,,1,,,,1,,"Lu, Hongbing","Bian, Ning",,,,,hxl101000,hongbing lu,Mechanics of Materials Laboratory 
GISC,3304,001,7,5,3,3,2,,1,,1,1,1,,1,,"Shah, Muna",,,,,,mxs137630,,Principles of Geospatial Information Sciences 
ACCT,3350,PP2,3,13,2,5,2,,,,,,,,,,"Solcher, Steven J","Keogh, Reagan D",,,,,sjs107020,steven solcher,Fundamentals of Taxation 
ACCT,6301,PS1,,15,6,2,2,,,,,,,,,,"Solcher, Steven J",,,,,,sjs107020,steven solcher,
OB,6352,CW1,,15,4,4,,1,,,,,,,1,,"Plaisance Bryan, Suzette T",,,,,,,suzette plaisance bryan,
OPRE,6301,PS1,,10,4,4,5,2,,,,,,,,,"Wiorkowski, John",,,,,,wiorkow,john wiorkowski,
BIOL,3102,006,,2,,5,3,10,1,3,,,1,,,,"Kim, Jung-Whan",,,,,,jxk132330,jung whan (jay) kim,Eukaryotic Molecular and Cell Biology Workshop 
MATH,1316,003,,,3,2,3,3,5,1,4,1,,,3,,"Shen, Sijie",,,,,,sxs143631,,Trigonometry 
NSC,4363,HN1,4,11,6,1,3,,,,,,,,,,"LaDow, Eva S",,,,,,esl130130,eva ladow,Neuropharmacology 
ACCT,6301,X01,,8,6,5,2,3,,,,,,,1,,"Ali, Ashiq","Sandhu, Gurvinder",,,,,axa042200,ashiq ali,
HIST,2330,HN1,8,11,3,,1,,,1,,,,,2,,"Stewart, Whitney",,,,,,wxs160630,whitney stewart,Themes and Ideas in American History 
ATCM,1100,004,,7,10,4,3,2,,,,,,,,,"Schich, Maximilian",,,,,,mxs135130,maximilian schich,Freshman Seminar 
NSC,4352,003,,2,5,2,6,5,,3,2,1,,,,,"Raboune, Siham",,,,,,sxr180071,siham raboune,Cellular Neuroscience 
PSY,3324,001,3,7,4,4,2,1,3,,,,,,2,,"Prager, Karen","Spence, Melanie","Holub, Shayla C",,,,kprager,karen prager,Psychology of Gender 
SOC,3305,001,6,6,5,1,1,3,,,,1,,,3,,"Rejepov, Vepa",,,,,,vxr110630,,Applied Data Analysis 
FIN,3380,001,2,4,7,5,3,3,,,,,,,2,,"Gurun, Ayfer","Wen, Yaxin",,,,,axg119030,ayfer gurun,International Financial Management 
MIS,6204,591,,17,5,4,,,,,,,,,,,"Mookerjee, Vijay","Srivastava, Smriti",,,,,vijaym,vijay mookerjee,Information Technology for Management 
MATH,2417,009,3,,3,3,1,,2,,4,2,,,8,,"Makhijani, Neha",,,,,,nxm165130,neha makhijani,Calculus I 
UNIV,1100,002,3,10,3,3,2,,,1,2,,1,,1,,"Welgehausen, Eric C",,,,,,ericw,,Freshman Seminar - Undeclared 
UNIV,4174,001,16,5,3,,,,,2,,,,,,,"Lane, Shelley D",,,,,,sdl063000,shelley lane,Theory and Practice of Group Motivation and Leadership 
COMM,1311,5W7,5,8,7,3,2,,,1,,,,,,,"Totusek, Patricia F",,,,,,pft140030,patricia totusek,
PA,2325,001,,10,2,3,7,,,3,,,,,1,,"Goodman, Doug","Yadav, Chaitanya","Park, Yong Jun",,,,dxg101000,doug goodman,Introduction to Public Service 
COMM,1311,5W2,3,7,4,4,5,1,,1,,,,,1,,"Carlson, Eric B",,,,,,ebc051000,eric carlson,
MIS,6324,501,,11,3,5,7,,,,,,,,,,"Zhang, Zhe","Wagh, Yash",,,,,zxz145430,,Business Analytics With SAS 
ATCM,3395,001,,9,,,9,,,6,,,2,,,,"Lester, Paul","Mejia, Paulina M",,,,,pxl152030,paul lester,Topics in Arts  Technology  and Emerging Communication 
CE,3310,002,1,4,2,2,4,9,,3,1,,,,,,"Pourkamali, Siavash","Abousaba, Mohammad F",,,,,sxp124631,siavash pourkamali,Electronic Devices 
ACCT,6202,PS1,,16,,,9,1,,,,,,,,,"Zolton, Kathy",,,,,,kxz121730,kathy zolton,
ACCT,6287,X01,,21,5,,,,,,,,,,,,"McNulty, Diane S",,,,,,dmcnulty,diane mcnulty,
OB,6301,X01,,11,13,1,1,,,,,,,,,,"Hicks, Jeffrey N",,,,,,jnh061000,jeffrey hicks,
OPRE,6301,X01,,13,6,3,2,1,,,,,,,1,,"Bush, Rhonda L","Wang, Shouqiang",,,,,,rhonda bush,
PHYS,5322,001,,8,8,2,5,2,,,,,,,1,,"Heelis, Roderick A","Zewdie, Gebreabkidanu",,,,,heelis,roderick heelis,Electromagnetism II 
HMGT,6334,501,,11,6,5,2,2,,,,,,,,,"Ayvaci, Mehmet U","Tunc, Murat M",,,,,mua120030,mehmet ayvaci,Healthcare Analytics 
COMM,1311,5W1,6,5,3,3,3,1,,,,,1,1,3,,"Krishnaswamy, Nandini",,,,,,nxk176230,nandini krishnaswamy,
COMM,1311,005,16,5,2,3,1,,,,,,,,,,"Arnold, Bob",,,,,,bxa161430,bob arnold,Survey of Oral and Technology-based Communication 
CS,4348,HON,1,5,4,7,4,2,3,1,,,,,,,"Prakash, Ravi","Samiei, Aliehsan",,,,,ravip,ravi prakash,Operating Systems Concepts 
BPS,4305,004,4,5,5,6,3,1,2,,1,,,,,,"Welbourne Eleazar, Miranda J",,,,,,mjw160530,miranda welbourne eleazar,Strategic Management 
BPS,6310,501,,10,,,13,,,3,,,,,1,,"Dess, Gregory","Kim, Dong Shin",,,,,ggd021000,gregory dess,Strategic Management 
SYSM,6303,SS1,,15,4,3,,1,3,1,,,,,,,"Sethi, Awanti",,,,,,asethi,awanti sethi,
UNIV,1100,001,3,16,4,1,2,,,,,,1,,,,"Welgehausen, Eric C",,,,,,ericw,,Freshman Seminar - Undeclared 
COMM,1311,011,8,8,2,1,3,2,1,1,1,,,,,,"Templeton, Allison A","Tanner, Lari J",,,,,aam141730,allison templeton,Survey of Oral and Technology-based Communication 
COMM,1311,0W4,13,8,2,1,3,,,,,,,,,,"Tanner, Lari J",,,,,,ljt130130,lari tanner,
COMM,1311,0W9,8,7,2,2,,1,,,1,,,1,5,,"Krishnaswamy, Nandini",,,,,,nxk176230,nandini krishnaswamy,
COMM,1311,502,4,8,4,,4,4,,,,,,,3,,"Juarez, Veronica",,,,,,vxj161430,veronica juarez,Survey of Oral and Technology-based Communication 
NSC,3361,HN1,7,13,4,2,1,,,,,,,,,,"LaDow, Eva S",,,,,,esl130130,eva ladow,Introduction to Neuroscience 
CS,4390,501,2,3,2,3,3,,2,2,2,1,2,3,2,,"Cobb, Jorge","Dakle, Parag Pravin",,,,,jcobb,jorge cobb,Computer Networks 
FIN,3305,003,4,3,1,3,3,5,2,1,,1,2,1,1,,"DeCourcy, George A",,,,,,gad075000,george decourcy,Real Estate Principles 
OPRE,6366,001,,7,6,8,2,2,1,1,,,,,,,"Leach, Sonia E","Zhang, Wen",,,,,sel120030,sonia leach,Global Supply Chain Management 
OPRE,6393,501,,8,8,4,4,1,,1,,,,,1,,"Cavusoglu, Huseyin","Pham, Trang T",,,,,huseyin,huseyin cavusoglu,Database Foundations 
BIOL,3162,001,1,,2,,7,1,9,5,1,,,,1,,"Dejong, Jeff L",,,,,,dejong,jeff dejong,Biochemistry Workshop II 
ATCM,4364,001,3,8,3,7,2,1,1,1,,,1,,,,"Schich, Maximilian",,,,,,mxs135130,maximilian schich,Topics in Design and Production 
CS,4348,503,2,4,2,4,,,2,7,,,2,,4,,"Alagar, Sridhar","Wang, Huaduo",,,,,sxa173731,sridhar alagar,Operating Systems Concepts 
EECT,7326,001,,12,9,2,3,,1,,,,,,,,"Lee, Hoi","Xiong, Jiu",,,,,hxl054000,hoi lee,Advanced Analog Integrated Circuit Design 
MIS,6V99,003,,2,12,9,3,1,,,,,,,,,"Sohaee, Nassim","Patel, Mehul G",,,,,nxs045000,nassim sohaee,Special Topics in Management Information Systems 
BIOL,3102,005,,9,,4,9,2,2,,1,,,,,,"Delk, Nikki A",,,,,,nad140230,nikki delk,Eukaryotic Molecular and Cell Biology Workshop 
BIOL,3456,305,,3,5,3,5,2,,1,3,2,1,2,,,"Hill, Brenna R","Daescu, Kelly J","Yu, Wen H",,,,brh140230,brenna hill,Human Anatomy and Physiology with Lab II 
CHEM,2125,105,8,16,3,,,,,,,,,,,,"Wijenayake, Sumudu N","Tague, Daniel W",,,,,snw081000,sumudu wijenayake,Introductory Organic Chemistry Laboratory II 
PHYS,2125,601,8,13,2,,,,1,,,,,,3,,"Sun, Kuei","Liu, Xun",,,,,kxs147030,kuei sun,Physics Laboratory I 
COMM,1311,0W1,5,5,1,4,5,2,,2,,1,1,,1,,"Baynham, Karen M",,,,,,contemp,karen baynham,
BIS,1100,004,22,,,,3,,,,,,1,,1,,"Wissinger, Tonja",,,,,,twissin,tonja wissinger,Interdisciplinary Studies Freshman Seminar 
MIS,6334,001,,7,5,8,4,3,,,,,,,,,"Menon, Syam","Bansal, Swati",,,,,sxm021300,syam menon,Advanced Business Analytics With SAS 
BIOL,3162,002,1,3,4,3,3,3,3,3,1,2,1,,,,"Candas, Mehmet",,,,,,candas,mehmet candas,Biochemistry Workshop II 
CHEM,2123,106,7,14,5,1,,,,,,,,,,,"Shah, Shailesh N","Wang, Hanghang",,,,,sns170230,shailesh shah,Introductory Organic Chemistry Laboratory I 
ACCT,6388,001,,23,3,,,1,,,,,,,,,"Goodrich, Mary Beth W","Koonce, Katherine",,,,,goodrich,mary beth goodrich,Accounting Communications 
MECH,6354,001,,6,12,8,1,,,,,,,,,,"Bernal Montoya, Rodrigo A","Malakooti, Sadeq",,,,,rab160530,rodrigo bernal,Experimental Mechanics 
MKT,6352,001,,9,4,6,8,,,,,,,,,,"Tirone, Guido",,,,,,gxt170001,guido tirone,Marketing Web Analytics and Insights 
PHYS,2126,604,4,17,3,1,1,,,,,,,,1,,"Sun, Kuei","Koirala, Pawan",,,,,kxs147030,kuei sun,Physics Laboratory II 
COMM,1311,501,10,10,3,1,1,,,,1,,,,1,,"Skiles, Bradley W",,,,,,bws150030,bradley skiles,Survey of Oral and Technology-based Communication 
ATCM,3346,001,1,13,8,4,1,,,,,,,,,,"Marks, David E",,,,,,dem160430,david marks,Audio Productions Lab I 
BBSU,1100,012,18,2,3,2,,,,,,,1,,1,,"Boeshans, Lindsey E",,,,,,leb140130,,First Year Seminar 
BMEN,4389,001,,8,3,11,2,3,,,,,,,,,"Polk, Todd W","Upasham, Sayali S",,,,,twp017000,todd polk,Senior Design Project II 
PA,3306,001,,12,11,,2,,2,,,,,,,,"Abraham, Romeo",,,,,,rxa164430,,Advanced Research and Writing for the Policy Sciences 
OPRE,6301,CH1,,16,3,4,3,1,,,,,,,,,"Kim, Dohyeong",,,,,,dxk132530,dohyeong kim,
AUD,6113,001,,,,,,,,,,,,,,,"Roeser, Ross J",,,,,,roeser,,Grand Rounds 
MIS,6330,001,,9,11,3,4,,,,,,,,,,"Lahiri, Atanu","Sandilya, Nimish K",,,,,axl144730,atanu lahiri,Information Technology Security 
COMM,1311,007,25,,1,,2,,,,,,,,,,"Davis, Letitia",,,,,,laa104020,letitia davis,Survey of Oral and Technology-based Communication 
COMM,1311,014,19,6,3,,,,,,,,,,,,"Tanner, Lari J",,,,,,ljt130130,lari tanner,Survey of Oral and Technology-based Communication 
COMM,1311,015,,19,4,1,1,,1,,,,,,2,,"Glauser, Janece B",,,,,,jbg130030,janece glauser,Survey of Oral and Technology-based Communication 
COMM,1311,016,,12,4,5,3,1,1,,1,,1,,,,"Glauser, Janece B",,,,,,jbg130030,janece glauser,Survey of Oral and Technology-based Communication 
COMM,1311,0W3,4,14,4,3,2,,,,,1,,,,,"Templeton, Allison A","Tanner, Lari J",,,,,aam141730,allison templeton,
ATCM,2302,004,4,6,9,3,1,,2,1,,1,,,1,,"Salter, Monika","Nazir, Cassini","Brtis, Chelsea L",,,,mxs176131,monika salter,Design I 
ATCM,4350,001,6,7,2,2,1,3,2,,,,1,,4,,"Hewitt, Sharon","Remington, William A",,,,,sxh090220,sharon hewitt,Digital Video Production II 
EE,4361,001,1,3,5,2,7,2,2,1,1,2,1,,1,,"Panahi, Issa","Shreedhar Bhat, Gautam",,,,,imp015000,issa panahi,Introduction to Digital Signal Processing 
ED,4352,001,,8,12,2,3,1,1,1,,,,,,,"McNulty, Angela B",,,,,,mcnulty,,Reading I  Learning to Read 
FIN,4340,001,3,5,2,,5,6,,4,2,,1,,,,"Xiao, Wenjing",,,,,,swx170030,,Options and Futures Markets 
COMM,1311,004,7,5,8,,2,2,,2,,1,,,1,,"Arnold, Bob",,,,,,bxa161430,bob arnold,Survey of Oral and Technology-based Communication 
COMM,1311,008,19,4,3,,,,,,,,,1,1,,"Hanson, Jocyln Y",,,,,,jyh140230,jocyln hanson,Survey of Oral and Technology-based Communication 
COMM,1311,009,16,,2,2,2,,1,,,,,,5,,"Vazzi, Lisa",,,,,,lxv160630,lisa vazzi,Survey of Oral and Technology-based Communication 
COMM,1311,010,21,,4,,3,,,,,,,,,,"Hanson, Jocyln Y",,,,,,jyh140230,jocyln hanson,Survey of Oral and Technology-based Communication 
COMM,1311,013,22,1,2,,,1,,,1,,,,1,,"Davis, Letitia",,,,,,laa104020,letitia davis,Survey of Oral and Technology-based Communication 
LIT,3322,501,,6,,,12,,,9,,,1,,,,"Walsh, Dennis P",,,,,,dpw031000,dennis walsh,Early American Literature 
CS,6301,006,,28,,,,,,,,,,,,,"Cardenas, Alvaro","Lozano Carrillo, Juan Camilo",,,,,axc127431,alvaro cardenas,Special Topics in Computer Science 
FIN,3370,002,5,2,5,3,4,1,2,,3,,,,3,,"Kaplan, Larry S",,,,,,lsk140130,larry kaplan,Principles of Risk Management and Insurance 
PHYS,2125,122,,23,5,,,,,,,,,,,,"Sun, Kuei","Feizi, Wirya",,,,,kxs147030,kuei sun,Physics Laboratory I 
COMM,1311,003,9,11,3,2,1,,1,,,,,,1,,"Totusek, Patricia F",,,,,,pft140030,patricia totusek,Survey of Oral and Technology-based Communication 
EEDG,6375,001,,8,,4,12,3,1,,,,,,,,"Bhatia, Dinesh","Goswami, Pingakshya",,,,,dinesh,dinesh bhatia,Design Automation of VLSI Systems 
EERF,7V89,001,,12,6,5,5,,,,,,,,,,"Heins, Matthew S","Li, Xi",,,,,msh130130,matthew heins,Special Topics in RF and Microwave Systems 
MECH,2340,001,5,8,4,3,7,1,,,,,,,,,"Fey, Ann Majewicz","Boehm, Jacob R",,,,,axm141231,,Circuits and Applied Electronics 
BUAN,6337,002,,10,3,8,7,,,,,,,,,,"Murthi, B P","Liao, Chenxi","Tehrani, Shervin S",,,,murthi,b p murthi,Predictive Analytics Using SAS 
OB,6331,501,,27,,,,,,,,,,,1,,"Hasenhuttl, Maria",,,,,,h1562,maria hasenhuttl,Power and Politics in Organizations 
BIOL,3102,007,,10,,5,4,6,2,,,,1,,,,"Delk, Nikki A","Gerold, Haleigh",,,,,nad140230,nikki delk,Eukaryotic Molecular and Cell Biology Workshop 
CHEM,1111,103,5,16,1,1,,,,,2,,,,3,,"Qin, Yanping","Lumata, Jenica",,,,,yxq083000,yanping qin,General Chemistry Laboratory I 
CHEM,1111,146,3,15,4,1,,,,,2,,,,3,,"Qin, Yanping","Lumata, Jenica",,,,,yxq083000,yanping qin,General Chemistry Laboratory I 
CHEM,2125,102,1,12,14,,1,,,,,,,,,,"Shah, Shailesh N","Cue, John Michael",,,,,sns170230,shailesh shah,Introductory Organic Chemistry Laboratory II 
PSCI,3310,001,,20,3,3,,1,1,,,,,,,,"McCaskill, John R","Yadav, Chaitanya",,,,,jrm094020,john mccaskill,Managing Government Organizations 
MIS,6308,502,,8,9,8,1,1,1,,,,,,,,"Narasimhan, Prithi","Pawar, Dhairya Dhanaji",,,,,pxn152330,prithi narasimhan,System Analysis and Project Management 
PHYS,2125,108,3,18,,1,2,2,,,,,,,2,,"Sun, Kuei","Khashami, Fatemeh",,,,,kxs147030,kuei sun,Physics Laboratory I 
PSY,2317,501,1,1,4,5,6,1,2,4,1,1,,1,1,,"Schwark, Gayle","Gonen, Chen",,,,,gxs180015,gayle schwark,Statistics for Psychology 
ATCM,3337,001,2,18,6,2,,,,,,,,,,,"Nazir, Cassini",,,,,,cassini,cassini nazir,Interaction Design I 
BBSU,1100,014,21,3,1,1,,2,,,,,,,,,"Jordan, Katy J",,,,,,kjj073000,katy jordan,First Year Seminar 
PSY,3342,501,4,5,2,4,6,2,5,,,,,,,,"Barfoot, John W","Peskova, Olga",,,,,jwb043000,john barfoot,Exceptional Children 
CS,3354,501,,3,9,6,2,5,2,,1,,,,,,"Paulk, Mark C","Sarwat, Maliha",,,,,mcp130030,mark paulk,Software Engineering 
CRIM,4311,0W1,1,7,3,1,6,1,3,,,,1,,5,,"Huskey, Michael",,,,,,mxh160630,michael huskey,Crime and Justice Policy 
CHEM,2125,101,9,9,6,2,2,,,,,,,,,,"Shah, Shailesh N","Wang, Hanghang",,,,,sns170230,shailesh shah,Introductory Organic Chemistry Laboratory II 
BIS,3190,0H1,5,4,7,,2,1,,4,2,,,1,2,,"Robinson, Katie L","Edwards, Christopher W",,,,,klr180002,katie robinson,Library Research Skills 
BIS,3190,0W2,8,10,2,3,1,2,,2,,,,,,,"Edwards, Christopher W","Robinson, Katie L",,,,,cwe011000,christopher edwards,Library Research Skills 
BIOL,3102,004,12,1,,3,,1,4,2,1,,2,2,,,"Srikanth, Uma",,,,,,ukrish,uma srikanth,Eukaryotic Molecular and Cell Biology Workshop 
STAT,6337,001,,3,2,8,10,3,1,,,,,,1,,"Choudhary, Pankaj K","Gunawardana, Kalupahana L",,,,,pkc022000,pankaj choudhary,Advanced Statistical Methods I 
ATCM,2301,003,,5,14,3,1,1,3,2,,,,,,,"Christopher, Daedra","Alzate, Catalina",,,,,dxe093020,daedra christopher,Computer Imaging 
ATCM,2301,501,,23,,1,2,,,,,,,,3,,"Stewart, Michael C","Alzate, Catalina",,,,,mxs128231,michael stewart,Computer Imaging 
ATCM,2302,007,3,9,8,2,2,1,1,1,1,,1,,,,"Minnish, Roxanne W","Brtis, Chelsea L","Nazir, Cassini",,,,rwm061000,roxanne minnish,Design I 
ATCM,3330,002,,3,11,6,6,,1,,,,1,,1,,"Nielsen, Christina R",,,,,,crn022000,christina nielsen,Digital Art and Social Practice 
ACCT,6335,501,,7,4,13,4,1,,,,,,,,,"Blair, Ronald J",,,,,,rblair,ronald blair,Ethics for Professional Accountants 
FIN,3395,001,,26,2,,1,,,,,,,,,,"Peabody, Stephen D",,,,,,sdp093020,,Financial Modeling and Valuation 
MKT,3330,003,5,8,6,2,4,,,1,1,1,1,,,,"Amirpour, Semiramis",,,,,,sxa130731,semiramis amirpour,Introduction to Professional Selling 
OPRE,6302,AW1,,7,17,3,1,1,,,,,,,,,"Hassanzadeh, Nozar",,,,,,nozarh,nozar hassanzadeh,
CHEM,1111,126,4,18,5,,1,,,,1,,,,,,"Hashami, Zohreh","Mortensen, Marie L",,,,,zxh088000,zohreh hashami,General Chemistry Laboratory I 
CHEM,1111,147,10,11,1,,,,,1,,,,,6,,"Hashami, Zohreh","Pope, Mitchell A",,,,,zxh088000,zohreh hashami,General Chemistry Laboratory I 
CHEM,1111,601,,17,6,5,,,,,,1,,,,,"Huang, Yu","Mortensen, Marie L",,,,,yxh091220,yu huang,General Chemistry Laboratory I 
CHEM,1111,609,12,13,2,,,,,1,,,,,1,,"Huang, Yu","Pope, Mitchell A",,,,,yxh091220,yu huang,General Chemistry Laboratory I 
CHEM,2123,605,17,11,1,,,,,,,,,,,,"Shah, Shailesh N","Siddiki, A K M Nur Alam",,,,,sns170230,shailesh shah,Introductory Organic Chemistry Laboratory I 
CHEM,2125,103,18,7,3,,1,,,,,,,,,,"Wijenayake, Sumudu N","Tague, Daniel W",,,,,snw081000,sumudu wijenayake,Introductory Organic Chemistry Laboratory II 
PHYS,2125,101,9,15,1,1,1,,,,,,1,,1,,"Sun, Kuei","Liu, Xun",,,,,kxs147030,kuei sun,Physics Laboratory I 
PHYS,2126,116,5,11,11,2,,,,,,,,,,,"Sun, Kuei","Maisberger, Matthew C",,,,,kxs147030,kuei sun,Physics Laboratory II 
PHYS,2126,602,5,11,8,2,,2,,1,,,,,,,"Sun, Kuei","Mueller, David H",,,,,kxs147030,kuei sun,Physics Laboratory II 
PHYS,2126,603,13,12,1,1,1,,1,,,,,,,,"Sun, Kuei","Cailide, Christopher G",,,,,kxs147030,kuei sun,Physics Laboratory II 
JAPN,1311,002,8,6,5,4,2,3,,1,,,,,,,"Allred, Michael K",,,,,,mka170830,michael allred,Beginning Japanese I 
ATCM,3395,502,8,6,3,4,2,1,1,2,,,,,2,,"Starzer, Kenneth W",,,,,,kws042000,ken starzer,Topics in Arts  Technology  and Emerging Communication 
CLDP,3310,501,,11,6,2,7,1,,1,,,1,,,,"Bonner, Deborah L","Poudel, Sonali",,,,,dbonner,deborah bonner,Child Development 
CS,4349,HON,2,4,8,5,5,3,,1,,,,,1,,"Willson, James K","Haque, Wasif A",,,,,jkw053000,james willson,Advanced Algorithm Design and Analysis 
ECON,3311,001,,11,4,,8,2,,4,,,,,,,"Grover, William C","Han, Minyu",,,,,wcg071000,william grover,Intermediate Macroeconomic Theory 
CHEM,1111,115,13,10,2,1,,1,1,1,,,,,,,"Hashami, Zohreh","Remy, Ashele K",,,,,zxh088000,zohreh hashami,General Chemistry Laboratory I 
CHEM,1111,120,2,13,5,2,2,2,,1,,,,1,1,,"Huang, Yu","Mortensen, Marie L",,,,,yxh091220,yu huang,General Chemistry Laboratory I 
CHEM,1111,127,3,16,5,1,1,,,1,,,,2,,,"Sra, Amandeep K","Perera, Alahendra Arachchige Sachini .",,,,,aks057000,amandeep sra,General Chemistry Laboratory I 
CHEM,1111,605,17,8,1,1,,1,,1,,,,,,,"Huang, Yu","Ahrari, Samira",,,,,yxh091220,yu huang,General Chemistry Laboratory I 
NATS,3341,001,2,5,10,3,3,3,,,,,,,3,,"Dingrando, Laurel P","Karakis, Merve",,,,,lpd015000,laurel dingrando,Knowing and Learning in Mathematics and Science 
PHYS,2125,111,,23,2,2,,1,,,,,1,,,,"Sun, Kuei","Dhale, Nikhil",,,,,kxs147030,kuei sun,Physics Laboratory I 
PHYS,2125,602,2,20,3,1,1,,,,,,,,2,,"Sun, Kuei","Rahmanian Koshkaki, Saeed",,,,,kxs147030,kuei sun,Physics Laboratory I 
PHYS,2126,113,14,12,1,,1,1,,,,,,,,,"Sun, Kuei","Cailide, Christopher G",,,,,kxs147030,kuei sun,Physics Laboratory II 
PHYS,2126,125,5,16,3,2,2,,1,,,,,,,,"Sun, Kuei","Fox, Logan K",,,,,kxs147030,kuei sun,Physics Laboratory II 
ATCM,3395,003,,3,4,10,6,2,,,3,,,,1,,"Imaoka, Laura",,,,,,lxi170030,laura imaoka,Topics in Arts  Technology  and Emerging Communication 
MECH,3105,102,17,3,2,2,1,2,2,,,,,,,,"Rios, Oziel","Sadeh, Sepehr",,,,,oxr106020,oziel rios,Computer Aided Design Laboratory 
HLTH,1301,0W2,,4,4,1,5,5,1,3,3,,1,,2,,"Baetge, Claire",,,,,,cxb170330,claire baetge,Introduction to Kinesiology 
BCOM,4350,012,13,13,,,1,1,,,,,,,1,,"Michael, Sally C",,,,,,scm180004,sally michael,Advanced Business Communication 
CHEM,2125,104,12,11,4,,,,2,,,,,,,,"Wijenayake, Sumudu N","Wang, Hanghang",,,,,snw081000,sumudu wijenayake,Introductory Organic Chemistry Laboratory II 
PHYS,2126,108,12,16,,,,1,,,,,,,,,"Sun, Kuei","Zhang, Yichao",,,,,kxs147030,kuei sun,Physics Laboratory II 
CS,4375,002,7,8,5,5,3,1,,,,,,,,,"Nagar, Anurag","Hu, Yibo",,,,,axn112530,anurag nagar,Introduction to Machine Learning 
MATH,2417,012,9,,3,2,3,1,5,,3,,1,,2,,"Ahsan, Mohammad K",,,,,,mka120030,mohammad ahsan,Calculus I 
MATH,6313,001,,18,4,2,3,1,,1,,,,,,,"Turi, Janos",,,,,,turi,janos turi,Numerical Analysis 
PHYS,2125,112,13,12,1,1,2,,,,,,,,,,"Sun, Kuei","Zhou, Xiaohe",,,,,kxs147030,kuei sun,Physics Laboratory I 
PHYS,2126,103,3,6,13,2,2,,1,,1,,1,,,,"Sun, Kuei","Chinthak Murali, .",,,,,kxs147030,kuei sun,Physics Laboratory II 
ATCM,2301,005,1,8,7,4,3,1,1,1,,,,,3,,"Nielsen, Christina R","Alzate, Catalina",,,,,crn022000,christina nielsen,Computer Imaging 
PHYS,2126,112,14,10,3,,1,,,,,,,,1,,"Sun, Kuei","Parajuli, Santosh",,,,,kxs147030,kuei sun,Physics Laboratory II 
PHYS,2126,605,1,10,15,2,,,,,1,,,,,,"Sun, Kuei","Gu, Wenyao",,,,,kxs147030,kuei sun,Physics Laboratory II 
CHEM,1111,607,13,9,2,2,1,,,,,,1,1,,,"Huang, Yu","Ahrari, Samira",,,,,yxh091220,yu huang,General Chemistry Laboratory I 
PSY,4324,501,1,9,3,7,2,1,1,1,2,1,,1,,,"Brody, Salena M",,,,,,smb051000,salena brody,The Psychology of Prejudice 
CS,6364,001,,9,5,8,6,1,,,,,,,,,"Min, Richard K","Dakshit, Sagnik",,,,,rkm010300,richard min,Artificial Intelligence 
BUAN,6312,0W1,,1,9,4,1,10,2,1,,,,,1,,"Blueshtein, Moran","Oyima-Antseleve, Ndackyssa",,,,,mxb135230,moran blueshtein,Applied Econometrics and Time Series Analysis 
ACN,6340,001,,11,9,3,2,4,,,,,,,,,"McWilliams, Steven P",,,,,,sxm127330,steven mcwilliams,Cellular Neuroscience 
SPAU,3342,501,5,3,5,8,2,3,1,,,1,,,1,,"Barfoot, John W","Peskova, Olga",,,,,jwb043000,john barfoot,Exceptional Children 
CS,3162,054,,23,,2,,1,1,,,,,,2,,"Smith, Klyne",,,,,,kxs180052,klyne smith,Professional Responsibility in Computer Science and Software Engineering 
BIS,1100,006,,23,1,,,,,1,,,,1,3,,"Naqvi, Syed K",,,,,,skn180000,syed naqvi,Interdisciplinary Studies Freshman Seminar 
ED,4351,001,13,11,1,1,,2,1,,,,,,,,"Davis, Renee",,,,,,rrd160530,renee davis,ESL for K-12 Teachers 
ACCT,6202,CH1,,27,2,,,,,,,,,,,,"Sadka, Gil",,,,,,gxs143630,gil sadka,
ITSS,4301,501,4,6,4,2,3,2,1,1,1,,1,3,1,,"Hagen, John C","Tang, Ping",,,,,jch013200,john hagen,Database Systems 
OB,6301,CH1,,10,5,3,6,5,,,,,,,,,"Slocum, John W",,,,,,,john slocum,
ACCT,3350,501,4,4,3,,5,3,,1,2,,1,2,4,,"Gamino, John P",,,,,,jpg140630,john gamino,Fundamentals of Taxation 
LIT,3330,501,5,9,1,2,5,2,4,,,,,,1,,"Lambert, Thomas M",,,,,,tml017100,thomas lambert,Linguistics 
BIOL,3162,004,1,5,,4,5,5,6,2,1,,,,,,"Dejong, Jeff L",,,,,,dejong,jeff dejong,Biochemistry Workshop II 
MATH,6303,001,,12,6,3,1,4,1,2,,,,,,,"Dragovic, Vladimir",,,,,,vxd123630,,Theory of Complex Functions I 
DANC,1310,0H1,7,12,11,,,,,,,,,,,,"Owens, Misty",,,,,,mxo122530,misty owens,Understanding Dance 
HUMA,3351,001,12,17,,1,,,,,,,,,,,"Anjum, Zafar",,,,,,zxa110730,zafar anjum,Introduction to Islamic Culture 
ATCM,3301,002,5,10,9,1,2,2,,1,,,,,,,"Patino, Stephen D",,,,,,sxp180102,stephen patino,Digital Content Design 
ATCM,3340,001,5,12,7,4,2,,,,,,,,,,"Wood, Harold G",,,,,,hgw021000,harold wood,Design II 
ATCM,3340,003,8,8,1,6,3,2,,1,,,,,1,,"Wood, Harold G",,,,,,hgw021000,harold wood,Design II 
ATCM,3376,001,,30,,,,,,,,,,,,,"Andreen, Michael T",,,,,,mta072000,michael andreen,History of Games 
ATCM,4330,001,,6,3,2,12,1,1,1,2,2,,,,,"Burrough, Xtine",,,,,,cxb153930,xtine burrough,Culture Jamming 
CLDP,4344,001,11,5,5,1,3,2,1,,,,,,2,,"Ward, Felicia",,,,,,few160030,felicia ward,Child Psychopathology 
ACCT,4301,501,3,4,3,5,6,2,1,3,1,1,,,1,,"Hagen, John C","Tang, Ping",,,,,jch013200,john hagen,Database Systems 
MKT,3330,004,11,7,2,2,3,2,2,,,,1,,,,"Amirpour, Semiramis",,,,,,sxa130731,semiramis amirpour,Introduction to Professional Selling 
BIOL,3456,303,1,6,3,4,2,3,1,3,2,3,,2,,,"Hill, Brenna R","Daescu, Kelly J","Yu, Wen H",,,,brh140230,brenna hill,Human Anatomy and Physiology with Lab II 
CHEM,1111,111,14,7,1,1,2,2,1,1,,,,,1,,"Dissanayake, Dushanthi S","Ma, Ziyuan",,,,,dxd122030,dushanthi dissanayake,General Chemistry Laboratory I 
CHEM,1111,112,9,19,,,1,,,,,,1,,,,"Abeykoon, Nimali C","Faisal, Tahmid",,,,,nxa124430,nimali abeykoon,General Chemistry Laboratory I 
CHEM,1111,143,16,8,3,2,,,1,,,,,,,,"Youn, Jonghae",,,,,,jxy140930,,General Chemistry Laboratory I 
CHEM,1111,145,6,13,1,4,,1,1,,1,,,1,2,,"Sra, Amandeep K","Remy, Ashele K",,,,,aks057000,amandeep sra,General Chemistry Laboratory I 
CHEM,1111,602,16,9,,,1,,1,1,1,,,,1,,"Dissanayake, Dushanthi S","Villones, Rhiza Lyne",,,,,dxd122030,dushanthi dissanayake,General Chemistry Laboratory I 
CHEM,2123,104,17,13,,,,,,,,,,,,,"Cue, John Michael","Lin, Jason",,,,,joc160230,john cue,Introductory Organic Chemistry Laboratory I 
CHEM,2123,105,20,8,,1,1,,,,,,,,,,"Wijenayake, Sumudu N","Gunawardhana, Kahawatte Gedara",,,,,snw081000,sumudu wijenayake,Introductory Organic Chemistry Laboratory I 
CHEM,2123,111,7,12,6,1,,,2,1,1,,,,,,"Shah, Shailesh N","Diwakara Mohottalalage, Shashini Devika D",,,,,sns170230,shailesh shah,Introductory Organic Chemistry Laboratory I 
CHEM,2123,113,20,8,2,,,,,,,,,,,,"Wijenayake, Sumudu N","Diwakara Mohottalalage, Shashini Devika D",,,,,snw081000,sumudu wijenayake,Introductory Organic Chemistry Laboratory I 
CHEM,2123,116,22,8,,,,,,,,,,,,,"Wijenayake, Sumudu N","Tague, Daniel W",,,,,snw081000,sumudu wijenayake,Introductory Organic Chemistry Laboratory I 
PHYS,2125,119,8,18,2,,1,,,,,,,,1,,"Sun, Kuei","Felix, Sharon",,,,,kxs147030,kuei sun,Physics Laboratory I 
PHYS,2126,102,8,17,1,1,,1,1,,,,,,1,,"Sun, Kuei","Wang, Qiyue",,,,,kxs147030,kuei sun,Physics Laboratory II 
PHYS,2126,106,1,15,6,4,2,2,,,,,,,,,"Sun, Kuei","Espinoza, Salvador",,,,,kxs147030,kuei sun,Physics Laboratory II 
PHYS,2126,111,8,10,9,2,1,,,,,,,,,,"Sun, Kuei","Espinoza, Salvador",,,,,kxs147030,kuei sun,Physics Laboratory II 
PHYS,2126,114,10,17,2,1,,,,,,,,,,,"Sun, Kuei","Fernando, Bharana A",,,,,kxs147030,kuei sun,Physics Laboratory II 
PHYS,2126,123,10,15,3,,1,,1,,,,,,,,"Sun, Kuei","Stoikos, Evangelos",,,,,kxs147030,kuei sun,Physics Laboratory II 
MUSI,3322,001,7,14,3,1,,2,,2,,,,1,,,"Evans, Kathryn C",,,,,,kcevans,kathryn evans,Music in Historical Context 
ATCM,2302,006,7,7,10,3,,2,1,,,,,,,,"Minnish, Roxanne W","Brtis, Chelsea L","Nazir, Cassini",,,,rwm061000,roxanne minnish,Design I 
ATCM,3340,002,14,5,6,,5,,,,,,,,,,"Wood, Harold G",,,,,,hgw021000,harold wood,Design II 
ATCM,3365,001,,3,15,8,1,2,1,,,,,,,,"Chandler, Adam W",,,,,,awc051000,adam chandler,Game Design I 
ACN,5314,501,,15,10,4,1,,,,,,,,,,"Golden, Richard","Ryland, James W",,,,,golden,richard golden,Computational Modeling Methods in Behavioral and Brain Sciences 
PSCI,3364,001,,16,1,1,6,1,1,,1,1,1,,1,,"Gathman, Adrienne E",,,,,,aeg140130,adrienne gathman,Campaigns and Elections 
ISIS,3335,001,9,9,3,3,2,2,,1,,,,,1,,"Rosa, Jonathan",,,,,,jxr172530,jonathan rosa,United States and East Asia 
FIN,4345,501,4,6,4,8,5,,1,2,,,,,,,"Ayres, Jeffrey A",,,,,,jaa014500,,Financial Information and Analysis 
MKT,3330,001,7,1,10,2,2,2,2,,,,,,4,,"Amirpour, Semiramis",,,,,,sxa130731,semiramis amirpour,Introduction to Professional Selling 
BIOL,3102,009,,16,,2,6,4,,,2,,,,,,"Delk, Nikki A","Dahl, Haley C",,,,,nad140230,nikki delk,Eukaryotic Molecular and Cell Biology Workshop 
CHEM,1111,123,3,10,3,1,,4,1,,1,1,,,6,,"Hashami, Zohreh","Mortensen, Marie L",,,,,zxh088000,zohreh hashami,General Chemistry Laboratory I 
CHEM,1111,128,4,17,2,1,1,,,,1,,1,1,2,,"Sra, Amandeep K","Bhadran, Abhi",,,,,aks057000,amandeep sra,General Chemistry Laboratory I 
CHEM,1111,606,4,15,4,2,3,,,,,,1,,1,,"Dissanayake, Dushanthi S","Remy, Ashele K",,,,,dxd122030,dushanthi dissanayake,General Chemistry Laboratory I 
CHEM,2123,117,17,13,,,,,,,,,,,,,"Shah, Shailesh N","Tajik Asl, Masoumeh",,,,,sns170230,shailesh shah,Introductory Organic Chemistry Laboratory I 
MATH,2413,026,1,4,2,3,,4,1,1,3,2,1,3,5,,"Alvarado, Iris",,,,,,ila180000,iris alvarado,Differential Calculus 
PHYS,2126,109,6,14,8,1,,,1,,,,,,,,"Sun, Kuei","Adhya, Purbi",,,,,kxs147030,kuei sun,Physics Laboratory II 
JAPN,1311,001,10,10,5,1,2,1,,,,,,,1,,"Kroska, Nami",,,,,,nxk167330,nami kroska,Beginning Japanese I 
CS,3162,052,,27,,1,1,1,,,,,,,,,"Smith, Klyne",,,,,,kxs180052,klyne smith,Professional Responsibility in Computer Science and Software Engineering 
FIN,6314,001,,11,1,4,11,2,,1,,,,,,,"Manzi, Jeff",,,,,,jxm158130,jeffrey manzi,Fixed Income Securities 
PHYS,2126,115,7,11,6,3,1,,,,,1,1,,,,"Sun, Kuei","Mueller, David H",,,,,kxs147030,kuei sun,Physics Laboratory II 
CS,1200,HON,24,6,,,,,,,,,,,,,"Page, Ivor",,,,,,ivor,ivor page,Introduction to Computer Science and Software Engineering 
CS,4301,003,,16,3,3,2,,2,,1,,3,,,,"Straach, Janell",,,,,,jxs017800,janell straach,Special Topics in Computer Science 
BIS,3190,0W1,10,5,2,3,1,2,,2,2,2,,,1,,"Edwards, Christopher W","Robinson, Katie L",,,,,cwe011000,christopher edwards,Library Research Skills 
OB,6332,001,,25,,1,4,,,,,,,,,,"Ziegler, Laurie","Lu, Xi",,,,,ziegler,laurie ziegler,Negotiation and Dispute Resolution 
OBHR,4335,501,2,11,14,3,,,,,,,,,,,"Meda, Edward",,,,,,exm150330,edward meda,Training and Development 
CHEM,2123,606,19,8,2,,1,,,,,,,,,,"Cortes, Sergio J","Gamage, Prabhath Lakmal",,,,,scortes,sergio cortes,Introductory Organic Chemistry Laboratory I 
PHYS,2126,121,5,19,1,1,1,,,2,,,,,1,,"Sun, Kuei","Stoikos, Evangelos",,,,,kxs147030,kuei sun,Physics Laboratory II 
MKT,4331,001,,6,4,6,12,,,,1,,1,,,,"Dover, Howard F",,,,,,hfd021000,howard dover,Digital Prospecting 
MIS,6345,0W1,,10,8,9,2,1,,,,,,,,,"Saeed, Kashif","Kumari, Riti",,,,,kxs147230,kashif saeed,High Performance Analytics 
MATH,2414,012,3,1,3,2,3,2,3,3,1,3,,,6,,"Dahal, Rabin",,,,,,rxd153030,rabin dahal,Integral Calculus 
MUSI,2322,001,3,6,3,4,1,2,1,2,2,1,,1,4,,"Gerard, Lori A",,,,,,lag091020,lori gerard,Music in Western Civilization 
ATCM,2301,002,1,4,11,4,3,1,1,,3,,,,2,,"Christopher, Daedra","Alzate, Catalina",,,,,dxe093020,daedra christopher,Computer Imaging 
ATCM,2301,006,4,14,4,4,,1,1,,,,,1,1,,"Nielsen, Christina R","Alzate, Catalina",,,,,crn022000,christina nielsen,Computer Imaging 
ATCM,2301,502,3,3,12,5,2,3,1,,,,1,,,,"Veras de Souza, Christine","Christopher, Daedra","Alzate, Catalina",,,,cxv180000,christine veras de souza,Computer Imaging 
ATCM,2302,002,8,8,5,1,3,,,1,3,,1,,,,"Minnish, Roxanne W","Brtis, Chelsea L","Nazir, Cassini",,,,rwm061000,roxanne minnish,Design I 
ATCM,3305,001,,9,7,,4,3,,2,2,,1,,2,,"Hall, Phillip",,,,,,pxh151330,phillip hall,Computer Animation I 
ATCM,3340,501,5,14,8,2,,1,,,,,,,,,"Wood, Harold G",,,,,,hgw021000,harold wood,Design II 
ATCM,3350,001,3,10,4,6,2,4,,1,,,,,,,"Hewitt, Sharon","Remington, William A",,,,,sxh090220,sharon hewitt,Digital Video Production I 
ATCM,3350,002,6,7,7,4,4,1,,,,,,,1,,"Hewitt, Sharon","Remington, William A",,,,,sxh090220,sharon hewitt,Digital Video Production I 
ATCM,4397,004,,5,3,11,4,3,2,2,,,,,,,"Lewis, Timothy M",,,,,,tml062000,timothy lewis,Senior Seminar 
ED,3314,501,13,8,4,2,2,,1,,,,,,,,"Fagg, Sharon",,,,,,sxf044000,sharon fagg,The American Public School 
MKT,3330,005,13,9,5,2,,,,,,,,1,,,"Gafford, Jerome M",,,,,,jmg171130,jerome gafford,Introduction to Professional Selling 
CHEM,1111,107,14,11,1,1,1,,1,,,,,,1,,"Gavva, Sandhya R","Ahrari, Samira",,,,,sgavva,sandhya gavva,General Chemistry Laboratory I 
CHEM,1111,113,,18,5,5,,,,,,,,,2,,"Dissanayake, Dushanthi S","Graham, Robert L",,,,,dxd122030,dushanthi dissanayake,General Chemistry Laboratory I 
CHEM,1111,114,3,11,4,4,3,,,,2,,1,,2,,"Dissanayake, Dushanthi S","Graham, Robert L",,,,,dxd122030,dushanthi dissanayake,General Chemistry Laboratory I 
CHEM,1111,117,1,13,3,3,4,2,,,,,1,1,2,,"Huang, Yu","Graham, Robert L",,,,,yxh091220,yu huang,General Chemistry Laboratory I 
CHEM,1111,125,2,15,5,1,1,2,,1,,1,,1,1,,"Abeykoon, Nimali C","Bhadran, Abhi",,,,,nxa124430,nimali abeykoon,General Chemistry Laboratory I 
CHEM,1111,129,,17,6,3,2,,,,1,,,,1,,"Huang, Yu","Franciskovich, Matthew R",,,,,yxh091220,yu huang,General Chemistry Laboratory I 
CHEM,1111,135,21,6,,1,,,1,,1,,,,,,"Abeykoon, Nimali C","Abeyrathna, Nisansala S",,,,,nxa124430,nimali abeykoon,General Chemistry Laboratory I 
CHEM,1111,136,22,6,,1,,,,,1,,,,,,"Gavva, Sandhya R","Youn, Jonghae",,,,,sgavva,sandhya gavva,General Chemistry Laboratory I 
CHEM,1111,137,19,8,1,,1,1,,,,,,,,,"Dissanayake, Dushanthi S","Abeyrathna, Nisansala S",,,,,dxd122030,dushanthi dissanayake,General Chemistry Laboratory I 
CHEM,1115,HN1,5,23,,,,,,1,,,,,1,,"Sibert, John W",,,,,,sibertj,john sibert,Honors Freshman Chemistry Laboratory I 
CHEM,1315,HN1,6,11,4,1,5,1,,,2,,,,,,"Sibert, John W",,,,,,sibertj,john sibert,Honors Freshman Chemistry I 
CHEM,2123,102,19,8,3,,,,,,,,,,,,"Wijenayake, Sumudu N","Hernandez, Jayoh A",,,,,snw081000,sumudu wijenayake,Introductory Organic Chemistry Laboratory I 
CHEM,2123,103,22,6,2,,,,,,,,,,,,"Shah, Shailesh N","Hernandez, Jayoh A",,,,,sns170230,shailesh shah,Introductory Organic Chemistry Laboratory I 
CHEM,2123,107,15,12,1,2,,,,,,,,,,,"Gunawardhana, Kahawatte Gedara","Diwakara Mohottalalage, Shashini Devika D",,,,,kxg141730,,Introductory Organic Chemistry Laboratory I 
CHEM,2123,109,18,11,,1,,,,,,,,,,,"Cortes, Sergio J","Siddiki, A K M Nur Alam",,,,,scortes,sergio cortes,Introductory Organic Chemistry Laboratory I 
CHEM,2123,114,22,6,2,,,,,,,,,,,,"Shah, Shailesh N","Siddiki, A K M Nur Alam",,,,,sns170230,shailesh shah,Introductory Organic Chemistry Laboratory I 
CHEM,2123,115,19,8,2,1,,,,,,,,,,,"Gamage, Prabhath Lakmal","Lin, Jason",,,,,plg150030,,Introductory Organic Chemistry Laboratory I 
CHEM,2123,118,25,5,,,,,,,,,,,,,"Wijenayake, Sumudu N","Tague, Daniel W",,,,,snw081000,sumudu wijenayake,Introductory Organic Chemistry Laboratory I 
CHEM,2123,119,21,7,2,,,,,,,,,,,,"Shah, Shailesh N","Tajik Asl, Masoumeh",,,,,sns170230,shailesh shah,Introductory Organic Chemistry Laboratory I 
CHEM,2123,602,19,10,1,,,,,,,,,,,,"Cortes, Sergio J","Siddiki, A K M Nur Alam","Gamage, Prabhath Lakmal",,,,scortes,sergio cortes,Introductory Organic Chemistry Laboratory I 
CHEM,2123,604,13,14,3,,,,,,,,,,,,"Shah, Shailesh N","Gamage, Prabhath Lakmal",,,,,sns170230,shailesh shah,Introductory Organic Chemistry Laboratory I 
PHYS,2125,103,7,22,,,1,,,,,,,,,,"Sun, Kuei","Javed, Umar",,,,,kxs147030,kuei sun,Physics Laboratory I 
PHYS,2126,107,14,8,7,1,,,,,,,,,,,"Sun, Kuei","Adhya, Purbi",,,,,kxs147030,kuei sun,Physics Laboratory II 
PHYS,2126,118,10,17,3,,,,,,,,,,,,"Sun, Kuei","Fernando, Bharana A",,,,,kxs147030,kuei sun,Physics Laboratory II 
PHYS,2126,122,7,10,10,2,,,1,,,,,,,,"Sun, Kuei","Chinthak Murali, .",,,,,kxs147030,kuei sun,Physics Laboratory II 
PHYS,2126,606,4,20,4,,,,,,,1,,,1,,"Sun, Kuei","Gu, Wenyao",,,,,kxs147030,kuei sun,Physics Laboratory II 
CS,3341,HON,4,5,3,7,6,2,,1,,,,,1,,"Haas, Zygmunt J",,,,,,zjh130030,zygmunt haas,Probability and Statistics in Computer Science and Software Engineering 
CE,3320,001,7,3,2,5,3,1,2,3,1,,,,3,,"Cogan, Diana L","Zhang, Yunjie",,,,,dcc095020,diana cogan,Digital Circuits 
ITSS,4312,501,4,13,3,2,4,4,,,,,,,,,"Arora, Vivek",,,,,,vxa081000,vivek arora,Mobile Web Application Development 
HMGT,3301,501,7,10,5,5,,1,,2,,,,,,,"Berrett, Britt R","Kong, Siliang",,,,,brb051000,britt berret,Introduction to Healthcare Management 
CS,6349,001,,10,1,8,8,2,,1,,,,,,,"Sarac, Kamil","Ozarslan, Omer F",,,,,kxs028100,kamil sarac,Network Security 
ATCM,2335,001,3,18,6,2,,,,,,,,,2,,"Nazir, Cassini",,,,,,cassini,cassini nazir,Internet Studio I 
EE,3311,001,,4,2,3,5,4,7,2,3,,,,1,,Kenneth,"Hosseini Pouya, Sayed Behnam",,,,,kxo091000,kenneth,Electronic Circuits 
MKT,4380,501,,22,9,,,,,,,,,,,,"Haworth, Julie B",,,,,,haworth,julie haworth,Capstone Course in Marketing 
OB,6334,CW1,,24,3,2,1,1,,,,,,,,,"Latham, Van M",,,,,,,van latham,
OPRE,6301,SS1,,20,1,6,4,,,,,,,,,,"Sethi, Awanti","Vegunta, Sri Mrudula",,,,,asethi,awanti sethi,
ATCM,4395,503,,6,9,6,6,2,1,,,,,,1,,"Bennett, Jessica B","Enam, Victor J",,,,,jbb180002,,Advanced Topics in Arts  Technology  and Emerging Media 
BBSU,1100,006,22,3,1,1,,,1,,2,,,,1,,"Boeshans, Lindsey E",,,,,,leb140130,,First Year Seminar 
BPS,4305,502,1,8,3,7,6,4,,,,1,1,,,,"Eun, Jihyun",,,,,,jxe140230,,Strategic Management 
MATH,4301,002,10,5,3,4,3,1,,1,2,,1,,1,,"Ramakrishna, Viswanath","Caseria, Brendan J",,,,,vish,viswanath ramakrishna,Mathematical Analysis I 
BIS,1100,002,19,9,,,,,,1,,,1,,1,,"Wissinger, Tonja",,,,,,twissin,tonja wissinger,Interdisciplinary Studies Freshman Seminar 
HMGT,6321,0W1,,9,6,5,5,2,1,2,,,,,1,,"Ramanathan, Kannan",,,,,,kxr087000,kannan ramanathan,Strategic Leadership of Healthcare Organizations 
ACCT,6305,502,,7,7,9,5,2,1,,,,,,,,"Ozel, Naim Bugra","Holstead, Cameron",,,,,nbo150030,naim ozel,Accounting for Managers 
OPRE,6332,502,,14,5,5,5,,,1,,,,,1,,"Ramanathan, Kannan","Zhang, Chen","Wang, Wan-Jung",,,,kxr087000,kannan ramanathan,Spreadsheet Modeling and Analytics 
ATCM,3301,001,,1,13,6,5,4,,1,,,,,1,,"Imaoka, Laura",,,,,,lxi170030,laura imaoka,Digital Content Design 
CS,3162,092,,23,,6,1,,,,,,,,1,,"Smith, Klyne",,,,,,kxs180052,klyne smith,Professional Responsibility in Computer Science and Software Engineering 
EE,3301,001,,4,2,5,5,1,2,3,6,1,1,,1,,"Helms, Robert","Liang, Jingchen",,,,,rxh033000,,Electrical Network Analysis 
ACCT,3350,PP1,2,6,14,6,2,1,,,,,,,,,"Solcher, Steven J","Keogh, Reagan D",,,,,sjs107020,steven solcher,Fundamentals of Taxation 
ACCT,6330,SS1,,12,3,,12,3,1,,,,,,,,"Zhang, Yuan","Sandhu, Gurvinder",,,,,yxz122931,yuan zhang,
ACCT,6335,SS1,,21,,1,8,,1,,,,,,,,"Bortz, Tiffany A","Sarman, Patrick R",,,,,tabortz,tiffany bortz,
ACCT,6388,SS1,,15,14,1,1,,,,,,,,,,"Betanzos, Christina L",,,,,,clb120030,christina betanzos,
OPRE,6366,501,,8,6,6,7,3,1,,,,,,,,"Leach, Sonia E","Zhang, Wen",,,,,sel120030,sonia leach,Global Supply Chain Management 
RMIS,4331,001,8,7,3,4,4,3,,1,,,1,,,,"Richardson, Debra L",,,,,,dlr150330,debra richardson,Business Liability Risk Management and Insurance 
ATCM,3301,003,7,11,6,3,3,1,,1,,,,,,,"Patino, Stephen D",,,,,,sxp180102,stephen patino,Digital Content Design 
CE,3320,501,1,4,3,5,1,2,4,3,3,2,2,,2,,"Cogan, Diana L","Thakur, Sneha","Zhu, Zhiqi",,,,dcc095020,diana cogan,Digital Circuits 
BIS,1100,001,2,29,,,1,,,,,,,,,,"Werhnyak, Larissa",,,,,,lxw163630,larissa werhnyak,Interdisciplinary Studies Freshman Seminar 
BIOL,3456,302,3,6,6,3,1,4,4,2,2,1,,,,,"Yu, Wen H","Venkitapathi, Sundharamani","Li, Yibo",,,,why061000,wen ho yu,Human Anatomy and Physiology with Lab II 
EECT,6325,002,,7,5,11,4,2,3,,,,,,,,"Sechen, Carl","Xu, Xiangyu","Hu, Bo",,,,cms057000,carl sechen,VLSI Design 
PA,4386,0W1,7,6,10,2,,1,,,3,,1,,2,,"Maxwell, Sarah P",,,,,,spm092000,sarah maxwell,Social Policy in Modern Societies 
PSCI,4396,001,,22,4,2,2,,,,1,,,1,,,"Santoro, Lauren A","Rhyu, Kyunghee","Miller, Banks","Gathman, Adrienne E",,,lar170530,lauren santoro,Selected Topics in Government and Politics 
FIN,4300,001,,16,,,14,,,2,,,,,,,"Furst, Jack D","Ying, Shihao",,,,,jdf170030,jack furst,Investment Management 
EERF,6395,001,,13,5,4,7,1,1,1,,,,,,,"Lehmann, Randall E","Li, Sen",,,,,rel041000,randall lehmann,RF and Microwave Systems Engineering 
CS,6359,001,,7,13,6,6,,,,,,,,,,"Nouroz Borazjany, Mehra","Mohammadpour, Somayeh",,,,,mxn143230,mehra borazjany,Object-Oriented Analysis and Design 
ACCT,6305,002,,8,7,10,5,1,,1,,,,,,,"Ozel, Naim Bugra","Holstead, Cameron",,,,,nbo150030,naim ozel,Accounting for Managers 
COMD,6305,001,,,,,,,,,,,,,,,"Katz, William","Glotfelty, Annette R",,,,,wkatz,william katz,Speech Science 
EE,3102,104,,28,,,2,,,2,,,,,,,"Hu, Yang","Wang, Jianda","Wei, Haoran","Bo, Yu",,,yxh177430,yang hu,Signals and Systems Laboratory 
BUAN,6356,002,,12,10,7,2,,1,,,,,,,,"Chatterjee, Sourav","Gupta, Aabhas",,,,,sxc180075,sourav chatterjee,Business Analytics With R 
MUSI,3118,501,,33,,,,,,,,,,,,,"Ming, Adron",,,,,,axm167231,adron ming,String Orchestra II 
BBSU,1100,005,14,6,3,2,2,1,,,,2,,,3,,"Stubblefield, Jasmin N",,,,,,jns160230,,First Year Seminar 
MECH,6370,001,,6,4,4,3,5,2,9,,,,,,,"Anderson, William C",,,,,,wca140030,william anderson,Incompressible Fluid Mechanics 
FIN,3365,001,6,2,6,4,8,3,1,1,1,,1,,,,"DeCourcy, George A",,,,,,gad075000,george decourcy,Real Estate Finance and Principles 
OB,6301,CW1,,33,,,,,,,,,,,,,"Ferrante, Anne M",,,,,,,anne ferrante,
BCOM,4350,007,,5,14,6,6,,1,,1,,,,,,"Moore, Sarah E","Tanabe, Takuma",,,,,sem054000,sarah moore,Advanced Business Communication 
ITSS,4370,001,2,4,5,5,5,5,3,3,,1,,,,,"Fuller, Tony F","Dandra, Pravin Basanna",,,,,tff170130,tony fuller,Information Technology Infrastructure Management 
MKT,6309,501,,23,6,2,2,,,,,,,,,,"Rajaratnam, Daniel",,,,,,dxr143430,daniel rajaratnam,Marketing Research 
ISIS,3310,001,4,8,3,5,6,1,,1,,,,2,3,,"Wissinger, Tonja",,,,,,twissin,tonja wissinger,Childhood Sexual Abuse  A Multidisciplinary Investigation 
SOC,4388,001,7,7,7,4,2,2,,1,,,,,3,,"Alexander, Bobby","Burger, Charis M",,,,,bcalex,bobby alexander,Religions in Global Societies 
CS,6326,001,,18,1,1,12,1,,,,,,,,,"Cole, John","Shahbazi, Nima",,,,,jxc064000,john cole,Human Computer Interactions 
CS,6363,006,,16,3,5,5,2,1,,,,,,1,,"Huynh, Dung T","Wang, Yigong",,,,,huynh,dung huynh,Design and Analysis of Computer Algorithms 
MKT,6301,501,,11,2,4,7,4,3,1,,,,,1,,"Rajaratnam, Daniel",,,,,,dxr143430,daniel rajaratnam,Marketing Management 
ATCM,1100,006,,13,10,6,,3,,,,,,,1,,"Schich, Maximilian",,,,,,mxs135130,maximilian schich,Freshman Seminar 
CLDP,3310,001,,23,,1,2,,,5,1,,,,1,,"Touchstone, Emily W","Fowler, Mariah L",,,,,exw010200,emily touchstone,Child Development 
BIS,1100,003,1,31,1,,,,,,,,,,,,"Werhnyak, Larissa",,,,,,lxw163630,larissa werhnyak,Interdisciplinary Studies Freshman Seminar 
BIS,1100,005,,26,2,,1,,,3,,,,,1,,"Naqvi, Syed K",,,,,,skn180000,syed naqvi,Interdisciplinary Studies Freshman Seminar 
ACN,6374,001,,17,5,5,1,2,,3,,,,,,,"Moller, Aage R",,,,,,amoller,aage moller,Intraoperative Neurophysiological Monitoring 
BMEN,6374,001,,13,15,5,1,,,,,,,,,,"Bleris, Leonidas",,,,,,lxb092000,leonidas bleris,Genes  Proteins and Cell Biology for Engineers 
CE,4348,501,,6,,,9,,,16,,,1,,2,,"Goodrum, Richard A","Brown, Alec P",,,,,rag150330,richard goodrum,Operating Systems Concepts 
EESC,6360,501,,3,9,12,4,3,1,1,,,,,1,,"Panahi, Issa","Shankar, Nikhil",,,,,imp015000,issa panahi,Digital Signal Processing I 
CE,4370,001,12,19,2,,,,,1,,,,,,,"Swartz, William P","Kalidas, Vignesh","Birjandtalab Golkhatm, Javad","Shahshahani, Masoud",,,wps100020,william swartz,Embedded Microprocessor Systems 
BCOM,3310,002,,15,10,3,,2,,2,1,,,,1,,"McCrady, Victoria D","Ogunjobi, Olufunke A",,,,,vdm130030,victoria mccrady,Business Communication 
BCOM,4350,502,17,10,,,3,2,,,,,,,2,,"Layne, Raini M",,,,,,rml081000,raini layne,Advanced Business Communication 
ITSS,4330,501,,6,5,4,6,4,5,2,1,,1,,,,"Thomas, Sunela","Zhu, Wangsheng",,,,,sxt167730,sunela thomas,Systems Analysis and Design 
CS,4337,001,11,8,3,1,3,2,1,2,,,2,,1,,"Karami, Gity","Klimenko, Georgiy I",,,,,gxk180009,gity karami,Organization of Programming Languages 
EE,4340,001,2,5,5,5,10,1,2,3,,,,,1,,"Ma, Dongsheng","Yan, Dong",,,,,dxm101000,dongsheng ma,Analog Integrated Circuit Analysis and Design 
ECON,4342,0W1,1,4,4,4,4,8,6,3,,,,,,,"Kiser, Stephen L",,,,,,slk012100,stephen kiser,Public Policies Toward Business 
ACCT,4337,501,,7,10,5,6,2,1,1,,,1,1,,,"Richards, James R",,,,,,jrr013500,james richards,Business Valuation 
ACCT,6343,SW1,,25,,,9,,,,,,,,,,"Johnson, Jennifer","Farooqi, Shan A",,,,,jxj091000,jennifer johnson,
CS,1337,503,1,5,3,5,5,3,2,7,1,,2,,,,"Belkoura, Mohamed Amine",,,,,,mxb135330,mohamed amine belkoura,Computer Science I 
BIOL,4385,001,1,23,2,2,4,1,,1,,,,,,,"Murchison, David F",,,,,,dfm100020,david murchison,Oral Histology and Embryology 
PHYS,6300,001,,22,,,9,,,2,,,,,1,,"Izen, Joseph","Ferguson, Sarah W",,,,,joe,joseph izen,Quantum Mechanics I 
HIST,4331,501,15,6,4,2,3,1,2,,,,,,1,,"Pfister, Debra H",,,,,,dhpf,debra pfister,Holocaust and Representation 
ECON,4320,001,5,9,1,2,4,6,4,3,,,,,,,"Giertz, Seth","Ramezani, Rasoul",,,,,sxg154831,seth giertz,Public Sector Economics 
BUAN,6312,502,,10,8,8,8,,,,,,,,,,"Zentner, Alejandro","Rupp, Anin D",,,,,axz051000,alejandro zentner,Applied Econometrics and Time Series Analysis 
BUAN,6357,001,,32,,1,,,,,,,,,1,,"Johnston, Walter L",,,,,,wlj031000,walter johnston,Advanced Business Analytics Using R 
ACTS,4302,001,1,3,5,4,4,4,3,4,1,1,3,,1,,"Humphreys, Natalia A",,,,,,nah103020,natalia humphreys,Principles of Actuarial Models  Financial Economics 
MUSI,3120,501,35,,,,,,,,,,,,,,"Hustis, Gregory J",,,,,,gjh120030,,Wind Ensemble II 
EE,3102,101,,27,,,4,,,2,,,1,,1,,"Hu, Yang","Bo, Yu","Wei, Haoran","Azarang, Arian",,,yxh177430,yang hu,Signals and Systems Laboratory 
BCOM,3310,003,6,8,11,5,4,1,,,,,,,,,"McCrady, Victoria D","Ogunjobi, Olufunke A",,,,,vdm130030,victoria mccrady,Business Communication 
BCOM,3310,005,5,24,3,1,1,,1,,,,,,,,"Smallwood, Margaret G","Babayemi, Opeyimika O",,,,,meg012400,margaret smallwood,Business Communication 
BCOM,3310,011,2,15,10,4,2,1,,1,,,,,,,"Sluder, Jeanne",,,,,,jis081000,jeanne sluder,Business Communication 
BCOM,3310,012,5,10,9,5,5,,,,,,,,1,,"Jacocks, Cara W",,,,,,cwj180000,,Business Communication 
BCOM,3310,502,1,13,6,2,8,2,1,1,,,,,1,,"Ahlberg, Mehrzad",,,,,,mxa087100,mehrzad ahlberg,Business Communication 
MKT,6310,001,,6,10,6,10,2,1,,,,,,,,"Biswas, Abhijit","Jameei Osgouei, Ata",,,,,axb019100,abhijit biswas,Consumer Behavior 
OPRE,3320,001,,6,2,6,7,2,6,4,,,,,2,,"Kuo, Ching-Chung","Atulkumar, Bhavikshah",,,,,cxk162830,,Supply Chain Management 
BPS,4305,007,2,1,6,4,5,8,2,1,2,2,1,1,,,"Xia, Jun","Bai, Xiaoou",,,,,jxx132030,jun xia,Strategic Management 
MKT,6310,0W1,,12,7,7,9,,,,,,,,,,"Biswas, Abhijit","Jameei Osgouei, Ata",,,,,axb019100,abhijit biswas,Consumer Behavior 
EEOP,6310,001,,9,18,6,2,,,,,,,,,,"Tamil, Lakshman",,,,,,laxman,lakshman tamil,Optical Communication Systems  (3 Semester Credit Hours)
MIS,6308,003,,6,19,6,2,1,1,,,,,,,,"Narasimhan, Prithi","Pawar, Dhairya Dhanaji",,,,,pxn152330,prithi narasimhan,System Analysis and Project Management 
BUAN,6346,501,,21,14,,,,,,,,,,,,"Henslee, Austin","Shankar, Santhosh",,,,,axh134230,austin henslee,Big Data 
ED,3315,002,1,15,9,1,5,3,,,,,,,1,,"Leek, Patricia A",,,,,,santine,patricia leek,Children s Literature 
BIOL,3102,001,7,15,3,4,2,,,2,,1,1,,,,"Burr, John G",,,,,,burr,john burr,Eukaryotic Molecular and Cell Biology Workshop 
CS,1200,007,,22,,,13,1,,,,,,,,,"Cole, John",,,,,,jxc064000,john cole,Introduction to Computer Science and Software Engineering 
CS,1200,009,8,9,8,5,2,1,1,,,,2,,,,"Arnold, Gordon L",,,,,,gxa120930,gordon arnold,Introduction to Computer Science and Software Engineering 
CS,1200,010,6,11,8,8,2,1,,,,,,,,,"Arnold, Gordon L",,,,,,gxa120930,gordon arnold,Introduction to Computer Science and Software Engineering 
CS,1200,504,2,5,11,5,7,3,1,1,1,,,,,,"Chin, Wei-Pang",,,,,,wxc180013,wei pang chin,Introduction to Computer Science and Software Engineering 
MECH,2320,001,6,2,7,5,4,3,2,2,1,,,,4,,"Minary-Jolandan, Majid","Huang, Jiacheng",,,,,mxm124631,majid minary,Mechanics of Materials 
BCOM,3310,010,1,13,10,6,3,,,,,,,1,2,,"Sluder, Jeanne",,,,,,jis081000,jeanne sluder,Business Communication 
FIN,6307,002,,10,5,10,3,5,1,2,,,,,,,"Ma, Liping","Guo, Shujian",,,,,lxm133730,liping ma,Mathematical Methods for Finance 
NATS,1101,006,29,2,2,,2,,,1,,,,,,,"Hajeri, Vinita",,,,,,vxh151030,vinita hajeri,Natural Sciences and Mathematics Freshman Seminar 
NATS,1101,016,18,7,1,3,3,1,,1,,,,,2,,"Sutton, Julie",,,,,,jxs158030,julie sutton,Natural Sciences and Mathematics Freshman Seminar 
NATS,1101,017,15,12,3,3,1,1,,,,1,,,,,"Dabkowski, Mieczyslaw K",,,,,,mkd034000,mieczyslaw dabkowski,Natural Sciences and Mathematics Freshman Seminar 
PHYS,3330,001,,11,6,2,6,6,,1,4,,,,,,"Da Silveira Rodrigues, Fabiano","Proctor, Matthew S",,,,,fxd121030,fabiano rodrigues,Numerical Methods in Physics and Computational Techniques 
FILM,3342,501,,5,3,3,9,4,3,1,1,3,2,,2,,"Petty, John E",,,,,,jep140330,john petty,Topics in Film 
CS,1200,004,7,17,5,4,1,1,,,,,,,1,,"Christiansen, Michael G",,,,,,mgc013000,michael christiansen,Introduction to Computer Science and Software Engineering 
NATS,1101,009,13,21,2,,,,,,,,,,,,"Zakhidov, Anvar A","Jung De Andrade, Monica",,,,,zakhidov,anvar zakhidov,Natural Sciences and Mathematics Freshman Seminar 
HMGT,6323,501,,13,10,9,3,1,,,,,,,,,"Ayvaci, Mehmet U","Tunc, Murat M",,,,,mua120030,mehmet ayvaci,Healthcare Informatics 
ITSS,4390,001,,10,9,7,8,2,,,,,,,,,"Owens, Dawn M","Krishnan, Arathy",,,,,dmo130130,dawn owens,Information Systems Capstone 
MIS,6302,0W1,,26,6,4,,,,,,,,,,,"Majumdar, Sumit K","Sun, Geng",,,,,skm021100,sumit majumdar,Managing Digital Strategy 
ECON,4360,001,8,3,3,1,6,1,2,5,1,3,2,,1,,"Siqueira, Kevin J","Devore, Collin D",,,,,kjs064000,kevin siqueira,International Trade 
ACCT,6305,001,,9,5,9,10,2,1,,,,,,,,"Li, Ningzhong","Holstead, Cameron",,,,,nxl124130,ningzhong li,Accounting for Managers 
CS,1200,001,12,14,4,2,,1,1,,,,,,2,,"McMahan, Timothy",,,,,,txm173230,timothy mcmahan,Introduction to Computer Science and Software Engineering 
CS,1200,002,5,19,7,4,,,,1,,,,,,,"Christiansen, Michael G",,,,,,mgc013000,michael christiansen,Introduction to Computer Science and Software Engineering 
CS,1200,006,,20,3,,10,1,,1,,,,,1,,"Cole, John",,,,,,jxc064000,john cole,Introduction to Computer Science and Software Engineering 
CS,1200,012,15,14,3,1,,1,,1,,,,,1,,"McMahan, Timothy",,,,,,txm173230,timothy mcmahan,Introduction to Computer Science and Software Engineering 
CS,1200,013,,22,1,,11,1,,,,,,,1,,"Cole, John",,,,,,jxc064000,john cole,Introduction to Computer Science and Software Engineering 
CS,1200,014,,30,4,,1,1,,,,,,,,,"Smith, Klyne",,,,,,kxs180052,klyne smith,Introduction to Computer Science and Software Engineering 
CS,1200,015,2,4,11,5,5,1,3,2,1,,,2,,,"Chin, Wei-Pang",,,,,,wxc180013,wei pang chin,Introduction to Computer Science and Software Engineering 
CS,1337,505,2,7,2,5,6,5,2,2,,1,2,,2,,"Oladimeji, Ebenezer A",,,,,,eao015100,ebenezer oladimeji,Computer Science I 
EE,3301,002,2,19,,,2,1,,3,,,5,,4,,"Fahimi, Babak","Liang, Jingchen",,,,,bxf102000,babak fahimi,Electrical Network Analysis 
EE,4330,001,4,10,7,3,3,6,2,1,,,,,,,"Young, Chadwin D","Liu, Jinbo",,,,,cdy120030,chadwin young,Integrated Circuit Technology 
BCOM,3310,013,7,17,5,3,2,,1,1,,,,,,,"Sluder, Jeanne",,,,,,jis081000,jeanne sluder,Business Communication 
NATS,1101,014,18,,,6,3,1,,1,1,,1,2,3,,"Sarcar, Subha N",,,,,,sns064000,subha sarcar,Natural Sciences and Mathematics Freshman Seminar 
NATS,1101,015,19,,1,6,2,,1,2,,1,,,4,,"Sarcar, Subha N",,,,,,sns064000,subha sarcar,Natural Sciences and Mathematics Freshman Seminar 
NATS,1101,019,25,7,1,2,1,,,,,,,,,,"Goeckner, Matthew",,,,,,goeckner,matthew goeckner,Natural Sciences and Mathematics Freshman Seminar 
NATS,1101,012,18,13,4,,,,,,,,,,,,"Zakhidov, Anvar A","Jung De Andrade, Monica",,,,,zakhidov,anvar zakhidov,Natural Sciences and Mathematics Freshman Seminar 
CRIM,2316,001,13,10,3,2,1,4,,1,1,,,,1,,"Polk, Elmer O","Yim, Haneul",,,,,peo091000,elmer polk,Corrections 
NATS,1101,002,,33,,,3,,,,,,,,,,"Spiro, Stephen",,,,,,sxs067400,stephen spiro,Natural Sciences and Mathematics Freshman Seminar 
NATS,1101,008,16,20,,,,,,,,,,,,,"Zakhidov, Anvar A","Jung De Andrade, Monica",,,,,zakhidov,anvar zakhidov,Natural Sciences and Mathematics Freshman Seminar 
EE,3350,501,1,8,7,3,8,7,,2,1,,,,,,"Heins, Matthew S","Elgenedy, Mahmoud A",,,,,msh130130,matthew heins,Communications Systems 
ACCT,3200,001,4,22,6,2,3,,,,,,,,,,"Smallwood, Margaret G","Babayemi, Opeyimika O",,,,,meg012400,margaret smallwood,Introduction to Business and Professional Development 
ACCT,3200,003,20,6,4,1,3,,2,,1,,,,,,"Fry, Jennifer L",,,,,,jlf130030,jennifer fry,Introduction to Business and Professional Development 
OBHR,4334,001,2,5,7,10,5,3,2,1,2,,,,,,"Weekley, Jeff A","Dabir, Alok",,,,,jaw160330,jeff weekley,Talent Acquisition and Management 
NATS,1101,001,27,7,,1,1,,,,1,,,,,,"Goeckner, Matthew",,,,,,goeckner,matthew goeckner,Natural Sciences and Mathematics Freshman Seminar 
NATS,1101,005,16,8,5,3,2,1,,,,,,,2,,"Distin, Kimberly A",,,,,,kav015000,kimberly distin,Natural Sciences and Mathematics Freshman Seminar 
NATS,1101,011,,37,,,,,,,,,,,,,"Stern, Robert",,,,,,rjstern,robert stern,Natural Sciences and Mathematics Freshman Seminar 
CS,3354,0W2,,1,6,6,12,8,3,,,,,,1,,"Straach, Janell","Zeng, Wenxi","Maweu, Barbara M",,,,jxs017800,janell straach,Software Engineering 
CS,6334,001,,31,5,1,,,,,,,,,,,"McMahan, Ryan P","Hu, Xinyu",,,,,rpm120130,ryan mcmahan,Virtual Reality 
ITSS,4355,001,8,3,2,4,2,2,4,3,3,2,,2,2,,"Bradbury, Judd D","Sharma, Aman",,,,,jdb101000,judd bradbury,Data Visualization 
BBSU,1100,010,22,7,1,,3,3,,,,,,,1,,"Chavez, Marcos G",,,,,,mxc061200,,First Year Seminar 
CS,2305,005,,5,14,12,4,2,,,,,,,,,"Dong, Zheng",,,,,,zxd140630,zheng dong,Discrete Mathematics for Computing I 
CS,5303,001,,23,5,4,2,3,,,,,,,,,"Becker, Eric W",,,,,,ewb160130,eric becker,Computer Science I 
CS,6350,002,,20,10,7,,,,,,,,,,,"Nagar, Anurag","Chung, Yu-Yen",,,,,axn112530,anurag nagar,Big Data Management and Analytics 
MECH,3351,002,1,7,2,2,6,4,3,6,4,,1,,1,,"Griffith, Daniel T","Baan, Marzieh",,,,,dtg170130,daniel griffith,Design of Mechanical Systems 
ECON,4310,001,,6,4,8,16,1,1,,,,,,1,,"Arce, Daniel G","Griffie, Vernicia A",,,,,dga071000,daniel arce,Managerial Economics 
CS,6380,001,,17,4,13,,2,,1,,,,,,,"Venkatesan, Subbarayan","Chung, Yu-Yen",,,,,venky,subbarayan venkatesan,Distributed Computing 
BUAN,6312,003,,8,3,8,12,5,,1,,,,,,,"Blueshtein, Moran","Oyima-Antseleve, Ndackyssa",,,,,mxb135230,moran blueshtein,Applied Econometrics and Time Series Analysis 
CS,1200,005,3,19,10,3,1,,,,,,,,1,,"Christiansen, Michael G",,,,,,mgc013000,michael christiansen,Introduction to Computer Science and Software Engineering 
MECH,3320,001,3,2,3,3,3,4,3,5,2,,8,,1,,"You, Seung M",,,,,,smy130030,seung you,Heat Transfer 
HLTH,4306,001,,4,9,4,7,6,1,2,3,,1,,,,"Savard, Ryan R",,,,,,rrs170330,ryan savard,Health and Sport 
ACCT,6373,SS1,,18,,5,14,,,,,,,,,,"Karnuta, Daniel",,,,,,dxk173030,daniel karnuta,
MATH,3311,002,11,7,3,4,2,2,3,,1,,1,,3,,"Dabkowska, Malgorzata A","Khan, Samreen S",,,,,mxd066000,malgorzata dabkowska,Abstract Algebra I 
NATS,1101,003,34,,,1,1,,1,,,,,,,,"Sarcar, Subha N",,,,,,sns064000,subha sarcar,Natural Sciences and Mathematics Freshman Seminar 
NATS,1101,004,5,16,8,5,2,,,1,,,,,,,"Distin, Kimberly A",,,,,,kav015000,kimberly distin,Natural Sciences and Mathematics Freshman Seminar 
NATS,1101,010,,34,1,,1,,,,,,,,1,,"Candas, Mehmet",,,,,,candas,mehmet candas,Natural Sciences and Mathematics Freshman Seminar 
OPRE,6370,001,,29,2,4,3,,,,,,,,,,"Sabri, Ehap H","Garg, Harsh",,,,,exs055000,ehap sabri,Global Logistics and Transportation 
BMEN,3330,002,9,6,3,4,1,5,1,3,3,,,,3,,"Bian, Fang",,,,,,fxb180003,,Engineering Physiology of the Human Body 
BBSU,1100,009,16,5,2,5,4,2,,,,1,2,,1,,"Dougherty, Margaret E",,,,,,erinna,margaret dougherty,First Year Seminar 
CLDP,3362,001,2,12,1,2,10,1,,9,1,,,,,,"Mills, Candice M","Zhao, Yuguang",,,,,cxm056000,candice mills,Cognitive Development 
ACCT,6330,001,,16,2,5,5,4,4,1,,,,,1,,"Zhang, Yuan","Sandhu, Gurvinder",,,,,yxz122931,yuan zhang,Intermediate Financial Accounting I 
MATH,2418,003,3,1,1,3,6,3,5,1,6,,2,,7,,"Arnold, Maxim",,,,,,mxa149530,maxim arnold,Linear Algebra 
PSY,4323,001,,6,5,4,4,5,6,3,,,3,,2,,"Park, Jiyoung",,,,,,jxp176330,jiyoung park,Cultural Diversity and Psychology 
CS,4348,502,,3,8,3,2,7,1,1,3,2,3,2,3,,"Alagar, Sridhar","Wang, Huaduo",,,,,sxa173731,sridhar alagar,Operating Systems Concepts 
MIS,6324,001,,17,11,9,1,,,,,,,,,,"Zhang, Zhe","Wagh, Yash",,,,,zxz145430,,Business Analytics With SAS 
MKT,6342,501,,15,9,7,7,,,,,,,,,,"Kavanaugh, Jeff L",,,,,,jlk160030,jeff kavanaugh,Marketing Customer Insights Development 
BIOL,2111,008,2,4,6,1,3,6,3,4,4,1,2,2,,,"Srikanth, Uma",,,,,,ukrish,uma srikanth,Introduction to Modern Biology Workshop I 
HLTH,4108,001,28,7,1,,1,,1,,,,,,,,"Rainey, Anthony D",,,,,,doyen,anthony rainey,Verbal Reasoning and Writing for Pre-Health 
BUAN,6337,001,,12,6,13,6,,,,,,,,1,,"Haruvy, Ernan E","Liao, Chenxi",,,,,eeh017200,ernan haruvy,Predictive Analytics Using SAS 
ATCM,1100,001,,11,,,13,,,11,,,1,,2,,"Lester, Paul","Hallgarth, Abigail M","Desai, Wajiha Y",,,,pxl152030,paul lester,Freshman Seminar 
ATCM,1100,003,28,4,1,,2,,3,,,,,,,,"Scott, Andrew F","Ford, Erica L","Gutierrez, Alejandra",,,,afs140330,andrew scott,Freshman Seminar 
COMD,6240,001,,38,,,,,,,,,,,,,"Touchstone, Emily W","Fazel, Vedad",,,,,exw010200,emily touchstone,Professional Issues in Speech Language Pathology 
CS,3345,HON,9,3,20,2,1,3,,,,,,,,,"Page, Ivor","Brown, Alec P",,,,,ivor,ivor page,Data Structures and Introduction to Algorithmic Analysis 
ECON,4302,001,4,3,3,6,5,9,2,2,2,1,,1,,,"Giertz, Seth","Ramezani, Rasoul",,,,,sxg154831,seth giertz,Urban and Regional Economics 
ECON,3311,002,,3,3,3,9,2,3,11,2,,1,,,,"Dumas, Lloyd","Cooper, Glen",,,,,ljdumas,lloyd dumas,Intermediate Macroeconomic Theory 
MECH,6351,001,,23,6,4,2,3,,,,,,,,,"Qian, Dong","Hatamleh, Mohammad I",,,,,dxq120430,dong qian,Finite Element Techniques I 
MIS,6346,003,,26,11,1,,,,,,,,,,,"Perez, Jerry","Sharma, Supriya",,,,,jxp180019,jerry perez,Big Data 
MECH,3150,102,,14,10,5,6,3,,1,,,,,,,"Park, Wooram","Ahsan, Faraz",,,,,wxp103020,wooram park,Kinematics and Dynamics Laboratory 
MATH,2418,004,3,,2,1,5,3,5,5,4,1,2,,8,,"Ohsawa, Tomoki",,,,,,txo140730,tomoki ohsawa,Linear Algebra 
MATH,4341,001,9,3,4,2,6,4,2,2,3,1,1,,2,,"Tran, Anh T","Rahimi, Yaghoub",,,,,att140830,anh tran,Topology 
AHST,3318,501,,4,3,6,11,1,1,10,,2,,,1,,"Terranova, Charissa",,,,,,cxt074100,charissa terranova,Contemporary Art 
AMS,4327,0W1,16,5,6,3,3,2,,,1,1,,,2,,"Winstead, Elizabeth L",,,,,,lwm061000,elizabeth winstead,The Culture of Bullying in America 
PSY,4344,001,13,12,6,4,3,,,,1,,,,,,"Ward, Felicia",,,,,,few160030,felicia ward,Child Psychopathology 
CS,3162,051,13,9,3,6,1,1,1,2,,1,,1,1,,"Chin, Wei-Pang",,,,,,wxc180013,wei pang chin,Professional Responsibility in Computer Science and Software Engineering 
BCOM,4350,011,1,5,7,7,10,3,1,1,3,,,,1,,"Lookadoo, Kathryn","Tanabe, Takuma",,,,,kxl164330,kathryn lookadoo,Advanced Business Communication 
HLTH,1301,0W1,,7,6,6,7,8,,2,,,1,,2,,"Baetge, Claire",,,,,,cxb170330,claire baetge,Introduction to Kinesiology 
ENTP,6370,501,,,21,10,7,,,,,,,,1,,"Kimzey, Jackie",,,,,,jxk092000,jackie kimzey,Innovation and Entrepreneurship 
OB,6301,002,,36,,,2,,,1,,,,,,,"Hasenhuttl, Maria",,,,,,h1562,maria hasenhuttl,Organizational Behavior 
CLDP,4347,001,,10,4,4,5,4,1,4,2,2,,2,1,,"Nelson Taylor, Jackie A","Smith, Olivia",,,,,jan110030,jackie nelson,Marriage and Family Psychology 
BMEN,3399,001,5,6,1,,10,2,3,3,6,,2,,1,,"Varner, Victor","Peak, Kara",,,,,vxv162230,victor varner,Introductory Biomechanics 
ATCM,2322,001,,2,8,11,9,4,2,,1,,,,2,,"Sung, Wendy",,,,,,wxs172630,wendy sung,Media History 
CS,2305,HN1,12,11,12,5,,,,,,,,,,,"Bereg, Sergey",,,,,,sxb027100,sergey bereg,Discrete Mathematics for Computing I 
EE,3320,501,2,2,2,2,7,4,2,4,3,7,1,,4,,"Cogan, Diana L","Thakur, Sneha","Zhu, Zhiqi",,,,dcc095020,diana cogan,Digital Circuits 
MECH,3150,101,,21,11,4,3,,1,,,,,,,,"Park, Wooram","Ahsan, Faraz",,,,,wxp103020,wooram park,Kinematics and Dynamics Laboratory 
ECON,3336,001,,19,11,3,3,1,,,,,,,3,,"McElroy, Susan","Nguyen, Hien T","Zhang, Licheng",,,,skm028000,susan mcelroy,Economics of Education 
BIOL,2111,007,,4,2,1,13,5,7,6,2,,,,,,"Burr, John G",,,,,,burr,john burr,Introduction to Modern Biology Workshop I 
MECH,6303,001,,10,12,4,11,3,,,,,,,,,"Tadesse, Yonas T","Hatamleh, Mohammad I",,,,,ytt110030,yonas tadesse,Computer Aided Design 
ECON,3315,001,9,6,8,4,5,2,1,2,,,1,,2,,"Beron, Kurt","Kwak, Jihun",,,,,kberon,kurt beron,Sports Economics 
BCOM,4350,002,23,15,1,,1,,,,,,,,,,"Michael, Sally C",,,,,,scm180004,sally michael,Advanced Business Communication 
ITSS,4343,001,1,5,1,2,6,9,9,4,2,1,,,,,"Subramoniam, Ramesh","Gaglani, Kajal M",,,,,rxs179630,ramesh subramoniam,Integrated SCM Information Systems 
OPRE,3310,502,3,8,,5,12,2,3,6,,,1,,,,"Mozik, Vince C","Dubal, Nitesh",,,,,vcm170130,vince mozik,Operations Management 
CS,3354,0W1,,5,13,3,4,6,8,,,,1,,,,"Straach, Janell","Zeng, Wenxi","Maweu, Barbara M",,,,jxs017800,janell straach,Software Engineering 
MATH,2413,020,1,2,3,3,5,3,7,,2,2,3,,9,,"Duruoha, Adannah",,,,,,axd180037,adannah duruoha,Differential Calculus 
MATH,2413,002,1,5,6,6,2,1,6,3,1,1,1,2,5,,"Martynova, Irina",,,,,,ixm140930,irina martynova,Differential Calculus 
MECH,6318,001,,14,8,7,8,,2,1,,,,,,,"Zhang, Jie","Liu, Yuanzhi",,,,,jxz156730,jie zhang,Engineering Optimization 
PSY,4332,002,2,2,7,3,3,5,3,2,2,1,1,2,7,,"Brody, Salena M",,,,,,smb051000,salena brody,Psychology in the Workplace 
BBSU,1100,001,22,10,6,,1,,,,,,,,1,,"Nall, Leah T",,,,,,lnall,,First Year Seminar 
BBSU,1100,002,25,6,7,1,1,,,,,,,,,,"Jackson, Kevin",,,,,,kxj162930,kevin jackson,First Year Seminar 
BBSU,1100,003,14,10,5,3,3,1,,3,,,1,,,,"Ritchie, Kathleen",,,,,,kxr180017,,First Year Seminar 
BBSU,1100,004,23,9,4,,3,,,,,,,,1,,"Jackson, Kevin",,,,,,kxj162930,kevin jackson,First Year Seminar 
SPAU,3341,001,,9,12,3,6,6,,3,,1,,,,,"Warner-Czyz, Andrea D","Pak, Cecilia L",,,,,adw052000,andrea warner czyz,Audiology 
PSCI,3323,001,,14,10,4,2,4,1,,1,1,,1,2,,"Lux, Ryan J",,,,,,rjl140330,ryan lux,American Federalism 
FIN,3390,001,9,5,1,6,1,4,2,1,2,1,1,6,1,,"El-Ashmawi, Amal H","Jerez Carreno, Jaime Eduardo",,,,,ahe013000,amal el ashmawi,Introduction to Financial Modeling 
MECO,6303,MBP,,22,12,6,,,,,,,,,,,"Siegenthaler, Simon","Chen, Xi",,,,,sxs177933,simon siegenthaler,
MIS,6204,MBP,,18,8,4,7,3,,,,,,,,,"Hefley, William E","Ozdemir, Dicle Yagmur",,,,,weh150130,william hefley,
CS,6360,004,,18,1,2,13,2,,1,,,,,1,,"Cole, John","Salazar, Elmer E",,,,,jxc064000,john cole,Database Design 
MECH,4310,001,,1,1,6,,8,3,8,3,,4,,7,,"Ruths, Justin","Hadizadeh Kafash, Sahand","Kumar, Devesh",,,,jxr163730,justin ruths,Systems and Controls 
BPS,6310,0W1,,24,,6,6,,4,1,,,,,,,"Chasteen, Larry H","Bai, Xiaoou",,,,,chasteen,larry chasteen,Strategic Management 
MATH,1306,001,6,9,8,1,5,2,2,4,3,,,,1,,"Sutton, Julie","Singh, Aprajita",,,,,jxs158030,julie sutton,College Algebra for the Non-Scientist 
ACCT,4336,001,2,5,5,4,8,10,1,3,2,,,,1,,"Bowen, Richard M","Walker, Jacob N",,,,,rxb073100,richard bowen,Financial Statement Analysis 
FIN,6364,001,,5,19,8,7,2,,,,,,,,,"Zhang, Huibing",,,,,,hxz054000,huibing harold zhang,Portfolio Analysis and Management 
OPRE,3310,002,4,7,4,4,4,2,3,6,6,,1,,,,"Parks, David","Takasi, Venkanna Dora Goutham",,,,,dxp153830,david parks,Operations Management 
ACCT,6383,501,,23,1,2,14,1,,,,,,,,,"Bracy, Dana",,,,,,dxb016100,dana bracy,Fraud Examination 
ACCT,6356,501,,27,11,1,,2,,,,,,,,,"Gamino, John P",,,,,,jpg140630,john gamino,Tax Research 
OBHR,4352,001,7,9,11,7,4,1,1,1,,,,,,,"Ritchey, Kemberly A",,,,,,kar014400,kemberly ritchey,Negotiation and Dispute Resolution 
BIOL,2112,004,3,3,10,4,,7,4,3,3,3,1,,,,"Wilson, Michelle","Yetkin, Celal E","Cao, Lian","Salamat, Narges","Zhou, Qin",,mxw084000,michelle wilson,Introduction to Modern Biology Workshop II 
OPRE,3310,001,12,10,7,3,2,,4,3,,,,,,,"Farajbakhsh Mamaghani, Fariba",,,,,,fxf150430,fariba mamaghani,Operations Management 
ACCT,6344,0W1,,11,13,13,3,1,,,,,,,,,"Gurun, Umit","Walker, Jacob N",,,,,ugg041000,umit gurun,Financial Statement Analysis 
MKT,6301,001,,10,1,13,11,2,2,2,,,,,,,"Rajaratnam, Daniel",,,,,,dxr143430,daniel rajaratnam,Marketing Management 
ATCM,4395,501,,4,7,9,11,4,3,,2,1,,,,,"Johnson, Casey A","Jennings, Christopher M",,,,,caj150430,casey johnson,Advanced Topics in Arts  Technology  and Emerging Media 
IMS,6204,MBP,,16,16,3,3,3,,,,,,,,,"Woldu, Habte G","Dakshinamoorthy, Sowmika",,,,,wolduh,habte woldu,
BUAN,6346,002,,29,10,,,,1,,,,,,,,"Henslee, Austin","Shankar, Santhosh",,,,,axh134230,austin henslee,Big Data 
BPS,4305,010,,10,10,9,6,4,1,,,,,,1,,"Choi, Emily","Mahajan, Anchit",,,,,exc113230,emily choi,Strategic Management 
ACCT,4334,PP2,,19,,,20,,1,1,1,,,,,,"Linsteadt, Chris C",,,,,,ccl019000,chris linsteadt,Auditing 
CS,1200,501,15,11,5,3,2,1,1,1,,,1,,2,,"McMahan, Timothy",,,,,,txm173230,timothy mcmahan,Introduction to Computer Science and Software Engineering 
ENGR,3300,502,3,14,,8,8,,4,2,,1,,,2,,"Nakhaei, Mofid","Nourmohamadi, Hesam",,,,,mxn162630,mofid nakhaei,Advanced Engineering Mathematics 
IPEC,4377,001,3,8,15,7,4,1,1,1,,,,1,1,,"Bunte, Jonas B","Taden, John",,,,,jbb130330,jonas bunte,Politics of International Finance 
BCOM,4350,503,,6,13,4,12,3,1,,1,,,,2,,"Steadham, Kyle S",,,,,,kss012400,kyle steadham,Advanced Business Communication 
CS,3345,501,8,9,3,6,3,4,2,6,,,1,,,,"Khan, Ziaullah","Li, Fang","Maldonado, Ramon Manuel Martinez",,,,kkhan,ziaullah khan,Data Structures and Introduction to Algorithmic Analysis 
ECON,4351,001,12,14,3,4,6,,,3,,,,,,,"O'Brien, Daniel M",,,,,,obri,daniel obrien,Mathematical Economics 
PA,4355,001,8,13,8,4,2,2,1,3,1,,,,,,"Lee, Young-Joo","Upoma, Shahrin S",,,,,yxl093000,young joo lee,Managing Nonprofit Organizations 
MKT,4330,0W1,4,8,2,1,8,6,1,1,2,1,1,5,2,,"Edsel, Alexander D","Brannon, Gina S",,,,,ade012000,alexander edsel,Digital and Internet Marketing 
BIOL,2111,002,1,7,6,4,10,,3,9,2,,,,,,"Burr, John G",,,,,,burr,john burr,Introduction to Modern Biology Workshop I 
BIOL,2111,009,11,5,5,5,2,4,3,,2,,2,3,,,"Srikanth, Uma",,,,,,ukrish,uma srikanth,Introduction to Modern Biology Workshop I 
BIOL,2112,001,2,7,6,5,3,9,2,2,3,1,2,,,,"Wilson, Michelle","Salamat, Narges","Cao, Lian","Zhou, Qin","Yetkin, Celal E",,mxw084000,michelle wilson,Introduction to Modern Biology Workshop II 
BPS,4305,001,2,13,,5,8,,7,5,,,1,,1,,"Chasteen, Larry H","Bai, Xiaoou",,,,,chasteen,larry chasteen,Strategic Management 
BIOL,2112,005,5,4,8,6,6,6,1,1,2,1,,1,1,,"Wilson, Michelle","Zhou, Qin","Cao, Lian","Yetkin, Celal E","Salamat, Narges",,mxw084000,michelle wilson,Introduction to Modern Biology Workshop II 
OBHR,3330,002,4,5,3,8,7,3,1,8,3,,,,,,"Weekley, Jeff A","Dabir, Alok",,,,,jaw160330,jeff weekley,Introduction to Human Resource Management 
BIOL,2112,002,2,5,4,4,7,4,4,3,2,1,,1,5,,"Wilson, Michelle","Salamat, Narges","Cao, Lian","Zhou, Qin","Yetkin, Celal E",,mxw084000,michelle wilson,Introduction to Modern Biology Workshop II 
CS,6314,501,,5,17,10,7,3,,,,,,,,,"Balakrishna, Mithun","Chen, Lingchao",,,,,mxb026000,mithun balakrishnan,Web Programming Languages 
CS,6375,003,,34,7,1,,,,,,,,,,,"Chida, Anjum","Li, Changbin",,,,,axc157030,anjum chida,Machine Learning 
EE,4368,001,3,10,1,2,12,2,3,7,2,,,,,,"Lehmann, Randall E","Fonseka, Sebastian P",,,,,rel041000,randall lehmann,RF Circuit Design Principles 
ACCT,2301,HON,12,11,8,6,3,1,1,,,,,,,,"Files, Rebecca L",,,,,,rlf092000,rebecca files,Introductory Financial Accounting 
BCOM,3310,HON,5,36,1,,,,,,,,,,,,"Lawson, Kristen A","Ogunjobi, Olufunke A",,,,,kal110030,kristen lawson,Business Communication 
HMGT,4321,001,5,8,2,13,7,4,3,,,,,,,,"Ayvaci, Mehmet U","Tunc, Murat M",,,,,mua120030,mehmet ayvaci,Introduction to Healthcare Information Systems 
BPS,4305,501,11,3,5,2,4,2,1,4,2,1,5,1,1,,"Carraher, Shawn M",,,,,,smc130730,shawn carraher,Strategic Management 
BA,1100,008,15,4,6,,3,4,1,1,,2,1,1,4,,"Hinze, Whitney P",,,,,,wxh161930,whitney hinze,Business Basics 
MKT,3200,002,19,8,6,3,2,1,1,1,,,,1,1,,"Watson, John M",,,,,,jmw077000,john watson,Introduction to Business and Professional Development 
EE,4365,001,3,19,7,5,9,,,,,,,,,,"Saquib, Mohammad","Hasan, Md Imrul",,,,,saquib,mohammad saquib,Introduction to Wireless Communication 
MECO,6303,002,,40,,2,,1,,,,,,,,,"Lewin, Peter","Suvarna, Namrata C",,,,,plewin,peter lewin,Business Economics 
MATH,3310,002,2,7,7,6,3,2,4,2,2,,1,2,5,,"Dabkowska, Malgorzata A","Khan, Samreen S",,,,,mxd066000,malgorzata dabkowska,Theoretical Concepts of Calculus 
BA,3200,002,17,6,9,2,3,2,1,3,,,,,,,"Fry, Jennifer L",,,,,,jlf130030,jennifer fry,Introduction to Business and Professional Development 
OBHR,4300,001,27,11,,4,1,,,,,,,,,,"Edgington, Kyle D",,,,,,kde081000,kyle edgington,Management of Non-Profit Organizations 
FIN,3380,002,4,6,14,5,7,4,2,,,,,,1,,"Gurun, Ayfer","Wen, Yaxin",,,,,axg119030,ayfer gurun,International Financial Management 
BUAN,6312,004,,7,7,6,9,6,7,1,,,,,,,"Blueshtein, Moran","Oyima-Antseleve, Ndackyssa",,,,,mxb135230,moran blueshtein,Applied Econometrics and Time Series Analysis 
BUAN,6320,003,,22,11,8,2,,,,,,,,,,"Narayan, Ravishankar L","Bansal, Swati",,,,,rln130030,ravishankar narayan,Database Foundations for Business Analytics 
BUAN,6356,004,,9,12,15,6,1,,,,,,,,,"Ge, Ling","Pham, Trang T",,,,,lxg180006,,Business Analytics With R 
CS,6360,003,,18,10,11,4,,,,,,,,,,"Yuruk, Nurcan","Shamsuddin, Rittika",,,,,nxy140530,nurcan yuruk,
IMS,3310,HON,40,2,,,1,,,,,,,,,,"Hazzard, Charles F","Kathpalia, Ashutosh",,,,,cxh056000,charles hazzard,International Business 
BIOL,3161,007,2,8,6,4,5,1,2,,3,,3,1,7,,"Spiro, Stephen",,,,,,sxs067400,stephen spiro,Biochemistry Workshop I 
ECS,1100,015,28,7,5,1,1,2,,,,,,,,,"Mann, Ashley",,,,,,axm180114,ashley mann,Introduction to Engineering and Computer Science 
BIOL,4325,001,,14,6,15,3,3,1,2,,,,,,,"Candas, Mehmet",,,,,,candas,mehmet candas,Nutrition and Metabolism 
MATH,1325,503,7,3,7,2,2,7,2,4,,1,2,1,6,,"Alvarado, Iris",,,,,,ila180000,iris alvarado,Applied Calculus I 
ENGR,3341,002,2,22,,2,13,1,1,3,,,,,,,"Ali, Mohammed Z","Hasan, Md Imrul","Upadhyay, Bhaskar R",,,,mohammed,ali mohammed,Probability Theory and Statistics 
BA,3200,004,1,36,3,1,,1,1,,,,1,,,,"Berardi, Caryn S",,,,,,cds110030,caryn berardi,Introduction to Business and Professional Development 
BCOM,4350,001,,5,17,7,11,2,,2,,,,,,,"Moore, Sarah E","Tanabe, Takuma",,,,,sem054000,sarah moore,Advanced Business Communication 
BCOM,4350,006,7,15,11,2,6,1,,1,,,,,1,,"Lawson, Kristen A","Ogunjobi, Olufunke A",,,,,kal110030,kristen lawson,Advanced Business Communication 
BCOM,4350,009,2,20,10,5,4,1,1,,,,,1,,,"Watson, John M","Sethi, Shravik P",,,,,jmw077000,john watson,Advanced Business Communication 
ITSS,4340,001,1,10,7,11,10,,3,1,,,,1,,,"Thompson, Luell O","Pearam, Swetha S",,,,,lot013000,luell thompson,Enterprise Resource Planning 
BPS,4305,006,3,10,8,1,7,4,,1,6,,4,,,,"Xia, Jun","Bai, Xiaoou",,,,,jxx132030,jun xia,Strategic Management 
MIS,6323,501,,20,10,13,1,,,,,,,,,,"Tang, Shaojie","Wagh, Yash",,,,,sxt146930,shaojie tang,Object Oriented Programming in Java 
MKT,3300,0E1,,11,11,10,2,4,1,2,1,,,,2,,"Meda, Edward","Jameei Osgouei, Ata",,,,,exm150330,edward meda,Principles of Marketing 
ENGR,2300,003,16,7,4,2,3,2,1,3,4,,,1,1,,"Al-Dhahir, Naofal M","Elgenedy, Mahmoud A","Marzban, Mohamed F",,,,nxa028000,naofal al dhahir,Linear Algebra for Engineers 
BA,1100,005,14,3,4,2,4,5,,1,2,,1,2,6,,"Hinojosa, Nick G",,,,,,ngh061000,nick hinojosa,Business Basics 
HMGT,6401,AH6,,33,8,2,,,,,,,,,1,,"Blumoff, Ronald L","Kaiser, Robert C",,,,,,ronald blumoff,
OPRE,4310,001,3,4,7,9,6,11,1,3,,,,,,,"Ramanathan, Kannan","Zhang, Chen","Wang, Wan-Jung",,,,kxr087000,kannan ramanathan,Lean and Six Sigma Processes 
BPS,4305,008,15,7,7,3,4,1,1,2,1,,,,1,,"Carraher, Shawn M",,,,,,smc130730,shawn carraher,Strategic Management 
BPS,4305,009,20,9,,3,7,,,3,,1,1,,,,"Carraher, Shawn M",,,,,,smc130730,shawn carraher,Strategic Management 
BIOL,2111,006,1,5,3,4,9,5,4,10,2,1,,,,,"Burr, John G",,,,,,burr,john burr,Introduction to Modern Biology Workshop I 
CRIM,3310,001,19,15,5,1,,3,,,,,,,2,,"Polk, Elmer O","Yim, Haneul",,,,,peo091000,elmer polk,Youth Crime and Justice 
BA,3200,003,5,35,1,1,2,1,,,,,,,,,"Berardi, Caryn S",,,,,,cds110030,caryn berardi,Introduction to Business and Professional Development 
BCOM,4350,010,1,9,14,7,4,5,3,1,,,,,1,,"Lookadoo, Kathryn","Tanabe, Takuma",,,,,kxl164330,kathryn lookadoo,Advanced Business Communication 
BPS,4305,002,1,18,,8,16,,1,,,,1,,,,"Chasteen, Larry H","Bai, Xiaoou",,,,,chasteen,larry chasteen,Strategic Management 
BCOM,4350,003,4,20,8,4,5,2,,,,,2,,,,"Lawson, Kristen A","Ogunjobi, Olufunke A",,,,,kal110030,kristen lawson,Advanced Business Communication 
HMGT,3311,001,,19,10,6,5,,4,1,,,,,,,"Barden, John P","Anwer, Jordan J",,,,,jpb063000,john barden,Healthcare Accounting 
MKT,4330,001,3,8,3,6,11,1,4,9,,,,,,,"Pacyna, Sandra",,,,,,sxp158130,sandra pacyna,Digital and Internet Marketing 
BIOL,3V00,001,14,19,8,1,1,,,2,,,,,,,"Sapozhnikov, Ilya",,,,,,isapoz,ilya sapozhnikov,Topics in Biological Sciences 
BCOM,4350,005,3,25,10,3,3,1,,,,,,,,,"Lawson, Kristen A","Ogunjobi, Olufunke A",,,,,kal110030,kristen lawson,Advanced Business Communication 
ITSS,3200,001,10,14,5,10,3,2,,1,,,,,,,"Watson, John M",,,,,,jmw077000,john watson,Introduction to Business and Professional Development 
BA,1100,002,,20,5,3,2,,,1,,,2,,12,,"Henderson, Tom","Kathpalia, Ashutosh",,,,,txh093000,tom henderson,Business Basics 
BCOM,4350,501,25,9,3,1,1,,4,,,,,,2,,"Layne, Raini M",,,,,,rml081000,raini layne,Advanced Business Communication 
MATH,2413,012,1,5,4,6,3,2,2,3,3,1,,3,12,,"Akbar, Mohammad M",,,,,,mma110020,mohammad akbar,Differential Calculus 
CS,6314,002,,25,9,7,4,,,,,,,,,,"Yuruk, Nurcan",,,,,,nxy140530,nurcan yuruk,Web Programming Languages 
MIS,6308,0W1,,7,16,13,5,,,3,,,,,1,,"Raghunathan, Srinivasan","Kumar, Jitendra",,,,,sraghu,srinivasan raghunathan,System Analysis and Project Management 
CS,6363,005,,13,15,17,,,,,,,,,,,"Bereg, Sergey","Zhang, Shuai",,,,,sxb027100,sergey bereg,Design and Analysis of Computer Algorithms 
BBSU,1100,013,40,2,,,,,2,,,,,,1,,"Jordan, Katy J",,,,,,kjj073000,katy jordan,First Year Seminar 
CS,3354,003,2,6,8,8,6,5,2,3,2,2,1,,,,"Wei, Shiyi","Mordahl, Austin S","Vellingiri, Shanthi",,,,sxw174630,shiyi wei,Software Engineering 
BCOM,4350,004,2,29,7,1,3,1,1,1,,,,,,,"Smallwood, Margaret G","Babayemi, Opeyimika O",,,,,meg012400,margaret smallwood,Advanced Business Communication 
ENGR,3341,006,3,11,,4,12,4,2,8,,,,1,1,,"Ali, Mohammed Z","Mitra, Arkadeep","Hasan, Md Imrul",,,,mohammed,ali mohammed,Probability Theory and Statistics 
CS,1200,502,,27,8,1,3,,3,,,,1,,3,,"Smith, Klyne",,,,,,kxs180052,klyne smith,Introduction to Computer Science and Software Engineering 
HMGT,3310,501,14,7,13,1,6,3,1,,1,,,,,,"Tesmer, Kristin M",,,,,,kmj063000,kristin tesmer,Healthcare Regulatory Environment 
BIOL,3V00,501,20,16,3,,4,3,,,,,,,,,"Sapozhnikov, Ilya",,,,,,isapoz,ilya sapozhnikov,Topics in Biological Sciences 
OPRE,6362,001,,10,16,6,10,3,,1,,,,,,,"Alborz, Shawn",,,,,,sxa063000,shawn alborz,Project Management in Engineering and Operations 
HUMA,1301,010,12,26,,5,,,,2,,,,,1,,"Anjum, Zafar",,,,,,zxa110730,zafar anjum,Exploration of the Humanities 
OPRE,3310,008,4,9,5,4,11,8,3,2,,,,,,,"Parks, David","Takasi, Venkanna Dora Goutham",,,,,dxp153830,david parks,Operations Management 
ACCT,6305,501,,12,11,13,6,3,1,,,,,,,,"Ozel, Naim Bugra","Holstead, Cameron",,,,,nbo150030,naim ozel,Accounting for Managers 
BA,1100,009,18,7,3,3,1,3,3,3,,1,2,,2,,"Johnson, Jillian",,,,,,jlm171130,jillian johnson,Business Basics 
HMGT,6405,AS1,,45,1,,,,,,,,,,,,"McCracken, John",,,,,,,john mccracken,
MKT,3340,001,23,11,7,1,2,1,,1,,,,,,,"Kamatham, Sriharsha",,,,,,sxk152031,sriharsha kamatham,Marketing Research 
BIOL,2111,011,5,6,7,3,2,8,3,5,2,1,2,2,,,"Srikanth, Uma",,,,,,ukrish,uma srikanth,Introduction to Modern Biology Workshop I 
CRIM,3326,001,3,9,6,3,11,3,4,3,1,,1,,,,"Jacobs, Bruce A",,,,,,baj034000,bruce jacobs,Victimless Crimes 
MIS,6204,MBC,,20,13,1,9,1,,1,,,,,,,"Hefley, William E","Ozdemir, Dicle Yagmur",,,,,weh150130,william hefley,
CLDP,3342,501,9,1,10,9,8,6,1,2,,,1,,,,"Barfoot, John W","Peskova, Olga",,,,,jwb043000,john barfoot,Exceptional Children 
BA,1100,010,16,3,7,1,2,1,,3,2,2,3,1,6,,"Hinojosa, Nick G",,,,,,ngh061000,nick hinojosa,Business Basics 
MATH,1325,004,4,5,13,1,2,5,3,5,5,1,1,,2,,"Stanford, Paul H",,,,,,phs031000,paul stanford,Applied Calculus I 
ATCM,2303,004,,11,11,14,5,5,1,,,,,,,,"Oropallo, Kara I","Enam, Victor J",,,,,kio160030,kara oropallo,Project Management for Arts  Technology  and Emerging Communication I 
ATCM,3388,002,2,6,14,13,6,4,1,1,,,,,,,"Lee, Angela M","Ward, Andrew S",,,,,aml140530,angela lee,Attitudes and Behaviors 
ECS,1100,022,17,14,,2,,3,2,2,1,,1,,5,,"Williams, Jaleah",,,,,,jxw161630,jaleah williams,Introduction to Engineering and Computer Science 
BCOM,3200,501,37,6,2,,2,,,,,,,,,,"Smallwood, James E",,,,,,jes094020,james smallwood,Introduction to Business and Professional Development 
ENGR,3300,004,3,3,4,6,3,1,5,3,6,1,6,1,5,,"Fischetti, Massimo V",,,,,,mvf100020,massimo fischetti,Advanced Engineering Mathematics 
EECT,6326,001,,8,10,9,10,7,,2,,,,,1,,"Liu, Jin","Xiong, Jiu",,,,,jinliu,jin liu,Analog Integrated Circuit Design 
NATS,1101,018,38,5,1,,1,,,1,,,,,1,,"Pujana, Ignacio",,,,,,pujana,ignacio pujana,Natural Sciences and Mathematics Freshman Seminar 
CS,6375,501,,24,15,8,,,,,,,,,,,"Nagar, Anurag","Dakshit, Sagnik",,,,,axn112530,anurag nagar,Machine Learning 
OB,6301,501,,30,13,2,,,1,1,,,,,,,"Hicks, Jeffrey N",,,,,,jnh061000,jeffrey hicks,Organizational Behavior 
MKT,6301,0W3,,16,6,5,14,6,,,,,,,,,"Pahwa, Parneet","Roshangarzadeh, Reza","Qian, Kun",,,,pxp030100,parneet pahwa,Marketing Management 
PSCI,4370,HN1,,46,,1,,,,,,,,,,,"Chin, Michelle L","Harpham, Edward",,,,,mlc140530,,Policy Making Process 
PSCI,4372,HN1,,47,,,,,,,,,,,,,"Daly, John A","Chin, Michelle L",,,,,jad105020,,Advocacy and Politics 
PSCI,4373,HN1,,47,,,,,,,,,,,,,"Swerdlow, Joel L","Chin, Michelle L",,,,,jls059000,,Politics of National Memory 
BA,1100,007,19,4,4,3,3,4,2,,2,,2,,4,,"McCrady, Victoria D",,,,,,vdm130030,victoria mccrady,Business Basics 
BA,1100,011,,23,2,3,1,1,1,2,,,4,,10,,"Henderson, Tom","Kathpalia, Ashutosh",,,,,txh093000,tom henderson,Business Basics 
BA,1100,015,5,1,4,2,3,1,1,3,3,2,1,4,17,,"Kaplan, Marilyn R",,,,,,mkaplan,marilyn kaplan,Business Basics 
BCOM,3200,001,,35,,3,4,,,2,,2,,,1,,"Newcomb, Rebecca G",,,,,,rgn100020,rebecca newcomb,Introduction to Business and Professional Development 
BPS,6310,MBC,,10,,,34,,,3,,,,,,,"Dess, Gregory","Kim, Dong Shin",,,,,ggd021000,gregory dess,
IMS,6204,MBC,,23,,,23,,,1,,,,,,,"Peng, Mike","Liao, Xin",,,,,mxp059000,mike peng,
IMS,3310,501,14,8,,1,2,2,5,1,3,2,3,1,2,,"Carraher, Shawn M",,,,,,smc130730,shawn carraher,International Business 
OPRE,6369,501,,22,,,23,,,2,,,,,,,"Deluke, Eugene","Gaglani, Kajal M",,,,,gxd052000,eugene deluke,Supply Chain Software 
ATCM,3388,001,1,15,14,4,6,3,2,1,1,1,,,,,"Lee, Angela M","Ward, Andrew S",,,,,aml140530,angela lee,Attitudes and Behaviors 
ECS,1100,012,8,28,,4,3,,1,1,,,,,3,,"Payne, Laura E",,,,,,lep170330,laura payne,Introduction to Engineering and Computer Science 
ECS,1100,021,14,6,1,5,4,1,1,2,,,2,4,8,,"Ntafos, Simeon",,,,,,ntafos,simeon ntafos,Introduction to Engineering and Computer Science 
BCOM,3200,502,35,10,2,,,,,1,,,,,,,"Smallwood, James E",,,,,,jes094020,james smallwood,Introduction to Business and Professional Development 
ITSS,4330,001,,4,6,13,13,6,4,2,,,,,,,"Owens, Dawn M","Pearam, Swetha S","Bao, Chenzhang",,,,dmo130130,dawn owens,Systems Analysis and Design 
ITSS,4370,501,4,6,7,16,6,6,1,1,1,,,,,,"Fuller, Tony F","Dandra, Pravin Basanna",,,,,tff170130,tony fuller,Information Technology Infrastructure Management 
MATH,1325,006,8,5,11,4,5,3,6,,1,1,1,2,1,,"Paudel, Ajaya B",,,,,,abp062000,ajaya paudel,Applied Calculus I 
MATH,1325,010,11,13,7,2,1,7,1,2,4,,,,,,"Foley, Manjula",,,,,,mxf091000,manjula samanmalee foley,Applied Calculus I 
MATH,1325,011,4,5,7,7,5,1,3,1,4,,4,2,5,,"Neustadter, Laurel",,,,,,lxn160230,laurel neustadter,Applied Calculus I 
MUSI,1306,004,15,29,3,,,1,,,,,,,,,"Salisbury, Linda J",,,,,,ljs130230,linda salisbury,Understanding Music 
THEA,1310,501,,46,,,1,,,1,,,,,,,"Baig, Maryam O",,,,,,baig,maryam baig,Understanding Theatre 
BMEN,3315,501,,22,3,3,7,5,3,2,2,,,,1,,"Cogan, Stuart","Gerami Fard, Negar",,,,,sxc149830,stuart cogan,Thermodynamics and Physical Chemistry in Biomedical Engineering 
ITSS,3300,013,,26,6,10,3,1,1,1,,,,,,,"Varma, Rashmi","Luo, Ning",,,,,rxv180014,rashmi varma,Information Technology for Business 
OBHR,3310,005,1,31,7,3,3,3,,,,,,,,,"Hicks, Jeffrey N",,,,,,jnh061000,jeffrey hicks,Organizational Behavior 
OBHR,3330,501,8,6,11,8,2,8,,,3,,,1,1,,"Ritchey, David B",,,,,,davidr,david ritchey,Introduction to Human Resource Management 
MATH,1314,006,,,2,1,4,10,4,6,3,4,3,2,9,,"McCary, Brady C",,,,,,bcm052000,brady mccary,College Algebra 
MUSI,1306,002,11,25,5,4,,,,2,1,,,,,,"Salisbury, Linda J",,,,,,ljs130230,linda salisbury,Understanding Music 
ATCM,2303,002,2,25,12,3,5,,,1,,,,,,,"Oropallo, Kara I","Enam, Victor J","Jennings, Christopher M",,,,kio160030,kara oropallo,Project Management for Arts  Technology  and Emerging Communication I 
CS,3354,002,1,6,6,6,9,5,4,6,1,1,1,,2,,"Paulk, Mark C","Chaparro Arenas, Oscar Javier","Dong, Hailiang",,,,mcp130030,mark paulk,Software Engineering 
ITSS,4360,001,2,9,13,8,11,5,,,,,,,,,"Howe, Nate","Shah, Ansh A",,,,,nxh141030,nate howe,Network and Information Security 
OBHR,3310,501,,16,13,5,3,4,4,2,,,,,1,,"Hicks, Jeffrey N",,,,,,jnh061000,jeffrey hicks,Organizational Behavior 
MATH,2413,025,4,4,4,1,4,5,6,3,3,2,2,,10,,"Khoury, Raja N",,,,,,rnk180000,raja khoury,Differential Calculus 
MUSI,1306,003,11,12,9,4,1,2,2,3,1,,1,,2,,"Jones, Eric",,,,,,exj180003,eric jones,Understanding Music 
THEA,1310,002,46,2,,,,,,,,,,,,,"Sanders, Christine",,,,,,cxs180032,christine sanders,Understanding Theatre 
CS,6320,001,,6,5,22,11,3,,1,,,,,,,"Moldovan, Dan I","Zhang, Linrui",,,,,moldovan,dan moldovan,Natural Language Processing 
ATCM,2303,001,,15,18,8,2,4,1,,,,,,,,"Oropallo, Kara I","Enam, Victor J",,,,,kio160030,kara oropallo,Project Management for Arts  Technology  and Emerging Communication I 
CE,4304,501,5,4,2,4,2,11,4,6,7,,1,,2,,"Ikram, Muhammad Z","Shahshahani, Masoud",,,,,mzi041000,muhammad ikram,Computer Architecture 
ECS,1100,001,31,9,2,,,2,,,2,1,,1,,,"Brown, Joshua",,,,,,jxb165130,,Introduction to Engineering and Computer Science 
ECS,1100,009,18,4,6,4,3,5,1,1,2,1,,1,2,,"Marroquin, Irene",,,,,,ixm033000,irene marroquin,Introduction to Engineering and Computer Science 
ECS,1100,010,3,23,5,2,4,1,1,3,,1,,1,4,,"Ntafos, Simeon",,,,,,ntafos,simeon ntafos,Introduction to Engineering and Computer Science 
ECS,1100,018,24,7,,5,2,4,2,,1,1,,,2,,"Sharman, Whitney",,,,,,wxs180011,,Introduction to Engineering and Computer Science 
ECS,1100,020,25,7,6,,3,,,,1,2,,,4,,"Brown, Joshua",,,,,,jxb165130,,Introduction to Engineering and Computer Science 
ECS,1100,501,21,12,5,2,,4,,,1,,,,3,,"Edwards, Tanisha N",,,,,,txe120530,,Introduction to Engineering and Computer Science 
ECS,1100,502,25,6,4,5,2,2,1,1,1,,,1,,,"Marroquin, Irene",,,,,,ixm033000,irene marroquin,Introduction to Engineering and Computer Science 
ITSS,3312,002,8,10,13,8,2,2,1,2,,,,,2,,"Varma, Rashmi","Ozdemir, Dicle Yagmur",,,,,rxv180014,rashmi varma,Object-Oriented Programming 
OBHR,3330,005,1,3,10,10,9,5,3,3,2,,1,,1,,"Meda, Edward","Mallavarapu, Vijay K",,,,,exm150330,edward meda,Introduction to Human Resource Management 
MATH,2413,018,3,4,6,7,5,7,3,1,1,2,,1,8,,"Duruoha, Adannah",,,,,,axd180037,adannah duruoha,Differential Calculus 
CS,4390,001,1,12,10,9,9,2,2,1,3,,,,,,"Nguyen, Nhut","Ozarslan, Omer F","Tran, Trung Hieu",,,,nhutnn,nhut nguyen,Computer Networks 
ECS,1100,019,22,7,3,1,3,2,2,1,3,,,,5,,"Pratt, Forrest",,,,,,fxp180007,forrest pratt,Introduction to Engineering and Computer Science 
FIN,3320,005,2,7,8,6,1,8,4,7,2,1,2,1,,,"Peabody, Stephen D","Wang, Hui",,,,,sdp093020,,Business Finance 
MKT,4334,001,1,15,16,8,5,1,1,,1,,,1,,,"Clifton, Scott",,,,,,sxc180077,scott clifton,Social Media Marketing 
MATH,1325,005,10,5,11,3,6,5,2,1,2,1,,2,1,,"Li, Changsong",,,,,,cxl109120,changsong li,Applied Calculus I 
ACCT,6373,0W1,,14,,,28,,,7,,,,,,,"Barden, John P","Anwer, Jordan J",,,,,jpb063000,john barden,Advanced External Auditing 
FIN,3320,006,3,5,6,6,11,4,4,4,3,1,1,1,,,"Peabody, Stephen D","Wang, Hui",,,,,sdp093020,,Business Finance 
IMS,3310,008,,15,13,3,4,10,1,2,1,,,,,,"Kaur, Vaneet",,,,,,vxk180029,vaneet kaur,International Business 
MKT,3300,007,,19,10,5,7,4,,2,1,1,,,,,"Meda, Edward","Jameei Osgouei, Ata",,,,,exm150330,edward meda,Principles of Marketing 
OBHR,3310,001,5,12,6,6,5,5,,5,4,,,,1,,"Ritchey, David B",,,,,,davidr,david ritchey,Organizational Behavior 
DANC,1310,001,18,21,2,,4,2,,,,,,,2,,"Johnson, Melissa A",,,,,,maj140430,melissa johnson,Understanding Dance 
CS,6314,001,,26,9,12,2,,,,,,,,,,"Yuruk, Nurcan",,,,,,nxy140530,nurcan yuruk,Web Programming Languages 
OBHR,3310,007,32,9,2,4,1,,,1,,,,,,,"Hazzard, Charles F","Kathpalia, Ashutosh",,,,,cxh056000,charles hazzard,Organizational Behavior 
ENGR,3341,004,8,3,8,4,11,3,3,6,3,,,,,,"Webb, Jennifer H","Upadhyay, Bhaskar R",,,,,jhw170130,jennifer webb,Probability Theory and Statistics 
MKT,3300,001,,6,,,27,,,16,,,,,,,"Bigham, Ernest P",,,,,,epb180001,ernest bigham,Principles of Marketing 
MKT,3300,0W1,,16,6,5,14,6,,1,1,,,,,,"Pahwa, Parneet","Qian, Kun","Roshangarzadeh, Reza",,,,pxp030100,parneet pahwa,Principles of Marketing 
MUSI,1306,005,,13,9,3,8,5,4,3,1,1,,,2,,"Palant, Jonathan",,,,,,jxp170230,jonathan palant,Understanding Music 
ACCT,6377,501,,29,18,2,,,,,,,,,,,"McCuistion, Dennis",,,,,,dxm094000,dennis mccuistion,Corporate Governance 
FIN,3360,001,,5,10,3,17,5,1,5,1,1,,,1,,"Pedigo, Madison F",,,,,,mfp013000,madison pedigo,Entrepreneurial Finance 
ACCT,6301,0W1,,14,12,11,3,4,2,1,,,,,2,,"Ali, Ashiq","Sandhu, Gurvinder",,,,,axa042200,ashiq ali,Financial Accounting 
BUAN,6346,001,,29,18,2,,,,,,,,,,,"Perez, Jerry","Sharma, Supriya",,,,,jxp180019,jerry perez,Big Data 
MIS,6308,002,,19,11,5,11,2,,1,,,,,,,"Raghunathan, Srinivasan","Kumar, Jitendra",,,,,sraghu,srinivasan raghunathan,System Analysis and Project Management 
BUAN,6398,002,,28,2,3,11,,1,4,,,,,,,"Alimirzaei, Athena","Armaghan, Milad",,,,,axa134231,athena alimirzaei,Prescriptive Analytics 
MIS,6360,0W1,,19,17,8,2,1,2,,,,,,,,"Thouin, Mark","Dogaroglu, Seckin",,,,,mxt083000,mark thouin,Agile Project Management 
THEA,1310,001,49,,,,,,,,,,,,,,"Sanders, Christine",,,,,,cxs180032,christine sanders,Understanding Theatre 
HMGT,6401,AS1,,48,,,1,,,,,,,,,,"McCracken, John",,,,,,,john mccracken,
ITSS,3312,001,7,9,5,11,6,6,2,3,,,,,,,"Veerasamy, Jeyakesavan","Ozdemir, Dicle Yagmur",,,,,veerasam,jeyakesavan veerasamy,Object-Oriented Programming 
MKT,3300,003,2,5,9,12,10,6,4,,,,,,1,,"Lim, Bo Ram",,,,,,bxl131330,bo ram lim,Principles of Marketing 
MKT,3300,012,2,10,5,6,13,3,3,3,,1,1,,2,,"Gafford, Jerome M",,,,,,jmg171130,jerome gafford,Principles of Marketing 
MKT,3300,014,1,9,5,18,13,3,,,,,,,,,"Corbin, Sonja C",,,,,,scc130530,sonja corbin,Principles of Marketing 
MKT,3300,017,,8,8,2,10,1,3,8,3,3,2,1,,,"Wu, Fang","Zihagh, Fereshteh",,,,,fxw052000,fang wu,Principles of Marketing 
OBHR,3310,002,5,18,,14,6,,3,1,,1,,,1,,"Wu, Junfeng","Guo, Nan",,,,,jxw175430,junfeng wu,Organizational Behavior 
OBHR,3310,009,3,6,10,7,6,4,6,1,2,1,2,,1,,"Olsztynska, Agnieszka",,,,,,axo027000,agnieszka olsztynska,Organizational Behavior 
NSC,4362,001,4,7,5,5,8,7,1,3,,,4,,5,,"Ploski, Jonathan E",,,,,,jep101000,jonathan ploski,Molecular Neuroscience 
BUAN,6341,002,,20,15,9,4,1,,,,,,,,,"Sohaee, Nassim","Patel, Mehul G",,,,,nxs045000,nassim sohaee,Applied Machine Learning 
CS,4390,002,,10,26,7,5,2,,,,,,,,,"Farago, Andras","Zhou, Shuang",,,,,farago,andras farago,Computer Networks 
ECS,1100,023,16,3,10,4,1,6,1,2,,1,2,2,2,,"Freeman, Brenda",,,,,,brf160230,,Introduction to Engineering and Computer Science 
ECS,1100,024,14,11,9,4,6,2,1,,1,,,,2,,"Freeman, Brenda",,,,,,brf160230,,Introduction to Engineering and Computer Science 
ECS,1100,026,17,4,3,2,5,3,3,3,3,2,,,5,,"Ntafos, Simeon",,,,,,ntafos,simeon ntafos,Introduction to Engineering and Computer Science 
FIN,6300,0W1,,10,17,3,16,3,,1,,,,,,,"Cordell, David M","Kirk, Steven B",,,,,dmc012300,david cordell,Personal Finance 
ITSS,3300,010,,12,10,13,4,,2,3,2,,1,2,1,,"Bose, Ranavir","Xie, Si",,,,,rxb132730,ranavir bose,Information Technology for Business 
SE,4485,001,,50,,,,,,,,,,,,,"Wong, Weichen E",,,,,,wew021000,weichen wong,
GOVT,2305,501,,6,8,1,6,5,4,4,5,2,,3,6,,"Lowe, Evan","Zengin, Abdullah Furkan","Gutierrez Mannix, Carlos Daniel","Mutesi, Mireille",,,exl171930,evan lowe,American National Government 
MIS,6326,0W1,,22,6,8,10,3,,,,,,,1,,"Ryu, Young","Shekhavat, Shivani",,,,,ryoung,young ryu,Data Management 
CS,3354,004,2,16,8,4,13,,2,1,1,2,1,,,,"Cankaya, Ebru C","Ashtiani, Omeed E",,,,,exc067000,ebru cankaya,Software Engineering 
BUAN,6320,005,,10,11,15,14,,,,,,,,,,"Scott, James A","Forqandoost Haqiqi, Sina",,,,,jas076100,james scott,Database Foundations for Business Analytics 
MKT,6330,0W1,,12,10,17,8,2,1,,,,,,,,"Biswas, Abhijit","Kumar, Sumeet","Jameei Osgouei, Ata",,,,axb019100,abhijit biswas,Brand Management 
CS,4337,503,11,13,8,4,3,5,1,2,2,1,,,,,"McMahan, Timothy","Desai, Takshak",,,,,txm173230,timothy mcmahan,Organization of Programming Languages 
MIS,6204,0W1,,23,,,19,,,7,,,,,1,,"Sarkar, Sumit","Srivastava, Smriti",,,,,sumit,sumit sarkar,Information Technology for Management 
HMGT,6320,0W1,,42,4,2,1,,1,,,,,,,,"Fleming, Forney F",,,,,,fwf081000,forney fleming,The American Healthcare System 
CS,6315,501,,43,,,7,,,,,,,,,,"Ates, Keven L","Belavadi, Vibha Chandramouli",,,,,atescomp,keven ates,Semantic Web 
BUAN,6356,503,,18,13,11,5,3,,,,,,,,,"Chatterjee, Sourav","Gupta, Aabhas",,,,,sxc180075,sourav chatterjee,Business Analytics With R 
MATH,1306,002,6,8,6,3,8,4,3,5,1,2,2,,2,,"Sutton, Julie","Singh, Aprajita",,,,,jxs158030,julie sutton,College Algebra for the Non-Scientist 
CS,1136,107,17,10,2,2,3,,5,3,,,3,,6,,"Vogel, Don G",,,,,,dgv130030,don vogel,Computer Science Laboratory 
CS,1136,118,27,1,3,1,3,2,2,1,1,,1,,9,,"Vogel, Don G",,,,,,dgv130030,don vogel,Computer Science Laboratory 
CS,1336,018,24,5,1,4,2,3,1,,3,,2,,6,,"Karami, Gity",,,,,,gxk180009,gity karami,Programming Fundamentals 
CS,1336,007,3,5,3,4,6,8,4,4,3,2,2,2,5,,"Le, Khiem V",,,,,,kvl140030,khiem le,Programming Fundamentals 
OBHR,4310,001,10,10,23,5,3,,,1,,,,,,,"McNulty, Diane S",,,,,,dmcnulty,diane mcnulty,Business Ethics 
OPRE,3310,007,,12,4,2,6,5,4,10,1,3,1,1,3,,"Kuo, Ching-Chung","Atulkumar, Bhavikshah",,,,,cxk162830,,Operations Management 
EERF,6311,501,,19,8,5,16,2,,2,,,,,,,"Henderson, Rashaunda M","Nahar, Lubaba M",,,,,rmh072000,rashaunda henderson,RF and Microwave Circuits 
ITSS,3300,009,,8,12,11,6,5,1,1,3,2,2,,1,,"Bose, Ranavir","Xie, Si",,,,,rxb132730,ranavir bose,Information Technology for Business 
ITSS,4353,001,1,5,8,2,16,3,5,9,1,2,,,,,"Cankaya, Hakki C","Khurana, Anmol",,,,,hcc072000,hakki cankaya,Business Analytics 
BUAN,6357,501,,52,,,,,,,,,,,,,"Johnston, Walter L",,,,,,wlj031000,walter johnston,Advanced Business Analytics Using R 
ACCT,6301,MBC,,23,7,18,1,2,,1,,,,,,,"Radhakrishnan, Suresh","Tatiparti, Venu Madhav",,,,,sradhakr,suresh radhakrishnan,
FIN,6301,MBC,,14,7,2,20,7,1,1,,,,,,,"Reichert, Carolyn A",,,,,,carolyn,carolyn reichert,
MECO,6303,MBC,,32,14,3,1,1,1,,,,,,,,"Siegenthaler, Simon","Chen, Xi",,,,,sxs177933,simon siegenthaler,
MKT,6301,MBC,,17,10,12,9,2,2,,,,,,,,"Biswas, Abhijit","Mostafa, Ahmed H","Kumar, Sumeet","Jameei Osgouei, Ata",,,axb019100,abhijit biswas,
OPRE,6301,MBC,,18,,12,10,,3,7,,,,,2,,"Wang, Shouqiang","Kucukgul, Can",,,,,sxw163830,shouqiang wang,
COMD,7204,501,,41,4,,1,,,,,,,,,,"Cook, Julie D",,,,,,jdc151030,,Craniofacial Disorders 
IMS,3310,502,4,3,9,16,10,5,3,1,1,,,,,,"Pettigrew, Benjamin",,,,,,bxp171930,,International Business 
CS,3354,001,1,18,8,9,13,1,2,1,,,,,,,"Cankaya, Ebru C","Wang, Xiaoyu",,,,,exc067000,ebru cankaya,Software Engineering 
MATH,3379,001,4,8,7,3,5,5,4,5,3,1,3,2,3,,"Hooshyar, Mohammad",,,,,,ali,mohammad hooshyar,Complex Variables 
HMGT,3301,003,18,16,3,6,8,1,,,1,,,,,,"Berrett, Britt R","Kong, Siliang",,,,,brb051000,britt berret,Introduction to Healthcare Management 
MATH,2418,501,6,6,,,5,6,2,7,8,1,3,1,8,,"Ohsawa, Tomoki",,,,,,txo140730,tomoki ohsawa,Linear Algebra 
CS,4337,003,19,7,7,5,4,3,,1,,,4,,3,,"Karami, Gity","Varanasi, Sarat Chandra",,,,,gxk180009,gity karami,Organization of Programming Languages 
MKT,3320,001,,11,17,14,3,5,1,1,,,,,2,,"Haworth, Julie B",,,,,,haworth,julie haworth,Product and Brand Management 
OB,6301,001,,45,,,9,,,,,,,,,,"Hasenhuttl, Maria",,,,,,h1562,maria hasenhuttl,Organizational Behavior 
OPRE,6364,0W1,,15,12,18,8,1,,,,,,,,,"Ramanathan, Kannan","Wang, Wan-Jung","Zhang, Chen",,,,kxr087000,kannan ramanathan,Lean Six Sigma 
CS,4348,501,1,4,10,8,5,6,7,4,1,2,2,,5,,"Ozbirn, Greg A","Mi, Feng",,,,,ozbirn,greg ozbirn,Operating Systems Concepts 
ITSS,3300,501,8,14,10,6,4,6,2,2,1,1,1,,,,"Haseman, Charles","Zhu, Wangsheng",,,,,cxh180018,charles haseman,Information Technology for Business 
MECH,3310,001,2,8,7,11,7,10,4,1,2,,,1,2,,"Ouyang, Hui","Wang, Yang","Sarma, Jyotirmoy",,,,hxo150330,hui ouyang,Thermodynamics 
MKT,3300,005,2,11,22,7,6,5,,2,,,,,,,"Meda, Edward","Jameei Osgouei, Ata",,,,,exm150330,edward meda,Principles of Marketing 
LIT,3317,001,,42,9,3,1,,,,,,,,,,"Towner, Theresa",,,,,,tmtowner,theresa towner,The Literature of Fantasy 
CS,4347,501,4,16,11,11,4,3,1,2,,,,,3,,"Khan, Ziaullah","Skorupa Parolin, Erick",,,,,kkhan,ziaullah khan,Database Systems 
ITSS,4300,501,5,7,7,5,5,13,4,1,5,,,2,1,,"Calisir, Engin","Pearam, Swetha S",,,,,exc030100,engin calisir,Database Fundamentals 
CS,4337,502,1,5,17,8,9,11,1,1,,1,,,1,,"Davis, Chris I","Salazar, Elmer E","Varanasi, Sarat Chandra",,,,cid021000,chris davis,Organization of Programming Languages 
BUAN,6398,001,,28,7,6,11,1,1,1,,,,,,,"Alimirzaei, Athena","Armaghan, Milad",,,,,axa134231,athena alimirzaei,Prescriptive Analytics 
BUAN,6320,501,,22,6,14,3,9,,1,,,,,,,"Cavusoglu, Huseyin","Sharma, Supriya","Kumari, Riti",,,,huseyin,huseyin cavusoglu,Database Foundations for Business Analytics 
ITSS,4V95,001,8,9,20,11,5,1,,,1,,,,,,"Narasimhan, Prithi","Pawar, Dhairya Dhanaji",,,,,pxn152330,prithi narasimhan,Seminar Series in Information Systems 
COMD,7219,001,,51,,,1,,,1,,,,,,,"Touchstone, Emily W","Melamed, Tina",,,,,exw010200,emily touchstone,Birth-To-Three 
MKT,3300,004,9,20,14,5,6,1,,,,,,,,,"Egeland, Rita E",,,,,,rxb154430,rita bargerhuff egeland,Principles of Marketing 
MIS,6382,001,,33,14,4,1,,,2,,,,,1,,"Sohaee, Nassim","Patel, Mehul G",,,,,nxs045000,nassim sohaee,Object Oriented Programming in Python 
OPRE,3310,009,1,20,,4,21,,,10,,,,,,,"Hogan, James W","Dubal, Nitesh",,,,,jwh085000,james hogan,Operations Management 
ACCT,4340,001,20,13,5,8,3,1,5,,,,1,,,,"Johnson, Jennifer","Farooqi, Shan A",,,,,jxj091000,jennifer johnson,Survey of Accounting Software 
MKT,3300,008,7,14,6,13,5,2,3,3,3,,,,,,"Pahwa, Parneet","Roshangarzadeh, Reza","Qian, Kun",,,,pxp030100,parneet pahwa,Principles of Marketing 
MKT,3300,011,,4,2,14,16,2,7,8,1,1,,,1,,"Rajaratnam, Daniel",,,,,,dxr143430,daniel rajaratnam,Principles of Marketing 
MKT,3300,015,2,19,7,10,7,5,,3,1,2,,,,,"Pacyna, Sandra",,,,,,sxp158130,sandra pacyna,Principles of Marketing 
IMS,3310,010,,16,8,12,9,1,6,3,,,1,,,,"Zydorek, Hubert",,,,,,hxz120930,hubert zydorek,International Business 
ACCT,2301,501,9,7,3,4,13,7,4,4,2,,1,2,,,"Chu, Yu Fang",,,,,,yxc154730,,Introductory Financial Accounting 
ACCT,6365,501,,11,10,16,9,6,1,2,,,,,1,,"Cheng, Samuel","Nguyen, Kevin K",,,,,sxc109021,samuel cheng,Governmental and Not-For-Profit Accounting 
ENTP,3301,001,,41,,,11,,,1,,,,,3,,"Guengerich, Steven","Aziz, Fasahat",,,,,sxg172931,steven guengerich,Innovation and Entrepreneurship 
IMS,3310,003,3,4,7,5,9,5,8,7,1,3,1,,3,,"Salk, Jane E","Wang, Jiyu",,,,,jes025000,jane salk,International Business 
FIN,6352,501,,26,9,17,5,,,,,,,,,,"Noland, Jeff","Ying, Shihao",,,,,jxn125330,jeff noland,Financial Modeling For Corporate Analysis 
IMS,3310,006,4,18,14,10,4,6,,,1,,,,,,"Wang, Congying",,,,,,cxw141430,,International Business 
IMS,3310,503,5,3,12,13,8,8,4,3,,,,,1,,"Kim, Kyun",,,,,,kxk142730,,International Business 
BUAN,6398,003,,30,4,8,9,3,2,1,,,,,,,"Alimirzaei, Athena","Armaghan, Milad",,,,,axa134231,athena alimirzaei,Prescriptive Analytics 
FIN,3320,009,6,3,4,4,4,11,3,7,5,2,3,1,4,,"Anderson, Frank W",,,,,,fwa012000,,Business Finance 
SPAU,4308,001,,48,,,7,,,3,,,,,,,"Rojas-Villarreal, Raul","Eppes, Anna A",,,,,rxr105520,raul rojas villarreal,Language Disorders in Children 
CS,1335,001,4,11,8,7,12,3,4,1,5,,,2,1,,"Doore, Karen L",,,,,,kld054000,karen doore,Computer Science I for Non-majors 
SE,4367,001,5,6,7,2,9,7,6,7,2,1,1,2,3,,"Paulk, Mark C","Benton, Samuel D",,,,,mcp130030,mark paulk,Software Testing  Verification  Validation and Quality Assurance 
NSC,3361,005,21,12,8,4,4,1,,5,1,1,,,1,,"Shareef, Safiullah M",,,,,,sms170009,safiullah shareef,Introduction to Neuroscience 
CS,4347,502,4,41,9,1,2,,,,,,,,1,,"Culver, Timothy L","Torabi, Behnam",,,,,tlc130230,timothy culver,Database Systems 
MECH,4310,002,5,8,10,10,3,6,6,5,1,,4,,,,"Ruths, Justin","Hadizadeh Kafash, Sahand","Kumar, Devesh",,,,jxr163730,justin ruths,Systems and Controls 
ACCT,6373,501,,10,27,12,7,1,,,,,,,1,,"Paul, Abraham","Anwer, Jordan J",,,,,axp180036,abraham paul,Advanced External Auditing 
MECH,3351,001,,26,17,7,5,1,,1,,,,1,,,"Qian, Dong","Baan, Marzieh",,,,,dxq120430,dong qian,Design of Mechanical Systems 
FIN,3340,501,16,16,11,4,3,4,2,1,,,,,1,,"Molina, Stephen",,,,,,sxm163630,stephen molina,Regulation of Business and Financial Markets 
CS,4347,001,9,15,9,2,7,8,2,3,,,,,3,,"Christiansen, Michael G","Basu, Kinjal",,,,,mgc013000,michael christiansen,Database Systems 
MIS,6326,002,,58,,,,,,,,,,,,,"Raman, Ganapathiraman R",,,,,,grr090020,ganapathiraman raman,Data Management 
ACCT,2301,001,12,7,5,5,9,6,5,3,1,1,1,,3,,"Swaim, Stephanie R","Koonce, Katherine",,,,,srp065000,stephanie poindexter swaim,Introductory Financial Accounting 
ITSS,3300,015,,14,5,7,9,5,3,3,4,,2,,3,,"Short, Kevin P","Hosseini, Leila",,,,,kps170330,kevin short,Information Technology for Business 
ACCT,2302,002,1,4,9,14,12,,6,6,4,,1,,2,,"Zolton, Kathy","Memon, Sana R",,,,,kxz121730,kathy zolton,Introductory Management Accounting 
ISNS,2368,001,5,5,7,3,3,6,6,9,1,7,1,4,2,,"McCauley, Steven","Timms, Christopher I",,,,,sxm165131,steven mccauley,Weather and Climate 
ITSS,3300,014,3,21,9,6,12,2,1,3,1,,,,1,,"Stephens, Timothy G","Krishnan, Arathy",,,,,tgs170130,timothy stephens,Information Technology for Business 
CS,6364,002,,17,26,14,2,,,,,,,,,,"Natarajan, Sriraam","Kokel, Harsha",,,,,sxn177430,sriraam natarajan,Artificial Intelligence 
CS,6363,004,,10,14,13,9,5,6,2,,,,,,,"Raichel, Benjamin A","Gu, Shuyang",,,,,bar150630,benjamin raichel,Design and Analysis of Computer Algorithms 
BUAN,6320,006,,35,12,7,3,2,,,,,,,,,"Narayan, Ravishankar L","Shekhavat, Shivani","Bansal, Swati",,,,rln130030,ravishankar narayan,Database Foundations for Business Analytics 
BUAN,6340,501,,54,,,5,,,,,,,,,,"Parker, Jason A","Parla, Karthik Reddy",,,,,jap090020,jason parker,Programming for Data Science 
ECS,1100,017,24,10,8,2,2,7,,,1,,,2,3,,"Pratt, Forrest",,,,,,fxp180007,forrest pratt,Introduction to Engineering and Computer Science 
ITSS,4300,001,,14,9,6,8,9,3,7,3,,,,,,"Owens, Dawn M","Bao, Chenzhang","Pearam, Swetha S",,,,dmo130130,dawn owens,Database Fundamentals 
IMS,3310,009,,22,9,10,17,1,,,,,,,,,"Zydorek, Hubert",,,,,,hxz120930,hubert zydorek,International Business 
EPPS,1110,002,,47,,,2,,,4,,,3,,3,,"Lanham, Carol C",,,,,,ccl054000,carol lanham,Freshman Seminar 
CS,1200,011,1,32,4,,21,1,,,,,,,1,,"Cole, John",,,,,,jxc064000,john cole,Introduction to Computer Science and Software Engineering 
CRIM,3325,0W1,,9,11,8,19,5,2,2,1,,1,1,1,,"Noyes, Michael",,,,,,mxn143130,michael noyes,Victimology 
ITSS,3300,005,1,13,9,6,8,9,3,6,2,,3,,,,"Stephens, Timothy G","Xie, Si",,,,,tgs170130,timothy stephens,Information Technology for Business 
ITSS,3300,007,5,17,18,9,5,2,2,,1,,,,1,,"Beauchamp, Joe P","Sun, Geng",,,,,jpb016300,joe beauchamp,Information Technology for Business 
ECS,1100,006,15,33,,3,4,,2,2,,,1,,,,"Payne, Laura E",,,,,,lep170330,laura payne,Introduction to Engineering and Computer Science 
EE,4310,001,9,16,1,7,13,1,1,5,1,,1,,5,,"Gans, Nicholas R","Eslami Manoochehri, Hafez","Zhang, Yujie",,,,nrg092000,nicholas gans,Systems and Controls 
CRIM,3324,0W1,9,7,7,10,5,4,10,1,3,2,,,2,,"Hayslip, Melissa P",,,,,,mpb150030,melissa hayslip,Gender  Crime  and Justice 
ACCT,2301,005,6,5,7,3,10,10,7,4,7,,1,,,,"Huang, Ying","Gencer, Nur Pinar",,,,,yxh124430,ying huang,Introductory Financial Accounting 
ACCT,3350,002,,12,7,8,8,4,6,7,2,2,4,,,,"Goldman, Nathan C","Nguyen, Kevin K",,,,,ncg160030,nathan goldman,Fundamentals of Taxation 
ITSS,3300,003,15,35,4,1,4,,,1,,,,,,,"Savoie, Michael J","Hosseini, Leila",,,,,msavoie,michael savoie,Information Technology for Business 
ITSS,3300,006,3,16,22,5,7,1,3,1,,,1,,1,,"Cepica, Shannon D","Tang, Ping",,,,,sdc150430,shannon cepica,Information Technology for Business 
ITSS,3300,011,,8,10,7,10,11,7,3,1,1,1,,1,,"Beachboard, John C","Luo, Ning",,,,,jcb170430,john beachboard,Information Technology for Business 
ITSS,3300,002,9,45,2,2,1,,,,,,1,,,,"Savoie, Michael J","Hosseini, Leila",,,,,msavoie,michael savoie,Information Technology for Business 
ITSS,3300,012,,15,6,9,10,6,3,2,2,2,1,,4,,"Beachboard, John C","Luo, Ning",,,,,jcb170430,john beachboard,Information Technology for Business 
MECO,6303,502,,14,21,8,8,9,,,,,,,,,"Kiser, Stephen L","Wang, Yu-Chi",,,,,slk012100,stephen kiser,Business Economics 
CS,6301,501,,11,30,19,,,,,,,,,,,"Culver, Timothy L","Kadiyala, Krishna P",,,,,tlc130230,timothy culver,Special Topics in Computer Science 
CS,6320,501,,13,20,19,7,,1,,,,,,,,"Balakrishna, Mithun","Hu, Yibo",,,,,mxb026000,mithun balakrishnan,Natural Language Processing 
OPRE,6332,501,,31,7,10,4,7,1,,,,,,,,"Ramanathan, Kannan","Wang, Wan-Jung","Zhang, Chen",,,,kxr087000,kannan ramanathan,Spreadsheet Modeling and Analytics 
BMEN,4310,001,,15,21,16,3,2,1,1,,,,,1,,"Bleris, Leonidas","Kang, Taek",,,,,lxb092000,leonidas bleris,Feedback Systems in Biomedical Engineering 
ECS,1100,002,26,16,4,3,1,4,1,,,,,1,4,,"Alexander, Sky A",,,,,,saa170003,,Introduction to Engineering and Computer Science 
HLTH,3101,0W5,,51,,,5,,,2,,,2,,,,"Sandon, Lona",,,,,,lxs095000,lona sandon,Medical Terminology 
ITSS,3300,008,,11,9,8,8,5,5,6,3,,4,,1,,"Short, Kevin P","Hosseini, Leila",,,,,kps170330,kevin short,Information Technology for Business 
CS,3345,003,2,15,12,13,12,1,3,1,,,,,2,,"Chida, Anjum","Mousavi, Pooneh",,,,,axc157030,anjum chida,Data Structures and Introduction to Algorithmic Analysis 
MIS,6373,501,,46,15,,,,,,,,,,,,"Ginevich, Rostislav","Tang, Ping",,,,,rxg172930,rostislav ginevich,Social Media Business 
ECS,1100,016,18,10,6,7,1,3,5,4,3,,,,5,,"Favors, Crystal N",,,,,,cnf150030,,Introduction to Engineering and Computer Science 
CS,2336,005,,7,12,9,16,4,6,,2,1,1,,4,,"Feng, Ranran",,,,,,rxf090020,ranran feng,Computer Science II 
MATH,2418,006,11,3,2,7,2,7,2,5,6,4,7,1,5,,"Dahal, Rabin",,,,,,rxd153030,rabin dahal,Linear Algebra 
CS,2336,503,8,16,8,10,7,6,,4,2,,,,1,,"Debroy, Vidroha",,,,,,vxd024000,vidroha debroy,Computer Science II 
CS,6360,501,,20,20,9,6,6,1,,,,,,,,"Davis, Chris I","Hosseini, Seyyed Mohammadsaleh",,,,,cid021000,chris davis,Database Design 
OPRE,6302,005,,23,14,1,12,8,4,,,,,,,,"Honhon, Dorothee B","Khandelwal, Kumar Manglam",,,,,dbh130130,dorothee honhon,Operations Management 
CLDP,3303,001,2,18,,7,19,,5,4,,1,3,,4,,"Maguire, Mandy","Yuan, Haiying",,,,,mjm053000,mandy maguire,Normal Language Development 
HMGT,6320,501,,44,16,2,1,,,,,,,,,,"Fleming, Forney F",,,,,,fwf081000,forney fleming,The American Healthcare System 
MIS,6308,001,,21,13,8,8,9,,4,,,,,,,"Raghunathan, Srinivasan","Kumar, Jitendra",,,,,sraghu,srinivasan raghunathan,System Analysis and Project Management 
CRIM,1301,0W1,,9,7,8,8,12,6,1,2,,1,1,8,,"Cohen, Galia","Derlic, Dragana",,,,,gxc097120,galia cohen,Introduction to Criminal Justice 
BUAN,6356,006,,16,13,23,9,2,,,,,,,,,"Ge, Ling","Pham, Trang T",,,,,lxg180006,,Business Analytics With R 
CS,4389,001,2,8,6,6,21,6,3,4,3,,3,,1,,"Cankaya, Ebru C","Wang, Haoliang",,,,,exc067000,ebru cankaya,Data and Applications Security 
BUAN,6340,001,,51,6,4,2,,,1,,,,,,,"Shekhavat, Shivani","Sohaee, Nassim",,,,,nxs045000,nassim sohaee,Programming for Data Science 
MIS,6309,003,,26,17,21,,,,,,,,,,,"Lahiri, Atanu","Krishnan, Arathy",,,,,axl144730,atanu lahiri,Business Data Warehousing 
ITSS,4360,501,7,14,25,12,6,,,,,,,,,,"Tang, Shaojie","Shah, Ansh A",,,,,sxt146930,shaojie tang,Network and Information Security 
SE,4351,001,9,6,3,7,11,6,5,4,4,8,1,,1,,"Chung, Lawrence",,,,,,chung,lawrence chung,Requirements Engineering 
BMEN,4360,001,,27,3,7,7,3,,4,5,2,1,1,5,,"Rodrigues, Danieli B","Rabe, Kaitlin G",,,,,dxb127430,danieli b c rodrigues,Biomaterials and Medical Devices 
CHEM,6100,001,,,,,,,,,,,,,,,"Dodani, Sheel C",,,,,,scd023000,sheel dodani,Chemistry Department Seminar 
MIS,6380,001,,18,17,8,12,6,2,1,,,,,,,"Bradbury, Judd D","Sharma, Aman",,,,,jdb101000,judd bradbury,Data Visualization 
CS,1335,002,9,21,9,3,14,1,2,2,1,,,2,2,,"Doore, Karen L",,,,,,kld054000,karen doore,Computer Science I for Non-majors 
PSY,4343,501,,47,,,14,,,4,,,,,1,,"Small, Trillion N","Taylor, Mackenzie B",,,,,txs174730,trillion small,Abnormal Psychology 
HUMA,1301,002,21,15,10,2,5,,1,1,1,2,2,,5,,"Remington, Blake W","Zawng, Ze",,,,,bwr042000,blake remington,Exploration of the Humanities 
PSY,4332,001,5,11,10,9,6,5,3,7,3,3,,2,3,,"Brody, Salena M",,,,,,smb051000,salena brody,Psychology in the Workplace 
ACCT,6335,001,,10,26,16,8,6,,,,,,,1,,"Blair, Ronald J",,,,,,rblair,ronald blair,Ethics for Professional Accountants 
MIS,6344,003,,29,13,8,5,4,6,2,,,,,,,"Singh, Harpreet","Khurana, Anmol",,,,,hxs104000,harpreet singh,Web Analytics 
ATCM,3380,001,,5,20,16,16,7,1,1,,,,,,,"Drogos, Kristin L","Owens, Samantha L",,,,,kld140230,kristen drogos,Media Psychology 
LIT,1301,001,7,25,9,6,12,2,,3,1,,,,3,,"Brewer, Kenneth L","Cook, Mollie C",,,,,klb092000,kenneth brewer,Introduction to Literature 
FIN,3330,001,13,23,1,7,11,,2,4,,1,3,,3,,"Chapman, Juliann G","Nguyen, Khiem B",,,,,jgc160130,juliann chapman,Personal Financial Planning 
CS,4332,501,22,31,6,2,1,2,,,,,1,,3,,"Desai, Kevin P","Yu, Shimeng",,,,,kpd130030,,Introduction to Programming Video Games 
CS,4349,001,4,8,2,5,13,4,6,16,1,3,6,,,,"Cankaya, Ebru C","Enoch, Julian",,,,,exc067000,ebru cankaya,Advanced Algorithm Design and Analysis 
MATH,2420,005,5,5,3,15,4,8,8,9,4,,7,,,,"Rachinskiy, Dmitry",,,,,,dxr124030,dmitry rachinskiy,Differential Equations with Applications 
LIT,1301,002,1,9,18,6,9,10,1,3,2,3,,,6,,"Barnes, Ashley","Spencer, Brandy D",,,,,axb162631,ashley barnes,Introduction to Literature 
HUMA,1301,005,28,35,1,,2,,,,,,,,2,,"Aryal, Yubraj",,,,,,yxa180006,yubraj aryal,Exploration of the Humanities 
MIS,6360,002,,19,30,13,4,1,,1,,,,,,,"Thouin, Mark","Dogaroglu, Seckin",,,,,mxt083000,mark thouin,Agile Project Management 
CRIM,4336,0W1,4,31,,4,16,,,6,1,,4,,3,,"Taylor, Robert W","Kanvinde, Vrishali",,,,,rwt092000,robert taylor,Introduction to Terrorism 
FIN,3330,003,11,28,2,8,11,,4,4,,,,,1,,"Chapman, Juliann G","Nguyen, Khiem B",,,,,jgc160130,juliann chapman,Personal Financial Planning 
CS,4341,001,13,14,9,8,13,4,,7,,,1,,,,"Becker, Eric W",,,,,,ewb160130,eric becker,Digital Logic and Computer Design 
NSC,4359,501,13,25,,,28,,,,,,2,,1,,"Rypma, Bart P","Himes, Lyndahl M",,,,,bpr061000,bart rypma,Cognitive Neuroscience 
OPRE,6302,003,,11,18,32,7,,1,,,,,,,,"Janakiraman, Ganesh","Hosseinabadi Farahani, Mehdi",,,,,gxj091000,ganesh janakiraman,Operations Management 
ECS,1100,003,26,15,11,3,3,4,1,,1,,1,,4,,"Edwards, Tanisha N",,,,,,txe120530,,Introduction to Engineering and Computer Science 
HUMA,1301,003,34,9,6,12,6,1,1,1,,,,,,,"Ingrao, Peter J","Alanis Perez, Alan Isaac",,,,,jingrao,peter ingrao,Exploration of the Humanities 
HUMA,1301,004,41,5,8,11,2,2,,1,,,,,,,"Ingrao, Peter J","K. Khiabani, Elham C",,,,,jingrao,peter ingrao,Exploration of the Humanities 
MECH,3360,001,,10,6,4,26,7,4,9,1,,2,,1,,"Gelb, Lev D","Nandagopala Krishnan, Siddartha Srinivasan",,,,,ldg102020,lev gelb,Introduction to Materials Science 
HIST,1301,009,1,8,14,10,14,11,2,4,3,,,1,2,,"Klimchock, Carolee","Ye, Huiping",,,,,cxk180016,carolee klimchock,U S  History Survey to Civil War 
SE,4352,001,2,25,13,6,18,1,1,2,1,,,1,,,"Kumar, Pushpa S","Munia, Munawara Saiyara",,,,,pkumar,pushpa kumar,Software Architecture and Design 
MECH,3350,001,3,11,10,11,10,11,6,4,5,,,,,,"Park, Wooram","Sunny, Sumair F",,,,,wxp103020,wooram park,Kinematics and Dynamics of Mechanical Systems 
PSY,3392,001,4,24,5,12,15,2,4,2,2,,,,1,,"Grant, Meridith G","Terry, Courtney",,,,,mga061000,meridith grant,Research Design and Analysis 
CS,6350,001,,18,31,15,7,,,,,,,,,,"Khan, Latifur R","Tao, Hemeng",,,,,lkhan,latifur khan,Big Data Management and Analytics 
HLTH,3315,001,,1,6,8,15,15,9,6,3,5,1,1,2,,"Byrnes, Kathleen A",,,,,,kab019000,kathleen byrnes,Issues in Patient Education 
DANC,1305,001,13,40,2,3,7,4,,1,,1,,,1,,"Saba, Monica",,,,,,msaba,monica saba,Introduction to World Dance Forms 
CRIM,1307,002,,7,16,23,9,10,4,2,,1,,,1,,"Narvey, Chelsey",,,,,,cxn151330,chelsey narvey,Introduction to Crime and Criminology 
OPRE,6301,003,,41,2,19,6,1,1,1,,,,,2,,"Sethi, Awanti","Vegunta, Sri Mrudula",,,,,asethi,awanti sethi,Statistics and Data Analysis 
CS,6360,005,,19,36,15,3,,,,,,,,,,"Wu, Wei L","Ghosh, Smita",,,,,wxw020100,weili wu,Database Design 
SOC,4385,001,,19,20,8,8,8,2,2,1,1,2,,2,,"Simoni, Zachary","Burger, Charis M",,,,,zrs160030,zachary simoni,Health and Illness in Global and Cross-national Perspective 
SOC,4369,001,4,25,31,9,1,2,2,,,,,,,,"Simoni, Zachary","Burger, Charis M",,,,,zrs160030,zachary simoni,Public Health and Society 
BUAN,6320,002,,9,21,27,11,5,,1,,,,,,,"Scott, James A","Forqandoost Haqiqi, Sina",,,,,jas076100,james scott,Database Foundations for Business Analytics 
BUAN,6320,502,,9,27,22,11,4,,,,,,,1,,"Scott, James A","Forqandoost Haqiqi, Sina",,,,,jas076100,james scott,Database Foundations for Business Analytics 
PSCI,3350,001,7,32,7,3,9,6,5,2,1,,2,,,,"Larue, Patrick","Das, Soham",,,,,pxl111020,patrick larue,Comparative Politics 
OPRE,6371,001,,25,15,24,8,2,,,,,,,,,"Hu, Bin","Garg, Harsh",,,,,bxh180009,bin hu,Purchasing  Sourcing and Contract Management 
OPRE,3310,501,,16,,,28,,,22,,,5,,,,"Kohankie, Robert W","Kumar, Akshay",,,,,rwk130030,robert kohankie,Operations Management 
SOC,4371,001,6,19,26,5,8,6,2,1,,,,,,,"Simoni, Zachary","Burger, Charis M",,,,,zrs160030,zachary simoni,Mental Health and Illness 
CS,4485,002,39,20,7,4,1,2,1,1,,,,,,,"Veerasamy, Jeyakesavan","Razo Razo, Miguel A",,,,,veerasam,jeyakesavan veerasamy,Computer Science Project 
HLTH,3101,0W4,,68,,,4,,,2,,,1,,,,"Sandon, Lona",,,,,,lxs095000,lona sandon,Medical Terminology 
BUAN,6320,001,,27,16,14,7,6,4,1,,,,,,,"Cavusoglu, Huseyin","Sharma, Supriya",,,,,huseyin,huseyin cavusoglu,Database Foundations for Business Analytics 
CS,4384,501,32,15,5,4,6,2,,3,4,1,1,2,,,"Farage, Timothy P","Komaragiri, Vasundhara",,,,,tfarage,timothy farage,Automata Theory 
CS,6301,007,,29,14,19,10,3,,,,,,,,,"Schweitzer, Haim","He, Baokun",,,,,haim,haim schweitzer,Special Topics in Computer Science 
OPRE,6332,001,,52,7,9,3,3,,1,,,,,,,"Ramanathan, Kannan","Wang, Wan-Jung","Zhang, Chen",,,,kxr087000,kannan ramanathan,Spreadsheet Modeling and Analytics 
PHYS,1100,001,,,,,,,,,,,,,,,"Lary, David J",,,,,,djl101000,david lary,The Fun of Physics 
CS,4341,502,16,6,10,7,10,10,,14,,,,,2,,"Becker, Eric W","Shah, Trusit Sandipbhai",,,,,ewb160130,eric becker,Digital Logic and Computer Design 
MECH,3350,501,,17,,9,17,13,8,5,5,,1,,1,,"Park, Wooram","Sunny, Sumair F",,,,,wxp103020,wooram park,Kinematics and Dynamics of Mechanical Systems 
CS,2305,003,13,18,8,7,1,3,5,4,5,2,1,,9,,"Willson, James K",,,,,,jkw053000,james willson,Discrete Mathematics for Computing I 
OPRE,6379,501,,23,26,11,6,7,,3,,,,,,,"Rajamani, Divakar","Meng, Qingtao",,,,,dxr020100,divakar rajamani,Product Lifecycle Management 
CS,6375,502,,41,24,13,,,,,,,,,,,"Nagar, Anurag","Lin, Yu",,,,,axn112530,anurag nagar,Machine Learning 
CS,5343,002,,28,17,3,18,4,2,4,,,,,2,,"Gupta, Neeraj K","Zhao, Zheheng",,,,,nkg140130,neeraj gupta,Algorithm Analysis and Data Structures 
CS,5348,001,,32,9,9,20,7,,1,,,,,,,"Venkatesan, Subbarayan","Karki, Dipendra",,,,,venky,subbarayan venkatesan,Operating Systems Concepts 
OPRE,6301,002,,33,5,21,10,4,2,3,,,,,,,"Brussolo, Monica E","Zangeneh Madar, Zeinab",,,,,meb049000,monica brussolo,Statistics and Data Analysis 
MECH,3315,002,4,3,10,3,4,14,12,12,5,4,3,1,4,,"Iungo, Giacomo Valerio","Puccioni, Matteo",,,,,ixg140830,giacomo iungo,Fluid Mechanics 
OPRE,3360,009,7,23,,21,25,,,1,,,2,,,,"Qi, Anyan","Chen, Jiayu",,,,,axq140430,anyan qi,Managerial Methods in Decision Making Under Uncertainty 
OPRE,6301,502,,28,22,15,7,4,3,,,,,,,,"Leach, Sonia E","Hosseinabadi Farahani, Mehdi",,,,,sel120030,sonia leach,Statistics and Data Analysis 
OPRE,3360,008,6,26,,20,25,,,2,,,1,,,,"Qi, Anyan","Chen, Jiayu",,,,,axq140430,anyan qi,Managerial Methods in Decision Making Under Uncertainty 
CS,5343,001,,51,16,8,3,2,,,,,,,1,,"Ozbirn, Greg A","Fang, Zhou",,,,,ozbirn,greg ozbirn,Algorithm Analysis and Data Structures 
CS,4485,001,38,22,12,2,3,2,,1,,,1,,,,"Razo Razo, Miguel A","Veerasamy, Jeyakesavan",,,,,mrazora,miguel razo,Computer Science Project 
CS,5333,501,,13,17,16,17,16,,2,,,,,,,"Chin, Wei-Pang",,,,,,wxc180013,wei pang chin,Discrete Structures 
COMD,6308,001,,51,,,28,,,2,,,,,,,"Dollaghan, Christine","Hiebert, Lindsey A",,,,,cxd062000,,Assessment and Intervention of Language Impairments in Preschool and School-Age Children 
HIST,1301,006,,6,8,4,14,8,5,16,7,7,1,3,7,,"Johnson, Yvonne","Goldmann, Kerry",,,,,yxj172130,yvonne johnson,U S  History Survey to Civil War 
SOC,4386,0W1,42,18,11,5,2,,1,,2,,,3,4,,"Maxwell, Sarah P",,,,,,spm092000,sarah maxwell,Social Policy in Modern Societies 
CRIM,4396,0W1,20,22,16,2,6,5,2,5,,,3,,7,,"Polk, Elmer O","Yim, Haneul",,,,,peo091000,elmer polk,Selected Topics in Criminology 
HIST,1301,008,8,37,6,16,4,,2,2,2,1,3,,8,,"Pettengill, Ryan S","Mei, Kehan",,,,,rsp120030,ryan pettengill,U S  History Survey to Civil War 
CS,5333,001,,24,11,11,33,10,,1,,,,,,,"Cobb, Jorge",,,,,,jcobb,jorge cobb,Discrete Structures 
SE,3306,001,11,21,5,5,16,4,6,11,4,4,,,3,,"Farage, Timothy P",,,,,,tfarage,timothy farage,Mathematical Foundations of Software Engineering 
BLAW,2301,001,,15,11,7,9,9,7,7,9,,3,,13,,"Betanzos, Christina L","Keogh, Reagan D",,,,,clb120030,christina betanzos,Business and Public Law 
LIT,3316,501,5,12,12,25,22,4,3,2,1,,1,,3,,"Starnaman, Sabrina","Alhashmi, Rawad Y",,,,,sxs090100,sabrina starnaman,The Literature of Science Fiction 
COMD,6320,001,,87,2,1,1,,,,,,,,,,"Aldridge, Michelle A","Kenedi, Helen",,,,,aldridge,michelle aldridge,Motor Speech Disorders 
COMD,6377,001,,84,,,7,,,,,,,,,,"Kenedi, Helen","Sale, Felicity F",,,,,kenedi,,Neurogenic Communication Disorders I 
NATS,1311,001,20,11,12,7,8,9,8,11,3,,2,,2,,"Hairston, Marc R",,,,,,hairston,marc hairston,The Universe  and Everything Else 
NSC,4V90,002,,82,9,2,,1,,,,,,,,,"Moller, Aage R","Brougher, Jackson J",,,,,amoller,aage moller,Special Topics in Neuroscience 
PSY,3331,501,,22,9,9,12,6,8,12,2,2,4,,8,,"Shirvani, Forouz","Parsons, Julie A",,,,,fxk024000,forouz shirvani,Social Psychology 
OPRE,3330,001,4,15,13,16,18,13,5,4,2,1,,,4,,"Alborz, Shawn",,,,,,sxa063000,shawn alborz,Project Management 
NSC,4356,001,,54,,,28,,,13,,,,,,,"Sultana, Rukhsana","Abdelkarim, Dema H",,,,,rxs170431,rukhsana sultana,Neurophysiology 
SOC,1301,001,5,27,15,15,5,8,10,5,2,1,1,,1,,"Cohen, Galia",,,,,,gxc097120,galia cohen,Introduction to Sociology 
SPAU,4394,001,10,46,,8,23,,,6,,,1,,2,,"Kaplan, Karen",,,,,,kkaplan,karen kaplan,Multicultural Aspects of Communication Disorders 
MAS,6102,005,,,,,,,,,,,,,2,,"Brookshire, Susan",,,,,,sxb170130,,Professional Development 
PSY,3310,501,,33,16,12,15,11,2,3,2,3,,,1,,"Bonner, Deborah L","Poudel, Sonali",,,,,dbonner,deborah bonner,Child Development 
ECS,3361,003,8,25,23,23,11,4,4,2,,,,,,,"Mezenner, Rabah",,,,,,rxm129730,rabah mezenner,Social Issues and Ethics in Computer Science and Engineering 
ECS,3361,002,14,39,17,14,10,4,1,1,,,,,,,"Mezenner, Rabah",,,,,,rxm129730,rabah mezenner,Social Issues and Ethics in Computer Science and Engineering 
MAS,6102,001,,,,,,,,,,,,,2,,"Brookshire, Susan",,,,,,sxb170130,,Professional Development 
HLTH,3300,001,,5,26,22,18,19,10,4,3,4,2,,2,,"Byrnes, Kathleen A",,,,,,kab019000,kathleen byrnes,Pre-Health Professional Development 
CHEM,3321,001,5,18,4,14,19,11,17,15,3,3,4,2,4,,"Nielsen, Steven","Ranathunga, Dineli T",,,,,son051000,steven nielsen,Physical Chemistry I 
BIOL,3318,001,43,33,20,13,4,5,,1,1,,,,,,"Henson, Uyen N",,,,,,unh130030,uyen henson,Forensic Biology 
BIOL,3302,002,,41,,18,23,24,7,3,3,,2,,,,"Delk, Nikki A","Kim, Jung-Whan","Dahl, Haley C","Thomas-Jardin, Shayna E","Gerold, Haleigh",,nad140230,nikki delk,Eukaryotic Molecular and Cell Biology 
COMD,6221,001,,123,,,3,,,,,,,,,,"Lougeay, Janice",,,,,,lougeay,,Voice Disorders 
PSY,4328,501,19,46,22,15,14,9,2,,1,1,,,1,,"Hafer, Donald G",,,,,,haferd,donald hafer,Health Psychology 
BIOL,3362,001,9,13,7,15,22,12,22,14,7,6,5,3,3,,"Dejong, Jeff L","Candas, Mehmet","McDill, Parker M","Ambagaspitiye Gedara, Sankalya S","Soladogun, Adedamola S",,dejong,jeff dejong,Biochemistry II 
ATCM,2305,001,45,37,21,11,10,12,4,1,3,1,1,1,5,,"McCord, Peter A","Nguyen, Tuoc K",,,,,pam062000,peter mccord,Computer Animation Processes 
MECH,1100,001,14,60,61,37,30,7,2,3,1,1,3,,9,,"Fadda, Dani Z","Rios, Oziel","Bay, Joel T","Levy, Emily T",,,dzf091000,dani fadda,Introduction to Mechanical Engineering I 
GOVT,2305,004,19,50,48,27,24,31,20,18,19,10,8,5,19,,"Lowe, Evan","Zengin, Abdullah Furkan","Gutierrez Mannix, Carlos Daniel","Mutesi, Mireille",,,exl171930,evan lowe,American National Government 
LIT,2341,001,,6,1,,1,,,,,,,,1,1,"Tehan, Terin J",,,,,,txt125430,terin tehan,Literary Analysis 
LIT,3337,501,,,5,2,1,,,,,,,,1,1,"Greer, Erin",,,,,,exg180013,erin greer,Comparisons 
SE,4348,001,1,1,,,1,1,2,1,,1,1,,,1,"Ozbirn, Greg A","Eltigani Osman Abaker, Mohamedelfatih",,,,,ozbirn,greg ozbirn,Operating Systems Concepts 
SYSM,6318,SS1,,4,,,3,,,2,,,,,,1,"Biswas, Abhijit","Mostafa, Ahmed H","Kumar, Sumeet","Jameei Osgouei, Ata",,,axb019100,abhijit biswas,
ACTS,6301,501,,4,1,1,2,1,,,,,,,,1,"Lu, Wenyi",,,,,,wxl153330,wenyi lu,Theory of Actuarial Models  Life Contingencies I 
HUAS,6394,501,,8,,,,,,,,,,,,1,"Curchack, Fred",,,,,,curchack,fred curchack,Creativity  Performance 
ENTP,6398,501,,5,,4,,,,,,,,,,1,"Shah, Rajiv",,,,,,rxs079000,rajiv shah,The Entrepreneurial Experience 
NSC,4366,002,1,1,,,,1,,1,1,,2,,3,1,"Taylor, Anna M",,,,,,amt180004,anna taylor,Neuroanatomy 
MUSI,2328,001,,3,1,1,1,,,,1,,,2,1,1,"Mcvay, Michael",,,,,,mjm031000,michael mcvay,Music Theory I 
MATH,5301,501,,5,2,1,2,,,,,,,,,1,"Makarenkov, Oleg",,,,,,oxm130230,oleg makarenkov,Elementary Analysis I 
PHYS,2125,121,,4,2,3,,1,,,,,,,,1,"Sun, Kuei","Dhawan, Ruchika",,,,,kxs147030,kuei sun,Physics Laboratory I 
ATCM,4308,001,,7,1,,,1,,1,,,,,,1,"Farrar, Eric T",,,,,,etf091000,eric farrar,Rigging II 
EE,3110,105,5,1,,2,,,,,1,,,,1,1,"Lee, Jeong-Bong","Choi, Ye I",,,,,jblee,jeong bong lee,Electronic Devices Laboratory 
ED,4357,501,,2,,1,,1,,3,1,,2,,,1,"Chandler, Candice",,,,,,cxc031000,candice chandler,Diagnostic Reading 
GEOS,1304,001,,2,3,3,,,,1,1,,,,,1,"Pujana, Ignacio","Allen Langhans, April D","Graham, David P",,,,pujana,ignacio pujana,History of Earth and Life 
NATS,4390,001,1,2,1,2,2,,,1,,,,,1,1,"Taylor, Stephanie M","Hajeri, Vinita","Dozier, Preston D","Gallardo, Johnny","Stuart, Georgia K","Kelly, Mary Lena U",smt031000,stephanie taylor,Research Methods 
HUHI,6313,501,,2,4,4,1,,,,,,,,,1,"Wilson, Michael",,,,,,mwilson,michael wilson,Thought  Culture  and Society in Europe 
ACN,6368,001,,8,,,3,,,,,,,,,1,"Maguire, Mandy",,,,,,mjm053000,mandy maguire,Language Development 
SE,3377,001,,2,1,,4,2,,,,,1,,1,1,"Simmons, Christopher S","Ayhan, Sadi",,,,,css180002,christopher simmons,C C  Programming in a UNIX Environment 
GST,3301,001,1,3,1,1,,1,1,,,,1,,2,1,"Prager, Karen","Spence, Melanie","Holub, Shayla C",,,,kprager,karen prager,Psychology of Gender 
GEOS,3421,001,,,1,4,2,2,1,,1,,,,,1,"Griffin, William R","Hetti Pathirannehelage, Diluni Ayeshika W",,,,,griffin,william griffin,Stratigraphy and Sedimentology 
ATCM,4379,001,1,2,,5,,3,,,,,,,,1,"Lewis, Timothy M",,,,,,tml062000,timothy lewis,Topics in Games 
ACTS,6306,501,,5,2,2,1,,1,,,,,,,1,"Koshevnik, Yuly",,,,,,yxk055000,yuly koshevnik,Advanced Actuarial Applications 
ATCM,4346,001,,6,4,,,,,,,,,,1,1,"Marks, David E",,,,,,dem160430,david marks,Audio Productions Lab II 
CLDP,2314,001,,5,1,,2,,1,,1,,,,1,1,"Santrock, John W","Ralph, Yvonne K",,,,,santrock,john santrock,Lifespan Development 
BMEN,3120,109,2,1,3,2,2,,,,,,,,1,1,"Winter, Patrick M","Lam, Kevin Hao Su","Atmaramani, Rahul","Abbott, Justin","Ganguly, Antra",,pxw151030,patrick winter,Biomedical Circuits and Instrumentation Laboratory 
SE,3341,003,,1,2,,2,,,1,1,,2,1,1,1,"Whalen, Tristan G","Jiang, Tian",,,,,tgw100020,tristan whalen,Probability and Statistics in Computer Science and Software Engineering 
REAL,3305,002,1,1,1,,6,,,1,,,1,,,1,"Guttery, Randall","Zhao, Yabo",,,,,rxg112530,randall guttery,Real Estate Principles 
ACTS,6304,501,,2,3,2,3,1,,,,,,,,1,"Lu, Wenyi",,,,,,wxl153330,wenyi lu,Construction and Evaluation of Actuarial Models I 
HIST,2340,001,1,3,4,2,1,,,,,,,,,1,"Admiral, Rosemary",,,,,,rxa170011,rosemary admiral,Middle East History 
MSEN,6340,001,,4,8,,,,,,,,,,,1,"Kim, Moon J",,,,,,mjk034000,,Introduction to Electron Microscopy 
BIS,4306,0W2,2,1,5,1,1,1,,,,,,,1,1,"Simpson, Carrie M",,,,,,cms131030,carrie simpson,Strategies for Diversity in Education 
ARTS,2315,001,2,10,,,,,,,,,,,,1,"Brown-Pearn, Spencer S",,,,,,ssb062000,spencer brown pearn,Topics in Visual Art 
MIS,6319,0W1,,6,,,6,,,,,,,,,1,"Thompson, Luell O",,,,,,lot013000,luell thompson,Enterprise Resource Planning 
AUD,6303,001,,7,2,,3,,,,,,,,,1,"Lobarinas, Edward",,,,,,exl152130,,Hearing Science 
AUD,6305,001,,8,2,1,1,,,,,,,,,1,"Le Prell, Colleen G",,,,,,cgl150030,,Anatomy and Physiology of Audition 
AUD,6310,001,,2,6,3,,,1,,,,,,,1,"Roeser, Ross J",,,,,,roeser,,Advanced Clinical Audiology 
GISC,7363,0W1,,8,3,1,,,,,,,,,,1,"Qiu, Fang","Shi, Fan",,,,,ffqiu,fang qiu,Internet Mapping and Information Processing 
GEOS,1104,101,,5,2,1,,,1,2,,,,,1,1,"Pujana, Ignacio","Landreneau, Lauren A","Rao, Astha",,,,pujana,ignacio pujana,History of Earth and Life Laboratory 
ARAB,1312,001,5,8,,,,,,,,,,,,1,"Anjum, Zafar",,,,,,zxa110730,zafar anjum,Beginning Arabic II 
ATCM,6377,501,,10,2,,1,,,,,,,,,1,"Burrough, Xtine",,,,,,cxb153930,xtine burrough,Creativity as Social Practice 
PSYC,6327,001,,10,,3,,,,,,,,,,1,"Ackerman, Robert A",,,,,,raa110030,robert ackerman,Personality 
BMEN,3130,101,,9,2,,1,,,,,,,,1,1,"Bian, Fang","Shihabeddin, Tarik",,,,,fxb180003,,Engineering Physiology Laboratory 
CE,3302,002,,2,2,1,1,1,1,1,2,,,,2,1,"Busso Recabarren, Carlos A","Qiu, Yuning",,,,,cxb093000,carlos busso,Signals and Systems 
CS,4141,112,12,,,,,,1,,,,,,,1,"Becker, Eric W","Shah, Trusit Sandipbhai","Adebiyi, Abdulmateen A",,,,ewb160130,eric becker,Digital Systems Laboratory 
GEOS,4430,001,2,5,1,1,3,,1,,,,,,,1,"Brikowski, Tom","Nichols, Naomi Ty Asha P","Peiris, Inoka M","Sink, Katharine O",,,brikowi,tom brikowski,Hydrogeology and Aqueous Geochemistry 
CRWT,2301,002,,3,5,2,,1,,,1,,,,1,1,"DiNuzzo, Brian",,,,,,bxd141330,brian dinuzzo,Introductory Creative Writing 
MKT,6323,001,,8,,,5,,,,,,,,,1,"Kumar, Nanda","Subramanian, Thyagarajan",,,,,nkumar,nanda kumar,Database Marketing 
DANC,2331,501,4,5,,,2,,,,,1,,,1,1,"Johnson, Melissa A",,,,,,maj140430,melissa johnson,Dance Technique 1 
ARTS,3371,001,,3,7,,,,1,,1,,,,1,1,"Miller, Cynthia M",,,,,,cmm016900,cynthia miller,Photography  Black White 
CS,6385,001,,8,,5,,,,,,,,,,1,"Farago, Andras","Ghosh, Smita",,,,,farago,andras farago,Algorithmic Aspects of Telecommunication Networks 
ARTS,3371,002,1,4,4,1,1,1,,,,,,,1,1,"Durant, Stephanie D",,,,,,ddm043000,,Photography  Black White 
FIN,6318,001,,4,3,2,2,2,,,,,,,,1,"Xu, Yexiao","Kim, Sang Hyun",,,,,yexiaoxu,yexiao xu,Analytics of Finance 
SE,4348,003,,1,1,3,1,1,,2,,1,1,,2,1,"Alagar, Sridhar","Lu, Jiashuai",,,,,sxa173731,sridhar alagar,Operating Systems Concepts 
FIN,7335,001,,4,8,1,,,,,,,,,,1,"Li, Jun",,,,,,jxl128031,jun li,Topics in Empirical Asset Pricing 
FIN,7345,001,,8,2,1,2,,,,,,,,,1,"Wei, Kelsey D",,,,,,kdw061000,kelsey wei,Topics in Empirical Corporate Finance 
SE,4348,501,,2,1,4,,1,1,2,1,,,,,1,"Ozbirn, Greg A","Mi, Feng",,,,,ozbirn,greg ozbirn,Operating Systems Concepts 
CE,3102,104,,12,,,1,,,,,,,,,1,"Hu, Yang","Wang, Jianda","Wei, Haoran","Bo, Yu",,,yxh177430,yang hu,Signals and Systems Laboratory 
MECH,4381,001,,6,5,3,,,,,,,,,,1,"Hart, Robert A","Gravell, Jamie D","Fadda, Dani Z",,,,rxh124630,robert hart,Senior Design Project I 
MSEN,6319,001,,2,2,4,2,2,,2,,,,,,1,"Wallace, Robert M",,,,,,rmw031000,robert wallace,Quantum Mechanics for Materials Scientists 
ED,3380,501,3,7,1,1,,2,,,,,,,,1,"Hart, Nicola",,,,,,nxh171730,nicola hart,Curriculum and Instruction in English 
IMS,4330,501,,7,1,5,1,,,,,,,,,1,"Zydorek, Hubert",,,,,,hxz120930,hubert zydorek,Global Human Resource Management 
ATCM,3370,002,2,2,4,3,1,,,1,,,,,1,1,"Lewis, Timothy M",,,,,,tml062000,timothy lewis,Virtual Environments 
ENVR,2302,001,2,1,3,1,2,1,,1,,1,,,2,1,"Cummings, Anthony R","Liau, Yan-Ting",,,,,arc131030,anthony cummings,The Global Environment  (3 Semester Credit Hours)
BMEN,3370,002,1,2,3,1,2,1,,3,1,,,,,1,"Brown, Katherine G","Ozdemir, Ipek",,,,,kgb170130,,Digital Circuits 
MATH,7313,501,,10,,,3,1,,,,,,,,1,"Pereira, Luis Felipe F",,,,,,lfp140030,luis pereira,Partial Differential Equations I 
MIS,6369,0W1,,5,,,9,,,,,,,,,1,"Deluke, Eugene","Gaglani, Kajal M",,,,,gxd052000,eugene deluke,Supply Chain Software 
PA,6399,501,,14,,,,,,,,,,,,1,"McCaskill, John R",,,,,,jrm094020,john mccaskill,Capstone in Public Affairs 
IMS,6304,001,,2,5,5,1,1,,,,,,,,1,"Woldu, Habte G","Dakshinamoorthy, Sowmika",,,,,wolduh,habte woldu,International Business Management 
ATCM,6000,001,,,,,,,,,,,,,,1,"Balsamo, Anne",,,,,,axb161831,anne balsamo,ATEC Dean s Colloquium 
MUSI,2315,001,,13,,,2,,,,,,,,,1,"Hodan, Daniel M",,,,,,dmh017000,daniel hodan,Guitar I 
SPAN,1312,001,1,1,8,1,1,1,,,,,1,,1,1,"Gonzalez, Cristina M",,,,,,cxg042000,cristina gonzalez,Beginning Spanish II 
ECON,6305,501,,11,,2,1,,,1,,,,,,1,"O'Brien, Daniel M",,,,,,obri,daniel obrien,Mathematical Economics 
MATH,3323,001,3,2,2,,1,3,1,1,,,,1,1,1,"Stanford, Paul H",,,,,,phs031000,paul stanford,Elementary Number Theory 
PSY,4377,001,2,4,4,3,,,,,1,,,,1,1,"Stilwell, John Q",,,,,,stilwell,john stilwell,Conflict Resolution 
ATCM,6300,001,,7,4,2,2,,,,,,,,,1,"Knight, Kim A",,,,,,kak102020,kim knight,Approaches to Arts  Technology  and Emerging Communication 
PSY,3393,004,,1,4,2,3,1,,1,,,,,3,1,"Shirvani, Forouz",,,,,,fxk024000,forouz shirvani,Experimental Projects in Psychology 
HONS,3199,HN7,8,2,4,1,,,,,,,,,,1,"Duquaine-Watson, Jill M",,,,,,jmw087000,jillian duquaine watson,Collegium V Honors Readings 
BPS,6256,XS1,,2,5,5,3,,,,,,,,,1,"Solomon, Lawrence N",,,,,,,lawrence solomon,
BPS,6310,XS1,,9,,,6,,,,,,,,,1,"Peng, Mike",,,,,,mxp059000,mike peng,
BPS,6254,XS1,,6,,3,6,,,,,,,,,1,"Strickland, Warren",,,,,,,warren strickland,
FIN,6253,XS1,,8,3,4,,,,,,,,,,1,"Nanda, Vikram K",,,,,,vkn150030,vikram nanda,
ARTS,3311,001,3,1,,2,2,2,,3,2,,,,1,1,"Copeland, Colette",,,,,,cxc132230,colette copeland,Contemporary Art Practices 
MUSI,3185,001,,13,3,,,,,,,,,,,1,"Palant, Jonathan",,,,,,jxp170230,jonathan palant,Chamber Singers I 
BMEN,4110,107,3,4,1,1,2,1,,4,,,,,,1,"Ardestani Khoubrouy, Soudeh","Abraham, Alejandro",,,,,sxa074200,soudeh khoubrouy,Biomedical Feedback Systems Laboratory 
MECH,3120,105,12,3,1,,,,,,,,,,,1,"Hassanipour, Fatemeh","Liu, Yaning",,,,,fxh091000,fatemeh hassanipour,Heat Transfer Laboratory 
GEOS,2306,001,,7,,,5,,,2,,,,,2,1,"Shilpakar, Prabin","Mueller, Nicholas J",,,,,pxs077000,prabin shilpakar,Essentials of Field Geologic Methods 
SPAN,1312,002,1,3,4,4,3,,,,,,,1,,1,"Gonzalez, Cristina M",,,,,,cxg042000,cristina gonzalez,Beginning Spanish II 
CE,2336,503,2,7,1,1,3,1,,,1,,,,,1,"Debroy, Vidroha",,,,,,vxd024000,vidroha debroy,Computer Science II 
SYSM,6304,001,,13,3,,,,,,,,,,,1,"Minden, Alixandre R",,,,,,arm130430,minden alixandre,Risk and Decision Analysis 
ACCT,6332,001,,7,,,5,,,3,,,,,1,1,"Zolton, Kathy","Memon, Sana R",,,,,kxz121730,kathy zolton,Intermediate Financial Accounting II 
BCOM,3310,001,,3,7,,2,2,,,1,1,,,,1,"McCrady, Victoria D","Ogunjobi, Olufunke A",,,,,vdm130030,victoria mccrady,Business Communication 
MUSI,2315,002,13,,,,,,,,,,,,3,1,"Wilder, James E",,,,,,jew042000,james wilder,Guitar I 
ECS,3390,507,4,4,1,2,2,,,2,1,,,,,1,"Scally, Deborah A",,,,,,das,deborah scally,Professional and Technical Communication 
ATCM,4367,001,,1,8,2,1,1,,,,,,1,2,1,"Christopher, Daedra",,,,,,dxe093020,daedra christopher,Level Design II 
CE,2305,504,1,4,,2,1,1,3,2,,,,2,,1,"Soncodi, Adrian C",,,,,,acs151130,adrian soncodi,Discrete Mathematics for Computing I 
MSEN,5310,001,,3,2,5,3,2,,1,,,,,,1,"Hsu, Julia",,,,,,jxh101000,julia hsu,Thermodynamics of Materials 
IMS,3V92,091,10,3,,,,,,,,,,,1,1,"Carraher, Shawn M",,,,,,smc130730,shawn carraher,Regional Management Area Studies  Western Europe 
PHIL,4322,501,6,4,,1,1,,,,,1,1,1,1,1,"Amato, Lawrence A",,,,,,laa062000,lawrence amato,Philosophical Traditions II 
JAPN,3311,501,,2,3,2,2,1,,2,1,2,1,,1,1,"Kroska, Nami",,,,,,nxk167330,nami kroska,Advanced Japanese I 
BMEN,1100,105,2,3,4,2,4,,,,,1,,,1,1,"Myers, Kathleen","Jha, Sauraj",,,,,kxm156530,kathleen myers,Introduction to Bioengineering I 
EEMF,6319,501,,9,7,1,,,,,,,,,,1,"Frensley, William",,,,,,frensley,william frensley,Quantum Physical Electronics 
ENTP,4360,001,,,,2,12,,2,,,,,,1,1,"Wright, Robert G",,,,,,rgw091000,robert wright,Innovation and Creativity 
ARTS,3372,002,,10,,,7,,,,,,,,,1,"Rushing, Rachel",,,,,,rxr180038,,Photography  Color Concepts 
ARTS,2380,001,4,4,4,1,3,,1,,,,,,,1,"Egan, Trey T",,,,,,tte150130,trey egan,Visual Design Foundations 
ARTS,1316,501,,4,,1,12,,,,,,,,,1,"Lacy, Mary E",,,,,,mel024000,mary lacy,Drawing Foundations 
GEOS,1103,101,2,4,2,1,,2,1,1,,,2,,2,1,"Griffin, William R",,,,,,griffin,william griffin,Physical Geology Laboratory 
AP,3340,002,,12,,1,,2,,,,,1,,1,1,"Goode, Dianne H",,,,,,dgoode,dianne goode,Writing in the Arts 
ARTS,3368,001,4,10,,2,1,,,,,,,,,1,"Lapthisophon, Stephen M",,,,,,sxl043100,stephen lapthisophon,Mixed Media 
PPPE,6310,501,,1,4,6,5,1,,,,,,,,1,"Fass, Simon",,,,,,fass,simon fass,Research Design I 
GST,3302,001,,3,4,4,1,2,,,,,1,,2,1,"Jakobsson, Pia K",,,,,,pkj010100,pia jakobsson,Gender in Western Thought 
ECS,3390,014,2,5,2,,,1,3,4,,,,,,1,"King, Carie S",,,,,,cxl085200,carie king,Professional and Technical Communication 
ARTS,1316,006,4,5,4,,1,1,1,1,,,,,1,1,"Booker, Rebecca M",,,,,,pdb041000,,Drawing Foundations 
FREN,1311,001,,16,,,,,,1,,,,,1,1,"Fettouh, Maha K",,,,,,mkf101020,maha fettouh,Beginning French I 
PSY,4386,001,,4,4,4,3,,1,1,,,,,1,1,"Drew, Linda M",,,,,,lmd102020,linda drew,Adult Development and Aging 
ECS,3390,009,,11,2,2,1,1,,1,,,,,,1,"Glauser, Janece B",,,,,,jbg130030,janece glauser,Professional and Technical Communication 
SE,4367,501,2,1,5,,2,3,1,1,,,,1,2,1,"Zhang, Lingming","Benton, Samuel D",,,,,lxz144130,lingming zhang,Software Testing  Verification  Validation and Quality Assurance 
ATCM,4319,001,5,2,3,1,1,1,2,2,,,1,,,1,"Salter, Monika",,,,,,mxs176131,monika salter,Topics in Animation 
EE,3150,101,,4,2,,2,7,,2,1,,,,,1,"Kiasaleh, Kamran","Apalak, Merve",,,,,kamran,kamran kiasaleh,Communications Systems Laboratory 
OPRE,4320,001,1,2,1,3,5,3,3,,,,,,,1,"Subramoniam, Ramesh","Gaglani, Kajal M",,,,,rxs179630,ramesh subramoniam,Integrated SCM Information Systems 
BIOL,3320,001,4,1,5,2,4,2,,,,,,,,1,"Hajeri, Vinita","Dozier, Preston D",,,,,vxh151030,vinita hajeri,Applied Genetics 
RHET,1302,026,3,10,3,,,,,,,,,,2,1,"Sengupta, Karl",,,,,,kss140330,karl sengupta,Rhetoric 
CS,6301,009,,18,,,,,,,,,,,,1,"Thuraisingham, Bhavani","Belavadi, Vibha Chandramouli",,,,,bxt043000,bhavani thuraisingham,Special Topics in Computer Science 
ARTS,1316,005,,5,4,6,1,2,,,,,,,,1,"Mazurek, Michael R",,,,,,mrm141130,michael mazurek,Drawing Foundations 
HUSL,6330,001,,13,3,1,1,,,,,,,,,1,"Towner, Theresa",,,,,,tmtowner,theresa towner,Studies in Literature and the Other Arts 
RHET,1302,022,2,3,3,3,1,4,,1,,,,1,,1,"Wright, Adam M",,,,,,amw140430,adam wright,Rhetoric 
BMEN,1100,103,3,3,3,2,4,,1,1,,,,,1,1,"Hayenga, Heather N","Qin, Zhiyang",,,,,hnh130330,heather hayenga,Introduction to Bioengineering I 
ECS,3390,010,1,4,4,,2,1,2,1,1,1,1,,,1,"King, Carie S",,,,,,cxl085200,carie king,Professional and Technical Communication 
ECS,3390,012,,9,3,2,2,2,,,,,,,,1,"Moore, Lindsay E",,,,,,lem150330,lindsay moore,Professional and Technical Communication 
OPRE,6302,GH1,,1,13,2,2,,,,,,,,,1,"Hassanzadeh, Nozar",,,,,,nozarh,nozar hassanzadeh,
CHEM,2401,003,1,2,1,2,1,2,2,1,,,1,,5,1,"Sra, Amandeep K","Brohlin, Olivia R",,,,,aks057000,amandeep sra,Introductory Quantitative Methods in Chemistry 
CS,4141,106,8,7,3,,,,,,,,1,,,1,"Becker, Eric W","Shah, Trusit Sandipbhai","Adebiyi, Abdulmateen A",,,,ewb160130,eric becker,Digital Systems Laboratory 
ECON,6306,501,,11,4,,4,,,,,,,,,1,"Grover, William C",,,,,,wcg071000,william grover,Applied Econometrics 
ECON,7309,001,,7,4,3,5,,,,,,,,,1,"Li, Dong","Hou, Aoyu",,,,,dxl145430,dong li,Econometrics II 
BIS,4306,0W1,1,4,5,1,,3,1,,,,,1,3,1,"Simpson, Carrie M",,,,,,cms131030,carrie simpson,Strategies for Diversity in Education 
MATH,2333,002,3,2,4,1,1,,1,1,4,,,,2,1,"Martynova, Irina",,,,,,ixm140930,irina martynova,Matrices  Vectors  and Their Application 
MECH,3120,107,10,8,1,,,,,,,,,,,1,"Hassanipour, Fatemeh","LeClear, Sani",,,,,fxh091000,fatemeh hassanipour,Heat Transfer Laboratory 
GEOG,3382,501,3,6,4,1,2,1,,1,,,,,1,1,"Vakulenko, Irina","Chen, Meifang",,,,,iav081000,irina vakulenko,Russia  Yesterday  Today  and Tomorrow 
MIS,6356,002,,11,5,1,2,,,,,,,,,1,"Chatterjee, Sourav","Gupta, Aabhas",,,,,sxc180075,sourav chatterjee,Business Analytics With R 
ATCM,3335,001,1,4,4,3,1,2,1,,,,2,,1,1,"Kane, Simon A",,,,,,sak043000,simon kane,Internet Studio II 
ACN,6395,001,,13,,,5,,,1,,,,,,1,"Filbey, Francesca M",,,,,,fxf013100,francesca filbey,Cognitive Psychology 
BPS,6360,501,,18,,,1,,,,,,,,,1,"Hicks, Jeffrey N","Ravindran, Manojraj",,,,,jnh061000,jeffrey hicks,Management and Organizational Consulting  Theory and Practice 
MIS,6316,0W1,,7,3,4,3,,1,1,,,,,,1,"Menon, Syam","Bansal, Swati",,,,,sxm021300,syam menon,Data Communications 
CHEM,1112,106,,11,4,2,,,,,,,1,,1,1,"Qin, Yanping","Zhang, Naifu",,,,,yxq083000,yanping qin,General Chemistry Laboratory II 
ACN,6330,001,,7,5,4,3,,,,,,,,,1,"O'Toole, Alice J",,,,,,otoole,alice otoole,Cognitive Science 
BMEN,3315,001,,1,1,2,4,3,2,1,2,,1,,2,1,"Levene, Stephen","Gerami Fard, Negar",,,,,sdlevene,stephen levene,Thermodynamics and Physical Chemistry in Biomedical Engineering 
CS,4141,108,18,,1,,,,,,,,,,,1,"Becker, Eric W","Shah, Trusit Sandipbhai","Adebiyi, Abdulmateen A",,,,ewb160130,eric becker,Digital Systems Laboratory 
ED,4361,501,5,11,1,1,,1,,,,,,,,1,"Pollock, Laurie L",,,,,,lly062000,laurie youngblood pollock,Classroom Management Secondary 
CHEM,2401,002,1,6,1,4,2,1,3,1,,,,,,1,"Pantano, Paul",,,,,,pantano,paul pantano,Introductory Quantitative Methods in Chemistry 
LIT,1301,501,,7,,,6,,,5,,,1,,,1,"Walsh, Dennis P",,,,,,dpw031000,dennis walsh,Introduction to Literature 
RHET,1302,014,,8,8,,2,1,1,,,,,,,1,"Aljararwa, Rasha",,,,,,rxa150230,rasha aljararwa,Rhetoric 
MECH,3105,103,4,9,3,,2,,,,1,,,,1,1,"Rios, Oziel","Sadeh, Sepehr",,,,,oxr106020,oziel rios,Computer Aided Design Laboratory 
MKT,4350,001,3,2,2,2,6,2,2,1,,,,,,1,"Biswas, Abhijit","Kumar, Sumeet","Mostafa, Ahmed H","Jameei Osgouei, Ata",,,axb019100,abhijit biswas,Advertising 
RHET,1302,008,,3,7,6,,1,1,,1,,,,1,1,"Johnson, Kevin W",,,,,,kwj170030,kevin johnson,Rhetoric 
EERF,6394,001,,5,3,12,,,,,,,,,,1,"Blanchard, Andrew",,,,,,ablanch,,Antenna Engineering and Wave Propagation 
RHET,1302,0H8,4,6,3,2,1,,1,2,,,,,1,1,"Riley, Kristin N",,,,,,knr091000,kristin riley,Rhetoric 
OBHR,3310,5E1,1,9,2,1,2,2,,1,,,1,,1,1,"Ritchey, Kemberly A",,,,,,kar014400,kemberly ritchey,Organizational Behavior 
ACCT,6336,001,,8,6,3,2,1,,,,,,,,1,"Mauriello, Joseph A","Braughton, Caleb M",,,,,jam151430,joseph mauriello,Information Technology Audit and Risk Management 
OPRE,6377,501,,9,5,4,1,1,,,,,,,,1,"Cakanyildirim, Metin","Lee, Chungseung",,,,,metin,metin cakanyildirim,Demand and Revenue Analytics 
OPRE,6301,AW1,,13,3,3,,1,,,,,,,,1,"Kim, Dohyeong",,,,,,dxk132530,dohyeong kim,
EPPS,7370,001,,8,6,5,,,,,,,,,,1,"Brandt, Patrick",,,,,,pxb054000,patrick brandt,Time Series Analysis I 
ACCT,6354,501,,3,3,5,2,5,,1,,,,,,1,"Wilson, William H",,,,,,whw041000,william wilson,Partnership Taxation 
RHET,1302,003,8,3,,2,2,1,,,,,1,2,2,1,"Johnson, Ryan L",,,,,,rlj160230,ryan johnson,Rhetoric 
HMGT,6330,501,,10,3,6,2,,,,,,,,,1,"Drummond, Jeffery P",,,,,,jpd160230,jeffery drummond,Healthcare Law  Policy and Regulation 
IMS,6204,555,,10,,,10,,,,,,,,1,1,"Peng, Mike","Liao, Xin",,,,,mxp059000,mike peng,Global Business 
ITSS,3312,003,3,12,,1,2,,1,1,,,,,1,1,"Varma, Rashmi","Dheram, Geyasruti",,,,,rxv180014,rashmi varma,Object-Oriented Programming 
CHEM,3362,001,1,,1,5,2,2,4,4,,1,,,1,1,"Dejong, Jeff L","Candas, Mehmet","McDill, Parker M","Ambagaspitiye Gedara, Sankalya S","Soladogun, Adedamola S",,dejong,jeff dejong,Biochemistry II 
PSY,3393,003,1,8,5,4,1,,,1,,,,,1,1,"Drew, Linda M","Rakic, Jelena",,,,,lmd102020,linda drew,Experimental Projects in Psychology 
CRIM,2313,501,,9,,7,2,1,,1,,,,,1,1,"Maskaly, Jonathan","Han, Sungil",,,,,jxm166430,jonathan maskaly,Police and Society 
BIOL,2281,304,2,7,5,4,1,,1,,,,1,,,1,"Hill, Brenna R","Ratevosyan, Richard",,,,,brh140230,brenna hill,Introductory Biology Laboratory 
RHET,1302,029,1,7,5,,3,2,,,1,,,,2,1,"Crawford, Rachel",,,,,,rxc161430,rachel crawford,Rhetoric 
RHET,1302,0H7,3,6,4,1,2,3,2,,,,,,,1,"Keeth, Sara L",,,,,,slk041000,sara keeth,Rhetoric 
LIT,2321,001,4,8,2,2,3,,,2,,,,,,1,"Prieto, Rene",,,,,,rxp113230,rene prieto,Survey B  Literature in Translation 
RHET,1302,002,7,5,3,2,2,1,,,,,,,1,1,"Field, Amanda C",,,,,,axl151930,amanda field,Rhetoric 
RHET,1302,012,11,2,2,2,1,,1,,1,,,1,,1,"Shierry, Addison",,,,,,axs084500,addison shierry,Rhetoric 
PSY,3393,501,,16,,,3,,,,,,1,,1,1,"Tillman, Gail D","Ray, Nicholas R",,,,,gtillman,gail tillman,Experimental Projects in Psychology 
IMS,4320,501,12,2,1,,2,1,,1,,,,,1,1,"Carraher, Shawn M",,,,,,smc130730,shawn carraher,International Marketing 
COMM,1311,0W6,3,5,3,3,1,1,1,,,1,,,3,1,"Honea, Emily",,,,,,exh150830,emily honea,
MECH,4110,105,,3,4,3,5,1,3,,1,1,,1,,1,"Li, Yaoyu","Wu, Zhongyou","Liu, Chang","Li, Changyuan",,,yxl115230,yaoyu li,Systems and Controls Laboratory 
CE,3301,001,,5,2,,2,2,1,5,1,,1,1,2,1,"Helms, Robert","Liang, Jingchen",,,,,rxh033000,,Electrical Network Analysis 
ACN,6312,003,,6,6,2,3,1,,4,,,,,,1,"Juhn, Nancy H","O'Connell, Margaret A","Meldrum, Shelia",,,,njuhn,nancy juhn,Research Methods in Behavioral and Brain Sciences - Part I 
HCS,6343,001,,9,6,1,3,2,,1,,,,,,1,"Rodriguez, Christa M",,,,,,cmr067000,christa mcintyre rodriguez,Neurobiology of Learning and Memory 
CS,4397,001,1,4,1,6,4,2,1,,2,,1,,,1,"Bastani, Farokh",,,,,,bastani,farokh bastani,Embedded Computer Systems 
JAPN,2311,001,2,5,4,1,2,1,1,3,2,,1,,,1,"Kroska, Nami",,,,,,nxk167330,nami kroska,Intermediate Japanese I 
PSY,3393,502,2,5,4,,2,,4,4,,,,,1,1,"Golden, Richard","Stouffer, Kari K",,,,,golden,richard golden,Experimental Projects in Psychology 
BIOL,2281,312,3,5,7,1,1,3,,1,,,,,1,1,"Mehta, Iti","Buyukkahraman, Gozde",,,,,ixm121430,iti mehta,Introductory Biology Laboratory 
BIOL,3380,307,,2,1,5,6,4,1,2,1,,,,,1,"Rippel, Scott A","Groover, Isaac A",,,,,rippel,scott rippel,Biochemistry Laboratory 
BIOL,3380,308,3,1,5,2,3,1,5,1,,1,,,,1,"Pickett, Elizabeth A","Tiruchendurai Suryan, Saai Anugraha",,,,,eaw016100,elizabeth pickett,Biochemistry Laboratory 
MECH,7100,001,,,,,,,,,,,,,,1,"Rotea, Mario A",,,,,,mar091000,mario rotea,Seminar in Mechanical Engineering 
EPPS,6324,001,,17,2,1,,,,,,,,,,1,"Clarke, Harold D",,,,,,hclarke,harold clarke,Data Management for Social Science Research 
STAT,5351,001,,16,2,3,1,,,,,,,,,1,"Chen, Min","Bu, Yashi",,,,,mxc136030,min chen,Probability and Statistics I 
CHEM,3472,003,2,9,4,3,,2,,1,1,1,,,,1,"Qin, Yanping","Castro, Fabian","Li, Siqing","Zhou, Qinhan","Morakabi, Katayoun",,yxq083000,yanping qin,Instrumental Analysis 
HUMA,1301,HN1,,16,2,2,1,2,,,,,,,,1,"Barnes, Ashley",,,,,,axb162631,ashley barnes,Exploration of the Humanities 
FIN,4331,001,4,5,9,,1,4,,,,,,,,1,"Richardson, Debra L",,,,,,dlr150330,debra richardson,Business Liability Risk Management and Insurance 
CHEM,3472,001,1,2,2,2,2,3,4,3,1,,2,,1,1,"Goux, Warren J","Zhou, Qinhan","Castro, Fabian","Morakabi, Katayoun","Li, Siqing",,wgoux,warren goux,Instrumental Analysis 
COMM,1311,5W8,2,4,5,2,3,4,1,,,,,,2,1,"Baynham, Karen M",,,,,,contemp,karen baynham,
EPPS,6313,501,,10,3,7,,3,,,,,,,,1,"Gorina, Evgenia","Rabbi, Md. Fazle",,,,,exg131830,evgenia gorina,Introduction to Quantitative Methods 
BPS,4305,003,,6,3,6,3,2,1,,1,,,1,,1,"Balaji, Pavithra",,,,,,pxb162030,pavithra balaji,Strategic Management 
EECT,6325,001,,3,9,6,4,1,,,,,,,,1,"Sechen, Carl","Xu, Xiangyu","Hu, Bo",,,,cms057000,carl sechen,VLSI Design 
LIT,2331,501,,11,4,1,3,3,1,1,,,,,,1,"Stout, Patricia J",,,,,,pjs140230,,Masterpieces of World Literature 
ATCM,2345,004,8,2,3,1,3,2,,,1,,1,,3,1,"Fitzgerald, Harold E",,,,,,hxf170830,hal fitzgerald,Sound Design 
EPPS,2303,001,,5,3,,3,2,,,3,2,1,,5,1,"Fass, Simon",,,,,,fass,simon fass,Descriptive and Inferential Statistics for the Social and Policy Sciences 
DANC,2321,001,22,,1,,,,,,,,,,1,1,"Owens, Misty",,,,,,mxo122530,misty owens,Stretch  Conditioning  Alignment 
GST,2300,001,,6,1,,8,2,3,2,,,1,,1,1,"Smith, Erin",,,,,,erins,erin smith,Introduction to Gender Studies 
PSY,2301,HN1,6,14,2,1,,1,,,,,,,,1,"Gentsch, Joanna K",,,,,,jgentsch,joanna gentsch,Introduction to Psychology 
FIN,4300,003,,2,1,5,4,,,4,,3,1,,4,1,"Wei, Kelsey D","Lee, Pil-Seng",,,,,kdw061000,kelsey wei,Investment Management 
FIN,6350,501,,6,1,5,6,2,2,2,,,,,,1,"Baranchuk, Nina",,,,,,nxb043000,nina baranchuk,Advanced Corporate Finance 
EE,3102,103,,22,,,1,,,1,,,,,,1,"Hu, Yang","Wang, Jianda","Wei, Haoran","Bo, Yu",,,yxh177430,yang hu,Signals and Systems Laboratory 
UNIV,1100,003,6,8,4,,1,1,,,2,,,,3,1,"Welgehausen, Eric C",,,,,,ericw,,Freshman Seminar - Undeclared 
PA,6313,501,,24,1,,,,,,,,,,,1,"Benavides, Teodoro J",,,,,,tjb051000,teodoro benavides,Public Policymaking and Institutions 
ACCT,6331,SS1,,8,8,6,2,1,,,,,,,,1,"Natarajan, Ramachandran","He, Jiapeng",,,,,nataraj,ramachandran natarajan,
ACCT,3200,004,4,8,2,4,3,2,1,,1,,,,,1,"Bruce, Elizabeth J",,,,,,ejb072000,elizabeth bruce,Introduction to Business and Professional Development 
GOVT,2305,HN1,,19,3,3,,,,,,,,,,1,"Brunell, Thomas",,,,,,tlb056000,thomas brunell,American National Government 
MATH,6315,501,,3,6,6,2,4,2,1,,,,,1,1,"Hooshyar, Mohammad",,,,,,ali,mohammad hooshyar,Ordinary Differential Equations 
ARHM,3342,001,1,3,3,2,3,1,6,1,1,1,1,1,2,1,"Cohen, Milton",,,,,,mcohen,milton cohen,Advanced Interdisciplinary Studies in the Arts and Humanities 
COMM,1311,0W5,9,9,3,2,1,1,,,,,,1,,1,"Honea, Emily",,,,,,exh150830,emily honea,
ACN,6341,0W1,,23,1,,,1,1,,,,,,,1,"Orrick, Erika D",,,,,,edo042000,erika orrick,Human Computer Interactions I 
EE,3320,001,4,2,1,3,5,1,3,3,1,,,1,2,1,"Cogan, Diana L","Zhang, Yunjie",,,,,dcc095020,diana cogan,Digital Circuits 
NATS,3341,002,7,9,4,1,1,3,,,,,,,1,1,"Dingrando, Laurel P","Karakis, Merve",,,,,lpd015000,laurel dingrando,Knowing and Learning in Mathematics and Science 
COMM,1311,012,3,10,4,5,1,,1,1,,,,,1,1,"Templeton, Allison A","Tanner, Lari J",,,,,aam141730,allison templeton,Survey of Oral and Technology-based Communication 
BA,4V00,001,5,2,9,1,3,4,,,1,,,,1,1,"Rader, Susan H",,,,,,shr015000,susan rader,Special Topics 
MECH,6374,001,,4,9,3,7,3,,,,,,,,1,"Qin, Zhenpeng",,,,,,zxq140530,zhenpeng qin,Conductive and Radiative Heat Transfer 
BIOL,3102,003,2,5,2,4,4,2,2,2,2,1,,,,1,"Burr, John G",,,,,,burr,john burr,Eukaryotic Molecular and Cell Biology Workshop 
HMGT,3301,004,,3,12,4,2,3,,1,1,,,,,1,"Berrett, Britt R","Earle, Doric E","Kong, Siliang",,,,brb051000,britt berret,Introduction to Healthcare Management 
HLTH,4380,0W2,2,3,,5,2,,4,1,3,,1,3,2,1,"Isham, Stephanie",,,,,,sisham,,Special Topics in Healthcare 
HLTH,4380,0W1,2,5,4,2,2,3,3,,2,,1,,2,1,"Isham, Stephanie",,,,,,sisham,,Special Topics in Healthcare 
ARHM,3342,002,,1,4,4,5,5,1,1,3,,,,3,1,"Wickberg, Daniel",,,,,,wickberg,daniel wickberg,Advanced Interdisciplinary Studies in the Arts and Humanities 
COMM,1311,002,1,1,5,2,7,4,2,2,2,,,,1,1,"Baker, Barbara L",,,,,,blb140430,barbara baker,Survey of Oral and Technology-based Communication 
COMM,1311,503,15,7,1,2,2,,,,,,,,,1,"Skiles, Bradley W",,,,,,bws150030,bradley skiles,Survey of Oral and Technology-based Communication 
MKT,4330,0W2,4,4,3,1,5,3,1,2,1,,,1,2,1,"Edsel, Alexander D","Brannon, Gina S",,,,,ade012000,alexander edsel,Digital and Internet Marketing 
COMM,1311,006,7,11,5,1,2,,,1,,,,,,1,"Totusek, Patricia F",,,,,,pft140030,patricia totusek,Survey of Oral and Technology-based Communication 
COMM,1311,018,8,6,4,2,2,1,1,,3,,,,,1,"Moss, Daniel J",,,,,,djm161130,daniel moss,Survey of Oral and Technology-based Communication 
HIST,3327,001,7,4,4,4,6,1,,,,,1,,,1,"Gossin, Pamela",,,,,,psgossin,pamela gossin,Perspectives on Science 
COMM,1311,504,5,6,7,2,3,2,,,2,,,,,1,"Juarez, Veronica",,,,,,vxj161430,veronica juarez,Survey of Oral and Technology-based Communication 
CHEM,1112,107,2,12,7,,2,,,1,1,,,,2,1,"Hashami, Zohreh","Ball, Darby J",,,,,zxh088000,zohreh hashami,General Chemistry Laboratory II 
EE,4304,501,1,2,,4,3,4,,4,6,,1,,2,1,"Ikram, Muhammad Z","Shahshahani, Masoud",,,,,mzi041000,muhammad ikram,Computer Architecture 
BIOL,3456,301,3,6,2,4,3,3,,1,1,,2,1,1,1,"Yu, Wen H","Li, Yibo","Venkitapathi, Sundharamani",,,,why061000,wen ho yu,Human Anatomy and Physiology with Lab II 
PHYS,2125,106,,17,3,1,,3,,,,,,,3,1,"Sun, Kuei","Dhale, Nikhil",,,,,kxs147030,kuei sun,Physics Laboratory I 
MECH,6300,001,,3,4,8,3,6,1,1,,,,,1,1,"Yurkovich, Stephen","Bing, Mallory A",,,,,sxy111430,stephen yurkovich,Linear Systems 
BUAN,6337,0W1,,4,6,9,6,1,,1,,,,,,1,"Subramanian, Upender","Bhave, Ashutosh C",,,,,uxs092000,upender subramanian,Predictive Analytics Using SAS 
COMM,1311,001,,5,5,4,5,2,2,1,,,,,3,1,"Baker, Barbara L",,,,,,blb140430,barbara baker,Survey of Oral and Technology-based Communication 
COMM,1311,017,12,6,3,2,1,,,1,,,,,2,1,"Moss, Daniel J",,,,,,djm161130,daniel moss,Survey of Oral and Technology-based Communication 
ATCM,1100,005,10,6,3,4,2,,1,1,,,,,,1,"Scott, Andrew F",,,,,,afs140330,andrew scott,Freshman Seminar 
ATCM,4317,001,8,19,,,,,,,,,,,,1,"Salter, Monika",,,,,,mxs176131,monika salter,Animation Lab II 
HIST,3301,501,,3,7,7,8,,,,,,,,2,1,"Wilson, Michael",,,,,,mwilson,michael wilson,Historical Inquiry 
ECON,3330,501,,9,7,6,1,3,,,,,1,,,1,"Earle, Doric E",,,,,,dee011000,doric earle,Economics of Health 
ARAB,1311,001,14,11,,3,,,,,,,,,,1,"Anjum, Zafar",,,,,,zxa110730,zafar anjum,Beginning Arabic I 
ATCM,3305,003,,,2,1,6,4,1,1,9,2,,1,1,1,"McComber, Sean",,,,,,sxm129130,sean mccomber,Computer Animation I 
BLAW,2301,HO2,,8,4,5,1,1,3,1,2,,1,,2,1,"Polze, Matthew M","Sarman, Patrick R",,,,,mmp062000,matthew polze,Business and Public Law 
CHEM,1111,101,3,10,3,3,3,1,2,,,,1,1,1,1,"Zhang, Naifu",,,,,,nxz160730,,General Chemistry Laboratory I 
CHEM,1111,132,3,12,2,3,1,,,1,3,1,,,2,1,"Qin, Yanping","Graham, Robert L",,,,,yxq083000,yanping qin,General Chemistry Laboratory I 
PHYS,2125,115,3,24,,,,,1,,,,,,,1,"Sun, Kuei","Mahmud, Mohammad M",,,,,kxs147030,kuei sun,Physics Laboratory I 
ATCM,3367,501,5,9,8,,1,1,1,,,,,,3,1,"Billingslea, Steven L",,,,,,slb073000,steven billingslea,Level Design I 
CHEM,1111,603,1,10,3,2,3,2,,4,1,,,,2,1,"Abeykoon, Nimali C","Tian, Yafen",,,,,nxa124430,nimali abeykoon,General Chemistry Laboratory I 
CHEM,2123,101,23,4,1,,,,,,,,,,,1,"Wijenayake, Sumudu N","Hernandez, Jayoh A",,,,,snw081000,sumudu wijenayake,Introductory Organic Chemistry Laboratory I 
PHYS,2125,118,16,7,2,,1,,,,,,,1,1,1,"Sun, Kuei","Mishra, Aditya K",,,,,kxs147030,kuei sun,Physics Laboratory I 
ATCM,3301,004,,6,8,6,3,1,2,,2,,,,,1,"Rheams, David C",,,,,,dcr093020,david rheams,Digital Content Design 
OB,6332,0W1,,26,,1,1,,,,,,,,,1,"Ziegler, Laurie","Lu, Xi",,,,,ziegler,laurie ziegler,Negotiation and Dispute Resolution 
CHEM,1112,105,2,12,2,4,1,,1,4,1,,1,,,1,"Qin, Yanping","Malekpour, Soheil",,,,,yxq083000,yanping qin,General Chemistry Laboratory II 
PHYS,2125,104,2,18,1,3,1,1,1,,,,1,,,1,"Sun, Kuei","Zheng, Peng Peng",,,,,kxs147030,kuei sun,Physics Laboratory I 
PHYS,2125,109,6,19,1,,2,,,,,,,,,1,"Sun, Kuei","Khashami, Fatemeh",,,,,kxs147030,kuei sun,Physics Laboratory I 
PHYS,2126,126,4,14,6,2,,,1,,,,,,1,1,"Sun, Kuei","Bukowski, Aaron",,,,,kxs147030,kuei sun,Physics Laboratory II 
HIST,4376,001,2,13,4,3,3,1,,,1,,,1,,1,"Admiral, Rosemary",,,,,,rxa170011,rosemary admiral,Topics in History 
CHEM,1111,119,1,5,9,3,3,2,,1,,,2,,2,1,"Abeykoon, Nimali C","Tian, Yafen",,,,,nxa124430,nimali abeykoon,General Chemistry Laboratory I 
CHEM,2123,108,16,9,2,,,,,,,,1,,,1,"Shah, Shailesh N","Siddiki, A K M Nur Alam",,,,,sns170230,shailesh shah,Introductory Organic Chemistry Laboratory I 
CS,6360,006,,11,10,3,2,2,,,,,,,,1,"Kantarcioglu, Murat",,,,,,mxk055100,murat kantarcioglu,Database Design 
CHEM,1111,109,11,12,1,,,,,1,,,,,3,1,"Abeykoon, Nimali C","Faisal, Tahmid",,,,,nxa124430,nimali abeykoon,General Chemistry Laboratory I 
ATCM,3321,001,,18,6,1,2,,,,,,,,,1,"Banner, Olivia P",,,,,,opb140030,olivia banner,Networked Identities 
ATCM,2301,004,,8,7,2,3,3,1,1,,,,,3,1,"Christopher, Daedra","Alzate, Catalina",,,,,dxe093020,daedra christopher,Computer Imaging 
ARHM,3342,501,3,8,5,3,1,2,,1,2,,,4,,1,"Hill, Kimberly D",,,,,,kdh140430,kimberly hill,Advanced Interdisciplinary Studies in the Arts and Humanities 
CE,3310,001,2,8,,7,4,,5,2,1,,,,,1,"Lee, Jeong-Bong","Chen, Ziyu",,,,,jblee,jeong bong lee,Electronic Devices 
MKT,3330,002,10,6,6,3,3,,1,,,,,,,1,"Gafford, Jerome M",,,,,,jmg171130,jerome gafford,Introduction to Professional Selling 
CHEM,1111,104,23,3,,1,,,,1,,,,,1,1,"Qin, Yanping","Ahrari, Samira",,,,,yxq083000,yanping qin,General Chemistry Laboratory I 
CHEM,1111,108,11,13,1,,1,1,,,,,,,2,1,"Sra, Amandeep K","Mills, Kira R",,,,,aks057000,amandeep sra,General Chemistry Laboratory I 
CHEM,1111,116,10,14,2,1,1,,,1,,,,,,1,"Qin, Yanping","Malekpour, Soheil",,,,,yxq083000,yanping qin,General Chemistry Laboratory I 
CHEM,1111,118,14,11,2,1,,,,1,,,,,,1,"Abeykoon, Nimali C","Abeyrathna, Nisansala S",,,,,nxa124430,nimali abeykoon,General Chemistry Laboratory I 
CHEM,1111,134,8,14,4,2,1,,,,,,,,,1,"Hashami, Zohreh","Franciskovich, Matthew R",,,,,zxh088000,zohreh hashami,General Chemistry Laboratory I 
PHYS,2125,107,11,12,4,2,,,,,,,,,,1,"Sun, Kuei","Zhou, Xiaohe",,,,,kxs147030,kuei sun,Physics Laboratory I 
PHYS,2125,116,9,16,3,,,,,,,1,,,,1,"Sun, Kuei","Felix, Sharon",,,,,kxs147030,kuei sun,Physics Laboratory I 
PHYS,2125,123,10,15,2,,,,1,,1,,,,,1,"Sun, Kuei","Zheng, Yangzi",,,,,kxs147030,kuei sun,Physics Laboratory I 
PHYS,2126,601,8,19,1,,,,,,,,,,1,1,"Sun, Kuei","Parajuli, Santosh",,,,,kxs147030,kuei sun,Physics Laboratory II 
ATCM,2345,003,10,11,1,1,3,1,,,,,,,2,1,"Fitzgerald, Harold E",,,,,,hxf170830,hal fitzgerald,Sound Design 
ATCM,3338,001,3,4,5,5,2,5,2,,1,1,,,1,1,"Camacho, Christopher J",,,,,,cjc043000,christopher camacho,Motion Graphics I 
ATCM,3366,001,2,16,4,,1,1,3,1,,,,,1,1,"Wu, Hong An",,,,,,hxw173930,hong wu,Game Studies I 
ISIS,4304,001,,10,4,4,4,2,1,2,1,,,,1,1,"Werhnyak, Larissa",,,,,,lxw163630,larissa werhnyak,Trials in American Culture 
BIOL,3162,005,4,2,1,6,3,1,4,3,2,1,1,1,,1,"Dejong, Jeff L",,,,,,dejong,jeff dejong,Biochemistry Workshop II 
CHEM,1111,130,5,15,5,2,,,1,,,,1,,,1,"Dissanayake, Dushanthi S","Perera, Alahendra Arachchige Sachini .",,,,,dxd122030,dushanthi dissanayake,General Chemistry Laboratory I 
CHEM,1111,610,2,10,4,2,3,2,1,,,1,,1,3,1,"Abeykoon, Nimali C","Franciskovich, Matthew R",,,,,nxa124430,nimali abeykoon,General Chemistry Laboratory I 
CHEM,2123,110,11,12,3,2,1,,,,,,,,,1,"Panapitiya, Nimanka P","Tajik Asl, Masoumeh",,,,,npp081000,nimanka panapitiya,Introductory Organic Chemistry Laboratory I 
MATH,2413,022,,3,1,3,3,1,1,6,7,,1,1,2,1,"Fu, Kaibin",,,,,,kxf180009,kaibin fu,Differential Calculus 
MUSI,2322,002,14,7,,2,2,,1,1,,,,,2,1,"Bennett, Rodger",,,,,,rxb180025,rodger bennett,Music in Western Civilization 
CRIM,3301,001,,6,,7,9,,1,1,,3,2,,,1,"Maskaly, Jonathan","Han, Sungil",,,,,jxm166430,jonathan maskaly,Theories of Justice 
ITSS,4351,001,7,1,2,1,3,7,1,3,2,,,2,,1,"Bradbury, Judd D","Sharma, Aman",,,,,jdb101000,judd bradbury,Foundations of Business Intelligence 
CHEM,1111,106,15,10,,1,1,1,1,,,,,,,1,"Hashami, Zohreh","Faisal, Tahmid",,,,,zxh088000,zohreh hashami,General Chemistry Laboratory I 
CHEM,2123,120,8,12,7,1,,,,,,,,,1,1,"Panapitiya, Nimanka P","Tajik Asl, Masoumeh",,,,,npp081000,nimanka panapitiya,Introductory Organic Chemistry Laboratory I 
MATH,2413,027,,3,,4,3,3,3,,1,2,4,,6,1,"Alvarado, Iris",,,,,,ila180000,iris alvarado,Differential Calculus 
PHYS,2126,119,8,11,7,,2,,,,,1,,,,1,"Sun, Kuei","Maisberger, Matthew C",,,,,kxs147030,kuei sun,Physics Laboratory II 
BUAN,6341,501,,6,6,7,5,4,,1,,,,,,1,"Sabir, Muhammad F","Srivastava, Smriti",,,,,mfs170430,muhammad sabir,Applied Machine Learning 
BCOM,3200,5E1,,19,,1,4,,1,3,,,1,,,1,"Newcomb, Rebecca G",,,,,,rgn100020,rebecca newcomb,Introduction to Business and Professional Development 
BUAN,6312,002,,14,5,4,6,,,,,,,,,1,"Zentner, Alejandro","Rupp, Anin D",,,,,axz051000,alejandro zentner,Applied Econometrics and Time Series Analysis 
ATCM,2301,001,,23,,3,1,,1,,,,,,1,1,"Stewart, Michael C","Alzate, Catalina",,,,,mxs128231,michael stewart,Computer Imaging 
ATCM,2302,001,5,13,2,5,2,,1,,,,,,1,1,"Minnish, Roxanne W","Brtis, Chelsea L","Nazir, Cassini",,,,rwm061000,roxanne minnish,Design I 
ATCM,3367,001,1,1,8,4,5,1,2,4,,1,1,,1,1,"Chandler, Adam W",,,,,,awc051000,adam chandler,Level Design I 
CHEM,1111,110,5,20,3,,,,,,,,,,1,1,"Huang, Yu","Villones, Rhiza Lyne",,,,,yxh091220,yu huang,General Chemistry Laboratory I 
CHEM,1111,122,,21,5,2,,1,,,,,,,,1,"Qin, Yanping","Bhadran, Abhi",,,,,yxq083000,yanping qin,General Chemistry Laboratory I 
CHEM,1111,124,5,10,6,4,1,2,,,,,,,1,1,"Dissanayake, Dushanthi S","Perera, Alahendra Arachchige Sachini .",,,,,dxd122030,dushanthi dissanayake,General Chemistry Laboratory I 
CHEM,1111,131,9,11,2,2,2,1,,,1,,,1,,1,"Abeykoon, Nimali C","Ball, Darby J",,,,,nxa124430,nimali abeykoon,General Chemistry Laboratory I 
CHEM,1111,138,3,10,8,4,2,,,,,,,1,1,1,"Hashami, Zohreh","Franciskovich, Matthew R",,,,,zxh088000,zohreh hashami,General Chemistry Laboratory I 
CHEM,2127,HN1,18,10,1,,,,,,,,,,,1,"Thompson, Christina M",,,,,,cmt120030,christina thompson,Honors Organic Chemistry Laboratory I 
CHEM,2327,HN1,1,12,7,2,2,1,3,,1,,,,,1,"Biewer, Michael C",,,,,,biewerm,michael biewer,Honors Organic Chemistry I 
PHYS,2125,110,14,14,,,1,,,,,,,,,1,"Sun, Kuei","Zheng, Yangzi",,,,,kxs147030,kuei sun,Physics Laboratory I 
PHYS,2126,101,6,18,2,1,1,1,,,,,,,,1,"Sun, Kuei","Kramer, Aaron A",,,,,kxs147030,kuei sun,Physics Laboratory II 
PHYS,2126,105,3,11,8,5,,1,,,,,,,1,1,"Sun, Kuei","Kakani, Vivek M",,,,,kxs147030,kuei sun,Physics Laboratory II 
ACCT,6353,001,,10,14,5,,,,,,,,,1,1,"Solcher, Steven J","Keogh, Reagan D",,,,,sjs107020,steven solcher,Fundamentals of Taxation II 
ATCM,2335,501,1,7,,5,3,7,3,1,,,,,3,1,"Chiu, Yu-Kwong",,,,,,yxc161331,yu kwong chiu,Internet Studio I 
CS,1337,502,6,2,4,2,,1,2,2,3,1,,,7,1,"Perkins, Stephen J",,,,,,sxp127930,stephen perkins,Computer Science I 
BIOL,3102,002,3,12,2,2,4,1,1,2,,,2,1,,1,"Srikanth, Uma",,,,,,ukrish,uma srikanth,Eukaryotic Molecular and Cell Biology Workshop 
MATH,1326,005,10,3,1,2,2,1,,3,,,1,,7,1,"Mussa, Derege",,,,,,dxm146130,derege mussa,Applied Calculus II 
MIS,6337,001,,10,8,5,4,3,,,,,,,,1,"Mauriello, Joseph A","Braughton, Caleb M",,,,,jam151430,joseph mauriello,Information Technology Audit and Risk Management 
ATCM,4385,001,,4,7,7,8,3,,,,1,1,,,1,"Drogos, Kristin L",,,,,,kld140230,kristen drogos,Children and Media 
BIOL,3455,307,1,4,6,1,1,1,2,3,4,1,,4,3,1,"Maitra, Meenakshi","Ramirez, Ruben D",,,,,mxm172731,meenakshi maitra,Human Anatomy and Physiology with Lab I 
OPRE,6302,503,,14,9,3,4,,,,,,,,1,1,"ye, Shengqi","Manchiraju, Chandrasekhar Seetharama",,,,,sxy143530,shengqi ye,Operations Management 
FIN,6310,501,,6,8,8,4,5,,,,,,,,1,"Xu, Yexiao","Kim, Sang Hyun",,,,,yexiaoxu,yexiao xu,Investment Theory and Practice 
CS,3377,001,3,12,1,,4,3,,2,1,,2,,3,1,"Simmons, Christopher S","Ayhan, Sadi",,,,,css180002,christopher simmons,C C  Programming in a UNIX Environment 
MATH,1326,001,4,4,6,2,3,1,1,2,3,,1,2,2,1,"Ding, Hui",,,,,,hxd162130,hui ding,Applied Calculus II 
BCOM,3310,009,3,7,4,4,1,3,3,4,,,2,,1,1,"Lookadoo, Kathryn","Tanabe, Takuma",,,,,kxl164330,kathryn lookadoo,Business Communication 
OB,6248,CW1,,32,,,,,,,,,,,,1,"Hicks, Robert",,,,,,,robert hicks,
OB,6350,CW1,,23,5,1,,2,,1,,,,,,1,"Hicks, Robert",,,,,,,robert hicks,
HLTH,1322,0W3,,8,11,5,5,1,,1,1,,,,,1,"McBride, Rachael L",,,,,,rlp019100,rachael mcbride,
IMS,3310,0E1,,8,5,2,8,2,2,3,,,1,,1,1,"Henderson, Tom","Kathpalia, Ashutosh",,,,,txh093000,tom henderson,International Business 
CS,3345,502,6,13,5,4,2,1,1,1,,,,,,1,"Khan, Ziaullah","Li, Fang",,,,,kkhan,ziaullah khan,Data Structures and Introduction to Algorithmic Analysis 
ACCT,6330,501,,13,,6,5,4,,5,,,,,,1,"Pang, Wenjin","Farooqi, Shan A",,,,,wxp042000,wenjin pang,Intermediate Financial Accounting I 
CS,1337,504,6,5,4,4,2,5,,2,2,,1,,2,1,"Perkins, Stephen J",,,,,,sxp127930,stephen perkins,Computer Science I 
EPCS,2100,001,,12,3,5,8,,1,2,,,2,,,1,"Bennett, Terrell R",,,,,,trb052000,terrell bennett,Engineering Project in Community Service 
OPRE,6362,0W1,,12,8,6,5,2,,,,,,,,1,"Alborz, Shawn",,,,,,sxa063000,shawn alborz,Project Management in Engineering and Operations 
GEOG,2303,001,10,8,4,2,,3,1,2,1,1,1,,1,1,"Vakulenko, Irina","Chen, Meifang",,,,,iav081000,irina vakulenko,People and Place  An Introduction to World Geographic Regions 
BIOL,4350,501,1,3,6,4,6,4,1,2,1,1,1,1,3,1,"Ramirez, Ruben D",,,,,,rdr092000,ruben ramirez,Medical Microbiology 
BCOM,3310,004,2,6,9,5,3,3,5,,,1,,,,1,"Walton, Michaella",,,,,,mrw170730,,Business Communication 
BCOM,3310,006,3,17,7,2,4,1,,,,,,,,1,"Smallwood, Margaret G","Babayemi, Opeyimika O",,,,,meg012400,margaret smallwood,Business Communication 
BCOM,3310,504,2,7,8,7,4,2,1,1,,,1,,1,1,"Lookadoo, Kathryn","Tanabe, Takuma",,,,,kxl164330,kathryn lookadoo,Business Communication 
CS,1200,003,7,15,7,4,1,,,,,,,,1,1,"Christiansen, Michael G",,,,,,mgc013000,michael christiansen,Introduction to Computer Science and Software Engineering 
CS,1200,016,,23,5,1,4,1,1,,,,,,,1,"Smith, Klyne",,,,,,kxs180052,klyne smith,Introduction to Computer Science and Software Engineering 
NATS,1101,021,22,10,,1,,,,1,,,,,1,1,"Goeckner, Matthew",,,,,,goeckner,matthew goeckner,Natural Sciences and Mathematics Freshman Seminar 
CS,1200,008,2,8,9,10,2,1,2,,,,,1,,1,"Chin, Wei-Pang",,,,,,wxc180013,wei pang chin,Introduction to Computer Science and Software Engineering 
MECH,4320,001,,5,9,2,4,5,1,2,5,,2,,,1,"Leonardi, Stefano","Ciri, Umberto",,,,,sxl139330,stefano leonardi,Applications of Computational Tools in Thermal Fluid Science 
NATS,1101,013,6,29,,,,,,,,,,,,1,"Xuan, Zhenyu",,,,,,zxx091000,,Natural Sciences and Mathematics Freshman Seminar 
HLTH,1322,0W1,,14,2,4,5,,1,1,,,,,8,1,"Day, Lora N",,,,,,lnd092000,lora day,
MKT,3340,501,5,3,10,4,7,1,1,1,2,,,,1,1,"Hudelot, Loretta F",,,,,,lfh170000,loretta hudelot,Marketing Research 
ACCT,6380,501,,9,7,9,6,3,,1,,,,,,1,"Mauriello, Joseph A","Wong, Angie M","Braughton, Caleb M",,,,jam151430,joseph mauriello,Internal Audit 
ATCM,2302,003,,2,11,7,10,1,,2,,,1,,1,1,"Veras de Souza, Christine","Brtis, Chelsea L","Nazir, Cassini",,,,cxv180000,christine veras de souza,Design I 
ATCM,2302,005,5,13,4,4,3,2,1,,1,,,1,1,1,"Veras de Souza, Christine","Brtis, Chelsea L","Nazir, Cassini",,,,cxv180000,christine veras de souza,Design I 
NATS,1101,020,21,6,2,2,1,,,2,,,,,1,1,"Goeckner, Matthew",,,,,,goeckner,matthew goeckner,Natural Sciences and Mathematics Freshman Seminar 
CLDP,3362,501,,17,,,10,,,8,,,1,,,1,"Grant, Meridith G","Han, Liang",,,,,mga061000,meridith grant,Cognitive Development 
MKT,4338,501,15,12,,,6,,,3,,,,,,1,"Dickinson, Keith",,,,,,kxd084000,keith dickinson,Marketing Content Creation 
ACCT,3200,002,11,7,8,4,2,2,1,1,,,,,,1,"Bruce, Elizabeth J",,,,,,ejb072000,elizabeth bruce,Introduction to Business and Professional Development 
COMD,7301,001,,36,,,,,,,,,,,,1,"Dean, Lucinda L",,,,,,lxl018300,,Public School Methods 
NATS,1101,007,,36,,,,,,,,,,,,1,"Collins, Steve",,,,,,scollins,,Natural Sciences and Mathematics Freshman Seminar 
ATCM,4395,502,1,18,8,3,4,1,1,,,1,,,,1,"Allison, Benjamin M","Jennings, Christopher M",,,,,bma180001,,Advanced Topics in Arts  Technology  and Emerging Media 
CS,1324,001,2,6,3,3,2,4,4,4,1,1,2,,5,1,"Feng, Ranran",,,,,,rxf090020,ranran feng,Introduction to Programming for Biomedical Engineers 
OBHR,3310,003,1,15,,9,8,,,3,,,,,1,1,"Wu, Junfeng","Guo, Nan",,,,,jxw175430,junfeng wu,Organizational Behavior 
MATH,2418,001,2,7,2,4,3,4,1,3,3,1,2,1,4,1,"Miller, James W",,,,,,jwm170630,james miller,Linear Algebra 
ACN,6346,001,,26,5,3,3,,,,,,,,,1,"Thompson, Lucien",,,,,,tres,lucien thompson,Systems Neuroscience 
MIS,6380,0W1,,13,7,6,3,5,1,2,,,,,,1,"Bradbury, Judd D","Sharma, Aman",,,,,jdb101000,judd bradbury,Data Visualization 
EE,4301,501,5,2,8,5,1,2,1,3,4,1,4,,1,1,"Coleman, Ann C","Chen, Jianfei",,,,,acc130630,ann coleman,Electromagnetic Engineering I 
BA,1100,014,11,1,2,4,4,2,4,2,2,,,1,4,1,"Johnson, Jillian",,,,,,jlm171130,jillian johnson,Business Basics 
ECON,2302,501,5,3,2,7,2,,2,6,2,4,3,,,1,"Yue, Wanwan",,,,,,wxy150730,wanwan yue,Principles of Microeconomics 
BIOL,3161,003,4,7,1,3,5,4,4,1,2,2,,1,3,1,"Spiro, Stephen",,,,,,sxs067400,stephen spiro,Biochemistry Workshop I 
PSY,4331,001,4,9,7,5,5,1,3,1,2,,,,,1,"Prager, Karen","Spence, Melanie","Holub, Shayla C",,,,kprager,karen prager,Personality 
LIT,3337,001,,24,7,3,2,,,,1,,,,1,1,"Brewer, Kenneth L",,,,,,klb092000,kenneth brewer,Comparisons 
MECH,3105,101,11,16,3,2,,1,1,2,2,,,,,1,"Rios, Oziel","Sadeh, Sepehr",,,,,oxr106020,oziel rios,Computer Aided Design Laboratory 
ACCT,6202,0W1,,7,9,5,8,5,4,,,,,,,1,"Janakiraman, Surya","He, Jiapeng",,,,,suryaj,surya janakiraman,Managerial Accounting 
EE,3350,002,2,6,4,6,7,4,2,2,4,,,,1,1,"Heins, Matthew S","Fonseka, Sebastian P",,,,,msh130130,matthew heins,Communications Systems 
LIT,3320,001,,14,8,3,7,1,1,1,,,,,3,1,"Murphy, Jessica C",,,,,,jxm092000,jessica murphy,Shakespeare 
ACCT,6333,501,,12,,,18,,,8,,,,,,1,"Zolton, Kathy","Memon, Sana R",,,,,kxz121730,kathy zolton,Advanced Financial Reporting 
CS,6378,001,,9,9,8,9,2,,,,,,,1,1,"Mittal, Neeraj","Gokhale, Shreyas S",,,,,nxm020100,neeraj mittal,Advanced Operating Systems 
CS,4365,001,4,3,2,6,4,4,11,,,,1,,3,1,"Min, Richard K","Sahoo, Pracheta","Kokel, Harsha",,,,rkm010300,richard min,Artificial Intelligence 
CHEM,3341,001,3,7,4,7,1,1,3,3,2,1,2,3,2,1,"Dodani, Sheel C",,,,,,scd023000,sheel dodani,Inorganic Chemistry I 
PSY,3332,001,,12,,2,14,,1,6,,,3,,1,1,"Holub, Shayla C",,,,,,sch052000,shayla holub,Social and Personality Development 
MECH,3305,001,3,3,7,5,4,4,4,6,2,,,1,,1,"Rios, Oziel","Karami, Farzad",,,,,oxr106020,oziel rios,Computer Aided Design 
OPRE,3310,004,,7,,7,15,,,5,,,1,,4,1,"Egan, Terence J",,,,,,tje130130,terence egan,Operations Management 
FIN,3370,001,6,12,6,3,6,3,,,1,1,,,1,1,"Richardson, Debra L",,,,,,dlr150330,debra richardson,Principles of Risk Management and Insurance 
FIN,3390,002,4,5,3,4,6,4,3,2,3,1,1,2,1,1,"El-Ashmawi, Amal H","Jerez Carreno, Jaime Eduardo",,,,,ahe013000,amal el ashmawi,Introduction to Financial Modeling 
BIOL,2111,014,4,2,8,8,4,,2,4,6,,,1,,1,"Srikanth, Uma",,,,,,ukrish,uma srikanth,Introduction to Modern Biology Workshop I 
BIOL,2350,002,9,13,4,1,9,,,,2,,,,1,1,"Sapozhnikov, Ilya",,,,,,isapoz,ilya sapozhnikov,Biological Basis of Health and Disease 
OPRE,6362,501,,11,11,7,8,,1,1,,,,,,1,"Alborz, Shawn",,,,,,sxa063000,shawn alborz,Project Management in Engineering and Operations 
MIS,6309,502,,10,16,7,5,,1,,,,,,,1,"Islam, Naser","Pawar, Dhairya Dhanaji","Dheram, Geyasruti",,,,nxi110630,naser islam,Business Data Warehousing 
MIS,6380,002,,11,17,5,5,,1,,,,,,,1,"Islam, Naser","Sandilya, Nimish K",,,,,nxi110630,naser islam,Data Visualization 
LIT,4329,001,4,13,5,6,5,4,,1,,,,,1,1,"Brewer, Kenneth L",,,,,,klb092000,kenneth brewer,Single Author 
CS,3162,091,6,10,4,4,3,5,1,1,3,,1,1,,1,"Chin, Wei-Pang",,,,,,wxc180013,wei pang chin,Professional Responsibility in Computer Science and Software Engineering 
IPEC,3349,001,10,13,8,4,2,,,,,,1,,1,1,"Palao Mendizabal, Agustin","Islam, Iftekhairul",,,,,axp121731,agustin mendizabal,World Resources and Development 
BIOL,2111,004,,5,2,1,7,2,3,9,2,3,1,1,3,1,"Burr, John G",,,,,,burr,john burr,Introduction to Modern Biology Workshop I 
BIOL,2111,001,,8,4,2,9,3,6,4,2,,,1,,1,"Burr, John G",,,,,,burr,john burr,Introduction to Modern Biology Workshop I 
BIOL,2112,003,2,5,8,5,7,4,2,1,3,,1,,1,1,"Wilson, Michelle","Yetkin, Celal E","Cao, Lian","Zhou, Qin","Salamat, Narges",,mxw084000,michelle wilson,Introduction to Modern Biology Workshop II 
GEOS,2310,001,3,5,9,3,7,4,2,3,2,1,,,,1,"Brikowski, Tom","Nichols, Naomi Ty Asha P","Peiris, Inoka M",,,,brikowi,tom brikowski,Environmental Geology 
HIST,3366,001,8,5,11,5,6,,,,1,,,,4,1,"Hill, Kimberly D",,,,,,kdh140430,kimberly hill,Themes in the Social History of the United States 
PSCI,4313,001,1,10,10,6,6,3,1,,1,,,2,,1,"Ho, Karl",,,,,,kxh022100,karl ho,Politics of China 
ECON,2302,004,4,9,7,7,2,5,3,2,,1,,1,,1,"Ahmadi, Maryam",,,,,,mxa143930,maryam ahmadi,Principles of Microeconomics 
BIOL,2112,007,2,5,8,4,2,6,2,8,2,,,,2,1,"Wilson, Michelle","Cao, Lian","Yetkin, Celal E","Salamat, Narges","Zhou, Qin",,mxw084000,michelle wilson,Introduction to Modern Biology Workshop II 
EESC,6349,001,,9,4,5,15,3,3,2,,,,,,1,"Minn, Hlaing","Han, Dong",,,,,hxm025000,hlaing minn,Probability  Random Variables  and Statistics 
BIOL,2111,013,8,14,7,1,1,4,2,,2,1,1,,,1,"Srikanth, Uma",,,,,,ukrish,uma srikanth,Introduction to Modern Biology Workshop I 
EEDG,6306,001,,30,10,1,,,,,,,,,,1,"Zhou, Dian","Wang, Xianan",,,,,zhoud,dian zhou,Application Specific Integrated Circuits Design 
CS,6322,001,,19,4,7,9,,,,,,,,2,1,"Harabagiu, Sanda M","Maldonado, Ramon Manuel Martinez",,,,,sanda,sanda harabagiu,Information Retrieval 
EE,3102,102,,37,,,4,,,,,,,,,1,"Hu, Yang","Bo, Yu","Wei, Haoran","Azarang, Arian",,,yxh177430,yang hu,Signals and Systems Laboratory 
BIOL,3161,005,4,8,,5,5,1,7,3,4,1,,1,2,1,"Spiro, Stephen",,,,,,sxs067400,stephen spiro,Biochemistry Workshop I 
BIOL,3161,009,5,7,15,6,,,,1,1,1,2,,3,1,"Meloni, Gabriele",,,,,,gxm152330,gabriele meloni,Biochemistry Workshop I 
BIOL,3161,014,4,12,9,2,2,3,3,3,1,,1,,1,1,"D'Arcy, Sheena",,,,,,sxd156730,sheena darcy,Biochemistry Workshop I 
BIOL,3161,006,3,9,5,1,3,3,3,4,1,1,3,1,3,1,"Marsh, Robert",,,,,,rmarsh,robert marsh,Biochemistry Workshop I 
MATH,6312,001,,26,6,3,2,3,1,,,,,,,1,"Dabkowski, Mieczyslaw K","Wu, Che-Yu",,,,,mkd034000,mieczyslaw dabkowski,Combinatorics and Graph Theory 
CS,4384,502,3,11,4,2,5,5,2,4,2,1,,,2,1,"Stallbohm, Zachary E","Samiei, Aliehsan",,,,,zxs110030,zach stallbohm,Automata Theory 
OPRE,6332,0W1,,7,6,14,2,4,2,4,,,,,2,1,"Ramanathan, Kannan","Zhang, Chen","Wang, Wan-Jung",,,,kxr087000,kannan ramanathan,Spreadsheet Modeling and Analytics 
ENGR,2300,002,14,7,1,,3,2,1,3,4,,,2,5,1,"Al-Dhahir, Naofal M","Marzban, Mohamed F","Elgenedy, Mahmoud A",,,,nxa028000,naofal al dhahir,Linear Algebra for Engineers 
MATH,2417,002,12,2,5,1,2,2,,5,2,1,2,,8,1,"Ahsan, Mohammad K",,,,,,mka120030,mohammad ahsan,Calculus I 
CS,2305,504,8,7,6,4,3,4,2,3,1,,,1,3,1,"Soncodi, Adrian C",,,,,,acs151130,adrian soncodi,
ENGR,3341,001,8,3,8,4,4,3,1,3,3,3,1,,1,1,"Myers, Kathleen","Quayum, Ayon",,,,,kxm156530,kathleen myers,Probability Theory and Statistics 
MECH,6350,001,,9,21,5,4,2,,,,,,,1,1,"Lu, Hongbing","Malakooti, Sadeq",,,,,hxl101000,hongbing lu,Advanced Solid Mechanics 
MATH,2413,017,2,5,2,2,2,6,5,3,3,,1,3,8,1,"Cao, Yan",,,,,,yxc069200,yan cao,Differential Calculus 
ENGR,2300,004,5,9,1,2,6,,1,3,8,,3,,5,1,"Akin, Bilal","Vankayalapati, Bhanu Teja",,,,,bxa123330,bilal akin,Linear Algebra for Engineers 
BA,1100,012,15,6,3,1,6,6,1,1,,,1,,3,1,"McCrady, Victoria D",,,,,,vdm130030,victoria mccrady,Business Basics 
BIOL,2111,012,8,8,2,3,4,3,5,2,4,1,,3,,1,"Srikanth, Uma",,,,,,ukrish,uma srikanth,Introduction to Modern Biology Workshop I 
ENGR,2300,501,6,4,7,5,1,3,1,1,6,1,1,1,6,1,"Khoobroo, Amir","Huliyar Sridhara Murthy, Kusha Sridhar",,,,,axk144831,amir khoobroo,Linear Algebra for Engineers 
ACCT,6333,001,,16,,,18,,,7,,,,,2,1,"Zolton, Kathy","Memon, Sana R",,,,,kxz121730,kathy zolton,Advanced Financial Reporting 
FIN,6307,001,,12,3,10,8,7,,2,,,,,1,1,"Ma, Liping","Guo, Shujian",,,,,lxm133730,liping ma,Mathematical Methods for Finance 
BIOL,2111,003,,7,4,1,14,2,1,10,4,,,,,1,"Burr, John G",,,,,,burr,john burr,Introduction to Modern Biology Workshop I 
MATH,2312,006,4,6,2,5,5,4,6,4,3,1,,,3,1,"Jia, Chen",,,,,,cxj160930,chen jia,Precalculus 
IMS,3310,002,1,8,3,3,12,7,2,6,1,,,,,1,"Woldu, Habte G","Dakshinamoorthy, Sowmika",,,,,wolduh,habte woldu,International Business 
ITSS,3300,0E1,,26,4,6,2,1,2,,1,,,,1,1,"Owens, Sean M","Sun, Geng",,,,,smo150330,sean owens,Information Technology for Business 
HMGT,6402,AH6,,41,,1,,1,,,,,,,,1,"Barden, John P","McCracken, John",,,,,jpb063000,john barden,
BIOL,3161,001,2,14,4,5,7,1,,5,,2,1,1,1,1,"Spiro, Stephen",,,,,,sxs067400,stephen spiro,Biochemistry Workshop I 
BIOL,3161,004,6,13,5,3,4,,4,2,4,1,1,,,1,"Marsh, Robert",,,,,,rmarsh,robert marsh,Biochemistry Workshop I 
BIOL,3161,010,8,16,6,2,6,2,,2,,,,,1,1,"D'Arcy, Sheena",,,,,,sxd156730,sheena darcy,Biochemistry Workshop I 
MATH,2312,005,1,3,2,,8,7,2,2,3,,2,1,12,1,"Jia, Chen",,,,,,cxj160930,chen jia,Precalculus 
PHYS,3416,001,,7,,2,5,6,3,8,,,6,,6,1,"Malko, Anton V","Cheung, Patrick K",,,,,avm074000,anton malko,Electricity and Magnetism 
BLAW,3301,501,,2,12,7,10,7,5,1,,,,,,1,"Green, Rhonda",,,,,,rxg180032,rhonda green,Employment Law 
MKT,3200,001,19,8,8,2,1,2,3,,,,,,1,1,"de los Santos, Veronica",,,,,,vxd171930,veronica de los santos,Introduction to Business and Professional Development 
BIOL,2111,005,4,9,6,1,10,4,1,6,,1,,1,1,1,"Burr, John G",,,,,,burr,john burr,Introduction to Modern Biology Workshop I 
BCOM,4350,008,1,22,8,4,3,1,2,,1,,,,2,1,"Watson, John M","Sethi, Shravik P",,,,,jmw077000,john watson,Advanced Business Communication 
OB,6301,0W1,,34,4,,5,,,,,,,,1,1,"Ziegler, Laurie","Lu, Xi",,,,,ziegler,laurie ziegler,Organizational Behavior 
MATH,2312,004,2,4,2,2,7,7,2,5,4,2,4,,3,1,"Chen, Yong",,,,,,yxc143630,yong chen,Precalculus 
ENTP,6370,0W1,,4,10,10,16,1,1,2,,,,,,1,"Kimzey, Jackie","Aziz, Fasahat",,,,,jxk092000,jackie kimzey,Innovation and Entrepreneurship 
PSCI,4343,001,1,6,,2,13,2,3,3,7,1,4,1,1,1,"Brunell, Thomas","Parker, Misty D",,,,,tlb056000,thomas brunell,Congress and Public Policy 
ACCT,6301,MBP,,20,10,8,2,3,,1,,,,,,1,"Radhakrishnan, Suresh","Tatiparti, Venu Madhav",,,,,sradhakr,suresh radhakrishnan,
BA,3200,001,2,20,7,4,2,1,1,5,1,1,,,,1,"Walton, Michaella",,,,,,mrw170730,,Introduction to Business and Professional Development 
MKT,6301,MBP,,20,4,9,8,1,1,,,,,,1,1,"Rajaratnam, Daniel",,,,,,dxr143430,daniel rajaratnam,
MKT,6301,0W1,,12,13,4,8,3,1,2,,,,,,1,"Biswas, Abhijit","Mostafa, Ahmed H","Kumar, Sumeet",,,,axb019100,abhijit biswas,Marketing Management 
ECS,1100,007,20,12,4,2,2,,2,1,,,1,,1,1,"Ntafos, Simeon",,,,,,ntafos,simeon ntafos,Introduction to Engineering and Computer Science 
EE,3302,001,4,1,7,5,2,3,5,5,3,1,,1,8,1,"Khoobroo, Amir","Arjona Angarita, Ricardo Javier",,,,,axk144831,amir khoobroo,Signals and Systems 
BA,1100,006,2,7,13,3,2,5,4,1,1,,3,1,3,1,"Moore, Sarah E",,,,,,sem054000,sarah moore,Business Basics 
IMS,6204,0W1,,11,12,15,7,,,,,,,,,1,"Woldu, Habte G","Dakshinamoorthy, Sowmika",,,,,wolduh,habte woldu,Global Business 
CS,1136,111,20,8,3,2,1,,1,2,1,,1,,6,1,"Vogel, Don G",,,,,,dgv130030,don vogel,Computer Science Laboratory 
ITSS,3390,001,3,14,14,7,3,3,1,,,,,,,1,"Arora, Vivek","Malpani, Surajkumar Pavankumar",,,,,vxa081000,vivek arora,Web Design and Development for Business Applications 
MECH,4340,001,,8,8,9,9,4,3,3,,,,,1,1,"Park, Wooram","Shah, Shrey H",,,,,wxp103020,wooram park,Mechanical Vibrations 
MUSI,1306,501,18,7,6,2,6,1,1,1,,,3,,,1,"Wilder, James E",,,,,,jew042000,james wilder,Understanding Music 
FIN,3300,001,,8,1,,15,3,,12,,,2,,3,1,"Guttery, Randall","Zhao, Yabo",,,,,rxg112530,randall guttery,Personal Finance 
MATH,2370,002,10,5,1,4,3,1,5,2,,2,1,1,11,1,"McCary, Brady C",,,,,,bcm052000,brady mccary,Introduction to Programming with MATLAB 
ITSS,3200,002,15,7,12,3,2,2,3,,,,,1,1,1,"de los Santos, Veronica",,,,,,vxd171930,veronica de los santos,Introduction to Business and Professional Development 
MATH,2413,015,,1,8,2,7,3,2,3,4,4,1,1,10,1,"Eydelzon, Anatoly",,,,,,axe031000,anatoly eydelzon,Differential Calculus 
MATH,2417,004,11,1,6,3,,6,3,2,3,1,1,1,8,1,"Makhijani, Neha",,,,,,nxm165130,neha makhijani,Calculus I 
HIST,1301,007,14,4,11,2,3,5,1,,1,,1,,4,1,"Varghese, Shawn",,,,,,sxv140730,shawn varghese,U S  History Survey to Civil War 
MUSI,1306,006,5,13,,5,10,,2,3,,,1,,7,1,"Bennett, Rodger",,,,,,rxb180025,rodger bennett,Understanding Music 
MATH,1314,002,,1,3,5,6,,8,7,4,1,2,2,7,1,"Adabrah, Anani Komla",,,,,,aaa130530,anani adabrah,College Algebra 
FIN,3320,001,,6,8,9,3,5,5,4,1,,3,,2,1,"Xiao, Steven","Wang, Yu-Chi",,,,,sxx150930,steven xiao,Business Finance 
BA,1100,001,3,14,7,6,3,5,2,2,,1,1,,2,1,"Moore, Sarah E",,,,,,sem054000,sarah moore,Business Basics 
HLTH,4305,001,1,4,3,5,4,4,2,4,3,3,4,4,4,1,"Stark, Azadeh T",,,,,,ats160030,azadeh stark,Public Health 
MATH,1325,501,4,6,4,3,5,5,3,4,3,2,1,3,3,1,"Neustadter, Laurel",,,,,,lxn160230,laurel neustadter,Applied Calculus I 
MATH,2413,011,1,2,1,9,6,2,8,4,2,,2,1,8,1,"Lou, Yifei",,,,,,yxl145331,yifei lou,Differential Calculus 
MATH,1325,502,6,2,3,2,3,6,6,5,4,2,,1,7,1,"Paudel, Ajaya B",,,,,,abp062000,ajaya paudel,Applied Calculus I 
BMEN,2320,001,11,10,4,8,4,3,3,1,,1,,1,1,1,"Ren, Yao","Stevenson, Hunter",,,,,yxr180008,yao ren,Statics 
MATH,2312,003,2,10,5,2,8,5,3,3,3,1,1,,4,1,"Aman, Kelly",,,,,,kxa143530,kelly aman,Precalculus 
MUSI,1306,001,10,9,6,5,6,2,4,2,,1,1,,1,1,"Jones, Eric",,,,,,exj180003,eric jones,Understanding Music 
FIN,3320,011,3,2,2,5,7,3,7,7,2,2,3,2,2,1,"Han, Munhee",,,,,,mxh142730,munhee han,Business Finance 
FIN,3320,014,,11,4,2,14,,1,5,1,,3,1,5,1,"Manzi, Jeff",,,,,,jxm158130,jeffrey manzi,Business Finance 
MKT,6301,0W2,,5,15,14,8,1,3,1,,,,,,1,"Biswas, Abhijit","Mostafa, Ahmed H","Kumar, Sumeet",,,,axb019100,abhijit biswas,Marketing Management 
OBHR,3330,003,1,6,8,5,12,7,7,1,,,,,,1,"Weekley, Jeff A","Dabir, Alok",,,,,jaw160330,jeff weekley,Introduction to Human Resource Management 
MATH,2418,008,7,6,1,4,3,5,3,3,7,2,4,1,1,1,"Dahal, Rabin",,,,,,rxd153030,rabin dahal,Linear Algebra 
FIN,6308,0W1,,19,5,5,8,5,1,4,,,,,,1,"Lewin, Peter","Suvarna, Namrata C",,,,,plewin,peter lewin,Regulation of Business and Financial Markets 
BIOL,2350,001,9,12,,6,4,,3,4,,1,3,,5,1,"Sapozhnikov, Ilya",,,,,,isapoz,ilya sapozhnikov,Biological Basis of Health and Disease 
MIS,6356,005,,10,14,11,9,3,,,,,,,,1,"Thouin, Mark","Dogaroglu, Seckin",,,,,mxt083000,mark thouin,Business Analytics With R 
MATH,1325,002,4,6,6,5,5,3,5,,1,,4,3,5,1,"Sauter, Alan D",,,,,,ads014500,alan sauter,Applied Calculus I 
OPRE,3310,003,,14,,2,16,,,12,,,2,,,1,"Deluke, Eugene","Qu, Zihao",,,,,gxd052000,eugene deluke,Operations Management 
ACTS,4308,001,,7,6,5,3,4,6,4,5,5,1,,1,1,"Humphreys, Natalia A",,,,,,nah103020,natalia humphreys,Actuarial Financial Mathematics 
SPAU,3344,001,2,,3,3,8,8,4,5,5,2,2,3,3,1,"Powers, Katharine A","Evans, Delaney L",,,,,kap130730,katharine powers,Anatomy and Physiology of Speech and Hearing 
ENGR,3300,501,8,8,,4,8,,5,8,,4,,,3,1,"Nakhaei, Mofid","Nourmohamadi, Hesam",,,,,mxn162630,mofid nakhaei,Advanced Engineering Mathematics 
OBHR,3310,004,6,9,6,6,8,5,4,2,1,,,,1,1,"Ritchey, David B",,,,,,davidr,david ritchey,Organizational Behavior 
OBHR,3310,008,2,13,11,7,5,6,,2,,,2,,,1,"Ritchey, David B",,,,,,davidr,david ritchey,Organizational Behavior 
MATH,1325,003,5,9,9,6,2,4,3,2,1,1,1,1,4,1,"Kehoe, Joselle",,,,,,jxk061000,joselle kehoe,Applied Calculus I 
BMEN,4310,002,5,5,8,6,9,3,3,4,1,,1,,3,1,"Gregg, Robert D","Yeatman, Mark R",,,,,rdg130030,robert gregg,Feedback Systems in Biomedical Engineering 
EE,3310,002,7,16,3,1,5,3,2,4,5,,1,1,,1,"Pourkamali, Siavash","Abousaba, Mohammad F",,,,,sxp124631,siavash pourkamali,Electronic Devices 
IMS,3310,005,,7,6,12,11,2,6,3,,,1,,,1,"Woldu, Habte G","Dakshinamoorthy, Sowmika",,,,,wolduh,habte woldu,International Business 
MKT,3300,018,7,6,10,9,7,5,1,1,,1,1,,,1,"Kasaian, Keyvan",,,,,,kxk153830,,Principles of Marketing 
MATH,2312,001,2,12,6,4,2,3,2,2,,1,2,4,8,1,"Aman, Kelly",,,,,,kxa143530,kelly aman,Precalculus 
MATH,2413,008,4,7,1,3,3,3,2,5,3,3,2,2,10,1,"Aman, Kelly",,,,,,kxa143530,kelly aman,Differential Calculus 
ENGR,3341,005,6,15,7,,6,4,2,6,1,,1,,,1,"Webb, Jennifer H","Qiu, Yuning",,,,,jhw170130,jennifer webb,Probability Theory and Statistics 
CS,1136,101,29,3,3,4,2,1,,,1,,1,,4,1,"Vogel, Don G",,,,,,dgv130030,don vogel,Computer Science Laboratory 
MECO,6303,0W1,,34,3,5,4,2,,,,,,,,1,"Lewin, Peter","Suvarna, Namrata C",,,,,plewin,peter lewin,Business Economics 
MKT,3300,019,3,3,12,6,14,9,1,,,,,,,1,"Lim, Bo Ram",,,,,,bxl131330,bo ram lim,Principles of Marketing 
MATH,2413,024,5,3,3,9,3,1,3,,3,1,3,3,11,1,"Alvarado, Iris",,,,,,ila180000,iris alvarado,Differential Calculus 
ENGR,3300,002,1,10,,1,12,,3,10,3,,5,,3,1,"Lee, Jung S","Baral, Ashwin Bhobani",,,,,jls032000,jung lee,Advanced Engineering Mathematics 
ECON,3330,001,2,13,4,8,8,4,1,2,1,,2,,3,1,"Ketsler, Luba","Colunga Ramos, Luis Fernando",,,,,lxk010300,luba ketsler,Economics of Health 
BUAN,6356,007,,26,14,6,2,,,,,,,,,1,"Chatterjee, Sourav","Gupta, Aabhas",,,,,sxc180075,sourav chatterjee,Business Analytics With R 
MATH,1325,007,3,8,5,5,3,4,3,4,1,2,4,2,4,1,"Kehoe, Joselle",,,,,,jxk061000,joselle kehoe,Applied Calculus I 
ECS,1100,005,25,7,3,2,1,3,2,2,1,,,,3,1,"Alexander, Sky A",,,,,,saa170003,,Introduction to Engineering and Computer Science 
ED,3339,501,10,19,10,3,6,,1,,,,,,,1,"Nelson, Robert E",,,,,,ren011000,robert nelson,Educational Psychology for Teachers 
FIN,3200,002,3,39,2,1,3,,1,,,,,,,1,"Berardi, Caryn S",,,,,,cds110030,caryn berardi,Introduction to Business and Professional Development 
ACCT,6353,0W1,,16,18,6,4,4,,1,,,,,,1,"Solcher, Steven J","Keogh, Reagan D",,,,,sjs107020,steven solcher,Fundamentals of Taxation II 
CS,6375,005,,10,8,13,11,5,,1,,,,,1,1,"Ruozzi, Nicholas R","Li, Changbin",,,,,nrr150130,nicholas ruozzi,Machine Learning 
FIN,3200,001,,34,,3,7,,2,1,,1,,,1,1,"Newcomb, Rebecca G",,,,,,rgn100020,rebecca newcomb,Introduction to Business and Professional Development 
CS,1136,110,22,4,4,4,3,4,,1,3,,1,,4,1,"Vogel, Don G",,,,,,dgv130030,don vogel,Computer Science Laboratory 
CS,4341,003,27,6,3,3,3,1,,1,,,2,,4,1,"DeGroot, Doug",,,,,,dxd180020,doug degroot,Digital Logic and Computer Design 
MECH,2320,002,6,6,10,2,7,3,3,6,2,,2,,3,1,"Minary-Jolandan, Majid","Huang, Jiacheng",,,,,mxm124631,majid minary,Mechanics of Materials 
CS,1136,103,29,3,2,4,2,1,1,,,,2,,6,1,"Vogel, Don G",,,,,,dgv130030,don vogel,Computer Science Laboratory 
PSY,3310,002,,10,9,4,7,2,9,2,1,1,2,1,2,1,"Nelson Taylor, Jackie A","Smith, Olivia",,,,,jan110030,jackie nelson,Child Development 
CS,1336,011,5,6,5,4,7,4,2,5,,,5,4,3,1,"Shields, Charles O",,,,,,cshields,charles shields,Programming Fundamentals 
CS,3377,0W2,11,21,3,4,5,3,1,1,,,,,1,1,"Kapoor, Bhanu","Dong, Hailiang",,,,,bxk101000,bhanu kapoor,C C  Programming in a UNIX Environment 
CS,6301,502,,14,21,8,5,,1,1,,,,,,1,"Redfern, Arthur",,,,,,axr180074,arthur redfern,Special Topics in Computer Science 
FILM,1303,001,,12,19,4,3,5,4,,1,,,,2,1,"Al-Habashneh, Eman Bahjat",,,,,,eba130130,eman al habashneh,Transnational Film and Video 
STAT,3355,001,3,13,6,2,8,1,2,7,2,,1,,5,1,"Ammann, Larry",,,,,,ammann,larry ammann,Data Analysis for Statisticians and Actuaries 
CS,1136,108,21,5,9,3,3,3,2,,,,2,,3,1,"Vogel, Don G",,,,,,dgv130030,don vogel,Computer Science Laboratory 
CS,1336,008,,6,15,9,8,2,,1,4,,2,1,3,1,"Davis, Chris I",,,,,,cid021000,chris davis,Programming Fundamentals 
CS,1336,010,7,12,1,2,4,11,4,3,,4,,,3,1,"Veerasamy, Jeyakesavan",,,,,,veerasam,jeyakesavan veerasamy,Programming Fundamentals 
CS,1336,003,,9,3,10,7,4,4,5,1,1,1,1,5,1,"Shields, Charles O",,,,,,cshields,charles shields,Programming Fundamentals 
ITSS,3300,502,7,5,13,4,8,5,3,2,2,,,,2,1,"Hansen, Atanas Y","Zhu, Wangsheng",,,,,ayt061000,atanas hansen,Information Technology for Business 
CS,1336,001,,3,13,9,6,8,3,2,2,,1,,4,1,"Brandenburg, Jonathan C",,,,,,jcb011200,jonathan brandenburg,Programming Fundamentals 
CS,1136,601,25,5,1,1,3,2,5,1,1,,2,,5,1,"Vogel, Don G",,,,,,dgv130030,don vogel,Computer Science Laboratory 
CS,1336,501,,6,9,6,8,5,2,7,3,,,1,4,1,"Le, Khiem V",,,,,,kvl140030,khiem le,Programming Fundamentals 
ACCT,4342,501,1,4,6,11,11,6,2,4,4,1,,,1,1,"Johnson, Jennifer","Farooqi, Shan A",,,,,jxj091000,jennifer johnson,Analysis and Design of Accounting Systems 
EE,3302,501,15,5,8,4,1,3,7,1,2,1,3,1,1,1,"Ardestani Khoubrouy, Soudeh","Chandra Shekar, Ram Charan M",,,,,sxa074200,soudeh khoubrouy,Signals and Systems 
CS,3360,001,3,12,7,6,11,5,4,1,2,1,,,1,1,"Feng, Ranran","Yu, Xinyue",,,,,rxf090020,ranran feng,Computer Graphics for Artists and Designers 
BLAW,2301,501,,16,11,5,5,5,5,4,1,,,,1,1,"Sutton, Walter L","Koonce, Katherine",,,,,wls015100,walter sutton,Business and Public Law 
MKT,6301,002,,14,11,15,7,6,,,,,,,,1,"Xie, Ying","Saremi, Ehsan",,,,,yxx124930,ying xie,Marketing Management 
BUAN,6356,502,,22,21,3,6,1,,,,,,,,1,"Parker, Jason A","Bodh, Malvika",,,,,jap090020,jason parker,Business Analytics With R 
OPRE,6301,0W1,,29,9,4,7,1,3,,,,,,1,1,"Leach, Sonia E","Hosseinabadi Farahani, Mehdi",,,,,sel120030,sonia leach,Statistics and Data Analysis 
ECS,1100,025,13,5,6,2,2,4,2,2,4,2,2,,11,1,"Favors, Crystal N",,,,,,cnf150030,,Introduction to Engineering and Computer Science 
IMS,3310,007,5,8,15,6,8,7,3,1,2,,,,,1,"Kaur, Vaneet",,,,,,vxk180029,vaneet kaur,International Business 
FIN,3320,013,,17,,,25,,,12,,,1,,,1,"Li, Jun","Wang, Hui",,,,,jxl128031,jun li,Business Finance 
MKT,3300,009,10,10,7,7,7,9,2,3,,,,,,1,"Pahwa, Parneet","Roshangarzadeh, Reza","Qian, Kun",,,,pxp030100,parneet pahwa,Principles of Marketing 
ENTP,3301,002,,2,5,8,11,11,8,7,1,,,,2,1,"Kimzey, Jackie",,,,,,jxk092000,jackie kimzey,Innovation and Entrepreneurship 
FIN,3320,012,,19,,,21,,,14,,,1,,,1,"Li, Jun","Wang, Hui",,,,,jxl128031,jun li,Business Finance 
FIN,3320,010,,11,5,4,11,4,1,7,4,1,4,,3,1,"Cordell, David M","Kirk, Steven B",,,,,dmc012300,david cordell,Business Finance 
MKT,3300,010,2,6,8,9,11,3,5,9,1,,,1,,1,"Wu, Fang","Zihagh, Fereshteh",,,,,fxw052000,fang wu,Principles of Marketing 
MIS,6309,001,,10,16,10,9,5,2,,,,,,1,1,"Bradbury, Judd D","Sharma, Aman",,,,,jdb101000,judd bradbury,Business Data Warehousing 
ECON,4355,001,6,8,4,3,6,6,6,4,2,4,2,1,4,1,"Li, Dong","Hou, Aoyu",,,,,dxl145430,dong li,Econometrics 
SOC,3342,0W1,8,26,,6,11,,1,1,1,,1,,1,1,"Malek-Ahmadi, John H",,,,,,jhm110020,john malek ahmadi,The Life Cycle 
ITSS,3300,004,2,10,11,3,10,5,2,5,2,2,2,,2,1,"Stephens, Timothy G","Xie, Si",,,,,tgs170130,timothy stephens,Information Technology for Business 
CS,3377,0W3,10,18,9,6,5,3,5,,,,,,,1,"Kapoor, Bhanu","Lozano Carrillo, Juan Camilo",,,,,bxk101000,bhanu kapoor,C C  Programming in a UNIX Environment 
CS,1136,114,21,7,2,2,3,6,1,2,1,,1,,10,1,"Vogel, Don G",,,,,,dgv130030,don vogel,Computer Science Laboratory 
BUAN,6356,003,,31,13,3,9,1,,,,,,,,1,"Parker, Jason A","Bodh, Malvika",,,,,jap090020,jason parker,Business Analytics With R 
CS,1336,006,4,4,4,10,15,5,3,4,1,1,,2,3,1,"Thompson, Laurie A",,,,,,lthomp,laurie thompson,Programming Fundamentals 
CS,1136,106,31,7,2,4,2,1,,2,2,,2,,4,1,"Vogel, Don G",,,,,,dgv130030,don vogel,Computer Science Laboratory 
ECS,1100,008,27,11,,7,2,3,1,3,1,,1,,2,1,"Williams, Jaleah",,,,,,jxw161630,jaleah williams,Introduction to Engineering and Computer Science 
AMS,4385,0W1,13,12,11,3,6,3,,3,,,1,,6,1,"Winstead, Elizabeth L",,,,,,lwm061000,elizabeth winstead,Professional Communications in Business 
MIS,6382,002,,23,17,7,10,1,,,,,,,,1,"Srinivasan, Srimathi","Gupta, Aabhas",,,,,sxs180206,srimathi srinivasan,Object Oriented Programming in Python 
ACCT,2301,004,15,12,3,11,6,2,6,,,,1,1,1,1,"Hou, Liya",,,,,,lxh110020,liya hou,Introductory Financial Accounting 
STAT,3360,002,8,9,5,1,10,7,4,5,2,,1,,6,1,"Koshevnik, Yuly","Langford, John","Lutz, Kevin C",,,,yxk055000,yuly koshevnik,Probability and Statistics for Management and Economics 
SOC,4372,0W1,24,8,5,9,1,2,2,1,1,2,,,3,1,"Cheun, Jacquelyn J",,,,,,jjc150830,jacquelyn cheun,Health and Illness 
CS,6363,003,,12,10,19,9,5,2,,,,,,1,1,"Chandrasekaran, Ramaswamy","Gour, Riti",,,,,chandra,ramaswamy chandrasekaran,Design and Analysis of Computer Algorithms 
BUAN,6341,001,,10,28,18,1,,,1,,,,,,1,"Sohaee, Nassim","Patel, Mehul G",,,,,nxs045000,nassim sohaee,Applied Machine Learning 
ECS,1100,014,25,8,7,6,3,5,2,2,,,,,,1,"Croasdale Woudwyk, Andrea",,,,,,axc169230,andrea croasdale woudwyk,Introduction to Engineering and Computer Science 
BIOL,3370,001,11,16,5,4,5,7,4,3,2,,1,,,1,"Hill, Brenna R",,,,,,brh140230,brenna hill,Exercise Physiology 
EE,4301,001,6,5,5,3,7,9,12,7,4,,,,1,1,"Coleman, Ann C","Chen, Jianfei",,,,,acc130630,ann coleman,Electromagnetic Engineering I 
FIN,3330,002,8,23,,6,15,,2,4,,1,,,,1,"Chapman, Juliann G","Nguyen, Khiem B",,,,,jgc160130,juliann chapman,Personal Financial Planning 
MECH,3310,002,4,8,11,17,11,7,,1,,,,,,1,"Ouyang, Hui","Wang, Yang","Sarma, Jyotirmoy",,,,hxo150330,hui ouyang,Thermodynamics 
ITSS,3300,001,11,11,9,4,7,7,2,1,,3,,1,3,1,"Haseman, Charles","Luo, Ning",,,,,cxh180018,charles haseman,Information Technology for Business 
OPRE,3310,0W2,2,18,,,18,,1,14,,,5,,1,1,"Deluke, Eugene","Li, Hehe",,,,,gxd052000,eugene deluke,Operations Management 
OPRE,3310,0W1,2,22,,1,13,,1,17,,,2,,1,1,"Deluke, Eugene","Li, Hehe",,,,,gxd052000,eugene deluke,Operations Management 
MECO,6303,501,,18,21,4,8,7,,,,,,,1,1,"Kiser, Stephen L","Wang, Yu-Chi",,,,,slk012100,stephen kiser,Business Economics 
ITSS,3311,002,7,11,4,6,,3,5,4,3,3,5,3,5,1,"Narayanasami, Priya","Ozdemir, Dicle Yagmur",,,,,pxn173330,priya narayanasami,Introduction to Programming 
ITSS,3311,003,14,10,9,14,8,4,,,,,,,,1,"Mehta, Sameer",,,,,,sxm159630,sameer mehta,Introduction to Programming 
ACCT,6333,PP1,,22,,,29,,,9,,,,,,1,"Zolton, Kathy","Memon, Sana R",,,,,kxz121730,kathy zolton,Advanced Financial Reporting 
CS,1136,115,20,9,4,4,2,2,4,1,2,,3,,9,1,"Vogel, Don G",,,,,,dgv130030,don vogel,Computer Science Laboratory 
BUAN,6356,001,,33,14,4,6,3,,,,,,,,1,"Parker, Jason A","Bodh, Malvika","Malpani, Surajkumar Pavankumar",,,,jap090020,jason parker,Business Analytics With R 
SOC,1301,0W1,19,21,7,2,4,2,1,1,,,,1,1,1,"Simoni, Zachary","Burger, Charis M",,,,,zrs160030,zachary simoni,Introduction to Sociology 
ECS,1100,011,27,6,8,4,3,4,2,2,,2,,,3,1,"Sharman, Whitney",,,,,,wxs180011,,Introduction to Engineering and Computer Science 
HMGT,3301,002,12,16,9,9,5,4,2,2,,,,,2,1,"Walton, James W",,,,,,jww160330,james walton,Introduction to Healthcare Management 
CS,2305,001,3,8,13,10,7,4,3,4,1,2,4,1,1,1,"Feng, Ranran",,,,,,rxf090020,ranran feng,Discrete Mathematics for Computing I 
CS,4393,001,2,13,10,13,6,7,2,4,4,,,,,1,"Nguyen, Nhut","Tran, Trung Hieu",,,,,nhutnn,nhut nguyen,Computer and Network Security 
CS,6359,002,,8,39,14,,,,,,,,,,1,"Nouroz Borazjany, Mehra","Tian, Zijing",,,,,mxn143230,mehra borazjany,Object-Oriented Analysis and Design 
FIN,3330,501,5,24,,5,13,,5,6,,1,2,,1,1,"Chapman, Juliann G","Nguyen, Khiem B",,,,,jgc160130,juliann chapman,Personal Financial Planning 
EE,1202,001,15,7,6,5,7,3,6,5,2,,,,6,1,"Cogan, Diana L",,,,,,dcc095020,diana cogan,Introduction to Electrical Engineering II 
CS,1336,015,4,9,10,5,8,1,1,2,2,,4,3,13,1,"Paulk, Mark C",,,,,,mcp130030,mark paulk,Programming Fundamentals 
CS,6360,002,,14,16,22,7,3,,,,,,,,1,"Yuruk, Nurcan","Zhou, Husheng",,,,,nxy140530,nurcan yuruk,Database Design 
ACCT,6350,501,,23,26,9,2,1,,,,,,,,1,"Solcher, Steven J","Keogh, Reagan D",,,,,sjs107020,steven solcher,Fundamentals of Taxation I 
ACCT,2302,001,,25,6,12,9,1,2,2,,,2,,4,1,"Kale, Devendra",,,,,,ddk140030,,Introductory Management Accounting 
PSCI,4377,001,,5,12,22,16,4,2,1,1,,,,,1,"Stewart, Marianne","Dzanie, Raphael K",,,,,mstewart,marianne stewart,Women and Politics 
CS,2336,001,37,4,8,1,,4,2,,,,1,1,5,1,"Nouroz Borazjany, Mehra",,,,,,mxn143230,mehra borazjany,Computer Science II 
ACCT,3341,002,8,13,17,14,7,2,2,1,,,,,,1,"Mauriello, Joseph A",,,,,,jam151430,joseph mauriello,Cost Management Systems 
OPRE,3310,006,5,20,,12,15,,10,,,1,,,1,1,"Widdifield, David S","Ravindran, Manojraj",,,,,dsw180001,david widdifield,Operations Management 
ITSS,4353,501,15,18,14,8,6,2,,,1,,,,,1,"Rao, Mukund","Tunc, Murat M",,,,,mxr170008,mukund rao,Business Analytics 
HUMA,1301,001,35,5,6,6,7,2,3,,1,1,,,,1,"Ingrao, Peter J","Thomas, Kathryn E",,,,,jingrao,peter ingrao,Exploration of the Humanities 
MECH,4301,001,4,15,5,10,10,13,,8,,,,,1,1,"Ryu, III","Aragon, Nicole K",,,,,ixr161130,,Intermediate Mechanics of Materials 
MIS,6309,002,,22,21,7,10,3,3,,,,,,,1,"Islam, Naser","Pawar, Dhairya Dhanaji","Dheram, Geyasruti",,,,nxi110630,naser islam,Business Data Warehousing 
CS,6375,004,,30,26,11,,,,,,,,,,1,"Nagar, Anurag","Yan, Siwen",,,,,axn112530,anurag nagar,Machine Learning 
BMEN,3320,001,8,10,6,9,8,4,4,4,3,,,,11,1,"Ali, Tariq M",,,,,,tma051000,tariq ali,Electrical and Electronic Circuits in Biomedical Engineering 
CRIM,3323,0W1,,10,6,6,11,14,4,9,1,3,2,2,,1,"Kovandzic, Tomislav","Han, Sungil",,,,,tvk071000,tomislav kovandzic,Violence and Gun Control 
CS,2336,006,22,3,15,7,8,6,2,,,,,2,3,1,"Nouroz Borazjany, Mehra",,,,,,mxn143230,mehra borazjany,Computer Science II 
HUMA,1301,007,,8,3,8,12,8,6,10,1,,2,,10,1,"Mortensen, Joan",,,,,,jmorten,joan mortensen,Exploration of the Humanities 
PSY,4346,002,,22,,,34,,,10,,,1,,1,1,"Reid, Jon K",,,,,,jkr150330,jon reid,Human Sexuality 
CS,4301,001,,5,19,15,11,5,6,2,2,1,,1,1,1,"Mazidi, Karen J","Rudhraraju, Anshula V",,,,,kjm160430,karen mazidi,Special Topics in Computer Science 
HUMA,1301,006,36,14,6,2,4,4,1,1,1,,,,,1,"Ingrao, Peter J","Koo, So Y",,,,,jingrao,peter ingrao,Exploration of the Humanities 
SOC,3321,0W1,7,8,18,13,7,7,4,2,2,,,,1,1,"Lanham, Carol C","Burger, Charis M",,,,,ccl054000,carol lanham,Deviance 
NSC,3361,002,6,9,19,8,6,6,4,2,5,,2,2,1,1,"Sultana, Rukhsana","Miranda, Giuseppe G",,,,,rxs170431,rukhsana sultana,Introduction to Neuroscience 
PSY,3392,002,2,16,12,7,10,5,6,5,3,2,,,2,1,"Grant, Meridith G","Pattisapu, Candice N",,,,,mga061000,meridith grant,Research Design and Analysis 
MECH,2310,002,2,19,6,2,16,3,5,5,4,3,1,2,3,1,"Thamban, P.L.Stephan","Pandey, Binay J",,,,,stephan,p l stephan thamban,Statics 
CRIM,3319,001,37,14,7,5,4,2,,,1,,,,1,1,"Polk, Elmer O","Yim, Haneul",,,,,peo091000,elmer polk,Comparative Justice Systems 
CS,4361,001,6,17,12,6,16,3,2,4,3,,,1,1,1,"Kumar, Pushpa S","Yuan, Jing",,,,,pkumar,pushpa kumar,Computer Graphics 
OPRE,6301,006,,33,3,24,9,,2,1,,,,,,1,"Sethi, Awanti","Vegunta, Sri Mrudula",,,,,asethi,awanti sethi,Statistics and Data Analysis 
CS,3305,501,8,23,6,9,5,5,5,5,1,1,,,5,1,"Willson, James K",,,,,,jkw053000,james willson,Discrete Mathematics for Computing II 
MECH,3315,001,2,9,15,23,9,6,6,,2,,,1,,1,"Anderson, William C","Garcia Cartagena, Edgardo J",,,,,wca140030,william anderson,Fluid Mechanics 
OPRE,3310,005,2,8,9,11,11,9,7,8,5,2,,,1,1,"Subramoniam, Ramesh","Qu, Zihao",,,,,rxs179630,ramesh subramoniam,Operations Management 
HLTH,3101,0W3,,57,,,13,,,2,,,,,2,1,"Sandon, Lona",,,,,,lxs095000,lona sandon,Medical Terminology 
ACCT,2302,003,1,26,,9,30,4,,2,1,,,,1,1,"Cohen, Daniel A","Walker, Jacob N",,,,,dac101000,daniel cohen,Introductory Management Accounting 
OPRE,6301,010,,39,19,6,8,2,,,,,,,,1,"Leach, Sonia E","Hosseinabadi Farahani, Mehdi",,,,,sel120030,sonia leach,Statistics and Data Analysis 
HLTH,3310,001,1,8,20,11,15,8,4,4,1,,1,,2,1,"Duquaine-Watson, Jill M",,,,,,jmw087000,jillian duquaine watson,Health Care Issues  Global Perspectives 
OPRE,6301,011,,15,20,14,12,3,7,4,,,,,,1,"Toptal, Aysegul","Kulkarni, Nilay A",,,,,axt083100,aysegul toptal,Statistics and Data Analysis 
OPRE,6301,004,,19,16,18,10,2,7,1,,,,,2,1,"Toptal, Aysegul","Kulkarni, Nilay A",,,,,axt083100,aysegul toptal,Statistics and Data Analysis 
CS,4352,0W1,37,16,15,2,1,2,3,,,,,,,1,"Orrick, Erika D","Guo, Jinghui",,,,,edo042000,erika orrick,
OPRE,3360,007,5,11,11,20,11,6,3,2,4,,,,3,1,"Naseri Taheri, Mohammad","Jin, Siyu",,,,,mxn121930,mohammad naseri,Managerial Methods in Decision Making Under Uncertainty 
OPRE,6301,007,,33,1,13,20,3,2,2,,,,,2,1,"Brussolo, Monica E","Zangeneh Madar, Zeinab",,,,,meb049000,monica brussolo,Statistics and Data Analysis 
OPRE,6302,004,,22,18,3,20,5,6,2,,,,,1,1,"Honhon, Dorothee B","Khandelwal, Kumar Manglam",,,,,dbh130130,dorothee honhon,Operations Management 
OPRE,6301,005,,33,5,14,16,2,1,4,,,,,3,1,"Brussolo, Monica E","Zangeneh Madar, Zeinab",,,,,meb049000,monica brussolo,Statistics and Data Analysis 
OPRE,6301,001,,33,3,16,17,2,5,2,,,,,,1,"Brussolo, Monica E","Zangeneh Madar, Zeinab",,,,,meb049000,monica brussolo,Statistics and Data Analysis 
OPRE,3360,003,6,10,11,6,7,7,6,4,2,3,5,1,11,1,"Ahadi, Khatereh","Huang, Wei Chuan",,,,,kxa180010,khatereh ahadi,Managerial Methods in Decision Making Under Uncertainty 
OPRE,3360,501,8,23,,24,20,,,3,,,,,1,1,"Qi, Anyan","Chen, Jiayu",,,,,axq140430,anyan qi,Managerial Methods in Decision Making Under Uncertainty 
CS,6313,002,,77,6,,,,,,,,,,,1,"Akcora, Cuneyt G",,,,,,cxa123230,,Statistical Methods for Data Science 
HIST,3337,001,,15,14,17,8,13,5,4,3,4,,1,2,1,"Channell, David","Minich, Joseph T",,,,,channell,david channell,Technology and Western Civilization 
CLDP,3332,001,,25,1,5,31,,,18,,,6,,1,1,"Holub, Shayla C",,,,,,sch052000,shayla holub,Social and Personality Development 
BLAW,2301,004,,13,11,6,11,6,11,13,8,,5,,4,1,"Betanzos, Christina L","Keogh, Reagan D",,,,,clb120030,christina betanzos,Business and Public Law 
PSY,4343,002,26,20,5,12,9,5,4,1,,,2,,4,1,"Schwark, Gayle","Adelson, Megan J",,,,,gxs180015,gayle schwark,Abnormal Psychology 
HIST,1301,003,,3,9,7,14,12,8,9,5,2,5,7,8,1,"Johnson, Yvonne","Hoosein, Nausheen",,,,,yxj172130,yvonne johnson,U S  History Survey to Civil War 
PSCI,4347,001,10,28,19,5,14,3,,3,3,,1,1,3,1,"Larue, Patrick","Das, Soham",,,,,pxl111020,patrick larue,The War on Drugs 
MATH,2415,003,22,11,8,6,9,4,4,3,5,1,6,2,10,1,"Dahal, Rabin",,,,,,rxd153030,rabin dahal,Calculus of Several Variables 
CS,3341,003,26,14,8,3,9,2,6,8,2,4,4,1,6,1,"Whalen, Tristan G","Jiang, Tian",,,,,tgw100020,tristan whalen,Probability and Statistics in Computer Science and Software Engineering 
CS,3340,502,,4,7,11,14,19,10,8,8,7,2,3,4,1,"Mazidi, Karen J",,,,,,kjm160430,karen mazidi,
PSY,3310,001,,76,,,16,1,,4,,,,,,1,"Touchstone, Emily W","Fowler, Mariah L",,,,,exw010200,emily touchstone,Child Development 
MAS,6102,006,,,,,,,,,,,,,3,1,"Jones, Royce E",,,,,,rxj111030,,Professional Development 
ECS,3361,501,,5,15,21,20,17,11,5,2,1,,1,,1,"Wilt, James C",,,,,,jcw140130,james wilt,Social Issues and Ethics in Computer Science and Engineering 
ARTS,1301,002,9,13,30,15,12,11,1,3,2,,,,3,1,"DeWitte, Debra J","Guyot, Natacha",,,,,djd011500,debra dewitte,Exploration of the Arts 
ECS,3361,001,9,32,19,17,15,2,2,,,2,1,,,1,"Mezenner, Rabah",,,,,,rxm129730,rabah mezenner,Social Issues and Ethics in Computer Science and Engineering 
ECS,3361,004,2,8,17,21,12,23,2,9,3,1,,,1,1,"Wilt, James C",,,,,,jcw140130,james wilt,Social Issues and Ethics in Computer Science and Engineering 
MAS,6102,003,,,,,,,,,,,,,4,1,"Wilkerson, Cassandra",,,,,,cxw170000,cassandra wilkerson,Professional Development 
PHYS,1302,001,10,14,21,7,9,5,6,15,8,5,2,,1,1,"Lee, Mark","Timms, Christopher I","Mcgarry, Michael P",,,,mxl101000,mark lee,College Physics II 
ISNS,2367,0W2,30,32,14,13,3,7,2,1,6,,3,1,7,1,"Pujana, Ignacio","Zhang, Shuo",,,,,pujana,ignacio pujana,The Oceans 
NSC,4352,001,20,31,21,9,7,8,8,5,5,2,2,,2,1,"Raboune, Siham","Turner, Monroe P",,,,,sxr180071,siham raboune,Cellular Neuroscience 
SPAU,3301,001,11,32,14,13,22,8,9,7,1,3,2,,,1,"Walsh, Diane G","Boone, Melissa N",,,,,dxg022000,diane walsh,Communication Disorders 
PSY,3331,001,,38,4,8,16,20,10,10,6,,4,,12,1,"Huxtable-Jester, Karen J","Wu, Sining",,,,,kxh014900,karen huxtable jester,Social Psychology 
STAT,2332,001,9,30,21,17,17,4,9,14,5,1,1,,1,1,"Konietschke, Frank","Cao, Cong",,,,,fxk141230,frank konietschke,Introductory Statistics for Life Sciences 
PSY,3333,001,26,18,21,22,19,11,13,5,2,1,1,,1,1,"Barfoot, John W",,,,,,jwb043000,john barfoot,Approaches to Clinical Psychology 
CHEM,2323,006,22,43,6,11,14,12,11,10,3,4,3,,6,1,"Panapitiya, Nimanka P",,,,,,npp081000,nimanka panapitiya,Introductory Organic Chemistry I 
HLTH,3101,0W2,,139,,,8,,,,,,3,,,1,"Sandon, Lona",,,,,,lxs095000,lona sandon,Medical Terminology 
PSY,3361,001,8,14,26,19,15,30,7,10,8,7,7,1,11,1,"Wig, Gagandeep S","Agres, Phillip F",,,,,gsw130130,gagan wig,Cognitive Psychology 
PSY,2301,001,,55,39,16,21,12,13,6,5,5,3,2,1,1,"Sasson, Noah J","Villarreal, Deyaun L",,,,,njs092000,noah sasson,Introduction to Psychology 
NSC,4373,001,,149,7,2,1,1,,,,,,,,1,"Moller, Aage R","Garner, Katherine M",,,,,amoller,aage moller,Sensory Neuroscience 
PSY,4343,001,64,85,39,20,22,8,4,,1,3,2,2,1,1,"Schwark, Gayle","Adelson, Megan J",,,,,gxs180015,gayle schwark,Abnormal Psychology 
GOVT,2306,003,84,64,48,21,21,20,16,3,5,3,6,2,4,1,"Lowe, Evan","Zengin, Abdullah Furkan","Mutesi, Mireille","Gutierrez Mannix, Carlos Daniel",,,exl171930,evan lowe,State and Local Government 
GOVT,2306,001,75,56,61,23,16,27,11,6,6,4,1,3,9,1,"Lowe, Evan","Zengin, Abdullah Furkan","Gutierrez Mannix, Carlos Daniel","Mutesi, Mireille",,,exl171930,evan lowe,State and Local Government 
CE,3345,004,2,1,,,,,,,1,,,,4,2,"Raghavachari, Balaji","Li, Xiaodi",,,,,rbk,balaji raghavachari,Data Structures and Introduction to Algorithmic Analysis 
BIOL,3101,005,,1,1,,,1,,4,,,1,,1,2,"Hannig, Ernest",,,,,,hannig,ernest hannig,Classical and Molecular Genetics Workshop 
CE,3101,105,,4,1,1,1,,,2,,,,,,2,"Friedman, Joseph S","Li, Chen","Nahar, Lubaba M",,,,jsf160330,joseph friedman,Electrical Network Analysis Laboratory 
HCS,7382,001,,2,6,1,,,1,,,,,,,2,"Kane, Heidi S",,,,,,hsk140330,heidi kane,Health Psychology 
BMEN,3120,102,,2,2,1,3,1,,,,,1,,,2,"Winter, Patrick M","Lam, Kevin Hao Su","Atmaramani, Rahul","Abbott, Justin","Ganguly, Antra",,pxw151030,patrick winter,Biomedical Circuits and Instrumentation Laboratory 
GEOS,3464,001,,4,2,2,1,1,,,,,,,,2,"Stern, Robert","Newman, Jordan W",,,,,rjstern,robert stern,Igneous and Metamorphic Petrology 
PA,6387,0W1,,8,1,,1,,,,,,,,,2,"Maxwell, Sarah P",,,,,,spm092000,sarah maxwell,Strategic Planning for Nonprofit 
ARTS,2381,001,1,5,5,,,,,,,,,,,2,"Cochran, Kristen N",,,,,,knc103020,kristen cochran,Introduction to Sculpture 
MUSI,3388,001,,6,,1,2,1,,,,,1,,1,2,"Medrick, Mary A",,,,,,mam017200,mary medrick,Piano II 
PHYS,2422,HN1,7,2,2,2,,,,,,,,,,2,"Zhang, Fan","Cheung, Patrick K",,,,,fxz140930,fan zhang,Honors Physics II - Electromagnetism and Waves 
BMEN,1208,002,,,,1,2,2,1,2,2,1,,,2,2,"Meyer, Clark A","Li, Shichang",,,,,cam140130,clark meyer,Introduction to Bioengineering II 
BPS,6332,501,,9,,,4,,,,,,,,,2,"Dess, Gregory","Kim, Dong Shin",,,,,ggd021000,gregory dess,Strategic Leadership 
MKT,4332,002,,2,1,1,5,3,,1,,,,,,2,"Gafford, Jerome M",,,,,,jmg171130,jerome gafford,Advanced Personal Selling 
MATH,1326,007,1,2,2,,,,2,4,2,,,,,2,"Rice, David",,,,,,dxr143630,david rice,Applied Calculus II 
PSY,3393,006,1,3,4,,2,,,,1,1,,,1,2,"Lockhart, Jessica M","Knoch, Desiree'",,,,,jml161330,jessica lockhart,Experimental Projects in Psychology 
CS,6343,001,,6,2,3,3,,,,,,,,,2,"Yen, I-Ling",,,,,,ilyen,yen i ling,Cloud Computing 
AP,3340,001,,8,2,2,1,2,,,,,,,,2,"Goode, Dianne H",,,,,,dgoode,dianne goode,Writing in the Arts 
ATCM,4365,003,1,6,2,,1,,2,1,1,,,,1,2,"Christopher, Timothy V",,,,,,khimbar,timothy christopher,Game Design II 
MUSI,2328,002,1,7,,1,3,1,,1,,,,,2,2,"Mcvay, Michael",,,,,,mjm031000,michael mcvay,Music Theory I 
ARTS,1316,003,5,1,4,,2,1,,1,1,,,,1,2,"Booker, Rebecca M",,,,,,pdb041000,,Drawing Foundations 
MUSI,2317,002,1,11,1,,1,1,,1,,,,,,2,"Medrick, Mary A",,,,,,mam017200,mary medrick,Piano I 
ECS,3390,011,,3,5,2,2,3,,,,,1,,,2,"Ryan, Christopher J",,,,,,cxr088000,christopher ryan,Professional and Technical Communication 
SE,3377,0W1,,,,2,4,2,2,3,2,1,,1,,2,"Min, Richard K","Li, Yi",,,,,rkm010300,richard min,C C  Programming in a UNIX Environment 
PSY,3350,001,,5,3,1,2,1,2,2,,,,,1,2,"Ulatowska, Hanna K",,,,,,hanna,hanna ulatowska,Psychology of Communication 
MATH,1326,008,2,2,,3,5,1,,1,,,2,,1,2,"Anderson, Bill",,,,,,bxa180011,bill anderson,Applied Calculus II 
RHET,1302,004,,5,2,2,2,,,1,1,,,,4,2,"Jimenez, Jose",,,,,,jxj105220,jose jimenez justiniano,Rhetoric 
ECS,3390,0H1,2,6,3,2,,1,1,,1,,,,1,2,"Schlobohm, Maribeth L",,,,,,mls077000,maribeth (betsy) schlobohm,Professional and Technical Communication 
CHIN,1311,002,5,4,5,,,1,1,1,,,,1,,2,"Shi, Shuai",,,,,,sxs180130,shuai shi,Beginning Chinese I 
ATCM,3370,001,,3,2,4,5,1,1,1,,1,,,,2,"Lewis, Timothy M",,,,,,tml062000,timothy lewis,Virtual Environments 
PPPE,6301,001,,10,3,,2,3,,,,,,,,2,"Bunte, Jonas B",,,,,,jbb130330,jonas bunte,Political-Economic Theories 
FIN,3320,5E1,,4,2,3,5,2,1,1,,,,,,2,"Khanapure, Revansiddha B",,,,,,rbk160130,revansiddha khanapure,Business Finance 
RHET,1302,502,,7,4,,3,3,,,,,1,,,2,"Hamilton, Cristen",,,,,,cch073000,cristen hamilton,Rhetoric 
ACCT,6334,0W1,,4,,,8,2,,4,,,,,1,2,"Linsteadt, Chris C",,,,,,ccl019000,chris linsteadt,Auditing 
THEA,2372,002,,13,5,,1,,,,,,,,,2,"Lingo, Kathy A",,,,,,klingo,kathy lingo,Improvisation 
RHET,1302,006,4,3,2,1,1,3,,,,,1,1,3,2,"Ocasio-Russe, Lizbette",,,,,,lxo160130,lizbette ocasio russe,Rhetoric 
RHET,1302,033,3,6,6,2,1,,,,,,,,1,2,"Berry, Tracey R",,,,,,txb112130,tracey berry,Rhetoric 
CHEM,1112,103,4,8,2,1,3,,,,,,1,,1,2,"Hashami, Zohreh","Malekpour, Soheil",,,,,zxh088000,zohreh hashami,General Chemistry Laboratory II 
CE,3301,002,,8,,,,,,4,,,8,,,2,"Fahimi, Babak","Liang, Jingchen",,,,,bxf102000,babak fahimi,Electrical Network Analysis 
ENTP,4330,001,,5,2,1,6,4,,,2,,,,,2,"Wright, Robert G",,,,,,rgw091000,robert wright,Entrepreneurial Marketing 
ACCT,6353,501,,4,2,2,4,2,1,5,,,,,,2,"Gamino, John P",,,,,,jpg140630,john gamino,Fundamentals of Taxation II 
EPPS,6313,502,,7,4,7,2,1,,,,,,,,2,"Palao Mendizabal, Agustin","Islam, Iftekhairul",,,,,axp121731,agustin mendizabal,Introduction to Quantitative Methods 
ED,4358,0W1,3,6,1,1,2,1,3,,,,1,,3,2,"Root, Alexey",,,,,,aroot,alexey root,Chess I  Using Chess in Schools 
IMS,6310,501,,3,5,8,4,,1,,,,,,,2,"Lee, Seunghyun","Lee, Minjung",,,,,sxl029100,,International Marketing 
MATH,1326,006,1,2,2,4,1,4,3,,1,2,,,1,2,"Mussa, Derege",,,,,,dxm146130,derege mussa,Applied Calculus II 
PSCI,4396,501,1,2,4,1,5,1,2,3,2,,,,,2,"Saucedo De La Fuente, David",,,,,,dxs144830,,Selected Topics in Government and Politics 
COMM,1315,5H1,1,3,4,3,1,3,2,2,,,,1,1,2,"Warren, Jason L",,,,,,jxw174630,jason warren,Public Speaking 
AP,3300,501,9,5,2,,4,,,,1,,,,1,2,"Curchack, Fred",,,,,,curchack,fred curchack,Elements of Art and Performance 
CHEM,1112,102,1,4,3,5,4,2,,,,1,,1,1,2,"Qin, Yanping","Ball, Darby J",,,,,yxq083000,yanping qin,General Chemistry Laboratory II 
BIS,3320,004,2,9,6,2,,2,,,,,,2,,2,"Hudson, Jennifer M",,,,,,jxh100220,jennifer hudson,The Nature of Intellectual Inquiry 
BIOL,3312,001,7,1,4,2,2,1,1,,2,1,,,2,2,"Morcos Gonzalez, Alonso","Jiang, Xianli",,,,,afg150230,,Introduction to Programming for Biological Sciences 
RHET,1302,027,1,7,6,3,1,1,1,1,,,1,,1,2,"Crawford, Rachel",,,,,,rxc161430,rachel crawford,Rhetoric 
CE,2310,501,6,4,2,,4,1,,1,,,1,1,3,2,"Dodge, Nathan B",,,,,,dodge,nathan dodge,Introduction to Digital Systems 
FIN,3305,001,,10,,,3,,,6,,,5,,,2,"Guttery, Randall","Zhao, Yabo",,,,,rxg112530,randall guttery,Real Estate Principles 
BIOL,3456,304,,5,4,3,2,,3,4,2,,,1,,2,"Wilson, Michelle","Yu, Wen H","Sivakolundu, Dinesh Keran",,,,mxw084000,michelle wilson,Human Anatomy and Physiology with Lab II 
ARHM,1100,302,7,9,,1,1,,,,1,,1,1,3,2,"Gray, Megan L",,,,,,mlg105020,megan gray,First Year Seminar 
COMM,1315,0H2,15,4,1,,,1,,1,3,,,,,2,"Saenz, Michael A",,,,,,mas130030,michael saenz,Public Speaking 
CHEM,1111,121,5,7,4,2,1,,1,1,,,,1,3,2,"Zhang, Naifu",,,,,,nxz160730,,General Chemistry Laboratory I 
CS,4398,001,5,2,1,2,4,1,1,3,1,,4,,1,2,"Gupta, Neeraj K","Zhang, Shuai",,,,,nkg140130,neeraj gupta,Digital Forensics 
ATCM,3308,001,,2,1,6,4,,1,,3,1,,,7,2,"Johnson, Casey A",,,,,,caj150430,casey johnson,Rigging I 
COMM,1315,0H1,15,6,,1,1,,1,,,1,,,1,2,"Saenz, Michael A",,,,,,mas130030,michael saenz,Public Speaking 
ATCM,3368,001,3,3,3,3,3,3,,1,1,,2,,4,2,"Koknar, Cenk",,,,,,cxk151530,,Scripting for Games I 
GEOG,3377,501,3,7,3,7,5,,1,,,,,,,2,"Vakulenko, Irina","Chen, Meifang",,,,,iav081000,irina vakulenko,Urban Planning and Policy 
PHYS,2125,120,4,13,3,2,2,,,,2,,,,,2,"Sun, Kuei","Zheng, Peng Peng",,,,,kxs147030,kuei sun,Physics Laboratory I 
BIOL,3388,001,4,6,7,3,3,2,,1,,,,,,2,"Rippel, Scott A",,,,,,rippel,scott rippel,Honey Bee Biology 
ATCM,3307,001,,1,1,8,3,4,3,1,1,2,1,1,1,2,"McCord, Peter A",,,,,,pam062000,peter mccord,Lighting and Composition I 
ATCM,3350,003,1,23,1,,,,,,,,,,2,2,"Terry, Dean",,,,,,dxt023000,,Digital Video Production I 
ATCM,3307,002,,,9,7,4,2,2,2,,,,,1,2,"McCord, Peter A",,,,,,pam062000,peter mccord,Lighting and Composition I 
CHEM,1112,101,4,9,2,4,2,1,2,1,,,,1,1,2,"Qin, Yanping","Ball, Darby J",,,,,yxq083000,yanping qin,General Chemistry Laboratory II 
PHYS,2125,105,3,18,3,2,,,,,1,,,,,2,"Sun, Kuei","Rahmanian Koshkaki, Saeed",,,,,kxs147030,kuei sun,Physics Laboratory I 
PHYS,2125,114,2,22,1,,,1,1,,,,,,,2,"Sun, Kuei","Javed, Umar",,,,,kxs147030,kuei sun,Physics Laboratory I 
ITSS,4370,002,1,2,3,3,6,6,4,1,1,,,,,2,"Hefley, William E","Dandra, Pravin Basanna",,,,,weh150130,william hefley,Information Technology Infrastructure Management 
BIOL,3455,304,2,2,5,3,3,3,3,2,4,,,,,2,"Ramirez, Ruben D",,,,,,rdr092000,ruben ramirez,Human Anatomy and Physiology with Lab I 
LIT,3300,001,,3,2,5,3,,2,4,4,1,2,,1,2,"Cotter, Sean J",,,,,,sjc010100,sean cotter,Western Literary Tradition 
BIS,3320,002,,6,2,3,6,,5,1,1,,2,,2,2,"Wissinger, Tonja",,,,,,twissin,tonja wissinger,The Nature of Intellectual Inquiry 
CHEM,1111,105,13,7,3,,2,,1,,,1,,,1,2,"Dissanayake, Dushanthi S","Mills, Kira R",,,,,dxd122030,dushanthi dissanayake,General Chemistry Laboratory I 
CHEM,1111,141,9,13,3,2,1,,,,,,,,,2,"Abeykoon, Nimali C","Ma, Ziyuan",,,,,nxa124430,nimali abeykoon,General Chemistry Laboratory I 
CHEM,1112,104,7,14,1,1,,,,2,,,1,,2,2,"Hashami, Zohreh","Malekpour, Soheil",,,,,zxh088000,zohreh hashami,General Chemistry Laboratory II 
CHEM,2123,112,13,14,1,,,,,,,,,,,2,"Panapitiya, Nimanka P","Wang, Hanghang",,,,,npp081000,nimanka panapitiya,Introductory Organic Chemistry Laboratory I 
PHYS,2125,113,3,18,4,1,2,,,,,,,,,2,"Sun, Kuei","Feizi, Wirya",,,,,kxs147030,kuei sun,Physics Laboratory I 
CHEM,2123,603,18,8,,2,,,,,,,,,,2,"Cortes, Sergio J","Gunawardhana, Kahawatte Gedara",,,,,scortes,sergio cortes,Introductory Organic Chemistry Laboratory I 
PHYS,2126,124,4,13,6,4,,,,1,,,,,,2,"Sun, Kuei","Bukowski, Aaron",,,,,kxs147030,kuei sun,Physics Laboratory II 
ATCM,3305,002,,9,11,,4,,,1,1,,1,,1,2,"Hall, Phillip",,,,,,pxh151330,phillip hall,Computer Animation I 
ATCM,3372,001,8,7,4,1,,1,,1,1,,1,,4,2,"Fitzgerald, Harold E",,,,,,hxf170830,hal fitzgerald,Sound Design for Animation and Games 
CHEM,1111,144,7,15,1,,2,,2,,,,,,1,2,"Dissanayake, Dushanthi S","Lumata, Jenica",,,,,dxd122030,dushanthi dissanayake,General Chemistry Laboratory I 
PHYS,2126,104,10,8,2,4,1,1,,,,,,1,1,2,"Sun, Kuei","Kramer, Aaron A",,,,,kxs147030,kuei sun,Physics Laboratory II 
BIOL,3455,802,1,3,3,4,4,1,6,1,2,2,1,1,,2,"Ramirez, Ruben D",,,,,,rdr092000,ruben ramirez,Human Anatomy and Physiology with Lab I 
ACCT,6386,001,,9,13,5,2,,,,,,,,,2,"Mauriello, Joseph A","Wong, Angie M","Braughton, Caleb M",,,,jam151430,joseph mauriello,Governance  Risk Management and Compliance 
BIOL,3455,302,3,6,7,4,2,3,,1,2,,1,,,2,"Maitra, Meenakshi","Ramirez, Ruben D",,,,,mxm172731,meenakshi maitra,Human Anatomy and Physiology with Lab I 
HIST,3386,501,4,8,,1,12,,1,3,,,,,,2,"Bocchine, Kristin",,,,,,kxb180022,,World History to 1500 
ENTP,3301,003,,9,,,15,,,6,,,,,,2,"Pedigo, Madison F",,,,,,mfp013000,madison pedigo,Innovation and Entrepreneurship 
BIOL,3455,306,3,,2,4,3,5,4,2,2,1,1,2,1,2,"Maitra, Meenakshi","Ramirez, Ruben D",,,,,mxm172731,meenakshi maitra,Human Anatomy and Physiology with Lab I 
MATH,2415,001,2,5,1,1,5,4,2,1,2,1,1,,5,2,"Makhijani, Neha",,,,,,nxm165130,neha makhijani,Calculus of Several Variables 
BUAN,6356,501,,13,8,2,7,,,,,,,,,2,"Parker, Jason A","Bodh, Malvika",,,,,jap090020,jason parker,Business Analytics With R 
BLAW,2301,HON,,7,4,3,5,3,3,2,,1,1,1,,2,"Polze, Matthew M","Sarman, Patrick R",,,,,mmp062000,matthew polze,Business and Public Law 
OPRE,6302,0W1,,10,12,6,2,,,,,,,,,2,"Dawande, Milind","Feng, Zhichao",,,,,milind,milind dawande,Operations Management 
BIOL,5460,001,,2,3,14,10,,,2,,,,,,2,"Xuan, Zhenyu","Zhang, Michael","Song, Ming",,,,zxx091000,,Quantitative Biology 
ACCT,6384,SS1,,29,,,3,,,,,,,,,2,"Kromer, Jeffrey",,,,,,jrk013000,jeffrey kromer,
BCOM,3310,007,,8,14,7,,1,1,1,,,,,,2,"Moore, Sarah E","Tanabe, Takuma",,,,,sem054000,sarah moore,Business Communication 
EEPE,6354,001,,23,2,4,1,2,,,,,,,,2,"Akin, Bilal","Vankayalapati, Bhanu Teja","Xu, Chi",,,,bxa123330,bilal akin,Power Electronics 
BA,1100,003,13,5,3,,2,2,1,1,1,,1,,3,2,"Hinze, Whitney P",,,,,,wxh161930,whitney hinze,Business Basics 
PSY,3392,501,2,2,2,1,1,5,1,8,3,3,3,1,1,2,"Raman, Rachna","Zhu, Yiyi",,,,,rxr076000,rachna raman,Research Design and Analysis 
BCOM,3310,501,2,7,7,5,3,5,,3,,,,,1,2,"Ahlberg, Mehrzad",,,,,,mxa087100,mehrzad ahlberg,Business Communication 
CS,3377,002,4,5,4,2,3,3,4,3,1,,1,,3,2,"Brandenburg, Jonathan C","Ayhan, Sadi",,,,,jcb011200,jonathan brandenburg,C C  Programming in a UNIX Environment 
CS,3345,001,2,3,4,10,9,1,,1,1,,,,2,2,"Chida, Anjum","Ozdayi, Mustafa S",,,,,axc157030,anjum chida,Data Structures and Introduction to Algorithmic Analysis 
PHIL,3322,501,8,6,7,2,4,3,1,,1,,,,1,2,"Amato, Lawrence A",,,,,,laa062000,lawrence amato,Ancient Philosophy 
ECON,2301,502,,7,7,9,2,6,1,1,,,,,,2,"Chen, Zhengyang",,,,,,zxc151030,zhengyang chen,Principles of Macroeconomics 
PHYS,3380,001,3,3,1,6,4,2,5,1,5,,1,1,1,2,"Anderson, Phillip C",,,,,,pca015000,philip anderson,Astronomy 
ACCT,6333,SS1,,17,,,10,,,6,,,,,,2,"Zolton, Kathy",,,,,,kxz121730,kathy zolton,
ENGR,3300,007,1,7,,1,7,,1,6,3,,6,,2,2,"Lee, Jung S","Gandluru, Veerabharathchandrareddy",,,,,jls032000,jung lee,Advanced Engineering Mathematics 
PSY,3339,001,,9,2,4,3,4,2,2,2,2,1,,3,2,"Huxtable-Jester, Karen J",,,,,,kxh014900,karen huxtable jester,Educational Psychology 
MATH,1326,003,7,3,3,,1,5,1,3,,1,1,,9,2,"Anderson, Bill",,,,,,bxa180011,bill anderson,Applied Calculus II 
BMEN,2320,003,5,6,4,7,3,,4,3,1,,1,,2,2,"Fey, Nicholas","Li, Wentao",,,,,nxf160530,nicholas fey,Statics 
ACCT,4334,501,,5,,,17,1,,10,,,2,,2,2,"Linsteadt, Chris C",,,,,,ccl019000,chris linsteadt,Auditing 
BIOL,3161,011,7,4,6,5,5,2,2,2,3,1,,,1,2,"Meloni, Gabriele",,,,,,gxm152330,gabriele meloni,Biochemistry Workshop I 
AMS,3316,0W1,19,5,5,,3,3,1,1,,,,,1,2,"Winstead, Elizabeth L",,,,,,lwm061000,elizabeth winstead,Interpersonal Communication 
MKT,6321,0W1,,15,4,8,11,,,,,,,,,2,"Edsel, Alexander D",,,,,,ade012000,alexander edsel,Interactive and Digital Marketing 
ECS,1100,013,19,2,4,2,1,2,1,1,1,,,1,4,2,"Mann, Ashley",,,,,,axm180114,ashley mann,Introduction to Engineering and Computer Science 
FIN,3390,003,6,3,3,3,2,4,3,1,3,3,,6,1,2,"El-Ashmawi, Amal H","Jerez Carreno, Jaime Eduardo",,,,,ahe013000,amal el ashmawi,Introduction to Financial Modeling 
CHEM,3361,002,3,12,9,2,1,2,1,4,1,,1,1,1,2,"D'Arcy, Sheena","Meloni, Gabriele","Lasley, Alexandra E","Ashrafi, Adnin","Dey, Sanchareeka","Krishnamohan, Aishwarya",sxd156730,sheena darcy,Biochemistry I 
MATH,2417,010,7,3,,6,3,1,3,3,4,4,2,,3,2,"Williams, Nathan",,,,,,nxw170830,nathan williams,Calculus I 
OPRE,4330,001,1,9,,4,7,7,2,3,3,,2,,2,2,"Frazelle, Andrew E","Shi, Lingling",,,,,aef180002,andrew frazelle,Logistics and Inventory Management 
BIOL,2112,006,4,1,10,6,,5,3,4,1,,1,2,3,2,"Wilson, Michelle","Zhou, Qin","Cao, Lian","Yetkin, Celal E","Salamat, Narges",,mxw084000,michelle wilson,Introduction to Modern Biology Workshop II 
MATH,2417,007,19,1,4,1,1,1,1,3,6,,1,,3,2,"Estacio-Hiroms, Kemelli",,,,,,kxe160930,kemelli estacio hiroms,Calculus I 
MIS,6309,0W1,,15,10,5,4,5,,1,,,,,1,2,"Saeed, Kashif","Kumari, Riti",,,,,kxs147230,kashif saeed,Business Data Warehousing 
FIN,4310,002,3,1,5,7,3,5,3,3,5,1,3,,3,2,"Meier, Jean-Marie","Kirk, Steven B",,,,,jmm172030,jean marie meier,Intermediate Financial Management 
PHYS,4301,001,1,8,11,3,2,1,1,3,3,1,2,1,5,2,"Gartstein, Yuri","Pedersen, Eske M",,,,,yxg037000,yuri gartstein,Quantum Mechanics I 
FIN,4310,001,3,4,5,7,6,1,2,4,2,1,2,,5,2,"Meier, Jean-Marie","Kirk, Steven B",,,,,jmm172030,jean marie meier,Intermediate Financial Management 
CS,3305,005,7,9,4,4,5,8,,2,,,1,,2,2,"Morales, Linda","Hogue, Steven D",,,,,lxm014000,linda morales,Discrete Mathematics for Computing II 
HIST,4356,001,2,,6,6,8,6,4,5,1,,2,,2,2,"Park, Peter K",,,,,,pkp073000,peter park,European Enlightenment 
ENGR,3341,007,2,2,2,1,2,4,2,7,5,,3,5,7,2,"Fonseka, John","Hassan, Rana A",,,,,kjp,john fonseka,Probability Theory and Statistics 
PHIL,2316,501,,2,7,9,6,3,,4,2,,2,1,4,2,"Dennis, Patrick W",,,,,,pdennis,patrick dennis,History of Philosophy I 
EE,3302,002,,4,5,5,,1,7,4,1,,4,,12,2,"Busso Recabarren, Carlos A","Qiu, Yuning",,,,,cxb093000,carlos busso,Signals and Systems 
STAT,1342,001,6,9,6,6,4,4,2,2,,,,1,3,2,"Patwary, Mohammad S",,,,,,msp160130,mohammad patwary,Statistical Decision Making 
ENGR,2300,001,5,24,,2,5,1,1,4,1,,,,,2,"Ali, Mohammed Z","Mitra, Arkadeep",,,,,mohammed,ali mohammed,Linear Algebra for Engineers 
OPRE,6301,MBP,,22,3,7,1,2,6,,,,,,2,2,"Sethi, Awanti","Vegunta, Sri Mrudula",,,,,asethi,awanti sethi,
MKT,3300,016,9,12,10,4,3,2,2,1,,,,,,2,"Kulkarni, Madhura",,,,,,mxk170005,madhura kulkarni,Principles of Marketing 
FIN,3305,002,1,6,1,,12,5,,12,2,,3,,2,2,"Guttery, Randall","Zhao, Yabo",,,,,rxg112530,randall guttery,Real Estate Principles 
HIST,4330,001,16,9,8,4,4,2,,,,,,,1,2,"Pfister, Debra H",,,,,,dhpf,debra pfister,The Holocaust 
CS,4337,501,13,5,5,3,4,3,3,1,2,,1,,4,2,"Karami, Gity","Fisher, Dakota J",,,,,gxk180009,gity karami,Organization of Programming Languages 
BIOL,3161,008,5,9,10,6,1,3,1,1,,2,3,3,,2,"D'Arcy, Sheena",,,,,,sxd156730,sheena darcy,Biochemistry Workshop I 
CS,4349,004,3,9,2,4,5,4,4,1,3,,2,,7,2,"Fox, Kyle J","Mohammadpour, Somayeh",,,,,kjf170230,emily fox,Advanced Algorithm Design and Analysis 
MATH,2414,007,1,4,2,3,3,2,8,3,2,2,1,3,10,2,"Choi, Sl-ghi",,,,,,sxc173731,sl ghi choi,Integral Calculus 
HIST,2332,001,,18,12,4,3,1,1,3,,,,,2,2,"Wright, Ben",,,,,,bxw151330,ben wright,Civil War and Reconstruction 
BIOL,5420,001,,9,,,17,,,15,,,,,3,2,"Campbell, Zachary","Gonzalez, Juan E",,,,,zxc153030,zachary campbell,Molecular Biology 
HIST,3399,001,,31,4,2,3,1,1,1,,,1,,,2,"Rankin, Monica A","Lopez, Clara Marsela",,,,,mar046000,monica rankin,Modern Latin American History 
MATH,2413,019,1,6,7,6,3,2,3,4,2,,1,,9,2,"Akbar, Mohammad M",,,,,,mma110020,mohammad akbar,Differential Calculus 
MATH,1314,001,,2,1,3,2,6,3,6,4,2,5,5,6,2,"McCary, Brady C",,,,,,bcm052000,brady mccary,College Algebra 
MATH,2413,003,2,1,3,8,2,5,1,5,3,,3,,12,2,"Martynova, Irina",,,,,,ixm140930,irina martynova,Differential Calculus 
MATH,2417,008,12,4,5,3,4,1,,1,6,1,,1,7,2,"Estacio-Hiroms, Kemelli",,,,,,kxe160930,kemelli estacio hiroms,Calculus I 
MATH,2413,016,2,4,4,3,3,3,3,2,2,4,3,1,11,2,"Mussa, Derege",,,,,,dxm146130,derege mussa,Differential Calculus 
MIS,6326,001,,14,6,11,11,,1,,,,,,2,2,"Smashnov, Uri","Sandilya, Nimish K",,,,,uxs051000,uri smashnov,Data Management 
BMEN,3320,002,4,1,6,3,5,4,6,3,2,3,2,,6,2,"Winter, Patrick M",,,,,,pxw151030,patrick winter,Electrical and Electronic Circuits in Biomedical Engineering 
EE,2310,001,19,5,2,4,3,1,2,3,2,,,,4,2,"Dodge, Nathan B",,,,,,dodge,nathan dodge,Introduction to Digital Systems 
MATH,1314,005,1,,4,2,5,3,7,4,5,1,2,2,9,2,"Kravetc, Pavel",,,,,,pxk142530,pavel kravetc,College Algebra 
MATH,2413,009,4,6,4,6,6,3,7,1,3,1,,1,3,2,"Nguyen, Mylinh T",,,,,,mln018200,mylinh nguyen,Differential Calculus 
ACCT,3350,001,,7,7,3,5,3,6,6,5,,1,2,1,2,"Goldman, Nathan C","Nguyen, Kevin K",,,,,ncg160030,nathan goldman,Fundamentals of Taxation 
MECH,3305,0W1,2,11,10,6,5,3,2,5,,1,,,1,2,"Fadda, Dani Z","Karami, Farzad",,,,,dzf091000,dani fadda,Computer Aided Design 
OBHR,3330,006,1,7,14,8,3,3,4,2,1,,1,,2,2,"Meda, Edward","Mallavarapu, Vijay K",,,,,exm150330,edward meda,Introduction to Human Resource Management 
MATH,2413,014,4,3,6,6,3,3,6,2,1,3,1,4,4,2,"Eydelzon, Anatoly",,,,,,axe031000,anatoly eydelzon,Differential Calculus 
ACCT,3331,501,4,3,4,2,4,6,4,7,4,3,1,1,3,2,"Files, Rebecca L",,,,,,rlf092000,rebecca files,Intermediate Financial Accounting I 
ATCM,2303,003,,9,18,9,5,3,1,,1,,,,,2,"Oropallo, Kara I","Jennings, Christopher M",,,,,kio160030,kara oropallo,Project Management for Arts  Technology  and Emerging Communication I 
CS,7301,002,,31,9,6,,,,,,,,,,2,"Gupta, Gopal","Shakerin, Farhad",,,,,gupta,gopal gupta,Recent Advances in Computing 
CS,1325,501,3,2,4,7,6,5,3,2,6,3,3,,2,2,"Le, Khiem V",,,,,,kvl140030,khiem le,Introduction to Programming 
OBHR,3330,004,4,7,13,7,7,2,2,2,,2,1,,,2,"Meda, Edward","Mallavarapu, Vijay K",,,,,exm150330,edward meda,Introduction to Human Resource Management 
CS,1136,112,27,3,5,1,2,2,,1,1,,1,,4,2,"Vogel, Don G",,,,,,dgv130030,don vogel,Computer Science Laboratory 
OBHR,3310,006,6,5,8,8,7,7,2,1,2,,,,1,2,"Olsztynska, Agnieszka",,,,,,axo027000,agnieszka olsztynska,Organizational Behavior 
OBHR,3330,001,2,21,5,5,7,3,2,2,,,,,,2,"Ritchey, David B",,,,,,davidr,david ritchey,Introduction to Human Resource Management 
MATH,1325,012,13,7,5,1,7,3,,2,4,,1,1,3,2,"Li, Changsong",,,,,,cxl109120,changsong li,Applied Calculus I 
OBHR,3310,502,1,17,,15,12,,1,,,,,,1,2,"Wu, Junfeng","Guo, Nan",,,,,jxw175430,junfeng wu,Organizational Behavior 
ACCT,6305,003,,12,7,10,10,5,3,,,,,,,2,"Li, Ningzhong","Holstead, Cameron",,,,,nxl124130,ningzhong li,Accounting for Managers 
MATH,2312,002,1,3,4,2,7,2,5,6,3,3,2,4,5,2,"Chen, Yong",,,,,,yxc143630,yong chen,Precalculus 
MATH,1325,001,1,1,5,11,3,4,3,1,1,1,1,5,11,2,"Hellerman, Nathanael",,,,,,nhh180000,nathanael hellerman,Applied Calculus I 
MATH,1325,008,17,1,5,6,1,4,3,3,2,,,,6,2,"Hellerman, Nathanael",,,,,,nhh180000,nathanael hellerman,Applied Calculus I 
CS,1136,104,31,1,4,3,,1,1,1,,,1,,5,2,"Vogel, Don G",,,,,,dgv130030,don vogel,Computer Science Laboratory 
CS,1134,101,23,11,1,,5,,,2,2,,1,,3,2,"Doore, Karen L",,,,,,kld054000,karen doore,Computer Science Laboratory 
CS,1336,002,1,10,5,3,9,4,6,4,1,,2,,3,2,"Brandenburg, Jonathan C",,,,,,jcb011200,jonathan brandenburg,Programming Fundamentals 
CS,1336,012,8,16,1,2,4,4,,4,2,1,1,,6,2,"Karrah, Shyam S",,,,,,skarrah,shyam karrah,Programming Fundamentals 
CS,1336,004,2,11,4,8,4,4,5,4,4,1,,,2,2,"Shields, Charles O",,,,,,cshields,charles shields,Programming Fundamentals 
CS,1336,013,4,9,7,5,3,2,4,4,,2,1,3,6,2,"Le, Khiem V",,,,,,kvl140030,khiem le,Programming Fundamentals 
CS,1136,113,26,5,2,2,4,1,2,2,,,,,7,2,"Vogel, Don G",,,,,,dgv130030,don vogel,Computer Science Laboratory 
BA,1100,016,3,,2,,1,2,2,1,1,,,4,35,2,"Kaplan, Marilyn R",,,,,,mkaplan,marilyn kaplan,
ACCT,2301,007,10,5,3,9,5,1,4,6,4,,,,4,2,"Li, Chenchen",,,,,,cxl151030,,Introductory Financial Accounting 
ENGR,2300,502,4,22,,4,5,,4,10,,,,1,1,2,"Ali, Mohammed Z","Mitra, Arkadeep","Dai, Yucheng",,,,mohammed,ali mohammed,Linear Algebra for Engineers 
CS,1334,001,6,4,3,5,7,2,6,14,,,3,,1,2,"Narayanasami, Priya",,,,,,pxn173330,priya narayanasami,Programming Fundamentals for Non-Majors 
ACCT,3322,001,1,15,3,7,12,2,5,3,1,,1,,2,2,"Goodrich, Mary Beth W","Koonce, Katherine",,,,,goodrich,mary beth goodrich,Integrated Accounting Information Systems 
CS,1136,102,36,3,2,1,1,2,,1,1,,2,,3,2,"Vogel, Don G",,,,,,dgv130030,don vogel,Computer Science Laboratory 
ACCT,3341,001,5,13,3,12,7,,2,5,4,,,,1,2,"Natarajan, Ramachandran","He, Jiapeng",,,,,nataraj,ramachandra natarajan,Cost Management Systems 
CGS,2301,001,7,11,10,11,4,1,1,3,1,,,,4,2,"O'Toole, Alice J","Qin, Shuo",,,,,otoole,alice otoole,Cognitive Science 
FIN,3320,002,1,16,5,4,14,3,,2,1,,3,2,2,2,"Manzi, Jeff",,,,,,jxm158130,jeffrey manzi,Business Finance 
ENGR,3341,501,4,5,7,3,7,5,4,5,,2,1,1,9,2,"Myers, Kathleen","Quayum, Ayon",,,,,kxm156530,kathleen myers,Probability Theory and Statistics 
MATH,2413,021,2,3,6,6,5,5,5,2,5,1,2,2,9,2,"Khoury, Raja N",,,,,,rnk180000,raja khoury,Differential Calculus 
CS,6363,002,,9,11,11,20,1,1,,,,,,,2,"Chandrasekaran, Ramaswamy","Dakle, Parag Pravin",,,,,chandra,ramaswamy chandrasekaran,
MKT,3300,002,2,11,16,4,8,8,1,1,1,,,,2,2,"Meda, Edward","Jameei Osgouei, Ata",,,,,exm150330,edward meda,Principles of Marketing 
FIN,3320,003,1,1,5,3,6,9,4,8,8,2,3,3,1,2,"Anderson, Frank W",,,,,,fwa012000,,Business Finance 
EPPS,2301,002,2,1,12,8,11,8,3,5,,,,1,3,2,"Moshier, Jeffrey H",,,,,,jhm061000,jeffrey moshier,Research Design in the Social and Policy Sciences 
CS,2305,503,4,10,2,3,3,5,1,8,6,3,2,4,4,2,"Farage, Timothy P",,,,,,tfarage,timothy farage,Discrete Mathematics for Computing I 
CS,4348,003,9,9,9,4,5,9,2,6,,,1,,1,2,"Alagar, Sridhar","Lu, Jiashuai",,,,,sxa173731,sridhar alagar,Operating Systems Concepts 
MECH,2310,001,2,5,4,4,5,7,9,7,4,2,2,2,2,2,"Thamban, P.L.Stephan","Pandey, Binay J",,,,,stephan,p l stephan thamban,Statics 
CS,3340,002,,35,,,13,,,4,,,,,3,2,"Goodrum, Richard A","Tran, Trung Hieu","Shahbazi, Nima",,,,rag150330,richard goodrum,Computer Architecture 
HMGT,3301,001,,3,12,9,10,7,8,5,,1,,,,2,"Fleming, Forney F","Vohra, Pulkit",,,,,fwf081000,forney fleming,Introduction to Healthcare Management 
MATH,2418,005,4,5,3,3,3,,3,9,11,3,3,2,6,2,"Arnold, Maxim",,,,,,mxa149530,maxim arnold,Linear Algebra 
MATH,2418,502,3,5,4,3,8,3,3,3,7,1,,2,13,2,"Miller, James W",,,,,,jwm170630,james miller,Linear Algebra 
ITSS,4351,501,,14,5,13,16,,8,,,,,,,2,"Shekhar, Gaurav","Bao, Chenzhang",,,,,gxs150130,gaurav shekhar,Foundations of Business Intelligence 
ACCT,4342,001,5,4,12,10,8,4,5,4,1,1,1,1,1,2,"Johnson, Jennifer","Farooqi, Shan A",,,,,jxj091000,jennifer johnson,Analysis and Design of Accounting Systems 
ACCT,6301,501,,25,,3,23,,1,3,,,,,2,2,"Karnuta, Daniel","Farooqi, Shan A",,,,,dxk173030,daniel karnuta,Financial Accounting 
PSY,4347,001,,17,3,8,10,5,3,2,3,,3,2,1,2,"Nelson Taylor, Jackie A","Smith, Olivia",,,,,jan110030,jackie nelson,Marriage and Family Psychology 
CS,1336,014,4,5,7,4,7,1,1,5,4,4,1,,13,2,"Thompson, Laurie A",,,,,,lthomp,laurie thompson,Programming Fundamentals 
ACCT,4334,001,,14,,,30,,2,6,2,,3,,1,2,"Linsteadt, Chris C",,,,,,ccl019000,chris linsteadt,Auditing 
EPPS,1110,001,,39,,,11,,,4,,,4,,,2,"Lanham, Carol C",,,,,,ccl054000,carol lanham,Freshman Seminar 
FIN,6301,002,,20,5,15,13,2,2,,,,,,1,2,"Xiao, Steven","Wang, Yu-Chi",,,,,sxx150930,steven xiao,Financial Management 
EE,1100,001,,25,6,6,11,2,,1,3,,,1,3,2,"Florence, James M","Baruti, Kudra H","Abbasalipour, Amin","Zhang, Yujie",,,jmf130530,james florence,Introduction to Electrical Engineering 
MATH,2420,003,4,6,3,4,10,7,7,3,5,,10,,,2,"Krawcewicz, Wieslaw Z",,,,,,wzk091000,wieslaw krawcewicz,Differential Equations with Applications 
OPRE,3360,011,4,6,11,6,11,4,4,4,1,6,2,1,4,2,"Toptal, Aysegul","Kulkarni, Nilay A",,,,,axt083100,aysegul toptal,Managerial Methods in Decision Making Under Uncertainty 
OPRE,6332,503,,30,2,17,11,,3,,,,,,1,2,"Sethi, Awanti","Sethi, Shravik P",,,,,asethi,awanti sethi,Spreadsheet Modeling and Analytics 
MECH,3380,001,9,13,9,5,8,4,2,1,5,3,3,2,1,2,"Malik, Arif","Yu, Haoliang",,,,,axm154531,arif malik,Introduction to Computational Design and Analysis 
HLTH,3305,001,,4,4,6,10,10,9,9,1,,3,2,3,2,"Stark, Azadeh T",,,,,,ats160030,azadeh stark,The U S  Healthcare System 
NSC,4363,001,,33,,,16,,,14,,,3,,,2,"Dussor, Gregory O","Avona, Amanda D",,,,,gxd141130,gregory dussor,Neuropharmacology 
CS,3340,001,3,18,7,12,8,5,6,3,2,1,,,1,2,"Nguyen, Nhut",,,,,,nhutnn,nhut nguyen,Computer Architecture 
PHIL,1301,004,1,11,12,10,10,7,3,3,1,4,2,,3,2,"Amato, Lawrence A","Fields, Kollin E",,,,,laa062000,lawrence amato,Introduction to Philosophy 
HUMA,1301,008,,6,5,12,6,16,2,8,3,,,,9,2,"Mortensen, Joan","Klimpel, Ellen J",,,,,jmorten,joan mortensen,Exploration of the Humanities 
MATH,2420,002,2,7,2,8,6,6,8,8,10,,11,,,2,"Paudel, Ajaya B",,,,,,abp062000,ajaya paudel,Differential Equations with Applications 
CS,1136,602,32,9,6,6,1,1,,1,2,,3,,8,2,"Vogel, Don G",,,,,,dgv130030,don vogel,Computer Science Laboratory 
CS,4375,001,4,13,22,13,13,2,,1,,,,,1,2,"Khan, Latifur R","Li, Yifan",,,,,lkhan,latifur khan,Introduction to Machine Learning 
CS,4341,002,25,14,9,5,3,1,,6,,,5,,1,2,"DeGroot, Doug",,,,,,dxd180020,doug degroot,Digital Logic and Computer Design 
CS,1336,502,7,6,10,4,11,13,2,8,3,,,,6,2,"Brandenburg, Jonathan C",,,,,,jcb011200,jonathan brandenburg,Programming Fundamentals 
PSCI,3328,001,3,13,11,9,14,7,4,,1,,2,,6,2,"D'Orazio, Vito","Sun, Zeyu","Sanchez De La Rosa, Andres Ricardo",,,,vxd152030,vito dorazio,International Relations 
CS,2305,501,11,17,15,10,3,5,4,1,,,,1,4,2,"Willson, James K",,,,,,jkw053000,james willson,Discrete Mathematics for Computing I 
CS,3340,501,5,12,12,9,10,8,8,4,2,1,,,,2,"Nguyen, Nhut",,,,,,nhutnn,nhut nguyen,Computer Architecture 
OPRE,3333,005,13,16,,12,15,,4,5,,3,2,,2,2,"Alimirzaei, Athena","Liu, Yueming",,,,,axa134231,athena alimirzaei,Quantitative Business Analysis 
CS,2336,502,10,22,13,15,5,,,6,,,1,,,2,"Khan, Ziaullah",,,,,,kkhan,ziaullah khan,Computer Science II 
MATH,2418,002,2,5,3,2,5,6,6,12,12,2,7,3,7,2,"Pereira, Luis Felipe F",,,,,,lfp140030,luis pereira,Linear Algebra 
CS,3305,004,,28,6,2,11,6,1,1,4,3,1,1,9,2,"Ishigaki, Genya",,,,,,gxi160230,genya ishigaki,Discrete Mathematics for Computing II 
MECH,1208,001,1,11,24,11,7,9,2,3,2,,,,3,2,"Fadda, Dani Z","Hashemi, Navid",,,,,dzf091000,dani fadda,Introduction to Mechanical Engineering II 
CS,4384,001,6,13,7,6,7,4,7,9,1,3,4,1,6,2,"Arnold, Gordon L","Hayes, Alexander L",,,,,gxa120930,gordon arnold,Automata Theory 
CS,3340,005,1,2,12,11,12,12,9,5,7,2,1,,1,2,"Mazidi, Karen J",,,,,,kjm160430,karen mazidi,Computer Architecture 
CS,3341,004,10,8,10,9,7,6,5,5,1,1,2,3,8,2,"Whalen, Tristan G","Rajapaksha, Rajapaksha Mudalige S",,,,,tgw100020,tristan whalen,Probability and Statistics in Computer Science and Software Engineering 
CS,3305,003,,13,20,14,8,13,7,,2,,,,1,2,"Davis, Chris I",,,,,,cid021000,chris davis,Discrete Mathematics for Computing II 
OPRE,6301,009,,26,9,18,19,2,3,,,,,,3,2,"Sethi, Awanti","Vegunta, Sri Mrudula",,,,,asethi,awanti sethi,Statistics and Data Analysis 
CS,2335,001,7,29,11,8,10,3,1,3,3,,,3,3,2,"Doore, Karen L",,,,,,kld054000,karen doore,Computer Science II for Non-majors 
CS,6313,001,,27,10,19,13,7,1,2,,,,,2,2,"Choudhary, Pankaj K","Kotinkaduwe Rankothgedara, Lak Nilusha K",,,,,pkc022000,pankaj choudhary,Statistical Methods for Data Science 
FILM,2332,501,5,7,12,8,10,11,5,6,8,3,,1,6,2,"Oliver, Stephanie","Cochran, Tyler",,,,,sxo180009,stephanie oliver,Understanding Film 
PSY,2314,001,7,17,12,6,7,11,2,4,6,1,8,,2,2,"Santrock, John W","Ralph, Yvonne K",,,,,santrock,john santrock,Lifespan Development 
EE,1100,003,,16,6,12,23,2,3,9,4,,1,,8,2,"Florence, James M","Abbasalipour, Amin","Baruti, Kudra H","Zhang, Yujie",,,jmf130530,james florence,Introduction to Electrical Engineering 
BLAW,2301,006,,16,6,10,7,14,11,10,4,,3,,5,2,"Betanzos, Christina L","Keogh, Reagan D",,,,,clb120030,christina betanzos,Business and Public Law 
CS,3341,002,31,10,6,7,8,3,3,4,1,2,4,2,5,2,"Whalen, Tristan G","Zhou, Qinyi",,,,,tgw100020,tristan whalen,Probability and Statistics in Computer Science and Software Engineering 
HIST,2301,501,5,19,15,6,10,7,2,5,1,2,5,,9,2,"Stewart, Whitney","Davis, Lauren R",,,,,wxs160630,whitney stewart,History of Texas 
HIST,1301,011,2,11,12,19,24,7,5,4,,,,,1,2,"Schlereth, Eric R","D'Monte, Nikita",,,,,exs082000,eric schlereth,U S  History Survey to Civil War 
HIST,1301,010,3,18,17,17,11,7,6,2,2,,,2,2,2,"Schlereth, Eric R","Scalley, Michael W",,,,,exs082000,eric schlereth,U S  History Survey to Civil War 
HIST,1301,501,1,20,,5,17,2,3,17,1,1,9,,11,2,"Volanto, Keith J",,,,,,kjv062000,keith volanto,U S  History Survey to Civil War 
PHIL,1301,005,2,8,17,14,12,7,10,6,2,,2,1,7,2,"Davies, Katherine","Bensinger, Justin F",,,,,kxd180013,,Introduction to Philosophy 
BLAW,2301,005,,16,9,8,10,15,8,9,5,,7,,1,2,"Betanzos, Christina L","Keogh, Reagan D",,,,,clb120030,christina betanzos,Business and Public Law 
SPAU,3303,001,6,40,,12,20,,4,5,,1,1,,2,2,"Maguire, Mandy","Yuan, Haiying",,,,,mjm053000,mandy maguire,Normal Language Development 
CS,3341,001,17,15,9,7,12,4,4,6,2,4,2,5,7,2,"Whalen, Tristan G","Thompson, Patrick A",,,,,tgw100020,tristan whalen,Probability and Statistics in Computer Science and Software Engineering 
PHYS,1302,501,4,8,13,11,15,2,9,15,7,4,3,1,2,2,"Sun, Kuei","Timms, Christopher I","Mcgarry, Michael P",,,,kxs147030,kuei sun,College Physics II 
MAS,6102,007,,,,,,,,,,,,,1,2,"Wilkerson, Cassandra",,,,,,cxw170000,cassandra wilkerson,Professional Development 
MAS,6102,501,,,,,,,,,,,,,,2,"Johnson, Neil",,,,,,nxj121730,neil johnson,Professional Development 
ISNS,2367,001,8,28,7,13,23,5,2,1,2,1,2,1,4,2,"Pujana, Ignacio","Lee, Jaewook","Xiong, Kai",,,,pujana,ignacio pujana,The Oceans 
PSCI,4329,001,,10,11,5,26,16,7,11,7,2,1,1,5,2,"Peinhardt, Clint W","Akarte, Prajakti V","Cavallo De Oliveira, Paulo Marcio",,,,cwp052000,clint peinhardt,Global Politics 
FILM,2332,001,,6,16,9,15,15,13,10,7,3,3,2,7,2,"Petty, John E","Peck, Jenna",,,,,jep140330,john petty,Understanding Film 
STAT,4351,501,7,5,10,15,9,10,20,5,8,6,7,12,,2,"Efromovich, Sam",,,,,,sxe062000,sam efromovich,Probability 
PSY,3360,501,1,22,9,4,37,8,8,16,4,2,3,1,4,2,"Dowling, Walter J","Gunal, Mehmet",,,,,jdowling,walter j dowling,Historical Perspectives on Psychology  Mind and Machines since 1600 
BIOL,3302,001,14,37,10,12,19,4,4,8,3,2,5,1,,2,"Burr, John G","Srikanth, Uma","Tandon, Neha Ramesh","Neugent, Michael L","Nawas, Afshan Fathima",,burr,john burr,Eukaryotic Molecular and Cell Biology 
ISNS,2359,001,6,22,13,16,15,20,4,4,4,4,3,,8,2,"Griffin, William R","Sokol, Sarah A",,,,,griffin,william griffin,Earthquakes and Volcanoes 
SPAU,3343,001,5,14,28,9,30,13,6,9,4,1,1,1,6,2,"Katz, William","Mehta, Sonya","Doli, Evdoxia",,,,wkatz,william katz,Phonetics 
ATCM,2365,001,9,54,,24,26,,2,4,,1,3,,7,2,"Andreen, Michael T","Bernfeld, Luke S","Murray, Jack A",,,,mta072000,michael andreen,Game Design Fundamentals 
CHEM,2323,003,8,30,4,19,10,12,11,10,5,7,7,4,6,2,"Ahn, Jung-Mo",,,,,,jxa041100,jung mo ahn,Introductory Organic Chemistry I 
PHYS,1301,001,15,20,21,12,14,10,15,7,5,10,,,12,2,"Chen, Lunjin","Liu, Xu",,,,,lxc134330,lunjin chen,College Physics I 
PHYS,2326,001,17,46,25,11,17,10,8,6,1,,,2,1,2,"Lumata, Lloyd","Cherepanov, Stanislav M",,,,,lxl143230,lloyd lumata,Electromagnetism and Waves 
HLTH,3101,0W1,,126,,,13,,,5,,,4,,,2,"Sandon, Lona",,,,,,lxs095000,lona sandon,Medical Terminology 
ISNS,2359,0W2,12,42,18,15,17,8,12,9,4,,4,,8,2,"Shilpakar, Prabin","Haque, Ziaul",,,,,pxs077000,prabin shilpakar,Earthquakes and Volcanoes 
ECON,2302,001,19,28,17,12,33,19,7,15,15,,3,,5,2,"McElroy, Susan","Zhang, Licheng","Nguyen, Hien T",,,,skm028000,susan mcelroy,Principles of Microeconomics 
PSY,2301,003,38,59,38,47,34,18,18,8,8,4,1,6,15,2,"Gentsch, Joanna K","Helfers, Samantha",,,,,jgentsch,joanna gentsch,Introduction to Psychology 
CRIM,6301,001,,,2,1,2,,1,1,,,,,2,3,"Kovandzic, Tomislav",,,,,,tvk071000,tomislav kovandzic,Research Design I 
BMEN,1100,110,3,6,2,,,1,,,,,,,1,3,"Meyer, Clark A","Shah, Sohail",,,,,cam140130,clark meyer,Introduction to Bioengineering I 
ATCM,3310,001,4,2,,1,4,,1,,,,,,1,3,"Kitagawa, Midori",,,,,,mxk047100,,Procedural Animation 
CE,2336,003,,3,,2,1,1,,1,1,1,3,,1,3,"Smith, Jason W",,,,,,jws130830,jason smith,Computer Science II 
ATCM,4365,001,1,4,4,,1,,,1,,,,,4,3,"Christopher, Timothy V",,,,,,khimbar,timothy christopher,Game Design II 
COMM,1311,5W4,6,2,,1,,1,,,,,,1,3,3,"Dorough, Ramona J",,,,,,rjd140130,ramona dorough,
ATCM,4365,002,,10,,,4,,,1,,,,,1,3,"Andreen, Michael T",,,,,,mta072000,michael andreen,Game Design II 
RHET,1302,024,1,2,3,1,1,1,,,1,,,,6,3,"Sinckler, Robin",,,,,,rxs150131,robin sinckler,Rhetoric 
BIS,3320,003,,3,2,1,4,,3,1,,1,,,,3,"Pogue, Neall W",,,,,,nxp174730,neall pogue,The Nature of Intellectual Inquiry 
CHEM,1111,608,8,7,,,,,1,,,,,,2,3,"Dissanayake, Dushanthi S","Remy, Ashele K",,,,,dxd122030,dushanthi dissanayake,General Chemistry Laboratory I 
ATCM,3308,002,4,1,1,,2,1,3,1,,,,,5,3,"Camacho, Christopher J",,,,,,cjc043000,christopher camacho,Rigging I 
THEA,1351,001,2,10,2,4,,1,,,,,,,,3,"Hibbs, Shelby A",,,,,,sah140730,shelby hibbs,Acting 1 
PSY,3355,001,3,3,,5,7,,1,,,,,,,3,"Grohman, Magdalena G",,,,,,mgg092000,magdalena grohman,Psychology of Creativity 
CHEM,2125,106,6,4,4,3,2,1,,,,,,,,3,"Shah, Shailesh N","Diwakara Mohottalalage, Shashini Devika D",,,,,sns170230,shailesh shah,Introductory Organic Chemistry Laboratory II 
PSY,3339,002,1,6,3,4,2,,1,3,,,1,,,3,"Santrock, John W",,,,,,santrock,john santrock,Educational Psychology 
PHYS,2125,117,,7,5,3,,,,,1,1,,,4,3,"Sun, Kuei","Dhawan, Ruchika",,,,,kxs147030,kuei sun,Physics Laboratory I 
COMM,1311,0W2,3,11,3,3,1,,1,,2,,,,1,3,"Templeton, Allison A","Tanner, Lari J",,,,,aam141730,allison templeton,
GISC,6301,501,,4,3,4,4,5,3,,,,,,2,3,"Tiefelsdorf, Michael","Hu, Lan",,,,,mrt052000,michael tiefelsdorf,GIS Data Analysis Fundamentals 
ARHM,3342,003,8,10,3,1,2,,,,,,,,1,3,"Evans, Kathryn C",,,,,,kcevans,kathryn evans,Advanced Interdisciplinary Studies in the Arts and Humanities 
CS,4348,002,,8,,,8,,,5,,,,,4,3,"Goodrum, Richard A","Shahbazi, Nima",,,,,rag150330,richard goodrum,Operating Systems Concepts 
CHEM,1111,139,7,11,,,2,,1,,,,1,,3,3,"Abeykoon, Nimali C","Ma, Ziyuan",,,,,nxa124430,nimali abeykoon,General Chemistry Laboratory I 
MUSI,2127,001,,23,1,,1,,,,,,,,,3,"Palant, Jonathan",,,,,,jxp170230,jonathan palant,University Choir 
ATCM,2301,007,,6,4,4,1,3,3,2,1,1,,1,,3,"Veras de Souza, Christine","Christopher, Daedra","Alzate, Catalina",,,,cxv180000,christine veras de souza,Computer Imaging 
ATCM,2302,501,3,12,7,1,,1,,,,,,,2,3,"Minnish, Roxanne W","Brtis, Chelsea L","Nazir, Cassini",,,,rwm061000,roxanne minnish,Design I 
CHEM,1111,133,18,6,,,1,,,,,,,,1,3,"Abeykoon, Nimali C","Abeyrathna, Nisansala S",,,,,nxa124430,nimali abeykoon,General Chemistry Laboratory I 
MATH,1314,003,,1,,1,1,1,1,3,5,2,,2,9,3,"Kravetc, Pavel",,,,,,pxk142530,pavel kravetc,College Algebra 
ATCM,3338,002,2,6,4,4,2,5,,1,1,,,,2,3,"Chandler, Adam W",,,,,,awc051000,adam chandler,Motion Graphics I 
GEOS,1303,002,1,5,1,3,2,4,,2,1,,3,,5,3,"Shilpakar, Prabin","Landreneau, Lauren A","Wang, Ning",,,,pxs077000,prabin shilpakar,Physical Geology 
ATCM,3350,501,1,9,4,5,4,,1,1,1,,,,1,3,"Hewitt, Sharon","Remington, William A",,,,,sxh090220,sharon hewitt,Digital Video Production I 
CHEM,1111,140,2,12,4,4,,3,,1,,,,,1,3,"Dissanayake, Dushanthi S","Tian, Yafen",,,,,dxd122030,dushanthi dissanayake,General Chemistry Laboratory I 
CHEM,2123,601,12,14,1,,,,,,,,,,,3,"Cue, John Michael","Hernandez, Jayoh A",,,,,joc160230,john cue,Introductory Organic Chemistry Laboratory I 
PHYS,2125,102,7,14,3,3,,,,,,,,,,3,"Sun, Kuei","Mahmud, Mohammad M",,,,,kxs147030,kuei sun,Physics Laboratory I 
OPRE,3333,501,4,4,6,3,,,1,3,1,1,2,3,,3,"Subramoniam, Ramesh","Qu, Zihao",,,,,rxs179630,ramesh subramoniam,Quantitative Business Analysis 
OPRE,3333,502,5,3,6,4,2,2,,2,,1,,,3,3,"Ahadi, Khatereh","Huang, Wei Chuan",,,,,kxa180010,khatereh ahadi,Quantitative Business Analysis 
PHIL,3380,001,,6,4,4,6,,2,1,,2,3,,2,3,"Bambach, Charles",,,,,,cbambach,charles bambach,Twentieth Century Philosophy 
OPRE,4330,501,1,6,,2,7,1,7,1,1,2,3,,,3,"Frazelle, Andrew E","Shi, Lingling",,,,,aef180002,andrew frazelle,Logistics and Inventory Management 
ECON,3310,002,8,4,1,4,4,1,,6,3,,,,1,3,"Andrews, Rodney J","Montenegro Arana, Sebastian",,,,,rja091000,rodney andrews,Intermediate Microeconomic Theory 
FIN,4310,501,3,3,6,2,1,5,1,3,4,1,1,,3,3,"Meier, Jean-Marie","Kirk, Steven B",,,,,jmm172030,jean marie meier,Intermediate Financial Management 
MATH,2417,005,12,,3,3,4,,,,3,,,2,7,3,"Ahsan, Mohammad K",,,,,,mka120030,mohammad ahsan,Calculus I 
PA,3380,0W1,12,7,3,3,1,1,1,2,,,,1,4,3,"Zvobgo, Varaidzo",,,,,,vxz160130,varaidzo zvobgo,Organizations  Theory and Behavior 
FIN,3390,501,2,4,4,4,,2,4,1,3,,2,5,4,3,"El-Ashmawi, Amal H","Jerez Carreno, Jaime Eduardo",,,,,ahe013000,amal el ashmawi,Introduction to Financial Modeling 
LIT,3382,501,,8,17,4,6,,,,,,,,,3,"Ozsvath, Zsuzsanna","Roemer, Nils H",,,,,zozsvath,zsuzsanna ozsvath,Topics in Translated Literature 
ACCT,3331,003,3,4,3,4,5,3,5,4,1,,,,4,3,"Zhou, Yibin","Tatiparti, Venu Madhav",,,,,yxz066000,yibin zhou,Intermediate Financial Accounting I 
ENGR,3300,003,,5,,1,3,1,2,7,3,,9,,5,3,"Lee, Jung S","Zhang, Tianliang",,,,,jls032000,jung lee,Advanced Engineering Mathematics 
BIOL,2111,010,4,2,7,4,3,,5,5,3,1,,2,1,3,"Srikanth, Uma",,,,,,ukrish,uma srikanth,Introduction to Modern Biology Workshop I 
MATH,2417,003,7,4,2,5,1,4,1,2,5,,1,,5,3,"Ahsan, Mohammad K",,,,,,mka120030,mohammad ahsan,Calculus I 
MATH,3311,001,9,13,4,,1,2,2,1,1,,1,1,2,3,"Dabkowska, Malgorzata A","Ali, Alsadig A",,,,,mxd066000,malgorzata dabkowska,Abstract Algebra I 
MATH,3310,001,5,12,10,2,2,1,1,,1,,1,,3,3,"Dabkowska, Malgorzata A","Khan, Samreen S",,,,,mxd066000,malgorzata dabkowska,Theoretical Concepts of Calculus 
OPRE,4350,501,3,2,8,5,1,3,4,2,4,,3,2,1,3,"Wang, Shouqiang","Kucukgul, Can",,,,,sxw163830,shouqiang wang,Spreadsheet Modeling and Analytics 
BIOL,3161,002,3,7,1,3,3,,5,4,2,3,3,1,3,3,"Marsh, Robert","Ashrafi, Adnin","Dey, Sanchareeka",,,,rmarsh,robert marsh,Biochemistry Workshop I 
GEOG,3357,001,4,8,8,7,1,2,4,1,1,,1,,1,3,"Vakulenko, Irina","Chen, Meifang",,,,,iav081000,irina vakulenko,Spatial Dimensions of Health and Disease 
MATH,2413,023,,2,2,3,3,2,2,5,6,3,2,1,8,3,"Fu, Kaibin",,,,,,kxf180009,kaibin fu,Differential Calculus 
MIS,6323,0W1,,7,16,2,1,2,6,3,,,,,2,3,"Mookerjee, Radha","Wagh, Yash",,,,,rvm019000,radha mookerjee,Object Oriented Programming in Java 
MATH,2417,014,11,4,4,1,2,3,4,3,3,,,,4,3,"Norwood, John",,,,,,jxn142530,john norwood,Calculus I 
BA,1100,004,,15,4,3,2,,,2,,,,,14,3,"Henderson, Tom","Kathpalia, Ashutosh",,,,,txh093000,tom henderson,Business Basics 
MATH,1326,502,7,2,,1,6,1,4,5,,,3,2,9,3,"Li, Changsong",,,,,,cxl109120,changsong li,Applied Calculus II 
ENGR,3300,005,7,1,2,,3,6,5,3,4,,1,4,4,3,"Saad, Ricardo E","Samadian, Azadeh",,,,,rsaad,ricardo saad,Advanced Engineering Mathematics 
CE,2310,001,14,6,4,5,3,2,,2,1,,1,,2,3,"Dodge, Nathan B",,,,,,dodge,nathan dodge,Introduction to Digital Systems 
MATH,2417,011,10,4,2,3,1,4,1,,7,,,1,8,3,"Makarenkov, Oleg",,,,,,oxm130230,oleg makarenkov,Calculus I 
HLTH,3305,002,1,3,2,5,4,9,9,4,2,,,,1,3,"Stark, Azadeh T",,,,,,ats160030,azadeh stark,The U S  Healthcare System 
HLTH,1322,0W2,,10,3,8,6,2,2,2,2,,2,,5,3,"Day, Lora N",,,,,,lnd092000,lora day,Human Nutrition 
FIN,6301,003,,16,2,4,10,5,,3,,,,,2,3,"Rebello, Michael J","Zhu, Yifan",,,,,mjr071000,michael rebello,Financial Management 
OPRE,3333,003,5,7,2,5,5,4,3,5,1,2,1,1,2,3,"Subramoniam, Ramesh","Qu, Zihao",,,,,rxs179630,ramesh subramoniam,Quantitative Business Analysis 
MATH,1325,009,7,13,6,6,3,1,2,1,1,1,,,2,3,"Foley, Manjula",,,,,,mxf091000,manjula samanmalee foley,Applied Calculus I 
CS,1136,116,28,2,3,1,3,,,3,,,2,,2,3,"Vogel, Don G",,,,,,dgv130030,don vogel,Computer Science Laboratory 
BIS,3320,501,5,10,7,6,9,4,2,,,,,,1,3,"Wright, David A",,,,,,wright,david wright,The Nature of Intellectual Inquiry 
BA,1100,013,,25,6,,,,,2,,,2,,9,3,"Henderson, Tom","Kathpalia, Ashutosh",,,,,txh093000,tom henderson,Business Basics 
MATH,2413,001,4,6,2,6,4,2,4,4,1,1,1,1,9,3,"Lou, Yifei",,,,,,yxl145331,yifei lou,Differential Calculus 
MATH,2413,005,4,4,8,2,6,5,,3,4,1,,2,6,3,"Nguyen, Mylinh T",,,,,,mln018200,mylinh nguyen,Differential Calculus 
MATH,2413,004,4,4,,8,4,,4,1,1,5,3,1,10,3,"Nguyen, Mylinh T",,,,,,mln018200,mylinh nguyen,Differential Calculus 
MATH,2414,005,1,1,6,4,6,1,4,2,2,,2,2,14,3,"Estacio-Hiroms, Kemelli",,,,,,kxe160930,kemelli estacio hiroms,Integral Calculus 
MATH,2414,011,1,4,7,5,6,6,6,,,1,2,2,5,3,"Tran, Anh T",,,,,,att140830,anh tran,Integral Calculus 
MATH,1314,004,,,5,1,6,10,4,4,3,,6,1,5,3,"Adabrah, Anani Komla",,,,,,aaa130530,anani adabrah,College Algebra 
EPPS,2302,501,,14,5,5,6,5,2,,,,,,9,3,"Gorina, Evgenia",,,,,,exg131830,evgenia gorina,Methods of Quantitative Analysis in the Social and Policy Sciences 
CS,1336,016,3,7,4,6,6,6,3,5,2,3,1,,2,3,"Shields, Charles O",,,,,,cshields,charles shields,Programming Fundamentals 
EE,2310,501,29,6,1,2,3,3,1,1,1,,,,1,3,"Dodge, Nathan B",,,,,,dodge,nathan dodge,Introduction to Digital Systems 
FIN,3320,007,,9,4,5,10,4,1,5,3,,2,2,4,3,"Manzi, Jeff",,,,,,jxm158130,jeffrey manzi,Business Finance 
CHEM,3361,001,4,15,6,5,6,1,3,1,3,1,2,,3,3,"Marsh, Robert","Spiro, Stephen","Dey, Sanchareeka","Ashrafi, Adnin","Krishnamohan, Aishwarya","Lasley, Alexandra E",rmarsh,robert marsh,Biochemistry I 
FIN,3320,008,5,9,5,8,2,7,5,2,2,5,,1,,3,"Gurun, Ayfer","Wen, Yaxin",,,,,axg119030,ayfer gurun,Business Finance 
FIN,6360,501,,10,16,9,6,6,1,4,,,,,,3,"Kaur, Dupinderjeet",,,,,,dxk110730,dupinderjeet kaur,Derivatives Markets 
FIN,3320,004,6,3,8,3,7,5,8,2,3,2,1,4,1,3,"Gurun, Ayfer","Wen, Yaxin",,,,,axg119030,ayfer gurun,Business Finance 
CS,1136,109,28,5,4,4,4,1,,1,1,,2,,6,3,"Vogel, Don G",,,,,,dgv130030,don vogel,Computer Science Laboratory 
ITSS,3311,001,,12,12,8,2,12,2,3,1,,,,4,3,"Srinivasan, Srimathi","Shankar, Santhosh",,,,,sxs180206,srimathi srinivasan,Introduction to Programming 
CS,3345,004,14,5,7,11,6,3,,2,1,1,2,,4,3,"Raghavachari, Balaji","Li, Xiaodi",,,,,rbk,balaji raghavachari,Data Structures and Introduction to Algorithmic Analysis 
CS,1336,009,3,8,7,7,7,2,1,1,,4,3,1,11,3,"Thompson, Laurie A",,,,,,lthomp,laurie thompson,Programming Fundamentals 
SPAU,3341,002,,10,3,1,19,2,1,9,3,1,4,,4,3,"Clark, Jackie L","Escabi, Celia D",,,,,jclark,jackie clark,Audiology 
MECH,3370,001,6,10,7,10,4,6,3,4,4,,1,1,1,3,"Hassanipour, Fatemeh","Azarnoosh, Jamasp",,,,,fxh091000,fatemeh hassanipour,Applied Thermodynamics 
ACCT,2301,002,10,2,7,4,9,3,8,13,,,,,1,3,"Zhou, Xiaolu",,,,,,xxz142230,xiaolu zhou,Introductory Financial Accounting 
MIS,6326,501,,5,17,19,13,3,1,1,,,,,,3,"Cankaya, Hakki C","Kumari, Riti",,,,,hcc072000,hakki cankaya,Data Management 
CS,3345,002,4,5,12,11,13,8,3,1,3,,,,1,3,"Ozbirn, Greg A","Wickramasuriya, Shamila C","Zhang, Linrui",,,,ozbirn,greg ozbirn,Data Structures and Introduction to Algorithmic Analysis 
ACCT,3331,002,,19,,,18,4,,8,3,5,,,5,3,"Zhang, Yuan","Sandhu, Gurvinder",,,,,yxz122931,yuan zhang,Intermediate Financial Accounting I 
CS,4348,001,3,7,8,6,3,11,8,6,2,2,2,,3,3,"Ozbirn, Greg A","Eltigani Osman Abaker, Mohamedelfatih",,,,,ozbirn,greg ozbirn,Operating Systems Concepts 
PSY,2317,002,,4,2,4,6,1,3,11,6,8,4,1,14,3,"Juhn, Nancy H","Pongpipat, Ekarin E",,,,,njuhn,nancy juhn,Statistics for Psychology 
SOC,4302,001,2,12,14,6,20,5,4,1,,,,,1,3,"Scotch, Richard",,,,,,scotch,richard scotch,Class  Status  and Power 
CS,3305,002,4,9,10,7,11,12,,4,,,3,,5,3,"Morales, Linda","Hogue, Steven D",,,,,lxm014000,linda morales,Discrete Mathematics for Computing II 
MATH,2420,001,2,7,8,5,9,8,5,5,12,,4,,,3,"Balanov, Zalman",,,,,,zxb105020,zalman balanov,Differential Equations with Applications 
PSY,2364,001,3,4,8,10,10,13,5,3,2,4,2,,4,3,"Assmann, Peter","Montazeri, Vahid",,,,,assmann,peter assmann,Animal Communication 
MECH,2330,001,1,7,5,7,9,10,7,8,6,2,2,2,2,3,"Thamban, P.L.Stephan","Garimella, Martand Mayukh",,,,,stephan,p l stephan thamban,Dynamics 
PSCI,3303,001,4,14,8,8,8,6,7,8,3,,3,,1,3,"Gray, Thomas","Mueller, Grace B","Carr, Cory K",,,,txg171430,thomas gray,Civil Liberties 
CS,2336,002,17,16,8,2,9,6,2,6,,,1,,3,3,"Vogel, Don G",,,,,,dgv130030,don vogel,Computer Science II 
ECON,2302,005,6,9,13,6,12,3,5,9,2,,3,,3,3,"McElroy, Susan","Zhang, Licheng","Nguyen, Hien T",,,,skm028000,susan mcelroy,Principles of Microeconomics 
OPRE,6301,503,,29,4,18,10,2,1,2,,,,,5,3,"Brussolo, Monica E","Kumar, Akshay",,,,,meb049000,monica brussolo,Statistics and Data Analysis 
CS,4349,003,1,6,9,4,15,10,3,7,6,3,3,,4,3,"Daescu, Ovidiu","Huang, Hongyao",,,,,daescu,ovidiu daescu,Advanced Algorithm Design and Analysis 
ACCT,2302,004,4,17,3,16,24,4,,3,,,,,1,3,"Cohen, Daniel A","Walker, Jacob N",,,,,dac101000,daniel cohen,Introductory Management Accounting 
OPRE,6301,008,,24,,16,13,,9,11,,,,,3,3,"Wang, Shouqiang","Kucukgul, Can",,,,,sxw163830,shouqiang wang,Statistics and Data Analysis 
OPRE,3360,001,3,9,16,11,12,7,4,4,2,2,,3,4,3,"Toptal, Aysegul","Kulkarni, Nilay A",,,,,axt083100,aysegul toptal,Managerial Methods in Decision Making Under Uncertainty 
BIOL,3335,001,3,26,1,,25,1,,16,3,,3,,1,3,"Reitzer, Lawrence","Sudarshan, Sushmita",,,,,reitzer,,Microbial Physiology 
CRIM,3300,0W1,,19,11,7,13,5,3,10,1,5,1,,6,3,"Worrall, John L","Kanvinde, Vrishali",,,,,jlw064000,john worrall,Crime and Civil Liberties 
MATH,2415,501,15,9,12,7,8,3,,5,7,4,4,,8,3,"Makhijani, Neha",,,,,,nxm165130,neha makhijani,Calculus of Several Variables 
HIST,1302,002,,30,,,31,,,12,,,4,,6,3,"Lester, Carole N",,,,,,cxl116430,carole lester,U S  History Survey from Civil War 
EPPS,2301,001,5,13,22,15,12,9,2,1,,1,,,3,3,"Moshier, Jeffrey H",,,,,,jhm061000,jeffrey moshier,Research Design in the Social and Policy Sciences 
EE,1100,002,,21,4,13,21,4,,12,7,,,2,3,3,"Florence, James M","Abbasalipour, Amin","Baruti, Kudra H","Zhang, Yujie",,,jmf130530,james florence,Introduction to Electrical Engineering 
MATH,2451,001,12,9,10,10,6,3,4,7,4,3,2,2,15,3,"Turi, Janos","Acharya, Subas","Hart, Russell A",,,,turi,janos turi,Multivariable Calculus with Applications 
HIST,1301,012,13,21,,5,24,,3,9,,1,3,,8,3,"Folsom, Bradley N","Dunham, Daniel C",,,,,bxf180006,,U S  History Survey to Civil War 
PSCI,3325,001,2,13,21,17,14,5,4,5,1,,,1,4,3,"Lowry, Robert C","Kingsolver, Austin W","Sun, Zeyu",,,,rcl062000,robert lowry,American Public Policy 
ECON,3330,002,11,34,11,4,20,1,,2,2,,1,,2,3,"Ketsler, Luba","Colunga Ramos, Luis Fernando",,,,,lxk010300,luba ketsler,Economics of Health 
CRIM,1307,001,2,34,13,13,5,11,5,4,3,1,,,,3,"Boots, Denise P","Derlic, Dragana",,,,,dpb062000,denise boots,Introduction to Crime and Criminology 
NSC,3361,004,6,14,19,10,7,10,6,6,3,1,4,1,5,3,"Raboune, Siham","Zuppichini, Mark D",,,,,sxr180071,siham raboune,Introduction to Neuroscience 
STAT,2332,002,5,28,24,14,11,11,6,6,14,2,3,1,1,3,"Chen, Min","Yuan, Xiaochen",,,,,mxc136030,min chen,Introductory Statistics for Life Sciences 
PSY,4346,001,22,37,19,17,9,9,7,2,2,,2,,1,3,"Gentsch, Joanna K",,,,,,jgentsch,joanna gentsch,Human Sexuality 
CHEM,2323,001,22,46,14,19,11,12,7,4,6,2,,,,3,"Wijenayake, Sumudu N",,,,,,snw081000,sumudu wijenayake,Introductory Organic Chemistry I 
ECON,2301,002,1,19,6,14,43,6,8,38,3,,19,,18,3,"Valcarcel, Victor J","Lupa, Micah P","Jeoun, Paul","Colunga Ramos, Luis Fernando",,,vjv150130,victor valcarcel,Principles of Macroeconomics 
PSY,2301,002,,52,28,18,21,8,9,12,3,6,6,7,7,3,"Sasson, Noah J","Gryder, Kieth",,,,,njs092000,noah sasson,Introduction to Psychology 
PHYS,2326,501,28,55,,15,10,7,14,52,10,,23,,13,3,"Glosser, Robert","Choi, Miyoung","Lee, Brandyn E","Fong, Matthew","King, Lindsay J","Cherepanov, Stanislav M",glosser,robert glosser,Electromagnetism and Waves 
ISNS,2367,0W1,75,69,25,19,23,4,2,3,6,3,6,1,11,3,"Pujana, Ignacio","Zhang, Shuo",,,,,pujana,ignacio pujana,The Oceans 
ISNS,2359,0W1,24,79,39,24,27,18,13,6,9,,11,,6,3,"Shilpakar, Prabin","Haque, Ziaul",,,,,pxs077000,prabin shilpakar,Earthquakes and Volcanoes 
GEOS,1303,0W1,129,38,11,18,20,14,5,4,1,4,2,4,9,3,"Pujana, Ignacio","Zhang, Shuo",,,,,pujana,ignacio pujana,Physical Geology 
ATCM,2300,001,,115,70,29,33,16,15,14,2,1,3,,9,3,"Balsamo, Anne",,,,,,axb161831,anne balsamo,Introduction to TechnoCulture 
ATCM,3306,002,,3,2,6,2,1,3,1,3,2,,,,4,"Camacho, Christopher J",,,,,,cjc043000,christopher camacho,Modeling and Texturing I 
BIOL,3455,801,,6,2,2,2,3,3,1,2,1,,,2,4,"Sarcar, Subha N","Ramirez, Ruben D",,,,,sns064000,subha sarcar,Human Anatomy and Physiology with Lab I 
CHEM,1112,601,1,14,5,,1,,,2,,,,,1,4,"Gavva, Sandhya R","Villones, Rhiza Lyne",,,,,sgavva,sandhya gavva,General Chemistry Laboratory II 
BIOL,3455,305,,2,5,5,2,3,2,2,,1,,2,3,4,"Sarcar, Subha N","Ramirez, Ruben D",,,,,sns064000,subha sarcar,Human Anatomy and Physiology with Lab I 
BIOL,3455,303,2,4,1,4,3,6,2,1,1,2,1,,1,4,"Ramirez, Ruben D","Maitra, Meenakshi",,,,,rdr092000,ruben ramirez,Human Anatomy and Physiology with Lab I 
BIS,3320,001,,7,10,2,3,2,,,2,,1,,2,4,"Hudson, Jennifer M",,,,,,jxh100220,jennifer hudson,The Nature of Intellectual Inquiry 
GEOS,1303,003,1,2,8,,7,8,1,5,,,1,1,1,4,"Manton, William I",,,,,,manton,william manton,Physical Geology 
BIOL,1318,001,,7,,,13,,,10,,,5,,1,4,"Maitra, Meenakshi",,,,,,mxm172731,meenakshi maitra,Human Genetics 
MATH,2419,001,1,5,2,3,4,5,4,3,4,,4,,2,4,"Foley, Manjula",,,,,,mxf091000,manjula samanmalee foley,Calculus II 
BIOL,3161,012,8,8,10,2,4,1,1,2,1,,,,1,4,"D'Arcy, Sheena",,,,,,sxd156730,sheena darcy,Biochemistry Workshop I 
MATH,1326,004,11,5,,4,1,2,2,3,,3,1,2,5,4,"Rice, David",,,,,,dxr143630,david rice,Applied Calculus II 
BIOL,3161,013,1,7,4,5,6,5,4,2,3,,,,3,4,"Meloni, Gabriele",,,,,,gxm152330,gabriele meloni,Biochemistry Workshop I 
MATH,2414,001,1,4,5,1,3,4,6,4,3,2,1,2,6,4,"Estacio-Hiroms, Kemelli",,,,,,kxe160930,kemelli estacio hiroms,Integral Calculus 
MATH,2414,006,4,4,3,2,1,6,3,4,5,1,1,1,7,4,"Choi, Sl-ghi",,,,,,sxc173731,sl ghi choi,Integral Calculus 
MATH,2413,030,,6,2,2,3,2,4,1,4,5,,2,13,4,"Martynova, Irina",,,,,,ixm140930,irina martynova,Differential Calculus 
MATH,2418,007,3,6,3,1,9,3,3,6,5,2,,1,2,4,"Sauter, Alan D",,,,,,ads014500,alan sauter,Linear Algebra 
MATH,2419,002,12,9,5,3,2,3,3,1,2,,1,,3,4,"Foley, Manjula",,,,,,mxf091000,manjula samanmalee foley,Calculus II 
MATH,2413,013,2,5,,4,5,1,2,3,7,3,3,1,8,4,"Eydelzon, Anatoly",,,,,,axe031000,anatoly eydelzon,Differential Calculus 
MATH,2413,010,1,5,3,3,4,2,6,6,4,2,1,1,6,4,"Nguyen, Mylinh T",,,,,,mln018200,mylinh nguyen,Differential Calculus 
ENGR,3341,503,2,3,3,4,4,1,5,3,10,,1,2,6,4,"Fonseka, John","Hassan, Rana A",,,,,kjp,john fonseka,Probability Theory and Statistics 
CE,1202,001,4,9,6,6,4,6,2,4,2,,,2,3,4,"Cogan, Diana L",,,,,,dcc095020,diana cogan,Introduction to Electrical Engineering II 
OPRE,6303,0W1,,26,2,6,10,,,,,,,,4,4,"Sethi, Awanti","Sethi, Shravik P",,,,,asethi,awanti sethi,Quantitative Foundations of Business 
CRIM,1301,001,2,3,7,5,12,8,2,4,1,2,1,2,2,4,"Bray, Timothy M",,,,,,tmb021000,timothy bray,Introduction to Criminal Justice 
MATH,4301,001,9,10,5,8,5,2,3,5,2,,1,,1,4,"Dabkowski, Mieczyslaw K","Khan, Md Arafat H",,,,,mkd034000,mieczyslaw dabkowski,Mathematical Analysis I 
FIN,6301,501,,18,4,5,15,5,3,,,,,,2,4,"Xiao, Steven","Wang, Yu-Chi",,,,,sxx150930,steven xiao,Financial Management 
ACCT,2301,003,12,5,1,8,5,4,6,5,,3,2,2,1,4,"Fan, Zhongwen",,,,,,zxf140730,zhongwen fan,Introductory Financial Accounting 
ACCT,2301,006,6,8,4,1,12,10,5,5,3,1,1,,,4,"Huang, Ying","Gencer, Nur Pinar",,,,,yxh124430,ying huang,Introductory Financial Accounting 
OPRE,3333,007,10,7,9,6,10,2,3,3,3,1,2,3,3,4,"Woldu, Malgorzata","Seripalli, Dilip Kumar",,,,,mxw180018,malgorzata woldu,Quantitative Business Analysis 
CS,4365,002,1,6,37,13,3,,2,1,,,1,,,4,"Davis, Chris I",,,,,,cid021000,chris davis,Artificial Intelligence 
HUMA,1301,009,,10,13,12,19,,5,4,,,1,,,4,"Gu, Ming D","He, Tong",,,,,mdg073000,ming dong gu,Exploration of the Humanities 
ACCT,2302,501,2,1,12,4,6,11,6,2,7,3,1,5,5,4,"Hes, Christopher A","Walker, Jacob N",,,,,cah041000,christopher hess,Introductory Management Accounting 
MATH,2420,004,9,6,4,10,6,11,10,3,7,,1,,,4,"Paudel, Ajaya B",,,,,,abp062000,ajaya paudel,Differential Equations with Applications 
CS,2305,002,6,6,5,8,5,7,2,5,2,4,3,3,11,4,"Yousefpour, Ashkan",,,,,,axy130830,,Discrete Mathematics for Computing I 
OPRE,3333,002,18,12,10,3,11,4,1,3,,1,2,,3,4,"Oguzman, Neslihan","Atulkumar, Bhavikshah",,,,,nxo170830,neslihan oguzman,Quantitative Business Analysis 
OPRE,3333,004,23,17,,8,6,,4,7,,1,3,,1,4,"Alimirzaei, Athena","Liu, Yueming",,,,,axa134231,athena alimirzaei,Quantitative Business Analysis 
CS,4384,002,6,5,7,17,9,11,9,5,4,,,,1,4,"Malik, Hemant","Fan, Zhenbao",,,,,hxm142630,hemant malik,Automata Theory 
BIOL,3303,001,10,20,22,2,9,2,1,2,2,1,2,1,1,4,"Palmer, Kelli L","Avadhanam, Nymisha",,,,,klp120030,kelli palmer,Introduction to Microbiology 
HIST,1302,001,,45,,,20,,,6,,,3,,7,4,"Lester, Carole N","Yates, Kathryn L",,,,,cxl116430,carole lester,U S  History Survey from Civil War 
HIST,1301,004,1,8,6,10,17,11,8,5,1,,3,3,11,4,"Schulze, Jeffrey","Michaelsen, Rebekka A",,,,,jxs072200,jeffrey schulze,U S  History Survey to Civil War 
PSY,3361,501,13,21,4,7,13,1,1,14,4,1,2,,3,4,"Roark, Dana A","Zhang, Ziwei",,,,,danar,dana roark,Cognitive Psychology 
MAS,6102,008,,,,,,,,,,,,,10,4,"Cirilo, Jason M",,,,,,jmc180002,jason cirilo,Professional Development 
STAT,2332,003,11,10,14,2,8,6,5,7,7,3,4,4,3,4,"Shin, Sunyoung","de Silva, Galappaththige Sajith R",,,,,sxs177233,sunyoung shin,Introductory Statistics for Life Sciences 
HIST,1301,013,,8,20,9,27,8,1,6,,,,,6,4,"Klimchock, Carolee","Ssali, Madiina",,,,,cxk180016,carolee klimchock,U S  History Survey to Civil War 
CHEM,2325,002,8,15,7,11,5,8,4,2,10,6,3,,10,4,"Thompson, Christina M",,,,,,cmt120030,christina thompson,Introductory Organic Chemistry II 
MAS,6102,002,,,,,,,,,,,,,1,4,"Jones, Royce E",,,,,,rxj111030,,Professional Development 
AHST,1304,001,15,19,14,13,11,10,6,8,1,4,3,3,6,4,"Goode, Dianne H","Kennington, Harper R",,,,,dgoode,dianne goode,Survey of Western Art History  Renaissance to Modern 
CHEM,2323,002,31,46,11,16,6,10,5,4,6,3,,,4,4,"Stefan, Mihaela C","Miller, Justin T","Ren, Yixin","Gunawardhana, Kahawatte Gedara","Gamage, Prabhath Lakmal","Calubaquib, Erika Joy",mci071000,mihaela stefan,Introductory Organic Chemistry I 
BIOL,2311,501,6,45,27,14,72,21,25,54,14,5,1,3,4,4,"Burr, John G",,,,,,burr,john burr,Introduction to Modern Biology I 
GOVT,2306,005,,82,67,40,30,43,17,2,4,2,2,,5,4,"Elliott, Euel W","Latiolais, Jasmine R","Johnson, Sara K",,,,eelliott,euel elliott,State and Local Government 
BIOL,3101,006,,4,3,,,1,,1,,,2,,,5,"Dejong, Jeff L",,,,,,dejong,jeff dejong,Classical and Molecular Genetics Workshop 
ACCT,3341,501,5,9,4,2,1,1,,2,,1,1,,,5,"Williams, Lisa C",,,,,,lisacw,lisa williams,Cost Management Systems 
MATH,1326,002,6,2,3,2,2,2,2,2,3,,6,3,4,5,"Ding, Hui",,,,,,hxd162130,hui ding,Applied Calculus II 
MATH,1326,501,6,6,6,1,3,2,,1,2,1,3,3,5,5,"Li, Changsong",,,,,,cxl109120,changsong li,Applied Calculus II 
ENGR,3300,006,,9,,,10,,,10,,,5,,5,5,"Bhatt, Tanay M",,,,,,tmb018000,tanay bhatt,Advanced Engineering Mathematics 
MATH,2413,006,1,3,3,4,4,,3,7,6,2,1,1,6,5,"Aman, Kelly",,,,,,kxa143530,kelly aman,Differential Calculus 
MATH,2417,001,7,1,4,5,2,2,1,4,4,1,2,1,8,5,"Williams, Nathan",,,,,,nxw170830,nathan williams,Calculus I 
MATH,2414,010,2,2,4,4,2,2,3,4,7,,3,1,9,5,"Tran, Anh T",,,,,,att140830,anh tran,Integral Calculus 
IMS,3310,001,,10,6,10,7,,5,5,,,2,,4,5,"Henderson, Tom","Kathpalia, Ashutosh",,,,,txh093000,tom henderson,International Business 
CS,1325,001,9,3,6,4,8,2,1,7,2,1,,,8,5,"Razo Razo, Miguel A",,,,,,mrazora,miguel razo,Introduction to Programming 
MATH,2419,003,12,8,5,5,3,2,,2,4,,2,,10,5,"Norwood, John",,,,,,jxn142530,john norwood,Calculus II 
CS,2336,003,2,15,1,4,11,2,,7,2,,4,,8,5,"Smith, Jason W",,,,,,jws130830,jason smith,Computer Science II 
PSY,2317,001,,3,5,2,6,6,4,8,4,5,4,1,10,5,"Juhn, Nancy H","Carson, Kevin J",,,,,njuhn,nancy juhn,Statistics for Psychology 
ACCT,3332,501,,6,4,3,10,4,2,8,7,3,5,4,3,5,"Bortz, Tiffany A","Sarman, Patrick R",,,,,tabortz,tiffany bortz,Intermediate Financial Accounting II 
CS,1134,601,27,18,,3,3,,1,5,,,1,,2,5,"Doore, Karen L",,,,,,kld054000,karen doore,Computer Science Laboratory 
OPRE,3333,008,8,3,5,8,10,4,5,3,3,1,4,3,5,5,"Enayaty Ahangar, Negin","Jain, Arunima",,,,,nxe180001,negin enayaty ahangar,Quantitative Business Analysis 
CS,2305,505,30,12,5,6,9,,,,1,,,,3,5,"De, Partha",,,,,,pxd141430,partha de,Discrete Mathematics for Computing I 
OPRE,3333,001,16,7,9,6,8,3,1,5,,1,2,,11,5,"Ahadi, Khatereh","Huang, Wei Chuan",,,,,kxa180010,khatereh ahadi,Quantitative Business Analysis 
OPRE,3360,006,13,9,3,7,8,7,4,4,5,1,6,3,4,5,"Enayaty Ahangar, Negin","Jain, Arunima",,,,,nxe180001,negin enayaty ahangar,Managerial Methods in Decision Making Under Uncertainty 
OPRE,3360,002,14,8,5,9,8,7,6,3,3,2,1,5,4,5,"Enayaty Ahangar, Negin","Jain, Arunima",,,,,nxe180001,negin enayaty ahangar,Managerial Methods in Decision Making Under Uncertainty 
ARTS,1301,001,10,29,27,11,7,7,2,,1,,,,,5,"DeWitte, Debra J","McClure, Lindsey K",,,,,djd011500,debra dewitte,Exploration of the Arts 
PHYS,2326,002,,31,,,56,,,30,,,11,,7,5,"Stoneback, Russell A","Garcia Quintero, Cristhian J",,,,,rstoneba,,Electromagnetism and Waves 
CHEM,2323,004,10,19,7,15,11,14,10,10,12,13,5,,9,5,"Lee, Jiyong",,,,,,jxl127631,jiyong lee,Introductory Organic Chemistry I 
GOVT,2306,007,,25,34,24,27,15,4,3,1,,,,10,5,"Elliott, Euel W","Latiolais, Jasmine R","Johnson, Sara K",,,,eelliott,euel elliott,State and Local Government 
BIOL,3361,001,20,51,16,19,26,9,22,18,13,9,9,6,16,5,"Marsh, Robert","Spiro, Stephen","Dey, Sanchareeka","Ashrafi, Adnin","Krishnamohan, Aishwarya","Lasley, Alexandra E",rmarsh,robert marsh,Biochemistry I 
BIOL,2312,001,20,30,54,34,25,41,18,22,16,6,5,4,11,5,"Wilson, Michelle","Salamat, Narges","Cao, Lian","Yetkin, Celal E","Zhou, Qin",,mxw084000,michelle wilson,Introduction to Modern Biology II 
ECON,3310,001,4,1,2,5,2,1,1,1,,1,1,1,4,6,"Hedlund, Jonas","Zhang, Jinglun",,,,,jxh180030,jonas hedlund,Intermediate Microeconomic Theory 
ATCM,3306,001,1,1,3,2,4,5,,2,1,2,1,,2,6,"Boyd, Elizabeth",,,,,,esp041000,elizabeth boyd,Modeling and Texturing I 
MATH,2370,001,3,1,1,3,2,,3,1,2,,1,2,17,6,"McCary, Brady C",,,,,,bcm052000,brady mccary,Introduction to Programming with MATLAB 
GEOS,1303,001,2,4,2,4,8,3,8,3,1,2,1,,2,6,"Griffin, William R",,,,,,griffin,william griffin,Physical Geology 
MATH,1316,001,4,2,4,4,6,7,3,3,3,,,,5,6,"Sutton, Julie",,,,,,jxs158030,julie sutton,Trigonometry 
MATH,2414,002,,1,3,2,1,4,5,8,6,1,1,,10,6,"McCary, Brady C",,,,,,bcm052000,brady mccary,Integral Calculus 
MATH,2414,003,,2,5,4,4,,7,3,4,,,4,9,6,"Garrett, Bentley T",,,,,,btg032000,bentley garrett,Integral Calculus 
FIN,3320,501,,8,4,3,15,3,1,1,5,2,1,,5,6,"Cordell, David M","Kirk, Steven B",,,,,dmc012300,david cordell,Business Finance 
PHIL,2303,001,4,4,1,4,6,10,,4,5,,,2,8,6,"Brown, Matthew","Escalante, Elizabeth R",,,,,mxb091000,matthew brown,Introduction to Logic 
ACCT,2301,009,3,6,4,8,3,10,7,3,5,,,,2,6,"Markov, Stanimir",,,,,,sxm079200,stanimir markov,Introductory Financial Accounting 
ACCT,2301,008,2,10,2,5,4,8,13,3,5,,,,1,6,"Markov, Stanimir","Gencer, Nur Pinar",,,,,sxm079200,stanimir markov,Introductory Financial Accounting 
CS,1334,002,1,7,6,5,13,4,11,4,2,3,1,,2,6,"Veerasamy, Jeyakesavan",,,,,,veerasam,jeyakesavan veerasamy,Programming Fundamentals for Non-Majors 
CS,1134,602,30,10,3,,4,,2,1,,1,,1,7,6,"Doore, Karen L",,,,,,kld054000,karen doore,Computer Science Laboratory 
CS,1334,501,14,8,4,4,12,5,2,1,3,1,3,2,3,6,"Arnold, Gordon L",,,,,,gxa120930,gordon arnold,Programming Fundamentals for Non-Majors 
OPRE,3360,005,13,10,7,7,5,10,7,3,2,1,,4,5,6,"Ahadi, Khatereh","Huang, Wei Chuan",,,,,kxa180010,khatereh ahadi,Managerial Methods in Decision Making Under Uncertainty 
PHIL,1301,002,,,7,7,24,11,10,9,3,2,3,1,7,6,"Hasler, Carl","Armentrout, Kenneth C",,,,,cxh165030,carl hasler,Introduction to Philosophy 
NSC,3361,003,7,14,11,4,2,6,11,10,9,,7,,9,6,"Taylor, Anna M","Inyang, Kufreobong E",,,,,amt180004,anna taylor,Introduction to Neuroscience 
NSC,4366,001,12,16,8,8,16,5,6,4,6,,11,,8,6,"Taylor, Anna M","Nguyen, Linda",,,,,amt180004,anna taylor,Neuroanatomy 
CHEM,2325,001,2,9,4,8,6,6,6,8,9,14,8,,23,6,"Cortes, Sergio J",,,,,,scortes,sergio cortes,Introductory Organic Chemistry II 
CHEM,2323,005,3,14,3,17,10,13,9,11,15,5,5,,16,6,"Cortes, Sergio J",,,,,,scortes,sergio cortes,Introductory Organic Chemistry I 
ECON,2301,001,6,14,11,9,28,12,3,19,3,3,7,,7,6,"Ketsler, Luba","Shi, Tianjian",,,,,lxk010300,luba ketsler,Principles of Macroeconomics 
CHEM,1311,007,12,32,8,20,24,10,9,6,15,5,6,7,37,6,"Gavva, Sandhya R",,,,,,sgavva,sandhya gavva,General Chemistry I 
NSC,4354,001,39,30,57,16,24,17,12,9,3,3,3,,8,6,"Kroener, Sven",,,,,,sxk101000,sven kroener,Integrative Neuroscience 
BIOL,2311,001,43,40,42,25,19,25,23,20,23,5,7,13,1,6,"Srikanth, Uma","Ghatwai, Nisha Avinash","Upreti, Chahat","Sankaranarayanan, Ishwarya","Ray, Ashvini","Balconi-Lamica, Patricia M",ukrish,uma srikanth,Introduction to Modern Biology I 
GOVT,2305,003,7,31,26,27,48,33,21,39,17,4,21,3,13,6,"Gray, Thomas","Carr, Cory K","Mueller, Grace B",,,,txg171430,thomas gray,American National Government 
GOVT,2306,006,2,38,42,27,55,28,23,37,13,4,8,3,12,6,"Larue, Patrick","Glover, Nathan R","Mutesi, Mireille",,,,pxl111020,patrick larue,State and Local Government 
BIOL,3101,003,,2,2,1,3,1,,6,1,,2,,,7,"Hannig, Ernest",,,,,,hannig,ernest hannig,Classical and Molecular Genetics Workshop 
FIN,3350,001,3,6,4,7,4,1,2,2,1,,,,1,7,"Rivera Mesias, Alejandro","Zhu, Yifan",,,,,axr150331,alejandro rivera mesias,Financial Markets and Institutions 
MATH,1316,002,4,3,4,1,4,6,1,4,2,,,,6,7,"Sutton, Julie",,,,,,jxs158030,julie sutton,Trigonometry 
MATH,2413,007,,2,3,7,2,6,4,4,2,,2,2,6,7,"Mussa, Derege",,,,,,dxm146130,derege mussa,Differential Calculus 
MATH,4334,001,2,4,5,4,6,3,7,5,5,,2,4,7,7,"Garrett, Bentley T","Mankad, Het Y",,,,,btg032000,bentley garrett,Numerical Analysis 
PHYS,2303,001,4,15,8,10,5,5,,5,,2,,1,7,7,"Khan, Amena","Ali, Saif",,,,,axk140130,amena khan,Contemporary Physics 
PHIL,1301,003,,10,6,8,11,6,3,5,4,2,,,7,7,"Amato, Lawrence A","del Bosque, Isai",,,,,laa062000,lawrence amato,Introduction to Philosophy 
OPRE,3333,006,3,11,8,7,3,8,4,6,2,1,2,7,3,7,"Enayaty Ahangar, Negin","Jain, Arunima",,,,,nxe180001,negin enayaty ahangar,Quantitative Business Analysis 
AMS,2341,001,1,9,14,11,16,7,1,2,,,1,1,5,7,"Naqvi, Syed K",,,,,,skn180000,syed naqvi,American Studies for the Twenty-First Century 
OPRE,3360,004,6,9,9,13,13,8,3,1,4,,,,4,7,"Naseri Taheri, Mohammad","Jin, Siyu",,,,,mxn121930,mohammad naseri,Managerial Methods in Decision Making Under Uncertainty 
BLAW,2301,003,,23,5,13,15,1,10,1,1,,,2,11,7,"Polze, Matthew M","Sarman, Patrick R",,,,,mmp062000,matthew polze,Business and Public Law 
MATH,2415,002,10,12,10,5,10,5,4,9,6,1,5,2,8,7,"Dahal, Rabin",,,,,,rxd153030,rabin dahal,Calculus of Several Variables 
MAS,6102,004,,,,,,,,,,,,,,7,"Cirilo, Jason M",,,,,,jmc180002,jason cirilo,Professional Development 
ECON,2302,002,3,20,6,16,25,9,7,20,8,1,9,,13,7,"Arce, Daniel G","Griffie, Vernicia A","Li, Yanting",,,,dga071000,daniel arce,Principles of Microeconomics 
NSC,3361,001,23,39,42,17,12,26,17,17,27,16,10,13,24,7,"McWilliams, Steven P","Lackovic, Jacob",,,,,sxm127330,steven mcwilliams,Introduction to Neuroscience 
ATCM,3311,001,,1,1,2,1,,1,2,2,2,,1,9,8,"Johnson, Casey A",,,,,,caj150430,casey johnson,Tools Development for Arts  Technology  and Emerging Communication 
FIN,6301,0W1,,8,1,,11,4,,3,,,,,5,8,"Day, Theodore",,,,,,tday,theodore day,Financial Management 
MATH,2414,009,,1,2,2,4,2,3,2,6,4,2,2,7,8,"Eydelzon, Anatoly",,,,,,axe031000,anatoly eydelzon,Integral Calculus 
ACCT,3331,001,11,1,4,5,8,2,9,3,3,2,2,5,2,8,"Files, Rebecca L",,,,,,rlf092000,rebecca files,Intermediate Financial Accounting I 
CS,2336,004,3,14,4,2,9,5,5,9,2,3,2,1,8,8,"Smith, Jason W",,,,,,jws130830,jason smith,Computer Science II 
CS,3377,0W1,4,5,15,7,3,6,8,8,5,4,2,3,2,8,"Min, Richard K","Li, Yi",,,,,rkm010300,richard min,C C  Programming in a UNIX Environment 
HIST,1301,005,1,8,6,8,21,6,9,10,2,,4,2,3,8,"Schulze, Jeffrey","Jacobs, Janet K",,,,,jxs072200,jeffrey schulze,U S  History Survey to Civil War 
PHIL,1301,001,,4,13,9,15,10,7,10,4,1,2,2,5,8,"Hasler, Carl",,,,,,cxh165030,carl hasler,Introduction to Philosophy 
AHST,1304,002,15,26,4,7,20,8,6,8,3,3,1,1,5,8,"Goode, Dianne H","Dunbar, Amanda R",,,,,dgoode,dianne goode,Survey of Western Art History  Renaissance to Modern 
GOVT,2306,008,,22,17,8,20,15,12,18,7,6,5,2,18,8,"Larue, Patrick","Glover, Nathan R","Mutesi, Mireille",,,,pxl111020,patrick larue,State and Local Government 
GOVT,2305,001,,50,,,68,1,,49,,,24,,22,8,"Culp, Justin G","Lodhi, Zahra",,,,,jgc130130,,American National Government 
AHST,2331,001,64,78,55,17,28,8,7,13,2,,5,1,6,8,"DeWitte, Debra J","Anderson, Linda K","Esmail, Fatima N","Brunetti, Francesca",,,djd011500,debra dewitte,Understanding Art 
BIOL,3101,001,,1,1,,2,1,,3,3,,2,,2,9,"Hannig, Ernest",,,,,,hannig,ernest hannig,Classical and Molecular Genetics Workshop 
BIOL,3101,004,,2,,,1,,,6,3,,4,,,9,"Dejong, Jeff L",,,,,,dejong,jeff dejong,Classical and Molecular Genetics Workshop 
CS,4392,001,6,5,5,1,1,1,2,,1,,,,3,9,"Guo, Xiaohu","Wang, Yeqi",,,,,xxg061000,xiaohu guo,Computer Animation 
BIOL,3101,002,,2,1,1,,4,,7,7,,1,,2,9,"Dejong, Jeff L",,,,,,dejong,jeff dejong,Classical and Molecular Genetics Workshop 
CS,1337,001,2,2,,1,4,1,1,1,2,,2,1,11,9,"Smith, Jason W",,,,,,jws130830,jason smith,Computer Science I 
MATH,2414,008,3,3,4,4,4,,5,5,3,1,2,1,3,9,"Garrett, Bentley T",,,,,,btg032000,bentley garrett,Integral Calculus 
CS,4375,501,2,13,8,4,8,10,,8,1,3,2,2,6,9,"Ng, Yu Chung V","Ocampo Diaz, Gerardo",,,,,ycn041000,vincent ng,Introduction to Machine Learning 
CHEM,1301,001,5,6,4,9,5,6,7,7,7,8,4,2,11,9,"Dieckmann, Gregg",,,,,,dieckgr,gregg dieckmann,General Chemistry for Engineers 
ECON,2301,003,5,39,6,12,38,13,7,32,2,2,2,,13,9,"Ketsler, Luba","Shi, Tianjian",,,,,lxk010300,luba ketsler,Principles of Macroeconomics 
EPPS,2302,001,7,3,4,1,3,6,3,3,2,,,,1,10,"Shih, Meng Ru",,,,,,mxs158030,ru shih meng,Methods of Quantitative Analysis in the Social and Policy Sciences 
ACCT,3332,001,4,8,4,2,7,2,3,11,5,1,7,4,,10,"Bortz, Tiffany A","Sarman, Patrick R",,,,,tabortz,tiffany bortz,Intermediate Financial Accounting II 
HIST,1301,002,2,5,6,8,13,8,1,14,2,,3,2,11,10,"Schulze, Jeffrey","Hirshberg, Jeffrey",,,,,jxs072200,jeffrey schulze,U S  History Survey to Civil War 
HIST,1301,001,1,6,8,6,16,5,3,13,2,2,3,,12,10,"Schulze, Jeffrey","Williams, Harold T",,,,,jxs072200,jeffrey schulze,U S  History Survey to Civil War 
BLAW,2301,002,,26,2,14,16,2,7,1,1,,1,1,8,10,"Polze, Matthew M","Sarman, Patrick R",,,,,mmp062000,matthew polze,Business and Public Law 
PHYS,2326,003,23,44,,22,10,23,21,22,24,,16,,15,10,"Glosser, Robert","Fong, Matthew",,,,,glosser,robert glosser,Electromagnetism and Waves 
MATH,2414,004,,3,4,2,1,2,3,4,5,,2,2,8,11,"Garrett, Bentley T",,,,,,btg032000,bentley garrett,Integral Calculus 
CHEM,1311,003,46,49,16,18,20,18,10,12,13,7,7,,23,11,"Dieckmann, Gregg",,,,,,dieckgr,gregg dieckmann,General Chemistry I 
CHEM,1311,004,24,55,21,16,28,13,16,16,17,6,4,7,17,11,"Taylor, Stephanie M","Alberto, Kevin A",,,,,smt031000,stephanie taylor,General Chemistry I 
PHYS,2325,001,61,39,12,20,20,16,23,11,8,7,7,2,16,11,"Ishak-Boushaki, Mustapha","Agashe, Anish N","Solanki, Rahulkumar","Xie, Weihua",,,mxi054000,mustapha ishak boushaki,Mechanics 
GOVT,2306,004,,30,64,36,55,22,20,27,8,7,4,4,10,11,"Santoro, Lauren A","Rhyu, Kyunghee","Salvador, Estefania F","Miller, Banks","Parker, Misty D",,lar170530,lauren santoro,State and Local Government 
CS,1337,002,5,6,2,1,5,1,3,5,1,1,3,,18,12,"Smith, Jason W",,,,,,jws130830,jason smith,Computer Science I 
CHEM,1311,002,29,57,11,23,19,19,10,11,18,5,6,6,25,13,"Sibert, John W",,,,,,sibertj,john sibert,General Chemistry I 
CHEM,1311,005,21,47,21,20,28,20,14,15,20,6,9,4,15,13,"Taylor, Stephanie M","Alberto, Kevin A",,,,,smt031000,stephanie taylor,General Chemistry I 
BIOL,3361,002,35,51,51,26,23,14,10,12,5,4,5,2,9,13,"D'Arcy, Sheena","Meloni, Gabriele","Lasley, Alexandra E","Ashrafi, Adnin","Dey, Sanchareeka","Krishnamohan, Aishwarya",sxd156730,sheena darcy,Biochemistry I 
PHYS,2325,002,49,24,33,31,13,18,16,10,9,14,6,,12,14,"Lv, Bing","Xie, Weihua","Solanki, Rahulkumar","Agashe, Anish N",,,bxl152230,bing lv,Mechanics 
CHEM,1311,001,13,56,24,13,21,23,8,21,9,7,8,4,30,14,"Gavva, Sandhya R",,,,,,sgavva,sandhya gavva,General Chemistry I 
CHEM,1311,006,16,41,16,23,20,25,11,23,22,9,8,3,19,16,"Huang, Yu","Khan, Amber",,,,,yxh091220,yu huang,General Chemistry I 
PHYS,1301,002,16,17,16,14,14,14,6,7,13,,1,3,11,17,"Penev, Kaloyan","Bhattacharjee, Koustubh",,,,,kxp174430,kaloyan penev,College Physics I 
CHEM,1312,001,28,29,10,19,18,16,23,18,29,12,15,12,45,21,"Sra, Amandeep K","Panangala, Samitha D","Shahrivarkevishahi, Arezoo",,,,aks057000,amandeep sra,General Chemistry II 
BIOL,3301,001,,12,8,2,6,8,,27,14,,12,,5,41,"Hannig, Ernest","Dejong, Jeff L","Prasad, Anisha","Gadhvi, Jashkaran G","Slape, Coreen M",,hannig,ernest hannig,Classical and Molecular Genetics 
