Subject,Catalog Nbr,Section,A+,A,A-,B+,B,B-,C+,C,C-,D+,D,D-,F,CR,I,NC,W,P,Instructor 1,Instructor 2,Instructor 3,Instructor 4,Instructor 5,Instructor 6,instructor_id,instructor_name_normalized,title
AHST,2331,0s1,,,,,,,,,,,,,,,,,,,Mark Rosen,,,,,,mxr088000,mark rosen,Understanding Art  - Italy
ANGM,2303,001,,,,,,,,,,,,,,,,,,,Joanna Cade,,,,,,dal636079,,Project Management for Arts  Technology  and Emerging Communication I
ANGM,3304,002,,,,,,,,,,,,,,,,,,,Frederick Gardner,,,,,,fxg230003,frederick gardner,Character Design
ANGM,3306,002,,,,,,,,,,,,,,,,,,,Joshua Carey,,,,,,dal540711,joshua carey,Modeling and Texturing I
ANGM,3315,001,,,,,,,,,,,,,,,,,,,Monika Salter,,,,,,mxs176131,monika salter,Animation Studies
ANGM,3315,0s1,,,,,,,,,,,,,,,,,,,Christine Veras,,,,,,cxv180000,christine veras,Animation Studies  - United Kingdom
ANGM,3338,001,,,,,,,,,,,,,,,,,,,Troy Griffin,,,,,,txg121730,troy griffin,Motion Design I
ANGM,3368,001,,,,,,,,,,,,,,,,,,,Jack Murray,,,,,,jam130530,jack murray,Scripting for Games I
ANGM,3370,001,,,,,,,,,,,,,,,,,,,Alrisha Obuobi,,,,,,sxo170530,alrisha obuobi,Virtual Environments I
ANGM,4306,001,,,,,,,,,,,,,,,,,,,Singkham Khamnouane,,,,,,ssk013000,singkham khamnouane,Modeling and Texturing II
ANGM,4315,001,,,,,,,,,,,,,,,,,,,Bryon Caldwell,,,,,,bac190003,bryon caldwell,Computer Animation III
ANGM,4338,0s1,,,,,,,,,,,,,,,,,,,Eric Farrar,,,,,,etf091000,eric farrar,Motion Design II  - France
ANGM,4365,001,,,,,,,,,,,,,,,,,,,Timothy Christopher,,,,,,khimbar,timothy christopher,Game Design II
ANGM,6341,001,,,,,,,,,,,,,,,,,,,Randall Villegas,,,,,,rvv150130,,Game Production Studio
ARHM,4v99,0s1,,,,,,,,,,,,,,,,,,,Jonathan Palant,,,,,,jxp170230,jonathan palant,Art  Humanities  and Culture  - Sing and Study in South Africa
ARTS,2316,002,,,,,,,,,,,,,,,,,,,Oluwadare   (Dare) Akinwole,,,,,,oxa220001,,Painting Foundations
ARTS,2350,002,,,,,,,,,,,,,,,,,,,Sheryl Anaya,,,,,,dal526542,sheryl anaya,Photography  Design
ARTS,3368,001,,,,,,,,,,,,,,,,,,,Marcela Reyes,,,,,,mxr116430,marcela reyes,Mixed Media
ARTS,3377,0h1,,,,,,,,,,,,,,,,,,,Marcy Palmer,,,,,,mxp070100,marcy palmer,Photography  Altered Image
ARTS,4366,001,,,,,,,,,,,,,,,,,,,Brynn Higgins-Stirrup,,,,,,bxh230012,brynn higgins stirrup,Advanced Drawing
ATCM,2322,201,,,,,,,,,,,,,,,,,,,Hong An Wu,Sunday Ayodabo,,,,,hxw173930,hong wu,Media Histories
ATCM,2322,202,,,,,,,,,,,,,,,,,,,Hong An Wu,Sunday Ayodabo,,,,,hxw173930,hong wu,Media Histories
ATCM,2330,001,,,,,,,,,,,,,,,,,,,Heidi Cooley,,,,,,hxc176430,heidi cooley,Digital Art and Social Practice
ATCM,2345,001,,,,,,,,,,,,,,,,,,,Harold Fitzgerald,,,,,,hxf170830,hal fitzgerald,Introduction to Audio Production
ATCM,2350,002,,,,,,,,,,,,,,,,,,,Baotran Vo,,,,,,bnv230000,baotran vo,Time-Based Media
ATCM,4397,004,,,,,,,,,,,,,,,,,,,Isi Barreiro,,,,,,ijg190000,isi gonzalez,Senior Seminar
ATCM,4397,0w2,,,,,,,,,,,,,,,,,,,Troy Griffin,,,,,,txg121730,troy griffin,Senior Seminar
COMM,1315,0h2,,,,,,,,,,,,,,,,,,,Natalie Farr,,,,,,dal751884,,Public Speaking
COMM,1315,0h3,,,,,,,,,,,,,,,,,,,Mike Bromberg,,,,,,mxb210046,mike bromberg,Public Speaking
COMM,1315,0h4,,,,,,,,,,,,,,,,,,,Natalie Farr,,,,,,dal751884,,Public Speaking
FILM,3321,001,,,,,,,,,,,,,,,,,,,Adrienne McLean,,,,,,amclean,adrienne mclean,Film in Historical Context  - Costume Makeup Hair in Cinema
HIST,1301,202,,,,,,,,,,,,,,,,,,,Jeffrey Schulze,,,,,,jxs072200,jeffrey schulze,U S  History Survey to Civil War
HIST,1301,203,,,,,,,,,,,,,,,,,,,Jeffrey Schulze,,,,,,jxs072200,jeffrey schulze,U S  History Survey to Civil War
HIST,1301,204,,,,,,,,,,,,,,,,,,,Jeffrey Schulze,,,,,,jxs072200,jeffrey schulze,U S  History Survey to Civil War
HIST,1301,205,,,,,,,,,,,,,,,,,,,Jeffrey Schulze,,,,,,jxs072200,jeffrey schulze,U S  History Survey to Civil War
HIST,1301,206,,,,,,,,,,,,,,,,,,,Jeffrey Schulze,,,,,,jxs072200,jeffrey schulze,U S  History Survey to Civil War
HIST,1302,201,,,,,,,,,,,,,,,,,,,Jeffrey Schulze,,,,,,jxs072200,jeffrey schulze,U S  History Survey from Civil War
HIST,1302,202,,,,,,,,,,,,,,,,,,,Jeffrey Schulze,,,,,,jxs072200,jeffrey schulze,U S  History Survey from Civil War
HIST,1302,204,,,,,,,,,,,,,,,,,,,Jeffrey Schulze,,,,,,jxs072200,jeffrey schulze,U S  History Survey from Civil War
HIST,1302,205,,,,,,,,,,,,,,,,,,,Jeffrey Schulze,,,,,,jxs072200,jeffrey schulze,U S  History Survey from Civil War
HIST,1302,206,,,,,,,,,,,,,,,,,,,Jeffrey Schulze,,,,,,jxs072200,jeffrey schulze,U S  History Survey from Civil War
HIST,2330,201,,,,,,,,,,,,,,,,,,,Kevin Waite,,,,,,dal761769,,Themes and Ideas in American History
HIST,2330,202,,,,,,,,,,,,,,,,,,,Kevin Waite,,,,,,dal761769,,Themes and Ideas in American History
HIST,2330,203,,,,,,,,,,,,,,,,,,,Kevin Waite,,,,,,dal761769,,Themes and Ideas in American History
HIST,2330,204,,,,,,,,,,,,,,,,,,,Kevin Waite,,,,,,dal761769,,Themes and Ideas in American History
HIST,2330,205,,,,,,,,,,,,,,,,,,,Kevin Waite,,,,,,dal761769,,Themes and Ideas in American History
HIST,2330,206,,,,,,,,,,,,,,,,,,,Natalie Ring,,,,,,njr041000,natalie ring,Themes and Ideas in American History
HIST,2330,207,,,,,,,,,,,,,,,,,,,Natalie Ring,,,,,,njr041000,natalie ring,Themes and Ideas in American History
HIST,2330,208,,,,,,,,,,,,,,,,,,,Natalie Ring,,,,,,njr041000,natalie ring,Themes and Ideas in American History
HIST,2330,209,,,,,,,,,,,,,,,,,,,Natalie Ring,,,,,,njr041000,natalie ring,Themes and Ideas in American History
HIST,2330,210,,,,,,,,,,,,,,,,,,,Kevin Waite,,,,,,dal761769,,Themes and Ideas in American History
HIST,2384,202,,,,,,,,,,,,,,,,,,,Anne Fischer,,,,,,agf190000,anne fischer,U S  Women from Settlement to Present
HIST,2384,203,,,,,,,,,,,,,,,,,,,Anne Fischer,,,,,,agf190000,anne fischer,U S  Women from Settlement to Present
HIST,2384,204,,,,,,,,,,,,,,,,,,,Anne Fischer,,,,,,agf190000,anne fischer,U S  Women from Settlement to Present
HIST,2384,205,,,,,,,,,,,,,,,,,,,Anne Fischer,,,,,,agf190000,anne fischer,U S  Women from Settlement to Present
HIST,2384,206,,,,,,,,,,,,,,,,,,,Anne Fischer,,,,,,agf190000,anne fischer,U S  Women from Settlement to Present
HIST,2384,207,,,,,,,,,,,,,,,,,,,Anne Fischer,,,,,,agf190000,anne fischer,U S  Women from Settlement to Present
HIST,2384,208,,,,,,,,,,,,,,,,,,,Anne Fischer,,,,,,agf190000,anne fischer,U S  Women from Settlement to Present
MUSI,1306,0s1,,,,,,,,,,,,,,,,,,,Katrina Rushing,,,,,,kxr220042,katrina rushing,Understanding Music  - Czech Republic
MUSI,2229,001,,,,,,,,,,,,,,,,,,,Domi Oh,,,,,,dxo210002,domi oh,Applied Music
MUSI,2319,001,,,,,,,,,,,,,,,,,,,Kelly Durbin,,,,,,kpdurbin,kelly durbin,Digital Music I
MUSI,3129,001,,,,,,,,,,,,,,,,,,,Nili Riemer Bueckert,,,,,,nxr190013,nili bueckert,Applied Music
MUSI,3129,003,,,,,,,,,,,,,,,,,,,Domi Oh,,,,,,dxo210002,domi oh,Applied Music
MUSI,3182,001,,,,,,,,,,,,,,,,,,,Domi Oh,,,,,,dxo210002,domi oh,Collaborative Piano
MUSI,3229,001,,,,,,,,,,,,,,,,,,,Domi Oh,,,,,,dxo210002,domi oh,Applied Music
MUSI,3229,002,,,,,,,,,,,,,,,,,,,Nili Riemer Bueckert,,,,,,nxr190013,nili bueckert,Applied Music
MUSI,3229,003,,,,,,,,,,,,,,,,,,,James Wilder,,,,,,jew042000,james wilder,Applied Music
MUSI,3229,005,,,,,,,,,,,,,,,,,,,Lori Gerard,,,,,,lag091020,lori gerard,Applied Music
MUSI,3229,006,,,,,,,,,,,,,,,,,,,Catherine Parsoneault,Alison Read,,,,,cxp160030,catherine parsoneault,Applied Music
MUSI,3229,007,,,,,,,,,,,,,,,,,,,Catherine Parsoneault,Alan Harkey,,,,,cxp160030,catherine parsoneault,Applied Music
MUSI,3229,008,,,,,,,,,,,,,,,,,,,Catherine Parsoneault,,,,,,cxp160030,catherine parsoneault,Applied Music
MUSI,3229,009,,,,,,,,,,,,,,,,,,,Min Kim,,,,,,mhk210001,,Applied Music
MUSI,4116,001,,,,,,,,,,,,,,,,,,,James Wilder,,,,,,jew042000,james wilder,Guitar Ensemble III
PHIL,1305,201,,,,,,,,,,,,,,,,,,,Lawrence Amato,,,,,,laa062000,lawrence amato,Introduction to Philosophy of Religion
PHIL,1305,202,,,,,,,,,,,,,,,,,,,Lawrence Amato,,,,,,laa062000,lawrence amato,Introduction to Philosophy of Religion
PHIL,1305,203,,,,,,,,,,,,,,,,,,,Lawrence Amato,,,,,,laa062000,lawrence amato,Introduction to Philosophy of Religion
PHIL,1305,204,,,,,,,,,,,,,,,,,,,Lawrence Amato,,,,,,laa062000,lawrence amato,Introduction to Philosophy of Religion
RELS,1325,201,,,,,,,,,,,,,,,,,,,Lawrence Amato,,,,,,laa062000,lawrence amato,Introduction to Philosophy of Religion
RELS,1325,202,,,,,,,,,,,,,,,,,,,Lawrence Amato,,,,,,laa062000,lawrence amato,Introduction to Philosophy of Religion
RELS,1325,203,,,,,,,,,,,,,,,,,,,Lawrence Amato,,,,,,laa062000,lawrence amato,Introduction to Philosophy of Religion
RELS,1325,204,,,,,,,,,,,,,,,,,,,Lawrence Amato,,,,,,laa062000,lawrence amato,Introduction to Philosophy of Religion
RHET,4320,0w1,,,,,,,,,,,,,,,,,,,Erin Kelley,,,,,,elk031000,erin kelley,Legal Research and Writing
SPAN,4330,0s1,,,,,,,,,,,,,,,,,,,Lorena Camacho-Guardado,,,,,,lxc163230,amalia lorena camacho guardardo,Medical Spanish Immersion  - Spain
THEA,1310,003,,,,,,,,,,,,,,,,,,,Laurence Wensel,,,,,,llw180000,laurence wensel,Understanding Theatre
AHST,6324,001,,,,,,,,,,,,,,,,,,,Erika Doss,,,,,,exd230007,erika doss,Special Topics in American Art  - Art of the New Deal
ANGM,2350,001,,,,,,,,,,,,,,,,,,,Troy Griffin,,,,,,txg121730,troy griffin,Story
ANGM,3305,502,,,,,,,,,,,,,,,,,,,Robert Manriquez,,,,,,rjm107020,,Computer Animation I
ANGM,3306,001,,,,,,,,,,,,,,,,,,,Singkham Khamnouane,,,,,,ssk013000,singkham khamnouane,Modeling and Texturing I
ANGM,3308,001,,,,,,,,,,,,,,,,,,,Joshua Carey,,,,,,dal540711,joshua carey,Rigging I
ANGM,3310,001,,,,,,,,,,,,,,,,,,,Nelson Lim,,,,,,fxl200000,nelson lim,Introduction to Proceduralism
ANGM,3311,002,,,,,,,,,,,,,,,,,,,Casey Johnson,,,,,,caj150430,casey johnson,Scripting for Animation
ANGM,3311,003,,,,,,,,,,,,,,,,,,,Nelson Lim,,,,,,fxl200000,nelson lim,Scripting for Animation
ANGM,3338,501,,,,,,,,,,,,,,,,,,,Anisha Chaudhary,,,,,,axc145530,,Motion Design I
ANGM,3365,002,,,,,,,,,,,,,,,,,,,Richard Schoonover,,,,,,rxs230056,,Game Design I
ANGM,3366,002,,,,,,,,,,,,,,,,,,,Cameron Irby,,,,,,cli170000,,Game Studies I
ANGM,3367,501,,,,,,,,,,,,,,,,,,,Randall Villegas,,,,,,rvv150130,,Level Design I
ANGM,3369,001,,,,,,,,,,,,,,,,,,,Rachel Kerr,,,,,,rtk180001,rachel kerr,Games and Narrative I
ANGM,4305,001,,,,,,,,,,,,,,,,,,,Bryon Caldwell,,,,,,bac190003,bryon caldwell,Computer Animation II
ANGM,4307,001,,,,,,,,,,,,,,,,,,,Peter McCord,,,,,,pam062000,peter mccord,Lighting and Composition II
ANGM,4309,001,,,,,,,,,,,,,,,,,,,Todd Fechter,,,,,,taf051000,todd fechter,Storyboarding
ANGM,4321,001,,,,,,,,,,,,,,,,,,,Singkham Khamnouane,,,,,,ssk013000,singkham khamnouane,Collaborative Modeling
ANGM,4338,001,,,,,,,,,,,,,,,,,,,Eric Farrar,,,,,,etf091000,eric farrar,Motion Design II
ANGM,6335,001,,,,,,,,,,,,,,,,,,,Timothy Christopher,,,,,,khimbar,timothy christopher,Game Design and Development
ANGM,6345,001,,,,,,,,,,,,,,,,,,,Monica Evans,,,,,,mevans,monica evans,Interactive Narrative
ARHM,6310,001,,,,,,,,,,,,,,,,,,,Michael Wilson,Sean Cotter,,,,,mwilson,michael wilson,Team-Taught Interdisciplinary Seminar  - Translation of French Theory
ARTS,1316,003,,,,,,,,,,,,,,,,,,,Zahra Jafarpour,,,,,,zxj220003,zahra jafarpour,Drawing Foundations
ARTS,2316,003,,,,,,,,,,,,,,,,,,,Trey Egan,,,,,,tte150130,trey egan,Painting Foundations
ARTS,2381,001,,,,,,,,,,,,,,,,,,,Kristen Cochran,,,,,,knc103020,kristen cochran,Introduction to Sculpture
ARTS,3367,001,,,,,,,,,,,,,,,,,,,Brynn Higgins-Stirrup,,,,,,bxh230012,brynn higgins stirrup,Figure Drawing
ARTS,3382,001,,,,,,,,,,,,,,,,,,,Lorraine Tady,,,,,,ltt042000,lorraine tady,Color as Subject
ARTS,4308,001,,,,,,,,,,,,,,,,,,,Stephanie Durant,,,,,,ddm043000,,Image Text  - Artists' Books
ATCM,2350,001,,,,,,,,,,,,,,,,,,,Maiza Hixson,,,,,,dal853117,maiza hixson,Time-Based Media
ATCM,3326,0h1,,,,,,,,,,,,,,,,,,,Christina Nielsen,,,,,,crn022000,christina nielsen,Emerging Media Arts
ATCM,3341,001,,,,,,,,,,,,,,,,,,,Jung Woo (JW) Kim,,,,,,dal187617,jung woo (jw) kim,Prototyping
ATCM,3356,501,,,,,,,,,,,,,,,,,,,Andrew Scott,,,,,,afs140330,andrew scott,Projection Mapping Lab
ATCM,3372,001,,,,,,,,,,,,,,,,,,,Harold Fitzgerald,,,,,,hxf170830,hal fitzgerald,Sound Design for Games
ATCM,4346,001,,,,,,,,,,,,,,,,,,,David Marks,,,,,,dem160430,david marks,Audio Productions Lab II
ATCM,6387,001,,,,,,,,,,,,,,,,,,,Andrew Scott,,,,,,afs140330,andrew scott,Emerging Media Studio  - AI in Artistic Studio Practice
COMM,1311,0h1,,,,,,,,,,,,,,,,,,,Tierha Holmes,,,,,,dal951537,,Introduction to Communication Studies
COMM,1315,0h1,,,,,,,,,,,,,,,,,,,Michael Saenz,,,,,,mas130030,michael saenz,Public Speaking
CRWT,3330,001,,,,,,,,,,,,,,,,,,,Jenny Bhatt,,,,,,jxb230007,jenny bhatt,Translation Workshop
CRWT,3354,501,,,,,,,,,,,,,,,,,,,Paula Goldberg,,,,,,pxg180023,paula goldberg,Screenwriting Workshop
DANC,1310,0h1,,,,,,,,,,,,,,,,,,,Cheryl Callon,,,,,,cxc230038,,Understanding Dance
FILM,2332,001,,,,,,,,,,,,,,,,,,,Gregory Shows,,,,,,gss034000,,Understanding Film
HIST,3305,501,,,,,,,,,,,,,,,,,,,Debra Pfister,,,,,,dhpf,debra pfister,War and Genocide in the 20th Century  - Wwii & the Holocaust
HIST,4323,001,,,,,,,,,,,,,,,,,,,J Michael Farmer,,,,,,jmf073000,michael farmer,Topics in Premodern Asian History  - Buddhism in Medieval China
HIST,4358,001,,,,,,,,,,,,,,,,,,,En Li,,,,,,exl230012,en li,Topics in Asian History  - Global Asia
HIST,4390,001,,,,,,,,,,,,,,,,,,,Eric Schlereth,,,,,,exs082000,eric schlereth,History Capstone Project
HIST,6390,501,,,,,,,,,,,,,,,,,,,Paula Cuellar Cuellar,,,,,,dal175811,,Topics in History  - Genocide on the Global South
HUMA,1301,002,,,,,,,,,,,,,,,,,,,Kathryn Whitlock,,,,,,kgw150030,,Exploration of the Humanities
LIT,6309,001,,,,,,,,,,,,,,,,,,,Mai Wang,,,,,,mxw220014,mai wang,Literary Periods and Movements  - Chinese Diasp Fiction & Crit
LIT,6315,501,,,,,,,,,,,,,,,,,,,Ming Gu,,,,,,mdg073000,ming dong gu,Literary and Critical Theory  - Freudian & Lacanian Criticism
LIT,7300,001,,,,,,,,,,,,,,,,,,,Erin Greer,,,,,,exg180013,erin greer,Academic Writing Workshop
MUSI,3122,001,,,,,,,,,,,,,,,,,,,Linda Salisbury,Alan Harkey,,,,,ljs130230,linda salisbury,Brass Ensemble I
MUSI,3130,501,,,,,,,,,,,,,,,,,,,Lori Gerard,,,,,,lag091020,lori gerard,Percussion Ensemble
MUSI,3322,002,,,,,,,,,,,,,,,,,,,Yuxin Mei,,,,,,yxm230017,yuxin mei,Music in Historical Context  - Popular Music in A Global Age
PHIL,6360,001,,,,,,,,,,,,,,,,,,,Charles Bambach,,,,,,cbambach,charles bambach,"Philosophical Issues and the Humanities  - Derrida, Benjamin, & Celan"
RELS,4390,001,,,,,,,,,,,,,,,,,,,J Michael Farmer,,,,,,jmf073000,michael farmer,Topics in Religious Studies  - Buddhism in Medieval China
THEA,3361,001,,,,,,,,,,,,,,,,,,,Fred Curchack,,,,,,curchack,fred curchack,Performing Shakespeare
THEA,4372,501,,,,,,,,,,,,,,,,,,,Kathy Lingo,,,,,,klingo,kathy lingo,Improvisation III
AHST,1303,001,,,,,,,,,,,,,,,,,,,Jacquelyn McDonald,,,,,,jmd074000,jacquelyn mcdonald,Survey of Western Art History  Ancient to Medieval
AHST,1303,002,,,,,,,,,,,,,,,,,,,Jacquelyn McDonald,,,,,,jmd074000,jacquelyn mcdonald,Survey of Western Art History  Ancient to Medieval
AHST,3313,001,,,,,,,,,,,,,,,,,,,Mark Rosen,,,,,,mxr088000,mark rosen,Medieval Art and Architecture
ANGM,3313,002,,,,,,,,,,,,,,,,,,,Sean McComber,,,,,,sxm129130,sean mccomber,2D Animation
ANGM,3313,003,,,,,,,,,,,,,,,,,,,Sean McComber,,,,,,sxm129130,sean mccomber,2D Animation
ARAB,1311,001,,,,,,,,,,,,,,,,,,,Zafar Anjum,,,,,,zxa110730,zafar anjum,Beginning Arabic I
ARAB,1311,002,,,,,,,,,,,,,,,,,,,Zafar Anjum,,,,,,zxa110730,zafar anjum,Beginning Arabic I
ARAB,1312,001,,,,,,,,,,,,,,,,,,,Zafar Anjum,,,,,,zxa110730,zafar anjum,Beginning Arabic II
ATCM,2301,001,,,,,,,,,,,,,,,,,,,Stephany Chan,,,,,,stc170330,,Digital Art and Design Foundations
ATCM,2301,002,,,,,,,,,,,,,,,,,,,Parul Bhatia,,,,,,pxb091000,,Digital Art and Design Foundations
ATCM,2302,002,,,,,,,,,,,,,,,,,,,Olga Johnson,,,,,,oaj240000,,Design I
ATCM,2302,003,,,,,,,,,,,,,,,,,,,Amanda Marder,,,,,,akm150430,amanda marder,Design I
ATCM,2302,004,,,,,,,,,,,,,,,,,,,Zeinab Abri,,,,,,zxa240001,zeinab abri,Design I
ATCM,2302,501,,,,,,,,,,,,,,,,,,,Tina Vahed Khoshknab,,,,,,txv230000,,Design I
ATCM,2321,002,,,,,,,,,,,,,,,,,,,Luke Hernandez,,,,,,lah190004,,Reading Media Critically
ATCM,3301,001,,,,,,,,,,,,,,,,,,,Audra Heaslip,,,,,,axh027000,audra heaslip,Writing for Media Arts and Design
ATCM,3301,002,,,,,,,,,,,,,,,,,,,Audra Heaslip,,,,,,axh027000,audra heaslip,Writing for Media Arts and Design
ATCM,3301,003,,,,,,,,,,,,,,,,,,,Maruf Rahman,,,,,,mxr220000,,Writing for Media Arts and Design
ATCM,3336,001,,,,,,,,,,,,,,,,,,,Isi Barreiro,,,,,,ijg190000,isi gonzalez,Design Research Methods
ATCM,3336,002,,,,,,,,,,,,,,,,,,,Isi Barreiro,,,,,,ijg190000,isi gonzalez,Design Research Methods
ATCM,3388,001,,,,,,,,,,,,,,,,,,,James Fraley,,,,,,jmf210007,james fraley,Social Influence and Persuasive Design
ATCM,4340,001,,,,,,,,,,,,,,,,,,,Mark McKinney,,,,,,mxm190029,mark mckinney,Strategic Design
ATCM,4340,501,,,,,,,,,,,,,,,,,,,Mark McKinney,,,,,,mxm190029,mark mckinney,Strategic Design
CHIN,1311,001,,,,,,,,,,,,,,,,,,,Bei Chen,,,,,,bxc152730,bei chen,Beginning Chinese I
CHIN,1312,001,,,,,,,,,,,,,,,,,,,Bei Chen,,,,,,bxc152730,bei chen,Beginning Chinese II
CHIN,2311,001,,,,,,,,,,,,,,,,,,,Bei Chen,,,,,,bxc152730,bei chen,Intermediate Chinese I
CHIN,2312,001,,,,,,,,,,,,,,,,,,,Bei Chen,,,,,,bxc152730,bei chen,Intermediate Chinese II
COMM,1311,002,,,,,,,,,,,,,,,,,,,Daniel Moss,,,,,,djm161130,daniel moss,Introduction to Communication Studies
COMM,1311,003,,,,,,,,,,,,,,,,,,,Melodee Sova,,,,,,mls230004,melodee sova,Introduction to Communication Studies
COMM,1315,002,,,,,,,,,,,,,,,,,,,Barbara Baker,,,,,,blb140430,barbara baker,Public Speaking
COMM,2314,001,,,,,,,,,,,,,,,,,,,Melodee Sova,,,,,,mls230004,melodee sova,Oral Interpretation
COMM,2335,001,,,,,,,,,,,,,,,,,,,Caitlin Miles,,,,,,dal714266,caitlin miles,Communication and Popular Culture
COMM,3322,001,,,,,,,,,,,,,,,,,,,Melodee Sova,,,,,,mls230004,melodee sova,Relational Communication
COMM,4330,001,,,,,,,,,,,,,,,,,,,Caitlin Miles,,,,,,dal714266,caitlin miles,Digital Media and the 21st Century
CRWT,2301,001,,,,,,,,,,,,,,,,,,,Kiran Bains,,,,,,kbs220000,kiran sahota,Introduction to Creative Writing
CRWT,2301,003,,,,,,,,,,,,,,,,,,,Kiran Bains,,,,,,kbs220000,kiran sahota,Introduction to Creative Writing
CRWT,2301,005,,,,,,,,,,,,,,,,,,,Bahar Momeni,,,,,,bxm180023,bahareh momeniabdolabadi,Introduction to Creative Writing
CRWT,2301,009,,,,,,,,,,,,,,,,,,,Bahar Momeni,,,,,,bxm180023,bahareh momeniabdolabadi,Introduction to Creative Writing
DANC,1310,hn1,,,,,,,,,,,,,,,,,,,Melissa Johnson,,,,,,maj140430,melissa johnson,Understanding Dance  - CV Honors
DANC,2321,002,,,,,,,,,,,,,,,,,,,Cheryl Callon,,,,,,cxc230038,,Stretch  Conditioning  Alignment
DANC,2334,001,,,,,,,,,,,,,,,,,,,Monica Saba,,,,,,msaba,monica saba,Ballet 1
DANC,3335,001,,,,,,,,,,,,,,,,,,,Monica Saba,,,,,,msaba,monica saba,Ballet 2
DANC,3338,001,,,,,,,,,,,,,,,,,,,Xuejing Bai,,,,,,xxb230001,xuejing bai,Experiencing World Dance  - Chinese Folk Dance
HIST,1301,001,,,,,,,,,,,,,,,,,,,Jeffrey Schulze,,,,,,jxs072200,jeffrey schulze,U S  History Survey to Civil War
HIST,1302,001,,,,,,,,,,,,,,,,,,,Jeffrey Schulze,,,,,,jxs072200,jeffrey schulze,U S  History Survey from Civil War
HIST,1302,002,,,,,,,,,,,,,,,,,,,Kristin Bocchine,,,,,,kxb180022,,U S  History Survey from Civil War
HIST,1302,003,,,,,,,,,,,,,,,,,,,John Flippen,,,,,,jbf230002,john flippen,U S  History Survey from Civil War
HIST,1302,502,,,,,,,,,,,,,,,,,,,Ryan Pettengill,,,,,,rsp120030,ryan pettengill,U S  History Survey from Civil War
HIST,1302,hn1,,,,,,,,,,,,,,,,,,,Jeffrey Schulze,,,,,,jxs072200,jeffrey schulze,U S  History Survey from Civil War  - CV Honors
HIST,2341,501,,,,,,,,,,,,,,,,,,,J Michael Farmer,,,,,,jmf073000,michael farmer,East Asian Civilizations
HIST,2341,hn1,,,,,,,,,,,,,,,,,,,J Michael Farmer,,,,,,jmf073000,michael farmer,East Asian Civilizations  - CV Honors
HIST,2350,001,,,,,,,,,,,,,,,,,,,Paula Cuellar Cuellar,,,,,,dal175811,,Latin American Civilizations
HIST,2384,001,,,,,,,,,,,,,,,,,,,Anne Fischer,,,,,,agf190000,anne fischer,U S  Women from Settlement to Present
HIST,3310,001,,,,,,,,,,,,,,,,,,,En Li,,,,,,exl230012,en li,Modern East Asia
HIST,3368,001,,,,,,,,,,,,,,,,,,,Jeffrey Schulze,,,,,,jxs072200,jeffrey schulze,North American Environmental History
HIST,3391,001,,,,,,,,,,,,,,,,,,,Monica Rankin,,,,,,mar046000,monica rankin,Modern Mexico
HIST,3398,001,,,,,,,,,,,,,,,,,,,Monica Rankin,,,,,,mar046000,monica rankin,Colonial Latin American History
HIST,4344,001,,,,,,,,,,,,,,,,,,,Tiffany Bragg,,,,,,dal935004,,Topics in European History  - Political Murder
JAPN,1311,001,,,,,,,,,,,,,,,,,,,Chieko Hoki,,,,,,cxh190009,chieko hoki,Beginning Japanese I
JAPN,2311,001,,,,,,,,,,,,,,,,,,,Chieko Hoki,,,,,,cxh190009,chieko hoki,Intermediate Japanese I
JAPN,2312,001,,,,,,,,,,,,,,,,,,,Chieko Hoki,,,,,,cxh190009,chieko hoki,Intermediate Japanese II
JAPN,3312,001,,,,,,,,,,,,,,,,,,,Chieko Hoki,,,,,,cxh190009,chieko hoki,Advanced Japanese II
LIT,1301,001,,,,,,,,,,,,,,,,,,,Peter Ingrao,,,,,,jingrao,peter ingrao,Introduction to Literature
LIT,1301,002,,,,,,,,,,,,,,,,,,,Peter Ingrao,,,,,,jingrao,peter ingrao,Introduction to Literature
LIT,2321,001,,,,,,,,,,,,,,,,,,,Rene Prieto,,,,,,rxp113230,rene prieto,Survey B  Literature in Translation  - Latin American Literature
LIT,2331,002,,,,,,,,,,,,,,,,,,,Dawn Yang,,,,,,dxy220002,,Introduction to World Literature
LIT,2331,004,,,,,,,,,,,,,,,,,,,Rene Prieto,,,,,,rxp113230,rene prieto,Introduction to World Literature
LIT,2331,005,,,,,,,,,,,,,,,,,,,Peter Ingrao,,,,,,jingrao,peter ingrao,Introduction to World Literature
LIT,2350,002,,,,,,,,,,,,,,,,,,,Ming Gu,,,,,,mdg073000,ming dong gu,Close Reading
LIT,3300,001,,,,,,,,,,,,,,,,,,,Dennis Kratz,,,,,,dkratz,dennis kratz,Western Literary Tradition
LIT,3319,001,,,,,,,,,,,,,,,,,,,Erin Greer,,,,,,exg180013,erin greer,Contexts  - Contemp Anglophone Fiction
LIT,3319,003,,,,,,,,,,,,,,,,,,,Mai Wang,,,,,,mxw220014,mai wang,Contexts  - 20th C Chinese Fiction
LIT,3330,501,,,,,,,,,,,,,,,,,,,Joy Saunders,,,,,,jxs230049,joy saunders,Linguistics
LIT,3337,001,,,,,,,,,,,,,,,,,,,Jennifer Cranfill,,,,,,jec090020,jennifer cranfill,Comparisons  - Body Language
LIT,3338,001,,,,,,,,,,,,,,,,,,,Humberto Gonzalez Nunez,,,,,,hjg230001,,Literary Theory and Aesthetic Philosophy
LIT,4390,001,,,,,,,,,,,,,,,,,,,Theresa Towner,,,,,,tmtowner,theresa towner,Capstone
MUSI,1306,0w2,,,,,,,,,,,,,,,,,,,Kelly Durbin,,,,,,kpdurbin,kelly durbin,Understanding Music
MUSI,2315,001,,,,,,,,,,,,,,,,,,,Daniel Hodan,,,,,,dmh017000,daniel hodan,Guitar I
MUSI,2317,002,,,,,,,,,,,,,,,,,,,Domi Oh,,,,,,dxo210002,domi oh,Piano I
MUSI,2325,001,,,,,,,,,,,,,,,,,,,Nili Riemer Bueckert,,,,,,nxr190013,nili bueckert,Vocal Instruction I
MUSI,2328,001,,,,,,,,,,,,,,,,,,,Katrina Rushing,,,,,,kxr220042,katrina rushing,Music Theory I
MUSI,2329,001,,,,,,,,,,,,,,,,,,,Katrina Rushing,,,,,,kxr220042,katrina rushing,Music Theory II
MUSI,3382,001,,,,,,,,,,,,,,,,,,,Nili Riemer Bueckert,,,,,,nxr190013,nili bueckert,Vocal Instruction II
MUSI,3387,001,,,,,,,,,,,,,,,,,,,Kelly Durbin,,,,,,kpdurbin,kelly durbin,Keyboard Skills for Contemporary Music
MUSI,3388,001,,,,,,,,,,,,,,,,,,,Domi Oh,,,,,,dxo210002,domi oh,Piano II
MUSI,4186,001,,,,,,,,,,,,,,,,,,,Kelly Durbin,,,,,,kpdurbin,kelly durbin,Jazz Ensemble III
PHIL,1305,001,,,,,,,,,,,,,,,,,,,Lawrence Amato,,,,,,laa062000,lawrence amato,Introduction to Philosophy of Religion
PHIL,1306,001,,,,,,,,,,,,,,,,,,,Humberto Gonzalez Nunez,,,,,,hjg230001,,Introduction to Ethics
PHIL,2303,001,,,,,,,,,,,,,,,,,,,Laura Campos,,,,,,lxc230018,laura campos,Introduction to Logic
PHIL,3338,001,,,,,,,,,,,,,,,,,,,Humberto Gonzalez Nunez,,,,,,hjg230001,,Literary Theory and Aesthetic Philosophy
PHIL,4322,001,,,,,,,,,,,,,,,,,,,Charles Bambach,,,,,,cbambach,charles bambach,Philosophical Traditions II  - The Idea of Justice
PHIL,4326,001,,,,,,,,,,,,,,,,,,,Lawrence Amato,,,,,,laa062000,lawrence amato,Major Figures  - Emerson & Nietzsche
RELS,1325,001,,,,,,,,,,,,,,,,,,,Lawrence Amato,,,,,,laa062000,lawrence amato,Introduction to Philosophy of Religion
RELS,3363,001,,,,,,,,,,,,,,,,,,,Mark Rosen,,,,,,mxr088000,mark rosen,Medieval Art and Architecture
RELS,3373,001,,,,,,,,,,,,,,,,,,,Andrew McNeely,,,,,,acm140130,,Religion in Society
RHET,1301,001,,,,,,,,,,,,,,,,,,,Wayne Reed,,,,,,dal632622,,Rhetoric I  - Tsi Support
RHET,1301,002,,,,,,,,,,,,,,,,,,,Wayne Reed,,,,,,dal632622,,Rhetoric I  - Tsi Support
RHET,1301,004,,,,,,,,,,,,,,,,,,,Mary Carol Bagley,,,,,,dal782521,,Rhetoric I
RHET,1302,002,,,,,,,,,,,,,,,,,,,Muhammad Ahmad,,,,,,mxa210077,muhammad ahmad,Rhetoric
RHET,1302,004,,,,,,,,,,,,,,,,,,,Muhammad Ahmad,,,,,,mxa210077,muhammad ahmad,Rhetoric
RHET,1302,005,,,,,,,,,,,,,,,,,,,Manzar Feiz,,,,,,mxf220012,manzar feiz,Rhetoric
RHET,1302,006,,,,,,,,,,,,,,,,,,,Tiffany Sidders,,,,,,txs220060,tiffany sidders,Rhetoric
RHET,1302,007,,,,,,,,,,,,,,,,,,,Rosemond Cates,,,,,,rtc210000,rosemond cates,Rhetoric
RHET,1302,008,,,,,,,,,,,,,,,,,,,Manzar Feiz,,,,,,mxf220012,manzar feiz,Rhetoric
RHET,1302,009,,,,,,,,,,,,,,,,,,,Carie King,,,,,,cxl085200,carie king,Rhetoric
RHET,1302,010,,,,,,,,,,,,,,,,,,,Jay Griffin,,,,,,jlg130030,jay griffin,Rhetoric
RHET,1302,011,,,,,,,,,,,,,,,,,,,Tiffany Sidders,,,,,,txs220060,tiffany sidders,Rhetoric
RHET,1302,012,,,,,,,,,,,,,,,,,,,Rosemond Cates,,,,,,rtc210000,rosemond cates,Rhetoric
RHET,1302,013,,,,,,,,,,,,,,,,,,,Nikita D'Monte,,,,,,nxd162730,nikita dmonte,Rhetoric
RHET,1302,015,,,,,,,,,,,,,,,,,,,Jeeah Ham,,,,,,jxh220004,jeeah ham,Rhetoric
RHET,1302,016,,,,,,,,,,,,,,,,,,,Kyeongmin Hwang,,,,,,kxh220004,kyeongmin hwang,Rhetoric
RHET,1302,017,,,,,,,,,,,,,,,,,,,Karl Sengupta,,,,,,kss140330,karl sengupta,Rhetoric
RHET,1302,018,,,,,,,,,,,,,,,,,,,Jeeah Ham,,,,,,jxh220004,jeeah ham,Rhetoric
RHET,1302,019,,,,,,,,,,,,,,,,,,,Kyeongmin Hwang,,,,,,kxh220004,kyeongmin hwang,Rhetoric
RHET,1302,020,,,,,,,,,,,,,,,,,,,John Huddle,,,,,,dal944798,,Rhetoric
RHET,1302,503,,,,,,,,,,,,,,,,,,,Tamara George,,,,,,dal820570,,Rhetoric
RHET,1302,hn1,,,,,,,,,,,,,,,,,,,Carie King,,,,,,cxl085200,carie king,Rhetoric  - CV Honors
SPAN,1311,001,,,,,,,,,,,,,,,,,,,Jimena Aldana Rosello,,,,,,dal794432,jimena aldana rosello,Beginning Spanish I
SPAN,1312,001,,,,,,,,,,,,,,,,,,,Diego Alins Breda,,,,,,dxa230040,diego breda,Beginning Spanish II
SPAN,2311,001,,,,,,,,,,,,,,,,,,,Diego Alins Breda,,,,,,dxa230040,diego breda,Intermediate Spanish I
SPAN,2312,001,,,,,,,,,,,,,,,,,,,Jimena Aldana Rosello,,,,,,dal794432,jimena aldana rosello,Intermediate Spanish II
SPAN,3311,001,,,,,,,,,,,,,,,,,,,Lorena Camacho-Guardado,,,,,,lxc163230,amalia lorena camacho guardardo,Advanced Spanish I
SPAN,3312,001,,,,,,,,,,,,,,,,,,,Lorena Camacho-Guardado,,,,,,lxc163230,amalia lorena camacho guardardo,Advanced Spanish II
SPAN,3350,001,,,,,,,,,,,,,,,,,,,Diego Alins Breda,,,,,,dxa230040,diego breda,Business Spanish
SPAN,4301,001,,,,,,,,,,,,,,,,,,,Lorena Camacho-Guardado,,,,,,lxc163230,amalia lorena camacho guardardo,Advanced Spanish Conversation
THEA,1310,002,,,,,,,,,,,,,,,,,,,Shahrzad Hamzeh,,,,,,fxh210001,shahrzad hamzeh,Understanding Theatre
THEA,2372,001,,,,,,,,,,,,,,,,,,,Kathy Lingo,,,,,,klingo,kathy lingo,Improvisation
THEA,2372,002,,,,,,,,,,,,,,,,,,,Kathy Lingo,,,,,,klingo,kathy lingo,Improvisation
THEA,3372,001,,,,,,,,,,,,,,,,,,,Kathy Lingo,,,,,,klingo,kathy lingo,Improvisation II
AHTC,2120,001,,,,,,,,,,,,,,,,,,,Jennifer Campbell,,,,,,jwl230003,,Careers Exploration in the Arts  Humanities  and Technology
ANGM,2325,001,,,,,,,,,,,,,,,,,,,Bryon Caldwell,,,,,,bac190003,bryon caldwell,History of Visual Effects
ANGM,3305,001,,,,,,,,,,,,,,,,,,,Sean McComber,,,,,,sxm129130,sean mccomber,Computer Animation I
ANGM,3305,501,,,,,,,,,,,,,,,,,,,Jonathan Wheeler,,,,,,jmw230002,jonathan wheeler,Computer Animation I
ANGM,3311,001,,,,,,,,,,,,,,,,,,,Casey Johnson,,,,,,caj150430,casey johnson,Scripting for Animation
ANGM,3314,001,,,,,,,,,,,,,,,,,,,Frederick Gardner,,,,,,fxg230003,frederick gardner,Background Design
ANGM,3320,001,,,,,,,,,,,,,,,,,,,Monika Salter,,,,,,mxs176131,monika salter,Stop Motion Animation
ANGM,3324,001,,,,,,,,,,,,,,,,,,,Tod Polson,,,,,,dal315709,,Color   Design
ANGM,3330,001,,,,,,,,,,,,,,,,,,,Peter McCord,,,,,,pam062000,peter mccord,3D Print Lab
ANGM,3366,001,,,,,,,,,,,,,,,,,,,Jack Murray,,,,,,jam130530,jack murray,Game Studies I
ANGM,3367,502,,,,,,,,,,,,,,,,,,,Randall Villegas,,,,,,rvv150130,,Level Design I
ANGM,4323,001,,,,,,,,,,,,,,,,,,,Casey Johnson,,,,,,caj150430,casey johnson,Real Time Texturing
ANGM,4350,001,,,,,,,,,,,,,,,,,,,Todd Fechter,Sean McComber,,,,,taf051000,todd fechter,Escape Pod Studio
ANGM,4367,001,,,,,,,,,,,,,,,,,,,Randall Villegas,,,,,,rvv150130,,Level Design II
ANGM,4370,101,,,,,,,,,,,,,,,,,,,Timothy Lewis,,,,,,tml062000,timothy lewis,Virtual Environments II
ANGM,6310,001,,,,,,,,,,,,,,,,,,,Bryon Caldwell,,,,,,bac190003,bryon caldwell,Animation Studio I
ARHM,3342,0h1,,,,,,,,,,,,,,,,,,,Pamela Gossin,,,,,,psgossin,pamela gossin,Advanced Interdisciplinary Studies in the Arts and Humanities  - Last Writers Project
ARTS,1316,002,,,,,,,,,,,,,,,,,,,Haoyi Song,,,,,,hxs210095,,Drawing Foundations
ARTS,2316,001,,,,,,,,,,,,,,,,,,,Maryam Takaloubighash,,,,,,mxt210063,,Painting Foundations
ARTS,2350,001,,,,,,,,,,,,,,,,,,,Brenda Vega Mora,,,,,,bgv230000,,Photography  Design
ARTS,3364,501,,,,,,,,,,,,,,,,,,,Thomas Williams,,,,,,tew210002,,Silkscreen Printmaking
ARTS,3372,001,,,,,,,,,,,,,,,,,,,Marcy Palmer,,,,,,mxp070100,marcy palmer,Photography  Color Concepts
ARTS,3375,001,,,,,,,,,,,,,,,,,,,Kristen Cochran,,,,,,knc103020,kristen cochran,Intermediate Sculpture
ARTS,3384,001,,,,,,,,,,,,,,,,,,,Stephanie Durant,,,,,,ddm043000,,Photography  Experimental Darkroom
ARTS,4310,001,,,,,,,,,,,,,,,,,,,Danielle Avram,,,,,,avram,danielle avram,Essentials of Leadership in the Visual Arts
ARTS,4368,001,,,,,,,,,,,,,,,,,,,John Pomara,,,,,,pomara,john pomara,Advanced Visual Arts
ATCM,2335,001,,,,,,,,,,,,,,,,,,,Kenneth Starzer,,,,,,kws042000,ken starzer,Internet Studio I
ATCM,2335,002,,,,,,,,,,,,,,,,,,,Cynthia O'Neill,,,,,,cmo180003,cynthia oneill,Internet Studio I
ATCM,2340,302,,,,,,,,,,,,,,,,,,,Janet Johnson,,,,,,jlj065000,janet johnson,Visual Communication
ATCM,2340,802,,,,,,,,,,,,,,,,,,,Janet Johnson,,,,,,jlj065000,janet johnson,Visual Communication
ATCM,2345,002,,,,,,,,,,,,,,,,,,,Harold Fitzgerald,,,,,,hxf170830,hal fitzgerald,Introduction to Audio Production
ATCM,3350,001,,,,,,,,,,,,,,,,,,,Sharon Hewitt,,,,,,sxh090220,sharon hewitt,Digital Video Production I
ATCM,3373,001,,,,,,,,,,,,,,,,,,,David Marks,,,,,,dem160430,david marks,Field Audio Recording Techniques
ATCM,3395,001,,,,,,,,,,,,,,,,,,,Kevin Sweet,,,,,,kjs230004,,Topics in Media Arts and Design  - Interactive Media Installation
ATCM,4345,001,,,,,,,,,,,,,,,,,,,Dean Terry,,,,,,dxt023000,,Sound Synthesis
ATCM,4397,003,,,,,,,,,,,,,,,,,,,Joanna Cade,,,,,,dal636079,,Senior Seminar
ATCM,6376,001,,,,,,,,,,,,,,,,,,,Laura Imaoka,,,,,,lxi170030,laura imaoka,Media and Cultural Studies Methods
COMM,1311,0h3,,,,,,,,,,,,,,,,,,,Lari Tanner,,,,,,ljt130130,lari tanner,Introduction to Communication Studies
CRWT,3351,001,,,,,,,,,,,,,,,,,,,Matthew Baker,,,,,,mwb190002,matthew baker,Poetry Workshop
CRWT,4307,001,,,,,,,,,,,,,,,,,,,Khaja Omar,,,,,,dal850886,khaja omar,Advanced Fiction Workshop
DANC,3345,001,,,,,,,,,,,,,,,,,,,Monica Saba,,,,,,msaba,monica saba,Dance Performance
FILM,2332,004,,,,,,,,,,,,,,,,,,,Brecken Wellborn,,,,,,bhw200001,brecken wellborn,Understanding Film
FILM,3342,001,,,,,,,,,,,,,,,,,,,Hanno Berger,,,,,,hxb230023,hanno berger,Topics in Film  - Anti-nazi Resistance in Film
HIST,1301,201,,,,,,,,,,,,,,,,,,,Jeffrey Schulze,,,,,,jxs072200,jeffrey schulze,U S  History Survey to Civil War
HIST,1302,203,,,,,,,,,,,,,,,,,,,Jeffrey Schulze,,,,,,jxs072200,jeffrey schulze,U S  History Survey from Civil War
HIST,2384,201,,,,,,,,,,,,,,,,,,,Anne Fischer,,,,,,agf190000,anne fischer,U S  Women from Settlement to Present
HIST,6344,001,,,,,,,,,,,,,,,,,,,David Patterson,,,,,,dxp103120,david patterson,Historical Contexts of the Holocaust  - Antisemitism
HUMA,1301,003,,,,,,,,,,,,,,,,,,,Katie Fisher,,,,,,kmf170000,,Exploration of the Humanities
LIT,3339,0h2,,,,,,,,,,,,,,,,,,,Kristin Riley,,,,,,knr091000,kristin riley,Writing Literary Studies
LIT,6372,501,,,,,,,,,,,,,,,,,,,Erin Smith,,,,,,erins,erin smith,Literature  Culture  and Society  - Am Cultural Studies: Cold War
MUSI,1306,0h2,,,,,,,,,,,,,,,,,,,Min Kim,,,,,,mhk210001,,Understanding Music
MUSI,1306,5h1,,,,,,,,,,,,,,,,,,,Min Kim,,,,,,mhk210001,,Understanding Music
MUSI,2113,501,,,,,,,,,,,,,,,,,,,Lori Gerard,,,,,,lag091020,lori gerard,Pep Band
RHET,1302,0h3,,,,,,,,,,,,,,,,,,,Abhipriya Priyadarshi,,,,,,akp230001,abhipriya priyadarshi,Rhetoric
RHET,1302,0h9,,,,,,,,,,,,,,,,,,,Swati Anwesha,,,,,,sax210000,swati anwesha,Rhetoric
RHET,2302,0h2,,,,,,,,,,,,,,,,,,,Christina Montgomery,,,,,,cxm190022,christina montgomery,Intermediate Composition and Rhetoric
THEA,3310,501,,,,,,,,,,,,,,,,,,,Sibyl Kempson,,,,,,dal169673,,Theatre Performance Ensemble
VPAS,6330,001,,,,,,,,,,,,,,,,,,,SV Randall,,,,,,svr200001,sv randall,Studies in the Visual Arts  - Material Remix
VPAS,6336,501,,,,,,,,,,,,,,,,,,,Marilyn Waligore,,,,,,waligore,marilyn waligore,Photography Studio Seminar  - Readings - Photo and Video Art
VPAS,6360,001,,,,,,,,,,,,,,,,,,,Shilyh Warren,,,,,,sjw120030,shilyh warren,Documentary Cinema
AHST,6333,001,,,,,,,,,,,,,,,,,,,Mark Rosen,,,,,,mxr088000,mark rosen,Special Topics in the Social History of Art  - The Social History of Art
ANGM,2303,002,,,,,,,,,,,,,,,,,,,Charlotte Spivey,,,,,,dal049549,,Project Management for Arts  Technology  and Emerging Communication I
ANGM,2305,0w1,,,,,,,,,,,,,,,,,,,Nelson Lim,,,,,,fxl200000,nelson lim,Programming for Digital Arts
ANGM,2375,001,,,,,,,,,,,,,,,,,,,Monica Evans,,,,,,mevans,monica evans,History of Games
ANGM,3306,003,,,,,,,,,,,,,,,,,,,Monika Salter,,,,,,mxs176131,monika salter,Modeling and Texturing I
ANGM,3307,001,,,,,,,,,,,,,,,,,,,Peter McCord,,,,,,pam062000,peter mccord,Lighting and Composition I
ANGM,3315,002,,,,,,,,,,,,,,,,,,,Christine Veras,,,,,,cxv180000,christine veras,Animation Studies
ANGM,3368,501,,,,,,,,,,,,,,,,,,,Sai Mangipudi,,,,,,skm190008,sai mangipudi,Scripting for Games I
ANGM,4305,501,,,,,,,,,,,,,,,,,,,Robert Manriquez,,,,,,rjm107020,,Computer Animation II
ANGM,4309,002,,,,,,,,,,,,,,,,,,,Troy Griffin,,,,,,txg121730,troy griffin,Storyboarding
ANGM,4310,501,,,,,,,,,,,,,,,,,,,Adam Buxkamper,,,,,,amb047000,,Motion Capture Animation
ANGM,4316,001,,,,,,,,,,,,,,,,,,,Casey Johnson,,,,,,caj150430,casey johnson,Animation Lab I
ANGM,4316,002,,,,,,,,,,,,,,,,,,,Peter McCord,,,,,,pam062000,peter mccord,Animation Lab I
ANGM,4319,001,,,,,,,,,,,,,,,,,,,Frederick Gardner,,,,,,fxg230003,frederick gardner,Topics in Animation  - Game Concept Art
ANGM,4377,001,,,,,,,,,,,,,,,,,,,Timothy Lewis,,,,,,tml062000,timothy lewis,Game Production Lab II
ANGM,4377,002,,,,,,,,,,,,,,,,,,,Randall Villegas,,,,,,rvv150130,,Game Production Lab II
ANGM,6307,001,,,,,,,,,,,,,,,,,,,Eric Farrar,,,,,,etf091000,eric farrar,Design in Motion
ANGM,6344,001,,,,,,,,,,,,,,,,,,,Timothy Lewis,,,,,,tml062000,timothy lewis,Building Virtual Worlds
ARHM,3342,001,,,,,,,,,,,,,,,,,,,Kathryn Evans,,,,,,kcevans,kathryn evans,"Advanced Interdisciplinary Studies in the Arts and Humanities  - Music in Film, Tv, & Games"
ARTS,1316,001,,,,,,,,,,,,,,,,,,,Brynn Higgins-Stirrup,,,,,,bxh230012,brynn higgins stirrup,Drawing Foundations
ARTS,2348,001,,,,,,,,,,,,,,,,,,,Marcela Reyes,,,,,,mxr116430,marcela reyes,Digital Art
ARTS,3311,501,,,,,,,,,,,,,,,,,,,Laura Kim,,,,,,lxh210006,laura hyunjee kim,Contemporary Art Practices
ARTS,3341,001,,,,,,,,,,,,,,,,,,,Carle Shi,,,,,,cxs174230,carle shi,Chinese Calligraphy
ARTS,3369,001,,,,,,,,,,,,,,,,,,,Lorraine Tady,,,,,,ltt042000,lorraine tady,Intermediate Painting
ARTS,3371,001,,,,,,,,,,,,,,,,,,,Christina Nielsen,,,,,,crn022000,christina nielsen,Photography  Camera Darkroom
ARTS,3378,001,,,,,,,,,,,,,,,,,,,SV Randall,,,,,,svr200001,sv randall,"Hybrid Forms  - Masks, Models, Monsters"
ARTS,4372,001,,,,,,,,,,,,,,,,,,,Marilyn Waligore,,,,,,waligore,marilyn waligore,Advanced Photography  - Portfolio
ATCM,2335,0h1,,,,,,,,,,,,,,,,,,,Xtine Burrough,,,,,,cxb153930,xtine burrough,Internet Studio I
ATCM,2335,501,,,,,,,,,,,,,,,,,,,Kenneth Starzer,,,,,,kws042000,ken starzer,Internet Studio I
ATCM,2340,0s1,,,,,,,,,,,,,,,,,,,John Gooch,,,,,,jcg053000,john gooch,Visual Communication  - Germany
ATCM,2350,003,,,,,,,,,,,,,,,,,,,Diana Rojas Ponce,,,,,,dsr240003,,Time-Based Media
ATCM,4330,001,,,,,,,,,,,,,,,,,,,Anne Balsamo,,,,,,axb161831,anne balsamo,Culture Jamming
ATCM,4350,001,,,,,,,,,,,,,,,,,,,Rowena Pedrena,,,,,,dal666703,,Digital Video Production II
ATCM,4384,0h1,,,,,,,,,,,,,,,,,,,Janet Johnson,,,,,,jlj065000,janet johnson,Ethics in New Media  Technology  and Communication
ATCM,6327,501,,,,,,,,,,,,,,,,,,,Roger Malina,,,,,,rxm116130,,Experimental Publishing
ATCM,6377,001,,,,,,,,,,,,,,,,,,,Kevin Sweet,,,,,,kjs230004,,Creativity as Social Practice
ATCM,6395,001,,,,,,,,,,,,,,,,,,,Anne Balsamo,,,,,,axb161831,anne balsamo,Special Topics in Arts  Technology  and Emerging Communication  - Digital Cultural Heritage
COMM,1315,0h5,,,,,,,,,,,,,,,,,,,Allison Templeton,,,,,,aam141730,allison templeton,Public Speaking
COMM,1315,0h6,,,,,,,,,,,,,,,,,,,Allison Templeton,,,,,,aam141730,allison templeton,Public Speaking
CRWT,3308,001,,,,,,,,,,,,,,,,,,,Gretchen VanWormer,,,,,,gxv230008,gretchen vanwormer,Creative Nonfiction Workshop
CRWT,3354,001,,,,,,,,,,,,,,,,,,,Paula Goldberg,,,,,,pxg180023,paula goldberg,Screenwriting Workshop
FILM,1303,001,,,,,,,,,,,,,,,,,,,Amine Faali,,,,,,axf220007,,Transnational Film and Video
FILM,2332,003,,,,,,,,,,,,,,,,,,,Ahmad Khoshniat,,,,,,axk220012,ahmad khoshniat,Understanding Film
FILM,2332,005,,,,,,,,,,,,,,,,,,,Hanno Berger,,,,,,hxb230023,hanno berger,Understanding Film
FILM,3326,001,,,,,,,,,,,,,,,,,,,Mazyar Mahan,,,,,,mxm200090,mazyar mahan,World Cinema  - Global Art Cinema
HIST,3301,501,,,,,,,,,,,,,,,,,,,Michael Wilson,,,,,,mwilson,michael wilson,Historical Inquiry
HIST,3350,003,,,,,,,,,,,,,,,,,,,Kevin Waite,,,,,,dal761769,,Topics in History  - US History & Documentary Film
HIST,6332,001,,,,,,,,,,,,,,,,,,,Ben Wright,,,,,,bxw151330,ben wright,Slavery in America
HIST,7321,001,,,,,,,,,,,,,,,,,,,Daniel Wickberg,,,,,,wickberg,daniel wickberg,American Intellectual History
HUMA,6370,001,,,,,,,,,,,,,,,,,,,Linda Smith-Brecheisen,,,,,,lxs210013,,Writing for Academic Research
LIT,3339,0h1,,,,,,,,,,,,,,,,,,,Kristin Riley,,,,,,knr091000,kristin riley,Writing Literary Studies
LIT,5348,001,,,,,,,,,,,,,,,,,,,Negeen Nikravesh,,,,,,dal454758,,Topics in Literary Studies  - Victorian Popular Lit
LIT,6321,501,,,,,,,,,,,,,,,,,,,Manuel Martinez,,,,,,mlm160630,manuel martinez,Fiction Workshop
LIT,6332,001,,,,,,,,,,,,,,,,,,,Christina Montgomery,,,,,,cxm190022,christina montgomery,Teaching First-Year Writing
MUSI,1306,0h1,,,,,,,,,,,,,,,,,,,Min Kim,,,,,,mhk210001,,Understanding Music
MUSI,2112,001,,,,,,,,,,,,,,,,,,,James Wilder,,,,,,jew042000,james wilder,Guitar Ensemble I  - Electric Guitar Ensemble
MUSI,3342,001,,,,,,,,,,,,,,,,,,,Kathryn Evans,,,,,,kcevans,kathryn evans,"Topics in Music  - Music in Film, Tv, & Games"
MUSI,4112,001,,,,,,,,,,,,,,,,,,,Robert Rodriguez,,,,,,rxr014610,robert rodriguez,Advanced Orchestra Chamber Music Ensemble II
MUSI,4118,501,,,,,,,,,,,,,,,,,,,Adron Ming,,,,,,axm167231,adron ming,String Orchestra III
MUSI,4120,501,,,,,,,,,,,,,,,,,,,Robert Lapinski,,,,,,rml180002,,Wind Ensemble III
MUSI,4124,001,,,,,,,,,,,,,,,,,,,Alison Read,,,,,,axr220130,,Harp Ensemble II
PHIL,3309,001,,,,,,,,,,,,,,,,,,,Lawrence Amato,,,,,,laa062000,lawrence amato,Philosophy of Technology
PHIL,6312,001,,,,,,,,,,,,,,,,,,,Songyao Ren,,,,,,sxr210065,songyao ren,Chinese Philosophy
RHET,1301,201,,,,,,,,,,,,,,,,,,,Wayne Reed,,,,,,dal632622,,Rhetoric I  - Tsi Support
RHET,1302,033,,,,,,,,,,,,,,,,,,,Abhipriya Priyadarshi,,,,,,akp230001,abhipriya priyadarshi,Rhetoric
RHET,1302,0h1,,,,,,,,,,,,,,,,,,,Rifat Siddiqui,,,,,,rrs210003,rifat siddiqui,Rhetoric
RHET,1302,0h2,,,,,,,,,,,,,,,,,,,Rifat Siddiqui,,,,,,rrs210003,rifat siddiqui,Rhetoric
RHET,1302,0h4,,,,,,,,,,,,,,,,,,,Katherine Yu,,,,,,kxy210004,katherine yu,Rhetoric
RHET,1302,0h6,,,,,,,,,,,,,,,,,,,Swati Anwesha,,,,,,sax210000,swati anwesha,Rhetoric
RHET,1302,0h8,,,,,,,,,,,,,,,,,,,Katherine Yu,,,,,,kxy210004,katherine yu,Rhetoric
RHET,2302,0h1,,,,,,,,,,,,,,,,,,,Christina Montgomery,,,,,,cxm190022,christina montgomery,Intermediate Composition and Rhetoric
RHET,4320,001,,,,,,,,,,,,,,,,,,,Erin Kelley,,,,,,elk031000,erin kelley,Legal Research and Writing
THEA,4301,001,,,,,,,,,,,,,,,,,,,Fred Curchack,,,,,,curchack,fred curchack,Acting for Film and Video
AHST,2331,001,,,,,,,,,,,,,,,,,,,Charissa Terranova,,,,,,cxt074100,charissa terranova,Understanding Art
AHST,2331,hn1,,,,,,,,,,,,,,,,,,,Amy Hofland,,,,,,axh190029,amy hofland,Understanding Art  - CV Honors
AHST,3320,002,,,,,,,,,,,,,,,,,,,Ali Asgar Alibhai,,,,,,aha180002,ali alibhai,Art in Historical Context  - World of Islamic Art
AHST,4342,001,,,,,,,,,,,,,,,,,,,Michael Thomas,,,,,,mxt190021,,Topics in Art History  - Pompeii: City & Culture
ANGM,3313,001,,,,,,,,,,,,,,,,,,,Todd Fechter,,,,,,taf051000,todd fechter,2D Animation
ANGM,4368,001,,,,,,,,,,,,,,,,,,,Adam Chandler,,,,,,awc051000,adam chandler,Scripting for Games II
ANGM,6318,001,,,,,,,,,,,,,,,,,,,Monika Salter,,,,,,mxs176131,monika salter,Special Topics in Animation  - Adv Stop Motion Anim Tech
ARAB,2311,001,,,,,,,,,,,,,,,,,,,Zafar Anjum,,,,,,zxa110730,zafar anjum,Intermediate Arabic I
ARAB,3351,001,,,,,,,,,,,,,,,,,,,Zafar Anjum,,,,,,zxa110730,zafar anjum,Introduction to Islamic Culture
ARHM,2342,001,,,,,,,,,,,,,,,,,,,Kathryn Evans,,,,,,kcevans,kathryn evans,Connections in the Arts and Humanities
ATCM,2301,003,,,,,,,,,,,,,,,,,,,Thomas Williams,,,,,,tew210002,,Digital Art and Design Foundations
ATCM,2301,501,,,,,,,,,,,,,,,,,,,Kristen Duong,,,,,,txd240004,kristen duong,Digital Art and Design Foundations
ATCM,2302,001,,,,,,,,,,,,,,,,,,,Amanda Marder,,,,,,akm150430,amanda marder,Design I
ATCM,2302,005,,,,,,,,,,,,,,,,,,,Amanda Marder,,,,,,akm150430,amanda marder,Design I
ATCM,2321,001,,,,,,,,,,,,,,,,,,,Laura Imaoka,,,,,,lxi170030,laura imaoka,Reading Media Critically
ATCM,2321,003,,,,,,,,,,,,,,,,,,,Samantha Welwood,,,,,,slg200000,,Reading Media Critically
ATCM,2325,001,,,,,,,,,,,,,,,,,,,Audra Heaslip,,,,,,axh027000,audra heaslip,Introduction to Ethnic Studies
ATCM,3301,004,,,,,,,,,,,,,,,,,,,Audra Heaslip,,,,,,axh027000,audra heaslip,Writing for Media Arts and Design
ATCM,3301,005,,,,,,,,,,,,,,,,,,,Angie Vo,,,,,,ahv210000,angie vo,Writing for Media Arts and Design
ATCM,3320,501,,,,,,,,,,,,,,,,,,,David Rheams,,,,,,dcr093020,david rheams,Critical Media Theories
ATCM,3321,001,,,,,,,,,,,,,,,,,,,James Fraley,,,,,,jmf210007,james fraley,Networked Identities
ATCM,3336,003,,,,,,,,,,,,,,,,,,,Isi Barreiro,,,,,,ijg190000,isi gonzalez,Design Research Methods
ATCM,3340,001,,,,,,,,,,,,,,,,,,,Norman Cox,,,,,,nlc200001,norm cox,Design II
ATCM,3340,002,,,,,,,,,,,,,,,,,,,Norman Cox,,,,,,nlc200001,norm cox,Design II
ATCM,3340,003,,,,,,,,,,,,,,,,,,,Norman Cox,,,,,,nlc200001,norm cox,Design II
ATCM,4341,001,,,,,,,,,,,,,,,,,,,Jung Woo (JW) Kim,,,,,,dal187617,jung woo (jw) kim,Applied Experience Design
ATCM,4341,501,,,,,,,,,,,,,,,,,,,Jung Woo (JW) Kim,,,,,,dal187617,jung woo (jw) kim,Applied Experience Design
CHIN,2350,001,,,,,,,,,,,,,,,,,,,Zhen Yi Wu,,,,,,zxw230016,zhen yi wu,Business Chinese
CHIN,3312,001,,,,,,,,,,,,,,,,,,,Zhen Yi Wu,,,,,,zxw230016,zhen yi wu,Advanced Chinese II
COMM,1311,001,,,,,,,,,,,,,,,,,,,Patricia Totusek,,,,,,pft140030,patricia totusek,Introduction to Communication Studies
COMM,1311,004,,,,,,,,,,,,,,,,,,,Daniel Moss,,,,,,djm161130,daniel moss,Introduction to Communication Studies
COMM,1315,001,,,,,,,,,,,,,,,,,,,Barbara Baker,,,,,,blb140430,barbara baker,Public Speaking
COMM,1315,hn1,,,,,,,,,,,,,,,,,,,Patricia Totusek,,,,,,pft140030,patricia totusek,Public Speaking  - CV Honors
COMM,2320,001,,,,,,,,,,,,,,,,,,,Jonathan Hartmann,,,,,,jxh190042,jonathan hartmann,Scientific Communication
COMM,2351,001,,,,,,,,,,,,,,,,,,,Barbara Baker,,,,,,blb140430,barbara baker,History and Theory of Communication
COMM,3340,001,,,,,,,,,,,,,,,,,,,Patricia Totusek,,,,,,pft140030,patricia totusek,Team Dynamics
COMM,3350,001,,,,,,,,,,,,,,,,,,,Melissa Hernandez-Katz,,,,,,mhkatz,melissa hernandez katz,Intercultural Communication
COMM,4305,5h1,,,,,,,,,,,,,,,,,,,John Gooch,,,,,,jcg053000,john gooch,Communication and Media Law
CRWT,2301,002,,,,,,,,,,,,,,,,,,,Hossein Sobhani,,,,,,dal696961,hossein sobhani,Introduction to Creative Writing
CRWT,2301,004,,,,,,,,,,,,,,,,,,,Hossein Sobhani,,,,,,dal696961,hossein sobhani,Introduction to Creative Writing
CRWT,2301,006,,,,,,,,,,,,,,,,,,,Junaid Shabir,,,,,,jss220000,junaid shabir,Introduction to Creative Writing
CRWT,2301,007,,,,,,,,,,,,,,,,,,,Matthew Baker,,,,,,mwb190002,matthew baker,Introduction to Creative Writing
CRWT,2301,008,,,,,,,,,,,,,,,,,,,Junaid Shabir,,,,,,jss220000,junaid shabir,Introduction to Creative Writing
DANC,1305,001,,,,,,,,,,,,,,,,,,,Hayley Duplantier,,,,,,hjd230000,hayley duplantier,Introduction to World Dance Forms
DANC,1305,hn1,,,,,,,,,,,,,,,,,,,Monica Saba,,,,,,msaba,monica saba,Introduction to World Dance Forms  - CV Honors
DANC,1310,001,,,,,,,,,,,,,,,,,,,Anna Ewert-Pittman,,,,,,ame190001,,Understanding Dance
DANC,2321,001,,,,,,,,,,,,,,,,,,,Melissa Johnson,,,,,,maj140430,melissa johnson,Stretch  Conditioning  Alignment
DANC,2332,001,,,,,,,,,,,,,,,,,,,Melissa Johnson,,,,,,maj140430,melissa johnson,Modern Dance 1
DANC,2333,001,,,,,,,,,,,,,,,,,,,Melissa Johnson,,,,,,maj140430,melissa johnson,Jazz Dance 1
DANC,3338,002,,,,,,,,,,,,,,,,,,,Michael Durrance,,,,,,dal666275,michael durrance,Experiencing World Dance  - Tango
HIST,1302,501,,,,,,,,,,,,,,,,,,,Ryan Pettengill,,,,,,rsp120030,ryan pettengill,U S  History Survey from Civil War
HIST,2330,001,,,,,,,,,,,,,,,,,,,Kevin Waite,,,,,,dal761769,,"Themes and Ideas in American History  - American Slavery, 1607-1865"
HIST,2330,002,,,,,,,,,,,,,,,,,,,Natalie Ring,,,,,,njr041000,natalie ring,Themes and Ideas in American History  - The Long 1960s
HIST,2330,003,,,,,,,,,,,,,,,,,,,Daniel Wickberg,,,,,,wickberg,daniel wickberg,Themes and Ideas in American History
HIST,2360,001,,,,,,,,,,,,,,,,,,,Tiffany Bragg,,,,,,dal935004,,European Civilizations
HIST,3301,001,,,,,,,,,,,,,,,,,,,Kimberly Hill,,,,,,kdh140430,kimberly hill,Historical Inquiry
HIST,3319,001,,,,,,,,,,,,,,,,,,,Tiffany Bragg,,,,,,dal935004,,Early Modern Europe
HIST,3328,001,,,,,,,,,,,,,,,,,,,Jonathan Tsou,,,,,,jxt220028,jonathan tsou,History and Philosophy of Science and Medicine
HIST,3350,002,,,,,,,,,,,,,,,,,,,Rosemary Admiral,,,,,,rxa170011,rosemary admiral,Topics in History  - 1492
HIST,3366,001,,,,,,,,,,,,,,,,,,,Kimberly Hill,,,,,,kdh140430,kimberly hill,Themes in the Social History of the United States  - Migration & Civilization
HIST,4342,001,,,,,,,,,,,,,,,,,,,Rosemary Admiral,,,,,,rxa170011,rosemary admiral,Islamic Law and Society
JAPN,1311,002,,,,,,,,,,,,,,,,,,,Katsumi Spangler,,,,,,dal705495,,Beginning Japanese I
JAPN,1312,002,,,,,,,,,,,,,,,,,,,Katsumi Spangler,,,,,,dal705495,,Beginning Japanese II
KORE,1311,001,,,,,,,,,,,,,,,,,,,Hyejeong Jeong,,,,,,hxj210002,hyejeong jeong,Beginning Korean I
KORE,1312,001,,,,,,,,,,,,,,,,,,,Hyejeong Jeong,,,,,,hxj210002,hyejeong jeong,Beginning Korean II
KORE,2311,001,,,,,,,,,,,,,,,,,,,Anjelra Kim,,,,,,dal470820,anjelra kim,Intermediate Korean I
KORE,2312,001,,,,,,,,,,,,,,,,,,,Anjelra Kim,,,,,,dal470820,anjelra kim,Intermediate Korean II
LIT,1301,003,,,,,,,,,,,,,,,,,,,Peter Ingrao,,,,,,jingrao,peter ingrao,Introduction to Literature
LIT,1311,001,,,,,,,,,,,,,,,,,,,Negeen Nikravesh,,,,,,dal454758,,The Art of Fiction
LIT,1315,001,,,,,,,,,,,,,,,,,,,Charles Hatfield,,,,,,cxh074100,charles hatfield,The Art of Poetry
LIT,2331,001,,,,,,,,,,,,,,,,,,,Jiajia Gu,,,,,,jxg200001,,Introduction to World Literature
LIT,2331,003,,,,,,,,,,,,,,,,,,,Clara Burghelea,,,,,,cib220000,clara burghelea,Introduction to World Literature
LIT,2350,001,,,,,,,,,,,,,,,,,,,Negeen Nikravesh,,,,,,dal454758,,Close Reading
LIT,3319,002,,,,,,,,,,,,,,,,,,,Davis Smith-Brecheisen,,,,,,dxs200022,davis brecheisen,Contexts  - The Modernist Novel
LIT,4329,001,,,,,,,,,,,,,,,,,,,Davis Smith-Brecheisen,,,,,,dxs200022,davis brecheisen,Single Author  - Stein & Hemingway
LIT,4329,002,,,,,,,,,,,,,,,,,,,Ashley Barnes,,,,,,axb162631,ashley barnes,Single Author  - Henry James
MUSI,2315,002,,,,,,,,,,,,,,,,,,,James Wilder,,,,,,jew042000,james wilder,Guitar I
MUSI,2315,501,,,,,,,,,,,,,,,,,,,Vanessa Corder,,,,,,vxc220036,vanessa corder,Guitar I
MUSI,2317,001,,,,,,,,,,,,,,,,,,,Katrina Rushing,,,,,,kxr220042,katrina rushing,Piano I
MUSI,2317,003,,,,,,,,,,,,,,,,,,,Artem Arutyunyan,,,,,,axa210132,artem arutyunyan,Piano I
MUSI,2317,004,,,,,,,,,,,,,,,,,,,Artem Arutyunyan,,,,,,axa210132,artem arutyunyan,Piano I
MUSI,2321,001,,,,,,,,,,,,,,,,,,,Yuxin Mei,,,,,,yxm230017,yuxin mei,Music Cultures of the World
MUSI,2322,001,,,,,,,,,,,,,,,,,,,Lori Gerard,,,,,,lag091020,lori gerard,Music in Western Civilization
MUSI,2322,002,,,,,,,,,,,,,,,,,,,Lori Gerard,,,,,,lag091020,lori gerard,Music in Western Civilization
MUSI,2328,002,,,,,,,,,,,,,,,,,,,Min Kim,,,,,,mhk210001,,Music Theory I
MUSI,3127,001,,,,,,,,,,,,,,,,,,,Jonathan Palant,,,,,,jxp170230,jonathan palant,University Choir
MUSI,4185,001,,,,,,,,,,,,,,,,,,,Jonathan Palant,,,,,,jxp170230,jonathan palant,Chamber Singers II
MUSI,4348,001,,,,,,,,,,,,,,,,,,,Katrina Rushing,,,,,,kxr220042,katrina rushing,Creating Music
PHIL,1301,001,,,,,,,,,,,,,,,,,,,Songyao Ren,,,,,,sxr210065,songyao ren,Introduction to Philosophy
PHIL,1301,002,,,,,,,,,,,,,,,,,,,Laura Campos,,,,,,lxc230018,laura campos,Introduction to Philosophy
PHIL,1301,003,,,,,,,,,,,,,,,,,,,Eric Sampson,,,,,,exs190005,,Introduction to Philosophy
PHIL,1301,004,,,,,,,,,,,,,,,,,,,Eric Sampson,,,,,,exs190005,,Introduction to Philosophy
PHIL,3320,001,,,,,,,,,,,,,,,,,,,Jeff Edwards,,,,,,jge200000,jeff edwards,Medical Ethics
PHIL,3324,001,,,,,,,,,,,,,,,,,,,Laura Campos,,,,,,lxc230018,laura campos,19th and 20th Century Philosophy
PHIL,3328,001,,,,,,,,,,,,,,,,,,,Jonathan Tsou,,,,,,jxt220028,jonathan tsou,History and Philosophy of Science and Medicine
PHIL,4380,001,,,,,,,,,,,,,,,,,,,Laura Campos,,,,,,lxc230018,laura campos,"Topics in Philosophy  - Love, Hatred, Resentment"
RELS,3351,001,,,,,,,,,,,,,,,,,,,Zafar Anjum,,,,,,zxa110730,zafar anjum,Introduction to Islamic Culture
RELS,4333,001,,,,,,,,,,,,,,,,,,,Rosemary Admiral,,,,,,rxa170011,rosemary admiral,Islamic Law and Society
RHET,1301,003,,,,,,,,,,,,,,,,,,,Kristin Riley,,,,,,knr091000,kristin riley,Rhetoric I
RHET,1301,005,,,,,,,,,,,,,,,,,,,Kristin Riley,,,,,,knr091000,kristin riley,Rhetoric I
RHET,1301,006,,,,,,,,,,,,,,,,,,,Gavin Cox,,,,,,glc016100,gavin cox,Rhetoric I
RHET,1301,007,,,,,,,,,,,,,,,,,,,Wayne Reed,,,,,,dal632622,,Rhetoric I  - Tsi Support
RHET,1301,008,,,,,,,,,,,,,,,,,,,Gavin Cox,,,,,,glc016100,gavin cox,Rhetoric I
RHET,1301,009,,,,,,,,,,,,,,,,,,,Daniel Devaughn,,,,,,dal124280,,Rhetoric I
RHET,1301,010,,,,,,,,,,,,,,,,,,,Richard McLamore,,,,,,dal260499,,Rhetoric I
RHET,1302,021,,,,,,,,,,,,,,,,,,,Matthis Frickhoeffer,,,,,,mpf230001,,Rhetoric
RHET,1302,022,,,,,,,,,,,,,,,,,,,Matthis Frickhoeffer,,,,,,mpf230001,,Rhetoric
RHET,1302,023,,,,,,,,,,,,,,,,,,,Siting Wang,,,,,,sxw230032,,Rhetoric
RHET,1302,024,,,,,,,,,,,,,,,,,,,Caitlin Drott,,,,,,cxd230009,caitlin drott,Rhetoric
RHET,1302,025,,,,,,,,,,,,,,,,,,,Marjan Heidari,,,,,,mxh200009,marjan heidari,Rhetoric
RHET,1302,026,,,,,,,,,,,,,,,,,,,Siting Wang,,,,,,sxw230032,,Rhetoric
RHET,1302,027,,,,,,,,,,,,,,,,,,,Caitlin Drott,,,,,,cxd230009,caitlin drott,Rhetoric
RHET,1302,028,,,,,,,,,,,,,,,,,,,Marjan Heidari,,,,,,mxh200009,marjan heidari,Rhetoric
RHET,1302,030,,,,,,,,,,,,,,,,,,,Ayah Wakkad,,,,,,dal725891,,Rhetoric
RHET,1302,504,,,,,,,,,,,,,,,,,,,Kimberly Horner,,,,,,kdh024000,kimberly horner,Rhetoric
SGNL,1301,001,,,,,,,,,,,,,,,,,,,Christina Haslage,,,,,,dal506331,,Beginning American Sign Language I
SGNL,1301,002,,,,,,,,,,,,,,,,,,,Christina Haslage,,,,,,dal506331,,Beginning American Sign Language I
SPAN,1311,002,,,,,,,,,,,,,,,,,,,Yunet Puentes,,,,,,yxp190010,,Beginning Spanish I
SPAN,1312,002,,,,,,,,,,,,,,,,,,,Diego Alins Breda,,,,,,dxa230040,diego breda,Beginning Spanish II
SPAN,2311,002,,,,,,,,,,,,,,,,,,,Diego Alins Breda,,,,,,dxa230040,diego breda,Intermediate Spanish I
SPAN,2312,002,,,,,,,,,,,,,,,,,,,Yunet Puentes,,,,,,yxp190010,,Intermediate Spanish II
THEA,1310,001,,,,,,,,,,,,,,,,,,,Maiza Hixson,,,,,,dal853117,maiza hixson,Understanding Theatre
THEA,1310,hn1,,,,,,,,,,,,,,,,,,,Maiza Hixson,,,,,,dal853117,maiza hixson,Understanding Theatre  - CV Honors
VIET,2310,001,,,,,,,,,,,,,,,,,,,Thu Trang Nguyen,,,,,,dal107899,,Vietnamese for Heritage Speakers
VPAS,3340,001,,,,,,,,,,,,,,,,,,,Cynthia Miller,,,,,,cmm016900,cynthia miller,Writing in the Arts
VPAS,4389,001,,,,,,,,,,,,,,,,,,,Barbara Baker,,,,,,blb140430,barbara baker,Theory and Practice of the Visual and Performing Arts
AHST,6321,001,,,,,,,,,,,,,,,,,,,Ali Asgar Alibhai,,,,,,aha180002,ali alibhai,Topics in Global Art Histories  - Medieval Sicily
ANGM,2310,0h1,,,,,,,,,,,,,,,,,,,Timothy Lewis,,,,,,tml062000,timothy lewis,Animation and Game Fundamentals
ANGM,3304,001,,,,,,,,,,,,,,,,,,,Frederick Gardner,,,,,,fxg230003,frederick gardner,Character Design
ANGM,3307,501,,,,,,,,,,,,,,,,,,,Anthony Garza,,,,,,dal566539,anthony garza,Lighting and Composition I
ANGM,3308,002,,,,,,,,,,,,,,,,,,,Joshua Carey,,,,,,dal540711,joshua carey,Rigging I
ANGM,3321,001,,,,,,,,,,,,,,,,,,,Frederick Gardner,,,,,,fxg230003,frederick gardner,Life Drawing
ANGM,3321,002,,,,,,,,,,,,,,,,,,,Tod Polson,,,,,,dal315709,,Life Drawing
ANGM,3323,001,,,,,,,,,,,,,,,,,,,Troy Griffin,,,,,,txg121730,troy griffin,Layout
ANGM,3346,001,,,,,,,,,,,,,,,,,,,David Marks,,,,,,dem160430,david marks,Audio Productions Lab I
ANGM,3365,001,,,,,,,,,,,,,,,,,,,Timothy Christopher,,,,,,khimbar,timothy christopher,Game Design I
ANGM,4308,001,,,,,,,,,,,,,,,,,,,Joshua Carey,,,,,,dal540711,joshua carey,Rigging II
ANGM,4312,001,,,,,,,,,,,,,,,,,,,Singkham Khamnouane,,,,,,ssk013000,singkham khamnouane,Digital Sculpting
ANGM,4347,001,,,,,,,,,,,,,,,,,,,Harold Fitzgerald,,,,,,hxf170830,hal fitzgerald,Recording Studio Techniques II
ANGM,4365,002,,,,,,,,,,,,,,,,,,,Timothy Christopher,,,,,,khimbar,timothy christopher,Game Design II
ANGM,4379,001,,,,,,,,,,,,,,,,,,,Monica Evans,,,,,,mevans,monica evans,Topics in Games  - Narrative Systems
ANGM,6311,001,,,,,,,,,,,,,,,,,,,Nelson Lim,,,,,,fxl200000,nelson lim,Animation Studio II
ARTS,1316,501,,,,,,,,,,,,,,,,,,,Inki Min,,,,,,iam140230,inki min,Drawing Foundations
ARTS,2315,001,,,,,,,,,,,,,,,,,,,Kristen Cochran,,,,,,knc103020,kristen cochran,Topics in Visual Art  - Life Support
ARTS,2318,001,,,,,,,,,,,,,,,,,,,Fatemeh Baigmoradi,,,,,,fxb220000,,Mobile Photography
ARTS,2380,001,,,,,,,,,,,,,,,,,,,Trey Egan,,,,,,tte150130,trey egan,Visual Design Foundations
ARTS,3373,001,,,,,,,,,,,,,,,,,,,Lorraine Tady,,,,,,ltt042000,lorraine tady,Printmaking  - Monotype & Relief Printing
ARTS,3383,001,,,,,,,,,,,,,,,,,,,Brynn Higgins-Stirrup,,,,,,bxh230012,brynn higgins stirrup,Digital Drawing
ATCM,2322,001,,,,,,,,,,,,,,,,,,,Hong An Wu,Sunday Ayodabo,,,,,hxw173930,hong wu,Media Histories
ATCM,2340,001,,,,,,,,,,,,,,,,,,,Janet Johnson,,,,,,jlj065000,janet johnson,Visual Communication
ATCM,2340,301,,,,,,,,,,,,,,,,,,,Janet Johnson,,,,,,jlj065000,janet johnson,Visual Communication
ATCM,2340,801,,,,,,,,,,,,,,,,,,,Janet Johnson,,,,,,jlj065000,janet johnson,Visual Communication
ATCM,2345,003,,,,,,,,,,,,,,,,,,,David Marks,,,,,,dem160430,david marks,Introduction to Audio Production
ATCM,2350,501,,,,,,,,,,,,,,,,,,,Alan Yu,,,,,,yxy180033,alan yu,Time-Based Media
ATCM,2355,001,,,,,,,,,,,,,,,,,,,Amanda Marder,,,,,,akm150430,amanda marder,Survey of Digital Fabrication
ATCM,3326,0h2,,,,,,,,,,,,,,,,,,,Christina Nielsen,,,,,,crn022000,christina nielsen,Emerging Media Arts
ATCM,3337,002,,,,,,,,,,,,,,,,,,,Gia Kirk,,,,,,ghk170001,,Interaction Design I
ATCM,3350,0h1,,,,,,,,,,,,,,,,,,,Diana Rojas Ponce,,,,,,dsr240003,,Digital Video Production I
ATCM,4329,0h1,,,,,,,,,,,,,,,,,,,Christina Nielsen,,,,,,crn022000,christina nielsen,Advanced Emerging Media Art
ATCM,4384,0h2,,,,,,,,,,,,,,,,,,,Karl Sengupta,,,,,,kss140330,karl sengupta,Ethics in New Media  Technology  and Communication
ATCM,4397,002,,,,,,,,,,,,,,,,,,,Sharon Hewitt,,,,,,sxh090220,sharon hewitt,Senior Seminar
ATCM,6307,001,,,,,,,,,,,,,,,,,,,Xtine Burrough,,,,,,cxb153930,xtine burrough,Second Year Seminar
ATCM,6326,001,,,,,,,,,,,,,,,,,,,Dean Terry,,,,,,dxt023000,,Sound Art
ATCM,6336,001,,,,,,,,,,,,,,,,,,,Hong An Wu,Jack Murray,,,,,hxw173930,hong wu,Critical Game Studies
COMM,1311,0h2,,,,,,,,,,,,,,,,,,,Sarah Spikeston,,,,,,dal391281,,Introduction to Communication Studies
CRWT,3306,001,,,,,,,,,,,,,,,,,,,Manuel Martinez,,,,,,mlm160630,manuel martinez,Fiction Workshop
DANC,1310,0h2,,,,,,,,,,,,,,,,,,,Melissa Johnson,,,,,,maj140430,melissa johnson,Understanding Dance
FILM,1303,002,,,,,,,,,,,,,,,,,,,Maureen Okwulogu,,,,,,mxo190005,maureen okwulogu,Transnational Film and Video
FILM,2332,002,,,,,,,,,,,,,,,,,,,Rachel Catlett,,,,,,rxc210073,,Understanding Film
HIST,6304,001,,,,,,,,,,,,,,,,,,,Anne Fischer,,,,,,agf190000,anne fischer,Writing for the Profession
HUMA,1301,001,,,,,,,,,,,,,,,,,,,Katie Fisher,,,,,,kmf170000,,Exploration of the Humanities
HUMA,6370,5w1,,,,,,,,,,,,,,,,,,,Linda Smith-Brecheisen,,,,,,lxs210013,,Writing for Academic Research
LIT,3316,501,,,,,,,,,,,,,,,,,,,Pamela Gossin,Marc Hairston,,,,,psgossin,pamela gossin,The Literature of Science Fiction  - Anime/mangahopepunk Rising
LIT,6306,001,,,,,,,,,,,,,,,,,,,Theresa Towner,,,,,,tmtowner,theresa towner,Major Authors  - Toni Morrison
LIT,6322,001,,,,,,,,,,,,,,,,,,,Rowena Pedrena,,,,,,dal666703,,Creating Television and Movie Scripts
LIT,6325,001,,,,,,,,,,,,,,,,,,,Gretchen VanWormer,,,,,,gxv230008,gretchen vanwormer,Creative Nonfiction Workshop
MUSI,3322,001,,,,,,,,,,,,,,,,,,,Kathryn Evans,,,,,,kcevans,kathryn evans,"Music in Historical Context  - Music, Science, & Technology"
PHIL,6322,001,,,,,,,,,,,,,,,,,,,Katherine Davies,,,,,,kxd180013,,Continental Philosophy  - (critical) Phenomenology
RHET,1302,0h5,,,,,,,,,,,,,,,,,,,Lilia Martinez,,,,,,lem230001,,Rhetoric
RHET,1302,0h7,,,,,,,,,,,,,,,,,,,Lilia Martinez,,,,,,lem230001,,Rhetoric
THEA,3323,001,,,,,,,,,,,,,,,,,,,Sibyl Kempson,,,,,,dal169673,,Performance in Historical Context  - Script Analysis
VPAS,6313,001,,,,,,,,,,,,,,,,,,,Danielle Avram,,,,,,avram,danielle avram,Advanced Studies in Visual Arts Leadership
VPAS,6339,501,,,,,,,,,,,,,,,,,,,John Pomara,,,,,,pomara,john pomara,Painting Digital Imaging Video
VPAS,6352,001,,,,,,,,,,,,,,,,,,,Rowena Pedrena,,,,,,dal666703,,Creating Television and Movie Scripts
ACN,5313,001,,,,,,,,,,,,,,,,,,,Danielle Fearon,,,,,,dxf220005,danielle fearon,Introductory Research Methods in Behavioral and Brain Sciences - Part II
ACN,5313,002,,,,,,,,,,,,,,,,,,,Danielle Fearon,,,,,,dxf220005,danielle fearon,Introductory Research Methods in Behavioral and Brain Sciences - Part II
ACN,5314,001,,,,,,,,,,,,,,,,,,,Richard Golden,,,,,,golden,richard golden,Cognitive Computational Neuroscience
ACN,6160,0w1,,,,,,,,,,,,,,,,,,,Robert Stillman,,,,,,stillman,robert stillman,Neurobiology
ACN,6313,001,,,,,,,,,,,,,,,,,,,Robert Ackerman,,,,,,raa110030,robert ackerman,Intermediate Research Methods in Behavioral and Brain Sciences - Part II
ACN,6323,001,,,,,,,,,,,,,,,,,,,Crystal Engineer,,,,,,novitski,crystal engineer,Neurophysiology
ACN,6331,001,,,,,,,,,,,,,,,,,,,Candice Mills,,,,,,cxm056000,candice mills,Cognitive Development
ACN,6333,001,,,,,,,,,,,,,,,,,,,Chandramallika Basak,,,,,,cxb116130,chandramallika basak,Human Memory
ACN,6338,001,,,,,,,,,,,,,,,,,,,Kristen Kennedy,,,,,,kmk082000,kristen kennedy,Functional Neuroanatomy
ACN,6338,002,,,,,,,,,,,,,,,,,,,Rukhsana Sultana,,,,,,rxs170431,rukhsana sultana,Functional Neuroanatomy
ACN,6340,001,,,,,,,,,,,,,,,,,,,Zirong Gu,,,,,,zxg230006,zirong gu,Cellular Neuroscience
ACN,6342,001,,,,,,,,,,,,,,,,,,,Erika Orrick,,,,,,edo042000,erika orrick,Applied Human-Computer Interaction
ACN,6346,001,,,,,,,,,,,,,,,,,,,Catherine Thorn,,,,,,cat170002,catherine thorn,Systems Neuroscience
ACN,6354,501,,,,,,,,,,,,,,,,,,,Leonardo Estevez,,,,,,lwe071000,leonardo estevez,Quantitative Usability Engineering  Mixed Reality
ACN,6370,001,,,,,,,,,,,,,,,,,,,Michael Burton,,,,,,mdb150330,michael burton,Neuroimmunology
ACN,6374,0h1,,,,,,,,,,,,,,,,,,,Faisal Jahangiri,,,,,,frj190000,faisal jahangiri,Intraoperative Neurophysiological Monitoring
ACN,6375,0h1,,,,,,,,,,,,,,,,,,,Faisal Jahangiri,,,,,,frj190000,faisal jahangiri,IONM Special Topics  - Mapping of the Brain
ACN,6390,001,,,,,,,,,,,,,,,,,,,Steven McWilliams,,,,,,sxm127330,steven mcwilliams,Forensic Neuroscience
ACN,6v72,013,,,,,,,,,,,,,,,,,,,Richard Golden,,,,,,golden,richard golden,Research Internship
ACN,6v81,001,,,,,,,,,,,,,,,,,,,Matthew Walker,,,,,,dal391044,matthew walker,Special Topics in Applied Cognition and Neuroscience  - Sleep Data Science
ACN,7343,001,,,,,,,,,,,,,,,,,,,Muhammad Saad Yousuf,,,,,,yxm200007,,Neuropharmacology
ACN,7372,001,,,,,,,,,,,,,,,,,,,Sven Kroener,,,,,,sxk101000,sven kroener,Seminar in Neuroscience  - Neurobiology of Psychia. Disor
ACN,7372,002,,,,,,,,,,,,,,,,,,,Rukhsana Sultana,,,,,,rxs170431,rukhsana sultana,Seminar in Neuroscience  - Oxidative Stress & Neurodegen
ACN,7372,005,,,,,,,,,,,,,,,,,,,Alice O'Toole,,,,,,otoole,alice otoole,Seminar in Neuroscience  - AI in Psychology
ACN,7383,001,,,,,,,,,,,,,,,,,,,Karen Rodrigue,,,,,,kmr082000,karen rodrigue,Neuropathology and Behavior
ACN,7387,001,,,,,,,,,,,,,,,,,,,Julia Evans,,,,,,jle130030,julia evans,Developmental Neurobiology of Language and Cognition
AUD,6013,001,,,,,,,,,,,,,,,,,,,Carol Cokely,,,,,,cgc016200,,AuD Grand Rounds
AUD,6114,501,,,,,,,,,,,,,,,,,,,Linda Thibodeau,,,,,,thib,linda thibodeau,Instrumentation
AUD,6114,502,,,,,,,,,,,,,,,,,,,Linda Thibodeau,,,,,,thib,linda thibodeau,Instrumentation
AUD,6121,101,,,,,,,,,,,,,,,,,,,Aaron Cochran,,,,,,awc180000,aaron cochran,Foundation Laboratory Procedures in Audiology and Hearing Science
AUD,6121,102,,,,,,,,,,,,,,,,,,,Aaron Cochran,,,,,,awc180000,aaron cochran,Foundation Laboratory Procedures in Audiology and Hearing Science
AUD,6121,103,,,,,,,,,,,,,,,,,,,Jackie Clark,,,,,,jclark,jackie clark,Foundation Laboratory Procedures in Audiology and Hearing Science
AUD,6121,104,,,,,,,,,,,,,,,,,,,Jackie Clark,,,,,,jclark,jackie clark,Foundation Laboratory Procedures in Audiology and Hearing Science
AUD,6122,101,,,,,,,,,,,,,,,,,,,Jared Poland,,,,,,jtp150330,jared poland,Laboratory Procedures in Audiology and Hearing Science
AUD,6122,102,,,,,,,,,,,,,,,,,,,Jared Poland,,,,,,jtp150330,jared poland,Laboratory Procedures in Audiology and Hearing Science
AUD,6311,501,,,,,,,,,,,,,,,,,,,Bohua Hu,,,,,,dal226012,,Diagnostic Audiology
AUD,6318,501,,,,,,,,,,,,,,,,,,,Andrea Warner-Czyz,,,,,,adw052000,andrea warner czyz,Pediatric Audiology
AUD,7250,001,,,,,,,,,,,,,,,,,,,Carol Cokely,,,,,,cgc016200,,Issues in Mentoring and Counseling
AUD,7305,501,,,,,,,,,,,,,,,,,,,Colleen Le Prell,,,,,,cgl150030,,Hearing Loss Prevention and Pharmacology
AUD,7326,001,,,,,,,,,,,,,,,,,,,Linda Thibodeau,,,,,,thib,linda thibodeau,Aural Habilitation of Children who are Deaf or Hard of Hearing
AUD,7327,001,,,,,,,,,,,,,,,,,,,Jackie Clark,,,,,,jclark,jackie clark,Evaluation and Fitting of Amplification Systems
AUD,7351,001,,,,,,,,,,,,,,,,,,,Jared Poland,,,,,,jtp150330,jared poland,Physiologic Assessment of Vestibular System
AUD,7v82,001,,,,,,,,,,,,,,,,,,,Kirupa Suthakar,,,,,,dal615268,,Special Topics in Hearing Science and Audiology  - Auditory Neurophysiology
AUD,7v98,002,,,,,,,,,,,,,,,,,,,Andrea Warner-Czyz,,,,,,adw052000,andrea warner czyz,Directed Study in Audiology and Hearing Science  - Path Methods
AUD,8v80,086,,,,,,,,,,,,,,,,,,,Stephanie Fowler-Brookman,,,,,,slr150030,,Individual Research in Audiology
AUD,8v80,093,,,,,,,,,,,,,,,,,,,Andrea Warner-Czyz,,,,,,adw052000,andrea warner czyz,Individual Research in Audiology
CGS,2301,001,,,,,,,,,,,,,,,,,,,Jiahui Guo,,,,,,jxg230022,jiahui guo,Cognitive Science
CGS,2301,hn1,,,,,,,,,,,,,,,,,,,Alice O'Toole,,,,,,otoole,alice otoole,Cognitive Science  - CV Honors
CGS,3325,001,,,,,,,,,,,,,,,,,,,Jerillyn Kent,,,,,,jxk210033,jerillyn kent,History of Psychology
CGS,3340,001,,,,,,,,,,,,,,,,,,,Alva Tang,,,,,,axt220069,alva tang,Experimental Projects in Cognitive Science
CGS,3340,002,,,,,,,,,,,,,,,,,,,Danielle Fearon,,,,,,dxf220005,danielle fearon,Experimental Projects in Cognitive Science
CGS,3340,003,,,,,,,,,,,,,,,,,,,Kendra Seaman,,,,,,kls190004,kendra seaman,Experimental Projects in Cognitive Science
CGS,3340,004,,,,,,,,,,,,,,,,,,,Forouz Shirvani,,,,,,fxk024000,forouz shirvani,Experimental Projects in Cognitive Science
CGS,3340,005,,,,,,,,,,,,,,,,,,,Annelise Pesch,,,,,,dal612255,,Experimental Projects in Cognitive Science
CGS,3340,006,,,,,,,,,,,,,,,,,,,Melissa Heinrich,,,,,,mdh190005,melissa heinrich,Experimental Projects in Cognitive Science
CGS,3340,0w1,,,,,,,,,,,,,,,,,,,Forouz Shirvani,,,,,,fxk024000,forouz shirvani,Experimental Projects in Cognitive Science
CGS,3340,501,,,,,,,,,,,,,,,,,,,Gail Tillman,,,,,,gtillman,gail tillman,Experimental Projects in Cognitive Science
CGS,3342,001,,,,,,,,,,,,,,,,,,,Dona Lontok,,,,,,dxl220037,,Cognitive and Neural Modeling Laboratory
CGS,3361,002,,,,,,,,,,,,,,,,,,,Daniel Krawczyk,,,,,,dck061000,daniel krawczyk,Cognitive Psychology
CGS,4193,001,,,,,,,,,,,,,,,,,,,Evan Tom,,,,,,dal743662,evan tom,Internship Preparation
CGS,4315,501,,,,,,,,,,,,,,,,,,,Richard Golden,,,,,,golden,richard golden,Intelligent Systems Design
CGS,4321,001,,,,,,,,,,,,,,,,,,,Leonardo Estevez,,,,,,lwe071000,leonardo estevez,Quantitative UX Research
CGS,4359,001,,,,,,,,,,,,,,,,,,,Bart Rypma,,,,,,bpr061000,bart rypma,Cognitive Neuroscience
CGS,4389,001,,,,,,,,,,,,,,,,,,,Noa Ofen,,,,,,nxo230002,noa ofen,Developmental Cognitive Neuroscience
CGS,4394,001,,,,,,,,,,,,,,,,,,,Michael Choate,,,,,,mchoate,michael choate,Internship in Cognitive Science
CGS,4v75,001,,,,,,,,,,,,,,,,,,,Melanie Spence,,,,,,mspence,melanie spence,Honors Seminar
CLDP,2314,001,,,,,,,,,,,,,,,,,,,Kristin Atchison,,,,,,kja042000,kristin atchison,Lifespan Development
CLDP,3303,001,,,,,,,,,,,,,,,,,,,Mandy Maguire,,,,,,mjm053000,mandy maguire,Language Development
CLDP,3310,001,,,,,,,,,,,,,,,,,,,Lisa Timmons,,,,,,lnk081000,lisa timmons,Child Development
CLDP,3310,002,,,,,,,,,,,,,,,,,,,Lisa Timmons,,,,,,lnk081000,lisa timmons,Child Development
CLDP,3332,001,,,,,,,,,,,,,,,,,,,Leehyun Yoon,,,,,,lxy230006,leehyun yoon,Social and Personality Development
CLDP,3338,001,,,,,,,,,,,,,,,,,,,Alva Tang,,,,,,axt220069,alva tang,Adolescence
CLDP,3342,0h1,,,,,,,,,,,,,,,,,,,Lisa Timmons,,,,,,lnk081000,lisa timmons,Exceptional Children
CLDP,3362,001,,,,,,,,,,,,,,,,,,,Kristin Atchison,,,,,,kja042000,kristin atchison,Cognitive Development
CLDP,3365,001,,,,,,,,,,,,,,,,,,,Elena Luchkina,Shayla Holub,,,,,dal011025,,Child Learning
CLDP,3394,0h1,,,,,,,,,,,,,,,,,,,Meridith Grant,,,,,,mga061000,meridith grant,Research and Evaluation Methods
CLDP,4193,001,,,,,,,,,,,,,,,,,,,Evan Tom,,,,,,dal743662,evan tom,Internship Preparation
CLDP,4308,001,,,,,,,,,,,,,,,,,,,Rainy Sun,,,,,,mxs230151,rainy sun,Language Disorders in Children
CLDP,4344,001,,,,,,,,,,,,,,,,,,,Katherine Damme,,,,,,ksd240003,,Child Psychopathology
CLDP,4389,001,,,,,,,,,,,,,,,,,,,Noa Ofen,,,,,,nxo230002,noa ofen,Developmental Cognitive Neuroscience
CLDP,4394,001,,,,,,,,,,,,,,,,,,,Michael Choate,,,,,,mchoate,michael choate,Internship
CLDP,4v75,001,,,,,,,,,,,,,,,,,,,Melanie Spence,,,,,,mspence,melanie spence,Honors Seminar
CLDP,4v90,001,,,,,,,,,,,,,,,,,,,Adriana Baird,,,,,,acb075000,adriana baird,Special Topics in Child Learning and Development  - Service Learning
COMD,5340,001,,,,,,,,,,,,,,,,,,,Hannah Pourchot Neale,,,,,,hxp121030,hannah pourchot neale,Articulation Disorders
COMD,5344,001,,,,,,,,,,,,,,,,,,,Roozbeh Behroozmand,,,,,,rxb230048,roozbeh behroozmand,Anatomy and Physiology of Speech and Hearing
COMD,6101,0w1,,,,,,,,,,,,,,,,,,,Michelle Aldridge,,,,,,aldridge,michelle aldridge,Childhood Apraxia of Speech
COMD,6106,0w1,,,,,,,,,,,,,,,,,,,Felicity Sale,,,,,,ffs013000,,Medical SLP
COMD,6107,0w1,,,,,,,,,,,,,,,,,,,Felicity Sale,,,,,,ffs013000,,Dementia
COMD,6108,0w1,,,,,,,,,,,,,,,,,,,Helen Kenedi,,,,,,kenedi,,Pulmonary Issues
COMD,6109,0w1,,,,,,,,,,,,,,,,,,,Helen Kenedi,,,,,,kenedi,,Tracheostomy and Mechanical Ventilation
COMD,6110,0w1,,,,,,,,,,,,,,,,,,,Helen Kenedi,,,,,,kenedi,,Pediatric Feeding
COMD,6111,0w1,,,,,,,,,,,,,,,,,,,Michelle Aldridge,,,,,,aldridge,michelle aldridge,Articulation and Phonological Disorders
COMD,6112,0w1,,,,,,,,,,,,,,,,,,,Diane Walsh,,,,,,dxg022000,diane walsh,Counseling in Communication Disorders
COMD,6113,0w1,,,,,,,,,,,,,,,,,,,Jessica Carter,,,,,,jar032000,,Bilingual Speech Assessment and Treatment
COMD,6221,001,,,,,,,,,,,,,,,,,,,Adrianna Shembel,,,,,,acs200005,,Voice Disorders
COMD,6240,001,,,,,,,,,,,,,,,,,,,Emily Touchstone,,,,,,exw010200,emily touchstone,Professional Issues in Speech Language Pathology
COMD,6307,001,,,,,,,,,,,,,,,,,,,Mandy Maguire,,,,,,mjm053000,mandy maguire,Language Acquisition
COMD,6308,001,,,,,,,,,,,,,,,,,,,Judith Rich,,,,,,jbm014600,,Assessment and Intervention of Language Impairments in Preschool and School-Age Children
COMD,6320,001,,,,,,,,,,,,,,,,,,,Irma Smith,Michelle Aldridge,,,,,ieg011000,,Motor Speech Disorders
COMD,6377,001,,,,,,,,,,,,,,,,,,,Helen Kenedi,Felicity Sale,,,,,kenedi,,Neurogenic Communication Disorders I
COMD,6378,001,,,,,,,,,,,,,,,,,,,Hillary Klimkowski,Felicity Sale,,,,,hxd121330,hillary klimkowski,Neurogenic Communication Disorders II
COMD,7208,001,,,,,,,,,,,,,,,,,,,Allison Brown,,,,,,aet052000,,Pediatric Dysphagia
COMD,7219,001,,,,,,,,,,,,,,,,,,,Emily Touchstone,,,,,,exw010200,emily touchstone,Birth-To-Three
COMD,7221,001,,,,,,,,,,,,,,,,,,,Jessica Carter,,,,,,jar032000,,Preschool Intervention
COMD,7301,501,,,,,,,,,,,,,,,,,,,Judith Rich,,,,,,jbm014600,,Public School Methods
COMD,7307,001,,,,,,,,,,,,,,,,,,,Helen Kenedi,,,,,,kenedi,,Advanced Topics in Adult Dysphagia
COMD,7325,0w1,,,,,,,,,,,,,,,,,,,Cornetta Mosley,,,,,,cxm220030,cornetta mosley,Hearing and Deafness
COMD,7336,001,,,,,,,,,,,,,,,,,,,Pamela Rollins,,,,,,rollins,pam rollins,Social Communication in Early Childhood Disorders
COMD,7384,501,,,,,,,,,,,,,,,,,,,Christina Lombardi,,,,,,tinalee,,Augmentative Communication
COMD,7387,001,,,,,,,,,,,,,,,,,,,Julia Evans,,,,,,jle130030,julia evans,Developmental Neurobiology of Language and Cognition
COMD,7v56,001,,,,,,,,,,,,,,,,,,,Anny Castilla-Earls,,,,,,dal479500,,Bilingual Speech-Language Assessment and Intervention
COMD,7v86,002,,,,,,,,,,,,,,,,,,,Julia Evans,,,,,,jle130030,julia evans,Special Topics in Language  - Stat. Learning in Child Lang.
COMD,7v86,003,,,,,,,,,,,,,,,,,,,Anila D'Mello,,,,,,amd101000,anila dmello,Special Topics in Language  - Nsc of Lang.: Dev. and Disord
HCS,5313,001,,,,,,,,,,,,,,,,,,,Danielle Fearon,,,,,,dxf220005,danielle fearon,Introductory Research Methods in Behavioral and Brain Sciences - Part II
HCS,5313,002,,,,,,,,,,,,,,,,,,,Danielle Fearon,,,,,,dxf220005,danielle fearon,Introductory Research Methods in Behavioral and Brain Sciences - Part II
HCS,5314,001,,,,,,,,,,,,,,,,,,,Richard Golden,,,,,,golden,richard golden,Cognitive Computational Neuroscience
HCS,6313,001,,,,,,,,,,,,,,,,,,,Robert Ackerman,,,,,,raa110030,robert ackerman,Intermediate Research Methods in Behavioral and Brain Sciences - Part II
HCS,6315,001,,,,,,,,,,,,,,,,,,,Benedict Kolber,,,,,,bjk200001,benedict kolber,Scientific and Grant Writing
HCS,6317,001,,,,,,,,,,,,,,,,,,,Leehyun Yoon,,,,,,lxy230006,leehyun yoon,Research Methods in Psychology
HCS,6319,001,,,,,,,,,,,,,,,,,,,Andrea Warner-Czyz,,,,,,adw052000,andrea warner czyz,Scientific Writing
HCS,6323,001,,,,,,,,,,,,,,,,,,,Crystal Engineer,,,,,,novitski,crystal engineer,Neurophysiology
HCS,6331,001,,,,,,,,,,,,,,,,,,,Candice Mills,,,,,,cxm056000,candice mills,Cognitive Development
HCS,6333,001,,,,,,,,,,,,,,,,,,,Chandramallika Basak,,,,,,cxb116130,chandramallika basak,Human Memory
HCS,6338,001,,,,,,,,,,,,,,,,,,,Kristen Kennedy,,,,,,kmk082000,kristen kennedy,Functional Neuroanatomy
HCS,6338,002,,,,,,,,,,,,,,,,,,,Rukhsana Sultana,,,,,,rxs170431,rukhsana sultana,Functional Neuroanatomy
HCS,6340,001,,,,,,,,,,,,,,,,,,,Zirong Gu,,,,,,zxg230006,zirong gu,Cellular Neuroscience
HCS,6341,001,,,,,,,,,,,,,,,,,,,Lena Nguyen,,,,,,lxn220014,,Genes  Brain  and Behavior
HCS,6346,001,,,,,,,,,,,,,,,,,,,Catherine Thorn,,,,,,cat170002,catherine thorn,Systems Neuroscience
HCS,6359,001,,,,,,,,,,,,,,,,,,,Meridith Grant,,,,,,mga061000,meridith grant,The Developing Child  Toddler and Preschool Years
HCS,6370,001,,,,,,,,,,,,,,,,,,,Michael Burton,,,,,,mdb150330,michael burton,Neuroimmunology
HCS,6374,0h1,,,,,,,,,,,,,,,,,,,Faisal Jahangiri,,,,,,frj190000,faisal jahangiri,Intraoperative Neurophysiological Monitoring
HCS,6375,0h1,,,,,,,,,,,,,,,,,,,Faisal Jahangiri,,,,,,frj190000,faisal jahangiri,IONM Special Topics  - Mapping of the Brain
HCS,6376,001,,,,,,,,,,,,,,,,,,,Bo Kyung Park,,,,,,bxp200011,bo kyung park,Social Psychology
HCS,6390,001,,,,,,,,,,,,,,,,,,,Steven McWilliams,,,,,,sxm127330,steven mcwilliams,Forensic Neuroscience
HCS,7121,001,,,,,,,,,,,,,,,,,,,Andrew Eagle,,,,,,ale230000,,Graduate Seminar in Systems Neuroscience
HCS,7324,001,,,,,,,,,,,,,,,,,,,Lei Su,,,,,,lxs220031,pumpki lei su,Seminar in Language Science
HCS,7343,001,,,,,,,,,,,,,,,,,,,Muhammad Saad Yousuf,,,,,,yxm200007,,Neuropharmacology
HCS,7355,001,,,,,,,,,,,,,,,,,,,Kendra Seaman,,,,,,kls190004,kendra seaman,Seminar in Psychology  - Decision Neuroscience
HCS,7355,003,,,,,,,,,,,,,,,,,,,Jerillyn Kent,,,,,,jxk210033,jerillyn kent,Seminar in Psychology  - Clinical Psychological Science
HCS,7355,004,,,,,,,,,,,,,,,,,,,Stacie Warren,,,,,,sxw220017,stacie warren,Seminar in Psychology  - Assessment & Neuropsy
HCS,7355,005,,,,,,,,,,,,,,,,,,,Alice O'Toole,,,,,,otoole,alice otoole,Seminar in Psychology  - AI in Psychology
HCS,7355,006,,,,,,,,,,,,,,,,,,,Bart Rypma,,,,,,bpr061000,bart rypma,Seminar in Psychology  - Fund. of Functional Brain Imag
HCS,7372,001,,,,,,,,,,,,,,,,,,,Sven Kroener,,,,,,sxk101000,sven kroener,Seminar in Neuroscience  - Neurobiology of Psychia. Disor
HCS,7372,002,,,,,,,,,,,,,,,,,,,Rukhsana Sultana,,,,,,rxs170431,rukhsana sultana,Seminar in Neuroscience  - Oxidative Stress & Neurodegen
HCS,7372,005,,,,,,,,,,,,,,,,,,,Alice O'Toole,,,,,,otoole,alice otoole,Seminar in Neuroscience  - AI in Psychology
HCS,7383,001,,,,,,,,,,,,,,,,,,,Karen Rodrigue,,,,,,kmr082000,karen rodrigue,Neuropathology and Behavior
HCS,7387,001,,,,,,,,,,,,,,,,,,,Julia Evans,,,,,,jle130030,julia evans,Developmental Neurobiology of Language and Cognition
HCS,7v71,001,,,,,,,,,,,,,,,,,,,Kirupa Suthakar,,,,,,dal615268,,Topics in Speech  Language  and Hearing Sciences  - Auditory Neurophysiology
HCS,7v71,002,,,,,,,,,,,,,,,,,,,Julia Evans,,,,,,jle130030,julia evans,Topics in Speech  Language  and Hearing Sciences  - Stat. Learning in Child Lang.
HCS,7v71,003,,,,,,,,,,,,,,,,,,,Anila D'Mello,,,,,,amd101000,anila dmello,Topics in Speech  Language  and Hearing Sciences  - Nsc of Lang.: Dev. and Disord
HDCD,6316,001,,,,,,,,,,,,,,,,,,,Lisa Timmons,,,,,,lnk081000,lisa timmons,Developmental Assessment
HDCD,6320,001,,,,,,,,,,,,,,,,,,,Meridith Grant,,,,,,mga061000,meridith grant,The Developing Child  Toddler and Preschool Years
HDCD,6365,001,,,,,,,,,,,,,,,,,,,Pamela Rollins,,,,,,rollins,pam rollins,Social Communication in Early Childhood Disorders
HDCD,6390,001,,,,,,,,,,,,,,,,,,,Natalie Aviles,,,,,,nrb170000,,Infant Mental Health
HDCD,6v20,001,,,,,,,,,,,,,,,,,,,Natalie Aviles,,,,,,nrb170000,,Practicum Internship in Early Childhood Disorders
NSC,3344,001,,,,,,,,,,,,,,,,,,,Roozbeh Behroozmand,,,,,,rxb230048,roozbeh behroozmand,Anatomy and Physiology of Speech and Hearing
NSC,3361,001,,,,,,,,,,,,,,,,,,,Steven McWilliams,,,,,,sxm127330,steven mcwilliams,Introduction to Neuroscience
NSC,3361,002,,,,,,,,,,,,,,,,,,,Anna Taylor,,,,,,amt180004,anna taylor,Introduction to Neuroscience
NSC,3361,003,,,,,,,,,,,,,,,,,,,Namrata Das,,,,,,nxs136630,,Introduction to Neuroscience
NSC,3361,004,,,,,,,,,,,,,,,,,,,Cecily Oleksiak,,,,,,cro140030,cecily oleksiak,Introduction to Neuroscience
NSC,3361,005,,,,,,,,,,,,,,,,,,,Siham Raboune,,,,,,sxr180071,siham raboune,Introduction to Neuroscience
NSC,3361,hn1,,,,,,,,,,,,,,,,,,,Eva LaDow,,,,,,esl130130,eva ladow,Introduction to Neuroscience  - CV Honors
NSC,3361,hn2,,,,,,,,,,,,,,,,,,,Eva LaDow,,,,,,esl130130,eva ladow,Introduction to Neuroscience  - CV Honors
NSC,4193,001,,,,,,,,,,,,,,,,,,,Evan Tom,,,,,,dal743662,evan tom,Internship Preparation
NSC,4320,0w1,,,,,,,,,,,,,,,,,,,Cecily Oleksiak,,,,,,cro140030,cecily oleksiak,Sleep and Sleep Disorders
NSC,4352,001,,,,,,,,,,,,,,,,,,,Amy Zwierzchowski,,,,,,anz101020,amy zwierzchowski,Cellular Neuroscience
NSC,4352,002,,,,,,,,,,,,,,,,,,,Steven McWilliams,,,,,,sxm127330,steven mcwilliams,Cellular Neuroscience
NSC,4352,003,,,,,,,,,,,,,,,,,,,William Marks,,,,,,wxm180005,william marks,Cellular Neuroscience
NSC,4352,004,,,,,,,,,,,,,,,,,,,Siham Raboune,,,,,,sxr180071,siham raboune,Cellular Neuroscience
NSC,4353,101,,,,,,,,,,,,,,,,,,,Cecily Oleksiak,,,,,,cro140030,cecily oleksiak,Neuroscience Laboratory Methods
NSC,4353,102,,,,,,,,,,,,,,,,,,,Anna Taylor,,,,,,amt180004,anna taylor,Neuroscience Laboratory Methods
NSC,4353,103,,,,,,,,,,,,,,,,,,,William Marks,,,,,,wxm180005,william marks,Neuroscience Laboratory Methods
NSC,4353,104,,,,,,,,,,,,,,,,,,,Amy Zwierzchowski,,,,,,anz101020,amy zwierzchowski,Neuroscience Laboratory Methods
NSC,4353,105,,,,,,,,,,,,,,,,,,,Cecily Oleksiak,,,,,,cro140030,cecily oleksiak,Neuroscience Laboratory Methods
NSC,4353,106,,,,,,,,,,,,,,,,,,,Rafael Granja-Vazquez,,,,,,rxg144430,rafael granja vazquez,Neuroscience Laboratory Methods
NSC,4353,107,,,,,,,,,,,,,,,,,,,Rafael Granja-Vazquez,,,,,,rxg144430,rafael granja vazquez,Neuroscience Laboratory Methods
NSC,4353,108,,,,,,,,,,,,,,,,,,,William Marks,,,,,,wxm180005,william marks,Neuroscience Laboratory Methods
NSC,4354,001,,,,,,,,,,,,,,,,,,,Puja Parekh,,,,,,pkp240000,puja parekh,Integrative Neuroscience
NSC,4354,002,,,,,,,,,,,,,,,,,,,Siham Raboune,,,,,,sxr180071,siham raboune,Integrative Neuroscience
NSC,4356,001,,,,,,,,,,,,,,,,,,,Robert Rennaker,,,,,,rlr091000,robert rennaker,Neurophysiology
NSC,4356,002,,,,,,,,,,,,,,,,,,,Andrew Eagle,,,,,,ale230000,,Neurophysiology
NSC,4356,hn1,,,,,,,,,,,,,,,,,,,Rukhsana Sultana,,,,,,rxs170431,rukhsana sultana,Neurophysiology  - CV Honors
NSC,4357,001,,,,,,,,,,,,,,,,,,,Christa Rodriguez,,,,,,cmr067000,christa mcintyre rodriguez,Neurobiology of Learning and Memory
NSC,4358,001,,,,,,,,,,,,,,,,,,,Theodore Price,,,,,,tjp140130,theodore price,Neuroscience of Pain
NSC,4359,001,,,,,,,,,,,,,,,,,,,Bart Rypma,,,,,,bpr061000,bart rypma,Cognitive Neuroscience
NSC,4361,001,,,,,,,,,,,,,,,,,,,Rafael Granja-Vazquez,,,,,,rxg144430,rafael granja vazquez,Pathway Into Industrial Neuroscience
NSC,4362,001,,,,,,,,,,,,,,,,,,,William Marks,,,,,,wxm180005,william marks,Molecular Neuroscience
NSC,4363,001,,,,,,,,,,,,,,,,,,,Siham Raboune,,,,,,sxr180071,siham raboune,Neuropharmacology
NSC,4363,002,,,,,,,,,,,,,,,,,,,Amy Zwierzchowski,,,,,,anz101020,amy zwierzchowski,Neuropharmacology
NSC,4363,003,,,,,,,,,,,,,,,,,,,Amy Zwierzchowski,,,,,,anz101020,amy zwierzchowski,Neuropharmacology
NSC,4364,0w2,,,,,,,,,,,,,,,,,,,Safiullah Shareef,,,,,,sms170009,safiullah shareef,Journey into Medicine
NSC,4364,0w3,,,,,,,,,,,,,,,,,,,Safiullah Shareef,,,,,,sms170009,safiullah shareef,Journey into Medicine
NSC,4366,001,,,,,,,,,,,,,,,,,,,Anna Taylor,,,,,,amt180004,anna taylor,Neuroanatomy
NSC,4366,003,,,,,,,,,,,,,,,,,,,Rafael Granja-Vazquez,,,,,,rxg144430,rafael granja vazquez,Neuroanatomy
NSC,4371,001,,,,,,,,,,,,,,,,,,,Michael Kilgard,,,,,,kilgard,michael kilgard,Neural Plasticity
NSC,4373,001,,,,,,,,,,,,,,,,,,,Katelyn Sadler,,,,,,kes220000,,Sensory Neuroscience
NSC,4380,001,,,,,,,,,,,,,,,,,,,Namrata Das,,,,,,nxs136630,,Neurology of Cognition
NSC,4382,0w1,,,,,,,,,,,,,,,,,,,Faisal Jahangiri,,,,,,frj190000,faisal jahangiri,Neurobiology of Emotion
NSC,4382,0w2,,,,,,,,,,,,,,,,,,,Anna Taylor,,,,,,amt180004,anna taylor,Neurobiology of Emotion
NSC,4383,001,,,,,,,,,,,,,,,,,,,Faisal Jahangiri,,,,,,frj190000,faisal jahangiri,Human Neurophysiology Lab
NSC,4389,001,,,,,,,,,,,,,,,,,,,Noa Ofen,,,,,,nxo230002,noa ofen,Developmental Cognitive Neuroscience
NSC,4394,001,,,,,,,,,,,,,,,,,,,Michael Choate,,,,,,mchoate,michael choate,Internship in Neuroscience
NSC,4v75,001,,,,,,,,,,,,,,,,,,,Melanie Spence,,,,,,mspence,melanie spence,Honors Seminar
NSC,4v90,001,,,,,,,,,,,,,,,,,,,Kaushik Lakshminarasimhan,,,,,,dal899103,kaushik lakshminarasimhan,Special Topics in Neuroscience  - Neural Data Science
NSC,4v90,002,,,,,,,,,,,,,,,,,,,Diana Tavares Ferreira,,,,,,dxt170008,diana tavares ferreira,Special Topics in Neuroscience  - Neurobioinformatics
NSC,4v90,003,,,,,,,,,,,,,,,,,,,Steven McWilliams,,,,,,sxm127330,steven mcwilliams,Special Topics in Neuroscience  - Forensic Neuroscience
NSC,4v90,004,,,,,,,,,,,,,,,,,,,Millie Rincon-Cortes,,,,,,mxr210064,millie rincon cortes,Special Topics in Neuroscience  - Neurobio of Psychiatric Disord
NSC,4v90,005,,,,,,,,,,,,,,,,,,,Steven Small,,,,,,sls190000,steven small,Special Topics in Neuroscience  - Neuroscience and Brain Health
NSC,4v90,006,,,,,,,,,,,,,,,,,,,Eric Kildebeck,,,,,,ejk018000,,Special Topics in Neuroscience  - Experiential Medical Reasoning
NSC,4v95,001,,,,,,,,,,,,,,,,,,,Katherine DeNinis,,,,,,dal420147,katherine deninis,Externship in Neuroscience
PSY,2301,001,,,,,,,,,,,,,,,,,,,Kristin Atchison,,,,,,kja042000,kristin atchison,Introduction to Psychology
PSY,2301,002,,,,,,,,,,,,,,,,,,,Salena Brody,,,,,,smb051000,salena brody,Introduction to Psychology
PSY,2301,0w1,,,,,,,,,,,,,,,,,,,Noah Sasson,,,,,,njs092000,noah sasson,Introduction to Psychology
PSY,2301,0w2,,,,,,,,,,,,,,,,,,,Regina Ybarra,,,,,,rky190000,regina ybarra,Introduction to Psychology
PSY,2301,hn1,,,,,,,,,,,,,,,,,,,Neetha Devdas,,,,,,nrd120030,neetha devdas,Introduction to Psychology  - CV Honors
PSY,2314,001,,,,,,,,,,,,,,,,,,,Kristin Atchison,,,,,,kja042000,kristin atchison,Lifespan Development
PSY,2317,001,,,,,,,,,,,,,,,,,,,Kristin Atchison,,,,,,kja042000,kristin atchison,Statistics for Psychology
PSY,2317,0w1,,,,,,,,,,,,,,,,,,,Danielle Fearon,,,,,,dxf220005,danielle fearon,Statistics for Psychology
PSY,3100,001,,,,,,,,,,,,,,,,,,,Andrew Ross Reyes,,,,,,axr133430,andrew ross reyes,Careers in Psychology
PSY,3310,001,,,,,,,,,,,,,,,,,,,Lisa Timmons,,,,,,lnk081000,lisa timmons,Child Development
PSY,3310,002,,,,,,,,,,,,,,,,,,,Lisa Timmons,,,,,,lnk081000,lisa timmons,Child Development
PSY,3331,001,,,,,,,,,,,,,,,,,,,Heidi Kane,,,,,,hsk140330,heidi kane,Social Psychology
PSY,3331,0h1,,,,,,,,,,,,,,,,,,,Karen Huxtable-Jester,,,,,,kxh014900,karen huxtable jester,Social Psychology
PSY,3331,0w1,,,,,,,,,,,,,,,,,,,Salena Brody,,,,,,smb051000,salena brody,Social Psychology
PSY,3332,001,,,,,,,,,,,,,,,,,,,Leehyun Yoon,,,,,,lxy230006,leehyun yoon,Social and Personality Development
PSY,3333,001,,,,,,,,,,,,,,,,,,,Regina Ybarra,,,,,,rky190000,regina ybarra,Clinical Psychology
PSY,3338,001,,,,,,,,,,,,,,,,,,,Alva Tang,,,,,,axt220069,alva tang,Adolescence
PSY,3342,0h1,,,,,,,,,,,,,,,,,,,Lisa Timmons,,,,,,lnk081000,lisa timmons,Exceptional Children
PSY,3352,001,,,,,,,,,,,,,,,,,,,Meg Flanigan,,,,,,mxs230054,meg flanigan,Biological Psychology
PSY,3360,001,,,,,,,,,,,,,,,,,,,Jerillyn Kent,,,,,,jxk210033,jerillyn kent,History of Psychology
PSY,3361,002,,,,,,,,,,,,,,,,,,,Daniel Krawczyk,,,,,,dck061000,daniel krawczyk,Cognitive Psychology
PSY,3362,001,,,,,,,,,,,,,,,,,,,Kristin Atchison,,,,,,kja042000,kristin atchison,Cognitive Development
PSY,3380,001,,,,,,,,,,,,,,,,,,,Francesca Filbey,,,,,,fxf013100,francesca filbey,Writing in Psychology
PSY,3392,001,,,,,,,,,,,,,,,,,,,Noah Sasson,,,,,,njs092000,noah sasson,Research Design and Analysis
PSY,3392,0h1,,,,,,,,,,,,,,,,,,,Meridith Grant,,,,,,mga061000,meridith grant,Research Design and Analysis
PSY,3393,001,,,,,,,,,,,,,,,,,,,Alva Tang,,,,,,axt220069,alva tang,Experimental Projects in Psychology
PSY,3393,002,,,,,,,,,,,,,,,,,,,Danielle Fearon,,,,,,dxf220005,danielle fearon,Experimental Projects in Psychology
PSY,3393,003,,,,,,,,,,,,,,,,,,,Kendra Seaman,,,,,,kls190004,kendra seaman,Experimental Projects in Psychology
PSY,3393,004,,,,,,,,,,,,,,,,,,,Forouz Shirvani,,,,,,fxk024000,forouz shirvani,Experimental Projects in Psychology
PSY,3393,005,,,,,,,,,,,,,,,,,,,Annelise Pesch,,,,,,dal612255,,Experimental Projects in Psychology
PSY,3393,006,,,,,,,,,,,,,,,,,,,Melissa Heinrich,,,,,,mdh190005,melissa heinrich,Experimental Projects in Psychology
PSY,3393,0w1,,,,,,,,,,,,,,,,,,,Forouz Shirvani,,,,,,fxk024000,forouz shirvani,Experimental Projects in Psychology
PSY,3393,501,,,,,,,,,,,,,,,,,,,Gail Tillman,,,,,,gtillman,gail tillman,Experimental Projects in Psychology
PSY,4193,001,,,,,,,,,,,,,,,,,,,Evan Tom,,,,,,dal743662,evan tom,Internship Preparation
PSY,4328,001,,,,,,,,,,,,,,,,,,,Heidi Kane,,,,,,hsk140330,heidi kane,Health Psychology
PSY,4331,001,,,,,,,,,,,,,,,,,,,Ryan Boyd,,,,,,rlb240002,ryan boyd,Personality and Individual Differences
PSY,4343,001,,,,,,,,,,,,,,,,,,,Amy Pinkham,,,,,,aep140430,amy pinkham,Adult Psychopathology
PSY,4343,002,,,,,,,,,,,,,,,,,,,Stacie Warren,,,,,,sxw220017,stacie warren,Adult Psychopathology
PSY,4343,hn1,,,,,,,,,,,,,,,,,,,Neetha Devdas,,,,,,nrd120030,neetha devdas,Adult Psychopathology  - CV Honors
PSY,4343,hn2,,,,,,,,,,,,,,,,,,,Neetha Devdas,,,,,,nrd120030,neetha devdas,Adult Psychopathology  - CV Honors
PSY,4344,001,,,,,,,,,,,,,,,,,,,Katherine Damme,,,,,,ksd240003,,Child Psychopathology
PSY,4346,001,,,,,,,,,,,,,,,,,,,Regina Ybarra,,,,,,rky190000,regina ybarra,Human Sexuality
PSY,4348,001,,,,,,,,,,,,,,,,,,,Meg Flanigan,,,,,,mxs230054,meg flanigan,Sleep and Mental Health
PSY,4359,001,,,,,,,,,,,,,,,,,,,Bart Rypma,,,,,,bpr061000,bart rypma,Cognitive Neuroscience
PSY,4389,001,,,,,,,,,,,,,,,,,,,Noa Ofen,,,,,,nxo230002,noa ofen,Developmental Cognitive Neuroscience
PSY,4392,0h1,,,,,,,,,,,,,,,,,,,Karen Huxtable-Jester,,,,,,kxh014900,karen huxtable jester,Teaching and Professional Skills Practicum
PSY,4394,001,,,,,,,,,,,,,,,,,,,Michael Choate,,,,,,mchoate,michael choate,Internship in Psychology
PSY,4v75,001,,,,,,,,,,,,,,,,,,,Melanie Spence,,,,,,mspence,melanie spence,Honors Seminar
PSY,4v90,002,,,,,,,,,,,,,,,,,,,Leslie Grimmer,Corey Pierce,,,,,lag190011,,Special Topics in Psychology  - Bbs Transfer Seminar
PSY,4v90,003,,,,,,,,,,,,,,,,,,,Jennifer Callahan,,,,,,jlr230005,jennifer callahan,Special Topics in Psychology  - Advanced Clinical Psychology
PSY,4v90,004,,,,,,,,,,,,,,,,,,,David Lary,,,,,,djl101000,david lary,"Special Topics in Psychology  - Air, Environment and Health"
PSY,4v98,008,,,,,,,,,,,,,,,,,,,Annelise Pesch,,,,,,dal612255,,Directed Research
PSYC,5313,001,,,,,,,,,,,,,,,,,,,Danielle Fearon,,,,,,dxf220005,danielle fearon,Introductory Research Methods in Behavioral and Brain Sciences - Part II
PSYC,5313,002,,,,,,,,,,,,,,,,,,,Danielle Fearon,,,,,,dxf220005,danielle fearon,Introductory Research Methods in Behavioral and Brain Sciences - Part II
PSYC,6313,001,,,,,,,,,,,,,,,,,,,Robert Ackerman,,,,,,raa110030,robert ackerman,Intermediate Research Methods in Behavioral and Brain Sciences - Part II
PSYC,6317,001,,,,,,,,,,,,,,,,,,,Leehyun Yoon,,,,,,lxy230006,leehyun yoon,Research Methods in Psychology
PSYC,6320,001,,,,,,,,,,,,,,,,,,,Meridith Grant,,,,,,mga061000,meridith grant,The Developing Child  Toddler and Preschool Years
PSYC,6331,001,,,,,,,,,,,,,,,,,,,Candice Mills,,,,,,cxm056000,candice mills,Cognitive Development
PSYC,6333,001,,,,,,,,,,,,,,,,,,,Chandramallika Basak,,,,,,cxb116130,chandramallika basak,Human Memory
PSYC,6338,001,,,,,,,,,,,,,,,,,,,Kristen Kennedy,,,,,,kmk082000,kristen kennedy,Functional Neuroanatomy
PSYC,6338,002,,,,,,,,,,,,,,,,,,,Rukhsana Sultana,,,,,,rxs170431,rukhsana sultana,Functional Neuroanatomy
PSYC,6346,001,,,,,,,,,,,,,,,,,,,Catherine Thorn,,,,,,cat170002,catherine thorn,Systems Neuroscience
PSYC,6352,0w1,,,,,,,,,,,,,,,,,,,Daniel Krawczyk,,,,,,dck061000,daniel krawczyk,Cognitive Psychology Essentials for Cyber Security
PSYC,6376,001,,,,,,,,,,,,,,,,,,,Bo Kyung Park,,,,,,bxp200011,bo kyung park,Social Psychology
PSYC,7383,001,,,,,,,,,,,,,,,,,,,Karen Rodrigue,,,,,,kmr082000,karen rodrigue,Neuropathology and Behavior
SPAU,3301,001,,,,,,,,,,,,,,,,,,,Diane Walsh,,,,,,dxg022000,diane walsh,Communication Disorders
SPAU,3303,001,,,,,,,,,,,,,,,,,,,Mandy Maguire,,,,,,mjm053000,mandy maguire,Language Development
SPAU,3304,001,,,,,,,,,,,,,,,,,,,Saul Frankford,Cornetta Mosley,,,,,sfa240000,,Communication Sciences
SPAU,3304,002,,,,,,,,,,,,,,,,,,,Cornetta Mosley,Saul Frankford,,,,,cxm220030,cornetta mosley,Communication Sciences
SPAU,3340,001,,,,,,,,,,,,,,,,,,,Hannah Pourchot Neale,,,,,,hxp121030,hannah pourchot neale,Articulation Disorders
SPAU,3341,001,,,,,,,,,,,,,,,,,,,Allison Woodford,,,,,,asw180000,allison woodford,Audiology
SPAU,3342,0h1,,,,,,,,,,,,,,,,,,,Lisa Timmons,,,,,,lnk081000,lisa timmons,Exceptional Children
SPAU,3343,001,,,,,,,,,,,,,,,,,,,Sonya Mehta,,,,,,sxm053100,sonya mehta,Phonetics and Phonology
SPAU,3344,001,,,,,,,,,,,,,,,,,,,Roozbeh Behroozmand,,,,,,rxb230048,roozbeh behroozmand,Anatomy and Physiology of Speech and Hearing
SPAU,3345,001,,,,,,,,,,,,,,,,,,,Diane Walsh,,,,,,dxg022000,diane walsh,Neural Basis of Communication
SPAU,3388,0h1,,,,,,,,,,,,,,,,,,,Hannah Pourchot Neale,,,,,,hxp121030,hannah pourchot neale,Clinical Observation in Speech-Language Pathology
SPAU,3390,0w1,,,,,,,,,,,,,,,,,,,Hannah Pourchot Neale,,,,,,hxp121030,hannah pourchot neale,Clinical Practicum in Speech-Language Pathology
SPAU,3390,0w2,,,,,,,,,,,,,,,,,,,Hannah Pourchot Neale,,,,,,hxp121030,hannah pourchot neale,Clinical Practicum in Speech-Language Pathology
SPAU,3390,0w3,,,,,,,,,,,,,,,,,,,Hannah Pourchot Neale,,,,,,hxp121030,hannah pourchot neale,Clinical Practicum in Speech-Language Pathology
SPAU,4193,001,,,,,,,,,,,,,,,,,,,Evan Tom,,,,,,dal743662,evan tom,Internship Preparation
SPAU,4308,001,,,,,,,,,,,,,,,,,,,Rainy Sun,,,,,,mxs230151,rainy sun,Language Disorders in Children
SPAU,4394,0h1,,,,,,,,,,,,,,,,,,,Hillary Klimkowski,,,,,,hxd121330,hillary klimkowski,Multicultural Aspects of Communication Disorders
SPAU,4396,001,,,,,,,,,,,,,,,,,,,Michael Choate,,,,,,mchoate,michael choate,Internship
SPAU,4v75,001,,,,,,,,,,,,,,,,,,,Melanie Spence,,,,,,mspence,melanie spence,Honors Seminar
SPAU,4v90,001,,,,,,,,,,,,,,,,,,,John Hart,,,,,,jxh057100,,"Special Topics in Speech-Language Pathology and Audiology  - Neurology,cogn.&communication"
BMEN,1208,3l1,,,,,,,,,,,,,,,,,,,Kathleen McNeeley,,,,,,kxm156530,kathleen myers,Introduction to Bioengineering II
BMEN,3200,001,,,,,,,,,,,,,,,,,,,Christian Rivera,,,,,,cxr210008,christian rivera,Biomedical Engineering Fundamentals and Design
BMEN,4389,201,,,,,,,,,,,,,,,,,,,Todd Polk,,,,,,twp017000,todd polk,Senior Design Project II
BMEN,6328,001,,,,,,,,,,,,,,,,,,,James Yurkovich,,,,,,jxy112130,james yurkovich,Data Science in Digital Health Systems  - Data Science in Digital Health
BMEN,6382,001,,,,,,,,,,,,,,,,,,,Leonidas Bleris,,,,,,lxb092000,leonidas bleris,Systems Biology
BMEN,7088,001,,,,,,,,,,,,,,,,,,,Gu Eon Kang,,,,,,gxk210018,,Departmental Seminar in Biomedical Engineering
BMEN,7188,001,,,,,,,,,,,,,,,,,,,Gu Eon Kang,,,,,,gxk210018,,Advanced Seminars in Biomedical Engineering
CE,1202,001,,,,,,,,,,,,,,,,,,,Haifa Abulaiha,,,,,,dal859024,haifa abdulaiha,Introduction to Electrical and Computer Engineering II
CE,1202,002,,,,,,,,,,,,,,,,,,,Haifa Abulaiha,,,,,,dal859024,haifa abdulaiha,Introduction to Electrical and Computer Engineering II
CE,1202,003,,,,,,,,,,,,,,,,,,,Haifa Abulaiha,,,,,,dal859024,haifa abdulaiha,Introduction to Electrical and Computer Engineering II
CE,1202,004,,,,,,,,,,,,,,,,,,,Haifa Abulaiha,,,,,,dal859024,haifa abdulaiha,Introduction to Electrical and Computer Engineering II
CE,1337,701,,,,,,,,,,,,,,,,,,,Srimathi Srinivasan,Jason Smith,Gordon Arnold,Miguel Razo Razo,James Willson,Shyam Karrah,sxs180206,srimathi srinivasan,Computer Science I
CE,2336,701,,,,,,,,,,,,,,,,,,,Brian Ricks,Jason Smith,Beiyu Lin,Jeyakesavan Veerasamy,Zachary Stallbohm,Mehra Nouroz Borazjany,bwr031000,brian ricks,Computer Science II
CE,3201,001,,,,,,,,,,,,,,,,,,,Tooraj Nikoubin,,,,,,txn190011,tooraj nikoubin,Electrical and Computer Engineering Fundamentals-I Laboratory
CE,3201,002,,,,,,,,,,,,,,,,,,,Tooraj Nikoubin,,,,,,txn190011,tooraj nikoubin,Electrical and Computer Engineering Fundamentals-I Laboratory
CE,3202,001,,,,,,,,,,,,,,,,,,,Kamran Kiasaleh,,,,,,kamran,kamran kiasaleh,Electrical and Computer Engineering Fundamentals-II Laboratory
CE,3202,002,,,,,,,,,,,,,,,,,,,Shaheen Ahmed,,,,,,sxa176730,shaheen ahmed,Electrical and Computer Engineering Fundamentals-II Laboratory
CE,3202,003,,,,,,,,,,,,,,,,,,,Ricardo Saad,,,,,,rsaad,ricardo saad,Electrical and Computer Engineering Fundamentals-II Laboratory
CE,3202,307,,,,,,,,,,,,,,,,,,,Ricardo Saad,,,,,,rsaad,ricardo saad,Electrical and Computer Engineering Fundamentals-II Laboratory
CE,3202,308,,,,,,,,,,,,,,,,,,,Ricardo Saad,,,,,,rsaad,ricardo saad,Electrical and Computer Engineering Fundamentals-II Laboratory
CE,4204,001,,,,,,,,,,,,,,,,,,,Chadwin Young,,,,,,cdy120030,chadwin young,Electrical and Computer Engineering Laboratory in Devices
CE,4204,301,,,,,,,,,,,,,,,,,,,Chadwin Young,,,,,,cdy120030,chadwin young,Electrical and Computer Engineering Laboratory in Devices
CE,4204,302,,,,,,,,,,,,,,,,,,,Chadwin Young,,,,,,cdy120030,chadwin young,Electrical and Computer Engineering Laboratory in Devices
CE,4204,303,,,,,,,,,,,,,,,,,,,Chadwin Young,,,,,,cdy120030,chadwin young,Electrical and Computer Engineering Laboratory in Devices
CE,4205,001,,,,,,,,,,,,,,,,,,,Bilal Akin,,,,,,bxa123330,bilal akin,Electrical and Computer Engineering Laboratory in Power Electronics and Energy Systems
CE,4205,302,,,,,,,,,,,,,,,,,,,Bilal Akin,,,,,,bxa123330,bilal akin,Electrical and Computer Engineering Laboratory in Power Electronics and Energy Systems
CE,4388,201,,,,,,,,,,,,,,,,,,,Marco Tacca,Neal Skinner,,,,,mtacca,marco tacca,Senior Design Project I
CE,4389,201,,,,,,,,,,,,,,,,,,,Marco Tacca,Neal Skinner,,,,,mtacca,marco tacca,Senior Design Project II
CS,1337,701,,,,,,,,,,,,,,,,,,,Srimathi Srinivasan,Jason Smith,Gordon Arnold,Miguel Razo Razo,James Willson,Shyam Karrah,sxs180206,srimathi srinivasan,Computer Science I
CS,2336,701,,,,,,,,,,,,,,,,,,,Brian Ricks,Jason Smith,Beiyu Lin,Jeyakesavan Veerasamy,Zachary Stallbohm,Mehra Nouroz Borazjany,bwr031000,brian ricks,Computer Science II
CS,4141,105,,,,,,,,,,,,,,,,,,,Eric Becker,,,,,,ewb160130,eric becker,Digital Systems Laboratory
CS,4141,110,,,,,,,,,,,,,,,,,,,Eric Becker,,,,,,ewb160130,eric becker,Digital Systems Laboratory
CS,4141,115,,,,,,,,,,,,,,,,,,,Eric Becker,,,,,,ewb160130,eric becker,Digital Systems Laboratory
CS,4141,118,,,,,,,,,,,,,,,,,,,Eric Becker,,,,,,ewb160130,eric becker,Digital Systems Laboratory
CS,4141,610,,,,,,,,,,,,,,,,,,,Eric Becker,,,,,,ewb160130,eric becker,Digital Systems Laboratory
CS,4301,005,,,,,,,,,,,,,,,,,,,Ovidiu Daescu,,,,,,daescu,ovidiu daescu,Special Topics in Computer Science  - Fndmntls of Conduct Rsrch
CS,4396,001,,,,,,,,,,,,,,,,,,,Kamil Sarac,,,,,,kxs028100,kamil sarac,Networking Laboratory
CS,4475,001,,,,,,,,,,,,,,,,,,,Kemelli Estacio-Hiroms,,,,,,kxe160930,kemelli estacio hiroms,Capstone Project
CS,6367,001,,,,,,,,,,,,,,,,,,,Weichen Wong,,,,,,wew021000,weichen wong,Software Testing  Validation and Verification
ECS,1192,007,,,,,,,,,,,,,,,,,,,Dong Qian,Hongbing Lu,,,,,dxq120430,dong qian,Research  Inquiry  Design Experience  - Smart Composite Manufacturing
ECS,1192,009,,,,,,,,,,,,,,,,,,,Yi Ding,,,,,,yxd230004,yi ding,Research  Inquiry  Design Experience  - Mobile Llm Development
ECS,1192,011,,,,,,,,,,,,,,,,,,,Zhenpeng Qin,,,,,,zxq140530,zhenpeng qin,Research  Inquiry  Design Experience  - Bioengineering Lab Automation
ECS,1192,022,,,,,,,,,,,,,,,,,,,Giacomo Valerio Iungo,,,,,,ixg140830,giacomo iungo,Research  Inquiry  Design Experience  - Robot for Wind Tunnel Testing
ECS,1192,027,,,,,,,,,,,,,,,,,,,Jie Zhang,,,,,,jxz156730,jie zhang,Research  Inquiry  Design Experience  - Electric Vehicle Cybersecurity
ECS,1192,040,,,,,,,,,,,,,,,,,,,Beiyu Lin,,,,,,dal207602,,Research  Inquiry  Design Experience  - Explainable AI
ECS,1192,047,,,,,,,,,,,,,,,,,,,Zejiang Wang,,,,,,zxw240006,zejiang wang,Research  Inquiry  Design Experience  - Quanser Av Student Competition
ECS,2192,007,,,,,,,,,,,,,,,,,,,Hongbing Lu,Dong Qian,,,,,hxl101000,hongbing lu,Research  Inquiry  Design Experience  - Smart Composite Manufacturing
ECS,2192,009,,,,,,,,,,,,,,,,,,,Yi Ding,,,,,,yxd230004,yi ding,Research  Inquiry  Design Experience  - Mobile Llm Development
ECS,2192,011,,,,,,,,,,,,,,,,,,,Zhenpeng Qin,,,,,,zxq140530,zhenpeng qin,Research  Inquiry  Design Experience  - Bioengineering Lab Automation
ECS,2192,022,,,,,,,,,,,,,,,,,,,Giacomo Valerio Iungo,,,,,,ixg140830,giacomo iungo,Research  Inquiry  Design Experience  - Robot for Wind Tunnel Testing
ECS,2192,027,,,,,,,,,,,,,,,,,,,Jie Zhang,,,,,,jxz156730,jie zhang,Research  Inquiry  Design Experience  - Electric Vehicle Cybersecurity
ECS,2192,040,,,,,,,,,,,,,,,,,,,Beiyu Lin,,,,,,dal207602,,Research  Inquiry  Design Experience  - Explainable AI
ECS,2192,047,,,,,,,,,,,,,,,,,,,Zejiang Wang,,,,,,zxw240006,zejiang wang,Research  Inquiry  Design Experience  - Quanser Av Student Competition
ECS,2390,014,,,,,,,,,,,,,,,,,,,Shivika Mathur,,,,,,sxm170012,shivika mathur,Professional and Technical Communication
ECS,2390,015,,,,,,,,,,,,,,,,,,,Shivika Mathur,,,,,,sxm170012,shivika mathur,Professional and Technical Communication
ECS,2390,016,,,,,,,,,,,,,,,,,,,Farah Siddiqui,,,,,,fxs121830,farah siddiqui,Professional and Technical Communication
ECS,2390,0h3,,,,,,,,,,,,,,,,,,,Lacey Henderson,,,,,,ljh220001,lacey henderson,Professional and Technical Communication
ECS,2390,0h7,,,,,,,,,,,,,,,,,,,Bradley Skiles,,,,,,bws150030,bradley skiles,Professional and Technical Communication
ECS,2390,0h9,,,,,,,,,,,,,,,,,,,Farah Siddiqui,,,,,,fxs121830,farah siddiqui,Professional and Technical Communication
ECS,3292,007,,,,,,,,,,,,,,,,,,,Hongbing Lu,Dong Qian,,,,,hxl101000,hongbing lu,Research  Inquiry  Design Experience  - Smart Composite Manufacturing
ECS,3292,009,,,,,,,,,,,,,,,,,,,Yi Ding,,,,,,yxd230004,yi ding,Research  Inquiry  Design Experience  - Mobile Llm Development
ECS,3292,022,,,,,,,,,,,,,,,,,,,Giacomo Valerio Iungo,,,,,,ixg140830,giacomo iungo,Research  Inquiry  Design Experience  - Robot for Wind Tunnel Testing
ECS,3292,027,,,,,,,,,,,,,,,,,,,Jie Zhang,,,,,,jxz156730,jie zhang,Research  Inquiry  Design Experience  - Electric Vehicle Cybersecurity
ECS,3292,040,,,,,,,,,,,,,,,,,,,Beiyu Lin,,,,,,dal207602,,Research  Inquiry  Design Experience  - Explainable AI
ECS,3292,047,,,,,,,,,,,,,,,,,,,Zejiang Wang,,,,,,zxw240006,zejiang wang,Research  Inquiry  Design Experience  - Quanser Av Student Competition
ECS,4392,007,,,,,,,,,,,,,,,,,,,Hongbing Lu,Dong Qian,,,,,hxl101000,hongbing lu,Research  Inquiry  Design Experience  - Smart Composite Manufacturing
ECS,4392,009,,,,,,,,,,,,,,,,,,,Yi Ding,,,,,,yxd230004,yi ding,Research  Inquiry  Design Experience  - Mobile Llm Development
ECS,4392,022,,,,,,,,,,,,,,,,,,,Giacomo Valerio Iungo,,,,,,ixg140830,giacomo iungo,Research  Inquiry  Design Experience  - Robot for Wind Tunnel Testing
ECS,4392,027,,,,,,,,,,,,,,,,,,,Jie Zhang,,,,,,jxz156730,jie zhang,Research  Inquiry  Design Experience  - Electric Vehicle Cybersecurity
ECS,4392,040,,,,,,,,,,,,,,,,,,,Beiyu Lin,,,,,,dal207602,,Research  Inquiry  Design Experience  - Explainable AI
ECS,4392,047,,,,,,,,,,,,,,,,,,,Zejiang Wang,,,,,,zxw240006,zejiang wang,Research  Inquiry  Design Experience  - Quanser Av Student Competition
EE,1202,001,,,,,,,,,,,,,,,,,,,Haifa Abulaiha,,,,,,dal859024,haifa abdulaiha,Introduction to Electrical and Computer Engineering II
EE,1202,002,,,,,,,,,,,,,,,,,,,Haifa Abulaiha,,,,,,dal859024,haifa abdulaiha,Introduction to Electrical and Computer Engineering II
EE,1202,003,,,,,,,,,,,,,,,,,,,Haifa Abulaiha,,,,,,dal859024,haifa abdulaiha,Introduction to Electrical and Computer Engineering II
EE,1202,004,,,,,,,,,,,,,,,,,,,Haifa Abulaiha,,,,,,dal859024,haifa abdulaiha,Introduction to Electrical and Computer Engineering II
EE,3201,001,,,,,,,,,,,,,,,,,,,Tooraj Nikoubin,,,,,,txn190011,tooraj nikoubin,Electrical and Computer Engineering Fundamentals-I Laboratory
EE,3201,002,,,,,,,,,,,,,,,,,,,Tooraj Nikoubin,,,,,,txn190011,tooraj nikoubin,Electrical and Computer Engineering Fundamentals-I Laboratory
EE,3202,001,,,,,,,,,,,,,,,,,,,Kamran Kiasaleh,,,,,,kamran,kamran kiasaleh,Electrical and Computer Engineering Fundamentals-II Laboratory
EE,3202,002,,,,,,,,,,,,,,,,,,,Shaheen Ahmed,,,,,,sxa176730,shaheen ahmed,Electrical and Computer Engineering Fundamentals-II Laboratory
EE,3202,003,,,,,,,,,,,,,,,,,,,Ricardo Saad,,,,,,rsaad,ricardo saad,Electrical and Computer Engineering Fundamentals-II Laboratory
EE,3202,307,,,,,,,,,,,,,,,,,,,Ricardo Saad,,,,,,rsaad,ricardo saad,Electrical and Computer Engineering Fundamentals-II Laboratory
EE,3202,308,,,,,,,,,,,,,,,,,,,Ricardo Saad,,,,,,rsaad,ricardo saad,Electrical and Computer Engineering Fundamentals-II Laboratory
EE,4204,001,,,,,,,,,,,,,,,,,,,Chadwin Young,,,,,,cdy120030,chadwin young,Electrical and Computer Engineering Laboratory in Devices
EE,4204,301,,,,,,,,,,,,,,,,,,,Chadwin Young,,,,,,cdy120030,chadwin young,Electrical and Computer Engineering Laboratory in Devices
EE,4204,302,,,,,,,,,,,,,,,,,,,Chadwin Young,,,,,,cdy120030,chadwin young,Electrical and Computer Engineering Laboratory in Devices
EE,4204,303,,,,,,,,,,,,,,,,,,,Chadwin Young,,,,,,cdy120030,chadwin young,Electrical and Computer Engineering Laboratory in Devices
EE,4205,001,,,,,,,,,,,,,,,,,,,Bilal Akin,,,,,,bxa123330,bilal akin,Electrical and Computer Engineering Laboratory in Power Electronics and Energy Systems
EE,4205,302,,,,,,,,,,,,,,,,,,,Bilal Akin,,,,,,bxa123330,bilal akin,Electrical and Computer Engineering Laboratory in Power Electronics and Energy Systems
EE,4388,201,,,,,,,,,,,,,,,,,,,Marco Tacca,Neal Skinner,,,,,mtacca,marco tacca,Senior Design Project I
EE,4389,201,,,,,,,,,,,,,,,,,,,Marco Tacca,Neal Skinner,,,,,mtacca,marco tacca,Senior Design Project II
EECS,6323,001,,,,,,,,,,,,,,,,,,,Armin Zare,,,,,,axz190009,armin zare,Robust Control Systems
EECS,7v90,001,,,,,,,,,,,,,,,,,,,James Yurkovich,,,,,,jxy112130,james yurkovich,Special Topics in Control Systems  - Data Science in Digital Health
EERF,6355,001,,,,,,,,,,,,,,,,,,,Ricardo Saad,,,,,,rsaad,ricardo saad,RF and Microwave Amplifier Design
EESC,6343,001,,,,,,,,,,,,,,,,,,,Naofal Al-Dhahir,,,,,,nxa028000,naofal al dhahir,Detection and Estimation Theory
ENGR,2300,010,,,,,,,,,,,,,,,,,,,Ricardo Saad,,,,,,rsaad,ricardo saad,Linear Algebra for Engineers
MECH,2120,103,,,,,,,,,,,,,,,,,,,Hongbing Lu,,,,,,hxl101000,hongbing lu,Mechanics of Materials Laboratory
MECH,2120,104,,,,,,,,,,,,,,,,,,,Hongbing Lu,,,,,,hxl101000,hongbing lu,Mechanics of Materials Laboratory
MECH,3115,101,,,,,,,,,,,,,,,,,,,Yaqing Jin,,,,,,yxj190011,yaqing jin,Fluid Mechanics Laboratory
MECH,3115,105,,,,,,,,,,,,,,,,,,,Yaqing Jin,,,,,,yxj190011,yaqing jin,Fluid Mechanics Laboratory
MECH,3120,103,,,,,,,,,,,,,,,,,,,Fatemeh Hassanipour,,,,,,fxh091000,fatemeh hassanipour,Heat Transfer Laboratory
MECH,3150,101,,,,,,,,,,,,,,,,,,,Wooram Park,,,,,,wxp103020,wooram park,Kinematics and Dynamics Laboratory
MECH,4365,001,,,,,,,,,,,,,,,,,,,Jie Zhang,,,,,,jxz156730,jie zhang,Energy Analytics
MECH,4381,001,,,,,,,,,,,,,,,,,,,Dani Fadda,,,,,,dzf091000,dani fadda,Senior Design Project I
MECH,4382,001,,,,,,,,,,,,,,,,,,,Robert Hart,,,,,,rxh124630,robert hart,Senior Design Project II
MECH,6323,001,,,,,,,,,,,,,,,,,,,Armin Zare,,,,,,axz190009,armin zare,Robust Control Systems
MSEN,6099,001,,,,,,,,,,,,,,,,,,,Chadwin Young,,,,,,cdy120030,chadwin young,Departmental Seminar
SE,4485,001,,,,,,,,,,,,,,,,,,,Weichen Wong,,,,,,wew021000,weichen wong,Software Engineering Project
SE,6367,001,,,,,,,,,,,,,,,,,,,Weichen Wong,,,,,,wew021000,weichen wong,Software Testing  Validation and Verification
SYSE,6323,001,,,,,,,,,,,,,,,,,,,Armin Zare,,,,,,axz190009,armin zare,Robust Control Systems
SYSE,6328,001,,,,,,,,,,,,,,,,,,,James Yurkovich,,,,,,jxy112130,james yurkovich,Data Science in Digital Health Systems  - Data Science in Digital Health
SYSM,6310,001,,,,,,,,,,,,,,,,,,,Weichen Wong,,,,,,wew021000,weichen wong,Software Testing  Validation and Verification
BMEN,1208,001,,,,,,,,,,,,,,,,,,,Kathleen McNeeley,,,,,,kxm156530,kathleen myers,Introduction to Bioengineering II
BMEN,1208,004,,,,,,,,,,,,,,,,,,,Bogdan Antohe,,,,,,dal183520,,Introduction to Bioengineering II
CE,2310,306,,,,,,,,,,,,,,,,,,,Amneh Akour,,,,,,dal339881,amneh akour,Introduction to Digital Systems
CE,4370,304,,,,,,,,,,,,,,,,,,,William Swartz,,,,,,wps100020,william swartz,Embedded Systems
CE,4370,305,,,,,,,,,,,,,,,,,,,William Swartz,,,,,,wps100020,william swartz,Embedded Systems
CE,4370,306,,,,,,,,,,,,,,,,,,,William Swartz,,,,,,wps100020,william swartz,Embedded Systems
CE,4370,307,,,,,,,,,,,,,,,,,,,Mohamed Ibrahim,,,,,,dal470308,,Embedded Systems
CE,4370,308,,,,,,,,,,,,,,,,,,,Mohamed Ibrahim,,,,,,dal470308,,Embedded Systems
CE,4370,309,,,,,,,,,,,,,,,,,,,Mohamed Ibrahim,,,,,,dal470308,,Embedded Systems
CE,6302,301,,,,,,,,,,,,,,,,,,,Tooraj Nikoubin,,,,,,txn190011,tooraj nikoubin,Embedded Systems
CS,4141,101,,,,,,,,,,,,,,,,,,,Eric Becker,,,,,,ewb160130,eric becker,Digital Systems Laboratory
CS,4141,106,,,,,,,,,,,,,,,,,,,Eric Becker,,,,,,ewb160130,eric becker,Digital Systems Laboratory
CS,4141,111,,,,,,,,,,,,,,,,,,,Eric Becker,,,,,,ewb160130,eric becker,Digital Systems Laboratory
CS,4141,601,,,,,,,,,,,,,,,,,,,Eric Becker,,,,,,ewb160130,eric becker,Digital Systems Laboratory
CS,4141,606,,,,,,,,,,,,,,,,,,,Eric Becker,,,,,,ewb160130,eric becker,Digital Systems Laboratory
CS,4141,hon,,,,,,,,,,,,,,,,,,,Eric Becker,,,,,,ewb160130,eric becker,Digital Systems Laboratory  - Honors
CS,6305,501,,,,,,,,,,,,,,,,,,,Ebru Cankaya,,,,,,exc067000,ebru cankaya,Data Security and Privacy for Practitioners
CS,7301,001,,,,,,,,,,,,,,,,,,,Shiyi Wei,,,,,,sxw174630,shiyi wei,Recent Advances in Computing  - Applic'ns of S/w Anlys & Tstng
CS,7301,002,,,,,,,,,,,,,,,,,,,Bingzhe Li,,,,,,bxl230006,bingzhe li,Recent Advances in Computing  - Cptr Systm for Big Data Applns
ECS,1192,016,,,,,,,,,,,,,,,,,,,Shiyi Wei,,,,,,sxw174630,shiyi wei,Research  Inquiry  Design Experience  - Quality Assurance for Vr
ECS,1192,032,,,,,,,,,,,,,,,,,,,Golden Kumar,,,,,,gxk180010,golden kumar,Research  Inquiry  Design Experience  - Multi-metal 3d Printing
ECS,1192,035,,,,,,,,,,,,,,,,,,,Xinfang Jin,,,,,,dal356464,,Research  Inquiry  Design Experience  - Clean Energy Exhibit
ECS,2192,016,,,,,,,,,,,,,,,,,,,Shiyi Wei,,,,,,sxw174630,shiyi wei,Research  Inquiry  Design Experience  - Quality Assurance for Vr
ECS,2192,032,,,,,,,,,,,,,,,,,,,Golden Kumar,,,,,,gxk180010,golden kumar,Research  Inquiry  Design Experience  - Multi-metal 3d Printing
ECS,2192,035,,,,,,,,,,,,,,,,,,,Xinfang Jin,,,,,,dal356464,,Research  Inquiry  Design Experience  - Clean Energy Exhibit
ECS,2390,010,,,,,,,,,,,,,,,,,,,Candie Mckee-Williams,,,,,,cdm230002,candie mckee williams,Professional and Technical Communication
ECS,2390,011,,,,,,,,,,,,,,,,,,,Candie Mckee-Williams,,,,,,cdm230002,candie mckee williams,Professional and Technical Communication
ECS,2390,0h8,,,,,,,,,,,,,,,,,,,Shivika Mathur,,,,,,sxm170012,shivika mathur,Professional and Technical Communication
ECS,3292,016,,,,,,,,,,,,,,,,,,,Shiyi Wei,,,,,,sxw174630,shiyi wei,Research  Inquiry  Design Experience  - Quality Assurance for Vr
ECS,3292,032,,,,,,,,,,,,,,,,,,,Golden Kumar,,,,,,gxk180010,golden kumar,Research  Inquiry  Design Experience  - Multi-metal 3d Printing
ECS,3292,035,,,,,,,,,,,,,,,,,,,Xinfang Jin,,,,,,dal356464,,Research  Inquiry  Design Experience  - Clean Energy Exhibit
ECS,4392,016,,,,,,,,,,,,,,,,,,,Shiyi Wei,,,,,,sxw174630,shiyi wei,Research  Inquiry  Design Experience  - Quality Assurance for Vr
ECS,4392,032,,,,,,,,,,,,,,,,,,,Golden Kumar,,,,,,gxk180010,golden kumar,Research  Inquiry  Design Experience  - Multi-metal 3d Printing
ECS,4392,035,,,,,,,,,,,,,,,,,,,Xinfang Jin,,,,,,dal356464,,Research  Inquiry  Design Experience  - Clean Energy Exhibit
EE,2310,306,,,,,,,,,,,,,,,,,,,Amneh Akour,,,,,,dal339881,amneh akour,Introduction to Digital Systems
EE,4370,304,,,,,,,,,,,,,,,,,,,William Swartz,,,,,,wps100020,william swartz,Embedded Systems
EE,4370,305,,,,,,,,,,,,,,,,,,,William Swartz,,,,,,wps100020,william swartz,Embedded Systems
EE,4370,306,,,,,,,,,,,,,,,,,,,William Swartz,,,,,,wps100020,william swartz,Embedded Systems
EE,4370,307,,,,,,,,,,,,,,,,,,,Mohamed Ibrahim,,,,,,dal470308,,Embedded Systems
EE,4370,308,,,,,,,,,,,,,,,,,,,Mohamed Ibrahim,,,,,,dal470308,,Embedded Systems
EE,4370,309,,,,,,,,,,,,,,,,,,,Mohamed Ibrahim,,,,,,dal470308,,Embedded Systems
EEDG,6302,301,,,,,,,,,,,,,,,,,,,Tooraj Nikoubin,,,,,,txn190011,tooraj nikoubin,Embedded Systems
MECH,1208,301,,,,,,,,,,,,,,,,,,,Layla Nour Izadi,,,,,,fxi220009,layla nour izadi,Introduction to Mechanical Engineering II
MECH,1208,305,,,,,,,,,,,,,,,,,,,Layla Nour Izadi,,,,,,fxi220009,layla nour izadi,Introduction to Mechanical Engineering II
MECH,3105,101,,,,,,,,,,,,,,,,,,,Oziel Rios,,,,,,oxr106020,oziel rios,Computer Aided Design Laboratory
MECH,3105,102,,,,,,,,,,,,,,,,,,,Oziel Rios,,,,,,oxr106020,oziel rios,Computer Aided Design Laboratory
MECH,3115,106,,,,,,,,,,,,,,,,,,,Yaqing Jin,,,,,,yxj190011,yaqing jin,Fluid Mechanics Laboratory
MECH,3300,003,,,,,,,,,,,,,,,,,,,Xinfang Jin,,,,,,dal356464,,Applied Engineering Mathematics
MECH,4110,201,,,,,,,,,,,,,,,,,,,Justin Koeln,,,,,,jpk170130,,Systems and Controls Laboratory
MECH,6v69,001,,,,,,,,,,,,,,,,,,,Moon Kim,,,,,,mjk034000,,Special Topics in Mechanics and Materials  - Advanced Electron Microscopy
MSEN,6341,001,,,,,,,,,,,,,,,,,,,Moon Kim,,,,,,mjk034000,,Advanced Electron Microscopy  - Advanced Electron Microscopy
SE,7301,001,,,,,,,,,,,,,,,,,,,Shiyi Wei,,,,,,sxw174630,shiyi wei,Recent Advances in Computing  - Applic'ns of S/w Anlys & Tstng
SE,7301,002,,,,,,,,,,,,,,,,,,,Bingzhe Li,,,,,,bxl230006,bingzhe li,Recent Advances in Computing  - Cptr Systm for Big Data Applns
BMEN,2320,001,,,,,,,,,,,,,,,,,,,Christian Rivera,,,,,,cxr210008,christian rivera,Statics
BMEN,3315,001,,,,,,,,,,,,,,,,,,,Yongsheng Gao,,,,,,yxg230018,,Thermodynamics and Physical Chemistry in Biomedical Engineering
BMEN,3331,001,,,,,,,,,,,,,,,,,,,Chen Cao,,,,,,cxc230073,chen cao,Cell and Molecular Engineering
BMEN,3331,002,,,,,,,,,,,,,,,,,,,Yi Li,,,,,,yxl121030,yi li,Cell and Molecular Engineering
BMEN,3332,001,,,,,,,,,,,,,,,,,,,Seth Hays,,,,,,sxh129730,seth hays,Quantitative Physiology for Engineers
BMEN,3341,001,,,,,,,,,,,,,,,,,,,Kathleen McNeeley,,,,,,kxm156530,kathleen myers,Probability Theory and Statistics for Biomedical Engineers
BMEN,3341,002,,,,,,,,,,,,,,,,,,,Kathleen McNeeley,,,,,,kxm156530,kathleen myers,Probability Theory and Statistics for Biomedical Engineers
BMEN,3380,001,,,,,,,,,,,,,,,,,,,Levi Good,,,,,,lbg170030,levi good,Medical Imaging Systems and Methods
BMEN,3399,002,,,,,,,,,,,,,,,,,,,Gu Eon Kang,,,,,,gxk210018,,Introductory Biomechanics
BMEN,4310,001,,,,,,,,,,,,,,,,,,,You Li,,,,,,yxl230040,you li,Feedback Systems in Biomedical Engineering
BMEN,4360,001,,,,,,,,,,,,,,,,,,,Danieli Rodrigues,,,,,,dxb127430,danieli b c rodrigues,Biomaterials and Medical Devices
BMEN,6342,001,,,,,,,,,,,,,,,,,,,Danieli Rodrigues,,,,,,dxb127430,danieli b c rodrigues,Biomaterials and Medical Devices
BMEN,6345,001,,,,,,,,,,,,,,,,,,,Girgis Obaid,,,,,,gxo190002,girgis obaid,Self-Assembly of Biomaterials
BMEN,6368,001,,,,,,,,,,,,,,,,,,,Girgis Obaid,,,,,,gxo190002,girgis obaid,Cancer Therapy  Design  Development and Imaging
BMEN,6372,001,,,,,,,,,,,,,,,,,,,Waseem Abbas,,,,,,wxa210006,waseem abbas,Engineering Systems  Modeling and Simulation
CE,1337,002,,,,,,,,,,,,,,,,,,,Srimathi Srinivasan,,,,,,sxs180206,srimathi srinivasan,Computer Science I
CE,1337,003,,,,,,,,,,,,,,,,,,,Jason Smith,,,,,,jws130830,jason smith,Computer Science I
CE,1337,005,,,,,,,,,,,,,,,,,,,Srimathi Srinivasan,,,,,,sxs180206,srimathi srinivasan,Computer Science I
CE,1337,006,,,,,,,,,,,,,,,,,,,Gordon Arnold,,,,,,gxa120930,gordon arnold,Computer Science I
CE,1337,011,,,,,,,,,,,,,,,,,,,Gordon Arnold,,,,,,gxa120930,gordon arnold,Computer Science I
CE,2305,003,,,,,,,,,,,,,,,,,,,Benjamin Raichel,,,,,,bar150630,benjamin raichel,Discrete Mathematics for Computing I
CE,2305,004,,,,,,,,,,,,,,,,,,,Sergey Bereg,,,,,,sxb027100,sergey bereg,Discrete Mathematics for Computing I
CE,2310,002,,,,,,,,,,,,,,,,,,,Amneh Akour,,,,,,dal339881,amneh akour,Introduction to Digital Systems
CE,2336,001,,,,,,,,,,,,,,,,,,,Brian Ricks,,,,,,bwr031000,brian ricks,Computer Science II
CE,2336,003,,,,,,,,,,,,,,,,,,,Brian Ricks,,,,,,bwr031000,brian ricks,Computer Science II
CE,3161,051,,,,,,,,,,,,,,,,,,,Rabah Mezenner,,,,,,rxm129730,rabah mezenner,Social Issues and Ethics in Engineering
CE,3161,091,,,,,,,,,,,,,,,,,,,Rabah Mezenner,,,,,,rxm129730,rabah mezenner,Social Issues and Ethics in Engineering
CE,3303,001,,,,,,,,,,,,,,,,,,,Nasser Kehtarnavaz,,,,,,nxk019000,nasser kehtarnavaz,Discrete-Time Signals and Systems
CE,3310,002,,,,,,,,,,,,,,,,,,,Lawrence Overzet,,,,,,overzet,lawrence overzet,Electronic Devices
CE,3310,501,,,,,,,,,,,,,,,,,,,Lawrence Overzet,,,,,,overzet,lawrence overzet,Electronic Devices
CE,3311,002,,,,,,,,,,,,,,,,,,,Hoi Lee,,,,,,hxl054000,hoi lee,Electronic Circuits
CE,3311,003,,,,,,,,,,,,,,,,,,,Hoi Lee,,,,,,hxl054000,hoi lee,Electronic Circuits
CE,3320,001,,,,,,,,,,,,,,,,,,,Amir Khoobroo,,,,,,axk144831,amir khoobroo,Digital Circuits
CE,3345,001,,,,,,,,,,,,,,,,,,,Yvo Desmedt,,,,,,ygd120030,yvo desmedt,Data Structures and Foundations of Algorithmic Analysis
CE,3345,003,,,,,,,,,,,,,,,,,,,Sridhar Alagar,,,,,,sxa173731,sridhar alagar,Data Structures and Foundations of Algorithmic Analysis
CE,3345,005,,,,,,,,,,,,,,,,,,,Omar Hamdy,,,,,,oxh210004,omar hamdy,Data Structures and Foundations of Algorithmic Analysis
CE,3345,007,,,,,,,,,,,,,,,,,,,Meghana Satpute,,,,,,mns086000,meghana satpute,Data Structures and Foundations of Algorithmic Analysis
CE,3345,008,,,,,,,,,,,,,,,,,,,Sridhar Alagar,,,,,,sxa173731,sridhar alagar,Data Structures and Foundations of Algorithmic Analysis
CE,3345,503,,,,,,,,,,,,,,,,,,,Parisa Darbari,,,,,,dal776869,parisa darbari,Data Structures and Foundations of Algorithmic Analysis
CE,3345,504,,,,,,,,,,,,,,,,,,,Ziaullah Khan,,,,,,kkhan,ziaullah khan,Data Structures and Foundations of Algorithmic Analysis
CE,3354,001,,,,,,,,,,,,,,,,,,,Mehra Nouroz Borazjany,,,,,,mxn143230,mehra borazjany,Software Engineering
CE,3354,002,,,,,,,,,,,,,,,,,,,Srimathi Srinivasan,,,,,,sxs180206,srimathi srinivasan,Software Engineering
CE,3354,003,,,,,,,,,,,,,,,,,,,Ranran Feng,,,,,,rxf090020,ranran feng,Software Engineering
CE,3354,004,,,,,,,,,,,,,,,,,,,Ranran Feng,,,,,,rxf090020,ranran feng,Software Engineering
CE,3354,006,,,,,,,,,,,,,,,,,,,Mehra Nouroz Borazjany,,,,,,mxn143230,mehra borazjany,Software Engineering
CE,3354,010,,,,,,,,,,,,,,,,,,,Klyne Smith,,,,,,kxs180052,klyne smith,Software Engineering
CE,3354,011,,,,,,,,,,,,,,,,,,,Barbara Maweu,,,,,,bmk101020,barbara maweu,Software Engineering
CE,3354,012,,,,,,,,,,,,,,,,,,,Klyne Smith,,,,,,kxs180052,klyne smith,Software Engineering
CE,4304,001,,,,,,,,,,,,,,,,,,,William Swartz,,,,,,wps100020,william swartz,Computer Architecture
CE,4337,001,,,,,,,,,,,,,,,,,,,Yi Zhao,,,,,,zhao,yi zhao,Programming Language Paradigms
CE,4337,002,,,,,,,,,,,,,,,,,,,Yi Zhao,,,,,,zhao,yi zhao,Programming Language Paradigms
CE,4337,003,,,,,,,,,,,,,,,,,,,Elmer Salazar,,,,,,ees101020,elmer salazar,Programming Language Paradigms
CE,4337,005,,,,,,,,,,,,,,,,,,,Chris Davis,,,,,,cid021000,chris davis,Programming Language Paradigms
CE,4337,501,,,,,,,,,,,,,,,,,,,Elmer Salazar,,,,,,ees101020,elmer salazar,Programming Language Paradigms
CE,4348,001,,,,,,,,,,,,,,,,,,,Hossein Pedram,,,,,,hxp220048,hossein pedram,Operating Systems Concepts
CE,4370,002,,,,,,,,,,,,,,,,,,,William Swartz,,,,,,wps100020,william swartz,Embedded Systems
CE,4370,003,,,,,,,,,,,,,,,,,,,Mohamed Ibrahim,,,,,,dal470308,,Embedded Systems
CE,4390,002,,,,,,,,,,,,,,,,,,,Abusayeed Saifullah,,,,,,dal012580,,Computer Networks
CE,4390,0w1,,,,,,,,,,,,,,,,,,,Kamil Sarac,,,,,,kxs028100,kamil sarac,Computer Networks
CE,6302,001,,,,,,,,,,,,,,,,,,,Tooraj Nikoubin,,,,,,txn190011,tooraj nikoubin,Embedded Systems
CE,6304,001,,,,,,,,,,,,,,,,,,,Hossein Pedram,,,,,,hxp220048,hossein pedram,Computer Architecture
CE,6306,001,,,,,,,,,,,,,,,,,,,Alice Wang,,,,,,axw230018,alice wang,Application Specific Integrated Circuits Design
CE,6325,001,,,,,,,,,,,,,,,,,,,Minah Lee,,,,,,dal490143,minah lee,VLSI Design
CS,1325,001,,,,,,,,,,,,,,,,,,,Zihe Song,,,,,,zxs180005,,Introduction to Programming
CS,1337,002,,,,,,,,,,,,,,,,,,,Srimathi Srinivasan,,,,,,sxs180206,srimathi srinivasan,Computer Science I
CS,1337,003,,,,,,,,,,,,,,,,,,,Jason Smith,,,,,,jws130830,jason smith,Computer Science I
CS,1337,005,,,,,,,,,,,,,,,,,,,Srimathi Srinivasan,,,,,,sxs180206,srimathi srinivasan,Computer Science I
CS,1337,006,,,,,,,,,,,,,,,,,,,Gordon Arnold,,,,,,gxa120930,gordon arnold,Computer Science I
CS,1337,011,,,,,,,,,,,,,,,,,,,Gordon Arnold,,,,,,gxa120930,gordon arnold,Computer Science I
CS,1436,001,,,,,,,,,,,,,,,,,,,Laurie Thompson,,,,,,lthomp,laurie thompson,Programming Fundamentals
CS,1436,002,,,,,,,,,,,,,,,,,,,Laurie Thompson,,,,,,lthomp,laurie thompson,Programming Fundamentals
CS,2305,003,,,,,,,,,,,,,,,,,,,Benjamin Raichel,,,,,,bar150630,benjamin raichel,Discrete Mathematics for Computing I
CS,2305,004,,,,,,,,,,,,,,,,,,,Sergey Bereg,,,,,,sxb027100,sergey bereg,Discrete Mathematics for Computing I
CS,2336,001,,,,,,,,,,,,,,,,,,,Brian Ricks,,,,,,bwr031000,brian ricks,Computer Science II
CS,2336,003,,,,,,,,,,,,,,,,,,,Brian Ricks,,,,,,bwr031000,brian ricks,Computer Science II
CS,2337,001,,,,,,,,,,,,,,,,,,,Jason Smith,,,,,,jws130830,jason smith,Computer Science II
CS,2340,003,,,,,,,,,,,,,,,,,,,Alice Wang,,,,,,axw230018,alice wang,Computer Architecture
CS,2340,004,,,,,,,,,,,,,,,,,,,Yvo Desmedt,,,,,,ygd120030,yvo desmedt,Computer Architecture
CS,2340,007,,,,,,,,,,,,,,,,,,,Alice Wang,,,,,,axw230018,alice wang,Computer Architecture
CS,3341,001,,,,,,,,,,,,,,,,,,,Huizhen Guo,,,,,,hxg190020,huizhen guo,Probability and Statistics in Computer Science and Software Engineering
CS,3341,004,,,,,,,,,,,,,,,,,,,Octavious Smiley,,,,,,oxs230011,octavious smiley,Probability and Statistics in Computer Science and Software Engineering
CS,3341,005,,,,,,,,,,,,,,,,,,,Shengjie Jiang,,,,,,sxj220069,shengjie jiang,Probability and Statistics in Computer Science and Software Engineering
CS,3341,0w1,,,,,,,,,,,,,,,,,,,Jason Smith,,,,,,jws130830,jason smith,Probability and Statistics in Computer Science and Software Engineering
CS,3341,501,,,,,,,,,,,,,,,,,,,Octavious Smiley,,,,,,oxs230011,octavious smiley,Probability and Statistics in Computer Science and Software Engineering
CS,3345,001,,,,,,,,,,,,,,,,,,,Yvo Desmedt,,,,,,ygd120030,yvo desmedt,Data Structures and Foundations of Algorithmic Analysis
CS,3345,003,,,,,,,,,,,,,,,,,,,Sridhar Alagar,,,,,,sxa173731,sridhar alagar,Data Structures and Foundations of Algorithmic Analysis
CS,3345,005,,,,,,,,,,,,,,,,,,,Omar Hamdy,,,,,,oxh210004,omar hamdy,Data Structures and Foundations of Algorithmic Analysis
CS,3345,007,,,,,,,,,,,,,,,,,,,Meghana Satpute,,,,,,mns086000,meghana satpute,Data Structures and Foundations of Algorithmic Analysis
CS,3345,008,,,,,,,,,,,,,,,,,,,Sridhar Alagar,,,,,,sxa173731,sridhar alagar,Data Structures and Foundations of Algorithmic Analysis
CS,3345,503,,,,,,,,,,,,,,,,,,,Parisa Darbari,,,,,,dal776869,parisa darbari,Data Structures and Foundations of Algorithmic Analysis
CS,3345,504,,,,,,,,,,,,,,,,,,,Ziaullah Khan,,,,,,kkhan,ziaullah khan,Data Structures and Foundations of Algorithmic Analysis
CS,3354,001,,,,,,,,,,,,,,,,,,,Mehra Nouroz Borazjany,,,,,,mxn143230,mehra borazjany,Software Engineering
CS,3354,002,,,,,,,,,,,,,,,,,,,Srimathi Srinivasan,,,,,,sxs180206,srimathi srinivasan,Software Engineering
CS,3354,003,,,,,,,,,,,,,,,,,,,Ranran Feng,,,,,,rxf090020,ranran feng,Software Engineering
CS,3354,004,,,,,,,,,,,,,,,,,,,Ranran Feng,,,,,,rxf090020,ranran feng,Software Engineering
CS,3354,006,,,,,,,,,,,,,,,,,,,Mehra Nouroz Borazjany,,,,,,mxn143230,mehra borazjany,Software Engineering
CS,3354,010,,,,,,,,,,,,,,,,,,,Klyne Smith,,,,,,kxs180052,klyne smith,Software Engineering
CS,3354,011,,,,,,,,,,,,,,,,,,,Barbara Maweu,,,,,,bmk101020,barbara maweu,Software Engineering
CS,3354,012,,,,,,,,,,,,,,,,,,,Klyne Smith,,,,,,kxs180052,klyne smith,Software Engineering
CS,3377,0w1,,,,,,,,,,,,,,,,,,,Scott Dollinger,Jeyakesavan Veerasamy,,,,,smd013000,scott dollinger,Systems Programming in UNIX and Other Environments
CS,3377,0w2,,,,,,,,,,,,,,,,,,,Scott Dollinger,Jeyakesavan Veerasamy,,,,,smd013000,scott dollinger,Systems Programming in UNIX and Other Environments
CS,3377,0w3,,,,,,,,,,,,,,,,,,,Scott Dollinger,Jeyakesavan Veerasamy,,,,,smd013000,scott dollinger,Systems Programming in UNIX and Other Environments
CS,3377,0w4,,,,,,,,,,,,,,,,,,,Scott Dollinger,Jeyakesavan Veerasamy,,,,,smd013000,scott dollinger,Systems Programming in UNIX and Other Environments
CS,4301,002,,,,,,,,,,,,,,,,,,,Bhavani Thuraisingham,,,,,,bxt043000,bhavani thuraisingham,Special Topics in Computer Science  - Blockchain Technologies
CS,4332,001,,,,,,,,,,,,,,,,,,,Rawan Alghofaili,,,,,,rxa230065,rawan alghofaili,Introduction to Programming Video Games
CS,4334,002,,,,,,,,,,,,,,,,,,,Bentley Garrett,,,,,,btg032000,bentley garrett,Numerical Analysis
CS,4337,001,,,,,,,,,,,,,,,,,,,Yi Zhao,,,,,,zhao,yi zhao,Programming Language Paradigms
CS,4337,002,,,,,,,,,,,,,,,,,,,Yi Zhao,,,,,,zhao,yi zhao,Programming Language Paradigms
CS,4337,003,,,,,,,,,,,,,,,,,,,Elmer Salazar,,,,,,ees101020,elmer salazar,Programming Language Paradigms
CS,4337,005,,,,,,,,,,,,,,,,,,,Chris Davis,,,,,,cid021000,chris davis,Programming Language Paradigms
CS,4337,501,,,,,,,,,,,,,,,,,,,Elmer Salazar,,,,,,ees101020,elmer salazar,Programming Language Paradigms
CS,4337,hon,,,,,,,,,,,,,,,,,,,Chris Davis,,,,,,cid021000,chris davis,Programming Language Paradigms  - Honors
CS,4339,001,,,,,,,,,,,,,,,,,,,Sridhar Alagar,,,,,,sxa173731,sridhar alagar,Web Programming Languages
CS,4341,003,,,,,,,,,,,,,,,,,,,Omar Hamdy,,,,,,oxh210004,omar hamdy,Digital Logic and Computer Design
CS,4341,005,,,,,,,,,,,,,,,,,,,Ebru Cankaya,,,,,,exc067000,ebru cankaya,Digital Logic and Computer Design
CS,4341,006,,,,,,,,,,,,,,,,,,,Eric Becker,,,,,,ewb160130,eric becker,Digital Logic and Computer Design
CS,4341,007,,,,,,,,,,,,,,,,,,,Eric Becker,,,,,,ewb160130,eric becker,Digital Logic and Computer Design
CS,4341,hon,,,,,,,,,,,,,,,,,,,Ebru Cankaya,,,,,,exc067000,ebru cankaya,Digital Logic and Computer Design  - Honors
CS,4347,001,,,,,,,,,,,,,,,,,,,Jalal Omer,,,,,,jso016000,jalal omer,Database Systems
CS,4347,002,,,,,,,,,,,,,,,,,,,Wei Wu,,,,,,wxw020100,weili wu,Database Systems
CS,4347,004,,,,,,,,,,,,,,,,,,,Pushpa Kumar,,,,,,pkumar,pushpa kumar,Database Systems
CS,4347,006,,,,,,,,,,,,,,,,,,,Pushpa Kumar,,,,,,pkumar,pushpa kumar,Database Systems
CS,4348,004,,,,,,,,,,,,,,,,,,,Neeraj Mittal,,,,,,nxm020100,neeraj mittal,Operating Systems Concepts
CS,4348,503,,,,,,,,,,,,,,,,,,,Cody Hatfield,,,,,,cxh124730,,Operating Systems Concepts
CS,4349,001,,,,,,,,,,,,,,,,,,,Parisa Darbari,,,,,,dal776869,parisa darbari,Advanced Algorithm Design and Analysis
CS,4349,002,,,,,,,,,,,,,,,,,,,James Willson,,,,,,jkw053000,james willson,Advanced Algorithm Design and Analysis
CS,4349,003,,,,,,,,,,,,,,,,,,,Parisa Darbari,,,,,,dal776869,parisa darbari,Advanced Algorithm Design and Analysis
CS,4361,001,,,,,,,,,,,,,,,,,,,Xiaohu Guo,,,,,,xxg061000,xiaohu guo,Computer Graphics
CS,4365,001,,,,,,,,,,,,,,,,,,,Yu Chung Ng,,,,,,ycn041000,vincent ng,Artificial Intelligence
CS,4365,hon,,,,,,,,,,,,,,,,,,,Yu Chung Ng,,,,,,ycn041000,vincent ng,Artificial Intelligence  - Honors
CS,4375,001,,,,,,,,,,,,,,,,,,,Xinya Du,,,,,,xxd220001,xinya du,Introduction to Machine Learning
CS,4375,002,,,,,,,,,,,,,,,,,,,Feng Chen,,,,,,fxc190007,feng chen,Introduction to Machine Learning
CS,4375,006,,,,,,,,,,,,,,,,,,,Tahrima Rahman,,,,,,txr110830,tahrima rahman,Introduction to Machine Learning
CS,4384,002,,,,,,,,,,,,,,,,,,,Simeon Ntafos,,,,,,ntafos,simeon ntafos,Automata Theory
CS,4384,003,,,,,,,,,,,,,,,,,,,Serdar Erbatur,,,,,,sxe190003,serdar erbatur,Automata Theory
CS,4384,004,,,,,,,,,,,,,,,,,,,Serdar Erbatur,,,,,,sxe190003,serdar erbatur,Automata Theory
CS,4384,501,,,,,,,,,,,,,,,,,,,Simeon Ntafos,,,,,,ntafos,simeon ntafos,Automata Theory
CS,4390,002,,,,,,,,,,,,,,,,,,,Abusayeed Saifullah,,,,,,dal012580,,Computer Networks
CS,4390,0w1,,,,,,,,,,,,,,,,,,,Kamil Sarac,,,,,,kxs028100,kamil sarac,Computer Networks
CS,4391,002,,,,,,,,,,,,,,,,,,,Ranran Feng,,,,,,rxf090020,ranran feng,Introduction to Computer Vision
CS,4395,002,,,,,,,,,,,,,,,,,,,Sanda Harabagiu,,,,,,sanda,sanda harabagiu,Human Language Technologies
CS,4398,001,,,,,,,,,,,,,,,,,,,Neeraj Gupta,,,,,,nkg140130,neeraj gupta,Digital Forensics
CS,5349,003,,,,,,,,,,,,,,,,,,,Serdar Erbatur,,,,,,sxe190003,serdar erbatur,Automata Theory
CS,6301,002,,,,,,,,,,,,,,,,,,,Bhavani Thuraisingham,,,,,,bxt043000,bhavani thuraisingham,"Special Topics in Computer Science  - Dev&sec the Cloud, Edge & Iot"
CS,6301,003,,,,,,,,,,,,,,,,,,,Andrew Nemec,,,,,,dal957114,andrew nemec,Special Topics in Computer Science  - Quantum Computing
CS,6304,001,,,,,,,,,,,,,,,,,,,Hossein Pedram,,,,,,hxp220048,hossein pedram,Computer Architecture
CS,6307,001,,,,,,,,,,,,,,,,,,,Latifur Khan,,,,,,lkhan,latifur khan,Introduction to Big Data Management and Analytics for non CS-Majors
CS,6308,501,,,,,,,,,,,,,,,,,,,Brian Ricks,,,,,,bwr031000,brian ricks,Cyber Physical Systems and Critical Infrastructure Security for Practitioners
CS,6319,001,,,,,,,,,,,,,,,,,,,Benjamin Raichel,,,,,,bar150630,benjamin raichel,Computational Geometry
CS,6320,001,,,,,,,,,,,,,,,,,,,Jessica Ouyang,,,,,,jjo190001,jessica ouyang,Natural Language Processing
CS,6320,002,,,,,,,,,,,,,,,,,,,Zhiyu Chen,,,,,,zxc230011,zhiyu chen,Natural Language Processing
CS,6322,001,,,,,,,,,,,,,,,,,,,Sanda Harabagiu,,,,,,sanda,sanda harabagiu,Information Retrieval
CS,6324,001,,,,,,,,,,,,,,,,,,,Chung Hwan Kim,,,,,,cxk200010,,Information Security
CS,6326,001,,,,,,,,,,,,,,,,,,,Liang He,,,,,,dal104085,,Human Computer Interactions
CS,6334,001,,,,,,,,,,,,,,,,,,,Jin Ryong Kim,,,,,,jrk200002,jin ryong kim,Virtual Reality
CS,6348,001,,,,,,,,,,,,,,,,,,,Jinwen Wang,,,,,,dal544587,,Data and Applications Security
CS,6350,001,,,,,,,,,,,,,,,,,,,Anurag Nagar,,,,,,axn112530,anurag nagar,Big Data Management and Analytics
CS,6353,001,,,,,,,,,,,,,,,,,,,Shiyi Wei,,,,,,sxw174630,shiyi wei,Compiler Construction
CS,6356,001,,,,,,,,,,,,,,,,,,,Soneya Binta Hossain,,,,,,dal124668,,Software Maintenance  Evolution  and Re-Engineering
CS,6360,001,,,,,,,,,,,,,,,,,,,Jalal Omer,,,,,,jso016000,jalal omer,Database Design
CS,6361,001,,,,,,,,,,,,,,,,,,,Lawrence Chung,,,,,,chung,lawrence chung,Advanced Requirements Engineering
CS,6366,001,,,,,,,,,,,,,,,,,,,Congyi Zhang,,,,,,dal863969,,Computer Graphics
ECS,2390,0w3,,,,,,,,,,,,,,,,,,,Candie Mckee-Williams,,,,,,cdm230002,candie mckee williams,Professional and Technical Communication
ECS,3310,001,,,,,,,,,,,,,,,,,,,Julia Hsu,,,,,,jxh101000,julia hsu,Introduction to Materials Science
EE,2310,002,,,,,,,,,,,,,,,,,,,Amneh Akour,,,,,,dal339881,amneh akour,Introduction to Digital Systems
EE,3161,051,,,,,,,,,,,,,,,,,,,Rabah Mezenner,,,,,,rxm129730,rabah mezenner,Social Issues and Ethics in Engineering
EE,3161,091,,,,,,,,,,,,,,,,,,,Rabah Mezenner,,,,,,rxm129730,rabah mezenner,Social Issues and Ethics in Engineering
EE,3310,002,,,,,,,,,,,,,,,,,,,Lawrence Overzet,,,,,,overzet,lawrence overzet,Electronic Devices
EE,3310,501,,,,,,,,,,,,,,,,,,,Lawrence Overzet,,,,,,overzet,lawrence overzet,Electronic Devices
EE,3311,002,,,,,,,,,,,,,,,,,,,Hoi Lee,,,,,,hxl054000,hoi lee,Electronic Circuits
EE,3311,003,,,,,,,,,,,,,,,,,,,Hoi Lee,,,,,,hxl054000,hoi lee,Electronic Circuits
EE,3320,001,,,,,,,,,,,,,,,,,,,Amir Khoobroo,,,,,,axk144831,amir khoobroo,Digital Circuits
EE,4301,001,,,,,,,,,,,,,,,,,,,Matthew Heins,,,,,,msh130130,matthew heins,Electromagnetic Engineering I
EE,4304,001,,,,,,,,,,,,,,,,,,,William Swartz,,,,,,wps100020,william swartz,Computer Architecture
EE,4325,001,,,,,,,,,,,,,,,,,,,Carl Sechen,,,,,,cms057000,carl sechen,Introduction to VLSI Design
EE,4340,001,,,,,,,,,,,,,,,,,,,Jin Liu,,,,,,jinliu,jin liu,Analog Integrated Circuit Analysis and Design
EE,4342,001,,,,,,,,,,,,,,,,,,,Wooram Park,,,,,,wxp103020,wooram park,Introduction to Robotics
EE,4367,001,,,,,,,,,,,,,,,,,,,Andrea Fumagalli,,,,,,andreaf,andrea fumagalli,Telecommunication Networks
EE,4370,002,,,,,,,,,,,,,,,,,,,William Swartz,,,,,,wps100020,william swartz,Embedded Systems
EE,4370,003,,,,,,,,,,,,,,,,,,,Mohamed Ibrahim,,,,,,dal470308,,Embedded Systems
EECT,6325,001,,,,,,,,,,,,,,,,,,,Minah Lee,,,,,,dal490143,minah lee,VLSI Design
EECT,6326,001,,,,,,,,,,,,,,,,,,,Jin Liu,,,,,,jinliu,jin liu,Analog Integrated Circuit Design
EEDG,6302,001,,,,,,,,,,,,,,,,,,,Tooraj Nikoubin,,,,,,txn190011,tooraj nikoubin,Embedded Systems
EEDG,6304,001,,,,,,,,,,,,,,,,,,,Hossein Pedram,,,,,,hxp220048,hossein pedram,Computer Architecture
EEDG,6306,001,,,,,,,,,,,,,,,,,,,Alice Wang,,,,,,axw230018,alice wang,Application Specific Integrated Circuits Design
EEMF,6321,001,,,,,,,,,,,,,,,,,,,Sourav Dutta,,,,,,sxd230095,,Active Semiconductor Devices
EEMF,6327,001,,,,,,,,,,,,,,,,,,,Chadwin Young,,,,,,cdy120030,chadwin young,Semiconductor Device Characterization
EEPE,6398,001,,,,,,,,,,,,,,,,,,,Matthew Gardner,,,,,,mcg200004,matthew gardner,General Theory of Electric Machines
EERF,6393,001,,,,,,,,,,,,,,,,,,,Matthew Heins,,,,,,msh130130,matthew heins,Microwave Power Amplifiers
EERF,6395,001,,,,,,,,,,,,,,,,,,,Randall Lehmann,,,,,,rel041000,randall lehmann,RF and Microwave Systems Engineering
EESC,6352,001,,,,,,,,,,,,,,,,,,,Hlaing Minn,,,,,,hxm025000,hlaing minn,Digital Communication Systems
EESC,6367,0h1,,,,,,,,,,,,,,,,,,,Nasser Kehtarnavaz,,,,,,nxk019000,nasser kehtarnavaz,Applied Digital Signal Processing
ENGR,2300,002,,,,,,,,,,,,,,,,,,,David Gostin,,,,,,dsg102020,david gostin,Linear Algebra for Engineers
ENGR,2300,005,,,,,,,,,,,,,,,,,,,Mohammed Ali,,,,,,mohammed,ali mohammed,Linear Algebra for Engineers
ENGR,2300,006,,,,,,,,,,,,,,,,,,,Mohammed Ali,,,,,,mohammed,ali mohammed,Linear Algebra for Engineers
ENGR,2300,008,,,,,,,,,,,,,,,,,,,Rabah Mezenner,,,,,,rxm129730,rabah mezenner,Linear Algebra for Engineers
ENGR,3341,001,,,,,,,,,,,,,,,,,,,John Fonseka,,,,,,kjp,john fonseka,Probability Theory and Statistics
ENGR,3341,003,,,,,,,,,,,,,,,,,,,John Fonseka,,,,,,kjp,john fonseka,Probability Theory and Statistics
ENGR,3341,005,,,,,,,,,,,,,,,,,,,Mohammed Ali,,,,,,mohammed,ali mohammed,Probability Theory and Statistics
ENGR,3341,006,,,,,,,,,,,,,,,,,,,Ramanathan Ramani,,,,,,dal733326,,Probability Theory and Statistics
MECH,2310,001,,,,,,,,,,,,,,,,,,,Rodrigo Bernal Montoya,,,,,,rab160530,rodrigo bernal,Statics
MECH,2320,002,,,,,,,,,,,,,,,,,,,Juyoung Leem,,,,,,jxl230028,juyoung leem,Mechanics of Materials
MECH,2330,001,,,,,,,,,,,,,,,,,,,P.L.Stephan Thamban,,,,,,stephan,p l stephan thamban,Dynamics
MECH,2340,001,,,,,,,,,,,,,,,,,,,Robert Hart,,,,,,rxh124630,robert hart,Circuits and Applied Electronics
MECH,3310,001,,,,,,,,,,,,,,,,,,,William Anderson,,,,,,wca140030,william anderson,Thermodynamics
MECH,3315,001,,,,,,,,,,,,,,,,,,,Zhen Liu,,,,,,dal303211,zhen liu,Fluid Mechanics
MECH,3320,001,,,,,,,,,,,,,,,,,,,Seung You,,,,,,smy130030,seung you,Heat Transfer
MECH,3340,001,,,,,,,,,,,,,,,,,,,Wooram Park,,,,,,wxp103020,wooram park,System Dynamics Modeling and Analysis
MECH,3340,003,,,,,,,,,,,,,,,,,,,Yaoyu Li,,,,,,yxl115230,yaoyu li,System Dynamics Modeling and Analysis
MECH,3351,002,,,,,,,,,,,,,,,,,,,Rodrigo Bernal Montoya,,,,,,rab160530,rodrigo bernal,Design of Mechanical Systems
MECH,4310,001,,,,,,,,,,,,,,,,,,,Tyler Summers,,,,,,ths150130,tyler summers,Systems and Controls
MECH,4342,001,,,,,,,,,,,,,,,,,,,Wooram Park,,,,,,wxp103020,wooram park,Introduction to Robotics
MECH,4360,001,,,,,,,,,,,,,,,,,,,Amy Walker,,,,,,axw092000,,Introduction to Nanostructured Materials
MECH,4380,001,,,,,,,,,,,,,,,,,,,Fatemeh Hassanipour,,,,,,fxh091000,fatemeh hassanipour,HVAC Systems
MECH,4v95,003,,,,,,,,,,,,,,,,,,,Shuang Cui,,,,,,sxc200064,shuang cui,Topics in Mechanical Engineering  - Energy Materials and Systems
MECH,6314,001,,,,,,,,,,,,,,,,,,,Waseem Abbas,,,,,,wxa210006,waseem abbas,Engineering Systems  Modeling and Simulation
MECH,6326,001,,,,,,,,,,,,,,,,,,,Tyler Summers,,,,,,ths150130,tyler summers,Optimal Control and Dynamic Programming
MECH,6353,001,,,,,,,,,,,,,,,,,,,Dong Qian,,,,,,dxq120430,dong qian,Computational Mechanics
MECH,6357,001,,,,,,,,,,,,,,,,,,,Lev Gelb,,,,,,ldg102020,lev gelb,Phase Transformations and Kinetic Processes in Materials
MECH,6373,001,,,,,,,,,,,,,,,,,,,Seung You,,,,,,smy130030,seung you,Convective Heat Transfer
MECH,6v29,001,,,,,,,,,,,,,,,,,,,Justin Koeln,,,,,,jpk170130,,Special Topics in Dynamic Systems and Control  - Model Predictive Control
MECH,6v89,003,,,,,,,,,,,,,,,,,,,Shuang Cui,,,,,,sxc200064,shuang cui,Special Topics in Thermal and Fluid Sciences  - Energy Materials and Systems
MSEN,3310,001,,,,,,,,,,,,,,,,,,,Julia Hsu,,,,,,jxh101000,julia hsu,Introduction to Materials Science
MSEN,5360,001,,,,,,,,,,,,,,,,,,,Amy Walker,,,,,,axw092000,,Materials Characterization
MSEN,6321,001,,,,,,,,,,,,,,,,,,,Sourav Dutta,,,,,,sxd230095,,Active Semiconductor Devices
MSEN,6327,001,,,,,,,,,,,,,,,,,,,Chadwin Young,,,,,,cdy120030,chadwin young,Semiconductor Device Characterization
MSEN,6380,001,,,,,,,,,,,,,,,,,,,Lev Gelb,,,,,,ldg102020,lev gelb,Phase Transformations and Kinetic processes in Materials
SE,2340,003,,,,,,,,,,,,,,,,,,,Alice Wang,,,,,,axw230018,alice wang,Computer Architecture
SE,2340,004,,,,,,,,,,,,,,,,,,,Yvo Desmedt,,,,,,ygd120030,yvo desmedt,Computer Architecture
SE,2340,007,,,,,,,,,,,,,,,,,,,Alice Wang,,,,,,axw230018,alice wang,Computer Architecture
SE,3306,001,,,,,,,,,,,,,,,,,,,Meghana Satpute,,,,,,mns086000,meghana satpute,Mathematical Foundations of Software Engineering
SE,3341,001,,,,,,,,,,,,,,,,,,,Huizhen Guo,,,,,,hxg190020,huizhen guo,Probability and Statistics in Computer Science and Software Engineering
SE,3341,004,,,,,,,,,,,,,,,,,,,Octavious Smiley,,,,,,oxs230011,octavious smiley,Probability and Statistics in Computer Science and Software Engineering
SE,3341,005,,,,,,,,,,,,,,,,,,,Shengjie Jiang,,,,,,sxj220069,shengjie jiang,Probability and Statistics in Computer Science and Software Engineering
SE,3341,0w1,,,,,,,,,,,,,,,,,,,Jason Smith,,,,,,jws130830,jason smith,Probability and Statistics in Computer Science and Software Engineering
SE,3341,501,,,,,,,,,,,,,,,,,,,Octavious Smiley,,,,,,oxs230011,octavious smiley,Probability and Statistics in Computer Science and Software Engineering
SE,3345,001,,,,,,,,,,,,,,,,,,,Yvo Desmedt,,,,,,ygd120030,yvo desmedt,Data Structures and Foundations of Algorithmic Analysis
SE,3345,003,,,,,,,,,,,,,,,,,,,Sridhar Alagar,,,,,,sxa173731,sridhar alagar,Data Structures and Foundations of Algorithmic Analysis
SE,3345,005,,,,,,,,,,,,,,,,,,,Omar Hamdy,,,,,,oxh210004,omar hamdy,Data Structures and Foundations of Algorithmic Analysis
SE,3345,007,,,,,,,,,,,,,,,,,,,Meghana Satpute,,,,,,mns086000,meghana satpute,Data Structures and Foundations of Algorithmic Analysis
SE,3345,008,,,,,,,,,,,,,,,,,,,Sridhar Alagar,,,,,,sxa173731,sridhar alagar,Data Structures and Foundations of Algorithmic Analysis
SE,3345,503,,,,,,,,,,,,,,,,,,,Parisa Darbari,,,,,,dal776869,parisa darbari,Data Structures and Foundations of Algorithmic Analysis
SE,3345,504,,,,,,,,,,,,,,,,,,,Ziaullah Khan,,,,,,kkhan,ziaullah khan,Data Structures and Foundations of Algorithmic Analysis
SE,3354,001,,,,,,,,,,,,,,,,,,,Mehra Nouroz Borazjany,,,,,,mxn143230,mehra borazjany,Software Engineering
SE,3354,002,,,,,,,,,,,,,,,,,,,Srimathi Srinivasan,,,,,,sxs180206,srimathi srinivasan,Software Engineering
SE,3354,003,,,,,,,,,,,,,,,,,,,Ranran Feng,,,,,,rxf090020,ranran feng,Software Engineering
SE,3354,004,,,,,,,,,,,,,,,,,,,Ranran Feng,,,,,,rxf090020,ranran feng,Software Engineering
SE,3354,006,,,,,,,,,,,,,,,,,,,Mehra Nouroz Borazjany,,,,,,mxn143230,mehra borazjany,Software Engineering
SE,3354,010,,,,,,,,,,,,,,,,,,,Klyne Smith,,,,,,kxs180052,klyne smith,Software Engineering
SE,3354,011,,,,,,,,,,,,,,,,,,,Barbara Maweu,,,,,,bmk101020,barbara maweu,Software Engineering
SE,3354,012,,,,,,,,,,,,,,,,,,,Klyne Smith,,,,,,kxs180052,klyne smith,Software Engineering
SE,3377,0w2,,,,,,,,,,,,,,,,,,,Scott Dollinger,Jeyakesavan Veerasamy,,,,,smd013000,scott dollinger,Systems Programming in UNIX and Other Environments
SE,3377,0w3,,,,,,,,,,,,,,,,,,,Scott Dollinger,Jeyakesavan Veerasamy,,,,,smd013000,scott dollinger,Systems Programming in UNIX and Other Environments
SE,3377,0w4,,,,,,,,,,,,,,,,,,,Scott Dollinger,Jeyakesavan Veerasamy,,,,,smd013000,scott dollinger,Systems Programming in UNIX and Other Environments
SE,4347,001,,,,,,,,,,,,,,,,,,,Jalal Omer,,,,,,jso016000,jalal omer,Database Systems
SE,4347,002,,,,,,,,,,,,,,,,,,,Wei Wu,,,,,,wxw020100,weili wu,Database Systems
SE,4347,004,,,,,,,,,,,,,,,,,,,Pushpa Kumar,,,,,,pkumar,pushpa kumar,Database Systems
SE,4347,006,,,,,,,,,,,,,,,,,,,Pushpa Kumar,,,,,,pkumar,pushpa kumar,Database Systems
SE,4348,004,,,,,,,,,,,,,,,,,,,Neeraj Mittal,,,,,,nxm020100,neeraj mittal,Operating Systems Concepts
SE,4348,503,,,,,,,,,,,,,,,,,,,Cody Hatfield,,,,,,cxh124730,,Operating Systems Concepts
SE,4351,001,,,,,,,,,,,,,,,,,,,Pushpa Kumar,,,,,,pkumar,pushpa kumar,Requirements Engineering
SE,4367,001,,,,,,,,,,,,,,,,,,,Mehra Nouroz Borazjany,,,,,,mxn143230,mehra borazjany,Software Testing  Verification  Validation and Quality Assurance
SE,4381,001,,,,,,,,,,,,,,,,,,,Barbara Maweu,,,,,,bmk101020,barbara maweu,Software Project Planning and Management
SE,4381,501,,,,,,,,,,,,,,,,,,,Barbara Maweu,,,,,,bmk101020,barbara maweu,Software Project Planning and Management
SE,5354,003,,,,,,,,,,,,,,,,,,,Ranran Feng,,,,,,rxf090020,ranran feng,Software Engineering
SE,6356,001,,,,,,,,,,,,,,,,,,,Soneya Binta Hossain,,,,,,dal124668,,Software Maintenance  Evolution  and Re-Engineering
SE,6361,001,,,,,,,,,,,,,,,,,,,Lawrence Chung,,,,,,chung,lawrence chung,Advanced Requirements Engineering
SYSM,6306,001,,,,,,,,,,,,,,,,,,,Waseem Abbas,,,,,,wxa210006,waseem abbas,Engineering Systems  Modeling and Simulation
SYSM,6308,001,,,,,,,,,,,,,,,,,,,Soneya Binta Hossain,,,,,,dal124668,,Software Maintenance  Evolution  and Re-Engineering
BMEN,1208,303,,,,,,,,,,,,,,,,,,,Clark Meyer,Bogdan Antohe,,,,,cam140130,clark meyer,Introduction to Bioengineering II
BMEN,1208,304,,,,,,,,,,,,,,,,,,,Clark Meyer,Bogdan Antohe,,,,,cam140130,clark meyer,Introduction to Bioengineering II
BMEN,1208,305,,,,,,,,,,,,,,,,,,,Clark Meyer,Bogdan Antohe,,,,,cam140130,clark meyer,Introduction to Bioengineering II
BMEN,3200,303,,,,,,,,,,,,,,,,,,,Christian Rivera,,,,,,cxr210008,christian rivera,Biomedical Engineering Fundamentals and Design
BMEN,3220,102,,,,,,,,,,,,,,,,,,,Tariq Ali,,,,,,tma051000,tariq ali,Electrical and Electronic Circuits in Biomedical Engineering Lab
CE,1202,305,,,,,,,,,,,,,,,,,,,Haifa Abulaiha,,,,,,dal859024,haifa abdulaiha,Introduction to Electrical and Computer Engineering II
CE,1202,306,,,,,,,,,,,,,,,,,,,Haifa Abulaiha,,,,,,dal859024,haifa abdulaiha,Introduction to Electrical and Computer Engineering II
CE,1202,307,,,,,,,,,,,,,,,,,,,Haifa Abulaiha,,,,,,dal859024,haifa abdulaiha,Introduction to Electrical and Computer Engineering II
CE,1202,308,,,,,,,,,,,,,,,,,,,Haifa Abulaiha,,,,,,dal859024,haifa abdulaiha,Introduction to Electrical and Computer Engineering II
CE,1202,311,,,,,,,,,,,,,,,,,,,Haifa Abulaiha,,,,,,dal859024,haifa abdulaiha,Introduction to Electrical and Computer Engineering II
CE,2310,302,,,,,,,,,,,,,,,,,,,Shaheen Ahmed,,,,,,sxa176730,shaheen ahmed,Introduction to Digital Systems
CE,2310,303,,,,,,,,,,,,,,,,,,,Shaheen Ahmed,,,,,,sxa176730,shaheen ahmed,Introduction to Digital Systems
CE,4204,304,,,,,,,,,,,,,,,,,,,Chadwin Young,,,,,,cdy120030,chadwin young,Electrical and Computer Engineering Laboratory in Devices
CE,4370,301,,,,,,,,,,,,,,,,,,,Hossein Pedram,,,,,,hxp220048,hossein pedram,Embedded Systems
CE,4370,302,,,,,,,,,,,,,,,,,,,Hossein Pedram,,,,,,hxp220048,hossein pedram,Embedded Systems
CE,4370,303,,,,,,,,,,,,,,,,,,,Hossein Pedram,,,,,,hxp220048,hossein pedram,Embedded Systems
CE,6302,303,,,,,,,,,,,,,,,,,,,Tooraj Nikoubin,,,,,,txn190011,tooraj nikoubin,Embedded Systems
CS,4141,104,,,,,,,,,,,,,,,,,,,Eric Becker,,,,,,ewb160130,eric becker,Digital Systems Laboratory
CS,4141,109,,,,,,,,,,,,,,,,,,,Eric Becker,,,,,,ewb160130,eric becker,Digital Systems Laboratory
CS,4141,114,,,,,,,,,,,,,,,,,,,Eric Becker,,,,,,ewb160130,eric becker,Digital Systems Laboratory
CS,4141,117,,,,,,,,,,,,,,,,,,,Eric Becker,,,,,,ewb160130,eric becker,Digital Systems Laboratory
CS,4141,604,,,,,,,,,,,,,,,,,,,Eric Becker,,,,,,ewb160130,eric becker,Digital Systems Laboratory
CS,4141,609,,,,,,,,,,,,,,,,,,,Eric Becker,,,,,,ewb160130,eric becker,Digital Systems Laboratory
ECS,1192,042,,,,,,,,,,,,,,,,,,,Guoping Xiong,,,,,,gxx200001,guoping xiong,Research  Inquiry  Design Experience  - Battery Systems
ECS,2192,042,,,,,,,,,,,,,,,,,,,Guoping Xiong,,,,,,gxx200001,guoping xiong,Research  Inquiry  Design Experience  - Battery Systems
ECS,2390,002,,,,,,,,,,,,,,,,,,,Wade Crowder,,,,,,wac010100,wade crowder,Professional and Technical Communication
ECS,2390,004,,,,,,,,,,,,,,,,,,,Wade Crowder,,,,,,wac010100,wade crowder,Professional and Technical Communication
ECS,2390,008,,,,,,,,,,,,,,,,,,,Janece Glauser,,,,,,jbg130030,janece glauser,Professional and Technical Communication
ECS,2390,012,,,,,,,,,,,,,,,,,,,Janece Glauser,,,,,,jbg130030,janece glauser,Professional and Technical Communication
ECS,2390,0h4,,,,,,,,,,,,,,,,,,,Yvonne Sanchez,,,,,,dal518990,,Professional and Technical Communication
ECS,2390,0w9,,,,,,,,,,,,,,,,,,,Christina Montgomery,,,,,,cxm190022,christina montgomery,Professional and Technical Communication
ECS,2390,5h1,,,,,,,,,,,,,,,,,,,Yvonne Sanchez,,,,,,dal518990,,Professional and Technical Communication
ECS,2390,5h3,,,,,,,,,,,,,,,,,,,Deborah Scally,,,,,,das,deborah scally,Professional and Technical Communication
ECS,2390,5h8,,,,,,,,,,,,,,,,,,,Deborah Scally,,,,,,das,deborah scally,Professional and Technical Communication
ECS,3292,042,,,,,,,,,,,,,,,,,,,Guoping Xiong,,,,,,gxx200001,guoping xiong,Research  Inquiry  Design Experience  - Battery Systems
ECS,4392,042,,,,,,,,,,,,,,,,,,,Guoping Xiong,,,,,,gxx200001,guoping xiong,Research  Inquiry  Design Experience  - Battery Systems
EE,1202,305,,,,,,,,,,,,,,,,,,,Haifa Abulaiha,,,,,,dal859024,haifa abdulaiha,Introduction to Electrical and Computer Engineering II
EE,1202,306,,,,,,,,,,,,,,,,,,,Haifa Abulaiha,,,,,,dal859024,haifa abdulaiha,Introduction to Electrical and Computer Engineering II
EE,1202,307,,,,,,,,,,,,,,,,,,,Haifa Abulaiha,,,,,,dal859024,haifa abdulaiha,Introduction to Electrical and Computer Engineering II
EE,1202,308,,,,,,,,,,,,,,,,,,,Haifa Abulaiha,,,,,,dal859024,haifa abdulaiha,Introduction to Electrical and Computer Engineering II
EE,1202,311,,,,,,,,,,,,,,,,,,,Haifa Abulaiha,,,,,,dal859024,haifa abdulaiha,Introduction to Electrical and Computer Engineering II
EE,2310,302,,,,,,,,,,,,,,,,,,,Shaheen Ahmed,,,,,,sxa176730,shaheen ahmed,Introduction to Digital Systems
EE,2310,303,,,,,,,,,,,,,,,,,,,Shaheen Ahmed,,,,,,sxa176730,shaheen ahmed,Introduction to Digital Systems
EE,4204,304,,,,,,,,,,,,,,,,,,,Chadwin Young,,,,,,cdy120030,chadwin young,Electrical and Computer Engineering Laboratory in Devices
EE,4370,301,,,,,,,,,,,,,,,,,,,Hossein Pedram,,,,,,hxp220048,hossein pedram,Embedded Systems
EE,4370,302,,,,,,,,,,,,,,,,,,,Hossein Pedram,,,,,,hxp220048,hossein pedram,Embedded Systems
EE,4370,303,,,,,,,,,,,,,,,,,,,Hossein Pedram,,,,,,hxp220048,hossein pedram,Embedded Systems
EECS,7v90,002,,,,,,,,,,,,,,,,,,,Aykut Satici,,,,,,acs093120,aykut satici,Special Topics in Control Systems  - Deep Learning
EEDG,6302,303,,,,,,,,,,,,,,,,,,,Tooraj Nikoubin,,,,,,txn190011,tooraj nikoubin,Embedded Systems
ENGR,3341,0h1,,,,,,,,,,,,,,,,,,,Lev Gelb,,,,,,ldg102020,lev gelb,Probability Theory and Statistics
EPCS,2200,002,,,,,,,,,,,,,,,,,,,Andrea Turcatti,Muhammad Luqman Haider,,,,,amt101000,,Engineering Projects in Community Service
EPCS,3200,002,,,,,,,,,,,,,,,,,,,Andrea Turcatti,Vlad Birsan,,,,,amt101000,,Engineering Projects in Community Service II
MECH,1208,303,,,,,,,,,,,,,,,,,,,Dani Fadda,,,,,,dzf091000,dani fadda,Introduction to Mechanical Engineering II
MECH,2120,105,,,,,,,,,,,,,,,,,,,Hongbing Lu,,,,,,hxl101000,hongbing lu,Mechanics of Materials Laboratory
MECH,2340,301,,,,,,,,,,,,,,,,,,,Robert Hart,,,,,,rxh124630,robert hart,Circuits and Applied Electronics
MECH,2340,302,,,,,,,,,,,,,,,,,,,Robert Hart,,,,,,rxh124630,robert hart,Circuits and Applied Electronics
MECH,3105,103,,,,,,,,,,,,,,,,,,,Jonas Wagner,Oziel Rios,,,,,jrw200000,,Computer Aided Design Laboratory
MECH,3115,104,,,,,,,,,,,,,,,,,,,Yaqing Jin,,,,,,yxj190011,yaqing jin,Fluid Mechanics Laboratory
MECH,3120,101,,,,,,,,,,,,,,,,,,,Fatemeh Hassanipour,,,,,,fxh091000,fatemeh hassanipour,Heat Transfer Laboratory
MECH,3120,102,,,,,,,,,,,,,,,,,,,Fatemeh Hassanipour,,,,,,fxh091000,fatemeh hassanipour,Heat Transfer Laboratory
MECH,4110,103,,,,,,,,,,,,,,,,,,,Justin Koeln,,,,,,jpk170130,,Systems and Controls Laboratory
MECH,6v49,002,,,,,,,,,,,,,,,,,,,Aykut Satici,,,,,,acs093120,aykut satici,Special Topics in Manufacturing and Design Innovation  - Deep Learning
SYSE,6v80,002,,,,,,,,,,,,,,,,,,,Aykut Satici,,,,,,acs093120,aykut satici,Special Topics  - Deep Learning
BMEN,1208,002,,,,,,,,,,,,,,,,,,,Clark Meyer,Bogdan Antohe,,,,,cam140130,clark meyer,Introduction to Bioengineering II
BMEN,1208,003,,,,,,,,,,,,,,,,,,,Clark Meyer,Bogdan Antohe,,,,,cam140130,clark meyer,Introduction to Bioengineering II
BMEN,3200,301,,,,,,,,,,,,,,,,,,,Christian Rivera,,,,,,cxr210008,christian rivera,Biomedical Engineering Fundamentals and Design
BMEN,3220,101,,,,,,,,,,,,,,,,,,,Tariq Ali,,,,,,tma051000,tariq ali,Electrical and Electronic Circuits in Biomedical Engineering Lab
BMEN,8188,001,,,,,,,,,,,,,,,,,,,Katherine Brown,,,,,,kgb170130,,Advanced Seminars in Biomedical Engineering III
CE,1202,301,,,,,,,,,,,,,,,,,,,Haifa Abulaiha,,,,,,dal859024,haifa abdulaiha,Introduction to Electrical and Computer Engineering II
CE,1202,302,,,,,,,,,,,,,,,,,,,Haifa Abulaiha,,,,,,dal859024,haifa abdulaiha,Introduction to Electrical and Computer Engineering II
CE,1202,303,,,,,,,,,,,,,,,,,,,Haifa Abulaiha,,,,,,dal859024,haifa abdulaiha,Introduction to Electrical and Computer Engineering II
CE,1202,304,,,,,,,,,,,,,,,,,,,Haifa Abulaiha,,,,,,dal859024,haifa abdulaiha,Introduction to Electrical and Computer Engineering II
CE,1202,309,,,,,,,,,,,,,,,,,,,Haifa Abulaiha,,,,,,dal859024,haifa abdulaiha,Introduction to Electrical and Computer Engineering II
CE,1202,310,,,,,,,,,,,,,,,,,,,Haifa Abulaiha,,,,,,dal859024,haifa abdulaiha,Introduction to Electrical and Computer Engineering II
CE,2310,301,,,,,,,,,,,,,,,,,,,Shaheen Ahmed,,,,,,sxa176730,shaheen ahmed,Introduction to Digital Systems
CE,2310,304,,,,,,,,,,,,,,,,,,,Shaheen Ahmed,,,,,,sxa176730,shaheen ahmed,Introduction to Digital Systems
CE,3201,301,,,,,,,,,,,,,,,,,,,Tooraj Nikoubin,,,,,,txn190011,tooraj nikoubin,Electrical and Computer Engineering Fundamentals-I Laboratory
CE,3201,302,,,,,,,,,,,,,,,,,,,Tooraj Nikoubin,,,,,,txn190011,tooraj nikoubin,Electrical and Computer Engineering Fundamentals-I Laboratory
CE,3201,303,,,,,,,,,,,,,,,,,,,Tooraj Nikoubin,,,,,,txn190011,tooraj nikoubin,Electrical and Computer Engineering Fundamentals-I Laboratory
CE,3201,304,,,,,,,,,,,,,,,,,,,Tooraj Nikoubin,,,,,,txn190011,tooraj nikoubin,Electrical and Computer Engineering Fundamentals-I Laboratory
CE,3201,305,,,,,,,,,,,,,,,,,,,Tooraj Nikoubin,,,,,,txn190011,tooraj nikoubin,Electrical and Computer Engineering Fundamentals-I Laboratory
CE,3201,306,,,,,,,,,,,,,,,,,,,Tooraj Nikoubin,,,,,,txn190011,tooraj nikoubin,Electrical and Computer Engineering Fundamentals-I Laboratory
CE,3201,307,,,,,,,,,,,,,,,,,,,Tooraj Nikoubin,,,,,,txn190011,tooraj nikoubin,Electrical and Computer Engineering Fundamentals-I Laboratory
CE,3300,001,,,,,,,,,,,,,,,,,,,Jung Lee,,,,,,jls032000,jung lee,Advanced Engineering Mathematics
CS,4141,102,,,,,,,,,,,,,,,,,,,Eric Becker,,,,,,ewb160130,eric becker,Digital Systems Laboratory
CS,4141,107,,,,,,,,,,,,,,,,,,,Eric Becker,,,,,,ewb160130,eric becker,Digital Systems Laboratory
CS,4141,112,,,,,,,,,,,,,,,,,,,Eric Becker,,,,,,ewb160130,eric becker,Digital Systems Laboratory
CS,4141,602,,,,,,,,,,,,,,,,,,,Eric Becker,,,,,,ewb160130,eric becker,Digital Systems Laboratory
CS,4485,0w1,,,,,,,,,,,,,,,,,,,Miguel Razo Razo,John Cole,Sridhar Alagar,Selim Sarac,Muhammad Ikram,Semih Dinc,mrazora,miguel razo,Computer Science Project
ECS,1192,002,,,,,,,,,,,,,,,,,,,Joshua Summers,,,,,,jxs200065,joshua summers,Research  Inquiry  Design Experience  - Nasa Micro-g Next
ECS,1192,018,,,,,,,,,,,,,,,,,,,Joshua Summers,,,,,,jxs200065,joshua summers,Research  Inquiry  Design Experience  - Prosthetic Device Design
ECS,1192,034,,,,,,,,,,,,,,,,,,,Mohamed Ibrahim,,,,,,dal470308,,Research  Inquiry  Design Experience  - Smart Embodied Delivery Robot
ECS,1192,038,,,,,,,,,,,,,,,,,,,Chadwin Young,,,,,,cdy120030,chadwin young,Research  Inquiry  Design Experience  - Beyblade X Smart Stadium
ECS,1192,501,,,,,,,,,,,,,,,,,,,Joshua Summers,,,,,,jxs200065,joshua summers,Research  Inquiry  Design Experience  - Sae Design Projects
ECS,2192,002,,,,,,,,,,,,,,,,,,,Joshua Summers,,,,,,jxs200065,joshua summers,Research  Inquiry  Design Experience  - Nasa Micro-g Next
ECS,2192,018,,,,,,,,,,,,,,,,,,,Joshua Summers,,,,,,jxs200065,joshua summers,Research  Inquiry  Design Experience  - Prosthetic Device Design
ECS,2192,034,,,,,,,,,,,,,,,,,,,Mohamed Ibrahim,,,,,,dal470308,,Research  Inquiry  Design Experience  - Smart Embodied Delivery Robot
ECS,2192,038,,,,,,,,,,,,,,,,,,,Chadwin Young,,,,,,cdy120030,chadwin young,Research  Inquiry  Design Experience  - Beyblade X Smart Stadium
ECS,2192,501,,,,,,,,,,,,,,,,,,,Joshua Summers,,,,,,jxs200065,joshua summers,Research  Inquiry  Design Experience  - Sae Design Projects
ECS,2390,001,,,,,,,,,,,,,,,,,,,Wade Crowder,,,,,,wac010100,wade crowder,Professional and Technical Communication
ECS,2390,003,,,,,,,,,,,,,,,,,,,Wade Crowder,,,,,,wac010100,wade crowder,Professional and Technical Communication
ECS,2390,006,,,,,,,,,,,,,,,,,,,Janece Glauser,,,,,,jbg130030,janece glauser,Professional and Technical Communication
ECS,2390,007,,,,,,,,,,,,,,,,,,,Janece Glauser,,,,,,jbg130030,janece glauser,Professional and Technical Communication
ECS,2390,0h1,,,,,,,,,,,,,,,,,,,Janet Johnson,,,,,,jlj065000,janet johnson,Professional and Technical Communication
ECS,2390,0s1,,,,,,,,,,,,,,,,,,,Christopher Ryan,,,,,,cxr088000,christopher ryan,Professional and Technical Communication  - Italy
ECS,2390,5h6,,,,,,,,,,,,,,,,,,,Deborah Scally,,,,,,das,deborah scally,Professional and Technical Communication
ECS,2390,5h7,,,,,,,,,,,,,,,,,,,Deborah Scally,,,,,,das,deborah scally,Professional and Technical Communication
ECS,3292,002,,,,,,,,,,,,,,,,,,,Joshua Summers,,,,,,jxs200065,joshua summers,Research  Inquiry  Design Experience  - Nasa Micro-g Next
ECS,3292,018,,,,,,,,,,,,,,,,,,,Joshua Summers,,,,,,jxs200065,joshua summers,Research  Inquiry  Design Experience  - Prosthetic Device Design
ECS,3292,034,,,,,,,,,,,,,,,,,,,Mohamed Ibrahim,,,,,,dal470308,,Research  Inquiry  Design Experience  - Smart Embodied Delivery Robot
ECS,3292,038,,,,,,,,,,,,,,,,,,,Chadwin Young,,,,,,cdy120030,chadwin young,Research  Inquiry  Design Experience  - Beyblade X Smart Stadium
ECS,3292,501,,,,,,,,,,,,,,,,,,,Joshua Summers,,,,,,jxs200065,joshua summers,Research  Inquiry  Design Experience  - Sae Design Projects
ECS,4392,002,,,,,,,,,,,,,,,,,,,Joshua Summers,,,,,,jxs200065,joshua summers,Research  Inquiry  Design Experience  - Nasa Micro-g Next
ECS,4392,018,,,,,,,,,,,,,,,,,,,Joshua Summers,,,,,,jxs200065,joshua summers,Research  Inquiry  Design Experience  - Prosthetic Device Design
ECS,4392,034,,,,,,,,,,,,,,,,,,,Mohamed Ibrahim,,,,,,dal470308,,Research  Inquiry  Design Experience  - Smart Embodied Delivery Robot
ECS,4392,038,,,,,,,,,,,,,,,,,,,Chadwin Young,,,,,,cdy120030,chadwin young,Research  Inquiry  Design Experience  - Beyblade X Smart Stadium
ECS,4392,501,,,,,,,,,,,,,,,,,,,Joshua Summers,,,,,,jxs200065,joshua summers,Research  Inquiry  Design Experience  - Sae Design Projects
ECS,6v95,001,,,,,,,,,,,,,,,,,,,Yvette Pearson,,,,,,yep210000,yvette pearson,Special Topics in Engineering   Computer Science  - Intro to Sustain Infrastructur
EE,1202,301,,,,,,,,,,,,,,,,,,,Haifa Abulaiha,,,,,,dal859024,haifa abdulaiha,Introduction to Electrical and Computer Engineering II
EE,1202,302,,,,,,,,,,,,,,,,,,,Haifa Abulaiha,,,,,,dal859024,haifa abdulaiha,Introduction to Electrical and Computer Engineering II
EE,1202,303,,,,,,,,,,,,,,,,,,,Haifa Abulaiha,,,,,,dal859024,haifa abdulaiha,Introduction to Electrical and Computer Engineering II
EE,1202,304,,,,,,,,,,,,,,,,,,,Haifa Abulaiha,,,,,,dal859024,haifa abdulaiha,Introduction to Electrical and Computer Engineering II
EE,1202,309,,,,,,,,,,,,,,,,,,,Haifa Abulaiha,,,,,,dal859024,haifa abdulaiha,Introduction to Electrical and Computer Engineering II
EE,1202,310,,,,,,,,,,,,,,,,,,,Haifa Abulaiha,,,,,,dal859024,haifa abdulaiha,Introduction to Electrical and Computer Engineering II
EE,2310,301,,,,,,,,,,,,,,,,,,,Shaheen Ahmed,,,,,,sxa176730,shaheen ahmed,Introduction to Digital Systems
EE,2310,304,,,,,,,,,,,,,,,,,,,Shaheen Ahmed,,,,,,sxa176730,shaheen ahmed,Introduction to Digital Systems
EE,3201,301,,,,,,,,,,,,,,,,,,,Tooraj Nikoubin,,,,,,txn190011,tooraj nikoubin,Electrical and Computer Engineering Fundamentals-I Laboratory
EE,3201,302,,,,,,,,,,,,,,,,,,,Tooraj Nikoubin,,,,,,txn190011,tooraj nikoubin,Electrical and Computer Engineering Fundamentals-I Laboratory
EE,3201,303,,,,,,,,,,,,,,,,,,,Tooraj Nikoubin,,,,,,txn190011,tooraj nikoubin,Electrical and Computer Engineering Fundamentals-I Laboratory
EE,3201,304,,,,,,,,,,,,,,,,,,,Tooraj Nikoubin,,,,,,txn190011,tooraj nikoubin,Electrical and Computer Engineering Fundamentals-I Laboratory
EE,3201,305,,,,,,,,,,,,,,,,,,,Tooraj Nikoubin,,,,,,txn190011,tooraj nikoubin,Electrical and Computer Engineering Fundamentals-I Laboratory
EE,3201,306,,,,,,,,,,,,,,,,,,,Tooraj Nikoubin,,,,,,txn190011,tooraj nikoubin,Electrical and Computer Engineering Fundamentals-I Laboratory
EE,3201,307,,,,,,,,,,,,,,,,,,,Tooraj Nikoubin,,,,,,txn190011,tooraj nikoubin,Electrical and Computer Engineering Fundamentals-I Laboratory
EE,3300,001,,,,,,,,,,,,,,,,,,,Jung Lee,,,,,,jls032000,jung lee,Advanced Engineering Mathematics
EE,4342,301,,,,,,,,,,,,,,,,,,,Wooram Park,,,,,,wxp103020,wooram park,Introduction to Robotics
EPCS,2200,201,,,,,,,,,,,,,,,,,,,Andrea Turcatti,Muhammad Luqman Haider,,,,,amt101000,,Engineering Projects in Community Service
EPCS,3200,201,,,,,,,,,,,,,,,,,,,Andrea Turcatti,Vlad Birsan,,,,,amt101000,,Engineering Projects in Community Service II
MECH,1208,304,,,,,,,,,,,,,,,,,,,Dani Fadda,,,,,,dzf091000,dani fadda,Introduction to Mechanical Engineering II
MECH,2120,106,,,,,,,,,,,,,,,,,,,Hongbing Lu,,,,,,hxl101000,hongbing lu,Mechanics of Materials Laboratory
MECH,3115,103,,,,,,,,,,,,,,,,,,,Yaqing Jin,,,,,,yxj190011,yaqing jin,Fluid Mechanics Laboratory
MECH,4110,101,,,,,,,,,,,,,,,,,,,Justin Koeln,,,,,,jpk170130,,Systems and Controls Laboratory
MECH,4110,102,,,,,,,,,,,,,,,,,,,Justin Koeln,,,,,,jpk170130,,Systems and Controls Laboratory
MECH,4110,105,,,,,,,,,,,,,,,,,,,Justin Koeln,,,,,,jpk170130,,Systems and Controls Laboratory
MECH,4342,301,,,,,,,,,,,,,,,,,,,Wooram Park,,,,,,wxp103020,wooram park,Introduction to Robotics
SYSM,6329,501,,,,,,,,,,,,,,,,,,,Ramakrishna Koganti,,,,,,rxk190037,,Quality Engineering
BMEN,1300,001,,,,,,,,,,,,,,,,,,,Levi Good,,,,,,lbg170030,levi good,Introduction to Biomedical Engineering Computing
BMEN,1300,002,,,,,,,,,,,,,,,,,,,Levi Good,,,,,,lbg170030,levi good,Introduction to Biomedical Engineering Computing
BMEN,3300,501,,,,,,,,,,,,,,,,,,,Rafiulhossain Shihab,,,,,,dal246100,rafiulhossain shihab,Advanced Engineering Mathematics for Bioengineers
BMEN,3302,001,,,,,,,,,,,,,,,,,,,Rafiulhossain Shihab,,,,,,dal246100,rafiulhossain shihab,Bioengineering Signals and Systems
BMEN,3320,001,,,,,,,,,,,,,,,,,,,Tariq Ali,,,,,,tma051000,tariq ali,Electrical and Electronic Circuits in Biomedical Engineering
BMEN,3325,002,,,,,,,,,,,,,,,,,,,Rafiulhossain Shihab,,,,,,dal246100,rafiulhossain shihab,Advanced Computational Tools for Biomedical Engineering
BMEN,3332,002,,,,,,,,,,,,,,,,,,,Shashank Sirsi,,,,,,srs151630,shashank sirsi,Quantitative Physiology for Engineers
BMEN,3399,001,,,,,,,,,,,,,,,,,,,Victor Varner,,,,,,vxv162230,victor varner,Introductory Biomechanics
BMEN,4341,001,,,,,,,,,,,,,,,,,,,Caroline Jones,,,,,,cxj200007,caroline jones,Immunoengineering
BMEN,4343,001,,,,,,,,,,,,,,,,,,,Christian Rivera,David Schmidtke,,,,,cxr210008,christian rivera,Microfluidics in Biomedical Engineering
BMEN,4355,001,,,,,,,,,,,,,,,,,,,Clark Meyer,Bogdan Antohe,,,,,cam140130,clark meyer,Finite Element Analysis in Biomedical Engineering
BMEN,4v95,002,,,,,,,,,,,,,,,,,,,Eric Meyers,,,,,,ecm081000,,Undergraduate Topics in Biomedical Engineering  - Data Science for Engineers
BMEN,6302,001,,,,,,,,,,,,,,,,,,,Mark Spong,,,,,,mws081000,mark spong,Dynamics of Complex Networks and Systems
BMEN,6303,501,,,,,,,,,,,,,,,,,,,Katherine Brown,,,,,,kgb170130,,Introduction to Statistical and Machine Learning for Bioengineering
BMEN,6330,001,,,,,,,,,,,,,,,,,,,Roger Hill,,,,,,rjh220000,roger hill,Introduction to Medical Device Product Development
BMEN,6355,001,,,,,,,,,,,,,,,,,,,Nathan Churcher,,,,,,nkc170030,nathan churcher,Nanotechnology and Sensors
BMEN,6366,001,,,,,,,,,,,,,,,,,,,Shashank Sirsi,,,,,,srs151630,shashank sirsi,Image-Guided Drug Delivery
BMEN,6373,001,,,,,,,,,,,,,,,,,,,Fang Bian,,,,,,fxb180003,,Physiology and Immunology for Engineers
BMEN,6374,001,,,,,,,,,,,,,,,,,,,Polimyr Caesar Dave Dingal,,,,,,ppd210003,,Genes  Proteins and Cell Biology for Engineers
BMEN,6378,001,,,,,,,,,,,,,,,,,,,Jacopo Ferruzzi,,,,,,jxf200008,jacopo ferruzzi,Mechanobiology for Engineers
BMEN,6389,001,,,,,,,,,,,,,,,,,,,Michael Zhang,,,,,,mqz091000,michael zhang,Computational Biology
CE,1337,001,,,,,,,,,,,,,,,,,,,Palina Niamkova,,,,,,pxn190018,palina niamkova,Computer Science I
CE,1337,004,,,,,,,,,,,,,,,,,,,Shyam Karrah,,,,,,skarrah,shyam karrah,Computer Science I
CE,1337,007,,,,,,,,,,,,,,,,,,,Miguel Razo Razo,,,,,,mrazora,miguel razo,Computer Science I
CE,1337,008,,,,,,,,,,,,,,,,,,,James Willson,,,,,,jkw053000,james willson,Computer Science I
CE,1337,009,,,,,,,,,,,,,,,,,,,Shyam Karrah,,,,,,skarrah,shyam karrah,Computer Science I
CE,1337,010,,,,,,,,,,,,,,,,,,,James Willson,,,,,,jkw053000,james willson,Computer Science I
CE,1337,501,,,,,,,,,,,,,,,,,,,Palina Niamkova,,,,,,pxn190018,palina niamkova,Computer Science I
CE,2301,001,,,,,,,,,,,,,,,,,,,Gil Lee,,,,,,gslee,gill lee,Electrical Network Analysis
CE,2301,002,,,,,,,,,,,,,,,,,,,Yun Chiu,,,,,,yxc101000,yun chiu,Electrical Network Analysis
CE,2301,501,,,,,,,,,,,,,,,,,,,Yun Chiu,,,,,,yxc101000,yun chiu,Electrical Network Analysis
CE,2305,001,,,,,,,,,,,,,,,,,,,Jorge Cobb,,,,,,jcobb,jorge cobb,Discrete Mathematics for Computing I
CE,2305,002,,,,,,,,,,,,,,,,,,,Jason Jue,,,,,,jjue,jason jue,Discrete Mathematics for Computing I
CE,2310,001,,,,,,,,,,,,,,,,,,,Shaheen Ahmed,,,,,,sxa176730,shaheen ahmed,Introduction to Digital Systems
CE,2310,501,,,,,,,,,,,,,,,,,,,Shaheen Ahmed,,,,,,sxa176730,shaheen ahmed,Introduction to Digital Systems
CE,2336,005,,,,,,,,,,,,,,,,,,,Beiyu Lin,,,,,,dal207602,,Computer Science II
CE,2336,007,,,,,,,,,,,,,,,,,,,Beiyu Lin,,,,,,dal207602,,Computer Science II
CE,2336,501,,,,,,,,,,,,,,,,,,,Zachary Stallbohm,,,,,,zxs110030,zach stallbohm,Computer Science II
CE,3300,002,,,,,,,,,,,,,,,,,,,Jung Lee,,,,,,jls032000,jung lee,Advanced Engineering Mathematics
CE,3310,001,,,,,,,,,,,,,,,,,,,Jie Zhou,,,,,,dal836585,,Electronic Devices
CE,3311,001,,,,,,,,,,,,,,,,,,,Gil Lee,,,,,,gslee,gill lee,Electronic Circuits
CE,3320,002,,,,,,,,,,,,,,,,,,,Amneh Akour,,,,,,dal339881,amneh akour,Digital Circuits
CE,3320,003,,,,,,,,,,,,,,,,,,,Amneh Akour,,,,,,dal339881,amneh akour,Digital Circuits
CE,3345,002,,,,,,,,,,,,,,,,,,,Meghana Satpute,,,,,,mns086000,meghana satpute,Data Structures and Foundations of Algorithmic Analysis
CE,3345,004,,,,,,,,,,,,,,,,,,,Siva Sai Nagender Vasireddy,,,,,,sxv163630,,Data Structures and Foundations of Algorithmic Analysis
CE,3345,501,,,,,,,,,,,,,,,,,,,Omar Hamdy,,,,,,oxh210004,omar hamdy,Data Structures and Foundations of Algorithmic Analysis
CE,3345,502,,,,,,,,,,,,,,,,,,,Mohamed Amine Belkoura,,,,,,mxb135330,mohamed amine belkoura,Data Structures and Foundations of Algorithmic Analysis
CE,3354,005,,,,,,,,,,,,,,,,,,,Priya Narayanasami,,,,,,pxn173330,priya narayanasami,Software Engineering
CE,3354,007,,,,,,,,,,,,,,,,,,,Erik Peterson,,,,,,eap190004,erik peterson,Software Engineering
CE,3354,008,,,,,,,,,,,,,,,,,,,Erik Peterson,,,,,,eap190004,erik peterson,Software Engineering
CE,3354,009,,,,,,,,,,,,,,,,,,,Priya Narayanasami,,,,,,pxn173330,priya narayanasami,Software Engineering
CE,4304,002,,,,,,,,,,,,,,,,,,,William Swartz,,,,,,wps100020,william swartz,Computer Architecture
CE,4331,001,,,,,,,,,,,,,,,,,,,Lakshman Tamil,,,,,,laxman,lakshman tamil,Applied Machine Learning
CE,4337,004,,,,,,,,,,,,,,,,,,,Gity Karami,,,,,,gxk180009,gity karami,Programming Language Paradigms
CE,4337,006,,,,,,,,,,,,,,,,,,,Gity Karami,,,,,,gxk180009,gity karami,Programming Language Paradigms
CE,4370,001,,,,,,,,,,,,,,,,,,,Hossein Pedram,,,,,,hxp220048,hossein pedram,Embedded Systems
CE,4390,001,,,,,,,,,,,,,,,,,,,Nidhiben Solanki,,,,,,nxs121130,nidhiben solanki,Computer Networks
CE,4390,003,,,,,,,,,,,,,,,,,,,Nidhiben Solanki,,,,,,nxs121130,nidhiben solanki,Computer Networks
CE,4390,004,,,,,,,,,,,,,,,,,,,Nidhiben Solanki,,,,,,nxs121130,nidhiben solanki,Computer Networks
CE,6301,001,,,,,,,,,,,,,,,,,,,William Swartz,,,,,,wps100020,william swartz,Advanced Digital Logic
CE,6303,001,,,,,,,,,,,,,,,,,,,Mehrdad Nourani,,,,,,nourani,mehrdad nourani,Testing and Testable Design
CE,6308,501,,,,,,,,,,,,,,,,,,,Farokh Bastani,,,,,,bastani,farokh bastani,Real-Time Systems
CS,1325,002,,,,,,,,,,,,,,,,,,,Mark Paulk,,,,,,mcp130030,mark paulk,Introduction to Programming
CS,1337,001,,,,,,,,,,,,,,,,,,,Palina Niamkova,,,,,,pxn190018,palina niamkova,Computer Science I
CS,1337,004,,,,,,,,,,,,,,,,,,,Shyam Karrah,,,,,,skarrah,shyam karrah,Computer Science I
CS,1337,007,,,,,,,,,,,,,,,,,,,Miguel Razo Razo,,,,,,mrazora,miguel razo,Computer Science I
CS,1337,008,,,,,,,,,,,,,,,,,,,James Willson,,,,,,jkw053000,james willson,Computer Science I
CS,1337,009,,,,,,,,,,,,,,,,,,,Shyam Karrah,,,,,,skarrah,shyam karrah,Computer Science I
CS,1337,010,,,,,,,,,,,,,,,,,,,James Willson,,,,,,jkw053000,james willson,Computer Science I
CS,1337,501,,,,,,,,,,,,,,,,,,,Palina Niamkova,,,,,,pxn190018,palina niamkova,Computer Science I
CS,1436,003,,,,,,,,,,,,,,,,,,,Priya Narayanasami,,,,,,pxn173330,priya narayanasami,Programming Fundamentals
CS,2305,001,,,,,,,,,,,,,,,,,,,Jorge Cobb,,,,,,jcobb,jorge cobb,Discrete Mathematics for Computing I
CS,2305,002,,,,,,,,,,,,,,,,,,,Jason Jue,,,,,,jjue,jason jue,Discrete Mathematics for Computing I
CS,2336,005,,,,,,,,,,,,,,,,,,,Beiyu Lin,,,,,,dal207602,,Computer Science II
CS,2336,007,,,,,,,,,,,,,,,,,,,Beiyu Lin,,,,,,dal207602,,Computer Science II
CS,2336,501,,,,,,,,,,,,,,,,,,,Zachary Stallbohm,,,,,,zxs110030,zach stallbohm,Computer Science II
CS,2340,002,,,,,,,,,,,,,,,,,,,Yi Zhao,,,,,,zhao,yi zhao,Computer Architecture
CS,2340,005,,,,,,,,,,,,,,,,,,,Alice Wang,,,,,,axw230018,alice wang,Computer Architecture
CS,2340,006,,,,,,,,,,,,,,,,,,,Nhut Nguyen,,,,,,nhutnn,nhut nguyen,Computer Architecture
CS,2340,008,,,,,,,,,,,,,,,,,,,Nhut Nguyen,,,,,,nhutnn,nhut nguyen,Computer Architecture
CS,2340,hn1,,,,,,,,,,,,,,,,,,,Nhut Nguyen,,,,,,nhutnn,nhut nguyen,Computer Architecture  - CV Honors
CS,3162,051,,,,,,,,,,,,,,,,,,,John Cole,,,,,,jxc064000,john cole,Professional Responsibility in Computer Science and Software Engineering
CS,3162,052,,,,,,,,,,,,,,,,,,,John Cole,,,,,,jxc064000,john cole,Professional Responsibility in Computer Science and Software Engineering
CS,3162,091,,,,,,,,,,,,,,,,,,,John Cole,,,,,,jxc064000,john cole,Professional Responsibility in Computer Science and Software Engineering
CS,3162,092,,,,,,,,,,,,,,,,,,,John Cole,,,,,,jxc064000,john cole,Professional Responsibility in Computer Science and Software Engineering
CS,3341,002,,,,,,,,,,,,,,,,,,,Huizhen Guo,,,,,,hxg190020,huizhen guo,Probability and Statistics in Computer Science and Software Engineering
CS,3341,003,,,,,,,,,,,,,,,,,,,Huizhen Guo,,,,,,hxg190020,huizhen guo,Probability and Statistics in Computer Science and Software Engineering
CS,3345,002,,,,,,,,,,,,,,,,,,,Meghana Satpute,,,,,,mns086000,meghana satpute,Data Structures and Foundations of Algorithmic Analysis
CS,3345,004,,,,,,,,,,,,,,,,,,,Siva Sai Nagender Vasireddy,,,,,,sxv163630,,Data Structures and Foundations of Algorithmic Analysis
CS,3345,501,,,,,,,,,,,,,,,,,,,Omar Hamdy,,,,,,oxh210004,omar hamdy,Data Structures and Foundations of Algorithmic Analysis
CS,3345,502,,,,,,,,,,,,,,,,,,,Mohamed Amine Belkoura,,,,,,mxb135330,mohamed amine belkoura,Data Structures and Foundations of Algorithmic Analysis
CS,3354,005,,,,,,,,,,,,,,,,,,,Priya Narayanasami,,,,,,pxn173330,priya narayanasami,Software Engineering
CS,3354,007,,,,,,,,,,,,,,,,,,,Erik Peterson,,,,,,eap190004,erik peterson,Software Engineering
CS,3354,008,,,,,,,,,,,,,,,,,,,Erik Peterson,,,,,,eap190004,erik peterson,Software Engineering
CS,3354,009,,,,,,,,,,,,,,,,,,,Priya Narayanasami,,,,,,pxn173330,priya narayanasami,Software Engineering
CS,3354,hon,,,,,,,,,,,,,,,,,,,Tien Nguyen,,,,,,tnn160630,tien nguyen,Software Engineering  - Honors
CS,3377,002,,,,,,,,,,,,,,,,,,,Richard Min,Jeyakesavan Veerasamy,,,,,rkm010300,richard min,Systems Programming in UNIX and Other Environments
CS,3377,003,,,,,,,,,,,,,,,,,,,Richard Min,Jeyakesavan Veerasamy,,,,,rkm010300,richard min,Systems Programming in UNIX and Other Environments
CS,3377,004,,,,,,,,,,,,,,,,,,,Jeyakesavan Veerasamy,,,,,,veerasam,jeyakesavan veerasamy,Systems Programming in UNIX and Other Environments
CS,3377,005,,,,,,,,,,,,,,,,,,,Jeyakesavan Veerasamy,,,,,,veerasam,jeyakesavan veerasamy,Systems Programming in UNIX and Other Environments
CS,3377,501,,,,,,,,,,,,,,,,,,,Mohamed Amine Belkoura,Jeyakesavan Veerasamy,,,,,mxb135330,mohamed amine belkoura,Systems Programming in UNIX and Other Environments
CS,4301,001,,,,,,,,,,,,,,,,,,,Daniel Gibney,,,,,,djg230002,daniel gibney,Special Topics in Computer Science  - Fundamentals of Quantum Comput
CS,4301,003,,,,,,,,,,,,,,,,,,,Gopal Gupta,,,,,,gupta,gopal gupta,Special Topics in Computer Science  - Computational Logic
CS,4301,004,,,,,,,,,,,,,,,,,,,Kevin Hamlen,,,,,,kxh060100,kevin hamlen,Special Topics in Computer Science  - Advanced Programming Languages
CS,4315,501,,,,,,,,,,,,,,,,,,,Richard Golden,,,,,,golden,richard golden,Intelligent Systems Design
CS,4337,004,,,,,,,,,,,,,,,,,,,Gity Karami,,,,,,gxk180009,gity karami,Programming Language Paradigms
CS,4337,006,,,,,,,,,,,,,,,,,,,Gity Karami,,,,,,gxk180009,gity karami,Programming Language Paradigms
CS,4341,001,,,,,,,,,,,,,,,,,,,Wafa Jaffal,,,,,,wxj210000,wafa jaffal,Digital Logic and Computer Design
CS,4341,002,,,,,,,,,,,,,,,,,,,Gity Karami,,,,,,gxk180009,gity karami,Digital Logic and Computer Design
CS,4341,004,,,,,,,,,,,,,,,,,,,Wafa Jaffal,,,,,,wxj210000,wafa jaffal,Digital Logic and Computer Design
CS,4341,008,,,,,,,,,,,,,,,,,,,Wafa Jaffal,,,,,,wxj210000,wafa jaffal,Digital Logic and Computer Design
CS,4347,003,,,,,,,,,,,,,,,,,,,Jalal Omer,,,,,,jso016000,jalal omer,Database Systems
CS,4347,005,,,,,,,,,,,,,,,,,,,Xinda Wang,,,,,,xxw230005,xinda wang,Database Systems
CS,4347,501,,,,,,,,,,,,,,,,,,,Chris Davis,,,,,,cid021000,chris davis,Database Systems
CS,4347,502,,,,,,,,,,,,,,,,,,,Ziaullah Khan,,,,,,kkhan,ziaullah khan,Database Systems
CS,4348,001,,,,,,,,,,,,,,,,,,,I-Ling Yen,,,,,,ilyen,yen i ling,Operating Systems Concepts
CS,4348,002,,,,,,,,,,,,,,,,,,,I-Ling Yen,,,,,,ilyen,yen i ling,Operating Systems Concepts
CS,4348,003,,,,,,,,,,,,,,,,,,,Elmer Salazar,,,,,,ees101020,elmer salazar,Operating Systems Concepts
CS,4348,502,,,,,,,,,,,,,,,,,,,I-Ling Yen,,,,,,ilyen,yen i ling,Operating Systems Concepts
CS,4349,004,,,,,,,,,,,,,,,,,,,Bhadrachalam Chitturi,,,,,,chalam,chitturi bhadrachalam,Advanced Algorithm Design and Analysis
CS,4349,005,,,,,,,,,,,,,,,,,,,Serdar Erbatur,,,,,,sxe190003,serdar erbatur,Advanced Algorithm Design and Analysis
CS,4349,006,,,,,,,,,,,,,,,,,,,Ding Du,,,,,,dxd056000,ding zhu du,Advanced Algorithm Design and Analysis
CS,4365,002,,,,,,,,,,,,,,,,,,,Vibhav Gogate,,,,,,vxg112130,vibhav gogate,Artificial Intelligence
CS,4365,501,,,,,,,,,,,,,,,,,,,Beiyu Lin,,,,,,dal207602,,Artificial Intelligence
CS,4365,502,,,,,,,,,,,,,,,,,,,Beiyu Lin,,,,,,dal207602,,Artificial Intelligence
CS,4365,503,,,,,,,,,,,,,,,,,,,Ziaullah Khan,,,,,,kkhan,ziaullah khan,Artificial Intelligence
CS,4375,003,,,,,,,,,,,,,,,,,,,Rishabh Iyer,,,,,,rki190000,rishabh iyer,Introduction to Machine Learning
CS,4375,004,,,,,,,,,,,,,,,,,,,Anurag Nagar,,,,,,axn112530,anurag nagar,Introduction to Machine Learning
CS,4376,001,,,,,,,,,,,,,,,,,,,Mark Paulk,,,,,,mcp130030,mark paulk,Object-Oriented Design
CS,4376,002,,,,,,,,,,,,,,,,,,,Mark Paulk,,,,,,mcp130030,mark paulk,Object-Oriented Design
CS,4384,001,,,,,,,,,,,,,,,,,,,Bhadrachalam Chitturi,,,,,,chalam,chitturi bhadrachalam,Automata Theory
CS,4384,hon,,,,,,,,,,,,,,,,,,,Dung Huynh,,,,,,huynh,dung huynh,Automata Theory  - Honors
CS,4386,501,,,,,,,,,,,,,,,,,,,Neeraj Gupta,,,,,,nkg140130,neeraj gupta,Compiler Design
CS,4390,001,,,,,,,,,,,,,,,,,,,Nidhiben Solanki,,,,,,nxs121130,nidhiben solanki,Computer Networks
CS,4390,003,,,,,,,,,,,,,,,,,,,Nidhiben Solanki,,,,,,nxs121130,nidhiben solanki,Computer Networks
CS,4390,004,,,,,,,,,,,,,,,,,,,Nidhiben Solanki,,,,,,nxs121130,nidhiben solanki,Computer Networks
CS,4391,001,,,,,,,,,,,,,,,,,,,Yu Xiang,,,,,,yxx210005,yu xiang,Introduction to Computer Vision
CS,4397,001,,,,,,,,,,,,,,,,,,,Farokh Bastani,,,,,,bastani,farokh bastani,Embedded Computer Systems
CS,4459,001,,,,,,,,,,,,,,,,,,,Kangkook Jee,,,,,,kxj190011,kangkook jee,Cyber Attack and Defense Laboratory
CS,5343,001,,,,,,,,,,,,,,,,,,,Neeraj Gupta,,,,,,nkg140130,neeraj gupta,Algorithm Analysis and Data Structures
CS,5348,002,,,,,,,,,,,,,,,,,,,I-Ling Yen,,,,,,ilyen,yen i ling,Operating Systems Concepts
CS,5390,003,,,,,,,,,,,,,,,,,,,Nidhiben Solanki,,,,,,nxs121130,nidhiben solanki,Computer Networks
CS,6301,001,,,,,,,,,,,,,,,,,,,Imtiaz Karim,,,,,,dal673528,,Special Topics in Computer Science  - Security of Emerging Networks
CS,6301,004,,,,,,,,,,,,,,,,,,,Ravi Prakash,,,,,,ravip,ravi prakash,Special Topics in Computer Science  - Recent Trends in Datacenter Ne
CS,6313,001,,,,,,,,,,,,,,,,,,,Xiwei Tang,,,,,,dal295425,xiwei tang,Statistical Methods for Data Science
CS,6314,501,,,,,,,,,,,,,,,,,,,Richard Min,,,,,,rkm010300,richard min,Web Programming Languages
CS,6347,001,,,,,,,,,,,,,,,,,,,Nicholas Ruozzi,,,,,,nrr150130,nicholas ruozzi,Statistical Methods in AI and Machine Learning
CS,6350,002,,,,,,,,,,,,,,,,,,,Anurag Nagar,,,,,,axn112530,anurag nagar,Big Data Management and Analytics
CS,6352,001,,,,,,,,,,,,,,,,,,,Jason Jue,,,,,,jjue,jason jue,Performance of Computer Systems and Networks
CS,6363,001,,,,,,,,,,,,,,,,,,,Dung Huynh,,,,,,huynh,dung huynh,Design and Analysis of Computer Algorithms
CS,6363,502,,,,,,,,,,,,,,,,,,,Ding Du,,,,,,dxd056000,ding zhu du,Design and Analysis of Computer Algorithms
CS,6364,001,,,,,,,,,,,,,,,,,,,Haim Schweitzer,,,,,,haim,haim schweitzer,Artificial Intelligence
CS,6364,501,,,,,,,,,,,,,,,,,,,Haim Schweitzer,,,,,,haim,haim schweitzer,Artificial Intelligence
CS,6371,004,,,,,,,,,,,,,,,,,,,Kevin Hamlen,,,,,,kxh060100,kevin hamlen,Advanced Programming Languages  - Advanced Programming Languages
CS,6374,003,,,,,,,,,,,,,,,,,,,Gopal Gupta,,,,,,gupta,gopal gupta,Computational Logic  - Computational Logic
CS,6375,001,,,,,,,,,,,,,,,,,,,Wei Yang,Nicholas Ruozzi,,,,,wxy180002,wei yang,Machine Learning
CS,6378,001,,,,,,,,,,,,,,,,,,,Ravi Prakash,,,,,,ravip,ravi prakash,Advanced Operating Systems
CS,6384,001,,,,,,,,,,,,,,,,,,,Yapeng Tian,,,,,,yxt220013,yapeng tian,Computer Vision
CS,6384,002,,,,,,,,,,,,,,,,,,,Yunhui Guo,,,,,,yxg220013,yunhui guo,Computer Vision
CS,6396,501,,,,,,,,,,,,,,,,,,,Farokh Bastani,,,,,,bastani,farokh bastani,Real-Time Systems
ECS,2390,0w1,,,,,,,,,,,,,,,,,,,Christopher Ryan,,,,,,cxr088000,christopher ryan,Professional and Technical Communication
ECS,2390,0w2,,,,,,,,,,,,,,,,,,,Christopher Ryan,,,,,,cxr088000,christopher ryan,Professional and Technical Communication
ECS,2390,0w6,,,,,,,,,,,,,,,,,,,Candie Mckee-Williams,,,,,,cdm230002,candie mckee williams,Professional and Technical Communication
ECS,2390,0w7,,,,,,,,,,,,,,,,,,,Christopher Ryan,,,,,,cxr088000,christopher ryan,Professional and Technical Communication
ECS,2390,501,,,,,,,,,,,,,,,,,,,David Rheams,,,,,,dcr093020,david rheams,Professional and Technical Communication
ECS,2390,hn1,,,,,,,,,,,,,,,,,,,Janet Johnson,,,,,,jlj065000,janet johnson,Professional and Technical Communication  - CV Honors
ECS,2390,hn2,,,,,,,,,,,,,,,,,,,Christina Montgomery,,,,,,cxm190022,christina montgomery,Professional and Technical Communication  - CV Honors
ECS,6v95,002,,,,,,,,,,,,,,,,,,,Benjamin Porter,,,,,,bap061000,benjamin porter,Special Topics in Engineering   Computer Science  - Teaching in Eng & Comp Sci
EE,2301,001,,,,,,,,,,,,,,,,,,,Gil Lee,,,,,,gslee,gill lee,Electrical Network Analysis
EE,2301,002,,,,,,,,,,,,,,,,,,,Yun Chiu,,,,,,yxc101000,yun chiu,Electrical Network Analysis
EE,2301,501,,,,,,,,,,,,,,,,,,,Yun Chiu,,,,,,yxc101000,yun chiu,Electrical Network Analysis
EE,2310,001,,,,,,,,,,,,,,,,,,,Shaheen Ahmed,,,,,,sxa176730,shaheen ahmed,Introduction to Digital Systems
EE,2310,501,,,,,,,,,,,,,,,,,,,Shaheen Ahmed,,,,,,sxa176730,shaheen ahmed,Introduction to Digital Systems
EE,3300,002,,,,,,,,,,,,,,,,,,,Jung Lee,,,,,,jls032000,jung lee,Advanced Engineering Mathematics
EE,3302,001,,,,,,,,,,,,,,,,,,,Murat Torlak,,,,,,torlak,murat torlak,Signals and Systems
EE,3302,501,,,,,,,,,,,,,,,,,,,Issa Panahi,,,,,,imp015000,issa panahi,Signals and Systems
EE,3310,001,,,,,,,,,,,,,,,,,,,Jie Zhou,,,,,,dal836585,,Electronic Devices
EE,3311,001,,,,,,,,,,,,,,,,,,,Gil Lee,,,,,,gslee,gill lee,Electronic Circuits
EE,3320,002,,,,,,,,,,,,,,,,,,,Amneh Akour,,,,,,dal339881,amneh akour,Digital Circuits
EE,3320,003,,,,,,,,,,,,,,,,,,,Amneh Akour,,,,,,dal339881,amneh akour,Digital Circuits
EE,4301,002,,,,,,,,,,,,,,,,,,,Ifana Mahbub,,,,,,ixm121830,ifana mahbub,Electromagnetic Engineering I
EE,4303,001,,,,,,,,,,,,,,,,,,,Mona Ghassemi,,,,,,mxg220059,,Fundamentals of Power Systems
EE,4304,002,,,,,,,,,,,,,,,,,,,William Swartz,,,,,,wps100020,william swartz,Computer Architecture
EE,4310,002,,,,,,,,,,,,,,,,,,,Rabah Mezenner,,,,,,rxm129730,rabah mezenner,Systems and Controls
EE,4331,001,,,,,,,,,,,,,,,,,,,Lakshman Tamil,,,,,,laxman,lakshman tamil,Applied Machine Learning
EE,4368,001,,,,,,,,,,,,,,,,,,,Randall Lehmann,,,,,,rel041000,randall lehmann,RF Circuit Design Principles
EE,4368,002,,,,,,,,,,,,,,,,,,,Randall Lehmann,,,,,,rel041000,randall lehmann,RF Circuit Design Principles
EE,4370,001,,,,,,,,,,,,,,,,,,,Hossein Pedram,,,,,,hxp220048,hossein pedram,Embedded Systems
EEBM,6373,001,,,,,,,,,,,,,,,,,,,Fang Bian,,,,,,fxb180003,,Physiology and Immunology for Engineers
EEBM,6374,001,,,,,,,,,,,,,,,,,,,Polimyr Caesar Dave Dingal,,,,,,ppd210003,,Genes  Proteins and Cell Biology for Engineers
EECS,6302,001,,,,,,,,,,,,,,,,,,,Mark Spong,,,,,,mws081000,mark spong,Dynamics of Complex Networks and Systems
EECT,7v88,001,,,,,,,,,,,,,,,,,,,Ronald Rohrer,,,,,,dal242620,ronald rohrer,Special Topics in Circuits and Systems  - Digital Twins for Ics & Beyond
EEDG,6301,001,,,,,,,,,,,,,,,,,,,William Swartz,,,,,,wps100020,william swartz,Advanced Digital Logic
EEDG,6303,001,,,,,,,,,,,,,,,,,,,Mehrdad Nourani,,,,,,nourani,mehrdad nourani,Testing and Testable Design
EEDG,6308,501,,,,,,,,,,,,,,,,,,,Farokh Bastani,,,,,,bastani,farokh bastani,Real-Time Systems
EEDG,7v81,001,,,,,,,,,,,,,,,,,,,Kaveh Shamsi,,,,,,kxs200049,kaveh shamsi,Special Topics in Digital Systems  - Functional Verification
EEMF,6324,001,,,,,,,,,,,,,,,,,,,Kevin Brenner,,,,,,kxb230024,,Electronic  Optical and Magnetic Materials
EEMF,6382,001,,,,,,,,,,,,,,,,,,,Siavash Pourkamali,,,,,,sxp124631,siavash pourkamali,Introduction to MEMS
EEPE,6357,001,,,,,,,,,,,,,,,,,,,Babak Fahimi,,,,,,bxf102000,babak fahimi,Control  Modeling and Simulation in Power Electronics
EERF,6311,001,,,,,,,,,,,,,,,,,,,Rashaunda Henderson,,,,,,rmh072000,rashaunda henderson,RF and Microwave Circuits
EERF,6330,001,,,,,,,,,,,,,,,,,,,Kenneth O,,,,,,kxo091000,kenneth,RF Integrated Circuit Design
EERF,6351,001,,,,,,,,,,,,,,,,,,,Rashaunda Henderson,,,,,,rmh072000,rashaunda henderson,Computational Electromagnetics
EESC,6349,001,,,,,,,,,,,,,,,,,,,Murat Torlak,,,,,,torlak,murat torlak,Probability  Random Variables  and Statistics
EESC,6395,001,,,,,,,,,,,,,,,,,,,Lakshman Tamil,,,,,,laxman,lakshman tamil,Wireless Sensor Systems and Networks
ENGR,2300,001,,,,,,,,,,,,,,,,,,,Jung Lee,,,,,,jls032000,jung lee,Linear Algebra for Engineers
ENGR,2300,003,,,,,,,,,,,,,,,,,,,Rabah Mezenner,,,,,,rxm129730,rabah mezenner,Linear Algebra for Engineers
ENGR,2300,004,,,,,,,,,,,,,,,,,,,Matthew Heins,,,,,,msh130130,matthew heins,Linear Algebra for Engineers
ENGR,2300,009,,,,,,,,,,,,,,,,,,,Jung Lee,,,,,,jls032000,jung lee,Linear Algebra for Engineers
ENGR,2300,011,,,,,,,,,,,,,,,,,,,Amir Khoobroo,,,,,,axk144831,amir khoobroo,Linear Algebra for Engineers
ENGR,3341,002,,,,,,,,,,,,,,,,,,,Mohammad Saquib,,,,,,saquib,mohammad saquib,Probability Theory and Statistics
ENGR,3341,004,,,,,,,,,,,,,,,,,,,Mohammad Saquib,,,,,,saquib,mohammad saquib,Probability Theory and Statistics
MECH,2320,001,,,,,,,,,,,,,,,,,,,Hongbing Lu,,,,,,hxl101000,hongbing lu,Mechanics of Materials
MECH,2330,002,,,,,,,,,,,,,,,,,,,Xinchen Ni,,,,,,xxn230001,xinchen ni,Dynamics
MECH,3300,001,,,,,,,,,,,,,,,,,,,William VanDenberghe,,,,,,wxv101020,william vandenberghe,Applied Engineering Mathematics
MECH,3300,002,,,,,,,,,,,,,,,,,,,P.L.Stephan Thamban,,,,,,stephan,p l stephan thamban,Applied Engineering Mathematics
MECH,3315,002,,,,,,,,,,,,,,,,,,,William Anderson,,,,,,wca140030,william anderson,Fluid Mechanics
MECH,3320,002,,,,,,,,,,,,,,,,,,,Guoping Xiong,,,,,,gxx200001,guoping xiong,Heat Transfer
MECH,3340,002,,,,,,,,,,,,,,,,,,,Zejiang Wang,,,,,,zxw240006,zejiang wang,System Dynamics Modeling and Analysis
MECH,3350,001,,,,,,,,,,,,,,,,,,,Oziel Rios,,,,,,oxr106020,oziel rios,Kinematics and Dynamics of Mechanical Systems
MECH,3351,001,,,,,,,,,,,,,,,,,,,Golden Kumar,,,,,,gxk180010,golden kumar,Design of Mechanical Systems
MECH,3382,002,,,,,,,,,,,,,,,,,,,Connor Armstrong,,,,,,dal228242,,Additive Manufacturing
MECH,4310,003,,,,,,,,,,,,,,,,,,,Mario Rotea,,,,,,mar091000,mario rotea,Systems and Controls
MECH,4v95,001,,,,,,,,,,,,,,,,,,,Nandika D'Souza,,,,,,nad240000,nandika dsouza,Topics in Mechanical Engineering  - Composite Sandwich Structures
MECH,4v95,002,,,,,,,,,,,,,,,,,,,Edward White,,,,,,dal102367,,Topics in Mechanical Engineering  - Aerodynamics
MECH,4v95,004,,,,,,,,,,,,,,,,,,,Hui Ouyang,,,,,,hxo150330,hui ouyang,Topics in Mechanical Engineering  - Aerosol Science & Measurements
MECH,5300,001,,,,,,,,,,,,,,,,,,,Matthew Wong,,,,,,dal644378,matthew wong,Introduction to Materials Science
MECH,6309,001,,,,,,,,,,,,,,,,,,,Wooram Park,,,,,,wxp103020,wooram park,Intermediate Dynamics
MECH,6312,001,,,,,,,,,,,,,,,,,,,Murat Torlak,,,,,,torlak,murat torlak,Probability  Random Variables  and Statistics
MECH,6317,001,,,,,,,,,,,,,,,,,,,Mark Spong,,,,,,mws081000,mark spong,Dynamics of Complex Networks and Systems
MECH,6339,001,,,,,,,,,,,,,,,,,,,Daniel Griffith,,,,,,dtg170130,daniel griffith,Multidisciplinary Design Optimization
MECH,6347,001,,,,,,,,,,,,,,,,,,,Siavash Pourkamali,,,,,,sxp124631,siavash pourkamali,Introduction to MEMS
MECH,6372,001,,,,,,,,,,,,,,,,,,,Stefano Leonardi,,,,,,sxl139330,stefano leonardi,Turbulent Flows
MECH,6376,001,,,,,,,,,,,,,,,,,,,Giacomo Valerio Iungo,,,,,,ixg140830,giacomo iungo,Experimental Thermal and Fluid Dynamics
MECH,6377,002,,,,,,,,,,,,,,,,,,,Guoping Xiong,,,,,,gxx200001,guoping xiong,Advanced Thermodynamics
MECH,6v49,001,,,,,,,,,,,,,,,,,,,Nandika D'Souza,,,,,,nad240000,nandika dsouza,Special Topics in Manufacturing and Design Innovation  - Composite Sandwich Structures
MECH,6v69,003,,,,,,,,,,,,,,,,,,,Laisuo Su,,,,,,lxs230021,,Special Topics in Mechanics and Materials  - Intro Batteries
MECH,6v89,001,,,,,,,,,,,,,,,,,,,Xinfang Jin,,,,,,dal356464,,Special Topics in Thermal and Fluid Sciences  - Intro Num Mthds for Therm Mgmt
MECH,6v89,002,,,,,,,,,,,,,,,,,,,Kianoosh Yousefi,,,,,,kxy220011,kianoosh yousefi,Special Topics in Thermal and Fluid Sciences  - Water Wave Mechanics
MECH,6v89,004,,,,,,,,,,,,,,,,,,,Hui Ouyang,,,,,,hxo150330,hui ouyang,Special Topics in Thermal and Fluid Sciences  - Aerosol Science & Measurements
MECH,6v95,002,,,,,,,,,,,,,,,,,,,Edward White,,,,,,dal102367,,Topics in Mechanical Engineering  - Aerodynamics
MSEN,3320,001,,,,,,,,,,,,,,,,,,,Rafik Addou,,,,,,rxa132530,rafik addou,Electronic  Optical  and Magnetic Properties of Materials
MSEN,3339,001,,,,,,,,,,,,,,,,,,,Rebecca McClain,,,,,,rxm220007,rebecca mcclain,Materials Characterization
MSEN,4305,001,,,,,,,,,,,,,,,,,,,Kyle McCall,,,,,,kxm210050,kyle mccall,Sustainable Electricity Generation
MSEN,5300,001,,,,,,,,,,,,,,,,,,,Matthew Wong,,,,,,dal644378,matthew wong,Introduction to Materials Science
MSEN,6323,001,,,,,,,,,,,,,,,,,,,Massimo Fischetti,,,,,,mvf100020,massimo fischetti,Quantum Mechanics for Materials Scientists II
MSEN,6324,001,,,,,,,,,,,,,,,,,,,Kevin Brenner,,,,,,kxb230024,,Electronic  Optical and Magnetic Materials
MSEN,6355,001,,,,,,,,,,,,,,,,,,,Nathan Churcher,,,,,,nkc170030,nathan churcher,Nanotechnology and Sensors
MSEN,6382,001,,,,,,,,,,,,,,,,,,,Siavash Pourkamali,,,,,,sxp124631,siavash pourkamali,Introduction to MEMS
MSEN,7v80,001,,,,,,,,,,,,,,,,,,,Cormac Toher,,,,,,cxt210037,,Special Topics in Materials Science and Engineering  - Intro to Prog & Mach Lrning
MSEN,7v80,003,,,,,,,,,,,,,,,,,,,Laisuo Su,,,,,,lxs230021,,Special Topics in Materials Science and Engineering  - Intro Batteries
SE,2340,002,,,,,,,,,,,,,,,,,,,Yi Zhao,,,,,,zhao,yi zhao,Computer Architecture
SE,2340,005,,,,,,,,,,,,,,,,,,,Alice Wang,,,,,,axw230018,alice wang,Computer Architecture
SE,2340,006,,,,,,,,,,,,,,,,,,,Nhut Nguyen,,,,,,nhutnn,nhut nguyen,Computer Architecture
SE,2340,008,,,,,,,,,,,,,,,,,,,Nhut Nguyen,,,,,,nhutnn,nhut nguyen,Computer Architecture
SE,3162,051,,,,,,,,,,,,,,,,,,,John Cole,,,,,,jxc064000,john cole,Professional Responsibility in Computer Science and Software Engineering
SE,3162,052,,,,,,,,,,,,,,,,,,,John Cole,,,,,,jxc064000,john cole,Professional Responsibility in Computer Science and Software Engineering
SE,3162,091,,,,,,,,,,,,,,,,,,,John Cole,,,,,,jxc064000,john cole,Professional Responsibility in Computer Science and Software Engineering
SE,3162,092,,,,,,,,,,,,,,,,,,,John Cole,,,,,,jxc064000,john cole,Professional Responsibility in Computer Science and Software Engineering
SE,3341,002,,,,,,,,,,,,,,,,,,,Huizhen Guo,,,,,,hxg190020,huizhen guo,Probability and Statistics in Computer Science and Software Engineering
SE,3341,003,,,,,,,,,,,,,,,,,,,Huizhen Guo,,,,,,hxg190020,huizhen guo,Probability and Statistics in Computer Science and Software Engineering
SE,3345,002,,,,,,,,,,,,,,,,,,,Meghana Satpute,,,,,,mns086000,meghana satpute,Data Structures and Foundations of Algorithmic Analysis
SE,3345,004,,,,,,,,,,,,,,,,,,,Siva Sai Nagender Vasireddy,,,,,,sxv163630,,Data Structures and Foundations of Algorithmic Analysis
SE,3345,501,,,,,,,,,,,,,,,,,,,Omar Hamdy,,,,,,oxh210004,omar hamdy,Data Structures and Foundations of Algorithmic Analysis
SE,3345,502,,,,,,,,,,,,,,,,,,,Mohamed Amine Belkoura,,,,,,mxb135330,mohamed amine belkoura,Data Structures and Foundations of Algorithmic Analysis
SE,3354,005,,,,,,,,,,,,,,,,,,,Priya Narayanasami,,,,,,pxn173330,priya narayanasami,Software Engineering
SE,3354,007,,,,,,,,,,,,,,,,,,,Erik Peterson,,,,,,eap190004,erik peterson,Software Engineering
SE,3354,008,,,,,,,,,,,,,,,,,,,Erik Peterson,,,,,,eap190004,erik peterson,Software Engineering
SE,3354,009,,,,,,,,,,,,,,,,,,,Priya Narayanasami,,,,,,pxn173330,priya narayanasami,Software Engineering
SE,3377,002,,,,,,,,,,,,,,,,,,,Richard Min,Jeyakesavan Veerasamy,,,,,rkm010300,richard min,Systems Programming in UNIX and Other Environments
SE,3377,003,,,,,,,,,,,,,,,,,,,Richard Min,Jeyakesavan Veerasamy,,,,,rkm010300,richard min,Systems Programming in UNIX and Other Environments
SE,3377,004,,,,,,,,,,,,,,,,,,,Jeyakesavan Veerasamy,,,,,,veerasam,jeyakesavan veerasamy,Systems Programming in UNIX and Other Environments
SE,3377,005,,,,,,,,,,,,,,,,,,,Jeyakesavan Veerasamy,,,,,,veerasam,jeyakesavan veerasamy,Systems Programming in UNIX and Other Environments
SE,3377,501,,,,,,,,,,,,,,,,,,,Mohamed Amine Belkoura,Jeyakesavan Veerasamy,,,,,mxb135330,mohamed amine belkoura,Systems Programming in UNIX and Other Environments
SE,4347,003,,,,,,,,,,,,,,,,,,,Jalal Omer,,,,,,jso016000,jalal omer,Database Systems
SE,4347,005,,,,,,,,,,,,,,,,,,,Xinda Wang,,,,,,xxw230005,xinda wang,Database Systems
SE,4347,501,,,,,,,,,,,,,,,,,,,Chris Davis,,,,,,cid021000,chris davis,Database Systems
SE,4347,502,,,,,,,,,,,,,,,,,,,Ziaullah Khan,,,,,,kkhan,ziaullah khan,Database Systems
SE,4348,001,,,,,,,,,,,,,,,,,,,I-Ling Yen,,,,,,ilyen,yen i ling,Operating Systems Concepts
SE,4348,002,,,,,,,,,,,,,,,,,,,I-Ling Yen,,,,,,ilyen,yen i ling,Operating Systems Concepts
SE,4348,003,,,,,,,,,,,,,,,,,,,Elmer Salazar,,,,,,ees101020,elmer salazar,Operating Systems Concepts
SE,4348,502,,,,,,,,,,,,,,,,,,,I-Ling Yen,,,,,,ilyen,yen i ling,Operating Systems Concepts
SE,4352,001,,,,,,,,,,,,,,,,,,,Tien Nguyen,,,,,,tnn160630,tien nguyen,Software Architecture and Design
SE,4376,001,,,,,,,,,,,,,,,,,,,Mark Paulk,,,,,,mcp130030,mark paulk,Object-Oriented Design
SE,4376,002,,,,,,,,,,,,,,,,,,,Mark Paulk,,,,,,mcp130030,mark paulk,Object-Oriented Design
SE,6387,001,,,,,,,,,,,,,,,,,,,Rym Zalila-Wenkstern,,,,,,rmili,rym zalila wenkstern,Advanced Software Engineering Project
SYSE,1202,001,,,,,,,,,,,,,,,,,,,Ramakrishna Koganti,,,,,,rxk190037,,Introduction to Systems Engineering
SYSE,3355,002,,,,,,,,,,,,,,,,,,,Eric Meyers,,,,,,ecm081000,,Data Science for Engineers  - Data Science for Engineers
SYSM,6302,001,,,,,,,,,,,,,,,,,,,Mark Spong,,,,,,mws081000,mark spong,Dynamics of Complex Networks and Systems
BMEN,1208,0l1,,,,,,,,,,,,,,,,,,,Kathleen McNeeley,,,,,,kxm156530,kathleen myers,Introduction to Bioengineering II
BMEN,1208,301,,,,,,,,,,,,,,,,,,,Kathleen McNeeley,,,,,,kxm156530,kathleen myers,Introduction to Bioengineering II
BMEN,1208,302,,,,,,,,,,,,,,,,,,,Bogdan Antohe,,,,,,dal183520,,Introduction to Bioengineering II
BMEN,1208,306,,,,,,,,,,,,,,,,,,,Bogdan Antohe,,,,,,dal183520,,Introduction to Bioengineering II
BMEN,3200,302,,,,,,,,,,,,,,,,,,,Christian Rivera,,,,,,cxr210008,christian rivera,Biomedical Engineering Fundamentals and Design
BMEN,6v87,003,,,,,,,,,,,,,,,,,,,Kristin Miller,,,,,,ksm220003,kristin miller,Special Topics in Biomedical Engineering  - Communication in Engineering
CE,2310,305,,,,,,,,,,,,,,,,,,,Amneh Akour,,,,,,dal339881,amneh akour,Introduction to Digital Systems
CE,3202,301,,,,,,,,,,,,,,,,,,,Kamran Kiasaleh,,,,,,kamran,kamran kiasaleh,Electrical and Computer Engineering Fundamentals-II Laboratory
CE,3202,302,,,,,,,,,,,,,,,,,,,Kamran Kiasaleh,,,,,,kamran,kamran kiasaleh,Electrical and Computer Engineering Fundamentals-II Laboratory
CE,3202,303,,,,,,,,,,,,,,,,,,,Kamran Kiasaleh,,,,,,kamran,kamran kiasaleh,Electrical and Computer Engineering Fundamentals-II Laboratory
CE,3202,304,,,,,,,,,,,,,,,,,,,Shaheen Ahmed,,,,,,sxa176730,shaheen ahmed,Electrical and Computer Engineering Fundamentals-II Laboratory
CE,3202,305,,,,,,,,,,,,,,,,,,,Shaheen Ahmed,,,,,,sxa176730,shaheen ahmed,Electrical and Computer Engineering Fundamentals-II Laboratory
CE,4205,301,,,,,,,,,,,,,,,,,,,Bilal Akin,,,,,,bxa123330,bilal akin,Electrical and Computer Engineering Laboratory in Power Electronics and Energy Systems
CE,6302,302,,,,,,,,,,,,,,,,,,,Tooraj Nikoubin,,,,,,txn190011,tooraj nikoubin,Embedded Systems
CS,4141,103,,,,,,,,,,,,,,,,,,,Eric Becker,,,,,,ewb160130,eric becker,Digital Systems Laboratory
CS,4141,108,,,,,,,,,,,,,,,,,,,Eric Becker,,,,,,ewb160130,eric becker,Digital Systems Laboratory
CS,4141,113,,,,,,,,,,,,,,,,,,,Eric Becker,,,,,,ewb160130,eric becker,Digital Systems Laboratory
CS,4141,116,,,,,,,,,,,,,,,,,,,Eric Becker,,,,,,ewb160130,eric becker,Digital Systems Laboratory
CS,4141,603,,,,,,,,,,,,,,,,,,,Eric Becker,,,,,,ewb160130,eric becker,Digital Systems Laboratory
CS,4141,608,,,,,,,,,,,,,,,,,,,Eric Becker,,,,,,ewb160130,eric becker,Digital Systems Laboratory
ECS,1192,015,,,,,,,,,,,,,,,,,,,Kyle McCall,,,,,,kxm210050,kyle mccall,Research  Inquiry  Design Experience  - Make & Test Perovskite Sensors
ECS,1192,017,,,,,,,,,,,,,,,,,,,Benjamin Porter,,,,,,bap061000,benjamin porter,Research  Inquiry  Design Experience  - Engineering Ed. & Teaching
ECS,1192,029,,,,,,,,,,,,,,,,,,,Matthew Wong,,,,,,dal644378,matthew wong,Research  Inquiry  Design Experience  - Gan Optoelectronic Devices
ECS,1192,043,,,,,,,,,,,,,,,,,,,Benjamin Porter,,,,,,bap061000,benjamin porter,Research  Inquiry  Design Experience  - Why Are We Doing This?
ECS,2192,015,,,,,,,,,,,,,,,,,,,Kyle McCall,,,,,,kxm210050,kyle mccall,Research  Inquiry  Design Experience  - Make & Test Perovskite Sensors
ECS,2192,017,,,,,,,,,,,,,,,,,,,Benjamin Porter,,,,,,bap061000,benjamin porter,Research  Inquiry  Design Experience  - Engineering Ed. & Teaching
ECS,2192,029,,,,,,,,,,,,,,,,,,,Matthew Wong,,,,,,dal644378,matthew wong,Research  Inquiry  Design Experience  - Gan Optoelectronic Devices
ECS,2192,043,,,,,,,,,,,,,,,,,,,Benjamin Porter,,,,,,bap061000,benjamin porter,Research  Inquiry  Design Experience  - Why Are We Doing This?
ECS,2390,005,,,,,,,,,,,,,,,,,,,Letitia Andrews,,,,,,laa104020,letitia andrews,Professional and Technical Communication
ECS,2390,013,,,,,,,,,,,,,,,,,,,Jonathan Hartmann,,,,,,jxh190042,jonathan hartmann,Professional and Technical Communication
ECS,2390,0h2,,,,,,,,,,,,,,,,,,,Shivika Mathur,,,,,,sxm170012,shivika mathur,Professional and Technical Communication
ECS,2390,0h5,,,,,,,,,,,,,,,,,,,Yvonne Sanchez,,,,,,dal518990,,Professional and Technical Communication
ECS,2390,0h6,,,,,,,,,,,,,,,,,,,Melissa Hernandez-Katz,,,,,,mhkatz,melissa hernandez katz,Professional and Technical Communication
ECS,2390,0s2,,,,,,,,,,,,,,,,,,,Christina Montgomery,,,,,,cxm190022,christina montgomery,Professional and Technical Communication  - Czech Republic
ECS,2390,0w5,,,,,,,,,,,,,,,,,,,Melissa Hernandez-Katz,,,,,,mhkatz,melissa hernandez katz,Professional and Technical Communication
ECS,2390,5h2,,,,,,,,,,,,,,,,,,,Yvonne Sanchez,,,,,,dal518990,,Professional and Technical Communication
ECS,2390,5h5,,,,,,,,,,,,,,,,,,,Lindsay Moore,,,,,,lem150330,lindsay moore,Professional and Technical Communication
ECS,3292,015,,,,,,,,,,,,,,,,,,,Kyle McCall,,,,,,kxm210050,kyle mccall,Research  Inquiry  Design Experience  - Make & Test Perovskite Sensors
ECS,3292,017,,,,,,,,,,,,,,,,,,,Benjamin Porter,,,,,,bap061000,benjamin porter,Research  Inquiry  Design Experience  - Engineering Ed. & Teaching
ECS,3292,029,,,,,,,,,,,,,,,,,,,Matthew Wong,,,,,,dal644378,matthew wong,Research  Inquiry  Design Experience  - Gan Optoelectronic Devices
ECS,3292,043,,,,,,,,,,,,,,,,,,,Benjamin Porter,,,,,,bap061000,benjamin porter,Research  Inquiry  Design Experience  - Why Are We Doing This?
ECS,4392,015,,,,,,,,,,,,,,,,,,,Kyle McCall,,,,,,kxm210050,kyle mccall,Research  Inquiry  Design Experience  - Make & Test Perovskite Sensors
ECS,4392,017,,,,,,,,,,,,,,,,,,,Benjamin Porter,,,,,,bap061000,benjamin porter,Research  Inquiry  Design Experience  - Engineering Ed. & Teaching
ECS,4392,029,,,,,,,,,,,,,,,,,,,Matthew Wong,,,,,,dal644378,matthew wong,Research  Inquiry  Design Experience  - Gan Optoelectronic Devices
ECS,4392,043,,,,,,,,,,,,,,,,,,,Benjamin Porter,,,,,,bap061000,benjamin porter,Research  Inquiry  Design Experience  - Why Are We Doing This?
EE,2310,305,,,,,,,,,,,,,,,,,,,Amneh Akour,,,,,,dal339881,amneh akour,Introduction to Digital Systems
EE,3202,301,,,,,,,,,,,,,,,,,,,Kamran Kiasaleh,,,,,,kamran,kamran kiasaleh,Electrical and Computer Engineering Fundamentals-II Laboratory
EE,3202,302,,,,,,,,,,,,,,,,,,,Kamran Kiasaleh,,,,,,kamran,kamran kiasaleh,Electrical and Computer Engineering Fundamentals-II Laboratory
EE,3202,303,,,,,,,,,,,,,,,,,,,Kamran Kiasaleh,,,,,,kamran,kamran kiasaleh,Electrical and Computer Engineering Fundamentals-II Laboratory
EE,3202,304,,,,,,,,,,,,,,,,,,,Shaheen Ahmed,,,,,,sxa176730,shaheen ahmed,Electrical and Computer Engineering Fundamentals-II Laboratory
EE,3202,305,,,,,,,,,,,,,,,,,,,Shaheen Ahmed,,,,,,sxa176730,shaheen ahmed,Electrical and Computer Engineering Fundamentals-II Laboratory
EE,4205,301,,,,,,,,,,,,,,,,,,,Bilal Akin,,,,,,bxa123330,bilal akin,Electrical and Computer Engineering Laboratory in Power Electronics and Energy Systems
EEDG,6302,302,,,,,,,,,,,,,,,,,,,Tooraj Nikoubin,,,,,,txn190011,tooraj nikoubin,Embedded Systems
EESC,6367,3h1,,,,,,,,,,,,,,,,,,,Nasser Kehtarnavaz,,,,,,nxk019000,nasser kehtarnavaz,Applied Digital Signal Processing
EPCS,2200,001,,,,,,,,,,,,,,,,,,,Andrea Turcatti,Muhammad Luqman Haider,,,,,amt101000,,Engineering Projects in Community Service
EPCS,3200,001,,,,,,,,,,,,,,,,,,,Andrea Turcatti,Vlad Birsan,,,,,amt101000,,Engineering Projects in Community Service II
MECH,1208,302,,,,,,,,,,,,,,,,,,,Jiannan Li,,,,,,dal850562,,Introduction to Mechanical Engineering II
MECH,1208,3l1,,,,,,,,,,,,,,,,,,,Jiannan Li,,,,,,dal850562,,Introduction to Mechanical Engineering II
MECH,2120,101,,,,,,,,,,,,,,,,,,,Hongbing Lu,,,,,,hxl101000,hongbing lu,Mechanics of Materials Laboratory
MECH,2120,102,,,,,,,,,,,,,,,,,,,Hongbing Lu,,,,,,hxl101000,hongbing lu,Mechanics of Materials Laboratory
MECH,3115,102,,,,,,,,,,,,,,,,,,,Yaqing Jin,,,,,,yxj190011,yaqing jin,Fluid Mechanics Laboratory
MECH,3150,102,,,,,,,,,,,,,,,,,,,Wooram Park,,,,,,wxp103020,wooram park,Kinematics and Dynamics Laboratory
MECH,3v95,002,,,,,,,,,,,,,,,,,,,Wei Li,,,,,,wxl190014,,Topics in Mechanical Engineering  - Engineering Machining & Fabric
MECH,6v95,003,,,,,,,,,,,,,,,,,,,Kristin Miller,,,,,,ksm220003,kristin miller,Topics in Mechanical Engineering  - Communication in Engineering
MSEN,3339,301,,,,,,,,,,,,,,,,,,,Rebecca McClain,,,,,,rxm220007,rebecca mcclain,Materials Characterization
MSEN,3339,302,,,,,,,,,,,,,,,,,,,Rebecca McClain,,,,,,rxm220007,rebecca mcclain,Materials Characterization
MSEN,7v80,002,,,,,,,,,,,,,,,,,,,Jiyoung Kim,,,,,,jxk041000,,Special Topics in Materials Science and Engineering  - Semicon Process Inte Tech: Lmd
CRIM,1301,001,,,,,,,,,,,,,,,,,,,Kerrie Ann Hull,,,,,,kxh210033,kerrie ann hull,Introduction to Criminal Justice
CRIM,1301,0w1,,,,,,,,,,,,,,,,,,,Allison Escobedo,,,,,,aeh220002,allison escobedo,Introduction to Criminal Justice
CRIM,1307,001,,,,,,,,,,,,,,,,,,,Tony Love,,,,,,txl230017,,Introduction to Crime and Criminology
CRIM,1307,0w1,,,,,,,,,,,,,,,,,,,Hoda Elsafadi,,,,,,hoe180000,,Introduction to Crime and Criminology
CRIM,2306,501,,,,,,,,,,,,,,,,,,,Clifford Duke,,,,,,cxd230042,,Criminal Law
CRIM,2313,0w1,,,,,,,,,,,,,,,,,,,LonNita Wiggins,,,,,,ljw210001,lonnita wiggins,Police and Society
CRIM,2316,001,,,,,,,,,,,,,,,,,,,Alexander Burton,,,,,,axb210254,alexander burton,Corrections
CRIM,2317,001,,,,,,,,,,,,,,,,,,,Tom Petrowski,,,,,,txp170007,,Criminal Prosecution and Court Process
CRIM,3300,0w1,,,,,,,,,,,,,,,,,,,John Worrall,,,,,,jlw064000,john worrall,Crime and Civil Liberties
CRIM,3301,0w1,,,,,,,,,,,,,,,,,,,Hailey Olszewski,,,,,,hxo230001,,Theories of Justice
CRIM,3302,0w1,,,,,,,,,,,,,,,,,,,Yeungjeom Lee,,,,,,yxl210021,,Advanced Criminology
CRIM,3303,0w1,,,,,,,,,,,,,,,,,,,Haley Puddy,,,,,,hnp200001,,Advanced Criminal Justice
CRIM,3307,001,,,,,,,,,,,,,,,,,,,Minyeong Yoon,,,,,,mxy230003,,Immigration and Crime
CRIM,3310,001,,,,,,,,,,,,,,,,,,,Megan Augustyn,,,,,,dal622680,,Youth Crime and Justice
CRIM,3311,501,,,,,,,,,,,,,,,,,,,Danny Barton,,,,,,,danny barton,American Crime  Truths  Half-Truths  and Lies
CRIM,3312,001,,,,,,,,,,,,,,,,,,,Tony Love,,,,,,txl230017,,Drugs and Crime
CRIM,3319,0w1,,,,,,,,,,,,,,,,,,,Anthony Papageorgiou,,,,,,ajp220004,,Comparative Justice Systems
CRIM,3324,001,,,,,,,,,,,,,,,,,,,Jessica Garcia,,,,,,dal544577,,Gender  Crime  and Justice
CRIM,3325,0w1,,,,,,,,,,,,,,,,,,,Jessica Garcia,,,,,,dal544577,,Victimology
CRIM,3326,001,,,,,,,,,,,,,,,,,,,Meeghan Gross,,,,,,mag230017,,Victimless Crimes
CRIM,4311,0w1,,,,,,,,,,,,,,,,,,,Alexander Burton,,,,,,axb210254,alexander burton,Crime and Justice Policy
CRIM,4315,001,,,,,,,,,,,,,,,,,,,Marvin Mcchriston,,,,,,mxm230053,,Race  Ethnicity  and Justice
CRIM,4322,0h1,,,,,,,,,,,,,,,,,,,Andrew Krajewski,,,,,,axk210064,andrew krajewski,Senior Research Seminar
CRIM,4396,0h2,,,,,,,,,,,,,,,,,,,Lynne Vieraitis,,,,,,lmv071000,lynne vieraitis,Selected Topics in Criminology  - Inside Out Prison Exchange
CRIM,4396,0w1,,,,,,,,,,,,,,,,,,,Carley Shelton,,,,,,crs200003,carley shelton,Selected Topics in Criminology  - Community Corrections
CRIM,6308,0w1,,,,,,,,,,,,,,,,,,,Jessica Garcia,,,,,,dal544577,,Victimology
CRIM,6311,501,,,,,,,,,,,,,,,,,,,Lynne Vieraitis,,,,,,lmv071000,lynne vieraitis,Crime and Justice Policy
CRIM,6332,0w1,,,,,,,,,,,,,,,,,,,Alexander Michels,,,,,,dal384425,,GIS Applications in Criminology
CRIM,6332,501,,,,,,,,,,,,,,,,,,,Alexander Michels,,,,,,dal384425,,GIS Applications in Criminology
CRIM,7342,001,,,,,,,,,,,,,,,,,,,Arthur Vasquez,,,,,,agv100020,arthur vasquez,Qualitative Criminology
CRIM,7381,001,,,,,,,,,,,,,,,,,,,Megan Augustyn,,,,,,dal622680,,Special Topics in Criminology  - Criminological Inquiry
CRIM,7381,002,,,,,,,,,,,,,,,,,,,Yeungjeom Lee,,,,,,yxl210021,,Special Topics in Criminology  - Core Crim Concepts
ECON,2301,001,,,,,,,,,,,,,,,,,,,Fatema Tuj Johra,,,,,,fxj220001,fatema tuj johra,Principles of Macroeconomics
ECON,2301,002,,,,,,,,,,,,,,,,,,,Luba Ketsler,,,,,,lxk010300,luba ketsler,Principles of Macroeconomics
ECON,2301,003,,,,,,,,,,,,,,,,,,,Luba Ketsler,,,,,,lxk010300,luba ketsler,Principles of Macroeconomics
ECON,2301,004,,,,,,,,,,,,,,,,,,,Taowen Hu,,,,,,txh230003,taowen hu,Principles of Macroeconomics
ECON,2301,501,,,,,,,,,,,,,,,,,,,Tong Jin,,,,,,txj230001,,Principles of Macroeconomics
ECON,2302,001,,,,,,,,,,,,,,,,,,,William Grover,,,,,,wcg071000,william grover,Principles of Microeconomics
ECON,2302,003,,,,,,,,,,,,,,,,,,,Trey Miller,,,,,,dwm052000,trey miller,Principles of Microeconomics
ECON,2302,004,,,,,,,,,,,,,,,,,,,Maryam Ahmadi,,,,,,mxa143930,maryam ahmadi,Principles of Microeconomics
ECON,2302,005,,,,,,,,,,,,,,,,,,,Trey Miller,,,,,,dwm052000,trey miller,Principles of Microeconomics
ECON,2302,501,,,,,,,,,,,,,,,,,,,Hao Mou,,,,,,hxm220038,,Principles of Microeconomics
ECON,2302,502,,,,,,,,,,,,,,,,,,,Maryam Ahmadi,,,,,,mxa143930,maryam ahmadi,Principles of Microeconomics
ECON,3310,001,,,,,,,,,,,,,,,,,,,Jonas Hedlund,,,,,,jxh180030,jonas hedlund,Intermediate Microeconomic Theory
ECON,3310,501,,,,,,,,,,,,,,,,,,,Anne Burton,,,,,,axb210050,anne burton,Intermediate Microeconomic Theory
ECON,3311,001,,,,,,,,,,,,,,,,,,,William Grover,,,,,,wcg071000,william grover,Intermediate Macroeconomic Theory
ECON,3315,001,,,,,,,,,,,,,,,,,,,Kurt Beron,,,,,,kberon,kurt beron,Sports Economics
ECON,3330,001,,,,,,,,,,,,,,,,,,,Luba Ketsler,,,,,,lxk010300,luba ketsler,Economics of Health
ECON,3330,002,,,,,,,,,,,,,,,,,,,Luba Ketsler,,,,,,lxk010300,luba ketsler,Economics of Health
ECON,3338,001,,,,,,,,,,,,,,,,,,,Anne Burton,,,,,,axb210050,anne burton,Economics of Crime
ECON,3396,0s1,,,,,,,,,,,,,,,,,,,Seth Giertz,,,,,,sxg154831,seth giertz,Special Topics in Economics  - Urban Economics in Argentina
ECON,4301,001,,,,,,,,,,,,,,,,,,,Kevin Siqueira,,,,,,kjs064000,kevin siqueira,Game Theory
ECON,4320,001,,,,,,,,,,,,,,,,,,,Seth Giertz,,,,,,sxg154831,seth giertz,Public Sector Economics
ECON,4325,001,,,,,,,,,,,,,,,,,,,Pengfei Zhang,,,,,,pxz220003,pengfei zhang,Digital Economics and the Law
ECON,4334,501,,,,,,,,,,,,,,,,,,,Maryam Ahmadi,,,,,,mxa143930,maryam ahmadi,Experimental Economics
ECON,4351,001,,,,,,,,,,,,,,,,,,,William Grover,,,,,,wcg071000,william grover,Mathematical Economics
ECON,4355,001,,,,,,,,,,,,,,,,,,,Dong Li,,,,,,dxl145430,dong li,Econometrics
ECON,4360,001,,,,,,,,,,,,,,,,,,,Kevin Siqueira,,,,,,kjs064000,kevin siqueira,International Trade
ECON,4362,001,,,,,,,,,,,,,,,,,,,Maria Morales Leon,,,,,,mcm200006,maria morales leon,Development Economics
ECON,4382,001,,,,,,,,,,,,,,,,,,,Camilo Granados,,,,,,cxg220001,,International Finance
ECON,4396,001,,,,,,,,,,,,,,,,,,,Erin Litzow,,,,,,exl240015,erin litzow,Selected Topics in Economics  - Environment and Dev Policy
ECON,4396,002,,,,,,,,,,,,,,,,,,,Dong Li,,,,,,dxl145430,dong li,Selected Topics in Economics  - Methods of Econ Data Analysis
ECON,5322,501,,,,,,,,,,,,,,,,,,,Camilo Granados,,,,,,cxg220001,,Macroeconomic Theory for Applications
ECON,5397,001,,,,,,,,,,,,,,,,,,,Donggyu Sul,,,,,,dxs093000,donggyu sul,Special Topics in Economics  - Health and Policy Analytics
ECON,6309,001,,,,,,,,,,,,,,,,,,,Donggyu Sul,,,,,,dxs093000,donggyu sul,Econometrics I
ECON,6331,001,,,,,,,,,,,,,,,,,,,Maria Morales Leon,,,,,,mcm200006,maria morales leon,Labor Economics I
ECON,6362,001,,,,,,,,,,,,,,,,,,,Pengfei Zhang,,,,,,pxz220003,pengfei zhang,Industry  Technology  and Science Policy
ECON,7363,001,,,,,,,,,,,,,,,,,,,Seth Giertz,,,,,,sxg154831,seth giertz,Public Economics II
ENVR,2302,001,,,,,,,,,,,,,,,,,,,Mahbubur Rahman,,,,,,mxr230075,mahbubur rahman,The Global Environment
ENVR,2302,0w1,,,,,,,,,,,,,,,,,,,Md. Nakir Ahmed,,,,,,mxa200006,md nakir ahmed,The Global Environment
ENVR,4386,001,,,,,,,,,,,,,,,,,,,Stanley Osondu,,,,,,seo240000,stanley osondu,Climate Change and Sustainable Solutions
EPPS,2301,001,,,,,,,,,,,,,,,,,,,Rahul Thakar,,,,,,rat190003,,Research Design in the Social and Policy Sciences
EPPS,2301,002,,,,,,,,,,,,,,,,,,,Kristine Hahm,,,,,,kjh220000,kristine hahm,Research Design in the Social and Policy Sciences
EPPS,2301,0w1,,,,,,,,,,,,,,,,,,,Holly Kosiewicz,,,,,,hxk200027,holly kosiewicz,Research Design in the Social and Policy Sciences
EPPS,2302,001,,,,,,,,,,,,,,,,,,,Brandy Wicker,,,,,,bmw240000,brandy wicker,Methods of Quantitative Analysis in the Social and Policy Sciences
EPPS,2302,002,,,,,,,,,,,,,,,,,,,Timothy Bray,,,,,,tmb021000,timothy bray,Methods of Quantitative Analysis in the Social and Policy Sciences
EPPS,2302,003,,,,,,,,,,,,,,,,,,,Timothy Bray,,,,,,tmb021000,timothy bray,Methods of Quantitative Analysis in the Social and Policy Sciences
EPPS,2307,001,,,,,,,,,,,,,,,,,,,M Shahriar Sonet,,,,,,mxs240007,m shahriar sonet,Digital Earth
EPPS,2307,002,,,,,,,,,,,,,,,,,,,Muhammad Rahman,,,,,,mtr018000,,Digital Earth
EPPS,3111,001,,,,,,,,,,,,,,,,,,,Amy Kendall,,,,,,alk210000,amy kendall,Careers in the Social Sciences
EPPS,4300,001,,,,,,,,,,,,,,,,,,,Timothy Bray,Natalia Lamberova,,,,,tmb021000,timothy bray,EPPS Policy Lab  - Casino Policy and Consequence
EPPS,4386,001,,,,,,,,,,,,,,,,,,,Stanley Osondu,,,,,,seo240000,stanley osondu,Climate Change and Sustainable Solutions
EPPS,6300,001,,,,,,,,,,,,,,,,,,,Timothy Bray,Natalia Lamberova,,,,,tmb021000,timothy bray,EPPS Policy Lab  - Casino Policy and Consequence
EPPS,6313,501,,,,,,,,,,,,,,,,,,,William Grover,,,,,,wcg071000,william grover,Introduction to Quantitative Methods
EPPS,6316,501,,,,,,,,,,,,,,,,,,,Andrew Krajewski,,,,,,axk210064,andrew krajewski,Applied Regression
EPPS,6323,001,,,,,,,,,,,,,,,,,,,Karl Ho,,,,,,kxh022100,karl ho,Knowledge Mining
EPPS,6326,501,,,,,,,,,,,,,,,,,,,Michael Tiefelsdorf,,,,,,mrt052000,michael tiefelsdorf,Machine Learning for Socio-Economic and Geo-Referenced Data
EPPS,6354,001,,,,,,,,,,,,,,,,,,,Karl Ho,,,,,,kxh022100,karl ho,Information Management
EPPS,7316,001,,,,,,,,,,,,,,,,,,,Patrick Brandt,,,,,,pxb054000,patrick brandt,Regression and Multivariate Analysis
GEOG,2302,001,,,,,,,,,,,,,,,,,,,Mahbubur Rahman,,,,,,mxr230075,mahbubur rahman,The Global Environment
GEOG,2302,0w1,,,,,,,,,,,,,,,,,,,Md. Nakir Ahmed,,,,,,mxa200006,md nakir ahmed,The Global Environment
GEOG,2303,0w1,,,,,,,,,,,,,,,,,,,Fangchao Dong,,,,,,fxd220006,,World Regional Geography
GEOG,2309,001,,,,,,,,,,,,,,,,,,,May Yuan,,,,,,mxy141230,,Principles of Geospatial Information Sciences
GEOG,3372,001,,,,,,,,,,,,,,,,,,,Michael Tiefelsdorf,,,,,,mrt052000,michael tiefelsdorf,Population and Development
GEOG,3377,0w1,,,,,,,,,,,,,,,,,,,Eugenia Gorina,,,,,,exg131830,evgenia gorina,Urban Planning and Policy
GISC,2307,001,,,,,,,,,,,,,,,,,,,M Shahriar Sonet,,,,,,mxs240007,m shahriar sonet,Digital Earth
GISC,2307,002,,,,,,,,,,,,,,,,,,,Muhammad Rahman,,,,,,mtr018000,,Digital Earth
GISC,2309,001,,,,,,,,,,,,,,,,,,,May Yuan,,,,,,mxy141230,,Principles of Geospatial Information Sciences
GISC,2326,001,,,,,,,,,,,,,,,,,,,Yongwan Chun,,,,,,yxc070300,,Computer Mapping and Geovisualization
GISC,4325,001,,,,,,,,,,,,,,,,,,,Umme Kulsum,,,,,,uxk220007,,Introduction to Remote Sensing
GISC,4328,001,,,,,,,,,,,,,,,,,,,Fang Qiu,,,,,,ffqiu,fang qiu,Drone and Remote Sensing
GISC,4382,0w1,,,,,,,,,,,,,,,,,,,Bryan Chastain,,,,,,bjc062000,bryan chastain,Applied Geographic Information Systems
GISC,4382,501,,,,,,,,,,,,,,,,,,,Bryan Chastain,,,,,,bjc062000,bryan chastain,Applied Geographic Information Systems
GISC,4385,001,,,,,,,,,,,,,,,,,,,John Fell,,,,,,jfell,john fell,Advanced Applications in GIS  - GIS for Real Estate
GISC,4386,001,,,,,,,,,,,,,,,,,,,Stanley Osondu,,,,,,seo240000,stanley osondu,Climate Change and Sustainable Solutions
GISC,4v96,004,,,,,,,,,,,,,,,,,,,David Lary,,,,,,djl101000,david lary,"Special Topics in Geospatial Information Science  - Air, Environment and Health"
GISC,4v96,0s1,,,,,,,,,,,,,,,,,,,Seth Giertz,,,,,,sxg154831,seth giertz,Special Topics in Geospatial Information Science  - Urban Economics in Argentina
GISC,6323,501,,,,,,,,,,,,,,,,,,,Michael Tiefelsdorf,,,,,,mrt052000,michael tiefelsdorf,Machine Learning for Socio-Economic and Geo-Referenced Data
GISC,6328,001,,,,,,,,,,,,,,,,,,,Fang Qiu,,,,,,ffqiu,fang qiu,Drone and Remote Sensing
GISC,6331,0w1,,,,,,,,,,,,,,,,,,,Alexander Michels,,,,,,dal384425,,GIS Applications in Criminology
GISC,6331,501,,,,,,,,,,,,,,,,,,,Alexander Michels,,,,,,dal384425,,GIS Applications in Criminology
GISC,6381,0w1,,,,,,,,,,,,,,,,,,,Yongwan Chun,,,,,,yxc070300,,Geographic Information Systems Fundamentals
GISC,6381,501,,,,,,,,,,,,,,,,,,,Yongwan Chun,,,,,,yxc070300,,Geographic Information Systems Fundamentals
GISC,6382,001,,,,,,,,,,,,,,,,,,,John Fell,,,,,,jfell,john fell,Applied Geographic Information Systems  - GIS for Real Estate
GISC,6382,0w1,,,,,,,,,,,,,,,,,,,John Fell,,,,,,jfell,john fell,Applied Geographic Information Systems
GISC,6384,001,,,,,,,,,,,,,,,,,,,Fang Qiu,,,,,,ffqiu,fang qiu,Advanced Geographic Information Systems
GISC,6384,0w1,,,,,,,,,,,,,,,,,,,Fang Qiu,,,,,,ffqiu,fang qiu,Advanced Geographic Information Systems
GISC,6385,001,,,,,,,,,,,,,,,,,,,May Yuan,,,,,,mxy141230,,GIS Theories  Models and Issues
GISC,6389,0w1,,,,,,,,,,,,,,,,,,,Yongwan Chun,,,,,,yxc070300,,Geospatial Information Sciences Master s Research
GISC,7310,001,,,,,,,,,,,,,,,,,,,Michael Tiefelsdorf,,,,,,mrt052000,michael tiefelsdorf,Advanced GIS Data Analysis
GOVT,2305,001,,,,,,,,,,,,,,,,,,,Yeon Soo Park,,,,,,dal602778,yeon soo park,American National Government
GOVT,2305,002,,,,,,,,,,,,,,,,,,,Yeon Soo Park,,,,,,dal602778,yeon soo park,American National Government
GOVT,2305,003,,,,,,,,,,,,,,,,,,,Shelby Jackson,,,,,,,shelby jackson,American National Government
GOVT,2305,004,,,,,,,,,,,,,,,,,,,Shelby Jackson,,,,,,,shelby jackson,American National Government
GOVT,2305,501,,,,,,,,,,,,,,,,,,,Kashmiri Medhi,,,,,,kxm190003,kashmiri medhi,American National Government
GOVT,2305,hn1,,,,,,,,,,,,,,,,,,,Banks Miller,,,,,,bxm093000,banks miller,American National Government  - CV Honors
GOVT,2306,001,,,,,,,,,,,,,,,,,,,Curtis Bram,,,,,,cxb230007,curtis bram,State and Local Government
GOVT,2306,002,,,,,,,,,,,,,,,,,,,Euel Elliott,,,,,,eelliott,euel elliott,State and Local Government
GOVT,2306,003,,,,,,,,,,,,,,,,,,,Mamie Cincotta,,,,,,mgc180006,,State and Local Government
GOVT,2306,004,,,,,,,,,,,,,,,,,,,Robert Lowry,,,,,,rcl062000,robert lowry,State and Local Government
GOVT,2306,005,,,,,,,,,,,,,,,,,,,Kashmiri Medhi,,,,,,kxm190003,kashmiri medhi,State and Local Government
GOVT,2306,006,,,,,,,,,,,,,,,,,,,Euel Elliott,,,,,,eelliott,euel elliott,State and Local Government
GOVT,2306,007,,,,,,,,,,,,,,,,,,,Lauren Santoro,,,,,,lar170530,lauren santoro,State and Local Government
GOVT,2306,hn1,,,,,,,,,,,,,,,,,,,Euel Elliott,Richard Scotch,,,,,eelliott,euel elliott,State and Local Government  - CV Honors
GOVT,2306,hn2,,,,,,,,,,,,,,,,,,,Joshua Montgomery,,,,,,jpm130430,joshua montgomery,State and Local Government  - CV Honors
GOVT,2306,hn3,,,,,,,,,,,,,,,,,,,Joshua Montgomery,,,,,,jpm130430,joshua montgomery,State and Local Government  - CV Honors
GOVT,2306,hn4,,,,,,,,,,,,,,,,,,,Joshua Montgomery,,,,,,jpm130430,joshua montgomery,State and Local Government  - CV Honors
GOVT,2306,hn5,,,,,,,,,,,,,,,,,,,Joshua Montgomery,,,,,,jpm130430,joshua montgomery,State and Local Government  - CV Honors
IPEC,4376,001,,,,,,,,,,,,,,,,,,,Kashmiri Medhi,,,,,,kxm190003,kashmiri medhi,Foreign Policy and Public Opinion
IPEC,4396,001,,,,,,,,,,,,,,,,,,,Erin Litzow,,,,,,exl240015,erin litzow,Topics in International Political Economy  - Environment and Dev Policy
MILS,1111,001,,,,,,,,,,,,,,,,,,,Brian Stevenson,,,,,,bas240000,,Military Physical Conditioning
MILS,1142,001,,,,,,,,,,,,,,,,,,,Barinedum Bakor,Brian Stevenson,,,,,dal658362,barinedum bakor,Introduction to Leadership
MILS,180,101,,,,,,,,,,,,,,,,,,,Brian Stevenson,,,,,,bas240000,,Leadership Lab
MILS,2242,001,,,,,,,,,,,,,,,,,,,Murtrail Donnerson,Brian Stevenson,,,,,dal568927,murtrail donnerson,Individual Team Military Tactics
MILS,3342,001,,,,,,,,,,,,,,,,,,,Ryan Jones,Brian Stevenson,,,,,dal164733,ryan jones,Leadership II
MILS,3370,001,,,,,,,,,,,,,,,,,,,Juan Cisneros,Brian Stevenson,,,,,dal153651,,Military History
MILS,4342,001,,,,,,,,,,,,,,,,,,,Gregory LeClair,Brian Stevenson,,,,,gml230002,gregory leclair,Advanced Leadership II
PA,3306,001,,,,,,,,,,,,,,,,,,,Salman Habib,,,,,,sbh200000,salman habib,Advanced Research and Writing for the Policy Sciences
PA,3314,0w1,,,,,,,,,,,,,,,,,,,John McCaskill,,,,,,jrm094020,john mccaskill,Financial Management
PA,3333,0w1,,,,,,,,,,,,,,,,,,,Memduh Tura,,,,,,mxt115230,,Human Resources Management  Leading a Diverse Workforce
PA,3377,0w1,,,,,,,,,,,,,,,,,,,Eugenia Gorina,,,,,,exg131830,evgenia gorina,Urban Planning and Policy
PA,3378,0w1,,,,,,,,,,,,,,,,,,,Eugenia Gorina,,,,,,exg131830,evgenia gorina,Public Finance and Economics
PA,3380,0w1,,,,,,,,,,,,,,,,,,,Memduh Tura,,,,,,mxt115230,,Organizations  Theory and Behavior
PA,3381,001,,,,,,,,,,,,,,,,,,,Brenda Gambol Gavigan,,,,,,bxg210008,brenda gambol,Field Research Methods
PA,4356,001,,,,,,,,,,,,,,,,,,,Elizabeth Searing,,,,,,exs200001,elizabeth searing,Starting a Nonprofit or Social Enterprise
PA,4357,001,,,,,,,,,,,,,,,,,,,Allison Russell,,,,,,axr210032,allison russell,Measuring Social Impact
PA,4386,0w1,,,,,,,,,,,,,,,,,,,Sarah Maxwell,,,,,,spm092000,sarah maxwell,Health and Social Policy
PA,4390,001,,,,,,,,,,,,,,,,,,,Teodoro Benavides,,,,,,tjb051000,teodoro benavides,Capstone - Social Entrepreneurship  Leading Change
PA,4396,0w1,,,,,,,,,,,,,,,,,,,Sarah Maxwell,,,,,,spm092000,sarah maxwell,Topics in Public Administration  - Workshop in Public Health
PA,6313,501,,,,,,,,,,,,,,,,,,,Abraham Benavides,,,,,,axb220062,,Public Policymaking and Institutions
PA,6315,0w1,,,,,,,,,,,,,,,,,,,James Harrington,,,,,,jxh134630,james harrington,Evaluating Program and Organizational Performance
PA,6321,0w1,,,,,,,,,,,,,,,,,,,Teodoro Benavides,,,,,,tjb051000,teodoro benavides,Government Financial Management and Budgeting
PA,6321,501,,,,,,,,,,,,,,,,,,,Teodoro Benavides,,,,,,tjb051000,teodoro benavides,Government Financial Management and Budgeting
PA,6326,001,,,,,,,,,,,,,,,,,,,John McCaskill,,,,,,jrm094020,john mccaskill,Decision Tools for Managers
PA,6344,501,,,,,,,,,,,,,,,,,,,Teodoro Benavides,,,,,,tjb051000,teodoro benavides,Local Government Management
PA,6345,001,,,,,,,,,,,,,,,,,,,Abraham Benavides,,,,,,axb220062,,Human Resources Management
PA,6345,501,,,,,,,,,,,,,,,,,,,Memduh Tura,,,,,,mxt115230,,Human Resources Management
PA,6350,0w1,,,,,,,,,,,,,,,,,,,John McCaskill,,,,,,jrm094020,john mccaskill,Governmental and Nonprofit Reporting and Financial Statement Analysis
PA,6374,0w1,,,,,,,,,,,,,,,,,,,Elizabeth Searing,,,,,,exs200001,elizabeth searing,Financial Management for Nonprofit Organizations
PA,6389,0w1,,,,,,,,,,,,,,,,,,,Allison Russell,,,,,,axr210032,allison russell,Volunteer Management
PA,6399,5h1,,,,,,,,,,,,,,,,,,,John McCaskill,,,,,,jrm094020,john mccaskill,Capstone in Public Affairs
PA,7314,501,,,,,,,,,,,,,,,,,,,John McCaskill,,,,,,jrm094020,john mccaskill,Advanced Policy Process  Implementation and Evaluation
PA,7350,501,,,,,,,,,,,,,,,,,,,Sean McCandless,,,,,,sxm230080,,Advanced Organizational Theory and Behavior
PPOL,4325,001,,,,,,,,,,,,,,,,,,,Pengfei Zhang,,,,,,pxz220003,pengfei zhang,Digital Economics and the Law
PPOL,4396,001,,,,,,,,,,,,,,,,,,,Erin Litzow,,,,,,exl240015,erin litzow,Topics in Public Policy  - Environment and Dev Policy
PPOL,4396,0s1,,,,,,,,,,,,,,,,,,,Seth Giertz,,,,,,sxg154831,seth giertz,Topics in Public Policy  - Urban Economics in Argentina
PPPE,6308,501,,,,,,,,,,,,,,,,,,,Andrew Ellis,,,,,,dal126050,andrew ellis,Governance and Auditing Essentials for Cyber Security
PPPE,6308,502,,,,,,,,,,,,,,,,,,,Brian Wrozek,,,,,,dal113649,,Governance and Auditing Essentials for Cyber Security
PPPE,6312,501,,,,,,,,,,,,,,,,,,,Michael Bare,,,,,,dal037747,michael bare,Social-Economic Theories
PPPE,6319,501,,,,,,,,,,,,,,,,,,,Gyu Sang Shim,,,,,,dal038902,,Political Economy of MNCs
PPPE,6321,501,,,,,,,,,,,,,,,,,,,Dohyeong Kim,,,,,,dxk132530,dohyeong kim,Economics for Public Policy
PPPE,6328,501,,,,,,,,,,,,,,,,,,,Marcelo Leal,,,,,,mxl240026,marcelo leal,Capstone in Cyber Security and Policy
PPPE,6342,001,,,,,,,,,,,,,,,,,,,Natalia Lamberova,,,,,,nxl210021,,Research Design II
PPPE,6347,001,,,,,,,,,,,,,,,,,,,Thomas Gray,,,,,,txg171430,thomas gray,Proseminar in Political Institutions and American Politics
PPPE,6353,001,,,,,,,,,,,,,,,,,,,Pengfei Zhang,,,,,,pxz220003,pengfei zhang,Industry  Technology  and Science Policy
PPPE,6v82,001,,,,,,,,,,,,,,,,,,,Brenda Gambol Gavigan,,,,,,bxg210008,brenda gambol,Special Topics in Social Policy  - Immigration and Pub Pol
PSCI,3322,001,,,,,,,,,,,,,,,,,,,Banks Miller,,,,,,bxm093000,banks miller,Constitutional Law
PSCI,3322,hn1,,,,,,,,,,,,,,,,,,,Douglas Dow,,,,,,dougdow,douglas dow,Constitutional Law  - CV Honors
PSCI,3328,001,,,,,,,,,,,,,,,,,,,Giuseppe Peressotti,,,,,,gxp210031,giuseppe peressotti,International Relations
PSCI,3333,001,,,,,,,,,,,,,,,,,,,Curtis Bram,,,,,,cxb230007,curtis bram,Political Behavior
PSCI,3362,001,,,,,,,,,,,,,,,,,,,Thomas Brunell,,,,,,tlb056000,thomas brunell,The American Political Institutions
PSCI,4312,001,,,,,,,,,,,,,,,,,,,Yeon Soo Park,,,,,,dal602778,yeon soo park,Politics of East Asia
PSCI,4313,001,,,,,,,,,,,,,,,,,,,Kelvin Chun Man Chan,,,,,,cxc220008,kelvin chun man chan,Politics of China
PSCI,4316,001,,,,,,,,,,,,,,,,,,,Shelby Jackson,,,,,,,shelby jackson,Civil War and Conflict Resolution
PSCI,4323,hn1,,,,,,,,,,,,,,,,,,,Natalie Roetzel,,,,,,njr120030,,Innocence Project of Texas  - CV Honors
PSCI,4325,001,,,,,,,,,,,,,,,,,,,Pengfei Zhang,,,,,,pxz220003,pengfei zhang,Digital Economics and the Law
PSCI,4328,001,,,,,,,,,,,,,,,,,,,Lauren Santoro,,,,,,lar170530,lauren santoro,Fake News
PSCI,4335,001,,,,,,,,,,,,,,,,,,,Amanda Clark,,,,,,dal031693,,Institutions Within State and Local Government
PSCI,4336,001,,,,,,,,,,,,,,,,,,,Amanda Clark,,,,,,dal031693,,Civic Engagement and Participation
PSCI,4364,001,,,,,,,,,,,,,,,,,,,Sean Shahin Modjarrad,,,,,,ssm140230,shahin modjarrad,Civil Rights Law and Society
PSCI,4373,hn2,,,,,,,,,,,,,,,,,,,Mary Nugent,Derek O'Leary,,,,,mxn220071,mary nugent,Politics of National Memory
PSCI,4373,hn3,,,,,,,,,,,,,,,,,,,Derek O'Leary,Irene Newman,,,,,dal534145,derek oleary,Politics of National Memory
PSCI,4373,hn4,,,,,,,,,,,,,,,,,,,Derek O'Leary,Joshua Howard,,,,,dal534145,derek oleary,Politics of National Memory
PSCI,4376,001,,,,,,,,,,,,,,,,,,,Kashmiri Medhi,,,,,,kxm190003,kashmiri medhi,Foreign Policy and Public Opinion
PSCI,4396,001,,,,,,,,,,,,,,,,,,,Yingyi Lin,,,,,,dal626499,yingyi lin,Selected Topics in Government and Politics  - Population and Soc Policy
PSCI,4396,002,,,,,,,,,,,,,,,,,,,Natalia Lamberova,,,,,,nxl210021,,Selected Topics in Government and Politics  - Democratic Backsliding
PSCI,4396,0s1,,,,,,,,,,,,,,,,,,,Seth Giertz,,,,,,sxg154831,seth giertz,Selected Topics in Government and Politics  - Urban Economics in Argentina
PSCI,4396,0s2,,,,,,,,,,,,,,,,,,,Thomas Gray,,,,,,txg171430,thomas gray,Selected Topics in Government and Politics  - Comparative Civil Rights Law
PSCI,4v66,501,,,,,,,,,,,,,,,,,,,Tony Seagroves,,,,,,tas064000,tony seagroves,Mock Trial
PSCI,4v67,hn1,,,,,,,,,,,,,,,,,,,Joanne Joiner,,,,,,jxj220036,joanne joiner,Moot Court  - CV Honors
PSCI,6308,501,,,,,,,,,,,,,,,,,,,Andrew Ellis,,,,,,dal126050,andrew ellis,Governance and Auditing Essentials for Cyber Security
PSCI,6308,502,,,,,,,,,,,,,,,,,,,Brian Wrozek,,,,,,dal113649,,Governance and Auditing Essentials for Cyber Security
PSCI,6328,501,,,,,,,,,,,,,,,,,,,Marcelo Leal,,,,,,mxl240026,marcelo leal,Capstone in Cyber Security and Policy
PSCI,6333,501,,,,,,,,,,,,,,,,,,,Robert Lowry,,,,,,rcl062000,robert lowry,Political and Civic Organizations
PSCI,6347,001,,,,,,,,,,,,,,,,,,,Thomas Gray,,,,,,txg171430,thomas gray,Proseminar in Political Institutions and American Politics
SOC,1301,001,,,,,,,,,,,,,,,,,,,Gurmessa Jiru,,,,,,gbj240000,gurmessa jiru,Introduction to Sociology
SOC,1301,002,,,,,,,,,,,,,,,,,,,Carol Lanham,,,,,,ccl054000,carol lanham,Introduction to Sociology
SOC,1301,0w1,,,,,,,,,,,,,,,,,,,Galen Dickey,,,,,,gld190001,galen dickey laprocido,Introduction to Sociology
SOC,1301,0w2,,,,,,,,,,,,,,,,,,,Sirak Asfaw,,,,,,sxa154930,,Introduction to Sociology
SOC,1301,hn1,,,,,,,,,,,,,,,,,,,Sheryl Skaggs,,,,,,slskaggs,sheryl skaggs,Introduction to Sociology  - CV Honors
SOC,2300,001,,,,,,,,,,,,,,,,,,,Larissa Werhnyak,,,,,,lxw163630,larissa werhnyak,Introduction to Gender Studies
SOC,2300,hn1,,,,,,,,,,,,,,,,,,,Erin Smith,,,,,,erins,erin smith,Introduction to Gender Studies  - CV Honors
SOC,2319,0w1,,,,,,,,,,,,,,,,,,,Sirak Asfaw,,,,,,sxa154930,,Race and Ethnicity
SOC,3303,001,,,,,,,,,,,,,,,,,,,Carol Lanham,,,,,,ccl054000,carol lanham,Classical Social Theory
SOC,3321,0w1,,,,,,,,,,,,,,,,,,,Jessica Potter,,,,,,dal939072,,Deviance
SOC,3333,001,,,,,,,,,,,,,,,,,,,Andrew McNeely,,,,,,acm140130,,Religion in Society
SOC,3381,001,,,,,,,,,,,,,,,,,,,Brenda Gambol Gavigan,,,,,,bxg210008,brenda gambol,Field Research Methods
SOC,3390,0w1,,,,,,,,,,,,,,,,,,,Jeannine Rios,,,,,,dal690687,,Community Health
SOC,3393,0s1,,,,,,,,,,,,,,,,,,,Carol Lanham,,,,,,ccl054000,carol lanham,Public Health in Socio-Historical Perspective  - France
SOC,4306,001,,,,,,,,,,,,,,,,,,,Sheryl Skaggs,,,,,,slskaggs,sheryl skaggs,Advanced Sociological Research
SOC,4307,001,,,,,,,,,,,,,,,,,,,Soyoung Kwon,,,,,,sxk240162,,Research Methods in Public Health
SOC,4369,001,,,,,,,,,,,,,,,,,,,Galen Dickey,,,,,,gld190001,galen dickey laprocido,Public Health and Society
SOC,4369,002,,,,,,,,,,,,,,,,,,,Galen Dickey,,,,,,gld190001,galen dickey laprocido,Public Health and Society
SOC,4371,0w1,,,,,,,,,,,,,,,,,,,Soyoung Kwon,,,,,,sxk240162,,Mental Health and Illness
SOC,4372,001,,,,,,,,,,,,,,,,,,,Jeannine Rios,,,,,,dal690687,,Health and Illness
SOC,4372,0w1,,,,,,,,,,,,,,,,,,,Galen Dickey,,,,,,gld190001,galen dickey laprocido,Health and Illness
SOC,4375,0s1,,,,,,,,,,,,,,,,,,,Sheryl Skaggs,,,,,,slskaggs,sheryl skaggs,Gender and Work
SOC,4384,0w1,,,,,,,,,,,,,,,,,,,Jeannine Rios,,,,,,dal690687,,Social Epidemiology
SOC,4385,0w1,,,,,,,,,,,,,,,,,,,Jeannine Rios,,,,,,dal690687,,Global Health and Society
SOC,4386,0w1,,,,,,,,,,,,,,,,,,,Sarah Maxwell,,,,,,spm092000,sarah maxwell,Health and Social Policy
SOC,4396,004,,,,,,,,,,,,,,,,,,,David Lary,,,,,,djl101000,david lary,"Selected Topics in Sociology  - Air, Environment and Health"
SOC,4396,0w1,,,,,,,,,,,,,,,,,,,Sarah Maxwell,,,,,,spm092000,sarah maxwell,Selected Topics in Sociology  - Workshop in Public Health
SOC,6312,501,,,,,,,,,,,,,,,,,,,Michael Bare,,,,,,dal037747,michael bare,Social-Economic Theories
SOC,6315,0w1,,,,,,,,,,,,,,,,,,,James Harrington,,,,,,jxh134630,james harrington,Evaluating Program and Organizational Performance
SOC,6370,001,,,,,,,,,,,,,,,,,,,Brenda Gambol Gavigan,,,,,,bxg210008,brenda gambol,Special Topics in Applied Sociology  - Immigration and Pub Pol
SOC,6v92,0w1,,,,,,,,,,,,,,,,,,,Sheryl Skaggs,,,,,,slskaggs,sheryl skaggs,Research Workshop in Applied Sociology
HONS,3102,hn1,,,,,,,,,,,,,,,,,,,Theresa Towner,,,,,,tmtowner,theresa towner,William Faulkner s Short Stories  - CV Honors
HONS,3103,hn1,,,,,,,,,,,,,,,,,,,Christina Thompson,,,,,,cmt120030,christina thompson,Honey Bees and Society  - CV Honors
HONS,3104,hn1,,,,,,,,,,,,,,,,,,,Douglas Dow,,,,,,dougdow,douglas dow,Foreign Film   Political Culture  - CV Honors
HONS,3105,hn1,,,,,,,,,,,,,,,,,,,Eva LaDow,,,,,,esl130130,eva ladow,Memory  - CV Honors
HONS,3105,hn2,,,,,,,,,,,,,,,,,,,Eva LaDow,,,,,,esl130130,eva ladow,Memory  - CV Honors
HONS,3108,hn1,,,,,,,,,,,,,,,,,,,Ravi Prakash,,,,,,ravip,ravi prakash,Internet and Public Policy  - CV Honors
HONS,3110,hn1,,,,,,,,,,,,,,,,,,,Eva LaDow,,,,,,esl130130,eva ladow,The Addicted Brain  - CV Honors
HONS,3110,hn2,,,,,,,,,,,,,,,,,,,Eva LaDow,,,,,,esl130130,eva ladow,The Addicted Brain  - CV Honors
HONS,3115,hn1,,,,,,,,,,,,,,,,,,,Jennifer Painter,,,,,,dal966738,,Exploring Research at UT Dallas  - CV Honors
HONS,3115,hn2,,,,,,,,,,,,,,,,,,,Jennifer Painter,,,,,,dal966738,,Exploring Research at UT Dallas  - CV Honors
HONS,3116,hn1,,,,,,,,,,,,,,,,,,,David Murchison,,,,,,dfm100020,david murchison,Excellence  - CV Honors
HONS,3118,hn1,,,,,,,,,,,,,,,,,,,Michael Wilson,,,,,,mwilson,michael wilson,Sherlock Holmes  - CV Honors
HONS,3120,hn1,,,,,,,,,,,,,,,,,,,Lawrence Amato,,,,,,laa062000,lawrence amato,Society Against the State  - CV Honors
HONS,3122,hn1,,,,,,,,,,,,,,,,,,,Donal Skinner,,,,,,dcs220007,,Love  Death  and Hormones  - CV Honors
HONS,3123,hn1,,,,,,,,,,,,,,,,,,,Xtine Burrough,,,,,,cxb153930,xtine burrough,Pop-up Exhibition Design  - CV Honors
HONS,3199,h10,,,,,,,,,,,,,,,,,,,Monica Rankin,,,,,,mar046000,monica rankin,Collegium V Honors Readings  - Propaganda
HONS,3199,h11,,,,,,,,,,,,,,,,,,,Neetha Devdas,,,,,,nrd120030,neetha devdas,Collegium V Honors Readings  - Psychology of Coercive Control
HONS,3199,h12,,,,,,,,,,,,,,,,,,,Eva LaDow,,,,,,esl130130,eva ladow,"Collegium V Honors Readings  - Our Senses, Our Selves"
HONS,3199,h13,,,,,,,,,,,,,,,,,,,Eva LaDow,,,,,,esl130130,eva ladow,"Collegium V Honors Readings  - Our Senses, Our Selves"
HONS,3199,h14,,,,,,,,,,,,,,,,,,,Jennifer Painter,,,,,,dal966738,,Collegium V Honors Readings  - Women's Health Care in Focus
HONS,3199,hn1,,,,,,,,,,,,,,,,,,,Mihaela Stefan,,,,,,mci071000,mihaela stefan,Collegium V Honors Readings  - Sci Exodus From Nazi Germany
HONS,3199,hn2,,,,,,,,,,,,,,,,,,,Elizabeth Searing,,,,,,exs200001,elizabeth searing,Collegium V Honors Readings  - Who Gives? Philanthropy&power
HONS,3199,hn3,,,,,,,,,,,,,,,,,,,Allison Russell,,,,,,axr210032,allison russell,Collegium V Honors Readings  - Mindfulness
HONS,3199,hn4,,,,,,,,,,,,,,,,,,,Jennifer Painter,,,,,,dal966738,,Collegium V Honors Readings  - Women's Health Care in Focus
HONS,3199,hn5,,,,,,,,,,,,,,,,,,,Andrew Krajewski,,,,,,axk210064,andrew krajewski,Collegium V Honors Readings  - Fantasy
HONS,3199,hn6,,,,,,,,,,,,,,,,,,,Jennifer Painter,,,,,,dal966738,,Collegium V Honors Readings  - Rogue Cells
HONS,3199,hn7,,,,,,,,,,,,,,,,,,,Douglas Dow,,,,,,dougdow,douglas dow,Collegium V Honors Readings  - Professional Development
HONS,3199,hn8,,,,,,,,,,,,,,,,,,,Sean McCandless,,,,,,sxm230080,,Collegium V Honors Readings  - The Future of Humanity
HONS,3199,hn9,,,,,,,,,,,,,,,,,,,Wendi Kavanaugh,,,,,,wlk010100,,Collegium V Honors Readings  - Espionage
HONS,3v00,hs1,,,,,,,,,,,,,,,,,,,Donal Skinner,,,,,,dcs220007,,Special Topics  - CV Honors: History of Medicine
AMS,2300,001,,,,,,,,,,,,,,,,,,,Kyle Hammonds,,,,,,kxh230016,kyle hammonds,American Popular Culture
AMS,2300,501,,,,,,,,,,,,,,,,,,,Marc Lusk,,,,,,mxl121730,marc lusk,American Popular Culture
AMS,2341,001,,,,,,,,,,,,,,,,,,,Chelsea Taylor,,,,,,dal877623,,American Studies for the Twenty-First Century
AMS,2341,002,,,,,,,,,,,,,,,,,,,Chelsea Taylor,,,,,,dal877623,,American Studies for the Twenty-First Century
AMS,3302,001,,,,,,,,,,,,,,,,,,,Larissa Werhnyak,,,,,,lxw163630,larissa werhnyak,American Cultures
AMS,3316,0w1,,,,,,,,,,,,,,,,,,,Elizabeth Winstead,,,,,,lwm061000,elizabeth winstead,Interpersonal Communication
AMS,3350,0w1,,,,,,,,,,,,,,,,,,,Elizabeth Winstead,,,,,,lwm061000,elizabeth winstead,Crisis Communication
AMS,4300,5h1,,,,,,,,,,,,,,,,,,,Alyssa Ross,,,,,,anr161130,alyssa ross,Oral and Written Communication for the Classroom
AMS,4360,001,,,,,,,,,,,,,,,,,,,Tonja Wissinger,,,,,,twissin,tonja wissinger,Gender and Alcohol in America
BIS,2190,0w1,,,,,,,,,,,,,,,,,,,Sarah Dornback,,,,,,sxd220144,sarah dornback,Library Research Skills
BIS,2190,0w2,,,,,,,,,,,,,,,,,,,Sabrina Gillo,,,,,,dal105191,,Library Research Skills
BIS,2190,0w3,,,,,,,,,,,,,,,,,,,Loreen Henry,,,,,,lsp014100,,Library Research Skills
BIS,2190,0w4,,,,,,,,,,,,,,,,,,,Laren Anderson,,,,,,lpa230000,,Library Research Skills
BIS,3320,001,,,,,,,,,,,,,,,,,,,Marc Lusk,,,,,,mxl121730,marc lusk,The Nature of Intellectual Inquiry
BIS,3320,002,,,,,,,,,,,,,,,,,,,Marc Lusk,,,,,,mxl121730,marc lusk,The Nature of Intellectual Inquiry
BIS,3320,003,,,,,,,,,,,,,,,,,,,Chelsea Taylor,,,,,,dal877623,,The Nature of Intellectual Inquiry
BIS,3320,004,,,,,,,,,,,,,,,,,,,Chelsea Taylor,,,,,,dal877623,,The Nature of Intellectual Inquiry
BIS,3320,005,,,,,,,,,,,,,,,,,,,June Jones,,,,,,jaj230010,june jones,The Nature of Intellectual Inquiry
BIS,3320,0w1,,,,,,,,,,,,,,,,,,,June Jones,,,,,,jaj230010,june jones,The Nature of Intellectual Inquiry
BIS,4306,0w1,,,,,,,,,,,,,,,,,,,Carrie Simpson,,,,,,cms131030,carrie simpson,Strategies for Diversity in Education
BIS,4310,091,,,,,,,,,,,,,,,,,,,John Westmoreland,,,,,,dal188427,john westmoreland,Co-op Education
BIS,4v04,001,,,,,,,,,,,,,,,,,,,Katherine DeNinis,,,,,,dal420147,katherine deninis,Internship
ED,3314,001,,,,,,,,,,,,,,,,,,,Ruth Johnson,,,,,,raj210001,,The American Public School
ED,3315,0w1,,,,,,,,,,,,,,,,,,,Patricia Leek,,,,,,santine,patricia leek,Children s Literature
ED,3315,0w2,,,,,,,,,,,,,,,,,,,Patricia Leek,,,,,,santine,patricia leek,Children s Literature
ED,3339,0h2,,,,,,,,,,,,,,,,,,,Michele McNeel,,,,,,mem210009,michele mcneel,Educational Psychology for Teachers
ED,3340,501,,,,,,,,,,,,,,,,,,,Brenda Le,,,,,,bxl075000,,Math Concepts for Teachers
ED,3342,501,,,,,,,,,,,,,,,,,,,Meredith Friedman,,,,,,mxk116530,meredith friedman,Classroom Management Grades EC - 6
ED,3345,0h1,,,,,,,,,,,,,,,,,,,Michele McNeel,,,,,,mem210009,michele mcneel,Art  Music  and Physical Development Grades EC - 6
ED,3382,501,,,,,,,,,,,,,,,,,,,Nicole Michener,,,,,,nlm220000,,Curriculum and Instruction in Social Studies
ED,4301,0w1,,,,,,,,,,,,,,,,,,,Carrie Simpson,,,,,,cms131030,carrie simpson,Exceptional Populations
ED,4343,001,,,,,,,,,,,,,,,,,,,Emily Hennessy,,,,,,eft031000,emily hennessy,Science Methods for Grades EC - 6
ED,4344,001,,,,,,,,,,,,,,,,,,,Ingrid Huisman,,,,,,ibh013000,ingrid huisman,Mathematics Methods for Elementary Teachers
ED,4345,501,,,,,,,,,,,,,,,,,,,Michelle Weiner,,,,,,mxw051000,michelle weiner,Social Studies Methods for Grades EC - 6
ED,4351,001,,,,,,,,,,,,,,,,,,,Renee Davis,,,,,,rrd160530,renee davis,ESL for K-12 Teachers
ED,4351,501,,,,,,,,,,,,,,,,,,,Renee Davis,,,,,,rrd160530,renee davis,ESL for K-12 Teachers
ED,4352,501,,,,,,,,,,,,,,,,,,,Michele McNeel,,,,,,mem210009,michele mcneel,Reading I  Learning to Read
ED,4353,501,,,,,,,,,,,,,,,,,,,Lori Brooks,,,,,,lxb180004,lori brooks,Reading in Secondary Content
ED,4357,001,,,,,,,,,,,,,,,,,,,Patricia Leek,,,,,,santine,patricia leek,Diagnostic Reading
ED,4359,0w1,,,,,,,,,,,,,,,,,,,Alexey Root,,,,,,aroot,alexey root,Chess II  Institutional and Cultural Contexts of Chess
ED,4361,501,,,,,,,,,,,,,,,,,,,Meredith Friedman,,,,,,mxk116530,meredith friedman,Classroom Management Secondary
ED,4363,001,,,,,,,,,,,,,,,,,,,Patricia Leek,,,,,,santine,patricia leek,Reading II ELAR Methods
ED,4372,0w1,,,,,,,,,,,,,,,,,,,Ramy Mahmoud,,,,,,mahmoudr,ramy mahmoud,Educational Technology
ED,4392,001,,,,,,,,,,,,,,,,,,,Wendy Adams,,,,,,dal712724,wendy adams,Residency 1 - Elementary
ED,4393,001,,,,,,,,,,,,,,,,,,,Jennifer Dyer,,,,,,dal857476,jennifer dyer,Residency 2 - Elementary
ED,4393,002,,,,,,,,,,,,,,,,,,,Ruth Johnson,,,,,,raj210001,,Residency 2 - Elementary
ED,4393,003,,,,,,,,,,,,,,,,,,,Ruth Johnson,,,,,,raj210001,,Residency 2 - Elementary
ED,4393,004,,,,,,,,,,,,,,,,,,,,,,,,,,,Residency 2 - Elementary
ED,4394,001,,,,,,,,,,,,,,,,,,,Wendy Adams,,,,,,dal712724,wendy adams,Residency 1- Secondary
ED,4395,001,,,,,,,,,,,,,,,,,,,Ruth Johnson,,,,,,raj210001,,Residency 2- Secondary
ED,4693,001,,,,,,,,,,,,,,,,,,,Jennifer Dyer,,,,,,dal857476,jennifer dyer,Student Teaching - Elementary
ED,4694,001,,,,,,,,,,,,,,,,,,,Wendy Adams,,,,,,dal712724,wendy adams,Student Teaching Secondary
ED,5318,001,,,,,,,,,,,,,,,,,,,,,,,,,,,Supervised Teaching Internship
ED,5319,001,,,,,,,,,,,,,,,,,,,Linda Kimm,,,,,,dal466313,linda kimm,Supervised Teaching Internship II
GST,2300,001,,,,,,,,,,,,,,,,,,,Larissa Werhnyak,,,,,,lxw163630,larissa werhnyak,Introduction to Gender Studies
GST,2300,hn1,,,,,,,,,,,,,,,,,,,Erin Smith,,,,,,erins,erin smith,Introduction to Gender Studies  - CV Honors
GST,4360,001,,,,,,,,,,,,,,,,,,,Tonja Wissinger,,,,,,twissin,tonja wissinger,Gender and Alcohol in America
HLTH,1100,001,,,,,,,,,,,,,,,,,,,Kathleen Byrnes,,,,,,kab019000,kathleen byrnes,Career Explorations for the Health Professions
HLTH,1301,001,,,,,,,,,,,,,,,,,,,Leah Goudy,,,,,,lsg240000,leah goudy,Introduction to Kinesiology
HLTH,1301,002,,,,,,,,,,,,,,,,,,,Leah Goudy,,,,,,lsg240000,leah goudy,Introduction to Kinesiology
HLTH,1322,0w1,,,,,,,,,,,,,,,,,,,Rachael McBride,,,,,,rlp019100,rachael mcbride,Human Nutrition
HLTH,1322,0w2,,,,,,,,,,,,,,,,,,,Rachael McBride,,,,,,rlp019100,rachael mcbride,Human Nutrition
HLTH,3101,0w1,,,,,,,,,,,,,,,,,,,Lona Sandon,,,,,,lxs095000,lona sandon,Medical Terminology
HLTH,3101,0w2,,,,,,,,,,,,,,,,,,,Lona Sandon,,,,,,lxs095000,lona sandon,Medical Terminology
HLTH,3101,0w3,,,,,,,,,,,,,,,,,,,Lona Sandon,,,,,,lxs095000,lona sandon,Medical Terminology
HLTH,3101,0w4,,,,,,,,,,,,,,,,,,,Lona Sandon,,,,,,lxs095000,lona sandon,Medical Terminology
HLTH,3301,001,,,,,,,,,,,,,,,,,,,Kathleen Byrnes,,,,,,kab019000,kathleen byrnes,Issues in Geriatric Healthcare
HLTH,3305,001,,,,,,,,,,,,,,,,,,,Azadeh Stark,,,,,,ats160030,azadeh stark,The U S  Healthcare System
HLTH,3305,002,,,,,,,,,,,,,,,,,,,Azadeh Stark,,,,,,ats160030,azadeh stark,The U S  Healthcare System
HLTH,3305,003,,,,,,,,,,,,,,,,,,,Leah Goudy,,,,,,lsg240000,leah goudy,The U S  Healthcare System
HLTH,3315,001,,,,,,,,,,,,,,,,,,,Kathleen Byrnes,,,,,,kab019000,kathleen byrnes,Issues in Patient Education
HLTH,4108,001,,,,,,,,,,,,,,,,,,,Anthony Rainey,,,,,,doyen,anthony rainey,Verbal Reasoning and Writing for Pre-Health
HLTH,4108,hn1,,,,,,,,,,,,,,,,,,,Anthony Rainey,,,,,,doyen,anthony rainey,Verbal Reasoning and Writing for Pre-Health  - CV Honors
HLTH,4304,001,,,,,,,,,,,,,,,,,,,Kathleen Byrnes,,,,,,kab019000,kathleen byrnes,Health Professions Internship
HLTH,4304,501,,,,,,,,,,,,,,,,,,,Victoria Askew,,,,,,vxa180018,victoria askew,Health Professions Internship
HLTH,4305,001,,,,,,,,,,,,,,,,,,,Azadeh Stark,,,,,,ats160030,azadeh stark,Public Health
HLTH,4305,002,,,,,,,,,,,,,,,,,,,Azadeh Stark,,,,,,ats160030,azadeh stark,Public Health
HLTH,4306,001,,,,,,,,,,,,,,,,,,,Ryan Savard,,,,,,rrs170330,ryan savard,Health and Sport
HLTH,4306,002,,,,,,,,,,,,,,,,,,,Ryan Savard,,,,,,rrs170330,ryan savard,Health and Sport
HLTH,4310,0w1,,,,,,,,,,,,,,,,,,,Christopher Edwards,,,,,,cwe011000,christopher edwards,Information Literacy and Information Resources for Health Care
HLTH,4310,0w2,,,,,,,,,,,,,,,,,,,Sarah Dornback,,,,,,sxd220144,sarah dornback,Information Literacy and Information Resources for Health Care
HLTH,4310,0w3,,,,,,,,,,,,,,,,,,,Sabrina Gillo,,,,,,dal105191,,Information Literacy and Information Resources for Health Care
HLTH,4380,001,,,,,,,,,,,,,,,,,,,Leah Goudy,,,,,,lsg240000,leah goudy,Special Topics in Healthcare  - Motion Behavior
ISIS,3334,001,,,,,,,,,,,,,,,,,,,June Jones,,,,,,jaj230010,june jones,Environment in America
ISIS,4303,001,,,,,,,,,,,,,,,,,,,Larissa Werhnyak,,,,,,lxw163630,larissa werhnyak,Business  Law and Culture
ISIS,4310,0w1,,,,,,,,,,,,,,,,,,,Lea Aubrey,,,,,,lec110030,lea aubrey,Health Strategy for Multicultural Populations
ISIS,4v89,001,,,,,,,,,,,,,,,,,,,Marc Lusk,,,,,,mxl121730,marc lusk,Special Topics in Interdisciplinary Studies  - Film and Popular Culture
ISIS,4v89,002,,,,,,,,,,,,,,,,,,,June Jones,,,,,,jaj230010,june jones,"Special Topics in Interdisciplinary Studies  - Nature, Health, and Community"
MAIS,5300,501,,,,,,,,,,,,,,,,,,,Kyle Hammonds,,,,,,kxh230016,kyle hammonds,Foundations of Interdisciplinary Inquiry
MAIS,5303,001,,,,,,,,,,,,,,,,,,,Kyle Hammonds,,,,,,kxh230016,kyle hammonds,Research Project
MAIS,5v38,001,,,,,,,,,,,,,,,,,,,Katherine DeNinis,,,,,,dal420147,katherine deninis,Co-Op Education
MAIS,5v38,092,,,,,,,,,,,,,,,,,,,Katherine DeNinis,,,,,,dal420147,katherine deninis,Co-Op Education
PHIN,1103,001,,,,,,,,,,,,,,,,,,,Keira Lopez,,,,,,dal451163,,Beginning Tennis
PHIN,1103,002,,,,,,,,,,,,,,,,,,,Keira Lopez,,,,,,dal451163,,Beginning Tennis
PHIN,1120,001,,,,,,,,,,,,,,,,,,,Terry Gold,,,,,,yogagold,terry gold,Beginning Yoga
PHIN,1120,002,,,,,,,,,,,,,,,,,,,Terry Gold,,,,,,yogagold,terry gold,Beginning Yoga
PHIN,1121,001,,,,,,,,,,,,,,,,,,,John Bell,,,,,,jsb018200,john bell,Martial Arts and Self-Defense
ACCT,6313,501,,,,,,,,,,,,,,,,,,,Alex Ivaschenko,,,,,,aii170030,alex ivaschenko,Cybersecurity Fundamentals
BA,1105,093,,,,,,,,,,,,,,,,,,,Jason Cirilo,,,,,,jmc180002,jason cirilo,Professional Development
BA,3105,092,,,,,,,,,,,,,,,,,,,Jason Cirilo,,,,,,jmc180002,jason cirilo,Professional Development
BA,3105,095,,,,,,,,,,,,,,,,,,,Victoria Cirilo,,,,,,evl013000,victoria cirilo,Professional Development
BCOM,3300,005,,,,,,,,,,,,,,,,,,,Caryn Berardi,,,,,,cds110030,caryn berardi,Business Communication
BCOM,3300,503,,,,,,,,,,,,,,,,,,,Daniel Usera,,,,,,dxu230002,,Business Communication
BCOM,4300,012,,,,,,,,,,,,,,,,,,,Daniel Usera,,,,,,dxu230002,,Advanced Professional Communication
BLAW,4305,001,,,,,,,,,,,,,,,,,,,Mirna Baloul,,,,,,mxb230052,mirna baloul,Introduction to Patent Law
BPS,4395,001,,,,,,,,,,,,,,,,,,,Ali Kheirandish,,,,,,axk095320,ali kheirandish,Capstone Senior Project - Business
BPS,4395,002,,,,,,,,,,,,,,,,,,,Uma Kymal,,,,,,dal384275,,Capstone Senior Project - Business
BPS,4395,003,,,,,,,,,,,,,,,,,,,David Parks,,,,,,dxp153830,david parks,Capstone Senior Project - Business
BPS,4395,004,,,,,,,,,,,,,,,,,,,Arun Kumar,,,,,,dal340664,arun kumar,Capstone Senior Project - Business
BPS,4395,005,,,,,,,,,,,,,,,,,,,Parag Lalsare,,,,,,dal000791,parag lalsare,Capstone Senior Project - Business
BPS,4395,006,,,,,,,,,,,,,,,,,,,Senthilnatha Velayudham,,,,,,sxv230155,,Capstone Senior Project - Business
BPS,4395,007,,,,,,,,,,,,,,,,,,,Maria Albrecht,,,,,,mxa180037,maria albrecht,Capstone Senior Project - Business
BPS,4395,008,,,,,,,,,,,,,,,,,,,Adrian Terry,,,,,,dal280919,adrian terry,Capstone Senior Project - Business
BPS,4395,009,,,,,,,,,,,,,,,,,,,Tom Henderson,,,,,,txh093000,tom henderson,Capstone Senior Project - Business
BPS,4395,010,,,,,,,,,,,,,,,,,,,Aaron Galloway,,,,,,axg200068,aaron galloway,Capstone Senior Project - Business
BPS,4395,501,,,,,,,,,,,,,,,,,,,Sunil Chandrasekharan,,,,,,dal729168,,Capstone Senior Project - Business
BPS,4395,502,,,,,,,,,,,,,,,,,,,Jon Segelhorst,,,,,,jps210007,,Capstone Senior Project - Business
BUAN,4355,002,,,,,,,,,,,,,,,,,,,Judd Bradbury,,,,,,jdb101000,judd bradbury,Data Visualization
BUAN,6399,001,,,,,,,,,,,,,,,,,,,Ashim Bose,,,,,,axb230208,ashim bose,AI in Business
CYBR,4356,001,,,,,,,,,,,,,,,,,,,Atanas Hansen,,,,,,ayt061000,atanas hansen,Data Governance
CYBR,4359,501,,,,,,,,,,,,,,,,,,,Yuri Diogenes,,,,,,dal681109,,Preparing for Cybersecurity Threats
CYBR,4360,001,,,,,,,,,,,,,,,,,,,Rostislav Ginevich,,,,,,rxg172930,rostislav ginevich,Network and Information Security
CYBR,4362,001,,,,,,,,,,,,,,,,,,,Steven Haynes,,,,,,sxh102420,steven haynes,Cybersecurity Governance
ENTP,6v99,0h1,,,,,,,,,,,,,,,,,,,Gowrishankar Sundararajan,,,,,,none,gowrishankar sundararajan,Special Topics in Entrepreneurship  - Innovation at Work
FIN,3370,002,,,,,,,,,,,,,,,,,,,Jennifer Allen,,,,,,,jennifer allen,Principles of Risk Management and Insurance
FIN,3390,005,,,,,,,,,,,,,,,,,,,Amal El-Ashmawi,,,,,,ahe013000,amal el ashmawi,Introduction to Financial Modeling
IMS,3310,011,,,,,,,,,,,,,,,,,,,Wing Tsang,,,,,,wkt071000,wing tsang,International Business
ITSS,3300,006,,,,,,,,,,,,,,,,,,,Nan Wang,,,,,,dal581297,nan wang,Information Technology for Business
ITSS,3300,008,,,,,,,,,,,,,,,,,,,Shawn Alborz,,,,,,sxa063000,shawn alborz,Information Technology for Business
ITSS,3300,010,,,,,,,,,,,,,,,,,,,Alison Bodeker,,,,,,ajb190003,alison bodeker,Information Technology for Business
ITSS,3300,503,,,,,,,,,,,,,,,,,,,Atanas Hansen,,,,,,ayt061000,atanas hansen,Information Technology for Business
ITSS,4300,002,,,,,,,,,,,,,,,,,,,Christopher Perry,,,,,,cmp160130,christopher perry,Database Fundamentals
ITSS,4355,002,,,,,,,,,,,,,,,,,,,Judd Bradbury,,,,,,jdb101000,judd bradbury,Data Visualization
ITSS,4356,001,,,,,,,,,,,,,,,,,,,Atanas Hansen,,,,,,ayt061000,atanas hansen,Data Governance
ITSS,4359,501,,,,,,,,,,,,,,,,,,,Yuri Diogenes,,,,,,dal681109,,Preparing for Cybersecurity Threats
ITSS,4360,001,,,,,,,,,,,,,,,,,,,Rostislav Ginevich,,,,,,rxg172930,rostislav ginevich,Network and Information Security
ITSS,4362,001,,,,,,,,,,,,,,,,,,,Steven Haynes,,,,,,sxh102420,steven haynes,Cybersecurity Governance
ITSS,4395,001,,,,,,,,,,,,,,,,,,,Robert Stogsdill,,,,,,rws180002,robert stogsdill,Capstone Senior Project - Information Systems
ITSS,4395,002,,,,,,,,,,,,,,,,,,,Gerald Mecca,,,,,,dal506405,,Capstone Senior Project - Information Systems
MECO,4351,001,,,,,,,,,,,,,,,,,,,Quanquan Liu,,,,,,qxl220001,quanquan liu,Market Structure and Corporate Strategy
MIS,6330,501,,,,,,,,,,,,,,,,,,,Alex Ivaschenko,,,,,,aii170030,alex ivaschenko,Cybersecurity Fundamentals
MIS,6333,001,,,,,,,,,,,,,,,,,,,Tejas Shroff,,,,,,tns190000,tejas shroff,Digital Forensics and Incident Management
MIS,6349,001,,,,,,,,,,,,,,,,,,,Florence Lowe,,,,,,fxl210009,florence lowe,Digital Consulting Project
MIS,6351,501,,,,,,,,,,,,,,,,,,,Tejas Shroff,,,,,,tns190000,tejas shroff,Identity and Access Management
MIS,6378,001,,,,,,,,,,,,,,,,,,,Moyez Thanawalla,,,,,,mst180005,moyez thanawalla,Customer Relationship Management with Salesforce
MIS,6389,001,,,,,,,,,,,,,,,,,,,Engin Calisir,,,,,,exc030100,engin calisir,AWS Cloud Solution Architecture
MIS,6399,001,,,,,,,,,,,,,,,,,,,Ashim Bose,,,,,,axb230208,ashim bose,AI in Business
MIS,6v99,001,,,,,,,,,,,,,,,,,,,Engin Calisir,,,,,,exc030100,engin calisir,Special Topics in Management Information Systems  - App Graph & Vector Database AI
MIS,7320,001,,,,,,,,,,,,,,,,,,,Varghese Jacob,Heeseung Lee,Sabrina Martinez,,,,vjacob,,Colloquium in Management Information Systems
OBHR,4361,001,,,,,,,,,,,,,,,,,,,Alayna Thomas,,,,,,agt160030,alayna thomas,The Human Resource Professional
OPRE,3333,006,,,,,,,,,,,,,,,,,,,Khatereh Ahadi,,,,,,kxa180010,khatereh ahadi,Quantitative Business Analysis
OPRE,3333,008,,,,,,,,,,,,,,,,,,,Khatereh Ahadi,,,,,,kxa180010,khatereh ahadi,Quantitative Business Analysis
OPRE,3360,002,,,,,,,,,,,,,,,,,,,Aysegul Toptal,,,,,,axt083100,aysegul toptal,Managerial Methods in Decision Making Under Uncertainty
OPRE,3360,012,,,,,,,,,,,,,,,,,,,Hien Nguyen,,,,,,htn170130,hien nguyen,Managerial Methods in Decision Making Under Uncertainty
OPRE,3360,013,,,,,,,,,,,,,,,,,,,Neslihan Oguzman,,,,,,nxo170830,neslihan oguzman,Managerial Methods in Decision Making Under Uncertainty
OPRE,7351,001,,,,,,,,,,,,,,,,,,,Suresh Sethi,,,,,,sethi,,Seminar in Operations Management
RMIS,3370,002,,,,,,,,,,,,,,,,,,,Jennifer Allen,,,,,,,jennifer allen,Principles of Risk Management and Insurance
ACCT,2301,501,,,,,,,,,,,,,,,,,,,Dongdi Gu,,,,,,dxg180001,,Introductory Financial Accounting
ACCT,3350,501,,,,,,,,,,,,,,,,,,,Julia Lagun,,,,,,dal212321,julia lagun,Fundamentals of Taxation
ACCT,4301,501,,,,,,,,,,,,,,,,,,,John Hagen,,,,,,jch013200,john hagen,Database Systems
ACCT,6202,501,,,,,,,,,,,,,,,,,,,Jeffrey Kromer,,,,,,jrk013000,jeffrey kromer,Accounting for Managerial Decision Making and Control
ACCT,6301,501,,,,,,,,,,,,,,,,,,,Samuel Cheng,,,,,,sxc109021,samuel cheng,Financial Accounting
ACCT,6330,501,,,,,,,,,,,,,,,,,,,William Cready,,,,,,wmc041000,william cready,Intermediate Financial Accounting I
ACCT,6332,501,,,,,,,,,,,,,,,,,,,Kathy Zolton,,,,,,kxz121730,kathy zolton,Intermediate Financial Accounting II
ACCT,6334,0w1,,,,,,,,,,,,,,,,,,,Matthew Paske,,,,,,map055000,,Auditing
ACCT,6340,001,,,,,,,,,,,,,,,,,,,K. Srikanth,,,,,,kxs018700,,System Analysis and Project Management
ACCT,6356,501,,,,,,,,,,,,,,,,,,,Sandy Frost,,,,,,sms151730,sandy frost,Tax Research
BA,1320,005,,,,,,,,,,,,,,,,,,,Timothy Reazor,,,,,,tjr160430,,Business in a Global World
BA,3350,001,,,,,,,,,,,,,,,,,,,Ramesh Subramoniam,,,,,,rxs179630,ramesh subramoniam,Defining Research for Knowledge and Innovation
BCOM,3300,502,,,,,,,,,,,,,,,,,,,Sarah Moore,,,,,,sem054000,sarah moore,Business Communication
BCOM,4300,013,,,,,,,,,,,,,,,,,,,Sarah Moore,,,,,,sem054000,sarah moore,Advanced Professional Communication
BLAW,2301,501,,,,,,,,,,,,,,,,,,,Christina Betanzos,,,,,,clb120030,christina betanzos,Business and Public Law
BLAW,3301,501,,,,,,,,,,,,,,,,,,,Rhonda Green,,,,,,rxg180032,rhonda green,Employment Law
BLAW,4301,001,,,,,,,,,,,,,,,,,,,Walter Sutton,,,,,,wls015100,walter sutton,International Law
BPS,4305,502,,,,,,,,,,,,,,,,,,,Nicole West,,,,,,nxw230005,nicole west,Strategic Management
BPS,6310,501,,,,,,,,,,,,,,,,,,,Gregory Dess,,,,,,ggd021000,gregory dess,Strategic Management
BPS,6360,501,,,,,,,,,,,,,,,,,,,Jeffrey Hicks,,,,,,jnh061000,jeffrey hicks,Management and Organizational Consulting  Theory and Practice
BUAN,3301,001,,,,,,,,,,,,,,,,,,,Ashim Bose,,,,,,axb230208,ashim bose,AI in Business
BUAN,3301,503,,,,,,,,,,,,,,,,,,,Ramesh Lakshmanan,,,,,,rxl220015,ramesh lakshmanan,AI in Business
BUAN,4351,501,,,,,,,,,,,,,,,,,,,Cuneyd Kaya,,,,,,cckaya,cuneyd kaya,Foundations of Business Intelligence
BUAN,4352,003,,,,,,,,,,,,,,,,,,,Vatsal Maru,,,,,,vkm220000,vatsal maru,Introduction to Web Analytics
BUAN,4353,001,,,,,,,,,,,,,,,,,,,Prajakti Akarte,,,,,,pva150330,prajakti akarte,Business Analytics
BUAN,4354,001,,,,,,,,,,,,,,,,,,,Judd Bradbury,,,,,,jdb101000,judd bradbury,Advanced Big Data Analytics
BUAN,4381,502,,,,,,,,,,,,,,,,,,,Thomas Lavastida,,,,,,txl220018,thomas lavastida,Object Oriented Programming with Python
BUAN,4382,501,,,,,,,,,,,,,,,,,,,Brandon Mitchell,,,,,,blm150430,brandon mitchell,Applied Artificial Intelligence Machine Learning
BUAN,6312,001,,,,,,,,,,,,,,,,,,,Jonathan Scott,,,,,,jxs230065,,Applied Econometrics and Time Series Analysis
BUAN,6333,001,,,,,,,,,,,,,,,,,,,Rabih Neouchi,,,,,,rxn200012,rabih neouchi,Foundations of Programming for Business Analytics
BUAN,6343,001,,,,,,,,,,,,,,,,,,,Harpreet Singh,,,,,,hxs104000,harpreet singh,Applied Large Language Models for Business  Prompting  Retrieval  and AI Agents
BUAN,6346,002,,,,,,,,,,,,,,,,,,,Gasan Elkhodari,,,,,,gxe051000,gasan elkhodari,Big Data
BUAN,6356,5w1,,,,,,,,,,,,,,,,,,,Zixuan Meng,,,,,,zxm200005,zixuan meng,Business Analytics With R
BUAN,6359,5w1,,,,,,,,,,,,,,,,,,,Awanti Sethi,,,,,,asethi,awanti sethi,Advanced Statistics for Data Science
BUAN,6383,001,,,,,,,,,,,,,,,,,,,Syam Menon,,,,,,sxm021300,syam menon,Modeling for Business Analytics
BUAN,6390,001,,,,,,,,,,,,,,,,,,,Brian Dean,,,,,,bjd210004,,Analytics Practicum
BUAN,6390,502,,,,,,,,,,,,,,,,,,,Mandar Samant,,,,,,mss190002,,Analytics Practicum
CYBR,4338,001,,,,,,,,,,,,,,,,,,,Steven Haynes,,,,,,sxh102420,steven haynes,Foundations of Risk Analytics and Applications
CYBR,4360,002,,,,,,,,,,,,,,,,,,,Phillip Hardin,,,,,,dal780697,phillip hardin,Network and Information Security
CYBR,4360,502,,,,,,,,,,,,,,,,,,,Satish More,,,,,,spm240001,satish more,Network and Information Security
ENTP,6310,501,,,,,,,,,,,,,,,,,,,Gregory Dess,,,,,,ggd021000,gregory dess,Strategic Management
ENTP,6315,501,,,,,,,,,,,,,,,,,,,Rajiv Shah,,,,,,rxs079000,rajiv shah,Entrepreneurial Finance
ENTP,6355,501,,,,,,,,,,,,,,,,,,,Luis Felipe Varas Greene,,,,,,dal110693,,Financial Modeling for Valuation
FIN,3300,002,,,,,,,,,,,,,,,,,,,Luis Felipe Varas Greene,,,,,,dal110693,,Personal Finance
FIN,3320,002,,,,,,,,,,,,,,,,,,,Pingle Wang,,,,,,pxw200007,pingle wang,Business Finance
FIN,3320,005,,,,,,,,,,,,,,,,,,,Umit Kurucak,,,,,,axk179330,umit kurucak,Business Finance
FIN,3320,017,,,,,,,,,,,,,,,,,,,Pingle Wang,,,,,,pxw200007,pingle wang,Business Finance
FIN,3320,505,,,,,,,,,,,,,,,,,,,Elham Ghorbani,,,,,,exg200000,elham ghorbani,Business Finance
FIN,3350,001,,,,,,,,,,,,,,,,,,,Han (Victor) Xia,,,,,,hxx110930,han xia,Financial Markets and Institutions
FIN,3350,002,,,,,,,,,,,,,,,,,,,Han (Victor) Xia,,,,,,hxx110930,han xia,Financial Markets and Institutions
FIN,4307,001,,,,,,,,,,,,,,,,,,,Serena Xiao,,,,,,swx170030,,Private Equity
FIN,4321,501,,,,,,,,,,,,,,,,,,,Blake Hedgecock,,,,,,bxh132030,blake hedgecock,Real Estate Law and Contracts
FIN,4338,001,,,,,,,,,,,,,,,,,,,Steven Haynes,,,,,,sxh102420,steven haynes,Foundations of Risk Analytics and Applications
FIN,4390,001,,,,,,,,,,,,,,,,,,,Kannoo Ravindran,,,,,,dal839044,kannoo ravindran,Seminar Series in Finance  - Breaking Into Wall Street
FIN,6310,001,,,,,,,,,,,,,,,,,,,Vikram Nanda,,,,,,vkn150030,vikram nanda,Investment Theory and Practice
FIN,6315,501,,,,,,,,,,,,,,,,,,,Rajiv Shah,,,,,,rxs079000,rajiv shah,Entrepreneurial Finance
FIN,6325,501,,,,,,,,,,,,,,,,,,,Han (Victor) Xia,,,,,,hxx110930,han xia,Macroeconomics and Financial Markets
FIN,6352,501,,,,,,,,,,,,,,,,,,,Luis Felipe Varas Greene,,,,,,dal110693,,Financial Modeling for Valuation
FIN,7335,501,,,,,,,,,,,,,,,,,,,Feng Zhao,,,,,,fxz082000,feng zhao,Topics in Empirical Asset Pricing  - Financial Mkts & Real Economy
HMGT,4321,001,,,,,,,,,,,,,,,,,,,Joseph Nedbal,,,,,,jan160230,joe nedbal,Healthcare Information Systems
HMGT,6327,501,,,,,,,,,,,,,,,,,,,Timothy Stephens,,,,,,tgs170130,timothy stephens,Electronic Health Records Applications
IMS,4340,0w1,,,,,,,,,,,,,,,,,,,Agnieszka Olsztynska,,,,,,axo027000,agnieszka olsztynska,Leading and Managing Globally
IMS,4350,001,,,,,,,,,,,,,,,,,,,Hubert Zydorek,,,,,,hxz120930,hubert zydorek,Global Market Entry Strategies
IMS,4373,501,,,,,,,,,,,,,,,,,,,Adriaan Van Eeden,,,,,,dal258233,van beveren,Global Strategy
ITSS,3300,001,,,,,,,,,,,,,,,,,,,Robert Franson,,,,,,rcf160130,robert franson,Information Technology for Business
ITSS,3300,507,,,,,,,,,,,,,,,,,,,Paul Ceverha,,,,,,pwc230000,paul ceverha,Information Technology for Business
ITSS,3300,510,,,,,,,,,,,,,,,,,,,Robert Franson,,,,,,rcf160130,robert franson,Information Technology for Business
ITSS,3311,001,,,,,,,,,,,,,,,,,,,Ozgur Aksoy,,,,,,oxa190009,ozgur aksoy,Introduction to Programming
ITSS,3390,001,,,,,,,,,,,,,,,,,,,Angela Neal,,,,,,aan052000,angela neal,Web Design and Development for Business Applications
ITSS,4301,501,,,,,,,,,,,,,,,,,,,John Hagen,,,,,,jch013200,john hagen,Database Systems
ITSS,4320,001,,,,,,,,,,,,,,,,,,,Joseph Nedbal,,,,,,jan160230,joe nedbal,Healthcare Information Systems
ITSS,4351,501,,,,,,,,,,,,,,,,,,,Cuneyd Kaya,,,,,,cckaya,cuneyd kaya,Foundations of Business Intelligence
ITSS,4352,003,,,,,,,,,,,,,,,,,,,Vatsal Maru,,,,,,vkm220000,vatsal maru,Introduction to Web Analytics
ITSS,4353,001,,,,,,,,,,,,,,,,,,,Prajakti Akarte,,,,,,pva150330,prajakti akarte,Business Analytics
ITSS,4354,001,,,,,,,,,,,,,,,,,,,Judd Bradbury,,,,,,jdb101000,judd bradbury,Advanced Big Data Analytics
ITSS,4360,002,,,,,,,,,,,,,,,,,,,Phillip Hardin,,,,,,dal780697,phillip hardin,Network and Information Security
ITSS,4360,502,,,,,,,,,,,,,,,,,,,Satish More,,,,,,spm240001,satish more,Network and Information Security
ITSS,4370,502,,,,,,,,,,,,,,,,,,,Aparna Godbole,,,,,,dal476070,,Information Technology Infrastructure
ITSS,4381,502,,,,,,,,,,,,,,,,,,,Thomas Lavastida,,,,,,txl220018,thomas lavastida,Object Oriented Programming with Python
ITSS,4382,501,,,,,,,,,,,,,,,,,,,Brandon Mitchell,,,,,,blm150430,brandon mitchell,Applied Artificial Intelligence Machine Learning
MAS,6102,052,,,,,,,,,,,,,,,,,,,Diane Holmes,,,,,,dxh220014,,Professional Development
MAS,6102,551,,,,,,,,,,,,,,,,,,,Michelle Miller,,,,,,emm010200,michelle miller,Professional Development
MECO,6312,001,,,,,,,,,,,,,,,,,,,Jonathan Scott,,,,,,jxs230065,,Applied Econometrics and Time Series Analysis
MIS,6308,001,,,,,,,,,,,,,,,,,,,K. Srikanth,,,,,,kxs018700,,System Analysis and Project Management
MIS,6346,002,,,,,,,,,,,,,,,,,,,Gasan Elkhodari,,,,,,gxe051000,gasan elkhodari,Big Data
MIS,6356,5w1,,,,,,,,,,,,,,,,,,,Zixuan Meng,,,,,,zxm200005,zixuan meng,Business Analytics With R
MIS,6381,501,,,,,,,,,,,,,,,,,,,Timothy Stephens,,,,,,tgs170130,timothy stephens,Electronic Health Records Applications
MIS,6386,001,,,,,,,,,,,,,,,,,,,Syam Menon,,,,,,sxm021300,syam menon,Modeling for Business Analytics
MIS,6393,002,,,,,,,,,,,,,,,,,,,Florence Lowe,,,,,,fxl210009,florence lowe,Foundations of Digital Product Management
MIS,6393,5w1,,,,,,,,,,,,,,,,,,,Ashim Bose,,,,,,axb230208,ashim bose,Foundations of Digital Product Management
MKT,4333,001,,,,,,,,,,,,,,,,,,,Soraya Fatehi,,,,,,sxf200005,soraya fatehi,Retail Operations
MKT,4340,001,,,,,,,,,,,,,,,,,,,Lori Kirk-Rolley,,,,,,lxk230030,lori kirk rolley,Consumer Behavior
MKT,4350,001,,,,,,,,,,,,,,,,,,,Abhijit Biswas,,,,,,axb019100,abhijit biswas,Principles of Advertising
MKT,6301,501,,,,,,,,,,,,,,,,,,,Sanjay Jain,,,,,,sxj164830,sanjay jain,Marketing Management
MKT,6332,501,,,,,,,,,,,,,,,,,,,Abhijit Biswas,,,,,,axb019100,abhijit biswas,Advertising and Promotional Strategy
MKT,6343,501,,,,,,,,,,,,,,,,,,,Joseph Reske,,,,,,,joseph reske,Social Media Marketing and Insights
OB,7310,001,,,,,,,,,,,,,,,,,,,Riki Takeuchi,,,,,,rxt173730,riki takeuchi,Group and Intergroup Processes
OBHR,4310,001,,,,,,,,,,,,,,,,,,,James Dowd,,,,,,jmd230005,james dowd,Business Ethics
OBHR,4331,001,,,,,,,,,,,,,,,,,,,Dale Albrecht,,,,,,dja180003,dale albrecht,Compensation and Benefits Administration
OPRE,3310,005,,,,,,,,,,,,,,,,,,,Ignacio Rios Uribe,,,,,,iar200000,ignacio rios uribe,Supply Chain and Operations Management
OPRE,3311,001,,,,,,,,,,,,,,,,,,,Ozgur Aksoy,,,,,,oxa190009,ozgur aksoy,Introduction to Programming
OPRE,3333,005,,,,,,,,,,,,,,,,,,,Hien Nguyen,,,,,,htn170130,hien nguyen,Quantitative Business Analysis
OPRE,3340,002,,,,,,,,,,,,,,,,,,,Tristan Whalen,,,,,,tgw100020,tristan whalen,Advanced Quantitative Business Methods
OPRE,3360,003,,,,,,,,,,,,,,,,,,,Anyan Qi,,,,,,axq140430,anyan qi,Managerial Methods in Decision Making Under Uncertainty
OPRE,3360,008,,,,,,,,,,,,,,,,,,,Anyan Qi,,,,,,axq140430,anyan qi,Managerial Methods in Decision Making Under Uncertainty
OPRE,4310,501,,,,,,,,,,,,,,,,,,,Kannan Ramanathan,,,,,,kxr087000,kannan ramanathan,Lean and Six Sigma Processes
OPRE,4340,001,,,,,,,,,,,,,,,,,,,Bin Hu,,,,,,bxh180009,bin hu,Purchasing and Sourcing Management
OPRE,4345,001,,,,,,,,,,,,,,,,,,,Soraya Fatehi,,,,,,sxf200005,soraya fatehi,Retail Operations
OPRE,4353,001,,,,,,,,,,,,,,,,,,,Prajakti Akarte,,,,,,pva150330,prajakti akarte,Business Analytics
OPRE,6305,5w1,,,,,,,,,,,,,,,,,,,Zixuan Meng,,,,,,zxm200005,zixuan meng,Business Analytics With R
OPRE,6359,5w1,,,,,,,,,,,,,,,,,,,Awanti Sethi,,,,,,asethi,awanti sethi,Advanced Statistics for Data Science
OPRE,6370,001,,,,,,,,,,,,,,,,,,,Chonghuan Wang,,,,,,dal343393,chonghuan wang,Global Logistics and Transportation
OPRE,7311,001,,,,,,,,,,,,,,,,,,,Ganesh Janakiraman,,,,,,gxj091000,ganesh janakiraman,Stochastic Models in Operations Research
REAL,4321,501,,,,,,,,,,,,,,,,,,,Blake Hedgecock,,,,,,bxh132030,blake hedgecock,Real Estate Law and Contracts
RMIS,4338,001,,,,,,,,,,,,,,,,,,,Steven Haynes,,,,,,sxh102420,steven haynes,Foundations of Risk Analytics and Applications
SYSM,6318,501,,,,,,,,,,,,,,,,,,,Sanjay Jain,,,,,,sxj164830,sanjay jain,Marketing Management
ACCT,2301,004,,,,,,,,,,,,,,,,,,,Stanimir Markov,,,,,,sxm079200,stanimir markov,Introductory Financial Accounting
ACCT,2301,005,,,,,,,,,,,,,,,,,,,Naim Bugra Ozel,Jieying Zhang,,,,,nbo150030,naim ozel,Introductory Financial Accounting
ACCT,2301,006,,,,,,,,,,,,,,,,,,,Naim Bugra Ozel,Jieying Zhang,,,,,nbo150030,naim ozel,Introductory Financial Accounting
ACCT,2301,007,,,,,,,,,,,,,,,,,,,Stanimir Markov,,,,,,sxm079200,stanimir markov,Introductory Financial Accounting
ACCT,2301,502,,,,,,,,,,,,,,,,,,,Naim Bugra Ozel,Jieying Zhang,,,,,nbo150030,naim ozel,Introductory Financial Accounting
ACCT,2302,001,,,,,,,,,,,,,,,,,,,Kirti Sinha,,,,,,kxs190050,kirti sinha,Introductory Management Accounting
ACCT,2302,002,,,,,,,,,,,,,,,,,,,Kirti Sinha,,,,,,kxs190050,kirti sinha,Introductory Management Accounting
ACCT,2302,003,,,,,,,,,,,,,,,,,,,Kirti Sinha,,,,,,kxs190050,kirti sinha,Introductory Management Accounting
ACCT,2302,004,,,,,,,,,,,,,,,,,,,Ying Huang,,,,,,yxh124430,ying huang,Introductory Management Accounting
ACCT,2302,005,,,,,,,,,,,,,,,,,,,Ying Huang,,,,,,yxh124430,ying huang,Introductory Management Accounting
ACCT,2302,007,,,,,,,,,,,,,,,,,,,Ying Huang,,,,,,yxh124430,ying huang,Introductory Management Accounting
ACCT,3312,001,,,,,,,,,,,,,,,,,,,Jedson Pinto,,,,,,jpp200002,jedson pinto,Fundamentals of Accounting Analytics
ACCT,3332,001,,,,,,,,,,,,,,,,,,,Tiffany Bortz,,,,,,tabortz,tiffany bortz,Intermediate Financial Accounting II
ACCT,3350,001,,,,,,,,,,,,,,,,,,,Sandy Frost,,,,,,sms151730,sandy frost,Fundamentals of Taxation
ACCT,4334,001,,,,,,,,,,,,,,,,,,,Matthew Paske,,,,,,map055000,,Auditing
BA,1310,001,,,,,,,,,,,,,,,,,,,Kyle Hyndman,,,,,,tdp062000,kyle hyndman,Making Choices in Free Market Systems
BA,1310,002,,,,,,,,,,,,,,,,,,,Kyle Hyndman,,,,,,tdp062000,kyle hyndman,Making Choices in Free Market Systems
BA,1310,008,,,,,,,,,,,,,,,,,,,Xiaodan Zhao,,,,,,xxz210018,xiaodan zhao,Making Choices in Free Market Systems
BA,1310,009,,,,,,,,,,,,,,,,,,,Xiaodan Zhao,,,,,,xxz210018,xiaodan zhao,Making Choices in Free Market Systems
BA,3300,002,,,,,,,,,,,,,,,,,,,Yingzhi Liang,,,,,,dal725083,yingzhi liang,Advanced Topics in Capitalism  Ideas and Challenges That Shape Our World
BA,3300,003,,,,,,,,,,,,,,,,,,,Yingzhi Liang,,,,,,dal725083,yingzhi liang,Advanced Topics in Capitalism  Ideas and Challenges That Shape Our World
BCOM,3300,002,,,,,,,,,,,,,,,,,,,Joy Woods Bennett,,,,,,jmb230008,joy melody bennett,Business Communication
BCOM,3300,003,,,,,,,,,,,,,,,,,,,Julie Stewart,,,,,,jxs210043,julie stewart,Business Communication
BCOM,3300,004,,,,,,,,,,,,,,,,,,,Julie Stewart,,,,,,jxs210043,julie stewart,Business Communication
BCOM,3300,010,,,,,,,,,,,,,,,,,,,Joy Woods Bennett,,,,,,jmb230008,joy melody bennett,Business Communication
BCOM,4300,002,,,,,,,,,,,,,,,,,,,Christine Postolos,,,,,,cxp220036,christine postolos,Advanced Professional Communication
BCOM,4300,003,,,,,,,,,,,,,,,,,,,Julie Stewart,,,,,,jxs210043,julie stewart,Advanced Professional Communication
BCOM,4300,004,,,,,,,,,,,,,,,,,,,Julie Stewart,,,,,,jxs210043,julie stewart,Advanced Professional Communication
BCOM,4300,005,,,,,,,,,,,,,,,,,,,Jennifer Fry,,,,,,jlf130030,jennifer fry,Advanced Professional Communication
BCOM,4300,006,,,,,,,,,,,,,,,,,,,Jennifer Fry,,,,,,jlf130030,jennifer fry,Advanced Professional Communication
BCOM,4300,502,,,,,,,,,,,,,,,,,,,Alexander Olshansky,,,,,,axo037000,,Advanced Professional Communication
BLAW,2301,002,,,,,,,,,,,,,,,,,,,Matthew Polze,,,,,,mmp062000,matthew polze,Business and Public Law
BLAW,2301,003,,,,,,,,,,,,,,,,,,,Matthew Polze,,,,,,mmp062000,matthew polze,Business and Public Law
BLAW,2301,004,,,,,,,,,,,,,,,,,,,Walter Sutton,,,,,,wls015100,walter sutton,Business and Public Law
BLAW,2301,502,,,,,,,,,,,,,,,,,,,Christina Betanzos,,,,,,clb120030,christina betanzos,Business and Public Law
BPS,4305,001,,,,,,,,,,,,,,,,,,,Nicole West,,,,,,nxw230005,nicole west,Strategic Management
BPS,4305,002,,,,,,,,,,,,,,,,,,,Nicole West,,,,,,nxw230005,nicole west,Strategic Management
BUAN,3301,002,,,,,,,,,,,,,,,,,,,Subrahmanyam Aditya Karanam,,,,,,dal597059,subrahmanyam aditya karanam,AI in Business
BUAN,3301,003,,,,,,,,,,,,,,,,,,,Subrahmanyam Aditya Karanam,,,,,,dal597059,subrahmanyam aditya karanam,AI in Business
BUAN,4337,002,,,,,,,,,,,,,,,,,,,Julie Haworth,,,,,,haworth,julie haworth,Marketing Analytics
BUAN,4353,002,,,,,,,,,,,,,,,,,,,Prakash Shrivastava,,,,,,pcs130130,prakash shrivastava,Business Analytics
ENGY,3301,001,,,,,,,,,,,,,,,,,,,Daniel Sibley,,,,,,dcs170002,daniel sibley,Managing Carbon Assets  Oil  Gas  and Coal
ENGY,4313,001,,,,,,,,,,,,,,,,,,,Mohammad Qandil,,,,,,dal962332,mohammad qandil,Energy Finance
ENTP,3301,002,,,,,,,,,,,,,,,,,,,Christopher Bhatti,,,,,,cbhatti,christopher bhatti,Innovation and Entrepreneurship
ENTP,3301,501,,,,,,,,,,,,,,,,,,,Paul Nichols,,,,,,pxn120030,paul nichols,Innovation and Entrepreneurship
ENTP,4335,001,,,,,,,,,,,,,,,,,,,Wesley Durow,,,,,,wxd240005,wesley durrow,Digital and Internet Marketing
FIN,3320,001,,,,,,,,,,,,,,,,,,,Revansiddha Khanapure,,,,,,rbk160130,revansiddha khanapure,Business Finance
FIN,3320,006,,,,,,,,,,,,,,,,,,,Revansiddha Khanapure,,,,,,rbk160130,revansiddha khanapure,Business Finance
FIN,3370,003,,,,,,,,,,,,,,,,,,,Ricardo Vicente,,,,,,dal277736,,Principles of Risk Management and Insurance
FIN,4332,001,,,,,,,,,,,,,,,,,,,Ricardo Vicente,,,,,,dal277736,,Commercial Property Risk Management and Insurance
HMGT,3301,002,,,,,,,,,,,,,,,,,,,Mary Bryan,,,,,,cxb230057,mary bryan,Healthcare Management
IMS,3310,001,,,,,,,,,,,,,,,,,,,Tom Henderson,,,,,,txh093000,tom henderson,International Business
IMS,3310,002,,,,,,,,,,,,,,,,,,,Habte Woldu,,,,,,wolduh,habte woldu,International Business
IMS,3310,003,,,,,,,,,,,,,,,,,,,Habte Woldu,,,,,,wolduh,habte woldu,International Business
IMS,3310,004,,,,,,,,,,,,,,,,,,,Jun Xia,,,,,,jxx132030,jun xia,International Business
IMS,3310,501,,,,,,,,,,,,,,,,,,,Tom Henderson,,,,,,txh093000,tom henderson,International Business
IMS,3310,503,,,,,,,,,,,,,,,,,,,Jun Xia,,,,,,jxx132030,jun xia,International Business
ITSS,3300,002,,,,,,,,,,,,,,,,,,,Prakash Shrivastava,,,,,,pcs130130,prakash shrivastava,Information Technology for Business
ITSS,3300,003,,,,,,,,,,,,,,,,,,,Prakash Shrivastava,,,,,,pcs130130,prakash shrivastava,Information Technology for Business
ITSS,3300,004,,,,,,,,,,,,,,,,,,,Prakash Shrivastava,,,,,,pcs130130,prakash shrivastava,Information Technology for Business
ITSS,3300,504,,,,,,,,,,,,,,,,,,,Masudal Khan,,,,,,mhk190001,masudal khan,Information Technology for Business
ITSS,3311,501,,,,,,,,,,,,,,,,,,,Yan Zhu,,,,,,yxz200050,yan zhu,Introduction to Programming
ITSS,4330,001,,,,,,,,,,,,,,,,,,,Jeffrey Baker,,,,,,dal616978,,Systems Analysis and Design
ITSS,4353,002,,,,,,,,,,,,,,,,,,,Prakash Shrivastava,,,,,,pcs130130,prakash shrivastava,Business Analytics
MECO,4352,001,,,,,,,,,,,,,,,,,,,Moran Blueshtein,,,,,,mxb135230,moran blueshtein,Business Econometrics
MKT,3300,001,,,,,,,,,,,,,,,,,,,Tongil Kim,,,,,,txk200012,,Principles of Marketing
MKT,3300,002,,,,,,,,,,,,,,,,,,,Tongil Kim,,,,,,txk200012,,Principles of Marketing
MKT,3300,003,,,,,,,,,,,,,,,,,,,Jin Miao,,,,,,jxm190071,,Principles of Marketing
MKT,3300,504,,,,,,,,,,,,,,,,,,,Nanda Kumar,,,,,,nkumar,nanda kumar,Principles of Marketing
MKT,3330,002,,,,,,,,,,,,,,,,,,,Anita Dale,,,,,,akd240002,anita dale,Fundamentals of Professional Selling
MKT,3330,003,,,,,,,,,,,,,,,,,,,Anita Dale,,,,,,akd240002,anita dale,Fundamentals of Professional Selling
MKT,4330,001,,,,,,,,,,,,,,,,,,,Wesley Durow,,,,,,wxd240005,wesley durrow,Digital and Internet Marketing
MKT,4337,002,,,,,,,,,,,,,,,,,,,Julie Haworth,,,,,,haworth,julie haworth,Marketing Analytics
OBHR,3310,001,,,,,,,,,,,,,,,,,,,Karren Knowlton,,,,,,kxk230060,karren knowlton,Organizational Behavior
OBHR,3310,002,,,,,,,,,,,,,,,,,,,Karren Knowlton,,,,,,kxk230060,karren knowlton,Organizational Behavior
OBHR,3310,007,,,,,,,,,,,,,,,,,,,Karren Knowlton,,,,,,kxk230060,karren knowlton,Organizational Behavior
OBHR,3330,001,,,,,,,,,,,,,,,,,,,Rhonda Green,,,,,,rxg180032,rhonda green,Human Resource Management in Business
OBHR,3330,002,,,,,,,,,,,,,,,,,,,Rhonda Green,,,,,,rxg180032,rhonda green,Human Resource Management in Business
OBHR,4339,001,,,,,,,,,,,,,,,,,,,Dale Albrecht,,,,,,dja180003,dale albrecht,People Technology Leadership and Artificial Intelligence
OBHR,4342,501,,,,,,,,,,,,,,,,,,,Rhonda Green,,,,,,rxg180032,rhonda green,People Relations
OBHR,4395,001,,,,,,,,,,,,,,,,,,,Dale Albrecht,,,,,,dja180003,dale albrecht,Capstone Senior Project - Human Resource Management
OPRE,3310,007,,,,,,,,,,,,,,,,,,,Mengxin Wang,,,,,,mxw230006,menxing wang,Supply Chain and Operations Management
OPRE,3311,501,,,,,,,,,,,,,,,,,,,Yan Zhu,,,,,,yxz200050,yan zhu,Introduction to Programming
OPRE,3333,001,,,,,,,,,,,,,,,,,,,Malgorzata Woldu,,,,,,mxw180018,malgorzata woldu,Quantitative Business Analysis
OPRE,3333,002,,,,,,,,,,,,,,,,,,,Negin Enayaty Ahangar,,,,,,nxe180001,negin enayaty ahangar,Quantitative Business Analysis
OPRE,3333,003,,,,,,,,,,,,,,,,,,,Negin Enayaty Ahangar,,,,,,nxe180001,negin enayaty ahangar,Quantitative Business Analysis
OPRE,3360,006,,,,,,,,,,,,,,,,,,,Jiarui Wei,,,,,,jxw200048,jiarui wei,Managerial Methods in Decision Making Under Uncertainty
OPRE,4337,002,,,,,,,,,,,,,,,,,,,Julie Haworth,,,,,,haworth,julie haworth,Marketing Analytics
OPRE,4353,002,,,,,,,,,,,,,,,,,,,Prakash Shrivastava,,,,,,pcs130130,prakash shrivastava,Business Analytics
REAL,4332,001,,,,,,,,,,,,,,,,,,,Ricardo Vicente,,,,,,dal277736,,Commercial Property Risk Management and Insurance
RMIS,3370,003,,,,,,,,,,,,,,,,,,,Ricardo Vicente,,,,,,dal277736,,Principles of Risk Management and Insurance
RMIS,4332,001,,,,,,,,,,,,,,,,,,,Ricardo Vicente,,,,,,dal277736,,Commercial Property Risk Management and Insurance
ACCT,3341,501,,,,,,,,,,,,,,,,,,,Gil Sadka,,,,,,gxs143630,gil sadka,Cost Management Systems
ACCT,4336,501,,,,,,,,,,,,,,,,,,,Steven Solcher,,,,,,sjs107020,steven solcher,Financial Statement Analysis
ACCT,6305,501,,,,,,,,,,,,,,,,,,,Zhonglan Dai,,,,,,zxd051000,zhonglan dai,Accounting for Managers
ACCT,6309,001,,,,,,,,,,,,,,,,,,,Naser Islam,,,,,,nxi110630,naser islam,Business Data Warehousing
ACCT,6336,001,,,,,,,,,,,,,,,,,,,Joseph Mauriello,,,,,,jam151430,joseph mauriello,Information Technology Audit and Risk Management
ACCT,6374,501,,,,,,,,,,,,,,,,,,,Matthew Paske,,,,,,map055000,,Advanced Data Analytics and AI for Accountants and Auditors
BA,1105,091,,,,,,,,,,,,,,,,,,,Jason Cirilo,,,,,,jmc180002,jason cirilo,Professional Development
BA,3105,591,,,,,,,,,,,,,,,,,,,Jason Cirilo,,,,,,jmc180002,jason cirilo,Professional Development
BA,3300,501,,,,,,,,,,,,,,,,,,,Simon Siegenthaler,,,,,,sxs177933,simon siegenthaler,Advanced Topics in Capitalism  Ideas and Challenges That Shape Our World
BCOM,3300,014,,,,,,,,,,,,,,,,,,,Aliscia Rogers,,,,,,dal900335,aliscia rogers,Business Communication
BCOM,3300,501,,,,,,,,,,,,,,,,,,,Jason Moore,,,,,,jxm230056,jason moore,Business Communication
BCOM,4300,010,,,,,,,,,,,,,,,,,,,Jason Moore,,,,,,jxm230056,jason moore,Advanced Professional Communication
BLAW,2301,506,,,,,,,,,,,,,,,,,,,Stephen Engel,,,,,,sge091020,,Business and Public Law
BUAN,3301,505,,,,,,,,,,,,,,,,,,,Saqib Khalil,,,,,,dal824717,saqib khalil,AI in Business
BUAN,4352,002,,,,,,,,,,,,,,,,,,,Vatsal Maru,,,,,,vkm220000,vatsal maru,Introduction to Web Analytics
BUAN,4355,001,,,,,,,,,,,,,,,,,,,Naser Islam,,,,,,nxi110630,naser islam,Data Visualization
BUAN,4373,001,,,,,,,,,,,,,,,,,,,Rasoul Ramezani,,,,,,rxr145930,rasoul ramezani,Data Science for Business Applications
BUAN,4373,501,,,,,,,,,,,,,,,,,,,Rasoul Ramezani,,,,,,rxr145930,rasoul ramezani,Data Science for Business Applications
BUAN,4381,501,,,,,,,,,,,,,,,,,,,Thomas Lavastida,,,,,,txl220018,thomas lavastida,Object Oriented Programming with Python
BUAN,6312,002,,,,,,,,,,,,,,,,,,,Jonathan Scott,,,,,,jxs230065,,Applied Econometrics and Time Series Analysis
BUAN,6337,001,,,,,,,,,,,,,,,,,,,Shervin Tehrani,,,,,,sst180003,shervin tehrani,Predictive Analytics for Data Science
BUAN,6337,004,,,,,,,,,,,,,,,,,,,Shervin Tehrani,,,,,,sst180003,shervin tehrani,Predictive Analytics for Data Science
BUAN,6340,001,,,,,,,,,,,,,,,,,,,Thomas Lavastida,,,,,,txl220018,thomas lavastida,Programming for Data Science
BUAN,6375,501,,,,,,,,,,,,,,,,,,,Rajiv Shah,,,,,,rxs079000,rajiv shah,Technology Strategies and New Product Development
BUAN,6398,501,,,,,,,,,,,,,,,,,,,Hien Nguyen,,,,,,htn170130,hien nguyen,Prescriptive Analytics
CYBR,4354,001,,,,,,,,,,,,,,,,,,,Steven Haynes,,,,,,sxh102420,steven haynes,Cybersecurity Risk Management
CYBR,4358,501,,,,,,,,,,,,,,,,,,,Rostislav Ginevich,,,,,,rxg172930,rostislav ginevich,Applied Cybersecurity Analytics and AI
CYBR,4360,501,,,,,,,,,,,,,,,,,,,Nambi Thirumalai,,,,,,ndt180001,nambi thirumalai,Network and Information Security
CYBR,4361,001,,,,,,,,,,,,,,,,,,,Taimur Khan,,,,,,txk123530,taimur khan,Information Technology Cybersecurity
CYBR,4361,501,,,,,,,,,,,,,,,,,,,Alex Ivaschenko,,,,,,aii170030,alex ivaschenko,Information Technology Cybersecurity
ENGY,6336,501,,,,,,,,,,,,,,,,,,,Arun Kharghoria,,,,,,dal069492,,Analysis of Financial Data in the Energy Industries
ENTP,3301,003,,,,,,,,,,,,,,,,,,,Qingqing Chen,,,,,,qxc230004,qingqing chen,Innovation and Entrepreneurship
ENTP,3320,001,,,,,,,,,,,,,,,,,,,Paul Nichols,,,,,,pxn120030,paul nichols,Start-up Launch I
ENTP,4331,003,,,,,,,,,,,,,,,,,,,Howard Dover,,,,,,hfd021000,howard dover,Digital Prospecting
ENTP,6375,501,,,,,,,,,,,,,,,,,,,Rajiv Shah,,,,,,rxs079000,rajiv shah,Technology Strategies and New Product Development
ENTP,6378,001,,,,,,,,,,,,,,,,,,,Haemin Park,,,,,,hxp174230,haemin park,Scaling New Ventures
FIN,3320,003,,,,,,,,,,,,,,,,,,,Christopher Mace,,,,,,cxm200014,christopher mace,Business Finance
FIN,3320,009,,,,,,,,,,,,,,,,,,,Jun Li,,,,,,jxl128031,jun li,Business Finance
FIN,3320,010,,,,,,,,,,,,,,,,,,,Jiawei Hu,,,,,,jxh190066,jiawei hu,Business Finance
FIN,3320,015,,,,,,,,,,,,,,,,,,,Christopher Mace,,,,,,cxm200014,christopher mace,Business Finance
FIN,3320,019,,,,,,,,,,,,,,,,,,,Umit Kurucak,,,,,,axk179330,umit kurucak,Business Finance
FIN,3320,502,,,,,,,,,,,,,,,,,,,Christopher Mace,,,,,,cxm200014,christopher mace,Business Finance
FIN,3358,501,,,,,,,,,,,,,,,,,,,James Harbur,,,,,,jwh035000,james harbur,Real Estate Markets and Investments
FIN,3395,501,,,,,,,,,,,,,,,,,,,Jeff Noland,,,,,,jxn125330,jeff noland,Financial Modeling and Valuation
FIN,4300,002,,,,,,,,,,,,,,,,,,,Revansiddha Khanapure,,,,,,rbk160130,revansiddha khanapure,Investment Management
FIN,4310,005,,,,,,,,,,,,,,,,,,,Hongda Zhong,,,,,,hxz230006,hongda zhong,Intermediate Financial Management
FIN,4345,001,,,,,,,,,,,,,,,,,,,Liping Ma,,,,,,lxm133730,liping ma,Financial Information and Analysis
FIN,4354,001,,,,,,,,,,,,,,,,,,,Steven Haynes,,,,,,sxh102420,steven haynes,Cybersecurity Risk Management
FIN,4381,001,,,,,,,,,,,,,,,,,,,Robert Kieschnick,,,,,,rkiesch,robert kieschnick,Fund Management II
FIN,4395,002,,,,,,,,,,,,,,,,,,,Nina Baranchuk,,,,,,nxb043000,nina baranchuk,Capstone Senior Project - Finance
FIN,6318,001,,,,,,,,,,,,,,,,,,,Nina Baranchuk,,,,,,nxb043000,nina baranchuk,Analytics of Finance
FIN,6335,001,,,,,,,,,,,,,,,,,,,Daniel Sibley,,,,,,dcs170002,daniel sibley,Energy Finance
FIN,6336,501,,,,,,,,,,,,,,,,,,,Arun Kharghoria,,,,,,dal069492,,Analysis of Financial Data in the Energy Industries
HMGT,3311,002,,,,,,,,,,,,,,,,,,,Daniel Karnuta,,,,,,dxk173030,daniel karnuta,Healthcare Financial Analysis
HMGT,6336,001,,,,,,,,,,,,,,,,,,,Joseph Mauriello,,,,,,jam151430,joseph mauriello,Information Technology Audit and Risk Management
IMS,3310,502,,,,,,,,,,,,,,,,,,,Wing Tsang,,,,,,wkt071000,wing tsang,International Business
IMS,6373,501,,,,,,,,,,,,,,,,,,,Anbu Subramaniyan,,,,,,dal372887,anbu subramaniyan,Data Analytics for International Business
ITSS,3300,501,,,,,,,,,,,,,,,,,,,John Young,,,,,,jgy190000,john young,Information Technology for Business
ITSS,3311,002,,,,,,,,,,,,,,,,,,,Ozgur Aksoy,,,,,,oxa190009,ozgur aksoy,Introduction to Programming
ITSS,4330,501,,,,,,,,,,,,,,,,,,,Juveria Baig,,,,,,jxb129230,juveria baig,Systems Analysis and Design
ITSS,4340,001,,,,,,,,,,,,,,,,,,,Luell Thompson,,,,,,lot013000,luell thompson,Enterprise Resource Planning
ITSS,4352,002,,,,,,,,,,,,,,,,,,,Vatsal Maru,,,,,,vkm220000,vatsal maru,Introduction to Web Analytics
ITSS,4355,001,,,,,,,,,,,,,,,,,,,Naser Islam,,,,,,nxi110630,naser islam,Data Visualization
ITSS,4358,501,,,,,,,,,,,,,,,,,,,Rostislav Ginevich,,,,,,rxg172930,rostislav ginevich,Applied Cybersecurity Analytics and AI
ITSS,4360,501,,,,,,,,,,,,,,,,,,,Nambi Thirumalai,,,,,,ndt180001,nambi thirumalai,Network and Information Security
ITSS,4361,001,,,,,,,,,,,,,,,,,,,Taimur Khan,,,,,,txk123530,taimur khan,Information Technology Cybersecurity
ITSS,4361,501,,,,,,,,,,,,,,,,,,,Alex Ivaschenko,,,,,,aii170030,alex ivaschenko,Information Technology Cybersecurity
ITSS,4371,001,,,,,,,,,,,,,,,,,,,John Young,,,,,,jgy190000,john young,Cloud Computing with AWS
ITSS,4381,501,,,,,,,,,,,,,,,,,,,Thomas Lavastida,,,,,,txl220018,thomas lavastida,Object Oriented Programming with Python
ITSS,4v95,003,,,,,,,,,,,,,,,,,,,Geeta Menon,,,,,,dal806842,geeta menon,Seminar Series in Information Systems  - Harnessing AI for A Sust Futur
MECO,6312,002,,,,,,,,,,,,,,,,,,,Jonathan Scott,,,,,,jxs230065,,Applied Econometrics and Time Series Analysis
MECO,6360,001,,,,,,,,,,,,,,,,,,,Jianqing Chen,,,,,,jxc111031,jianqing chen,Topics in Industrial Organization  - Analysis of Mkts & Strategies
MIS,6309,001,,,,,,,,,,,,,,,,,,,Naser Islam,,,,,,nxi110630,naser islam,Business Data Warehousing
MIS,6337,001,,,,,,,,,,,,,,,,,,,Joseph Mauriello,,,,,,jam151430,joseph mauriello,Information Technology Audit and Risk Management
MIS,6375,501,,,,,,,,,,,,,,,,,,,Rajiv Shah,,,,,,rxs079000,rajiv shah,Technology Strategies and New Product Development
MIS,6382,003,,,,,,,,,,,,,,,,,,,Hongchang Wang,,,,,,hxw140930,hongchang wang,Object Oriented Programming in Python
MIS,6396,501,,,,,,,,,,,,,,,,,,,Angela Neal,,,,,,aan052000,angela neal,User Experience Design
MIS,7310,001,,,,,,,,,,,,,,,,,,,Sumit Sarkar,,,,,,sumit,sumit sarkar,Advanced Topics in Knowledge Management
MKT,3300,004,,,,,,,,,,,,,,,,,,,Tongil Kim,,,,,,txk200012,,Principles of Marketing
MKT,3300,011,,,,,,,,,,,,,,,,,,,Nanda Kumar,,,,,,nkumar,nanda kumar,Principles of Marketing
MKT,3300,hon,,,,,,,,,,,,,,,,,,,Rita Egeland,,,,,,rxb154430,rita bargerhuff egeland,Principles of Marketing  - Honors
MKT,3336,001,,,,,,,,,,,,,,,,,,,David Matthews,,,,,,dal868969,,Retail Marketing
MKT,3340,001,,,,,,,,,,,,,,,,,,,Wensi Zhang,,,,,,wxz161430,wensi zhang,Marketing Research
MKT,4331,003,,,,,,,,,,,,,,,,,,,Howard Dover,,,,,,hfd021000,howard dover,Digital Prospecting
MKT,4336,501,,,,,,,,,,,,,,,,,,,Wesley Durow,,,,,,wxd240005,wesley durrow,E-Retailing
MKT,4395,001,,,,,,,,,,,,,,,,,,,Wesley Durow,,,,,,wxd240005,wesley durrow,Capstone Senior Project - Marketing
MKT,6337,001,,,,,,,,,,,,,,,,,,,Shervin Tehrani,,,,,,sst180003,shervin tehrani,Predictive Analytics for Data Science
MKT,6337,004,,,,,,,,,,,,,,,,,,,Shervin Tehrani,,,,,,sst180003,shervin tehrani,Predictive Analytics for Data Science
MKT,6375,501,,,,,,,,,,,,,,,,,,,Rajiv Shah,,,,,,rxs079000,rajiv shah,Technology Strategies and New Product Development
MKT,7315,001,,,,,,,,,,,,,,,,,,,Sanjay Jain,,,,,,sxj164830,sanjay jain,Marketing Models II
OB,7306,001,,,,,,,,,,,,,,,,,,,Ning Li,,,,,,anl230000,ning (alex) li,Macro-Organizational Empirical Investigation
OBHR,3310,008,,,,,,,,,,,,,,,,,,,Hwayoung Kim,,,,,,hxk200056,hwayoung kim,Organizational Behavior
OBHR,3310,501,,,,,,,,,,,,,,,,,,,Barbara Lee,,,,,,bxl152330,barbara lee,Organizational Behavior
OBHR,3310,503,,,,,,,,,,,,,,,,,,,Jeremy Ritchey,,,,,,jsr091000,,Organizational Behavior
OBHR,3330,501,,,,,,,,,,,,,,,,,,,Mark Morris,,,,,,dal629291,mark morris,Human Resource Management in Business
OPRE,3310,006,,,,,,,,,,,,,,,,,,,David Parks,,,,,,dxp153830,david parks,Supply Chain and Operations Management
OPRE,3311,002,,,,,,,,,,,,,,,,,,,Ozgur Aksoy,,,,,,oxa190009,ozgur aksoy,Introduction to Programming
OPRE,3330,001,,,,,,,,,,,,,,,,,,,Sarmann Kennedyd,,,,,,sik220001,sarmann kennedyd,Project Management
OPRE,3333,501,,,,,,,,,,,,,,,,,,,Neslihan Oguzman,,,,,,nxo170830,neslihan oguzman,Quantitative Business Analysis
OPRE,3360,010,,,,,,,,,,,,,,,,,,,Maya Balakrishnan,,,,,,mxb240047,maya balakrishnan,Managerial Methods in Decision Making Under Uncertainty
OPRE,4330,001,,,,,,,,,,,,,,,,,,,Chonghuan Wang,,,,,,dal343393,chonghuan wang,Global Logistics and Inventory Management
OPRE,4373,001,,,,,,,,,,,,,,,,,,,Rasoul Ramezani,,,,,,rxr145930,rasoul ramezani,Data Science for Business Applications
OPRE,4373,501,,,,,,,,,,,,,,,,,,,Rasoul Ramezani,,,,,,rxr145930,rasoul ramezani,Data Science for Business Applications
OPRE,6301,001,,,,,,,,,,,,,,,,,,,Khatereh Ahadi,,,,,,kxa180010,khatereh ahadi,Statistics and Data Analysis
OPRE,6304,001,,,,,,,,,,,,,,,,,,,Ahmet Simsek,,,,,,axs158032,ahmet simsek,Analytics for Innovation in Demand and Supply Management
OPRE,6367,001,,,,,,,,,,,,,,,,,,,David Parks,,,,,,dxp153830,david parks,Capstone Projects in Supply Chain Management
OPRE,6371,5w1,,,,,,,,,,,,,,,,,,,James Hogan,,,,,,jwh085000,james hogan,Purchasing  Sourcing and Contract Management
OPRE,6394,501,,,,,,,,,,,,,,,,,,,Rajiv Shah,,,,,,rxs079000,rajiv shah,Technology Strategies and New Product Development
OPRE,6398,501,,,,,,,,,,,,,,,,,,,Hien Nguyen,,,,,,htn170130,hien nguyen,Prescriptive Analytics
REAL,3358,501,,,,,,,,,,,,,,,,,,,James Harbur,,,,,,jwh035000,james harbur,Real Estate Markets and Investments
RMIS,4354,001,,,,,,,,,,,,,,,,,,,Steven Haynes,,,,,,sxh102420,steven haynes,Cybersecurity Risk Management
SYSM,6303,001,,,,,,,,,,,,,,,,,,,Khatereh Ahadi,,,,,,kxa180010,khatereh ahadi,Statistics and Data Analysis
SYSM,6332,501,,,,,,,,,,,,,,,,,,,Rajiv Shah,,,,,,rxs079000,rajiv shah,Technology Strategies and New Product Development
SYSM,6337,501,,,,,,,,,,,,,,,,,,,Zhonglan Dai,,,,,,zxd051000,zhonglan dai,Accounting for Managers
FIN,3320,016,,,,,,,,,,,,,,,,,,,Girish Bachani,,,,,,gxb151730,girish bachani,Business Finance
IMS,3v91,0s1,,,,,,,,,,,,,,,,,,,Hubert Zydorek,,,,,,hxz120930,hubert zydorek,Regional Management Area Studies  Latin America  - Peru
IMS,3v92,0s2,,,,,,,,,,,,,,,,,,,Hubert Zydorek,,,,,,hxz120930,hubert zydorek,Regional Management Area Studies  Western Europe  - Germany
IMS,6v91,0s1,,,,,,,,,,,,,,,,,,,Hubert Zydorek,,,,,,hxz120930,hubert zydorek,Regional Area Studies  Latin America  - Peru
MKT,3300,012,,,,,,,,,,,,,,,,,,,Ernest Bigham,,,,,,epb180001,ernest bigham,Principles of Marketing
OPRE,4v91,0s1,,,,,,,,,,,,,,,,,,,Ramesh Subramoniam,,,,,,rxs179630,ramesh subramoniam,Seminar Series in Supply Chain Management  - Switzerland
ACCT,2302,501,,,,,,,,,,,,,,,,,,,Kathy Zolton,,,,,,kxz121730,kathy zolton,Introductory Management Accounting
ACCT,3331,501,,,,,,,,,,,,,,,,,,,Steven Solcher,,,,,,sjs107020,steven solcher,Intermediate Financial Accounting I
ACCT,4342,501,,,,,,,,,,,,,,,,,,,Dongdi Gu,,,,,,dxg180001,,Accounting Information Systems and Financial Reporting
ACCT,6333,0w1,,,,,,,,,,,,,,,,,,,Kathy Zolton,,,,,,kxz121730,kathy zolton,Advanced Financial Reporting
ACCT,6350,501,,,,,,,,,,,,,,,,,,,Julia Lagun,,,,,,dal212321,julia lagun,Fundamentals of Taxation I
BA,3105,091,,,,,,,,,,,,,,,,,,,Jason Cirilo,,,,,,jmc180002,jason cirilo,Professional Development
BA,3105,098,,,,,,,,,,,,,,,,,,,Courtney Graves,,,,,,cxg220025,,Professional Development
BCOM,4300,501,,,,,,,,,,,,,,,,,,,Shazia Ali,,,,,,shazia,ali shazia,Advanced Professional Communication
BLAW,2301,005,,,,,,,,,,,,,,,,,,,Frederick Barrow,,,,,,dal203513,,Business and Public Law
BLAW,2301,504,,,,,,,,,,,,,,,,,,,Frederick Barrow,,,,,,dal203513,,Business and Public Law
BUAN,3301,006,,,,,,,,,,,,,,,,,,,Prajakti Akarte,,,,,,pva150330,prajakti akarte,AI in Business
BUAN,4320,502,,,,,,,,,,,,,,,,,,,Thiru Pandian,,,,,,txp190010,thiru pandian,Database Fundamentals for Analytics
BUAN,4350,001,,,,,,,,,,,,,,,,,,,Awanti Sethi,,,,,,asethi,awanti sethi,Spreadsheet Modeling and Analytics
BUAN,4351,001,,,,,,,,,,,,,,,,,,,Timothy Stephens,,,,,,tgs170130,timothy stephens,Foundations of Business Intelligence
BUAN,4351,003,,,,,,,,,,,,,,,,,,,Thiru Pandian,,,,,,txp190010,thiru pandian,Foundations of Business Intelligence
BUAN,4382,001,,,,,,,,,,,,,,,,,,,Prajakti Akarte,,,,,,pva150330,prajakti akarte,Applied Artificial Intelligence Machine Learning
BUAN,6320,001,,,,,,,,,,,,,,,,,,,K. Srikanth,,,,,,kxs018700,,Database Foundations for Business Analytics
BUAN,6320,501,,,,,,,,,,,,,,,,,,,K. Srikanth,,,,,,kxs018700,,Database Foundations for Business Analytics
BUAN,6335,001,,,,,,,,,,,,,,,,,,,Mandar Samant,,,,,,mss190002,,Organizing for Business Analytics Platforms
BUAN,6341,002,,,,,,,,,,,,,,,,,,,Ziyi Cao,,,,,,zxc230012,,Applied Machine Learning
BUAN,6341,501,,,,,,,,,,,,,,,,,,,Ziyi Cao,,,,,,zxc230012,,Applied Machine Learning
BUAN,6344,5w1,,,,,,,,,,,,,,,,,,,Vatsal Maru,,,,,,vkm220000,vatsal maru,Web Analytics
BUAN,6346,001,,,,,,,,,,,,,,,,,,,Waseem Shadid,,,,,,wgs230000,,Big Data
BUAN,6359,501,,,,,,,,,,,,,,,,,,,Awanti Sethi,,,,,,asethi,awanti sethi,Advanced Statistics for Data Science
BUAN,6380,501,,,,,,,,,,,,,,,,,,,Paul Nichols,,,,,,pxn120030,paul nichols,Business Model Innovation
BUAN,6390,501,,,,,,,,,,,,,,,,,,,Mandar Samant,,,,,,mss190002,,Analytics Practicum
BUAN,6398,002,,,,,,,,,,,,,,,,,,,Tristan Whalen,,,,,,tgw100020,tristan whalen,Prescriptive Analytics
CYBR,3320,002,,,,,,,,,,,,,,,,,,,John Trevino,,,,,,jxt230028,john trevino,Operating Systems and Networking
CYBR,4362,501,,,,,,,,,,,,,,,,,,,Taimur Khan,,,,,,txk123530,taimur khan,Cybersecurity Governance
ENGY,6330,001,,,,,,,,,,,,,,,,,,,Daniel Sibley,,,,,,dcs170002,daniel sibley,Energy Law and Contracts
ENTP,3320,002,,,,,,,,,,,,,,,,,,,Robert Wright,,,,,,rgw091000,robert wright,Start-up Launch I
ENTP,4311,001,,,,,,,,,,,,,,,,,,,Carol Marcus-Rehtmeyer,,,,,,cxm230023,carol marcus rehtmeyer,Entrepreneurial Strategy and Business Models
ENTP,4340,501,,,,,,,,,,,,,,,,,,,Robert Wright,Mary Fickel,,,,,rgw091000,robert wright,Social Sector Entrepreneurship and Community Engagement
ENTP,6370,501,,,,,,,,,,,,,,,,,,,Jackie Kimzey,,,,,,jxk092000,jackie kimzey,Innovation and Entrepreneurship
ENTP,6390,501,,,,,,,,,,,,,,,,,,,Paul Nichols,,,,,,pxn120030,paul nichols,Business Model Innovation
FIN,3300,001,,,,,,,,,,,,,,,,,,,Luis Felipe Varas Greene,,,,,,dal110693,,Personal Finance
FIN,3320,008,,,,,,,,,,,,,,,,,,,Serena Xiao,,,,,,swx170030,,Business Finance
FIN,3320,011,,,,,,,,,,,,,,,,,,,Christopher Reilly,,,,,,cxr220013,christopher reilly,Business Finance
FIN,3320,012,,,,,,,,,,,,,,,,,,,Christopher Reilly,,,,,,cxr220013,christopher reilly,Business Finance
FIN,3320,501,,,,,,,,,,,,,,,,,,,Serena Xiao,,,,,,swx170030,,Business Finance
FIN,3390,001,,,,,,,,,,,,,,,,,,,Dupinderjeet Kaur,,,,,,dxk110730,dupinderjeet kaur,Introduction to Financial Modeling
FIN,4322,001,,,,,,,,,,,,,,,,,,,Robert Kieschnick,,,,,,rkiesch,robert kieschnick,Financial Technology
FIN,4334,001,,,,,,,,,,,,,,,,,,,Larry Kaplan,,,,,,lsk140130,larry kaplan,Insurance Law and Contracts
FIN,6360,001,,,,,,,,,,,,,,,,,,,Dupinderjeet Kaur,,,,,,dxk110730,dupinderjeet kaur,Derivatives Markets
FIN,7318,001,,,,,,,,,,,,,,,,,,,Alain Bensoussan,,,,,,axb046100,,Stochastic Dynamic Programming
FIN,7345,501,,,,,,,,,,,,,,,,,,,Pingle Wang,,,,,,pxw200007,pingle wang,Topics in Empirical Corporate Finance  - Corp Fin. History & Trend
HMGT,6324,501,,,,,,,,,,,,,,,,,,,Linda Swindling,,,,,,dal431729,linda swindling,Healthcare Negotiation and Dispute Resolution
IMS,3310,005,,,,,,,,,,,,,,,,,,,Amirsalar Jafari Gorizi,,,,,,axj220128,,International Business
IMS,4335,501,,,,,,,,,,,,,,,,,,,Robert Wright,Mary Fickel,,,,,rgw091000,robert wright,Social Sector Entrepreneurship and Community Engagement
ITSS,3300,5t1,,,,,,,,,,,,,,,,,,,Sean Owens,,,,,,smo150330,sean owens,Information Technology for Business
ITSS,3311,004,,,,,,,,,,,,,,,,,,,Rabih Neouchi,,,,,,rxn200012,rabih neouchi,Introduction to Programming
ITSS,3311,502,,,,,,,,,,,,,,,,,,,Rabih Neouchi,,,,,,rxn200012,rabih neouchi,Introduction to Programming
ITSS,3320,002,,,,,,,,,,,,,,,,,,,John Trevino,,,,,,jxt230028,john trevino,Operating Systems and Networking
ITSS,4300,001,,,,,,,,,,,,,,,,,,,Naser Islam,,,,,,nxi110630,naser islam,Database Fundamentals
ITSS,4300,502,,,,,,,,,,,,,,,,,,,Naser Islam,,,,,,nxi110630,naser islam,Database Fundamentals
ITSS,4330,002,,,,,,,,,,,,,,,,,,,Juveria Baig,,,,,,jxb129230,juveria baig,Systems Analysis and Design
ITSS,4342,501,,,,,,,,,,,,,,,,,,,Dongdi Gu,,,,,,dxg180001,,Accounting Information Systems and Financial Reporting
ITSS,4351,001,,,,,,,,,,,,,,,,,,,Timothy Stephens,,,,,,tgs170130,timothy stephens,Foundations of Business Intelligence
ITSS,4351,003,,,,,,,,,,,,,,,,,,,Thiru Pandian,,,,,,txp190010,thiru pandian,Foundations of Business Intelligence
ITSS,4362,501,,,,,,,,,,,,,,,,,,,Taimur Khan,,,,,,txk123530,taimur khan,Cybersecurity Governance
ITSS,4370,501,,,,,,,,,,,,,,,,,,,Masudal Khan,,,,,,mhk190001,masudal khan,Information Technology Infrastructure
ITSS,4382,001,,,,,,,,,,,,,,,,,,,Prajakti Akarte,,,,,,pva150330,prajakti akarte,Applied Artificial Intelligence Machine Learning
MAS,6102,053,,,,,,,,,,,,,,,,,,,Ali Razvi,,,,,,axr130231,,Professional Development
MAS,6102,552,,,,,,,,,,,,,,,,,,,Keith Herl,,,,,,kah130330,,Professional Development
MECO,6303,501,,,,,,,,,,,,,,,,,,,Peter Lewin,,,,,,plewin,peter lewin,Business Economics
MECO,6318,501,,,,,,,,,,,,,,,,,,,Jonathan Scott,,,,,,jxs230065,,Energy Markets   Policy
MECO,6350,001,,,,,,,,,,,,,,,,,,,Kyle Hyndman,,,,,,tdp062000,kyle hyndman,Game Theory
MECO,6352,501,,,,,,,,,,,,,,,,,,,Linda Swindling,,,,,,dal431729,linda swindling,Financial Negotiation and Dispute Resolution
MECO,7311,001,,,,,,,,,,,,,,,,,,,Dmitri Kuksov,,,,,,dgk120030,dmitri kuksov,Advanced Game Theory
MIS,6319,501,,,,,,,,,,,,,,,,,,,Luell Thompson,,,,,,lot013000,luell thompson,Intelligent Enterprise Systems with SAP
MIS,6341,002,,,,,,,,,,,,,,,,,,,Ziyi Cao,,,,,,zxc230012,,Applied Machine Learning
MIS,6341,501,,,,,,,,,,,,,,,,,,,Ziyi Cao,,,,,,zxc230012,,Applied Machine Learning
MIS,6344,5w1,,,,,,,,,,,,,,,,,,,Vatsal Maru,,,,,,vkm220000,vatsal maru,Web Analytics
MIS,6346,001,,,,,,,,,,,,,,,,,,,Waseem Shadid,,,,,,wgs230000,,Big Data
MIS,6363,501,,,,,,,,,,,,,,,,,,,Liugen Song,,,,,,lxs190018,liugen song,Cloud Computing Fundamentals
MIS,6380,001,,,,,,,,,,,,,,,,,,,Judd Bradbury,,,,,,jdb101000,judd bradbury,Data Visualization
MKT,3300,013,,,,,,,,,,,,,,,,,,,Taewook Lim,,,,,,txl190020,taewook lim,Principles of Marketing
MKT,3300,503,,,,,,,,,,,,,,,,,,,Taewook Lim,,,,,,txl190020,taewook lim,Principles of Marketing
MKT,3340,002,,,,,,,,,,,,,,,,,,,Wensi Zhang,,,,,,wxz161430,wensi zhang,Marketing Research
MKT,3343,001,,,,,,,,,,,,,,,,,,,Anita Dale,,,,,,akd240002,anita dale,Fundamentals of Negotiation in Sales and Marketing
MKT,4390,501,,,,,,,,,,,,,,,,,,,B Murthi,,,,,,murthi,b p murthi,Advanced Marketing Analytics
MKT,6301,502,,,,,,,,,,,,,,,,,,,Sanjay Jain,,,,,,sxj164830,sanjay jain,Marketing Management
MKT,6339,501,,,,,,,,,,,,,,,,,,,Upender Subramanian,,,,,,uxs092000,upender subramanian,Capstone Marketing Decision Making
OB,6301,501,,,,,,,,,,,,,,,,,,,Jeffrey Hicks,,,,,,jnh061000,jeffrey hicks,Organizational Behavior
OB,6332,501,,,,,,,,,,,,,,,,,,,Linda Swindling,,,,,,dal431729,linda swindling,Negotiation and Dispute Resolution
OB,7312,001,,,,,,,,,,,,,,,,,,,Zhiang Lin,,,,,,zlin,john zhiang lin,Social Network Theory
OBHR,4352,001,,,,,,,,,,,,,,,,,,,Linda Swindling,,,,,,dal431729,linda swindling,Negotiation and Dispute Resolution
OBHR,4354,501,,,,,,,,,,,,,,,,,,,Mario Stresow,,,,,,dal207427,,Leading Organizational Change
OPRE,3310,002,,,,,,,,,,,,,,,,,,,Sarmann Kennedyd,,,,,,sik220001,sarmann kennedyd,Supply Chain and Operations Management
OPRE,3310,003,,,,,,,,,,,,,,,,,,,Sarmann Kennedyd,,,,,,sik220001,sarmann kennedyd,Supply Chain and Operations Management
OPRE,3310,004,,,,,,,,,,,,,,,,,,,Ashwin Venkataraman,,,,,,axv190029,ashwin venkataraman,Supply Chain and Operations Management
OPRE,3310,501,,,,,,,,,,,,,,,,,,,Naireet Ghosh,,,,,,dal048160,naireet ghosh,Supply Chain and Operations Management
OPRE,3311,004,,,,,,,,,,,,,,,,,,,Rabih Neouchi,,,,,,rxn200012,rabih neouchi,Introduction to Programming
OPRE,3311,502,,,,,,,,,,,,,,,,,,,Rabih Neouchi,,,,,,rxn200012,rabih neouchi,Introduction to Programming
OPRE,3333,007,,,,,,,,,,,,,,,,,,,Hien Nguyen,,,,,,htn170130,hien nguyen,Quantitative Business Analysis
OPRE,3360,004,,,,,,,,,,,,,,,,,,,Aysegul Toptal,,,,,,axt083100,aysegul toptal,Managerial Methods in Decision Making Under Uncertainty
OPRE,3360,007,,,,,,,,,,,,,,,,,,,Mingliu Chen,,,,,,mxc230032,mingliu chen,Managerial Methods in Decision Making Under Uncertainty
OPRE,3360,011,,,,,,,,,,,,,,,,,,,Like Bu,,,,,,lxb190003,bu like,Managerial Methods in Decision Making Under Uncertainty
OPRE,3360,501,,,,,,,,,,,,,,,,,,,Ahmet Simsek,,,,,,axs158032,ahmet simsek,Managerial Methods in Decision Making Under Uncertainty
OPRE,4350,001,,,,,,,,,,,,,,,,,,,Awanti Sethi,,,,,,asethi,awanti sethi,Spreadsheet Modeling and Analytics
OPRE,4391,001,,,,,,,,,,,,,,,,,,,Monica Brussolo,,,,,,meb049000,monica brussolo,Social Impact and Sustainable Community Engagement
OPRE,6302,001,,,,,,,,,,,,,,,,,,,Sonia Leach,,,,,,sel120030,sonia leach,Operations Management
OPRE,6302,501,,,,,,,,,,,,,,,,,,,Ganesh Janakiraman,,,,,,gxj091000,ganesh janakiraman,Operations Management
OPRE,6343,002,,,,,,,,,,,,,,,,,,,Ziyi Cao,,,,,,zxc230012,,Applied Machine Learning
OPRE,6343,501,,,,,,,,,,,,,,,,,,,Ziyi Cao,,,,,,zxc230012,,Applied Machine Learning
OPRE,6359,501,,,,,,,,,,,,,,,,,,,Awanti Sethi,,,,,,asethi,awanti sethi,Advanced Statistics for Data Science
OPRE,6366,501,,,,,,,,,,,,,,,,,,,Sonia Leach,,,,,,sel120030,sonia leach,Global Supply Chain Management
OPRE,6390,501,,,,,,,,,,,,,,,,,,,Luell Thompson,,,,,,lot013000,luell thompson,Intelligent Enterprise Systems with SAP
OPRE,6398,002,,,,,,,,,,,,,,,,,,,Tristan Whalen,,,,,,tgw100020,tristan whalen,Prescriptive Analytics
OPRE,7318,001,,,,,,,,,,,,,,,,,,,Alain Bensoussan,,,,,,axb046100,,Stochastic Dynamic Programming
RMIS,4334,001,,,,,,,,,,,,,,,,,,,Larry Kaplan,,,,,,lsk140130,larry kaplan,Insurance Law and Contracts
SYSM,6313,501,,,,,,,,,,,,,,,,,,,Linda Swindling,,,,,,dal431729,linda swindling,Systems Negotiation and Dispute Resolution
SYSM,6318,502,,,,,,,,,,,,,,,,,,,Sanjay Jain,,,,,,sxj164830,sanjay jain,Marketing Management
SYSM,6319,501,,,,,,,,,,,,,,,,,,,Peter Lewin,,,,,,plewin,peter lewin,Business Economics
SYSM,6333,501,,,,,,,,,,,,,,,,,,,Jeffrey Hicks,,,,,,jnh061000,jeffrey hicks,Systems Organizational Behavior
SYSM,6334,001,,,,,,,,,,,,,,,,,,,Sonia Leach,,,,,,sel120030,sonia leach,Systems Operations Management
SYSM,6334,501,,,,,,,,,,,,,,,,,,,Ganesh Janakiraman,,,,,,gxj091000,ganesh janakiraman,Systems Operations Management
SYSM,6335,001,,,,,,,,,,,,,,,,,,,Mandar Samant,,,,,,mss190002,,Organizing for Business Analytics Platforms
SYSM,6338,001,,,,,,,,,,,,,,,,,,,K. Srikanth,,,,,,kxs018700,,Database Foundations for Analytics
SYSM,6338,501,,,,,,,,,,,,,,,,,,,K. Srikanth,,,,,,kxs018700,,Database Foundations for Analytics
ACCT,2301,001,,,,,,,,,,,,,,,,,,,Jieying Zhang,Naim Bugra Ozel,,,,,jxz146230,jieying zhang,Introductory Financial Accounting
ACCT,2301,002,,,,,,,,,,,,,,,,,,,Naim Bugra Ozel,Jieying Zhang,,,,,nbo150030,naim ozel,Introductory Financial Accounting
ACCT,2301,003,,,,,,,,,,,,,,,,,,,Naim Bugra Ozel,Jieying Zhang,,,,,nbo150030,naim ozel,Introductory Financial Accounting
ACCT,2302,006,,,,,,,,,,,,,,,,,,,Christopher Hes,,,,,,cah041000,christopher hess,Introductory Management Accounting
ACCT,2302,008,,,,,,,,,,,,,,,,,,,Christopher Hes,,,,,,cah041000,christopher hess,Introductory Management Accounting
ACCT,2302,009,,,,,,,,,,,,,,,,,,,Zhonglan Dai,,,,,,zxd051000,zhonglan dai,Introductory Management Accounting
ACCT,2302,010,,,,,,,,,,,,,,,,,,,Christopher Hes,,,,,,cah041000,christopher hess,Introductory Management Accounting
ACCT,2302,502,,,,,,,,,,,,,,,,,,,Zhonglan Dai,,,,,,zxd051000,zhonglan dai,Introductory Management Accounting
ACCT,3322,001,,,,,,,,,,,,,,,,,,,Mary Beth Goodrich,,,,,,goodrich,mary beth goodrich,Accounting Transaction Processing and Control
ACCT,3331,001,,,,,,,,,,,,,,,,,,,Junyoung Jeong,,,,,,dal524126,junyoung jeong,Intermediate Financial Accounting I
ACCT,3331,002,,,,,,,,,,,,,,,,,,,Junyoung Jeong,,,,,,dal524126,junyoung jeong,Intermediate Financial Accounting I
ACCT,3341,001,,,,,,,,,,,,,,,,,,,Kathy Zolton,,,,,,kxz121730,kathy zolton,Cost Management Systems
ACCT,4337,501,,,,,,,,,,,,,,,,,,,Gregory Ballew,,,,,,geb011100,gregory ballew,Business Valuation
ACCT,4342,001,,,,,,,,,,,,,,,,,,,Dongdi Gu,,,,,,dxg180001,,Accounting Information Systems and Financial Reporting
BA,1310,005,,,,,,,,,,,,,,,,,,,Mouli Modak,,,,,,dal054980,mouli modak,Making Choices in Free Market Systems
BA,1320,002,,,,,,,,,,,,,,,,,,,Peter Lewin,,,,,,plewin,peter lewin,Business in a Global World
BA,1320,501,,,,,,,,,,,,,,,,,,,Peter Lewin,,,,,,plewin,peter lewin,Business in a Global World
BA,3300,001,,,,,,,,,,,,,,,,,,,Hien Nguyen,,,,,,htn170130,hien nguyen,Advanced Topics in Capitalism  Ideas and Challenges That Shape Our World
BCOM,3300,001,,,,,,,,,,,,,,,,,,,McClain Watson,,,,,,jmw077000,mcclain watson,Business Communication
BCOM,3300,006,,,,,,,,,,,,,,,,,,,McClain Watson,,,,,,jmw077000,mcclain watson,Business Communication
BCOM,3300,007,,,,,,,,,,,,,,,,,,,McClain Watson,,,,,,jmw077000,mcclain watson,Business Communication
BCOM,3300,008,,,,,,,,,,,,,,,,,,,McClain Watson,,,,,,jmw077000,mcclain watson,Business Communication
BCOM,3300,009,,,,,,,,,,,,,,,,,,,McClain Watson,,,,,,jmw077000,mcclain watson,Business Communication
BCOM,4300,001,,,,,,,,,,,,,,,,,,,Melanie Hornsby,,,,,,mlh054000,melanie hornsby,Advanced Professional Communication
BCOM,4300,007,,,,,,,,,,,,,,,,,,,Caylin Blockley,,,,,,cxb190014,caylin blockley,Advanced Professional Communication
BCOM,4300,008,,,,,,,,,,,,,,,,,,,Caylin Blockley,,,,,,cxb190014,caylin blockley,Advanced Professional Communication
BCOM,4300,009,,,,,,,,,,,,,,,,,,,Melanie Hornsby,,,,,,mlh054000,melanie hornsby,Advanced Professional Communication
BCOM,4300,011,,,,,,,,,,,,,,,,,,,Shazia Ali,,,,,,shazia,ali shazia,Advanced Professional Communication
BLAW,2301,001,,,,,,,,,,,,,,,,,,,Matthew Polze,,,,,,mmp062000,matthew polze,Business and Public Law
BUAN,3301,004,,,,,,,,,,,,,,,,,,,Ashim Bose,,,,,,axb230208,ashim bose,AI in Business
BUAN,3301,005,,,,,,,,,,,,,,,,,,,Jeffrey Baker,,,,,,dal616978,,AI in Business
BUAN,3301,502,,,,,,,,,,,,,,,,,,,Ashim Bose,,,,,,axb230208,ashim bose,AI in Business
BUAN,4337,001,,,,,,,,,,,,,,,,,,,Julie Haworth,,,,,,haworth,julie haworth,Marketing Analytics
BUAN,4381,001,,,,,,,,,,,,,,,,,,,Shuzhang Cai,,,,,,sxc200125,shuzhang cai,Object Oriented Programming with Python
ENTP,3301,001,,,,,,,,,,,,,,,,,,,Qingqing Chen,,,,,,qxc230004,qingqing chen,Innovation and Entrepreneurship
ENTP,3301,005,,,,,,,,,,,,,,,,,,,Qingqing Chen,,,,,,qxc230004,qingqing chen,Innovation and Entrepreneurship
ENTP,3360,002,,,,,,,,,,,,,,,,,,,Haemin Park,,,,,,hxp174230,haemin park,Entrepreneurial Finance
ENTP,4331,001,,,,,,,,,,,,,,,,,,,Howard Dover,,,,,,hfd021000,howard dover,Digital Prospecting
ENTP,4331,002,,,,,,,,,,,,,,,,,,,Howard Dover,,,,,,hfd021000,howard dover,Digital Prospecting
FIN,3305,001,,,,,,,,,,,,,,,,,,,Michael Ogden,,,,,,dal286480,michael ogden,Real Estate Principles
FIN,3305,002,,,,,,,,,,,,,,,,,,,Michael Ogden,,,,,,dal286480,michael ogden,Real Estate Principles
FIN,3340,001,,,,,,,,,,,,,,,,,,,Peter Lewin,,,,,,plewin,peter lewin,Regulation of Business and Financial Markets
FIN,3340,002,,,,,,,,,,,,,,,,,,,James Richards,,,,,,jrr013500,james richards,Regulation of Business and Financial Markets
FIN,3360,002,,,,,,,,,,,,,,,,,,,Haemin Park,,,,,,hxp174230,haemin park,Entrepreneurial Finance
FIN,3370,001,,,,,,,,,,,,,,,,,,,Ricardo Vicente,,,,,,dal277736,,Principles of Risk Management and Insurance
FIN,3380,001,,,,,,,,,,,,,,,,,,,Ayfer Gurun,,,,,,axg119030,ayfer gurun,International Financial Management
FIN,3380,002,,,,,,,,,,,,,,,,,,,Ayfer Gurun,,,,,,axg119030,ayfer gurun,International Financial Management
FIN,3390,003,,,,,,,,,,,,,,,,,,,Hirofumi Nishi,,,,,,hxn210016,,Introduction to Financial Modeling
FIN,3390,501,,,,,,,,,,,,,,,,,,,Hirofumi Nishi,,,,,,hxn210016,,Introduction to Financial Modeling
FIN,4303,001,,,,,,,,,,,,,,,,,,,Gregory Ballew,,,,,,geb011100,gregory ballew,Investment Strategies
FIN,4310,004,,,,,,,,,,,,,,,,,,,Frank Anderson,,,,,,fwa012000,,Intermediate Financial Management
FIN,4337,501,,,,,,,,,,,,,,,,,,,Gregory Ballew,,,,,,geb011100,gregory ballew,Business Valuation
FIN,4395,001,,,,,,,,,,,,,,,,,,,Frank Anderson,,,,,,fwa012000,,Capstone Senior Project - Finance
HMGT,3301,003,,,,,,,,,,,,,,,,,,,Horace Robb,,,,,,hxr220017,horace robb,Healthcare Management
HMGT,3310,002,,,,,,,,,,,,,,,,,,,Daniel Karnuta,,,,,,dxk173030,daniel karnuta,Healthcare Regulatory Environment
HMGT,3311,001,,,,,,,,,,,,,,,,,,,Daniel Karnuta,,,,,,dxk173030,daniel karnuta,Healthcare Financial Analysis
HMGT,3372,001,,,,,,,,,,,,,,,,,,,Naireet Ghosh,,,,,,dal048160,naireet ghosh,Healthcare Quality and Operations Management
HMGT,3373,001,,,,,,,,,,,,,,,,,,,Ryan Raimi,,,,,,dal183685,ryan raimi,Healthcare Database Management
IMS,3310,006,,,,,,,,,,,,,,,,,,,Agnieszka Olsztynska,,,,,,axo027000,agnieszka olsztynska,International Business
IMS,3310,007,,,,,,,,,,,,,,,,,,,Agnieszka Olsztynska,,,,,,axo027000,agnieszka olsztynska,International Business
IMS,3310,008,,,,,,,,,,,,,,,,,,,Agnieszka Olsztynska,,,,,,axo027000,agnieszka olsztynska,International Business
IMS,3310,009,,,,,,,,,,,,,,,,,,,Agnieszka Olsztynska,,,,,,axo027000,agnieszka olsztynska,International Business
IMS,3310,010,,,,,,,,,,,,,,,,,,,Tom Henderson,,,,,,txh093000,tom henderson,International Business
IMS,3310,hon,,,,,,,,,,,,,,,,,,,Hubert Zydorek,,,,,,hxz120930,hubert zydorek,International Business  - Honors
IMS,4330,001,,,,,,,,,,,,,,,,,,,Hubert Zydorek,,,,,,hxz120930,hubert zydorek,Global Human Resource Management
ITSS,3300,007,,,,,,,,,,,,,,,,,,,Sharmin Hanifiafshar,,,,,,sxh200031,sharmin hanifiafshar,Information Technology for Business
ITSS,3300,502,,,,,,,,,,,,,,,,,,,Sharmin Hanifiafshar,,,,,,sxh200031,sharmin hanifiafshar,Information Technology for Business
ITSS,3300,505,,,,,,,,,,,,,,,,,,,Francisco Martinez,,,,,,fem018000,francisco martinez,Information Technology for Business
ITSS,3300,ho1,,,,,,,,,,,,,,,,,,,Timothy Stephens,,,,,,tgs170130,timothy stephens,Information Technology for Business  - Honors
ITSS,3311,003,,,,,,,,,,,,,,,,,,,Michelle Bellamy,,,,,,mxb240062,,Introduction to Programming
ITSS,3312,501,,,,,,,,,,,,,,,,,,,Aparna Shrivastava,,,,,,axs123832,,Object-Oriented Programming
ITSS,4330,003,,,,,,,,,,,,,,,,,,,Jeffrey Baker,,,,,,dal616978,,Systems Analysis and Design
ITSS,4342,001,,,,,,,,,,,,,,,,,,,Dongdi Gu,,,,,,dxg180001,,Accounting Information Systems and Financial Reporting
ITSS,4381,001,,,,,,,,,,,,,,,,,,,Shuzhang Cai,,,,,,sxc200125,shuzhang cai,Object Oriented Programming with Python
MKT,3300,005,,,,,,,,,,,,,,,,,,,Yilun Li,,,,,,yxl240030,,Principles of Marketing
MKT,3300,006,,,,,,,,,,,,,,,,,,,Yilun Li,,,,,,yxl240030,,Principles of Marketing
MKT,3300,007,,,,,,,,,,,,,,,,,,,Yilun Li,,,,,,yxl240030,,Principles of Marketing
MKT,3300,008,,,,,,,,,,,,,,,,,,,Daniel Rajaratnam,,,,,,dxr143430,daniel rajaratnam,Principles of Marketing
MKT,3300,009,,,,,,,,,,,,,,,,,,,Nanda Kumar,,,,,,nkumar,nanda kumar,Principles of Marketing
MKT,3300,010,,,,,,,,,,,,,,,,,,,Khai Chiong,,,,,,kxc173030,khai chiong,Principles of Marketing
MKT,3300,502,,,,,,,,,,,,,,,,,,,Khai Chiong,,,,,,kxc173030,khai chiong,Principles of Marketing
MKT,3320,001,,,,,,,,,,,,,,,,,,,Fang Wu,,,,,,fxw052000,fang wu,Product and Brand Management
MKT,3330,004,,,,,,,,,,,,,,,,,,,Semiramis Amirpour,,,,,,sxa130731,semiramis amirpour,Fundamentals of Professional Selling
MKT,3330,005,,,,,,,,,,,,,,,,,,,Semiramis Amirpour,,,,,,sxa130731,semiramis amirpour,Fundamentals of Professional Selling
MKT,3331,001,,,,,,,,,,,,,,,,,,,Wesley Durow,,,,,,wxd240005,wesley durrow,Principles of Category Management
MKT,4331,001,,,,,,,,,,,,,,,,,,,Howard Dover,,,,,,hfd021000,howard dover,Digital Prospecting
MKT,4331,002,,,,,,,,,,,,,,,,,,,Howard Dover,,,,,,hfd021000,howard dover,Digital Prospecting
MKT,4332,001,,,,,,,,,,,,,,,,,,,Semiramis Amirpour,,,,,,sxa130731,semiramis amirpour,Advanced Professional Sales
MKT,4334,001,,,,,,,,,,,,,,,,,,,Parneet Pahwa,,,,,,pxp030100,parneet pahwa,Social Media Marketing
MKT,4337,001,,,,,,,,,,,,,,,,,,,Julie Haworth,,,,,,haworth,julie haworth,Marketing Analytics
MKT,4360,001,,,,,,,,,,,,,,,,,,,David Matthews,,,,,,dal868969,,Social Impact Marketing
OBHR,3310,003,,,,,,,,,,,,,,,,,,,Ning Li,,,,,,anl230000,ning (alex) li,Organizational Behavior
OBHR,3310,004,,,,,,,,,,,,,,,,,,,Ning Li,,,,,,anl230000,ning (alex) li,Organizational Behavior
OBHR,3310,005,,,,,,,,,,,,,,,,,,,Constance An,,,,,,cfa220003,constance an,Organizational Behavior
OBHR,3310,006,,,,,,,,,,,,,,,,,,,Constance An,,,,,,cfa220003,constance an,Organizational Behavior
OBHR,3310,502,,,,,,,,,,,,,,,,,,,Jeffrey Hicks,,,,,,jnh061000,jeffrey hicks,Organizational Behavior
OBHR,3330,003,,,,,,,,,,,,,,,,,,,Riki Takeuchi,,,,,,rxt173730,riki takeuchi,Human Resource Management in Business
OBHR,3330,004,,,,,,,,,,,,,,,,,,,Mark Morris,,,,,,dal629291,mark morris,Human Resource Management in Business
OBHR,3330,005,,,,,,,,,,,,,,,,,,,He Huang,,,,,,hxh200027,,Human Resource Management in Business
OBHR,3330,006,,,,,,,,,,,,,,,,,,,Riki Takeuchi,,,,,,rxt173730,riki takeuchi,Human Resource Management in Business
OBHR,4334,001,,,,,,,,,,,,,,,,,,,Mark Morris,,,,,,dal629291,mark morris,Talent Acquisition and Management
OPRE,3310,001,,,,,,,,,,,,,,,,,,,Vaidyanathan (Vaidy) Jayaraman,,,,,,dal292297,vaidyanathan (vaidy) jayaraman,Supply Chain and Operations Management
OPRE,3310,008,,,,,,,,,,,,,,,,,,,Parisa Shahsavand,,,,,,pxs180098,parisa shahsavand,Supply Chain and Operations Management
OPRE,3310,502,,,,,,,,,,,,,,,,,,,Vaidyanathan (Vaidy) Jayaraman,,,,,,dal292297,vaidyanathan (vaidy) jayaraman,Supply Chain and Operations Management
OPRE,3311,003,,,,,,,,,,,,,,,,,,,Michelle Bellamy,,,,,,mxb240062,,Introduction to Programming
OPRE,3312,501,,,,,,,,,,,,,,,,,,,Aparna Shrivastava,,,,,,axs123832,,Object-Oriented Programming
OPRE,3333,004,,,,,,,,,,,,,,,,,,,Tristan Whalen,,,,,,tgw100020,tristan whalen,Quantitative Business Analysis
OPRE,3340,001,,,,,,,,,,,,,,,,,,,Negin Enayaty Ahangar,,,,,,nxe180001,negin enayaty ahangar,Advanced Quantitative Business Methods
OPRE,3360,001,,,,,,,,,,,,,,,,,,,Mohammad Amin Farzaneh,,,,,,mxf180000,,Managerial Methods in Decision Making Under Uncertainty
OPRE,3360,005,,,,,,,,,,,,,,,,,,,Ahmet Simsek,,,,,,axs158032,ahmet simsek,Managerial Methods in Decision Making Under Uncertainty
OPRE,4337,001,,,,,,,,,,,,,,,,,,,Julie Haworth,,,,,,haworth,julie haworth,Marketing Analytics
REAL,3305,001,,,,,,,,,,,,,,,,,,,Michael Ogden,,,,,,dal286480,michael ogden,Real Estate Principles
REAL,3305,002,,,,,,,,,,,,,,,,,,,Michael Ogden,,,,,,dal286480,michael ogden,Real Estate Principles
RMIS,3370,001,,,,,,,,,,,,,,,,,,,Ricardo Vicente,,,,,,dal277736,,Principles of Risk Management and Insurance
ACCT,3312,501,,,,,,,,,,,,,,,,,,,Mary Beth Goodrich,,,,,,goodrich,mary beth goodrich,Fundamentals of Accounting Analytics
ACCT,3332,501,,,,,,,,,,,,,,,,,,,Christopher Hes,,,,,,cah041000,christopher hess,Intermediate Financial Accounting II
ACCT,4334,501,,,,,,,,,,,,,,,,,,,Matthew Paske,,,,,,map055000,,Auditing
ACCT,6331,5w1,,,,,,,,,,,,,,,,,,,Surya Janakiraman,,,,,,suryaj,surya janakiraman,Cost Accounting with Integrated Data Analytics
ACCT,6340,002,,,,,,,,,,,,,,,,,,,Jeffrey Baker,,,,,,dal616978,,System Analysis and Project Management
ACCT,6353,501,,,,,,,,,,,,,,,,,,,David Nachman,,,,,,dal012862,david nachman,Fundamentals of Taxation II
ACCT,6380,501,,,,,,,,,,,,,,,,,,,Joseph Mauriello,,,,,,jam151430,joseph mauriello,Internal Audit
ACCT,7314,001,,,,,,,,,,,,,,,,,,,Ashiq Ali,,,,,,axa042200,ashiq ali,Research on Financial Reporting and Corporate Disclosures
BA,1320,001,,,,,,,,,,,,,,,,,,,Moran Blueshtein,,,,,,mxb135230,moran blueshtein,Business in a Global World
BA,1320,003,,,,,,,,,,,,,,,,,,,Moran Blueshtein,,,,,,mxb135230,moran blueshtein,Business in a Global World
BA,3105,097,,,,,,,,,,,,,,,,,,,Jason Cirilo,,,,,,jmc180002,jason cirilo,Professional Development
BA,3105,592,,,,,,,,,,,,,,,,,,,Kenneth Ceaser,,,,,,dal809223,kenneth ceaser,Professional Development
BLAW,2301,006,,,,,,,,,,,,,,,,,,,Mirna Baloul,,,,,,mxb230052,mirna baloul,Business and Public Law
BLAW,2301,503,,,,,,,,,,,,,,,,,,,Christina Betanzos,,,,,,clb120030,christina betanzos,Business and Public Law
BUAN,3301,504,,,,,,,,,,,,,,,,,,,Ramesh Lakshmanan,,,,,,rxl220015,ramesh lakshmanan,AI in Business
BUAN,4320,501,,,,,,,,,,,,,,,,,,,Thiru Pandian,,,,,,txp190010,thiru pandian,Database Fundamentals for Analytics
BUAN,4350,501,,,,,,,,,,,,,,,,,,,Kannan Ramanathan,,,,,,kxr087000,kannan ramanathan,Spreadsheet Modeling and Analytics
BUAN,4351,002,,,,,,,,,,,,,,,,,,,Thiru Pandian,,,,,,txp190010,thiru pandian,Foundations of Business Intelligence
BUAN,4351,502,,,,,,,,,,,,,,,,,,,Cuneyd Kaya,,,,,,cckaya,cuneyd kaya,Foundations of Business Intelligence
BUAN,4352,001,,,,,,,,,,,,,,,,,,,Vatsal Maru,,,,,,vkm220000,vatsal maru,Introduction to Web Analytics
BUAN,4383,001,,,,,,,,,,,,,,,,,,,Judd Bradbury,,,,,,jdb101000,judd bradbury,Advanced Applied Artificial Intelligence Machine Learning
BUAN,6312,501,,,,,,,,,,,,,,,,,,,Quanquan Liu,,,,,,qxl220001,quanquan liu,Applied Econometrics and Time Series Analysis
BUAN,6320,002,,,,,,,,,,,,,,,,,,,Gasan Elkhodari,,,,,,gxe051000,gasan elkhodari,Database Foundations for Business Analytics
BUAN,6335,501,,,,,,,,,,,,,,,,,,,Mandar Samant,,,,,,mss190002,,Organizing for Business Analytics Platforms
BUAN,6337,003,,,,,,,,,,,,,,,,,,,B Murthi,,,,,,murthi,b p murthi,Predictive Analytics for Data Science
BUAN,6342,501,,,,,,,,,,,,,,,,,,,Gasan Elkhodari,,,,,,gxe051000,gasan elkhodari,Applied Natural Language Processing
BUAN,6356,002,,,,,,,,,,,,,,,,,,,Shujing Sun,,,,,,sxs200168,shujing sun,Business Analytics With R
BUAN,6356,501,,,,,,,,,,,,,,,,,,,Vijay Koju,,,,,,vxk220074,,Business Analytics With R
BUAN,6359,001,,,,,,,,,,,,,,,,,,,Aysegul Toptal,,,,,,axt083100,aysegul toptal,Advanced Statistics for Data Science
BUAN,6382,501,,,,,,,,,,,,,,,,,,,Waseem Shadid,,,,,,wgs230000,,Applied Deep Learning
BUAN,6388,501,,,,,,,,,,,,,,,,,,,Rajiv Shah,,,,,,rxs079000,rajiv shah,The Corporate Entrepreneurial Experience
BUAN,6392,001,,,,,,,,,,,,,,,,,,,Amit Mehra,,,,,,axm078200,amit mehra,Causal Analytics and A B Testing
BUAN,6398,0w1,,,,,,,,,,,,,,,,,,,Tristan Whalen,,,,,,tgw100020,tristan whalen,Prescriptive Analytics
CYBR,4333,001,,,,,,,,,,,,,,,,,,,Ricardo Vicente,,,,,,dal277736,,Enterprise Risk Management
ENGY,3300,001,,,,,,,,,,,,,,,,,,,William Fairhurst,,,,,,dal052173,william fairhurst,Introduction to Energy Technology
ENGY,6362,001,,,,,,,,,,,,,,,,,,,Sarmann Kennedyd,,,,,,sik220001,sarmann kennedyd,Project Management in Engineering and Operations
ENTP,3321,001,,,,,,,,,,,,,,,,,,,Jackie Kimzey,,,,,,jxk092000,jackie kimzey,Start-up Launch II
ENTP,3360,001,,,,,,,,,,,,,,,,,,,Haemin Park,,,,,,hxp174230,haemin park,Entrepreneurial Finance
ENTP,4320,501,,,,,,,,,,,,,,,,,,,Kimberly Wright,,,,,,kes054000,kimberly wright,Small Business Management
ENTP,4398,001,,,,,,,,,,,,,,,,,,,Bryan Chambers,,,,,,bdc160330,,Venture Capital Seed Fund
ENTP,6360,001,,,,,,,,,,,,,,,,,,,Robert Wright,,,,,,rgw091000,robert wright,Startup Launch I
ENTP,6361,001,,,,,,,,,,,,,,,,,,,Jackie Kimzey,,,,,,jxk092000,jackie kimzey,Startup Launch II
ENTP,6377,001,,,,,,,,,,,,,,,,,,,Bryan Chambers,,,,,,bdc160330,,Venture Capital Seed Fund
ENTP,6398,501,,,,,,,,,,,,,,,,,,,Rajiv Shah,,,,,,rxs079000,rajiv shah,The Corporate Entrepreneurial Experience
FIN,3305,501,,,,,,,,,,,,,,,,,,,Joseph Lutz,,,,,,dal670470,joseph lutz,Real Estate Principles
FIN,3320,004,,,,,,,,,,,,,,,,,,,Christopher Reilly,,,,,,cxr220013,christopher reilly,Business Finance
FIN,3320,007,,,,,,,,,,,,,,,,,,,James Richards,,,,,,jrr013500,james richards,Business Finance
FIN,3320,013,,,,,,,,,,,,,,,,,,,Alireza Hamzeh,,,,,,axh190064,alireza hamzeh,Business Finance
FIN,3320,014,,,,,,,,,,,,,,,,,,,Jun Li,,,,,,jxl128031,jun li,Business Finance
FIN,3320,018,,,,,,,,,,,,,,,,,,,Ayfer Gurun,,,,,,axg119030,ayfer gurun,Business Finance
FIN,3320,503,,,,,,,,,,,,,,,,,,,Jun Li,,,,,,jxl128031,jun li,Business Finance
FIN,3320,504,,,,,,,,,,,,,,,,,,,Zheng Liu,,,,,,zxl190027,,Business Finance
FIN,3360,001,,,,,,,,,,,,,,,,,,,Haemin Park,,,,,,hxp174230,haemin park,Entrepreneurial Finance
FIN,3390,002,,,,,,,,,,,,,,,,,,,Dupinderjeet Kaur,,,,,,dxk110730,dupinderjeet kaur,Introduction to Financial Modeling
FIN,3390,004,,,,,,,,,,,,,,,,,,,Dupinderjeet Kaur,,,,,,dxk110730,dupinderjeet kaur,Introduction to Financial Modeling
FIN,3395,502,,,,,,,,,,,,,,,,,,,Jeff Noland,,,,,,jxn125330,jeff noland,Financial Modeling and Valuation
FIN,4300,001,,,,,,,,,,,,,,,,,,,Xiaoxiao Tang,,,,,,xxt180003,xiaoxiao tang,Investment Management
FIN,4300,003,,,,,,,,,,,,,,,,,,,Xiaoxiao Tang,,,,,,xxt180003,xiaoxiao tang,Investment Management
FIN,4300,501,,,,,,,,,,,,,,,,,,,Xiaoxiao Tang,,,,,,xxt180003,xiaoxiao tang,Investment Management
FIN,4305,001,,,,,,,,,,,,,,,,,,,Kannoo Ravindran,,,,,,dal839044,kannoo ravindran,Fixed Income Securities Analysis
FIN,4310,002,,,,,,,,,,,,,,,,,,,Hongda Zhong,,,,,,hxz230006,hongda zhong,Intermediate Financial Management
FIN,4333,001,,,,,,,,,,,,,,,,,,,Ricardo Vicente,,,,,,dal277736,,Enterprise Risk Management
FIN,4340,001,,,,,,,,,,,,,,,,,,,Kannoo Ravindran,,,,,,dal839044,kannoo ravindran,Options and Futures Markets
FIN,6301,001,,,,,,,,,,,,,,,,,,,Vikram Nanda,,,,,,vkn150030,vikram nanda,Financial Management
FIN,6307,501,,,,,,,,,,,,,,,,,,,Liping Ma,,,,,,lxm133730,liping ma,Mathematical Methods for Finance
FIN,6329,001,,,,,,,,,,,,,,,,,,,Steven Haynes,,,,,,sxh102420,steven haynes,Cyber Risk Management for Financial Institutions
FIN,6353,501,,,,,,,,,,,,,,,,,,,Huibing Zhang,,,,,,hxz054000,huibing harold zhang,Financial Modeling for Investment Analysis
HMGT,3301,001,,,,,,,,,,,,,,,,,,,Horace Robb,,,,,,hxr220017,horace robb,Healthcare Management
HMGT,3310,001,,,,,,,,,,,,,,,,,,,Daniel Karnuta,,,,,,dxk173030,daniel karnuta,Healthcare Regulatory Environment
HMGT,6320,501,,,,,,,,,,,,,,,,,,,Keith Thurgood,,,,,,klt160130,keith thurgood,The American Healthcare System
HMGT,6324,001,,,,,,,,,,,,,,,,,,,Linda Swindling,,,,,,dal431729,linda swindling,Healthcare Negotiation and Dispute Resolution
HMGT,6325,0w1,,,,,,,,,,,,,,,,,,,Nan Wang,,,,,,dal581297,nan wang,Healthcare Operations Management
HMGT,6331,501,,,,,,,,,,,,,,,,,,,Michael Malaise,,,,,,mhm130430,michael malaise,Healthcare Economics
HMGT,6335,001,,,,,,,,,,,,,,,,,,,Ignacio Rios Uribe,,,,,,iar200000,ignacio rios uribe,Spreadsheet Modeling and Analytics
HMGT,6380,501,,,,,,,,,,,,,,,,,,,Joseph Mauriello,,,,,,jam151430,joseph mauriello,Internal Audit
IMS,6362,001,,,,,,,,,,,,,,,,,,,Sarmann Kennedyd,,,,,,sik220001,sarmann kennedyd,Project Management in Engineering and Operations
ITSS,3311,503,,,,,,,,,,,,,,,,,,,Rabih Neouchi,,,,,,rxn200012,rabih neouchi,Introduction to Programming
ITSS,4300,501,,,,,,,,,,,,,,,,,,,Paul Ceverha,,,,,,pwc230000,paul ceverha,Database Fundamentals
ITSS,4343,001,,,,,,,,,,,,,,,,,,,Ramesh Subramoniam,,,,,,rxs179630,ramesh subramoniam,Supply Chain Information Systems  SAP  AI  and Blockchain Innovations
ITSS,4351,002,,,,,,,,,,,,,,,,,,,Thiru Pandian,,,,,,txp190010,thiru pandian,Foundations of Business Intelligence
ITSS,4351,502,,,,,,,,,,,,,,,,,,,Cuneyd Kaya,,,,,,cckaya,cuneyd kaya,Foundations of Business Intelligence
ITSS,4352,001,,,,,,,,,,,,,,,,,,,Vatsal Maru,,,,,,vkm220000,vatsal maru,Introduction to Web Analytics
ITSS,4380,001,,,,,,,,,,,,,,,,,,,Timothy Stephens,,,,,,tgs170130,timothy stephens,Advanced Database Management
ITSS,4383,001,,,,,,,,,,,,,,,,,,,Judd Bradbury,,,,,,jdb101000,judd bradbury,Advanced Applied Artificial Intelligence Machine Learning
MECO,3300,001,,,,,,,,,,,,,,,,,,,William Fairhurst,,,,,,dal052173,william fairhurst,Introduction to Energy Technology
MECO,6312,501,,,,,,,,,,,,,,,,,,,Quanquan Liu,,,,,,qxl220001,quanquan liu,Applied Econometrics and Time Series Analysis
MECO,6352,001,,,,,,,,,,,,,,,,,,,Linda Swindling,,,,,,dal431729,linda swindling,Financial Negotiation and Dispute Resolution
MECO,6355,mbp,,,,,,,,,,,,,,,,,,,Gary Bolton,,,,,,gxb122130,gary bolton,Deal Making Strategies
MECO,7313,001,,,,,,,,,,,,,,,,,,,Alejandro Zentner,,,,,,axz051000,alejandro zentner,Applied Econometrics
MIS,6308,002,,,,,,,,,,,,,,,,,,,Jeffrey Baker,,,,,,dal616978,,System Analysis and Project Management
MIS,6333,501,,,,,,,,,,,,,,,,,,,Mohammad Islam,,,,,,mai230002,mohammad islam,Digital Forensics and Incident Management
MIS,6349,002,,,,,,,,,,,,,,,,,,,Ramesh Garapaty,,,,,,dal510243,,Digital Consulting Project
MIS,6356,002,,,,,,,,,,,,,,,,,,,Shujing Sun,,,,,,sxs200168,shujing sun,Business Analytics With R
MIS,6356,501,,,,,,,,,,,,,,,,,,,Vijay Koju,,,,,,vxk220074,,Business Analytics With R
MIS,6363,502,,,,,,,,,,,,,,,,,,,Kamal Nasir,,,,,,kxn152930,,Cloud Computing Fundamentals
MIS,6382,001,,,,,,,,,,,,,,,,,,,Hongchang Wang,,,,,,hxw140930,hongchang wang,Object Oriented Programming in Python
MIS,6382,002,,,,,,,,,,,,,,,,,,,Hongchang Wang,,,,,,hxw140930,hongchang wang,Object Oriented Programming in Python
MIS,6388,501,,,,,,,,,,,,,,,,,,,Rajiv Shah,,,,,,rxs079000,rajiv shah,The Corporate Entrepreneurial Experience
MIS,6392,001,,,,,,,,,,,,,,,,,,,Amit Mehra,,,,,,axm078200,amit mehra,Causal Analytics and A B Testing
MIS,6394,501,,,,,,,,,,,,,,,,,,,Joseph Mauriello,,,,,,jam151430,joseph mauriello,Internal Audit
MIS,7420,001,,,,,,,,,,,,,,,,,,,Amit Mehra,Jianqing Chen,,,,,axm078200,amit mehra,Seminar in Management Information Systems
MKT,3330,501,,,,,,,,,,,,,,,,,,,Anita Dale,,,,,,akd240002,anita dale,Fundamentals of Professional Selling
MKT,6337,003,,,,,,,,,,,,,,,,,,,B Murthi,,,,,,murthi,b p murthi,Predictive Analytics for Data Science
MKT,6349,501,,,,,,,,,,,,,,,,,,,Guido Tirone,,,,,,gxt170001,guido tirone,MarTech Ecosystem
MKT,7v12,001,,,,,,,,,,,,,,,,,,,Shervin Tehrani,,,,,,sst180003,shervin tehrani,Research Applications in Marketing
OB,6301,001,,,,,,,,,,,,,,,,,,,Jeffrey Hicks,,,,,,jnh061000,jeffrey hicks,Organizational Behavior
OB,6332,001,,,,,,,,,,,,,,,,,,,Linda Swindling,,,,,,dal431729,linda swindling,Negotiation and Dispute Resolution
OBHR,3330,502,,,,,,,,,,,,,,,,,,,Amee'ra Fuller,,,,,,anf220002,ameera fuller,Human Resource Management in Business
OBHR,4335,501,,,,,,,,,,,,,,,,,,,Mark Morris,,,,,,dal629291,mark morris,Training and Development
OBHR,4352,002,,,,,,,,,,,,,,,,,,,Linda Swindling,,,,,,dal431729,linda swindling,Negotiation and Dispute Resolution
OPRE,3310,009,,,,,,,,,,,,,,,,,,,Vaidyanathan (Vaidy) Jayaraman,,,,,,dal292297,vaidyanathan (vaidy) jayaraman,Supply Chain and Operations Management
OPRE,3311,503,,,,,,,,,,,,,,,,,,,Rabih Neouchi,,,,,,rxn200012,rabih neouchi,Introduction to Programming
OPRE,3320,001,,,,,,,,,,,,,,,,,,,Soraya Fatehi,,,,,,sxf200005,soraya fatehi,Integrated Supply Chain Management
OPRE,3330,501,,,,,,,,,,,,,,,,,,,Sarmann Kennedyd,,,,,,sik220001,sarmann kennedyd,Project Management
OPRE,3360,009,,,,,,,,,,,,,,,,,,,Yining Wang,,,,,,yxw220006,yining wang,Managerial Methods in Decision Making Under Uncertainty
OPRE,4320,001,,,,,,,,,,,,,,,,,,,Ramesh Subramoniam,,,,,,rxs179630,ramesh subramoniam,Supply Chain Information Systems  SAP  AI  and Blockchain Innovations
OPRE,4350,501,,,,,,,,,,,,,,,,,,,Kannan Ramanathan,,,,,,kxr087000,kannan ramanathan,Spreadsheet Modeling and Analytics
OPRE,4393,001,,,,,,,,,,,,,,,,,,,Maya Balakrishnan,,,,,,mxb240047,maya balakrishnan,A I  in Supply Chain Management
OPRE,6305,002,,,,,,,,,,,,,,,,,,,Shujing Sun,,,,,,sxs200168,shujing sun,Business Analytics With R
OPRE,6305,501,,,,,,,,,,,,,,,,,,,Vijay Koju,,,,,,vxk220074,,Business Analytics With R
OPRE,6325,0w1,,,,,,,,,,,,,,,,,,,Nan Wang,,,,,,dal581297,nan wang,Healthcare Operations Management
OPRE,6332,001,,,,,,,,,,,,,,,,,,,Ignacio Rios Uribe,,,,,,iar200000,ignacio rios uribe,Spreadsheet Modeling and Analytics
OPRE,6355,mbp,,,,,,,,,,,,,,,,,,,Gary Bolton,,,,,,gxb122130,gary bolton,Deal Making Strategies
OPRE,6359,001,,,,,,,,,,,,,,,,,,,Aysegul Toptal,,,,,,axt083100,aysegul toptal,Advanced Statistics for Data Science
OPRE,6362,001,,,,,,,,,,,,,,,,,,,Sarmann Kennedyd,,,,,,sik220001,sarmann kennedyd,Project Management in Engineering and Operations
OPRE,6389,501,,,,,,,,,,,,,,,,,,,Metin Cakanyildirim,,,,,,metin,metin cakanyildirim,Managing Energy and Environment  Risk  Investment  Technology
OPRE,6398,0w1,,,,,,,,,,,,,,,,,,,Tristan Whalen,,,,,,tgw100020,tristan whalen,Prescriptive Analytics
OPRE,7330,001,,,,,,,,,,,,,,,,,,,Shouqiang Wang,,,,,,sxw163830,shouqiang wang,Deterministic Models in Operations Research
REAL,3305,501,,,,,,,,,,,,,,,,,,,Joseph Lutz,,,,,,dal670470,joseph lutz,Real Estate Principles
RMIS,4333,001,,,,,,,,,,,,,,,,,,,Ricardo Vicente,,,,,,dal277736,,Enterprise Risk Management
SYSM,6311,001,,,,,,,,,,,,,,,,,,,Sarmann Kennedyd,,,,,,sik220001,sarmann kennedyd,Systems Project Management in Engineering and Operations
SYSM,6312,001,,,,,,,,,,,,,,,,,,,Vikram Nanda,,,,,,vkn150030,vikram nanda,Systems Financial Management
SYSM,6313,001,,,,,,,,,,,,,,,,,,,Linda Swindling,,,,,,dal431729,linda swindling,Systems Negotiation and Dispute Resolution
SYSM,6315,501,,,,,,,,,,,,,,,,,,,Rajiv Shah,,,,,,rxs079000,rajiv shah,The Corporate Entrepreneurial Experience
SYSM,6333,001,,,,,,,,,,,,,,,,,,,Jeffrey Hicks,,,,,,jnh061000,jeffrey hicks,Systems Organizational Behavior
SYSM,6335,501,,,,,,,,,,,,,,,,,,,Mandar Samant,,,,,,mss190002,,Organizing for Business Analytics Platforms
SYSM,6338,002,,,,,,,,,,,,,,,,,,,Gasan Elkhodari,,,,,,gxe051000,gasan elkhodari,Database Foundations for Analytics
BIOL,2281,001,,,,,,,,,,,,,,,,,,,Anne Davenport,Yi Huang,Elizabeth Pickett,Narges Salamat,Iti Mehta,Matthew Esparza,axd240011,anne davenport,Introductory Biology Laboratory
BIOL,2281,002,,,,,,,,,,,,,,,,,,,Yi Huang,Anne Davenport,Elizabeth Pickett,Narges Salamat,Matthew Esparza,Iti Mehta,yxh220019,yi huang,Introductory Biology Laboratory
BIOL,3318,001,,,,,,,,,,,,,,,,,,,Kathleen Barber,,,,,,dal311023,kathleen barber,Forensic Biology
BIOL,3380,307,,,,,,,,,,,,,,,,,,,Jing Pan,,,,,,jxp134330,jing pan,Biochemistry Laboratory
BIOL,3380,309,,,,,,,,,,,,,,,,,,,Ritu Mishra,,,,,,dal831670,,Biochemistry Laboratory
BIOL,3456,301,,,,,,,,,,,,,,,,,,,Wen Yu,,,,,,why061000,wen ho yu,Human Anatomy and Physiology with Lab II
BIOL,3456,303,,,,,,,,,,,,,,,,,,,Wen Yu,,,,,,why061000,wen ho yu,Human Anatomy and Physiology with Lab II
BIOL,3456,304,,,,,,,,,,,,,,,,,,,Wen Yu,,,,,,why061000,wen ho yu,Human Anatomy and Physiology with Lab II
BIOL,3456,802,,,,,,,,,,,,,,,,,,,Lindsay Spence,,,,,,ljs150030,lindsay spence,Human Anatomy and Physiology with Lab II
BIOL,4310,001,,,,,,,,,,,,,,,,,,,Mehmet Candas,,,,,,candas,mehmet candas,Cellular Microbiology
BIOL,4380,001,,,,,,,,,,,,,,,,,,,Eva Sadat,Amy Jo Gomez,,,,,exs190014,eva sadat,Cell and Molecular Biology Laboratory
BIOL,5370,001,,,,,,,,,,,,,,,,,,,Mehmet Candas,,,,,,candas,mehmet candas,Host-Pathogen Interactions
BIOL,6111,003,,,,,,,,,,,,,,,,,,,Nikki Delk,,,,,,nad140230,nikki delk,Graduate Research Presentation
BIOL,6111,004,,,,,,,,,,,,,,,,,,,Nicholas Dillon,,,,,,nxd210018,nicholas dillon,Graduate Research Presentation
BIOL,6111,007,,,,,,,,,,,,,,,,,,,Purna Joshi,,,,,,pxj210010,purna joshi,Graduate Research Presentation
BIOL,6111,011,,,,,,,,,,,,,,,,,,,Erica Sanchez,,,,,,exs220022,erica sanchez,Graduate Research Presentation
BIOL,6111,013,,,,,,,,,,,,,,,,,,,Duane Winkler,,,,,,ddw130330,duane winkler,Graduate Research Presentation
BIOL,6111,017,,,,,,,,,,,,,,,,,,,,,,,,,,,Graduate Research Presentation
BIOL,6111,018,,,,,,,,,,,,,,,,,,,Jon Sin,,,,,,dal112948,,Graduate Research Presentation
BIOL,6111,019,,,,,,,,,,,,,,,,,,,Brandon Kim,,,,,,dal882867,,Graduate Research Presentation
BIOL,6111,501,,,,,,,,,,,,,,,,,,,Joseph Boll,,,,,,jxb230044,,Graduate Research Presentation
CHEM,1112,128,,,,,,,,,,,,,,,,,,,Saba Khan,,,,,,sxk240061,saba khan,General Chemistry Laboratory II
CHEM,1112,129,,,,,,,,,,,,,,,,,,,Brittani Churchill,,,,,,dal809833,,General Chemistry Laboratory II
CHEM,1112,131,,,,,,,,,,,,,,,,,,,Brittani Churchill,,,,,,dal809833,,General Chemistry Laboratory II
CHEM,2233,003,,,,,,,,,,,,,,,,,,,Daniel Tran,Nimanka Panapitiya,Sergio Cortes,Sumudu Wijenayake,Jing Ge,,dnt019000,daniel tran,Introductory Organic Chemistry Laboratory
CHEM,2233,322,,,,,,,,,,,,,,,,,,,Jing Ge,,,,,,jxg220039,,Introductory Organic Chemistry Laboratory
CHEM,2233,323,,,,,,,,,,,,,,,,,,,Sumudu Wijenayake,,,,,,snw081000,sumudu wijenayake,Introductory Organic Chemistry Laboratory
CHEM,2233,324,,,,,,,,,,,,,,,,,,,Sumudu Wijenayake,,,,,,snw081000,sumudu wijenayake,Introductory Organic Chemistry Laboratory
CHEM,2233,325,,,,,,,,,,,,,,,,,,,Somayeh Taslimy,,,,,,sxt163130,somayeh taslimy,Introductory Organic Chemistry Laboratory
CHEM,2233,326,,,,,,,,,,,,,,,,,,,Sumudu Wijenayake,,,,,,snw081000,sumudu wijenayake,Introductory Organic Chemistry Laboratory
CHEM,2233,327,,,,,,,,,,,,,,,,,,,Jing Ge,,,,,,jxg220039,,Introductory Organic Chemistry Laboratory
CHEM,6100,001,,,,,,,,,,,,,,,,,,,Connor Delaney,,,,,,cpd230000,,Chemistry Department Seminar
GEOS,6383,001,,,,,,,,,,,,,,,,,,,John Fell,,,,,,jfell,john fell,Applied Geographic Information Systems  - GIS for Real Estate
GEOS,7100,001,,,,,,,,,,,,,,,,,,,Robert Stern,,,,,,rjstern,robert stern,Research and Literature Seminar
MATH,2413,701,,,,,,,,,,,,,,,,,,,Rabin Dahal,Runzhou Liu,Adannah Duruoha,Casey Crane,,,rxd153030,rabin dahal,Differential Calculus
MATH,2414,303,,,,,,,,,,,,,,,,,,,Bentley Garrett,,,,,,btg032000,bentley garrett,Integral Calculus  - Problem Section 0 Credit Hours
MATH,2414,304,,,,,,,,,,,,,,,,,,,Bentley Garrett,,,,,,btg032000,bentley garrett,Integral Calculus  - Problem Section 0 Credit Hours
MATH,2414,305,,,,,,,,,,,,,,,,,,,Bentley Garrett,,,,,,btg032000,bentley garrett,Integral Calculus  - Problem Section 0 Credit Hours
MATH,2414,307,,,,,,,,,,,,,,,,,,,Adannah Duruoha,,,,,,axd180037,adannah duruoha,Integral Calculus  - Problem Section 0 Credit Hours
MATH,2414,308,,,,,,,,,,,,,,,,,,,Bentley Garrett,,,,,,btg032000,bentley garrett,Integral Calculus  - Problem Section 0 Credit Hours
MATH,2414,310,,,,,,,,,,,,,,,,,,,Kelly Aman,,,,,,kxa143530,kelly aman,Integral Calculus  - Problem Section 0 Credit Hours
MATH,2414,314,,,,,,,,,,,,,,,,,,,Kelly Aman,,,,,,kxa143530,kelly aman,Integral Calculus  - Problem Section 0 Credit Hours
MATH,2414,317,,,,,,,,,,,,,,,,,,,Mylinh Nguyen,,,,,,mln018200,mylinh nguyen,Integral Calculus  - Problem Section 0 Credit Hours
MATH,2414,321,,,,,,,,,,,,,,,,,,,Adannah Duruoha,,,,,,axd180037,adannah duruoha,Integral Calculus  - Problem Section 0 Credit Hours
MATH,2414,324,,,,,,,,,,,,,,,,,,,Nasrin Sultana,,,,,,nxs190039,nasrin sultana,Integral Calculus  - Problem Section 0 Credit Hours
MATH,2414,327,,,,,,,,,,,,,,,,,,,Mylinh Nguyen,,,,,,mln018200,mylinh nguyen,Integral Calculus  - Problem Section 0 Credit Hours
MATH,2414,329,,,,,,,,,,,,,,,,,,,Nasrin Sultana,,,,,,nxs190039,nasrin sultana,Integral Calculus  - Problem Section 0 Credit Hours
MATH,2414,331,,,,,,,,,,,,,,,,,,,Kelly Aman,,,,,,kxa143530,kelly aman,Integral Calculus  - Problem Section 0 Credit Hours
MATH,2414,332,,,,,,,,,,,,,,,,,,,Kelly Aman,,,,,,kxa143530,kelly aman,Integral Calculus  - Problem Section 0 Credit Hours
MATH,2414,334,,,,,,,,,,,,,,,,,,,Nasrin Sultana,,,,,,nxs190039,nasrin sultana,Integral Calculus  - Problem Section 0 Credit Hours
MATH,2414,337,,,,,,,,,,,,,,,,,,,Mylinh Nguyen,,,,,,mln018200,mylinh nguyen,Integral Calculus  - Problem Section 0 Credit Hours
MATH,2414,701,,,,,,,,,,,,,,,,,,,Kelly Aman,James Miller,Nasrin Sultana,Irina Martynova,Mylinh Nguyen,Bentley Garrett,kxa143530,kelly aman,Integral Calculus
MATH,2415,301,,,,,,,,,,,,,,,,,,,Mohammad Ahsan,,,,,,mka120030,mohammad ahsan,Calculus of Several Variables  - Problem Section 0 Credit Hours
MATH,2415,302,,,,,,,,,,,,,,,,,,,Mohammad Ahsan,,,,,,mka120030,mohammad ahsan,Calculus of Several Variables  - Problem Section 0 Credit Hours
MATH,2415,303,,,,,,,,,,,,,,,,,,,Baris Coskunuzer,,,,,,bxc190014,baris coskunuzer,Calculus of Several Variables  - Problem Section 0 Credit Hours
MATH,2415,304,,,,,,,,,,,,,,,,,,,Mohammad Ahsan,,,,,,mka120030,mohammad ahsan,Calculus of Several Variables  - Problem Section 0 Credit Hours
MATH,2415,305,,,,,,,,,,,,,,,,,,,Baris Coskunuzer,,,,,,bxc190014,baris coskunuzer,Calculus of Several Variables  - Problem Section 0 Credit Hours
MATH,2415,306,,,,,,,,,,,,,,,,,,,Rizwanur Khan,,,,,,rxk230072,,Calculus of Several Variables  - Problem Section 0 Credit Hours
MATH,2415,307,,,,,,,,,,,,,,,,,,,Mohammad Ahsan,,,,,,mka120030,mohammad ahsan,Calculus of Several Variables  - Problem Section 0 Credit Hours
MATH,2415,308,,,,,,,,,,,,,,,,,,,Rizwanur Khan,,,,,,rxk230072,,Calculus of Several Variables  - Problem Section 0 Credit Hours
MATH,2415,309,,,,,,,,,,,,,,,,,,,Mohammad Ahsan,,,,,,mka120030,mohammad ahsan,Calculus of Several Variables
MATH,2415,701,,,,,,,,,,,,,,,,,,,Baris Coskunuzer,Rizwanur Khan,Mohammad Ahsan,,,,bxc190014,baris coskunuzer,Calculus of Several Variables
MATH,2417,701,,,,,,,,,,,,,,,,,,,Diarisoa Mihaja Andriamanisa Rakotomalala,Joselle Kehoe,,,,,dmr150130,diarisoa rakotomalala,Calculus I
MATH,2418,302,,,,,,,,,,,,,,,,,,,Cheyu Wu,,,,,,cxw153530,cheyu wu,Linear Algebra  - Problem Section 0 Credit Hours
MATH,2418,303,,,,,,,,,,,,,,,,,,,Cheyu Wu,,,,,,cxw153530,cheyu wu,Linear Algebra  - Problem Section 0 Credit Hours
MATH,2418,305,,,,,,,,,,,,,,,,,,,Hui Ding,,,,,,hxd162130,hui ding,Linear Algebra  - Problem Section 0 Credit Hours
MATH,2418,307,,,,,,,,,,,,,,,,,,,Hui Ding,,,,,,hxd162130,hui ding,Linear Algebra  - Problem Section 0 Credit Hours
MATH,2418,310,,,,,,,,,,,,,,,,,,,Hui Ding,,,,,,hxd162130,hui ding,Linear Algebra  - Problem Section 0 Credit Hours
MATH,2418,311,,,,,,,,,,,,,,,,,,,Cheyu Wu,,,,,,cxw153530,cheyu wu,Linear Algebra  - Problem Section 0 Credit Hours
MATH,2418,312,,,,,,,,,,,,,,,,,,,Hui Ding,,,,,,hxd162130,hui ding,Linear Algebra  - Problem Section 0 Credit Hours
MATH,2418,314,,,,,,,,,,,,,,,,,,,Adrian Murza,,,,,,acm170730,adrian murza,Linear Algebra  - Problem Section 0 Credit Hours
MATH,2418,315,,,,,,,,,,,,,,,,,,,Adrian Murza,,,,,,acm170730,adrian murza,Linear Algebra  - Problem Section 0 Credit Hours
MATH,2418,316,,,,,,,,,,,,,,,,,,,Hui Ding,,,,,,hxd162130,hui ding,Linear Algebra  - Problem Section 0 Credit Hours
MATH,2419,301,,,,,,,,,,,,,,,,,,,Anatoly Eydelzon,,,,,,axe031000,anatoly eydelzon,Calculus II  - Problem Section 0 Credit Hours
MATH,2419,304,,,,,,,,,,,,,,,,,,,Anatoly Eydelzon,,,,,,axe031000,anatoly eydelzon,Calculus II  - Problem Section 0 Credit Hours
MATH,2419,305,,,,,,,,,,,,,,,,,,,Anatoly Eydelzon,,,,,,axe031000,anatoly eydelzon,Calculus II  - Problem Section 0 Credit Hours
MATH,2419,398,,,,,,,,,,,,,,,,,,,Carlos Arreche,,,,,,cxa171230,carlos arreche,Calculus II  - CV Honors
MATH,2419,701,,,,,,,,,,,,,,,,,,,Anatoly Eydelzon,Mohammad Ahsan,,,,,axe031000,anatoly eydelzon,Calculus II
MATH,4475,001,,,,,,,,,,,,,,,,,,,Kemelli Estacio-Hiroms,,,,,,kxe160930,kemelli estacio hiroms,Capstone Project
PHYS,1101,108,,,,,,,,,,,,,,,,,,,Amena Khan,Roger Kadala,,,,,axk140130,amena khan,College Physics Laboratory I
PHYS,1101,109,,,,,,,,,,,,,,,,,,,Amena Khan,Roger Kadala,,,,,axk140130,amena khan,College Physics Laboratory I
PHYS,1101,110,,,,,,,,,,,,,,,,,,,Roger Kadala,Amena Khan,,,,,rxk220001,roger kadala,College Physics Laboratory I
PHYS,1102,105,,,,,,,,,,,,,,,,,,,Lamya Saleh,Paul Macalevey,,,,,lxs190019,lamya saleh,College Physics Laboratory II
PHYS,2125,110,,,,,,,,,,,,,,,,,,,Roger Kadala,Amena Khan,,,,,rxk220001,roger kadala,Physics Laboratory I
PHYS,2125,111,,,,,,,,,,,,,,,,,,,Roger Kadala,Amena Khan,,,,,rxk220001,roger kadala,Physics Laboratory I
PHYS,2125,112,,,,,,,,,,,,,,,,,,,Roger Kadala,Amena Khan,,,,,rxk220001,roger kadala,Physics Laboratory I
PHYS,2125,122,,,,,,,,,,,,,,,,,,,Roger Kadala,Amena Khan,,,,,rxk220001,roger kadala,Physics Laboratory I
PHYS,2125,123,,,,,,,,,,,,,,,,,,,Roger Kadala,Amena Khan,,,,,rxk220001,roger kadala,Physics Laboratory I
PHYS,2125,124,,,,,,,,,,,,,,,,,,,Roger Kadala,Amena Khan,,,,,rxk220001,roger kadala,Physics Laboratory I
PHYS,2125,609,,,,,,,,,,,,,,,,,,,Roger Kadala,Amena Khan,,,,,rxk220001,roger kadala,Physics Laboratory I
PHYS,2126,112,,,,,,,,,,,,,,,,,,,Paul Macalevey,Lamya Saleh,,,,,paulmac,paul macalevey,Physics Laboratory II
PHYS,2126,113,,,,,,,,,,,,,,,,,,,Paul Macalevey,Lamya Saleh,,,,,paulmac,paul macalevey,Physics Laboratory II
PHYS,2126,114,,,,,,,,,,,,,,,,,,,Paul Macalevey,Lamya Saleh,,,,,paulmac,paul macalevey,Physics Laboratory II
STAT,4475,001,,,,,,,,,,,,,,,,,,,Kemelli Estacio-Hiroms,,,,,,kxe160930,kemelli estacio hiroms,Capstone Project
BIMS,1101,001,,,,,,,,,,,,,,,,,,,Eberhard Voit,,,,,,eov230000,eberhard voit,Introduction to Biomedical Sciences
BIOL,2111,501,,,,,,,,,,,,,,,,,,,Uma Srikanth,,,,,,ukrish,uma srikanth,Introduction to Modern Biology Workshop I
BIOL,2112,501,,,,,,,,,,,,,,,,,,,Michelle Wilson,,,,,,mxw084000,michelle wilson,Introduction to Modern Biology Workshop II
BIOL,2281,301,,,,,,,,,,,,,,,,,,,Iti Mehta,,,,,,ixm121430,iti mehta,Introductory Biology Laboratory
BIOL,2281,302,,,,,,,,,,,,,,,,,,,Narges Salamat,,,,,,nxs158730,narges salamat,Introductory Biology Laboratory
BIOL,2281,303,,,,,,,,,,,,,,,,,,,Narges Salamat,,,,,,nxs158730,narges salamat,Introductory Biology Laboratory
BIOL,2281,304,,,,,,,,,,,,,,,,,,,Elizabeth Pickett,,,,,,eaw016100,elizabeth pickett,Introductory Biology Laboratory
BIOL,3380,001,,,,,,,,,,,,,,,,,,,Jing Pan,Simbarashe Mazambani,Ritu Mishra,,,,jxp134330,jing pan,Biochemistry Laboratory
BIOL,3462,201,,,,,,,,,,,,,,,,,,,Mehmet Candas,Lawrence Reitzer,,,,,candas,mehmet candas,Biochemistry II
BIOL,6252,001,,,,,,,,,,,,,,,,,,,Yuki Shindo,Eberhard Voit,,,,,yxs240025,,Current Research in Molecular Biology
BIOL,6453,201,,,,,,,,,,,,,,,,,,,Mehmet Candas,Lawrence Reitzer,,,,,candas,mehmet candas,Modern Biochemistry II
CHEM,1111,101,,,,,,,,,,,,,,,,,,,Brittani Churchill,,,,,,dal809833,,General Chemistry Laboratory I
CHEM,1111,102,,,,,,,,,,,,,,,,,,,Brittani Churchill,,,,,,dal809833,,General Chemistry Laboratory I
CHEM,1112,101,,,,,,,,,,,,,,,,,,,Yanping Qin,,,,,,yxq083000,yanping qin,General Chemistry Laboratory II
CHEM,1112,102,,,,,,,,,,,,,,,,,,,Baowen Li,,,,,,bxl173130,baowen li,General Chemistry Laboratory II
CHEM,1112,103,,,,,,,,,,,,,,,,,,,Sophia De Aquino Veras,,,,,,sxd200050,sophia de aquino veras,General Chemistry Laboratory II
CHEM,1112,104,,,,,,,,,,,,,,,,,,,Nimali Abeykoon,,,,,,nxa124430,nimali abeykoon,General Chemistry Laboratory II
CHEM,1112,105,,,,,,,,,,,,,,,,,,,Baowen Li,,,,,,bxl173130,baowen li,General Chemistry Laboratory II
CHEM,1112,106,,,,,,,,,,,,,,,,,,,Faieza Bodowara,,,,,,dal112841,,General Chemistry Laboratory II
CHEM,1112,107,,,,,,,,,,,,,,,,,,,Faieza Bodowara,,,,,,dal112841,,General Chemistry Laboratory II
CHEM,1112,130,,,,,,,,,,,,,,,,,,,Nimali Abeykoon,,,,,,nxa124430,nimali abeykoon,General Chemistry Laboratory II
CHEM,1112,601,,,,,,,,,,,,,,,,,,,Joshua Sisk,,,,,,jrs106020,joshua sisk,General Chemistry Laboratory II
CHEM,1112,602,,,,,,,,,,,,,,,,,,,Joshua Sisk,,,,,,jrs106020,joshua sisk,General Chemistry Laboratory II
CHEM,2233,001,,,,,,,,,,,,,,,,,,,Daniel Tran,Nimanka Panapitiya,Sergio Cortes,Sumudu Wijenayake,Jing Ge,,dnt019000,daniel tran,Introductory Organic Chemistry Laboratory
CHEM,2233,301,,,,,,,,,,,,,,,,,,,Jing Ge,,,,,,jxg220039,,Introductory Organic Chemistry Laboratory
CHEM,2233,302,,,,,,,,,,,,,,,,,,,Nimanka Panapitiya,,,,,,npp081000,nimanka panapitiya,Introductory Organic Chemistry Laboratory
CHEM,2233,303,,,,,,,,,,,,,,,,,,,Saba Khan,,,,,,sxk240061,saba khan,Introductory Organic Chemistry Laboratory
CHEM,2233,304,,,,,,,,,,,,,,,,,,,Sergio Cortes,,,,,,scortes,sergio cortes,Introductory Organic Chemistry Laboratory
CHEM,2233,305,,,,,,,,,,,,,,,,,,,Saba Khan,,,,,,sxk240061,saba khan,Introductory Organic Chemistry Laboratory
CHEM,2233,306,,,,,,,,,,,,,,,,,,,Nimanka Panapitiya,,,,,,npp081000,nimanka panapitiya,Introductory Organic Chemistry Laboratory
CHEM,2233,801,,,,,,,,,,,,,,,,,,,Sergio Cortes,,,,,,scortes,sergio cortes,Introductory Organic Chemistry Laboratory
CHEM,2233,802,,,,,,,,,,,,,,,,,,,Nimanka Panapitiya,,,,,,npp081000,nimanka panapitiya,Introductory Organic Chemistry Laboratory
CHEM,3462,201,,,,,,,,,,,,,,,,,,,Mehmet Candas,Lawrence Reitzer,,,,,candas,mehmet candas,Biochemistry II
GEOS,1103,102,,,,,,,,,,,,,,,,,,,Siloa Willis,,,,,,sbw140030,,Physical Geology Laboratory
GEOS,5332,001,,,,,,,,,,,,,,,,,,,Steven Pirouz,,,,,,mxp180004,mortaza pirouz,Machine Learning for Earth and Environmental Sciences
GEOS,6381,501,,,,,,,,,,,,,,,,,,,Yongwan Chun,,,,,,yxc070300,,Geographic Information Systems Fundamentals
MATH,1314,701,,,,,,,,,,,,,,,,,,,Iris Alvarado,,,,,,ila180000,iris alvarado,College Algebra
MATH,1325,701,,,,,,,,,,,,,,,,,,,Jigarkumar Patel,Manjula Foley,Derege Mussa,Neha Makhijani,Joselle Kehoe,,jsp061000,jigarkumar patel,Applied Calculus I
MATH,2333,701,,,,,,,,,,,,,,,,,,,Diarisoa Mihaja Andriamanisa Rakotomalala,,,,,,dmr150130,diarisoa rakotomalala,Matrices  Vectors  and Data
MATH,2414,301,,,,,,,,,,,,,,,,,,,Nasrin Sultana,,,,,,nxs190039,nasrin sultana,Integral Calculus  - Problem Section 0 Credit Hours
MATH,2414,312,,,,,,,,,,,,,,,,,,,Adannah Duruoha,,,,,,axd180037,adannah duruoha,Integral Calculus  - Problem Section 0 Credit Hours
MATH,2414,315,,,,,,,,,,,,,,,,,,,Kelly Aman,,,,,,kxa143530,kelly aman,Integral Calculus  - Problem Section 0 Credit Hours
MATH,2414,319,,,,,,,,,,,,,,,,,,,Irina Martynova,,,,,,ixm140930,irina martynova,Integral Calculus  - Problem Section 0 Credit Hours
MATH,2414,322,,,,,,,,,,,,,,,,,,,Irina Martynova,,,,,,ixm140930,irina martynova,Integral Calculus  - Problem Section 0 Credit Hours
MATH,2414,325,,,,,,,,,,,,,,,,,,,Nasrin Sultana,,,,,,nxs190039,nasrin sultana,Integral Calculus  - Problem Section 0 Credit Hours
MATH,2414,328,,,,,,,,,,,,,,,,,,,Mylinh Nguyen,,,,,,mln018200,mylinh nguyen,Integral Calculus  - Problem Section 0 Credit Hours
MATH,2414,335,,,,,,,,,,,,,,,,,,,James Miller,,,,,,jwm170630,james miller,Integral Calculus  - Problem Section 0 Credit Hours
MATH,2414,336,,,,,,,,,,,,,,,,,,,Kelly Aman,,,,,,kxa143530,kelly aman,Integral Calculus  - Problem Section 0 Credit Hours
MATH,2414,339,,,,,,,,,,,,,,,,,,,Adannah Duruoha,,,,,,axd180037,adannah duruoha,Integral Calculus  - Problem Section 0 Credit Hours
MATH,2414,340,,,,,,,,,,,,,,,,,,,Mylinh Nguyen,,,,,,mln018200,mylinh nguyen,Integral Calculus  - Problem Section 0 Credit Hours
MATH,2414,341,,,,,,,,,,,,,,,,,,,James Miller,,,,,,jwm170630,james miller,Integral Calculus  - Problem Section 0 Credit Hours
MATH,2417,302,,,,,,,,,,,,,,,,,,,Joselle Kehoe,,,,,,jxk061000,joselle kehoe,Calculus I  - Problem Section 0 Credit Hours
MATH,2417,304,,,,,,,,,,,,,,,,,,,Diarisoa Mihaja Andriamanisa Rakotomalala,,,,,,dmr150130,diarisoa rakotomalala,Calculus I  - Problem Section 0 Credit Hours
MATH,2417,305,,,,,,,,,,,,,,,,,,,Joselle Kehoe,,,,,,jxk061000,joselle kehoe,Calculus I  - Problem Section 0 Credit Hours
MATH,2417,306,,,,,,,,,,,,,,,,,,,Diarisoa Mihaja Andriamanisa Rakotomalala,,,,,,dmr150130,diarisoa rakotomalala,Calculus I  - Problem Section 0 Credit Hours
MATH,2420,301,,,,,,,,,,,,,,,,,,,Adrian Murza,,,,,,acm170730,adrian murza,Differential Equations with Applications  - Problem Section 0 Credit Hours
MATH,2420,302,,,,,,,,,,,,,,,,,,,Adrian Murza,,,,,,acm170730,adrian murza,Differential Equations with Applications  - Problem Section 0 Credit Hours
MATH,2420,303,,,,,,,,,,,,,,,,,,,Adrian Murza,,,,,,acm170730,adrian murza,Differential Equations with Applications  - Problem Section 0 Credit Hours
MATH,2420,304,,,,,,,,,,,,,,,,,,,Saikat Biswas,,,,,,sxb230137,saikat biswas,Differential Equations with Applications  - Problem Section 0 Credit Hours
MATH,2420,305,,,,,,,,,,,,,,,,,,,Saikat Biswas,,,,,,sxb230137,saikat biswas,Differential Equations with Applications  - Problem Section 0 Credit Hours
MATH,2420,306,,,,,,,,,,,,,,,,,,,Saikat Biswas,,,,,,sxb230137,saikat biswas,Differential Equations with Applications  - Problem Section 0 Credit Hours
MATH,2420,307,,,,,,,,,,,,,,,,,,,Saikat Biswas,,,,,,sxb230137,saikat biswas,Differential Equations with Applications  - Problem Section 0 Credit Hours
MATH,2420,701,,,,,,,,,,,,,,,,,,,Saikat Biswas,Adrian Murza,,,,,sxb230137,saikat biswas,Differential Equations with Applications
PHYS,1101,101,,,,,,,,,,,,,,,,,,,Amena Khan,Roger Kadala,,,,,axk140130,amena khan,College Physics Laboratory I
PHYS,1101,102,,,,,,,,,,,,,,,,,,,Amena Khan,Roger Kadala,,,,,axk140130,amena khan,College Physics Laboratory I
PHYS,1101,103,,,,,,,,,,,,,,,,,,,Amena Khan,Roger Kadala,,,,,axk140130,amena khan,College Physics Laboratory I
PHYS,1101,604,,,,,,,,,,,,,,,,,,,Amena Khan,Roger Kadala,,,,,axk140130,amena khan,College Physics Laboratory I
PHYS,1102,101,,,,,,,,,,,,,,,,,,,Lamya Saleh,Paul Macalevey,,,,,lxs190019,lamya saleh,College Physics Laboratory II
PHYS,1102,102,,,,,,,,,,,,,,,,,,,Lamya Saleh,Paul Macalevey,,,,,lxs190019,lamya saleh,College Physics Laboratory II
PHYS,1102,603,,,,,,,,,,,,,,,,,,,Paul Macalevey,Lamya Saleh,,,,,paulmac,paul macalevey,College Physics Laboratory II
PHYS,2125,101,,,,,,,,,,,,,,,,,,,Roger Kadala,Amena Khan,,,,,rxk220001,roger kadala,Physics Laboratory I
PHYS,2125,102,,,,,,,,,,,,,,,,,,,Roger Kadala,Amena Khan,,,,,rxk220001,roger kadala,Physics Laboratory I
PHYS,2125,103,,,,,,,,,,,,,,,,,,,Roger Kadala,Amena Khan,,,,,rxk220001,roger kadala,Physics Laboratory I
PHYS,2125,113,,,,,,,,,,,,,,,,,,,Roger Kadala,Amena Khan,,,,,rxk220001,roger kadala,Physics Laboratory I
PHYS,2125,114,,,,,,,,,,,,,,,,,,,Roger Kadala,Amena Khan,,,,,rxk220001,roger kadala,Physics Laboratory I
PHYS,2125,126,,,,,,,,,,,,,,,,,,,Roger Kadala,Amena Khan,,,,,rxk220001,roger kadala,Physics Laboratory I
PHYS,2125,601,,,,,,,,,,,,,,,,,,,Roger Kadala,Amena Khan,,,,,rxk220001,roger kadala,Physics Laboratory I
PHYS,2125,602,,,,,,,,,,,,,,,,,,,Amena Khan,Roger Kadala,,,,,axk140130,amena khan,Physics Laboratory I
PHYS,2126,101,,,,,,,,,,,,,,,,,,,Paul Macalevey,Lamya Saleh,,,,,paulmac,paul macalevey,Physics Laboratory II
PHYS,2126,102,,,,,,,,,,,,,,,,,,,Paul Macalevey,Lamya Saleh,,,,,paulmac,paul macalevey,Physics Laboratory II
PHYS,2126,601,,,,,,,,,,,,,,,,,,,Paul Macalevey,Lamya Saleh,,,,,paulmac,paul macalevey,Physics Laboratory II
SMED,5302,501,,,,,,,,,,,,,,,,,,,Emily Hennessy,,,,,,eft031000,emily hennessy,Teaching and Learning of Science and Mathematics
ACTS,4301,001,,,,,,,,,,,,,,,,,,,Neha Makhijani,,,,,,nxm165130,neha makhijani,Long Term Actuarial Mathematics I
ACTS,4310,001,,,,,,,,,,,,,,,,,,,Liang Hong,,,,,,lxh019000,liang hong,Predictive Analytics
ACTS,6308,001,,,,,,,,,,,,,,,,,,,Neha Makhijani,,,,,,nxm165130,neha makhijani,Actuarial Financial Mathematics
ACTS,6310,001,,,,,,,,,,,,,,,,,,,Liang Hong,,,,,,lxh019000,liang hong,Advanced Predictive Analytics
BIMS,3306,001,,,,,,,,,,,,,,,,,,,Amy Jo Gomez,,,,,,amh240001,amy macbey gomez,Parasitology
BIMS,3336,001,,,,,,,,,,,,,,,,,,,Tian Hong,,,,,,txh240018,,Bioinformatics
BIMS,3372,001,,,,,,,,,,,,,,,,,,,Zhuoru Wu,,,,,,zxw190014,,Comparative Physiology
BIMS,4379,001,,,,,,,,,,,,,,,,,,,Li Liu,,,,,,lliu,,Advanced Research in Biomedical Sciences
BIMS,4379,301,,,,,,,,,,,,,,,,,,,Li Liu,,,,,,lliu,,Advanced Research in Biomedical Sciences
BIMS,4389,001,,,,,,,,,,,,,,,,,,,Nikki Delk,,,,,,nad140230,nikki delk,Cancer Therapy  From Bench to Bedside
BIMS,6389,001,,,,,,,,,,,,,,,,,,,Nikki Delk,,,,,,nad140230,nikki delk,Cancer Discovery and Therapy  From Bench to Bedside
BIOL,3306,001,,,,,,,,,,,,,,,,,,,Amy Jo Gomez,,,,,,amh240001,amy macbey gomez,Parasitology
BIOL,3312,001,,,,,,,,,,,,,,,,,,,Alonso Morcos Gonzalez,,,,,,afg150230,,Programming for Biological Sciences
BIOL,3337,001,,,,,,,,,,,,,,,,,,,Tian Hong,,,,,,txh240018,,Bioinformatics
BIOL,3355,hn1,,,,,,,,,,,,,,,,,,,Jennifer Painter,,,,,,dal966738,,Clinical Pathophysiology  - CV Honors
BIOL,3372,001,,,,,,,,,,,,,,,,,,,Zhuoru Wu,,,,,,zxw190014,,Comparative Physiology
BIOL,3385,001,,,,,,,,,,,,,,,,,,,David Murchison,,,,,,dfm100020,david murchison,Medical Histology
BIOL,3401,001,,,,,,,,,,,,,,,,,,,Jing Pan,Uma Srikanth,,,,,jxp134330,jing pan,Genetics
BIOL,3461,001,,,,,,,,,,,,,,,,,,,Sandhya Gavva,,,,,,sgavva,sandhya gavva,Biochemistry I
BIOL,3461,002,,,,,,,,,,,,,,,,,,,Sheel Dodani,Sandhya Gavva,,,,,scd023000,sheel dodani,Biochemistry I
BIOL,4345,001,,,,,,,,,,,,,,,,,,,Michelle Wilson,,,,,,mxw084000,michelle wilson,Immunobiology
BIOL,4385,001,,,,,,,,,,,,,,,,,,,David Murchison,,,,,,dfm100020,david murchison,Oral Histology and Embryology
BIOL,4388,001,,,,,,,,,,,,,,,,,,,Erica Sanchez,,,,,,exs220022,erica sanchez,Scientific Writing for STEM Students
BIOL,4389,001,,,,,,,,,,,,,,,,,,,Nikki Delk,,,,,,nad140230,nikki delk,Cancer Therapy  From Bench to Bedside
BIOL,4461,001,,,,,,,,,,,,,,,,,,,Stefanie Boyd,Duane Winkler,,,,,sdb074000,stefanie boyd,Biophysical Chemistry
BIOL,5312,001,,,,,,,,,,,,,,,,,,,Alonso Morcos Gonzalez,,,,,,afg150230,,Programming in the Biological Sciences for Graduate Students
BIOL,5385,001,,,,,,,,,,,,,,,,,,,Jose De la Paz,,,,,,jxd162630,jose de la paz,Computational Molecular Evolution
BIOL,5388,001,,,,,,,,,,,,,,,,,,,Erica Sanchez,,,,,,exs220022,erica sanchez,Communicating Science  Scientific Writing Skills for Success
BIOL,5410,001,,,,,,,,,,,,,,,,,,,Nicholas Dillon,Sankalp Shukla,,,,,nxd210018,nicholas dillon,Biochemistry
BIOL,6351,001,,,,,,,,,,,,,,,,,,,Xintong Dong,,,,,,xxd220000, xintong xintong dong,Cellular and Molecular Biology of the Immune System
BIOL,6370,001,,,,,,,,,,,,,,,,,,,Brandon Kim,,,,,,dal882867,,Microbial Genetics
BIOL,6389,001,,,,,,,,,,,,,,,,,,,Nikki Delk,,,,,,nad140230,nikki delk,Cancer Discovery and Therapy  From Bench to Bedside
BIOL,6431,001,,,,,,,,,,,,,,,,,,,Jing Pan,Uma Srikanth,,,,,jxp134330,jing pan,Molecular Genetics
BIOL,6684,001,,,,,,,,,,,,,,,,,,,Mehmet Candas,Li Liu,,,,,candas,mehmet candas,Biotechnology Laboratory
BIOL,6684,301,,,,,,,,,,,,,,,,,,,Mehmet Candas,Li Liu,,,,,candas,mehmet candas,Biotechnology Laboratory
BIOL,6v29,001,,,,,,,,,,,,,,,,,,,Lin Jia,,,,,,lxj200008,lin jia,Topics in Molecular Biology  - Bioethics
CHEM,1311,001,,,,,,,,,,,,,,,,,,,Amandeep Sra,,,,,,aks057000,amandeep sra,General Chemistry I
CHEM,2401,001,,,,,,,,,,,,,,,,,,,Fadwa Anka,,,,,,fha041000,fadwa anka,Introductory Quantitative Methods in Chemistry
CHEM,2401,002,,,,,,,,,,,,,,,,,,,Paul Pantano,,,,,,pantano,paul pantano,Introductory Quantitative Methods in Chemistry
CHEM,3461,001,,,,,,,,,,,,,,,,,,,Sandhya Gavva,,,,,,sgavva,sandhya gavva,Biochemistry I
CHEM,3461,002,,,,,,,,,,,,,,,,,,,Sheel Dodani,Sandhya Gavva,,,,,scd023000,sheel dodani,Biochemistry I
CHEM,3472,002,,,,,,,,,,,,,,,,,,,Yanping Qin,,,,,,yxq083000,yanping qin,Instrumental Analysis
CHEM,4473,001,,,,,,,,,,,,,,,,,,,Zohreh Hashami,,,,,,zxh088000,zohreh hashami,Physical Measurements Laboratory
CHEM,4473,002,,,,,,,,,,,,,,,,,,,Yu Huang,,,,,,yxh091220,yu huang,Physical Measurements Laboratory
CHEM,5333,001,,,,,,,,,,,,,,,,,,,Connor Delaney,,,,,,cpd230000,,Advanced Organic Chemistry II
CHEM,6v49,001,,,,,,,,,,,,,,,,,,,Shruti Hariyani,,,,,,dal077524,shruti hariyani,Special Topics in Inorganic Chemistry  - Solid State Chemistry
GEOS,1303,501,,,,,,,,,,,,,,,,,,,William Griffin,,,,,,griffin,william griffin,Physical Geology
GEOS,1304,001,,,,,,,,,,,,,,,,,,,Ignacio Pujana,,,,,,pujana,ignacio pujana,History of Earth and Life
GEOS,2307,001,,,,,,,,,,,,,,,,,,,M Shahriar Sonet,,,,,,mxs240007,m shahriar sonet,Digital Earth
GEOS,2309,001,,,,,,,,,,,,,,,,,,,May Yuan,,,,,,mxy141230,,Principles of Geospatial Information Sciences
GEOS,3470,001,,,,,,,,,,,,,,,,,,,Steven Pirouz,,,,,,mxp180004,mortaza pirouz,Structural Geology
GEOS,4325,001,,,,,,,,,,,,,,,,,,,Umme Kulsum,,,,,,uxk220007,,Introduction to Remote Sensing
GEOS,4390,001,,,,,,,,,,,,,,,,,,,Inessa Yurchenko,,,,,,ixy220003,,Communication in Earth Sciences
GEOS,5308,0w1,,,,,,,,,,,,,,,,,,,Robert Stern,,,,,,rjstern,robert stern,Sustainable Energy
GEOS,5334,001,,,,,,,,,,,,,,,,,,,Nadine Igonin,,,,,,nxi230006,,Induced Seismicity
ISNS,2359,001,,,,,,,,,,,,,,,,,,,William Griffin,,,,,,griffin,william griffin,Earthquakes and Volcanoes
MATH,2370,001,,,,,,,,,,,,,,,,,,,Mylinh Nguyen,,,,,,mln018200,mylinh nguyen,Introduction to Programming with MATLAB
MATH,2418,hn1,,,,,,,,,,,,,,,,,,,Viswanath Ramakrishna,,,,,,vish,viswanath ramakrishna,Linear Algebra  - CV Honors
MATH,2419,hn1,,,,,,,,,,,,,,,,,,,Carlos Arreche,,,,,,cxa171230,carlos arreche,Calculus II  - CV Honors
MATH,3303,001,,,,,,,,,,,,,,,,,,,Amin Lalani,,,,,,axl120130,amin lalani,Mathematical Modeling
MATH,3307,001,,,,,,,,,,,,,,,,,,,Julie Sutton,,,,,,jxs158030,julie sutton,Mathematical Problem Solving for Teachers
MATH,3310,001,,,,,,,,,,,,,,,,,,,Malgorzata Dabkowska,,,,,,mxd066000,malgorzata dabkowska,Theoretical Concepts of Calculus
MATH,3310,002,,,,,,,,,,,,,,,,,,,Malgorzata Dabkowska,,,,,,mxd066000,malgorzata dabkowska,Theoretical Concepts of Calculus
MATH,3312,001,,,,,,,,,,,,,,,,,,,Carlos Arreche,,,,,,cxa171230,carlos arreche,Abstract Algebra II
MATH,3336,001,,,,,,,,,,,,,,,,,,,Tian Hong,,,,,,txh240018,,Bioinformatics
MATH,3379,001,,,,,,,,,,,,,,,,,,,Yan Cao,,,,,,yxc069200,yan cao,Complex Variables
MATH,4334,002,,,,,,,,,,,,,,,,,,,Bentley Garrett,,,,,,btg032000,bentley garrett,Numerical Analysis
MATH,4355,001,,,,,,,,,,,,,,,,,,,Viswanath Ramakrishna,,,,,,vish,viswanath ramakrishna,Methods of Applied Mathematics
MATH,4362,001,,,,,,,,,,,,,,,,,,,Kirill Lazebnik,,,,,,dal233919,,Partial Differential Equations
MATH,6303,001,,,,,,,,,,,,,,,,,,,Ronan Conlon,,,,,,rxc200021,ronan conlon,Theory of Complex Functions I
MATH,6310,001,,,,,,,,,,,,,,,,,,,Anh Tran,,,,,,att140830,anh tran,Topology
MATH,6312,001,,,,,,,,,,,,,,,,,,,Theodosios Douvropoulos,,,,,,dal326158,,Combinatorics and Graph Theory
MATH,6322,001,,,,,,,,,,,,,,,,,,,Nan Wu,,,,,,nxw220012,nan wu,Mathematical Foundations of Data Science
MATH,6340,001,,,,,,,,,,,,,,,,,,,Luis Felipe Pereira,,,,,,lfp140030,luis pereira,Numerical Linear Algebra
NATS,3341,001,,,,,,,,,,,,,,,,,,,Floyd Dorsey,,,,,,fzd110020,floyd dorsey,Knowing and Learning in Mathematics and Science
NATS,3343,001,,,,,,,,,,,,,,,,,,,Kate York,,,,,,mxy141130,kate york,Classroom Interactions
NATS,3343,002,,,,,,,,,,,,,,,,,,,Denise Gregory,,,,,,dxg200019,denise gregory,Classroom Interactions
PHYS,1301,003,,,,,,,,,,,,,,,,,,,Ming Xie,,,,,,dal986424,ming xie,College Physics I
PHYS,2325,006,,,,,,,,,,,,,,,,,,,Xiaojia Zhang,,,,,,xxz220011,xiaojia zhang,Mechanics
PHYS,3312,001,,,,,,,,,,,,,,,,,,,Michael Kesden,,,,,,mhk130030,michael kesden,Classical Mechanics
PHYS,3427,001,,,,,,,,,,,,,,,,,,,Matthew Goeckner,,,,,,goeckner,matthew goeckner,Electronics with Laboratory
PHYS,4347,001,,,,,,,,,,,,,,,,,,,Bei Zeng,,,,,,bxz230005,,Quantum Network and Communication
PHYS,4371,001,,,,,,,,,,,,,,,,,,,Mengke Liu,,,,,,dal389093,mengke liu,Solid State Physics
PHYS,4386,5h1,,,,,,,,,,,,,,,,,,,Roger Kadala,,,,,,rxk220001,roger kadala,Elementary Particle Physics
PHYS,4392,001,,,,,,,,,,,,,,,,,,,Lindsay King,,,,,,lxk111430,lindsay king,Extragalactic Astrophysics
PHYS,5313,001,,,,,,,,,,,,,,,,,,,Fan Zhang,,,,,,fxz140930,fan zhang,Statistical Physics
PHYS,5320,001,,,,,,,,,,,,,,,,,,,Lunjin Chen,,,,,,lxc134330,lunjin chen,Electromagnetism I
PHYS,6347,001,,,,,,,,,,,,,,,,,,,Bei Zeng,,,,,,bxz230005,,Quantum Network and Communication
STAT,1342,001,,,,,,,,,,,,,,,,,,,Yuly Koshevnik,,,,,,yxk055000,yuly koshevnik,Statistical Decision Making
STAT,3332,004,,,,,,,,,,,,,,,,,,,Shengjie Jiang,,,,,,sxj220069,shengjie jiang,Statistics for Life Sciences
STAT,3336,001,,,,,,,,,,,,,,,,,,,Tian Hong,,,,,,txh240018,,Bioinformatics
STAT,3341,001,,,,,,,,,,,,,,,,,,,Huizhen Guo,,,,,,hxg190020,huizhen guo,Probability and Statistics in Computer Science and Software Engineering
STAT,3341,004,,,,,,,,,,,,,,,,,,,Octavious Smiley,,,,,,oxs230011,octavious smiley,Probability and Statistics in Computer Science and Software Engineering
STAT,3341,005,,,,,,,,,,,,,,,,,,,Shengjie Jiang,,,,,,sxj220069,shengjie jiang,Probability and Statistics in Computer Science and Software Engineering
STAT,3341,0w1,,,,,,,,,,,,,,,,,,,Jason Smith,,,,,,jws130830,jason smith,Probability and Statistics in Computer Science and Software Engineering
STAT,3341,501,,,,,,,,,,,,,,,,,,,Octavious Smiley,,,,,,oxs230011,octavious smiley,Probability and Statistics in Computer Science and Software Engineering
STAT,3355,001,,,,,,,,,,,,,,,,,,,Octavious Smiley,,,,,,oxs230011,octavious smiley,Introduction to Data Analysis
STAT,3355,002,,,,,,,,,,,,,,,,,,,Octavious Smiley,,,,,,oxs230011,octavious smiley,Introduction to Data Analysis
STAT,4352,001,,,,,,,,,,,,,,,,,,,Emmett Kendall,,,,,,dal538881,emmett kendall,Mathematical Statistics
STAT,4354,001,,,,,,,,,,,,,,,,,,,Huizhen Guo,,,,,,hxg190020,huizhen guo,Numerical and Statistical Computing
STAT,4382,001,,,,,,,,,,,,,,,,,,,Yuly Koshevnik,,,,,,yxk055000,yuly koshevnik,Stochastic Processes
STAT,5352,001,,,,,,,,,,,,,,,,,,,Noirrit Chandra,,,,,,nxc220031,noirrit chandra,Probability and Statistics II
STAT,5353,001,,,,,,,,,,,,,,,,,,,Qiwei Li,,,,,,qxl190009,qiwei li,Probability and Statistics for Data Science and Bioinformatics
STAT,6332,001,,,,,,,,,,,,,,,,,,,Sam Efromovich,,,,,,sxe062000,sam efromovich,Statistical Inference II
STAT,6348,001,,,,,,,,,,,,,,,,,,,Noirrit Chandra,,,,,,nxc220031,noirrit chandra,Applied Multivariate Analysis
BIOL,2311,001,,,,,,,,,,,,,,,,,,,Uma Srikanth,,,,,,ukrish,uma srikanth,Introduction to Modern Biology I
BIOL,2312,003,,,,,,,,,,,,,,,,,,,Simbarashe Mazambani,,,,,,sxm170074,simbarashe mazambani,Introduction to Modern Biology II
BIOL,3402,001,,,,,,,,,,,,,,,,,,,Purna Joshi,Darshan Sapkota,,,,,pxj210010,purna joshi,Molecular and Cell Biology
BIOL,6394,501,,,,,,,,,,,,,,,,,,,Li Liu,,,,,,lliu,,Laboratory Techniques and Research Strategy Workshop
BIOL,6456,001,,,,,,,,,,,,,,,,,,,Purna Joshi,Darshan Sapkota,,,,,pxj210010,purna joshi,Eukaryotic Molecular and Cell Biology
CHEM,1312,001,,,,,,,,,,,,,,,,,,,Fadwa Anka,,,,,,fha041000,fadwa anka,General Chemistry II
CHEM,1312,002,,,,,,,,,,,,,,,,,,,Nimali Abeykoon,,,,,,nxa124430,nimali abeykoon,General Chemistry II
CHEM,1312,003,,,,,,,,,,,,,,,,,,,Gregg Dieckmann,,,,,,dieckgr,gregg dieckmann,General Chemistry II
CHEM,1312,004,,,,,,,,,,,,,,,,,,,Gregg Dieckmann,,,,,,dieckgr,gregg dieckmann,General Chemistry II
CHEM,1312,005,,,,,,,,,,,,,,,,,,,Stephanie Taylor,,,,,,smt031000,stephanie taylor,General Chemistry II
CHEM,1316,hn1,,,,,,,,,,,,,,,,,,,John Sibert,,,,,,sibertj,john sibert,Honors Freshman Chemistry II  - CV Honors
CHEM,2323,001,,,,,,,,,,,,,,,,,,,Bruce Novak,Mihaela Stefan,Daniel Tran,,,,bxn111230,bruce novak,Introductory Organic Chemistry I
CHEM,2323,002,,,,,,,,,,,,,,,,,,,Jing Ge,,,,,,jxg220039,,Introductory Organic Chemistry I
CHEM,3321,001,,,,,,,,,,,,,,,,,,,Adrian Murza,,,,,,acm170730,adrian murza,Physical Chemistry I
CHEM,3322,001,,,,,,,,,,,,,,,,,,,Steven Nielsen,,,,,,son051000,steven nielsen,Physical Chemistry II
ISNS,2366,001,,,,,,,,,,,,,,,,,,,Steven McCauley,,,,,,sxm165131,steven mccauley,Global Climate Change
ISNS,2368,001,,,,,,,,,,,,,,,,,,,Steven McCauley,,,,,,sxm165131,steven mccauley,Weather and Climate
MATH,1306,001,,,,,,,,,,,,,,,,,,,Julie Sutton,,,,,,jxs158030,julie sutton,College Algebra for the Non-Scientist
MATH,1306,002,,,,,,,,,,,,,,,,,,,Julie Sutton,,,,,,jxs158030,julie sutton,College Algebra for the Non-Scientist
MATH,1314,001,,,,,,,,,,,,,,,,,,,Iris Alvarado,,,,,,ila180000,iris alvarado,College Algebra
MATH,1314,002,,,,,,,,,,,,,,,,,,,Iris Alvarado,,,,,,ila180000,iris alvarado,College Algebra
MATH,1314,003,,,,,,,,,,,,,,,,,,,Iris Alvarado,,,,,,ila180000,iris alvarado,College Algebra
MATH,1316,001,,,,,,,,,,,,,,,,,,,Julie Sutton,,,,,,jxs158030,julie sutton,Trigonometry
MATH,1316,002,,,,,,,,,,,,,,,,,,,Iris Alvarado,,,,,,ila180000,iris alvarado,Trigonometry
MATH,2312,001,,,,,,,,,,,,,,,,,,,Manjula Foley,,,,,,mxf091000,manjula samanmalee foley,Precalculus
MATH,2312,002,,,,,,,,,,,,,,,,,,,Manjula Foley,,,,,,mxf091000,manjula samanmalee foley,Precalculus
MATH,2312,003,,,,,,,,,,,,,,,,,,,Irina Martynova,,,,,,ixm140930,irina martynova,Precalculus
MATH,2312,004,,,,,,,,,,,,,,,,,,,Irina Martynova,,,,,,ixm140930,irina martynova,Precalculus
MATH,2413,001,,,,,,,,,,,,,,,,,,,Runzhou Liu,,,,,,rxl210013,runzhou liu,Differential Calculus
MATH,2413,002,,,,,,,,,,,,,,,,,,,Runzhou Liu,,,,,,rxl210013,runzhou liu,Differential Calculus
MATH,2413,003,,,,,,,,,,,,,,,,,,,Rabin Dahal,,,,,,rxd153030,rabin dahal,Differential Calculus
MATH,2413,004,,,,,,,,,,,,,,,,,,,Adannah Duruoha,,,,,,axd180037,adannah duruoha,Differential Calculus
MATH,2413,005,,,,,,,,,,,,,,,,,,,Rabin Dahal,,,,,,rxd153030,rabin dahal,Differential Calculus
MATH,2413,006,,,,,,,,,,,,,,,,,,,Rabin Dahal,,,,,,rxd153030,rabin dahal,Differential Calculus
MATH,2413,007,,,,,,,,,,,,,,,,,,,Runzhou Liu,,,,,,rxl210013,runzhou liu,Differential Calculus
MATH,2413,008,,,,,,,,,,,,,,,,,,,Runzhou Liu,,,,,,rxl210013,runzhou liu,Differential Calculus
MATH,2413,010,,,,,,,,,,,,,,,,,,,Casey Crane,,,,,,cmc102120,casey crane,Differential Calculus
MATH,2414,001,,,,,,,,,,,,,,,,,,,James Miller,,,,,,jwm170630,james miller,Integral Calculus
MATH,2414,002,,,,,,,,,,,,,,,,,,,Nasrin Sultana,,,,,,nxs190039,nasrin sultana,Integral Calculus
MATH,2414,003,,,,,,,,,,,,,,,,,,,Irina Martynova,,,,,,ixm140930,irina martynova,Integral Calculus
MATH,2414,004,,,,,,,,,,,,,,,,,,,Irina Martynova,,,,,,ixm140930,irina martynova,Integral Calculus
MATH,2414,005,,,,,,,,,,,,,,,,,,,Nasrin Sultana,,,,,,nxs190039,nasrin sultana,Integral Calculus
MATH,2414,006,,,,,,,,,,,,,,,,,,,Nasrin Sultana,,,,,,nxs190039,nasrin sultana,Integral Calculus
MATH,2414,007,,,,,,,,,,,,,,,,,,,Mylinh Nguyen,,,,,,mln018200,mylinh nguyen,Integral Calculus
MATH,2414,008,,,,,,,,,,,,,,,,,,,Bentley Garrett,,,,,,btg032000,bentley garrett,Integral Calculus
MATH,2414,009,,,,,,,,,,,,,,,,,,,Bentley Garrett,,,,,,btg032000,bentley garrett,Integral Calculus
MATH,2414,011,,,,,,,,,,,,,,,,,,,Kelly Aman,,,,,,kxa143530,kelly aman,Integral Calculus
MATH,2414,012,,,,,,,,,,,,,,,,,,,Mylinh Nguyen,,,,,,mln018200,mylinh nguyen,Integral Calculus
MATH,2414,013,,,,,,,,,,,,,,,,,,,Nasrin Sultana,,,,,,nxs190039,nasrin sultana,Integral Calculus
MATH,2414,014,,,,,,,,,,,,,,,,,,,Kelly Aman,,,,,,kxa143530,kelly aman,Integral Calculus
MATH,2414,015,,,,,,,,,,,,,,,,,,,Adannah Duruoha,,,,,,axd180037,adannah duruoha,Integral Calculus
MATH,2414,017,,,,,,,,,,,,,,,,,,,James Miller,,,,,,jwm170630,james miller,Integral Calculus
MATH,2414,018,,,,,,,,,,,,,,,,,,,Adannah Duruoha,,,,,,axd180037,adannah duruoha,Integral Calculus
MATH,2414,019,,,,,,,,,,,,,,,,,,,Mylinh Nguyen,,,,,,mln018200,mylinh nguyen,Integral Calculus
MATH,2414,020,,,,,,,,,,,,,,,,,,,Adannah Duruoha,,,,,,axd180037,adannah duruoha,Integral Calculus
MATH,2414,021,,,,,,,,,,,,,,,,,,,Kelly Aman,,,,,,kxa143530,kelly aman,Integral Calculus
PHYS,3411,001,,,,,,,,,,,,,,,,,,,Paul Macalevey,,,,,,paulmac,paul macalevey,Theoretical Physics
BIOL,2281,318,,,,,,,,,,,,,,,,,,,Iti Mehta,,,,,,ixm121430,iti mehta,Introductory Biology Laboratory
BIOL,2281,319,,,,,,,,,,,,,,,,,,,Matthew Esparza,,,,,,dal998419,,Introductory Biology Laboratory
BIOL,2281,320,,,,,,,,,,,,,,,,,,,Yi Huang,,,,,,yxh220019,yi huang,Introductory Biology Laboratory
BIOL,2281,322,,,,,,,,,,,,,,,,,,,Elizabeth Pickett,,,,,,eaw016100,elizabeth pickett,Introductory Biology Laboratory
BIOL,2281,804,,,,,,,,,,,,,,,,,,,Yi Huang,,,,,,yxh220019,yi huang,Introductory Biology Laboratory
BIOL,3380,305,,,,,,,,,,,,,,,,,,,Jing Pan,Simbarashe Mazambani,,,,,jxp134330,jing pan,Biochemistry Laboratory
BIOL,3380,306,,,,,,,,,,,,,,,,,,,Ritu Mishra,,,,,,dal831670,,Biochemistry Laboratory
BIOL,3402,201,,,,,,,,,,,,,,,,,,,Purna Joshi,Darshan Sapkota,,,,,pxj210010,purna joshi,Molecular and Cell Biology
BIOL,3455,304,,,,,,,,,,,,,,,,,,,Andy Cheshire,,,,,,dal515348,andy cheshire,Human Anatomy and Physiology with Lab I
BIOL,3455,308,,,,,,,,,,,,,,,,,,,Zhuoru Wu,Meenakshi Maitra,,,,,zxw190014,,Human Anatomy and Physiology with Lab I
BIOL,3456,302,,,,,,,,,,,,,,,,,,,Subha Sarcar,,,,,,sns064000,subha sarcar,Human Anatomy and Physiology with Lab II
BIOL,3456,801,,,,,,,,,,,,,,,,,,,Subha Sarcar,,,,,,sns064000,subha sarcar,Human Anatomy and Physiology with Lab II
BIOL,3461,202,,,,,,,,,,,,,,,,,,,Sheel Dodani,Sandhya Gavva,,,,,scd023000,sheel dodani,Biochemistry I
BIOL,3461,204,,,,,,,,,,,,,,,,,,,Sheel Dodani,Sandhya Gavva,,,,,scd023000,sheel dodani,Biochemistry I
BIOL,4380,304,,,,,,,,,,,,,,,,,,,Eva Sadat,,,,,,exs190014,eva sadat,Cell and Molecular Biology Laboratory
BIOL,4380,305,,,,,,,,,,,,,,,,,,,Eva Sadat,,,,,,exs190014,eva sadat,Cell and Molecular Biology Laboratory
BIOL,6100,001,,,,,,,,,,,,,,,,,,,Zhao Sun,,,,,,dal742251,zhao sun,Biological Sciences Department Seminar
BIOL,6111,002,,,,,,,,,,,,,,,,,,,Nicole De Nisco,,,,,,njd160330,nicole de nisco,Graduate Research Presentation
BIOL,6111,009,,,,,,,,,,,,,,,,,,,Alonso Morcos Gonzalez,,,,,,afg150230,,Graduate Research Presentation
BIOL,6111,016,,,,,,,,,,,,,,,,,,,Tian Hong,,,,,,txh240018,,Graduate Research Presentation
BIOL,6456,201,,,,,,,,,,,,,,,,,,,Purna Joshi,Darshan Sapkota,,,,,pxj210010,purna joshi,Eukaryotic Molecular and Cell Biology
CHEM,1111,106,,,,,,,,,,,,,,,,,,,Fadwa Anka,,,,,,fha041000,fadwa anka,General Chemistry Laboratory I
CHEM,1111,107,,,,,,,,,,,,,,,,,,,Fadwa Anka,,,,,,fha041000,fadwa anka,General Chemistry Laboratory I
CHEM,1112,121,,,,,,,,,,,,,,,,,,,Nimali Abeykoon,,,,,,nxa124430,nimali abeykoon,General Chemistry Laboratory II
CHEM,1112,122,,,,,,,,,,,,,,,,,,,Yu Huang,,,,,,yxh091220,yu huang,General Chemistry Laboratory II
CHEM,1112,123,,,,,,,,,,,,,,,,,,,Yanping Qin,,,,,,yxq083000,yanping qin,General Chemistry Laboratory II
CHEM,1112,124,,,,,,,,,,,,,,,,,,,Saba Khan,,,,,,sxk240061,saba khan,General Chemistry Laboratory II
CHEM,1112,125,,,,,,,,,,,,,,,,,,,Yu Huang,,,,,,yxh091220,yu huang,General Chemistry Laboratory II
CHEM,1112,126,,,,,,,,,,,,,,,,,,,Nimali Abeykoon,,,,,,nxa124430,nimali abeykoon,General Chemistry Laboratory II
CHEM,1112,127,,,,,,,,,,,,,,,,,,,Phillip Damien Arche,,,,,,pea190001,,General Chemistry Laboratory II
CHEM,1112,607,,,,,,,,,,,,,,,,,,,Phillip Damien Arche,,,,,,pea190001,,General Chemistry Laboratory II
CHEM,1112,608,,,,,,,,,,,,,,,,,,,Phillip Damien Arche,,,,,,pea190001,,General Chemistry Laboratory II
CHEM,2233,316,,,,,,,,,,,,,,,,,,,Sumudu Wijenayake,,,,,,snw081000,sumudu wijenayake,Introductory Organic Chemistry Laboratory
CHEM,2233,317,,,,,,,,,,,,,,,,,,,Jing Ge,,,,,,jxg220039,,Introductory Organic Chemistry Laboratory
CHEM,2233,318,,,,,,,,,,,,,,,,,,,Seyedmajid Farvid,,,,,,sxf240002,seyedmajid farvid,Introductory Organic Chemistry Laboratory
CHEM,2233,319,,,,,,,,,,,,,,,,,,,Sergio Cortes,,,,,,scortes,sergio cortes,Introductory Organic Chemistry Laboratory
CHEM,2233,320,,,,,,,,,,,,,,,,,,,Seyedmajid Farvid,,,,,,sxf240002,seyedmajid farvid,Introductory Organic Chemistry Laboratory
CHEM,2233,321,,,,,,,,,,,,,,,,,,,Jing Ge,,,,,,jxg220039,,Introductory Organic Chemistry Laboratory
CHEM,2233,805,,,,,,,,,,,,,,,,,,,Daniel Tran,,,,,,dnt019000,daniel tran,Introductory Organic Chemistry Laboratory
CHEM,3321,701,,,,,,,,,,,,,,,,,,,Adrian Murza,,,,,,acm170730,adrian murza,Physical Chemistry I
CHEM,3461,202,,,,,,,,,,,,,,,,,,,Sheel Dodani,Sandhya Gavva,,,,,scd023000,sheel dodani,Biochemistry I
CHEM,3461,204,,,,,,,,,,,,,,,,,,,Sheel Dodani,Sandhya Gavva,,,,,scd023000,sheel dodani,Biochemistry I
GEOS,5000,001,,,,,,,,,,,,,,,,,,,Joseph Byrnes,,,,,,dal487747,,SESS Graduate Seminar
MATH,2312,701,,,,,,,,,,,,,,,,,,,Irina Martynova,Manjula Foley,,,,,ixm140930,irina martynova,Precalculus
MATH,2413,304,,,,,,,,,,,,,,,,,,,Runzhou Liu,,,,,,rxl210013,runzhou liu,Differential Calculus  - Problem Section 0 Credit Hours
MATH,2413,306,,,,,,,,,,,,,,,,,,,Rabin Dahal,,,,,,rxd153030,rabin dahal,Differential Calculus  - Problem Section 0 Credit Hours
MATH,2413,308,,,,,,,,,,,,,,,,,,,Rabin Dahal,,,,,,rxd153030,rabin dahal,Differential Calculus  - Problem Section 0 Credit Hours
MATH,2413,310,,,,,,,,,,,,,,,,,,,Rabin Dahal,,,,,,rxd153030,rabin dahal,Differential Calculus  - Problem Section 0 Credit Hours
MATH,2413,316,,,,,,,,,,,,,,,,,,,Adannah Duruoha,,,,,,axd180037,adannah duruoha,Differential Calculus  - Problem Section 0 Credit Hours
MATH,2413,317,,,,,,,,,,,,,,,,,,,Runzhou Liu,,,,,,rxl210013,runzhou liu,Differential Calculus  - Problem Section 0 Credit Hours
MATH,2413,319,,,,,,,,,,,,,,,,,,,Adannah Duruoha,,,,,,axd180037,adannah duruoha,Differential Calculus  - Problem Section 0 Credit Hours
MATH,2413,321,,,,,,,,,,,,,,,,,,,Runzhou Liu,,,,,,rxl210013,runzhou liu,Differential Calculus  - Problem Section 0 Credit Hours
MATH,2413,322,,,,,,,,,,,,,,,,,,,Rabin Dahal,,,,,,rxd153030,rabin dahal,Differential Calculus  - Problem Section 0 Credit Hours
NATS,1143,001,,,,,,,,,,,,,,,,,,,Amin Lalani,,,,,,axl120130,amin lalani,UTeach STEP 2
NATS,1143,002,,,,,,,,,,,,,,,,,,,Pamela Kirkland,,,,,,pik140130,pamela kirkland,UTeach STEP 2
NATS,1143,003,,,,,,,,,,,,,,,,,,,Katherine Donaldson,,,,,,ked013100,katie donaldson,UTeach STEP 2
NATS,1143,004,,,,,,,,,,,,,,,,,,,Denise Gregory,,,,,,dxg200019,denise gregory,UTeach STEP 2
NATS,4100,051,,,,,,,,,,,,,,,,,,,Paul Krawietz,,,,,,pxk210042,,Professional Development in the Natural Sciences and Mathematics
NATS,5100,051,,,,,,,,,,,,,,,,,,,Paul Krawietz,,,,,,pxk210042,,Professional Development in the Natural Sciences and Mathematics
PHYS,1101,107,,,,,,,,,,,,,,,,,,,Amena Khan,Roger Kadala,,,,,axk140130,amena khan,College Physics Laboratory I
PHYS,1101,602,,,,,,,,,,,,,,,,,,,Amena Khan,Roger Kadala,,,,,axk140130,amena khan,College Physics Laboratory I
PHYS,1102,602,,,,,,,,,,,,,,,,,,,Lamya Saleh,Paul Macalevey,,,,,lxs190019,lamya saleh,College Physics Laboratory II
PHYS,2125,108,,,,,,,,,,,,,,,,,,,Roger Kadala,Amena Khan,,,,,rxk220001,roger kadala,Physics Laboratory I
PHYS,2125,109,,,,,,,,,,,,,,,,,,,Roger Kadala,Amena Khan,,,,,rxk220001,roger kadala,Physics Laboratory I
PHYS,2125,119,,,,,,,,,,,,,,,,,,,Roger Kadala,Amena Khan,,,,,rxk220001,roger kadala,Physics Laboratory I
PHYS,2125,120,,,,,,,,,,,,,,,,,,,Roger Kadala,Amena Khan,,,,,rxk220001,roger kadala,Physics Laboratory I
PHYS,2125,121,,,,,,,,,,,,,,,,,,,Roger Kadala,Amena Khan,,,,,rxk220001,roger kadala,Physics Laboratory I
PHYS,2125,125,,,,,,,,,,,,,,,,,,,Roger Kadala,Amena Khan,,,,,rxk220001,roger kadala,Physics Laboratory I
PHYS,2125,607,,,,,,,,,,,,,,,,,,,Roger Kadala,Amena Khan,,,,,rxk220001,roger kadala,Physics Laboratory I
PHYS,2125,608,,,,,,,,,,,,,,,,,,,Amena Khan,Roger Kadala,,,,,axk140130,amena khan,Physics Laboratory I
PHYS,2126,109,,,,,,,,,,,,,,,,,,,Paul Macalevey,Lamya Saleh,,,,,paulmac,paul macalevey,Physics Laboratory II
PHYS,2126,111,,,,,,,,,,,,,,,,,,,Paul Macalevey,Lamya Saleh,,,,,paulmac,paul macalevey,Physics Laboratory II
PHYS,3427,303,,,,,,,,,,,,,,,,,,,Matthew Goeckner,,,,,,goeckner,matthew goeckner,Electronics with Laboratory
SCI,5340,501,,,,,,,,,,,,,,,,,,,Denise Gregory,,,,,,dxg200019,denise gregory,Statistics for Science Mathematics Education
BIOL,2281,307,,,,,,,,,,,,,,,,,,,Iti Mehta,,,,,,ixm121430,iti mehta,Introductory Biology Laboratory
BIOL,2281,308,,,,,,,,,,,,,,,,,,,Narges Salamat,,,,,,nxs158730,narges salamat,Introductory Biology Laboratory
BIOL,2281,309,,,,,,,,,,,,,,,,,,,Matthew Esparza,,,,,,dal998419,,Introductory Biology Laboratory
BIOL,2281,310,,,,,,,,,,,,,,,,,,,Anne Davenport,,,,,,axd240011,anne davenport,Introductory Biology Laboratory
BIOL,2281,311,,,,,,,,,,,,,,,,,,,Yi Huang,,,,,,yxh220019,yi huang,Introductory Biology Laboratory
BIOL,2281,312,,,,,,,,,,,,,,,,,,,Anne Davenport,,,,,,axd240011,anne davenport,Introductory Biology Laboratory
BIOL,2281,801,,,,,,,,,,,,,,,,,,,Yi Huang,,,,,,yxh220019,yi huang,Introductory Biology Laboratory
BIOL,2281,802,,,,,,,,,,,,,,,,,,,Matthew Esparza,,,,,,dal998419,,Introductory Biology Laboratory
BIOL,3380,301,,,,,,,,,,,,,,,,,,,Ritu Mishra,,,,,,dal831670,,Biochemistry Laboratory
BIOL,3380,302,,,,,,,,,,,,,,,,,,,Jing Pan,,,,,,jxp134330,jing pan,Biochemistry Laboratory
BIOL,3401,201,,,,,,,,,,,,,,,,,,,Jing Pan,Uma Srikanth,,,,,jxp134330,jing pan,Genetics
BIOL,3455,302,,,,,,,,,,,,,,,,,,,Ramesh Padmanabhan,,,,,,rxp104120,ramesh padmanabhan,Human Anatomy and Physiology with Lab I
BIOL,3455,303,,,,,,,,,,,,,,,,,,,Andy Cheshire,,,,,,dal515348,andy cheshire,Human Anatomy and Physiology with Lab I
BIOL,3461,201,,,,,,,,,,,,,,,,,,,Sandhya Gavva,,,,,,sgavva,sandhya gavva,Biochemistry I
BIOL,3461,203,,,,,,,,,,,,,,,,,,,Sandhya Gavva,,,,,,sgavva,sandhya gavva,Biochemistry I
BIOL,3461,205,,,,,,,,,,,,,,,,,,,Stefanie Boyd,,,,,,sdb074000,stefanie boyd,Biochemistry I
BIOL,4380,301,,,,,,,,,,,,,,,,,,,Amy Jo Gomez,,,,,,amh240001,amy macbey gomez,Cell and Molecular Biology Laboratory
BIOL,4380,302,,,,,,,,,,,,,,,,,,,Amy Jo Gomez,,,,,,amh240001,amy macbey gomez,Cell and Molecular Biology Laboratory
BIOL,6111,005,,,,,,,,,,,,,,,,,,,Xintong Dong,,,,,,xxd220000, xintong xintong dong,Graduate Research Presentation
BIOL,6111,006,,,,,,,,,,,,,,,,,,,Lin Jia,,,,,,lxj200008,lin jia,Graduate Research Presentation
BIOL,6111,012,,,,,,,,,,,,,,,,,,,Darshan Sapkota,,,,,,dxs210043,darshan sapkota,Graduate Research Presentation
BIOL,6111,015,,,,,,,,,,,,,,,,,,,,,,,,,,,Graduate Research Presentation
BIOL,6431,201,,,,,,,,,,,,,,,,,,,Jing Pan,Uma Srikanth,,,,,jxp134330,jing pan,Molecular Genetics
BIOL,6452,205,,,,,,,,,,,,,,,,,,,Stefanie Boyd,,,,,,sdb074000,stefanie boyd,Modern Biochemistry I
BIOL,6v02,001,,,,,,,,,,,,,,,,,,,Eberhard Voit,,,,,,eov230000,eberhard voit,The Art of Scientific Presentation
CHEM,1111,103,,,,,,,,,,,,,,,,,,,Zohreh Hashami,,,,,,zxh088000,zohreh hashami,General Chemistry Laboratory I
CHEM,1111,104,,,,,,,,,,,,,,,,,,,Faieza Bodowara,,,,,,dal112841,,General Chemistry Laboratory I
CHEM,1112,108,,,,,,,,,,,,,,,,,,,Yanping Qin,,,,,,yxq083000,yanping qin,General Chemistry Laboratory II
CHEM,1112,109,,,,,,,,,,,,,,,,,,,Yu Huang,,,,,,yxh091220,yu huang,General Chemistry Laboratory II
CHEM,1112,110,,,,,,,,,,,,,,,,,,,Patricia Leach,,,,,,pxl220000,,General Chemistry Laboratory II
CHEM,1112,111,,,,,,,,,,,,,,,,,,,Yanping Qin,,,,,,yxq083000,yanping qin,General Chemistry Laboratory II
CHEM,1112,112,,,,,,,,,,,,,,,,,,,Phillip Damien Arche,,,,,,pea190001,,General Chemistry Laboratory II
CHEM,1112,603,,,,,,,,,,,,,,,,,,,Sandhya Gavva,,,,,,sgavva,sandhya gavva,General Chemistry Laboratory II
CHEM,1112,604,,,,,,,,,,,,,,,,,,,Sandhya Gavva,,,,,,sgavva,sandhya gavva,General Chemistry Laboratory II
CHEM,1116,hn1,,,,,,,,,,,,,,,,,,,John Sibert,,,,,,sibertj,john sibert,Honors Freshman Chemistry Laboratory II  - CV Honors
CHEM,2233,307,,,,,,,,,,,,,,,,,,,Sumudu Wijenayake,,,,,,snw081000,sumudu wijenayake,Introductory Organic Chemistry Laboratory
CHEM,2233,308,,,,,,,,,,,,,,,,,,,Sergio Cortes,,,,,,scortes,sergio cortes,Introductory Organic Chemistry Laboratory
CHEM,2233,309,,,,,,,,,,,,,,,,,,,Seyedmajid Farvid,,,,,,sxf240002,seyedmajid farvid,Introductory Organic Chemistry Laboratory
CHEM,2233,310,,,,,,,,,,,,,,,,,,,Somayeh Taslimy,,,,,,sxt163130,somayeh taslimy,Introductory Organic Chemistry Laboratory
CHEM,2233,311,,,,,,,,,,,,,,,,,,,Seyedmajid Farvid,,,,,,sxf240002,seyedmajid farvid,Introductory Organic Chemistry Laboratory
CHEM,2233,312,,,,,,,,,,,,,,,,,,,Sumudu Wijenayake,,,,,,snw081000,sumudu wijenayake,Introductory Organic Chemistry Laboratory
CHEM,2233,803,,,,,,,,,,,,,,,,,,,Somayeh Taslimy,,,,,,sxt163130,somayeh taslimy,Introductory Organic Chemistry Laboratory
CHEM,2233,804,,,,,,,,,,,,,,,,,,,Daniel Tran,,,,,,dnt019000,daniel tran,Introductory Organic Chemistry Laboratory
CHEM,3322,701,,,,,,,,,,,,,,,,,,,Steven Nielsen,,,,,,son051000,steven nielsen,Physical Chemistry II
CHEM,3461,201,,,,,,,,,,,,,,,,,,,Sandhya Gavva,,,,,,sgavva,sandhya gavva,Biochemistry I
CHEM,3461,203,,,,,,,,,,,,,,,,,,,Sandhya Gavva,,,,,,sgavva,sandhya gavva,Biochemistry I
CHEM,3461,205,,,,,,,,,,,,,,,,,,,Stefanie Boyd,,,,,,sdb074000,stefanie boyd,Biochemistry I
GEOS,5300,001,,,,,,,,,,,,,,,,,,,Yvette Pearson,,,,,,yep210000,yvette pearson,Special Topics in Earth Sciences  - Intro to Sustain Infrastructur
GEOS,6384,001,,,,,,,,,,,,,,,,,,,Fang Qiu,,,,,,ffqiu,fang qiu,Advanced Geographic Information Systems
GEOS,7190,001,,,,,,,,,,,,,,,,,,,David Lumley,,,,,,del170130,,Seismology Research Workshop
MATH,2413,301,,,,,,,,,,,,,,,,,,,Runzhou Liu,,,,,,rxl210013,runzhou liu,Differential Calculus  - Problem Section 0 Credit Hours
MATH,2413,303,,,,,,,,,,,,,,,,,,,Runzhou Liu,,,,,,rxl210013,runzhou liu,Differential Calculus  - Problem Section 0 Credit Hours
MATH,2413,305,,,,,,,,,,,,,,,,,,,Runzhou Liu,,,,,,rxl210013,runzhou liu,Differential Calculus  - Problem Section 0 Credit Hours
MATH,2413,307,,,,,,,,,,,,,,,,,,,Rabin Dahal,,,,,,rxd153030,rabin dahal,Differential Calculus  - Problem Section 0 Credit Hours
MATH,2413,309,,,,,,,,,,,,,,,,,,,Runzhou Liu,,,,,,rxl210013,runzhou liu,Differential Calculus  - Problem Section 0 Credit Hours
MATH,2413,311,,,,,,,,,,,,,,,,,,,Runzhou Liu,,,,,,rxl210013,runzhou liu,Differential Calculus  - Problem Section 0 Credit Hours
MATH,2413,313,,,,,,,,,,,,,,,,,,,Rabin Dahal,,,,,,rxd153030,rabin dahal,Differential Calculus  - Problem Section 0 Credit Hours
MATH,2413,314,,,,,,,,,,,,,,,,,,,Rabin Dahal,,,,,,rxd153030,rabin dahal,Differential Calculus  - Problem Section 0 Credit Hours
MATH,2413,320,,,,,,,,,,,,,,,,,,,Rabin Dahal,,,,,,rxd153030,rabin dahal,Differential Calculus  - Problem Section 0 Credit Hours
MATH,2417,303,,,,,,,,,,,,,,,,,,,Diarisoa Mihaja Andriamanisa Rakotomalala,,,,,,dmr150130,diarisoa rakotomalala,Calculus I  - Problem Section 0 Credit Hours
MATH,7318,001,,,,,,,,,,,,,,,,,,,Alain Bensoussan,,,,,,axb046100,,Stochastic Dynamic Programming
NATS,1141,001,,,,,,,,,,,,,,,,,,,Emily Hennessy,,,,,,eft031000,emily hennessy,UTeach STEP 1
NATS,4141,501,,,,,,,,,,,,,,,,,,,Pamela Kirkland,James McConnell,,,,,pik140130,pamela kirkland,UTeach Apprentice Teaching Seminar
PHYS,1101,104,,,,,,,,,,,,,,,,,,,Amena Khan,Roger Kadala,,,,,axk140130,amena khan,College Physics Laboratory I
PHYS,1101,601,,,,,,,,,,,,,,,,,,,Amena Khan,Roger Kadala,,,,,axk140130,amena khan,College Physics Laboratory I
PHYS,1102,601,,,,,,,,,,,,,,,,,,,Lamya Saleh,Paul Macalevey,,,,,lxs190019,lamya saleh,College Physics Laboratory II
PHYS,2125,104,,,,,,,,,,,,,,,,,,,Roger Kadala,Amena Khan,,,,,rxk220001,roger kadala,Physics Laboratory I
PHYS,2125,105,,,,,,,,,,,,,,,,,,,Roger Kadala,Amena Khan,,,,,rxk220001,roger kadala,Physics Laboratory I
PHYS,2125,115,,,,,,,,,,,,,,,,,,,Roger Kadala,Amena Khan,,,,,rxk220001,roger kadala,Physics Laboratory I
PHYS,2125,116,,,,,,,,,,,,,,,,,,,Roger Kadala,Amena Khan,,,,,rxk220001,roger kadala,Physics Laboratory I
PHYS,2125,603,,,,,,,,,,,,,,,,,,,Amena Khan,Roger Kadala,,,,,axk140130,amena khan,Physics Laboratory I
PHYS,2125,604,,,,,,,,,,,,,,,,,,,Roger Kadala,Amena Khan,,,,,rxk220001,roger kadala,Physics Laboratory I
PHYS,2126,103,,,,,,,,,,,,,,,,,,,Paul Macalevey,Lamya Saleh,,,,,paulmac,paul macalevey,Physics Laboratory II
PHYS,2126,104,,,,,,,,,,,,,,,,,,,Paul Macalevey,Lamya Saleh,,,,,paulmac,paul macalevey,Physics Laboratory II
PHYS,2126,105,,,,,,,,,,,,,,,,,,,Paul Macalevey,Lamya Saleh,,,,,paulmac,paul macalevey,Physics Laboratory II
PHYS,3427,301,,,,,,,,,,,,,,,,,,,Matthew Goeckner,,,,,,goeckner,matthew goeckner,Electronics with Laboratory
SMED,5304,501,,,,,,,,,,,,,,,,,,,Stephanie Taylor,,,,,,smt031000,stephanie taylor,Research Methods in Science and Mathematics
ACTS,4305,001,,,,,,,,,,,,,,,,,,,Natalia Humphreys,,,,,,nah103020,natalia humphreys,Short Term Actuarial Mathematics II
ACTS,4308,001,,,,,,,,,,,,,,,,,,,Neha Makhijani,,,,,,nxm165130,neha makhijani,Actuarial Financial Mathematics
ACTS,4311,001,,,,,,,,,,,,,,,,,,,Natalia Humphreys,,,,,,nah103020,natalia humphreys,Theory of Credibility
ACTS,6303,501,,,,,,,,,,,,,,,,,,,Wenyi Lu,,,,,,wxl153330,wenyi lu,Principles of Long Term Actuarial Mathematics II
ACTS,6305,501,,,,,,,,,,,,,,,,,,,Wenyi Lu,,,,,,wxl153330,wenyi lu,Principles of Short Term Actuarial Mathematics II
BIMS,3335,001,,,,,,,,,,,,,,,,,,,Hyunwoong Chang,,,,,,dal954866,hyunwoong chang,Informatics and Programming
BIMS,5304,001,,,,,,,,,,,,,,,,,,,Rui Miao,,,,,,dal943262,rui miao,Introduction to Human Health Research
BIOL,2312,001,,,,,,,,,,,,,,,,,,,Michelle Wilson,,,,,,mxw084000,michelle wilson,Introduction to Modern Biology II
BIOL,2312,002,,,,,,,,,,,,,,,,,,,Ramesh Padmanabhan,,,,,,rxp104120,ramesh padmanabhan,Introduction to Modern Biology II
BIOL,2312,004,,,,,,,,,,,,,,,,,,,Yannick Fotio,,,,,,dal965779,yannick fotio,Introduction to Modern Biology II
BIOL,3303,001,,,,,,,,,,,,,,,,,,,Matthew Esparza,,,,,,dal998419,,Introduction to Microbiology
BIOL,3303,002,,,,,,,,,,,,,,,,,,,Jon Sin,,,,,,dal112948,,Introduction to Microbiology
BIOL,3320,001,,,,,,,,,,,,,,,,,,,Vinita Hajeri,,,,,,vxh151030,vinita hajeri,Applied Genetics
BIOL,3320,002,,,,,,,,,,,,,,,,,,,Vinita Hajeri,,,,,,vxh151030,vinita hajeri,Applied Genetics
BIOL,3388,001,,,,,,,,,,,,,,,,,,,Narges Salamat,Christina Thompson,,,,,nxs158730,narges salamat,Honey Bee Biology
BIOL,3456,001,,,,,,,,,,,,,,,,,,,Wen Yu,Subha Sarcar,Lindsay Spence,,,,why061000,wen ho yu,Human Anatomy and Physiology with Lab II
BIOL,3461,003,,,,,,,,,,,,,,,,,,,Stefanie Boyd,,,,,,sdb074000,stefanie boyd,Biochemistry I
BIOL,3462,001,,,,,,,,,,,,,,,,,,,Mehmet Candas,Lawrence Reitzer,,,,,candas,mehmet candas,Biochemistry II
BIOL,3v00,001,,,,,,,,,,,,,,,,,,,Stefanie Boyd,,,,,,sdb074000,stefanie boyd,Topics in Biological Sciences  - Introduction to Botany
BIOL,3v00,002,,,,,,,,,,,,,,,,,,,Stephen Spiro,,,,,,sxs067400,stephen spiro,Topics in Biological Sciences  - Molecular Genetics of Bacteria
BIOL,4331,001,,,,,,,,,,,,,,,,,,,Kelli Palmer,,,,,,klp120030,kelli palmer,Applied Microbiology
BIOL,4360,001,,,,,,,,,,,,,,,,,,,Elizabeth Pickett,,,,,,eaw016100,elizabeth pickett,Evolution and Development
BIOL,4366,001,,,,,,,,,,,,,,,,,,,Li Zhang,,,,,,lxz075000,li zhang,Molecular Biology of Cancer
BIOL,4v00,004,,,,,,,,,,,,,,,,,,,David Lary,,,,,,djl101000,david lary,"Special Topics in Biology  - Air, Environment and Health"
BIOL,5381,001,,,,,,,,,,,,,,,,,,,Tae Hoon Kim,,,,,,txk142630,,Genomics
BIOL,5440,001,,,,,,,,,,,,,,,,,,,Yuki Shindo,Zhao Sun,,,,,yxs240025,,Cell Biology
BIOL,6385,001,,,,,,,,,,,,,,,,,,,Michael Zhang,,,,,,mqz091000,michael zhang,Computational Biology
BIOL,6452,003,,,,,,,,,,,,,,,,,,,Stefanie Boyd,,,,,,sdb074000,stefanie boyd,Modern Biochemistry I
BIOL,6453,001,,,,,,,,,,,,,,,,,,,Mehmet Candas,Lawrence Reitzer,,,,,candas,mehmet candas,Modern Biochemistry II
BIOL,6684,002,,,,,,,,,,,,,,,,,,,Li Liu,,,,,,lliu,,Biotechnology Laboratory
BIOL,6684,302,,,,,,,,,,,,,,,,,,,Li Liu,,,,,,lliu,,Biotechnology Laboratory
CHEM,1311,002,,,,,,,,,,,,,,,,,,,Saba Khan,,,,,,sxk240061,saba khan,General Chemistry I
CHEM,2324,001,,,,,,,,,,,,,,,,,,,Sumudu Wijenayake,,,,,,snw081000,sumudu wijenayake,Introductory Organic Chemistry for Engineers
CHEM,2325,001,,,,,,,,,,,,,,,,,,,Nimanka Panapitiya,,,,,,npp081000,nimanka panapitiya,Introductory Organic Chemistry II
CHEM,2325,002,,,,,,,,,,,,,,,,,,,Daniel Tran,,,,,,dnt019000,daniel tran,Introductory Organic Chemistry II
CHEM,2325,003,,,,,,,,,,,,,,,,,,,Nimanka Panapitiya,,,,,,npp081000,nimanka panapitiya,Introductory Organic Chemistry II
CHEM,2325,004,,,,,,,,,,,,,,,,,,,Jung-Mo Ahn,,,,,,jxa041100,jung mo ahn,Introductory Organic Chemistry II
CHEM,2325,005,,,,,,,,,,,,,,,,,,,Christina Thompson,,,,,,cmt120030,christina thompson,Introductory Organic Chemistry II
CHEM,2325,006,,,,,,,,,,,,,,,,,,,Sergio Cortes,,,,,,scortes,sergio cortes,Introductory Organic Chemistry II
CHEM,2328,hn1,,,,,,,,,,,,,,,,,,,Michael Biewer,,,,,,biewerm,michael biewer,Honors Organic Chemistry II  - CV Honors
CHEM,2401,003,,,,,,,,,,,,,,,,,,,Amandeep Sra,,,,,,aks057000,amandeep sra,Introductory Quantitative Methods in Chemistry
CHEM,3461,003,,,,,,,,,,,,,,,,,,,Stefanie Boyd,,,,,,sdb074000,stefanie boyd,Biochemistry I
CHEM,3462,001,,,,,,,,,,,,,,,,,,,Mehmet Candas,Lawrence Reitzer,,,,,candas,mehmet candas,Biochemistry II
CHEM,3471,001,,,,,,,,,,,,,,,,,,,Kenneth Balkus,Ronald Smaldone,,,,,balkus,kenneth balkus,Advanced Chemical Synthesis Laboratory
CHEM,3471,002,,,,,,,,,,,,,,,,,,,Kenneth Balkus,Ronald Smaldone,,,,,balkus,kenneth balkus,Advanced Chemical Synthesis Laboratory
CHEM,3472,003,,,,,,,,,,,,,,,,,,,Zohreh Hashami,,,,,,zxh088000,zohreh hashami,Instrumental Analysis
CHEM,4335,001,,,,,,,,,,,,,,,,,,,Mihaela Stefan,,,,,,mci071000,mihaela stefan,Polymer Chemistry
CHEM,4361,001,,,,,,,,,,,,,,,,,,,Gabriele Meloni,,,,,,gxm152330,gabriele meloni,Physical Biochemistry
CHEM,4370,001,,,,,,,,,,,,,,,,,,,Mario Wriedt,,,,,,mxw230016,,Carbon Capture and Sequestration
CHEM,4v01,001,,,,,,,,,,,,,,,,,,,Alistair Sterling,,,,,,ajs240007,alistair sterling,Topics in Chemistry  - Computational Chemistry
CHEM,5310,001,,,,,,,,,,,,,,,,,,,Cormac Toher,,,,,,cxt210037,,Introduction to Programming and Machine Learning for Chemistry  - Intro to Prog & Mach Lrning
CHEM,5334,001,,,,,,,,,,,,,,,,,,,Vladimir Gevorgyan,Rudi Fasan,,,,,vxg190013,vladimir gevorgyan,Spectroscopy
CHEM,5370,001,,,,,,,,,,,,,,,,,,,Mario Wriedt,,,,,,mxw230016,,Carbon Capture and Sequestration
CHEM,6361,001,,,,,,,,,,,,,,,,,,,Gabriele Meloni,,,,,,gxm152330,gabriele meloni,Physical Biochemistry
CHEM,6383,001,,,,,,,,,,,,,,,,,,,Alistair Sterling,,,,,,ajs240007,alistair sterling,Computational Chemistry  - Computational Chemistry
CHEM,6v79,001,,,,,,,,,,,,,,,,,,,Ziwen Jiang,,,,,,dal225945,ziwen jiang,Special Topics in Materials Chemistry  - Biomaterials
GEOS,1303,001,,,,,,,,,,,,,,,,,,,Siloa Willis,,,,,,sbw140030,,Physical Geology
GEOS,2302,001,,,,,,,,,,,,,,,,,,,Mahbubur Rahman,,,,,,mxr230075,mahbubur rahman,The Global Environment
GEOS,2307,002,,,,,,,,,,,,,,,,,,,Muhammad Rahman,,,,,,mtr018000,,Digital Earth
GEOS,2340,001,,,,,,,,,,,,,,,,,,,Robert Stern,William Griffin,,,,,rjstern,robert stern,Comets Love Meteorites
GEOS,3434,001,,,,,,,,,,,,,,,,,,,Ignacio Pujana,,,,,,pujana,ignacio pujana,Paleobiology
GEOS,4322,001,,,,,,,,,,,,,,,,,,,Zachary Sickmann,,,,,,zxs220011,zachary sickmann,The Earth System
GEOS,4330,001,,,,,,,,,,,,,,,,,,,Kristina Butler,,,,,,kxb230025,,Isotope Geochemistry
GEOS,4v08,001,,,,,,,,,,,,,,,,,,,Xian Wu,Qian Zhao,,,,,dal138778,xian wu,Special Topics in Geology or Geophysics II  - Earth's Atmosphere
GEOS,5338,001,,,,,,,,,,,,,,,,,,,David Lary,,,,,,djl101000,david lary,Big Data and Machine Learning for Scientific Discovery
GEOS,5356,001,,,,,,,,,,,,,,,,,,,Kristina Butler,,,,,,kxb230025,,Isotope Geochemistry
ISNS,3373,001,,,,,,,,,,,,,,,,,,,Amena Khan,,,,,,axk140130,amena khan,Our Nearest Neighbors in the Sky
MATH,1325,001,,,,,,,,,,,,,,,,,,,Manjula Foley,,,,,,mxf091000,manjula samanmalee foley,Applied Calculus I
MATH,1325,002,,,,,,,,,,,,,,,,,,,Derege Mussa,,,,,,dxm146130,derege mussa,Applied Calculus I
MATH,1325,003,,,,,,,,,,,,,,,,,,,Jigarkumar Patel,,,,,,jsp061000,jigarkumar patel,Applied Calculus I
MATH,1325,004,,,,,,,,,,,,,,,,,,,Manjula Foley,,,,,,mxf091000,manjula samanmalee foley,Applied Calculus I
MATH,1325,005,,,,,,,,,,,,,,,,,,,Derege Mussa,,,,,,dxm146130,derege mussa,Applied Calculus I
MATH,1325,006,,,,,,,,,,,,,,,,,,,Jigarkumar Patel,,,,,,jsp061000,jigarkumar patel,Applied Calculus I
MATH,1325,007,,,,,,,,,,,,,,,,,,,Jigarkumar Patel,,,,,,jsp061000,jigarkumar patel,Applied Calculus I
MATH,1325,008,,,,,,,,,,,,,,,,,,,Neha Makhijani,,,,,,nxm165130,neha makhijani,Applied Calculus I
MATH,1325,009,,,,,,,,,,,,,,,,,,,Joselle Kehoe,,,,,,jxk061000,joselle kehoe,Applied Calculus I
MATH,1325,010,,,,,,,,,,,,,,,,,,,Joselle Kehoe,,,,,,jxk061000,joselle kehoe,Applied Calculus I
MATH,1325,501,,,,,,,,,,,,,,,,,,,Derege Mussa,,,,,,dxm146130,derege mussa,Applied Calculus I
MATH,2306,001,,,,,,,,,,,,,,,,,,,Derege Mussa,,,,,,dxm146130,derege mussa,Analytic Geometry
MATH,2333,002,,,,,,,,,,,,,,,,,,,Diarisoa Mihaja Andriamanisa Rakotomalala,,,,,,dmr150130,diarisoa rakotomalala,Matrices  Vectors  and Data
MATH,2333,502,,,,,,,,,,,,,,,,,,,Diarisoa Mihaja Andriamanisa Rakotomalala,,,,,,dmr150130,diarisoa rakotomalala,Matrices  Vectors  and Data
MATH,2415,001,,,,,,,,,,,,,,,,,,,Mohammad Ahsan,,,,,,mka120030,mohammad ahsan,Calculus of Several Variables
MATH,2415,002,,,,,,,,,,,,,,,,,,,Rizwanur Khan,,,,,,rxk230072,,Calculus of Several Variables
MATH,2415,003,,,,,,,,,,,,,,,,,,,Mohammad Ahsan,,,,,,mka120030,mohammad ahsan,Calculus of Several Variables
MATH,2415,004,,,,,,,,,,,,,,,,,,,Baris Coskunuzer,,,,,,bxc190014,baris coskunuzer,Calculus of Several Variables
MATH,2415,005,,,,,,,,,,,,,,,,,,,Mohammad Ahsan,,,,,,mka120030,mohammad ahsan,Calculus of Several Variables
MATH,2417,001,,,,,,,,,,,,,,,,,,,Diarisoa Mihaja Andriamanisa Rakotomalala,,,,,,dmr150130,diarisoa rakotomalala,Calculus I
MATH,2417,002,,,,,,,,,,,,,,,,,,,Diarisoa Mihaja Andriamanisa Rakotomalala,,,,,,dmr150130,diarisoa rakotomalala,Calculus I
MATH,2417,003,,,,,,,,,,,,,,,,,,,Joselle Kehoe,,,,,,jxk061000,joselle kehoe,Calculus I
MATH,2417,004,,,,,,,,,,,,,,,,,,,Joselle Kehoe,,,,,,jxk061000,joselle kehoe,Calculus I
MATH,2418,001,,,,,,,,,,,,,,,,,,,Cheyu Wu,,,,,,cxw153530,cheyu wu,Linear Algebra
MATH,2418,002,,,,,,,,,,,,,,,,,,,Anani Komla Adabrah,,,,,,aaa130530,anani adabrah,Linear Algebra
MATH,2418,003,,,,,,,,,,,,,,,,,,,Hui Ding,,,,,,hxd162130,hui ding,Linear Algebra
MATH,2418,004,,,,,,,,,,,,,,,,,,,Hui Ding,,,,,,hxd162130,hui ding,Linear Algebra
MATH,2418,005,,,,,,,,,,,,,,,,,,,Hui Ding,,,,,,hxd162130,hui ding,Linear Algebra
MATH,2418,006,,,,,,,,,,,,,,,,,,,Cheyu Wu,,,,,,cxw153530,cheyu wu,Linear Algebra
MATH,2418,007,,,,,,,,,,,,,,,,,,,Adrian Murza,,,,,,acm170730,adrian murza,Linear Algebra
MATH,2418,008,,,,,,,,,,,,,,,,,,,Hui Ding,,,,,,hxd162130,hui ding,Linear Algebra
MATH,2418,009,,,,,,,,,,,,,,,,,,,Adrian Murza,,,,,,acm170730,adrian murza,Linear Algebra
MATH,2418,010,,,,,,,,,,,,,,,,,,,Cheyu Wu,,,,,,cxw153530,cheyu wu,Linear Algebra
MATH,2418,501,,,,,,,,,,,,,,,,,,,Cheyu Wu,,,,,,cxw153530,cheyu wu,Linear Algebra
MATH,2419,001,,,,,,,,,,,,,,,,,,,Anatoly Eydelzon,,,,,,axe031000,anatoly eydelzon,Calculus II
MATH,2419,002,,,,,,,,,,,,,,,,,,,Anatoly Eydelzon,,,,,,axe031000,anatoly eydelzon,Calculus II
MATH,2419,003,,,,,,,,,,,,,,,,,,,Mohammad Ahsan,,,,,,mka120030,mohammad ahsan,Calculus II
MATH,2419,004,,,,,,,,,,,,,,,,,,,Anatoly Eydelzon,,,,,,axe031000,anatoly eydelzon,Calculus II
MATH,2420,001,,,,,,,,,,,,,,,,,,,Adrian Murza,,,,,,acm170730,adrian murza,Differential Equations with Applications
MATH,2420,002,,,,,,,,,,,,,,,,,,,Adrian Murza,,,,,,acm170730,adrian murza,Differential Equations with Applications
MATH,2420,003,,,,,,,,,,,,,,,,,,,Saikat Biswas,,,,,,sxb230137,saikat biswas,Differential Equations with Applications
MATH,2420,501,,,,,,,,,,,,,,,,,,,Saikat Biswas,,,,,,sxb230137,saikat biswas,Differential Equations with Applications
MATH,2420,hn1,,,,,,,,,,,,,,,,,,,Mieczyslaw Dabkowski,,,,,,mkd034000,mieczyslaw dabkowski,Differential Equations with Applications  - CV Honors
MATH,3311,001,,,,,,,,,,,,,,,,,,,Malgorzata Dabkowska,,,,,,mxd066000,malgorzata dabkowska,Abstract Algebra I
MATH,3311,002,,,,,,,,,,,,,,,,,,,Malgorzata Dabkowska,,,,,,mxd066000,malgorzata dabkowska,Abstract Algebra I
MATH,3315,001,,,,,,,,,,,,,,,,,,,Nathan Williams,,,,,,nxw170830,nathan williams,Discrete Mathematics and Combinatorics
MATH,3321,501,,,,,,,,,,,,,,,,,,,Mohammad Akbar,,,,,,mma110020,mohammad akbar,Geometry
MATH,3335,001,,,,,,,,,,,,,,,,,,,Hyunwoong Chang,,,,,,dal954866,hyunwoong chang,Informatics and Programming
MATH,3351,001,,,,,,,,,,,,,,,,,,,Saikat Biswas,,,,,,sxb230137,saikat biswas,Advanced Calculus
MATH,3351,002,,,,,,,,,,,,,,,,,,,Saikat Biswas,,,,,,sxb230137,saikat biswas,Advanced Calculus
MATH,3380,001,,,,,,,,,,,,,,,,,,,Stephen McKeown,,,,,,sxm190098,stephen mckeown,Differential Geometry
MATH,4302,001,,,,,,,,,,,,,,,,,,,Mieczyslaw Dabkowski,,,,,,mkd034000,mieczyslaw dabkowski,Mathematical Analysis II
MATH,4332,001,,,,,,,,,,,,,,,,,,,Anani Komla Adabrah,,,,,,aaa130530,anani adabrah,Scientific Computing using Python
MATH,4332,501,,,,,,,,,,,,,,,,,,,Anani Komla Adabrah,,,,,,aaa130530,anani adabrah,Scientific Computing using Python
MATH,5302,001,,,,,,,,,,,,,,,,,,,Tomoki Ohsawa,,,,,,txo140730,tomoki ohsawa,Elementary Analysis II
MATH,5303,001,,,,,,,,,,,,,,,,,,,Anatoly Eydelzon,,,,,,axe031000,anatoly eydelzon,Advanced Calculus and Linear Algebra
MATH,6302,501,,,,,,,,,,,,,,,,,,,Wieslaw Krawcewicz,,,,,,wzk091000,wieslaw krawcewicz,Functional Analysis I
MATH,6316,001,,,,,,,,,,,,,,,,,,,Maxim Arnold,,,,,,mxa149530,maxim arnold,Differential Equations
MATH,6321,001,,,,,,,,,,,,,,,,,,,Shixu Meng,,,,,,dal567148,,Optimization
MATH,6343,001,,,,,,,,,,,,,,,,,,,Michael Zhang,,,,,,mqz091000,michael zhang,Computational Biology
MATH,6390,501,,,,,,,,,,,,,,,,,,,Mohammad Akbar,,,,,,mma110020,mohammad akbar,Topics in Mathematics - Level 6  - Intro to Quantum Field Theory
MATH,7319,501,,,,,,,,,,,,,,,,,,,Oleg Makarenkov,,,,,,oxm130230,oleg makarenkov,Functional Analysis II
NATS,2333,001,,,,,,,,,,,,,,,,,,,Stephanie Taylor,,,,,,smt031000,stephanie taylor,Energy  Water  and the Environment
NATS,4390,001,,,,,,,,,,,,,,,,,,,Vinita Hajeri,Stephanie Taylor,,,,,vxh151030,vinita hajeri,Research Methods
NATS,4v90,001,,,,,,,,,,,,,,,,,,,Torrie Cropps,,,,,,txc210023,,Special Topics in Natural Sciences  - Leadership in Sustainability
PHYS,1301,001,,,,,,,,,,,,,,,,,,,Amena Khan,,,,,,axk140130,amena khan,College Physics I
PHYS,1301,002,,,,,,,,,,,,,,,,,,,Kaloyan Penev,,,,,,kxp174430,kaloyan penev,College Physics I
PHYS,1302,001,,,,,,,,,,,,,,,,,,,Yves Hon Kwan,,,,,,dal244841,,College Physics II
PHYS,1302,501,,,,,,,,,,,,,,,,,,,Roger Kadala,,,,,,rxk220001,roger kadala,College Physics II
PHYS,2303,001,,,,,,,,,,,,,,,,,,,Lamya Saleh,,,,,,lxs190019,lamya saleh,Contemporary Physics
PHYS,2325,001,,,,,,,,,,,,,,,,,,,Lloyd Lumata,,,,,,lxl143230,lloyd lumata,Mechanics
PHYS,2325,002,,,,,,,,,,,,,,,,,,,Ivan Vasko,,,,,,ixv230013,,Mechanics
PHYS,2325,003,,,,,,,,,,,,,,,,,,,Lamya Saleh,,,,,,lxs190019,lamya saleh,Mechanics
PHYS,2325,004,,,,,,,,,,,,,,,,,,,Anvar Zakhidov,,,,,,zakhidov,anvar zakhidov,Mechanics
PHYS,2325,005,,,,,,,,,,,,,,,,,,,Bing Lv,,,,,,bxl152230,bing lv,Mechanics
PHYS,2326,001,,,,,,,,,,,,,,,,,,,Fabiano Da Silveira Rodrigues,,,,,,fxd121030,fabiano rodrigues,Electromagnetism and Waves
PHYS,2326,002,,,,,,,,,,,,,,,,,,,Qingyu Zhu,,,,,,qxz230002,qingyu zhu,Electromagnetism and Waves
PHYS,2326,501,,,,,,,,,,,,,,,,,,,Austen Adams,,,,,,aca160230,austen adams,Electromagnetism and Waves
PHYS,4302,001,,,,,,,,,,,,,,,,,,,Yuri Gartstein,,,,,,yxg037000,yuri gartstein,Quantum Mechanics II
PHYS,4311,001,,,,,,,,,,,,,,,,,,,Mark Lee,,,,,,mxl101000,mark lee,Thermodynamics and Statistical Mechanics
PHYS,4328,001,,,,,,,,,,,,,,,,,,,Anton Malko,,,,,,avm074000,anton malko,Optics
PHYS,4350,001,,,,,,,,,,,,,,,,,,,Michael Kolodrubetz,,,,,,mxk177330,michael kolodrubetz,Quantum Algorithm and Software
PHYS,4v11,002,,,,,,,,,,,,,,,,,,,Aaron Smith,,,,,,axs230251,aaron smith,Topics in Physics  - High Perf Scientific Computing
PHYS,4v11,004,,,,,,,,,,,,,,,,,,,David Lary,,,,,,djl101000,david lary,"Topics in Physics  - Air, Environment and Health"
PHYS,5302,001,,,,,,,,,,,,,,,,,,,Paul Macalevey,,,,,,paulmac,paul macalevey,Mathematical Methods of Physics II
PHYS,5336,001,,,,,,,,,,,,,,,,,,,David Lary,,,,,,djl101000,david lary,Big Data and Machine Learning for Scientific Discovery
PHYS,5376,001,,,,,,,,,,,,,,,,,,,Matthew Wong,,,,,,dal644378,matthew wong,Introduction to Materials Science
PHYS,5v48,002,,,,,,,,,,,,,,,,,,,Aaron Smith,,,,,,axs230251,aaron smith,Topics in Physics  - High Perf Scientific Computing
PHYS,5v48,501,,,,,,,,,,,,,,,,,,,Mohammad Akbar,,,,,,mma110020,mohammad akbar,Topics in Physics  - Intro to Quantum Field Theory
PHYS,5v48,502,,,,,,,,,,,,,,,,,,,Anvar Zakhidov,,,,,,zakhidov,anvar zakhidov,Topics in Physics  - Physics of Solid-state Qubits
PHYS,6301,001,,,,,,,,,,,,,,,,,,,Yuri Gartstein,,,,,,yxg037000,yuri gartstein,Quantum Mechanics II
PHYS,6350,001,,,,,,,,,,,,,,,,,,,Michael Kolodrubetz,,,,,,mxk177330,michael kolodrubetz,Quantum Algorithm and Software
STAT,3332,001,,,,,,,,,,,,,,,,,,,Shengjie Jiang,,,,,,sxj220069,shengjie jiang,Statistics for Life Sciences
STAT,3332,002,,,,,,,,,,,,,,,,,,,Kemelli Estacio-Hiroms,,,,,,kxe160930,kemelli estacio hiroms,Statistics for Life Sciences
STAT,3332,003,,,,,,,,,,,,,,,,,,,Shengjie Jiang,,,,,,sxj220069,shengjie jiang,Statistics for Life Sciences
STAT,3335,001,,,,,,,,,,,,,,,,,,,Hyunwoong Chang,,,,,,dal954866,hyunwoong chang,Informatics and Programming
STAT,3341,002,,,,,,,,,,,,,,,,,,,Huizhen Guo,,,,,,hxg190020,huizhen guo,Probability and Statistics in Computer Science and Software Engineering
STAT,3341,003,,,,,,,,,,,,,,,,,,,Huizhen Guo,,,,,,hxg190020,huizhen guo,Probability and Statistics in Computer Science and Software Engineering
STAT,3360,001,,,,,,,,,,,,,,,,,,,Yuly Koshevnik,,,,,,yxk055000,yuly koshevnik,Probability and Statistics for Management and Economics
STAT,4351,001,,,,,,,,,,,,,,,,,,,Yuly Koshevnik,,,,,,yxk055000,yuly koshevnik,Probability
STAT,4352,002,,,,,,,,,,,,,,,,,,,Yun Wei,,,,,,dal398196,,Mathematical Statistics
STAT,4355,001,,,,,,,,,,,,,,,,,,,Chuan-Fa Tang,,,,,,cxt190011,chuan fa tang,Applied Linear Models
STAT,4360,001,,,,,,,,,,,,,,,,,,,Jiayi Wang,,,,,,jxw220029,jiayi wang,Introduction to Statistical Learning
STAT,5304,001,,,,,,,,,,,,,,,,,,,Rui Miao,,,,,,dal943262,rui miao,Introduction to Human Health Research
STAT,5305,001,,,,,,,,,,,,,,,,,,,Hyunwoong Chang,,,,,,dal954866,hyunwoong chang,Informatics and Programming for Biomedical Sciences
STAT,6305,001,,,,,,,,,,,,,,,,,,,Min Chen,,,,,,mxc136030,min chen,Biostatistics and Epidemiology
STAT,6306,001,,,,,,,,,,,,,,,,,,,Jiayi Wang,,,,,,jxw220029,jiayi wang,Artificial Intelligence for Human Health with Lab
STAT,6313,001,,,,,,,,,,,,,,,,,,,Xiwei Tang,,,,,,dal295425,xiwei tang,Statistical Methods for Data Science
STAT,6338,001,,,,,,,,,,,,,,,,,,,Min Chen,,,,,,mxc136030,min chen,Advanced Statistical Methods II
STAT,6339,001,,,,,,,,,,,,,,,,,,,Chuan-Fa Tang,,,,,,cxt190011,chuan fa tang,Linear Statistical Models
BIOL,2112,001,,,,,,,,,,,,,,,,,,,Yannick Fotio,,,,,,dal965779,yannick fotio,Introduction to Modern Biology Workshop II
BIOL,2112,502,,,,,,,,,,,,,,,,,,,Ramesh Padmanabhan,,,,,,rxp104120,ramesh padmanabhan,Introduction to Modern Biology Workshop II
BIOL,2112,503,,,,,,,,,,,,,,,,,,,Simbarashe Mazambani,,,,,,sxm170074,simbarashe mazambani,Introduction to Modern Biology Workshop II
BIOL,2281,313,,,,,,,,,,,,,,,,,,,Elizabeth Pickett,,,,,,eaw016100,elizabeth pickett,Introductory Biology Laboratory
BIOL,2281,314,,,,,,,,,,,,,,,,,,,Anne Davenport,,,,,,axd240011,anne davenport,Introductory Biology Laboratory
BIOL,2281,315,,,,,,,,,,,,,,,,,,,Matthew Esparza,,,,,,dal998419,,Introductory Biology Laboratory
BIOL,2281,316,,,,,,,,,,,,,,,,,,,Anne Davenport,,,,,,axd240011,anne davenport,Introductory Biology Laboratory
BIOL,2281,317,,,,,,,,,,,,,,,,,,,Yi Huang,,,,,,yxh220019,yi huang,Introductory Biology Laboratory
BIOL,2281,321,,,,,,,,,,,,,,,,,,,Narges Salamat,,,,,,nxs158730,narges salamat,Introductory Biology Laboratory
BIOL,2281,803,,,,,,,,,,,,,,,,,,,Yi Huang,,,,,,yxh220019,yi huang,Introductory Biology Laboratory
BIOL,2281,805,,,,,,,,,,,,,,,,,,,Narges Salamat,,,,,,nxs158730,narges salamat,Introductory Biology Laboratory
BIOL,3380,303,,,,,,,,,,,,,,,,,,,Ritu Mishra,,,,,,dal831670,,Biochemistry Laboratory
BIOL,3380,304,,,,,,,,,,,,,,,,,,,Simbarashe Mazambani,,,,,,sxm170074,simbarashe mazambani,Biochemistry Laboratory
BIOL,3455,305,,,,,,,,,,,,,,,,,,,Meenakshi Maitra,,,,,,mxm172731,meenakshi maitra,Human Anatomy and Physiology with Lab I
BIOL,3455,306,,,,,,,,,,,,,,,,,,,Andy Cheshire,,,,,,dal515348,andy cheshire,Human Anatomy and Physiology with Lab I
BIOL,3455,307,,,,,,,,,,,,,,,,,,,Meenakshi Maitra,,,,,,mxm172731,meenakshi maitra,Human Anatomy and Physiology with Lab I
BIOL,3455,802,,,,,,,,,,,,,,,,,,,Zhuoru Wu,,,,,,zxw190014,,Human Anatomy and Physiology with Lab I
BIOL,4380,303,,,,,,,,,,,,,,,,,,,Eva Sadat,,,,,,exs190014,eva sadat,Cell and Molecular Biology Laboratory
BIOL,6111,001,,,,,,,,,,,,,,,,,,,Michael Zhang,,,,,,mqz091000,michael zhang,Graduate Research Presentation
BIOL,6111,008,,,,,,,,,,,,,,,,,,,Kelli Palmer,,,,,,klp120030,kelli palmer,Graduate Research Presentation
BIOL,6111,010,,,,,,,,,,,,,,,,,,,,,,,,,,,Graduate Research Presentation
BIOL,6111,014,,,,,,,,,,,,,,,,,,,Zhenyu Xuan,,,,,,zxx091000,,Graduate Research Presentation
CHEM,1111,105,,,,,,,,,,,,,,,,,,,Nimali Abeykoon,,,,,,nxa124430,nimali abeykoon,General Chemistry Laboratory I
CHEM,1111,108,,,,,,,,,,,,,,,,,,,Somayeh Taslimy,,,,,,sxt163130,somayeh taslimy,General Chemistry Laboratory I
CHEM,1112,113,,,,,,,,,,,,,,,,,,,Zohreh Hashami,,,,,,zxh088000,zohreh hashami,General Chemistry Laboratory II
CHEM,1112,114,,,,,,,,,,,,,,,,,,,Baowen Li,,,,,,bxl173130,baowen li,General Chemistry Laboratory II
CHEM,1112,115,,,,,,,,,,,,,,,,,,,Sophia De Aquino Veras,,,,,,sxd200050,sophia de aquino veras,General Chemistry Laboratory II
CHEM,1112,116,,,,,,,,,,,,,,,,,,,Patricia Leach,,,,,,pxl220000,,General Chemistry Laboratory II
CHEM,1112,117,,,,,,,,,,,,,,,,,,,Baowen Li,,,,,,bxl173130,baowen li,General Chemistry Laboratory II
CHEM,1112,118,,,,,,,,,,,,,,,,,,,Yu Huang,,,,,,yxh091220,yu huang,General Chemistry Laboratory II
CHEM,1112,119,,,,,,,,,,,,,,,,,,,Saba Khan,,,,,,sxk240061,saba khan,General Chemistry Laboratory II
CHEM,1112,120,,,,,,,,,,,,,,,,,,,Faieza Bodowara,,,,,,dal112841,,General Chemistry Laboratory II
CHEM,1112,605,,,,,,,,,,,,,,,,,,,Joshua Sisk,,,,,,jrs106020,joshua sisk,General Chemistry Laboratory II
CHEM,1112,606,,,,,,,,,,,,,,,,,,,Joshua Sisk,,,,,,jrs106020,joshua sisk,General Chemistry Laboratory II
CHEM,2233,002,,,,,,,,,,,,,,,,,,,Daniel Tran,Nimanka Panapitiya,Sergio Cortes,Sumudu Wijenayake,Jing Ge,,dnt019000,daniel tran,Introductory Organic Chemistry Laboratory
CHEM,2233,313,,,,,,,,,,,,,,,,,,,Christina Thompson,,,,,,cmt120030,christina thompson,Introductory Organic Chemistry Laboratory
CHEM,2233,314,,,,,,,,,,,,,,,,,,,Nimanka Panapitiya,,,,,,npp081000,nimanka panapitiya,Introductory Organic Chemistry Laboratory
CHEM,2233,315,,,,,,,,,,,,,,,,,,,Saba Khan,,,,,,sxk240061,saba khan,Introductory Organic Chemistry Laboratory
CHEM,2323,701,,,,,,,,,,,,,,,,,,,Jing Ge,Bruce Novak,Mihaela Stefan,Daniel Tran,,,jxg220039,,Introductory Organic Chemistry I
CHEM,2325,701,,,,,,,,,,,,,,,,,,,Sergio Cortes,Daniel Tran,Jung-Mo Ahn,Nimanka Panapitiya,Christina Thompson,,scortes,sergio cortes,Introductory Organic Chemistry II
GEOS,1104,101,,,,,,,,,,,,,,,,,,,Ignacio Pujana,,,,,,pujana,ignacio pujana,History of Earth and Life Laboratory
GEOS,5343,001,,,,,,,,,,,,,,,,,,,Lowell Waite,,,,,,lxw180012,,Carbonate Sedimentology
GEOS,6385,001,,,,,,,,,,,,,,,,,,,May Yuan,,,,,,mxy141230,,GIS Theories  Models and Issues
MATH,2414,302,,,,,,,,,,,,,,,,,,,Mylinh Nguyen,,,,,,mln018200,mylinh nguyen,Integral Calculus  - Problem Section 0 Credit Hours
MATH,2414,309,,,,,,,,,,,,,,,,,,,Adannah Duruoha,,,,,,axd180037,adannah duruoha,Integral Calculus  - Problem Section 0 Credit Hours
MATH,2414,311,,,,,,,,,,,,,,,,,,,Mylinh Nguyen,,,,,,mln018200,mylinh nguyen,Integral Calculus  - Problem Section 0 Credit Hours
MATH,2414,313,,,,,,,,,,,,,,,,,,,Adannah Duruoha,,,,,,axd180037,adannah duruoha,Integral Calculus  - Problem Section 0 Credit Hours
MATH,2414,316,,,,,,,,,,,,,,,,,,,Nasrin Sultana,,,,,,nxs190039,nasrin sultana,Integral Calculus  - Problem Section 0 Credit Hours
MATH,2414,318,,,,,,,,,,,,,,,,,,,James Miller,,,,,,jwm170630,james miller,Integral Calculus  - Problem Section 0 Credit Hours
MATH,2414,320,,,,,,,,,,,,,,,,,,,Irina Martynova,,,,,,ixm140930,irina martynova,Integral Calculus  - Problem Section 0 Credit Hours
MATH,2414,323,,,,,,,,,,,,,,,,,,,Nasrin Sultana,,,,,,nxs190039,nasrin sultana,Integral Calculus  - Problem Section 0 Credit Hours
MATH,2414,326,,,,,,,,,,,,,,,,,,,James Miller,,,,,,jwm170630,james miller,Integral Calculus  - Problem Section 0 Credit Hours
MATH,2414,333,,,,,,,,,,,,,,,,,,,Kelly Aman,,,,,,kxa143530,kelly aman,Integral Calculus  - Problem Section 0 Credit Hours
MATH,2414,342,,,,,,,,,,,,,,,,,,,Nasrin Sultana,,,,,,nxs190039,nasrin sultana,Integral Calculus  - Problem Section 0 Credit Hours
MATH,2414,801,,,,,,,,,,,,,,,,,,,Irina Martynova,,,,,,ixm140930,irina martynova,Integral Calculus  - Problem Section 0 Credit Hours
MATH,2414,802,,,,,,,,,,,,,,,,,,,Mylinh Nguyen,,,,,,mln018200,mylinh nguyen,Integral Calculus  - Problem Section 0 Credit Hours
MATH,2414,803,,,,,,,,,,,,,,,,,,,Nasrin Sultana,,,,,,nxs190039,nasrin sultana,Integral Calculus  - Problem Section 0 Credit Hours
MATH,2414,804,,,,,,,,,,,,,,,,,,,Kelly Aman,,,,,,kxa143530,kelly aman,Integral Calculus  - Problem Section 0 Credit Hours
MATH,2417,301,,,,,,,,,,,,,,,,,,,Diarisoa Mihaja Andriamanisa Rakotomalala,,,,,,dmr150130,diarisoa rakotomalala,Calculus I  - Problem Section 0 Credit Hours
MATH,2418,301,,,,,,,,,,,,,,,,,,,Anani Komla Adabrah,,,,,,aaa130530,anani adabrah,Linear Algebra  - Problem Section 0 Credit Hours
MATH,2418,304,,,,,,,,,,,,,,,,,,,Anani Komla Adabrah,,,,,,aaa130530,anani adabrah,Linear Algebra  - Problem Section 0 Credit Hours
MATH,2418,306,,,,,,,,,,,,,,,,,,,Cheyu Wu,,,,,,cxw153530,cheyu wu,Linear Algebra  - Problem Section 0 Credit Hours
MATH,2418,308,,,,,,,,,,,,,,,,,,,Hui Ding,,,,,,hxd162130,hui ding,Linear Algebra  - Problem Section 0 Credit Hours
MATH,2418,313,,,,,,,,,,,,,,,,,,,Hui Ding,,,,,,hxd162130,hui ding,Linear Algebra  - Problem Section 0 Credit Hours
MATH,2418,317,,,,,,,,,,,,,,,,,,,Cheyu Wu,,,,,,cxw153530,cheyu wu,Linear Algebra  - Problem Section 0 Credit Hours
MATH,2418,318,,,,,,,,,,,,,,,,,,,Cheyu Wu,,,,,,cxw153530,cheyu wu,Linear Algebra  - Problem Section 0 Credit Hours
MATH,2418,320,,,,,,,,,,,,,,,,,,,Hui Ding,,,,,,hxd162130,hui ding,Linear Algebra  - Problem Section 0 Credit Hours
MATH,2418,321,,,,,,,,,,,,,,,,,,,Cheyu Wu,,,,,,cxw153530,cheyu wu,Linear Algebra  - Problem Section 0 Credit Hours
MATH,2418,398,,,,,,,,,,,,,,,,,,,Viswanath Ramakrishna,,,,,,vish,viswanath ramakrishna,Linear Algebra  - CV Honors
MATH,2418,701,,,,,,,,,,,,,,,,,,,Anani Komla Adabrah,Cheyu Wu,Hui Ding,Adrian Murza,,,aaa130530,anani adabrah,Linear Algebra
MATH,2419,302,,,,,,,,,,,,,,,,,,,Anatoly Eydelzon,,,,,,axe031000,anatoly eydelzon,Calculus II  - Problem Section 0 Credit Hours
MATH,2419,303,,,,,,,,,,,,,,,,,,,Anatoly Eydelzon,,,,,,axe031000,anatoly eydelzon,Calculus II  - Problem Section 0 Credit Hours
MATH,2419,306,,,,,,,,,,,,,,,,,,,Anatoly Eydelzon,,,,,,axe031000,anatoly eydelzon,Calculus II  - Problem Section 0 Credit Hours
MATH,2420,398,,,,,,,,,,,,,,,,,,,Mieczyslaw Dabkowski,,,,,,mkd034000,mieczyslaw dabkowski,Differential Equations with Applications  - CV Honors
NATS,4341,001,,,,,,,,,,,,,,,,,,,Katherine Donaldson,Kate York,,,,,ked013100,katie donaldson,Project-Based Instruction
PHYS,1101,105,,,,,,,,,,,,,,,,,,,Amena Khan,Roger Kadala,,,,,axk140130,amena khan,College Physics Laboratory I
PHYS,1101,106,,,,,,,,,,,,,,,,,,,Amena Khan,Roger Kadala,,,,,axk140130,amena khan,College Physics Laboratory I
PHYS,1101,603,,,,,,,,,,,,,,,,,,,Amena Khan,Roger Kadala,,,,,axk140130,amena khan,College Physics Laboratory I
PHYS,1102,103,,,,,,,,,,,,,,,,,,,Lamya Saleh,Paul Macalevey,,,,,lxs190019,lamya saleh,College Physics Laboratory II
PHYS,1102,104,,,,,,,,,,,,,,,,,,,Lamya Saleh,Paul Macalevey,,,,,lxs190019,lamya saleh,College Physics Laboratory II
PHYS,2125,106,,,,,,,,,,,,,,,,,,,Roger Kadala,Amena Khan,,,,,rxk220001,roger kadala,Physics Laboratory I
PHYS,2125,107,,,,,,,,,,,,,,,,,,,Roger Kadala,Amena Khan,,,,,rxk220001,roger kadala,Physics Laboratory I
PHYS,2125,117,,,,,,,,,,,,,,,,,,,Roger Kadala,Amena Khan,,,,,rxk220001,roger kadala,Physics Laboratory I
PHYS,2125,118,,,,,,,,,,,,,,,,,,,Roger Kadala,Amena Khan,,,,,rxk220001,roger kadala,Physics Laboratory I
PHYS,2125,605,,,,,,,,,,,,,,,,,,,Roger Kadala,Amena Khan,,,,,rxk220001,roger kadala,Physics Laboratory I
PHYS,2125,606,,,,,,,,,,,,,,,,,,,Roger Kadala,Amena Khan,,,,,rxk220001,roger kadala,Physics Laboratory I
PHYS,2126,106,,,,,,,,,,,,,,,,,,,Paul Macalevey,Lamya Saleh,,,,,paulmac,paul macalevey,Physics Laboratory II
PHYS,2126,107,,,,,,,,,,,,,,,,,,,Paul Macalevey,Lamya Saleh,,,,,paulmac,paul macalevey,Physics Laboratory II
PHYS,2126,108,,,,,,,,,,,,,,,,,,,Paul Macalevey,Lamya Saleh,,,,,paulmac,paul macalevey,Physics Laboratory II
PHYS,2126,115,,,,,,,,,,,,,,,,,,,Paul Macalevey,Lamya Saleh,,,,,paulmac,paul macalevey,Physics Laboratory II
PHYS,2126,602,,,,,,,,,,,,,,,,,,,Paul Macalevey,Lamya Saleh,,,,,paulmac,paul macalevey,Physics Laboratory II
PHYS,3427,302,,,,,,,,,,,,,,,,,,,Matthew Goeckner,,,,,,goeckner,matthew goeckner,Electronics with Laboratory
PHYS,5332,501,,,,,,,,,,,,,,,,,,,Mary Urquhart,,,,,,mlk023000,mary urquhart,Conceptual Physics II  Particles and Systems
SCI,5332,501,,,,,,,,,,,,,,,,,,,Mary Urquhart,,,,,,mlk023000,mary urquhart,Conceptual Physics II  Particles and Systems
BIOL,3325,001,,,,,,,,,,,,,,,,,,,Subha Sarcar,,,,,,sns064000,subha sarcar,Drug Development to Clinical Trials
BIOL,3370,001,,,,,,,,,,,,,,,,,,,Zhuoru Wu,,,,,,zxw190014,,Exercise Physiology
BIOL,6399,001,,,,,,,,,,,,,,,,,,,Subha Sarcar,,,,,,sns064000,subha sarcar,Inner Workings of the Pharmaceutical Industry
AERO,1040,001,,,,,,,,,,,,,,,,,,,,,,,,,,,- Laboratory
AERO,1040,004,,,,,,,,,,,,,,,,,,,,,,,,,,,- Laboratory
AERO,1040,201,,,,,,,,,,,,,,,,,,,,,,,,,,,- Recitation
AERO,2040,002,,,,,,,,,,,,,,,,,,,,,,,,,,,- Laboratory
AERO,2040,003,,,,,,,,,,,,,,,,,,,,,,,,,,,- Laboratory
AERO,2040,201,,,,,,,,,,,,,,,,,,,,,,,,,,,- Recitation
AERO,3320,001,,,,,,,,,,,,,,,,,,,,,,,,,,,- Laboratory
AERO,3320,201,,,,,,,,,,,,,,,,,,,,,,,,,,,- Recitation
AERO,4320,002,,,,,,,,,,,,,,,,,,,,,,,,,,,- Laboratory
AERO,4320,201,,,,,,,,,,,,,,,,,,,,,,,,,,,- Recitation
UNIV,2v96,001,,,,,,,,,,,,,,,,,,,D'ric Jackson,,,,,,dxj101120,dric jackson,Special Topics I  - Journey Into Brain Health
UNIV,4074,001,,,,,,,,,,,,,,,,,,,John Thomas,,,,,,jdt180001,john thomas,Student Leadership
UNIV,4074,002,,,,,,,,,,,,,,,,,,,John Thomas,,,,,,jdt180001,john thomas,Student Leadership
UNIV,4074,003,,,,,,,,,,,,,,,,,,,John Thomas,,,,,,jdt180001,john thomas,Student Leadership
UNIV,4074,004,,,,,,,,,,,,,,,,,,,John Thomas,,,,,,jdt180001,john thomas,Student Leadership
UNIV,4074,091,,,,,,,,,,,,,,,,,,,Tom Henderson,,,,,,txh093000,tom henderson,Student Leadership
UNIV,4074,092,,,,,,,,,,,,,,,,,,,Tom Henderson,,,,,,txh093000,tom henderson,Student Leadership
ACCT,6301,0w1,,,,,,,,,,,,,,,,,,,Ashiq Ali,,,,,,axa042200,ashiq ali,Financial Accounting
ACCT,6309,0w1,,,,,,,,,,,,,,,,,,,Naser Islam,,,,,,nxi110630,naser islam,Business Data Warehousing
ACCT,6313,0w1,,,,,,,,,,,,,,,,,,,Huseyin Cavusoglu,,,,,,huseyin,huseyin cavusoglu,Cybersecurity Fundamentals
ACCT,6335,0w1,,,,,,,,,,,,,,,,,,,Tiffany Bortz,,,,,,tabortz,tiffany bortz,Ethics for Professional Accountants
ACCT,6338,0w1,,,,,,,,,,,,,,,,,,,Mary Beth Goodrich,,,,,,goodrich,mary beth goodrich,Accounting Systems Configuration and Visualization
ACCT,6340,0w1,,,,,,,,,,,,,,,,,,,Srinivasan Raghunathan,,,,,,sraghu,srinivasan raghunathan,System Analysis and Project Management
ACCT,6344,0w1,,,,,,,,,,,,,,,,,,,Umit Gurun,,,,,,ugg041000,umit gurun,Financial Statement Analysis
ACCT,6349,0w1,,,,,,,,,,,,,,,,,,,Sumit Majumdar,,,,,,skm021100,sumit majumdar,Managing Digital Strategy
ANGM,2309,0w1,,,,,,,,,,,,,,,,,,,Todd Fechter,,,,,,taf051000,todd fechter,Drawing for Animation
ANGM,3368,0w1,,,,,,,,,,,,,,,,,,,Adam Chandler,,,,,,awc051000,adam chandler,Scripting for Games I
ARTS,1301,0w1,,,,,,,,,,,,,,,,,,,Jason Bennett,,,,,,jxb230049,,Exploration of the Arts
ARTS,3379,0w1,,,,,,,,,,,,,,,,,,,Emily Loving,,,,,,exl097120,emily loving,Photography  New Media
ARTS,4310,301,,,,,,,,,,,,,,,,,,,Danielle Avram,,,,,,avram,danielle avram,Essentials of Leadership in the Visual Arts
ATCM,2301,0w1,,,,,,,,,,,,,,,,,,,Thomas Williams,,,,,,tew210002,,Digital Art and Design Foundations
ATCM,2360,0w1,,,,,,,,,,,,,,,,,,,Norman Cox,,,,,,nlc200001,norm cox,Design Histories
ATCM,3337,0w1,,,,,,,,,,,,,,,,,,,Jung Woo (JW) Kim,,,,,,dal187617,jung woo (jw) kim,Interaction Design I
ATCM,3350,0w1,,,,,,,,,,,,,,,,,,,Sharon Hewitt,,,,,,sxh090220,sharon hewitt,Digital Video Production I
ATCM,4337,0w1,,,,,,,,,,,,,,,,,,,Adam Polansky,,,,,,axp230264,,Interaction Design II
ATCM,4337,0w2,,,,,,,,,,,,,,,,,,,Adam Polansky,,,,,,axp230264,,Interaction Design II
ATCM,4350,0w1,,,,,,,,,,,,,,,,,,,Sharon Hewitt,,,,,,sxh090220,sharon hewitt,Digital Video Production II
ATCM,4384,0w1,,,,,,,,,,,,,,,,,,,Janet Johnson,,,,,,jlj065000,janet johnson,Ethics in New Media  Technology  and Communication
ATCM,4397,0w1,,,,,,,,,,,,,,,,,,,Laura Kim,,,,,,lxh210006,laura hyunjee kim,Senior Seminar
ATCM,4398,001,,,,,,,,,,,,,,,,,,,Adam Chandler,,,,,,awc051000,adam chandler,Capstone Project
ATCM,4398,002,,,,,,,,,,,,,,,,,,,Andrew Scott,,,,,,afs140330,andrew scott,Capstone Project
ATCM,4398,003,,,,,,,,,,,,,,,,,,,Bryon Caldwell,,,,,,bac190003,bryon caldwell,Capstone Project
ATCM,4398,004,,,,,,,,,,,,,,,,,,,Casey Johnson,,,,,,caj150430,casey johnson,Capstone Project
ATCM,4398,005,,,,,,,,,,,,,,,,,,,Xtine Burrough,,,,,,cxb153930,xtine burrough,Capstone Project
ATCM,4398,006,,,,,,,,,,,,,,,,,,,Todd Fechter,,,,,,taf051000,todd fechter,Capstone Project
ATCM,4398,007,,,,,,,,,,,,,,,,,,,Timothy Lewis,,,,,,tml062000,timothy lewis,Capstone Project
ATCM,4398,008,,,,,,,,,,,,,,,,,,,Sharon Hewitt,,,,,,sxh090220,sharon hewitt,Capstone Project
ATCM,4398,009,,,,,,,,,,,,,,,,,,,Peter McCord,,,,,,pam062000,peter mccord,Capstone Project
ATCM,4398,011,,,,,,,,,,,,,,,,,,,Monika Salter,,,,,,mxs176131,monika salter,Capstone Project
ATCM,4398,013,,,,,,,,,,,,,,,,,,,Elizabeth Trosper,,,,,,emt130130,elizabeth trosper,Capstone Project
ATCM,4398,014,,,,,,,,,,,,,,,,,,,Laura Imaoka,,,,,,lxi170030,laura imaoka,Capstone Project
ATCM,4398,017,,,,,,,,,,,,,,,,,,,Heidi Cooley,,,,,,hxc176430,heidi cooley,Capstone Project
ATCM,4398,018,,,,,,,,,,,,,,,,,,,Eric Farrar,,,,,,etf091000,eric farrar,Capstone Project
ATCM,4398,020,,,,,,,,,,,,,,,,,,,Dean Terry,,,,,,dxt023000,,Capstone Project
ATCM,4398,021,,,,,,,,,,,,,,,,,,,Christine Veras,,,,,,cxv180000,christine veras,Capstone Project
ATCM,4398,022,,,,,,,,,,,,,,,,,,,Christina Nielsen,,,,,,crn022000,christina nielsen,Capstone Project
ATCM,4398,024,,,,,,,,,,,,,,,,,,,David Marks,,,,,,dem160430,david marks,Capstone Project
ATCM,4398,025,,,,,,,,,,,,,,,,,,,Norman Cox,,,,,,nlc200001,norm cox,Capstone Project
ATCM,4398,026,,,,,,,,,,,,,,,,,,,Mark McKinney,,,,,,mxm190029,mark mckinney,Capstone Project
ATCM,4399,019,,,,,,,,,,,,,,,,,,,Sharon Hewitt,,,,,,sxh090220,sharon hewitt,Senior Honors in Media Arts and Design
BIOL,1318,002,,,,,,,,,,,,,,,,,,,Meenakshi Maitra,,,,,,mxm172731,meenakshi maitra,Human Genetics
BIOL,3203,101,,,,,,,,,,,,,,,,,,,Eva Sadat,,,,,,exs190014,eva sadat,Introduction to Microbiology Lab
BIOL,3203,102,,,,,,,,,,,,,,,,,,,Amy Jo Gomez,,,,,,amh240001,amy macbey gomez,Introduction to Microbiology Lab
BIOL,3203,103,,,,,,,,,,,,,,,,,,,Amy Jo Gomez,Eva Sadat,,,,,amh240001,amy macbey gomez,Introduction to Microbiology Lab
BIOL,3203,104,,,,,,,,,,,,,,,,,,,Anne Davenport,,,,,,axd240011,anne davenport,Introduction to Microbiology Lab
BIOL,3203,105,,,,,,,,,,,,,,,,,,,Anne Davenport,,,,,,axd240011,anne davenport,Introduction to Microbiology Lab
BIOL,3203,601,,,,,,,,,,,,,,,,,,,Hrishikesh Dalvi,,,,,,hhd220000,hrishikesh dalvi,Introduction to Microbiology Lab
BIOL,3455,001,,,,,,,,,,,,,,,,,,,Andy Cheshire,Ramesh Padmanabhan,,,,,dal515348,andy cheshire,Human Anatomy and Physiology with Lab I
BIOL,3455,002,,,,,,,,,,,,,,,,,,,Zhuoru Wu,Meenakshi Maitra,,,,,zxw190014,,Human Anatomy and Physiology with Lab I
BIOL,6333,001,,,,,,,,,,,,,,,,,,,Stefanie Boyd,Duane Winkler,,,,,sdb074000,stefanie boyd,Macromolecules  Structure  Function  and Dynamics
BIOL,6v51,022,,,,,,,,,,,,,,,,,,,Mehmet Candas,,,,,,candas,mehmet candas,Biotechnology Project Design
BMEN,4389,001,,,,,,,,,,,,,,,,,,,Todd Polk,,,,,,twp017000,todd polk,Senior Design Project II
BMEN,4389,002,,,,,,,,,,,,,,,,,,,Todd Polk,,,,,,twp017000,todd polk,Senior Design Project II
BMEN,4389,003,,,,,,,,,,,,,,,,,,,Todd Polk,,,,,,twp017000,todd polk,Senior Design Project II
BPS,6310,0w1,,,,,,,,,,,,,,,,,,,Jun Xia,,,,,,jxx132030,jun xia,Strategic Management
BUAN,6312,0w1,,,,,,,,,,,,,,,,,,,Moran Blueshtein,,,,,,mxb135230,moran blueshtein,Applied Econometrics and Time Series Analysis
BUAN,6320,0w1,,,,,,,,,,,,,,,,,,,Young Ryu,,,,,,ryoung,young ryu,Database Foundations for Business Analytics
BUAN,6324,0w1,,,,,,,,,,,,,,,,,,,Syam Menon,,,,,,sxm021300,syam menon,Business Analytics With SAS
BUAN,6337,0w1,,,,,,,,,,,,,,,,,,,Upender Subramanian,,,,,,uxs092000,upender subramanian,Predictive Analytics for Data Science
BUAN,6346,0w1,,,,,,,,,,,,,,,,,,,Judd Bradbury,,,,,,jdb101000,judd bradbury,Big Data
BUAN,6359,0w1,,,,,,,,,,,,,,,,,,,Aysegul Toptal,,,,,,axt083100,aysegul toptal,Advanced Statistics for Data Science
BUAN,6392,0w1,,,,,,,,,,,,,,,,,,,Amit Mehra,,,,,,axm078200,amit mehra,Causal Analytics and A B Testing
BUAN,6398,0w2,,,,,,,,,,,,,,,,,,,Rasoul Ramezani,,,,,,rxr145930,rasoul ramezani,Prescriptive Analytics
CE,4388,001,,,,,,,,,,,,,,,,,,,John Hansen,,,,,,jxh052100,john hansen,Senior Design Project I
CE,4388,002,,,,,,,,,,,,,,,,,,,Neal Skinner,,,,,,skinner,neal skinner,Senior Design Project I
CE,4389,001,,,,,,,,,,,,,,,,,,,Neal Skinner,,,,,,skinner,neal skinner,Senior Design Project II
CE,4389,002,,,,,,,,,,,,,,,,,,,Neal Skinner,,,,,,skinner,neal skinner,Senior Design Project II
CE,4389,003,,,,,,,,,,,,,,,,,,,Neal Skinner,,,,,,skinner,neal skinner,Senior Design Project II
CE,4389,004,,,,,,,,,,,,,,,,,,,Marco Tacca,,,,,,mtacca,marco tacca,Senior Design Project II
CE,4389,005,,,,,,,,,,,,,,,,,,,Marco Tacca,,,,,,mtacca,marco tacca,Senior Design Project II
CE,4v97,091,,,,,,,,,,,,,,,,,,,Lakshman Tamil,,,,,,laxman,lakshman tamil,Independent Study in Computer Engineering
CE,7001,001,,,,,,,,,,,,,,,,,,,Kamran Kiasaleh,,,,,,kamran,kamran kiasaleh,Seminar
CE,7001,091,,,,,,,,,,,,,,,,,,,Kamran Kiasaleh,,,,,,kamran,kamran kiasaleh,Seminar
CE,7325,0w1,,,,,,,,,,,,,,,,,,,Carl Sechen,,,,,,cms057000,carl sechen,Advanced VLSI Design
CE,8v40,091,,,,,,,,,,,,,,,,,,,Dinesh Bhatia,,,,,,dinesh,dinesh bhatia,Individual Instruction in Computer Engineering
CHEM,1311,7w1,,,,,,,,,,,,,,,,,,,Saba Khan,Amandeep Sra,,,,,sxk240061,saba khan,General Chemistry I
CHEM,1312,701,,,,,,,,,,,,,,,,,,,Gregg Dieckmann,Fadwa Anka,Stephanie Taylor,Nimali Abeykoon,,,dieckgr,gregg dieckmann,General Chemistry II
CHEM,2233,0w1,,,,,,,,,,,,,,,,,,,Daniel Tran,Nimanka Panapitiya,Sergio Cortes,Sumudu Wijenayake,Jing Ge,,dnt019000,daniel tran,Introductory Organic Chemistry Laboratory
CHEM,4v01,0w1,,,,,,,,,,,,,,,,,,,Amandeep Sra,,,,,,aks057000,amandeep sra,Topics in Chemistry  - Chem Clinic Apprenticeship
CHEM,4v01,0w2,,,,,,,,,,,,,,,,,,,Nimali Abeykoon,,,,,,nxa124430,nimali abeykoon,Topics in Chemistry  - Gen Chem La Practicum
CHEM,8v91,042,,,,,,,,,,,,,,,,,,,Vladimir Gevorgyan,,,,,,vxg190013,vladimir gevorgyan,Research in Chemistry
CHEM,8v98,042,,,,,,,,,,,,,,,,,,,,,,,,,,,Thesis
CHEM,8v98,050,,,,,,,,,,,,,,,,,,,,,,,,,,,Thesis
CHEM,8v99,042,,,,,,,,,,,,,,,,,,,Vladimir Gevorgyan,,,,,,vxg190013,vladimir gevorgyan,Dissertation
COMM,1311,0w1,,,,,,,,,,,,,,,,,,,Allison Templeton,,,,,,aam141730,allison templeton,Introduction to Communication Studies
COMM,1311,0w2,,,,,,,,,,,,,,,,,,,Allison Templeton,,,,,,aam141730,allison templeton,Introduction to Communication Studies
COMM,1311,0w3,,,,,,,,,,,,,,,,,,,Melodee Sova,,,,,,mls230004,melodee sova,Introduction to Communication Studies
COMM,1311,0w4,,,,,,,,,,,,,,,,,,,James Fraley,,,,,,jmf210007,james fraley,Introduction to Communication Studies
COMM,1311,0w5,,,,,,,,,,,,,,,,,,,Alecia Williams,,,,,,axw124630,alecia williams,Introduction to Communication Studies
COMM,1311,0w6,,,,,,,,,,,,,,,,,,,Alecia Williams,,,,,,axw124630,alecia williams,Introduction to Communication Studies
COMM,1311,0w7,,,,,,,,,,,,,,,,,,,Gregory McCown,,,,,,dal165786,,Introduction to Communication Studies
COMM,1311,0w8,,,,,,,,,,,,,,,,,,,Gregory McCown,,,,,,dal165786,,Introduction to Communication Studies
COMM,1311,0w9,,,,,,,,,,,,,,,,,,,Lari Tanner,,,,,,ljt130130,lari tanner,Introduction to Communication Studies
COMM,1311,5w1,,,,,,,,,,,,,,,,,,,Amanda Arrambide,,,,,,dal394293,amanda arrambide,Introduction to Communication Studies
COMM,1311,5w2,,,,,,,,,,,,,,,,,,,Melodee Sova,,,,,,mls230004,melodee sova,Introduction to Communication Studies
COMM,1311,5w3,,,,,,,,,,,,,,,,,,,James Fraley,,,,,,jmf210007,james fraley,Introduction to Communication Studies
COMM,1315,0w1,,,,,,,,,,,,,,,,,,,Charles Cannon,,,,,,cxc190014,charles cannon,Public Speaking
COMM,1315,0w2,,,,,,,,,,,,,,,,,,,Charles Cannon,,,,,,cxc190014,charles cannon,Public Speaking
COMM,1315,0w3,,,,,,,,,,,,,,,,,,,Mike Bromberg,,,,,,mxb210046,mike bromberg,Public Speaking
COMM,1315,0w4,,,,,,,,,,,,,,,,,,,Sarah Spikeston,,,,,,dal391281,,Public Speaking
DANC,1310,0w1,,,,,,,,,,,,,,,,,,,Hayley Duplantier,,,,,,hjd230000,hayley duplantier,Understanding Dance
ECS,1192,001,,,,,,,,,,,,,,,,,,,Justin Ruths,,,,,,jxr163730,justin ruths,Research  Inquiry  Design Experience  - Nova: Autonomous Vehicles
ECS,1192,003,,,,,,,,,,,,,,,,,,,Andrea Fumagalli,,,,,,andreaf,andrea fumagalli,Research  Inquiry  Design Experience  - Nxt Gen Radio & Optic Networks
ECS,1192,004,,,,,,,,,,,,,,,,,,,Ifana Mahbub,Erik Pineda-Alvarez,,,,,ixm121830,ifana mahbub,Research  Inquiry  Design Experience  - Uav Tracking and Communication
ECS,1192,006,,,,,,,,,,,,,,,,,,,Joseph Friedman,,,,,,jsf160330,joseph friedman,Research  Inquiry  Design Experience  - Neuromorphic AI Hardware
ECS,1192,008,,,,,,,,,,,,,,,,,,,Wei Yang,,,,,,wxy180002,wei yang,Research  Inquiry  Design Experience  - AI System Stack Dev
ECS,1192,010,,,,,,,,,,,,,,,,,,,Jie Zhang,,,,,,jxz156730,jie zhang,Research  Inquiry  Design Experience  - Small Modular Reactor Control
ECS,1192,012,,,,,,,,,,,,,,,,,,,Kianoosh Yousefi,,,,,,kxy220011,kianoosh yousefi,Research  Inquiry  Design Experience  - Water Waves Propagation
ECS,1192,013,,,,,,,,,,,,,,,,,,,Zejiang Wang,,,,,,zxw240006,zejiang wang,Research  Inquiry  Design Experience  - Vr-physical Proving Ground
ECS,1192,014,,,,,,,,,,,,,,,,,,,Kianoosh Yousefi,,,,,,kxy220011,kianoosh yousefi,Research  Inquiry  Design Experience  - Turbulent Wave Boundary Layers
ECS,1192,019,,,,,,,,,,,,,,,,,,,Yanwen Xu,,,,,,yxx230007,,Research  Inquiry  Design Experience  - AI-driven Design Methods
ECS,1192,026,,,,,,,,,,,,,,,,,,,Jiannan Li,,,,,,dal850562,,Research  Inquiry  Design Experience  - Custom Build A 3d Bioprinter
ECS,1192,031,,,,,,,,,,,,,,,,,,,Dan Burleson,,,,,,dal574903,dan burleson,Research  Inquiry  Design Experience  - Computational Thinking in Ecs
ECS,1192,033,,,,,,,,,,,,,,,,,,,Soneya Binta Hossain,,,,,,dal124668,,Research  Inquiry  Design Experience  - Resilient Llm's for Buggy Code
ECS,1192,036,,,,,,,,,,,,,,,,,,,Matthew Gardner,,,,,,mcg200004,matthew gardner,Research  Inquiry  Design Experience  - Wind Turbine Electrical Design
ECS,1192,037,,,,,,,,,,,,,,,,,,,Shuang Cui,Bernadette Magalindan,,,,,sxc200064,shuang cui,Research  Inquiry  Design Experience  - Design of Biobased Pcm's
ECS,1192,039,,,,,,,,,,,,,,,,,,,Yonas Tadesse,Syed Imranuddin,,,,,ytt110030,yonas tadesse,Research  Inquiry  Design Experience  - Design of Robotic Systems
ECS,1192,041,,,,,,,,,,,,,,,,,,,Soneya Binta Hossain,,,,,,dal124668,,Research  Inquiry  Design Experience  - AI for Software Testing
ECS,1192,044,,,,,,,,,,,,,,,,,,,Daniel Griffith,,,,,,dtg170130,daniel griffith,Research  Inquiry  Design Experience  - Wind Turbine Mechanical Design
ECS,1192,045,,,,,,,,,,,,,,,,,,,Soneya Binta Hossain,,,,,,dal124668,,Research  Inquiry  Design Experience  - AI for Quantum Se
ECS,1192,046,,,,,,,,,,,,,,,,,,,Xinda Wang,,,,,,xxw230005,xinda wang,Research  Inquiry  Design Experience  - AI for Software Security
ECS,1192,048,,,,,,,,,,,,,,,,,,,Manuel Quevedo-Lopez,,,,,,mxq071000,manuel quevedo lopez,Research  Inquiry  Design Experience  - Systems for Radiation Sensing
ECS,2192,001,,,,,,,,,,,,,,,,,,,Justin Ruths,,,,,,jxr163730,justin ruths,Research  Inquiry  Design Experience  - Nova: Autonomous Vehicles
ECS,2192,003,,,,,,,,,,,,,,,,,,,Andrea Fumagalli,,,,,,andreaf,andrea fumagalli,Research  Inquiry  Design Experience  - Nxt Gen Radio & Optic Networks
ECS,2192,004,,,,,,,,,,,,,,,,,,,Ifana Mahbub,Erik Pineda-Alvarez,,,,,ixm121830,ifana mahbub,Research  Inquiry  Design Experience  - Uav Tracking and Communication
ECS,2192,006,,,,,,,,,,,,,,,,,,,Joseph Friedman,,,,,,jsf160330,joseph friedman,Research  Inquiry  Design Experience  - Neuromorphic AI Hardware
ECS,2192,008,,,,,,,,,,,,,,,,,,,Wei Yang,,,,,,wxy180002,wei yang,Research  Inquiry  Design Experience  - AI System Stack Dev
ECS,2192,010,,,,,,,,,,,,,,,,,,,Jie Zhang,,,,,,jxz156730,jie zhang,Research  Inquiry  Design Experience  - Small Modular Reactor Control
ECS,2192,012,,,,,,,,,,,,,,,,,,,Kianoosh Yousefi,,,,,,kxy220011,kianoosh yousefi,Research  Inquiry  Design Experience  - Water Waves Propagation
ECS,2192,013,,,,,,,,,,,,,,,,,,,Zejiang Wang,,,,,,zxw240006,zejiang wang,Research  Inquiry  Design Experience  - Vr-physical Proving Ground
ECS,2192,014,,,,,,,,,,,,,,,,,,,Kianoosh Yousefi,,,,,,kxy220011,kianoosh yousefi,Research  Inquiry  Design Experience  - Turbulent Wave Boundary Layers
ECS,2192,019,,,,,,,,,,,,,,,,,,,Yanwen Xu,,,,,,yxx230007,,Research  Inquiry  Design Experience  - AI-driven Design Methods
ECS,2192,026,,,,,,,,,,,,,,,,,,,Jiannan Li,,,,,,dal850562,,Research  Inquiry  Design Experience  - Custom Build A 3d Bioprinter
ECS,2192,031,,,,,,,,,,,,,,,,,,,Dan Burleson,,,,,,dal574903,dan burleson,Research  Inquiry  Design Experience  - Computational Thinking in Ecs
ECS,2192,033,,,,,,,,,,,,,,,,,,,Soneya Binta Hossain,,,,,,dal124668,,Research  Inquiry  Design Experience  - Resilient Llm's for Buggy Code
ECS,2192,036,,,,,,,,,,,,,,,,,,,Matthew Gardner,,,,,,mcg200004,matthew gardner,Research  Inquiry  Design Experience  - Wind Turbine Electrical Design
ECS,2192,037,,,,,,,,,,,,,,,,,,,Shuang Cui,Bernadette Magalindan,,,,,sxc200064,shuang cui,Research  Inquiry  Design Experience  - Design of Biobased Pcm's
ECS,2192,039,,,,,,,,,,,,,,,,,,,Yonas Tadesse,Syed Imranuddin,,,,,ytt110030,yonas tadesse,Research  Inquiry  Design Experience  - Design of Robotic Systems
ECS,2192,041,,,,,,,,,,,,,,,,,,,Soneya Binta Hossain,,,,,,dal124668,,Research  Inquiry  Design Experience  - AI for Software Testing
ECS,2192,044,,,,,,,,,,,,,,,,,,,Daniel Griffith,,,,,,dtg170130,daniel griffith,Research  Inquiry  Design Experience  - Wind Turbine Mechanical Design
ECS,2192,045,,,,,,,,,,,,,,,,,,,Soneya Binta Hossain,,,,,,dal124668,,Research  Inquiry  Design Experience  - AI for Quantum Se
ECS,2192,046,,,,,,,,,,,,,,,,,,,Xinda Wang,,,,,,xxw230005,xinda wang,Research  Inquiry  Design Experience  - AI for Software Security
ECS,2192,048,,,,,,,,,,,,,,,,,,,Manuel Quevedo-Lopez,,,,,,mxq071000,manuel quevedo lopez,Research  Inquiry  Design Experience  - Systems for Radiation Sensing
ECS,2192,091,,,,,,,,,,,,,,,,,,,Xinfang Jin,,,,,,dal356464,,Research  Inquiry  Design Experience  - Clean Energy Exhibit
ECS,3292,001,,,,,,,,,,,,,,,,,,,Justin Ruths,,,,,,jxr163730,justin ruths,Research  Inquiry  Design Experience  - Nova: Autonomous Vehicles
ECS,3292,003,,,,,,,,,,,,,,,,,,,Andrea Fumagalli,,,,,,andreaf,andrea fumagalli,Research  Inquiry  Design Experience  - Nxt Gen Radio & Optic Networks
ECS,3292,004,,,,,,,,,,,,,,,,,,,Ifana Mahbub,Erik Pineda-Alvarez,,,,,ixm121830,ifana mahbub,Research  Inquiry  Design Experience  - Uav Tracking and Communication
ECS,3292,006,,,,,,,,,,,,,,,,,,,Joseph Friedman,,,,,,jsf160330,joseph friedman,Research  Inquiry  Design Experience  - Neuromorphic AI Hardware
ECS,3292,008,,,,,,,,,,,,,,,,,,,Wei Yang,,,,,,wxy180002,wei yang,Research  Inquiry  Design Experience  - AI System Stack Dev
ECS,3292,010,,,,,,,,,,,,,,,,,,,Jie Zhang,,,,,,jxz156730,jie zhang,Research  Inquiry  Design Experience  - Small Modular Reactor Control
ECS,3292,012,,,,,,,,,,,,,,,,,,,Kianoosh Yousefi,,,,,,kxy220011,kianoosh yousefi,Research  Inquiry  Design Experience  - Water Waves Propagation
ECS,3292,013,,,,,,,,,,,,,,,,,,,Zejiang Wang,,,,,,zxw240006,zejiang wang,Research  Inquiry  Design Experience  - Vr-physical Proving Ground
ECS,3292,014,,,,,,,,,,,,,,,,,,,Kianoosh Yousefi,,,,,,kxy220011,kianoosh yousefi,Research  Inquiry  Design Experience  - Turbulent Wave Boundary Layers
ECS,3292,019,,,,,,,,,,,,,,,,,,,Yanwen Xu,,,,,,yxx230007,,Research  Inquiry  Design Experience  - AI-driven Design Methods
ECS,3292,026,,,,,,,,,,,,,,,,,,,Jiannan Li,,,,,,dal850562,,Research  Inquiry  Design Experience  - Custom Build A 3d Bioprinter
ECS,3292,031,,,,,,,,,,,,,,,,,,,Dan Burleson,,,,,,dal574903,dan burleson,Research  Inquiry  Design Experience  - Computational Thinking in Ecs
ECS,3292,033,,,,,,,,,,,,,,,,,,,Soneya Binta Hossain,,,,,,dal124668,,Research  Inquiry  Design Experience  - Resilient Llm's for Buggy Code
ECS,3292,036,,,,,,,,,,,,,,,,,,,Matthew Gardner,,,,,,mcg200004,matthew gardner,Research  Inquiry  Design Experience  - Wind Turbine Electrical Design
ECS,3292,037,,,,,,,,,,,,,,,,,,,Shuang Cui,Bernadette Magalindan,,,,,sxc200064,shuang cui,Research  Inquiry  Design Experience  - Design of Biobased Pcm's
ECS,3292,039,,,,,,,,,,,,,,,,,,,Yonas Tadesse,Syed Imranuddin,,,,,ytt110030,yonas tadesse,Research  Inquiry  Design Experience  - Design of Robotic Systems
ECS,3292,041,,,,,,,,,,,,,,,,,,,Soneya Binta Hossain,,,,,,dal124668,,Research  Inquiry  Design Experience  - AI for Software Testing
ECS,3292,044,,,,,,,,,,,,,,,,,,,Daniel Griffith,,,,,,dtg170130,daniel griffith,Research  Inquiry  Design Experience  - Wind Turbine Mechanical Design
ECS,3292,045,,,,,,,,,,,,,,,,,,,Soneya Binta Hossain,,,,,,dal124668,,Research  Inquiry  Design Experience  - AI for Quantum Se
ECS,3292,046,,,,,,,,,,,,,,,,,,,Xinda Wang,,,,,,xxw230005,xinda wang,Research  Inquiry  Design Experience  - AI for Software Security
ECS,3292,048,,,,,,,,,,,,,,,,,,,Manuel Quevedo-Lopez,,,,,,mxq071000,manuel quevedo lopez,Research  Inquiry  Design Experience  - Systems for Radiation Sensing
ECS,4392,001,,,,,,,,,,,,,,,,,,,Justin Ruths,,,,,,jxr163730,justin ruths,Research  Inquiry  Design Experience  - Nova: Autonomous Vehicles
ECS,4392,003,,,,,,,,,,,,,,,,,,,Andrea Fumagalli,,,,,,andreaf,andrea fumagalli,Research  Inquiry  Design Experience  - Nxt Gen Radio & Optic Networks
ECS,4392,004,,,,,,,,,,,,,,,,,,,Ifana Mahbub,Erik Pineda-Alvarez,,,,,ixm121830,ifana mahbub,Research  Inquiry  Design Experience  - Uav Tracking and Communication
ECS,4392,006,,,,,,,,,,,,,,,,,,,Joseph Friedman,,,,,,jsf160330,joseph friedman,Research  Inquiry  Design Experience  - Neuromorphic AI Hardware
ECS,4392,008,,,,,,,,,,,,,,,,,,,Wei Yang,,,,,,wxy180002,wei yang,Research  Inquiry  Design Experience  - AI System Stack Dev
ECS,4392,010,,,,,,,,,,,,,,,,,,,Jie Zhang,,,,,,jxz156730,jie zhang,Research  Inquiry  Design Experience  - Small Modular Reactor Control
ECS,4392,012,,,,,,,,,,,,,,,,,,,Kianoosh Yousefi,,,,,,kxy220011,kianoosh yousefi,Research  Inquiry  Design Experience  - Water Waves Propagation
ECS,4392,013,,,,,,,,,,,,,,,,,,,Zejiang Wang,,,,,,zxw240006,zejiang wang,Research  Inquiry  Design Experience  - Vr-physical Proving Ground
ECS,4392,014,,,,,,,,,,,,,,,,,,,Kianoosh Yousefi,,,,,,kxy220011,kianoosh yousefi,Research  Inquiry  Design Experience  - Turbulent Wave Boundary Layers
ECS,4392,019,,,,,,,,,,,,,,,,,,,Yanwen Xu,,,,,,yxx230007,,Research  Inquiry  Design Experience  - AI-driven Design Methods
ECS,4392,026,,,,,,,,,,,,,,,,,,,Jiannan Li,,,,,,dal850562,,Research  Inquiry  Design Experience  - Custom Build A 3d Bioprinter
ECS,4392,031,,,,,,,,,,,,,,,,,,,Dan Burleson,,,,,,dal574903,dan burleson,Research  Inquiry  Design Experience  - Computational Thinking in Ecs
ECS,4392,033,,,,,,,,,,,,,,,,,,,Soneya Binta Hossain,,,,,,dal124668,,Research  Inquiry  Design Experience  - Resilient Llm's for Buggy Code
ECS,4392,036,,,,,,,,,,,,,,,,,,,Matthew Gardner,,,,,,mcg200004,matthew gardner,Research  Inquiry  Design Experience  - Wind Turbine Electrical Design
ECS,4392,037,,,,,,,,,,,,,,,,,,,Shuang Cui,Bernadette Magalindan,,,,,sxc200064,shuang cui,Research  Inquiry  Design Experience  - Design of Biobased Pcm's
ECS,4392,039,,,,,,,,,,,,,,,,,,,Yonas Tadesse,Syed Imranuddin,,,,,ytt110030,yonas tadesse,Research  Inquiry  Design Experience  - Design of Robotic Systems
ECS,4392,041,,,,,,,,,,,,,,,,,,,Soneya Binta Hossain,,,,,,dal124668,,Research  Inquiry  Design Experience  - AI for Software Testing
ECS,4392,044,,,,,,,,,,,,,,,,,,,Daniel Griffith,,,,,,dtg170130,daniel griffith,Research  Inquiry  Design Experience  - Wind Turbine Mechanical Design
ECS,4392,045,,,,,,,,,,,,,,,,,,,Soneya Binta Hossain,,,,,,dal124668,,Research  Inquiry  Design Experience  - AI for Quantum Se
ECS,4392,046,,,,,,,,,,,,,,,,,,,Xinda Wang,,,,,,xxw230005,xinda wang,Research  Inquiry  Design Experience  - AI for Software Security
ECS,4392,048,,,,,,,,,,,,,,,,,,,Manuel Quevedo-Lopez,,,,,,mxq071000,manuel quevedo lopez,Research  Inquiry  Design Experience  - Systems for Radiation Sensing
ECSC,4078,001,,,,,,,,,,,,,,,,,,,Mary Stewart,,,,,,mas051000,,Engineering and Computer Science Internship
ECSC,4078,091,,,,,,,,,,,,,,,,,,,Mary Stewart,,,,,,mas051000,,Engineering and Computer Science Internship
ECSC,4v78,001,,,,,,,,,,,,,,,,,,,Mary Stewart,,,,,,mas051000,,Engineering and Computer Science Internship
ECSC,4v78,091,,,,,,,,,,,,,,,,,,,Mary Stewart,,,,,,mas051000,,Engineering and Computer Science Internship
ECSC,5177,001,,,,,,,,,,,,,,,,,,,Mary Stewart,,,,,,mas051000,,CS IPP Assignment
ECSC,5177,091,,,,,,,,,,,,,,,,,,,Mary Stewart,,,,,,mas051000,,CS IPP Assignment
ECSC,5179,001,,,,,,,,,,,,,,,,,,,Mary Stewart,,,,,,mas051000,,ENG IPP Assignment
ECSC,5179,091,,,,,,,,,,,,,,,,,,,Mary Stewart,,,,,,mas051000,,ENG IPP Assignment
EE,4388,001,,,,,,,,,,,,,,,,,,,John Hansen,,,,,,jxh052100,john hansen,Senior Design Project I
EE,4388,002,,,,,,,,,,,,,,,,,,,Neal Skinner,,,,,,skinner,neal skinner,Senior Design Project I
EE,4389,001,,,,,,,,,,,,,,,,,,,Neal Skinner,,,,,,skinner,neal skinner,Senior Design Project II
EE,4389,002,,,,,,,,,,,,,,,,,,,Neal Skinner,,,,,,skinner,neal skinner,Senior Design Project II
EE,4389,003,,,,,,,,,,,,,,,,,,,Neal Skinner,,,,,,skinner,neal skinner,Senior Design Project II
EE,4389,004,,,,,,,,,,,,,,,,,,,Marco Tacca,,,,,,mtacca,marco tacca,Senior Design Project II
EE,4389,005,,,,,,,,,,,,,,,,,,,Marco Tacca,,,,,,mtacca,marco tacca,Senior Design Project II
EE,4v97,020,,,,,,,,,,,,,,,,,,,Mohammed Ali,,,,,,mohammed,ali mohammed,Independent Study in Electrical Engineering
EE,4v97,092,,,,,,,,,,,,,,,,,,,Mohammed Ali,,,,,,mohammed,ali mohammed,Independent Study in Electrical Engineering
EE,4v97,093,,,,,,,,,,,,,,,,,,,Babak Fahimi,,,,,,bxf102000,babak fahimi,Independent Study in Electrical Engineering
EE,4v98,027,,,,,,,,,,,,,,,,,,,Joseph Friedman,,,,,,jsf160330,joseph friedman,Undergraduate Research in Electrical Engineering  - Reversible Computing Research
EE,4v98,094,,,,,,,,,,,,,,,,,,,Andrea Fumagalli,,,,,,andreaf,andrea fumagalli,Undergraduate Research in Electrical Engineering  - Non-lin Mod for Opt Trnms Sys
EECT,7325,0w1,,,,,,,,,,,,,,,,,,,Carl Sechen,,,,,,cms057000,carl sechen,Advanced VLSI Design
EEGR,7001,001,,,,,,,,,,,,,,,,,,,Kamran Kiasaleh,,,,,,kamran,kamran kiasaleh,Seminar
EEGR,8v70,091,,,,,,,,,,,,,,,,,,,Naofal Al-Dhahir,,,,,,nxa028000,naofal al dhahir,Research in Electrical Engineering
EEGR,8v70,095,,,,,,,,,,,,,,,,,,,Benjamin Carrion Schaefer,,,,,,bxc162630,benjamin carrion schaefer,Research in Electrical Engineering
ENTP,3301,0w1,,,,,,,,,,,,,,,,,,,Madison Pedigo,,,,,,mfp013000,madison pedigo,Innovation and Entrepreneurship
ENTP,3301,0w2,,,,,,,,,,,,,,,,,,,Madison Pedigo,,,,,,mfp013000,madison pedigo,Innovation and Entrepreneurship
ENTP,4335,0w1,,,,,,,,,,,,,,,,,,,Alexander Edsel,,,,,,ade012000,alexander edsel,Digital and Internet Marketing
ENTP,4335,0w2,,,,,,,,,,,,,,,,,,,Alexander Edsel,,,,,,ade012000,alexander edsel,Digital and Internet Marketing
ENTP,6304,0w1,,,,,,,,,,,,,,,,,,,Habte Woldu,,,,,,wolduh,habte woldu,International Business Management
ENTP,6310,0w1,,,,,,,,,,,,,,,,,,,Jun Xia,,,,,,jxx132030,jun xia,Strategic Management
ENTP,6321,0w1,,,,,,,,,,,,,,,,,,,Julie Lynch,,,,,,jxl180030,julie lynch,Introduction to Real Estate
ENTP,6321,0w2,,,,,,,,,,,,,,,,,,,Julie Lynch,,,,,,jxl180030,julie lynch,Introduction to Real Estate
ENTP,6370,0w1,,,,,,,,,,,,,,,,,,,Jackie Kimzey,,,,,,jxk092000,jackie kimzey,Innovation and Entrepreneurship
ENTP,6380,0w1,,,,,,,,,,,,,,,,,,,Paul Nichols,,,,,,pxn120030,paul nichols,Market Entry Strategies
FILM,1303,0w1,,,,,,,,,,,,,,,,,,,Jason Bennett,,,,,,jhb042000,jason bennett,Transnational Film and Video
FILM,1303,0w2,,,,,,,,,,,,,,,,,,,Angelica Martinez Ochoa,,,,,,amm180028,,Transnational Film and Video
FILM,1303,0w3,,,,,,,,,,,,,,,,,,,Angelica Martinez Ochoa,,,,,,amm180028,,Transnational Film and Video
FILM,1303,0w4,,,,,,,,,,,,,,,,,,,Kasif Rahman,,,,,,mkr200003,kasif rahman,Transnational Film and Video
FILM,1303,0w5,,,,,,,,,,,,,,,,,,,Heidi Cooley,,,,,,hxc176430,heidi cooley,Transnational Film and Video
FILM,2332,0w1,,,,,,,,,,,,,,,,,,,Tinamarie Ivey,,,,,,txi210000,tinamarie ivey,Understanding Film
FILM,2332,0w2,,,,,,,,,,,,,,,,,,,Dalton Cooper,,,,,,dwc200005,dalton cooper,Understanding Film
FILM,2332,0w3,,,,,,,,,,,,,,,,,,,Stephanie Oliver,,,,,,sxo180009,stephanie oliver,Understanding Film
FILM,2332,0w4,,,,,,,,,,,,,,,,,,,Sabine Sassner,,,,,,sxw220001,,Understanding Film
FILM,2332,0w5,,,,,,,,,,,,,,,,,,,Stephanie Oliver,,,,,,sxo180009,stephanie oliver,Understanding Film
FIN,3300,0w1,,,,,,,,,,,,,,,,,,,Julie Lynch,,,,,,jxl180030,julie lynch,Personal Finance
FIN,6301,0w1,,,,,,,,,,,,,,,,,,,Hirofumi Nishi,,,,,,hxn210016,,Financial Management
FIN,6307,0w1,,,,,,,,,,,,,,,,,,,Liping Ma,,,,,,lxm133730,liping ma,Mathematical Methods for Finance
FIN,6308,0w1,,,,,,,,,,,,,,,,,,,Peter Lewin,,,,,,plewin,peter lewin,Regulation of Business and Financial Markets
FIN,6310,0w1,,,,,,,,,,,,,,,,,,,Dupinderjeet Kaur,,,,,,dxk110730,dupinderjeet kaur,Investment Theory and Practice
FIN,6321,0w1,,,,,,,,,,,,,,,,,,,Julie Lynch,,,,,,jxl180030,julie lynch,Introduction to Real Estate
FIN,6321,0w2,,,,,,,,,,,,,,,,,,,Julie Lynch,,,,,,jxl180030,julie lynch,Introduction to Real Estate
FIN,6360,0w1,,,,,,,,,,,,,,,,,,,Feng Zhao,,,,,,fxz082000,feng zhao,Derivatives Markets
FIN,6392,0w1,,,,,,,,,,,,,,,,,,,Zhiqiang Zheng,,,,,,zxz062000,zhiqiang zheng,Financial Technology and Blockchain
GEOS,1303,0w1,,,,,,,,,,,,,,,,,,,Ignacio Pujana,William Griffin,,,,,pujana,ignacio pujana,Physical Geology
GEOS,1303,0w2,,,,,,,,,,,,,,,,,,,Siloa Willis,,,,,,sbw140030,,Physical Geology
GEOS,2302,0w1,,,,,,,,,,,,,,,,,,,Md. Nakir Ahmed,,,,,,mxa200006,md nakir ahmed,The Global Environment
GEOS,2310,0w1,,,,,,,,,,,,,,,,,,,Inessa Yurchenko,,,,,,ixy220003,,Environmental Geology
GEOS,6381,0w1,,,,,,,,,,,,,,,,,,,Yongwan Chun,,,,,,yxc070300,,Geographic Information Systems Fundamentals
GEOS,6383,0w1,,,,,,,,,,,,,,,,,,,John Fell,,,,,,jfell,john fell,Applied Geographic Information Systems
GEOS,6384,0w1,,,,,,,,,,,,,,,,,,,Fang Qiu,,,,,,ffqiu,fang qiu,Advanced Geographic Information Systems
HIST,3307,0w1,,,,,,,,,,,,,,,,,,,Debra Pfister,,,,,,dhpf,debra pfister,War  Genocide  and Human Rights
HMGT,3301,0w1,,,,,,,,,,,,,,,,,,,Lea Aubrey,,,,,,lec110030,lea aubrey,Healthcare Management
HMGT,4v90,001,,,,,,,,,,,,,,,,,,,Nada Hashim,,,,,,nih160030,,Healthcare Management Internship
HMGT,4v90,002,,,,,,,,,,,,,,,,,,,Nada Hashim,,,,,,nih160030,,Healthcare Management Internship
HMGT,4v90,003,,,,,,,,,,,,,,,,,,,Nada Hashim,,,,,,nih160030,,Healthcare Management Internship
HMGT,4v90,091,,,,,,,,,,,,,,,,,,,Nada Hashim,,,,,,nih160030,,Healthcare Management Internship
HMGT,4v90,092,,,,,,,,,,,,,,,,,,,Nada Hashim,,,,,,nih160030,,Healthcare Management Internship
HMGT,4v90,093,,,,,,,,,,,,,,,,,,,Nada Hashim,,,,,,nih160030,,Healthcare Management Internship
HMGT,6311,0w1,,,,,,,,,,,,,,,,,,,Daniel Karnuta,,,,,,dxk173030,daniel karnuta,Healthcare Financial and Operations Accounting
HMGT,6320,0w1,,,,,,,,,,,,,,,,,,,Keith Thurgood,,,,,,klt160130,keith thurgood,The American Healthcare System
HMGT,6320,0w2,,,,,,,,,,,,,,,,,,,Keith Thurgood,,,,,,klt160130,keith thurgood,The American Healthcare System
HMGT,6321,0w1,,,,,,,,,,,,,,,,,,,Kannan Ramanathan,,,,,,kxr087000,kannan ramanathan,Strategic Leadership of Healthcare Organizations
HMGT,6323,0w1,,,,,,,,,,,,,,,,,,,Mehmet Ayvaci,,,,,,mua120030,mehmet ayvaci,Healthcare Informatics
HMGT,6324,0w1,,,,,,,,,,,,,,,,,,,Junfeng Wu,,,,,,jxw175430,junfeng wu,Healthcare Negotiation and Dispute Resolution
HMGT,6324,0w2,,,,,,,,,,,,,,,,,,,Junfeng Wu,,,,,,jxw175430,junfeng wu,Healthcare Negotiation and Dispute Resolution
HMGT,6330,0w1,,,,,,,,,,,,,,,,,,,Jeffery Drummond,,,,,,jpd160230,jeffery drummond,Healthcare Law  Policy and Regulation
HMGT,6332,0w1,,,,,,,,,,,,,,,,,,,Kannan Ramanathan,,,,,,kxr087000,kannan ramanathan,Quality Improvement in Healthcare  Six Sigma and Beyond
HMGT,6335,0w1,,,,,,,,,,,,,,,,,,,Kannan Ramanathan,,,,,,kxr087000,kannan ramanathan,Spreadsheet Modeling and Analytics
IMS,6304,0w1,,,,,,,,,,,,,,,,,,,Habte Woldu,,,,,,wolduh,habte woldu,International Business Management
IMS,6365,0w1,,,,,,,,,,,,,,,,,,,Habte Woldu,,,,,,wolduh,habte woldu,Cross-Cultural Management Analysis
ISAH,4v50,001,,,,,,,,,,,,,,,,,,,John Westmoreland,,,,,,dal188427,john westmoreland,Internship
ISNS,2359,0w1,,,,,,,,,,,,,,,,,,,Steven Pirouz,,,,,,mxp180004,mortaza pirouz,Earthquakes and Volcanoes
ISNS,2359,0w2,,,,,,,,,,,,,,,,,,,Nicholas Mueller,,,,,,njm043000,,Earthquakes and Volcanoes
ISNS,2359,0w3,,,,,,,,,,,,,,,,,,,Steven Pirouz,Siloa Willis,,,,,mxp180004,mortaza pirouz,Earthquakes and Volcanoes
ISNS,2359,0w4,,,,,,,,,,,,,,,,,,,Steven Pirouz,,,,,,mxp180004,mortaza pirouz,Earthquakes and Volcanoes
ISNS,2367,0w1,,,,,,,,,,,,,,,,,,,Ignacio Pujana,William Griffin,,,,,pujana,ignacio pujana,The Oceans
ISNS,2367,0w2,,,,,,,,,,,,,,,,,,,Katharine Sink,,,,,,kos180000,,The Oceans
ISNS,2367,0w3,,,,,,,,,,,,,,,,,,,Ignacio Pujana,William Griffin,,,,,pujana,ignacio pujana,The Oceans
ISNS,2367,0w4,,,,,,,,,,,,,,,,,,,Katharine Sink,,,,,,kos180000,,The Oceans
ISNS,2367,0w5,,,,,,,,,,,,,,,,,,,Xian Wu,Qian Zhao,,,,,dal138778,xian wu,The Oceans
ITSS,4370,0w1,,,,,,,,,,,,,,,,,,,Sumit Majumdar,,,,,,skm021100,sumit majumdar,Information Technology Infrastructure
ITSS,4370,0w2,,,,,,,,,,,,,,,,,,,Sumit Majumdar,,,,,,skm021100,sumit majumdar,Information Technology Infrastructure
MAS,6102,0w1,,,,,,,,,,,,,,,,,,,Tiffany Chen,,,,,,txc180006,,Professional Development
MATH,1316,701,,,,,,,,,,,,,,,,,,,Julie Sutton,,,,,,jxs158030,julie sutton,Trigonometry
MATH,8v99,005,,,,,,,,,,,,,,,,,,,Ronan Conlon,,,,,,rxc200021,ronan conlon,Dissertation
MECH,1208,0w1,,,,,,,,,,,,,,,,,,,Dani Fadda,Jiannan Li,Layla Nour Izadi,,,,dzf091000,dani fadda,Introduction to Mechanical Engineering II
MECH,3305,0w1,,,,,,,,,,,,,,,,,,,Oziel Rios,,,,,,oxr106020,oziel rios,Computer Aided Design
MECH,3305,0w2,,,,,,,,,,,,,,,,,,,Oziel Rios,,,,,,oxr106020,oziel rios,Computer Aided Design
MECH,3310,0w1,,,,,,,,,,,,,,,,,,,Hui Ouyang,,,,,,hxo150330,hui ouyang,Thermodynamics
MECH,3380,0w1,,,,,,,,,,,,,,,,,,,Arif Malik,,,,,,axm154531,arif malik,Introduction to Computational Design and Analysis
MECH,4v98,004,,,,,,,,,,,,,,,,,,,Hui Ouyang,,,,,,hxo150330,hui ouyang,Undergraduate Research in Mechanical Engineering  - Rsrch Proj in Aerosol Science
MECH,4v98,005,,,,,,,,,,,,,,,,,,,Shuang Cui,,,,,,sxc200064,shuang cui,Undergraduate Research in Mechanical Engineering  - Radiative Cooling Generation
MECH,4v98,031,,,,,,,,,,,,,,,,,,,Zhenpeng Qin,,,,,,zxq140530,zhenpeng qin,Undergraduate Research in Mechanical Engineering  - Nano-bio Research
MECH,4v98,093,,,,,,,,,,,,,,,,,,,Joshua Summers,,,,,,jxs200065,joshua summers,Undergraduate Research in Mechanical Engineering
MECO,6303,0w1,,,,,,,,,,,,,,,,,,,Peter Lewin,,,,,,plewin,peter lewin,Business Economics
MECO,6312,0w1,,,,,,,,,,,,,,,,,,,Moran Blueshtein,,,,,,mxb135230,moran blueshtein,Applied Econometrics and Time Series Analysis
MECO,6352,0w1,,,,,,,,,,,,,,,,,,,Junfeng Wu,,,,,,jxw175430,junfeng wu,Financial Negotiation and Dispute Resolution
MECO,6352,0w2,,,,,,,,,,,,,,,,,,,Junfeng Wu,,,,,,jxw175430,junfeng wu,Financial Negotiation and Dispute Resolution
MIS,6302,0w1,,,,,,,,,,,,,,,,,,,Sumit Majumdar,,,,,,skm021100,sumit majumdar,Managing Digital Strategy
MIS,6308,0w1,,,,,,,,,,,,,,,,,,,Srinivasan Raghunathan,,,,,,sraghu,srinivasan raghunathan,System Analysis and Project Management
MIS,6309,0w1,,,,,,,,,,,,,,,,,,,Naser Islam,,,,,,nxi110630,naser islam,Business Data Warehousing
MIS,6313,0w1,,,,,,,,,,,,,,,,,,,Sumit Sarkar,,,,,,sumit,sumit sarkar,Managing IT in the Analytics Age
MIS,6317,0w1,,,,,,,,,,,,,,,,,,,Mehmet Ayvaci,,,,,,mua120030,mehmet ayvaci,Healthcare Informatics
MIS,6324,0w1,,,,,,,,,,,,,,,,,,,Syam Menon,,,,,,sxm021300,syam menon,Business Analytics With SAS
MIS,6330,0w1,,,,,,,,,,,,,,,,,,,Huseyin Cavusoglu,,,,,,huseyin,huseyin cavusoglu,Cybersecurity Fundamentals
MIS,6338,0w1,,,,,,,,,,,,,,,,,,,Mary Beth Goodrich,,,,,,goodrich,mary beth goodrich,Accounting Systems Configuration and Visualization
MIS,6346,0w1,,,,,,,,,,,,,,,,,,,Judd Bradbury,,,,,,jdb101000,judd bradbury,Big Data
MIS,6360,0w1,,,,,,,,,,,,,,,,,,,Mark Thouin,,,,,,mxt083000,mark thouin,Agile Project Management
MIS,6380,0w1,,,,,,,,,,,,,,,,,,,Judd Bradbury,,,,,,jdb101000,judd bradbury,Data Visualization
MIS,6392,0w1,,,,,,,,,,,,,,,,,,,Amit Mehra,,,,,,axm078200,amit mehra,Causal Analytics and A B Testing
MKT,3300,0w1,,,,,,,,,,,,,,,,,,,Parneet Pahwa,,,,,,pxp030100,parneet pahwa,Principles of Marketing
MKT,3300,0w2,,,,,,,,,,,,,,,,,,,Fang Wu,,,,,,fxw052000,fang wu,Principles of Marketing
MKT,4330,0w1,,,,,,,,,,,,,,,,,,,Alexander Edsel,,,,,,ade012000,alexander edsel,Digital and Internet Marketing
MKT,4330,0w2,,,,,,,,,,,,,,,,,,,Alexander Edsel,,,,,,ade012000,alexander edsel,Digital and Internet Marketing
MKT,6301,0w1,,,,,,,,,,,,,,,,,,,Parneet Pahwa,,,,,,pxp030100,parneet pahwa,Marketing Management
MKT,6309,0w1,,,,,,,,,,,,,,,,,,,Daniel Rajaratnam,,,,,,dxr143430,daniel rajaratnam,Marketing Data Analysis and Research
MKT,6310,0w1,,,,,,,,,,,,,,,,,,,Abhijit Biswas,,,,,,axb019100,abhijit biswas,Consumer Behavior Science and Practice
MKT,6321,0w1,,,,,,,,,,,,,,,,,,,Alexander Edsel,,,,,,ade012000,alexander edsel,Digital  AI  and Interactive Marketing
MKT,6330,0w1,,,,,,,,,,,,,,,,,,,Abhijit Biswas,,,,,,axb019100,abhijit biswas,Brand Management
MKT,6337,0w1,,,,,,,,,,,,,,,,,,,Upender Subramanian,,,,,,uxs092000,upender subramanian,Predictive Analytics for Data Science
MKT,6352,0w1,,,,,,,,,,,,,,,,,,,Guido Tirone,,,,,,gxt170001,guido tirone,Marketing Web Analytics and Insights
MKT,6380,0w1,,,,,,,,,,,,,,,,,,,Paul Nichols,,,,,,pxn120030,paul nichols,Market Entry Strategies
MUSI,1306,0w1,,,,,,,,,,,,,,,,,,,Jason Bennett,,,,,,jxb230049,,Understanding Music
MUSI,2322,0w1,,,,,,,,,,,,,,,,,,,Rodger Bennett,,,,,,rxb180025,rodger bennett,Music in Western Civilization
NATS,4694,001,,,,,,,,,,,,,,,,,,,Floyd Dorsey,James McConnell,,,,,fzd110020,floyd dorsey,UTeach Apprentice Teaching  7-12 Science and Mathematics
NATS,4696,001,,,,,,,,,,,,,,,,,,,Floyd Dorsey,James McConnell,,,,,fzd110020,floyd dorsey,UTeach Apprentice Teaching  4-8 Science and Mathematics
NATS,4v10,001,,,,,,,,,,,,,,,,,,,Paul Krawietz,,,,,,pxk210042,,Internship in the Natural Sciences and Mathematics
NATS,5v10,001,,,,,,,,,,,,,,,,,,,Paul Krawietz,,,,,,pxk210042,,Internship in the Natural Sciences and Mathematics
OB,6301,0w1,,,,,,,,,,,,,,,,,,,Maria Hasenhuttl,,,,,,h1562,maria hasenhuttl,Organizational Behavior
OB,6332,0w1,,,,,,,,,,,,,,,,,,,Junfeng Wu,,,,,,jxw175430,junfeng wu,Negotiation and Dispute Resolution
OB,6332,0w2,,,,,,,,,,,,,,,,,,,Junfeng Wu,,,,,,jxw175430,junfeng wu,Negotiation and Dispute Resolution
OPRE,3310,0w1,,,,,,,,,,,,,,,,,,,Shawn Alborz,,,,,,sxa063000,shawn alborz,Supply Chain and Operations Management
OPRE,3310,0w2,,,,,,,,,,,,,,,,,,,Ramesh Subramoniam,,,,,,rxs179630,ramesh subramoniam,Supply Chain and Operations Management
OPRE,3310,0w3,,,,,,,,,,,,,,,,,,,Shawn Alborz,,,,,,sxa063000,shawn alborz,Supply Chain and Operations Management
OPRE,3310,0w4,,,,,,,,,,,,,,,,,,,Shawn Alborz,,,,,,sxa063000,shawn alborz,Supply Chain and Operations Management
OPRE,3330,0w1,,,,,,,,,,,,,,,,,,,Shawn Alborz,,,,,,sxa063000,shawn alborz,Project Management
OPRE,3333,0w1,,,,,,,,,,,,,,,,,,,Negin Enayaty Ahangar,,,,,,nxe180001,negin enayaty ahangar,Quantitative Business Analysis
OPRE,3333,0w2,,,,,,,,,,,,,,,,,,,Khatereh Ahadi,,,,,,kxa180010,khatereh ahadi,Quantitative Business Analysis
OPRE,3333,0w3,,,,,,,,,,,,,,,,,,,Negin Enayaty Ahangar,,,,,,nxe180001,negin enayaty ahangar,Quantitative Business Analysis
OPRE,3360,0w1,,,,,,,,,,,,,,,,,,,Monica Brussolo,,,,,,meb049000,monica brussolo,Managerial Methods in Decision Making Under Uncertainty
OPRE,3360,0w2,,,,,,,,,,,,,,,,,,,Khatereh Ahadi,,,,,,kxa180010,khatereh ahadi,Managerial Methods in Decision Making Under Uncertainty
OPRE,6301,0w1,,,,,,,,,,,,,,,,,,,Sonia Leach,,,,,,sel120030,sonia leach,Statistics and Data Analysis
OPRE,6302,0w1,,,,,,,,,,,,,,,,,,,Sonia Leach,,,,,,sel120030,sonia leach,Operations Management
OPRE,6303,0w1,,,,,,,,,,,,,,,,,,,Awanti Sethi,,,,,,asethi,awanti sethi,Quantitative Foundations of Business
OPRE,6303,sw1,,,,,,,,,,,,,,,,,,,Awanti Sethi,,,,,,asethi,awanti sethi,Quantitative Foundations of Business
OPRE,6332,0w1,,,,,,,,,,,,,,,,,,,Kannan Ramanathan,,,,,,kxr087000,kannan ramanathan,Spreadsheet Modeling and Analytics
OPRE,6354,0w1,,,,,,,,,,,,,,,,,,,Kannan Ramanathan,,,,,,kxr087000,kannan ramanathan,Quality Improvement in Healthcare  Six Sigma and Beyond
OPRE,6359,0w1,,,,,,,,,,,,,,,,,,,Aysegul Toptal,,,,,,axt083100,aysegul toptal,Advanced Statistics for Data Science
OPRE,6366,0w1,,,,,,,,,,,,,,,,,,,Metin Cakanyildirim,,,,,,metin,metin cakanyildirim,Global Supply Chain Management
OPRE,6370,0w1,,,,,,,,,,,,,,,,,,,Andrew Frazelle,,,,,,aef180002,andrew frazelle,Global Logistics and Transportation
OPRE,6379,0w1,,,,,,,,,,,,,,,,,,,Divakar Rajamani,,,,,,dxr020100,divakar rajamani,Product Lifecycle Management
OPRE,6382,0w1,,,,,,,,,,,,,,,,,,,Joe Vicario,Diane Divin,,,,,jav170030,,Supply Chain Trade Compliance
OPRE,6398,0w2,,,,,,,,,,,,,,,,,,,Rasoul Ramezani,,,,,,rxr145930,rasoul ramezani,Prescriptive Analytics
OPRE,6399,0w1,,,,,,,,,,,,,,,,,,,Syam Menon,,,,,,sxm021300,syam menon,Business Analytics With SAS
PHYS,1301,701,,,,,,,,,,,,,,,,,,,Paul Macalevey,,,,,,paulmac,paul macalevey,College Physics I
PHYS,1301,702,,,,,,,,,,,,,,,,,,,Paul Macalevey,,,,,,paulmac,paul macalevey,College Physics I
PHYS,1301,703,,,,,,,,,,,,,,,,,,,Paul Macalevey,,,,,,paulmac,paul macalevey,College Physics I
PHYS,1302,702,,,,,,,,,,,,,,,,,,,Paul Macalevey,,,,,,paulmac,paul macalevey,College Physics II
PHYS,2326,701,,,,,,,,,,,,,,,,,,,Paul Macalevey,,,,,,paulmac,paul macalevey,Electromagnetism and Waves
PHYS,2326,702,,,,,,,,,,,,,,,,,,,Paul Macalevey,,,,,,paulmac,paul macalevey,Electromagnetism and Waves
PHYS,2326,703,,,,,,,,,,,,,,,,,,,Paul Macalevey,,,,,,paulmac,paul macalevey,Electromagnetism and Waves
PHYS,4373,101,,,,,,,,,,,,,,,,,,,Jason Slinker,,,,,,jds107020,jason slinker,Physical Measurements Laboratory
PHYS,8v99,023,,,,,,,,,,,,,,,,,,,Rafik Addou,,,,,,rxa132530,rafik addou,Dissertation
REAL,6321,0w1,,,,,,,,,,,,,,,,,,,Julie Lynch,,,,,,jxl180030,julie lynch,Introduction to Real Estate
REAL,6321,0w2,,,,,,,,,,,,,,,,,,,Julie Lynch,,,,,,jxl180030,julie lynch,Introduction to Real Estate
RHET,1302,0w1,,,,,,,,,,,,,,,,,,,Jason Walker,,,,,,jaw140030,jason walker,Rhetoric
SMED,6v99,001,,,,,,,,,,,,,,,,,,,Mary Urquhart,,,,,,mlk023000,mary urquhart,Individual Research in SMED
SYSM,6303,0w1,,,,,,,,,,,,,,,,,,,Sonia Leach,,,,,,sel120030,sonia leach,Statistics and Data Analysis
SYSM,6312,0w1,,,,,,,,,,,,,,,,,,,Hirofumi Nishi,,,,,,hxn210016,,Systems Financial Management
SYSM,6313,0w1,,,,,,,,,,,,,,,,,,,Junfeng Wu,,,,,,jxw175430,junfeng wu,Systems Negotiation and Dispute Resolution
SYSM,6313,0w2,,,,,,,,,,,,,,,,,,,Junfeng Wu,,,,,,jxw175430,junfeng wu,Systems Negotiation and Dispute Resolution
SYSM,6318,0w1,,,,,,,,,,,,,,,,,,,Parneet Pahwa,,,,,,pxp030100,parneet pahwa,Marketing Management
SYSM,6319,0w1,,,,,,,,,,,,,,,,,,,Peter Lewin,,,,,,plewin,peter lewin,Business Economics
SYSM,6333,0w1,,,,,,,,,,,,,,,,,,,Maria Hasenhuttl,,,,,,h1562,maria hasenhuttl,Systems Organizational Behavior
SYSM,6334,0w1,,,,,,,,,,,,,,,,,,,Sonia Leach,,,,,,sel120030,sonia leach,Systems Operations Management
SYSM,6338,0w1,,,,,,,,,,,,,,,,,,,Young Ryu,,,,,,ryoung,young ryu,Database Foundations for Analytics
TE,7001,001,,,,,,,,,,,,,,,,,,,Kamran Kiasaleh,,,,,,kamran,kamran kiasaleh,Seminar
UTD,excm,001,,,,,,,,,,,,,,,,,,,,,,,,,,,
UTD,intrg,001,,,,,,,,,,,,,,,,,,,,,,,,,,,- Dual Degree Marburg
UTD,intrg,002,,,,,,,,,,,,,,,,,,,,,,,,,,,- Dual Degree Taiwan
UTD,stab,001,,,,,,,,,,,,,,,,,,,,,,,,,,,
